Activity ID,Activity Date,Activity Name,Activity Type,Activity Description,Elapsed Time,Distance,Max Heart Rate,Relative Effort,Commute,Activity Private Note,Activity Gear,Filename,Athlete Weight,Bike Weight,Elapsed Time,Moving Time,Distance,Max Speed,Average Speed,Elevation Gain,Elevation Loss,Elevation Low,Elevation High,Max Grade,Average Grade,Average Positive Grade,Average Negative Grade,Max Cadence,Average Cadence,Max Heart Rate,Average Heart Rate,Max Watts,Average Watts,Calories,Max Temperature,Average Temperature,Relative Effort,Total Work,Number of Runs,Uphill Time,Downhill Time,Other Time,Perceived Exertion,Type,Start Time,Weighted Average Power,Power Count,Prefer Perceived Exertion,Perceived Relative Effort,Commute,Total Weight Lifted,From Upload,Grade Adjusted Distance,Weather Observation Time,Weather Condition,Weather Temperature,Apparent Temperature,Dewpoint,Humidity,Weather Pressure,Wind Speed,Wind Gust,Wind Bearing,Precipitation Intensity,Sunrise Time,Sunset Time,Moon Phase,Bike,Gear,Precipitation Probability,Precipitation Type,Cloud Cover,Weather Visibility,UV Index,Weather Ozone,Jump Count,Total Grit,Average Flow,Flagged,Average Elapsed Speed,Dirt Distance,Newly Explored Distance,Newly Explored Dirt Distance,Activity Count,Total Steps,Carbon Saved,Pool Length,Training Load,Intensity,Average Grade Adjusted Pace,Timer Time,Total Cycles,Recovery,With Pet,Competition,Long Run,For a Cause,With Kid,Downhill Distance,Total Sets,Total Reps,Media
3595933968,"Jun 11, 2020, 2:23:10 AM",Day 1 Training,Run,Plenty of room to improve. Testing how in shape I am right now and I’m wiped 😵,1435,5.21,,,false,,,activities/3595933968.gpx,,,1435.0,1435.0,5214.0,5.8,3.633,19.6,19.2,1657.4,1673.2,10.4,0.0,,,,,,,,,,,,,,,,,,,,,,,,,0.0,,1.0,5240.9,,,,,,,,,,,,,,,,,,,,,,,,,,,,,,,,,,,,,,,,,,,,,,,,,""
3600923752,"Jun 12, 2020, 2:04:04 AM",Training,Run,,2868,9.03,,,false,,,activities/3600923752.gpx,,,2868.0,2528.0,9029.1,4.9,3.572,38.1,36.6,1640.9,1671.2,10.0,0.0,,,,,,,,,,,,,,,,,,6.0,,,,,0.0,66.0,0.0,,1.0,9066.3,,,,,,,,,,,,,,,,,,,,,,,,,,,,,,,,,,,,,,,,,,,,,,,,,""
3618564011,"Jun 15, 2020, 1:57:58 PM",Morning run,Run,,1255,2.87,,,false,,,activities/3618564011.gpx,,,1255.0,708.0,2877.3,5.8,4.064,13.4,14.7,1669.6,1679.6,10.8,0.0,,,,,,,,,,,,,,,,,,8.0,,,,,0.0,30.0,0.0,,1.0,2891.7,,,,,,,,,,,,,,,,,,,,,,,,,,,,,,,,,,,,,,,,,,,,,,,,,""
3651675554,"Jun 22, 2020, 12:26:00 AM", Break from qualifying exams ,Run,,1993,4.86,,,false,,,activities/3651675554.gpx,,,1993.0,1276.0,4861.0,6.2,3.81,19.3,20.7,1668.9,1679.8,13.9,0.0,,,,,,,,,,,,,,,,,,7.0,,,,,0.0,40.0,0.0,,1.0,4882.6,,,,,,,,,,,,,,,,,,,,,,,,,,,,,,,,,,,,,,,,,,,,,,,,,""
3719868796,"Jul 5, 2020, 11:03:57 PM",Trail run,Run,Forgot to pause timer for stretching 🙆🏼‍♂️ but oh well,2341,4.89,,,false,,,activities/3719868796.gpx,,,2341.0,1683.0,4893.5,6.1,2.908,14.6,14.7,28.6,43.4,12.0,0.0,,,,,,,,,,,,,,,,,,,,,,,,,0.0,,1.0,4904.2,,,,,,,,,,,,,,,,,,,,,,,,,,,,,,,,,,,,,,,,,,,,,,,,,""
3753588190,"Jul 12, 2020, 8:37:30 PM",Trail run,Run,"Drink more water, buddy.",2212,5.22,,,false,,,activities/3753588190.gpx,,,2212.0,1298.0,5224.9,7.2,4.025,15.3,12.6,28.8,44.3,24.3,0.1,,,,,,,,,,,,,,,,,,6.0,,,,,0.0,34.0,0.0,,1.0,5244.0,,,,,,,,,,,,,,,,,,,,,,,,,,,,,,,,,,,,,,,,,,,,,,,,,""
3758893984,"Jul 14, 2020, 2:07:42 AM","Endorphins pls, brain. ",Run,,2114,5.34,,,false,,,activities/3758893984.gpx,,,2114.0,1310.0,5345.5,5.7,4.081,14.1,14.8,19.4,27.7,7.7,0.0,,,,,,,,,,,,,,,,,,7.0,,,,,0.0,41.0,0.0,,1.0,5359.2,,,,,,,,,,,,,,,,,,,,,,,,,,,,,,,,,,,,,,,,,,,,,,,,,""
3768670634,"Jul 15, 2020, 11:52:58 PM",Hills,Run,🔥,1698,4.89,,,false,,,activities/3768670634.gpx,,,1698.0,1275.0,4894.0,5.2,3.838,86.7,87.7,160.4,228.9,21.6,0.0,,,,,,,,,,,,,,,,,,,,,,,,,0.0,,1.0,5043.3,,,,,,,,,,,,,,,,,,,,,,,,,,,,,,,,,,,,,,,,,,,,,,,,,""
3798744657,"Jul 22, 2020, 1:56:47 AM",Warm evening run,Run,Keep pushing distance more,3347,8.30,,,false,,,activities/3798744657.gpx,,,3347.0,2075.0,8299.0,5.7,4.0,20.0,22.5,29.0,51.4,6.0,0.0,,,,,,,,,,,,,,,,,,6.0,,,,,0.0,54.0,0.0,,1.0,8308.7,,,,,,,,,,,,,,,,,,,,,,,,,,,,,,,,,,,,,,,,,,,,,,,,,""
3806277538,"Jul 23, 2020, 9:56:44 PM",Pace training ,Run,,1677,4.08,,,false,,,activities/3806277538.gpx,,,1677.0,963.0,4084.1,7.8,4.241,11.2,11.0,28.4,39.9,3.5,0.0,,,,,,,,,,,,,,,,,,8.0,,,,,0.0,41.0,0.0,,1.0,4092.4,,,,,,,,,,,,,,,,,,,,,,,,,,,,,,,,,,,,,,,,,,,,,,,,,""
3875910706,"Aug 7, 2020, 12:13:50 AM",Evening run,Run,,1624,4.92,,,false,,,activities/3875910706.gpx,,,1624.0,1235.0,4922.4,6.0,3.986,12.9,12.9,30.4,43.3,4.0,0.0,,,,,,,,,,,,,,,,,,7.0,,,,,0.0,39.0,0.0,,1.0,4931.3,,,,,,,,,,,,,,,,,,,,,,,,,,,,,,,,,,,,,,,,,,,,,,,,,""
3889008207,"Aug 9, 2020, 4:01:40 PM",Distance training,Run,Difficult but feels super good to work this hard ,3887,11.44,,,false,,,activities/3889008207.gpx,,,3887.0,2986.0,11445.1,5.5,3.833,67.7,0.7,30.4,98.5,5.8,0.6,,,,,,,,,,,,,,,,,,8.0,,,,,0.0,128.0,0.0,,1.0,11584.4,,,,,,,,,,,,,,,,,,,,,,,,,,,,,,,,,,,,,,,,,,,,,,,,,""
3889112279,"Aug 9, 2020, 5:14:59 PM",Cool down,Run,,849,2.40,,,false,,,activities/3889112279.gpx,,,849.0,758.0,2406.5,4.6,3.175,52.5,16.2,112.5,148.8,24.0,1.5,,,,,,,,,,,,,,,,,,,,,,,,,0.0,,1.0,2574.7,,,,,,,,,,,,,,,,,,,,,,,,,,,,,,,,,,,,,,,,,,,,,,,,,""
3904841909,"Aug 12, 2020, 11:53:29 PM",Exploring ,Run,,1226,2.85,,,false,,,activities/3904841909.gpx,,,1226.0,721.0,2858.6,6.2,3.965,15.3,126.9,3.2,118.5,11.7,-3.9,,,,,,,,,,,,,,,,,,3.0,,,,,0.0,6.0,0.0,,1.0,2780.7,,,,,,,,,,,,,,,,,,,,,,,,,,,,,,,,,,,,,,,,,,,,,,,,,""
3904911202,"Aug 13, 2020, 12:22:29 AM",Hills,Run,,836,1.92,,,false,,,activities/3904911202.gpx,,,836.0,524.0,1928.3,5.4,3.68,86.8,1.1,35.8,121.5,48.1,4.4,,,,,,,,,,,,,,,,,,6.0,,,,,0.0,13.0,0.0,,1.0,2254.5,,,,,,,,,,,,,,,,,,,,,,,,,,,,,,,,,,,,,,,,,,,,,,,,,""
3928843083,"Aug 18, 2020, 2:22:47 AM",Very hot Monday ,Run,"Go foam roll, young man.",1535,4.66,,,false,,,activities/3928843083.gpx,,,1535.0,1122.0,4666.0,6.1,4.159,12.8,13.0,30.4,43.3,6.3,0.0,,,,,,,,,,,,,,,,,,,,,,,,,0.0,,1.0,4674.8,,,,,,,,,,,,,,,,,,,,,,,,,,,,,,,,,,,,,,,,,,,,,,,,,""
3942911230,"Aug 20, 2020, 10:22:59 PM",Muggy run,Run,,2094,7.48,,,false,,,activities/3942911230.gpx,,,2094.0,1958.0,7488.2,6.1,3.824,26.9,27.5,70.4,98.3,3.2,0.0,,,,,,,,,,,,,,,,,,8.0,,,,,0.0,84.0,0.0,,1.0,7502.6,,,,,,,,,,,,,,,,,,,,,,,,,,,,,,,,,,,,,,,,,,,,,,,,,""
3956567415,"Aug 23, 2020, 8:07:21 PM",Hot as hell out,Run,Too warm and dehydrated,1491,5.01,,,false,,,activities/3956567415.gpx,,,1491.0,1291.0,5010.4,5.3,3.881,15.0,15.1,30.4,43.3,3.1,0.0,,,,,,,,,,,,,,,,,,7.0,,,,,0.0,41.0,0.0,,1.0,5019.6,,,,,,,,,,,,,,,,,,,,,,,,,,,,,,,,,,,,,,,,,,,,,,,,,""
3961215477,"Aug 24, 2020, 10:10:52 PM",Monday,Run,,2774,7.23,,,false,,,activities/3961215477.gpx,,,2774.0,1860.0,7237.3,10.9,3.891,24.4,24.7,99.4,124.2,4.8,0.0,,,,,,,,,,,,,,,,,,5.0,,,,,0.0,33.0,0.0,,1.0,7251.1,,,,,,,,,,,,,,,,,,,,,,,,,,,,,,,,,,,,,,,,,,,,,,,,,media/37118F52-6E3A-45B1-AFB0-23D6D414B0D0.jpg
3983869482,"Aug 29, 2020, 9:19:49 PM",Good weather day,Run,Should have pushed a little harder,1504,4.84,,,false,,,activities/3983869482.gpx,,,1504.0,1194.0,4840.4,5.5,4.054,24.4,24.5,148.4,170.0,6.2,0.0,,,,,,,,,,,,,,,,,,4.0,,,,,0.0,13.0,0.0,,1.0,4858.6,,,,,,,,,,,,,,,,,,,,,,,,,,,,,,,,,,,,,,,,,,,,,,,,,""
3988844935,"Aug 30, 2020, 8:54:20 PM",Sundayyyy,Run,Pretty solid,1469,5.54,,,false,,,activities/3988844935.gpx,,,1469.0,1391.0,5545.7,10.5,3.987,31.0,31.0,116.2,148.0,5.4,0.0,,,,,,,,,,,,,,,,,,5.0,,,,,0.0,25.0,0.0,,1.0,5564.8,,,,,,,,,,,,,,,,,,,,,,,,,,,,,,,,,,,,,,,,,,,,,,,,,""
3998442501,"Sep 1, 2020, 10:08:24 PM",Lake Wilderness,Run,IT band angry around 3.5 miles ,3580,7.79,,,false,,,activities/3998442501.gpx,,,3580.0,2005.0,7794.9,8.4,3.888,45.1,44.8,99.4,144.6,13.2,0.0,,,,,,,,,,,,,,,,,,5.0,,,,,0.0,36.0,0.0,,1.0,7843.0,,,,,,,,,,,,,,,,,,,,,,,,,,,,,,,,,,,,,,,,,,,,,,,,,""
4017370237,"Sep 5, 2020, 8:06:01 PM",Left knee angryyy,Run,,3055,10.49,,,false,,,activities/4017370237.gpx,,,3055.0,2718.0,10489.0,5.8,3.859,27.1,34.9,23.5,55.4,7.0,-0.1,,,,,,,,,,,,,,,,,,7.0,,,,,0.0,86.0,0.0,,1.0,10496.3,,,,,,,,,,,,,,,,,,,,,,,,,,,,,,,,,,,,,,,,,,,,,,,,,""
4023192633,"Sep 6, 2020, 10:49:29 PM",Why did I do this,Run,Running this is absolutely mad,3060,5.40,,,false,,,activities/4023192633.gpx,,,3060.0,2501.0,5402.4,4.6,2.16,553.5,49.1,49.4,585.5,49.0,9.3,,,,,,,,,,,,,,,,,,9.0,,,,,0.0,125.0,0.0,,1.0,8602.4,,,,,,,,,,,,,,,,,,,,,,,,,,,,,,,,,,,,,,,,,,,,,,,,,media/61C984FD-BD1E-4125-A7FC-E074681F0BDD.jpg|media/D69A7C6B-FB44-41C8-9CF3-4DEB3A225279.jpg
4031974661,"Sep 8, 2020, 9:04:36 PM",Hills and trails,Run,Ez once the hills are done,1634,5.22,,,false,,,activities/4031974661.gpx,,,1634.0,1569.0,5224.5,4.9,3.33,141.5,35.8,48.5,167.4,32.4,2.0,,,,,,,,,,,,,,,,,,2.0,,,,,0.0,7.0,0.0,,1.0,5811.0,,,,,,,,,,,,,,,,,,,,,,,,,,,,,,,,,,,,,,,,,,,,,,,,,""
4083426772,"Sep 19, 2020, 4:42:40 PM",First run since smoke started,Run,Hills are hard.,2041,4.48,,,false,,,activities/4083426772.gpx,,,2041.0,1149.0,4488.1,6.0,3.906,105.4,104.7,23.6,121.4,20.9,0.0,,,,,,,,,,,,,,,,,,9.0,,,,,0.0,57.0,0.0,,1.0,4799.3,,,,,,,,,,,,,,,,,,,,,,,,,,,,,,,,,,,,,,,,,,,,,,,,,""
4115925104,"Sep 26, 2020, 6:21:39 PM",Clean air 🥰,Run,,1372,5.17,,,false,,,activities/4115925104.gpx,,,1372.0,1250.0,5177.3,6.3,4.142,8.2,125.3,2.4,120.4,9.9,-2.3,,,,,,,,,,,,,,,,,,4.0,,,,,0.0,13.0,0.0,,1.0,4991.2,,,,,,,,,,,,,,,,,,,,,,,,,,,,,,,,,,,,,,,,,,,,,,,,,media/7D9144B0-0F7D-456C-94E4-2E43DD8E120F.jpg
4116093932,"Sep 26, 2020, 7:36:15 PM",Hills BAYBEE,Run,,483,1.49,,,false,,,activities/4116093932.gpx,,,483.0,440.0,1494.1,5.8,3.396,65.6,-0.5,55.1,121.2,25.0,4.4,,,,,,,,,,,,,,,,,,8.0,,,,,0.0,18.0,0.0,,1.0,1806.6,1601146752.0,2.0,15.9,15.9,11.8,0.77,1019.4,3.5,7.1,195.0,0.0,1601129088.0,1601171968.0,0.35,,,0.0,,0.44,14550.0,4.0,289.3,,,,,,,,,,,,,,,,,,,,,,,,,,,""
4125220479,"Sep 28, 2020, 8:14:00 PM",Monday,Run,Need to foam roll ,1785,6.41,,,false,,,activities/4125220479.gpx,,,1785.0,1648.0,6414.9,5.5,3.893,5.8,3.0,10.9,16.8,5.4,0.0,,,,,,,,,,,,,,,,,,5.0,,,,,0.0,29.0,0.0,,1.0,6428.1,1601323264.0,1.0,20.1,20.1,14.5,0.7,1025.6,2.1,2.9,336.0,0.0,1601302016.0,1601344384.0,0.42,,,0.0,,0.01,16093.0,5.0,254.3,,,,,,,,,,,,,,,,,,,,,,,,,,,""
4133689594,"Sep 30, 2020, 5:00:04 PM",Wednesday morning go get em,Run,,1927,7.38,,,false,,,activities/4133689594.gpx,,,1927.0,1927.0,7386.9,6.6,3.833,26.7,26.8,70.4,97.6,3.0,0.0,,,,,,,,,,,,,,,,,,7.0,,,,,0.0,61.0,0.0,,1.0,7402.2,1601485184.0,1.0,17.6,17.6,13.1,0.75,1021.6,1.0,2.0,245.0,0.0,1601474816.0,1601517056.0,0.48,,,0.0,,0.05,16093.0,2.0,252.9,,,,,,,,,,,,,,,,,,,,,,,,,,,""
4155809847,"Oct 5, 2020, 7:42:35 PM",Mountains ,Run,Back at elevation ,1534,6.31,,,false,,,activities/4155809847.gpx,,,1534.0,1498.0,6314.0,5.9,4.215,0.0,301.1,917.1,1218.4,2.5,-4.8,,,,,,,,,,,,,,,,,,5.0,,,,,0.0,27.0,0.0,,1.0,5799.3,1601924352.0,1.0,16.8,16.8,3.5,0.41,1018.9,2.8,5.8,212.0,0.0,1601905536.0,1601946496.0,0.63,,,0.0,,0.08,16093.0,4.0,268.7,,,,,,,,,,,,,,,,,,,,,,,,,,,media/9B52DF13-E353-4BCD-B173-7BE4761C9A33.jpg
4160368407,"Oct 6, 2020, 6:47:53 PM",Quick little hike,Hike,,5391,4.32,,,false,,,activities/4160368407.gpx,,,5391.0,3930.0,4320.0,2.3,1.099,168.7,214.8,966.5,1129.2,49.4,-1.1,,,,,,,,,,,,,,,,,,2.0,,,,,0.0,18.0,0.0,,1.0,,1602007168.0,2.0,17.6,17.6,6.2,0.47,1016.4,2.5,6.2,191.0,0.0,1601991936.0,1602032768.0,0.66,,,0.0,,0.38,16093.0,3.0,262.1,,,,,,,,,,,,,,,,,,,,,,,,,,,""
4186811695,"Oct 12, 2020, 7:29:41 PM",Mondayyy,Run,,1292,3.84,,,false,,,activities/4186811695.gpx,,,1292.0,981.0,3843.6,5.9,3.918,11.1,11.0,30.4,39.4,3.0,0.0,,,,,,,,,,,,,,,,,,5.0,,,,,0.0,17.0,0.0,,1.0,3850.8,1602529152.0,2.0,13.4,13.4,7.9,0.69,1022.2,3.2,5.2,196.0,0.0,1602512640.0,1602552448.0,0.86,,,0.0,,0.65,16093.0,3.0,284.0,,,,,,,,,,,,,,,,,,,,,,,,,,,""
4196437605,"Oct 15, 2020, 12:31:48 AM",Tuesday hills and trails,Run,Slippery yo,2117,5.76,,,false,,,activities/4196437605.gpx,,,2117.0,1671.0,5766.0,5.6,3.451,114.0,57.8,58.7,164.0,33.3,1.0,,,,,,,,,,,,,,,,,,5.0,,,,,0.0,30.0,0.0,,1.0,6203.9,1602720000.0,2.0,14.2,14.2,8.9,0.71,1030.5,1.5,3.4,308.0,0.0,1602685696.0,1602724864.0,0.93,,,0.0,,0.6,14065.0,0.0,270.9,,,,,,,,,,,,,,,,,,,,,,,,,,,""
4202662859,"Oct 16, 2020, 3:09:31 PM",Friday by the ocean,Run,,1365,5.15,,,false,,,activities/4202662859.gpx,,,1365.0,1269.0,5154.9,5.5,4.062,10.0,123.0,2.6,116.8,4.9,-2.2,,,,,,,,,,,,,,,,,,4.0,,,,,0.0,14.0,0.0,,1.0,4983.2,1602860416.0,2.0,11.3,11.3,7.4,0.77,1022.7,4.3,8.7,169.0,0.0,1602858752.0,1602897664.0,0.01,,,0.0,,0.68,16093.0,0.0,251.6,,,,,,,,,,,,,,,,,,,,,,,,,,,""
4213490014,"Oct 18, 2020, 7:02:11 PM",Sunday issaquah walkin’,Walk,,3614,4.15,,,false,,,activities/4213490014.gpx,,,3614.0,3307.0,4150.9,4.1,1.255,45.4,28.1,27.4,69.5,36.5,0.4,,,,,,,,,,,,,,,,,,1.0,,,,,0.0,7.0,0.0,,1.0,,1603047552.0,3.0,13.8,13.8,12.7,0.93,1015.7,2.8,7.9,188.0,0.0,1603031680.0,1603070080.0,0.09,,,0.0,,0.98,10688.0,2.0,250.4,,,,,,,,,,,,,,,,,,,,,,,,,,,""
4217897241,"Oct 19, 2020, 10:40:21 PM",Monday Lake Wilderness ,Run,Left knee is straight up not having a good time,2827,7.92,,,false,,,activities/4217897241.gpx,,,2827.0,2013.0,7927.0,7.4,3.938,46.6,46.7,101.2,148.0,15.5,0.0,,,,,,,,,,,,,,,,,,5.0,,,,,0.0,36.0,0.0,,1.0,7976.5,1603144832.0,2.0,13.6,13.6,9.5,0.76,1020.8,3.0,6.2,227.0,0.0,1603118080.0,1603156352.0,0.13,,,0.0,,0.81,16093.0,2.0,226.3,,,,,,,,,,,,,,,,,,,,,,,,,,,media/F0532232-BBAD-4544-8390-60966EB81765.jpg
4226567548,"Oct 21, 2020, 11:02:06 PM",Wednesday my dudes,Run,"Good job, James.",2916,10.39,,,false,,,activities/4226567548.gpx,,,2916.0,2605.0,10390.7,6.3,3.989,33.0,31.8,64.4,97.7,3.6,0.0,,,,,,,,,,,,,,,,,,,,,,,,,0.0,,1.0,10412.1,1603321216.0,2.0,10.4,10.4,6.2,0.75,1021.7,2.0,3.4,340.0,0.0,1603291136.0,1603329024.0,0.2,,,0.0,,0.5,16093.0,1.0,280.4,,,,,,,,,,,,,,,,,,,,,,,,,,,""
4242441657,"Oct 25, 2020, 3:02:03 PM",First  🥶 run of the season,Run,,1249,5.05,,,false,,,activities/4242441657.gpx,,,1249.0,1246.0,5053.6,5.1,4.056,7.6,117.0,2.7,115.8,2.8,-2.2,,,,,,,,,,,,,,,,,,3.0,,,,,0.0,10.0,0.0,,1.0,4874.8,1603638016.0,1.0,-0.3,-3.3,-5.6,0.68,1035.7,2.5,3.8,13.0,0.0,1603637120.0,1603674240.0,0.33,,,0.0,,0.01,16093.0,0.0,278.8,,,,,,,,,,,,,,,,,,,,,,,,,,,""
4256437864,"Oct 28, 2020, 10:49:18 PM",Preston to Issy,Run,,1490,5.85,,,false,,,activities/4256437864.gpx,,,1490.0,1440.0,5858.2,5.7,4.068,2.2,96.5,57.4,152.5,2.3,-1.6,,,,,,,,,,,,,,,,,,5.0,,,,,0.0,26.0,0.0,,1.0,5678.4,,,,,,,,,,,,,,,,,,,,,,,,,,,,,,,,,,,,,,,,,,,,,,,,,""
4256575426,"Oct 28, 2020, 11:22:02 PM",Cool down,Walk,,2282,2.94,,,false,,,activities/4256575426.gpx,,,2282.0,2125.0,2940.8,2.6,1.384,13.3,12.3,28.4,39.5,13.8,0.0,,,,,,,,,,,,,,,,,,,,,,,,,0.0,,1.0,,,,,,,,,,,,,,,,,,,,,,,,,,,,,,,,,,,,,,,,,,,,,,,,,,""
4286654472,"Nov 4, 2020, 6:58:55 PM",Avoiding election anxiety,Run,Need to be better hydrated,3982,11.73,,,false,,,activities/4286654472.gpx,,,3982.0,3241.0,11735.2,7.7,3.621,79.2,27.0,69.9,149.5,15.3,0.4,,,,,,,,,,,,,,,,,,8.0,,,,,0.0,139.0,0.0,,1.0,11883.9,,,,,,,,,,,,,,,,,,,,,,,,,,,,,,,,,,,,,,,,,,,,,,,,,""
4286993899,"Nov 4, 2020, 8:50:58 PM",Might as well record the walk back ,Walk,,2611,3.42,,,false,,,activities/4286993899.gpx,,,2611.0,2417.0,3423.4,6.1,1.416,0.0,39.7,99.4,139.1,0.8,-1.2,,,,,,,,,,,,,,,,,,1.0,,,,,0.0,5.0,0.0,,1.0,,,,,,,,,,,,,,,,,,,,,,,,,,,,,,,,,,,,,,,,,,,,,,,,,,media/7679FD85-AE69-48F4-92A4-5561F0FC0A0F.jpg
4314475813,"Nov 9, 2020, 8:09:36 PM",Monday 🥶,Run,Freezing out,2324,8.11,,,false,,,activities/4314475813.gpx,,,2324.0,2181.0,8110.0,6.8,3.718,29.6,26.6,99.7,129.5,3.7,0.0,,,,,,,,,,,,,,,,,,5.0,,,,,0.0,39.0,0.0,,1.0,8129.5,,,,,,,,,,,,,,,,,,,,,,,,,,,,,,,,,,,,,,,,,,,,,,,,,media/811A8F21-D341-4E56-A363-2E1EC56E9182.jpg
4324929163,"Nov 11, 2020, 11:07:20 PM",No clever name. Just Wednesday.,Run,,1716,5.16,,,false,,,activities/4324929163.gpx,,,1716.0,1313.0,5160.1,5.3,3.93,18.4,16.4,29.3,43.8,3.0,0.0,,,,,,,,,,,,,,,,,,7.0,,,,,0.0,41.0,0.0,,1.0,5175.0,,,,,,,,,,,,,,,,,,,,,,,,,,,,,,,,,,,,,,,,,,,,,,,,,""
4347489324,"Nov 16, 2020, 7:09:39 PM",Monday rain run,Run,Too hot in this many layers 🥵,1642,5.16,,,false,,,activities/4347489324.gpx,,,1642.0,1345.0,5168.1,5.9,3.842,8.8,8.5,13.4,19.6,13.9,0.0,,,,,,,,,,,,,,,,,,6.0,,,,,0.0,35.0,0.0,,1.0,5184.3,,,,,,,,,,,,,,,,,,,,,,,,,,,,,,,,,,,,,,,,,,,,,,,,,""
4347681464,"Nov 16, 2020, 7:41:37 PM",Walk back to car,Walk,,2576,3.13,,,false,,,activities/4347681464.gpx,,,2576.0,2356.0,3133.3,3.4,1.33,17.6,-0.4,17.6,35.7,50.0,0.6,,,,,,,,,,,,,,,,,,,,,,,,,0.0,,1.0,,,,,,,,,,,,,,,,,,,,,,,,,,,,,,,,,,,,,,,,,,,,,,,,,,""
4358133884,"Nov 18, 2020, 11:52:28 PM",So many raindrops ,Run,,1883,6.94,,,false,,,activities/4358133884.gpx,,,1883.0,1797.0,6941.5,6.5,3.863,44.4,44.7,104.3,149.6,15.6,0.0,,,,,,,,,,,,,,,,,,6.0,,,,,0.0,47.0,0.0,,1.0,6992.5,,,,,,,,,,,,,,,,,,,,,,,,,,,,,,,,,,,,,,,,,,,,,,,,,""
4377622149,"Nov 22, 2020, 10:45:47 PM",Trying to get faster,Run,,1181,3.87,,,false,,,activities/4377622149.gpx,,,1181.0,924.0,3870.3,6.4,4.189,13.8,13.3,90.4,104.3,2.7,0.0,,,,,,,,,,,,,,,,,,9.0,,,,,0.0,46.0,0.0,,1.0,3878.0,,,,,,,,,,,,,,,,,,,,,,,,,,,,,,,,,,,,,,,,,,,,,,,,,media/06C11A0A-63BA-406E-BB9B-D8271652FB83.jpg
4386389804,"Nov 24, 2020, 10:03:08 PM",Rain on me,Run,,2383,7.27,,,false,,,activities/4386389804.gpx,,,2383.0,1835.0,7269.9,7.5,3.962,27.4,27.7,149.8,171.1,5.6,0.0,,,,,,,,,,,,,,,,,,6.0,,,,,0.0,48.0,0.0,,1.0,7295.3,,,,,,,,,,,,,,,,,,,,,,,,,,,,,,,,,,,,,,,,,,,,,,,,,""
4422864497,"Dec 3, 2020, 12:22:47 AM",Sunset run,Run,,1764,5.09,,,false,,,activities/4422864497.gpx,,,1764.0,1298.0,5092.0,5.4,3.923,26.6,29.4,143.6,170.4,13.6,-0.1,,,,,,,,,,,,,,,,,,6.0,,,,,0.0,34.0,0.0,,1.0,5120.0,,,,,,,,,,,,,,,,,,,,,,,,,,,,,,,,,,,,,,,,,,,,,,,,,media/F076B0D8-4BAF-4FC6-91DD-52303C3ED39B.jpg
4429883724,"Dec 4, 2020, 8:42:50 PM",Quick lil jog,Run,,961,3.67,,,false,,,activities/4429883724.gpx,,,961.0,961.0,3678.7,5.6,3.828,18.3,18.5,149.9,168.8,3.0,0.0,,,,,,,,,,,,,,,,,,7.0,,,,,0.0,30.0,0.0,,1.0,3689.2,,,,,,,,,,,,,,,,,,,,,,,,,,,,,,,,,,,,,,,,,,,,,,,,,""
4443592175,"Dec 7, 2020, 10:30:25 PM",Mondayyyy,Run,,1248,3.54,,,false,,,activities/4443592175.gpx,,,1248.0,837.0,3545.7,9.1,4.236,19.3,20.3,129.1,150.1,5.9,0.0,,,,,,,,,,,,,,,,,,7.0,,,,,0.0,26.0,0.0,,1.0,3555.4,,,,,,,,,,,,,,,,,,,,,,,,,,,,,,,,,,,,,,,,,,,,,,,,,""
4456200161,"Dec 10, 2020, 9:57:17 PM",Thursday cold weather ,Run,,1963,6.10,,,false,,,activities/4456200161.gpx,,,1963.0,1559.0,6103.9,5.3,3.915,27.2,27.5,149.7,170.7,16.7,0.0,,,,,,,,,,,,,,,,,,7.0,,,,,0.0,49.0,0.0,,1.0,6128.9,,,,,,,,,,,,,,,,,,,,,,,,,,,,,,,,,,,,,,,,,,,,,,,,,""
4485271358,"Dec 17, 2020, 11:44:32 PM",Little Thursday run ,Run,,941,3.73,,,false,,,activities/4485271358.gpx,,,941.0,941.0,3733.6,8.6,3.968,20.5,20.9,128.1,149.6,3.7,0.0,,,,,,,,,,,,,,,,,,5.0,,,,,0.0,16.0,0.0,,1.0,3745.7,,,,,,,,,,,,,,,,,,,,,,,,,,,,,,,,,,,,,,,,,,,,,,,,,""
4522187077,"Dec 26, 2020, 11:16:13 PM",Afternoon run,Run,,1874,6.16,,,false,,,activities/4522187077.gpx,,,1874.0,1591.0,6160.3,5.4,3.872,18.4,21.0,28.5,47.7,4.0,0.0,,,,,,,,,,,,,,,,,,6.0,,,,,0.0,41.0,0.0,,1.0,6169.3,,,,,,,,,,,,,,,,,,,,,,,,,,,,,,,,,,,,,,,,,,,,,,,,,""
4522309331,"Dec 26, 2020, 11:49:50 PM",Cool down,Walk,,2662,3.81,,,false,,,activities/4522309331.gpx,,,2662.0,2573.0,3810.8,9.2,1.481,15.6,12.7,22.6,31.2,8.5,0.1,,,,,,,,,,,,,,,,,,,,,,,,,0.0,,1.0,,,,,,,,,,,,,,,,,,,,,,,,,,,,,,,,,,,,,,,,,,,,,,,,,,""
4536899420,"Dec 29, 2020, 11:49:15 PM",Cold run,Run,,2706,5.15,,,false,,,activities/4536899420.gpx,,,2706.0,1300.0,5149.0,9.0,3.961,17.1,17.2,99.6,117.1,2.6,0.0,,,,,,,,,,,,,,,,,,7.0,,,,,0.0,41.0,0.0,,1.0,5157.9,,,,,,,,,,,,,,,,,,,,,,,,,,,,,,,,,,,,,,,,,,,,,,,,,media/38835842-7637-423C-99A5-22CF1F3AF439.jpg
4563695262,"Jan 4, 2021, 12:38:44 AM",Quick run before it’s too dark,Run,,878,2.56,,,false,,,activities/4563695262.gpx,,,878.0,630.0,2563.4,6.7,4.069,9.5,9.8,87.8,98.1,2.0,0.0,,,,,,,,,,,,,,,,,,5.0,,,,,0.0,11.0,0.0,,1.0,2567.7,,,,,,,,,,,,,,,,,,,,,,,,,,,,,,,,,,,,,,,,,,,,,,,,,media/DC518E20-F226-4E5B-B881-8E15F76E04E3.jpg
4616131765,"Jan 13, 2021, 8:07:44 PM",Trying to find my mom’s lost Fitbit,Run,"",1965,5.55,,,false,,,activities/4616131765.gpx,,,1965.0,1473.0,5551.5,8.0,3.769,15.5,15.4,19.8,28.4,32.5,0.0,,,,,,,,,,,,,,,,,,7.0,,,,,0.0,47.0,0.0,,1.0,5578.4,,,,,,,,,,,,,,,,,,,,,,,,,,,,,,,,,,,,,,,,,,,,,,,,,media/2BC931EF-D6D1-4202-A123-292B2A9B451E.jpg
4644102311,"Jan 18, 2021, 11:08:29 PM",MLK Day Run,Run,,2122,6.95,,,false,,,activities/4644102311.gpx,,,2122.0,1839.0,6955.9,7.2,3.782,44.5,49.0,104.3,149.3,13.3,-0.1,,,,,,,,,,,,,,,,,,6.0,,,,,0.0,48.0,0.0,,1.0,7005.3,,,,,,,,,,,,,,,,,,,,,,,,,,,,,,,,,,,,,,,,,,,,,,,,,""
4654410317,"Jan 20, 2021, 10:36:16 PM","We did it, Joe.",Run,,1530,4.99,,,false,,,activities/4654410317.gpx,,,1530.0,1268.0,4992.5,6.3,3.937,18.6,14.6,21.9,33.3,6.3,0.1,,,,,,,,,,,,,,,,,,7.0,,,,,0.0,40.0,0.0,,1.0,5014.0,,,,,,,,,,,,,,,,,,,,,,,,,,,,,,,,,,,,,,,,,,,,,,,,,""
4670623433,"Jan 23, 2021, 9:32:43 PM",First half marathon 🥳,Run,,6681,21.13,,,false,,,activities/4670623433.gpx,,,6681.0,5968.0,21138.5,5.9,3.542,19.0,13.4,10.4,18.6,6.3,0.0,,,,,,,,,,,,,,,,,,9.0,,,,,0.0,298.0,0.0,,1.0,21173.8,,,,,,,,,,,,,,,,,,,,,,,,,,,,,,,,,,,,,,,,,,,,,,,,,""
4676953127,"Jan 24, 2021, 11:35:53 PM",Little walk ,Walk,,2273,3.08,,,false,,,activities/4676953127.gpx,,,2273.0,2273.0,3083.6,2.9,1.357,35.8,37.1,30.7,69.1,11.8,0.0,,,,,,,,,,,,,,,,,,,,,,,,,0.0,,1.0,,,,,,,,,,,,,,,,,,,,,,,,,,,,,,,,,,,,,,,,,,,,,,,,,,""
4697523787,"Jan 28, 2021, 11:43:46 PM",Didnt push resume after stoplight 😞,Run,"",719,2.76,,,false,,,activities/4697523787.gpx,,,719.0,719.0,2763.0,5.4,3.843,24.1,1.6,146.1,170.4,4.5,0.8,,,,,,,,,,,,,,,,,,,,,,,0.0,,0.0,,1.0,2813.9,,,,,,,,,,,,,,,,,,,,,,,,,,,,,,,,,,,,,,,,,,,,,,,,,""
4725126170,"Feb 3, 2021, 12:09:38 AM",Tuesday,Run,,2152,6.39,,,false,,,activities/4725126170.gpx,,,2152.0,1683.0,6394.1,8.2,3.799,39.7,44.7,104.3,149.4,13.8,-0.1,,,,,,,,,,,,,,,,,,6.0,,,,,0.0,44.0,0.0,,1.0,6434.5,,,,,,,,,,,,,,,,,,,,,,,,,,,,,,,,,,,,,,,,,,,,,,,,,""
4725155398,"Feb 3, 2021, 12:46:06 AM",Cool down,Walk,,535,0.69,,,false,,,activities/4725155398.gpx,,,535.0,535.0,690.1,2.5,1.29,4.9,2.0,142.8,147.8,19.2,0.4,,,,,,,,,,,,,,,,,,,,,,,,,0.0,,1.0,,,,,,,,,,,,,,,,,,,,,,,,,,,,,,,,,,,,,,,,,,,,,,,,,,""
4767416826,"Feb 10, 2021, 8:48:40 PM",Cold sunny day,Run,Left knee is angry 😤 ,1454,4.11,,,false,,,activities/4767416826.gpx,,,1454.0,1070.0,4114.2,7.5,3.845,2.5,46.4,102.7,149.3,2.4,-1.1,,,,,,,,,,,,,,,,,,5.0,,,,,0.0,19.0,0.0,,1.0,4048.7,,,,,,,,,,,,,,,,,,,,,,,,,,,,,,,,,,,,,,,,,,,,,,,,,media/9E52017A-1458-4D8E-9FE8-7A924E8C2328.jpg
4767518179,"Feb 10, 2021, 9:14:10 PM",Knee rehab walk,Walk,,1696,2.91,,,false,,,activities/4767518179.gpx,,,1696.0,1696.0,2909.0,4.5,1.715,39.4,-0.3,106.1,145.8,18.8,1.4,,,,,,,,,,,,,,,,,,,,,,,,,0.0,,1.0,,,,,,,,,,,,,,,,,,,,,,,,,,,,,,,,,,,,,,,,,,,,,,,,,,""
4804410164,"Feb 17, 2021, 10:48:00 PM",The snow finally melted ,Run,,1863,4.89,,,false,,,activities/4804410164.gpx,,,1863.0,1275.0,4897.7,5.6,3.841,22.2,20.0,154.9,170.7,9.6,0.0,,,,,,,,,,,,,,,,,,7.0,,,,,0.0,40.0,0.0,,1.0,4923.4,,,,,,,,,,,,,,,,,,,,,,,,,,,,,,,,,,,,,,,,,,,,,,,,,""
4850367953,"Feb 25, 2021, 10:47:22 PM",New Lake Route,Run,,1358,3.75,,,false,,,activities/4850367953.gpx,,,1358.0,930.0,3758.3,7.5,4.041,33.1,39.7,141.8,168.6,11.5,-0.2,,,,,,,,,,,,,,,,,,7.0,,,,,0.0,29.0,0.0,,1.0,3809.3,,,,,,,,,,,,,,,,,,,,,,,,,,,,,,,,,,,,,,,,,,,,,,,,,media/8AA86DAA-A479-4DB0-8122-8BA56A7D0B73.jpg
4855393311,"Feb 26, 2021, 9:34:25 PM",Walking with the mother,Walk,,2226,3.08,,,false,,,activities/4855393311.gpx,,,2226.0,2160.0,3085.4,3.3,1.428,41.2,42.2,142.9,168.6,37.9,0.0,,,,,,,,,,,,,,,,,,,,,,,,,0.0,,1.0,,,,,,,,,,,,,,,,,,,,,,,,,,,,,,,,,,,,,,,,,,,,,,,,,,""
4885845009,"Mar 3, 2021, 8:50:08 PM",Nice sunny day,Run,,3375,7.04,,,false,,,activities/4885845009.gpx,,,3375.0,1789.0,7048.0,6.0,3.94,0.0,36.6,30.9,68.8,11.5,-0.5,,,,,,,,,,,,,,,,,,8.0,,,,,0.0,77.0,0.0,,1.0,7002.1,,,,,,,,,,,,,,,,,,,,,,,,,,,,,,,,,,,,,,,,,,,,,,,,,media/8D7A2B7D-1298-4547-81EB-E8111FD2F7A9.jpg
4885996000,"Mar 3, 2021, 9:47:46 PM",Cool down ,Walk,,2074,2.63,,,false,,,activities/4885996000.gpx,,,2074.0,1845.0,2630.2,2.3,1.426,5.3,9.5,23.4,32.9,2.2,-0.2,,,,,,,,,,,,,,,,,,,,,,,,,0.0,,1.0,,,,,,,,,,,,,,,,,,,,,,,,,,,,,,,,,,,,,,,,,,,,,,,,,,""
4903391815,"Mar 7, 2021, 12:42:03 AM",Quick run before sun sets,Run,,950,2.98,,,false,,,activities/4903391815.gpx,,,950.0,742.0,2984.5,6.4,4.022,16.5,16.6,132.1,149.4,5.0,0.0,,,,,,,,,,,,,,,,,,8.0,,,,,0.0,31.0,0.0,,1.0,2993.7,,,,,,,,,,,,,,,,,,,,,,,,,,,,,,,,,,,,,,,,,,,,,,,,,""
4915312868,"Mar 9, 2021, 12:06:08 AM",Perfect running weather ,Run,,1562,4.75,,,false,,,activities/4915312868.gpx,,,1562.0,1205.0,4753.8,8.9,3.945,22.7,23.8,149.7,170.4,4.6,0.0,,,,,,,,,,,,,,,,,,6.0,,,,,0.0,31.0,0.0,,1.0,4769.0,,,,,,,,,,,,,,,,,,,,,,,,,,,,,,,,,,,,,,,,,,,,,,,,,""
4964127423,"Mar 17, 2021, 8:15:12 PM",Quick afternoon run,Run,,567,2.33,,,false,,,activities/4964127423.gpx,,,567.0,567.0,2335.4,5.0,4.119,3.3,20.7,149.7,170.4,4.5,-0.7,,,,,,,,,,,,,,,,,,8.0,,,,,0.0,24.0,0.0,,1.0,2313.0,,,,,,,,,,,,,,,,,,,,,,,,,,,,,,,,,,,,,,,,,,,,,,,,,""
4998454478,"Mar 23, 2021, 7:19:27 PM",Not raining 😇,Run,,3233,8.25,,,false,,,activities/4998454478.gpx,,,3233.0,2189.0,8255.5,7.1,3.771,48.9,48.7,100.0,149.2,14.2,0.0,,,,,,,,,,,,,,,,,,7.0,,,,,0.0,69.0,0.0,,1.0,8309.8,,,,,,,,,,,,,,,,,,,,,,,,,,,,,,,,,,,,,,,,,,,,,,,,,""
5033915765,"Mar 29, 2021, 9:24:47 PM",Monday ,Run,,2176,5.50,,,false,,,activities/5033915765.gpx,,,2176.0,1412.0,5499.6,6.4,3.895,31.2,31.1,117.3,149.4,5.3,0.0,,,,,,,,,,,,,,,,,,6.0,,,,,0.0,37.0,0.0,,1.0,5519.6,,,,,,,,,,,,,,,,,,,,,,,,,,,,,,,,,,,,,,,,,,,,,,,,,""
5052923879,"Apr 2, 2021, 2:17:02 AM",Sunset walk,Walk,,3417,5.39,,,false,,,activities/5052923879.gpx,,,3417.0,3089.0,5394.8,4.9,1.746,116.7,120.1,15.8,115.8,32.4,-0.1,,,,,,,,,,,,,,,,,,,,,,,,,0.0,,1.0,,,,,,,,,,,,,,,,,,,,,,,,,,,,,,,,,,,,,,,,,,,,,,,,,,""
5064397640,"Apr 3, 2021, 10:09:55 PM",Run before zags play,Run,,3190,8.08,,,false,,,activities/5064397640.gpx,,,3190.0,2046.0,8085.1,8.7,3.952,32.8,28.5,69.9,102.8,2.8,0.1,,,,,,,,,,,,,,,,,,8.0,,,,,0.0,88.0,0.0,,1.0,8107.2,,,,,,,,,,,,,,,,,,,,,,,,,,,,,,,,,,,,,,,,,,,,,,,,,media/EA36FD30-B0FE-48F8-B0F4-62654B12DB73.jpg
5064427263,"Apr 3, 2021, 11:06:08 PM",Cool down,Walk,,515,0.66,,,false,,,activities/5064427263.gpx,,,515.0,423.0,661.8,7.4,1.565,0.0,3.2,99.5,102.7,0.0,-0.5,,,,,,,,,,,,,,,,,,,,,,,,,0.0,,1.0,,,,,,,,,,,,,,,,,,,,,,,,,,,,,,,,,,,,,,,,,,,,,,,,,,""
5082213329,"Apr 6, 2021, 11:32:58 PM",Trying to get faster,Run,,1871,5.59,,,false,,,activities/5082213329.gpx,,,1871.0,1374.0,5591.0,7.8,4.069,33.7,33.6,99.7,133.8,13.0,0.0,,,,,,,,,,,,,,,,,,9.0,,,,,0.0,68.0,0.0,,1.0,5635.4,,,,,,,,,,,,,,,,,,,,,,,,,,,,,,,,,,,,,,,,,,,,,,,,,""
5082279883,"Apr 7, 2021, 12:04:34 AM",Cool down,Walk,,1097,1.65,,,false,,,activities/5082279883.gpx,,,1097.0,1077.0,1654.7,2.3,1.536,6.5,6.7,92.4,99.6,2.6,0.0,,,,,,,,,,,,,,,,,,,,,,,,,0.0,,1.0,,,,,,,,,,,,,,,,,,,,,,,,,,,,,,,,,,,,,,,,,,,,,,,,,,""
5104290933,"Apr 10, 2021, 6:57:13 PM",☀️🏃‍♂️🌊💨,Run,Hills 😵,3656,10.08,,,false,,,activities/5104290933.gpx,,,3656.0,2680.0,10079.2,6.3,3.761,143.4,192.7,10.3,121.0,36.4,-0.5,,,,,,,,,,,,,,,,,,8.0,,,,,0.0,115.0,0.0,,1.0,10358.1,,,,,,,,,,,,,,,,,,,,,,,,,,,,,,,,,,,,,,,,,,,,,,,,,media/447F9A4E-7059-415D-8193-33DAA17447AE.jpg|media/B788D3C0-1DE3-4FE8-8BD1-1AADA2EC86B2.jpg|media/9F69218C-79A8-4225-AFCA-BCDFEB170120.jpg
5104340856,"Apr 10, 2021, 8:02:17 PM",Cool down,Walk,,788,1.13,,,false,,,activities/5104340856.gpx,,,788.0,788.0,1131.2,4.3,1.436,35.3,0.4,77.7,115.8,26.5,3.1,,,,,,,,,,,,,,,,,,,,,,,,,0.0,,1.0,,,,,,,,,,,,,,,,,,,,,,,,,,,,,,,,,,,,,,,,,,,,,,,,,,""
5162559232,"Apr 20, 2021, 7:01:05 PM",Quick lunch run,Run,,813,3.26,,,false,,,activities/5162559232.gpx,,,813.0,802.0,3263.8,8.6,4.07,16.5,20.5,128.2,149.1,3.1,-0.1,,,,,,,,,,,,,,,,,,9.0,,,,,0.0,40.0,0.0,,1.0,3267.7,,,,,,,,,,,,,,,,,,,,,,,,,,,,,,,,,,,,,,,,,,,,,,,,,""
5162626361,"Apr 20, 2021, 7:15:05 PM",Cool down,Walk,,656,0.86,,,false,,,activities/5162626361.gpx,,,656.0,656.0,864.5,2.5,1.318,0.0,1.9,142.8,147.0,2.3,-0.2,,,,,,,,,,,,,,,,,,,,,,,,,0.0,,1.0,,,,,,,,,,,,,,,,,,,,,,,,,,,,,,,,,,,,,,,,,,,,,,,,,,""
5248148146,"May 5, 2021, 8:09:28 PM",Serotonin Queen 💅🏼,Run,,1388,4.69,,,false,,,activities/5248148146.gpx,,,1388.0,1220.0,4693.0,5.2,3.847,22.7,23.1,150.4,170.4,4.5,0.0,,,,,,,,,,,,,,,,,,9.0,,,,,0.0,61.0,0.0,,1.0,4708.7,,,,,,,,,,,,,,,,,,,,,,,,,,,,,,,,,,,,,,,,,,,,,,,,,""
5248293080,"May 5, 2021, 8:33:18 PM",Cool down ,Walk,,2461,2.39,,,false,,,activities/5248293080.gpx,,,2461.0,2024.0,2397.3,2.7,1.184,9.3,11.4,142.4,149.8,10.2,-0.1,,,,,,,,,,,,,,,,,,,,,,,,,0.0,,1.0,,,,,,,,,,,,,,,,,,,,,,,,,,,,,,,,,,,,,,,,,,,,,,,,,,""
5280306911,"May 11, 2021, 6:29:11 PM",Tuesday cardio,Run,,980,3.70,,,false,,,activities/5280306911.gpx,,,980.0,960.0,3705.0,5.3,3.859,20.2,20.3,128.3,149.3,2.7,0.0,,,,,,,,,,,,,,,,,,8.0,,,,,0.0,41.0,0.0,,1.0,3717.2,,,,,,,,,,,,,,,,,,,,,,,,,,,,,,,,,,,,,,,,,,,,,,,,,""
5280424907,"May 11, 2021, 6:50:33 PM",Cool down ,Walk,,771,0.92,,,false,,,activities/5280424907.gpx,,,771.0,726.0,922.2,2.9,1.27,5.3,8.3,142.4,147.8,10.7,-0.3,,,,,,,,,,,,,,,,,,,,,,,,,0.0,,1.0,,,,,,,,,,,,,,,,,,,,,,,,,,,,,,,,,,,,,,,,,,,,,,,,,,""
5303584301,"May 15, 2021, 10:00:26 PM",Saturday 🌞,Run,Dehydrated 😵,1358,5.15,,,false,,,activities/5303584301.gpx,,,1358.0,1319.0,5152.5,5.5,3.906,22.8,27.9,145.5,170.4,4.6,-0.1,,,,,,,,,,,,,,,,,,7.0,,,,,0.0,42.0,0.0,,1.0,5161.9,,,,,,,,,,,,,,,,,,,,,,,,,,,,,,,,,,,,,,,,,,,,,,,,,""
5320917219,"May 19, 2021, 12:51:39 AM",Lake loop,Run,,803,3.06,,,false,,,activities/5320917219.gpx,,,803.0,801.0,3061.6,5.0,3.822,25.5,30.9,142.1,168.6,11.8,-0.2,,,,,,,,,,,,,,,,,,7.0,,,,,0.0,25.0,0.0,,1.0,3106.4,,,,,,,,,,,,,,,,,,,,,,,,,,,,,,,,,,,,,,,,,,,,,,,,,""
5363373947,"May 26, 2021, 8:08:42 PM",Done with grad school BAYBEE,Run,,2406,6.66,,,false,,,activities/5363373947.gpx,,,2406.0,1736.0,6667.5,6.8,3.841,47.6,35.8,105.2,145.7,14.6,0.2,,,,,,,,,,,,,,,,,,6.0,,,,,0.0,45.0,0.0,,1.0,6735.4,,,,,,,,,,,,,,,,,,,,,,,,,,,,,,,,,,,,,,,,,,,,,,,,,""
5437218503,"Jun 8, 2021, 8:13:11 PM",Tuesday ☀️,Run,,2013,7.35,,,false,,,activities/5437218503.gpx,,,2013.0,1921.0,7353.9,6.4,3.828,21.5,49.5,109.2,144.7,13.0,-0.4,,,,,,,,,,,,,,,,,,8.0,,,,,0.0,82.0,0.0,,1.0,7346.2,,,,,,,,,,,,,,,,,,,,,,,,,,,,,,,,,,,,,,,,,,,,,,,,,""
5437366532,"Jun 8, 2021, 8:47:45 PM",Cool down,Walk,,2211,1.96,,,false,,,activities/5437366532.gpx,,,2211.0,1410.0,1959.5,4.9,1.39,26.6,-0.6,118.7,145.9,41.9,1.4,,,,,,,,,,,,,,,,,,,,,,,,,0.0,,1.0,,,,,,,,,,,,,,,,,,,,,,,,,,,,,,,,,,,,,,,,,,,,,,,,,,""
5507953416,"Jun 21, 2021, 9:00:15 PM",Absolutely melting 🥵,Run,Need to start running nights and mornings 🥵,1762,3.38,,,false,,,activities/5507953416.gpx,,,1762.0,843.0,3386.2,5.4,4.017,6.9,3.0,10.9,18.0,2.5,0.1,,,,,,,,,,,,,,,,,,8.0,,,,,0.0,36.0,0.0,,1.0,3398.2,,,,,,,,,,,,,,,,,,,,,,,,,,,,,,,,,,,,,,,,,,,,,,,,,""
5508022129,"Jun 21, 2021, 9:31:26 PM",cool down,Walk,"",1175,1.26,,,false,,,activities/5508022129.gpx,,,1175.0,883.0,1268.1,2.4,1.436,2.4,4.4,10.4,13.0,2.4,-0.2,,,,,,,,,,,,,,,,,,,,,,,0.0,,0.0,,1.0,,,,,,,,,,,,,,,,,,,,,,,,,,,,,,,,,,,,,,,,,,,,,,,,,,media/7594FC31-E74A-4D9F-950F-6B7A552CB29E.jpg
5556009696,"Jul 1, 2021, 1:56:11 AM",Cross Train Part 1,Ride,,903,3.53,,,false,,,activities/5556009696.gpx,,,903.0,771.0,3533.9,11.8,4.584,44.9,-0.3,104.3,149.5,12.9,1.3,,,,,,,,,,,,,,,,,,3.0,,,,,0.0,6.0,0.0,,1.0,,,,,,,,,,,,,,,,,,,,,,,,,,,,,,,,,,,,,,,,,,,,,,,,,,""
5556109269,"Jul 1, 2021, 2:41:33 AM",Cross Train Part 2,Ride,"",1243,5.49,,,false,,,activities/5556109269.gpx,,,1243.0,1054.0,5495.4,11.8,5.214,72.0,46.7,99.4,156.2,16.0,0.5,,,,,,,,,,,,,,,,,,4.0,,,,,0.0,11.0,0.0,,1.0,,,,,,,,,,,,,,,,,,,,,,,,,,,,,,,,,,,,,,,,,,,,,,,,,,""
5581968651,"Jul 6, 2021, 12:56:33 AM",Cross Training ,Ride,,3573,14.72,,,false,,,activities/5581968651.gpx,,,3573.0,2615.0,14727.8,13.0,5.632,123.4,114.8,90.2,149.2,14.7,0.1,,,,,,,,,,,,,,,,,,5.0,,,,,0.0,47.0,0.0,,1.0,,,,,,,,,,,,,,,,,,,,,,,,,,,,,,,,,,,,,,,,,,,,,,,,,,""
5638790632,"Jul 16, 2021, 11:20:49 PM",Foam Roll Friday,Run,,1597,5.57,,,false,,,activities/5638790632.gpx,,,1597.0,1539.0,5569.1,7.2,3.619,31.6,31.5,127.5,159.3,2.8,0.0,,,,,,,,,,,,,,,,,,8.0,,,,,0.0,66.0,0.0,,1.0,5588.1,,,,,,,,,,,,,,,,,,,,,,,,,,,3.487,,,,,,,,,,,,,,,,,,,,,,""
5654302398,"Jul 19, 2021, 7:46:15 PM",Mondayyy ☀️,Run,,1812,4.97,,,false,,,activities/5654302398.gpx,,,1812.0,1508.0,4969.1,6.5,3.295,22.7,31.1,134.2,166.2,4.1,-0.2,,,,,,,,,,,,,,,,,,8.0,,,,,0.0,64.0,0.0,,1.0,4969.6,,,,,,,,,,,,,,,,,,,,,,,,,,,2.742,,,,,,,,,,,,,,,,,,,,,,""
5671749192,"Jul 23, 2021, 12:51:45 AM",Thursday run,Run,,1006,3.23,,,false,,,activities/5671749192.gpx,,,1006.0,807.0,3230.8,5.8,4.003,24.8,11.2,134.2,159.4,6.8,0.4,,,,,,,,,,,,,,,,,,8.0,,,,,0.0,34.0,0.0,,1.0,3266.6,,,,,,,,,,,,,,,,,,,,,,,,,,,3.212,,,,,,,,,,,,,,,,,,,,,,""
5671788425,"Jul 23, 2021, 1:09:27 AM", Cool down,Walk,,852,1.10,,,false,,,activities/5671788425.gpx,,,852.0,784.0,1107.5,2.6,1.413,0.0,12.5,147.0,159.5,0.0,-1.1,,,,,,,,,,,,,,,,,,,,,,,,,0.0,,1.0,,,,,,,,,,,,,,,,,,,,,,,,,,,,1.3,,,,,,,,,,,,,,,,,,,,,,""
5686831460,"Jul 25, 2021, 6:04:21 PM",☀️ 🚴‍♂️,Ride,,4970,18.52,,,false,,,activities/5686831460.gpx,,,4970.0,3701.0,18519.3,21.5,5.004,60.1,60.0,49.0,109.3,3.6,0.0,,,,,,,,,,,,,,,,,,3.0,,,,,0.0,30.0,0.0,,1.0,,,,,,,,,,,,,,,,,,,,,,,,,,,,3.726,,,,,,,,,,,,,,,,,,,,,,""
5766487610,"Aug 9, 2021, 11:13:40 PM",Hot Monday run,Run,,1867,5.84,,,false,,,activities/5766487610.gpx,,,1867.0,1679.0,5846.2,6.2,3.482,17.4,28.9,69.9,99.0,2.6,-0.2,,,,,,,,,,,,,,,,,,8.0,,,,,0.0,72.0,0.0,,1.0,5838.7,,,,,,,,,,,,,,,,,,,,,,,,,,,3.131,,,,,,,,,,,,,,,,,,,,,,""
5766555641,"Aug 9, 2021, 11:45:16 PM", Cool down ,Walk,,1182,2.18,,,false,,,activities/5766555641.gpx,,,1182.0,1101.0,2187.7,16.7,1.987,34.5,6.7,87.9,115.7,11.8,1.3,,,,,,,,,,,,,,,,,,,,,,,,,0.0,,1.0,,,,,,,,,,,,,,,,,,,,,,,,,,,,1.851,,,,,,,,,,,,,,,,,,,,,,""
5815014290,"Aug 18, 2021, 8:13:23 PM",Lil cross training BAYBE,Ride,,3932,15.41,,,false,,,activities/5815014290.gpx,,,3932.0,3713.0,15414.8,10.5,4.152,54.4,53.2,108.8,163.3,4.1,0.0,,,,,,,,,,,,,,,,,,3.0,,,,,0.0,30.0,0.0,,1.0,,,,,,,,,,,,,,,,,,,,,,,,,,,,3.92,,,,,,,,,,,,,,,,,,,,,,""
5821721894,"Aug 20, 2021, 5:25:47 AM",🌝👟,Run,,1612,3.59,,,false,,,activities/5821721894.gpx,,,1612.0,885.0,3591.6,5.9,4.058,48.6,93.8,19.3,115.8,18.8,-1.3,,,,,,,,,,,,,,,,,,7.0,,,,,0.0,28.0,0.0,,1.0,3622.8,,,,,,,,,,,,,,,,,,,,,,,,,,,2.228,,,,,,,,,,,,,,,,,,,,,,""
5837401021,"Aug 22, 2021, 11:44:58 PM",Perfect weather,Run,,1885,5.24,,,false,,,activities/5837401021.gpx,,,1885.0,1315.0,5246.7,7.6,3.99,31.7,39.9,104.2,144.6,13.9,-0.2,,,,,,,,,,,,,,,,,,8.0,,,,,0.0,56.0,0.0,,1.0,5276.5,,,,,,,,,,,,,,,,,,,,,,,,,,,2.783,,,,,,,,,,,,,,,,,,,,,,""
5837427690,"Aug 23, 2021, 12:17:20 AM",Cool down ,Walk,,709,0.95,,,false,,,activities/5837427690.gpx,,,709.0,709.0,957.3,3.4,1.35,7.8,1.1,137.4,145.7,3.2,0.7,,,,,,,,,,,,,,,,,,,,,,,,,0.0,,1.0,,,,,,,,,,,,,,,,,,,,,,,,,,,,1.35,,,,,,,,,,,,,,,,,,,,,,""
5842826350,"Aug 24, 2021, 2:47:37 AM",Amazing weather for running ,Run,,905,3.40,,,false,,,activities/5842826350.gpx,,,905.0,882.0,3403.6,5.4,3.859,13.3,9.1,90.6,104.1,2.5,0.1,,,,,,,,,,,,,,,,,,6.0,,,,,0.0,23.0,0.0,,1.0,3416.4,,,,,,,,,,,,,,,,,,,,,,,,,,,3.761,,,,,,,,,,,,,,,,,,,,,,""
5861730495,"Aug 27, 2021, 2:41:45 PM",Grumpy knee,Run,,438,1.61,,,false,,,activities/5861730495.gpx,,,438.0,438.0,1612.5,4.6,3.682,17.1,-0.7,150.5,168.3,4.2,1.1,,,,,,,,,,,,,,,,,,5.0,,,,,0.0,7.0,0.0,,1.0,1650.7,,,,,,,,,,,,,,,,,,,,,,,,,,,3.682,,,,,,,,,,,,,,,,,,,,,,""
5894554582,"Sep 2, 2021, 5:43:57 PM",Between meetings,Run,,478,1.99,,,false,,,activities/5894554582.gpx,,,478.0,477.0,1989.3,5.6,4.17,7.3,7.1,90.6,98.2,1.9,0.0,,,,,,,,,,,,,,,,,,8.0,,,,,0.0,20.0,0.0,,1.0,1993.2,,,,,,,,,,,,,,,,,,,,,,,,,,,4.162,,,,,,,,,,,,,,,,,,,,,,""
5906612556,"Sep 4, 2021, 10:34:06 PM",Still summer 😇,Run,,2120,5.43,,,false,,,activities/5906612556.gpx,,,2120.0,1428.0,5432.6,5.8,3.804,37.2,36.3,108.9,141.8,18.2,0.0,,,,,,,,,,,,,,,,,,8.0,,,,,0.0,61.0,0.0,,1.0,5482.7,,,,,,,,,,,,,,,,,,,,,,,,,,0.0,2.563,,,,,,,,,,,,,,,,,,,,,,""
5906643309,"Sep 4, 2021, 11:10:31 PM",Cool down walkin’,Walk,,740,0.82,,,false,,,activities/5906643309.gpx,,,740.0,709.0,822.5,2.3,1.16,6.1,5.6,142.6,149.3,2.8,0.1,,,,,,,,,,,,,,,,,,,,,,,,,0.0,,1.0,,,,,,,,,,,,,,,,,,,,,,,,,,,0.0,1.111,,,,,,,,,,,,,,,,,,,,,,""
5912781661,"Sep 5, 2021, 9:38:58 PM",New route,Run,Knees feel okay!,3484,8.86,,,false,,,activities/5912781661.gpx,,,3484.0,2384.0,8864.7,5.2,3.718,59.4,55.1,148.8,183.5,14.3,0.0,,,,,,,,,,,,,,,,,,8.0,,,,,0.0,102.0,0.0,,1.0,8978.8,,,,,,,,,,,,,,,,,,,,,,,,,,0.0,2.544,,,,,,,,,,,,,,,,,,,,,,""
5912793733,"Sep 5, 2021, 10:37:30 PM",Cool down ,Walk,,308,0.32,,,false,,,activities/5912793733.gpx,,,308.0,308.0,322.7,2.2,1.048,0.0,9.5,143.1,152.7,2.7,-2.9,,,,,,,,,,,,,,,,,,,,,,,,,0.0,,1.0,,,,,,,,,,,,,,,,,,,,,,,,,,,0.0,1.048,,,,,,,,,,,,,,,,,,,,,,""
5929870360,"Sep 9, 2021, 2:11:50 AM",Sunset run ,Run,,1015,3.53,,,false,,,activities/5929870360.gpx,,,1015.0,868.0,3531.4,8.2,4.068,13.0,10.4,90.6,103.9,4.5,0.1,,,,,,,,,,,,,,,,,,4.0,,,,,0.0,9.0,0.0,,1.0,3541.9,,,,,,,,,,,,,,,,,,,,,,,,,,0.0,3.479,,,,,,,,,,,,,,,,,,,,,,""
5955426066,"Sep 13, 2021, 7:29:40 PM",Monday,Run,Sinus bug 😵,983,3.28,,,false,,,activities/5955426066.gpx,,,983.0,828.0,3288.7,7.2,3.972,14.6,21.8,122.4,144.6,2.6,-0.2,,,,,,,,,,,,,,,,,,7.0,,,,,0.0,26.0,0.0,,1.0,3285.2,,,,,,,,,,,,,,,,,,,,,,,,,,0.0,3.346,,,,,,,,,,,,,,,,,,,,,,""
6049490417,"Oct 1, 2021, 11:24:38 PM",October is here! ,Run,,1825,5.29,,,false,,,activities/6049490417.gpx,,,1825.0,1365.0,5298.6,7.8,3.882,38.3,33.5,102.6,141.4,15.9,0.1,,,,,,,,,,,,,,,,,,8.0,,,,,0.0,58.0,0.0,,1.0,5357.1,,,,,,,,,,,,,,,,,,,,,,,,,,0.0,2.903,,,,,,,,,,,,,,,,,,,,,,""
6055076692,"Oct 3, 2021, 1:19:47 AM",Sunset run ,Run,,1267,4.42,,,false,,,activities/6055076692.gpx,,,1267.0,1120.0,4427.0,7.7,3.953,15.6,14.8,90.6,102.6,2.2,0.0,,,,,,,,,,,,,,,,,,8.0,,,,,0.0,48.0,0.0,,1.0,4436.5,,,,,,,,,,,,,,,,,,,,,,,,,,0.0,3.494,,,,,,,,,,,,,,,,,,,,,,""
6208168161,"Nov 3, 2021, 9:41:38 PM",Finally not raining!,Run,,1748,5.42,,,false,,,activities/6208168161.gpx,,,1748.0,1416.0,5423.6,7.04,3.83,28.1,43.4,102.6,146.5,13.5,-0.3,,,,,,,,,,,,,,,,,,7.0,,,,,0.0,45.0,0.0,,1.0,5440.9,,,,,,,,,,,,,,,,,,,,,,,,,,0.0,3.103,3792.2,,,,,,,,,,,,,,,,,,,,,media/D7F92604-CB48-4986-88E8-E3D18BC60FD5.jpg
6208271779,"Nov 3, 2021, 10:11:20 PM",Cooldown,Walk,,1728,1.54,,,false,,,activities/6208271779.gpx,,,1728.0,1178.0,1544.4,2.523,1.311,15.4,4.4,131.8,145.7,16.2,0.7,,,,,,,,,,,,,,,,,,,,,,,,,0.0,,1.0,,,,,,,,,,,,,,,,,,,,,,,,,,,0.0,0.894,1314.7,,,,,,,,,,,,,,,,,,,,,""
6230929418,"Nov 8, 2021, 9:04:50 PM",Monday!,Walk,,2430,2.97,,,false,,,activities/6230929418.gpx,,,2430.0,2037.0,2975.0,4.829,1.46,13.1,18.3,123.9,144.7,13.7,-0.2,,,,,,,,,,,,,,,,,,,,,,,,,0.0,,1.0,,,,,,,,,,,,,,,,,,,,,,,,,,,0.0,1.224,2850.3,,,,,,,,,,,,,,,,,,,,,""
6263544113,"Nov 15, 2021, 10:31:42 PM",Not the wild GPS treatment ,Walk,,7186,2.60,,,false,,,activities/6263544113.gpx,,,7186.0,1875.0,2606.1,12.612,1.39,47.2,46.2,101.6,149.3,20.0,0.0,,,,,,,,,,,,,,,,,,,,,,,,,0.0,,1.0,,,,,,,,,,,,,,,,,,,,,,,,,,,0.0,0.363,2328.6,,,,,,,,,,,,,,,,,,,,,""
6272119691,"Nov 17, 2021, 8:16:57 PM",Wednesday,Run,,3733,10.36,,,false,,,activities/6272119691.gpx,,,3733.0,2759.0,10367.1,11.186,3.758,56.5,56.4,91.5,148.4,14.9,0.0,,,,,,,,,,,,,,,,,,8.0,,,,,0.0,118.0,0.0,,1.0,10426.5,,,,,,,,,,,,,,,,,,,,,,,,,,0.0,2.777,5518.5,,,,,,,,,,,,,,,,,,,,,""
6323282945,"Nov 29, 2021, 9:56:04 PM",Monday kneehab,Run,,1025,3.85,,,false,,,activities/6323282945.gpx,,,1025.0,1020.0,3852.2,5.292,3.777,16.6,16.2,81.1,98.2,2.7,0.0,,,,,,,,,,,,,,,,,,7.0,,,,,0.0,32.0,0.0,,1.0,3861.7,,,,,,,,,,,,,,,,,,,,,,,,,,0.0,3.758,0.0,,,,,,,,,,,,,,,,,,,,,""
6331395562,"Dec 1, 2021, 7:58:29 PM",It’s December!!!,Run,,1743,5.18,,,false,,,activities/6331395562.gpx,,,1743.0,1332.0,5181.8,10.356,3.89,30.9,38.7,102.6,141.8,13.8,-0.2,,,,,,,,,,,,,,,,,,7.0,,,,,0.0,42.0,0.0,,1.0,5212.5,,,,,,,,,,,,,,,,,,,,,,,,,,0.0,2.973,3493.8,,,,,,,,,,,,,,,,,,,,,media/D17B2DE9-4A3B-460C-8833-CC7278AB5F51.jpg
6331514831,"Dec 1, 2021, 8:44:49 PM",Cooldown ,Walk,,999,1.26,,,false,,,activities/6331514831.gpx,,,999.0,924.0,1261.8,2.458,1.366,7.1,6.2,141.9,149.6,7.4,0.1,,,,,,,,,,,,,,,,,,,,,,,,,0.0,,1.0,,,,,,,,,,,,,,,,,,,,,,,,,,,0.0,1.263,1121.0,,,,,,,,,,,,,,,,,,,,,""
6498925046,"Jan 9, 2022, 8:49:53 PM",☀️ run,Run,,928,3.29,,,false,,,activities/6498925046.gpx,,,928.0,876.0,3291.2,6.554,3.757,12.6,13.9,85.0,99.4,2.6,0.0,,,,,,,,,,,,,,,,,,8.0,,,,,0.0,37.0,0.0,,1.0,3296.0,,,,,,,,,,,,,,,,,,,,,,,,,,0.0,3.547,0.0,,,,,,,,,,,,,,,,,,,,,""
6499036800,"Jan 9, 2022, 9:06:17 PM",Kneehab,Walk,,1898,2.27,,,false,,,activities/6499036800.gpx,,,1898.0,1525.0,2273.3,6.09,1.491,13.6,9.9,98.7,115.4,19.6,0.2,,,,,,,,,,,,,,,,,,,,,,,,,0.0,,1.0,,,,,,,,,,,,,,,,,,,,,,,,,,,0.0,1.198,53.8,,,,,,,,,,,,,,,,,,,,,media/1E4B5731-F112-4237-8CC1-CF875411B2EE.jpg
6577044614,"Jan 25, 2022, 12:40:52 AM",First run post-COVID 🤪,Run,,1551,3.59,,,false,,,activities/6577044614.gpx,,,1551.0,996.0,3592.3,5.902,3.607,21.2,17.4,141.7,163.0,13.1,0.1,,,,,,,,,,,,,,,,,,8.0,,,,,0.0,42.0,0.0,,1.0,3609.9,,,,,,,,,,,,,,,,,,,,,,,,,,0.0,2.316,3592.3,,,,,,,,,,,,,,,,,,,,,""
6592033991,"Jan 27, 2022, 10:20:55 PM",Thursday ☀️☀️☀️,Run,,2517,6.09,,,false,,,activities/6592033991.gpx,,,2517.0,1584.0,6096.6,14.308,3.849,41.0,41.4,100.8,141.8,14.6,0.0,,,,,,,,,,,,,,,,,,8.0,,,,,0.0,68.0,0.0,,1.0,6151.4,,,,,,,,,,,,,,,,,,,,,,,,,,0.0,2.422,4082.4,,,,,,,,,,,,,,,,,,,,,""
6592065058,"Jan 27, 2022, 11:03:18 PM",Cooldown,Walk,,505,0.77,,,false,,,activities/6592065058.gpx,,,505.0,505.0,773.7,13.567,1.532,0.0,3.6,100.0,103.6,0.0,-0.5,,,,,,,,,,,,,,,,,,,,,,,,,0.0,,1.0,,,,,,,,,,,,,,,,,,,,,,,,,,,0.0,1.532,0.0,,,,,,,,,,,,,,,,,,,,,""
6622695481,"Feb 2, 2022, 10:42:41 PM",So many layers on 🥶🥵,Run,,1685,5.33,,,false,,,activities/6622695481.gpx,,,1685.0,1458.0,5337.9,5.345,3.661,22.1,32.3,141.7,171.3,4.1,-0.2,,,,,,,,,,,,,,,,,,7.0,,,,,0.0,46.0,0.0,,1.0,5338.3,,,,,,,,,,,,,,,,,,,,,,,,,,0.0,3.168,5337.9,,,,,,,,,,,,,,,,,,,,,""
6622740972,"Feb 2, 2022, 11:12:52 PM",Cooldown,Walk,,755,1.01,,,false,,,activities/6622740972.gpx,,,755.0,755.0,1012.4,3.28,1.341,6.0,4.6,141.8,145.7,14.4,0.1,,,,,,,,,,,,,,,,,,,,,,,,,0.0,,1.0,,,,,,,,,,,,,,,,,,,,,,,,,,,0.0,1.341,642.9,,,,,,,,,,,,,,,,,,,,,""
6643126543,"Feb 6, 2022, 11:42:18 PM",Nice Sunday ,Run,,1439,5.18,,,false,,,activities/6643126543.gpx,,,1439.0,1406.0,5179.6,4.952,3.684,24.2,28.4,145.7,171.3,4.3,-0.1,,,,,,,,,,,,,,,,,,5.0,,,,,0.0,25.0,0.0,,1.0,5191.1,,,,,,,,,,,,,,,,,,,,,,,,,,0.0,3.599,5179.6,,,,,,,,,,,,,,,,,,,,,""
6668281690,"Feb 11, 2022, 10:20:07 PM",Friday baby 😎,Run,,1464,5.45,,,false,,,activities/6668281690.gpx,,,1464.0,1464.0,5452.3,4.83,3.724,24.1,31.4,142.7,171.3,4.4,-0.1,,,,,,,,,,,,,,,,,,5.0,,,,,0.0,26.0,0.0,,1.0,5458.7,,,,,,,,,,,,,,,,,,,,,,,,,,0.0,3.724,5452.3,,,,,,,,,,,,,,,,,,,,,""
6694176453,"Feb 16, 2022, 10:24:39 PM",The sun came out for a minute,Run,,1749,5.34,,,false,,,activities/6694176453.gpx,,,1749.0,1485.0,5346.4,6.276,3.6,30.7,27.8,100.3,125.6,14.1,0.1,,,,,,,,,,,,,,,,,,9.0,,,,,0.0,74.0,0.0,,1.0,5392.9,,,,,,,,,,,,,,,,,,,,,,,,,,0.0,3.057,1409.7,,,,,,,,,,,,,,,,,,,,,""
6785065456,"Mar 6, 2022, 11:01:50 PM",Phone Call Walk,Walk,,2781,3.79,,,false,,,activities/6785065456.gpx,,,2781.0,2781.0,3795.4,8.448,1.365,20.5,21.3,142.1,156.7,26.5,0.0,,,,,,,,,,,,,,,,,,,,,,,,,0.0,,1.0,,,,,,,,,,,,,,,,,,,,,,,,,,,0.0,1.365,3413.5,,,,,,,,,,,,,,,,,,,,,""
6800093085,"Mar 10, 2022, 12:01:24 AM",Quick little walk,Walk,,1311,1.90,,,false,,,activities/6800093085.gpx,,,1311.0,1294.0,1904.8,9.376,1.472,4.0,6.2,100.8,107.2,3.0,-0.1,,,,,,,,,,,,,,,,,,,,,,,,,0.0,,1.0,,,,,,,,,,,,,,,,,,,,,,,,,,,0.0,1.453,0.0,,,,,,,,,,,,,,,,,,,,,""
6833733874,"Mar 16, 2022, 4:06:19 PM",Morning 🌤,Run,,1532,4.61,,,false,Too many layers on for this temp ,,activities/6833733874.gpx,,,1532.0,1269.0,4614.0,8.917,3.636,23.5,22.9,151.1,171.4,4.8,0.0,,,,,,,,,,,,,,,,,,7.0,,,,,0.0,40.0,0.0,,1.0,4632.9,,,,,,,,,,,,,,,,,,,,,,,,,,0.0,3.012,4614.0,,,,,,,,,,,,,,,,,,,,,""
6856724847,"Mar 20, 2022, 10:12:30 PM",Sunday walk,Walk,,2622,3.42,,,false,,,activities/6856724847.gpx,,,2622.0,2568.0,3423.0,2.718,1.333,21.5,22.0,142.1,153.5,28.2,0.0,,,,,,,,,,,,,,,,,,,,,,,,,0.0,,1.0,,,,,,,,,,,,,,,,,,,,,,,,,,,0.0,1.305,2102.5,,,,,,,,,,,,,,,,,,,,,""
6867236007,"Mar 22, 2022, 11:23:36 PM",Quick little ride ,Ride,Worst part will be getting home 🫥,1156,4.70,,,false,,,activities/6867236007.gpx,,,1156.0,958.0,4706.0,10.202,4.912,27.4,27.5,99.9,127.6,15.5,0.0,,,,,,,,,,,,,,,,,,,,,,,,,0.0,,1.0,,,,,,,,,,,,,,,,,,,,,,,,,,,0.0,4.071,1742.7,,,,,,,,,,,,,,,,,,,,,""
6878451993,"Mar 25, 2022, 4:29:02 AM",Hot gurl walk,Walk,,1378,2.07,,,false,,,activities/6878451993.gpx,,,1378.0,1378.0,2074.4,2.512,1.505,21.3,19.1,108.5,126.5,13.7,0.1,,,,,,,,,,,,,,,,,,,,,,,,,0.0,,1.0,,,,,,,,,,,,,,,,,,,,,,,,,,,0.0,1.505,0.0,,,,,,,,,,,,,,,,,,,,,""
6942461253,"Apr 6, 2022, 10:18:00 PM",Perfect weather ,Run,,1615,5.16,,,false,,,activities/6942461253.gpx,,,1615.0,1403.0,5162.2,5.0,3.679,24.4,28.3,146.5,171.4,4.7,-0.1,,,,,,,,,,,,,,,,,,9.0,,,,,0.0,70.0,0.0,,1.0,5173.7,,,,,,,,,,,,,,,,,,,,,,,,,,0.0,3.196,5162.2,,,,,,,,,,,,,,,,,,,,,""
6962526380,"Apr 10, 2022, 9:38:11 PM",Little walk,Walk,,2758,3.28,,,false,,,activities/6962526380.gpx,,,2758.0,2599.0,3283.3,6.642,1.263,11.3,18.1,134.9,150.4,20.2,-0.2,,,,,,,,,,,,,,,,,,,,,,,,,0.0,,1.0,,,,,,,,,,,,,,,,,,,,,,,,,,,0.0,1.19,2934.5,,,,,,,,,,,,,,,,,,,,,""
6967768054,"Apr 12, 2022, 1:38:50 AM",🥶 walk,Walk,,1690,2.49,,,false,,,activities/6967768054.gpx,,,1690.0,1690.0,2493.7,2.624,1.476,7.6,8.8,141.8,146.1,6.3,0.0,,,,,,,,,,,,,,,,,,,,,,,,,0.0,,1.0,,,,,,,,,,,,,,,,,,,,,,,,,,,0.0,1.476,821.6,,,,,,,,,,,,,,,,,,,,,""
6982254431,"Apr 14, 2022, 6:53:51 PM",Lunch walk,Walk,,1991,2.61,,,false,,,activities/6982254431.gpx,,,1991.0,1991.0,2610.1,3.961,1.311,12.9,13.5,139.8,149.8,27.7,0.0,,,,,,,,,,,,,,,,,,,,,,,,,0.0,,1.0,,,,,,,,,,,,,,,,,,,,,,,,,,,0.0,1.311,2248.1,,,,,,,,,,,,,,,,,,,,,""
7010192494,"Apr 20, 2022, 1:04:30 AM",After work walk,Walk,,2541,2.95,,,false,,,activities/7010192494.gpx,,,2541.0,2541.0,2953.9,4.808,1.163,18.6,8.7,142.1,153.5,29.1,0.3,,,,,,,,,,,,,,,,,,,,,,,,,0.0,,1.0,,,,,,,,,,,,,,,,,,,,,,,,,,,0.0,1.163,2224.4,,,,,,,,,,,,,,,,,,,,,""
7025059640,"Apr 22, 2022, 11:34:20 PM",Friday perfect weather ,Run,,1474,5.12,,,false,,,activities/7025059640.gpx,,,1474.0,1405.0,5125.0,5.128,3.648,26.0,43.7,130.4,174.5,17.7,-0.3,,,,,,,,,,,,,,,,,,8.0,,,,,0.0,60.0,0.0,,1.0,5146.1,,,,,,,,,,,,,,,,,,,,,,,,,,0.0,3.477,5125.0,,,,,,,,,,,,,,,,,,,,,media/CCB755C9-EAC1-4858-829E-18CB90CAD1E2.jpg
7035838795,"Apr 24, 2022, 8:04:49 PM",Sunday Walk Part 1,Walk,,1537,2.10,,,false,,,activities/7035838795.gpx,,,1537.0,1471.0,2101.1,2.824,1.428,8.4,5.2,22.9,31.4,6.6,0.2,,,,,,,,,,,,,,,,,,,,,,,,,0.0,,1.0,,,,,,,,,,,,,,,,,,,,,,,,,,,0.0,1.367,0.0,,,,,,,,,,,,,,,,,,,,,""
7036186805,"Apr 24, 2022, 8:48:52 PM",Walk part 2,Walk,,6066,5.58,,,false,,,activities/7036186805.gpx,,,6066.0,5023.0,5579.5,2.794,1.111,122.4,121.1,49.4,156.7,21.2,0.0,,,,,,,,,,,,,,,,,,,,,,,,,0.0,,1.0,,,,,,,,,,,,,,,,,,,,,,,,,,,0.0,0.92,5579.5,,,,,,,,,,,,,,,,,,,,,""
7051974130,"Apr 27, 2022, 9:39:53 PM",Walk with Mom,Walk,,6242,4.75,,,false,,,activities/7051974130.gpx,,,6242.0,4309.0,4758.0,3.162,1.104,120.7,136.9,31.0,155.7,45.4,-0.3,,,,,,,,,,,,,,,,,,,,,,,,,0.0,,1.0,,,,,,,,,,,,,,,,,,,,,,,,,,,0.0,0.762,3928.2,,,,,,,,,,,,,,,,,,,,,media/FABFA0F9-8B0B-425E-8B7D-A66611ECC20E.jpg
7067589784,"May 1, 2022, 12:34:14 AM",Little after dinner walk,Walk,,1336,1.75,,,false,,,activities/7067589784.gpx,,,1336.0,1191.0,1750.4,2.576,1.47,7.6,4.3,23.4,31.2,4.7,0.2,,,,,,,,,,,,,,,,,,,,,,,,,0.0,,1.0,,,,,,,,,,,,,,,,,,,,,,,,,,,0.0,1.31,0.0,,,,,,,,,,,,,,,,,,,,,""
7067707002,"May 1, 2022, 1:27:36 AM",Lake walk,Walk,,1617,1.99,,,false,,,activities/7067707002.gpx,,,1617.0,1487.0,1994.8,2.468,1.341,8.0,7.8,141.4,146.1,8.3,0.0,,,,,,,,,,,,,,,,,,,,,,,,,0.0,,1.0,,,,,,,,,,,,,,,,,,,,,,,,,,,0.0,1.234,702.2,,,,,,,,,,,,,,,,,,,,,""
7084541902,"May 4, 2022, 12:35:26 AM",Sore legs walk,Walk,,5391,4.77,,,false,,,activities/7084541902.gpx,,,5391.0,3454.0,4777.4,2.596,1.383,28.1,28.3,142.1,159.2,29.0,0.0,,,,,,,,,,,,,,,,,,,,,,,,,0.0,,1.0,,,,,,,,,,,,,,,,,,,,,,,,,,,0.0,0.886,3702.6,,,,,,,,,,,,,,,,,,,,,""
7089717207,"May 5, 2022, 12:13:01 AM",May 5k,Run,,1929,5.24,,,false,,,activities/7089717207.gpx,,,1929.0,1505.0,5241.0,5.156,3.482,46.4,47.9,135.9,168.4,20.4,0.0,,,,,,,,,,,,,,,,,,8.0,,,,,0.0,64.0,0.0,,1.0,5319.9,,,,,,,,,,,,,,,,,,,,,,,,,,0.0,2.717,3883.9,,,,,,,,,,,,,,,,,,,,,""
7143657015,"May 14, 2022, 11:28:56 PM",Last week in WA for now ,Walk,,1711,2.22,,,false,,,activities/7143657015.gpx,,,1711.0,1693.0,2220.3,2.934,1.311,66.9,61.4,49.0,103.1,30.7,0.2,,,,,,,,,,,,,,,,,,,,,,,,,0.0,,1.0,,,,,,,,,,,,,,,,,,,,,,,,,,,0.0,1.298,2210.5,,,,,,,,,,,,,,,,,,,,,""
7283368706,"Jun 10, 2022, 1:01:03 AM",Back in Denver BAYBEE,Run,,3009,5.97,,,false,,,activities/7283368706.gpx,,,3009.0,1745.0,5972.5,6.24,3.423,15.4,20.4,1618.3,1629.0,6.4,-0.1,,,,,,,,,,,,,,,,,,7.0,,,,,0.0,55.0,0.0,,1.0,5978.4,,,,,,,,,,,,,,,,,,,,,,,,,,0.0,1.985,0.0,,,,,,,,,,,,,,,,,,,,,""
7283393484,"Jun 10, 2022, 1:51:41 AM",Cool down ,Walk,,628,0.96,,,false,,,activities/7283393484.gpx,,,628.0,603.0,959.7,2.96,1.592,7.6,0.3,1624.9,1632.7,3.7,0.8,,,,,,,,,,,,,,,,,,,,,,,,,0.0,,1.0,,,,,,,,,,,,,,,,,,,,,,,,,,,0.0,1.528,0.0,,,,,,,,,,,,,,,,,,,,,""
7299045049,"Jun 12, 2022, 6:34:27 PM",Sunday walk!,Walk,,5525,6.66,,,false,,,activities/7299045049.gpx,,,5525.0,5039.0,6667.7,2.408,1.323,9.5,9.3,1618.2,1623.3,8.4,0.0,,,,,,,,,,,,,,,,,,,,,,,,,0.0,,1.0,,,,,,,,,,,,,,,,,,,,,,,,,,,0.0,1.207,0.0,,,,,,,,,,,,,,,,,,,,,""
7403805682,"Jul 2, 2022, 1:54:21 PM",Morning Hike,Hike,Plus a little bit of the drive oops,8207,10.81,,,false,,,activities/7403805682.gpx,,,8207.0,5590.0,10812.7,40.026,1.934,280.3,430.4,1676.9,2095.0,37.9,-1.4,,,,,,,,,,,,,,,,,,,,,,,,,0.0,,1.0,,,,,,,,,,,,,,,,,,,,,,,,,,,0.0,1.317,5788.6,,,,,,,,,,,,,,,,,,,,,""
7414111907,"Jul 4, 2022, 1:50:19 PM",Hike until we found a bear 😑,Hike,Had to turn around 😵🐻🐻🐻,5771,8.47,,,false,,,activities/7414111907.gpx,,,5771.0,5506.0,8472.2,13.06,1.539,296.9,297.9,1715.1,2000.0,29.0,0.0,,,,,,,,,,,,,,,,,,,,,,,,,0.0,,1.0,,,,,,,,,,,,,,,,,,,,,,,,,,,0.0,1.468,8465.5,,,,,,,,,,,,,,,,,,,,,""
7415312991,"Jul 4, 2022, 4:18:11 PM",Plymouth Mountain,Hike,No bears on this one,8350,10.30,,,false,,,activities/7415312991.gpx,,,8350.0,7129.0,10306.0,3.364,1.446,430.3,439.5,1842.4,2211.7,37.9,-0.1,,,,,,,,,,,,,,,,,,,,,,,,,0.0,,1.0,,,,,,,,,,,,,,,,,,,,,,,,,,,0.0,1.234,10306.0,,,,,,,,,,,,,,,,,,,,,""
7532227756,"Jul 26, 2022, 3:07:36 PM",Last day of vacation!,Run,Run with Sam!,3878,10.36,,,false,,,activities/7532227756.gpx,,,3878.0,3710.0,10360.4,3.978,2.793,165.1,165.1,6.8,73.1,21.9,0.0,,,,,,,,,,,,,,,,,,7.0,,,,,0.0,118.0,0.0,,1.0,10962.2,,,,,,,,,,,,,,,,,,,,,,,,,,0.0,2.672,10056.0,,,,,,,,,,,,,,,,,,,,,""
7555980556,"Jul 30, 2022, 10:01:55 PM",Hot Saturday ,Run,,2874,6.51,,,false,"Go when it’s not 90+ degrees, Jim!",,activities/7555980556.gpx,,,2874.0,1887.0,6511.7,5.39,3.451,22.8,23.5,1617.8,1629.7,11.3,0.0,,,,,,,,,,,,,,,,,,9.0,,,,,0.0,94.0,0.0,,1.0,6529.1,,,,,,,,,,,,,,,,,,,,,,,,,,0.0,2.266,1604.8,,,,,,,,,,,,,,,,,,,,,""
7600727915,"Aug 7, 2022, 10:58:51 PM",Windy Sunday run,Run,,2060,5.71,,,false,Hot and humid but wind felt nice ,,activities/7600727915.gpx,,,2060.0,1648.0,5719.0,5.172,3.47,17.4,24.7,1617.8,1631.1,3.8,-0.1,,,,,,,,,,,,,,,,,,8.0,,,,,0.0,70.0,0.0,,1.0,5717.6,,,,,,,,,,,,,,,,,,,,,,,,,,0.0,2.776,1263.4,,,,,,,,,,,,,,,,,,,,,""
7653248869,"Aug 17, 2022, 12:39:59 PM",Quick morning run,Run,,1258,3.58,,,false,,,activities/7653248869.gpx,,,1258.0,1068.0,3581.0,5.214,3.353,12.2,12.2,1617.9,1628.0,5.6,0.0,,,,,,,,,,,,,,,,,,5.0,,,,,0.0,19.0,0.0,,1.0,3592.1,,,,,,,,,,,,,,,,,,,,,,,,,,0.0,2.847,0.0,,,,,,,,,,,,,,,,,,,,,""
7653343442,"Aug 17, 2022, 1:01:39 PM",Cooldown walk,Walk,,1161,1.39,,,false,,,activities/7653343442.gpx,,,1161.0,992.0,1395.6,3.609,1.407,15.0,4.5,1627.1,1642.4,22.9,0.8,,,,,,,,,,,,,,,,,,,,,,,,,0.0,,1.0,,,,,,,,,,,,,,,,,,,,,,,,,,,0.0,1.202,25.8,,,,,,,,,,,,,,,,,,,,,""
7682509908,"Aug 22, 2022, 6:53:46 PM",Lunch break walk,Walk,,1505,2.34,,,false,,,activities/7682509908.gpx,,,1505.0,1505.0,2344.5,2.568,1.558,18.3,25.5,1748.3,1767.8,8.9,-0.3,,,,,,,,,,,,,,,,,,,,,,,,,0.0,,1.0,,,,,,,,,,,,,,,,,,,,,,,,,,,0.0,1.558,0.0,,,,,,,,,,,,,,,,,,,,,""
7683767503,"Aug 23, 2022, 1:16:59 AM",Evening walk ,Walk,,1013,1.06,,,false,,,activities/7683767503.gpx,,,1013.0,759.0,1060.8,3.206,1.398,7.4,6.7,1634.3,1642.4,4.8,0.1,,,,,,,,,,,,,,,,,,,,,,,,,0.0,,1.0,,,,,,,,,,,,,,,,,,,,,,,,,,,0.0,1.047,0.0,,,,,,,,,,,,,,,,,,,,,""
7688701807,"Aug 23, 2022, 7:46:26 PM",Lunch walk,Walk,,2460,3.53,,,false,,,activities/7688701807.gpx,,,2460.0,2274.0,3533.8,2.71,1.554,16.5,16.9,1758.7,1768.9,5.6,0.0,,,,,,,,,,,,,,,,,,,,,,,,,0.0,,1.0,,,,,,,,,,,,,,,,,,,,,,,,,,,0.0,1.436,0.0,,,,,,,,,,,,,,,,,,,,,""
7699531755,"Aug 25, 2022, 6:19:32 PM",Lunch walk,Walk,,2270,3.64,,,false,,,activities/7699531755.gpx,,,2270.0,2205.0,3639.3,3.22,1.65,20.7,21.2,1758.7,1769.0,4.7,0.0,,,,,,,,,,,,,,,,,,,,,,,,,0.0,,1.0,,,,,,,,,,,,,,,,,,,,,,,,,,,0.0,1.603,0.0,,,,,,,,,,,,,,,,,,,,,""
7727542108,"Aug 30, 2022, 6:59:38 PM",Lunch walk,Walk,,3117,3.93,,,false,,,activities/7727542108.gpx,,,3117.0,2535.0,3935.4,2.688,1.552,18.2,20.3,1757.3,1770.6,6.1,-0.1,,,,,,,,,,,,,,,,,,,,,,,,,0.0,,1.0,,,,,,,,,,,,,,,,,,,,,,,,,,,0.0,1.263,0.0,,,,,,,,,,,,,,,,,,,,,""
7733453785,"Aug 31, 2022, 8:21:59 PM",Lunch walk ,Walk,,2572,3.28,,,false,,,activities/7733453785.gpx,,,2572.0,2112.0,3280.0,3.547,1.553,16.7,16.4,1758.7,1768.6,5.6,0.0,,,,,,,,,,,,,,,,,,,,,,,,,0.0,,1.0,,,,,,,,,,,,,,,,,,,,,,,,,,,0.0,1.275,0.0,,,,,,,,,,,,,,,,,,,,,""
7734406069,"Sep 1, 2022, 1:47:10 AM",First day rollerblading!,Inline Skate,,1119,2.71,,,false,,,activities/7734406069.gpx,,,1119.0,1119.0,2717.2,4.796,2.428,4.9,0.4,1618.4,1623.5,3.5,0.2,,,,,,,,,,,,,,,,,,4.0,,,,,0.0,12.0,0.0,,1.0,,,,,,,,,,,,,,,,,,,,,,,,,,,0.0,2.428,0.0,,,,,,,,,,,,,,,,,,,,,""
7738489072,"Sep 1, 2022, 6:25:34 PM",Lunch Walk,Walk,,2386,3.74,,,false,,,activities/7738489072.gpx,,,2386.0,2386.0,3743.1,3.32,1.569,41.9,45.0,1744.1,1762.6,15.5,-0.1,,,,,,,,,,,,,,,,,,,,,,,,,0.0,,1.0,,,,,,,,,,,,,,,,,,,,,,,,,,,0.0,1.569,0.0,,,,,,,,,,,,,,,,,,,,,""
7739861609,"Sep 2, 2022, 1:32:01 AM",Baby skate ,Inline Skate,,1267,1.86,,,false,,,activities/7739861609.gpx,,,1267.0,1179.0,1861.4,3.602,1.579,9.5,9.2,1625.1,1635.1,5.0,0.0,,,,,,,,,,,,,,,,,,,,,,,,,0.0,,1.0,,,,,,,,,,,,,,,,,,,,,,,,,,,0.0,1.469,0.0,,,,,,,,,,,,,,,,,,,,,""
7743714968,"Sep 2, 2022, 6:56:24 PM",Lunch Walk,Walk,,2728,4.35,,,false,,,activities/7743714968.gpx,,,2728.0,2728.0,4352.9,2.56,1.596,19.3,20.5,1758.7,1774.5,6.4,0.0,,,,,,,,,,,,,,,,,,,,,,,,,0.0,,1.0,,,,,,,,,,,,,,,,,,,,,,,,,,,0.0,1.596,0.0,,,,,,,,,,,,,,,,,,,,,""
7749433440,"Sep 3, 2022, 7:20:48 PM",Afternoon Walk,Walk,,2243,2.63,,,false,,,activities/7749433440.gpx,,,2243.0,1869.0,2633.3,2.528,1.409,9.3,7.3,1619.7,1623.9,5.7,0.1,,,,,,,,,,,,,,,,,,,,,,,,,0.0,,1.0,,,,,,,,,,,,,,,,,,,,,,,,,,,0.0,1.174,11.5,,,,,,,,,,,,,,,,,,,,,""
7761366686,"Sep 5, 2022, 11:47:35 PM",Longest skate ever! ,Inline Skate,,2553,6.86,,,false,,,activities/7761366686.gpx,,,2553.0,2474.0,6860.9,6.996,2.773,17.5,14.2,1618.4,1624.4,11.1,0.0,,,,,,,,,,,,,,,,,,,,,,,,,0.0,,1.0,,,,,,,,,,,,,,,,,,,,,,,,,,,0.0,2.687,0.0,,,,,,,,,,,,,,,,,,,,,""
7765778863,"Sep 6, 2022, 6:37:54 PM",Lunch Walk,Walk,,2351,3.44,,,false,,,activities/7765778863.gpx,,,2351.0,2218.0,3442.1,2.456,1.552,14.7,18.1,1758.7,1769.6,5.7,-0.1,,,,,,,,,,,,,,,,,,,,,,,,,0.0,,1.0,,,,,,,,,,,,,,,,,,,,,,,,,,,0.0,1.464,0.0,,,,,,,,,,,,,,,,,,,,,""
7774617182,"Sep 8, 2022, 12:37:58 PM",Quick run before work,Run,,625,1.99,,,false,,,activities/7774617182.gpx,,,625.0,541.0,1995.7,5.206,3.689,5.7,6.3,1625.0,1631.6,2.0,0.0,,,,,,,,,,,,,,,,,,,,,,,,,0.0,,1.0,1996.9,,,,,,,,,,,,,,,,,,,,,,,,,,0.0,3.193,0.0,,,,,,,,,,,,,,,,,,,,,""
7776970146,"Sep 8, 2022, 8:33:40 PM",Lunch Walk,Walk,,2430,3.12,,,false,,,activities/7776970146.gpx,,,2430.0,1936.0,3128.9,3.435,1.616,14.7,17.3,1758.7,1769.6,5.1,-0.1,,,,,,,,,,,,,,,,,,,,,,,,,0.0,,1.0,,,,,,,,,,,,,,,,,,,,,,,,,,,0.0,1.288,0.0,,,,,,,,,,,,,,,,,,,,,""
7799106580,"Sep 13, 2022, 12:35:10 AM",Grocery walk,Walk,,3017,3.29,,,false,,,activities/7799106580.gpx,,,3017.0,2033.0,3293.0,3.204,1.62,15.1,14.5,1626.4,1637.0,10.3,0.0,,,,,,,,,,,,,,,,,,,,,,,,,0.0,,1.0,,,,,,,,,,,,,,,,,,,,,,,,,,,0.0,1.091,3.5,,,,,,,,,,,,,,,,,,,,,""
7867885807,"Sep 25, 2022, 11:44:21 PM",Exploring the neighborhood ,Walk,,3013,2.09,,,false,,,activities/7867885807.gpx,,,3013.0,1253.0,2093.1,10.207,1.67,5.3,11.1,1635.8,1643.6,10.2,-0.3,,,,,,,,,,,,,,,,,,,,,,,,,0.0,,1.0,,,,,,,,,,,,,,,,,,,,,,,,,,,0.0,0.695,0.0,,,,,,,,,,,,,,,,,,,,,""
7886617012,"Sep 29, 2022, 6:55:51 PM",Lunch Walk,Walk,,2876,4.24,,,false,,,activities/7886617012.gpx,,,2876.0,2719.0,4245.2,2.602,1.561,26.8,27.0,1758.7,1779.1,13.5,0.0,,,,,,,,,,,,,,,,,,,,,,,,,0.0,,1.0,,,,,,,,,,,,,,,,,,,,,,,,,,,0.0,1.476,0.0,,,,,,,,,,,,,,,,,,,,,""
7887631574,"Sep 30, 2022, 12:36:54 AM",Evening run ,Run,,1845,5.17,,,false,,,activities/7887631574.gpx,,,1845.0,1652.0,5173.2,5.064,3.131,25.9,18.5,1617.9,1638.3,7.5,0.1,,,,,,,,,,,,,,,,,,8.0,,,,,0.0,71.0,0.0,,1.0,5201.5,,,,,,,,,,,,,,,,,,,,,,,,,,0.0,2.804,569.0,,,,,,,,,,,,,,,,,,,,,""
7891207035,"Sep 30, 2022, 7:49:12 PM",Lunch walk,Walk,,2218,3.33,,,false,,,activities/7891207035.gpx,,,2218.0,2107.0,3337.8,5.545,1.584,16.3,16.9,1758.7,1768.6,6.0,0.0,,,,,,,,,,,,,,,,,,,,,,,,,0.0,,1.0,,,,,,,,,,,,,,,,,,,,,,,,,,,0.0,1.505,0.0,,,,,,,,,,,,,,,,,,,,,""
7906436674,"Oct 3, 2022, 6:04:27 PM",Lunch Walk,Walk,,2847,3.44,,,false,,,activities/7906436674.gpx,,,2847.0,2290.0,3446.3,2.642,1.505,13.7,15.1,1758.7,1768.6,5.1,0.0,,,,,,,,,,,,,,,,,,,,,,,,,0.0,,1.0,,,,,,,,,,,,,,,,,,,,,,,,,,,0.0,1.211,0.0,,,,,,,,,,,,,,,,,,,,,""
7917194382,"Oct 5, 2022, 7:19:45 PM",Lunch walk,Walk,,906,1.11,,,false,,,activities/7917194382.gpx,,,906.0,840.0,1115.0,2.649,1.327,3.9,4.7,1758.7,1762.6,4.9,-0.1,,,,,,,,,,,,,,,,,,,,,,,,,0.0,,1.0,,,,,,,,,,,,,,,,,,,,,,,,,,,0.0,1.231,0.0,,,,,,,,,,,,,,,,,,,,,""
7948274315,"Oct 11, 2022, 6:34:11 PM",Lunch Walk,Walk,,2894,3.98,,,false,,,activities/7948274315.gpx,,,2894.0,2698.0,3984.4,8.422,1.477,18.6,19.0,1758.5,1769.6,6.9,0.0,,,,,,,,,,,,,,,,,,,,,,,,,0.0,,1.0,,,,,,,,,,,,,,,,,,,,,,,,,,,0.0,1.377,0.0,,,,,,,,,,,,,,,,,,,,,""
7953699478,"Oct 12, 2022, 6:22:08 PM",Lunch walk,Walk,,3227,3.60,,,false,,,activities/7953699478.gpx,,,3227.0,2310.0,3600.5,2.618,1.559,17.3,17.1,1758.7,1769.6,7.8,0.0,,,,,,,,,,,,,,,,,,,,,,,,,0.0,,1.0,,,,,,,,,,,,,,,,,,,,,,,,,,,0.0,1.116,0.0,,,,,,,,,,,,,,,,,,,,,""
7959476184,"Oct 13, 2022, 11:51:02 PM",Waiting for traffic to end,Walk,,1742,2.26,,,false,,,activities/7959476184.gpx,,,1742.0,1527.0,2262.6,2.642,1.482,15.1,22.6,1764.9,1785.3,10.3,-0.3,,,,,,,,,,,,,,,,,,,,,,,,,0.0,,1.0,,,,,,,,,,,,,,,,,,,,,,,,,,,0.0,1.299,0.0,,,,,,,,,,,,,,,,,,,,,""
7978593218,"Oct 17, 2022, 5:57:47 PM",Lunch Walk,Walk,,2486,3.70,,,false,,,activities/7978593218.gpx,,,2486.0,2412.0,3699.9,2.662,1.534,19.2,20.1,1752.7,1769.6,6.3,0.0,,,,,,,,,,,,,,,,,,,,,,,,,0.0,,1.0,,,,,,,,,,,,,,,,,,,,,,,,,,,0.0,1.488,0.0,,,,,,,,,,,,,,,,,,,,,""
7979753139,"Oct 17, 2022, 11:33:14 PM",Sunset Run,Run,,2296,6.63,,,false,,,activities/7979753139.gpx,,,2296.0,1935.0,6637.5,5.45,3.43,20.8,21.9,1618.4,1631.3,5.8,0.0,,,,,,,,,,,,,,,,,,7.0,,,,,0.0,61.0,0.0,,1.0,6652.4,,,,,,,,,,,,,,,,,,,,,,,,,,0.0,2.891,192.0,,,,,,,,,,,,,,,,,,,,,media/B2144253-B293-48C4-8D71-6549942375AC.jpg
7987422919,"Oct 19, 2022, 12:51:16 PM",Morning Walk,Walk,,2202,2.34,,,false,,,activities/7987422919.gpx,,,2202.0,1800.0,2343.6,10.79,1.302,10.4,16.5,1625.2,1641.3,5.4,-0.3,,,,,,,,,,,,,,,,,,,,,,,,,0.0,,1.0,,,,,,,,,,,,,,,,,,,,,,,,,,,0.0,1.064,47.1,,,,,,,,,,,,,,,,,,,,,""
7989119050,"Oct 19, 2022, 6:07:54 PM",Lunch Walk,Walk,,2792,4.10,,,false,,,activities/7989119050.gpx,,,2792.0,2792.0,4104.4,2.384,1.47,16.4,16.3,1758.7,1771.4,7.6,0.0,,,,,,,,,,,,,,,,,,,,,,,,,0.0,,1.0,,,,,,,,,,,,,,,,,,,,,,,,,,,0.0,1.47,0.0,,,,,,,,,,,,,,,,,,,,,""
7993949580,"Oct 20, 2022, 6:19:22 PM",Lunch walk,Walk,,3473,2.40,,,false,,,activities/7993949580.gpx,,,3473.0,1509.0,2403.5,3.035,1.593,16.3,18.1,1758.7,1768.8,7.9,-0.1,,,,,,,,,,,,,,,,,,,,,,,,,0.0,,1.0,,,,,,,,,,,,,,,,,,,,,,,,,,,0.0,0.692,0.0,,,,,,,,,,,,,,,,,,,,,""
7998284844,"Oct 21, 2022, 6:57:24 PM",Lunch walk,Walk,,1238,1.95,,,false,,,activities/7998284844.gpx,,,1238.0,1238.0,1958.1,2.45,1.582,12.6,13.1,1758.7,1765.0,4.4,0.0,,,,,,,,,,,,,,,,,,,,,,,,,0.0,,1.0,,,,,,,,,,,,,,,,,,,,,,,,,,,0.0,1.582,0.0,,,,,,,,,,,,,,,,,,,,,""
8013499877,"Oct 24, 2022, 6:17:32 PM",Lunch Walk,Walk,,2566,3.85,,,false,,,activities/8013499877.gpx,,,2566.0,2538.0,3849.4,2.479,1.517,17.7,17.6,1758.7,1769.6,7.1,0.0,,,,,,,,,,,,,,,,,,,,,,,,,0.0,,1.0,,,,,,,,,,,,,,,,,,,,,,,,,,,0.0,1.5,0.0,,,,,,,,,,,,,,,,,,,,,""
8018980276,"Oct 25, 2022, 7:42:01 PM",Lunch Walk,Walk,,2036,1.23,,,false,,,activities/8018980276.gpx,,,2036.0,757.0,1235.2,2.618,1.632,10.0,8.7,1758.7,1768.7,8.0,0.1,,,,,,,,,,,,,,,,,,,,,,,,,0.0,,1.0,,,,,,,,,,,,,,,,,,,,,,,,,,,0.0,0.607,0.0,,,,,,,,,,,,,,,,,,,,,""
8023782064,"Oct 26, 2022, 6:10:43 PM",Lunch Walk,Walk,,2148,3.37,,,false,,,activities/8023782064.gpx,,,2148.0,2148.0,3370.1,2.758,1.569,14.7,18.3,1758.7,1769.6,7.4,-0.1,,,,,,,,,,,,,,,,,,,,,,,,,0.0,,1.0,,,,,,,,,,,,,,,,,,,,,,,,,,,0.0,1.569,0.0,,,,,,,,,,,,,,,,,,,,,""
8029187737,"Oct 27, 2022, 8:24:34 PM",Quick work break,Walk,,878,1.44,,,false,,,activities/8029187737.gpx,,,878.0,878.0,1443.3,2.552,1.644,8.9,9.7,1758.7,1762.6,5.1,-0.1,,,,,,,,,,,,,,,,,,,,,,,,,0.0,,1.0,,,,,,,,,,,,,,,,,,,,,,,,,,,0.0,1.644,0.0,,,,,,,,,,,,,,,,,,,,,""
8049269796,"Oct 31, 2022, 7:44:46 PM",Lunch Walk,Walk,,954,1.41,,,false,,,activities/8049269796.gpx,,,954.0,954.0,1417.4,2.3,1.486,9.2,8.4,1758.2,1762.6,15.0,0.1,,,,,,,,,,,,,,,,,,,,,,,,,0.0,,1.0,,,,,,,,,,,,,,,,,,,,,,,,,,,0.0,1.486,0.0,,,,,,,,,,,,,,,,,,,,,""
8093587604,"Nov 9, 2022, 6:39:43 PM",Lunch Walk,Walk,,3056,1.76,,,false,,,activities/8093587604.gpx,,,3056.0,1091.0,1762.8,2.53,1.616,13.2,13.9,1758.2,1768.9,6.5,0.0,,,,,,,,,,,,,,,,,,,,,,,,,0.0,,1.0,,,,,,,,,,,,,,,,,,,,,,,,,,,0.0,0.577,0.0,,,,,,,,,,,,,,,,,,,,,""
8098742366,"Nov 10, 2022, 8:33:07 PM",Afternoon Walk,Walk,,1039,1.74,,,false,,,activities/8098742366.gpx,,,1039.0,1039.0,1742.0,2.426,1.677,11.5,12.1,1758.7,1764.1,4.9,0.0,,,,,,,,,,,,,,,,,,,,,,,,,0.0,,1.0,,,,,,,,,,,,,,,,,,,,,,,,,,,0.0,1.677,0.0,,,,,,,,,,,,,,,,,,,,,""
8103317965,"Nov 11, 2022, 7:45:10 PM",Lunch Walk,Walk,,2713,3.97,,,false,,,activities/8103317965.gpx,,,2713.0,2499.0,3976.8,2.612,1.591,17.9,17.9,1758.7,1769.6,5.4,0.0,,,,,,,,,,,,,,,,,,,,,,,,,0.0,,1.0,,,,,,,,,,,,,,,,,,,,,,,,,,,0.0,1.466,0.0,,,,,,,,,,,,,,,,,,,,,""
8129132185,"Nov 17, 2022, 3:56:04 AM",Night Walk,Walk,,2440,3.33,,,false,,,activities/8129132185.gpx,,,2440.0,2372.0,3329.2,5.312,1.404,23.2,23.6,1635.1,1643.8,9.1,0.0,,,,,,,,,,,,,,,,,,,,,,,,,0.0,,1.0,,,,,,,,,,,,,,,,,,,,,,,,,,,0.0,1.364,63.7,,,,,,,,,,,,,,,,,,,,,""
8150049008,"Nov 21, 2022, 7:15:37 PM",Lunch Walk,Walk,,2029,3.54,,,false,,,activities/8150049008.gpx,,,2029.0,2029.0,3547.5,3.991,1.748,14.7,15.9,1758.7,1769.6,5.9,0.0,,,,,,,,,,,,,,,,,,,,,,,,,0.0,,1.0,,,,,,,,,,,,,,,,,,,,,,,,,,,0.0,1.748,0.0,,,,,,,,,,,,,,,,,,,,,media/9EEFEA9F-DC36-476E-B117-E390368624B0.jpg
8154603443,"Nov 22, 2022, 7:13:20 PM",Lunch Walk,Walk,,2747,4.43,,,false,,,activities/8154603443.gpx,,,2747.0,2747.0,4437.8,2.682,1.616,21.2,19.9,1757.3,1769.6,35.8,0.0,,,,,,,,,,,,,,,,,,,,,,,,,0.0,,1.0,,,,,,,,,,,,,,,,,,,,,,,,,,,0.0,1.616,0.0,,,,,,,,,,,,,,,,,,,,,""
8195161415,"Dec 1, 2022, 8:51:24 PM",Quick break,Walk,,803,1.34,,,false,,,activities/8195161415.gpx,,,803.0,803.0,1342.9,2.43,1.672,6.2,11.8,1752.6,1762.6,5.1,-0.4,,,,,,,,,,,,,,,,,,,,,,,,,0.0,,1.0,,,,,,,,,,,,,,,,,,,,,,,,,,,0.0,1.672,0.0,,,,,,,,,,,,,,,,,,,,,""
8195765125,"Dec 2, 2022, 12:16:50 AM",Waiting for traffic to calm down,Walk,,941,1.39,,,false,,,activities/8195765125.gpx,,,941.0,907.0,1391.8,9.657,1.534,14.6,14.6,1764.9,1777.1,18.2,0.0,,,,,,,,,,,,,,,,,,,,,,,,,0.0,,1.0,,,,,,,,,,,,,,,,,,,,,,,,,,,0.0,1.479,0.0,,,,,,,,,,,,,,,,,,,,,""
8198888275,"Dec 2, 2022, 7:29:37 PM",Windy lunch walk,Walk,,2297,3.70,,,false,,,activities/8198888275.gpx,,,2297.0,2193.0,3699.0,4.22,1.687,19.1,19.3,1757.5,1769.6,5.7,0.0,,,,,,,,,,,,,,,,,,,,,,,,,0.0,,1.0,,,,,,,,,,,,,,,,,,,,,,,,,,,0.0,1.61,0.0,,,,,,,,,,,,,,,,,,,,,""
8208803160,"Dec 5, 2022, 12:09:13 AM",Grocery Run,Walk,,3174,3.62,,,false,,,activities/8208803160.gpx,,,3174.0,2167.0,3624.1,8.296,1.672,15.3,15.0,1626.4,1642.2,9.8,0.0,,,,,,,,,,,,,,,,,,,,,,,,,0.0,,1.0,,,,,,,,,,,,,,,,,,,,,,,,,,,0.0,1.142,0.0,,,,,,,,,,,,,,,,,,,,,""
8211767431,"Dec 5, 2022, 7:05:28 PM",Lunch Walk,Walk,,2682,4.21,,,false,,,activities/8211767431.gpx,,,2682.0,2665.0,4209.9,3.022,1.58,14.7,16.9,1758.7,1769.6,4.4,-0.1,,,,,,,,,,,,,,,,,,,,,,,,,0.0,,1.0,,,,,,,,,,,,,,,,,,,,,,,,,,,0.0,1.57,0.0,,,,,,,,,,,,,,,,,,,,,""
8221013628,"Dec 7, 2022, 9:09:54 PM",Lunch Walk,Walk,,2044,3.62,,,false,,,activities/8221013628.gpx,,,2044.0,2044.0,3619.4,2.755,1.771,14.7,18.2,1758.2,1769.6,5.3,-0.1,,,,,,,,,,,,,,,,,,,,,,,,,0.0,,1.0,,,,,,,,,,,,,,,,,,,,,,,,,,,0.0,1.771,0.0,,,,,,,,,,,,,,,,,,,,,""
8224792672,"Dec 8, 2022, 6:47:59 PM", Lunch Walk,Walk,,2673,4.33,,,false,,,activities/8224792672.gpx,,,2673.0,2640.0,4337.9,3.19,1.643,30.0,32.3,1758.7,1782.5,9.0,-0.1,,,,,,,,,,,,,,,,,,,,,,,,,0.0,,1.0,,,,,,,,,,,,,,,,,,,,,,,,,,,0.0,1.623,0.0,,,,,,,,,,,,,,,,,,,,,""
8240871032,"Dec 12, 2022, 6:45:14 PM",Lunch Walk,Walk,,3245,3.88,,,false,,,activities/8240871032.gpx,,,3245.0,2469.0,3880.2,3.318,1.572,19.9,19.5,1757.4,1769.6,8.3,0.0,,,,,,,,,,,,,,,,,,,,,,,,,0.0,,1.0,,,,,,,,,,,,,,,,,,,,,,,,,,,0.0,1.196,0.0,,,,,,,,,,,,,,,,,,,,,""
8249078069,"Dec 14, 2022, 8:00:21 PM",Lunch walk,Walk,,3151,4.07,,,false,,,activities/8249078069.gpx,,,3151.0,2672.0,4076.5,2.56,1.526,18.6,19.3,1758.7,1770.8,11.2,0.0,,,,,,,,,,,,,,,,,,,,,,,,,0.0,,1.0,,,,,,,,,,,,,,,,,,,,,,,,,,,0.0,1.294,0.0,,,,,,,,,,,,,,,,,,,,,""
8252543754,"Dec 15, 2022, 7:24:16 PM",🥶walk,Walk,,1157,1.76,,,false,,,activities/8252543754.gpx,,,1157.0,1157.0,1760.7,2.598,1.522,9.8,14.4,1757.2,1764.6,5.6,-0.3,,,,,,,,,,,,,,,,,,,,,,,,,0.0,,1.0,,,,,,,,,,,,,,,,,,,,,,,,,,,0.0,1.522,0.0,,,,,,,,,,,,,,,,,,,,,""
8271973536,"Dec 20, 2022, 7:30:52 PM",Lunch Walk,Walk,,2384,3.92,,,false,,,activities/8271973536.gpx,,,2384.0,2384.0,3924.6,3.003,1.646,27.3,28.4,1758.7,1777.8,10.7,0.0,,,,,,,,,,,,,,,,,,,,,,,,,0.0,,1.0,,,,,,,,,,,,,,,,,,,,,,,,,,,0.0,1.646,0.0,,,,,,,,,,,,,,,,,,,,,""
8343767193,"Jan 5, 2023, 7:17:49 PM",Lunch Walk 🥶,Walk,,1841,2.56,,,false,,,activities/8343767193.gpx,,,1841.0,1841.0,2566.8,2.501,1.394,16.0,19.3,1752.9,1765.0,5.5,-0.1,,,,,,,,,,,,,,,,,,,,,,,,,0.0,,1.0,,,,,,,,,,,,,,,,,,,,,,,,,,,0.0,1.394,0.0,,,,,,,,,,,,,,,,,,,,,""
8348813449,"Jan 6, 2023, 6:50:53 PM",Lunch Walk,Walk,,2414,3.47,,,false,,,activities/8348813449.gpx,,,2414.0,2414.0,3471.2,2.408,1.438,10.0,18.4,1752.1,1769.0,5.4,-0.2,,,,,,,,,,,,,,,,,,,,,,,,,0.0,,1.0,,,,,,,,,,,,,,,,,,,,,,,,,,,0.0,1.438,0.0,,,,,,,,,,,,,,,,,,,,,""
8365290275,"Jan 9, 2023, 7:06:20 PM",Lunch Walk,Walk,,2541,3.94,,,false,,,activities/8365290275.gpx,,,2541.0,2541.0,3945.9,3.143,1.553,17.1,17.1,1758.9,1769.0,5.8,0.0,,,,,,,,,,,,,,,,,,,,,,,,,0.0,,1.0,,,,,,,,,,,,,,,,,,,,,,,,,,,0.0,1.553,0.0,,,,,,,,,,,,,,,,,,,,,""
8381799744,"Jan 12, 2023, 7:36:01 PM",Afternoon Walk,Walk,,2350,3.67,,,false,,,activities/8381799744.gpx,,,2350.0,2350.0,3677.1,2.538,1.565,16.7,17.0,1759.0,1769.0,5.6,0.0,,,,,,,,,,,,,,,,,,,,,,,,,0.0,,1.0,,,,,,,,,,,,,,,,,,,,,,,,,,,0.0,1.565,0.0,,,,,,,,,,,,,,,,,,,,,""
8402768233,"Jan 16, 2023, 6:57:30 PM",Lunch Walk,Walk,,2519,3.84,,,false,,,activities/8402768233.gpx,,,2519.0,2446.0,3846.4,3.362,1.573,16.4,19.3,1757.1,1769.0,5.7,-0.1,,,,,,,,,,,,,,,,,,,,,,,,,0.0,,1.0,,,,,,,,,,,,,,,,,,,,,,,,,,,0.0,1.527,0.0,,,,,,,,,,,,,,,,,,,,,""
8424041803,"Jan 20, 2023, 7:44:21 PM",Afternoon Walk,Walk,,1131,1.77,,,false,,,activities/8424041803.gpx,,,1131.0,1116.0,1771.8,2.306,1.588,10.4,11.7,1757.3,1763.5,5.9,-0.1,,,,,,,,,,,,,,,,,,,,,,,,,0.0,,1.0,,,,,,,,,,,,,,,,,,,,,,,,,,,0.0,1.567,0.0,,,,,,,,,,,,,,,,,,,,,""
8456881456,"Jan 26, 2023, 7:50:27 PM",Afternoon Walk,Walk,,1958,2.90,,,false,,,activities/8456881456.gpx,,,1958.0,1871.0,2905.2,2.972,1.553,12.8,13.1,1758.7,1768.3,5.3,0.0,,,,,,,,,,,,,,,,,,,,,,,,,0.0,,1.0,,,,,,,,,,,,,,,,,,,,,,,,,,,0.0,1.484,0.0,,,,,,,,,,,,,,,,,,,,,""
8528523377,"Feb 8, 2023, 7:32:18 PM",Afternoon Walk,Walk,,3046,3.90,,,false,,,activities/8528523377.gpx,,,3046.0,2558.0,3900.3,4.113,1.525,17.0,18.4,1757.5,1769.0,7.1,0.0,,,,,,,,,,,,,,,,,,,,,,,,,0.0,,1.0,,,,,,,,,,,,,,,,,,,,,,,,,,,0.0,1.28,0.0,,,,,,,,,,,,,,,,,,,,,""
8533890875,"Feb 9, 2023, 7:45:44 PM",Cold as hell,Walk,,1143,1.95,,,false,,,activities/8533890875.gpx,,,1143.0,1143.0,1954.7,2.573,1.71,9.8,14.6,1756.6,1765.1,5.7,-0.2,,,,,,,,,,,,,,,,,,,,,,,,,0.0,,1.0,,,,,,,,,,,,,,,,,,,,,,,,,,,0.0,1.71,0.0,,,,,,,,,,,,,,,,,,,,,""
8539066283,"Feb 10, 2023, 8:06:10 PM",Afternoon Walk,Walk,,2367,3.75,,,false,,,activities/8539066283.gpx,,,2367.0,2346.0,3755.9,2.691,1.601,17.9,17.8,1758.7,1769.0,5.6,0.0,,,,,,,,,,,,,,,,,,,,,,,,,0.0,,1.0,,,,,,,,,,,,,,,,,,,,,,,,,,,0.0,1.587,0.0,,,,,,,,,,,,,,,,,,,,,""
8562071253,"Feb 14, 2023, 7:16:54 PM",Afternoon Walk,Walk,,6656,3.93,,,false,,,activities/8562071253.gpx,,,6656.0,2617.0,3934.6,2.895,1.503,13.7,19.4,1757.1,1769.0,4.7,-0.1,,,,,,,,,,,,,,,,,,,,,,,,,0.0,,1.0,,,,,,,,,,,,,,,,,,,,,,,,,,,0.0,0.591,0.0,,,,,,,,,,,,,,,,,,,,,""
8600320057,"Feb 21, 2023, 6:48:29 PM",Lunch Walk,Walk,,2960,4.27,,,false,,,activities/8600320057.gpx,,,2960.0,2761.0,4271.8,2.614,1.547,17.3,22.6,1752.9,1769.0,5.8,-0.1,,,,,,,,,,,,,,,,,,,,,,,,,0.0,,1.0,,,,,,,,,,,,,,,,,,,,,,,,,,,0.0,1.443,0.0,,,,,,,,,,,,,,,,,,,,,""
8632495597,"Feb 27, 2023, 6:45:04 PM",Lunch Walk,Walk,,3727,5.27,,,false,,,activities/8632495597.gpx,,,3727.0,3498.0,5270.3,2.492,1.507,23.9,24.9,1758.2,1769.0,7.8,0.0,,,,,,,,,,,,,,,,,,,,,,,,,0.0,,1.0,,,,,,,,,,,,,,,,,,,,,,,,,,,0.0,1.414,0.0,,,,6312.0,,,,,,,,,,,,,,,,,""
8677250323,"Mar 7, 2023, 7:28:08 PM",Afternoon Walk,Walk,,2588,4.14,,,false,,,activities/8677250323.gpx,,,2588.0,2563.0,4139.5,2.612,1.615,20.4,23.0,1752.9,1769.0,16.9,-0.1,,,,,,,,,,,,,,,,,,,,,,,,,0.0,,1.0,,,,,,,,,,,,,,,,,,,,,,,,,,,0.0,1.599,0.0,,,,4866.0,,,,,,,,,,,,,,,,,""
8687605508,"Mar 9, 2023, 6:34:53 PM",Lunch Walk,Walk,,3211,4.70,,,false,,,activities/8687605508.gpx,,,3211.0,3149.0,4707.4,7.368,1.495,24.3,24.3,1752.9,1769.0,6.0,0.0,,,,,,,,,,,,,,,,,,,,,,,,,0.0,,1.0,,,,,,,,,,,,,,,,,,,,,,,,,,,0.0,1.466,0.0,,,,5182.0,,,,,,,,,,,,,,,,,""
8692568486,"Mar 10, 2023, 7:11:08 PM",Afternoon Walk,Walk,,3465,4.60,,,false,,,activities/8692568486.gpx,,,3465.0,3025.0,4602.6,4.302,1.522,22.3,22.4,1757.2,1769.0,9.1,0.0,,,,,,,,,,,,,,,,,,,,,,,,,0.0,,1.0,,,,,,,,,,,,,,,,,,,,,,,,,,,0.0,1.328,0.0,,,,5376.0,,,,,,,,,,,,,,,,,""
8708999869,"Mar 13, 2023, 6:27:55 PM",Afternoon Walk,Walk,,2480,3.69,,,false,,,activities/8708999869.gpx,,,2480.0,2480.0,3696.1,2.314,1.49,16.5,17.2,1758.9,1769.0,5.1,0.0,,,,,,,,,,,,,,,,,,,,,,,,,0.0,,1.0,,,,,,,,,,,,,,,,,,,,,,,,,,,0.0,1.49,0.0,,,,4450.0,,,,,,,,,,,,,,,,,""
8714682094,"Mar 14, 2023, 6:53:22 PM",Afternoon Walk,Walk,,2873,4.63,,,false,,,activities/8714682094.gpx,,,2873.0,2873.0,4633.9,2.946,1.613,20.6,21.9,1757.7,1769.0,5.8,0.0,,,,,,,,,,,,,,,,,,,,,,,,,0.0,,1.0,,,,,,,,,,,,,,,,,,,,,,,,,,,0.0,1.613,0.0,,,,5062.0,,,,,,,,,,,,,,,,,""
8720237064,"Mar 15, 2023, 6:23:31 PM",Afternoon Walk,Walk,,3585,4.90,,,false,,,activities/8720237064.gpx,,,3585.0,3184.0,4907.3,2.758,1.541,21.8,23.8,1752.9,1770.1,5.9,0.0,,,,,,,,,,,,,,,,,,,,,,,,,0.0,,1.0,,,,,,,,,,,,,,,,,,,,,,,,,,,0.0,1.369,0.0,,,,5870.0,,,,,,,,,,,,,,,,,""
8753800168,"Mar 21, 2023, 5:55:51 PM",Lunch Walk,Walk,,2784,4.14,,,false,,,activities/8753800168.gpx,,,2784.0,2701.0,4149.0,2.922,1.536,17.4,20.1,1758.7,1769.0,5.5,-0.1,,,,,,,,,,,,,,,,,,,,,,,,,0.0,,1.0,,,,,,,,,,,,,,,,,,,,,,,,,,,0.0,1.49,0.0,,,,4986.0,,,,,,,,,,,,,,,,,""
8765892907,"Mar 23, 2023, 7:28:57 PM",Afternoon Walk,Walk,,3150,4.47,,,false,,,activities/8765892907.gpx,,,3150.0,3035.0,4474.4,2.732,1.474,16.5,17.4,1758.2,1769.0,15.6,0.0,,,,,,,,,,,,,,,,,,,,,,,,,0.0,,1.0,,,,,,,,,,,,,,,,,,,,,,,,,,,0.0,1.42,0.0,,,,5484.0,,,,,,,,,,,,,,,,,""
8804818536,"Mar 30, 2023, 6:45:01 PM",Afternoon Walk,Walk,,3061,5.10,,,false,,,activities/8804818536.gpx,,,3061.0,3029.0,5108.6,3.168,1.687,36.4,38.4,1750.4,1769.0,17.0,0.0,,,,,,,,,,,,,,,,,,,,,,,,,0.0,,1.0,,,,,,,,,,,,,,,,,,,,,,,,,,,0.0,1.669,0.0,,,,5780.0,,,,,,,,,,,,,,,,,""
8815344083,"Apr 1, 2023, 7:57:02 PM",Run part 1,Run,,951,2.97,,,false,,,activities/8815344083.gpx,,,951.0,834.0,2977.6,6.492,3.57,5.3,18.0,1617.9,1631.2,4.1,-0.4,,,,,,,,,,,,,,,,,,,,,,,,,0.0,,1.0,2960.6,,,,,,,,,,,,,,,,,,,,,,,,,,0.0,3.131,922.8,,,,2224.0,,,,,,,,,,,,,,,,,""
8815688476,"Apr 1, 2023, 9:59:51 PM",Run part 2,Run,,721,2.10,,,false,,,activities/8815688476.gpx,,,721.0,639.0,2106.9,5.188,3.297,11.0,4.0,1617.9,1627.0,8.6,0.3,,,,,,,,,,,,,,,,,,,,,,,,,0.0,,1.0,2127.0,,,,,,,,,,,,,,,,,,,,,,,,,,0.0,2.922,801.4,,,,1690.0,,,,,,,,,,,,,,,,,""
8844661875,"Apr 6, 2023, 6:20:07 PM",Afternoon Walk,Walk,Lol forgot to pause it again,12148,6.63,,,false,,,activities/8844661875.gpx,,,12148.0,4270.0,6636.1,9.328,1.554,36.2,34.4,1752.9,1769.6,11.5,0.0,,,,,,,,,,,,,,,,,,,,,,,,,0.0,,1.0,,,,,,,,,,,,,,,,,,,,,,,,,,,0.0,0.546,0.0,,,,7404.0,,,,,,,,,,,,,,,,,""
8850027596,"Apr 7, 2023, 7:49:41 PM",Afternoon Walk,Walk,,1109,1.72,,,false,,,activities/8850027596.gpx,,,1109.0,1109.0,1719.8,2.445,1.551,9.7,13.0,1758.7,1765.1,7.4,-0.2,,,,,,,,,,,,,,,,,,,,,,,,,0.0,,1.0,,,,,,,,,,,,,,,,,,,,,,,,,,,0.0,1.551,0.0,,,,2044.0,,,,,,,,,,,,,,,,,""
8867914869,"Apr 10, 2023, 6:32:55 PM",Afternoon Walk,Walk,,3990,5.97,,,false,,,activities/8867914869.gpx,,,3990.0,3918.0,5975.0,3.201,1.525,30.2,30.5,1758.8,1772.2,10.0,0.0,,,,,,,,,,,,,,,,,,,,,,,,,0.0,,1.0,,,,,,,,,,,,,,,,,,,,,,,,,,,0.0,1.497,0.0,,,,7066.0,,,,,,,,,,,,,,,,,""
8873768829,"Apr 11, 2023, 6:59:06 PM",Afternoon Walk,Walk,,1454,2.26,,,false,,,activities/8873768829.gpx,,,1454.0,1454.0,2264.5,2.288,1.557,13.8,18.5,1752.9,1765.1,9.6,-0.2,,,,,,,,,,,,,,,,,,,,,,,,,0.0,,1.0,,,,,,,,,,,,,,,,,,,,,,,,,,,0.0,1.557,0.0,,,,2676.0,,,,,,,,,,,,,,,,,""
8885496634,"Apr 13, 2023, 6:16:48 PM",Afternoon Walk,Walk,,2954,4.44,,,false,,,activities/8885496634.gpx,,,2954.0,2920.0,4442.0,2.427,1.521,35.2,37.4,1752.9,1765.1,11.2,0.0,,,,,,,,,,,,,,,,,,,,,,,,,0.0,,1.0,,,,,,,,,,,,,,,,,,,,,,,,,,,0.0,1.504,0.0,,,,5224.0,,,,,,,,,,,,,,,,,""
8914959735,"Apr 18, 2023, 6:40:49 PM",Afternoon Walk,Walk,,3240,4.60,,,false,,,activities/8914959735.gpx,,,3240.0,2997.0,4599.5,2.342,1.535,19.1,20.1,1757.3,1770.5,4.6,0.0,,,,,,,,,,,,,,,,,,,,,,,,,0.0,,1.0,,,,,,,,,,,,,,,,,,,,,,,,,,,0.0,1.42,0.0,,,,5432.0,,,,,,,,,,,,,,,,,""
8921055352,"Apr 19, 2023, 6:48:06 PM",Afternoon Walk,Walk,,2023,3.13,,,false,,,activities/8921055352.gpx,,,2023.0,2023.0,3130.4,2.794,1.547,12.4,15.0,1758.7,1769.0,4.8,-0.1,,,,,,,,,,,,,,,,,,,,,,,,,0.0,,1.0,,,,,,,,,,,,,,,,,,,,,,,,,,,0.0,1.547,0.0,,,,3732.0,,,,,,,,,,,,,,,,,""
8932366168,"Apr 21, 2023, 6:35:12 PM",Afternoon Walk,Walk,,3573,5.03,,,false,,,activities/8932366168.gpx,,,3573.0,3403.0,5035.9,2.989,1.48,21.7,22.4,1756.4,1770.1,17.3,0.0,,,,,,,,,,,,,,,,,,,,,,,,,0.0,,1.0,,,,,,,,,,,,,,,,,,,,,,,,,,,0.0,1.409,0.0,,,,6204.0,,,,,,,,,,,,,,,,,""
8950300662,"Apr 24, 2023, 6:31:55 PM",Afternoon Walk,Walk,,3550,5.03,,,false,,,activities/8950300662.gpx,,,3550.0,3233.0,5039.0,2.848,1.559,20.6,22.5,1754.1,1770.7,5.2,0.0,,,,,,,,,,,,,,,,,,,,,,,,,0.0,,1.0,,,,,,,,,,,,,,,,,,,,,,,,,,,0.0,1.419,0.0,,,,5994.0,,,,,,,,,,,,,,,,,""
8962526243,"Apr 26, 2023, 6:41:00 PM",Afternoon Walk,Walk,,2839,4.01,,,false,,,activities/8962526243.gpx,,,2839.0,2645.0,4018.4,2.482,1.519,13.5,18.7,1758.2,1770.6,5.8,-0.1,,,,,,,,,,,,,,,,,,,,,,,,,0.0,,1.0,,,,,,,,,,,,,,,,,,,,,,,,,,,0.0,1.415,0.0,,,,4890.0,,,,,,,,,,,,,,,,,""
8968199034,"Apr 27, 2023, 6:03:33 PM",Lunch Walk,Walk,,2755,4.03,,,false,,,activities/8968199034.gpx,,,2755.0,2623.0,4036.3,2.548,1.539,17.0,17.1,1758.7,1769.0,14.7,0.0,,,,,,,,,,,,,,,,,,,,,,,,,0.0,,1.0,,,,,,,,,,,,,,,,,,,,,,,,,,,0.0,1.465,0.0,,,,4814.0,,,,,,,,,,,,,,,,,""
8973716105,"Apr 28, 2023, 6:33:08 PM",Afternoon Walk,Walk,,3486,4.26,,,false,,,activities/8973716105.gpx,,,3486.0,2609.0,4260.9,5.127,1.633,18.5,18.6,1757.2,1769.0,5.7,0.0,,,,,,,,,,,,,,,,,,,,,,,,,0.0,,1.0,,,,,,,,,,,,,,,,,,,,,,,,,,,0.0,1.222,0.0,,,,4910.0,,,,,,,,,,,,,,,,,""
8992877605,"May 1, 2023, 7:35:44 PM",Afternoon Walk,Walk,,2639,4.05,,,false,,,activities/8992877605.gpx,,,2639.0,2618.0,4051.3,3.35,1.547,17.0,18.5,1757.4,1769.0,7.3,0.0,,,,,,,,,,,,,,,,,,,,,,,,,0.0,,1.0,,,,,,,,,,,,,,,,,,,,,,,,,,,0.0,1.535,0.0,,,,4810.0,,,,,,,,,,,,,,,,,""
8998543083,"May 2, 2023, 6:42:15 PM",Afternoon Walk,Walk,,1832,2.68,,,false,,,activities/8998543083.gpx,,,1832.0,1832.0,2680.0,2.183,1.463,30.9,29.7,1752.8,1763.1,11.5,0.0,,,,,,,,,,,,,,,,,,,,,,,,,0.0,,1.0,,,,,,,,,,,,,,,,,,,,,,,,,,,0.0,1.463,0.0,,,,3324.0,,,,,,,,,,,,,,,,,""
9005699412,"May 3, 2023, 8:55:37 PM",Afternoon Walk,Walk,,3194,4.38,,,false,,,activities/9005699412.gpx,,,3194.0,2808.0,4388.3,3.228,1.563,17.5,18.4,1756.4,1769.5,7.5,0.0,,,,,,,,,,,,,,,,,,,,,,,,,0.0,,1.0,,,,,,,,,,,,,,,,,,,,,,,,,,,0.0,1.374,0.0,,,,5182.0,,,,,,,,,,,,,,,,,""
9035700052,"May 8, 2023, 7:15:57 PM",Afternoon Run,Run,,1785,4.37,,,false,,,activities/9035700052.gpx,,,1785.0,1259.0,4374.9,4.946,3.475,40.6,46.9,1753.7,1791.2,13.6,-0.1,,,,,,,,,,,,,,,,,,,,,,,,,0.0,,1.0,4414.7,,,,,,,,,,,,,,,,,,,,,,,,,,0.0,2.451,0.0,,,,3254.0,,,,,,,,,,,,,,,,,""
9035765343,"May 8, 2023, 7:46:01 PM",Afternoon Walk,Walk,,910,1.10,,,false,,,activities/9035765343.gpx,,,910.0,763.0,1100.1,2.14,1.442,16.2,12.1,1748.2,1760.1,10.9,0.4,,,,,,,,,,,,,,,,,,,,,,,,,0.0,,1.0,,,,,,,,,,,,,,,,,,,,,,,,,,,0.0,1.209,0.0,,,,1356.0,,,,,,,,,,,,,,,,,""
9059473987,"May 12, 2023, 7:03:24 PM",Afternoon Walk,Walk,,2735,3.94,,,false,,,activities/9059473987.gpx,,,2735.0,2559.0,3943.1,2.548,1.541,15.1,22.1,1752.9,1769.2,5.2,-0.2,,,,,,,,,,,,,,,,,,,,,,,,,0.0,,1.0,,,,,,,,,,,,,,,,,,,,,,,,,,,0.0,1.442,0.0,,,,4738.0,,,,,,,,,,,,,,,,,""
9090031155,"May 17, 2023, 6:42:25 PM",Afternoon Walk,Walk,Forgot to stop the timerrrrrrrr,4032,3.16,,,false,,,activities/9090031155.gpx,,,4032.0,1970.0,3164.1,2.308,1.606,32.9,33.4,1751.2,1764.4,27.0,0.0,,,,,,,,,,,,,,,,,,,,,,,,,0.0,,1.0,,,,,,,,,,,,,,,,,,,,,,,,,,,0.0,0.785,0.0,,,,3606.0,,,,,,,,,,,,,,,,,""
9096313135,"May 18, 2023, 6:45:06 PM",Afternoon Walk,Walk,,1751,2.84,,,false,,,activities/9096313135.gpx,,,1751.0,1751.0,2840.9,2.281,1.622,26.5,27.8,1752.9,1764.3,14.8,0.0,,,,,,,,,,,,,,,,,,,,,,,,,0.0,,1.0,,,,,,,,,,,,,,,,,,,,,,,,,,,0.0,1.622,0.0,,,,3326.0,,,,,,,,,,,,,,,,,""
9127143002,"May 23, 2023, 6:49:55 PM",Afternoon Walk,Walk,,798,1.18,,,false,,,activities/9127143002.gpx,,,798.0,798.0,1188.9,2.458,1.49,6.3,7.5,1758.7,1762.9,5.9,-0.1,,,,,,,,,,,,,,,,,,,,,,,,,0.0,,1.0,,,,,,,,,,,,,,,,,,,,,,,,,,,0.0,1.49,0.0,,,,1456.0,,,,,,,,,,,,,,,,,""
9171495186,"May 30, 2023, 7:05:19 PM",Afternoon Walk,Walk,,1173,1.80,,,false,,,activities/9171495186.gpx,,,1173.0,1148.0,1807.4,4.626,1.574,12.4,14.1,1757.1,1764.3,8.9,-0.1,,,,,,,,,,,,,,,,,,,,,,,,,0.0,,1.0,,,,,,,,,,,,,,,,,,,,,,,,,,,0.0,1.541,0.0,,,,2062.0,,,,,,,,,,,,,,,,,""
9178117111,"May 31, 2023, 7:30:39 PM",Afternoon Walk,Walk,,1089,1.63,,,false,,,activities/9178117111.gpx,,,1089.0,1089.0,1638.7,2.246,1.505,12.2,12.3,1758.7,1764.1,7.3,0.0,,,,,,,,,,,,,,,,,,,,,,,,,0.0,,1.0,,,,,,,,,,,,,,,,,,,,,,,,,,,0.0,1.505,0.0,,,,2002.0,,,,,,,,,,,,,,,,,""
9184416728,"Jun 1, 2023, 7:43:55 PM",In between pockets of rain,Walk,,1050,1.56,,,false,,,activities/9184416728.gpx,,,1050.0,1012.0,1559.0,2.537,1.541,9.9,13.4,1752.9,1762.9,5.9,-0.2,,,,,,,,,,,,,,,,,,,,,,,,,0.0,,1.0,,,,,,,,,,,,,,,,,,,,,,,,,,,0.0,1.485,0.0,,,,1910.0,,,,,,,,,,,,,,,,,""
9209399400,"Jun 5, 2023, 7:18:45 PM",Afternoon Walk,Walk,,1220,1.78,,,false,,,activities/9209399400.gpx,,,1220.0,1202.0,1780.7,2.248,1.481,12.5,13.3,1756.4,1763.9,10.9,0.0,,,,,,,,,,,,,,,,,,,,,,,,,0.0,,1.0,,,,,,,,,,,,,,,,,,,,,,,,,,,0.0,1.46,0.0,,,,2210.0,,,,,,,,,,,,,,,,,""
9303966599,"Jun 20, 2023, 9:07:23 PM",Afternoon Walk,Walk,,3230,4.81,,,false,,,activities/9303966599.gpx,,,3230.0,3178.0,4812.4,2.718,1.514,19.7,20.1,1758.7,1769.0,5.1,0.0,,,,,,,,,,,,,,,,,,,,,,,,,0.0,,1.0,,,,,,,,,,,,,,,,,,,,,,,,,,,0.0,1.49,0.0,,,,5730.0,,,,,,,,,,,,,,,,,""
9352674729,"Jun 28, 2023, 7:31:33 PM",Afternoon Walk,Walk,,1038,1.34,,,false,,,activities/9352674729.gpx,,,1038.0,910.0,1343.4,2.524,1.476,5.0,5.1,1765.3,1771.0,4.4,0.0,,,,,,,,,,,,,,,,,,,,,,,,,0.0,,1.0,,,,,,,,,,,,,,,,,,,,,,,,,,,0.0,1.294,0.0,,,,1692.0,,,,,,,,,,,,,,,,,""
9358813971,"Jun 29, 2023, 7:16:57 PM",Afternoon Walk,Walk,,3046,4.36,,,false,,,activities/9358813971.gpx,,,3046.0,2898.0,4366.8,2.806,1.507,14.6,14.8,1759.0,1770.0,9.0,0.0,,,,,,,,,,,,,,,,,,,,,,,,,0.0,,1.0,,,,,,,,,,,,,,,,,,,,,,,,,,,0.0,1.434,0.0,,,,5246.0,,,,,,,,,,,,,,,,,""
9426215360,"Jul 10, 2023, 6:43:50 PM",Afternoon Walk,Walk,,1336,2.18,,,false,,,activities/9426215360.gpx,,,1336.0,1336.0,2181.3,2.462,1.633,16.2,17.3,1752.9,1763.9,5.9,-0.1,,,,,,,,,,,,,,,,,,,,,,,,,0.0,,1.0,,,,,,,,,,,,,,,,,,,,,,,,,,,0.0,1.633,0.0,,,,2490.0,,,,,,,,,,,,,,,,,""
9446566930,"Jul 13, 2023, 9:53:33 PM",Afternoon Walk,Walk,,4787,4.20,,,false,,,activities/9446566930.gpx,,,4787.0,3946.0,4200.0,4.802,1.064,129.4,201.2,1890.3,2067.0,31.1,-1.7,,,,,,,,,,,,,,,,,,,,,,,,,0.0,,1.0,,,,,,,,,,,,,,,,,,,,,,,,,,,0.0,0.877,4200.0,,,,6270.0,,,,,,,,,,,,,,,,,""
9451591511,"Jul 14, 2023, 7:31:23 PM",Afternoon Walk,Walk,,1341,2.12,,,false,,,activities/9451591511.gpx,,,1341.0,1341.0,2126.2,2.566,1.586,12.5,12.5,1756.4,1765.0,24.5,0.0,,,,,,,,,,,,,,,,,,,,,,,,,0.0,,1.0,,,,,,,,,,,,,,,,,,,,,,,,,,,0.0,1.586,0.0,,,,2510.0,,,,,,,,,,,,,,,,,""
9623440086,"Aug 11, 2023, 12:27:16 AM",Hottttt out 🏃,Run,,930,2.63,,,false,,,activities/9623440086.gpx,,,930.0,766.0,2638.6,6.334,3.445,5.8,17.6,1619.5,1631.3,2.4,-0.4,,,,,,,,,,,,,,,,,,,,,,,,,0.0,,1.0,2624.1,,,,,,,,,,,,,,,,,,,,,,,,,,0.0,2.837,0.0,,,,2052.0,,,,,,,,,,,,,,,,,""
9623750006,"Aug 11, 2023, 2:17:50 AM",Run Part 2,Run,,566,1.73,,,false,,,activities/9623750006.gpx,,,566.0,515.0,1733.9,4.68,3.367,5.6,1.6,1620.2,1626.1,5.0,0.2,,,,,,,,,,,,,,,,,,,,,,,,,0.0,,1.0,1747.5,,,,,,,,,,,,,,,,,,,,,,,,,,0.0,3.063,154.8,,,,1374.0,,,,,,,,,,,,,,,,,""
9666784517,"Aug 17, 2023, 12:36:21 PM",Mt Elbert summit time 🥾,Walk,,10663,7.59,,,false,,,activities/9666784517.gpx,,,10663.0,8598.0,7597.8,6.816,0.884,1348.1,20.4,3067.2,4394.9,49.9,17.5,,,,,,,,,,,,,,,,,,,,,,,,,0.0,,1.0,,,,,,,,,,,,,,,,,,,,,,,,,,,0.0,0.713,7597.8,,,,10884.0,,,,,,,,,,,,,,,,,""
9668335770,"Aug 17, 2023, 4:07:04 PM",Mt Elbert descent 🥾,Hike,,7714,8.21,,,false,,,activities/9668335770.gpx,,,7714.0,7375.0,8213.4,2.476,1.114,17.2,1351.9,3059.4,4394.1,12.4,-16.3,,,,,,,,,,,,,,,,,,,,,,,,,0.0,,1.0,,,,,,,,,,,,,,,,,,,,,,,,,,,0.0,1.065,8213.4,,,,,,,,,,,,,,,,,,,,,""
9694037860,"Aug 21, 2023, 9:53:45 AM",Irritating Long’s Peak Route that Doesn’t Summit,Hike,,27380,18.66,,,false,,,activities/9694037860.gpx,,,27380.0,18507.0,18662.7,3.748,1.008,1913.1,1921.9,2857.5,4192.5,50.0,0.0,,,,,,,,,,,,,,,,,,,,,,,,,0.0,,1.0,,,,,,,,,,,,,,,,,,,,,,,,,,,0.0,0.682,14579.6,,,,,,,,,,,,,,,,,,,,,""
9755517004,"Aug 31, 2023, 9:18:38 AM",Long’s Peak Ascent,Hike,,11176,10.24,,,false,,,activities/9755517004.gpx,,,11176.0,9246.0,10241.5,2.404,1.108,1184.8,29.9,2866.3,4021.2,49.6,11.3,,,,,,,,,,,,,,,,,,,,,,,,,0.0,,1.0,,,,,,,,,,,,,,,,,,,,,,,,,,,0.0,0.916,10241.5,,,,,,,,,,,,,,,,,,,,,""
9758790717,"Aug 31, 2023, 3:27:37 PM",Long’s Peak Descent,Hike,,17266,11.68,,,false,,,activities/9758790717.gpx,,,17266.0,12596.0,11682.5,2.57,0.927,61.9,1543.6,2861.6,4343.3,47.0,-12.7,,,,,,,,,,,,,,,,,,,,,,,,,0.0,,1.0,,,,,,,,,,,,,,,,,,,,,,,,,,,0.0,0.677,11682.5,,,,,,,,,,,,,,,,,,,,,""
9850997693,"Sep 14, 2023, 11:11:23 PM",Afternoon Run,Run,,1485,3.97,,,false,,,activities/9850997693.gpx,,,1485.0,1122.0,3977.9,7.328,3.545,31.2,25.0,110.4,133.3,9.5,0.2,,,,,,,,,,,,,,,,,,,,,,,,,0.0,,1.0,4026.8,,,,,,,,,,,,,,,,,,,,,,,,,,0.0,2.679,0.0,,,,2982.0,,,,,,,,,,,,,,,,,""
9951575620,"Sep 29, 2023, 6:25:05 PM",Mt Princeton,Hike,,24621,22.18,,,false,,,activities/9951575620.gpx,,,24621.0,19123.0,22188.2,4.786,1.16,1591.9,1607.0,2724.6,4329.8,50.0,-0.1,,,,,,,,,,,,,,,,,,,,,,,,,0.0,,1.0,,,,,,,,,,,,,,,,,,,,,,,,,,,0.0,0.901,21656.5,,,,,,,,,,,,,,,,,,,,,""
9968967445,"Oct 3, 2023, 2:25:57 PM",Morning Run,Run,,2173,6.47,,,false,,,activities/9968967445.gpx,,,2173.0,1779.0,6473.6,5.292,3.639,16.6,22.7,1618.3,1631.7,8.5,-0.1,,,,,,,,,,,,,,,,,,,,,,,,,0.0,,1.0,6477.5,,,,,,,,,,,,,,,,,,,,,,,,,,0.0,2.979,486.1,,,,4750.0,,,,,,,,,,,,,,,,,""
10109985328,"Oct 26, 2023, 8:01:15 PM",Afternoon Run,Run,,2395,5.26,,,false,,,activities/10109985328.gpx,,,2395.0,1392.0,5267.6,6.382,3.784,16.1,23.7,1619.5,1633.1,5.5,-0.1,,,,,,,,,,,,,,,,,,,,,,,,,0.0,,1.0,5276.1,,,,,,,,,,,,,,,,,,,,,,,,,,0.0,2.199,139.9,,,,3636.0,,,,,,,,,,,,,,,,,""
10173681330,"Nov 6, 2023, 11:52:47 PM",Afternoon Run,Run,,2162,5.43,,,false,,,activities/10173681330.gpx,,,2162.0,1511.0,5430.5,5.428,3.594,18.4,22.1,1618.3,1631.9,4.9,-0.1,,,,,,,,,,,,,,,,,,,,,,,,,0.0,,1.0,5434.5,,,,,,,,,,,,,,,,,,,,,,,,,,0.0,2.512,391.2,,,,4054.0,,,,,,,,,,,,,,,,,""
10191074257,"Nov 9, 2023, 9:32:50 PM",Afternoon Inline Skate,Inline Skate,,4476,10.19,,,false,,,activities/10191074257.gpx,,,4476.0,3936.0,10195.4,4.33,2.59,21.5,22.8,1618.1,1624.4,5.6,0.0,,,,,,,,,,,,,,,,,,,,,,,,,0.0,,1.0,,,,,,,,,,,,,,,,,,,,,,,,,,,0.0,2.278,6.5,,,,,,,,,,,,,,,,,,,,,""
10208296188,"Nov 12, 2023, 7:38:38 PM",Afternoon Walk,Walk,,5486,5.16,,,false,,,activities/10208296188.gpx,,,5486.0,3731.0,5165.9,2.827,1.385,20.7,18.1,1608.5,1623.5,4.7,0.1,,,,,,,,,,,,,,,,,,,,,,,,,0.0,,1.0,,,,,,,,,,,,,,,,,,,,,,,,,,,0.0,0.942,780.3,,,,6650.0,,,,,,,,,,,,,,,,,""
10208562430,"Nov 12, 2023, 9:10:28 PM",Afternoon Inline Skate,Inline Skate,,4483,14.67,,,false,,,activities/10208562430.gpx,,,4483.0,4483.0,14677.6,6.016,3.274,38.6,38.1,1618.1,1624.4,3.4,0.0,,,,,,,,,,,,,,,,,,,,,,,,,0.0,,1.0,,,,,,,,,,,,,,,,,,,,,,,,,,,0.0,3.274,0.0,,,,,,,,,,,,,,,,,,,,,""
10253979447,"Nov 20, 2023, 11:02:51 PM",Afternoon Run,Run,,1915,5.16,,,false,,,activities/10253979447.gpx,,,1915.0,1302.0,5167.6,5.676,3.969,13.9,15.5,28.0,43.8,4.2,0.0,,,,,,,,,,,,,,,,,,,,,,,,,0.0,,1.0,5175.4,,,,,,,,,,,,,,,,,,,,,,,,,,0.0,2.699,0.0,,,,3510.0,,,,,,,,,,,,,,,,,""
10264152930,"Nov 20, 2023, 11:02:50 PM",Afternoon Run,Run,,1913,4.80,158.0,13,false,,,activities/10990608065.fit.gz,,,1913.0,1241.0,4802.6,5.253,3.87,11.0,16.0,-79.2,-57.8,3.9,-0.3,,,91.0,83.0,,136.0,,,221.0,,14.0,13.0,,,,,,,,,,,,,0.0,,1.0,4789.8,,,,,,,,,,,,,,,,,,,,,,,,,,0.0,2.511,0.0,,,,3400.0,,,,,,,,,,,,,,,,,""
10264153011,"Nov 21, 2023, 5:13:43 PM",Morning Swim,Swim,,2522,"1,800",80.0,4,false,,,activities/10990608020.fit.gz,,,2522.0,2341.0,1800.0,2.632,0.769,0.0,0.0,0.0,0.0,0.0,0.0,,,,31.0,,80.0,,,369.0,,27.0,4.0,,,,,,,,,,,,,0.0,,1.0,,,,,,,,,,,,,,,,,,,,,,,,,,,0.0,0.714,0.0,,,,,,,,,,,,,,,,,,,,,""
10264153159,"Aug 31, 2023, 3:28:20 PM",Morning Walk,Walk,,17152,11.21,139.0,24,false,,,activities/10990608035.fit.gz,,,17152.0,10792.0,11211.0,10.284,1.039,615.0,1462.0,2991.2,4365.4,49.9,-12.3,,,110.0,53.0,,95.0,,,946.0,,21.0,24.0,,,,,,,,,,,,,0.0,,1.0,,,,,,,,,,,,,,,,,,,,,,,,,,,0.0,0.654,11211.0,,,,18402.0,,,,,,,,,,,,,,,,,""
10264153236,"Nov 12, 2023, 7:38:21 PM",Lunch Run,Run,,5501,2.22,88.0,2,false,,,activities/10990608021.fit.gz,,,5501.0,2487.0,2223.8,2.277,0.894,21.0,8.0,1632.2,1650.8,19.4,0.6,,,75.0,56.0,,76.0,,,160.0,,23.0,2.0,,,,,,,,,,,,,0.0,,1.0,2289.2,,,,,,,,,,,,,,,,,,,,,,,,,,0.0,0.404,656.7,,,,2802.0,,,,,,,,,,,,,,,,,""
10264153263,"Nov 22, 2023, 4:19:39 PM",Morning Swim,Swim,,1710,"1,700",90.0,4,false,,,activities/10990608123.fit.gz,,,1710.0,1704.0,1700.0,2.174,0.998,0.0,0.0,0.0,0.0,0.0,0.0,,,,24.0,,90.0,,,344.0,,27.0,4.0,,,,,,,,,,,,,0.0,,1.0,,,,,,,,,,,,,,,,,,,,,,,,,,,0.0,0.994,0.0,,,,,,,,,,,,,,,,,,,,,""
10264153373,"Aug 31, 2023, 9:18:54 AM",Night Walk,Walk,,11098,8.34,174.0,92,false,,,activities/10990608215.fit.gz,,,11098.0,7532.0,8341.9,3.36,1.108,631.8,940.0,3270.9,4021.5,49.8,9.0,,,121.0,51.0,,140.0,,,1037.0,,15.0,92.0,,,,,,,,,,,,,0.0,,1.0,,,,,,,,,,,,,,,,,,,,,,,,,,,0.0,0.752,8341.9,,,,11546.0,,,,,,,,,,,,,,,,,""
10264153507,"Sep 14, 2023, 11:11:20 PM",Afternoon Run,Run,,1493,3.94,162.0,18,false,,,activities/10990608015.fit.gz,,,1493.0,1126.0,3948.8,4.438,3.507,37.0,33.0,68.6,86.2,19.4,-0.1,,,86.0,82.0,,143.0,,,181.0,,26.0,18.0,,,,,,,,,,,,,0.0,,1.0,3998.0,,,,,,,,,,,,,,,,,,,,,,,,,,0.0,2.645,87.3,,,,3042.0,,,,,,,,,,,,,,,,,""
10264153520,"Nov 6, 2023, 11:52:56 PM",Afternoon Run,Run,,2102,5.24,180.0,30,false,,,activities/10990608313.fit.gz,,,2102.0,1494.0,5248.8,4.603,3.513,14.0,21.0,1610.4,1630.6,10.5,-0.2,,,89.0,82.0,,149.0,,,304.0,,18.0,30.0,,,,,,,,,,,,,0.0,,1.0,5248.6,,,,,,,,,,,,,,,,,,,,,,,,,,0.0,2.497,598.6,,,,4038.0,,,,,,,,,,,,,,,,,""
10264154112,"Nov 12, 2023, 9:12:24 PM",Afternoon Run,Run,,4367,8.44,115.0,5,false,,,activities/10990608362.fit.gz,,,4367.0,2557.0,8447.7,6.254,3.304,32.0,37.0,1633.4,1645.0,7.5,0.0,,,108.0,61.0,,95.0,,,194.0,,20.0,5.0,,,,,,,,,,,,,0.0,,1.0,8475.5,,,,,,,,,,,,,,,,,,,,,,,,,,0.0,1.934,0.0,,,,1986.0,,,,,,,,,,,,,,,,,""
10264154125,"Sep 29, 2023, 6:25:16 PM",Lunch Walk,Walk,,24620,20.72,172.0,120,false,,,activities/10990608152.fit.gz,,,24620.0,16892.0,20722.6,9.27,1.227,1320.5,1528.0,2724.1,4317.7,49.7,-1.2,,,125.0,57.0,,120.0,,,2240.0,,20.0,120.0,,,,,,,,,,,,,0.0,,1.0,,,,,,,,,,,,,,,,,,,,,,,,,,,0.0,0.842,20723.9,,,,27752.0,,,,,,,,,,,,,,,,,""
10264154204,"Oct 26, 2023, 8:01:07 PM",Afternoon Run,Run,,2395,4.92,183.0,37,false,,,activities/10990608247.fit.gz,,,2395.0,1374.0,4919.4,5.404,3.58,12.0,27.0,1624.4,1654.0,6.1,-0.5,,,105.0,82.0,,155.0,,,284.0,,16.0,37.0,,,,,,,,,,,,,0.0,,1.0,4891.8,,,,,,,,,,,,,,,,,,,,,,,,,,0.0,2.054,31.2,,,,3690.0,,,,,,,,,,,,,,,,,""
10264154897,"Nov 21, 2023, 5:07:01 PM",Morning Swim,Swim,,346,0,65.0,0,false,,,activities/10990608189.fit.gz,,,346.0,316.0,0.0,0.0,0.0,0.0,0.0,0.0,0.0,0.0,0.0,,,36.0,27.0,,65.0,,,,,27.0,0.0,,,,,,,,,,,,,0.0,,1.0,,,,,,,,,,,,,,,,,,,,,,,,,,,0.0,0.0,0.0,,,,,,,,,,,,,,,,,,,,,""
10290507992,"Nov 27, 2023, 3:33:05 PM",Morning Swim,Swim,,2512,"3,450",92.0,6,false,,,activities/11018049849.fit.gz,,,2512.0,2506.0,3450.0,2.084,1.377,0.0,0.0,0.0,0.0,0.0,0.0,,,,25.0,,92.0,,,690.0,,27.0,6.0,,,,,,,,,,,,,0.0,,1.0,,,,,,,,,,,,,,,,,,,,,,,,,,,0.0,1.373,0.0,,,,,,,,,,,,,,,,,,,,,""
10333923603,"Dec 5, 2023, 7:18:57 PM",Lunch Inline Skate,Inline Skate,,1482,3.59,,,false,,,activities/10333923603.gpx,,,1482.0,1464.0,3592.9,6.034,2.454,9.8,10.8,1618.1,1624.4,3.6,0.0,,,,,,,,,,,,,,,,,,,,,,,,,0.0,,1.0,,,,,,,,,,,,,,,,,,,,,,,,,,,0.0,2.424,0.0,,,,,,,,,,,,,,,,,,,,,""
10335507522,"Dec 6, 2023, 1:25:06 AM",Evening Walk,Walk,,3732,2.37,122.0,3,false,,,activities/11064728885.fit.gz,,,3732.0,1665.0,2371.0,2.904,1.424,22.0,30.0,1553.8,1569.8,27.8,-0.3,,,108.0,56.0,,88.0,,,214.0,,19.0,3.0,,,,,,,,,,,,,0.0,,1.0,,,,,,,,,,,,,,,,,,,,,,,,,,,0.0,0.635,534.0,,,,2958.0,,,,,,,,,,,,,,,,,""
10340626178,"Dec 7, 2023, 12:02:51 AM",Afternoon Weight Training,Weight Training,,2033,0,121.0,4,false,,,activities/11070029394.fit.gz,,,2033.0,2033.0,0.0,0.0,0.0,0.0,0.0,0.0,0.0,0.0,0.0,,,,,,95.0,,,155.0,,27.0,4.0,,,,,,,,,,,,,0.0,,1.0,,,,,,,,,,,,,,,,,,,,,,,,,,,0.0,0.0,0.0,,,,,,,,,,,,,,,,,,,,,""
10371534767,"Dec 13, 2023, 12:01:27 AM",Afternoon Weight Training,Weight Training,,704,0,105.0,1,false,,,activities/11102290397.fit.gz,,,704.0,704.0,0.0,0.0,0.0,0.0,0.0,0.0,0.0,0.0,0.0,,,,,,82.0,,,6.0,,23.0,1.0,,,,,,,,,,,,,0.0,,1.0,,,,,,,,,,,,,,,,,,,,,,,,,,,0.0,0.0,0.0,,,,,,,,,,,,,,,,,,,,,""
10406592689,"Dec 19, 2023, 4:29:09 PM",Morning Swim,Swim,,2706,"3,650",81.0,5,false,,,activities/11138916277.fit.gz,,,2706.0,2500.0,3650.0,3.848,1.46,0.0,0.0,0.0,0.0,0.0,0.0,,,,23.0,,81.0,,,751.0,,27.0,5.0,,,,,,,,,,,,,0.0,,1.0,,,,,,,,,,,,,,,,,,,,,,,,,,,0.0,1.349,0.0,,,,,,,,,,,,,,,,,,,,,""
10415682615,"Dec 21, 2023, 4:10:54 PM",Morning Swim,Swim,,2365,"3,350",100.0,6,false,,,activities/11148336303.fit.gz,,,2365.0,2330.0,3350.0,4.168,1.438,0.0,0.0,0.0,0.0,0.0,0.0,,,,23.0,,100.0,,,707.0,,28.0,6.0,,,,,,,,,,,,,0.0,,1.0,,,,,,,,,,,,,,,,,,,,,,,,,,,0.0,1.416,0.0,,,,,,,,,,,,,,,,,,,,,""
10454211227,"Dec 27, 2023, 9:18:17 PM",Afternoon Swim,Swim,,1327,"2,050",89.0,2,false,,,activities/11188057651.fit.gz,,,1327.0,1293.0,2050.0,3.848,1.585,0.0,0.0,0.0,0.0,0.0,0.0,,,,24.0,,89.0,,,427.0,,27.0,2.0,,,,,,,,,,,,,0.0,,1.0,,,,,,,,,,,,,,,,,,,,,,,,,,,0.0,1.545,0.0,,,,,,,,,,,,,,,,,,,,,""
10618330367,"Jan 4, 2024, 8:05:17 PM",Afternoon Weight Training,Weight Training,,2644,0,115.0,6,false,,,activities/11358919392.fit.gz,,,2644.0,2644.0,0.0,0.0,0.0,0.0,0.0,0.0,0.0,0.0,0.0,,,,,,95.0,,,105.0,,24.0,6.0,,,,,,,,,,,,,0.0,,1.0,,,,,,,,,,,,,,,,,,,,,,,,,,,0.0,0.0,0.0,,,,,,,,,,,,,,,,,,,,,""
10618330596,"Jan 12, 2024, 7:12:45 PM",Lunch Weight Training,Weight Training,,1017,0,107.0,1,false,,,activities/11358919605.fit.gz,,,1017.0,1017.0,0.0,0.0,0.0,0.0,0.0,0.0,0.0,0.0,0.0,,,,,,83.0,,,54.0,,24.0,1.0,,,,,,,,,,,,,0.0,,1.0,,,,,,,,,,,,,,,,,,,,,,,,,,,0.0,0.0,0.0,,,,,,,,,,,,,,,,,,,,,""
10618331036,"Jan 15, 2024, 7:43:35 PM",Lunch Walk,Walk,,4150,2.97,114.0,9,false,,,activities/11358920038.fit.gz,,,4150.0,4150.0,2969.1,1.707,0.715,17.0,23.0,1636.6,1653.2,37.0,0.2,,,77.0,57.0,,93.0,,,307.0,,19.0,9.0,,,,,,,,,,,,,0.0,,1.0,,,,,,,,,,,,,,,,,,,,,,,,,,,0.0,0.715,0.0,,,,4326.0,,,,,,,,,,,,,,,,,""
10618331156,"Jan 18, 2024, 1:44:16 AM",Evening Walk,Walk,,533,0.62,100.0,1,false,,,activities/11358920185.fit.gz,,,533.0,533.0,627.1,1.999,1.177,8.0,11.0,1671.4,1679.8,11.9,-0.5,,,88.0,55.0,,93.0,,,41.0,,20.0,1.0,,,,,,,,,,,,,0.0,,1.0,,,,,,,,,,,,,,,,,,,,,,,,,,,0.0,1.177,0.0,,,,902.0,,,,,,,,,,,,,,,,,""
10618331894,"Jan 18, 2024, 11:54:04 PM",Afternoon Weight Training,Weight Training,,5488,0,138.0,10,false,,,activities/11358920937.fit.gz,,,5488.0,5488.0,0.0,0.0,0.0,0.0,0.0,0.0,0.0,0.0,0.0,,,,,,88.0,,,327.0,,25.0,10.0,,,,,,,,,,,,,0.0,,1.0,,,,,,,,,,,,,,,,,,,,,,,,,,,0.0,0.0,0.0,,,,,,,,,,,,,,,,,,,,,""
10677720514,"Feb 1, 2024, 11:05:05 PM",Grocery Walk,Walk,,2599,3.92,,,false,,,activities/10677720514.gpx,,,2599.0,2420.0,3925.5,10.99,1.622,18.0,15.0,1626.4,1641.7,7.6,0.1,,,,,,,,,,,,,,,,,,,,,,,,,0.0,,1.0,,,,,,,,,,,,,,,,,,,,,,,,,,,0.0,1.51,197.0,,,,4298.0,,,,,,,,,,,,,,,,,""
10678078511,"Feb 1, 2024, 11:55:40 PM",Evening Walk,Walk,,4206,3.94,,,false,,,activities/10678078511.gpx,,,4206.0,2782.0,3944.5,15.758,1.418,28.2,28.5,1631.6,1644.2,8.2,0.0,,,,,,,,,,,,,,,,,,,,,,,,,0.0,,1.0,,,,,,,,,,,,,,,,,,,,,,,,,,,0.0,0.938,309.7,,,,4658.0,,,,,,,,,,,,,,,,,""
10704201832,"Feb 5, 2024, 9:37:46 PM",Hot girl walk (groceries),Walk,,4595,5.78,,,false,,,activities/10704201832.gpx,,,4595.0,3380.0,5785.6,16.35,1.712,20.3,21.2,1626.4,1644.2,6.2,0.0,,,,,,,,,,,,,,,,,,,,,,,,,0.0,,1.0,,,,,,,,,,,,,,,,,,,,,,,,,,,0.0,1.259,454.5,,,,5756.0,,,,,,,,,,,,,,,,,""
10814912873,"Feb 22, 2024, 3:55:38 PM",Morning Walk,Walk,,3067,3.35,,,false,,,activities/10814912873.gpx,,,3067.0,2117.0,3349.0,4.394,1.582,30.5,16.9,1620.1,1636.4,15.8,0.4,,,,,,,,,,,,,,,,,,,,,,,,,0.0,,1.0,,,,,,,,,,,,,,,,,,,,,,,,,,,0.0,1.092,116.9,,,,3922.0,,,,,,,,,,,,,,,,,""
11059002463,"Jan 28, 2024, 12:50:06 AM",Afternoon Weight Training,Weight Training,,1059,0,112.0,1,false,,,activities/11821163887.fit.gz,,,1059.0,1059.0,0.0,0.0,0.0,0.0,0.0,0.0,0.0,0.0,0.0,,,,,,70.0,,,34.0,,24.0,1.0,,,,,,,,,,,,,0.0,,1.0,,,,,,,,,,,,,,,,,,,,,,,,,,,0.0,0.0,0.0,,,,,,,,,,,,,,,,,,,,,""
11059002488,"Jan 25, 2024, 8:04:42 PM",Afternoon Alpine Ski,Alpine Ski,,8563,16.40,99.0,6,false,,,activities/11821163868.fit.gz,,,8563.0,3595.0,16400.8,10.912,4.562,0.0,2803.0,2870.0,3611.2,4.4,-3.2,,,,,,82.0,,,186.0,,9.0,6.0,,7,,,,,,,,,,,0.0,,1.0,,,,,,,,,,,,,,,,,,,,,,,,,,,0.0,1.915,1131.6,,,,,,,,,,,,,,,,,,,,,""
11059002531,"Jan 28, 2024, 1:11:48 AM",Evening Weight Training,Weight Training,,254,0,99.0,0,false,,,activities/11821163973.fit.gz,,,254.0,254.0,0.0,0.0,0.0,0.0,0.0,0.0,0.0,0.0,0.0,,,,,,78.0,,,11.0,,24.0,0.0,,,,,,,,,,,,,0.0,,1.0,,,,,,,,,,,,,,,,,,,,,,,,,,,0.0,0.0,0.0,,,,,,,,,,,,,,,,,,,,,""
11059002951,"Jan 29, 2024, 4:54:40 PM",Morning Weight Training,Weight Training,,3394,0,117.0,4,false,,,activities/11821164385.fit.gz,,,3394.0,3394.0,0.0,0.0,0.0,0.0,0.0,0.0,0.0,0.0,0.0,,,,,,76.0,,,144.0,,24.0,4.0,,,,,,,,,,,,,0.0,,1.0,,,,,,,,,,,,,,,,,,,,,,,,,,,0.0,0.0,0.0,,,,,,,,,,,,,,,,,,,,,""
11059003073,"Jan 31, 2024, 4:12:47 AM",Night Weight Training,Weight Training,,1506,0,112.0,2,false,,,activities/11821164530.fit.gz,,,1506.0,1506.0,0.0,0.0,0.0,0.0,0.0,0.0,0.0,0.0,0.0,,,,,,85.0,,,81.0,,26.0,2.0,,,,,,,,,,,,,0.0,,1.0,,,,,,,,,,,,,,,,,,,,,,,,,,,0.0,0.0,0.0,,,,,,,,,,,,,,,,,,,,,""
11059003171,"Feb 5, 2024, 1:52:11 PM",Morning Weight Training,Weight Training,,738,0,102.0,1,false,,,activities/11821164624.fit.gz,,,738.0,738.0,0.0,0.0,0.0,0.0,0.0,0.0,0.0,0.0,0.0,,,,,,80.0,,,26.0,,24.0,1.0,,,,,,,,,,,,,0.0,,1.0,,,,,,,,,,,,,,,,,,,,,,,,,,,0.0,0.0,0.0,,,,,,,,,,,,,,,,,,,,,""
11059004855,"Feb 9, 2024, 5:19:43 PM",Morning Alpine Ski,Alpine Ski,,14595,20.03,115.0,7,false,,,activities/11821166282.fit.gz,,,14595.0,3264.0,20037.7,15.558,6.139,0.0,3447.0,2677.8,3601.0,18.8,-2.7,,,,,,95.0,,,245.0,,14.0,7.0,,10,,,,,,,,,,,0.0,,1.0,,,,,,,,,,,,,,,,,,,,,,,,,,,0.0,1.373,4062.3,,,,,,,,,,,,,,,,,,,,,""
11059004901,"Feb 11, 2024, 9:00:15 PM",Afternoon Weight Training,Weight Training,,2057,0,131.0,4,false,,,activities/11821166358.fit.gz,,,2057.0,2057.0,0.0,0.0,0.0,0.0,0.0,0.0,0.0,0.0,0.0,,,,,,90.0,,,133.0,,24.0,4.0,,,,,,,,,,,,,0.0,,1.0,,,,,,,,,,,,,,,,,,,,,,,,,,,0.0,0.0,0.0,,,,,,,,,,,,,,,,,,,,,""
11059005003,"Feb 14, 2024, 4:07:13 AM",Night Weight Training,Weight Training,,1362,0,122.0,3,false,,,activities/11821166473.fit.gz,,,1362.0,1362.0,0.0,0.0,0.0,0.0,0.0,0.0,0.0,0.0,0.0,,,,,,96.0,,,104.0,,25.0,3.0,,,,,,,,,,,,,0.0,,1.0,,,,,,,,,,,,,,,,,,,,,,,,,,,0.0,0.0,0.0,,,,,,,,,,,,,,,,,,,,,""
11059005683,"Feb 16, 2024, 4:26:52 AM",Night Weight Training,Weight Training,,8072,0,123.0,14,false,,,activities/11821167197.fit.gz,,,8072.0,8072.0,0.0,0.0,0.0,0.0,0.0,0.0,0.0,0.0,0.0,,,,,,85.0,,,452.0,,26.0,14.0,,,,,,,,,,,,,0.0,,1.0,,,,,,,,,,,,,,,,,,,,,,,,,,,0.0,0.0,0.0,,,,,,,,,,,,,,,,,,,,,""
11059005883,"Feb 20, 2024, 12:20:03 AM",Afternoon Weight Training,Weight Training,,2163,0,128.0,5,false,,,activities/11821167394.fit.gz,,,2163.0,2163.0,0.0,0.0,0.0,0.0,0.0,0.0,0.0,0.0,0.0,,,,,,103.0,,,161.0,,24.0,5.0,,,,,,,,,,,,,0.0,,1.0,,,,,,,,,,,,,,,,,,,,,,,,,,,0.0,0.0,0.0,,,,,,,,,,,,,,,,,,,,,""
11059006141,"Feb 21, 2024, 4:55:05 AM",Night Weight Training,Weight Training,,2039,0,113.0,2,false,,,activities/11821167664.fit.gz,,,2039.0,2039.0,0.0,0.0,0.0,0.0,0.0,0.0,0.0,0.0,0.0,,,,,,70.0,,,71.0,,26.0,2.0,,,,,,,,,,,,,0.0,,1.0,,,,,,,,,,,,,,,,,,,,,,,,,,,0.0,0.0,0.0,,,,,,,,,,,,,,,,,,,,,""
11059006353,"Feb 22, 2024, 3:24:10 AM",Evening Weight Training,Weight Training,,2004,0,113.0,3,false,,,activities/11821167891.fit.gz,,,2004.0,2004.0,0.0,0.0,0.0,0.0,0.0,0.0,0.0,0.0,0.0,,,,,,77.0,,,85.0,,25.0,3.0,,,,,,,,,,,,,0.0,,1.0,,,,,,,,,,,,,,,,,,,,,,,,,,,0.0,0.0,0.0,,,,,,,,,,,,,,,,,,,,,""
11059006779,"Mar 15, 2024, 2:04:38 AM",Evening Weight Training,Weight Training,,5004,0,123.0,10,false,,,activities/11821168330.fit.gz,,,5004.0,5004.0,0.0,0.0,0.0,0.0,0.0,0.0,0.0,0.0,0.0,,,,,,91.0,,,327.0,,26.0,10.0,,,,,,,,,,,,,0.0,,1.0,,,,,,,,,,,,,,,,,,,,,,,,,,,0.0,0.0,0.0,,,,,,,,,,,,,,,,,,,,,""
11093947370,"Apr 2, 2024, 9:20:50 PM",Afternoon Inline Skate,Inline Skate,Bumpy trail 🫨😵‍💫🥴,3214,7.33,,,false,,,activities/11093947370.gpx,,,3214.0,3032.0,7337.1,5.313,2.42,21.1,21.6,29.0,48.5,4.6,0.0,,,,,,,,,,,,,,,,,,,,,,,,,0.0,,1.0,,,,,,,,,,,,,,,,,,,,,,,,,,,0.0,2.283,0.0,,,,,,,,,,,,,,,,,,,,,""
11115014858,"Apr 5, 2024, 10:26:19 PM",Afternoon Walk,Walk,,5656,6.11,,,false,,,activities/11115014858.gpx,,,5656.0,4663.0,6112.3,2.464,1.311,26.5,31.3,142.9,155.7,11.3,-0.1,,,,,,,,,,,,,,,,,,,,,,,,,0.0,,1.0,,,,,,,,,,,,,,,,,,,,,,,,,,,0.0,1.081,1620.9,,,,8206.0,,,,,,,,,,,,,,,,,""
11143186168,"Apr 2, 2024, 9:30:49 PM",Afternoon Walk,Walk,,2599,4.96,140.0,6,false,,,activities/11909498409.fit.gz,,,2599.0,2154.0,4963.1,11.057,2.304,26.0,31.0,-273.0,24.6,34.4,-0.1,,,94.0,52.0,140.0,111.0,,,277.0,,26.0,6.0,,,,,,,,,,,,,0.0,,1.0,,,,,,,,,,,,,,,,,,,,,,,,,,,0.0,1.91,0.0,,,,802.0,,,,,,,,,,,,,,,,,""
11143186275,"Apr 9, 2024, 4:00:58 PM",Morning Swim,Swim,,2243,"2,200",96.0,5,false,,,activities/11909498642.fit.gz,,,2243.0,2220.0,2200.0,2.632,0.991,0.0,0.0,0.0,0.0,0.0,0.0,,,,25.0,96.0,96.0,,,452.0,,27.0,5.0,,,,,,,,,,,,,0.0,,1.0,,,,,,,,,,,,,,,,,,,,,,,,,,,0.0,0.981,0.0,,,,,,,,,,,,,,,,,,,,,""
11152908007,"Apr 10, 2024, 8:26:34 PM",Afternoon Walk,Walk,,5406,5.33,,,false,,,activities/11152908007.gpx,,,5406.0,5252.0,5335.1,2.258,1.016,132.5,132.9,48.7,155.0,36.1,0.0,,,,,,,,,,,,,,,,,,,,,,,,,0.0,,1.0,,,,,,,,,,,,,,,,,,,,,,,,,,,0.0,0.987,5012.6,,,,8360.0,,,,,,,,,,,,,,,,,""
11161066282,"Apr 11, 2024, 11:22:40 PM",Afternoon Run,Run,,3991,6.67,155.0,15,false,,,activities/11927815509.fit.gz,,,3991.0,1747.0,6678.0,5.798,3.823,54.0,26.0,12.8,37.0,5.5,-0.2,,,87.0,83.0,155.0,136.0,,,280.0,,17.0,15.0,,,,,,,,,,,,,0.0,,1.0,6676.1,,,,,,,,,,,,,,,,,,,,,,,,,,0.0,1.673,0.0,,,,4722.0,,,,,3.821,,,,,,,,,,,,""
11184236858,"Apr 14, 2024, 8:59:37 PM",Afternoon Run,Run,,4390,8.06,179.0,61,false,,,activities/11951725078.fit.gz,,,4390.0,2122.0,8062.9,6.6,3.8,35.0,26.0,30.0,58.8,27.1,0.1,,,87.0,84.0,179.0,156.0,,,449.0,,22.0,61.0,,,,,,,,,,,,,0.0,,1.0,8127.5,,,,,,,,,,,,,,,,,,,,,,,,,,0.0,1.837,0.0,,,,5812.0,,,,,3.83,,,,,,,,,,,,""
11191739292,"Apr 15, 2024, 11:38:47 PM",Afternoon Run,Run,,2174,5.24,159.0,17,false,,,activities/11959438616.fit.gz,,,2174.0,1350.0,5244.8,5.766,3.885,7.0,21.0,-17.0,1.2,9.1,-0.3,,,108.0,84.0,159.0,141.0,,,258.0,,17.0,17.0,,,,,,,,,,,,,0.0,,1.0,5237.7,,,,,,,,,,,,,,,,,,,,,,,,,,0.0,2.412,0.0,,,,3710.0,,,,,3.88,,,,,,,,,,,,""
11206074414,"Apr 17, 2024, 9:45:46 PM",Afternoon Run,Run,,4003,8.13,172.0,37,false,,,activities/11974108377.fit.gz,,,4003.0,2084.0,8135.5,5.748,3.904,24.0,31.0,42.4,67.0,43.5,0.0,,,87.0,83.0,172.0,147.0,,,409.0,,20.0,37.0,,,,,,,,,,,,,0.0,,1.0,8198.4,,,,,,,,,,,,,,,,,,,,,,,,,,0.0,2.032,0.0,,,,5696.0,,,,,3.934,,,,,,,,,,,,""
11219225213,"Apr 19, 2024, 8:02:05 PM",Afternoon Run,Run,,3714,6.44,178.0,34,false,,,activities/11987614736.fit.gz,,,3714.0,1590.0,6445.2,5.816,4.054,40.0,47.0,142.4,189.2,30.3,0.0,,,89.0,84.0,178.0,150.0,,,330.0,,22.0,34.0,,,,,,,,,,,,,0.0,,1.0,6542.8,,,,,,,,,,,,,,,,,,,,,,,,,,0.0,1.735,4615.8,,,,4362.0,,,,,4.115,,,,,,,,,,,,""
11240501942,"Apr 22, 2024, 5:17:02 PM",Morning Run,Run,,3358,6.43,164.0,19,false,,,activities/12009601247.fit.gz,,,3358.0,1562.0,6438.8,6.592,4.122,13.0,28.0,1.2,27.0,21.3,-0.3,,,95.0,84.0,164.0,139.0,,,292.0,,19.0,19.0,,,,,,,,,,,,,0.0,,1.0,6433.8,,,,,,,,,,,,,,,,,,,,,,,,,,0.0,1.917,0.0,,,,4270.0,,,,,4.119,,,,,,,,,,,,""
11249618876,"Apr 23, 2024, 7:37:05 PM",Lunch Run,Run,,8525,16.15,187.0,126,false,,,activities/12018968407.fit.gz,,,8525.0,4355.0,16154.4,5.438,3.709,85.0,44.0,44.4,101.0,6.2,-0.1,,,112.0,84.0,187.0,156.0,,,894.0,,25.0,126.0,,,,,,,,,,,,,0.0,,1.0,16205.6,,,,,,,,,,,,,,,,,,,,,,,,,,0.0,1.895,0.0,,,,11914.0,,,,,3.721,,,,,,,,,,,,""
11249807757,"Apr 23, 2024, 10:03:31 PM",Afternoon Walk,Walk,,1999,2.44,165.0,11,false,,,activities/12019160741.fit.gz,,,1999.0,1784.0,2448.3,2.418,1.372,0.0,8.0,35.0,45.2,29.4,-0.4,,,63.0,54.0,165.0,123.0,,,262.0,,29.0,11.0,,,,,,,,,,,,,0.0,,1.0,,,,,,,,,,,,,,,,,,,,,,,,,,,0.0,1.225,0.0,,,,3218.0,,,,,,,,,,,,,,,,,""
11262084857,"Apr 25, 2024, 3:01:54 PM",Morning Swim,Swim,,2415,"3,450",,,false,,,activities/12031760147.fit.gz,,,2415.0,2277.0,3450.0,2.942,1.515,0.0,0.0,0.0,0.0,0.0,0.0,,,,22.0,,,,,699.0,,28.0,,,,,,,,,,,,,,0.0,,1.0,,,,,,,,,,,,,,,,,,,,,,,,,,,0.0,1.429,0.0,,,,,,,,,,,,,,,,,,,,,""
11295144197,"Apr 26, 2024, 9:03:52 PM",Afternoon Run,Run,,2854,5.15,156.0,11,false,,,activities/12066009559.fit.gz,,,2854.0,1291.0,5152.4,5.922,3.991,17.4,21.0,34.0,49.5,5.5,0.1,,,104.0,84.0,156.0,132.0,,,214.0,,20.0,11.0,,,,,,,,,,,,,0.0,,1.0,5165.9,,,,,,,,,,,,,,,,,,,,,,,,,,0.0,1.805,0.0,,,,3556.0,,,,,4.001,,,,,,,,,,,,""
11295144736,"Apr 30, 2024, 12:02:50 AM",Afternoon Run,Run,,2764,6.45,156.0,14,false,,,activities/12066010153.fit.gz,,,2764.0,1562.0,6451.6,6.58,4.13,21.7,24.0,34.1,56.4,8.2,0.0,,,87.0,84.0,156.0,133.0,,,266.0,,15.0,14.0,,,,,,,,,,,,,0.0,,1.0,6471.7,,,,,,,,,,,,,,,,,,,,,,,,,,0.0,2.334,0.0,,,,4310.0,,,,,4.143,,,,,,,,,,,,""
11334607269,"May 4, 2024, 11:51:02 PM",Afternoon Run,Run,,1708,4.84,146.0,5,false,,,activities/12106601206.fit.gz,,,1708.0,1200.0,4842.8,5.605,4.036,46.0,61.0,-15.6,31.0,48.1,-0.8,,,93.0,85.0,146.0,125.0,,,181.0,,18.0,5.0,,,,,,,,,,,,,0.0,,1.0,4932.8,,,,,,,,,,,,,,,,,,,,,,,,,,0.0,2.835,0.0,,,,3314.0,,,,,4.111,,,,,,,,,,,,""
11364787405,"May 8, 2024, 10:04:56 PM",Afternoon Run,Run,,2896,5.12,173.0,23,false,,,activities/12137610901.fit.gz,,,2896.0,1224.0,5122.6,5.848,4.185,25.0,36.0,91.2,125.8,27.7,-0.2,,,110.0,85.0,173.0,148.0,,,240.0,,20.0,23.0,,,,,,,,,,,,,0.0,,1.0,5170.8,,,,,,,,,,,,,,,,,,,,,,,,,,0.0,1.769,5107.8,,,,3366.0,,,,,4.225,,,,,,,,,,,,""
11378084938,"May 9, 2024, 8:53:10 PM",Ankles Dying,Run,"",1635,3.23,153.0,5,false,,,activities/12151302084.fit.gz,,,1635.0,784.0,3230.6,6.548,4.121,13.0,9.0,23.2,37.2,13.9,0.1,,,112.0,86.0,153.0,128.0,,,129.0,,26.0,5.0,,,,,,,,,,,0.0,,0.0,,1.0,3264.7,,,,,,,,,,,,,,,,,,,,,,,,,,0.0,1.976,0.0,,,,2194.0,,,,,4.164,,,,,,,,,,,,""
11378085070,"May 9, 2024, 9:21:05 PM",Afternoon Walk,Walk,,1240,1.73,151.0,4,false,,,activities/12151302328.fit.gz,,,1240.0,1240.0,1731.5,2.207,1.396,3.0,10.0,19.0,26.6,6.2,-0.4,,,61.0,54.0,151.0,111.0,,,120.0,,30.0,4.0,,,,,,,,,,,,,0.0,,1.0,,,,,,,,,,,,,,,,,,,,,,,,,,,0.0,1.396,0.0,,,,2216.0,,,,,,,,,,,,,,,,,""
11378085763,"May 10, 2024, 2:21:38 PM",Morning Swim,Swim,,2475,"3,400",,,false,,,activities/12151303017.fit.gz,,,2475.0,2241.0,3400.0,10.588,1.517,0.0,0.0,0.0,0.0,0.0,0.0,,,,23.0,,,,,679.0,,27.0,,,,,,,,,,,,,,0.0,,1.0,,,,,,,,,,,,,,,,,,,,,,,,,,,0.0,1.374,0.0,,,,,,,,,,,,,,,,,,,,,""
11403271384,"May 13, 2024, 6:59:56 PM",Lunch Run,Run,,2669,5.13,158.0,6,false,,,activities/12177290532.fit.gz,,,2669.0,1163.0,5137.3,6.593,4.417,9.0,20.0,-3.0,178.2,17.2,3.2,,,92.0,85.0,158.0,126.0,,,172.0,,19.0,6.0,,,,,,,,,,,,,0.0,,1.0,5129.5,,,,,,,,,,,,,,,,,,,,,,,,,,0.0,1.925,0.0,,,,3190.0,,,,,4.411,,,,,,,,,,,,""
11412142931,"May 14, 2024, 9:23:45 PM",Afternoon Walk,Walk,,1252,1.73,93.0,1,false,,,activities/12186380819.fit.gz,,,1252.0,1231.0,1736.5,2.647,1.411,7.0,8.0,246.6,249.8,7.6,-0.1,,,68.0,55.0,93.0,79.0,,,98.0,,23.0,1.0,,,,,,,,,,,,,0.0,,1.0,,,,,,,,,,,,,,,,,,,,,,,,,,,0.0,1.387,552.5,,,,2120.0,,,,,,,,,,,,,,,,,""
11420387882,"May 15, 2024, 8:17:01 PM",Poo Poo Point Half Marathon,Run,"",10334,21.13,187.0,190,false,,,activities/12194841015.fit.gz,,,10334.0,6864.0,21131.7,5.94,3.079,750.0,827.0,69.8,713.6,49.9,-0.4,,,113.0,81.0,187.0,155.0,,,1311.0,,25.0,190.0,,,,,,,,,,,0.0,,0.0,,1.0,25062.0,,,,,,,,,,,,,,,,,,,,,,,,,,0.0,2.045,19933.2,,,,18166.0,,,,,3.651,,,,,,,,,,,,""
11428267340,"May 17, 2024, 12:19:46 AM",Afternoon Walk,Walk,,1451,1.83,92.0,2,false,,,activities/12202937898.fit.gz,,,1451.0,1451.0,1837.1,1.806,1.266,17.0,29.0,96.2,103.8,14.9,0.1,,,79.0,53.0,92.0,75.0,,,103.0,,23.0,2.0,,,,,,,,,,,,,0.0,,1.0,,,,,,,,,,,,,,,,,,,,,,,,,,,0.0,1.266,714.5,,,,2492.0,,,,,,,,,,,,,,,,,""
11435352704,"May 18, 2024, 12:43:51 AM",Recovery Run,Run,"",2469,6.44,162.0,19,false,,,activities/12210244000.fit.gz,,,2469.0,1728.0,6446.9,5.178,3.731,54.0,103.0,89.0,110.0,30.3,-0.1,,,123.0,84.0,162.0,139.0,,,314.0,,18.0,19.0,,,,,,,,,,,0.0,,0.0,,1.0,6560.0,,,,,,,,,,,,,,,,,,,,,,,,,,0.0,2.611,28.4,,,,4542.0,,,,,3.796,,,,,,,,,,,,""
11435353019,"May 18, 2024, 1:28:53 AM",Evening Walk,Walk,,998,1.46,113.0,2,false,,,activities/12210244411.fit.gz,,,998.0,998.0,1465.3,2.738,1.468,5.0,15.0,89.0,101.4,9.6,-0.7,,,109.0,56.0,113.0,95.0,,,80.0,,19.0,2.0,,,,,,,,,,,,,0.0,,1.0,,,,,,,,,,,,,,,,,,,,,,,,,,,0.0,1.468,544.4,,,,1826.0,,,,,,,,,,,,,,,,,""
11458866589,"May 18, 2024, 7:47:30 PM",Lunch Walk,Walk,,3589,4.83,125.0,8,false,,,activities/12234534910.fit.gz,,,3589.0,3389.0,4833.3,2.37,1.426,65.0,67.0,-10.2,45.6,12.4,0.6,,,116.0,56.0,125.0,100.0,,,308.0,,18.0,8.0,,,,,,,,,,,,,0.0,,1.0,,,,,,,,,,,,,,,,,,,,,,,,,,,0.0,1.347,110.6,,,,6120.0,,,,,,,,,,,,,,,,,""
11458867370,"May 19, 2024, 8:51:00 PM",Afternoon Run,Run,,2255,4.36,165.0,18,false,,,activities/12234535702.fit.gz,,,2255.0,1133.0,4363.8,7.78,3.852,79.0,143.0,14.0,116.2,36.9,-0.1,,,102.0,85.0,165.0,142.0,,,225.0,,20.0,18.0,,,,,,,,,,,,,0.0,,1.0,4665.0,,,,,,,,,,,,,,,,,,,,,,,,,,0.0,1.935,0.0,,,,3164.0,,,,,4.117,,,,,,,,,,,,""
11458868114,"May 20, 2024, 9:27:25 PM",Afternoon Run,Run,,1319,5.12,147.0,9,false,,,activities/12234536421.fit.gz,,,1319.0,1233.0,5119.4,6.38,4.152,17.0,20.0,52.6,68.4,4.8,-0.1,,,112.0,85.0,147.0,136.0,,,231.0,,22.0,9.0,,,,,,,,,,,,,0.0,,1.0,5131.1,,,,,,,,,,,,,,,,,,,,,,,,,,0.0,3.881,0.0,,,,3504.0,,,,,4.161,,,,,,,,,,,,""
11473876347,"May 22, 2024, 6:08:34 PM",May Half Marathon #2,Run,Strava aggressively deciding to shortcut me .01 miles 👀 but I have the receipts,5813,21.09,180.0,120,false,,,activities/12249949202.fit.gz,,,5813.0,5635.0,21096.2,5.132,3.744,80.0,90.0,40.8,105.0,33.0,0.0,,,89.0,85.0,180.0,149.0,,,1183.0,,17.0,120.0,,,,,,,,,,,0.0,,0.0,,1.0,21220.9,,,,,,,,,,,,,,,,,,,,,,,,,,0.0,3.629,0.0,,,,15914.0,,,,,3.766,,,,,,,,,,,,media/219969AF-9793-4944-9AA4-026D62209CDB.jpg
11488661754,"May 24, 2024, 7:40:35 PM",Afternoon Run,Run,,1686,5.25,,,false,,,activities/11488661754.gpx,,,1686.0,1184.0,5255.0,8.054,4.438,11.0,11.0,89.6,142.0,13.7,-0.7,,,,,,,,,,,,,,,,,,,,,,,,,0.0,,1.0,5213.6,,,,,,,,,,,,,,,,,,,,,,,,,,0.0,3.117,2079.3,,,,3230.0,,,,,4.403,,,,,,,,,,,,""
11488811473,"May 24, 2024, 8:11:52 PM",Afternoon Walk,Walk,,2010,3.24,,,false,,,activities/11488811473.gpx,,,2010.0,1818.0,3244.4,8.768,1.785,42.1,42.1,104.7,147.0,16.8,1.3,,,,,,,,,,,,,,,,,,,,,,,,,0.0,,1.0,,,,,,,,,,,,,,,,,,,,,,,,,,,0.0,1.614,2690.9,,,,3446.0,,,,,,,,,,,,,,,,,""
11497779173,"May 26, 2024, 12:18:34 AM",Recovery Run,Run,"",1625,4.82,152.0,10,false,,,activities/12274601091.fit.gz,,,1625.0,1161.0,4820.9,5.433,4.152,15.0,18.0,20.6,36.4,6.1,-0.1,,,90.0,86.0,152.0,133.0,,,217.0,,17.0,10.0,,,,,,,,,,,0.0,,0.0,,1.0,4826.1,,,,,,,,,,,,,,,,,,,,,,,,,,0.0,2.967,0.0,,,,3278.0,,,,,4.157,,,,,,,,,,,,""
11512123150,"May 27, 2024, 6:14:03 PM",May Half Marathon #3,Run,"",6471,21.15,186.0,277,false,,,activities/12289410385.fit.gz,,,6471.0,6054.0,21152.2,5.494,3.494,26.0,21.0,44.6,56.2,6.3,0.0,,,115.0,85.0,186.0,168.0,,,1516.0,,22.0,277.0,,,,,,,,,,,0.0,,0.0,,1.0,21198.6,,,,,,,,,,,,,,,,,,,,,,,,,,0.0,3.269,0.0,,,,17046.0,,,,,3.502,,,,,,,,,,,,media/A338C63B-3E4B-4A76-B37B-C68F9A3A1288.jpg
11542220883,"May 30, 2024, 7:36:12 PM",Lunch Walk,Walk,,5932,5.70,106.0,6,false,,,activities/12320407841.fit.gz,,,5932.0,4185.0,5701.0,2.576,1.362,45.0,41.0,139.2,159.6,35.5,0.1,,,108.0,54.0,106.0,78.0,,,349.0,,22.0,6.0,,,,,,,,,,,,,0.0,,1.0,,,,,,,,,,,,,,,,,,,,,,,,,,,0.0,0.961,16.1,,,,7314.0,,,,,,,,,,,,,,,,,""
11542221573,"May 31, 2024, 4:00:45 AM",Night Walk,Walk,,2866,2.34,111.0,4,false,,,activities/12320408622.fit.gz,,,2866.0,2054.0,2339.8,3.239,1.139,12.0,20.0,134.4,150.0,14.0,-0.3,,,112.0,53.0,111.0,88.0,,,187.0,,17.0,4.0,,,,,,,,,,,,,0.0,,1.0,,,,,,,,,,,,,,,,,,,,,,,,,,,0.0,0.816,1126.6,,,,3388.0,,,,,,,,,,,,,,,,,""
11542222700,"May 31, 2024, 6:21:07 PM",Lunch Run,Run,,2788,8.51,174.0,53,false,,,activities/12320409715.fit.gz,,,2788.0,2316.0,8518.9,5.337,3.678,26.0,35.0,49.2,82.8,38.5,-0.1,,,88.0,85.0,174.0,152.0,,,507.0,,23.0,53.0,,,,,,,,,,,,,0.0,,1.0,8518.8,,,,,,,,,,,,,,,,,,,,,,,,,,0.0,3.056,0.0,,,,6536.0,,,,,3.678,,,,,,,,,,,,""
11552122936,"Jun 2, 2024, 1:59:42 AM",Poo Poo Point Climb!,Run,"",4380,8.17,167.0,37,false,,,activities/12330622274.fit.gz,,,4380.0,2622.0,8170.4,6.702,3.116,275.0,454.0,48.2,470.2,45.4,-0.1,,,103.0,81.0,167.0,143.0,,,460.0,,18.0,37.0,,,,,,,,,,,0.0,,0.0,,1.0,8932.0,,,,,,,,,,,,,,,,,,,,,,,,,,0.0,1.865,8170.4,,,,6928.0,,,,,3.407,,,,,,,,,,,,""
11552193053,"Jun 2, 2024, 3:17:25 AM",Evening Walk,Walk,,1692,3.34,127.0,4,false,,,activities/12330696315.fit.gz,,,1692.0,1581.0,3342.0,29.768,2.114,150.0,144.0,51.2,173.4,17.3,-3.5,,,124.0,63.0,127.0,104.0,,,143.0,,19.0,4.0,,,,,,,,,,,,,0.0,,1.0,,,,,,,,,,,,,,,,,,,,,,,,,,,0.0,1.975,1914.6,,,,2560.0,,,,,,,,,,,,,,,,,""
11567831834,"Jun 3, 2024, 3:13:17 PM",Morning Walk,Walk,,1129,1.48,131.0,3,false,,,activities/12346809221.fit.gz,,,1129.0,1113.0,1488.2,2.063,1.337,15.0,20.0,140.8,159.4,44.9,-0.3,,,81.0,54.0,131.0,106.0,,,96.0,,19.0,3.0,,,,,,,,,,,,,0.0,,1.0,,,,,,,,,,,,,,,,,,,,,,,,,,,0.0,1.318,0.0,,,,2038.0,,,,,,,,,,,,,,,,,""
11567832525,"Jun 3, 2024, 11:21:39 PM",Afternoon Walk,Walk,,2064,3.29,96.0,2,false,,,activities/12346809903.fit.gz,,,2064.0,1609.0,3291.3,19.926,2.046,21.0,13.0,21.2,40.4,33.2,0.4,,,109.0,54.0,96.0,82.0,,,139.0,,21.0,2.0,,,,,,,,,,,,,0.0,,1.0,,,,,,,,,,,,,,,,,,,,,,,,,,,0.0,1.595,0.0,,,,2596.0,,,,,,,,,,,,,,,,,""
11567833580,"Jun 4, 2024, 12:29:19 AM",Afternoon Run,Run,,2578,8.24,161.0,43,false,,,activities/12346810961.fit.gz,,,2578.0,2114.0,8241.0,5.763,3.898,57.0,67.0,84.8,112.4,13.2,-0.2,,,114.0,86.0,161.0,148.0,,,435.0,,17.0,43.0,,,,,,,,,,,,,0.0,,1.0,8304.9,,,,,,,,,,,,,,,,,,,,,,,,,,0.0,3.197,491.1,,,,5988.0,,,,,3.929,,,,,,,,,,,,""
11584107330,"Jun 4, 2024, 11:09:33 PM",Afternoon Run,Run,,2041,5.14,168.0,21,false,,,activities/12363516323.fit.gz,,,2041.0,1240.0,5141.3,5.074,4.146,14.0,18.0,62.6,77.4,7.5,0.0,,,110.0,86.0,168.0,144.0,,,247.0,,20.0,21.0,,,,,,,,,,,,,0.0,,1.0,5151.0,,,,,,,,,,,,,,,,,,,,,,,,,,0.0,2.519,0.0,,,,3554.0,,,,,4.154,,,,,,,,,,,,""
11584109284,"Jun 4, 2024, 11:44:18 PM",Afternoon Walk,Walk,,2447,2.95,133.0,6,false,,,activities/12363518348.fit.gz,,,2447.0,2164.0,2949.6,2.994,1.363,11.0,55.0,18.0,33.6,16.3,-0.5,,,79.0,55.0,133.0,111.0,,,221.0,,20.0,6.0,,,,,,,,,,,,,0.0,,1.0,,,,,,,,,,,,,,,,,,,,,,,,,,,0.0,1.205,0.0,,,,3820.0,,,,,,,,,,,,,,,,,""
11584111467,"Jun 5, 2024, 10:54:35 PM",Kneehab,Run,"",3543,5.13,152.0,10,false,,,activities/12363520597.fit.gz,,,3543.0,1195.0,5138.5,6.136,4.3,67.0,51.0,66.2,156.0,29.5,1.0,,,89.0,86.0,152.0,133.0,,,211.0,,23.0,10.0,,,,,,,,,,,0.0,,0.0,,1.0,5408.8,,,,,,,,,,,,,,,,,,,,,,,,,,0.0,1.45,0.0,,,,3374.0,,,,,4.526,,,,,,,,,,,,""
11584291333,"Jun 5, 2024, 11:56:40 PM",Afternoon Walk,Walk,,1999,2.70,120.0,4,false,,,activities/12363704345.fit.gz,,,1999.0,1974.0,2699.0,2.51,1.367,3.0,11.0,-3.0,6.6,7.1,-0.3,,,106.0,54.0,120.0,90.0,,,151.0,,25.0,4.0,,,,,,,,,,,,,0.0,,1.0,,,,,,,,,,,,,,,,,,,,,,,,,,,0.0,1.35,0.0,,,,3604.0,,,,,,,,,,,,,,,,,""
11590782801,"Jun 6, 2024, 6:22:41 PM",Pace Training,Run,"",4602,8.86,173.0,31,false,,,activities/12370380184.fit.gz,,,4602.0,2101.0,8865.1,6.292,4.219,39.0,95.0,117.8,162.4,49.4,0.0,,,104.0,86.0,173.0,142.0,,,379.0,,21.0,31.0,,,,,,,,,,,0.0,,0.0,,1.0,8984.7,,,,,,,,,,,,,,,,,,,,,,,,,,0.0,1.926,7129.6,,,,5964.0,,,,,4.276,,,,,,,,,,,,""
11621967183,"Jun 7, 2024, 4:26:41 PM",Morning Walk,Walk,,3284,4.13,124.0,7,false,,,activities/12402502224.fit.gz,,,3284.0,3065.0,4131.5,2.55,1.348,39.0,83.0,96.6,122.8,10.6,0.1,,,82.0,55.0,124.0,99.0,,,271.0,,22.0,7.0,,,,,,,,,,,,,0.0,,1.0,,,,,,,,,,,,,,,,,,,,,,,,,,,0.0,1.258,0.0,,,,5266.0,,,,,,,,,,,,,,,,,""
11621970188,"Jun 8, 2024, 5:51:23 PM",Morning Walk,Walk,,10351,6.44,124.0,15,false,,,activities/12402505163.fit.gz,,,10351.0,8146.0,6444.1,2.358,0.791,228.0,261.0,934.6,1078.0,48.4,-0.1,,,116.0,53.0,124.0,85.0,,,578.0,,26.0,15.0,,,,,,,,,,,,,0.0,,1.0,,,,,,,,,,,,,,,,,,,,,,,,,,,0.0,0.623,6444.1,,,,9964.0,,,,,,,,,,,,,,,,,""
11621972690,"Jun 9, 2024, 9:42:10 PM",Running with Friends,Run,"",4923,7.41,174.0,32,false,,,activities/12402507741.fit.gz,,,4923.0,3531.0,7412.0,6.147,2.099,28.0,38.0,71.0,99.2,31.3,-0.1,,,85.0,72.0,174.0,131.0,,,541.0,,26.0,32.0,,,,,,,,,,,0.0,,0.0,,1.0,7457.1,,,,,,,,,,,,,,,,,,,,,,,,,,0.0,1.506,0.0,,,,8266.0,,,,,2.112,,,,,,,,,,,,""
11621974143,"Jun 10, 2024, 7:20:46 PM",Pace Training 🥵,Run,"",4486,10.67,161.0,23,false,,,activities/12402509194.fit.gz,,,4486.0,2329.0,10673.2,6.95,4.583,44.0,60.0,29.8,57.2,44.9,0.1,,,115.0,87.0,161.0,136.0,,,392.0,,21.0,23.0,,,,,,,,,,,0.0,,0.0,,1.0,10832.0,,,,,,,,,,,,,,,,,,,,,,,,,,0.0,2.379,0.0,,,,6630.0,,,,,4.651,,,,,,,,,,,,""
11631436300,"Jun 11, 2024, 10:59:48 PM",Afternoon Walk,Walk,,2781,3.47,117.0,4,false,,,activities/12412218387.fit.gz,,,2781.0,2313.0,3478.3,2.437,1.504,41.0,45.0,26.8,46.2,37.2,-0.1,,,116.0,57.0,117.0,88.0,,,227.0,,21.0,4.0,,,,,,,,,,,,,0.0,,1.0,,,,,,,,,,,,,,,,,,,,,,,,,,,0.0,1.251,262.1,,,,4414.0,,,,,,,,,,,,,,,,,""
11632162074,"Jun 12, 2024, 3:57:57 AM",Evening Run,Run,,568,2.13,144.0,2,false,,,activities/12412965039.fit.gz,,,568.0,477.0,2131.1,6.234,4.468,8.0,90.0,31.6,116.2,6.0,-3.8,,,89.0,85.0,144.0,128.0,,,85.0,,18.0,2.0,,,,,,,,,,,,,0.0,,1.0,2060.0,,,,,,,,,,,,,,,,,,,,,,,,,,0.0,3.752,0.0,,,,1342.0,,,,,4.319,,,,,,,,,,,,""
11632214148,"Jun 12, 2024, 4:13:32 AM",Night Walk,Walk,,1127,2.07,153.0,5,false,,,activities/12413019650.fit.gz,,,1127.0,1127.0,2077.1,5.278,1.843,66.0,20.0,31.2,96.6,31.9,3.1,,,118.0,61.0,153.0,122.0,,,148.0,,19.0,5.0,,,,,,,,,,,,,0.0,,1.0,,,,,,,,,,,,,,,,,,,,,,,,,,,0.0,1.843,0.0,,,,2212.0,,,,,,,,,,,,,,,,,""
11647985939,"Jun 14, 2024, 4:05:35 AM",Night Walk,Walk,,2663,4.33,139.0,7,false,,,activities/12429209420.fit.gz,,,2663.0,2663.0,4333.8,4.552,1.627,31.0,42.0,146.2,172.6,9.4,-0.2,,,121.0,62.0,139.0,105.0,,,281.0,,21.0,7.0,,,,,,,,,,,,,0.0,,1.0,,,,,,,,,,,,,,,,,,,,,,,,,,,0.0,1.627,0.0,,,,5364.0,,,,,,,,,,,,,,,,,""
11662204110,"Jun 15, 2024, 2:00:49 AM",Evening Walk,Walk,,1247,1.81,96.0,1,false,,,activities/12443883788.fit.gz,,,1247.0,1247.0,1814.5,2.608,1.455,9.0,72.0,91.6,107.0,8.3,-0.5,,,84.0,56.0,96.0,76.0,,,98.0,,19.0,1.0,,,,,,,,,,,,,0.0,,1.0,,,,,,,,,,,,,,,,,,,,,,,,,,,0.0,1.455,0.0,,,,2314.0,,,,,,,,,,,,,,,,,""
11662205445,"Jun 16, 2024, 1:19:13 AM",June Half Marathon,Run,"",5519,21.24,180.0,141,false,,,activities/12443885189.fit.gz,,,5519.0,5352.0,21246.5,6.132,3.97,56.0,131.0,-12.0,50.8,5.8,-0.1,,,102.0,86.0,180.0,154.0,,,1155.0,,17.0,141.0,,,,,,,,,,,0.0,,0.0,,1.0,21293.4,,,,,,,,,,,,,,,,,,,,,,,,,,0.0,3.85,0.0,,,,15302.0,,,,,3.979,,,,,,,,,,,,""
11716171216,"Jun 16, 2024, 7:04:24 PM",Lunch Walk,Walk,,6344,7.46,129.0,14,false,,,activities/12499486583.fit.gz,,,6344.0,5397.0,7459.3,2.542,1.382,65.0,111.0,97.0,123.4,19.1,0.0,,,112.0,56.0,129.0,102.0,,,482.0,,21.0,14.0,,,,,,,,,,,,,0.0,,1.0,,,,,,,,,,,,,,,,,,,,,,,,,,,0.0,1.176,182.0,,,,9824.0,,,,,,,,,,,,,,,,,""
11716171529,"Jun 19, 2024, 4:47:10 AM",Night Walk,Walk,,853,1.15,111.0,1,false,,,activities/12499486937.fit.gz,,,853.0,853.0,1155.5,2.222,1.355,10.0,13.0,144.8,154.6,8.5,-0.3,,,122.0,63.0,111.0,89.0,,,85.0,,25.0,1.0,,,,,,,,,,,,,0.0,,1.0,,,,,,,,,,,,,,,,,,,,,,,,,,,0.0,1.355,0.0,,,,1690.0,,,,,,,,,,,,,,,,,""
11716172091,"Jun 20, 2024, 4:07:59 AM",Night Walk,Walk,,2030,2.79,113.0,4,false,,,activities/12499487497.fit.gz,,,2030.0,1980.0,2791.2,3.261,1.41,16.0,75.0,91.4,105.0,21.1,-0.2,,,114.0,56.0,113.0,93.0,,,162.0,,26.0,4.0,,,,,,,,,,,,,0.0,,1.0,,,,,,,,,,,,,,,,,,,,,,,,,,,0.0,1.375,611.2,,,,3556.0,,,,,,,,,,,,,,,,,""
11716172587,"Jun 20, 2024, 9:02:45 PM",Afternoon Run,Run,,2090,5.36,177.0,27,false,,,activities/12499488021.fit.gz,,,2090.0,1436.0,5364.6,5.019,3.736,44.0,106.0,60.8,153.0,26.0,-0.7,,,108.0,85.0,177.0,147.0,,,299.0,,28.0,27.0,,,,,,,,,,,,,0.0,,1.0,5416.8,,,,,,,,,,,,,,,,,,,,,,,,,,0.0,2.567,0.0,,,,3996.0,,,,,3.772,,,,,,,,,,,,""
11716173384,"Jun 21, 2024, 6:28:46 PM",Lunch Walk,Walk,,3768,3.19,110.0,5,false,,,activities/12499488897.fit.gz,,,3768.0,2648.0,3190.4,2.597,1.205,26.0,21.0,145.0,158.6,24.8,0.2,,,113.0,55.0,110.0,94.0,,,260.0,,25.0,5.0,,,,,,,,,,,,,0.0,,1.0,,,,,,,,,,,,,,,,,,,,,,,,,,,0.0,0.847,1675.2,,,,4760.0,,,,,,,,,,,,,,,,,""
11716174447,"Jun 22, 2024, 9:11:15 PM",Afternoon Walk,Walk,,3643,4.78,123.0,6,false,,,activities/12499489968.fit.gz,,,3643.0,3525.0,4787.3,6.42,1.358,36.0,38.0,181.2,206.8,9.4,-0.1,,,108.0,53.0,123.0,88.0,,,267.0,,27.0,6.0,,,,,,,,,,,,,0.0,,1.0,,,,,,,,,,,,,,,,,,,,,,,,,,,0.0,1.314,0.0,,,,6230.0,,,,,,,,,,,,,,,,,""
11834287551,"Jun 24, 2024, 2:30:24 AM",Evening Walk,Walk,,530,0.74,115.0,0,false,,,activities/12621269814.fit.gz,,,530.0,530.0,748.9,2.193,1.413,4.0,86.0,65.6,73.6,8.4,-0.3,,,60.0,55.0,115.0,82.0,,,43.0,,25.0,0.0,,,,,,,,,,,,,0.0,,1.0,,,,,,,,,,,,,,,,,,,,,,,,,,,0.0,1.413,0.0,,,,964.0,,,,,,,,,,,,,,,,,""
11834287831,"Jun 24, 2024, 6:52:49 PM",Lunch Run,Run,,2116,2.63,154.0,2,false,,,activities/12621270161.fit.gz,,,2116.0,620.0,2633.1,5.766,4.247,97.0,18.0,134.2,157.2,42.3,-0.2,,,88.0,84.0,154.0,119.0,,,86.0,,21.0,2.0,,,,,,,,,,,,,0.0,,1.0,2694.2,,,,,,,,,,,,,,,,,,,,,,,,,,0.0,1.244,0.0,,,,1696.0,,,,,4.345,,,,,,,,,,,,""
11834288237,"Jun 26, 2024, 11:20:57 PM",Afternoon Run,Run,,3554,8.16,172.0,36,false,,,activities/12621270563.fit.gz,,,3554.0,2001.0,8161.3,5.454,4.079,34.0,34.0,38.6,72.4,5.4,-0.1,,,89.0,85.0,172.0,146.0,,,403.0,,21.0,36.0,,,,,,,,,,,,,0.0,,1.0,8173.6,,,,,,,,,,,,,,,,,,,,,,,,,,0.0,2.296,0.0,,,,5650.0,,,,,4.085,,,,,,,,,,,,""
11834289075,"Jun 30, 2024, 8:15:02 PM",Afternoon Walk,Walk,,4703,4.69,119.0,5,false,,,activities/12621271476.fit.gz,,,4703.0,3493.0,4695.7,2.484,1.344,52.0,47.0,23.2,66.6,13.8,0.0,,,79.0,54.0,119.0,77.0,,,201.0,,28.0,5.0,,,,,,,,,,,,,0.0,,1.0,,,,,,,,,,,,,,,,,,,,,,,,,,,0.0,0.998,121.3,,,,6154.0,,,,,,,,,,,,,,,,,""
11834289724,"Jul 2, 2024, 3:51:18 AM",Evening Walk,Walk,,4331,5.15,114.0,7,false,,,activities/12621272146.fit.gz,,,4331.0,3848.0,5153.8,3.326,1.339,62.0,38.0,34.6,82.8,20.3,0.5,,,108.0,54.0,114.0,85.0,,,326.0,,18.0,7.0,,,,,,,,,,,,,0.0,,1.0,,,,,,,,,,,,,,,,,,,,,,,,,,,0.0,1.19,882.3,,,,6714.0,,,,,,,,,,,,,,,,,""
11834290015,"Jul 3, 2024, 10:16:41 PM",Afternoon Run,Run,,2073,4.87,164.0,14,false,,,activities/12621272483.fit.gz,,,2073.0,1203.0,4869.4,5.472,4.048,32.0,34.0,130.4,148.6,6.0,0.0,,,89.0,86.0,164.0,137.0,,,219.0,,26.0,14.0,,,,,,,,,,,,,0.0,,1.0,4894.4,,,,,,,,,,,,,,,,,,,,,,,,,,0.0,2.349,0.0,,,,3388.0,,,,,4.068,,,,,,,,,,,,""
11834290217,"Jul 6, 2024, 3:29:32 PM",Morning Run,Run,,1783,5.10,167.0,15,false,,,activities/12621272711.fit.gz,,,1783.0,1294.0,5108.0,4.896,3.947,33.0,34.0,120.0,138.4,9.5,0.0,,,89.0,78.0,167.0,129.0,,,237.0,,23.0,15.0,,,,,,,,,,,,,0.0,,1.0,5142.0,,,,,,,,,,,,,,,,,,,,,,,,,,0.0,2.865,0.0,,,,3688.0,,,,,3.974,,,,,,,,,,,,""
11834290737,"Jul 7, 2024, 1:06:41 AM",Evening Swim,Swim,,1714,321,,,false,,,activities/12621273167.fit.gz,,,1714.0,1714.0,321.1,3.534,0.187,0.0,0.0,116.1,116.4,5.1,0.0,,,48.0,32.0,,,,,61.0,,26.0,,,,,,,,,,,,,,0.0,,1.0,,,,,,,,,,,,,,,,,,,,,,,,,,,0.0,0.187,0.0,,,,,,,,,,,,,,,,,,,,,""
11834290911,"Jul 7, 2024, 11:20:12 PM",Afternoon Swim,Swim,,1926,174,77.0,1,false,,,activities/12621273383.fit.gz,,,1926.0,1355.0,173.6,3.652,0.128,0.0,0.0,116.3,116.5,1.1,0.0,,,48.0,29.0,77.0,77.0,,,36.0,,25.0,1.0,,,,,,,,,,,,,0.0,,1.0,,,,,,,,,,,,,,,,,,,,,,,,,,,0.0,0.09,0.0,,,,,,,,,,,,,,,,,,,,,""
11840152061,"Jul 8, 2024, 6:19:19 PM",Lunch Walk,Walk,,2033,2.70,112.0,4,false,,,activities/12627347956.fit.gz,,,2033.0,2018.0,2708.8,2.318,1.342,21.0,43.0,98.2,111.0,9.4,0.2,,,109.0,54.0,112.0,92.0,,,156.0,,30.0,4.0,,,,,,,,,,,,,0.0,,1.0,,,,,,,,,,,,,,,,,,,,,,,,,,,0.0,1.332,509.5,,,,3546.0,,,,,,,,,,,,,,,,,""
11847254259,"Jul 9, 2024, 3:36:24 PM",Morning Run,Run,,2145,6.49,159.0,26,false,,,activities/12634652189.fit.gz,,,2145.0,1656.0,6494.3,5.804,3.922,23.0,17.0,11.2,31.6,4.4,0.0,,,88.0,86.0,159.0,144.0,,,326.0,,24.0,26.0,,,,,,,,,,,,,0.0,,1.0,6517.6,,,,,,,,,,,,,,,,,,,,,,,,,,0.0,3.028,0.0,,,,4720.0,,,,,3.936,,,,,,,,,,,,""
11848535790,"Jul 9, 2024, 5:19:36 PM",Morning Walk,Walk,,4957,5.97,125.0,11,false,,,activities/12635965129.fit.gz,,,4957.0,4573.0,5973.5,2.916,1.306,46.0,38.0,134.8,146.8,14.2,0.0,,,116.0,53.0,125.0,98.0,,,382.0,,30.0,11.0,,,,,,,,,,,,,0.0,,1.0,,,,,,,,,,,,,,,,,,,,,,,,,,,0.0,1.205,2694.8,,,,7920.0,,,,,,,,,,,,,,,,,""
11850001288,"Jul 9, 2024, 10:28:40 PM",Afternoon Swim,Swim,,2527,803,,,false,,,activities/12637471717.fit.gz,,,2527.0,2527.0,803.3,9.148,0.318,0.0,0.0,116.0,116.7,4.8,0.0,,,46.0,30.0,,,,,166.0,,26.0,,,,,,,,,,,,,,0.0,,1.0,,,,,,,,,,,,,,,,,,,,,,,,,,,0.0,0.318,0.0,,,,,,,,,,,,,,,,,,,,,""
11865970290,"Jul 11, 2024, 9:55:33 PM",Melting,Run,,2014,4.09,,,false,,,activities/11865970290.gpx,,,2014.0,1003.0,4098.9,6.434,4.087,35.7,35.7,115.5,128.4,8.9,-0.1,,,,,,,,,,,,,,,,,,,,,,,,,0.0,,1.0,4142.4,,,,,,,,,,,,,,,,,,,,,,,,,,0.0,2.035,0.0,,,,2838.0,,,,,4.13,,,,,,,,,,,,""
11866748804,"Jul 12, 2024, 12:29:35 AM",Afternoon Swim,Swim,,2426,426,,,false,,,activities/12654793517.fit.gz,,,2426.0,2426.0,426.4,4.73,0.176,0.0,0.0,116.0,116.4,1.1,0.0,,,47.0,28.0,,,,,78.0,,26.0,,,,,,,,,,,,,,0.0,,1.0,,,,,,,,,,,,,,,,,,,,,,,,,,,0.0,0.176,0.0,,,,,,,,,,,,,,,,,,,,,""
11897125519,"Jul 13, 2024, 4:06:42 PM",Morning Run,Run,,3179,3.41,161.0,14,false,,,activities/12686313137.fit.gz,,,3179.0,859.0,3415.9,6.326,3.977,129.0,24.0,139.0,159.0,15.4,0.1,,,89.0,86.0,161.0,143.0,,,175.0,,24.0,14.0,,,,,,,,,,,,,0.0,,1.0,3492.1,,,,,,,,,,,,,,,,,,,,,,,,,,0.0,1.075,0.0,,,,2428.0,,,,,4.065,,,,,,,,,,,,""
11897126899,"Jul 14, 2024, 1:14:51 AM",Evening Swim,Swim,,1300,755,73.0,0,false,,,activities/12686314521.fit.gz,,,1300.0,1298.0,754.5,4.226,0.581,0.0,0.0,116.0,116.7,5.9,0.0,,,48.0,28.0,73.0,73.0,,,153.0,,25.0,0.0,,,,,,,,,,,,,0.0,,1.0,,,,,,,,,,,,,,,,,,,,,,,,,,,0.0,0.58,0.0,,,,,,,,,,,,,,,,,,,,,""
11897129590,"Jul 15, 2024, 7:30:01 PM",Lunch Run,Run,,4399,9.02,172.0,56,false,,,activities/12686317266.fit.gz,,,4399.0,2275.0,9025.2,8.866,3.967,31.0,125.0,2.8,45.8,6.2,-0.2,,,89.0,86.0,172.0,152.0,,,499.0,,25.0,56.0,,,,,,,,,,,,,0.0,,1.0,9028.8,,,,,,,,,,,,,,,,,,,,,,,,,,0.0,2.052,0.0,,,,6524.0,,,,,3.969,,,,,,,,,,,,""
11906628050,"Jul 17, 2024, 12:29:07 AM",Afternoon Walk,Walk,,1207,1.42,111.0,2,false,,,activities/12696111361.fit.gz,,,1207.0,945.0,1419.3,4.362,1.502,13.0,3.0,-2.0,11.8,8.0,0.6,,,104.0,57.0,111.0,96.0,,,103.0,,30.0,2.0,,,,,,,,,,,,,0.0,,1.0,,,,,,,,,,,,,,,,,,,,,,,,,,,0.0,1.176,137.6,,,,1662.0,,,,,,,,,,,,,,,,,""
11906975287,"Jul 17, 2024, 1:45:54 AM",Evening Walk,Walk,,775,1.03,98.0,1,false,,,activities/12696469219.fit.gz,,,775.0,775.0,1037.9,2.558,1.339,2.0,11.0,-22.2,-11.8,19.6,-0.8,,,58.0,55.0,98.0,83.0,,,59.0,,28.0,1.0,,,,,,,,,,,,,0.0,,1.0,,,,,,,,,,,,,,,,,,,,,,,,,,,0.0,1.339,8.6,,,,1434.0,,,,,,,,,,,,,,,,,""
11913961047,"Jul 17, 2024, 7:45:07 PM",Lunch Run,Run,,2163,3.55,163.0,8,false,,,activities/12703709497.fit.gz,,,2163.0,899.0,3557.7,5.694,3.957,85.0,33.0,106.4,126.0,14.6,-0.4,,,110.0,85.0,163.0,134.0,,,168.0,,29.0,8.0,,,,,,,,,,,,,0.0,,1.0,3588.7,,,,,,,,,,,,,,,,,,,,,,,,,,0.0,1.645,0.0,,,,2482.0,,,,,3.992,,,,,,,,,,,,""
11931253265,"Jul 18, 2024, 6:38:43 PM",Lunch Run,Run,,1602,5.14,161.0,20,false,,,activities/12721654605.fit.gz,,,1602.0,1211.0,5144.4,7.025,4.248,8.0,15.0,58.2,80.8,9.6,-0.2,,,90.0,86.0,161.0,145.0,,,265.0,,27.0,20.0,,,,,,,,,,,,,0.0,,1.0,5176.1,,,,,,,,,,,,,,,,,,,,,,,,,,0.0,3.211,0.0,,,,3488.0,,,,,4.274,,,,,,,,,,,,""
11931256054,"Jul 19, 2024, 3:29:26 AM",Evening Walk,Walk,,4333,5.62,111.0,8,false,,,activities/12721657487.fit.gz,,,4333.0,4013.0,5621.0,2.737,1.401,46.0,37.0,97.8,120.0,12.3,-0.1,,,111.0,54.0,111.0,91.0,,,327.0,,25.0,8.0,,,,,,,,,,,,,0.0,,1.0,,,,,,,,,,,,,,,,,,,,,,,,,,,0.0,1.297,0.0,,,,6998.0,,,,,,,,,,,,,,,,,""
11931257324,"Jul 20, 2024, 12:16:19 AM",Watch decided to not count distance 🙃,Swim,"",1301,0,87.0,2,false,,,activities/12721658829.fit.gz,,,1301.0,1295.0,0.0,0.0,0.0,0.0,0.0,0.0,0.0,0.0,0.0,,,46.0,29.0,87.0,87.0,,,,,26.0,2.0,,,,,,,,,,,0.0,,0.0,,1.0,,,,,,,,,,,,,,,,,,,,,,,,,,,0.0,0.0,0.0,,,,,,,,,,,,,,,,,,,,,""
11931257510,"Jul 19, 2024, 10:28:43 AM",Night Walk,Walk,,10843,8.96,141.0,15,false,,,activities/12721658974.fit.gz,,,10843.0,6376.0,8959.1,2.604,1.405,365.0,376.0,1930.8,2184.8,46.9,-0.7,,,123.0,56.0,141.0,97.0,,,693.0,,20.0,15.0,,,,,,,,,,,,,0.0,,1.0,,,,,,,,,,,,,,,,,,,,,,,,,,,0.0,0.826,8959.1,,,,11124.0,,,,,,,,,,,,,,,,,""
11939746639,"Jul 21, 2024, 12:08:57 AM",Afternoon Swim,Swim,,3603,"2,131",87.0,4,false,,,activities/12730499753.fit.gz,,,3603.0,3603.0,2130.6,8.334,0.591,0.0,0.0,115.9,116.9,14.0,0.0,,,46.0,29.0,87.0,87.0,,,434.0,,26.0,4.0,,,,,,,,,,,,,0.0,,1.0,,,,,,,,,,,,,,,,,,,,,,,,,,,0.0,0.591,0.0,,,,,,,,,,,,,,,,,,,,,""
11940492199,"Jul 21, 2024, 5:17:23 AM",Night Walk,Walk,,1084,1.08,103.0,2,false,,,activities/12731290291.fit.gz,,,1084.0,1004.0,1080.1,1.971,1.076,8.0,125.0,98.4,107.2,7.3,-0.3,,,75.0,52.0,103.0,89.0,,,75.0,,28.0,2.0,,,,,,,,,,,,,0.0,,1.0,,,,,,,,,,,,,,,,,,,,,,,,,,,0.0,0.996,0.0,,,,1544.0,,,,,,,,,,,,,,,,,""
11966066215,"Jul 21, 2024, 9:38:51 PM",Afternoon Walk,Walk,,5556,4.84,126.0,8,false,,,activities/12757815522.fit.gz,,,5556.0,3722.0,4840.1,2.592,1.3,62.0,82.0,-70.2,9.6,34.5,-0.5,,,110.0,54.0,126.0,94.0,,,316.0,,25.0,8.0,,,,,,,,,,,,,0.0,,1.0,,,,,,,,,,,,,,,,,,,,,,,,,,,0.0,0.871,2745.1,,,,6302.0,,,,,,,,,,,,,,,,,""
11966066504,"Jul 21, 2024, 11:26:45 PM",Afternoon Walk,Walk,,1124,1.61,97.0,1,false,,,activities/12757815864.fit.gz,,,1124.0,1124.0,1611.8,2.3,1.434,97.0,0.0,11.6,27.2,7.2,1.0,,,108.0,55.0,97.0,83.0,,,94.0,,28.0,1.0,,,,,,,,,,,,,0.0,,1.0,,,,,,,,,,,,,,,,,,,,,,,,,,,0.0,1.434,90.3,,,,2048.0,,,,,,,,,,,,,,,,,""
11966066952,"Jul 22, 2024, 12:55:26 AM",Afternoon Swim,Swim,,957,525,81.0,0,false,,,activities/12757816283.fit.gz,,,957.0,957.0,524.5,3.568,0.548,0.0,0.0,116.0,116.4,6.5,0.0,,,45.0,30.0,81.0,81.0,,,107.0,,26.0,0.0,,,,,,,,,,,,,0.0,,1.0,,,,,,,,,,,,,,,,,,,,,,,,,,,0.0,0.548,0.0,,,,,,,,,,,,,,,,,,,,,""
11966067758,"Jul 23, 2024, 2:08:36 AM",Evening Walk,Walk,,4899,4.95,108.0,6,false,,,activities/12757817101.fit.gz,,,4899.0,3644.0,4952.5,2.815,1.359,40.0,305.0,90.6,116.2,11.7,-0.1,,,105.0,52.0,108.0,85.0,,,289.0,,23.0,6.0,,,,,,,,,,,,,0.0,,1.0,,,,,,,,,,,,,,,,,,,,,,,,,,,0.0,1.011,0.0,,,,6270.0,,,,,,,,,,,,,,,,,""
11966068574,"Jul 23, 2024, 9:08:51 PM",Afternoon Walk,Walk,,5618,3.22,102.0,3,false,,,activities/12757818001.fit.gz,,,5618.0,2621.0,3219.9,6.358,1.228,16.0,48.0,-44.2,-0.6,16.9,-0.7,,,72.0,55.0,102.0,73.0,,,153.0,,26.0,3.0,,,,,,,,,,,,,0.0,,1.0,,,,,,,,,,,,,,,,,,,,,,,,,,,0.0,0.573,126.1,,,,3464.0,,,,,,,,,,,,,,,,,""
12015023240,"Jul 30, 2024, 12:22:32 AM",Afternoon Walk,Walk,,6929,9.11,141.0,17,false,,,activities/12808723312.fit.gz,,,6929.0,6745.0,9117.7,4.688,1.352,162.0,191.0,9.8,165.2,26.8,-0.3,,,116.0,54.0,141.0,100.0,,,595.0,,24.0,17.0,,,,,,,,,,,,,0.0,,1.0,,,,,,,,,,,,,,,,,,,,,,,,,,,0.0,1.316,7712.6,,,,11670.0,,,,,,,,,,,,,,,,,""
12039123400,"Aug 1, 2024, 9:16:56 PM",Afternoon Swim,Swim,,636,153,88.0,0,false,,,activities/12833768764.fit.gz,,,636.0,636.0,152.6,3.138,0.24,0.0,0.0,116.2,116.5,2.0,-0.1,,,46.0,30.0,88.0,88.0,,,31.0,,25.0,0.0,,,,,,,,,,,,,0.0,,1.0,,,,,,,,,,,,,,,,,,,,,,,,,,,0.0,0.24,0.0,,,,,,,,,,,,,,,,,,,,,""
12055933732,"Aug 3, 2024, 6:36:27 PM",Lunch Swim,Swim,,2925,237,84.0,1,false,,,activities/12851305547.fit.gz,,,2925.0,1462.0,237.0,3.982,0.162,56.9,10.6,344.9,391.2,15.5,19.1,,,48.0,28.0,84.0,84.0,,,46.0,,23.0,1.0,,,,,,,,,,,,,0.0,,1.0,,,,,,,,,,,,,,,,,,,,,,,,,,,0.0,0.081,0.0,,,,,,,,,,,,,,,,,,,,,""
12055934034,"Aug 3, 2024, 11:40:37 PM",Afternoon Swim,Swim,,608,750,104.0,1,false,,,activities/12851305787.fit.gz,,,608.0,599.0,750.0,4.168,1.252,0.0,0.0,0.0,0.0,0.0,0.0,,,,29.0,104.0,104.0,,,185.0,,28.0,1.0,,,,,,,,,,,,,0.0,,1.0,,,,,,,,,,,,,,,,,,,,,,,,,,,0.0,1.234,0.0,,,,,,50.0,,,,,,,,,,,,,,,""
12056792129,"Aug 4, 2024, 3:58:41 AM",Evening Walk,Walk,,619,0.72,150.0,1,false,,,activities/12852212864.fit.gz,,,619.0,540.0,721.0,5.246,1.335,14.0,14.0,346.6,360.6,21.1,0.0,,,116.0,54.0,150.0,97.0,,,52.0,,29.0,1.0,,,,,,,,,,,,,0.0,,1.0,,,,,,,,,,,,,,,,,,,,,,,,,,,0.0,1.165,0.0,,,,900.0,,,,,,,,,,,,,,,,,""
12062746566,"Aug 4, 2024, 4:55:31 PM",Morning Swim,Swim,,1109,"1,400",,,false,,,activities/12858429288.fit.gz,,,1109.0,806.0,1400.0,6.25,1.737,0.0,0.0,0.0,0.0,0.0,0.0,,,,28.0,,,,,280.0,,26.0,,,,,,,,,,,,,,0.0,,1.0,,,,,,,,,,,,,,,,,,,,,,,,,,,0.0,1.262,0.0,,,,,,50.0,,,,,,,,,,,,,,,""
12082864674,"Aug 6, 2024, 6:39:52 PM",Lunch Run,Run,,2716,6.47,160.0,19,false,,,activities/12879485842.fit.gz,,,2716.0,1561.0,6471.9,5.66,4.146,41.0,56.0,56.2,80.8,22.0,-0.2,,,109.0,85.0,160.0,140.0,,,284.0,,19.0,19.0,,,,,,,,,,,,,0.0,,1.0,6515.1,,,,,,,,,,,,,,,,,,,,,,,,,,0.0,2.383,0.0,,,,4396.0,,,,,4.174,,,,,,,,,,,,""
12090103108,"Aug 7, 2024, 7:53:43 PM",Melting 🫠,Run,"",5824,16.14,182.0,159,false,,,activities/12887058602.fit.gz,,,5824.0,4483.0,16141.5,5.186,3.601,58.0,142.0,86.8,172.8,7.1,-0.1,,,110.0,85.0,182.0,160.0,,,992.0,,28.0,159.0,,,,,,,,,,,0.0,,0.0,,1.0,16158.2,,,,,,,,,,,,,,,,,,,,,,,,,,0.0,2.772,13650.8,,,,12580.0,,,,,3.604,,,,,,,,,,,,""
12090886179,"Aug 7, 2024, 11:38:43 PM",Afternoon Swim,Swim,,1314,680,90.0,1,false,,,activities/12887869195.fit.gz,,,1314.0,1314.0,679.9,6.228,0.517,0.0,0.0,116.0,116.9,4.0,0.0,,,48.0,31.0,90.0,90.0,,,139.0,,25.0,1.0,,,,,,,,,,,,,0.0,,1.0,,,,,,,,,,,,,,,,,,,,,,,,,,,0.0,0.517,0.0,,,,,,,,,,,,,,,,,,,,,""
12099494955,"Aug 9, 2024, 12:25:35 AM",Afternoon Swim,Swim,,1200,629,,,false,,,activities/12896871201.fit.gz,,,1200.0,1200.0,628.8,7.666,0.524,0.0,0.0,116.0,116.8,1.9,0.0,,,47.0,30.0,,,,,128.0,,25.0,,,,,,,,,,,,,,0.0,,1.0,,,,,,,,,,,,,,,,,,,,,,,,,,,0.0,0.524,0.0,,,,,,,,,,,,,,,,,,,,,""
12107126690,"Aug 9, 2024, 8:28:12 PM",Mountain Run 🫠,Run,"",8476,10.09,179.0,133,false,,,activities/12904922964.fit.gz,,,8476.0,6261.0,10092.0,6.082,1.612,895.2,653.0,48.4,864.0,47.4,1.1,,,124.0,72.0,179.0,151.0,,,1054.0,,28.0,133.0,,,,,,,,,,,0.0,,0.0,,1.0,15566.5,,,,,,,,,,,,,,,,,,,,,,,,,,0.0,1.191,10092.0,,,,13912.0,,,,,2.486,,,,,,,,,,,,""
12107129092,"Aug 9, 2024, 10:50:08 PM",Afternoon Walk,Walk,,1867,2.60,122.0,4,false,,,activities/12904925453.fit.gz,,,1867.0,1845.0,2602.2,3.845,1.41,0.0,209.0,35.8,149.2,8.0,-4.4,,,121.0,56.0,122.0,95.0,,,144.0,,30.0,4.0,,,,,,,,,,,,,0.0,,1.0,,,,,,,,,,,,,,,,,,,,,,,,,,,0.0,1.394,1616.7,,,,3412.0,,,,,,,,,,,,,,,,,""
12107129206,"Aug 10, 2024, 12:22:09 AM",Afternoon Swim,Swim,,556,360,103.0,1,false,,,activities/12904925590.fit.gz,,,556.0,556.0,359.7,2.092,0.647,0.0,0.0,116.0,116.9,4.8,-0.1,,,44.0,31.0,103.0,103.0,,,70.0,,25.0,1.0,,,,,,,,,,,,,0.0,,1.0,,,,,,,,,,,,,,,,,,,,,,,,,,,0.0,0.647,0.0,,,,,,,,,,,,,,,,,,,,,""
12123506609,"Aug 11, 2024, 12:57:06 AM",Afternoon Walk,Walk,,3347,4.61,120.0,6,false,,,activities/12922141613.fit.gz,,,3347.0,2969.0,4609.3,3.65,1.552,20.0,204.0,-19.8,34.6,12.9,-0.8,,,117.0,57.0,120.0,90.0,,,272.0,,28.0,6.0,,,,,,,,,,,,,0.0,,1.0,,,,,,,,,,,,,,,,,,,,,,,,,,,0.0,1.377,385.3,,,,5622.0,,,,,,,,,,,,,,,,,""
12123507240,"Aug 11, 2024, 5:57:38 PM",Morning Run,Run,,1270,5.15,159.0,23,false,,,activities/12922142267.fit.gz,,,1270.0,1194.0,5154.5,6.45,4.317,19.0,123.0,1.6,116.2,6.8,-2.2,,,91.0,85.0,159.0,146.0,,,248.0,,21.0,23.0,,,,,,,,,,,,,0.0,,1.0,5002.7,,,,,,,,,,,,,,,,,,,,,,,,,,0.0,4.059,150.6,,,,3364.0,,,,,4.19,,,,,,,,,,,,""
12123508766,"Aug 11, 2024, 6:20:31 PM",Lunch Walk,Walk,,5536,6.44,133.0,12,false,,,activities/12922143892.fit.gz,,,5536.0,4641.0,6441.4,2.302,1.388,144.0,50.0,-24.8,95.6,22.6,1.9,,,106.0,53.0,133.0,102.0,,,449.0,,22.0,12.0,,,,,,,,,,,,,0.0,,1.0,,,,,,,,,,,,,,,,,,,,,,,,,,,0.0,1.164,226.0,,,,8080.0,,,,,,,,,,,,,,,,,""
12141484952,"Aug 13, 2024, 11:58:45 PM",Need Kneehab,Run,"",1848,5.14,180.0,19,false,,,activities/12940973964.fit.gz,,,1848.0,1134.0,5145.5,5.982,4.538,17.0,23.0,25.6,42.0,8.6,-0.1,,,91.0,86.0,180.0,142.0,,,215.0,,24.0,19.0,,,,,,,,,,,0.0,,0.0,,1.0,5169.0,,,,,,,,,,,,,,,,,,,,,,,,,,0.0,2.784,0.0,,,,3182.0,,,,,4.558,,,,,,,,,,,,""
12158560466,"Aug 14, 2024, 11:47:32 PM",Afternoon Walk,Walk,,6407,4.04,106.0,5,false,,,activities/12960391503.fit.gz,,,6407.0,2893.0,4045.3,2.29,1.398,19.0,39.0,-34.2,-12.2,23.1,-0.5,,,81.0,55.0,106.0,84.0,,,247.0,,28.0,5.0,,,,,,,,,,,,,0.0,,1.0,,,,,,,,,,,,,,,,,,,,,,,,,,,0.0,0.631,0.0,,,,5322.0,,,,,,,,,,,,,,,,,""
12158560905,"Aug 15, 2024, 10:19:47 PM",August half marathon (crosswalks and hills),Run,"",7792,22.57,186.0,241,false,,,activities/12960391969.fit.gz,,,7792.0,6329.0,22570.2,5.704,3.566,277.0,288.0,129.6,199.8,22.6,0.0,,,109.0,85.0,186.0,163.0,,,1391.0,,26.0,241.0,,,,,,,,,,,0.0,,0.0,,1.0,23164.7,,,,,,,,,,,,,,,,,,,,,,,,,,0.0,2.897,106.2,,,,17814.0,,,,,3.66,,,,,,,,,,,,""
12259291690,"Aug 16, 2024, 7:20:27 PM",Lunch Walk,Walk,,5385,6.08,117.0,8,false,,,activities/13068493676.fit.gz,,,5385.0,4466.0,6086.7,2.358,1.363,49.0,52.0,65.8,89.0,16.1,-0.1,,,108.0,53.0,117.0,88.0,,,352.0,,24.0,8.0,,,,,,,,,,,,,0.0,,1.0,,,,,,,,,,,,,,,,,,,,,,,,,,,0.0,1.13,0.0,,,,7806.0,,,,,,,,,,,,,,,,,""
12259295352,"Aug 17, 2024, 9:54:05 PM",Afternoon Swim,Swim,,503,175,71.0,0,false,,,activities/13068497523.fit.gz,,,503.0,503.0,175.4,2.668,0.349,0.0,0.0,116.1,116.9,5.5,0.0,,,41.0,31.0,71.0,71.0,,,35.0,,24.0,0.0,,,,,,,,,,,,,0.0,,1.0,,,,,,,,,,,,,,,,,,,,,,,,,,,0.0,0.349,0.0,,,,,,,,,,,,,,,,,,,,,""
12259296120,"Aug 17, 2024, 7:04:03 PM",Lunch Walk,Walk,,3424,3.86,126.0,7,false,,,activities/13068498234.fit.gz,,,3424.0,3331.0,3868.0,2.362,1.161,121.0,109.0,18.8,119.6,44.0,0.2,,,112.0,53.0,126.0,94.0,,,259.0,,26.0,7.0,,,,,,,,,,,,,0.0,,1.0,,,,,,,,,,,,,,,,,,,,,,,,,,,0.0,1.13,3625.3,,,,5958.0,,,,,,,,,,,,,,,,,""
12259296754,"Aug 21, 2024, 3:40:32 AM",Night Walk,Walk,,2253,1.52,93.0,2,false,,,activities/13068498905.fit.gz,,,2253.0,1444.0,1521.8,2.542,1.054,3.0,32.0,908.2,939.8,43.5,-1.9,,,96.0,50.0,93.0,76.0,,,121.0,,27.0,2.0,,,,,,,,,,,,,0.0,,1.0,,,,,,,,,,,,,,,,,,,,,,,,,,,0.0,0.675,0.0,,,,2496.0,,,,,,,,,,,,,,,,,""
12259306908,"Aug 27, 2024, 12:17:29 PM",Mt Massive,Walk,"",26968,19.74,157.0,93,false,,,activities/13068509047.fit.gz,,,26968.0,19665.0,19740.3,3.814,1.004,1334.0,1329.0,3046.8,4307.8,49.9,0.1,,,103.0,56.0,157.0,119.0,,,2480.0,,19.0,93.0,,,,,,,,,,,0.0,,0.0,,1.0,,,,,,,,,,,,,,,,,,,,,,,,,,,0.0,0.732,19740.3,,,,15808.0,,,,,,,,,,,,,,,,,""
12269061393,"Aug 28, 2024, 12:10:25 PM",La Plata Peak Ascent,Walk,"",20585,17.34,162.0,66,false,,,activities/13078709831.fit.gz,,,20585.0,14555.0,17348.0,7.87,1.192,1383.0,207.0,3057.2,4264.4,49.9,6.8,,,79.0,57.0,162.0,117.0,,,2296.0,,18.0,66.0,,,,,,,,,,,0.0,,0.0,,1.0,,,,,,,,,,,,,,,,,,,,,,,,,,,0.0,0.843,15576.1,,,,13428.0,,,,,,,,,,,,,,,,,""
12269063633,"Aug 28, 2024, 6:26:51 PM",La Plata Peak Descent,Walk,"",8880,7.41,159.0,29,false,,,activities/13078712178.fit.gz,,,8880.0,7982.0,7412.9,4.55,0.929,141.0,1217.0,3181.2,4374.4,29.7,-15.8,,,94.0,55.0,159.0,118.0,,,789.0,,25.0,29.0,,,,,,,,,,,0.0,,0.0,,1.0,,,,,,,,,,,,,,,,,,,,,,,,,,,0.0,0.835,7412.9,,,,8992.0,,,,,,,,,,,,,,,,,""
12284109427,"Aug 30, 2024, 2:05:43 AM",Evening Walk,Walk,,2432,2.55,116.0,3,false,,,activities/13095054925.fit.gz,,,2432.0,1802.0,2558.7,5.349,1.42,15.0,283.0,1619.0,1634.2,48.8,0.0,,,109.0,56.0,116.0,92.0,,,169.0,,26.0,3.0,,,,,,,,,,,,,0.0,,1.0,,,,,,,,,,,,,,,,,,,,,,,,,,,0.0,1.052,42.1,,,,2764.0,,,,,,,,,,,,,,,,,""
12284116559,"Aug 30, 2024, 11:24:18 AM",Bierstadt and Blue Sky,Walk,"",31263,17.24,156.0,66,false,,,activities/13095062375.fit.gz,,,31263.0,20278.0,17240.9,8.136,0.85,1152.0,1141.0,3509.4,4313.0,50.0,0.0,,,123.0,53.0,156.0,112.0,,,2199.0,,20.0,66.0,,,,,,,,,,,0.0,,0.0,,1.0,,,,,,,,,,,,,,,,,,,,,,,,,,,0.0,0.551,17130.2,,,,17442.0,,,,,,,,,,,,,,,,,""
12344043134,"Sep 4, 2024, 11:35:07 PM",Afternoon Swim,Swim,,997,624,83.0,0,false,,,activities/13160531696.fit.gz,,,997.0,997.0,624.4,9.902,0.626,0.0,0.0,116.0,116.9,3.0,0.0,,,42.0,30.0,83.0,83.0,,,123.0,,22.0,0.0,,,,,,,,,,,,,0.0,,1.0,,,,,,,,,,,,,,,,,,,,,,,,,,,0.0,0.626,0.0,,,,,,,,,,,,,,,,,,,,,""
12344044315,"Sep 6, 2024, 8:47:37 PM",Absolutely Melting 🫠,Run,"",2737,6.46,183.0,34,false,,,activities/13160533086.fit.gz,,,2737.0,1735.0,6459.4,4.94,3.723,62.0,63.0,-4.0,41.4,18.0,-0.4,,,87.0,84.0,183.0,148.0,,,318.0,,31.0,34.0,,,,,,,,,,,0.0,,0.0,,1.0,6595.2,,,,,,,,,,,,,,,,,,,,,,,,,,0.0,2.36,0.0,,,,4846.0,,,,,3.801,,,,,,,,,,,,""
12344958865,"Sep 7, 2024, 12:06:21 AM",Summer Night Swim,Swim,"",1325,708,91.0,1,false,,,activities/13161507763.fit.gz,,,1325.0,1325.0,707.7,2.848,0.534,0.0,0.0,116.0,116.9,5.2,0.0,,,46.0,30.0,91.0,91.0,,,143.0,,24.0,1.0,,,,,,,,,,,0.0,,0.0,,1.0,,,,,,,,,,,,,,,,,,,,,,,,,,,0.0,0.534,0.0,,,,,,,,,,,,,,,,,,,,,""
12362265274,"Sep 8, 2024, 7:36:37 PM",Pain 🤝 Progress,Run,"",7722,24.17,181.0,164,false,,,activities/13180108534.fit.gz,,,7722.0,7033.0,24170.2,5.082,3.437,355.0,382.0,-62.8,49.6,26.6,-0.3,,,89.0,84.0,181.0,151.0,,,1238.0,,25.0,164.0,,,,,,,,,,,0.0,,0.0,,1.0,25115.1,,,,,,,,,,,,,,,,,,,,,,,,,,0.0,3.13,0.0,,,,19672.0,,,,,3.571,,,,,,,,,,,,""
12395821544,"Sep 9, 2024, 11:41:12 PM",Afternoon Walk,Walk,,4259,5.02,104.0,6,false,,,activities/13215899589.fit.gz,,,4259.0,4214.0,5023.8,2.16,1.192,110.0,73.0,91.6,119.4,18.2,-0.1,,,110.0,52.0,104.0,81.0,,,295.0,,25.0,6.0,,,,,,,,,,,,,0.0,,1.0,,,,,,,,,,,,,,,,,,,,,,,,,,,0.0,1.18,561.4,,,,6906.0,,,,,,,,,,,,,,,,,""
12395823334,"Sep 11, 2024, 1:23:31 AM",Evening Walk,Walk,,5328,6.84,148.0,13,false,,,activities/13215901497.fit.gz,,,5328.0,5215.0,6846.1,2.815,1.313,143.0,50.0,103.6,121.8,8.7,0.0,,,117.0,53.0,148.0,100.0,,,414.0,,22.0,13.0,,,,,,,,,,,,,0.0,,1.0,,,,,,,,,,,,,,,,,,,,,,,,,,,0.0,1.285,0.0,,,,8978.0,,,,,,,,,,,,,,,,,""
12395824627,"Sep 11, 2024, 11:32:17 PM",Afternoon Walk,Walk,,5002,6.45,123.0,11,false,,,activities/13215902831.fit.gz,,,5002.0,4920.0,6450.3,3.579,1.311,79.0,81.0,16.4,89.4,26.0,-0.1,,,120.0,54.0,123.0,95.0,,,383.0,,24.0,11.0,,,,,,,,,,,,,0.0,,1.0,,,,,,,,,,,,,,,,,,,,,,,,,,,0.0,1.29,2639.5,,,,8568.0,,,,,,,,,,,,,,,,,""
12395834983,"Sep 12, 2024, 7:33:04 PM",September Marathon,Run,"",14060,42.29,189.0,480,false,,,activities/13215913468.fit.gz,,,14060.0,12993.0,42298.6,6.926,3.255,251.0,1658.0,32.2,184.8,46.2,0.0,,,88.0,84.0,189.0,163.0,,,2639.0,,22.0,480.0,,,,,,,,,,,0.0,,0.0,,1.0,43226.8,,,,,,,,,,,,,,,,,,,,,,,,,,0.0,3.008,14793.5,,,,36454.0,,,,,3.327,,,,,,,,,,,,""
12496650346,"Sep 14, 2024, 6:29:33 PM",Lunch Walk,Walk,,3062,3.24,113.0,6,false,,,activities/13323733579.fit.gz,,,3062.0,2856.0,3246.9,10.09,1.137,1.0,20.0,-57.6,-20.0,47.9,-0.6,,,58.0,51.0,113.0,91.0,,,197.0,,22.0,6.0,,,,,,,,,,,,,0.0,,1.0,,,,,,,,,,,,,,,,,,,,,,,,,,,0.0,1.06,0.0,,,,4726.0,,,,,,,,,,,,,,,,,""
12496651318,"Sep 16, 2024, 9:22:37 PM",Afternoon Walk,Walk,,2466,2.79,109.0,4,false,,,activities/13323734596.fit.gz,,,2466.0,2252.0,2798.2,2.614,1.243,19.0,54.0,-17.0,32.2,9.6,-1.2,,,109.0,53.0,109.0,84.0,,,170.0,,25.0,4.0,,,,,,,,,,,,,0.0,,1.0,,,,,,,,,,,,,,,,,,,,,,,,,,,0.0,1.135,275.1,,,,3844.0,,,,,,,,,,,,,,,,,""
12496652924,"Sep 21, 2024, 1:06:49 AM",Evening Walk,Walk,,4655,5.53,101.0,7,false,,,activities/13323736233.fit.gz,,,4655.0,4194.0,5531.4,2.518,1.319,64.0,46.0,-65.4,-11.8,29.6,0.3,,,118.0,54.0,101.0,84.0,,,350.0,,22.0,7.0,,,,,,,,,,,,,0.0,,1.0,,,,,,,,,,,,,,,,,,,,,,,,,,,0.0,1.188,381.9,,,,7362.0,,,,,,,,,,,,,,,,,""
12496653215,"Sep 22, 2024, 7:56:25 PM",Lunch Run,Run,,2329,6.51,175.0,49,false,,,activities/13323736481.fit.gz,,,2329.0,1902.0,6517.9,5.29,3.427,47.0,61.0,76.6,112.8,6.1,-0.3,,,89.0,80.0,175.0,146.0,,,405.0,,23.0,49.0,,,,,,,,,,,,,0.0,,1.0,6589.0,,,,,,,,,,,,,,,,,,,,,,,,,,0.0,2.799,0.0,,,,5342.0,,,,,3.464,,,,,,,,,,,,""
12496653592,"Sep 24, 2024, 10:56:11 PM",Afternoon Swim,Swim,,724,421,83.0,0,false,,,activities/13323736956.fit.gz,,,724.0,724.0,420.9,3.728,0.581,0.0,0.0,116.0,117.0,7.1,0.0,,,42.0,29.0,83.0,83.0,,,83.0,,22.0,0.0,,,,,,,,,,,,,0.0,,1.0,,,,,,,,,,,,,,,,,,,,,,,,,,,0.0,0.581,0.0,,,,,,,,,,,,,,,,,,,,,""
12503545240,"Sep 25, 2024, 5:01:14 PM",Morning Run,Run,,2965,8.09,173.0,63,false,,,activities/13331093466.fit.gz,,,2965.0,2132.0,8092.6,6.363,3.796,23.3,1017.0,29.5,52.6,2.9,0.0,,,92.0,85.0,173.0,156.0,,,455.0,,20.0,63.0,,,,,,,,,,,,,0.0,,1.0,8105.8,,,,,,,,,,,,,,,,,,,,,,,,,,0.0,2.729,0.0,,,,6004.0,,,,,3.802,,,,,,,,,,,,""
12544814800,"Sep 27, 2024, 9:17:50 PM",Afternoon Run,Run,,3273,10.31,175.0,80,false,,,activities/13375172277.fit.gz,,,3273.0,2702.0,10316.0,7.254,3.818,54.0,162.0,-20.0,22.6,10.6,-0.1,,,88.0,85.0,175.0,156.0,,,589.0,,22.0,80.0,,,,,,,,,,,,,0.0,,1.0,10367.4,,,,,,,,,,,,,,,,,,,,,,,,,,0.0,3.152,0.0,,,,7562.0,,,,,3.837,,,,,,,,,,,,""
12544818357,"Oct 1, 2024, 1:43:41 AM",Evening Walk,Walk,,2065,2.70,123.0,5,false,,,activities/13375176144.fit.gz,,,2065.0,2065.0,2707.2,2.302,1.311,17.0,25.0,159.4,172.2,9.9,-0.3,,,79.0,53.0,123.0,106.0,,,167.0,,21.0,5.0,,,,,,,,,,,,,0.0,,1.0,,,,,,,,,,,,,,,,,,,,,,,,,,,0.0,1.311,547.2,,,,3554.0,,,,,,,,,,,,,,,,,""
12553092710,"Oct 2, 2024, 12:58:07 AM",Afternoon Run,Run,,2925,6.46,163.0,25,false,,,activities/13383991492.fit.gz,,,2925.0,1696.0,6468.7,5.087,3.814,106.0,196.0,57.8,138.0,14.3,-0.3,,,89.0,85.0,163.0,144.0,,,336.0,,18.0,25.0,,,,,,,,,,,,,0.0,,1.0,6769.3,,,,,,,,,,,,,,,,,,,,,,,,,,0.0,2.212,0.0,,,,4782.0,,,,,3.991,,,,,,,,,,,,""
12709998684,"Oct 10, 2024, 1:52:28 AM",Evening Walk,Walk,,1918,2.45,93.0,2,false,,,activities/13551505226.fit.gz,,,1918.0,1855.0,2454.2,2.66,1.323,15.0,18.0,35.2,45.0,8.4,-0.1,,,59.0,54.0,93.0,76.0,,,147.0,,20.0,2.0,,,,,,,,,,,,,0.0,,1.0,,,,,,,,,,,,,,,,,,,,,,,,,,,0.0,1.28,95.4,,,,3272.0,,,,,,,,,,,,,,,,,""
12709999542,"Oct 16, 2024, 10:05:38 PM",Afternoon Run,Run,,2182,5.17,174.0,41,false,,,activities/13551506093.fit.gz,,,2182.0,1400.0,5169.8,6.188,3.693,43.0,50.0,57.6,76.4,17.3,-0.2,,,87.0,84.0,174.0,156.0,,,315.0,,19.0,41.0,,,,,,,,,,,,,0.0,,1.0,5214.5,,,,,,,,,,,,,,,,,,,,,,,,,,0.0,2.369,387.6,,,,3872.0,,,,,3.725,,,,,,,,,,,,""
12710010369,"Oct 17, 2024, 6:05:45 PM",Lunch Walk,Walk,,15976,7.90,137.0,18,false,,,activities/13551517420.fit.gz,,,15976.0,10177.0,7904.0,3.964,0.777,610.0,652.0,56.8,701.4,49.7,-0.5,,,116.0,58.0,137.0,85.0,,,1063.0,,15.0,18.0,,,,,,,,,,,,,0.0,,1.0,,,,,,,,,,,,,,,,,,,,,,,,,,,0.0,0.495,7165.9,,,,13028.0,,,,,,,,,,,,,,,,,""
12710015075,"Oct 21, 2024, 3:06:20 PM",October Half Marathon,Run,Gonna keep climbing and improving 💅💪,5872,21.27,176.0,220,false,,,activities/13551522417.fit.gz,,,5872.0,5816.0,21271.5,8.492,3.657,571.0,495.0,-87.2,25.6,25.0,0.3,,,119.0,85.0,176.0,163.0,,,1361.0,,14.0,220.0,,,,,,,,,,,0.0,,0.0,,1.0,22891.4,,,,,,,,,,,,,,,,,,,,,,,,,,0.0,3.623,0.0,,,,16348.0,,,,,3.936,,,,,,,,,,,,""
12776185143,"Oct 28, 2024, 9:11:54 PM",Afternoon Run,Run,,1809,5.13,170.0,29,false,,,activities/13622775769.fit.gz,,,1809.0,1309.0,5133.5,6.104,3.922,38.0,35.0,52.0,96.4,14.2,-0.1,,,94.0,85.0,170.0,150.0,,,281.0,,16.0,29.0,,,,,,,,,,,,,0.0,,1.0,5191.9,,,,,,,,,,,,,,,,,,,,,,,,,,0.0,2.838,5133.5,,,,3656.0,,,,,3.966,,,,,,,,,,,,""
12776185820,"Oct 29, 2024, 5:07:00 PM",Morning Run,Run,,1574,5.13,144.0,4,false,,,activities/13622776448.fit.gz,,,1574.0,1257.0,5129.4,5.543,4.081,39.0,39.0,57.0,72.2,19.2,0.1,,,94.0,86.0,144.0,120.0,,,184.0,,13.0,4.0,,,,,,,,,,,,,0.0,,1.0,5224.8,,,,,,,,,,,,,,,,,,,,,,,,,,0.0,3.259,0.0,,,,3576.0,,,,,4.157,,,,,,,,,,,,""
12781997955,"Oct 30, 2024, 2:26:39 PM",Pre-work run,Run,"",1295,5.13,156.0,20,false,,,activities/13628996356.fit.gz,,,1295.0,1295.0,5136.0,5.772,3.966,36.0,29.0,46.2,63.4,8.6,0.2,,,93.0,86.0,156.0,143.0,,,269.0,,13.0,20.0,,,,,,,,,,,0.0,,0.0,,1.0,5204.2,,,,,,,,,,,,,,,,,,,,,,,,,,0.0,3.966,0.0,,,,3704.0,,,,,4.019,,,,,,,,,,,,""
12814978384,"Nov 3, 2024, 4:22:51 PM",Quick run before work,Run,"",390,1.61,148.0,3,false,,,activities/13664496517.fit.gz,,,390.0,390.0,1618.9,6.867,4.151,9.0,18.0,156.2,171.2,4.4,-0.6,,,98.0,87.0,148.0,136.0,,,77.0,,17.0,3.0,,,,,,,,,,,0.0,,0.0,,1.0,1612.7,,,,,,,,,,,,,,,,,,,,,,,,,,0.0,4.151,0.0,,,,1102.0,,,,,4.135,,,,,,,,,,,,""
12947073460,"Nov 8, 2024, 7:35:38 PM",Lunch Run,Run,,1461,5.14,173.0,28,false,,,activities/13806509766.fit.gz,,,1461.0,1300.0,5142.3,4.336,3.956,34.0,36.0,42.8,62.8,17.3,0.1,,,87.0,82.0,173.0,146.0,,,282.0,,18.0,28.0,,,,,,,,,,,,,0.0,,1.0,5185.8,,,,,,,,,,,,,,,,,,,,,,,,,,0.0,3.52,0.0,,,,3648.0,,,,,3.989,,,,,,,,,,,,""
12947074073,"Nov 13, 2024, 11:40:50 PM",Afternoon Run,Run,,2294,8.83,165.0,42,false,,,activities/13806510183.fit.gz,,,2294.0,2225.0,8836.9,4.76,3.972,21.0,32.0,-119.4,-96.6,3.8,-0.2,,,121.0,85.0,165.0,145.0,,,462.0,,13.0,42.0,,,,,,,,,,,,,0.0,,1.0,8828.5,,,,,,,,,,,,,,,,,,,,,,,,,,0.0,3.852,0.0,,,,6276.0,,,,,3.968,,,,,,,,,,,,""
12947077877,"Nov 20, 2024, 7:23:36 PM",Post Cyclone 🌬️,Run,"",5424,13.61,163.0,65,false,,,activities/13806514403.fit.gz,,,5424.0,3600.0,13618.6,5.6,3.783,87.0,53.0,6.0,46.9,44.0,0.0,,,109.0,85.0,163.0,145.0,,,714.0,,15.0,65.0,,,,,,,,,,,0.0,,0.0,,1.0,13906.4,,,,,,,,,,,,,,,,,,,,,,,,,,0.0,2.511,99.6,,,,10084.0,,,,,3.863,,,,,,,,,,,,""
13801470143,"Dec 2, 2024, 12:06:57 AM",Afternoon Run,Run,,1485,5.14,162.0,26,false,,,activities/14730206435.fit.gz,,,1485.0,1399.0,5146.9,4.55,3.679,32.0,35.0,330.4,348.4,11.5,0.0,,,89.0,85.0,162.0,144.0,,,300.0,,10.0,26.0,,,,,,,,,,,,,0.0,,1.0,5189.8,,,,,,,,,,,,,,,,,,,,,,,,,,0.0,3.466,0.0,,,,3916.0,,,,,3.71,,,,,,,,,,,,""
13801513120,"Mar 6, 2025, 1:10:45 AM",Afternoon Run,Run,,1503,5.28,170.0,34,false,,,activities/14730252130.fit.gz,,,1503.0,1491.0,5280.3,8.613,3.541,32.0,34.0,-57.2,-44.4,11.7,0.0,,,87.0,84.0,170.0,150.0,,,319.0,,15.0,34.0,,,,,,,,,,,,,0.0,,1.0,5325.8,,,,,,,,,,,,,,,,,,,,,,,,,,0.0,3.513,0.0,,,,4170.0,,,,,3.572,,,,,,,,,,,,""
13867350687,"Mar 13, 2025, 12:52:34 AM",Spring is coming 💅,Run,"",2336,8.06,171.0,53,false,,,activities/14801649958.fit.gz,,,2336.0,2179.0,8063.3,5.24,3.7,58.0,68.0,-68.2,-50.0,13.8,-0.1,,,96.0,83.0,171.0,149.0,,,472.0,,15.0,53.0,,,,,,,,,,,0.0,,0.0,,1.0,8130.8,,,,,,,,,,,,,,,,,,,,,,,,,,0.0,3.452,0.0,,,,6162.0,,,,,3.731,,,,,,,,,,,,""
13998415081,"Mar 21, 2025, 6:16:03 PM",Lunch Walk,Walk,,6388,5.41,135.0,9,false,,,activities/14942402207.fit.gz,,,6388.0,5030.0,5415.8,2.28,1.077,133.0,111.0,-60.6,40.6,43.6,0.3,,,112.0,52.0,135.0,87.0,,,443.0,,25.0,9.0,,,,,,,,,,,,,0.0,,1.0,,,,,,,,,,,,,,,,,,,,,,,,,,,0.0,0.848,3044.7,,,,8230.0,,,,,,,,,,,,,,,,,""
13998415463,"Mar 26, 2025, 12:33:55 AM",Afternoon Run,Run,,1999,6.46,186.0,39,false,,,activities/14942402578.fit.gz,,,1999.0,1754.0,6465.1,4.9,3.686,57.0,50.0,54.0,70.2,15.0,0.0,,,110.0,85.0,186.0,150.0,,,371.0,,24.0,39.0,,,,,,,,,,,,,0.0,,1.0,6554.3,,,,,,,,,,,,,,,,,,,,,,,,,,0.0,3.234,0.0,,,,4908.0,,,,,3.737,,,,,,,,,,,,""
13998415549,"Mar 27, 2025, 1:53:09 AM",Evening Run,Run,,1440,5.36,160.0,23,false,,,activities/14942402724.fit.gz,,,1440.0,1440.0,5362.4,5.167,3.724,26.0,47.0,11.8,37.0,6.1,-0.4,,,92.0,85.0,160.0,144.0,,,289.0,,19.0,23.0,,,,,,,,,,,,,0.0,,1.0,5356.1,,,,,,,,,,,,,,,,,,,,,,,,,,0.0,3.724,0.0,,,,4052.0,,,,,3.72,,,,,,,,,,,,""
14034788749,"Mar 30, 2025, 11:49:15 PM",Afternoon Run,Run,,1596,5.68,173.0,37,false,,,activities/14981588005.fit.gz,,,1596.0,1570.0,5687.0,4.614,3.622,106.0,32.0,103.8,119.0,5.6,0.0,,,89.0,85.0,173.0,152.0,,,334.0,,19.0,37.0,,,,,,,,,,,,,0.0,,1.0,5740.1,,,,,,,,,,,,,,,,,,,,,,,,,,0.0,3.563,0.0,,,,4378.0,,,,,3.656,,,,,,,,,,,,""
14054704602,"Apr 2, 2025, 2:17:35 AM",Evening Run,Run,,1632,6.47,145.0,8,false,,,activities/15002853721.fit.gz,,,1632.0,1631.0,6471.4,5.383,3.968,219.0,50.0,94.4,117.2,11.9,-0.2,,,89.0,85.0,145.0,128.0,,,261.0,,14.0,8.0,,,,,,,,,,,,,0.0,,1.0,6491.1,,,,,,,,,,,,,,,,,,,,,,,,,,0.0,3.965,0.0,,,,4640.0,,,,,3.98,,,,,,,,,,,,""
14081483567,"Apr 4, 2025, 9:05:29 PM",Afternoon Run,Run,,1757,6.49,160.0,43,false,,,activities/15031091873.fit.gz,,,1757.0,1750.0,6489.2,4.98,3.708,160.0,157.0,95.4,152.8,25.9,0.0,,,89.0,85.0,160.0,150.0,,,382.0,,20.0,43.0,,,,,,,,,,,,,0.0,,1.0,7175.9,,,,,,,,,,,,,,,,,,,,,,,,,,0.0,3.693,274.0,,,,4946.0,,,,,4.101,,,,,,,,,,,,""
14150825079,"Apr 12, 2025, 1:30:20 AM",Evening Run,Run,,1381,5.22,150.0,7,false,,,activities/15103553383.fit.gz,,,1381.0,1381.0,5225.0,5.02,3.783,36.0,36.0,280.6,306.4,7.1,0.0,,,90.0,85.0,150.0,131.0,,,243.0,,15.0,7.0,,,,,,,,,,,,,0.0,,1.0,5268.6,,,,,,,,,,,,,,,,,,,,,,,,,,0.0,3.783,0.0,,,,3910.0,,,,,3.815,,,,,,,,,,,,""
14178257601,"Apr 14, 2025, 7:37:57 PM",Lunch Run,Run,,3451,8.07,162.0,28,false,,,activities/15132334376.fit.gz,,,3451.0,2125.0,8077.2,5.12,3.801,40.0,29.0,210.0,241.8,7.4,0.0,,,89.0,85.0,162.0,142.0,,,405.0,,25.0,28.0,,,,,,,,,,,,,0.0,,1.0,8127.8,,,,,,,,,,,,,,,,,,,,,,,,,,0.0,2.341,0.0,,,,5960.0,,,,,3.825,,,,,,,,,,,,""
14199607976,"Apr 17, 2025, 1:29:38 AM",Evening Run,Run,,1675,6.56,154.0,21,false,,,activities/15154531966.fit.gz,,,1675.0,1675.0,6565.3,5.5,3.92,43.0,44.0,341.2,363.2,8.2,0.0,,,88.0,85.0,154.0,140.0,,,335.0,,18.0,21.0,,,,,,,,,,,,,0.0,,1.0,6611.9,,,,,,,,,,,,,,,,,,,,,,,,,,0.0,3.92,0.0,,,,4744.0,,,,,3.947,,,,,,,,,,,,""
14296998704,"Apr 27, 2025, 12:36:03 AM",April Half Marathon,Run,"",6156,21.25,174.0,152,false,,,activities/15256438351.fit.gz,,,6156.0,6087.0,21249.6,5.043,3.491,133.0,139.0,122.8,148.0,9.7,0.0,,,89.0,84.0,174.0,152.0,,,1277.0,,22.0,152.0,,,,,,,,,,,0.0,,0.0,,1.0,21402.1,,,,,,,,,,,,,,,,,,,,,,,,,,0.0,3.452,1406.6,,,,17070.0,,,,,3.516,,,,,,,,,,,,""
14349294072,"May 1, 2025, 9:59:51 PM",Afternoon Run,Run,,3821,10.30,173.0,36,false,,,activities/15311136314.fit.gz,,,3821.0,2793.0,10304.9,6.32,3.69,153.0,97.0,-87.6,-6.0,25.6,-0.2,,,89.0,85.0,173.0,141.0,,,529.0,,25.0,36.0,,,,,,,,,,,,,0.0,,1.0,10886.4,,,,,,,,,,,,,,,,,,,,,,,,,,0.0,2.697,8459.2,,,,7838.0,,,,,3.898,,,,,,,,,,,,""
14359681313,"May 3, 2025, 12:54:14 AM",Afternoon Run,Run,,2243,8.33,169.0,62,false,,,activities/15322050282.fit.gz,,,2243.0,2238.0,8337.8,4.717,3.726,45.7,43.0,109.2,129.2,4.6,0.1,,,90.0,85.0,169.0,155.0,,,525.0,,21.0,62.0,,,,,,,,,,,,,0.0,,1.0,8393.5,,,,,,,,,,,,,,,,,,,,,,,,,,0.0,3.717,391.5,,,,6346.0,,,,,3.75,,,,,,,,,,,,""
14380838477,"May 5, 2025, 1:24:36 AM",Evening Run,Run,,1771,6.46,171.0,50,false,,,activities/15344343610.fit.gz,,,1771.0,1765.0,6461.8,4.657,3.661,183.0,43.0,103.0,126.6,13.2,0.0,,,89.0,84.0,171.0,155.0,,,413.0,,18.0,50.0,,,,,,,,,,,,,0.0,,1.0,6533.1,,,,,,,,,,,,,,,,,,,,,,,,,,0.0,3.649,382.4,,,,4962.0,,,,,3.701,,,,,,,,,,,,""
14400873015,"May 7, 2025, 12:59:22 AM",Afternoon Run,Run,,1594,6.12,166.0,27,false,,,activities/15365355074.fit.gz,,,1594.0,1588.0,6119.1,5.28,3.853,48.0,34.0,100.0,126.6,6.3,0.2,,,91.0,85.0,166.0,146.0,,,344.0,,26.0,27.0,,,,,,,,,,,,,0.0,,1.0,6201.6,,,,,,,,,,,,,,,,,,,,,,,,,,0.0,3.839,398.0,,,,4506.0,,,,,3.905,,,,,,,,,,,,""
14637334630,"May 13, 2025, 1:47:18 AM",Evening Run,Run,,1705,6.48,173.0,40,false,,,activities/15619332229.fit.gz,,,1705.0,1700.0,6486.0,4.4,3.815,41.0,40.0,48.6,73.2,14.5,0.0,,,94.0,84.0,173.0,152.0,,,393.0,,19.0,40.0,,,,,,,,,,,,,0.0,,1.0,6536.0,,,,,,,,,,,,,,,,,,,,,,,,,,0.0,3.804,0.0,,,,4778.0,,,,,3.845,,,,,,,,,,,,""
14637336167,"May 30, 2025, 1:40:28 AM",Thursday Hustle,Run,"",1667,6.46,164.0,31,false,,,activities/15619333922.fit.gz,,,1667.0,1667.0,6462.2,4.625,3.877,53.0,40.0,-161.2,-130.6,5.7,0.2,,,88.0,85.0,164.0,146.0,,,359.0,,21.0,31.0,,,,,,,,,,,0.0,,0.0,,1.0,6537.3,,,,,,,,,,,,,,,,,,,,,,,,,,0.0,3.877,0.0,,,,4722.0,,,,,3.922,,,,,,,,,,,,""
14637336183,"May 22, 2025, 12:59:32 AM",Afternoon Run,Run,,1699,6.45,163.0,32,false,,,activities/15619333926.fit.gz,,,1699.0,1699.0,6449.4,4.289,3.796,52.0,42.0,-207.8,-184.6,44.4,0.1,,,89.0,85.0,163.0,146.0,,,372.0,,20.0,32.0,,,,,,,,,,,,,0.0,,1.0,6515.2,,,,,,,,,,,,,,,,,,,,,,,,,,0.0,3.796,0.0,,,,4770.0,,,,,3.835,,,,,,,,,,,,""
14637336445,"May 27, 2025, 11:10:17 PM",Afternoon Run,Run,,1710,6.46,147.0,12,false,,,activities/15619334152.fit.gz,,,1710.0,1707.0,6468.5,4.262,3.789,52.0,38.0,-94.4,-64.2,6.0,0.2,,,87.0,84.0,147.0,133.0,,,314.0,,26.0,12.0,,,,,,,,,,,,,0.0,,1.0,6552.6,,,,,,,,,,,,,,,,,,,,,,,,,,0.0,3.783,0.0,,,,4754.0,,,,,3.839,,,,,,,,,,,,""
14646559139,"May 31, 2025, 12:41:41 AM",Let’s go baby 💅,Run,"",1748,6.78,169.0,27,false,,,activities/15629291119.fit.gz,,,1748.0,1744.0,6783.4,5.52,3.89,232.0,114.0,33.2,114.6,35.1,-0.8,,,90.0,85.0,169.0,141.0,,,359.0,,27.0,27.0,,,,,,,,,,,0.0,,0.0,,1.0,6963.2,,,,,,,,,,,,,,,,,,,,,,,,,,0.0,3.881,390.0,,,,4924.0,,,,,3.993,,,,,,,,,,,,""
14748643233,"Jun 9, 2025, 5:32:42 PM",Snow Lake,Walk,Apparently too snowy to get down to the lake 😂,11562,8.47,141.0,23,false,,,activities/15739275037.fit.gz,,,11562.0,8532.0,8478.2,4.067,0.994,379.4,434.0,952.6,1389.3,49.1,-0.8,,,113.0,52.0,141.0,103.0,,,909.0,,30.0,23.0,,,,,,,,,,,0.0,,0.0,,1.0,,,,,,,,,,,,,,,,,,,,,,,,,,,0.0,0.733,7830.9,,,,13226.0,,,,,,,,,,,,,,,,,""
14771463054,"Jun 11, 2025, 10:53:13 PM",Up Poo Poo Point,Run,Post blood draw 😵‍💫. With Luke 🏃‍♂️,2919,5.50,177.0,63,false,,,activities/15763871079.fit.gz,,,2919.0,2707.0,5507.1,3.443,2.034,521.1,49.0,37.8,556.8,42.5,9.4,,,98.0,79.0,177.0,151.0,,0.0,556.0,,22.0,63.0,,,,,,,,,,,0.0,,0.0,,1.0,8378.9,,,,,,,,,,,,,,,,,,,,,,,,,,0.0,1.887,5070.3,,,,7110.0,,,,,3.095,,,,,,,,,,,,""
14771924544,"Jun 12, 2025, 12:17:04 AM",Down Poo Poo Point,Run,"",2089,4.85,153.0,19,false,,,activities/15764368192.fit.gz,,,2089.0,1766.0,4850.7,6.54,2.747,2.9,484.0,44.2,554.1,6.5,-10.5,,,105.0,79.0,153.0,139.0,,0.0,323.0,,19.0,19.0,,,,,,,,,,,0.0,,0.0,,1.0,4652.2,,,,,,,,,,,,,,,,,,,,,,,,,,0.0,2.322,4852.2,,,,4686.0,,,,,2.634,,,,,,,,,,,,""
14896632772,"Jun 20, 2025, 8:23:14 PM",Afternoon Run,Run,,1825,6.57,165.0,34,false,,,activities/15899546224.fit.gz,,,1825.0,1825.0,6570.3,5.2,3.6,197.0,42.0,99.8,130.2,8.9,0.2,,,89.0,85.0,165.0,151.0,,,383.0,,21.0,34.0,,,,,,,,,,,,,0.0,,1.0,6652.7,,,,,,,,,,,,,,,,,,,,,,,,,,0.0,3.6,394.9,,,,5124.0,,,,,3.645,,,,,,,,,,,,""
14896633006,"Jun 23, 2025, 1:40:33 AM",Evening Run,Run,,1684,6.02,149.0,8,false,,,activities/15899546524.fit.gz,,,1684.0,1684.0,6024.1,4.133,3.577,46.0,46.0,-172.0,-144.0,10.7,0.0,,,89.0,84.0,149.0,134.0,,,298.0,,22.0,8.0,,,,,,,,,,,,,0.0,,1.0,6079.3,,,,,,,,,,,,,,,,,,,,,,,,,,0.0,3.577,0.0,,,,4702.0,,,,,3.61,,,,,,,,,,,,""
14896638196,"Jun 24, 2025, 2:10:09 AM",Evening Run,Run,,2772,9.67,161.0,30,false,,,activities/15899552235.fit.gz,,,2772.0,2694.0,9678.8,5.1,3.593,80.0,107.0,-285.0,-228.6,29.0,-0.3,,,88.0,83.0,161.0,142.0,,,528.0,,24.0,30.0,,,,,,,,,,,,,0.0,,1.0,9821.3,,,,,,,,,,,,,,,,,,,,,,,,,,0.0,3.492,0.0,,,,7542.0,,,,,3.646,,,,,,,,,,,,""
14958152444,"Jun 26, 2025, 2:57:53 AM",Evening Run,Run,,1622,5.86,158.0,16,false,,,activities/15966677453.fit.gz,,,1622.0,1622.0,5859.3,4.5,3.612,72.0,32.0,-38.2,4.4,7.3,0.7,,,89.0,85.0,158.0,143.0,,,326.0,,23.0,16.0,,,,,,,,,,,,,0.0,,1.0,6017.8,,,,,,,,,,,,,,,,,,,,,,,,,,0.0,3.612,0.0,,,,4538.0,,,,,3.71,,,,,,,,,,,,""
14999292033,"Jul 3, 2025, 12:30:16 AM",Afternoon Run,Run,,1704,6.46,171.0,20,false,,,activities/16011912921.fit.gz,,,1704.0,1701.0,6466.3,5.083,3.801,109.0,40.0,100.0,119.6,15.9,0.1,,,93.0,84.0,171.0,142.0,,,335.0,,24.0,20.0,,,,,,,,,,,,,0.0,,1.0,6543.0,,,,,,,,,,,,,,,,,,,,,,,,,,0.0,3.795,396.1,,,,4758.0,,,,,3.847,,,,,,,,,,,,""
15031164934,"Jul 6, 2025, 10:34:26 PM",Hot Summer Run,Run,"",3813,11.28,176.0,81,false,,,activities/16047232307.fit.gz,,,3813.0,3130.0,11282.0,5.86,3.604,2.1,67.0,37.3,67.1,3.2,-0.3,,,89.0,84.0,176.0,157.0,,,702.0,,29.0,81.0,,,,,,,,,,,0.0,,0.0,,1.0,11242.7,,,,,,,,,,,,,,,,,,,,,,,,,,0.0,2.959,0.0,,,,8736.0,,,,,3.592,,,,,,,,,,,,""
15052141119,"Jul 9, 2025, 12:07:49 AM",Afternoon Swim,Swim,,1728,427,,,false,,,activities/16070288708.fit.gz,,,1728.0,1728.0,427.1,4.1,0.247,0.0,0.0,116.4,116.9,2.0,-0.1,,,48.0,26.0,,,,,88.0,,25.0,,,,,,,,,,,,,,0.0,,1.0,,,,,,,,,,,,,,,,,,,,,,,,,,,0.0,0.247,0.0,,,,,,,,,,,,,,,,,,,,,""
15300971662,"Jul 12, 2025, 12:25:27 AM",Afternoon Swim,Swim,,1330,410,58.0,0,false,,,activities/16340151696.fit.gz,,,1330.0,1330.0,410.3,8.88,0.308,0.0,0.0,116.4,117.1,7.0,0.0,,,41.0,28.0,58.0,58.0,,,95.0,,25.0,0.0,,,,,,,,,,,,,0.0,,1.0,,,,,,,,,,,,,,,,,,,,,,,,,,,,0.308,0.0,,,,,0.0,,,,,,,,,,,,,,,,""
15300977940,"Jul 27, 2025, 2:02:41 AM",Evening Run,Run,,1594,5.95,181.0,50,false,,,activities/16340158507.fit.gz,,,1594.0,1589.0,5957.2,5.217,3.749,83.0,44.0,130.8,155.0,7.1,-0.1,,,87.0,84.0,181.0,157.0,,,360.0,,23.0,50.0,,,,,,,,,,,,,0.0,,1.0,5995.9,,,,,,,,,,,,,,,,,,,,,,,,,,,3.737,405.0,,,,4474.0,0.0,,,,3.773,,,,,,,,,,,,""
15300977972,"Jul 26, 2025, 10:46:56 PM",Afternoon Ride,Ride,,4769,22.33,156.0,16,false,,,activities/16340158510.fit.gz,,9.0,4769.0,3773.0,22333.9,10.083,5.919,85.0,89.0,12.6,81.2,26.7,0.0,,,,,156.0,115.0,,73.0,423.0,,25.0,16.0,,,,,,,,,,,,,0.0,,1.0,,,,,,,,,,,,,,,,,,,,,,,,,,,,4.683,0.0,,,,,0.0,,,,,,,,,,,,,,,,""
15300978012,"Jul 25, 2025, 12:57:20 AM",Afternoon Swim,Swim,,1806,718,75.0,2,false,,,activities/16340158492.fit.gz,,,1806.0,1806.0,717.7,7.1,0.397,0.0,0.0,116.4,117.1,4.0,0.0,,,45.0,26.0,75.0,75.0,,,137.0,,24.0,2.0,,,,,,,,,,,,,0.0,,1.0,,,,,,,,,,,,,,,,,,,,,,,,,,,,0.397,0.0,,,,,0.0,,,,,,,,,,,,,,,,""
15300978070,"Jul 29, 2025, 12:48:50 AM",Afternoon Swim,Swim,,1662,252,87.0,1,false,,,activities/16340158503.fit.gz,,,1662.0,1662.0,252.4,4.3,0.152,0.0,0.0,116.4,116.9,3.4,0.0,,,46.0,34.0,87.0,87.0,,,45.0,,23.0,1.0,,,,,,,,,,,,,0.0,,1.0,,,,,,,,,,,,,,,,,,,,,,,,,,,,0.152,0.0,,,,,0.0,,,,,,,,,,,,,,,,""
15300984239,"Jul 30, 2025, 12:36:02 AM",Afternoon Swim,Swim,,1298,329,89.0,0,false,,,activities/16340165036.fit.gz,,,1298.0,1298.0,329.4,4.62,0.254,0.0,0.0,120.8,121.5,4.7,0.0,,,40.0,30.0,89.0,89.0,,,70.0,,25.0,0.0,,,,,,,,,,,,,0.0,,1.0,,,,,,,,,,,,,,,,,,,,,,,,,,,,0.254,0.0,,,,,0.0,,,,,,,,,,,,,,,,""
15300984441,"Jul 31, 2025, 4:58:19 PM",July Half Marathon,Run,Absolutely melting out here 🥵,6256,21.13,154.0,106,false,,,activities/16340165247.fit.gz,,,6256.0,6182.0,21130.4,3.69,3.418,25.0,19.0,-128.4,-115.0,2.1,0.0,,,86.0,82.0,154.0,144.0,,,1082.0,,28.0,106.0,,,,,,,,,,,,,0.0,,1.0,21158.6,,,,,,,,,,,,,,,,,,,,,,,,,,,3.378,0.0,,,,16998.0,0.0,,,,3.423,,,,,,,,,,,,""
15415257158,"Aug 10, 2025, 8:45:36 PM",Castle Rock,Walk,Finally did the thing!,2004,2.43,,,false,,,activities/15415257158.gpx,,,2004.0,1831.0,2431.1,5.5,1.328,90.9,91.0,1895.8,1987.8,37.1,0.0,,,,,,,,,203.0,,,,,,,,,,,,,,,,0.0,,1.0,,,,,,,,,,,,,,,,,,,,,,,,,,,,1.213,2431.1,,,,2876.0,0.0,,,,,,,,,,,,,,,,""
15494497453,"Aug 11, 2025, 10:11:45 PM",Afternoon Run,Run,,1889,5.24,166.0,23,false,,,activities/16547121159.fit.gz,,,1889.0,1474.0,5239.0,4.317,3.554,31.0,28.0,1490.6,1517.2,5.3,0.0,,,109.0,84.0,166.0,144.0,,,295.0,,30.0,23.0,,,,,,,,,,,,,0.0,,1.0,5265.6,,,,,,,,,,,,,,,,,,,,,,,,,,,2.773,0.0,,,,4116.0,0.0,,,,3.572,,,,,,,,,,,,""
15495786740,"Aug 17, 2025, 12:45:06 PM",Mount of the Holy Cross,Walk,First 14er of 2025 🥳,29051,17.88,165.0,99,false,,,activities/16548512844.fit.gz,,,29051.0,19447.0,17881.9,12.74,0.92,1394.3,2115.0,3164.5,4260.6,50.0,-1.8,,,123.0,54.0,165.0,119.0,,,2455.0,,20.0,99.0,,,,,,,,,,,,,0.0,,1.0,,,,,,,,,,,,,,,,,,,,,,,,,,,,0.616,17881.9,,,,31950.0,0.0,,,,,,,,,,,,,,,,media/690F84A6-F3F9-4994-9659-71779EA30D4A.jpg|media/30A326B7-8271-4A9B-8540-5CAB5E97709A.jpg
15559566244,"Aug 23, 2025, 12:44:01 PM",Mount Sherman,Walk,"",9259,11.86,160.0,51,false,,,activities/16617940498.fit.gz,,,9259.0,8651.0,11859.1,5.563,1.371,734.8,708.0,3484.6,4271.0,33.1,-0.4,,,117.0,59.0,160.0,127.0,,,1075.0,,16.0,51.0,,,,,,,,,,,,,0.0,,1.0,,,,,,,,,,,,,,,,,,,,,,,,,,,,1.281,11859.1,,,,15262.0,0.0,,,,,,,0.0,,,,,,,,,""
15562966136,"Aug 23, 2025, 4:20:20 PM",Quandary Peak: West Ridge,Walk,Most scared I’ve ever been in my life so that’s good!! The west ridge route is unhinged 🫨,19419,14.48,161.0,50,false,,,activities/16621676538.fit.gz,,,19419.0,13880.0,14479.0,3.16,1.043,1060.1,1334.0,3307.5,4345.6,50.0,-0.3,,,121.0,55.0,161.0,111.0,,,1796.0,,23.0,50.0,,,,,,,,,,,,,0.0,,1.0,,,,,,,,,,,,,,,,,,,,,,,,,,,,0.746,14479.0,,,,23540.0,0.0,,,,,,,0.0,,,,,,,,,""
15611619106,"Aug 24, 2025, 8:39:45 PM",Afternoon Walk,Walk,,1755,2.49,106.0,3,false,,,activities/16673898031.fit.gz,,,1755.0,1755.0,2496.6,1.971,1.423,16.0,9.0,1421.2,1431.8,15.4,0.3,,,61.0,55.0,106.0,91.0,,,151.0,,28.0,3.0,,,,,,,,,,,,,0.0,,1.0,,,,,,,,,,,,,,,,,,,,,,,,,,,,1.423,165.5,,,,3152.0,0.0,,,,,,,,,,,,,,,,""
15611620810,"Aug 28, 2025, 1:48:33 AM",Evening Run,Run,,2221,6.46,163.0,40,false,,,activities/16673899944.fit.gz,,,2221.0,1772.0,6459.3,4.86,3.645,13.0,127.0,1662.0,1687.9,6.3,-0.4,,,113.0,83.0,163.0,149.0,,,354.0,,23.0,40.0,,,,,,,,,,,,,0.0,,1.0,6435.0,,,,,,,,,,,,,,,,,,,,,,,,,,,2.908,0.0,,,,4846.0,0.0,,,,3.631,,,,,,,,,,,,""
15622157991,"Aug 29, 2025, 12:08:10 AM",Muddy Thunderstorm Mountain Run 🌈,Run,"",4333,8.56,173.0,53,false,,,activities/16685171918.fit.gz,,,4333.0,2977.0,8562.5,3.933,2.876,206.9,196.0,1832.3,1991.7,40.5,0.3,,,119.0,81.0,173.0,146.0,,,551.0,,20.0,53.0,,,,,,,,,,,,,0.0,,1.0,9121.2,,,,,,,,,,,,,,,,,,,,,,,,,,,1.976,8562.5,,,,7900.0,0.0,,,,3.064,,,0.0,,,,,,,,,media/9217416F-4B4F-4912-BA60-FF03E5788307.jpg|media/C72C59D0-2E65-4EEB-991A-D5244E39BA8F.jpg
15632563907,"Aug 29, 2025, 6:01:42 PM",Lunch Weight Training,Weight Training,,1953,0,111.0,3,false,,,activities/16696556624.fit.gz,,,1953.0,1953.0,0.0,0.0,0.0,0.0,0.0,0.0,0.0,0.0,0.0,,,,,111.0,87.0,,,26.0,,26.0,3.0,,,,,,,,,,,,,0.0,,1.0,,,,,,,,,,,,,,,,,,,,,,,,,,,,0.0,0.0,,,,,0.0,,,,,,226.0,,,,,,,,,,""
15655008823,"Aug 31, 2025, 1:02:07 PM",Missouri/Belford/Oxford,Walk,Pain. Triumph.,39695,28.15,186.0,208,false,,,activities/16721264949.fit.gz,,,39695.0,31407.0,28158.8,7.66,0.897,1873.5,2386.0,2941.0,4319.1,50.0,-1.2,,,125.0,55.0,186.0,121.0,,,3649.0,,17.0,208.0,,,,,,,,,,,,,0.0,,1.0,,,,,,,,,,,,,,,,,,,,,,,,,,,,0.709,28158.8,,,,52310.0,0.0,,,,,,,0.0,,,,,,,,,media/7F098633-AC91-448E-8D55-6AA32A5BD733.jpg|media/8D66D7F0-9CA8-48A9-8DAB-0120B8FD3F01.jpg|media/54D8E387-CC47-4613-AA1B-1FD855E074A1.jpg
15733755171,"Sep 7, 2025, 7:29:55 PM",Afternoon Walk,Walk,,489,0.54,123.0,1,false,,,activities/16806456238.fit.gz,,,489.0,471.0,543.5,1.655,1.154,132.0,14.0,2410.2,2419.4,10.5,-1.3,,,58.0,53.0,123.0,111.0,,,41.0,,29.0,1.0,,,,,,,,,,,,,0.0,,1.0,,,,,,,,,,,,,,,,,,,,,,,,,,,,1.111,543.5,,,,752.0,0.0,,,,,,,,,,,,,,,,""
15733755260,"Sep 7, 2025, 12:21:18 PM",Mt Yale,Walk,"",23557,14.87,150.0,45,false,,,activities/16806456216.fit.gz,,,23557.0,15112.0,14874.7,5.186,0.984,802.1,1229.0,3022.8,4250.3,49.5,-3.0,,,123.0,55.0,150.0,105.0,,,1511.0,,17.0,45.0,,,,,,,,,,,,,0.0,,1.0,,,,,,,,,,,,,,,,,,,,,,,,,,,,0.631,14874.7,,,,25814.0,0.0,,,,,,,0.0,,,,,,,,,media/6B4277FB-E870-4DAA-864D-186C3522B2F5.jpg|media/7A86F434-5D25-469B-B4EB-A387175B9650.jpg
15814799317,"Sep 14, 2025, 1:29:07 PM",Harvard Columbia Traverse,Walk,The snow has begun in the mountains ❄️ 🥶,39349,25.23,166.0,101,false,,,activities/16892027888.fit.gz,,,39349.0,24401.0,25230.6,8.9,1.034,1729.0,1821.0,2954.6,4287.8,50.0,-0.1,,,116.0,53.0,166.0,119.0,,,3396.0,,14.0,101.0,,,,,,,,,,,,,0.0,,1.0,,,,,,,,,,,,,,,,,,,,,,,,,,,,0.641,25230.6,,,,42154.0,0.0,,,,,,,0.0,,,,,,,,,""
15893458509,"Sep 20, 2025, 11:07:40 PM",Kneehab 😩,Run,"",1661,5.13,168.0,53,false,,,activities/16972937555.fit.gz,,,1661.0,1661.0,5130.7,3.775,3.089,19.0,21.0,1710.0,1716.8,3.5,0.0,,,86.0,83.0,168.0,158.0,,,332.0,,25.0,53.0,,,,,,,,,,,,,0.0,,1.0,5141.3,,,,,,,,,,,,,,,,,,,,,,,,,,,3.089,0.0,,,,4612.0,0.0,,,,3.095,,,0.0,,,,,,,,,""
15893463791,"Sep 21, 2025, 1:49:35 PM","Huron Peak (14,006ft )",Hike,First 14er where I was actively getting snowed upon!,21336,17.06,157.0,61,false,,,activities/16972942848.fit.gz,,,21336.0,17291.0,17064.7,5.012,0.987,1095.0,1081.0,3088.4,4151.8,50.0,0.1,,,111.0,56.0,157.0,113.0,,,1604.0,,17.0,61.0,,,,,,,,,,,,,0.0,,1.0,,,,,,,,,,,,,,,,,,,,,,,,,,,,0.8,17064.7,,,,25408.0,0.0,,,,,,,0.0,,,,,,,,,media/F70B3852-06C6-47FA-BBC6-666B895BD445.jpg|media/C828D75F-C383-4F93-9E05-8E582B156FA9.jpg
16071939419,"Oct 8, 2025, 12:33:55 AM",Kneehab,Run,Left foot and knee being jerks,2660,5.14,167.0,19,false,,,activities/17154596046.fit.gz,,,2660.0,1398.0,5144.5,5.18,3.68,26.0,36.0,1739.4,1772.8,22.4,-0.1,,,93.0,83.0,167.0,141.0,,,239.0,,16.0,19.0,,,,,,,,,,,,,0.0,,1.0,5209.2,,,,,,,,,,,,,,,,,,,,,,,,,,,1.934,330.1,,,,3812.0,0.0,,,,3.726,,,0.0,,,,,,,,,""
16196046485,"Oct 19, 2025, 9:29:08 PM",Afternoon Run,Run,,3267,5.15,177.0,37,false,,,activities/17280042928.fit.gz,,,3267.0,1439.0,5154.1,5.213,3.582,49.0,35.0,1742.8,1781.4,9.2,0.2,,,88.0,82.0,177.0,152.0,,,279.0,,28.0,37.0,,,,,,,,,,,,,0.0,,1.0,5265.1,,,,,,,,,,,,,,,,,,,,,,,,,,,1.578,2020.2,,,,3908.0,0.0,,,,3.659,,,,,,,,,,,,""
16529874073,"Oct 26, 2025, 12:22:09 AM",Evening Run,Run,,3617,5.15,157.0,15,false,,,activities/17616939663.fit.gz,,,3617.0,1620.0,5150.5,5.2,3.179,35.0,50.0,1720.4,1765.0,44.8,-0.1,,,103.0,79.0,157.0,134.0,,,246.0,,18.0,15.0,,,,,,,,,,,,,0.0,,1.0,5294.1,,,,,,,,,,,,,,,,,,,,,,,,,,,1.424,0.0,,,,4006.0,0.0,,,,3.268,,,,,,,,,,,,""
16529874084,"Nov 11, 2025, 4:23:04 AM",Night Run,Run,,2157,4.11,159.0,21,false,,,activities/17616939652.fit.gz,,,2157.0,1216.0,4114.6,4.288,3.384,37.0,25.0,1743.2,1767.6,17.0,0.1,,,89.0,83.0,159.0,144.0,,,230.0,,22.0,21.0,,,,,,,,,,,,,0.0,,1.0,4174.4,,,,,,,,,,,,,,,,,,,,,,,,,,,1.908,0.0,,,,3324.0,0.0,,,,3.433,,,,,,,,,,,,""
16529874091,"Nov 12, 2025, 11:35:17 PM",Afternoon Run,Run,,2656,5.14,173.0,27,false,,,activities/17616939647.fit.gz,,,2656.0,1599.0,5140.4,5.567,3.215,19.0,30.0,1693.2,1721.6,27.8,-0.3,,,109.0,83.0,173.0,144.0,,,294.0,,17.0,27.0,,,,,,,,,,,,,0.0,,1.0,5154.0,,,,,,,,,,,,,,,,,,,,,,,,,,,1.935,91.6,,,,4420.0,0.0,,,,3.223,,,,,,,,,,,,""
16529874164,"Oct 26, 2025, 10:32:11 PM",Afternoon Run,Run,,1866,5.14,160.0,30,false,,,activities/17616939727.fit.gz,,,1866.0,1656.0,5139.4,7.043,3.104,4.0,9.0,1710.2,1715.8,16.7,-0.1,,,86.0,83.0,160.0,145.0,,,304.0,,22.0,30.0,,,,,,,,,,,,,0.0,,1.0,5143.7,,,,,,,,,,,,,,,,,,,,,,,,,,2.0,2.754,5033.4,,,,4562.0,0.0,,,,3.106,,,,,,,,,,,,""
16536718580,"Nov 22, 2025, 6:38:09 PM",Lunch Run,Run,"",2752,8.31,178.0,88,false,,,activities/17623865052.fit.gz,,,2752.0,2744.0,8315.7,3.938,3.031,139.0,99.0,1761.0,1844.0,17.2,0.5,,,85.0,80.0,178.0,157.0,,,573.0,,24.0,88.0,,,,,,,,,,,,,0.0,,1.0,8642.3,,,,,,,,,,,,,,,,,,,,,,,,,,,3.022,0.0,,,,7312.0,0.0,,,,3.15,,,0.0,,,,,,,,,""
16825422359,"Dec 21, 2025, 11:52:19 PM",Afternoon Run,Run,,2185,4.85,163.0,31,false,,,activities/17916771457.fit.gz,,,2185.0,1445.0,4854.9,4.767,3.36,33.0,28.0,1855.2,1883.0,6.5,-0.1,,,87.0,81.0,163.0,148.0,,,279.0,,16.0,31.0,,,,,,,,,,,,,0.0,,1.0,4909.9,,,,,,,,,,,,,,,,,,,,,,,,,,,2.222,2974.7,,,,3884.0,0.0,,,,3.398,,,,,,,,,,,,""
17029097533,"Jan 12, 2026, 11:30:08 PM",Afternoon Run,Run,"",2841,5.48,164.0,14,false,,,activities/18123140890.fit.gz,,,2841.0,1553.0,5479.0,5.62,3.528,25.0,42.0,1616.8,1653.6,37.7,-0.1,,,89.0,82.0,164.0,135.0,,,250.0,,16.0,14.0,,,,,,,,,,,,,0.0,,1.0,5564.4,,,,,,,,,,,,,,,,,,,,,,,,,,,1.929,4.2,,,,4108.0,0.0,,,,3.583,,,0.0,0.0,,,,,,,,media/0D4AD288-B14D-40A3-B77B-7EA7B098CB5F.jpg
17063283335,"Jan 15, 2026, 8:39:33 PM",Afternoon Walk,Walk,,3527,5.12,138.0,8,false,,,activities/18157586343.fit.gz,,,3527.0,2915.0,5122.5,4.3,1.757,168.0,143.0,1716.0,1758.4,44.4,0.0,,,124.0,62.0,138.0,106.0,,,329.0,,19.0,8.0,,,,,,,,,,,,,0.0,,1.0,,,,,,,,,,,,,,,,,,,,,,,,,,,,1.452,432.7,,,,5536.0,0.0,,,,,,,,,,,,,,,,""
17098789874,"Jan 18, 2026, 10:50:23 PM",Afternoon Walk,Walk,"",2840,4.47,,,false,,,activities/17098789874.gpx,,,2840.0,2215.0,4476.6,11.98,2.021,75.5,114.3,1840.9,1944.4,20.8,-0.8,,,,,,,,,374.0,,,,,,,,,,,,,,,,0.0,,1.0,,,,,,,,,,,,,,,,,,,,,,,,,,,2.0,1.576,3216.5,,,,3980.0,0.0,,,,,,,,,,,,,,,,""
17217465831,"Jan 28, 2026, 11:34:44 PM",Afternoon Run,Run,"",2194,4.87,159.0,13,false,,,activities/18313056518.fit.gz,,,2194.0,1311.0,4872.6,6.72,3.717,35.0,36.0,1641.4,1678.6,11.1,-0.2,,,108.0,82.0,159.0,136.0,,,217.0,,15.0,13.0,,,,,,,,,,,,,0.0,,1.0,4913.5,,,,,,,,,,,,,,,,,,,,,,,,,,,2.221,0.0,,,,3574.0,0.0,,,,3.748,,,0.0,0.0,,,,0.0,,,,media/24B7617A-A992-446E-AFD9-C010217DC41C.jpg
17266998684,"Feb 3, 2026, 12:50:17 AM",Afternoon Run,Run,,1898,6.46,169.0,50,false,,,activities/18363007325.fit.gz,,,1898.0,1813.0,6461.8,6.14,3.564,60.0,75.0,1614.4,1663.4,9.0,-0.2,,,86.0,80.0,169.0,153.0,,,364.0,,15.0,50.0,,,,,,,,,,,,,0.0,,1.0,6517.1,,,,,,,,,,,,,,,,,,,,,,,,,,,3.405,0.0,,,,4924.0,0.0,,,,3.595,,,,,,,,,,,,""
17334587522,"Feb 8, 2026, 8:34:12 PM",Afternoon Walk,Walk,"",9924,13.80,180.0,192,false,,,activities/18431209758.fit.gz,,,9924.0,8887.0,13804.3,5.483,1.553,911.0,983.0,1633.8,2487.6,50.0,-0.5,,,123.0,62.0,180.0,147.0,,,1401.0,,17.0,192.0,,,,,,,,,,,,,0.0,,1.0,,,,,,,,,,,,,,,,,,,,,,,,,,,,1.391,13805.8,,,,15878.0,0.0,,,,,,,0.0,0.0,,,,0.0,,,,media/873D9427-CC20-42A2-B408-FD0EC1F96064.jpg|media/A1ED8916-361D-4481-BB2E-EE531DC4C1CA.jpg
17345738577,"Feb 10, 2026, 12:26:48 AM",Afternoon Run,Run,"",2485,6.46,174.0,51,false,,,activities/18442432755.fit.gz,,,2485.0,1929.0,6464.0,5.06,3.351,36.0,41.0,1633.6,1665.2,10.0,-0.1,,,94.0,83.0,174.0,152.0,,,365.0,,18.0,51.0,,,,,,,,,,,,,0.0,,1.0,6524.3,,,,,,,,,,,,,,,,,,,,,,,,,,,2.601,936.7,,,,5276.0,0.0,,,,3.382,,,0.0,0.0,,,,0.0,,,,media/06E0B049-B1D6-424E-BE2B-9C12CA140889.jpg
17523952520,"Feb 23, 2026, 12:23:54 AM",Afternoon Run,Run,,1631,5.14,170.0,47,false,,,activities/18621401722.fit.gz,,,1631.0,1510.0,5143.9,4.62,3.407,42.0,49.0,1631.2,1665.8,15.8,-0.2,,,87.0,83.0,170.0,156.0,,,317.0,,14.0,47.0,,,,,,,,,,,,,0.0,,1.0,5179.7,,,,,,,,,,,,,,,,,,,,,,,,,,,3.154,0.0,,,,4180.0,0.0,,,,3.43,,,,,,,,,,,,""
17523952551,"Feb 24, 2026, 12:53:10 AM",Afternoon Run,Run,,1501,4.86,163.0,30,false,,,activities/18621401697.fit.gz,,,1501.0,1387.0,4859.8,4.686,3.504,26.0,30.0,1636.6,1656.8,7.1,-0.1,,,94.0,83.0,163.0,147.0,,,272.0,,16.0,30.0,,,,,,,,,,,,,0.0,,1.0,4885.9,,,,,,,,,,,,,,,,,,,,,,,,,,,3.238,0.0,,,,3802.0,0.0,,,,3.523,,,,,,,,,,,,""
17582235733,"Mar 2, 2026, 11:29:59 PM",Afternoon Run,Run,I have got to start consuming more calories 😫,2160,4.84,162.0,31,false,,,activities/18680090135.fit.gz,,,2160.0,1457.0,4840.5,4.45,3.322,30.0,40.0,1637.4,1673.0,7.5,-0.2,,,85.0,81.0,162.0,147.0,,,280.0,,21.0,31.0,,,,,,,,,,,,,0.0,,1.0,4872.3,,,,,,,,,,,,,,,,,,,,,,,,,,,2.241,516.6,,,,3928.0,0.0,,,,3.344,,,0.0,0.0,,,,0.0,,,,""
17586899340,"Mar 3, 2026, 11:31:56 AM",Morning Walk,Walk,,2074,2.24,113.0,3,false,,,activities/18684785679.fit.gz,,,2074.0,1569.0,2243.2,2.536,1.43,58.0,23.0,1675.0,1688.8,12.5,-0.5,,,81.0,56.0,113.0,96.0,,,153.0,,18.0,3.0,,,,,,,,,,,,,0.0,,1.0,,,,,,,,,,,,,,,,,,,,,,,,,,,,1.082,0.0,,,,2976.0,0.0,,,,,,,,,,,,,,,,""
17907722336,"Mar 22, 2026, 1:01:02 AM",Evening Run,Run,,2597,4.90,184.0,55,false,,,activities/19007565720.fit.gz,,,2597.0,1487.0,4907.5,4.767,3.3,51.0,54.0,1623.4,1664.6,24.6,-0.1,,,110.0,81.0,184.0,160.0,,,316.0,,25.0,55.0,,,,,,,,,,,,,0.0,,1.0,5033.8,,,,,,,,,,,,,,,,,,,,,,,,,,,1.89,0.0,,,,3964.0,0.0,,,,3.385,,,,,,,,,,,,""
17907722417,"Mar 29, 2026, 1:09:29 AM",Evening Run,Run,,1580,4.45,168.0,31,false,,,activities/19007565756.fit.gz,,,1580.0,1269.0,4449.0,5.15,3.506,28.0,27.0,1640.4,1664.8,6.9,-0.1,,,88.0,82.0,168.0,150.0,,,250.0,,21.0,31.0,,,,,,,,,,,,,0.0,,1.0,4476.9,,,,,,,,,,,,,,,,,,,,,,,,,,,2.816,0.0,,,,3416.0,0.0,,,,3.528,,,,,,,,,,,,""
17907724506,"Mar 29, 2026, 11:03:58 PM",Waterton Canyon,Run,"",6794,19.33,179.0,178,false,,,activities/19007567904.fit.gz,,,6794.0,6126.0,19332.8,4.7,3.156,75.0,85.0,1579.2,1713.8,7.5,-0.4,,,86.0,82.0,179.0,154.0,,,984.0,,25.0,178.0,,,,,,,,,,,,,0.0,,1.0,19378.4,,,,,,,,,,,,,,,,,,,,,,,,,,,2.846,19332.8,,,,16754.0,0.0,,,,3.163,,,0.0,0.0,,,,0.0,,,,media/40AA3D07-EF5A-440A-9757-9D33F1C401FF.jpg|media/89771AE4-9825-41F3-AA75-D78D534377B4.jpg|media/BE6E20F6-EEF3-44A7-9250-F2CD48B8EBAF.jpg
17957377884,"Apr 3, 2026, 1:15:30 AM",Evening Run,Run,,2968,5.14,170.0,35,false,,,activities/19057565723.fit.gz,,,2968.0,1419.0,5144.8,5.017,3.626,21.0,52.0,1617.0,1670.8,10.6,-0.7,,,109.0,82.0,170.0,151.0,,,268.0,,19.0,35.0,,,,,,,,,,,,,0.0,,1.0,5154.5,,,,,,,,,,,,,,,,,,,,,,,,,,,1.733,0.0,,,,3856.0,0.0,,,,3.632,,,,,,,,,,,,""
