<?xml version="1.0" encoding="UTF-8"?>
<gpx creator="StravaGPX" version="1.1" xmlns="http://www.topografix.com/GPX/1/1" xmlns:xsi="http://www.w3.org/2001/XMLSchema-instance" xsi:schemaLocation="http://www.topografix.com/GPX/1/1 http://www.topografix.com/GPX/1/1/gpx.xsd">
 <metadata>
  <time>2024-05-24T20:11:52Z</time>
 </metadata>
 <trk>
  <name>Afternoon Walk</name>
  <type>walking</type>
  <trkseg>
   <trkpt lat="47.4037840" lon="-122.0404910">
    <ele>104.7</ele>
    <time>2024-05-24T20:11:52Z</time>
   </trkpt>
   <trkpt lat="47.4037680" lon="-122.0405320">
    <ele>104.7</ele>
    <time>2024-05-24T20:11:53Z</time>
   </trkpt>
   <trkpt lat="47.4037630" lon="-122.0405550">
    <ele>104.8</ele>
    <time>2024-05-24T20:11:54Z</time>
   </trkpt>
   <trkpt lat="47.4037510" lon="-122.0405750">
    <ele>104.8</ele>
    <time>2024-05-24T20:11:55Z</time>
   </trkpt>
   <trkpt lat="47.4037330" lon="-122.0405900">
    <ele>104.8</ele>
    <time>2024-05-24T20:11:56Z</time>
   </trkpt>
   <trkpt lat="47.4037260" lon="-122.0405950">
    <ele>104.8</ele>
    <time>2024-05-24T20:11:57Z</time>
   </trkpt>
   <trkpt lat="47.4037190" lon="-122.0406010">
    <ele>104.8</ele>
    <time>2024-05-24T20:11:58Z</time>
   </trkpt>
   <trkpt lat="47.4037080" lon="-122.0406110">
    <ele>104.8</ele>
    <time>2024-05-24T20:11:59Z</time>
   </trkpt>
   <trkpt lat="47.4037010" lon="-122.0406240">
    <ele>104.8</ele>
    <time>2024-05-24T20:12:00Z</time>
   </trkpt>
   <trkpt lat="47.4036960" lon="-122.0406390">
    <ele>104.8</ele>
    <time>2024-05-24T20:12:01Z</time>
   </trkpt>
   <trkpt lat="47.4036820" lon="-122.0406810">
    <ele>104.8</ele>
    <time>2024-05-24T20:12:02Z</time>
   </trkpt>
   <trkpt lat="47.4036710" lon="-122.0407020">
    <ele>104.8</ele>
    <time>2024-05-24T20:12:03Z</time>
   </trkpt>
   <trkpt lat="47.4036600" lon="-122.0407230">
    <ele>104.8</ele>
    <time>2024-05-24T20:12:04Z</time>
   </trkpt>
   <trkpt lat="47.4036390" lon="-122.0407620">
    <ele>104.9</ele>
    <time>2024-05-24T20:12:05Z</time>
   </trkpt>
   <trkpt lat="47.4036310" lon="-122.0407830">
    <ele>104.9</ele>
    <time>2024-05-24T20:12:06Z</time>
   </trkpt>
   <trkpt lat="47.4036140" lon="-122.0408340">
    <ele>104.9</ele>
    <time>2024-05-24T20:12:07Z</time>
   </trkpt>
   <trkpt lat="47.4036080" lon="-122.0408510">
    <ele>104.9</ele>
    <time>2024-05-24T20:12:08Z</time>
   </trkpt>
   <trkpt lat="47.4035860" lon="-122.0408890">
    <ele>105.0</ele>
    <time>2024-05-24T20:12:09Z</time>
   </trkpt>
   <trkpt lat="47.4035730" lon="-122.0408960">
    <ele>105.0</ele>
    <time>2024-05-24T20:12:10Z</time>
   </trkpt>
   <trkpt lat="47.4035320" lon="-122.0409400">
    <ele>105.0</ele>
    <time>2024-05-24T20:12:11Z</time>
   </trkpt>
   <trkpt lat="47.4035080" lon="-122.0409850">
    <ele>105.0</ele>
    <time>2024-05-24T20:12:12Z</time>
   </trkpt>
   <trkpt lat="47.4034960" lon="-122.0410080">
    <ele>105.1</ele>
    <time>2024-05-24T20:12:13Z</time>
   </trkpt>
   <trkpt lat="47.4034720" lon="-122.0410760">
    <ele>105.1</ele>
    <time>2024-05-24T20:12:14Z</time>
   </trkpt>
   <trkpt lat="47.4034340" lon="-122.0411250">
    <ele>105.2</ele>
    <time>2024-05-24T20:12:15Z</time>
   </trkpt>
   <trkpt lat="47.4033840" lon="-122.0411620">
    <ele>105.2</ele>
    <time>2024-05-24T20:12:16Z</time>
   </trkpt>
   <trkpt lat="47.4033590" lon="-122.0412040">
    <ele>105.2</ele>
    <time>2024-05-24T20:12:17Z</time>
   </trkpt>
   <trkpt lat="47.4033350" lon="-122.0412340">
    <ele>105.3</ele>
    <time>2024-05-24T20:12:18Z</time>
   </trkpt>
   <trkpt lat="47.4033050" lon="-122.0412610">
    <ele>105.3</ele>
    <time>2024-05-24T20:12:19Z</time>
   </trkpt>
   <trkpt lat="47.4032710" lon="-122.0413120">
    <ele>105.4</ele>
    <time>2024-05-24T20:12:20Z</time>
   </trkpt>
   <trkpt lat="47.4032550" lon="-122.0413360">
    <ele>105.4</ele>
    <time>2024-05-24T20:12:21Z</time>
   </trkpt>
   <trkpt lat="47.4032350" lon="-122.0413710">
    <ele>105.4</ele>
    <time>2024-05-24T20:12:22Z</time>
   </trkpt>
   <trkpt lat="47.4032090" lon="-122.0414090">
    <ele>105.4</ele>
    <time>2024-05-24T20:12:23Z</time>
   </trkpt>
   <trkpt lat="47.4031890" lon="-122.0414420">
    <ele>105.5</ele>
    <time>2024-05-24T20:12:24Z</time>
   </trkpt>
   <trkpt lat="47.4031660" lon="-122.0414840">
    <ele>105.5</ele>
    <time>2024-05-24T20:12:25Z</time>
   </trkpt>
   <trkpt lat="47.4031380" lon="-122.0415200">
    <ele>105.5</ele>
    <time>2024-05-24T20:12:26Z</time>
   </trkpt>
   <trkpt lat="47.4031040" lon="-122.0415530">
    <ele>105.5</ele>
    <time>2024-05-24T20:12:27Z</time>
   </trkpt>
   <trkpt lat="47.4030770" lon="-122.0415860">
    <ele>105.6</ele>
    <time>2024-05-24T20:12:28Z</time>
   </trkpt>
   <trkpt lat="47.4030480" lon="-122.0416260">
    <ele>105.6</ele>
    <time>2024-05-24T20:12:29Z</time>
   </trkpt>
   <trkpt lat="47.4030130" lon="-122.0416630">
    <ele>105.6</ele>
    <time>2024-05-24T20:12:30Z</time>
   </trkpt>
   <trkpt lat="47.4029860" lon="-122.0416990">
    <ele>105.6</ele>
    <time>2024-05-24T20:12:31Z</time>
   </trkpt>
   <trkpt lat="47.4029520" lon="-122.0417400">
    <ele>105.7</ele>
    <time>2024-05-24T20:12:32Z</time>
   </trkpt>
   <trkpt lat="47.4029060" lon="-122.0417970">
    <ele>105.7</ele>
    <time>2024-05-24T20:12:33Z</time>
   </trkpt>
   <trkpt lat="47.4028740" lon="-122.0418430">
    <ele>105.7</ele>
    <time>2024-05-24T20:12:34Z</time>
   </trkpt>
   <trkpt lat="47.4028270" lon="-122.0418900">
    <ele>105.8</ele>
    <time>2024-05-24T20:12:35Z</time>
   </trkpt>
   <trkpt lat="47.4027860" lon="-122.0419350">
    <ele>105.8</ele>
    <time>2024-05-24T20:12:36Z</time>
   </trkpt>
   <trkpt lat="47.4027550" lon="-122.0419740">
    <ele>105.9</ele>
    <time>2024-05-24T20:12:37Z</time>
   </trkpt>
   <trkpt lat="47.4027180" lon="-122.0420070">
    <ele>105.9</ele>
    <time>2024-05-24T20:12:38Z</time>
   </trkpt>
   <trkpt lat="47.4026800" lon="-122.0420480">
    <ele>106.0</ele>
    <time>2024-05-24T20:12:39Z</time>
   </trkpt>
   <trkpt lat="47.4026570" lon="-122.0420800">
    <ele>106.0</ele>
    <time>2024-05-24T20:12:40Z</time>
   </trkpt>
   <trkpt lat="47.4026200" lon="-122.0421140">
    <ele>106.1</ele>
    <time>2024-05-24T20:12:41Z</time>
   </trkpt>
   <trkpt lat="47.4025830" lon="-122.0421510">
    <ele>106.1</ele>
    <time>2024-05-24T20:12:42Z</time>
   </trkpt>
   <trkpt lat="47.4025460" lon="-122.0421790">
    <ele>106.1</ele>
    <time>2024-05-24T20:12:43Z</time>
   </trkpt>
   <trkpt lat="47.4025090" lon="-122.0422100">
    <ele>106.1</ele>
    <time>2024-05-24T20:12:44Z</time>
   </trkpt>
   <trkpt lat="47.4024830" lon="-122.0422420">
    <ele>106.1</ele>
    <time>2024-05-24T20:12:45Z</time>
   </trkpt>
   <trkpt lat="47.4024510" lon="-122.0422800">
    <ele>106.2</ele>
    <time>2024-05-24T20:12:46Z</time>
   </trkpt>
   <trkpt lat="47.4024210" lon="-122.0423060">
    <ele>106.2</ele>
    <time>2024-05-24T20:12:47Z</time>
   </trkpt>
   <trkpt lat="47.4023870" lon="-122.0423340">
    <ele>106.2</ele>
    <time>2024-05-24T20:12:48Z</time>
   </trkpt>
   <trkpt lat="47.4023540" lon="-122.0423680">
    <ele>106.2</ele>
    <time>2024-05-24T20:12:49Z</time>
   </trkpt>
   <trkpt lat="47.4023220" lon="-122.0423970">
    <ele>106.3</ele>
    <time>2024-05-24T20:12:50Z</time>
   </trkpt>
   <trkpt lat="47.4022910" lon="-122.0424250">
    <ele>106.3</ele>
    <time>2024-05-24T20:12:51Z</time>
   </trkpt>
   <trkpt lat="47.4022620" lon="-122.0424450">
    <ele>106.3</ele>
    <time>2024-05-24T20:12:52Z</time>
   </trkpt>
   <trkpt lat="47.4022400" lon="-122.0424600">
    <ele>106.3</ele>
    <time>2024-05-24T20:12:53Z</time>
   </trkpt>
   <trkpt lat="47.4022340" lon="-122.0424670">
    <ele>106.3</ele>
    <time>2024-05-24T20:12:54Z</time>
   </trkpt>
   <trkpt lat="47.4022160" lon="-122.0424810">
    <ele>106.3</ele>
    <time>2024-05-24T20:12:55Z</time>
   </trkpt>
   <trkpt lat="47.4022080" lon="-122.0424870">
    <ele>106.4</ele>
    <time>2024-05-24T20:12:56Z</time>
   </trkpt>
   <trkpt lat="47.4022000" lon="-122.0424930">
    <ele>106.4</ele>
    <time>2024-05-24T20:12:57Z</time>
   </trkpt>
   <trkpt lat="47.4021830" lon="-122.0425080">
    <ele>106.4</ele>
    <time>2024-05-24T20:12:58Z</time>
   </trkpt>
   <trkpt lat="47.4021740" lon="-122.0425190">
    <ele>106.4</ele>
    <time>2024-05-24T20:12:59Z</time>
   </trkpt>
   <trkpt lat="47.4021610" lon="-122.0425280">
    <ele>106.4</ele>
    <time>2024-05-24T20:13:00Z</time>
   </trkpt>
   <trkpt lat="47.4021450" lon="-122.0425340">
    <ele>106.4</ele>
    <time>2024-05-24T20:13:01Z</time>
   </trkpt>
   <trkpt lat="47.4021260" lon="-122.0425440">
    <ele>106.4</ele>
    <time>2024-05-24T20:13:02Z</time>
   </trkpt>
   <trkpt lat="47.4021180" lon="-122.0425480">
    <ele>106.5</ele>
    <time>2024-05-24T20:13:03Z</time>
   </trkpt>
   <trkpt lat="47.4021110" lon="-122.0425530">
    <ele>106.5</ele>
    <time>2024-05-24T20:13:04Z</time>
   </trkpt>
   <trkpt lat="47.4020950" lon="-122.0425670">
    <ele>106.5</ele>
    <time>2024-05-24T20:13:05Z</time>
   </trkpt>
   <trkpt lat="47.4020860" lon="-122.0425710">
    <ele>106.5</ele>
    <time>2024-05-24T20:13:06Z</time>
   </trkpt>
   <trkpt lat="47.4020730" lon="-122.0425790">
    <ele>106.5</ele>
    <time>2024-05-24T20:13:07Z</time>
   </trkpt>
   <trkpt lat="47.4020530" lon="-122.0425830">
    <ele>106.5</ele>
    <time>2024-05-24T20:13:08Z</time>
   </trkpt>
   <trkpt lat="47.4020420" lon="-122.0425990">
    <ele>106.5</ele>
    <time>2024-05-24T20:13:09Z</time>
   </trkpt>
   <trkpt lat="47.4020300" lon="-122.0426140">
    <ele>106.6</ele>
    <time>2024-05-24T20:13:10Z</time>
   </trkpt>
   <trkpt lat="47.4020110" lon="-122.0426280">
    <ele>106.6</ele>
    <time>2024-05-24T20:13:11Z</time>
   </trkpt>
   <trkpt lat="47.4020020" lon="-122.0426330">
    <ele>106.6</ele>
    <time>2024-05-24T20:13:12Z</time>
   </trkpt>
   <trkpt lat="47.4019940" lon="-122.0426380">
    <ele>106.6</ele>
    <time>2024-05-24T20:13:13Z</time>
   </trkpt>
   <trkpt lat="47.4019810" lon="-122.0426520">
    <ele>106.6</ele>
    <time>2024-05-24T20:13:14Z</time>
   </trkpt>
   <trkpt lat="47.4019700" lon="-122.0426590">
    <ele>106.6</ele>
    <time>2024-05-24T20:13:15Z</time>
   </trkpt>
   <trkpt lat="47.4019570" lon="-122.0426690">
    <ele>106.6</ele>
    <time>2024-05-24T20:13:16Z</time>
   </trkpt>
   <trkpt lat="47.4019450" lon="-122.0426840">
    <ele>106.6</ele>
    <time>2024-05-24T20:13:17Z</time>
   </trkpt>
   <trkpt lat="47.4019280" lon="-122.0426880">
    <ele>106.6</ele>
    <time>2024-05-24T20:13:18Z</time>
   </trkpt>
   <trkpt lat="47.4019140" lon="-122.0426980">
    <ele>106.6</ele>
    <time>2024-05-24T20:13:19Z</time>
   </trkpt>
   <trkpt lat="47.4018960" lon="-122.0427160">
    <ele>106.6</ele>
    <time>2024-05-24T20:13:20Z</time>
   </trkpt>
   <trkpt lat="47.4018900" lon="-122.0427280">
    <ele>106.7</ele>
    <time>2024-05-24T20:13:21Z</time>
   </trkpt>
   <trkpt lat="47.4018840" lon="-122.0427410">
    <ele>106.7</ele>
    <time>2024-05-24T20:13:22Z</time>
   </trkpt>
   <trkpt lat="47.4018690" lon="-122.0427490">
    <ele>106.7</ele>
    <time>2024-05-24T20:13:23Z</time>
   </trkpt>
   <trkpt lat="47.4018570" lon="-122.0427540">
    <ele>106.7</ele>
    <time>2024-05-24T20:13:24Z</time>
   </trkpt>
   <trkpt lat="47.4018470" lon="-122.0427650">
    <ele>106.7</ele>
    <time>2024-05-24T20:13:25Z</time>
   </trkpt>
   <trkpt lat="47.4018250" lon="-122.0427730">
    <ele>106.7</ele>
    <time>2024-05-24T20:13:26Z</time>
   </trkpt>
   <trkpt lat="47.4018070" lon="-122.0427870">
    <ele>106.7</ele>
    <time>2024-05-24T20:13:27Z</time>
   </trkpt>
   <trkpt lat="47.4017990" lon="-122.0427940">
    <ele>106.7</ele>
    <time>2024-05-24T20:13:28Z</time>
   </trkpt>
   <trkpt lat="47.4017910" lon="-122.0428010">
    <ele>106.7</ele>
    <time>2024-05-24T20:13:29Z</time>
   </trkpt>
   <trkpt lat="47.4017760" lon="-122.0428090">
    <ele>106.7</ele>
    <time>2024-05-24T20:13:30Z</time>
   </trkpt>
   <trkpt lat="47.4017650" lon="-122.0428180">
    <ele>106.7</ele>
    <time>2024-05-24T20:13:31Z</time>
   </trkpt>
   <trkpt lat="47.4017480" lon="-122.0428260">
    <ele>106.7</ele>
    <time>2024-05-24T20:13:32Z</time>
   </trkpt>
   <trkpt lat="47.4017320" lon="-122.0428350">
    <ele>106.7</ele>
    <time>2024-05-24T20:13:33Z</time>
   </trkpt>
   <trkpt lat="47.4017010" lon="-122.0428510">
    <ele>106.7</ele>
    <time>2024-05-24T20:13:34Z</time>
   </trkpt>
   <trkpt lat="47.4016870" lon="-122.0428590">
    <ele>106.8</ele>
    <time>2024-05-24T20:13:35Z</time>
   </trkpt>
   <trkpt lat="47.4016770" lon="-122.0428680">
    <ele>106.8</ele>
    <time>2024-05-24T20:13:36Z</time>
   </trkpt>
   <trkpt lat="47.4016630" lon="-122.0428780">
    <ele>106.8</ele>
    <time>2024-05-24T20:13:37Z</time>
   </trkpt>
   <trkpt lat="47.4016380" lon="-122.0428910">
    <ele>106.8</ele>
    <time>2024-05-24T20:13:38Z</time>
   </trkpt>
   <trkpt lat="47.4016290" lon="-122.0428960">
    <ele>106.8</ele>
    <time>2024-05-24T20:13:39Z</time>
   </trkpt>
   <trkpt lat="47.4016000" lon="-122.0429060">
    <ele>106.8</ele>
    <time>2024-05-24T20:13:40Z</time>
   </trkpt>
   <trkpt lat="47.4015930" lon="-122.0429090">
    <ele>106.8</ele>
    <time>2024-05-24T20:13:41Z</time>
   </trkpt>
   <trkpt lat="47.4015660" lon="-122.0429250">
    <ele>106.8</ele>
    <time>2024-05-24T20:13:42Z</time>
   </trkpt>
   <trkpt lat="47.4015560" lon="-122.0429330">
    <ele>106.8</ele>
    <time>2024-05-24T20:13:43Z</time>
   </trkpt>
   <trkpt lat="47.4015440" lon="-122.0429420">
    <ele>106.8</ele>
    <time>2024-05-24T20:13:44Z</time>
   </trkpt>
   <trkpt lat="47.4015310" lon="-122.0429470">
    <ele>106.8</ele>
    <time>2024-05-24T20:13:45Z</time>
   </trkpt>
   <trkpt lat="47.4015170" lon="-122.0429570">
    <ele>106.9</ele>
    <time>2024-05-24T20:13:46Z</time>
   </trkpt>
   <trkpt lat="47.4015070" lon="-122.0429680">
    <ele>106.9</ele>
    <time>2024-05-24T20:13:47Z</time>
   </trkpt>
   <trkpt lat="47.4014800" lon="-122.0429780">
    <ele>106.9</ele>
    <time>2024-05-24T20:13:48Z</time>
   </trkpt>
   <trkpt lat="47.4014710" lon="-122.0429810">
    <ele>106.9</ele>
    <time>2024-05-24T20:13:49Z</time>
   </trkpt>
   <trkpt lat="47.4014580" lon="-122.0429890">
    <ele>106.9</ele>
    <time>2024-05-24T20:13:50Z</time>
   </trkpt>
   <trkpt lat="47.4014410" lon="-122.0429960">
    <ele>106.9</ele>
    <time>2024-05-24T20:13:51Z</time>
   </trkpt>
   <trkpt lat="47.4014280" lon="-122.0430010">
    <ele>106.9</ele>
    <time>2024-05-24T20:13:52Z</time>
   </trkpt>
   <trkpt lat="47.4014150" lon="-122.0430080">
    <ele>106.9</ele>
    <time>2024-05-24T20:13:53Z</time>
   </trkpt>
   <trkpt lat="47.4013990" lon="-122.0430180">
    <ele>106.9</ele>
    <time>2024-05-24T20:13:54Z</time>
   </trkpt>
   <trkpt lat="47.4013850" lon="-122.0430300">
    <ele>106.9</ele>
    <time>2024-05-24T20:13:55Z</time>
   </trkpt>
   <trkpt lat="47.4013670" lon="-122.0430300">
    <ele>107.0</ele>
    <time>2024-05-24T20:13:56Z</time>
   </trkpt>
   <trkpt lat="47.4013530" lon="-122.0430410">
    <ele>107.0</ele>
    <time>2024-05-24T20:13:57Z</time>
   </trkpt>
   <trkpt lat="47.4013420" lon="-122.0430520">
    <ele>107.0</ele>
    <time>2024-05-24T20:13:58Z</time>
   </trkpt>
   <trkpt lat="47.4013280" lon="-122.0430580">
    <ele>107.0</ele>
    <time>2024-05-24T20:13:59Z</time>
   </trkpt>
   <trkpt lat="47.4013110" lon="-122.0430620">
    <ele>107.0</ele>
    <time>2024-05-24T20:14:00Z</time>
   </trkpt>
   <trkpt lat="47.4012980" lon="-122.0430690">
    <ele>107.0</ele>
    <time>2024-05-24T20:14:01Z</time>
   </trkpt>
   <trkpt lat="47.4012820" lon="-122.0430730">
    <ele>107.1</ele>
    <time>2024-05-24T20:14:02Z</time>
   </trkpt>
   <trkpt lat="47.4012700" lon="-122.0430810">
    <ele>107.1</ele>
    <time>2024-05-24T20:14:03Z</time>
   </trkpt>
   <trkpt lat="47.4012530" lon="-122.0430910">
    <ele>107.1</ele>
    <time>2024-05-24T20:14:04Z</time>
   </trkpt>
   <trkpt lat="47.4012420" lon="-122.0431050">
    <ele>107.1</ele>
    <time>2024-05-24T20:14:05Z</time>
   </trkpt>
   <trkpt lat="47.4012250" lon="-122.0431100">
    <ele>107.1</ele>
    <time>2024-05-24T20:14:06Z</time>
   </trkpt>
   <trkpt lat="47.4012100" lon="-122.0431080">
    <ele>107.1</ele>
    <time>2024-05-24T20:14:07Z</time>
   </trkpt>
   <trkpt lat="47.4011950" lon="-122.0431190">
    <ele>107.1</ele>
    <time>2024-05-24T20:14:08Z</time>
   </trkpt>
   <trkpt lat="47.4011830" lon="-122.0431300">
    <ele>107.2</ele>
    <time>2024-05-24T20:14:09Z</time>
   </trkpt>
   <trkpt lat="47.4011660" lon="-122.0431390">
    <ele>107.2</ele>
    <time>2024-05-24T20:14:10Z</time>
   </trkpt>
   <trkpt lat="47.4011500" lon="-122.0431420">
    <ele>107.2</ele>
    <time>2024-05-24T20:14:11Z</time>
   </trkpt>
   <trkpt lat="47.4011310" lon="-122.0431490">
    <ele>107.2</ele>
    <time>2024-05-24T20:14:12Z</time>
   </trkpt>
   <trkpt lat="47.4011170" lon="-122.0431550">
    <ele>107.2</ele>
    <time>2024-05-24T20:14:13Z</time>
   </trkpt>
   <trkpt lat="47.4011000" lon="-122.0431600">
    <ele>107.2</ele>
    <time>2024-05-24T20:14:14Z</time>
   </trkpt>
   <trkpt lat="47.4010890" lon="-122.0431680">
    <ele>107.3</ele>
    <time>2024-05-24T20:14:15Z</time>
   </trkpt>
   <trkpt lat="47.4010630" lon="-122.0431730">
    <ele>107.3</ele>
    <time>2024-05-24T20:14:16Z</time>
   </trkpt>
   <trkpt lat="47.4010520" lon="-122.0431750">
    <ele>107.3</ele>
    <time>2024-05-24T20:14:17Z</time>
   </trkpt>
   <trkpt lat="47.4010300" lon="-122.0431810">
    <ele>107.3</ele>
    <time>2024-05-24T20:14:18Z</time>
   </trkpt>
   <trkpt lat="47.4010190" lon="-122.0431820">
    <ele>107.3</ele>
    <time>2024-05-24T20:14:19Z</time>
   </trkpt>
   <trkpt lat="47.4010080" lon="-122.0431820">
    <ele>107.3</ele>
    <time>2024-05-24T20:14:20Z</time>
   </trkpt>
   <trkpt lat="47.4009950" lon="-122.0431900">
    <ele>107.4</ele>
    <time>2024-05-24T20:14:21Z</time>
   </trkpt>
   <trkpt lat="47.4009790" lon="-122.0431990">
    <ele>107.4</ele>
    <time>2024-05-24T20:14:22Z</time>
   </trkpt>
   <trkpt lat="47.4009630" lon="-122.0431990">
    <ele>107.4</ele>
    <time>2024-05-24T20:14:23Z</time>
   </trkpt>
   <trkpt lat="47.4009480" lon="-122.0432040">
    <ele>107.4</ele>
    <time>2024-05-24T20:14:24Z</time>
   </trkpt>
   <trkpt lat="47.4009360" lon="-122.0432080">
    <ele>107.4</ele>
    <time>2024-05-24T20:14:25Z</time>
   </trkpt>
   <trkpt lat="47.4009210" lon="-122.0432130">
    <ele>107.4</ele>
    <time>2024-05-24T20:14:26Z</time>
   </trkpt>
   <trkpt lat="47.4008870" lon="-122.0432230">
    <ele>107.5</ele>
    <time>2024-05-24T20:14:27Z</time>
   </trkpt>
   <trkpt lat="47.4008720" lon="-122.0432270">
    <ele>107.5</ele>
    <time>2024-05-24T20:14:28Z</time>
   </trkpt>
   <trkpt lat="47.4008410" lon="-122.0432440">
    <ele>107.5</ele>
    <time>2024-05-24T20:14:29Z</time>
   </trkpt>
   <trkpt lat="47.4008280" lon="-122.0432480">
    <ele>107.5</ele>
    <time>2024-05-24T20:14:30Z</time>
   </trkpt>
   <trkpt lat="47.4007900" lon="-122.0432580">
    <ele>107.6</ele>
    <time>2024-05-24T20:14:31Z</time>
   </trkpt>
   <trkpt lat="47.4007590" lon="-122.0432710">
    <ele>107.6</ele>
    <time>2024-05-24T20:14:32Z</time>
   </trkpt>
   <trkpt lat="47.4007470" lon="-122.0432750">
    <ele>107.6</ele>
    <time>2024-05-24T20:14:33Z</time>
   </trkpt>
   <trkpt lat="47.4007120" lon="-122.0432860">
    <ele>107.6</ele>
    <time>2024-05-24T20:14:34Z</time>
   </trkpt>
   <trkpt lat="47.4006640" lon="-122.0433010">
    <ele>107.7</ele>
    <time>2024-05-24T20:14:35Z</time>
   </trkpt>
   <trkpt lat="47.4006160" lon="-122.0433120">
    <ele>107.7</ele>
    <time>2024-05-24T20:14:36Z</time>
   </trkpt>
   <trkpt lat="47.4005790" lon="-122.0433230">
    <ele>107.8</ele>
    <time>2024-05-24T20:14:37Z</time>
   </trkpt>
   <trkpt lat="47.4005430" lon="-122.0433310">
    <ele>107.8</ele>
    <time>2024-05-24T20:14:38Z</time>
   </trkpt>
   <trkpt lat="47.4005050" lon="-122.0433430">
    <ele>107.8</ele>
    <time>2024-05-24T20:14:39Z</time>
   </trkpt>
   <trkpt lat="47.4004650" lon="-122.0433460">
    <ele>107.9</ele>
    <time>2024-05-24T20:14:40Z</time>
   </trkpt>
   <trkpt lat="47.4004220" lon="-122.0433520">
    <ele>107.9</ele>
    <time>2024-05-24T20:14:41Z</time>
   </trkpt>
   <trkpt lat="47.4003810" lon="-122.0433580">
    <ele>107.9</ele>
    <time>2024-05-24T20:14:42Z</time>
   </trkpt>
   <trkpt lat="47.4003390" lon="-122.0433670">
    <ele>107.9</ele>
    <time>2024-05-24T20:14:43Z</time>
   </trkpt>
   <trkpt lat="47.4002930" lon="-122.0433720">
    <ele>108.0</ele>
    <time>2024-05-24T20:14:44Z</time>
   </trkpt>
   <trkpt lat="47.4002440" lon="-122.0433750">
    <ele>108.0</ele>
    <time>2024-05-24T20:14:45Z</time>
   </trkpt>
   <trkpt lat="47.4002080" lon="-122.0433730">
    <ele>108.0</ele>
    <time>2024-05-24T20:14:46Z</time>
   </trkpt>
   <trkpt lat="47.4001660" lon="-122.0433800">
    <ele>108.1</ele>
    <time>2024-05-24T20:14:47Z</time>
   </trkpt>
   <trkpt lat="47.4001250" lon="-122.0433820">
    <ele>108.1</ele>
    <time>2024-05-24T20:14:48Z</time>
   </trkpt>
   <trkpt lat="47.4000840" lon="-122.0433840">
    <ele>108.1</ele>
    <time>2024-05-24T20:14:49Z</time>
   </trkpt>
   <trkpt lat="47.4000450" lon="-122.0433830">
    <ele>108.2</ele>
    <time>2024-05-24T20:14:50Z</time>
   </trkpt>
   <trkpt lat="47.4000040" lon="-122.0433840">
    <ele>108.2</ele>
    <time>2024-05-24T20:14:51Z</time>
   </trkpt>
   <trkpt lat="47.3999670" lon="-122.0433860">
    <ele>108.3</ele>
    <time>2024-05-24T20:14:52Z</time>
   </trkpt>
   <trkpt lat="47.3999280" lon="-122.0433880">
    <ele>108.3</ele>
    <time>2024-05-24T20:14:53Z</time>
   </trkpt>
   <trkpt lat="47.3998900" lon="-122.0433890">
    <ele>108.3</ele>
    <time>2024-05-24T20:14:54Z</time>
   </trkpt>
   <trkpt lat="47.3998540" lon="-122.0433810">
    <ele>108.4</ele>
    <time>2024-05-24T20:14:55Z</time>
   </trkpt>
   <trkpt lat="47.3998150" lon="-122.0433870">
    <ele>108.4</ele>
    <time>2024-05-24T20:14:56Z</time>
   </trkpt>
   <trkpt lat="47.3997640" lon="-122.0433830">
    <ele>108.5</ele>
    <time>2024-05-24T20:14:57Z</time>
   </trkpt>
   <trkpt lat="47.3997300" lon="-122.0433790">
    <ele>108.5</ele>
    <time>2024-05-24T20:14:58Z</time>
   </trkpt>
   <trkpt lat="47.3996920" lon="-122.0433730">
    <ele>108.6</ele>
    <time>2024-05-24T20:14:59Z</time>
   </trkpt>
   <trkpt lat="47.3996550" lon="-122.0433680">
    <ele>108.6</ele>
    <time>2024-05-24T20:15:00Z</time>
   </trkpt>
   <trkpt lat="47.3996180" lon="-122.0433690">
    <ele>108.7</ele>
    <time>2024-05-24T20:15:01Z</time>
   </trkpt>
   <trkpt lat="47.3995800" lon="-122.0433730">
    <ele>108.7</ele>
    <time>2024-05-24T20:15:02Z</time>
   </trkpt>
   <trkpt lat="47.3995430" lon="-122.0433730">
    <ele>108.8</ele>
    <time>2024-05-24T20:15:03Z</time>
   </trkpt>
   <trkpt lat="47.3995010" lon="-122.0433590">
    <ele>108.8</ele>
    <time>2024-05-24T20:15:04Z</time>
   </trkpt>
   <trkpt lat="47.3994620" lon="-122.0433520">
    <ele>108.9</ele>
    <time>2024-05-24T20:15:05Z</time>
   </trkpt>
   <trkpt lat="47.3994300" lon="-122.0433470">
    <ele>108.9</ele>
    <time>2024-05-24T20:15:06Z</time>
   </trkpt>
   <trkpt lat="47.3993930" lon="-122.0433510">
    <ele>108.9</ele>
    <time>2024-05-24T20:15:07Z</time>
   </trkpt>
   <trkpt lat="47.3993590" lon="-122.0433420">
    <ele>109.0</ele>
    <time>2024-05-24T20:15:08Z</time>
   </trkpt>
   <trkpt lat="47.3993190" lon="-122.0433340">
    <ele>109.0</ele>
    <time>2024-05-24T20:15:09Z</time>
   </trkpt>
   <trkpt lat="47.3992850" lon="-122.0433340">
    <ele>109.0</ele>
    <time>2024-05-24T20:15:10Z</time>
   </trkpt>
   <trkpt lat="47.3992480" lon="-122.0433340">
    <ele>109.1</ele>
    <time>2024-05-24T20:15:11Z</time>
   </trkpt>
   <trkpt lat="47.3992100" lon="-122.0433290">
    <ele>109.1</ele>
    <time>2024-05-24T20:15:12Z</time>
   </trkpt>
   <trkpt lat="47.3991770" lon="-122.0433220">
    <ele>109.1</ele>
    <time>2024-05-24T20:15:13Z</time>
   </trkpt>
   <trkpt lat="47.3991330" lon="-122.0433130">
    <ele>109.2</ele>
    <time>2024-05-24T20:15:14Z</time>
   </trkpt>
   <trkpt lat="47.3991010" lon="-122.0433040">
    <ele>109.2</ele>
    <time>2024-05-24T20:15:15Z</time>
   </trkpt>
   <trkpt lat="47.3990620" lon="-122.0432910">
    <ele>109.3</ele>
    <time>2024-05-24T20:15:16Z</time>
   </trkpt>
   <trkpt lat="47.3990330" lon="-122.0432760">
    <ele>109.3</ele>
    <time>2024-05-24T20:15:17Z</time>
   </trkpt>
   <trkpt lat="47.3989930" lon="-122.0432580">
    <ele>109.3</ele>
    <time>2024-05-24T20:15:18Z</time>
   </trkpt>
   <trkpt lat="47.3989580" lon="-122.0432470">
    <ele>109.4</ele>
    <time>2024-05-24T20:15:19Z</time>
   </trkpt>
   <trkpt lat="47.3989180" lon="-122.0432330">
    <ele>109.4</ele>
    <time>2024-05-24T20:15:20Z</time>
   </trkpt>
   <trkpt lat="47.3988850" lon="-122.0432240">
    <ele>109.5</ele>
    <time>2024-05-24T20:15:21Z</time>
   </trkpt>
   <trkpt lat="47.3988440" lon="-122.0432210">
    <ele>109.5</ele>
    <time>2024-05-24T20:15:22Z</time>
   </trkpt>
   <trkpt lat="47.3988080" lon="-122.0432110">
    <ele>109.6</ele>
    <time>2024-05-24T20:15:23Z</time>
   </trkpt>
   <trkpt lat="47.3987780" lon="-122.0431980">
    <ele>109.6</ele>
    <time>2024-05-24T20:15:24Z</time>
   </trkpt>
   <trkpt lat="47.3987340" lon="-122.0431890">
    <ele>109.7</ele>
    <time>2024-05-24T20:15:25Z</time>
   </trkpt>
   <trkpt lat="47.3986980" lon="-122.0431850">
    <ele>109.8</ele>
    <time>2024-05-24T20:15:26Z</time>
   </trkpt>
   <trkpt lat="47.3986600" lon="-122.0432010">
    <ele>109.8</ele>
    <time>2024-05-24T20:15:27Z</time>
   </trkpt>
   <trkpt lat="47.3986380" lon="-122.0432330">
    <ele>110.0</ele>
    <time>2024-05-24T20:15:28Z</time>
   </trkpt>
   <trkpt lat="47.3986060" lon="-122.0432700">
    <ele>110.4</ele>
    <time>2024-05-24T20:15:29Z</time>
   </trkpt>
   <trkpt lat="47.3985770" lon="-122.0432920">
    <ele>110.8</ele>
    <time>2024-05-24T20:15:30Z</time>
   </trkpt>
   <trkpt lat="47.3985410" lon="-122.0433020">
    <ele>111.3</ele>
    <time>2024-05-24T20:15:31Z</time>
   </trkpt>
   <trkpt lat="47.3985140" lon="-122.0433270">
    <ele>111.7</ele>
    <time>2024-05-24T20:15:32Z</time>
   </trkpt>
   <trkpt lat="47.3984800" lon="-122.0433440">
    <ele>112.2</ele>
    <time>2024-05-24T20:15:33Z</time>
   </trkpt>
   <trkpt lat="47.3984520" lon="-122.0433440">
    <ele>112.7</ele>
    <time>2024-05-24T20:15:34Z</time>
   </trkpt>
   <trkpt lat="47.3984200" lon="-122.0433550">
    <ele>113.2</ele>
    <time>2024-05-24T20:15:35Z</time>
   </trkpt>
   <trkpt lat="47.3983910" lon="-122.0433610">
    <ele>113.6</ele>
    <time>2024-05-24T20:15:36Z</time>
   </trkpt>
   <trkpt lat="47.3983570" lon="-122.0433600">
    <ele>114.1</ele>
    <time>2024-05-24T20:15:37Z</time>
   </trkpt>
   <trkpt lat="47.3983250" lon="-122.0433590">
    <ele>114.6</ele>
    <time>2024-05-24T20:15:38Z</time>
   </trkpt>
   <trkpt lat="47.3982980" lon="-122.0433620">
    <ele>115.0</ele>
    <time>2024-05-24T20:15:39Z</time>
   </trkpt>
   <trkpt lat="47.3982570" lon="-122.0433670">
    <ele>115.6</ele>
    <time>2024-05-24T20:15:40Z</time>
   </trkpt>
   <trkpt lat="47.3982400" lon="-122.0433650">
    <ele>115.8</ele>
    <time>2024-05-24T20:15:41Z</time>
   </trkpt>
   <trkpt lat="47.3982230" lon="-122.0433710">
    <ele>116.0</ele>
    <time>2024-05-24T20:15:42Z</time>
   </trkpt>
   <trkpt lat="47.3982190" lon="-122.0433590">
    <ele>116.1</ele>
    <time>2024-05-24T20:15:43Z</time>
   </trkpt>
   <trkpt lat="47.3982130" lon="-122.0433540">
    <ele>116.2</ele>
    <time>2024-05-24T20:15:44Z</time>
   </trkpt>
   <trkpt lat="47.3982000" lon="-122.0433530">
    <ele>116.3</ele>
    <time>2024-05-24T20:15:45Z</time>
   </trkpt>
   <trkpt lat="47.3981870" lon="-122.0433470">
    <ele>116.5</ele>
    <time>2024-05-24T20:15:46Z</time>
   </trkpt>
   <trkpt lat="47.3981660" lon="-122.0433530">
    <ele>116.7</ele>
    <time>2024-05-24T20:15:47Z</time>
   </trkpt>
   <trkpt lat="47.3981580" lon="-122.0433540">
    <ele>116.7</ele>
    <time>2024-05-24T20:15:48Z</time>
   </trkpt>
   <trkpt lat="47.3981500" lon="-122.0433550">
    <ele>116.8</ele>
    <time>2024-05-24T20:15:49Z</time>
   </trkpt>
   <trkpt lat="47.3981400" lon="-122.0433590">
    <ele>116.9</ele>
    <time>2024-05-24T20:15:50Z</time>
   </trkpt>
   <trkpt lat="47.3981210" lon="-122.0433580">
    <ele>117.0</ele>
    <time>2024-05-24T20:15:51Z</time>
   </trkpt>
   <trkpt lat="47.3981170" lon="-122.0433570">
    <ele>117.1</ele>
    <time>2024-05-24T20:15:52Z</time>
   </trkpt>
   <trkpt lat="47.3981080" lon="-122.0433610">
    <ele>117.1</ele>
    <time>2024-05-24T20:15:53Z</time>
   </trkpt>
   <trkpt lat="47.3980930" lon="-122.0433700">
    <ele>117.3</ele>
    <time>2024-05-24T20:15:54Z</time>
   </trkpt>
   <trkpt lat="47.3980740" lon="-122.0433780">
    <ele>117.4</ele>
    <time>2024-05-24T20:15:55Z</time>
   </trkpt>
   <trkpt lat="47.3980660" lon="-122.0433810">
    <ele>117.4</ele>
    <time>2024-05-24T20:15:56Z</time>
   </trkpt>
   <trkpt lat="47.3980570" lon="-122.0433850">
    <ele>117.5</ele>
    <time>2024-05-24T20:15:57Z</time>
   </trkpt>
   <trkpt lat="47.3980450" lon="-122.0433910">
    <ele>117.5</ele>
    <time>2024-05-24T20:15:58Z</time>
   </trkpt>
   <trkpt lat="47.3980300" lon="-122.0433930">
    <ele>117.6</ele>
    <time>2024-05-24T20:15:59Z</time>
   </trkpt>
   <trkpt lat="47.3980150" lon="-122.0433950">
    <ele>117.7</ele>
    <time>2024-05-24T20:16:00Z</time>
   </trkpt>
   <trkpt lat="47.3980020" lon="-122.0433940">
    <ele>117.7</ele>
    <time>2024-05-24T20:16:01Z</time>
   </trkpt>
   <trkpt lat="47.3979880" lon="-122.0433900">
    <ele>117.8</ele>
    <time>2024-05-24T20:16:02Z</time>
   </trkpt>
   <trkpt lat="47.3979740" lon="-122.0434020">
    <ele>117.8</ele>
    <time>2024-05-24T20:16:03Z</time>
   </trkpt>
   <trkpt lat="47.3979520" lon="-122.0434090">
    <ele>117.9</ele>
    <time>2024-05-24T20:16:04Z</time>
   </trkpt>
   <trkpt lat="47.3979440" lon="-122.0434120">
    <ele>117.9</ele>
    <time>2024-05-24T20:16:05Z</time>
   </trkpt>
   <trkpt lat="47.3979370" lon="-122.0434160">
    <ele>117.9</ele>
    <time>2024-05-24T20:16:06Z</time>
   </trkpt>
   <trkpt lat="47.3979160" lon="-122.0434170">
    <ele>118.0</ele>
    <time>2024-05-24T20:16:07Z</time>
   </trkpt>
   <trkpt lat="47.3979050" lon="-122.0434230">
    <ele>118.0</ele>
    <time>2024-05-24T20:16:08Z</time>
   </trkpt>
   <trkpt lat="47.3978950" lon="-122.0434290">
    <ele>118.0</ele>
    <time>2024-05-24T20:16:09Z</time>
   </trkpt>
   <trkpt lat="47.3978770" lon="-122.0434340">
    <ele>118.1</ele>
    <time>2024-05-24T20:16:10Z</time>
   </trkpt>
   <trkpt lat="47.3978740" lon="-122.0434390">
    <ele>118.1</ele>
    <time>2024-05-24T20:16:11Z</time>
   </trkpt>
   <trkpt lat="47.3978590" lon="-122.0434370">
    <ele>118.1</ele>
    <time>2024-05-24T20:16:12Z</time>
   </trkpt>
   <trkpt lat="47.3978460" lon="-122.0434350">
    <ele>118.1</ele>
    <time>2024-05-24T20:16:13Z</time>
   </trkpt>
   <trkpt lat="47.3978230" lon="-122.0434350">
    <ele>118.2</ele>
    <time>2024-05-24T20:16:14Z</time>
   </trkpt>
   <trkpt lat="47.3978140" lon="-122.0434370">
    <ele>118.2</ele>
    <time>2024-05-24T20:16:15Z</time>
   </trkpt>
   <trkpt lat="47.3978050" lon="-122.0434390">
    <ele>118.2</ele>
    <time>2024-05-24T20:16:16Z</time>
   </trkpt>
   <trkpt lat="47.3977860" lon="-122.0434430">
    <ele>118.2</ele>
    <time>2024-05-24T20:16:17Z</time>
   </trkpt>
   <trkpt lat="47.3977780" lon="-122.0434440">
    <ele>118.3</ele>
    <time>2024-05-24T20:16:18Z</time>
   </trkpt>
   <trkpt lat="47.3977690" lon="-122.0434450">
    <ele>118.3</ele>
    <time>2024-05-24T20:16:19Z</time>
   </trkpt>
   <trkpt lat="47.3977530" lon="-122.0434430">
    <ele>118.3</ele>
    <time>2024-05-24T20:16:20Z</time>
   </trkpt>
   <trkpt lat="47.3977380" lon="-122.0434400">
    <ele>118.3</ele>
    <time>2024-05-24T20:16:21Z</time>
   </trkpt>
   <trkpt lat="47.3977160" lon="-122.0434390">
    <ele>118.4</ele>
    <time>2024-05-24T20:16:22Z</time>
   </trkpt>
   <trkpt lat="47.3977090" lon="-122.0434380">
    <ele>118.4</ele>
    <time>2024-05-24T20:16:23Z</time>
   </trkpt>
   <trkpt lat="47.3977020" lon="-122.0434380">
    <ele>118.4</ele>
    <time>2024-05-24T20:16:24Z</time>
   </trkpt>
   <trkpt lat="47.3976810" lon="-122.0434340">
    <ele>118.5</ele>
    <time>2024-05-24T20:16:25Z</time>
   </trkpt>
   <trkpt lat="47.3976710" lon="-122.0434260">
    <ele>118.5</ele>
    <time>2024-05-24T20:16:26Z</time>
   </trkpt>
   <trkpt lat="47.3976610" lon="-122.0434260">
    <ele>118.5</ele>
    <time>2024-05-24T20:16:27Z</time>
   </trkpt>
   <trkpt lat="47.3976410" lon="-122.0434240">
    <ele>118.5</ele>
    <time>2024-05-24T20:16:28Z</time>
   </trkpt>
   <trkpt lat="47.3976200" lon="-122.0434220">
    <ele>118.6</ele>
    <time>2024-05-24T20:16:29Z</time>
   </trkpt>
   <trkpt lat="47.3976130" lon="-122.0434200">
    <ele>118.6</ele>
    <time>2024-05-24T20:16:30Z</time>
   </trkpt>
   <trkpt lat="47.3976050" lon="-122.0434170">
    <ele>118.6</ele>
    <time>2024-05-24T20:16:31Z</time>
   </trkpt>
   <trkpt lat="47.3975930" lon="-122.0434200">
    <ele>118.6</ele>
    <time>2024-05-24T20:16:32Z</time>
   </trkpt>
   <trkpt lat="47.3975760" lon="-122.0434120">
    <ele>118.7</ele>
    <time>2024-05-24T20:16:33Z</time>
   </trkpt>
   <trkpt lat="47.3975560" lon="-122.0434060">
    <ele>118.7</ele>
    <time>2024-05-24T20:16:34Z</time>
   </trkpt>
   <trkpt lat="47.3975460" lon="-122.0434020">
    <ele>118.7</ele>
    <time>2024-05-24T20:16:35Z</time>
   </trkpt>
   <trkpt lat="47.3975250" lon="-122.0434010">
    <ele>118.8</ele>
    <time>2024-05-24T20:16:36Z</time>
   </trkpt>
   <trkpt lat="47.3975160" lon="-122.0434010">
    <ele>118.8</ele>
    <time>2024-05-24T20:16:37Z</time>
   </trkpt>
   <trkpt lat="47.3975070" lon="-122.0434000">
    <ele>118.8</ele>
    <time>2024-05-24T20:16:38Z</time>
   </trkpt>
   <trkpt lat="47.3974920" lon="-122.0434030">
    <ele>118.8</ele>
    <time>2024-05-24T20:16:39Z</time>
   </trkpt>
   <trkpt lat="47.3974770" lon="-122.0433970">
    <ele>118.8</ele>
    <time>2024-05-24T20:16:40Z</time>
   </trkpt>
   <trkpt lat="47.3974400" lon="-122.0433900">
    <ele>118.9</ele>
    <time>2024-05-24T20:16:41Z</time>
   </trkpt>
   <trkpt lat="47.3974170" lon="-122.0433920">
    <ele>119.0</ele>
    <time>2024-05-24T20:16:42Z</time>
   </trkpt>
   <trkpt lat="47.3974070" lon="-122.0433910">
    <ele>119.0</ele>
    <time>2024-05-24T20:16:43Z</time>
   </trkpt>
   <trkpt lat="47.3973810" lon="-122.0433930">
    <ele>119.0</ele>
    <time>2024-05-24T20:16:44Z</time>
   </trkpt>
   <trkpt lat="47.3973430" lon="-122.0433870">
    <ele>119.1</ele>
    <time>2024-05-24T20:16:45Z</time>
   </trkpt>
   <trkpt lat="47.3973020" lon="-122.0433900">
    <ele>119.2</ele>
    <time>2024-05-24T20:16:46Z</time>
   </trkpt>
   <trkpt lat="47.3972760" lon="-122.0433920">
    <ele>119.2</ele>
    <time>2024-05-24T20:16:47Z</time>
   </trkpt>
   <trkpt lat="47.3972230" lon="-122.0433770">
    <ele>119.3</ele>
    <time>2024-05-24T20:16:48Z</time>
   </trkpt>
   <trkpt lat="47.3971820" lon="-122.0433720">
    <ele>119.4</ele>
    <time>2024-05-24T20:16:49Z</time>
   </trkpt>
   <trkpt lat="47.3971490" lon="-122.0433620">
    <ele>119.5</ele>
    <time>2024-05-24T20:16:50Z</time>
   </trkpt>
   <trkpt lat="47.3971200" lon="-122.0433540">
    <ele>119.5</ele>
    <time>2024-05-24T20:16:51Z</time>
   </trkpt>
   <trkpt lat="47.3970810" lon="-122.0433620">
    <ele>119.6</ele>
    <time>2024-05-24T20:16:52Z</time>
   </trkpt>
   <trkpt lat="47.3970440" lon="-122.0433750">
    <ele>119.7</ele>
    <time>2024-05-24T20:16:53Z</time>
   </trkpt>
   <trkpt lat="47.3970300" lon="-122.0433730">
    <ele>119.7</ele>
    <time>2024-05-24T20:16:54Z</time>
   </trkpt>
   <trkpt lat="47.3969940" lon="-122.0433670">
    <ele>119.8</ele>
    <time>2024-05-24T20:16:55Z</time>
   </trkpt>
   <trkpt lat="47.3969570" lon="-122.0433610">
    <ele>119.8</ele>
    <time>2024-05-24T20:16:56Z</time>
   </trkpt>
   <trkpt lat="47.3969200" lon="-122.0433600">
    <ele>119.9</ele>
    <time>2024-05-24T20:16:57Z</time>
   </trkpt>
   <trkpt lat="47.3968850" lon="-122.0433650">
    <ele>120.0</ele>
    <time>2024-05-24T20:16:58Z</time>
   </trkpt>
   <trkpt lat="47.3968510" lon="-122.0433610">
    <ele>120.1</ele>
    <time>2024-05-24T20:16:59Z</time>
   </trkpt>
   <trkpt lat="47.3968180" lon="-122.0433640">
    <ele>120.2</ele>
    <time>2024-05-24T20:17:00Z</time>
   </trkpt>
   <trkpt lat="47.3967820" lon="-122.0433550">
    <ele>120.3</ele>
    <time>2024-05-24T20:17:01Z</time>
   </trkpt>
   <trkpt lat="47.3967500" lon="-122.0433610">
    <ele>120.3</ele>
    <time>2024-05-24T20:17:02Z</time>
   </trkpt>
   <trkpt lat="47.3967180" lon="-122.0433470">
    <ele>120.4</ele>
    <time>2024-05-24T20:17:03Z</time>
   </trkpt>
   <trkpt lat="47.3966860" lon="-122.0433520">
    <ele>120.5</ele>
    <time>2024-05-24T20:17:04Z</time>
   </trkpt>
   <trkpt lat="47.3966480" lon="-122.0433490">
    <ele>120.6</ele>
    <time>2024-05-24T20:17:05Z</time>
   </trkpt>
   <trkpt lat="47.3966130" lon="-122.0433410">
    <ele>120.7</ele>
    <time>2024-05-24T20:17:06Z</time>
   </trkpt>
   <trkpt lat="47.3965780" lon="-122.0433420">
    <ele>120.8</ele>
    <time>2024-05-24T20:17:07Z</time>
   </trkpt>
   <trkpt lat="47.3965490" lon="-122.0433480">
    <ele>120.9</ele>
    <time>2024-05-24T20:17:08Z</time>
   </trkpt>
   <trkpt lat="47.3965180" lon="-122.0433500">
    <ele>121.0</ele>
    <time>2024-05-24T20:17:09Z</time>
   </trkpt>
   <trkpt lat="47.3964850" lon="-122.0433460">
    <ele>121.0</ele>
    <time>2024-05-24T20:17:10Z</time>
   </trkpt>
   <trkpt lat="47.3964580" lon="-122.0433430">
    <ele>121.1</ele>
    <time>2024-05-24T20:17:11Z</time>
   </trkpt>
   <trkpt lat="47.3964250" lon="-122.0433350">
    <ele>121.2</ele>
    <time>2024-05-24T20:17:12Z</time>
   </trkpt>
   <trkpt lat="47.3963890" lon="-122.0433320">
    <ele>121.3</ele>
    <time>2024-05-24T20:17:13Z</time>
   </trkpt>
   <trkpt lat="47.3963580" lon="-122.0433440">
    <ele>121.3</ele>
    <time>2024-05-24T20:17:14Z</time>
   </trkpt>
   <trkpt lat="47.3963190" lon="-122.0433480">
    <ele>121.4</ele>
    <time>2024-05-24T20:17:15Z</time>
   </trkpt>
   <trkpt lat="47.3963030" lon="-122.0433450">
    <ele>121.5</ele>
    <time>2024-05-24T20:17:16Z</time>
   </trkpt>
   <trkpt lat="47.3962640" lon="-122.0433310">
    <ele>121.5</ele>
    <time>2024-05-24T20:17:17Z</time>
   </trkpt>
   <trkpt lat="47.3962280" lon="-122.0433270">
    <ele>121.6</ele>
    <time>2024-05-24T20:17:18Z</time>
   </trkpt>
   <trkpt lat="47.3961920" lon="-122.0433220">
    <ele>121.7</ele>
    <time>2024-05-24T20:17:19Z</time>
   </trkpt>
   <trkpt lat="47.3961510" lon="-122.0433110">
    <ele>121.7</ele>
    <time>2024-05-24T20:17:20Z</time>
   </trkpt>
   <trkpt lat="47.3961360" lon="-122.0433080">
    <ele>121.7</ele>
    <time>2024-05-24T20:17:21Z</time>
   </trkpt>
   <trkpt lat="47.3961270" lon="-122.0433120">
    <ele>121.8</ele>
    <time>2024-05-24T20:17:22Z</time>
   </trkpt>
   <trkpt lat="47.3961130" lon="-122.0433060">
    <ele>121.8</ele>
    <time>2024-05-24T20:17:23Z</time>
   </trkpt>
   <trkpt lat="47.3961110" lon="-122.0433150">
    <ele>121.8</ele>
    <time>2024-05-24T20:17:24Z</time>
   </trkpt>
   <trkpt lat="47.3961070" lon="-122.0433250">
    <ele>121.8</ele>
    <time>2024-05-24T20:17:25Z</time>
   </trkpt>
   <trkpt lat="47.3960780" lon="-122.0433390">
    <ele>121.8</ele>
    <time>2024-05-24T20:17:26Z</time>
   </trkpt>
   <trkpt lat="47.3960710" lon="-122.0433360">
    <ele>121.8</ele>
    <time>2024-05-24T20:17:27Z</time>
   </trkpt>
   <trkpt lat="47.3960540" lon="-122.0433260">
    <ele>121.8</ele>
    <time>2024-05-24T20:17:28Z</time>
   </trkpt>
   <trkpt lat="47.3960450" lon="-122.0433230">
    <ele>121.9</ele>
    <time>2024-05-24T20:17:29Z</time>
   </trkpt>
   <trkpt lat="47.3960360" lon="-122.0433190">
    <ele>121.9</ele>
    <time>2024-05-24T20:17:30Z</time>
   </trkpt>
   <trkpt lat="47.3960280" lon="-122.0433220">
    <ele>121.9</ele>
    <time>2024-05-24T20:17:31Z</time>
   </trkpt>
   <trkpt lat="47.3960150" lon="-122.0433220">
    <ele>121.9</ele>
    <time>2024-05-24T20:17:32Z</time>
   </trkpt>
   <trkpt lat="47.3960050" lon="-122.0433190">
    <ele>121.9</ele>
    <time>2024-05-24T20:17:33Z</time>
   </trkpt>
   <trkpt lat="47.3959910" lon="-122.0433180">
    <ele>121.9</ele>
    <time>2024-05-24T20:17:34Z</time>
   </trkpt>
   <trkpt lat="47.3959720" lon="-122.0433090">
    <ele>121.9</ele>
    <time>2024-05-24T20:17:35Z</time>
   </trkpt>
   <trkpt lat="47.3959530" lon="-122.0433310">
    <ele>122.0</ele>
    <time>2024-05-24T20:17:36Z</time>
   </trkpt>
   <trkpt lat="47.3959460" lon="-122.0433330">
    <ele>122.0</ele>
    <time>2024-05-24T20:17:37Z</time>
   </trkpt>
   <trkpt lat="47.3959390" lon="-122.0433340">
    <ele>122.0</ele>
    <time>2024-05-24T20:17:38Z</time>
   </trkpt>
   <trkpt lat="47.3959170" lon="-122.0433330">
    <ele>122.0</ele>
    <time>2024-05-24T20:17:39Z</time>
   </trkpt>
   <trkpt lat="47.3959080" lon="-122.0433320">
    <ele>122.0</ele>
    <time>2024-05-24T20:17:40Z</time>
   </trkpt>
   <trkpt lat="47.3958980" lon="-122.0433320">
    <ele>122.0</ele>
    <time>2024-05-24T20:17:41Z</time>
   </trkpt>
   <trkpt lat="47.3958960" lon="-122.0433640">
    <ele>122.1</ele>
    <time>2024-05-24T20:17:42Z</time>
   </trkpt>
   <trkpt lat="47.3958890" lon="-122.0433730">
    <ele>122.1</ele>
    <time>2024-05-24T20:17:43Z</time>
   </trkpt>
   <trkpt lat="47.3958640" lon="-122.0433610">
    <ele>122.1</ele>
    <time>2024-05-24T20:17:44Z</time>
   </trkpt>
   <trkpt lat="47.3958510" lon="-122.0433470">
    <ele>122.1</ele>
    <time>2024-05-24T20:17:45Z</time>
   </trkpt>
   <trkpt lat="47.3958400" lon="-122.0433450">
    <ele>122.1</ele>
    <time>2024-05-24T20:17:46Z</time>
   </trkpt>
   <trkpt lat="47.3958250" lon="-122.0433460">
    <ele>122.2</ele>
    <time>2024-05-24T20:17:47Z</time>
   </trkpt>
   <trkpt lat="47.3958170" lon="-122.0433330">
    <ele>122.2</ele>
    <time>2024-05-24T20:17:48Z</time>
   </trkpt>
   <trkpt lat="47.3958030" lon="-122.0433240">
    <ele>122.2</ele>
    <time>2024-05-24T20:17:49Z</time>
   </trkpt>
   <trkpt lat="47.3957880" lon="-122.0433160">
    <ele>122.2</ele>
    <time>2024-05-24T20:17:50Z</time>
   </trkpt>
   <trkpt lat="47.3957730" lon="-122.0433080">
    <ele>122.2</ele>
    <time>2024-05-24T20:17:51Z</time>
   </trkpt>
   <trkpt lat="47.3957540" lon="-122.0433060">
    <ele>122.3</ele>
    <time>2024-05-24T20:17:52Z</time>
   </trkpt>
   <trkpt lat="47.3957450" lon="-122.0433080">
    <ele>122.3</ele>
    <time>2024-05-24T20:17:53Z</time>
   </trkpt>
   <trkpt lat="47.3957320" lon="-122.0433160">
    <ele>122.3</ele>
    <time>2024-05-24T20:17:54Z</time>
   </trkpt>
   <trkpt lat="47.3957220" lon="-122.0433240">
    <ele>122.3</ele>
    <time>2024-05-24T20:17:55Z</time>
   </trkpt>
   <trkpt lat="47.3957150" lon="-122.0433280">
    <ele>122.3</ele>
    <time>2024-05-24T20:17:56Z</time>
   </trkpt>
   <trkpt lat="47.3957070" lon="-122.0433260">
    <ele>122.3</ele>
    <time>2024-05-24T20:17:57Z</time>
   </trkpt>
   <trkpt lat="47.3956900" lon="-122.0433270">
    <ele>122.4</ele>
    <time>2024-05-24T20:17:58Z</time>
   </trkpt>
   <trkpt lat="47.3956790" lon="-122.0433350">
    <ele>122.4</ele>
    <time>2024-05-24T20:17:59Z</time>
   </trkpt>
   <trkpt lat="47.3956680" lon="-122.0433300">
    <ele>122.4</ele>
    <time>2024-05-24T20:18:00Z</time>
   </trkpt>
   <trkpt lat="47.3956610" lon="-122.0433280">
    <ele>122.4</ele>
    <time>2024-05-24T20:18:01Z</time>
   </trkpt>
   <trkpt lat="47.3956410" lon="-122.0433360">
    <ele>122.4</ele>
    <time>2024-05-24T20:18:02Z</time>
   </trkpt>
   <trkpt lat="47.3956310" lon="-122.0433360">
    <ele>122.5</ele>
    <time>2024-05-24T20:18:03Z</time>
   </trkpt>
   <trkpt lat="47.3956220" lon="-122.0433360">
    <ele>122.5</ele>
    <time>2024-05-24T20:18:04Z</time>
   </trkpt>
   <trkpt lat="47.3955990" lon="-122.0433390">
    <ele>122.5</ele>
    <time>2024-05-24T20:18:05Z</time>
   </trkpt>
   <trkpt lat="47.3955900" lon="-122.0433380">
    <ele>122.5</ele>
    <time>2024-05-24T20:18:06Z</time>
   </trkpt>
   <trkpt lat="47.3955810" lon="-122.0433370">
    <ele>122.5</ele>
    <time>2024-05-24T20:18:07Z</time>
   </trkpt>
   <trkpt lat="47.3955580" lon="-122.0433350">
    <ele>122.6</ele>
    <time>2024-05-24T20:18:08Z</time>
   </trkpt>
   <trkpt lat="47.3955470" lon="-122.0433350">
    <ele>122.6</ele>
    <time>2024-05-24T20:18:09Z</time>
   </trkpt>
   <trkpt lat="47.3955370" lon="-122.0433350">
    <ele>122.6</ele>
    <time>2024-05-24T20:18:10Z</time>
   </trkpt>
   <trkpt lat="47.3955170" lon="-122.0433330">
    <ele>122.6</ele>
    <time>2024-05-24T20:18:11Z</time>
   </trkpt>
   <trkpt lat="47.3955090" lon="-122.0433280">
    <ele>122.6</ele>
    <time>2024-05-24T20:18:12Z</time>
   </trkpt>
   <trkpt lat="47.3955000" lon="-122.0433230">
    <ele>122.7</ele>
    <time>2024-05-24T20:18:13Z</time>
   </trkpt>
   <trkpt lat="47.3954870" lon="-122.0433310">
    <ele>122.7</ele>
    <time>2024-05-24T20:18:14Z</time>
   </trkpt>
   <trkpt lat="47.3954730" lon="-122.0433330">
    <ele>122.7</ele>
    <time>2024-05-24T20:18:15Z</time>
   </trkpt>
   <trkpt lat="47.3954590" lon="-122.0433320">
    <ele>122.7</ele>
    <time>2024-05-24T20:18:16Z</time>
   </trkpt>
   <trkpt lat="47.3954420" lon="-122.0433300">
    <ele>122.7</ele>
    <time>2024-05-24T20:18:17Z</time>
   </trkpt>
   <trkpt lat="47.3954220" lon="-122.0433300">
    <ele>122.8</ele>
    <time>2024-05-24T20:18:18Z</time>
   </trkpt>
   <trkpt lat="47.3954130" lon="-122.0433310">
    <ele>122.8</ele>
    <time>2024-05-24T20:18:19Z</time>
   </trkpt>
   <trkpt lat="47.3954030" lon="-122.0433320">
    <ele>122.8</ele>
    <time>2024-05-24T20:18:20Z</time>
   </trkpt>
   <trkpt lat="47.3953910" lon="-122.0433230">
    <ele>122.8</ele>
    <time>2024-05-24T20:18:21Z</time>
   </trkpt>
   <trkpt lat="47.3953730" lon="-122.0433320">
    <ele>122.8</ele>
    <time>2024-05-24T20:18:22Z</time>
   </trkpt>
   <trkpt lat="47.3953620" lon="-122.0433370">
    <ele>122.9</ele>
    <time>2024-05-24T20:18:23Z</time>
   </trkpt>
   <trkpt lat="47.3953520" lon="-122.0433410">
    <ele>122.9</ele>
    <time>2024-05-24T20:18:24Z</time>
   </trkpt>
   <trkpt lat="47.3953440" lon="-122.0433480">
    <ele>122.9</ele>
    <time>2024-05-24T20:18:25Z</time>
   </trkpt>
   <trkpt lat="47.3953230" lon="-122.0433520">
    <ele>122.9</ele>
    <time>2024-05-24T20:18:26Z</time>
   </trkpt>
   <trkpt lat="47.3953150" lon="-122.0433530">
    <ele>122.9</ele>
    <time>2024-05-24T20:18:27Z</time>
   </trkpt>
   <trkpt lat="47.3953080" lon="-122.0433540">
    <ele>122.9</ele>
    <time>2024-05-24T20:18:28Z</time>
   </trkpt>
   <trkpt lat="47.3952960" lon="-122.0433590">
    <ele>123.0</ele>
    <time>2024-05-24T20:18:29Z</time>
   </trkpt>
   <trkpt lat="47.3952830" lon="-122.0433580">
    <ele>123.0</ele>
    <time>2024-05-24T20:18:30Z</time>
   </trkpt>
   <trkpt lat="47.3952730" lon="-122.0433660">
    <ele>123.0</ele>
    <time>2024-05-24T20:18:31Z</time>
   </trkpt>
   <trkpt lat="47.3952520" lon="-122.0433730">
    <ele>123.0</ele>
    <time>2024-05-24T20:18:32Z</time>
   </trkpt>
   <trkpt lat="47.3952440" lon="-122.0433730">
    <ele>123.0</ele>
    <time>2024-05-24T20:18:33Z</time>
   </trkpt>
   <trkpt lat="47.3952350" lon="-122.0433740">
    <ele>123.1</ele>
    <time>2024-05-24T20:18:34Z</time>
   </trkpt>
   <trkpt lat="47.3952260" lon="-122.0433720">
    <ele>123.1</ele>
    <time>2024-05-24T20:18:35Z</time>
   </trkpt>
   <trkpt lat="47.3952110" lon="-122.0433730">
    <ele>123.1</ele>
    <time>2024-05-24T20:18:36Z</time>
   </trkpt>
   <trkpt lat="47.3952000" lon="-122.0433720">
    <ele>123.1</ele>
    <time>2024-05-24T20:18:37Z</time>
   </trkpt>
   <trkpt lat="47.3951880" lon="-122.0433700">
    <ele>123.1</ele>
    <time>2024-05-24T20:18:38Z</time>
   </trkpt>
   <trkpt lat="47.3951780" lon="-122.0433720">
    <ele>123.1</ele>
    <time>2024-05-24T20:18:39Z</time>
   </trkpt>
   <trkpt lat="47.3951710" lon="-122.0433740">
    <ele>123.1</ele>
    <time>2024-05-24T20:18:40Z</time>
   </trkpt>
   <trkpt lat="47.3951580" lon="-122.0433790">
    <ele>123.2</ele>
    <time>2024-05-24T20:18:41Z</time>
   </trkpt>
   <trkpt lat="47.3951440" lon="-122.0433840">
    <ele>123.2</ele>
    <time>2024-05-24T20:18:42Z</time>
   </trkpt>
   <trkpt lat="47.3951240" lon="-122.0433910">
    <ele>123.2</ele>
    <time>2024-05-24T20:18:43Z</time>
   </trkpt>
   <trkpt lat="47.3951150" lon="-122.0433920">
    <ele>123.2</ele>
    <time>2024-05-24T20:18:44Z</time>
   </trkpt>
   <trkpt lat="47.3951070" lon="-122.0433940">
    <ele>123.2</ele>
    <time>2024-05-24T20:18:45Z</time>
   </trkpt>
   <trkpt lat="47.3950890" lon="-122.0433960">
    <ele>123.3</ele>
    <time>2024-05-24T20:18:46Z</time>
   </trkpt>
   <trkpt lat="47.3950790" lon="-122.0433970">
    <ele>123.3</ele>
    <time>2024-05-24T20:18:47Z</time>
   </trkpt>
   <trkpt lat="47.3950690" lon="-122.0433970">
    <ele>123.3</ele>
    <time>2024-05-24T20:18:48Z</time>
   </trkpt>
   <trkpt lat="47.3950570" lon="-122.0434040">
    <ele>123.3</ele>
    <time>2024-05-24T20:18:49Z</time>
   </trkpt>
   <trkpt lat="47.3950440" lon="-122.0434120">
    <ele>123.3</ele>
    <time>2024-05-24T20:18:50Z</time>
   </trkpt>
   <trkpt lat="47.3950360" lon="-122.0434170">
    <ele>123.3</ele>
    <time>2024-05-24T20:18:51Z</time>
   </trkpt>
   <trkpt lat="47.3950310" lon="-122.0434130">
    <ele>123.3</ele>
    <time>2024-05-24T20:18:52Z</time>
   </trkpt>
   <trkpt lat="47.3950130" lon="-122.0434090">
    <ele>123.4</ele>
    <time>2024-05-24T20:18:53Z</time>
   </trkpt>
   <trkpt lat="47.3949870" lon="-122.0434170">
    <ele>123.4</ele>
    <time>2024-05-24T20:18:54Z</time>
   </trkpt>
   <trkpt lat="47.3949750" lon="-122.0434250">
    <ele>123.4</ele>
    <time>2024-05-24T20:18:55Z</time>
   </trkpt>
   <trkpt lat="47.3949630" lon="-122.0434330">
    <ele>123.4</ele>
    <time>2024-05-24T20:18:56Z</time>
   </trkpt>
   <trkpt lat="47.3949590" lon="-122.0434320">
    <ele>123.4</ele>
    <time>2024-05-24T20:18:57Z</time>
   </trkpt>
   <trkpt lat="47.3949370" lon="-122.0434310">
    <ele>123.5</ele>
    <time>2024-05-24T20:18:58Z</time>
   </trkpt>
   <trkpt lat="47.3949280" lon="-122.0434370">
    <ele>123.5</ele>
    <time>2024-05-24T20:18:59Z</time>
   </trkpt>
   <trkpt lat="47.3949120" lon="-122.0434380">
    <ele>123.5</ele>
    <time>2024-05-24T20:19:00Z</time>
   </trkpt>
   <trkpt lat="47.3949010" lon="-122.0434370">
    <ele>123.5</ele>
    <time>2024-05-24T20:19:01Z</time>
   </trkpt>
   <trkpt lat="47.3948770" lon="-122.0434390">
    <ele>123.5</ele>
    <time>2024-05-24T20:19:02Z</time>
   </trkpt>
   <trkpt lat="47.3948690" lon="-122.0434380">
    <ele>123.5</ele>
    <time>2024-05-24T20:19:03Z</time>
   </trkpt>
   <trkpt lat="47.3948610" lon="-122.0434370">
    <ele>123.6</ele>
    <time>2024-05-24T20:19:04Z</time>
   </trkpt>
   <trkpt lat="47.3948400" lon="-122.0434340">
    <ele>123.6</ele>
    <time>2024-05-24T20:19:05Z</time>
   </trkpt>
   <trkpt lat="47.3948330" lon="-122.0434350">
    <ele>123.6</ele>
    <time>2024-05-24T20:19:06Z</time>
   </trkpt>
   <trkpt lat="47.3948250" lon="-122.0434360">
    <ele>123.6</ele>
    <time>2024-05-24T20:19:07Z</time>
   </trkpt>
   <trkpt lat="47.3948130" lon="-122.0434350">
    <ele>123.6</ele>
    <time>2024-05-24T20:19:08Z</time>
   </trkpt>
   <trkpt lat="47.3948020" lon="-122.0434390">
    <ele>123.6</ele>
    <time>2024-05-24T20:19:09Z</time>
   </trkpt>
   <trkpt lat="47.3947970" lon="-122.0434430">
    <ele>123.6</ele>
    <time>2024-05-24T20:19:10Z</time>
   </trkpt>
   <trkpt lat="47.3947770" lon="-122.0434500">
    <ele>123.6</ele>
    <time>2024-05-24T20:19:11Z</time>
   </trkpt>
   <trkpt lat="47.3947660" lon="-122.0434520">
    <ele>123.7</ele>
    <time>2024-05-24T20:19:12Z</time>
   </trkpt>
   <trkpt lat="47.3947550" lon="-122.0434550">
    <ele>123.7</ele>
    <time>2024-05-24T20:19:13Z</time>
   </trkpt>
   <trkpt lat="47.3947440" lon="-122.0434590">
    <ele>123.7</ele>
    <time>2024-05-24T20:19:14Z</time>
   </trkpt>
   <trkpt lat="47.3947280" lon="-122.0434580">
    <ele>123.7</ele>
    <time>2024-05-24T20:19:15Z</time>
   </trkpt>
   <trkpt lat="47.3947120" lon="-122.0434630">
    <ele>123.7</ele>
    <time>2024-05-24T20:19:16Z</time>
   </trkpt>
   <trkpt lat="47.3947000" lon="-122.0434670">
    <ele>123.7</ele>
    <time>2024-05-24T20:19:17Z</time>
   </trkpt>
   <trkpt lat="47.3946850" lon="-122.0434800">
    <ele>123.7</ele>
    <time>2024-05-24T20:19:18Z</time>
   </trkpt>
   <trkpt lat="47.3946700" lon="-122.0434880">
    <ele>123.7</ele>
    <time>2024-05-24T20:19:19Z</time>
   </trkpt>
   <trkpt lat="47.3946520" lon="-122.0434750">
    <ele>123.8</ele>
    <time>2024-05-24T20:19:20Z</time>
   </trkpt>
   <trkpt lat="47.3946460" lon="-122.0434730">
    <ele>123.8</ele>
    <time>2024-05-24T20:19:21Z</time>
   </trkpt>
   <trkpt lat="47.3946410" lon="-122.0434700">
    <ele>123.8</ele>
    <time>2024-05-24T20:19:22Z</time>
   </trkpt>
   <trkpt lat="47.3946360" lon="-122.0434670">
    <ele>123.8</ele>
    <time>2024-05-24T20:19:23Z</time>
   </trkpt>
   <trkpt lat="47.3946170" lon="-122.0434670">
    <ele>123.8</ele>
    <time>2024-05-24T20:19:24Z</time>
   </trkpt>
   <trkpt lat="47.3946090" lon="-122.0434680">
    <ele>123.8</ele>
    <time>2024-05-24T20:19:25Z</time>
   </trkpt>
   <trkpt lat="47.3946010" lon="-122.0434690">
    <ele>123.8</ele>
    <time>2024-05-24T20:19:26Z</time>
   </trkpt>
   <trkpt lat="47.3945930" lon="-122.0434700">
    <ele>123.8</ele>
    <time>2024-05-24T20:19:27Z</time>
   </trkpt>
   <trkpt lat="47.3945610" lon="-122.0434830">
    <ele>123.8</ele>
    <time>2024-05-24T20:19:28Z</time>
   </trkpt>
   <trkpt lat="47.3945480" lon="-122.0434850">
    <ele>123.8</ele>
    <time>2024-05-24T20:19:29Z</time>
   </trkpt>
   <trkpt lat="47.3945340" lon="-122.0434860">
    <ele>123.8</ele>
    <time>2024-05-24T20:19:30Z</time>
   </trkpt>
   <trkpt lat="47.3945070" lon="-122.0434930">
    <ele>123.9</ele>
    <time>2024-05-24T20:19:31Z</time>
   </trkpt>
   <trkpt lat="47.3944890" lon="-122.0434990">
    <ele>123.9</ele>
    <time>2024-05-24T20:19:32Z</time>
   </trkpt>
   <trkpt lat="47.3944810" lon="-122.0434970">
    <ele>123.9</ele>
    <time>2024-05-24T20:19:33Z</time>
   </trkpt>
   <trkpt lat="47.3944580" lon="-122.0434760">
    <ele>123.9</ele>
    <time>2024-05-24T20:19:34Z</time>
   </trkpt>
   <trkpt lat="47.3944330" lon="-122.0434480">
    <ele>123.9</ele>
    <time>2024-05-24T20:19:35Z</time>
   </trkpt>
   <trkpt lat="47.3944260" lon="-122.0434450">
    <ele>123.9</ele>
    <time>2024-05-24T20:19:36Z</time>
   </trkpt>
   <trkpt lat="47.3944030" lon="-122.0434500">
    <ele>123.9</ele>
    <time>2024-05-24T20:19:37Z</time>
   </trkpt>
   <trkpt lat="47.3943920" lon="-122.0434440">
    <ele>124.0</ele>
    <time>2024-05-24T20:19:38Z</time>
   </trkpt>
   <trkpt lat="47.3943610" lon="-122.0434490">
    <ele>124.0</ele>
    <time>2024-05-24T20:19:39Z</time>
   </trkpt>
   <trkpt lat="47.3943530" lon="-122.0434500">
    <ele>124.0</ele>
    <time>2024-05-24T20:19:40Z</time>
   </trkpt>
   <trkpt lat="47.3943510" lon="-122.0434430">
    <ele>124.0</ele>
    <time>2024-05-24T20:19:41Z</time>
   </trkpt>
   <trkpt lat="47.3943480" lon="-122.0434430">
    <ele>124.0</ele>
    <time>2024-05-24T20:19:42Z</time>
   </trkpt>
   <trkpt lat="47.3943440" lon="-122.0434610">
    <ele>124.1</ele>
    <time>2024-05-24T20:19:43Z</time>
   </trkpt>
   <trkpt lat="47.3943280" lon="-122.0434760">
    <ele>124.1</ele>
    <time>2024-05-24T20:19:44Z</time>
   </trkpt>
   <trkpt lat="47.3942980" lon="-122.0434960">
    <ele>124.2</ele>
    <time>2024-05-24T20:19:45Z</time>
   </trkpt>
   <trkpt lat="47.3942900" lon="-122.0434980">
    <ele>124.2</ele>
    <time>2024-05-24T20:19:46Z</time>
   </trkpt>
   <trkpt lat="47.3942930" lon="-122.0434940">
    <ele>124.2</ele>
    <time>2024-05-24T20:19:47Z</time>
   </trkpt>
   <trkpt lat="47.3942950" lon="-122.0434980">
    <ele>124.2</ele>
    <time>2024-05-24T20:19:48Z</time>
   </trkpt>
   <trkpt lat="47.3942980" lon="-122.0434950">
    <ele>124.2</ele>
    <time>2024-05-24T20:19:49Z</time>
   </trkpt>
   <trkpt lat="47.3942880" lon="-122.0434980">
    <ele>124.2</ele>
    <time>2024-05-24T20:19:50Z</time>
   </trkpt>
   <trkpt lat="47.3942730" lon="-122.0434960">
    <ele>124.2</ele>
    <time>2024-05-24T20:19:51Z</time>
   </trkpt>
   <trkpt lat="47.3942650" lon="-122.0435040">
    <ele>124.3</ele>
    <time>2024-05-24T20:19:52Z</time>
   </trkpt>
   <trkpt lat="47.3942700" lon="-122.0435100">
    <ele>124.3</ele>
    <time>2024-05-24T20:19:53Z</time>
   </trkpt>
   <trkpt lat="47.3942680" lon="-122.0435170">
    <ele>124.3</ele>
    <time>2024-05-24T20:19:54Z</time>
   </trkpt>
   <trkpt lat="47.3942620" lon="-122.0435280">
    <ele>124.3</ele>
    <time>2024-05-24T20:19:55Z</time>
   </trkpt>
   <trkpt lat="47.3942600" lon="-122.0435340">
    <ele>124.3</ele>
    <time>2024-05-24T20:19:56Z</time>
   </trkpt>
   <trkpt lat="47.3942510" lon="-122.0435370">
    <ele>124.3</ele>
    <time>2024-05-24T20:19:57Z</time>
   </trkpt>
   <trkpt lat="47.3942530" lon="-122.0435490">
    <ele>124.3</ele>
    <time>2024-05-24T20:19:58Z</time>
   </trkpt>
   <trkpt lat="47.3942450" lon="-122.0435610">
    <ele>124.3</ele>
    <time>2024-05-24T20:19:59Z</time>
   </trkpt>
   <trkpt lat="47.3942410" lon="-122.0435720">
    <ele>124.3</ele>
    <time>2024-05-24T20:20:00Z</time>
   </trkpt>
   <trkpt lat="47.3942320" lon="-122.0435830">
    <ele>124.4</ele>
    <time>2024-05-24T20:20:01Z</time>
   </trkpt>
   <trkpt lat="47.3942220" lon="-122.0435910">
    <ele>124.4</ele>
    <time>2024-05-24T20:20:02Z</time>
   </trkpt>
   <trkpt lat="47.3942030" lon="-122.0435900">
    <ele>124.4</ele>
    <time>2024-05-24T20:20:03Z</time>
   </trkpt>
   <trkpt lat="47.3941940" lon="-122.0435900">
    <ele>124.4</ele>
    <time>2024-05-24T20:20:04Z</time>
   </trkpt>
   <trkpt lat="47.3941840" lon="-122.0435900">
    <ele>124.4</ele>
    <time>2024-05-24T20:20:05Z</time>
   </trkpt>
   <trkpt lat="47.3941770" lon="-122.0435920">
    <ele>124.4</ele>
    <time>2024-05-24T20:20:06Z</time>
   </trkpt>
   <trkpt lat="47.3941750" lon="-122.0435910">
    <ele>124.4</ele>
    <time>2024-05-24T20:20:07Z</time>
   </trkpt>
   <trkpt lat="47.3941630" lon="-122.0436010">
    <ele>124.5</ele>
    <time>2024-05-24T20:20:08Z</time>
   </trkpt>
   <trkpt lat="47.3941490" lon="-122.0436000">
    <ele>124.5</ele>
    <time>2024-05-24T20:20:09Z</time>
   </trkpt>
   <trkpt lat="47.3941320" lon="-122.0436020">
    <ele>124.5</ele>
    <time>2024-05-24T20:20:10Z</time>
   </trkpt>
   <trkpt lat="47.3941230" lon="-122.0436050">
    <ele>124.5</ele>
    <time>2024-05-24T20:20:11Z</time>
   </trkpt>
   <trkpt lat="47.3941140" lon="-122.0436070">
    <ele>124.5</ele>
    <time>2024-05-24T20:20:12Z</time>
   </trkpt>
   <trkpt lat="47.3941050" lon="-122.0436100">
    <ele>124.6</ele>
    <time>2024-05-24T20:20:13Z</time>
   </trkpt>
   <trkpt lat="47.3940890" lon="-122.0436170">
    <ele>124.6</ele>
    <time>2024-05-24T20:20:14Z</time>
   </trkpt>
   <trkpt lat="47.3940760" lon="-122.0436210">
    <ele>124.6</ele>
    <time>2024-05-24T20:20:15Z</time>
   </trkpt>
   <trkpt lat="47.3940560" lon="-122.0436270">
    <ele>124.6</ele>
    <time>2024-05-24T20:20:16Z</time>
   </trkpt>
   <trkpt lat="47.3940480" lon="-122.0436300">
    <ele>124.6</ele>
    <time>2024-05-24T20:20:17Z</time>
   </trkpt>
   <trkpt lat="47.3940400" lon="-122.0436330">
    <ele>124.6</ele>
    <time>2024-05-24T20:20:18Z</time>
   </trkpt>
   <trkpt lat="47.3940180" lon="-122.0436350">
    <ele>124.6</ele>
    <time>2024-05-24T20:20:19Z</time>
   </trkpt>
   <trkpt lat="47.3940090" lon="-122.0436420">
    <ele>124.7</ele>
    <time>2024-05-24T20:20:20Z</time>
   </trkpt>
   <trkpt lat="47.3939990" lon="-122.0436480">
    <ele>124.7</ele>
    <time>2024-05-24T20:20:21Z</time>
   </trkpt>
   <trkpt lat="47.3939870" lon="-122.0436500">
    <ele>124.7</ele>
    <time>2024-05-24T20:20:22Z</time>
   </trkpt>
   <trkpt lat="47.3939710" lon="-122.0436490">
    <ele>124.7</ele>
    <time>2024-05-24T20:20:23Z</time>
   </trkpt>
   <trkpt lat="47.3939460" lon="-122.0436560">
    <ele>124.7</ele>
    <time>2024-05-24T20:20:24Z</time>
   </trkpt>
   <trkpt lat="47.3939380" lon="-122.0436580">
    <ele>124.7</ele>
    <time>2024-05-24T20:20:25Z</time>
   </trkpt>
   <trkpt lat="47.3939290" lon="-122.0436610">
    <ele>124.7</ele>
    <time>2024-05-24T20:20:26Z</time>
   </trkpt>
   <trkpt lat="47.3939120" lon="-122.0436650">
    <ele>124.8</ele>
    <time>2024-05-24T20:20:27Z</time>
   </trkpt>
   <trkpt lat="47.3939010" lon="-122.0436690">
    <ele>124.8</ele>
    <time>2024-05-24T20:20:28Z</time>
   </trkpt>
   <trkpt lat="47.3938790" lon="-122.0436730">
    <ele>124.8</ele>
    <time>2024-05-24T20:20:29Z</time>
   </trkpt>
   <trkpt lat="47.3938710" lon="-122.0436790">
    <ele>124.8</ele>
    <time>2024-05-24T20:20:30Z</time>
   </trkpt>
   <trkpt lat="47.3938620" lon="-122.0436840">
    <ele>124.8</ele>
    <time>2024-05-24T20:20:31Z</time>
   </trkpt>
   <trkpt lat="47.3938440" lon="-122.0436960">
    <ele>124.8</ele>
    <time>2024-05-24T20:20:32Z</time>
   </trkpt>
   <trkpt lat="47.3938360" lon="-122.0437030">
    <ele>124.8</ele>
    <time>2024-05-24T20:20:33Z</time>
   </trkpt>
   <trkpt lat="47.3938270" lon="-122.0437100">
    <ele>124.9</ele>
    <time>2024-05-24T20:20:34Z</time>
   </trkpt>
   <trkpt lat="47.3938070" lon="-122.0437180">
    <ele>124.9</ele>
    <time>2024-05-24T20:20:35Z</time>
   </trkpt>
   <trkpt lat="47.3937980" lon="-122.0437200">
    <ele>124.9</ele>
    <time>2024-05-24T20:20:36Z</time>
   </trkpt>
   <trkpt lat="47.3937890" lon="-122.0437210">
    <ele>124.9</ele>
    <time>2024-05-24T20:20:37Z</time>
   </trkpt>
   <trkpt lat="47.3937800" lon="-122.0437170">
    <ele>124.9</ele>
    <time>2024-05-24T20:20:38Z</time>
   </trkpt>
   <trkpt lat="47.3937700" lon="-122.0437160">
    <ele>124.9</ele>
    <time>2024-05-24T20:20:39Z</time>
   </trkpt>
   <trkpt lat="47.3937560" lon="-122.0437170">
    <ele>124.9</ele>
    <time>2024-05-24T20:20:40Z</time>
   </trkpt>
   <trkpt lat="47.3937390" lon="-122.0437240">
    <ele>125.0</ele>
    <time>2024-05-24T20:20:41Z</time>
   </trkpt>
   <trkpt lat="47.3937260" lon="-122.0437270">
    <ele>125.0</ele>
    <time>2024-05-24T20:20:42Z</time>
   </trkpt>
   <trkpt lat="47.3937130" lon="-122.0437310">
    <ele>125.0</ele>
    <time>2024-05-24T20:20:43Z</time>
   </trkpt>
   <trkpt lat="47.3936990" lon="-122.0437280">
    <ele>125.0</ele>
    <time>2024-05-24T20:20:44Z</time>
   </trkpt>
   <trkpt lat="47.3936900" lon="-122.0437250">
    <ele>125.0</ele>
    <time>2024-05-24T20:20:45Z</time>
   </trkpt>
   <trkpt lat="47.3936740" lon="-122.0437250">
    <ele>125.0</ele>
    <time>2024-05-24T20:20:46Z</time>
   </trkpt>
   <trkpt lat="47.3936640" lon="-122.0437290">
    <ele>125.0</ele>
    <time>2024-05-24T20:20:47Z</time>
   </trkpt>
   <trkpt lat="47.3936520" lon="-122.0437340">
    <ele>125.0</ele>
    <time>2024-05-24T20:20:48Z</time>
   </trkpt>
   <trkpt lat="47.3936460" lon="-122.0437430">
    <ele>125.1</ele>
    <time>2024-05-24T20:20:49Z</time>
   </trkpt>
   <trkpt lat="47.3936350" lon="-122.0437510">
    <ele>125.1</ele>
    <time>2024-05-24T20:20:50Z</time>
   </trkpt>
   <trkpt lat="47.3936140" lon="-122.0437650">
    <ele>125.1</ele>
    <time>2024-05-24T20:20:51Z</time>
   </trkpt>
   <trkpt lat="47.3936070" lon="-122.0437690">
    <ele>125.1</ele>
    <time>2024-05-24T20:20:52Z</time>
   </trkpt>
   <trkpt lat="47.3935990" lon="-122.0437720">
    <ele>125.1</ele>
    <time>2024-05-24T20:20:53Z</time>
   </trkpt>
   <trkpt lat="47.3935840" lon="-122.0437750">
    <ele>125.1</ele>
    <time>2024-05-24T20:20:54Z</time>
   </trkpt>
   <trkpt lat="47.3935710" lon="-122.0437850">
    <ele>125.1</ele>
    <time>2024-05-24T20:20:55Z</time>
   </trkpt>
   <trkpt lat="47.3935570" lon="-122.0437950">
    <ele>125.2</ele>
    <time>2024-05-24T20:20:56Z</time>
   </trkpt>
   <trkpt lat="47.3935420" lon="-122.0438020">
    <ele>125.2</ele>
    <time>2024-05-24T20:20:57Z</time>
   </trkpt>
   <trkpt lat="47.3935300" lon="-122.0438100">
    <ele>125.2</ele>
    <time>2024-05-24T20:20:58Z</time>
   </trkpt>
   <trkpt lat="47.3935190" lon="-122.0438120">
    <ele>125.2</ele>
    <time>2024-05-24T20:20:59Z</time>
   </trkpt>
   <trkpt lat="47.3935090" lon="-122.0438130">
    <ele>125.2</ele>
    <time>2024-05-24T20:21:00Z</time>
   </trkpt>
   <trkpt lat="47.3934900" lon="-122.0438100">
    <ele>125.3</ele>
    <time>2024-05-24T20:21:01Z</time>
   </trkpt>
   <trkpt lat="47.3934800" lon="-122.0438140">
    <ele>125.3</ele>
    <time>2024-05-24T20:21:02Z</time>
   </trkpt>
   <trkpt lat="47.3934690" lon="-122.0438180">
    <ele>125.3</ele>
    <time>2024-05-24T20:21:03Z</time>
   </trkpt>
   <trkpt lat="47.3934570" lon="-122.0438230">
    <ele>125.3</ele>
    <time>2024-05-24T20:21:04Z</time>
   </trkpt>
   <trkpt lat="47.3934500" lon="-122.0438270">
    <ele>125.3</ele>
    <time>2024-05-24T20:21:05Z</time>
   </trkpt>
   <trkpt lat="47.3934370" lon="-122.0438330">
    <ele>125.3</ele>
    <time>2024-05-24T20:21:06Z</time>
   </trkpt>
   <trkpt lat="47.3934170" lon="-122.0438400">
    <ele>125.4</ele>
    <time>2024-05-24T20:21:07Z</time>
   </trkpt>
   <trkpt lat="47.3934050" lon="-122.0438470">
    <ele>125.4</ele>
    <time>2024-05-24T20:21:08Z</time>
   </trkpt>
   <trkpt lat="47.3933930" lon="-122.0438510">
    <ele>125.4</ele>
    <time>2024-05-24T20:21:09Z</time>
   </trkpt>
   <trkpt lat="47.3933780" lon="-122.0438650">
    <ele>125.4</ele>
    <time>2024-05-24T20:21:10Z</time>
   </trkpt>
   <trkpt lat="47.3933510" lon="-122.0438790">
    <ele>125.4</ele>
    <time>2024-05-24T20:21:11Z</time>
   </trkpt>
   <trkpt lat="47.3933380" lon="-122.0438840">
    <ele>125.5</ele>
    <time>2024-05-24T20:21:12Z</time>
   </trkpt>
   <trkpt lat="47.3933240" lon="-122.0438900">
    <ele>125.5</ele>
    <time>2024-05-24T20:21:13Z</time>
   </trkpt>
   <trkpt lat="47.3933150" lon="-122.0439030">
    <ele>125.5</ele>
    <time>2024-05-24T20:21:14Z</time>
   </trkpt>
   <trkpt lat="47.3932980" lon="-122.0439050">
    <ele>125.5</ele>
    <time>2024-05-24T20:21:15Z</time>
   </trkpt>
   <trkpt lat="47.3932870" lon="-122.0439060">
    <ele>125.5</ele>
    <time>2024-05-24T20:21:16Z</time>
   </trkpt>
   <trkpt lat="47.3932800" lon="-122.0439170">
    <ele>125.5</ele>
    <time>2024-05-24T20:21:17Z</time>
   </trkpt>
   <trkpt lat="47.3932670" lon="-122.0439260">
    <ele>125.6</ele>
    <time>2024-05-24T20:21:18Z</time>
   </trkpt>
   <trkpt lat="47.3932660" lon="-122.0439310">
    <ele>125.6</ele>
    <time>2024-05-24T20:21:19Z</time>
   </trkpt>
   <trkpt lat="47.3932640" lon="-122.0439390">
    <ele>125.6</ele>
    <time>2024-05-24T20:21:20Z</time>
   </trkpt>
   <trkpt lat="47.3932410" lon="-122.0439510">
    <ele>125.6</ele>
    <time>2024-05-24T20:21:21Z</time>
   </trkpt>
   <trkpt lat="47.3932280" lon="-122.0439560">
    <ele>125.6</ele>
    <time>2024-05-24T20:21:22Z</time>
   </trkpt>
   <trkpt lat="47.3932130" lon="-122.0439570">
    <ele>125.6</ele>
    <time>2024-05-24T20:21:23Z</time>
   </trkpt>
   <trkpt lat="47.3931970" lon="-122.0439730">
    <ele>125.6</ele>
    <time>2024-05-24T20:21:24Z</time>
   </trkpt>
   <trkpt lat="47.3931800" lon="-122.0439760">
    <ele>125.7</ele>
    <time>2024-05-24T20:21:25Z</time>
   </trkpt>
   <trkpt lat="47.3931680" lon="-122.0439820">
    <ele>125.7</ele>
    <time>2024-05-24T20:21:26Z</time>
   </trkpt>
   <trkpt lat="47.3931530" lon="-122.0439940">
    <ele>125.7</ele>
    <time>2024-05-24T20:21:27Z</time>
   </trkpt>
   <trkpt lat="47.3931380" lon="-122.0440030">
    <ele>125.7</ele>
    <time>2024-05-24T20:21:28Z</time>
   </trkpt>
   <trkpt lat="47.3931320" lon="-122.0440070">
    <ele>125.7</ele>
    <time>2024-05-24T20:21:29Z</time>
   </trkpt>
   <trkpt lat="47.3931260" lon="-122.0440110">
    <ele>125.7</ele>
    <time>2024-05-24T20:21:30Z</time>
   </trkpt>
   <trkpt lat="47.3931190" lon="-122.0440150">
    <ele>125.7</ele>
    <time>2024-05-24T20:21:31Z</time>
   </trkpt>
   <trkpt lat="47.3931050" lon="-122.0440240">
    <ele>125.7</ele>
    <time>2024-05-24T20:21:32Z</time>
   </trkpt>
   <trkpt lat="47.3931000" lon="-122.0440260">
    <ele>125.7</ele>
    <time>2024-05-24T20:21:33Z</time>
   </trkpt>
   <trkpt lat="47.3930870" lon="-122.0440270">
    <ele>125.7</ele>
    <time>2024-05-24T20:21:34Z</time>
   </trkpt>
   <trkpt lat="47.3930740" lon="-122.0440310">
    <ele>125.7</ele>
    <time>2024-05-24T20:21:35Z</time>
   </trkpt>
   <trkpt lat="47.3930660" lon="-122.0440310">
    <ele>125.7</ele>
    <time>2024-05-24T20:21:36Z</time>
   </trkpt>
   <trkpt lat="47.3930550" lon="-122.0440330">
    <ele>125.7</ele>
    <time>2024-05-24T20:21:37Z</time>
   </trkpt>
   <trkpt lat="47.3930400" lon="-122.0440330">
    <ele>125.8</ele>
    <time>2024-05-24T20:21:38Z</time>
   </trkpt>
   <trkpt lat="47.3930290" lon="-122.0440340">
    <ele>125.8</ele>
    <time>2024-05-24T20:21:39Z</time>
   </trkpt>
   <trkpt lat="47.3930190" lon="-122.0440360">
    <ele>125.8</ele>
    <time>2024-05-24T20:21:40Z</time>
   </trkpt>
   <trkpt lat="47.3930050" lon="-122.0440420">
    <ele>125.8</ele>
    <time>2024-05-24T20:21:41Z</time>
   </trkpt>
   <trkpt lat="47.3929970" lon="-122.0440450">
    <ele>125.8</ele>
    <time>2024-05-24T20:21:42Z</time>
   </trkpt>
   <trkpt lat="47.3929890" lon="-122.0440480">
    <ele>125.8</ele>
    <time>2024-05-24T20:21:43Z</time>
   </trkpt>
   <trkpt lat="47.3929800" lon="-122.0440510">
    <ele>125.8</ele>
    <time>2024-05-24T20:21:44Z</time>
   </trkpt>
   <trkpt lat="47.3929720" lon="-122.0440540">
    <ele>125.8</ele>
    <time>2024-05-24T20:21:45Z</time>
   </trkpt>
   <trkpt lat="47.3929520" lon="-122.0440580">
    <ele>125.8</ele>
    <time>2024-05-24T20:21:46Z</time>
   </trkpt>
   <trkpt lat="47.3929420" lon="-122.0440670">
    <ele>125.8</ele>
    <time>2024-05-24T20:21:47Z</time>
   </trkpt>
   <trkpt lat="47.3929250" lon="-122.0440810">
    <ele>125.8</ele>
    <time>2024-05-24T20:21:48Z</time>
   </trkpt>
   <trkpt lat="47.3929160" lon="-122.0440870">
    <ele>125.8</ele>
    <time>2024-05-24T20:21:49Z</time>
   </trkpt>
   <trkpt lat="47.3929060" lon="-122.0440920">
    <ele>125.9</ele>
    <time>2024-05-24T20:21:50Z</time>
   </trkpt>
   <trkpt lat="47.3928870" lon="-122.0441020">
    <ele>125.9</ele>
    <time>2024-05-24T20:21:51Z</time>
   </trkpt>
   <trkpt lat="47.3928790" lon="-122.0441080">
    <ele>125.9</ele>
    <time>2024-05-24T20:21:52Z</time>
   </trkpt>
   <trkpt lat="47.3928710" lon="-122.0441130">
    <ele>125.9</ele>
    <time>2024-05-24T20:21:53Z</time>
   </trkpt>
   <trkpt lat="47.3928510" lon="-122.0441260">
    <ele>125.9</ele>
    <time>2024-05-24T20:21:54Z</time>
   </trkpt>
   <trkpt lat="47.3928430" lon="-122.0441300">
    <ele>125.9</ele>
    <time>2024-05-24T20:21:55Z</time>
   </trkpt>
   <trkpt lat="47.3928360" lon="-122.0441350">
    <ele>126.0</ele>
    <time>2024-05-24T20:21:56Z</time>
   </trkpt>
   <trkpt lat="47.3928230" lon="-122.0441400">
    <ele>126.0</ele>
    <time>2024-05-24T20:21:57Z</time>
   </trkpt>
   <trkpt lat="47.3928150" lon="-122.0441430">
    <ele>126.0</ele>
    <time>2024-05-24T20:21:58Z</time>
   </trkpt>
   <trkpt lat="47.3928040" lon="-122.0441490">
    <ele>126.0</ele>
    <time>2024-05-24T20:21:59Z</time>
   </trkpt>
   <trkpt lat="47.3927880" lon="-122.0441580">
    <ele>126.0</ele>
    <time>2024-05-24T20:22:00Z</time>
   </trkpt>
   <trkpt lat="47.3927780" lon="-122.0441660">
    <ele>126.1</ele>
    <time>2024-05-24T20:22:01Z</time>
   </trkpt>
   <trkpt lat="47.3927580" lon="-122.0441670">
    <ele>126.1</ele>
    <time>2024-05-24T20:22:02Z</time>
   </trkpt>
   <trkpt lat="47.3927480" lon="-122.0441720">
    <ele>126.1</ele>
    <time>2024-05-24T20:22:03Z</time>
   </trkpt>
   <trkpt lat="47.3927290" lon="-122.0441890">
    <ele>126.1</ele>
    <time>2024-05-24T20:22:04Z</time>
   </trkpt>
   <trkpt lat="47.3927210" lon="-122.0441940">
    <ele>126.2</ele>
    <time>2024-05-24T20:22:05Z</time>
   </trkpt>
   <trkpt lat="47.3927130" lon="-122.0441990">
    <ele>126.2</ele>
    <time>2024-05-24T20:22:06Z</time>
   </trkpt>
   <trkpt lat="47.3927070" lon="-122.0442120">
    <ele>126.2</ele>
    <time>2024-05-24T20:22:07Z</time>
   </trkpt>
   <trkpt lat="47.3926840" lon="-122.0442240">
    <ele>126.2</ele>
    <time>2024-05-24T20:22:08Z</time>
   </trkpt>
   <trkpt lat="47.3926680" lon="-122.0442260">
    <ele>126.3</ele>
    <time>2024-05-24T20:22:09Z</time>
   </trkpt>
   <trkpt lat="47.3926560" lon="-122.0442280">
    <ele>126.3</ele>
    <time>2024-05-24T20:22:10Z</time>
   </trkpt>
   <trkpt lat="47.3926410" lon="-122.0442400">
    <ele>126.3</ele>
    <time>2024-05-24T20:22:11Z</time>
   </trkpt>
   <trkpt lat="47.3926300" lon="-122.0442470">
    <ele>126.3</ele>
    <time>2024-05-24T20:22:12Z</time>
   </trkpt>
   <trkpt lat="47.3926200" lon="-122.0442540">
    <ele>126.3</ele>
    <time>2024-05-24T20:22:13Z</time>
   </trkpt>
   <trkpt lat="47.3925990" lon="-122.0442580">
    <ele>126.4</ele>
    <time>2024-05-24T20:22:14Z</time>
   </trkpt>
   <trkpt lat="47.3925900" lon="-122.0442590">
    <ele>126.4</ele>
    <time>2024-05-24T20:22:15Z</time>
   </trkpt>
   <trkpt lat="47.3925820" lon="-122.0442600">
    <ele>126.4</ele>
    <time>2024-05-24T20:22:16Z</time>
   </trkpt>
   <trkpt lat="47.3925690" lon="-122.0442650">
    <ele>126.4</ele>
    <time>2024-05-24T20:22:17Z</time>
   </trkpt>
   <trkpt lat="47.3925550" lon="-122.0442730">
    <ele>126.4</ele>
    <time>2024-05-24T20:22:18Z</time>
   </trkpt>
   <trkpt lat="47.3925430" lon="-122.0442800">
    <ele>126.5</ele>
    <time>2024-05-24T20:22:19Z</time>
   </trkpt>
   <trkpt lat="47.3925280" lon="-122.0442910">
    <ele>126.5</ele>
    <time>2024-05-24T20:22:20Z</time>
   </trkpt>
   <trkpt lat="47.3925170" lon="-122.0443030">
    <ele>126.5</ele>
    <time>2024-05-24T20:22:21Z</time>
   </trkpt>
   <trkpt lat="47.3925040" lon="-122.0443090">
    <ele>126.5</ele>
    <time>2024-05-24T20:22:22Z</time>
   </trkpt>
   <trkpt lat="47.3924910" lon="-122.0443130">
    <ele>126.6</ele>
    <time>2024-05-24T20:22:23Z</time>
   </trkpt>
   <trkpt lat="47.3924770" lon="-122.0443230">
    <ele>126.6</ele>
    <time>2024-05-24T20:22:24Z</time>
   </trkpt>
   <trkpt lat="47.3924630" lon="-122.0443310">
    <ele>126.6</ele>
    <time>2024-05-24T20:22:25Z</time>
   </trkpt>
   <trkpt lat="47.3924500" lon="-122.0443410">
    <ele>126.6</ele>
    <time>2024-05-24T20:22:26Z</time>
   </trkpt>
   <trkpt lat="47.3924390" lon="-122.0443520">
    <ele>126.7</ele>
    <time>2024-05-24T20:22:27Z</time>
   </trkpt>
   <trkpt lat="47.3924260" lon="-122.0443610">
    <ele>126.7</ele>
    <time>2024-05-24T20:22:28Z</time>
   </trkpt>
   <trkpt lat="47.3924150" lon="-122.0443720">
    <ele>126.7</ele>
    <time>2024-05-24T20:22:29Z</time>
   </trkpt>
   <trkpt lat="47.3924040" lon="-122.0443810">
    <ele>126.7</ele>
    <time>2024-05-24T20:22:30Z</time>
   </trkpt>
   <trkpt lat="47.3923950" lon="-122.0443860">
    <ele>126.7</ele>
    <time>2024-05-24T20:22:31Z</time>
   </trkpt>
   <trkpt lat="47.3923790" lon="-122.0443920">
    <ele>126.7</ele>
    <time>2024-05-24T20:22:32Z</time>
   </trkpt>
   <trkpt lat="47.3923670" lon="-122.0443980">
    <ele>126.7</ele>
    <time>2024-05-24T20:22:33Z</time>
   </trkpt>
   <trkpt lat="47.3923620" lon="-122.0444050">
    <ele>126.7</ele>
    <time>2024-05-24T20:22:34Z</time>
   </trkpt>
   <trkpt lat="47.3923490" lon="-122.0444080">
    <ele>126.8</ele>
    <time>2024-05-24T20:22:35Z</time>
   </trkpt>
   <trkpt lat="47.3923340" lon="-122.0444210">
    <ele>126.8</ele>
    <time>2024-05-24T20:22:36Z</time>
   </trkpt>
   <trkpt lat="47.3923140" lon="-122.0444340">
    <ele>126.8</ele>
    <time>2024-05-24T20:22:37Z</time>
   </trkpt>
   <trkpt lat="47.3923060" lon="-122.0444390">
    <ele>126.8</ele>
    <time>2024-05-24T20:22:38Z</time>
   </trkpt>
   <trkpt lat="47.3922970" lon="-122.0444440">
    <ele>126.8</ele>
    <time>2024-05-24T20:22:39Z</time>
   </trkpt>
   <trkpt lat="47.3922870" lon="-122.0444470">
    <ele>126.9</ele>
    <time>2024-05-24T20:22:40Z</time>
   </trkpt>
   <trkpt lat="47.3922750" lon="-122.0444570">
    <ele>126.9</ele>
    <time>2024-05-24T20:22:41Z</time>
   </trkpt>
   <trkpt lat="47.3922650" lon="-122.0444630">
    <ele>126.9</ele>
    <time>2024-05-24T20:22:42Z</time>
   </trkpt>
   <trkpt lat="47.3922520" lon="-122.0444710">
    <ele>126.9</ele>
    <time>2024-05-24T20:22:43Z</time>
   </trkpt>
   <trkpt lat="47.3922400" lon="-122.0444830">
    <ele>126.9</ele>
    <time>2024-05-24T20:22:44Z</time>
   </trkpt>
   <trkpt lat="47.3922300" lon="-122.0444900">
    <ele>126.9</ele>
    <time>2024-05-24T20:22:45Z</time>
   </trkpt>
   <trkpt lat="47.3922190" lon="-122.0444970">
    <ele>127.0</ele>
    <time>2024-05-24T20:22:46Z</time>
   </trkpt>
   <trkpt lat="47.3922080" lon="-122.0445050">
    <ele>127.0</ele>
    <time>2024-05-24T20:22:47Z</time>
   </trkpt>
   <trkpt lat="47.3921910" lon="-122.0445170">
    <ele>127.0</ele>
    <time>2024-05-24T20:22:48Z</time>
   </trkpt>
   <trkpt lat="47.3921820" lon="-122.0445210">
    <ele>127.0</ele>
    <time>2024-05-24T20:22:49Z</time>
   </trkpt>
   <trkpt lat="47.3921720" lon="-122.0445240">
    <ele>127.0</ele>
    <time>2024-05-24T20:22:50Z</time>
   </trkpt>
   <trkpt lat="47.3921580" lon="-122.0445300">
    <ele>127.0</ele>
    <time>2024-05-24T20:22:51Z</time>
   </trkpt>
   <trkpt lat="47.3921450" lon="-122.0445410">
    <ele>127.0</ele>
    <time>2024-05-24T20:22:52Z</time>
   </trkpt>
   <trkpt lat="47.3921350" lon="-122.0445540">
    <ele>127.0</ele>
    <time>2024-05-24T20:22:53Z</time>
   </trkpt>
   <trkpt lat="47.3921220" lon="-122.0445650">
    <ele>127.1</ele>
    <time>2024-05-24T20:22:54Z</time>
   </trkpt>
   <trkpt lat="47.3921080" lon="-122.0445720">
    <ele>127.1</ele>
    <time>2024-05-24T20:22:55Z</time>
   </trkpt>
   <trkpt lat="47.3920950" lon="-122.0445800">
    <ele>127.1</ele>
    <time>2024-05-24T20:22:56Z</time>
   </trkpt>
   <trkpt lat="47.3920840" lon="-122.0445870">
    <ele>127.1</ele>
    <time>2024-05-24T20:22:57Z</time>
   </trkpt>
   <trkpt lat="47.3920720" lon="-122.0445940">
    <ele>127.1</ele>
    <time>2024-05-24T20:22:58Z</time>
   </trkpt>
   <trkpt lat="47.3920610" lon="-122.0445980">
    <ele>127.1</ele>
    <time>2024-05-24T20:22:59Z</time>
   </trkpt>
   <trkpt lat="47.3920470" lon="-122.0446070">
    <ele>127.1</ele>
    <time>2024-05-24T20:23:00Z</time>
   </trkpt>
   <trkpt lat="47.3920340" lon="-122.0446130">
    <ele>127.1</ele>
    <time>2024-05-24T20:23:01Z</time>
   </trkpt>
   <trkpt lat="47.3920130" lon="-122.0446170">
    <ele>127.2</ele>
    <time>2024-05-24T20:23:02Z</time>
   </trkpt>
   <trkpt lat="47.3920050" lon="-122.0446190">
    <ele>127.2</ele>
    <time>2024-05-24T20:23:03Z</time>
   </trkpt>
   <trkpt lat="47.3919970" lon="-122.0446200">
    <ele>127.2</ele>
    <time>2024-05-24T20:23:04Z</time>
   </trkpt>
   <trkpt lat="47.3919780" lon="-122.0446320">
    <ele>127.2</ele>
    <time>2024-05-24T20:23:05Z</time>
   </trkpt>
   <trkpt lat="47.3919710" lon="-122.0446380">
    <ele>127.2</ele>
    <time>2024-05-24T20:23:06Z</time>
   </trkpt>
   <trkpt lat="47.3919630" lon="-122.0446430">
    <ele>127.2</ele>
    <time>2024-05-24T20:23:07Z</time>
   </trkpt>
   <trkpt lat="47.3919480" lon="-122.0446610">
    <ele>127.2</ele>
    <time>2024-05-24T20:23:08Z</time>
   </trkpt>
   <trkpt lat="47.3919420" lon="-122.0446700">
    <ele>127.2</ele>
    <time>2024-05-24T20:23:09Z</time>
   </trkpt>
   <trkpt lat="47.3919360" lon="-122.0446780">
    <ele>127.2</ele>
    <time>2024-05-24T20:23:10Z</time>
   </trkpt>
   <trkpt lat="47.3919160" lon="-122.0446910">
    <ele>127.3</ele>
    <time>2024-05-24T20:23:11Z</time>
   </trkpt>
   <trkpt lat="47.3919070" lon="-122.0446940">
    <ele>127.3</ele>
    <time>2024-05-24T20:23:12Z</time>
   </trkpt>
   <trkpt lat="47.3918990" lon="-122.0446970">
    <ele>127.3</ele>
    <time>2024-05-24T20:23:13Z</time>
   </trkpt>
   <trkpt lat="47.3918790" lon="-122.0447090">
    <ele>127.3</ele>
    <time>2024-05-24T20:23:14Z</time>
   </trkpt>
   <trkpt lat="47.3918710" lon="-122.0447150">
    <ele>127.3</ele>
    <time>2024-05-24T20:23:15Z</time>
   </trkpt>
   <trkpt lat="47.3918640" lon="-122.0447210">
    <ele>127.3</ele>
    <time>2024-05-24T20:23:16Z</time>
   </trkpt>
   <trkpt lat="47.3918470" lon="-122.0447410">
    <ele>127.3</ele>
    <time>2024-05-24T20:23:17Z</time>
   </trkpt>
   <trkpt lat="47.3918410" lon="-122.0447480">
    <ele>127.3</ele>
    <time>2024-05-24T20:23:18Z</time>
   </trkpt>
   <trkpt lat="47.3918350" lon="-122.0447560">
    <ele>127.3</ele>
    <time>2024-05-24T20:23:19Z</time>
   </trkpt>
   <trkpt lat="47.3918160" lon="-122.0447560">
    <ele>127.4</ele>
    <time>2024-05-24T20:23:20Z</time>
   </trkpt>
   <trkpt lat="47.3918110" lon="-122.0447610">
    <ele>127.4</ele>
    <time>2024-05-24T20:23:21Z</time>
   </trkpt>
   <trkpt lat="47.3918020" lon="-122.0447690">
    <ele>127.4</ele>
    <time>2024-05-24T20:23:22Z</time>
   </trkpt>
   <trkpt lat="47.3917970" lon="-122.0447740">
    <ele>127.4</ele>
    <time>2024-05-24T20:23:23Z</time>
   </trkpt>
   <trkpt lat="47.3918000" lon="-122.0447710">
    <ele>127.4</ele>
    <time>2024-05-24T20:23:24Z</time>
   </trkpt>
   <trkpt lat="47.3918020" lon="-122.0447710">
    <ele>127.4</ele>
    <time>2024-05-24T20:23:25Z</time>
   </trkpt>
   <trkpt lat="47.3918030" lon="-122.0447710">
    <ele>127.4</ele>
    <time>2024-05-24T20:23:26Z</time>
   </trkpt>
   <trkpt lat="47.3918030" lon="-122.0447690">
    <ele>127.4</ele>
    <time>2024-05-24T20:23:27Z</time>
   </trkpt>
   <trkpt lat="47.3918020" lon="-122.0447680">
    <ele>127.4</ele>
    <time>2024-05-24T20:23:28Z</time>
   </trkpt>
   <trkpt lat="47.3918010" lon="-122.0447660">
    <ele>127.4</ele>
    <time>2024-05-24T20:23:29Z</time>
   </trkpt>
   <trkpt lat="47.3918000" lon="-122.0447670">
    <ele>127.4</ele>
    <time>2024-05-24T20:23:30Z</time>
   </trkpt>
   <trkpt lat="47.3918010" lon="-122.0447680">
    <ele>127.4</ele>
    <time>2024-05-24T20:23:31Z</time>
   </trkpt>
   <trkpt lat="47.3918020" lon="-122.0447670">
    <ele>127.4</ele>
    <time>2024-05-24T20:23:32Z</time>
   </trkpt>
   <trkpt lat="47.3917990" lon="-122.0447690">
    <ele>127.4</ele>
    <time>2024-05-24T20:23:33Z</time>
   </trkpt>
   <trkpt lat="47.3918000" lon="-122.0447650">
    <ele>127.4</ele>
    <time>2024-05-24T20:23:34Z</time>
   </trkpt>
   <trkpt lat="47.3918000" lon="-122.0447650">
    <ele>127.4</ele>
    <time>2024-05-24T20:23:35Z</time>
   </trkpt>
   <trkpt lat="47.3918000" lon="-122.0447650">
    <ele>127.4</ele>
    <time>2024-05-24T20:23:36Z</time>
   </trkpt>
   <trkpt lat="47.3918000" lon="-122.0447640">
    <ele>127.4</ele>
    <time>2024-05-24T20:23:37Z</time>
   </trkpt>
   <trkpt lat="47.3917990" lon="-122.0447620">
    <ele>127.4</ele>
    <time>2024-05-24T20:23:38Z</time>
   </trkpt>
   <trkpt lat="47.3917980" lon="-122.0447620">
    <ele>127.4</ele>
    <time>2024-05-24T20:23:39Z</time>
   </trkpt>
   <trkpt lat="47.3917970" lon="-122.0447620">
    <ele>127.4</ele>
    <time>2024-05-24T20:23:40Z</time>
   </trkpt>
   <trkpt lat="47.3917970" lon="-122.0447610">
    <ele>127.4</ele>
    <time>2024-05-24T20:23:41Z</time>
   </trkpt>
   <trkpt lat="47.3917960" lon="-122.0447620">
    <ele>127.4</ele>
    <time>2024-05-24T20:23:42Z</time>
   </trkpt>
   <trkpt lat="47.3917960" lon="-122.0447620">
    <ele>127.4</ele>
    <time>2024-05-24T20:23:43Z</time>
   </trkpt>
   <trkpt lat="47.3917960" lon="-122.0447630">
    <ele>127.4</ele>
    <time>2024-05-24T20:23:44Z</time>
   </trkpt>
   <trkpt lat="47.3917960" lon="-122.0447630">
    <ele>127.4</ele>
    <time>2024-05-24T20:23:45Z</time>
   </trkpt>
   <trkpt lat="47.3917970" lon="-122.0447630">
    <ele>127.4</ele>
    <time>2024-05-24T20:23:46Z</time>
   </trkpt>
   <trkpt lat="47.3917970" lon="-122.0447640">
    <ele>127.4</ele>
    <time>2024-05-24T20:23:47Z</time>
   </trkpt>
   <trkpt lat="47.3917970" lon="-122.0447640">
    <ele>127.4</ele>
    <time>2024-05-24T20:23:48Z</time>
   </trkpt>
   <trkpt lat="47.3917960" lon="-122.0447660">
    <ele>127.4</ele>
    <time>2024-05-24T20:23:49Z</time>
   </trkpt>
   <trkpt lat="47.3917940" lon="-122.0447680">
    <ele>127.4</ele>
    <time>2024-05-24T20:23:50Z</time>
   </trkpt>
   <trkpt lat="47.3917850" lon="-122.0447780">
    <ele>127.4</ele>
    <time>2024-05-24T20:23:51Z</time>
   </trkpt>
   <trkpt lat="47.3917750" lon="-122.0447840">
    <ele>127.4</ele>
    <time>2024-05-24T20:23:52Z</time>
   </trkpt>
   <trkpt lat="47.3917700" lon="-122.0447890">
    <ele>127.4</ele>
    <time>2024-05-24T20:23:53Z</time>
   </trkpt>
   <trkpt lat="47.3917580" lon="-122.0447940">
    <ele>127.4</ele>
    <time>2024-05-24T20:23:55Z</time>
   </trkpt>
   <trkpt lat="47.3917460" lon="-122.0448020">
    <ele>127.4</ele>
    <time>2024-05-24T20:23:56Z</time>
   </trkpt>
   <trkpt lat="47.3917350" lon="-122.0448120">
    <ele>127.5</ele>
    <time>2024-05-24T20:23:57Z</time>
   </trkpt>
   <trkpt lat="47.3917290" lon="-122.0448170">
    <ele>127.5</ele>
    <time>2024-05-24T20:23:58Z</time>
   </trkpt>
   <trkpt lat="47.3917170" lon="-122.0448230">
    <ele>127.5</ele>
    <time>2024-05-24T20:23:59Z</time>
   </trkpt>
   <trkpt lat="47.3916970" lon="-122.0448300">
    <ele>127.5</ele>
    <time>2024-05-24T20:24:00Z</time>
   </trkpt>
   <trkpt lat="47.3916890" lon="-122.0448370">
    <ele>127.5</ele>
    <time>2024-05-24T20:24:01Z</time>
   </trkpt>
   <trkpt lat="47.3916800" lon="-122.0448440">
    <ele>127.5</ele>
    <time>2024-05-24T20:24:02Z</time>
   </trkpt>
   <trkpt lat="47.3916610" lon="-122.0448590">
    <ele>127.5</ele>
    <time>2024-05-24T20:24:03Z</time>
   </trkpt>
   <trkpt lat="47.3916540" lon="-122.0448640">
    <ele>127.5</ele>
    <time>2024-05-24T20:24:04Z</time>
   </trkpt>
   <trkpt lat="47.3916470" lon="-122.0448690">
    <ele>127.5</ele>
    <time>2024-05-24T20:24:05Z</time>
   </trkpt>
   <trkpt lat="47.3916290" lon="-122.0448800">
    <ele>127.6</ele>
    <time>2024-05-24T20:24:06Z</time>
   </trkpt>
   <trkpt lat="47.3916210" lon="-122.0448870">
    <ele>127.6</ele>
    <time>2024-05-24T20:24:07Z</time>
   </trkpt>
   <trkpt lat="47.3916130" lon="-122.0448930">
    <ele>127.6</ele>
    <time>2024-05-24T20:24:08Z</time>
   </trkpt>
   <trkpt lat="47.3916030" lon="-122.0449060">
    <ele>127.6</ele>
    <time>2024-05-24T20:24:09Z</time>
   </trkpt>
   <trkpt lat="47.3915910" lon="-122.0449200">
    <ele>127.6</ele>
    <time>2024-05-24T20:24:10Z</time>
   </trkpt>
   <trkpt lat="47.3915820" lon="-122.0449260">
    <ele>127.6</ele>
    <time>2024-05-24T20:24:11Z</time>
   </trkpt>
   <trkpt lat="47.3915730" lon="-122.0449300">
    <ele>127.6</ele>
    <time>2024-05-24T20:24:12Z</time>
   </trkpt>
   <trkpt lat="47.3915610" lon="-122.0449370">
    <ele>127.6</ele>
    <time>2024-05-24T20:24:13Z</time>
   </trkpt>
   <trkpt lat="47.3915400" lon="-122.0449570">
    <ele>127.6</ele>
    <time>2024-05-24T20:24:14Z</time>
   </trkpt>
   <trkpt lat="47.3915290" lon="-122.0449690">
    <ele>127.7</ele>
    <time>2024-05-24T20:24:15Z</time>
   </trkpt>
   <trkpt lat="47.3915150" lon="-122.0449840">
    <ele>127.7</ele>
    <time>2024-05-24T20:24:16Z</time>
   </trkpt>
   <trkpt lat="47.3915030" lon="-122.0449860">
    <ele>127.7</ele>
    <time>2024-05-24T20:24:17Z</time>
   </trkpt>
   <trkpt lat="47.3914860" lon="-122.0450000">
    <ele>127.7</ele>
    <time>2024-05-24T20:24:18Z</time>
   </trkpt>
   <trkpt lat="47.3914790" lon="-122.0450060">
    <ele>127.7</ele>
    <time>2024-05-24T20:24:19Z</time>
   </trkpt>
   <trkpt lat="47.3914720" lon="-122.0450130">
    <ele>127.7</ele>
    <time>2024-05-24T20:24:20Z</time>
   </trkpt>
   <trkpt lat="47.3914540" lon="-122.0450280">
    <ele>127.7</ele>
    <time>2024-05-24T20:24:21Z</time>
   </trkpt>
   <trkpt lat="47.3914460" lon="-122.0450350">
    <ele>127.8</ele>
    <time>2024-05-24T20:24:22Z</time>
   </trkpt>
   <trkpt lat="47.3914370" lon="-122.0450420">
    <ele>127.8</ele>
    <time>2024-05-24T20:24:23Z</time>
   </trkpt>
   <trkpt lat="47.3914240" lon="-122.0450530">
    <ele>127.8</ele>
    <time>2024-05-24T20:24:24Z</time>
   </trkpt>
   <trkpt lat="47.3914180" lon="-122.0450530">
    <ele>127.8</ele>
    <time>2024-05-24T20:24:25Z</time>
   </trkpt>
   <trkpt lat="47.3914040" lon="-122.0450580">
    <ele>127.8</ele>
    <time>2024-05-24T20:24:26Z</time>
   </trkpt>
   <trkpt lat="47.3913940" lon="-122.0450720">
    <ele>127.8</ele>
    <time>2024-05-24T20:24:27Z</time>
   </trkpt>
   <trkpt lat="47.3913830" lon="-122.0450880">
    <ele>127.8</ele>
    <time>2024-05-24T20:24:28Z</time>
   </trkpt>
   <trkpt lat="47.3913630" lon="-122.0451010">
    <ele>127.8</ele>
    <time>2024-05-24T20:24:29Z</time>
   </trkpt>
   <trkpt lat="47.3913520" lon="-122.0451070">
    <ele>127.9</ele>
    <time>2024-05-24T20:24:30Z</time>
   </trkpt>
   <trkpt lat="47.3913420" lon="-122.0451120">
    <ele>127.9</ele>
    <time>2024-05-24T20:24:31Z</time>
   </trkpt>
   <trkpt lat="47.3913310" lon="-122.0451240">
    <ele>127.9</ele>
    <time>2024-05-24T20:24:32Z</time>
   </trkpt>
   <trkpt lat="47.3913180" lon="-122.0451330">
    <ele>127.9</ele>
    <time>2024-05-24T20:24:33Z</time>
   </trkpt>
   <trkpt lat="47.3913040" lon="-122.0451370">
    <ele>127.9</ele>
    <time>2024-05-24T20:24:34Z</time>
   </trkpt>
   <trkpt lat="47.3912910" lon="-122.0451450">
    <ele>127.9</ele>
    <time>2024-05-24T20:24:35Z</time>
   </trkpt>
   <trkpt lat="47.3912720" lon="-122.0451590">
    <ele>127.9</ele>
    <time>2024-05-24T20:24:36Z</time>
   </trkpt>
   <trkpt lat="47.3912640" lon="-122.0451650">
    <ele>128.0</ele>
    <time>2024-05-24T20:24:37Z</time>
   </trkpt>
   <trkpt lat="47.3912560" lon="-122.0451700">
    <ele>128.0</ele>
    <time>2024-05-24T20:24:38Z</time>
   </trkpt>
   <trkpt lat="47.3912450" lon="-122.0451850">
    <ele>128.0</ele>
    <time>2024-05-24T20:24:39Z</time>
   </trkpt>
   <trkpt lat="47.3912340" lon="-122.0451950">
    <ele>128.0</ele>
    <time>2024-05-24T20:24:40Z</time>
   </trkpt>
   <trkpt lat="47.3912240" lon="-122.0452080">
    <ele>128.0</ele>
    <time>2024-05-24T20:24:41Z</time>
   </trkpt>
   <trkpt lat="47.3912110" lon="-122.0452200">
    <ele>128.0</ele>
    <time>2024-05-24T20:24:42Z</time>
   </trkpt>
   <trkpt lat="47.3911990" lon="-122.0452310">
    <ele>128.0</ele>
    <time>2024-05-24T20:24:43Z</time>
   </trkpt>
   <trkpt lat="47.3911880" lon="-122.0452450">
    <ele>128.1</ele>
    <time>2024-05-24T20:24:44Z</time>
   </trkpt>
   <trkpt lat="47.3911770" lon="-122.0452560">
    <ele>128.1</ele>
    <time>2024-05-24T20:24:45Z</time>
   </trkpt>
   <trkpt lat="47.3911650" lon="-122.0452750">
    <ele>128.1</ele>
    <time>2024-05-24T20:24:46Z</time>
   </trkpt>
   <trkpt lat="47.3911540" lon="-122.0452890">
    <ele>128.1</ele>
    <time>2024-05-24T20:24:47Z</time>
   </trkpt>
   <trkpt lat="47.3911400" lon="-122.0452950">
    <ele>128.1</ele>
    <time>2024-05-24T20:24:48Z</time>
   </trkpt>
   <trkpt lat="47.3911280" lon="-122.0453070">
    <ele>128.1</ele>
    <time>2024-05-24T20:24:49Z</time>
   </trkpt>
   <trkpt lat="47.3911140" lon="-122.0453160">
    <ele>128.1</ele>
    <time>2024-05-24T20:24:50Z</time>
   </trkpt>
   <trkpt lat="47.3911010" lon="-122.0453250">
    <ele>128.2</ele>
    <time>2024-05-24T20:24:51Z</time>
   </trkpt>
   <trkpt lat="47.3910880" lon="-122.0453340">
    <ele>128.2</ele>
    <time>2024-05-24T20:24:52Z</time>
   </trkpt>
   <trkpt lat="47.3910740" lon="-122.0453420">
    <ele>128.2</ele>
    <time>2024-05-24T20:24:53Z</time>
   </trkpt>
   <trkpt lat="47.3910610" lon="-122.0453480">
    <ele>128.2</ele>
    <time>2024-05-24T20:24:54Z</time>
   </trkpt>
   <trkpt lat="47.3910480" lon="-122.0453550">
    <ele>128.2</ele>
    <time>2024-05-24T20:24:55Z</time>
   </trkpt>
   <trkpt lat="47.3910350" lon="-122.0453660">
    <ele>128.2</ele>
    <time>2024-05-24T20:24:56Z</time>
   </trkpt>
   <trkpt lat="47.3910240" lon="-122.0453770">
    <ele>128.2</ele>
    <time>2024-05-24T20:24:57Z</time>
   </trkpt>
   <trkpt lat="47.3910110" lon="-122.0453860">
    <ele>128.3</ele>
    <time>2024-05-24T20:24:58Z</time>
   </trkpt>
   <trkpt lat="47.3909990" lon="-122.0453920">
    <ele>128.3</ele>
    <time>2024-05-24T20:24:59Z</time>
   </trkpt>
   <trkpt lat="47.3909840" lon="-122.0453950">
    <ele>128.3</ele>
    <time>2024-05-24T20:25:00Z</time>
   </trkpt>
   <trkpt lat="47.3909700" lon="-122.0454010">
    <ele>128.3</ele>
    <time>2024-05-24T20:25:01Z</time>
   </trkpt>
   <trkpt lat="47.3909570" lon="-122.0454070">
    <ele>128.3</ele>
    <time>2024-05-24T20:25:02Z</time>
   </trkpt>
   <trkpt lat="47.3909370" lon="-122.0454220">
    <ele>128.3</ele>
    <time>2024-05-24T20:25:03Z</time>
   </trkpt>
   <trkpt lat="47.3909290" lon="-122.0454290">
    <ele>128.3</ele>
    <time>2024-05-24T20:25:04Z</time>
   </trkpt>
   <trkpt lat="47.3909220" lon="-122.0454350">
    <ele>128.3</ele>
    <time>2024-05-24T20:25:05Z</time>
   </trkpt>
   <trkpt lat="47.3909020" lon="-122.0454470">
    <ele>128.4</ele>
    <time>2024-05-24T20:25:06Z</time>
   </trkpt>
   <trkpt lat="47.3908930" lon="-122.0454500">
    <ele>128.4</ele>
    <time>2024-05-24T20:25:07Z</time>
   </trkpt>
   <trkpt lat="47.3908840" lon="-122.0454530">
    <ele>128.4</ele>
    <time>2024-05-24T20:25:08Z</time>
   </trkpt>
   <trkpt lat="47.3908700" lon="-122.0454550">
    <ele>128.4</ele>
    <time>2024-05-24T20:25:09Z</time>
   </trkpt>
   <trkpt lat="47.3908570" lon="-122.0454630">
    <ele>128.4</ele>
    <time>2024-05-24T20:25:10Z</time>
   </trkpt>
   <trkpt lat="47.3908440" lon="-122.0454680">
    <ele>128.4</ele>
    <time>2024-05-24T20:25:11Z</time>
   </trkpt>
   <trkpt lat="47.3908320" lon="-122.0454800">
    <ele>128.4</ele>
    <time>2024-05-24T20:25:12Z</time>
   </trkpt>
   <trkpt lat="47.3908210" lon="-122.0454900">
    <ele>128.4</ele>
    <time>2024-05-24T20:25:13Z</time>
   </trkpt>
   <trkpt lat="47.3908110" lon="-122.0454930">
    <ele>128.4</ele>
    <time>2024-05-24T20:25:14Z</time>
   </trkpt>
   <trkpt lat="47.3908110" lon="-122.0454840">
    <ele>128.4</ele>
    <time>2024-05-24T20:25:15Z</time>
   </trkpt>
   <trkpt lat="47.3908130" lon="-122.0454760">
    <ele>128.4</ele>
    <time>2024-05-24T20:25:16Z</time>
   </trkpt>
   <trkpt lat="47.3908170" lon="-122.0454740">
    <ele>128.4</ele>
    <time>2024-05-24T20:25:17Z</time>
   </trkpt>
   <trkpt lat="47.3908070" lon="-122.0454780">
    <ele>128.4</ele>
    <time>2024-05-24T20:25:18Z</time>
   </trkpt>
   <trkpt lat="47.3908010" lon="-122.0454740">
    <ele>128.4</ele>
    <time>2024-05-24T20:25:19Z</time>
   </trkpt>
   <trkpt lat="47.3908020" lon="-122.0454790">
    <ele>128.4</ele>
    <time>2024-05-24T20:25:20Z</time>
   </trkpt>
   <trkpt lat="47.3908010" lon="-122.0454670">
    <ele>128.5</ele>
    <time>2024-05-24T20:25:21Z</time>
   </trkpt>
   <trkpt lat="47.3908100" lon="-122.0454580">
    <ele>128.5</ele>
    <time>2024-05-24T20:25:22Z</time>
   </trkpt>
   <trkpt lat="47.3908040" lon="-122.0454560">
    <ele>128.5</ele>
    <time>2024-05-24T20:25:23Z</time>
   </trkpt>
   <trkpt lat="47.3907980" lon="-122.0454510">
    <ele>128.5</ele>
    <time>2024-05-24T20:25:24Z</time>
   </trkpt>
   <trkpt lat="47.3907900" lon="-122.0454480">
    <ele>128.5</ele>
    <time>2024-05-24T20:25:25Z</time>
   </trkpt>
   <trkpt lat="47.3907770" lon="-122.0454480">
    <ele>128.5</ele>
    <time>2024-05-24T20:25:26Z</time>
   </trkpt>
   <trkpt lat="47.3907560" lon="-122.0454740">
    <ele>128.5</ele>
    <time>2024-05-24T20:25:27Z</time>
   </trkpt>
   <trkpt lat="47.3907460" lon="-122.0454800">
    <ele>128.5</ele>
    <time>2024-05-24T20:25:28Z</time>
   </trkpt>
   <trkpt lat="47.3907460" lon="-122.0454900">
    <ele>128.5</ele>
    <time>2024-05-24T20:25:29Z</time>
   </trkpt>
   <trkpt lat="47.3907200" lon="-122.0454650">
    <ele>129.1</ele>
    <time>2024-05-24T20:25:30Z</time>
   </trkpt>
   <trkpt lat="47.3906950" lon="-122.0454390">
    <ele>129.8</ele>
    <time>2024-05-24T20:25:31Z</time>
   </trkpt>
   <trkpt lat="47.3906720" lon="-122.0454330">
    <ele>130.0</ele>
    <time>2024-05-24T20:25:32Z</time>
   </trkpt>
   <trkpt lat="47.3906550" lon="-122.0453980">
    <ele>130.5</ele>
    <time>2024-05-24T20:25:33Z</time>
   </trkpt>
   <trkpt lat="47.3906550" lon="-122.0454570">
    <ele>129.7</ele>
    <time>2024-05-24T20:25:34Z</time>
   </trkpt>
   <trkpt lat="47.3906320" lon="-122.0454780">
    <ele>129.9</ele>
    <time>2024-05-24T20:25:35Z</time>
   </trkpt>
   <trkpt lat="47.3906200" lon="-122.0454950">
    <ele>129.7</ele>
    <time>2024-05-24T20:25:36Z</time>
   </trkpt>
   <trkpt lat="47.3905960" lon="-122.0455190">
    <ele>129.7</ele>
    <time>2024-05-24T20:25:37Z</time>
   </trkpt>
   <trkpt lat="47.3905950" lon="-122.0455300">
    <ele>129.7</ele>
    <time>2024-05-24T20:25:38Z</time>
   </trkpt>
   <trkpt lat="47.3905940" lon="-122.0455400">
    <ele>129.4</ele>
    <time>2024-05-24T20:25:39Z</time>
   </trkpt>
   <trkpt lat="47.3905830" lon="-122.0455770">
    <ele>129.3</ele>
    <time>2024-05-24T20:25:40Z</time>
   </trkpt>
   <trkpt lat="47.3905000" lon="-122.0454390">
    <ele>131.5</ele>
    <time>2024-05-24T20:25:42Z</time>
   </trkpt>
   <trkpt lat="47.3905150" lon="-122.0454430">
    <ele>131.3</ele>
    <time>2024-05-24T20:25:43Z</time>
   </trkpt>
   <trkpt lat="47.3904980" lon="-122.0454110">
    <ele>131.5</ele>
    <time>2024-05-24T20:25:44Z</time>
   </trkpt>
   <trkpt lat="47.3904850" lon="-122.0454120">
    <ele>131.5</ele>
    <time>2024-05-24T20:25:45Z</time>
   </trkpt>
   <trkpt lat="47.3904720" lon="-122.0454250">
    <ele>131.7</ele>
    <time>2024-05-24T20:25:46Z</time>
   </trkpt>
   <trkpt lat="47.3904590" lon="-122.0454930">
    <ele>130.8</ele>
    <time>2024-05-24T20:25:47Z</time>
   </trkpt>
   <trkpt lat="47.3904470" lon="-122.0455060">
    <ele>131.0</ele>
    <time>2024-05-24T20:25:48Z</time>
   </trkpt>
   <trkpt lat="47.3904340" lon="-122.0455300">
    <ele>131.1</ele>
    <time>2024-05-24T20:25:49Z</time>
   </trkpt>
   <trkpt lat="47.3904190" lon="-122.0455480">
    <ele>130.7</ele>
    <time>2024-05-24T20:25:50Z</time>
   </trkpt>
   <trkpt lat="47.3904080" lon="-122.0455580">
    <ele>130.9</ele>
    <time>2024-05-24T20:25:51Z</time>
   </trkpt>
   <trkpt lat="47.3903980" lon="-122.0455580">
    <ele>130.9</ele>
    <time>2024-05-24T20:25:52Z</time>
   </trkpt>
   <trkpt lat="47.3903840" lon="-122.0455840">
    <ele>130.7</ele>
    <time>2024-05-24T20:25:53Z</time>
   </trkpt>
   <trkpt lat="47.3903770" lon="-122.0456160">
    <ele>130.7</ele>
    <time>2024-05-24T20:25:54Z</time>
   </trkpt>
   <trkpt lat="47.3903660" lon="-122.0456270">
    <ele>130.4</ele>
    <time>2024-05-24T20:25:55Z</time>
   </trkpt>
   <trkpt lat="47.3903490" lon="-122.0456350">
    <ele>130.6</ele>
    <time>2024-05-24T20:25:56Z</time>
   </trkpt>
   <trkpt lat="47.3903360" lon="-122.0456270">
    <ele>130.6</ele>
    <time>2024-05-24T20:25:57Z</time>
   </trkpt>
   <trkpt lat="47.3903260" lon="-122.0456250">
    <ele>130.8</ele>
    <time>2024-05-24T20:25:58Z</time>
   </trkpt>
   <trkpt lat="47.3903170" lon="-122.0456380">
    <ele>130.8</ele>
    <time>2024-05-24T20:25:59Z</time>
   </trkpt>
   <trkpt lat="47.3903020" lon="-122.0456410">
    <ele>130.8</ele>
    <time>2024-05-24T20:26:00Z</time>
   </trkpt>
   <trkpt lat="47.3902770" lon="-122.0456730">
    <ele>130.7</ele>
    <time>2024-05-24T20:26:01Z</time>
   </trkpt>
   <trkpt lat="47.3902450" lon="-122.0457030">
    <ele>130.5</ele>
    <time>2024-05-24T20:26:02Z</time>
   </trkpt>
   <trkpt lat="47.3902220" lon="-122.0457310">
    <ele>130.7</ele>
    <time>2024-05-24T20:26:03Z</time>
   </trkpt>
   <trkpt lat="47.3902050" lon="-122.0457680">
    <ele>130.5</ele>
    <time>2024-05-24T20:26:04Z</time>
   </trkpt>
   <trkpt lat="47.3901950" lon="-122.0457700">
    <ele>130.5</ele>
    <time>2024-05-24T20:26:05Z</time>
   </trkpt>
   <trkpt lat="47.3901200" lon="-122.0458000">
    <ele>130.7</ele>
    <time>2024-05-24T20:26:06Z</time>
   </trkpt>
   <trkpt lat="47.3900470" lon="-122.0458280">
    <ele>131.2</ele>
    <time>2024-05-24T20:26:07Z</time>
   </trkpt>
   <trkpt lat="47.3901870" lon="-122.0460940">
    <ele>129.2</ele>
    <time>2024-05-24T20:26:08Z</time>
   </trkpt>
   <trkpt lat="47.3901950" lon="-122.0461100">
    <ele>129.2</ele>
    <time>2024-05-24T20:26:09Z</time>
   </trkpt>
   <trkpt lat="47.3901990" lon="-122.0460840">
    <ele>129.3</ele>
    <time>2024-05-24T20:26:10Z</time>
   </trkpt>
   <trkpt lat="47.3901960" lon="-122.0460840">
    <ele>129.3</ele>
    <time>2024-05-24T20:26:11Z</time>
   </trkpt>
   <trkpt lat="47.3901990" lon="-122.0460680">
    <ele>129.4</ele>
    <time>2024-05-24T20:26:12Z</time>
   </trkpt>
   <trkpt lat="47.3901950" lon="-122.0460810">
    <ele>129.4</ele>
    <time>2024-05-24T20:26:14Z</time>
   </trkpt>
   <trkpt lat="47.3901870" lon="-122.0460880">
    <ele>129.4</ele>
    <time>2024-05-24T20:26:15Z</time>
   </trkpt>
   <trkpt lat="47.3901750" lon="-122.0461010">
    <ele>129.4</ele>
    <time>2024-05-24T20:26:16Z</time>
   </trkpt>
   <trkpt lat="47.3901700" lon="-122.0461130">
    <ele>129.4</ele>
    <time>2024-05-24T20:26:17Z</time>
   </trkpt>
   <trkpt lat="47.3901590" lon="-122.0461230">
    <ele>129.4</ele>
    <time>2024-05-24T20:26:18Z</time>
   </trkpt>
   <trkpt lat="47.3901570" lon="-122.0461350">
    <ele>129.4</ele>
    <time>2024-05-24T20:26:19Z</time>
   </trkpt>
   <trkpt lat="47.3901470" lon="-122.0461480">
    <ele>129.5</ele>
    <time>2024-05-24T20:26:20Z</time>
   </trkpt>
   <trkpt lat="47.3901390" lon="-122.0461530">
    <ele>129.5</ele>
    <time>2024-05-24T20:26:21Z</time>
   </trkpt>
   <trkpt lat="47.3901300" lon="-122.0461570">
    <ele>129.5</ele>
    <time>2024-05-24T20:26:22Z</time>
   </trkpt>
   <trkpt lat="47.3901340" lon="-122.0461490">
    <ele>129.5</ele>
    <time>2024-05-24T20:26:23Z</time>
   </trkpt>
   <trkpt lat="47.3901170" lon="-122.0461690">
    <ele>129.5</ele>
    <time>2024-05-24T20:26:24Z</time>
   </trkpt>
   <trkpt lat="47.3901060" lon="-122.0461820">
    <ele>129.5</ele>
    <time>2024-05-24T20:26:25Z</time>
   </trkpt>
   <trkpt lat="47.3900990" lon="-122.0461960">
    <ele>129.5</ele>
    <time>2024-05-24T20:26:26Z</time>
   </trkpt>
   <trkpt lat="47.3900920" lon="-122.0462060">
    <ele>129.5</ele>
    <time>2024-05-24T20:26:27Z</time>
   </trkpt>
   <trkpt lat="47.3900810" lon="-122.0462100">
    <ele>129.6</ele>
    <time>2024-05-24T20:26:28Z</time>
   </trkpt>
   <trkpt lat="47.3900660" lon="-122.0462330">
    <ele>129.6</ele>
    <time>2024-05-24T20:26:29Z</time>
   </trkpt>
   <trkpt lat="47.3900590" lon="-122.0462420">
    <ele>129.6</ele>
    <time>2024-05-24T20:26:30Z</time>
   </trkpt>
   <trkpt lat="47.3900530" lon="-122.0462510">
    <ele>129.6</ele>
    <time>2024-05-24T20:26:31Z</time>
   </trkpt>
   <trkpt lat="47.3900370" lon="-122.0462700">
    <ele>129.6</ele>
    <time>2024-05-24T20:26:32Z</time>
   </trkpt>
   <trkpt lat="47.3900280" lon="-122.0462780">
    <ele>129.6</ele>
    <time>2024-05-24T20:26:33Z</time>
   </trkpt>
   <trkpt lat="47.3900150" lon="-122.0462890">
    <ele>129.7</ele>
    <time>2024-05-24T20:26:34Z</time>
   </trkpt>
   <trkpt lat="47.3900080" lon="-122.0462970">
    <ele>129.7</ele>
    <time>2024-05-24T20:26:35Z</time>
   </trkpt>
   <trkpt lat="47.3900010" lon="-122.0463050">
    <ele>129.7</ele>
    <time>2024-05-24T20:26:36Z</time>
   </trkpt>
   <trkpt lat="47.3899930" lon="-122.0463130">
    <ele>129.7</ele>
    <time>2024-05-24T20:26:37Z</time>
   </trkpt>
   <trkpt lat="47.3899820" lon="-122.0463220">
    <ele>129.7</ele>
    <time>2024-05-24T20:26:38Z</time>
   </trkpt>
   <trkpt lat="47.3899720" lon="-122.0463280">
    <ele>129.7</ele>
    <time>2024-05-24T20:26:39Z</time>
   </trkpt>
   <trkpt lat="47.3899640" lon="-122.0463390">
    <ele>129.7</ele>
    <time>2024-05-24T20:26:40Z</time>
   </trkpt>
   <trkpt lat="47.3899470" lon="-122.0463550">
    <ele>129.8</ele>
    <time>2024-05-24T20:26:41Z</time>
   </trkpt>
   <trkpt lat="47.3899410" lon="-122.0463640">
    <ele>129.8</ele>
    <time>2024-05-24T20:26:42Z</time>
   </trkpt>
   <trkpt lat="47.3899350" lon="-122.0463730">
    <ele>129.8</ele>
    <time>2024-05-24T20:26:43Z</time>
   </trkpt>
   <trkpt lat="47.3899110" lon="-122.0463960">
    <ele>129.8</ele>
    <time>2024-05-24T20:26:44Z</time>
   </trkpt>
   <trkpt lat="47.3898990" lon="-122.0464050">
    <ele>129.8</ele>
    <time>2024-05-24T20:26:45Z</time>
   </trkpt>
   <trkpt lat="47.3898820" lon="-122.0464240">
    <ele>129.9</ele>
    <time>2024-05-24T20:26:46Z</time>
   </trkpt>
   <trkpt lat="47.3898740" lon="-122.0464300">
    <ele>129.9</ele>
    <time>2024-05-24T20:26:47Z</time>
   </trkpt>
   <trkpt lat="47.3898670" lon="-122.0464360">
    <ele>129.9</ele>
    <time>2024-05-24T20:26:48Z</time>
   </trkpt>
   <trkpt lat="47.3898560" lon="-122.0464500">
    <ele>129.9</ele>
    <time>2024-05-24T20:26:49Z</time>
   </trkpt>
   <trkpt lat="47.3898490" lon="-122.0464540">
    <ele>129.9</ele>
    <time>2024-05-24T20:26:50Z</time>
   </trkpt>
   <trkpt lat="47.3898380" lon="-122.0464650">
    <ele>129.9</ele>
    <time>2024-05-24T20:26:51Z</time>
   </trkpt>
   <trkpt lat="47.3898210" lon="-122.0464850">
    <ele>130.0</ele>
    <time>2024-05-24T20:26:52Z</time>
   </trkpt>
   <trkpt lat="47.3898160" lon="-122.0464930">
    <ele>130.0</ele>
    <time>2024-05-24T20:26:53Z</time>
   </trkpt>
   <trkpt lat="47.3898110" lon="-122.0465010">
    <ele>130.0</ele>
    <time>2024-05-24T20:26:54Z</time>
   </trkpt>
   <trkpt lat="47.3897970" lon="-122.0465130">
    <ele>130.0</ele>
    <time>2024-05-24T20:26:55Z</time>
   </trkpt>
   <trkpt lat="47.3897860" lon="-122.0465260">
    <ele>130.0</ele>
    <time>2024-05-24T20:26:56Z</time>
   </trkpt>
   <trkpt lat="47.3897780" lon="-122.0465400">
    <ele>130.0</ele>
    <time>2024-05-24T20:26:57Z</time>
   </trkpt>
   <trkpt lat="47.3897710" lon="-122.0465490">
    <ele>130.0</ele>
    <time>2024-05-24T20:26:58Z</time>
   </trkpt>
   <trkpt lat="47.3897620" lon="-122.0465570">
    <ele>130.1</ele>
    <time>2024-05-24T20:26:59Z</time>
   </trkpt>
   <trkpt lat="47.3897500" lon="-122.0465680">
    <ele>130.1</ele>
    <time>2024-05-24T20:27:00Z</time>
   </trkpt>
   <trkpt lat="47.3897390" lon="-122.0465790">
    <ele>130.1</ele>
    <time>2024-05-24T20:27:01Z</time>
   </trkpt>
   <trkpt lat="47.3897270" lon="-122.0465900">
    <ele>130.1</ele>
    <time>2024-05-24T20:27:02Z</time>
   </trkpt>
   <trkpt lat="47.3897180" lon="-122.0465990">
    <ele>130.1</ele>
    <time>2024-05-24T20:27:03Z</time>
   </trkpt>
   <trkpt lat="47.3897090" lon="-122.0466080">
    <ele>130.1</ele>
    <time>2024-05-24T20:27:04Z</time>
   </trkpt>
   <trkpt lat="47.3896970" lon="-122.0466200">
    <ele>130.2</ele>
    <time>2024-05-24T20:27:05Z</time>
   </trkpt>
   <trkpt lat="47.3896850" lon="-122.0466340">
    <ele>130.2</ele>
    <time>2024-05-24T20:27:06Z</time>
   </trkpt>
   <trkpt lat="47.3896800" lon="-122.0466370">
    <ele>130.2</ele>
    <time>2024-05-24T20:27:07Z</time>
   </trkpt>
   <trkpt lat="47.3896690" lon="-122.0466520">
    <ele>130.2</ele>
    <time>2024-05-24T20:27:08Z</time>
   </trkpt>
   <trkpt lat="47.3896620" lon="-122.0466690">
    <ele>130.2</ele>
    <time>2024-05-24T20:27:09Z</time>
   </trkpt>
   <trkpt lat="47.3896500" lon="-122.0466850">
    <ele>130.2</ele>
    <time>2024-05-24T20:27:10Z</time>
   </trkpt>
   <trkpt lat="47.3896360" lon="-122.0466970">
    <ele>130.2</ele>
    <time>2024-05-24T20:27:11Z</time>
   </trkpt>
   <trkpt lat="47.3896280" lon="-122.0467090">
    <ele>130.2</ele>
    <time>2024-05-24T20:27:12Z</time>
   </trkpt>
   <trkpt lat="47.3896170" lon="-122.0467190">
    <ele>130.3</ele>
    <time>2024-05-24T20:27:13Z</time>
   </trkpt>
   <trkpt lat="47.3896100" lon="-122.0467300">
    <ele>130.3</ele>
    <time>2024-05-24T20:27:14Z</time>
   </trkpt>
   <trkpt lat="47.3895960" lon="-122.0467450">
    <ele>130.3</ele>
    <time>2024-05-24T20:27:15Z</time>
   </trkpt>
   <trkpt lat="47.3895850" lon="-122.0467590">
    <ele>130.3</ele>
    <time>2024-05-24T20:27:16Z</time>
   </trkpt>
   <trkpt lat="47.3895750" lon="-122.0467720">
    <ele>130.3</ele>
    <time>2024-05-24T20:27:17Z</time>
   </trkpt>
   <trkpt lat="47.3895610" lon="-122.0467810">
    <ele>130.3</ele>
    <time>2024-05-24T20:27:18Z</time>
   </trkpt>
   <trkpt lat="47.3895390" lon="-122.0467950">
    <ele>130.4</ele>
    <time>2024-05-24T20:27:19Z</time>
   </trkpt>
   <trkpt lat="47.3895340" lon="-122.0468010">
    <ele>130.4</ele>
    <time>2024-05-24T20:27:20Z</time>
   </trkpt>
   <trkpt lat="47.3895290" lon="-122.0468060">
    <ele>130.4</ele>
    <time>2024-05-24T20:27:21Z</time>
   </trkpt>
   <trkpt lat="47.3895130" lon="-122.0468290">
    <ele>130.4</ele>
    <time>2024-05-24T20:27:22Z</time>
   </trkpt>
   <trkpt lat="47.3895070" lon="-122.0468390">
    <ele>130.4</ele>
    <time>2024-05-24T20:27:23Z</time>
   </trkpt>
   <trkpt lat="47.3895010" lon="-122.0468480">
    <ele>130.4</ele>
    <time>2024-05-24T20:27:24Z</time>
   </trkpt>
   <trkpt lat="47.3894870" lon="-122.0468620">
    <ele>130.4</ele>
    <time>2024-05-24T20:27:25Z</time>
   </trkpt>
   <trkpt lat="47.3894780" lon="-122.0468700">
    <ele>130.4</ele>
    <time>2024-05-24T20:27:26Z</time>
   </trkpt>
   <trkpt lat="47.3894740" lon="-122.0468760">
    <ele>130.4</ele>
    <time>2024-05-24T20:27:27Z</time>
   </trkpt>
   <trkpt lat="47.3894570" lon="-122.0468960">
    <ele>130.5</ele>
    <time>2024-05-24T20:27:28Z</time>
   </trkpt>
   <trkpt lat="47.3894500" lon="-122.0469040">
    <ele>130.5</ele>
    <time>2024-05-24T20:27:29Z</time>
   </trkpt>
   <trkpt lat="47.3894440" lon="-122.0469110">
    <ele>130.5</ele>
    <time>2024-05-24T20:27:30Z</time>
   </trkpt>
   <trkpt lat="47.3894320" lon="-122.0469200">
    <ele>130.5</ele>
    <time>2024-05-24T20:27:31Z</time>
   </trkpt>
   <trkpt lat="47.3894200" lon="-122.0469300">
    <ele>130.5</ele>
    <time>2024-05-24T20:27:32Z</time>
   </trkpt>
   <trkpt lat="47.3894030" lon="-122.0469480">
    <ele>130.5</ele>
    <time>2024-05-24T20:27:33Z</time>
   </trkpt>
   <trkpt lat="47.3893970" lon="-122.0469550">
    <ele>130.6</ele>
    <time>2024-05-24T20:27:34Z</time>
   </trkpt>
   <trkpt lat="47.3893910" lon="-122.0469620">
    <ele>130.6</ele>
    <time>2024-05-24T20:27:35Z</time>
   </trkpt>
   <trkpt lat="47.3893760" lon="-122.0469720">
    <ele>130.6</ele>
    <time>2024-05-24T20:27:36Z</time>
   </trkpt>
   <trkpt lat="47.3893640" lon="-122.0469870">
    <ele>130.6</ele>
    <time>2024-05-24T20:27:37Z</time>
   </trkpt>
   <trkpt lat="47.3893580" lon="-122.0470020">
    <ele>130.6</ele>
    <time>2024-05-24T20:27:38Z</time>
   </trkpt>
   <trkpt lat="47.3893500" lon="-122.0470130">
    <ele>130.6</ele>
    <time>2024-05-24T20:27:39Z</time>
   </trkpt>
   <trkpt lat="47.3893410" lon="-122.0470120">
    <ele>130.6</ele>
    <time>2024-05-24T20:27:40Z</time>
   </trkpt>
   <trkpt lat="47.3893230" lon="-122.0470230">
    <ele>130.7</ele>
    <time>2024-05-24T20:27:41Z</time>
   </trkpt>
   <trkpt lat="47.3893130" lon="-122.0470290">
    <ele>130.7</ele>
    <time>2024-05-24T20:27:42Z</time>
   </trkpt>
   <trkpt lat="47.3892970" lon="-122.0470470">
    <ele>130.7</ele>
    <time>2024-05-24T20:27:43Z</time>
   </trkpt>
   <trkpt lat="47.3892880" lon="-122.0470570">
    <ele>130.7</ele>
    <time>2024-05-24T20:27:44Z</time>
   </trkpt>
   <trkpt lat="47.3892800" lon="-122.0470670">
    <ele>130.7</ele>
    <time>2024-05-24T20:27:45Z</time>
   </trkpt>
   <trkpt lat="47.3892690" lon="-122.0470810">
    <ele>130.7</ele>
    <time>2024-05-24T20:27:46Z</time>
   </trkpt>
   <trkpt lat="47.3892570" lon="-122.0470950">
    <ele>130.7</ele>
    <time>2024-05-24T20:27:47Z</time>
   </trkpt>
   <trkpt lat="47.3892450" lon="-122.0471180">
    <ele>130.7</ele>
    <time>2024-05-24T20:27:48Z</time>
   </trkpt>
   <trkpt lat="47.3892390" lon="-122.0471270">
    <ele>130.7</ele>
    <time>2024-05-24T20:27:49Z</time>
   </trkpt>
   <trkpt lat="47.3892320" lon="-122.0471360">
    <ele>130.7</ele>
    <time>2024-05-24T20:27:50Z</time>
   </trkpt>
   <trkpt lat="47.3892140" lon="-122.0471540">
    <ele>130.7</ele>
    <time>2024-05-24T20:27:51Z</time>
   </trkpt>
   <trkpt lat="47.3892080" lon="-122.0471630">
    <ele>130.7</ele>
    <time>2024-05-24T20:27:52Z</time>
   </trkpt>
   <trkpt lat="47.3892010" lon="-122.0471730">
    <ele>130.7</ele>
    <time>2024-05-24T20:27:53Z</time>
   </trkpt>
   <trkpt lat="47.3891860" lon="-122.0471940">
    <ele>130.7</ele>
    <time>2024-05-24T20:27:54Z</time>
   </trkpt>
   <trkpt lat="47.3891800" lon="-122.0472040">
    <ele>130.7</ele>
    <time>2024-05-24T20:27:55Z</time>
   </trkpt>
   <trkpt lat="47.3891740" lon="-122.0472130">
    <ele>130.7</ele>
    <time>2024-05-24T20:27:56Z</time>
   </trkpt>
   <trkpt lat="47.3891680" lon="-122.0472240">
    <ele>130.7</ele>
    <time>2024-05-24T20:27:57Z</time>
   </trkpt>
   <trkpt lat="47.3891490" lon="-122.0472390">
    <ele>130.7</ele>
    <time>2024-05-24T20:27:58Z</time>
   </trkpt>
   <trkpt lat="47.3891360" lon="-122.0472480">
    <ele>130.7</ele>
    <time>2024-05-24T20:27:59Z</time>
   </trkpt>
   <trkpt lat="47.3891280" lon="-122.0472540">
    <ele>130.7</ele>
    <time>2024-05-24T20:28:00Z</time>
   </trkpt>
   <trkpt lat="47.3891190" lon="-122.0472650">
    <ele>130.7</ele>
    <time>2024-05-24T20:28:01Z</time>
   </trkpt>
   <trkpt lat="47.3891070" lon="-122.0472810">
    <ele>130.8</ele>
    <time>2024-05-24T20:28:02Z</time>
   </trkpt>
   <trkpt lat="47.3890980" lon="-122.0472940">
    <ele>130.8</ele>
    <time>2024-05-24T20:28:03Z</time>
   </trkpt>
   <trkpt lat="47.3890820" lon="-122.0473130">
    <ele>130.8</ele>
    <time>2024-05-24T20:28:04Z</time>
   </trkpt>
   <trkpt lat="47.3890760" lon="-122.0473240">
    <ele>130.8</ele>
    <time>2024-05-24T20:28:05Z</time>
   </trkpt>
   <trkpt lat="47.3890700" lon="-122.0473350">
    <ele>130.8</ele>
    <time>2024-05-24T20:28:06Z</time>
   </trkpt>
   <trkpt lat="47.3890620" lon="-122.0473480">
    <ele>130.8</ele>
    <time>2024-05-24T20:28:07Z</time>
   </trkpt>
   <trkpt lat="47.3890550" lon="-122.0473550">
    <ele>130.8</ele>
    <time>2024-05-24T20:28:08Z</time>
   </trkpt>
   <trkpt lat="47.3890460" lon="-122.0473650">
    <ele>130.8</ele>
    <time>2024-05-24T20:28:09Z</time>
   </trkpt>
   <trkpt lat="47.3890320" lon="-122.0473830">
    <ele>130.9</ele>
    <time>2024-05-24T20:28:10Z</time>
   </trkpt>
   <trkpt lat="47.3890250" lon="-122.0473930">
    <ele>130.9</ele>
    <time>2024-05-24T20:28:11Z</time>
   </trkpt>
   <trkpt lat="47.3890190" lon="-122.0474020">
    <ele>130.9</ele>
    <time>2024-05-24T20:28:12Z</time>
   </trkpt>
   <trkpt lat="47.3890020" lon="-122.0474280">
    <ele>130.9</ele>
    <time>2024-05-24T20:28:13Z</time>
   </trkpt>
   <trkpt lat="47.3889950" lon="-122.0474370">
    <ele>130.9</ele>
    <time>2024-05-24T20:28:14Z</time>
   </trkpt>
   <trkpt lat="47.3889890" lon="-122.0474470">
    <ele>130.9</ele>
    <time>2024-05-24T20:28:15Z</time>
   </trkpt>
   <trkpt lat="47.3889700" lon="-122.0474620">
    <ele>131.0</ele>
    <time>2024-05-24T20:28:16Z</time>
   </trkpt>
   <trkpt lat="47.3889630" lon="-122.0474700">
    <ele>131.0</ele>
    <time>2024-05-24T20:28:17Z</time>
   </trkpt>
   <trkpt lat="47.3889550" lon="-122.0474780">
    <ele>131.0</ele>
    <time>2024-05-24T20:28:19Z</time>
   </trkpt>
   <trkpt lat="47.3889480" lon="-122.0474860">
    <ele>131.0</ele>
    <time>2024-05-24T20:28:20Z</time>
   </trkpt>
   <trkpt lat="47.3889400" lon="-122.0474930">
    <ele>131.0</ele>
    <time>2024-05-24T20:28:21Z</time>
   </trkpt>
   <trkpt lat="47.3889330" lon="-122.0475010">
    <ele>131.0</ele>
    <time>2024-05-24T20:28:22Z</time>
   </trkpt>
   <trkpt lat="47.3889200" lon="-122.0475120">
    <ele>131.0</ele>
    <time>2024-05-24T20:28:23Z</time>
   </trkpt>
   <trkpt lat="47.3889080" lon="-122.0475180">
    <ele>131.1</ele>
    <time>2024-05-24T20:28:24Z</time>
   </trkpt>
   <trkpt lat="47.3888980" lon="-122.0475300">
    <ele>131.1</ele>
    <time>2024-05-24T20:28:25Z</time>
   </trkpt>
   <trkpt lat="47.3888940" lon="-122.0475320">
    <ele>131.1</ele>
    <time>2024-05-24T20:28:26Z</time>
   </trkpt>
   <trkpt lat="47.3888820" lon="-122.0475340">
    <ele>131.1</ele>
    <time>2024-05-24T20:28:27Z</time>
   </trkpt>
   <trkpt lat="47.3888630" lon="-122.0475460">
    <ele>131.1</ele>
    <time>2024-05-24T20:28:28Z</time>
   </trkpt>
   <trkpt lat="47.3888550" lon="-122.0475540">
    <ele>131.1</ele>
    <time>2024-05-24T20:28:29Z</time>
   </trkpt>
   <trkpt lat="47.3888470" lon="-122.0475620">
    <ele>131.1</ele>
    <time>2024-05-24T20:28:30Z</time>
   </trkpt>
   <trkpt lat="47.3888400" lon="-122.0475710">
    <ele>131.2</ele>
    <time>2024-05-24T20:28:31Z</time>
   </trkpt>
   <trkpt lat="47.3888290" lon="-122.0475790">
    <ele>131.2</ele>
    <time>2024-05-24T20:28:32Z</time>
   </trkpt>
   <trkpt lat="47.3888170" lon="-122.0475850">
    <ele>131.2</ele>
    <time>2024-05-24T20:28:33Z</time>
   </trkpt>
   <trkpt lat="47.3887990" lon="-122.0476070">
    <ele>131.2</ele>
    <time>2024-05-24T20:28:34Z</time>
   </trkpt>
   <trkpt lat="47.3887940" lon="-122.0476160">
    <ele>131.2</ele>
    <time>2024-05-24T20:28:35Z</time>
   </trkpt>
   <trkpt lat="47.3887880" lon="-122.0476250">
    <ele>131.3</ele>
    <time>2024-05-24T20:28:36Z</time>
   </trkpt>
   <trkpt lat="47.3887770" lon="-122.0476550">
    <ele>131.3</ele>
    <time>2024-05-24T20:28:37Z</time>
   </trkpt>
   <trkpt lat="47.3887730" lon="-122.0476640">
    <ele>131.3</ele>
    <time>2024-05-24T20:28:38Z</time>
   </trkpt>
   <trkpt lat="47.3887700" lon="-122.0476720">
    <ele>131.3</ele>
    <time>2024-05-24T20:28:39Z</time>
   </trkpt>
   <trkpt lat="47.3887560" lon="-122.0476910">
    <ele>131.3</ele>
    <time>2024-05-24T20:28:40Z</time>
   </trkpt>
   <trkpt lat="47.3887490" lon="-122.0477000">
    <ele>131.3</ele>
    <time>2024-05-24T20:28:41Z</time>
   </trkpt>
   <trkpt lat="47.3887410" lon="-122.0477090">
    <ele>131.4</ele>
    <time>2024-05-24T20:28:42Z</time>
   </trkpt>
   <trkpt lat="47.3887320" lon="-122.0477180">
    <ele>131.4</ele>
    <time>2024-05-24T20:28:43Z</time>
   </trkpt>
   <trkpt lat="47.3887170" lon="-122.0477280">
    <ele>131.4</ele>
    <time>2024-05-24T20:28:44Z</time>
   </trkpt>
   <trkpt lat="47.3887140" lon="-122.0477450">
    <ele>131.4</ele>
    <time>2024-05-24T20:28:45Z</time>
   </trkpt>
   <trkpt lat="47.3887040" lon="-122.0477700">
    <ele>131.4</ele>
    <time>2024-05-24T20:28:46Z</time>
   </trkpt>
   <trkpt lat="47.3886930" lon="-122.0477790">
    <ele>131.5</ele>
    <time>2024-05-24T20:28:47Z</time>
   </trkpt>
   <trkpt lat="47.3886780" lon="-122.0477860">
    <ele>131.5</ele>
    <time>2024-05-24T20:28:48Z</time>
   </trkpt>
   <trkpt lat="47.3886660" lon="-122.0477890">
    <ele>131.5</ele>
    <time>2024-05-24T20:28:49Z</time>
   </trkpt>
   <trkpt lat="47.3886530" lon="-122.0478000">
    <ele>131.5</ele>
    <time>2024-05-24T20:28:50Z</time>
   </trkpt>
   <trkpt lat="47.3886480" lon="-122.0478060">
    <ele>131.5</ele>
    <time>2024-05-24T20:28:51Z</time>
   </trkpt>
   <trkpt lat="47.3886440" lon="-122.0478200">
    <ele>131.5</ele>
    <time>2024-05-24T20:28:52Z</time>
   </trkpt>
   <trkpt lat="47.3886430" lon="-122.0478210">
    <ele>131.5</ele>
    <time>2024-05-24T20:28:53Z</time>
   </trkpt>
   <trkpt lat="47.3886420" lon="-122.0478210">
    <ele>131.5</ele>
    <time>2024-05-24T20:28:54Z</time>
   </trkpt>
   <trkpt lat="47.3886400" lon="-122.0478220">
    <ele>131.5</ele>
    <time>2024-05-24T20:28:55Z</time>
   </trkpt>
   <trkpt lat="47.3886390" lon="-122.0478230">
    <ele>131.5</ele>
    <time>2024-05-24T20:28:56Z</time>
   </trkpt>
   <trkpt lat="47.3886380" lon="-122.0478240">
    <ele>131.5</ele>
    <time>2024-05-24T20:28:57Z</time>
   </trkpt>
   <trkpt lat="47.3886370" lon="-122.0478240">
    <ele>131.5</ele>
    <time>2024-05-24T20:28:58Z</time>
   </trkpt>
   <trkpt lat="47.3886360" lon="-122.0478250">
    <ele>131.6</ele>
    <time>2024-05-24T20:28:59Z</time>
   </trkpt>
   <trkpt lat="47.3886350" lon="-122.0478260">
    <ele>131.6</ele>
    <time>2024-05-24T20:29:00Z</time>
   </trkpt>
   <trkpt lat="47.3886330" lon="-122.0478270">
    <ele>131.6</ele>
    <time>2024-05-24T20:29:01Z</time>
   </trkpt>
   <trkpt lat="47.3886320" lon="-122.0478270">
    <ele>131.6</ele>
    <time>2024-05-24T20:29:02Z</time>
   </trkpt>
   <trkpt lat="47.3886310" lon="-122.0478280">
    <ele>131.6</ele>
    <time>2024-05-24T20:29:03Z</time>
   </trkpt>
   <trkpt lat="47.3886300" lon="-122.0478290">
    <ele>131.6</ele>
    <time>2024-05-24T20:29:04Z</time>
   </trkpt>
   <trkpt lat="47.3886290" lon="-122.0478300">
    <ele>131.6</ele>
    <time>2024-05-24T20:29:05Z</time>
   </trkpt>
   <trkpt lat="47.3886280" lon="-122.0478310">
    <ele>131.6</ele>
    <time>2024-05-24T20:29:06Z</time>
   </trkpt>
   <trkpt lat="47.3886260" lon="-122.0478310">
    <ele>131.6</ele>
    <time>2024-05-24T20:29:07Z</time>
   </trkpt>
   <trkpt lat="47.3886250" lon="-122.0478320">
    <ele>131.6</ele>
    <time>2024-05-24T20:29:08Z</time>
   </trkpt>
   <trkpt lat="47.3886240" lon="-122.0478330">
    <ele>131.6</ele>
    <time>2024-05-24T20:29:09Z</time>
   </trkpt>
   <trkpt lat="47.3886230" lon="-122.0478340">
    <ele>131.6</ele>
    <time>2024-05-24T20:29:10Z</time>
   </trkpt>
   <trkpt lat="47.3886220" lon="-122.0478340">
    <ele>131.6</ele>
    <time>2024-05-24T20:29:11Z</time>
   </trkpt>
   <trkpt lat="47.3886210" lon="-122.0478350">
    <ele>131.6</ele>
    <time>2024-05-24T20:29:12Z</time>
   </trkpt>
   <trkpt lat="47.3886190" lon="-122.0478360">
    <ele>131.6</ele>
    <time>2024-05-24T20:29:13Z</time>
   </trkpt>
   <trkpt lat="47.3886180" lon="-122.0478370">
    <ele>131.6</ele>
    <time>2024-05-24T20:29:14Z</time>
   </trkpt>
   <trkpt lat="47.3886170" lon="-122.0478370">
    <ele>131.6</ele>
    <time>2024-05-24T20:29:15Z</time>
   </trkpt>
   <trkpt lat="47.3886160" lon="-122.0478380">
    <ele>131.6</ele>
    <time>2024-05-24T20:29:16Z</time>
   </trkpt>
   <trkpt lat="47.3886150" lon="-122.0478390">
    <ele>131.6</ele>
    <time>2024-05-24T20:29:17Z</time>
   </trkpt>
   <trkpt lat="47.3886130" lon="-122.0478400">
    <ele>131.6</ele>
    <time>2024-05-24T20:29:18Z</time>
   </trkpt>
   <trkpt lat="47.3886120" lon="-122.0478400">
    <ele>131.6</ele>
    <time>2024-05-24T20:29:19Z</time>
   </trkpt>
   <trkpt lat="47.3886060" lon="-122.0478490">
    <ele>131.6</ele>
    <time>2024-05-24T20:29:20Z</time>
   </trkpt>
   <trkpt lat="47.3886000" lon="-122.0478530">
    <ele>131.6</ele>
    <time>2024-05-24T20:29:21Z</time>
   </trkpt>
   <trkpt lat="47.3885930" lon="-122.0478750">
    <ele>131.6</ele>
    <time>2024-05-24T20:29:22Z</time>
   </trkpt>
   <trkpt lat="47.3885890" lon="-122.0478680">
    <ele>131.6</ele>
    <time>2024-05-24T20:29:23Z</time>
   </trkpt>
   <trkpt lat="47.3885790" lon="-122.0478850">
    <ele>131.7</ele>
    <time>2024-05-24T20:29:24Z</time>
   </trkpt>
   <trkpt lat="47.3885690" lon="-122.0478960">
    <ele>131.7</ele>
    <time>2024-05-24T20:29:25Z</time>
   </trkpt>
   <trkpt lat="47.3885540" lon="-122.0479020">
    <ele>131.7</ele>
    <time>2024-05-24T20:29:26Z</time>
   </trkpt>
   <trkpt lat="47.3885440" lon="-122.0479150">
    <ele>131.7</ele>
    <time>2024-05-24T20:29:27Z</time>
   </trkpt>
   <trkpt lat="47.3885340" lon="-122.0479260">
    <ele>131.7</ele>
    <time>2024-05-24T20:29:28Z</time>
   </trkpt>
   <trkpt lat="47.3885270" lon="-122.0479330">
    <ele>131.8</ele>
    <time>2024-05-24T20:29:29Z</time>
   </trkpt>
   <trkpt lat="47.3885200" lon="-122.0479410">
    <ele>131.8</ele>
    <time>2024-05-24T20:29:30Z</time>
   </trkpt>
   <trkpt lat="47.3885130" lon="-122.0479490">
    <ele>131.8</ele>
    <time>2024-05-24T20:29:31Z</time>
   </trkpt>
   <trkpt lat="47.3884990" lon="-122.0479630">
    <ele>131.8</ele>
    <time>2024-05-24T20:29:32Z</time>
   </trkpt>
   <trkpt lat="47.3884870" lon="-122.0479790">
    <ele>131.8</ele>
    <time>2024-05-24T20:29:33Z</time>
   </trkpt>
   <trkpt lat="47.3884790" lon="-122.0479860">
    <ele>131.8</ele>
    <time>2024-05-24T20:29:34Z</time>
   </trkpt>
   <trkpt lat="47.3884780" lon="-122.0479870">
    <ele>131.8</ele>
    <time>2024-05-24T20:29:35Z</time>
   </trkpt>
   <trkpt lat="47.3884770" lon="-122.0479880">
    <ele>131.8</ele>
    <time>2024-05-24T20:29:36Z</time>
   </trkpt>
   <trkpt lat="47.3884760" lon="-122.0479890">
    <ele>131.8</ele>
    <time>2024-05-24T20:29:37Z</time>
   </trkpt>
   <trkpt lat="47.3884750" lon="-122.0479900">
    <ele>131.8</ele>
    <time>2024-05-24T20:29:38Z</time>
   </trkpt>
   <trkpt lat="47.3884740" lon="-122.0479910">
    <ele>131.8</ele>
    <time>2024-05-24T20:29:39Z</time>
   </trkpt>
   <trkpt lat="47.3884740" lon="-122.0479920">
    <ele>131.8</ele>
    <time>2024-05-24T20:29:40Z</time>
   </trkpt>
   <trkpt lat="47.3884730" lon="-122.0479930">
    <ele>131.8</ele>
    <time>2024-05-24T20:29:41Z</time>
   </trkpt>
   <trkpt lat="47.3884720" lon="-122.0479940">
    <ele>131.8</ele>
    <time>2024-05-24T20:29:42Z</time>
   </trkpt>
   <trkpt lat="47.3884710" lon="-122.0479950">
    <ele>131.8</ele>
    <time>2024-05-24T20:29:43Z</time>
   </trkpt>
   <trkpt lat="47.3884700" lon="-122.0479960">
    <ele>131.9</ele>
    <time>2024-05-24T20:29:44Z</time>
   </trkpt>
   <trkpt lat="47.3884690" lon="-122.0479970">
    <ele>131.9</ele>
    <time>2024-05-24T20:29:45Z</time>
   </trkpt>
   <trkpt lat="47.3884680" lon="-122.0479980">
    <ele>131.9</ele>
    <time>2024-05-24T20:29:46Z</time>
   </trkpt>
   <trkpt lat="47.3884670" lon="-122.0480000">
    <ele>131.9</ele>
    <time>2024-05-24T20:29:47Z</time>
   </trkpt>
   <trkpt lat="47.3884670" lon="-122.0480010">
    <ele>131.9</ele>
    <time>2024-05-24T20:29:48Z</time>
   </trkpt>
   <trkpt lat="47.3884660" lon="-122.0480020">
    <ele>131.9</ele>
    <time>2024-05-24T20:29:49Z</time>
   </trkpt>
   <trkpt lat="47.3884650" lon="-122.0480030">
    <ele>131.9</ele>
    <time>2024-05-24T20:29:50Z</time>
   </trkpt>
   <trkpt lat="47.3884640" lon="-122.0480040">
    <ele>131.9</ele>
    <time>2024-05-24T20:29:51Z</time>
   </trkpt>
   <trkpt lat="47.3884630" lon="-122.0480050">
    <ele>131.9</ele>
    <time>2024-05-24T20:29:52Z</time>
   </trkpt>
   <trkpt lat="47.3884620" lon="-122.0480060">
    <ele>131.9</ele>
    <time>2024-05-24T20:29:53Z</time>
   </trkpt>
   <trkpt lat="47.3884610" lon="-122.0480070">
    <ele>131.9</ele>
    <time>2024-05-24T20:29:54Z</time>
   </trkpt>
   <trkpt lat="47.3884600" lon="-122.0480080">
    <ele>131.9</ele>
    <time>2024-05-24T20:29:55Z</time>
   </trkpt>
   <trkpt lat="47.3884600" lon="-122.0480090">
    <ele>131.9</ele>
    <time>2024-05-24T20:29:56Z</time>
   </trkpt>
   <trkpt lat="47.3884590" lon="-122.0480100">
    <ele>131.9</ele>
    <time>2024-05-24T20:29:57Z</time>
   </trkpt>
   <trkpt lat="47.3884580" lon="-122.0480110">
    <ele>131.9</ele>
    <time>2024-05-24T20:29:58Z</time>
   </trkpt>
   <trkpt lat="47.3884480" lon="-122.0480190">
    <ele>131.9</ele>
    <time>2024-05-24T20:29:59Z</time>
   </trkpt>
   <trkpt lat="47.3884370" lon="-122.0480320">
    <ele>131.9</ele>
    <time>2024-05-24T20:30:00Z</time>
   </trkpt>
   <trkpt lat="47.3884250" lon="-122.0480450">
    <ele>131.9</ele>
    <time>2024-05-24T20:30:01Z</time>
   </trkpt>
   <trkpt lat="47.3884250" lon="-122.0480510">
    <ele>131.9</ele>
    <time>2024-05-24T20:30:02Z</time>
   </trkpt>
   <trkpt lat="47.3884190" lon="-122.0480630">
    <ele>132.0</ele>
    <time>2024-05-24T20:30:03Z</time>
   </trkpt>
   <trkpt lat="47.3884060" lon="-122.0480800">
    <ele>132.0</ele>
    <time>2024-05-24T20:30:04Z</time>
   </trkpt>
   <trkpt lat="47.3883950" lon="-122.0480930">
    <ele>132.0</ele>
    <time>2024-05-24T20:30:05Z</time>
   </trkpt>
   <trkpt lat="47.3883880" lon="-122.0481040">
    <ele>132.0</ele>
    <time>2024-05-24T20:30:06Z</time>
   </trkpt>
   <trkpt lat="47.3883800" lon="-122.0481140">
    <ele>132.0</ele>
    <time>2024-05-24T20:30:07Z</time>
   </trkpt>
   <trkpt lat="47.3883610" lon="-122.0481350">
    <ele>132.1</ele>
    <time>2024-05-24T20:30:08Z</time>
   </trkpt>
   <trkpt lat="47.3883530" lon="-122.0481420">
    <ele>132.1</ele>
    <time>2024-05-24T20:30:09Z</time>
   </trkpt>
   <trkpt lat="47.3883450" lon="-122.0481500">
    <ele>132.1</ele>
    <time>2024-05-24T20:30:10Z</time>
   </trkpt>
   <trkpt lat="47.3883310" lon="-122.0481610">
    <ele>132.1</ele>
    <time>2024-05-24T20:30:11Z</time>
   </trkpt>
   <trkpt lat="47.3883180" lon="-122.0481690">
    <ele>132.2</ele>
    <time>2024-05-24T20:30:12Z</time>
   </trkpt>
   <trkpt lat="47.3883070" lon="-122.0481850">
    <ele>132.2</ele>
    <time>2024-05-24T20:30:13Z</time>
   </trkpt>
   <trkpt lat="47.3882970" lon="-122.0482020">
    <ele>132.2</ele>
    <time>2024-05-24T20:30:14Z</time>
   </trkpt>
   <trkpt lat="47.3882870" lon="-122.0482170">
    <ele>132.2</ele>
    <time>2024-05-24T20:30:15Z</time>
   </trkpt>
   <trkpt lat="47.3882770" lon="-122.0482310">
    <ele>132.3</ele>
    <time>2024-05-24T20:30:16Z</time>
   </trkpt>
   <trkpt lat="47.3882650" lon="-122.0482410">
    <ele>132.3</ele>
    <time>2024-05-24T20:30:17Z</time>
   </trkpt>
   <trkpt lat="47.3882530" lon="-122.0482510">
    <ele>132.3</ele>
    <time>2024-05-24T20:30:18Z</time>
   </trkpt>
   <trkpt lat="47.3882370" lon="-122.0482690">
    <ele>132.3</ele>
    <time>2024-05-24T20:30:19Z</time>
   </trkpt>
   <trkpt lat="47.3882310" lon="-122.0482770">
    <ele>132.4</ele>
    <time>2024-05-24T20:30:20Z</time>
   </trkpt>
   <trkpt lat="47.3882250" lon="-122.0482850">
    <ele>132.4</ele>
    <time>2024-05-24T20:30:21Z</time>
   </trkpt>
   <trkpt lat="47.3882160" lon="-122.0482920">
    <ele>132.4</ele>
    <time>2024-05-24T20:30:22Z</time>
   </trkpt>
   <trkpt lat="47.3882080" lon="-122.0482980">
    <ele>132.4</ele>
    <time>2024-05-24T20:30:24Z</time>
   </trkpt>
   <trkpt lat="47.3881980" lon="-122.0482970">
    <ele>132.4</ele>
    <time>2024-05-24T20:30:25Z</time>
   </trkpt>
   <trkpt lat="47.3881940" lon="-122.0483130">
    <ele>132.4</ele>
    <time>2024-05-24T20:30:26Z</time>
   </trkpt>
   <trkpt lat="47.3881890" lon="-122.0483240">
    <ele>132.5</ele>
    <time>2024-05-24T20:30:27Z</time>
   </trkpt>
   <trkpt lat="47.3881770" lon="-122.0483340">
    <ele>132.5</ele>
    <time>2024-05-24T20:30:28Z</time>
   </trkpt>
   <trkpt lat="47.3881600" lon="-122.0483500">
    <ele>132.5</ele>
    <time>2024-05-24T20:30:29Z</time>
   </trkpt>
   <trkpt lat="47.3881530" lon="-122.0483580">
    <ele>132.5</ele>
    <time>2024-05-24T20:30:30Z</time>
   </trkpt>
   <trkpt lat="47.3881470" lon="-122.0483660">
    <ele>132.5</ele>
    <time>2024-05-24T20:30:31Z</time>
   </trkpt>
   <trkpt lat="47.3881390" lon="-122.0483790">
    <ele>132.6</ele>
    <time>2024-05-24T20:30:32Z</time>
   </trkpt>
   <trkpt lat="47.3881310" lon="-122.0483880">
    <ele>132.6</ele>
    <time>2024-05-24T20:30:33Z</time>
   </trkpt>
   <trkpt lat="47.3881210" lon="-122.0483990">
    <ele>132.6</ele>
    <time>2024-05-24T20:30:34Z</time>
   </trkpt>
   <trkpt lat="47.3881100" lon="-122.0484080">
    <ele>132.6</ele>
    <time>2024-05-24T20:30:35Z</time>
   </trkpt>
   <trkpt lat="47.3880960" lon="-122.0484230">
    <ele>132.6</ele>
    <time>2024-05-24T20:30:36Z</time>
   </trkpt>
   <trkpt lat="47.3880880" lon="-122.0484340">
    <ele>132.7</ele>
    <time>2024-05-24T20:30:37Z</time>
   </trkpt>
   <trkpt lat="47.3880750" lon="-122.0484490">
    <ele>132.7</ele>
    <time>2024-05-24T20:30:38Z</time>
   </trkpt>
   <trkpt lat="47.3880680" lon="-122.0484570">
    <ele>132.7</ele>
    <time>2024-05-24T20:30:39Z</time>
   </trkpt>
   <trkpt lat="47.3880520" lon="-122.0484750">
    <ele>132.7</ele>
    <time>2024-05-24T20:30:40Z</time>
   </trkpt>
   <trkpt lat="47.3880400" lon="-122.0484940">
    <ele>132.8</ele>
    <time>2024-05-24T20:30:41Z</time>
   </trkpt>
   <trkpt lat="47.3880290" lon="-122.0485050">
    <ele>132.8</ele>
    <time>2024-05-24T20:30:42Z</time>
   </trkpt>
   <trkpt lat="47.3880180" lon="-122.0485150">
    <ele>132.8</ele>
    <time>2024-05-24T20:30:43Z</time>
   </trkpt>
   <trkpt lat="47.3880100" lon="-122.0485210">
    <ele>132.8</ele>
    <time>2024-05-24T20:30:44Z</time>
   </trkpt>
   <trkpt lat="47.3880050" lon="-122.0485330">
    <ele>132.8</ele>
    <time>2024-05-24T20:30:45Z</time>
   </trkpt>
   <trkpt lat="47.3879960" lon="-122.0485470">
    <ele>132.9</ele>
    <time>2024-05-24T20:30:46Z</time>
   </trkpt>
   <trkpt lat="47.3879770" lon="-122.0485640">
    <ele>132.9</ele>
    <time>2024-05-24T20:30:47Z</time>
   </trkpt>
   <trkpt lat="47.3879680" lon="-122.0485730">
    <ele>132.9</ele>
    <time>2024-05-24T20:30:48Z</time>
   </trkpt>
   <trkpt lat="47.3879610" lon="-122.0485860">
    <ele>132.9</ele>
    <time>2024-05-24T20:30:49Z</time>
   </trkpt>
   <trkpt lat="47.3879530" lon="-122.0485960">
    <ele>133.0</ele>
    <time>2024-05-24T20:30:50Z</time>
   </trkpt>
   <trkpt lat="47.3879340" lon="-122.0486150">
    <ele>133.0</ele>
    <time>2024-05-24T20:30:51Z</time>
   </trkpt>
   <trkpt lat="47.3879240" lon="-122.0486240">
    <ele>133.0</ele>
    <time>2024-05-24T20:30:52Z</time>
   </trkpt>
   <trkpt lat="47.3879140" lon="-122.0486330">
    <ele>133.1</ele>
    <time>2024-05-24T20:30:53Z</time>
   </trkpt>
   <trkpt lat="47.3878990" lon="-122.0486550">
    <ele>133.1</ele>
    <time>2024-05-24T20:30:54Z</time>
   </trkpt>
   <trkpt lat="47.3878920" lon="-122.0486630">
    <ele>133.1</ele>
    <time>2024-05-24T20:30:55Z</time>
   </trkpt>
   <trkpt lat="47.3878840" lon="-122.0486700">
    <ele>133.1</ele>
    <time>2024-05-24T20:30:56Z</time>
   </trkpt>
   <trkpt lat="47.3878750" lon="-122.0486840">
    <ele>133.2</ele>
    <time>2024-05-24T20:30:57Z</time>
   </trkpt>
   <trkpt lat="47.3878620" lon="-122.0487000">
    <ele>133.2</ele>
    <time>2024-05-24T20:30:58Z</time>
   </trkpt>
   <trkpt lat="47.3878580" lon="-122.0487110">
    <ele>133.2</ele>
    <time>2024-05-24T20:30:59Z</time>
   </trkpt>
   <trkpt lat="47.3878500" lon="-122.0487260">
    <ele>133.3</ele>
    <time>2024-05-24T20:31:00Z</time>
   </trkpt>
   <trkpt lat="47.3878450" lon="-122.0487380">
    <ele>133.3</ele>
    <time>2024-05-24T20:31:01Z</time>
   </trkpt>
   <trkpt lat="47.3878280" lon="-122.0487520">
    <ele>133.3</ele>
    <time>2024-05-24T20:31:02Z</time>
   </trkpt>
   <trkpt lat="47.3878210" lon="-122.0487590">
    <ele>133.4</ele>
    <time>2024-05-24T20:31:03Z</time>
   </trkpt>
   <trkpt lat="47.3878140" lon="-122.0487660">
    <ele>133.4</ele>
    <time>2024-05-24T20:31:04Z</time>
   </trkpt>
   <trkpt lat="47.3878000" lon="-122.0487760">
    <ele>133.4</ele>
    <time>2024-05-24T20:31:05Z</time>
   </trkpt>
   <trkpt lat="47.3877880" lon="-122.0487920">
    <ele>133.4</ele>
    <time>2024-05-24T20:31:06Z</time>
   </trkpt>
   <trkpt lat="47.3877700" lon="-122.0488090">
    <ele>133.5</ele>
    <time>2024-05-24T20:31:07Z</time>
   </trkpt>
   <trkpt lat="47.3877620" lon="-122.0488150">
    <ele>133.5</ele>
    <time>2024-05-24T20:31:08Z</time>
   </trkpt>
   <trkpt lat="47.3877530" lon="-122.0488220">
    <ele>133.5</ele>
    <time>2024-05-24T20:31:09Z</time>
   </trkpt>
   <trkpt lat="47.3877410" lon="-122.0488340">
    <ele>133.6</ele>
    <time>2024-05-24T20:31:10Z</time>
   </trkpt>
   <trkpt lat="47.3877320" lon="-122.0488580">
    <ele>133.6</ele>
    <time>2024-05-24T20:31:11Z</time>
   </trkpt>
   <trkpt lat="47.3877120" lon="-122.0488700">
    <ele>133.7</ele>
    <time>2024-05-24T20:31:12Z</time>
   </trkpt>
   <trkpt lat="47.3877010" lon="-122.0488770">
    <ele>133.7</ele>
    <time>2024-05-24T20:31:13Z</time>
   </trkpt>
   <trkpt lat="47.3876890" lon="-122.0488830">
    <ele>133.7</ele>
    <time>2024-05-24T20:31:14Z</time>
   </trkpt>
   <trkpt lat="47.3876740" lon="-122.0488980">
    <ele>133.7</ele>
    <time>2024-05-24T20:31:15Z</time>
   </trkpt>
   <trkpt lat="47.3876660" lon="-122.0489050">
    <ele>133.7</ele>
    <time>2024-05-24T20:31:16Z</time>
   </trkpt>
   <trkpt lat="47.3876580" lon="-122.0489110">
    <ele>133.8</ele>
    <time>2024-05-24T20:31:17Z</time>
   </trkpt>
   <trkpt lat="47.3876460" lon="-122.0489210">
    <ele>133.8</ele>
    <time>2024-05-24T20:31:18Z</time>
   </trkpt>
   <trkpt lat="47.3876340" lon="-122.0489330">
    <ele>133.8</ele>
    <time>2024-05-24T20:31:19Z</time>
   </trkpt>
   <trkpt lat="47.3876140" lon="-122.0489530">
    <ele>133.8</ele>
    <time>2024-05-24T20:31:20Z</time>
   </trkpt>
   <trkpt lat="47.3876060" lon="-122.0489610">
    <ele>133.9</ele>
    <time>2024-05-24T20:31:21Z</time>
   </trkpt>
   <trkpt lat="47.3875970" lon="-122.0489700">
    <ele>133.9</ele>
    <time>2024-05-24T20:31:22Z</time>
   </trkpt>
   <trkpt lat="47.3875780" lon="-122.0489840">
    <ele>133.9</ele>
    <time>2024-05-24T20:31:23Z</time>
   </trkpt>
   <trkpt lat="47.3875700" lon="-122.0489910">
    <ele>133.9</ele>
    <time>2024-05-24T20:31:24Z</time>
   </trkpt>
   <trkpt lat="47.3875620" lon="-122.0489990">
    <ele>133.9</ele>
    <time>2024-05-24T20:31:25Z</time>
   </trkpt>
   <trkpt lat="47.3875520" lon="-122.0490100">
    <ele>134.0</ele>
    <time>2024-05-24T20:31:26Z</time>
   </trkpt>
   <trkpt lat="47.3875400" lon="-122.0490220">
    <ele>134.0</ele>
    <time>2024-05-24T20:31:27Z</time>
   </trkpt>
   <trkpt lat="47.3875270" lon="-122.0490400">
    <ele>134.0</ele>
    <time>2024-05-24T20:31:28Z</time>
   </trkpt>
   <trkpt lat="47.3875120" lon="-122.0490520">
    <ele>134.0</ele>
    <time>2024-05-24T20:31:29Z</time>
   </trkpt>
   <trkpt lat="47.3874980" lon="-122.0490590">
    <ele>134.1</ele>
    <time>2024-05-24T20:31:30Z</time>
   </trkpt>
   <trkpt lat="47.3874830" lon="-122.0490660">
    <ele>134.1</ele>
    <time>2024-05-24T20:31:31Z</time>
   </trkpt>
   <trkpt lat="47.3874650" lon="-122.0490770">
    <ele>134.1</ele>
    <time>2024-05-24T20:31:32Z</time>
   </trkpt>
   <trkpt lat="47.3874560" lon="-122.0490840">
    <ele>134.1</ele>
    <time>2024-05-24T20:31:33Z</time>
   </trkpt>
   <trkpt lat="47.3874480" lon="-122.0490910">
    <ele>134.2</ele>
    <time>2024-05-24T20:31:34Z</time>
   </trkpt>
   <trkpt lat="47.3874350" lon="-122.0491020">
    <ele>134.2</ele>
    <time>2024-05-24T20:31:35Z</time>
   </trkpt>
   <trkpt lat="47.3874210" lon="-122.0491130">
    <ele>134.2</ele>
    <time>2024-05-24T20:31:36Z</time>
   </trkpt>
   <trkpt lat="47.3874110" lon="-122.0491200">
    <ele>134.2</ele>
    <time>2024-05-24T20:31:37Z</time>
   </trkpt>
   <trkpt lat="47.3873960" lon="-122.0491310">
    <ele>134.2</ele>
    <time>2024-05-24T20:31:38Z</time>
   </trkpt>
   <trkpt lat="47.3873830" lon="-122.0491450">
    <ele>134.3</ele>
    <time>2024-05-24T20:31:39Z</time>
   </trkpt>
   <trkpt lat="47.3873670" lon="-122.0491580">
    <ele>134.3</ele>
    <time>2024-05-24T20:31:40Z</time>
   </trkpt>
   <trkpt lat="47.3873570" lon="-122.0491680">
    <ele>134.3</ele>
    <time>2024-05-24T20:31:41Z</time>
   </trkpt>
   <trkpt lat="47.3873440" lon="-122.0491800">
    <ele>134.3</ele>
    <time>2024-05-24T20:31:42Z</time>
   </trkpt>
   <trkpt lat="47.3873310" lon="-122.0491920">
    <ele>134.4</ele>
    <time>2024-05-24T20:31:43Z</time>
   </trkpt>
   <trkpt lat="47.3873230" lon="-122.0492040">
    <ele>134.4</ele>
    <time>2024-05-24T20:31:44Z</time>
   </trkpt>
   <trkpt lat="47.3873110" lon="-122.0492120">
    <ele>134.4</ele>
    <time>2024-05-24T20:31:45Z</time>
   </trkpt>
   <trkpt lat="47.3872950" lon="-122.0492220">
    <ele>134.4</ele>
    <time>2024-05-24T20:31:46Z</time>
   </trkpt>
   <trkpt lat="47.3872830" lon="-122.0492330">
    <ele>134.5</ele>
    <time>2024-05-24T20:31:47Z</time>
   </trkpt>
   <trkpt lat="47.3872700" lon="-122.0492420">
    <ele>134.5</ele>
    <time>2024-05-24T20:31:48Z</time>
   </trkpt>
   <trkpt lat="47.3872590" lon="-122.0492530">
    <ele>134.5</ele>
    <time>2024-05-24T20:31:49Z</time>
   </trkpt>
   <trkpt lat="47.3872480" lon="-122.0492710">
    <ele>134.5</ele>
    <time>2024-05-24T20:31:50Z</time>
   </trkpt>
   <trkpt lat="47.3872350" lon="-122.0492830">
    <ele>134.6</ele>
    <time>2024-05-24T20:31:51Z</time>
   </trkpt>
   <trkpt lat="47.3872220" lon="-122.0492920">
    <ele>134.6</ele>
    <time>2024-05-24T20:31:52Z</time>
   </trkpt>
   <trkpt lat="47.3872090" lon="-122.0493000">
    <ele>134.6</ele>
    <time>2024-05-24T20:31:53Z</time>
   </trkpt>
   <trkpt lat="47.3871980" lon="-122.0493140">
    <ele>134.6</ele>
    <time>2024-05-24T20:31:54Z</time>
   </trkpt>
   <trkpt lat="47.3871870" lon="-122.0493230">
    <ele>134.7</ele>
    <time>2024-05-24T20:31:55Z</time>
   </trkpt>
   <trkpt lat="47.3871800" lon="-122.0493250">
    <ele>134.7</ele>
    <time>2024-05-24T20:31:56Z</time>
   </trkpt>
   <trkpt lat="47.3871700" lon="-122.0493290">
    <ele>134.7</ele>
    <time>2024-05-24T20:31:57Z</time>
   </trkpt>
   <trkpt lat="47.3871470" lon="-122.0493360">
    <ele>134.7</ele>
    <time>2024-05-24T20:31:58Z</time>
   </trkpt>
   <trkpt lat="47.3871400" lon="-122.0493390">
    <ele>134.7</ele>
    <time>2024-05-24T20:31:59Z</time>
   </trkpt>
   <trkpt lat="47.3871330" lon="-122.0493430">
    <ele>134.8</ele>
    <time>2024-05-24T20:32:00Z</time>
   </trkpt>
   <trkpt lat="47.3871260" lon="-122.0493490">
    <ele>134.8</ele>
    <time>2024-05-24T20:32:01Z</time>
   </trkpt>
   <trkpt lat="47.3871160" lon="-122.0493570">
    <ele>134.8</ele>
    <time>2024-05-24T20:32:02Z</time>
   </trkpt>
   <trkpt lat="47.3871050" lon="-122.0493690">
    <ele>134.8</ele>
    <time>2024-05-24T20:32:03Z</time>
   </trkpt>
   <trkpt lat="47.3870970" lon="-122.0493800">
    <ele>134.8</ele>
    <time>2024-05-24T20:32:04Z</time>
   </trkpt>
   <trkpt lat="47.3870820" lon="-122.0493950">
    <ele>134.9</ele>
    <time>2024-05-24T20:32:05Z</time>
   </trkpt>
   <trkpt lat="47.3870630" lon="-122.0494000">
    <ele>134.9</ele>
    <time>2024-05-24T20:32:06Z</time>
   </trkpt>
   <trkpt lat="47.3870500" lon="-122.0494060">
    <ele>134.9</ele>
    <time>2024-05-24T20:32:07Z</time>
   </trkpt>
   <trkpt lat="47.3870370" lon="-122.0494170">
    <ele>134.9</ele>
    <time>2024-05-24T20:32:08Z</time>
   </trkpt>
   <trkpt lat="47.3870250" lon="-122.0494230">
    <ele>134.9</ele>
    <time>2024-05-24T20:32:09Z</time>
   </trkpt>
   <trkpt lat="47.3870150" lon="-122.0494280">
    <ele>135.0</ele>
    <time>2024-05-24T20:32:10Z</time>
   </trkpt>
   <trkpt lat="47.3870060" lon="-122.0494330">
    <ele>135.0</ele>
    <time>2024-05-24T20:32:11Z</time>
   </trkpt>
   <trkpt lat="47.3869970" lon="-122.0494410">
    <ele>135.0</ele>
    <time>2024-05-24T20:32:12Z</time>
   </trkpt>
   <trkpt lat="47.3869850" lon="-122.0494460">
    <ele>135.0</ele>
    <time>2024-05-24T20:32:13Z</time>
   </trkpt>
   <trkpt lat="47.3869740" lon="-122.0494530">
    <ele>135.0</ele>
    <time>2024-05-24T20:32:14Z</time>
   </trkpt>
   <trkpt lat="47.3869640" lon="-122.0494610">
    <ele>135.0</ele>
    <time>2024-05-24T20:32:15Z</time>
   </trkpt>
   <trkpt lat="47.3869530" lon="-122.0494720">
    <ele>135.0</ele>
    <time>2024-05-24T20:32:16Z</time>
   </trkpt>
   <trkpt lat="47.3869460" lon="-122.0494830">
    <ele>135.1</ele>
    <time>2024-05-24T20:32:17Z</time>
   </trkpt>
   <trkpt lat="47.3869380" lon="-122.0494900">
    <ele>135.1</ele>
    <time>2024-05-24T20:32:18Z</time>
   </trkpt>
   <trkpt lat="47.3869170" lon="-122.0494980">
    <ele>135.1</ele>
    <time>2024-05-24T20:32:19Z</time>
   </trkpt>
   <trkpt lat="47.3869100" lon="-122.0495010">
    <ele>135.1</ele>
    <time>2024-05-24T20:32:20Z</time>
   </trkpt>
   <trkpt lat="47.3869020" lon="-122.0495040">
    <ele>135.1</ele>
    <time>2024-05-24T20:32:21Z</time>
   </trkpt>
   <trkpt lat="47.3868960" lon="-122.0495090">
    <ele>135.1</ele>
    <time>2024-05-24T20:32:22Z</time>
   </trkpt>
   <trkpt lat="47.3868860" lon="-122.0495140">
    <ele>135.1</ele>
    <time>2024-05-24T20:32:23Z</time>
   </trkpt>
   <trkpt lat="47.3868750" lon="-122.0495190">
    <ele>135.1</ele>
    <time>2024-05-24T20:32:24Z</time>
   </trkpt>
   <trkpt lat="47.3868550" lon="-122.0495310">
    <ele>135.1</ele>
    <time>2024-05-24T20:32:25Z</time>
   </trkpt>
   <trkpt lat="47.3868470" lon="-122.0495370">
    <ele>135.1</ele>
    <time>2024-05-24T20:32:26Z</time>
   </trkpt>
   <trkpt lat="47.3868380" lon="-122.0495420">
    <ele>135.2</ele>
    <time>2024-05-24T20:32:27Z</time>
   </trkpt>
   <trkpt lat="47.3868260" lon="-122.0495490">
    <ele>135.2</ele>
    <time>2024-05-24T20:32:28Z</time>
   </trkpt>
   <trkpt lat="47.3868120" lon="-122.0495540">
    <ele>135.2</ele>
    <time>2024-05-24T20:32:30Z</time>
   </trkpt>
   <trkpt lat="47.3868020" lon="-122.0495620">
    <ele>135.2</ele>
    <time>2024-05-24T20:32:31Z</time>
   </trkpt>
   <trkpt lat="47.3867920" lon="-122.0495670">
    <ele>135.2</ele>
    <time>2024-05-24T20:32:32Z</time>
   </trkpt>
   <trkpt lat="47.3867840" lon="-122.0495720">
    <ele>135.2</ele>
    <time>2024-05-24T20:32:33Z</time>
   </trkpt>
   <trkpt lat="47.3867830" lon="-122.0495720">
    <ele>135.2</ele>
    <time>2024-05-24T20:32:34Z</time>
   </trkpt>
   <trkpt lat="47.3867820" lon="-122.0495730">
    <ele>135.2</ele>
    <time>2024-05-24T20:32:35Z</time>
   </trkpt>
   <trkpt lat="47.3867800" lon="-122.0495720">
    <ele>135.2</ele>
    <time>2024-05-24T20:32:36Z</time>
   </trkpt>
   <trkpt lat="47.3867720" lon="-122.0495750">
    <ele>135.2</ele>
    <time>2024-05-24T20:32:37Z</time>
   </trkpt>
   <trkpt lat="47.3867630" lon="-122.0495810">
    <ele>135.2</ele>
    <time>2024-05-24T20:32:38Z</time>
   </trkpt>
   <trkpt lat="47.3867510" lon="-122.0495880">
    <ele>135.2</ele>
    <time>2024-05-24T20:32:39Z</time>
   </trkpt>
   <trkpt lat="47.3867430" lon="-122.0495940">
    <ele>135.2</ele>
    <time>2024-05-24T20:32:40Z</time>
   </trkpt>
   <trkpt lat="47.3867320" lon="-122.0495960">
    <ele>135.2</ele>
    <time>2024-05-24T20:32:41Z</time>
   </trkpt>
   <trkpt lat="47.3867180" lon="-122.0496010">
    <ele>135.2</ele>
    <time>2024-05-24T20:32:42Z</time>
   </trkpt>
   <trkpt lat="47.3867060" lon="-122.0496060">
    <ele>135.2</ele>
    <time>2024-05-24T20:32:43Z</time>
   </trkpt>
   <trkpt lat="47.3866960" lon="-122.0496110">
    <ele>135.3</ele>
    <time>2024-05-24T20:32:44Z</time>
   </trkpt>
   <trkpt lat="47.3866870" lon="-122.0496170">
    <ele>135.3</ele>
    <time>2024-05-24T20:32:45Z</time>
   </trkpt>
   <trkpt lat="47.3866650" lon="-122.0496260">
    <ele>135.3</ele>
    <time>2024-05-24T20:32:46Z</time>
   </trkpt>
   <trkpt lat="47.3866570" lon="-122.0496300">
    <ele>135.3</ele>
    <time>2024-05-24T20:32:47Z</time>
   </trkpt>
   <trkpt lat="47.3866480" lon="-122.0496340">
    <ele>135.3</ele>
    <time>2024-05-24T20:32:48Z</time>
   </trkpt>
   <trkpt lat="47.3866360" lon="-122.0496410">
    <ele>135.3</ele>
    <time>2024-05-24T20:32:49Z</time>
   </trkpt>
   <trkpt lat="47.3866300" lon="-122.0496460">
    <ele>135.3</ele>
    <time>2024-05-24T20:32:50Z</time>
   </trkpt>
   <trkpt lat="47.3866210" lon="-122.0496470">
    <ele>135.3</ele>
    <time>2024-05-24T20:32:51Z</time>
   </trkpt>
   <trkpt lat="47.3866140" lon="-122.0496520">
    <ele>135.3</ele>
    <time>2024-05-24T20:32:52Z</time>
   </trkpt>
   <trkpt lat="47.3866030" lon="-122.0496560">
    <ele>135.3</ele>
    <time>2024-05-24T20:32:53Z</time>
   </trkpt>
   <trkpt lat="47.3865890" lon="-122.0496610">
    <ele>135.3</ele>
    <time>2024-05-24T20:32:54Z</time>
   </trkpt>
   <trkpt lat="47.3865750" lon="-122.0496680">
    <ele>135.3</ele>
    <time>2024-05-24T20:32:55Z</time>
   </trkpt>
   <trkpt lat="47.3865590" lon="-122.0496790">
    <ele>135.4</ele>
    <time>2024-05-24T20:32:56Z</time>
   </trkpt>
   <trkpt lat="47.3865470" lon="-122.0496880">
    <ele>135.4</ele>
    <time>2024-05-24T20:32:57Z</time>
   </trkpt>
   <trkpt lat="47.3865280" lon="-122.0496860">
    <ele>135.4</ele>
    <time>2024-05-24T20:32:58Z</time>
   </trkpt>
   <trkpt lat="47.3865080" lon="-122.0496790">
    <ele>135.4</ele>
    <time>2024-05-24T20:32:59Z</time>
   </trkpt>
   <trkpt lat="47.3865000" lon="-122.0496790">
    <ele>135.4</ele>
    <time>2024-05-24T20:33:00Z</time>
   </trkpt>
   <trkpt lat="47.3864920" lon="-122.0496790">
    <ele>135.4</ele>
    <time>2024-05-24T20:33:01Z</time>
   </trkpt>
   <trkpt lat="47.3864690" lon="-122.0496800">
    <ele>135.4</ele>
    <time>2024-05-24T20:33:02Z</time>
   </trkpt>
   <trkpt lat="47.3864600" lon="-122.0496810">
    <ele>135.4</ele>
    <time>2024-05-24T20:33:03Z</time>
   </trkpt>
   <trkpt lat="47.3864520" lon="-122.0496830">
    <ele>135.4</ele>
    <time>2024-05-24T20:33:04Z</time>
   </trkpt>
   <trkpt lat="47.3864400" lon="-122.0496910">
    <ele>135.4</ele>
    <time>2024-05-24T20:33:05Z</time>
   </trkpt>
   <trkpt lat="47.3864390" lon="-122.0496920">
    <ele>135.4</ele>
    <time>2024-05-24T20:33:06Z</time>
   </trkpt>
   <trkpt lat="47.3864380" lon="-122.0496940">
    <ele>135.4</ele>
    <time>2024-05-24T20:33:07Z</time>
   </trkpt>
   <trkpt lat="47.3864370" lon="-122.0496950">
    <ele>135.4</ele>
    <time>2024-05-24T20:33:08Z</time>
   </trkpt>
   <trkpt lat="47.3864360" lon="-122.0496970">
    <ele>135.4</ele>
    <time>2024-05-24T20:33:09Z</time>
   </trkpt>
   <trkpt lat="47.3864350" lon="-122.0496980">
    <ele>135.4</ele>
    <time>2024-05-24T20:33:10Z</time>
   </trkpt>
   <trkpt lat="47.3864340" lon="-122.0496990">
    <ele>135.4</ele>
    <time>2024-05-24T20:33:11Z</time>
   </trkpt>
   <trkpt lat="47.3864330" lon="-122.0497010">
    <ele>135.4</ele>
    <time>2024-05-24T20:33:12Z</time>
   </trkpt>
   <trkpt lat="47.3864320" lon="-122.0497020">
    <ele>135.4</ele>
    <time>2024-05-24T20:33:13Z</time>
   </trkpt>
   <trkpt lat="47.3864310" lon="-122.0497040">
    <ele>135.4</ele>
    <time>2024-05-24T20:33:14Z</time>
   </trkpt>
   <trkpt lat="47.3864300" lon="-122.0497050">
    <ele>135.4</ele>
    <time>2024-05-24T20:33:15Z</time>
   </trkpt>
   <trkpt lat="47.3864290" lon="-122.0497060">
    <ele>135.4</ele>
    <time>2024-05-24T20:33:16Z</time>
   </trkpt>
   <trkpt lat="47.3864280" lon="-122.0497080">
    <ele>135.4</ele>
    <time>2024-05-24T20:33:17Z</time>
   </trkpt>
   <trkpt lat="47.3864270" lon="-122.0497090">
    <ele>135.4</ele>
    <time>2024-05-24T20:33:18Z</time>
   </trkpt>
   <trkpt lat="47.3864260" lon="-122.0497110">
    <ele>135.4</ele>
    <time>2024-05-24T20:33:19Z</time>
   </trkpt>
   <trkpt lat="47.3864250" lon="-122.0497120">
    <ele>135.4</ele>
    <time>2024-05-24T20:33:20Z</time>
   </trkpt>
   <trkpt lat="47.3864240" lon="-122.0497130">
    <ele>135.4</ele>
    <time>2024-05-24T20:33:21Z</time>
   </trkpt>
   <trkpt lat="47.3864230" lon="-122.0497150">
    <ele>135.4</ele>
    <time>2024-05-24T20:33:22Z</time>
   </trkpt>
   <trkpt lat="47.3864130" lon="-122.0497200">
    <ele>135.5</ele>
    <time>2024-05-24T20:33:23Z</time>
   </trkpt>
   <trkpt lat="47.3864020" lon="-122.0497230">
    <ele>135.5</ele>
    <time>2024-05-24T20:33:24Z</time>
   </trkpt>
   <trkpt lat="47.3863920" lon="-122.0497260">
    <ele>135.5</ele>
    <time>2024-05-24T20:33:25Z</time>
   </trkpt>
   <trkpt lat="47.3863870" lon="-122.0497320">
    <ele>135.5</ele>
    <time>2024-05-24T20:33:26Z</time>
   </trkpt>
   <trkpt lat="47.3863790" lon="-122.0497330">
    <ele>135.5</ele>
    <time>2024-05-24T20:33:27Z</time>
   </trkpt>
   <trkpt lat="47.3863630" lon="-122.0497390">
    <ele>135.5</ele>
    <time>2024-05-24T20:33:28Z</time>
   </trkpt>
   <trkpt lat="47.3863650" lon="-122.0497350">
    <ele>135.5</ele>
    <time>2024-05-24T20:33:29Z</time>
   </trkpt>
   <trkpt lat="47.3863680" lon="-122.0497320">
    <ele>135.5</ele>
    <time>2024-05-24T20:33:30Z</time>
   </trkpt>
   <trkpt lat="47.3863680" lon="-122.0497340">
    <ele>135.5</ele>
    <time>2024-05-24T20:33:31Z</time>
   </trkpt>
   <trkpt lat="47.3863660" lon="-122.0497330">
    <ele>135.5</ele>
    <time>2024-05-24T20:33:32Z</time>
   </trkpt>
   <trkpt lat="47.3863650" lon="-122.0497330">
    <ele>135.5</ele>
    <time>2024-05-24T20:33:33Z</time>
   </trkpt>
   <trkpt lat="47.3863640" lon="-122.0497340">
    <ele>135.5</ele>
    <time>2024-05-24T20:33:34Z</time>
   </trkpt>
   <trkpt lat="47.3863640" lon="-122.0497340">
    <ele>135.5</ele>
    <time>2024-05-24T20:33:35Z</time>
   </trkpt>
   <trkpt lat="47.3863640" lon="-122.0497340">
    <ele>135.5</ele>
    <time>2024-05-24T20:33:36Z</time>
   </trkpt>
   <trkpt lat="47.3863640" lon="-122.0497340">
    <ele>135.5</ele>
    <time>2024-05-24T20:33:37Z</time>
   </trkpt>
   <trkpt lat="47.3863640" lon="-122.0497340">
    <ele>135.5</ele>
    <time>2024-05-24T20:33:38Z</time>
   </trkpt>
   <trkpt lat="47.3863550" lon="-122.0497330">
    <ele>135.5</ele>
    <time>2024-05-24T20:33:39Z</time>
   </trkpt>
   <trkpt lat="47.3863470" lon="-122.0497350">
    <ele>135.5</ele>
    <time>2024-05-24T20:33:40Z</time>
   </trkpt>
   <trkpt lat="47.3863360" lon="-122.0497320">
    <ele>135.5</ele>
    <time>2024-05-24T20:33:41Z</time>
   </trkpt>
   <trkpt lat="47.3863240" lon="-122.0497390">
    <ele>135.5</ele>
    <time>2024-05-24T20:33:42Z</time>
   </trkpt>
   <trkpt lat="47.3863180" lon="-122.0497380">
    <ele>135.5</ele>
    <time>2024-05-24T20:33:43Z</time>
   </trkpt>
   <trkpt lat="47.3863040" lon="-122.0497440">
    <ele>135.5</ele>
    <time>2024-05-24T20:33:44Z</time>
   </trkpt>
   <trkpt lat="47.3862980" lon="-122.0497520">
    <ele>135.5</ele>
    <time>2024-05-24T20:33:45Z</time>
   </trkpt>
   <trkpt lat="47.3862850" lon="-122.0497610">
    <ele>135.5</ele>
    <time>2024-05-24T20:33:46Z</time>
   </trkpt>
   <trkpt lat="47.3862700" lon="-122.0497630">
    <ele>135.6</ele>
    <time>2024-05-24T20:33:47Z</time>
   </trkpt>
   <trkpt lat="47.3862580" lon="-122.0497670">
    <ele>135.6</ele>
    <time>2024-05-24T20:33:48Z</time>
   </trkpt>
   <trkpt lat="47.3862510" lon="-122.0497660">
    <ele>135.6</ele>
    <time>2024-05-24T20:33:49Z</time>
   </trkpt>
   <trkpt lat="47.3862360" lon="-122.0497610">
    <ele>135.6</ele>
    <time>2024-05-24T20:33:50Z</time>
   </trkpt>
   <trkpt lat="47.3862220" lon="-122.0497670">
    <ele>135.6</ele>
    <time>2024-05-24T20:33:51Z</time>
   </trkpt>
   <trkpt lat="47.3862150" lon="-122.0497720">
    <ele>135.6</ele>
    <time>2024-05-24T20:33:52Z</time>
   </trkpt>
   <trkpt lat="47.3862080" lon="-122.0497770">
    <ele>135.6</ele>
    <time>2024-05-24T20:33:53Z</time>
   </trkpt>
   <trkpt lat="47.3862010" lon="-122.0497820">
    <ele>135.6</ele>
    <time>2024-05-24T20:33:54Z</time>
   </trkpt>
   <trkpt lat="47.3861890" lon="-122.0497920">
    <ele>135.6</ele>
    <time>2024-05-24T20:33:55Z</time>
   </trkpt>
   <trkpt lat="47.3861740" lon="-122.0498010">
    <ele>135.6</ele>
    <time>2024-05-24T20:33:56Z</time>
   </trkpt>
   <trkpt lat="47.3861600" lon="-122.0498140">
    <ele>135.6</ele>
    <time>2024-05-24T20:33:57Z</time>
   </trkpt>
   <trkpt lat="47.3861490" lon="-122.0498200">
    <ele>135.6</ele>
    <time>2024-05-24T20:33:58Z</time>
   </trkpt>
   <trkpt lat="47.3861370" lon="-122.0498210">
    <ele>135.6</ele>
    <time>2024-05-24T20:33:59Z</time>
   </trkpt>
   <trkpt lat="47.3861300" lon="-122.0498160">
    <ele>135.6</ele>
    <time>2024-05-24T20:34:00Z</time>
   </trkpt>
   <trkpt lat="47.3861230" lon="-122.0498230">
    <ele>135.6</ele>
    <time>2024-05-24T20:34:01Z</time>
   </trkpt>
   <trkpt lat="47.3861160" lon="-122.0498240">
    <ele>135.7</ele>
    <time>2024-05-24T20:34:02Z</time>
   </trkpt>
   <trkpt lat="47.3861160" lon="-122.0498240">
    <ele>135.7</ele>
    <time>2024-05-24T20:34:03Z</time>
   </trkpt>
   <trkpt lat="47.3861110" lon="-122.0498250">
    <ele>135.7</ele>
    <time>2024-05-24T20:34:04Z</time>
   </trkpt>
   <trkpt lat="47.3861050" lon="-122.0498270">
    <ele>135.7</ele>
    <time>2024-05-24T20:34:05Z</time>
   </trkpt>
   <trkpt lat="47.3861000" lon="-122.0498280">
    <ele>135.7</ele>
    <time>2024-05-24T20:34:06Z</time>
   </trkpt>
   <trkpt lat="47.3860950" lon="-122.0498290">
    <ele>135.7</ele>
    <time>2024-05-24T20:34:07Z</time>
   </trkpt>
   <trkpt lat="47.3860900" lon="-122.0498310">
    <ele>135.7</ele>
    <time>2024-05-24T20:34:08Z</time>
   </trkpt>
   <trkpt lat="47.3860840" lon="-122.0498320">
    <ele>135.7</ele>
    <time>2024-05-24T20:34:09Z</time>
   </trkpt>
   <trkpt lat="47.3860790" lon="-122.0498330">
    <ele>135.7</ele>
    <time>2024-05-24T20:34:10Z</time>
   </trkpt>
   <trkpt lat="47.3860740" lon="-122.0498350">
    <ele>135.7</ele>
    <time>2024-05-24T20:34:11Z</time>
   </trkpt>
   <trkpt lat="47.3860680" lon="-122.0498360">
    <ele>135.7</ele>
    <time>2024-05-24T20:34:12Z</time>
   </trkpt>
   <trkpt lat="47.3860520" lon="-122.0498360">
    <ele>135.7</ele>
    <time>2024-05-24T20:34:13Z</time>
   </trkpt>
   <trkpt lat="47.3860440" lon="-122.0498370">
    <ele>135.7</ele>
    <time>2024-05-24T20:34:14Z</time>
   </trkpt>
   <trkpt lat="47.3860370" lon="-122.0498380">
    <ele>135.7</ele>
    <time>2024-05-24T20:34:15Z</time>
   </trkpt>
   <trkpt lat="47.3860300" lon="-122.0498390">
    <ele>135.7</ele>
    <time>2024-05-24T20:34:16Z</time>
   </trkpt>
   <trkpt lat="47.3860140" lon="-122.0498460">
    <ele>135.7</ele>
    <time>2024-05-24T20:34:17Z</time>
   </trkpt>
   <trkpt lat="47.3860030" lon="-122.0498520">
    <ele>135.7</ele>
    <time>2024-05-24T20:34:18Z</time>
   </trkpt>
   <trkpt lat="47.3859890" lon="-122.0498530">
    <ele>135.7</ele>
    <time>2024-05-24T20:34:19Z</time>
   </trkpt>
   <trkpt lat="47.3859740" lon="-122.0498530">
    <ele>135.8</ele>
    <time>2024-05-24T20:34:20Z</time>
   </trkpt>
   <trkpt lat="47.3859640" lon="-122.0498590">
    <ele>135.8</ele>
    <time>2024-05-24T20:34:21Z</time>
   </trkpt>
   <trkpt lat="47.3859540" lon="-122.0498640">
    <ele>135.8</ele>
    <time>2024-05-24T20:34:22Z</time>
   </trkpt>
   <trkpt lat="47.3859430" lon="-122.0498700">
    <ele>135.8</ele>
    <time>2024-05-24T20:34:23Z</time>
   </trkpt>
   <trkpt lat="47.3859220" lon="-122.0498750">
    <ele>135.8</ele>
    <time>2024-05-24T20:34:24Z</time>
   </trkpt>
   <trkpt lat="47.3859120" lon="-122.0498750">
    <ele>135.8</ele>
    <time>2024-05-24T20:34:25Z</time>
   </trkpt>
   <trkpt lat="47.3859030" lon="-122.0498760">
    <ele>135.8</ele>
    <time>2024-05-24T20:34:26Z</time>
   </trkpt>
   <trkpt lat="47.3858810" lon="-122.0498760">
    <ele>135.9</ele>
    <time>2024-05-24T20:34:27Z</time>
   </trkpt>
   <trkpt lat="47.3858700" lon="-122.0498780">
    <ele>135.9</ele>
    <time>2024-05-24T20:34:28Z</time>
   </trkpt>
   <trkpt lat="47.3858590" lon="-122.0498810">
    <ele>135.9</ele>
    <time>2024-05-24T20:34:29Z</time>
   </trkpt>
   <trkpt lat="47.3858420" lon="-122.0498830">
    <ele>135.9</ele>
    <time>2024-05-24T20:34:30Z</time>
   </trkpt>
   <trkpt lat="47.3858290" lon="-122.0498820">
    <ele>135.9</ele>
    <time>2024-05-24T20:34:31Z</time>
   </trkpt>
   <trkpt lat="47.3858170" lon="-122.0498810">
    <ele>135.9</ele>
    <time>2024-05-24T20:34:32Z</time>
   </trkpt>
   <trkpt lat="47.3858130" lon="-122.0498760">
    <ele>136.0</ele>
    <time>2024-05-24T20:34:33Z</time>
   </trkpt>
   <trkpt lat="47.3858010" lon="-122.0498820">
    <ele>136.0</ele>
    <time>2024-05-24T20:34:34Z</time>
   </trkpt>
   <trkpt lat="47.3857810" lon="-122.0498950">
    <ele>136.0</ele>
    <time>2024-05-24T20:34:36Z</time>
   </trkpt>
   <trkpt lat="47.3857730" lon="-122.0498980">
    <ele>136.0</ele>
    <time>2024-05-24T20:34:37Z</time>
   </trkpt>
   <trkpt lat="47.3857650" lon="-122.0499010">
    <ele>136.0</ele>
    <time>2024-05-24T20:34:38Z</time>
   </trkpt>
   <trkpt lat="47.3857410" lon="-122.0499050">
    <ele>136.0</ele>
    <time>2024-05-24T20:34:39Z</time>
   </trkpt>
   <trkpt lat="47.3857310" lon="-122.0499090">
    <ele>136.1</ele>
    <time>2024-05-24T20:34:40Z</time>
   </trkpt>
   <trkpt lat="47.3857150" lon="-122.0499150">
    <ele>136.1</ele>
    <time>2024-05-24T20:34:41Z</time>
   </trkpt>
   <trkpt lat="47.3857020" lon="-122.0499170">
    <ele>136.1</ele>
    <time>2024-05-24T20:34:42Z</time>
   </trkpt>
   <trkpt lat="47.3856900" lon="-122.0499190">
    <ele>136.1</ele>
    <time>2024-05-24T20:34:43Z</time>
   </trkpt>
   <trkpt lat="47.3856780" lon="-122.0499180">
    <ele>136.1</ele>
    <time>2024-05-24T20:34:44Z</time>
   </trkpt>
   <trkpt lat="47.3856670" lon="-122.0499170">
    <ele>136.1</ele>
    <time>2024-05-24T20:34:45Z</time>
   </trkpt>
   <trkpt lat="47.3856470" lon="-122.0499170">
    <ele>136.2</ele>
    <time>2024-05-24T20:34:46Z</time>
   </trkpt>
   <trkpt lat="47.3856380" lon="-122.0499180">
    <ele>136.2</ele>
    <time>2024-05-24T20:34:47Z</time>
   </trkpt>
   <trkpt lat="47.3856300" lon="-122.0499190">
    <ele>136.2</ele>
    <time>2024-05-24T20:34:48Z</time>
   </trkpt>
   <trkpt lat="47.3856080" lon="-122.0499210">
    <ele>136.2</ele>
    <time>2024-05-24T20:34:49Z</time>
   </trkpt>
   <trkpt lat="47.3855990" lon="-122.0499210">
    <ele>136.2</ele>
    <time>2024-05-24T20:34:50Z</time>
   </trkpt>
   <trkpt lat="47.3855910" lon="-122.0499220">
    <ele>136.2</ele>
    <time>2024-05-24T20:34:51Z</time>
   </trkpt>
   <trkpt lat="47.3855700" lon="-122.0499300">
    <ele>136.3</ele>
    <time>2024-05-24T20:34:52Z</time>
   </trkpt>
   <trkpt lat="47.3855610" lon="-122.0499300">
    <ele>136.3</ele>
    <time>2024-05-24T20:34:53Z</time>
   </trkpt>
   <trkpt lat="47.3855520" lon="-122.0499300">
    <ele>136.3</ele>
    <time>2024-05-24T20:34:54Z</time>
   </trkpt>
   <trkpt lat="47.3855370" lon="-122.0499300">
    <ele>136.3</ele>
    <time>2024-05-24T20:34:55Z</time>
   </trkpt>
   <trkpt lat="47.3855250" lon="-122.0499360">
    <ele>136.3</ele>
    <time>2024-05-24T20:34:56Z</time>
   </trkpt>
   <trkpt lat="47.3855040" lon="-122.0499380">
    <ele>136.4</ele>
    <time>2024-05-24T20:34:57Z</time>
   </trkpt>
   <trkpt lat="47.3854950" lon="-122.0499380">
    <ele>136.4</ele>
    <time>2024-05-24T20:34:58Z</time>
   </trkpt>
   <trkpt lat="47.3854860" lon="-122.0499380">
    <ele>136.4</ele>
    <time>2024-05-24T20:34:59Z</time>
   </trkpt>
   <trkpt lat="47.3854680" lon="-122.0499390">
    <ele>136.4</ele>
    <time>2024-05-24T20:35:00Z</time>
   </trkpt>
   <trkpt lat="47.3854550" lon="-122.0499410">
    <ele>136.4</ele>
    <time>2024-05-24T20:35:01Z</time>
   </trkpt>
   <trkpt lat="47.3854410" lon="-122.0499410">
    <ele>136.4</ele>
    <time>2024-05-24T20:35:02Z</time>
   </trkpt>
   <trkpt lat="47.3854270" lon="-122.0499380">
    <ele>136.5</ele>
    <time>2024-05-24T20:35:03Z</time>
   </trkpt>
   <trkpt lat="47.3854060" lon="-122.0499400">
    <ele>136.5</ele>
    <time>2024-05-24T20:35:04Z</time>
   </trkpt>
   <trkpt lat="47.3853980" lon="-122.0499420">
    <ele>136.5</ele>
    <time>2024-05-24T20:35:05Z</time>
   </trkpt>
   <trkpt lat="47.3853910" lon="-122.0499430">
    <ele>136.5</ele>
    <time>2024-05-24T20:35:06Z</time>
   </trkpt>
   <trkpt lat="47.3853840" lon="-122.0499450">
    <ele>136.5</ele>
    <time>2024-05-24T20:35:07Z</time>
   </trkpt>
   <trkpt lat="47.3853610" lon="-122.0499410">
    <ele>136.5</ele>
    <time>2024-05-24T20:35:08Z</time>
   </trkpt>
   <trkpt lat="47.3853490" lon="-122.0499450">
    <ele>136.6</ele>
    <time>2024-05-24T20:35:09Z</time>
   </trkpt>
   <trkpt lat="47.3853270" lon="-122.0499440">
    <ele>136.6</ele>
    <time>2024-05-24T20:35:10Z</time>
   </trkpt>
   <trkpt lat="47.3853170" lon="-122.0499440">
    <ele>136.6</ele>
    <time>2024-05-24T20:35:11Z</time>
   </trkpt>
   <trkpt lat="47.3853080" lon="-122.0499450">
    <ele>136.6</ele>
    <time>2024-05-24T20:35:12Z</time>
   </trkpt>
   <trkpt lat="47.3852870" lon="-122.0499450">
    <ele>136.6</ele>
    <time>2024-05-24T20:35:13Z</time>
   </trkpt>
   <trkpt lat="47.3852780" lon="-122.0499440">
    <ele>136.6</ele>
    <time>2024-05-24T20:35:14Z</time>
   </trkpt>
   <trkpt lat="47.3852690" lon="-122.0499430">
    <ele>136.7</ele>
    <time>2024-05-24T20:35:15Z</time>
   </trkpt>
   <trkpt lat="47.3852480" lon="-122.0499430">
    <ele>136.7</ele>
    <time>2024-05-24T20:35:16Z</time>
   </trkpt>
   <trkpt lat="47.3852390" lon="-122.0499450">
    <ele>136.7</ele>
    <time>2024-05-24T20:35:17Z</time>
   </trkpt>
   <trkpt lat="47.3852300" lon="-122.0499470">
    <ele>136.7</ele>
    <time>2024-05-24T20:35:18Z</time>
   </trkpt>
   <trkpt lat="47.3852070" lon="-122.0499480">
    <ele>136.7</ele>
    <time>2024-05-24T20:35:19Z</time>
   </trkpt>
   <trkpt lat="47.3851970" lon="-122.0499490">
    <ele>136.8</ele>
    <time>2024-05-24T20:35:20Z</time>
   </trkpt>
   <trkpt lat="47.3851870" lon="-122.0499510">
    <ele>136.8</ele>
    <time>2024-05-24T20:35:21Z</time>
   </trkpt>
   <trkpt lat="47.3851720" lon="-122.0499530">
    <ele>136.8</ele>
    <time>2024-05-24T20:35:22Z</time>
   </trkpt>
   <trkpt lat="47.3851580" lon="-122.0499540">
    <ele>136.8</ele>
    <time>2024-05-24T20:35:23Z</time>
   </trkpt>
   <trkpt lat="47.3851440" lon="-122.0499550">
    <ele>136.8</ele>
    <time>2024-05-24T20:35:24Z</time>
   </trkpt>
   <trkpt lat="47.3851290" lon="-122.0499570">
    <ele>136.9</ele>
    <time>2024-05-24T20:35:25Z</time>
   </trkpt>
   <trkpt lat="47.3851150" lon="-122.0499570">
    <ele>136.9</ele>
    <time>2024-05-24T20:35:26Z</time>
   </trkpt>
   <trkpt lat="47.3851010" lon="-122.0499560">
    <ele>136.9</ele>
    <time>2024-05-24T20:35:27Z</time>
   </trkpt>
   <trkpt lat="47.3850840" lon="-122.0499510">
    <ele>136.9</ele>
    <time>2024-05-24T20:35:28Z</time>
   </trkpt>
   <trkpt lat="47.3850700" lon="-122.0499440">
    <ele>137.0</ele>
    <time>2024-05-24T20:35:29Z</time>
   </trkpt>
   <trkpt lat="47.3850550" lon="-122.0499460">
    <ele>137.0</ele>
    <time>2024-05-24T20:35:30Z</time>
   </trkpt>
   <trkpt lat="47.3850400" lon="-122.0499540">
    <ele>137.0</ele>
    <time>2024-05-24T20:35:31Z</time>
   </trkpt>
   <trkpt lat="47.3850240" lon="-122.0499540">
    <ele>137.1</ele>
    <time>2024-05-24T20:35:32Z</time>
   </trkpt>
   <trkpt lat="47.3850100" lon="-122.0499610">
    <ele>137.1</ele>
    <time>2024-05-24T20:35:33Z</time>
   </trkpt>
   <trkpt lat="47.3849940" lon="-122.0499600">
    <ele>137.1</ele>
    <time>2024-05-24T20:35:34Z</time>
   </trkpt>
   <trkpt lat="47.3849770" lon="-122.0499570">
    <ele>137.1</ele>
    <time>2024-05-24T20:35:35Z</time>
   </trkpt>
   <trkpt lat="47.3849630" lon="-122.0499550">
    <ele>137.2</ele>
    <time>2024-05-24T20:35:36Z</time>
   </trkpt>
   <trkpt lat="47.3849470" lon="-122.0499460">
    <ele>137.2</ele>
    <time>2024-05-24T20:35:37Z</time>
   </trkpt>
   <trkpt lat="47.3849330" lon="-122.0499430">
    <ele>137.2</ele>
    <time>2024-05-24T20:35:38Z</time>
   </trkpt>
   <trkpt lat="47.3849190" lon="-122.0499450">
    <ele>137.2</ele>
    <time>2024-05-24T20:35:39Z</time>
   </trkpt>
   <trkpt lat="47.3849070" lon="-122.0499490">
    <ele>137.3</ele>
    <time>2024-05-24T20:35:40Z</time>
   </trkpt>
   <trkpt lat="47.3848920" lon="-122.0499560">
    <ele>137.3</ele>
    <time>2024-05-24T20:35:41Z</time>
   </trkpt>
   <trkpt lat="47.3848790" lon="-122.0499570">
    <ele>137.3</ele>
    <time>2024-05-24T20:35:42Z</time>
   </trkpt>
   <trkpt lat="47.3848630" lon="-122.0499570">
    <ele>137.4</ele>
    <time>2024-05-24T20:35:43Z</time>
   </trkpt>
   <trkpt lat="47.3848480" lon="-122.0499560">
    <ele>137.4</ele>
    <time>2024-05-24T20:35:44Z</time>
   </trkpt>
   <trkpt lat="47.3848330" lon="-122.0499550">
    <ele>137.4</ele>
    <time>2024-05-24T20:35:45Z</time>
   </trkpt>
   <trkpt lat="47.3848200" lon="-122.0499530">
    <ele>137.5</ele>
    <time>2024-05-24T20:35:46Z</time>
   </trkpt>
   <trkpt lat="47.3848050" lon="-122.0499510">
    <ele>137.5</ele>
    <time>2024-05-24T20:35:47Z</time>
   </trkpt>
   <trkpt lat="47.3847890" lon="-122.0499440">
    <ele>137.5</ele>
    <time>2024-05-24T20:35:48Z</time>
   </trkpt>
   <trkpt lat="47.3847730" lon="-122.0499380">
    <ele>137.6</ele>
    <time>2024-05-24T20:35:49Z</time>
   </trkpt>
   <trkpt lat="47.3847590" lon="-122.0499420">
    <ele>137.6</ele>
    <time>2024-05-24T20:35:50Z</time>
   </trkpt>
   <trkpt lat="47.3847430" lon="-122.0499430">
    <ele>137.6</ele>
    <time>2024-05-24T20:35:51Z</time>
   </trkpt>
   <trkpt lat="47.3847280" lon="-122.0499360">
    <ele>137.6</ele>
    <time>2024-05-24T20:35:52Z</time>
   </trkpt>
   <trkpt lat="47.3847140" lon="-122.0499360">
    <ele>137.7</ele>
    <time>2024-05-24T20:35:53Z</time>
   </trkpt>
   <trkpt lat="47.3846990" lon="-122.0499370">
    <ele>137.7</ele>
    <time>2024-05-24T20:35:54Z</time>
   </trkpt>
   <trkpt lat="47.3846830" lon="-122.0499320">
    <ele>137.7</ele>
    <time>2024-05-24T20:35:55Z</time>
   </trkpt>
   <trkpt lat="47.3846690" lon="-122.0499240">
    <ele>137.8</ele>
    <time>2024-05-24T20:35:56Z</time>
   </trkpt>
   <trkpt lat="47.3846560" lon="-122.0499220">
    <ele>137.8</ele>
    <time>2024-05-24T20:35:57Z</time>
   </trkpt>
   <trkpt lat="47.3846340" lon="-122.0499100">
    <ele>137.8</ele>
    <time>2024-05-24T20:35:58Z</time>
   </trkpt>
   <trkpt lat="47.3846270" lon="-122.0499060">
    <ele>137.9</ele>
    <time>2024-05-24T20:35:59Z</time>
   </trkpt>
   <trkpt lat="47.3846190" lon="-122.0499030">
    <ele>137.9</ele>
    <time>2024-05-24T20:36:00Z</time>
   </trkpt>
   <trkpt lat="47.3846130" lon="-122.0498970">
    <ele>137.9</ele>
    <time>2024-05-24T20:36:01Z</time>
   </trkpt>
   <trkpt lat="47.3846140" lon="-122.0498950">
    <ele>137.9</ele>
    <time>2024-05-24T20:36:02Z</time>
   </trkpt>
   <trkpt lat="47.3846120" lon="-122.0498920">
    <ele>137.9</ele>
    <time>2024-05-24T20:36:03Z</time>
   </trkpt>
   <trkpt lat="47.3846140" lon="-122.0498900">
    <ele>137.9</ele>
    <time>2024-05-24T20:36:04Z</time>
   </trkpt>
   <trkpt lat="47.3846140" lon="-122.0498900">
    <ele>137.9</ele>
    <time>2024-05-24T20:36:05Z</time>
   </trkpt>
   <trkpt lat="47.3846170" lon="-122.0498930">
    <ele>137.9</ele>
    <time>2024-05-24T20:36:06Z</time>
   </trkpt>
   <trkpt lat="47.3846200" lon="-122.0498920">
    <ele>137.9</ele>
    <time>2024-05-24T20:36:07Z</time>
   </trkpt>
   <trkpt lat="47.3846210" lon="-122.0498910">
    <ele>137.9</ele>
    <time>2024-05-24T20:36:08Z</time>
   </trkpt>
   <trkpt lat="47.3846240" lon="-122.0498910">
    <ele>137.9</ele>
    <time>2024-05-24T20:36:09Z</time>
   </trkpt>
   <trkpt lat="47.3846220" lon="-122.0498930">
    <ele>137.9</ele>
    <time>2024-05-24T20:36:10Z</time>
   </trkpt>
   <trkpt lat="47.3846250" lon="-122.0498930">
    <ele>137.9</ele>
    <time>2024-05-24T20:36:11Z</time>
   </trkpt>
   <trkpt lat="47.3846250" lon="-122.0498930">
    <ele>137.9</ele>
    <time>2024-05-24T20:36:12Z</time>
   </trkpt>
   <trkpt lat="47.3846250" lon="-122.0498950">
    <ele>137.9</ele>
    <time>2024-05-24T20:36:13Z</time>
   </trkpt>
   <trkpt lat="47.3846240" lon="-122.0498930">
    <ele>137.9</ele>
    <time>2024-05-24T20:36:14Z</time>
   </trkpt>
   <trkpt lat="47.3846240" lon="-122.0498940">
    <ele>137.9</ele>
    <time>2024-05-24T20:36:15Z</time>
   </trkpt>
   <trkpt lat="47.3846240" lon="-122.0498930">
    <ele>137.9</ele>
    <time>2024-05-24T20:36:16Z</time>
   </trkpt>
   <trkpt lat="47.3846230" lon="-122.0498920">
    <ele>138.0</ele>
    <time>2024-05-24T20:36:17Z</time>
   </trkpt>
   <trkpt lat="47.3846230" lon="-122.0498930">
    <ele>138.0</ele>
    <time>2024-05-24T20:36:18Z</time>
   </trkpt>
   <trkpt lat="47.3846210" lon="-122.0498920">
    <ele>138.0</ele>
    <time>2024-05-24T20:36:19Z</time>
   </trkpt>
   <trkpt lat="47.3846170" lon="-122.0498940">
    <ele>138.0</ele>
    <time>2024-05-24T20:36:20Z</time>
   </trkpt>
   <trkpt lat="47.3846070" lon="-122.0498870">
    <ele>138.0</ele>
    <time>2024-05-24T20:36:21Z</time>
   </trkpt>
   <trkpt lat="47.3846020" lon="-122.0498820">
    <ele>138.0</ele>
    <time>2024-05-24T20:36:22Z</time>
   </trkpt>
   <trkpt lat="47.3845950" lon="-122.0498780">
    <ele>138.0</ele>
    <time>2024-05-24T20:36:23Z</time>
   </trkpt>
   <trkpt lat="47.3846020" lon="-122.0498770">
    <ele>138.0</ele>
    <time>2024-05-24T20:36:24Z</time>
   </trkpt>
   <trkpt lat="47.3846030" lon="-122.0498740">
    <ele>138.0</ele>
    <time>2024-05-24T20:36:25Z</time>
   </trkpt>
   <trkpt lat="47.3846040" lon="-122.0498770">
    <ele>138.0</ele>
    <time>2024-05-24T20:36:26Z</time>
   </trkpt>
   <trkpt lat="47.3846010" lon="-122.0498750">
    <ele>138.0</ele>
    <time>2024-05-24T20:36:27Z</time>
   </trkpt>
   <trkpt lat="47.3846040" lon="-122.0498770">
    <ele>138.0</ele>
    <time>2024-05-24T20:36:28Z</time>
   </trkpt>
   <trkpt lat="47.3846030" lon="-122.0498780">
    <ele>138.0</ele>
    <time>2024-05-24T20:36:29Z</time>
   </trkpt>
   <trkpt lat="47.3846030" lon="-122.0498780">
    <ele>138.0</ele>
    <time>2024-05-24T20:36:30Z</time>
   </trkpt>
   <trkpt lat="47.3846030" lon="-122.0498780">
    <ele>138.0</ele>
    <time>2024-05-24T20:36:31Z</time>
   </trkpt>
   <trkpt lat="47.3846040" lon="-122.0498800">
    <ele>138.0</ele>
    <time>2024-05-24T20:36:32Z</time>
   </trkpt>
   <trkpt lat="47.3846040" lon="-122.0498820">
    <ele>138.0</ele>
    <time>2024-05-24T20:36:33Z</time>
   </trkpt>
   <trkpt lat="47.3846050" lon="-122.0498830">
    <ele>138.0</ele>
    <time>2024-05-24T20:36:34Z</time>
   </trkpt>
   <trkpt lat="47.3846040" lon="-122.0498850">
    <ele>138.1</ele>
    <time>2024-05-24T20:36:35Z</time>
   </trkpt>
   <trkpt lat="47.3846040" lon="-122.0498870">
    <ele>138.1</ele>
    <time>2024-05-24T20:36:36Z</time>
   </trkpt>
   <trkpt lat="47.3846080" lon="-122.0498880">
    <ele>138.1</ele>
    <time>2024-05-24T20:36:37Z</time>
   </trkpt>
   <trkpt lat="47.3846100" lon="-122.0498900">
    <ele>138.1</ele>
    <time>2024-05-24T20:36:38Z</time>
   </trkpt>
   <trkpt lat="47.3846130" lon="-122.0498860">
    <ele>138.1</ele>
    <time>2024-05-24T20:36:39Z</time>
   </trkpt>
   <trkpt lat="47.3846130" lon="-122.0498850">
    <ele>138.1</ele>
    <time>2024-05-24T20:36:40Z</time>
   </trkpt>
   <trkpt lat="47.3846130" lon="-122.0498840">
    <ele>138.1</ele>
    <time>2024-05-24T20:36:41Z</time>
   </trkpt>
   <trkpt lat="47.3846140" lon="-122.0498840">
    <ele>138.1</ele>
    <time>2024-05-24T20:36:42Z</time>
   </trkpt>
   <trkpt lat="47.3846150" lon="-122.0498800">
    <ele>138.1</ele>
    <time>2024-05-24T20:36:43Z</time>
   </trkpt>
   <trkpt lat="47.3846160" lon="-122.0498800">
    <ele>138.1</ele>
    <time>2024-05-24T20:36:44Z</time>
   </trkpt>
   <trkpt lat="47.3846150" lon="-122.0498800">
    <ele>138.1</ele>
    <time>2024-05-24T20:36:45Z</time>
   </trkpt>
   <trkpt lat="47.3846140" lon="-122.0498810">
    <ele>138.1</ele>
    <time>2024-05-24T20:36:46Z</time>
   </trkpt>
   <trkpt lat="47.3846110" lon="-122.0498830">
    <ele>138.1</ele>
    <time>2024-05-24T20:36:47Z</time>
   </trkpt>
   <trkpt lat="47.3846120" lon="-122.0498840">
    <ele>138.1</ele>
    <time>2024-05-24T20:36:48Z</time>
   </trkpt>
   <trkpt lat="47.3846130" lon="-122.0498860">
    <ele>138.1</ele>
    <time>2024-05-24T20:36:49Z</time>
   </trkpt>
   <trkpt lat="47.3846130" lon="-122.0498850">
    <ele>138.1</ele>
    <time>2024-05-24T20:36:50Z</time>
   </trkpt>
   <trkpt lat="47.3846140" lon="-122.0498850">
    <ele>138.1</ele>
    <time>2024-05-24T20:36:51Z</time>
   </trkpt>
   <trkpt lat="47.3846120" lon="-122.0498870">
    <ele>138.1</ele>
    <time>2024-05-24T20:36:52Z</time>
   </trkpt>
   <trkpt lat="47.3846120" lon="-122.0498880">
    <ele>138.1</ele>
    <time>2024-05-24T20:36:53Z</time>
   </trkpt>
   <trkpt lat="47.3846150" lon="-122.0498880">
    <ele>138.1</ele>
    <time>2024-05-24T20:36:54Z</time>
   </trkpt>
   <trkpt lat="47.3846150" lon="-122.0498890">
    <ele>138.1</ele>
    <time>2024-05-24T20:36:55Z</time>
   </trkpt>
   <trkpt lat="47.3846150" lon="-122.0498890">
    <ele>138.1</ele>
    <time>2024-05-24T20:36:56Z</time>
   </trkpt>
   <trkpt lat="47.3846070" lon="-122.0498860">
    <ele>138.1</ele>
    <time>2024-05-24T20:36:57Z</time>
   </trkpt>
   <trkpt lat="47.3845990" lon="-122.0498800">
    <ele>138.1</ele>
    <time>2024-05-24T20:36:58Z</time>
   </trkpt>
   <trkpt lat="47.3845820" lon="-122.0498870">
    <ele>138.2</ele>
    <time>2024-05-24T20:36:59Z</time>
   </trkpt>
   <trkpt lat="47.3845740" lon="-122.0498870">
    <ele>138.2</ele>
    <time>2024-05-24T20:37:00Z</time>
   </trkpt>
   <trkpt lat="47.3845640" lon="-122.0498840">
    <ele>138.2</ele>
    <time>2024-05-24T20:37:01Z</time>
   </trkpt>
   <trkpt lat="47.3845470" lon="-122.0498780">
    <ele>138.2</ele>
    <time>2024-05-24T20:37:02Z</time>
   </trkpt>
   <trkpt lat="47.3845350" lon="-122.0498780">
    <ele>138.2</ele>
    <time>2024-05-24T20:37:03Z</time>
   </trkpt>
   <trkpt lat="47.3845200" lon="-122.0498790">
    <ele>138.2</ele>
    <time>2024-05-24T20:37:04Z</time>
   </trkpt>
   <trkpt lat="47.3845090" lon="-122.0498740">
    <ele>138.3</ele>
    <time>2024-05-24T20:37:05Z</time>
   </trkpt>
   <trkpt lat="47.3845040" lon="-122.0498710">
    <ele>138.3</ele>
    <time>2024-05-24T20:37:06Z</time>
   </trkpt>
   <trkpt lat="47.3844930" lon="-122.0498660">
    <ele>138.3</ele>
    <time>2024-05-24T20:37:07Z</time>
   </trkpt>
   <trkpt lat="47.3844770" lon="-122.0498600">
    <ele>138.3</ele>
    <time>2024-05-24T20:37:08Z</time>
   </trkpt>
   <trkpt lat="47.3844600" lon="-122.0498560">
    <ele>138.3</ele>
    <time>2024-05-24T20:37:09Z</time>
   </trkpt>
   <trkpt lat="47.3844520" lon="-122.0498460">
    <ele>138.3</ele>
    <time>2024-05-24T20:37:10Z</time>
   </trkpt>
   <trkpt lat="47.3844320" lon="-122.0498430">
    <ele>138.4</ele>
    <time>2024-05-24T20:37:11Z</time>
   </trkpt>
   <trkpt lat="47.3844230" lon="-122.0498420">
    <ele>138.4</ele>
    <time>2024-05-24T20:37:12Z</time>
   </trkpt>
   <trkpt lat="47.3844150" lon="-122.0498420">
    <ele>138.4</ele>
    <time>2024-05-24T20:37:13Z</time>
   </trkpt>
   <trkpt lat="47.3843970" lon="-122.0498450">
    <ele>138.4</ele>
    <time>2024-05-24T20:37:14Z</time>
   </trkpt>
   <trkpt lat="47.3843840" lon="-122.0498410">
    <ele>138.4</ele>
    <time>2024-05-24T20:37:15Z</time>
   </trkpt>
   <trkpt lat="47.3843730" lon="-122.0498250">
    <ele>138.5</ele>
    <time>2024-05-24T20:37:16Z</time>
   </trkpt>
   <trkpt lat="47.3843640" lon="-122.0498060">
    <ele>138.5</ele>
    <time>2024-05-24T20:37:17Z</time>
   </trkpt>
   <trkpt lat="47.3843340" lon="-122.0498000">
    <ele>138.5</ele>
    <time>2024-05-24T20:37:18Z</time>
   </trkpt>
   <trkpt lat="47.3843270" lon="-122.0498000">
    <ele>138.5</ele>
    <time>2024-05-24T20:37:19Z</time>
   </trkpt>
   <trkpt lat="47.3843120" lon="-122.0497930">
    <ele>138.5</ele>
    <time>2024-05-24T20:37:20Z</time>
   </trkpt>
   <trkpt lat="47.3842960" lon="-122.0497900">
    <ele>138.5</ele>
    <time>2024-05-24T20:37:21Z</time>
   </trkpt>
   <trkpt lat="47.3842810" lon="-122.0497910">
    <ele>138.5</ele>
    <time>2024-05-24T20:37:22Z</time>
   </trkpt>
   <trkpt lat="47.3842670" lon="-122.0497850">
    <ele>138.5</ele>
    <time>2024-05-24T20:37:23Z</time>
   </trkpt>
   <trkpt lat="47.3842490" lon="-122.0497850">
    <ele>138.6</ele>
    <time>2024-05-24T20:37:24Z</time>
   </trkpt>
   <trkpt lat="47.3842310" lon="-122.0497870">
    <ele>138.6</ele>
    <time>2024-05-24T20:37:25Z</time>
   </trkpt>
   <trkpt lat="47.3842130" lon="-122.0497740">
    <ele>138.6</ele>
    <time>2024-05-24T20:37:26Z</time>
   </trkpt>
   <trkpt lat="47.3841970" lon="-122.0497710">
    <ele>138.6</ele>
    <time>2024-05-24T20:37:27Z</time>
   </trkpt>
   <trkpt lat="47.3841830" lon="-122.0497660">
    <ele>138.6</ele>
    <time>2024-05-24T20:37:28Z</time>
   </trkpt>
   <trkpt lat="47.3841670" lon="-122.0497610">
    <ele>138.6</ele>
    <time>2024-05-24T20:37:29Z</time>
   </trkpt>
   <trkpt lat="47.3841560" lon="-122.0497520">
    <ele>138.7</ele>
    <time>2024-05-24T20:37:30Z</time>
   </trkpt>
   <trkpt lat="47.3841430" lon="-122.0497390">
    <ele>138.7</ele>
    <time>2024-05-24T20:37:31Z</time>
   </trkpt>
   <trkpt lat="47.3841280" lon="-122.0497320">
    <ele>138.7</ele>
    <time>2024-05-24T20:37:32Z</time>
   </trkpt>
   <trkpt lat="47.3841110" lon="-122.0497340">
    <ele>138.7</ele>
    <time>2024-05-24T20:37:33Z</time>
   </trkpt>
   <trkpt lat="47.3840950" lon="-122.0497390">
    <ele>138.8</ele>
    <time>2024-05-24T20:37:34Z</time>
   </trkpt>
   <trkpt lat="47.3840810" lon="-122.0497370">
    <ele>138.8</ele>
    <time>2024-05-24T20:37:35Z</time>
   </trkpt>
   <trkpt lat="47.3840570" lon="-122.0497310">
    <ele>138.8</ele>
    <time>2024-05-24T20:37:36Z</time>
   </trkpt>
   <trkpt lat="47.3840510" lon="-122.0497270">
    <ele>138.9</ele>
    <time>2024-05-24T20:37:37Z</time>
   </trkpt>
   <trkpt lat="47.3840450" lon="-122.0497220">
    <ele>138.9</ele>
    <time>2024-05-24T20:37:38Z</time>
   </trkpt>
   <trkpt lat="47.3840220" lon="-122.0497090">
    <ele>138.9</ele>
    <time>2024-05-24T20:37:39Z</time>
   </trkpt>
   <trkpt lat="47.3840140" lon="-122.0497040">
    <ele>138.9</ele>
    <time>2024-05-24T20:37:40Z</time>
   </trkpt>
   <trkpt lat="47.3840050" lon="-122.0496990">
    <ele>139.0</ele>
    <time>2024-05-24T20:37:41Z</time>
   </trkpt>
   <trkpt lat="47.3839820" lon="-122.0496960">
    <ele>139.0</ele>
    <time>2024-05-24T20:37:42Z</time>
   </trkpt>
   <trkpt lat="47.3839740" lon="-122.0496960">
    <ele>139.0</ele>
    <time>2024-05-24T20:37:43Z</time>
   </trkpt>
   <trkpt lat="47.3839660" lon="-122.0496960">
    <ele>139.0</ele>
    <time>2024-05-24T20:37:44Z</time>
   </trkpt>
   <trkpt lat="47.3839450" lon="-122.0496920">
    <ele>139.1</ele>
    <time>2024-05-24T20:37:45Z</time>
   </trkpt>
   <trkpt lat="47.3839360" lon="-122.0496910">
    <ele>139.1</ele>
    <time>2024-05-24T20:37:46Z</time>
   </trkpt>
   <trkpt lat="47.3839270" lon="-122.0496900">
    <ele>139.1</ele>
    <time>2024-05-24T20:37:47Z</time>
   </trkpt>
   <trkpt lat="47.3839150" lon="-122.0496820">
    <ele>139.1</ele>
    <time>2024-05-24T20:37:48Z</time>
   </trkpt>
   <trkpt lat="47.3839020" lon="-122.0496660">
    <ele>139.2</ele>
    <time>2024-05-24T20:37:49Z</time>
   </trkpt>
   <trkpt lat="47.3838900" lon="-122.0496510">
    <ele>139.2</ele>
    <time>2024-05-24T20:37:50Z</time>
   </trkpt>
   <trkpt lat="47.3838770" lon="-122.0496480">
    <ele>139.2</ele>
    <time>2024-05-24T20:37:51Z</time>
   </trkpt>
   <trkpt lat="47.3838590" lon="-122.0496340">
    <ele>139.3</ele>
    <time>2024-05-24T20:37:52Z</time>
   </trkpt>
   <trkpt lat="47.3838440" lon="-122.0496300">
    <ele>139.3</ele>
    <time>2024-05-24T20:37:53Z</time>
   </trkpt>
   <trkpt lat="47.3838300" lon="-122.0496220">
    <ele>139.3</ele>
    <time>2024-05-24T20:37:54Z</time>
   </trkpt>
   <trkpt lat="47.3838190" lon="-122.0496160">
    <ele>139.4</ele>
    <time>2024-05-24T20:37:55Z</time>
   </trkpt>
   <trkpt lat="47.3838090" lon="-122.0496270">
    <ele>139.4</ele>
    <time>2024-05-24T20:37:56Z</time>
   </trkpt>
   <trkpt lat="47.3837900" lon="-122.0496140">
    <ele>139.4</ele>
    <time>2024-05-24T20:37:57Z</time>
   </trkpt>
   <trkpt lat="47.3837810" lon="-122.0496120">
    <ele>139.4</ele>
    <time>2024-05-24T20:37:58Z</time>
   </trkpt>
   <trkpt lat="47.3837720" lon="-122.0496100">
    <ele>139.5</ele>
    <time>2024-05-24T20:37:59Z</time>
   </trkpt>
   <trkpt lat="47.3837520" lon="-122.0496070">
    <ele>139.5</ele>
    <time>2024-05-24T20:38:00Z</time>
   </trkpt>
   <trkpt lat="47.3837430" lon="-122.0496030">
    <ele>139.5</ele>
    <time>2024-05-24T20:38:01Z</time>
   </trkpt>
   <trkpt lat="47.3837350" lon="-122.0496000">
    <ele>139.5</ele>
    <time>2024-05-24T20:38:02Z</time>
   </trkpt>
   <trkpt lat="47.3837210" lon="-122.0495940">
    <ele>139.6</ele>
    <time>2024-05-24T20:38:03Z</time>
   </trkpt>
   <trkpt lat="47.3837070" lon="-122.0495960">
    <ele>139.6</ele>
    <time>2024-05-24T20:38:04Z</time>
   </trkpt>
   <trkpt lat="47.3836840" lon="-122.0495930">
    <ele>139.6</ele>
    <time>2024-05-24T20:38:05Z</time>
   </trkpt>
   <trkpt lat="47.3836750" lon="-122.0495900">
    <ele>139.7</ele>
    <time>2024-05-24T20:38:06Z</time>
   </trkpt>
   <trkpt lat="47.3836660" lon="-122.0495880">
    <ele>139.7</ele>
    <time>2024-05-24T20:38:07Z</time>
   </trkpt>
   <trkpt lat="47.3836540" lon="-122.0495780">
    <ele>139.7</ele>
    <time>2024-05-24T20:38:08Z</time>
   </trkpt>
   <trkpt lat="47.3836400" lon="-122.0495610">
    <ele>139.7</ele>
    <time>2024-05-24T20:38:09Z</time>
   </trkpt>
   <trkpt lat="47.3836270" lon="-122.0495500">
    <ele>139.8</ele>
    <time>2024-05-24T20:38:10Z</time>
   </trkpt>
   <trkpt lat="47.3836130" lon="-122.0495410">
    <ele>139.8</ele>
    <time>2024-05-24T20:38:11Z</time>
   </trkpt>
   <trkpt lat="47.3835920" lon="-122.0495340">
    <ele>139.8</ele>
    <time>2024-05-24T20:38:12Z</time>
   </trkpt>
   <trkpt lat="47.3835830" lon="-122.0495280">
    <ele>139.8</ele>
    <time>2024-05-24T20:38:13Z</time>
   </trkpt>
   <trkpt lat="47.3835740" lon="-122.0495220">
    <ele>139.8</ele>
    <time>2024-05-24T20:38:14Z</time>
   </trkpt>
   <trkpt lat="47.3835590" lon="-122.0495090">
    <ele>139.9</ele>
    <time>2024-05-24T20:38:15Z</time>
   </trkpt>
   <trkpt lat="47.3835470" lon="-122.0494920">
    <ele>139.9</ele>
    <time>2024-05-24T20:38:16Z</time>
   </trkpt>
   <trkpt lat="47.3835340" lon="-122.0494870">
    <ele>139.9</ele>
    <time>2024-05-24T20:38:17Z</time>
   </trkpt>
   <trkpt lat="47.3835200" lon="-122.0494820">
    <ele>139.9</ele>
    <time>2024-05-24T20:38:18Z</time>
   </trkpt>
   <trkpt lat="47.3835080" lon="-122.0494690">
    <ele>139.9</ele>
    <time>2024-05-24T20:38:19Z</time>
   </trkpt>
   <trkpt lat="47.3834960" lon="-122.0494620">
    <ele>139.9</ele>
    <time>2024-05-24T20:38:20Z</time>
   </trkpt>
   <trkpt lat="47.3834810" lon="-122.0494650">
    <ele>140.0</ele>
    <time>2024-05-24T20:38:21Z</time>
   </trkpt>
   <trkpt lat="47.3834680" lon="-122.0494590">
    <ele>140.0</ele>
    <time>2024-05-24T20:38:22Z</time>
   </trkpt>
   <trkpt lat="47.3834540" lon="-122.0494440">
    <ele>140.0</ele>
    <time>2024-05-24T20:38:23Z</time>
   </trkpt>
   <trkpt lat="47.3834410" lon="-122.0494280">
    <ele>140.0</ele>
    <time>2024-05-24T20:38:24Z</time>
   </trkpt>
   <trkpt lat="47.3834270" lon="-122.0494220">
    <ele>140.0</ele>
    <time>2024-05-24T20:38:25Z</time>
   </trkpt>
   <trkpt lat="47.3834140" lon="-122.0494180">
    <ele>140.1</ele>
    <time>2024-05-24T20:38:26Z</time>
   </trkpt>
   <trkpt lat="47.3834000" lon="-122.0494070">
    <ele>140.1</ele>
    <time>2024-05-24T20:38:27Z</time>
   </trkpt>
   <trkpt lat="47.3833870" lon="-122.0493970">
    <ele>140.1</ele>
    <time>2024-05-24T20:38:28Z</time>
   </trkpt>
   <trkpt lat="47.3833730" lon="-122.0493860">
    <ele>140.1</ele>
    <time>2024-05-24T20:38:29Z</time>
   </trkpt>
   <trkpt lat="47.3833610" lon="-122.0493620">
    <ele>140.1</ele>
    <time>2024-05-24T20:38:30Z</time>
   </trkpt>
   <trkpt lat="47.3833420" lon="-122.0493460">
    <ele>140.2</ele>
    <time>2024-05-24T20:38:31Z</time>
   </trkpt>
   <trkpt lat="47.3833330" lon="-122.0493400">
    <ele>140.2</ele>
    <time>2024-05-24T20:38:32Z</time>
   </trkpt>
   <trkpt lat="47.3833240" lon="-122.0493330">
    <ele>140.2</ele>
    <time>2024-05-24T20:38:33Z</time>
   </trkpt>
   <trkpt lat="47.3833120" lon="-122.0493190">
    <ele>140.2</ele>
    <time>2024-05-24T20:38:34Z</time>
   </trkpt>
   <trkpt lat="47.3832970" lon="-122.0493180">
    <ele>140.2</ele>
    <time>2024-05-24T20:38:35Z</time>
   </trkpt>
   <trkpt lat="47.3832780" lon="-122.0493120">
    <ele>140.3</ele>
    <time>2024-05-24T20:38:36Z</time>
   </trkpt>
   <trkpt lat="47.3832700" lon="-122.0493070">
    <ele>140.3</ele>
    <time>2024-05-24T20:38:37Z</time>
   </trkpt>
   <trkpt lat="47.3832630" lon="-122.0493020">
    <ele>140.3</ele>
    <time>2024-05-24T20:38:38Z</time>
   </trkpt>
   <trkpt lat="47.3832490" lon="-122.0492890">
    <ele>140.3</ele>
    <time>2024-05-24T20:38:39Z</time>
   </trkpt>
   <trkpt lat="47.3832380" lon="-122.0492820">
    <ele>140.3</ele>
    <time>2024-05-24T20:38:40Z</time>
   </trkpt>
   <trkpt lat="47.3832280" lon="-122.0492750">
    <ele>140.4</ele>
    <time>2024-05-24T20:38:41Z</time>
   </trkpt>
   <trkpt lat="47.3832180" lon="-122.0492670">
    <ele>140.4</ele>
    <time>2024-05-24T20:38:42Z</time>
   </trkpt>
   <trkpt lat="47.3831940" lon="-122.0492500">
    <ele>140.4</ele>
    <time>2024-05-24T20:38:43Z</time>
   </trkpt>
   <trkpt lat="47.3831830" lon="-122.0492440">
    <ele>140.4</ele>
    <time>2024-05-24T20:38:44Z</time>
   </trkpt>
   <trkpt lat="47.3831700" lon="-122.0492310">
    <ele>140.5</ele>
    <time>2024-05-24T20:38:45Z</time>
   </trkpt>
   <trkpt lat="47.3831590" lon="-122.0492140">
    <ele>140.5</ele>
    <time>2024-05-24T20:38:46Z</time>
   </trkpt>
   <trkpt lat="47.3831440" lon="-122.0492020">
    <ele>140.5</ele>
    <time>2024-05-24T20:38:47Z</time>
   </trkpt>
   <trkpt lat="47.3831280" lon="-122.0491910">
    <ele>140.6</ele>
    <time>2024-05-24T20:38:48Z</time>
   </trkpt>
   <trkpt lat="47.3831120" lon="-122.0491850">
    <ele>140.6</ele>
    <time>2024-05-24T20:38:49Z</time>
   </trkpt>
   <trkpt lat="47.3830960" lon="-122.0491750">
    <ele>140.6</ele>
    <time>2024-05-24T20:38:50Z</time>
   </trkpt>
   <trkpt lat="47.3830830" lon="-122.0491650">
    <ele>140.7</ele>
    <time>2024-05-24T20:38:51Z</time>
   </trkpt>
   <trkpt lat="47.3830700" lon="-122.0491500">
    <ele>140.7</ele>
    <time>2024-05-24T20:38:52Z</time>
   </trkpt>
   <trkpt lat="47.3830560" lon="-122.0491420">
    <ele>140.7</ele>
    <time>2024-05-24T20:38:53Z</time>
   </trkpt>
   <trkpt lat="47.3830440" lon="-122.0491290">
    <ele>140.7</ele>
    <time>2024-05-24T20:38:54Z</time>
   </trkpt>
   <trkpt lat="47.3830300" lon="-122.0491190">
    <ele>140.8</ele>
    <time>2024-05-24T20:38:55Z</time>
   </trkpt>
   <trkpt lat="47.3830160" lon="-122.0491110">
    <ele>140.8</ele>
    <time>2024-05-24T20:38:56Z</time>
   </trkpt>
   <trkpt lat="47.3829980" lon="-122.0491040">
    <ele>140.8</ele>
    <time>2024-05-24T20:38:57Z</time>
   </trkpt>
   <trkpt lat="47.3829840" lon="-122.0490910">
    <ele>140.9</ele>
    <time>2024-05-24T20:38:58Z</time>
   </trkpt>
   <trkpt lat="47.3829710" lon="-122.0490810">
    <ele>140.9</ele>
    <time>2024-05-24T20:38:59Z</time>
   </trkpt>
   <trkpt lat="47.3829570" lon="-122.0490770">
    <ele>140.9</ele>
    <time>2024-05-24T20:39:00Z</time>
   </trkpt>
   <trkpt lat="47.3829380" lon="-122.0490600">
    <ele>140.9</ele>
    <time>2024-05-24T20:39:01Z</time>
   </trkpt>
   <trkpt lat="47.3829310" lon="-122.0490500">
    <ele>141.0</ele>
    <time>2024-05-24T20:39:02Z</time>
   </trkpt>
   <trkpt lat="47.3829240" lon="-122.0490400">
    <ele>141.0</ele>
    <time>2024-05-24T20:39:03Z</time>
   </trkpt>
   <trkpt lat="47.3829140" lon="-122.0490200">
    <ele>141.0</ele>
    <time>2024-05-24T20:39:04Z</time>
   </trkpt>
   <trkpt lat="47.3829030" lon="-122.0490040">
    <ele>141.0</ele>
    <time>2024-05-24T20:39:05Z</time>
   </trkpt>
   <trkpt lat="47.3828870" lon="-122.0489980">
    <ele>141.0</ele>
    <time>2024-05-24T20:39:06Z</time>
   </trkpt>
   <trkpt lat="47.3828750" lon="-122.0489840">
    <ele>141.1</ele>
    <time>2024-05-24T20:39:07Z</time>
   </trkpt>
   <trkpt lat="47.3828630" lon="-122.0489650">
    <ele>141.1</ele>
    <time>2024-05-24T20:39:08Z</time>
   </trkpt>
   <trkpt lat="47.3828500" lon="-122.0489540">
    <ele>141.1</ele>
    <time>2024-05-24T20:39:09Z</time>
   </trkpt>
   <trkpt lat="47.3828430" lon="-122.0489340">
    <ele>141.1</ele>
    <time>2024-05-24T20:39:10Z</time>
   </trkpt>
   <trkpt lat="47.3828310" lon="-122.0489230">
    <ele>141.1</ele>
    <time>2024-05-24T20:39:11Z</time>
   </trkpt>
   <trkpt lat="47.3828160" lon="-122.0489220">
    <ele>141.2</ele>
    <time>2024-05-24T20:39:12Z</time>
   </trkpt>
   <trkpt lat="47.3828050" lon="-122.0489130">
    <ele>141.2</ele>
    <time>2024-05-24T20:39:13Z</time>
   </trkpt>
   <trkpt lat="47.3827870" lon="-122.0488980">
    <ele>141.2</ele>
    <time>2024-05-24T20:39:14Z</time>
   </trkpt>
   <trkpt lat="47.3827790" lon="-122.0488940">
    <ele>141.2</ele>
    <time>2024-05-24T20:39:15Z</time>
   </trkpt>
   <trkpt lat="47.3827720" lon="-122.0488890">
    <ele>141.2</ele>
    <time>2024-05-24T20:39:16Z</time>
   </trkpt>
   <trkpt lat="47.3827610" lon="-122.0488720">
    <ele>141.2</ele>
    <time>2024-05-24T20:39:17Z</time>
   </trkpt>
   <trkpt lat="47.3827500" lon="-122.0488630">
    <ele>141.3</ele>
    <time>2024-05-24T20:39:18Z</time>
   </trkpt>
   <trkpt lat="47.3827240" lon="-122.0488490">
    <ele>141.3</ele>
    <time>2024-05-24T20:39:19Z</time>
   </trkpt>
   <trkpt lat="47.3827170" lon="-122.0488420">
    <ele>141.3</ele>
    <time>2024-05-24T20:39:20Z</time>
   </trkpt>
   <trkpt lat="47.3827030" lon="-122.0488290">
    <ele>141.3</ele>
    <time>2024-05-24T20:39:21Z</time>
   </trkpt>
   <trkpt lat="47.3826920" lon="-122.0488080">
    <ele>141.3</ele>
    <time>2024-05-24T20:39:22Z</time>
   </trkpt>
   <trkpt lat="47.3826840" lon="-122.0487880">
    <ele>141.4</ele>
    <time>2024-05-24T20:39:23Z</time>
   </trkpt>
   <trkpt lat="47.3826750" lon="-122.0487680">
    <ele>141.4</ele>
    <time>2024-05-24T20:39:24Z</time>
   </trkpt>
   <trkpt lat="47.3826640" lon="-122.0487590">
    <ele>141.4</ele>
    <time>2024-05-24T20:39:25Z</time>
   </trkpt>
   <trkpt lat="47.3826480" lon="-122.0487450">
    <ele>141.4</ele>
    <time>2024-05-24T20:39:26Z</time>
   </trkpt>
   <trkpt lat="47.3826340" lon="-122.0487420">
    <ele>141.5</ele>
    <time>2024-05-24T20:39:27Z</time>
   </trkpt>
   <trkpt lat="47.3826210" lon="-122.0487290">
    <ele>141.5</ele>
    <time>2024-05-24T20:39:28Z</time>
   </trkpt>
   <trkpt lat="47.3826060" lon="-122.0487170">
    <ele>141.5</ele>
    <time>2024-05-24T20:39:29Z</time>
   </trkpt>
   <trkpt lat="47.3825950" lon="-122.0487070">
    <ele>141.5</ele>
    <time>2024-05-24T20:39:30Z</time>
   </trkpt>
   <trkpt lat="47.3825820" lon="-122.0486940">
    <ele>141.5</ele>
    <time>2024-05-24T20:39:31Z</time>
   </trkpt>
   <trkpt lat="47.3825720" lon="-122.0486740">
    <ele>141.6</ele>
    <time>2024-05-24T20:39:32Z</time>
   </trkpt>
   <trkpt lat="47.3825630" lon="-122.0486510">
    <ele>141.6</ele>
    <time>2024-05-24T20:39:33Z</time>
   </trkpt>
   <trkpt lat="47.3825470" lon="-122.0486500">
    <ele>141.7</ele>
    <time>2024-05-24T20:39:34Z</time>
   </trkpt>
   <trkpt lat="47.3825300" lon="-122.0486510">
    <ele>141.7</ele>
    <time>2024-05-24T20:39:35Z</time>
   </trkpt>
   <trkpt lat="47.3825190" lon="-122.0486530">
    <ele>141.7</ele>
    <time>2024-05-24T20:39:36Z</time>
   </trkpt>
   <trkpt lat="47.3824980" lon="-122.0486430">
    <ele>141.8</ele>
    <time>2024-05-24T20:39:37Z</time>
   </trkpt>
   <trkpt lat="47.3824910" lon="-122.0486360">
    <ele>141.8</ele>
    <time>2024-05-24T20:39:38Z</time>
   </trkpt>
   <trkpt lat="47.3824840" lon="-122.0486290">
    <ele>141.8</ele>
    <time>2024-05-24T20:39:39Z</time>
   </trkpt>
   <trkpt lat="47.3824660" lon="-122.0486170">
    <ele>141.8</ele>
    <time>2024-05-24T20:39:40Z</time>
   </trkpt>
   <trkpt lat="47.3824580" lon="-122.0486110">
    <ele>141.9</ele>
    <time>2024-05-24T20:39:41Z</time>
   </trkpt>
   <trkpt lat="47.3824510" lon="-122.0486050">
    <ele>141.9</ele>
    <time>2024-05-24T20:39:42Z</time>
   </trkpt>
   <trkpt lat="47.3824410" lon="-122.0485860">
    <ele>141.9</ele>
    <time>2024-05-24T20:39:43Z</time>
   </trkpt>
   <trkpt lat="47.3824280" lon="-122.0485740">
    <ele>142.0</ele>
    <time>2024-05-24T20:39:44Z</time>
   </trkpt>
   <trkpt lat="47.3824100" lon="-122.0485520">
    <ele>142.0</ele>
    <time>2024-05-24T20:39:45Z</time>
   </trkpt>
   <trkpt lat="47.3824020" lon="-122.0485430">
    <ele>142.1</ele>
    <time>2024-05-24T20:39:46Z</time>
   </trkpt>
   <trkpt lat="47.3823940" lon="-122.0485340">
    <ele>142.1</ele>
    <time>2024-05-24T20:39:47Z</time>
   </trkpt>
   <trkpt lat="47.3823810" lon="-122.0485170">
    <ele>142.1</ele>
    <time>2024-05-24T20:39:48Z</time>
   </trkpt>
   <trkpt lat="47.3823700" lon="-122.0485000">
    <ele>142.2</ele>
    <time>2024-05-24T20:39:49Z</time>
   </trkpt>
   <trkpt lat="47.3823600" lon="-122.0484860">
    <ele>142.2</ele>
    <time>2024-05-24T20:39:50Z</time>
   </trkpt>
   <trkpt lat="47.3823460" lon="-122.0484760">
    <ele>142.2</ele>
    <time>2024-05-24T20:39:51Z</time>
   </trkpt>
   <trkpt lat="47.3823310" lon="-122.0484650">
    <ele>142.3</ele>
    <time>2024-05-24T20:39:52Z</time>
   </trkpt>
   <trkpt lat="47.3823180" lon="-122.0484530">
    <ele>142.3</ele>
    <time>2024-05-24T20:39:53Z</time>
   </trkpt>
   <trkpt lat="47.3823040" lon="-122.0484410">
    <ele>142.4</ele>
    <time>2024-05-24T20:39:54Z</time>
   </trkpt>
   <trkpt lat="47.3822920" lon="-122.0484280">
    <ele>142.4</ele>
    <time>2024-05-24T20:39:55Z</time>
   </trkpt>
   <trkpt lat="47.3822800" lon="-122.0484140">
    <ele>142.4</ele>
    <time>2024-05-24T20:39:56Z</time>
   </trkpt>
   <trkpt lat="47.3822680" lon="-122.0484010">
    <ele>142.5</ele>
    <time>2024-05-24T20:39:57Z</time>
   </trkpt>
   <trkpt lat="47.3822580" lon="-122.0483870">
    <ele>142.5</ele>
    <time>2024-05-24T20:39:58Z</time>
   </trkpt>
   <trkpt lat="47.3822500" lon="-122.0483700">
    <ele>142.5</ele>
    <time>2024-05-24T20:39:59Z</time>
   </trkpt>
   <trkpt lat="47.3822400" lon="-122.0483540">
    <ele>142.5</ele>
    <time>2024-05-24T20:40:00Z</time>
   </trkpt>
   <trkpt lat="47.3822260" lon="-122.0483470">
    <ele>142.6</ele>
    <time>2024-05-24T20:40:01Z</time>
   </trkpt>
   <trkpt lat="47.3822080" lon="-122.0483290">
    <ele>142.6</ele>
    <time>2024-05-24T20:40:02Z</time>
   </trkpt>
   <trkpt lat="47.3822010" lon="-122.0483200">
    <ele>142.6</ele>
    <time>2024-05-24T20:40:03Z</time>
   </trkpt>
   <trkpt lat="47.3821940" lon="-122.0483110">
    <ele>142.6</ele>
    <time>2024-05-24T20:40:04Z</time>
   </trkpt>
   <trkpt lat="47.3821840" lon="-122.0482950">
    <ele>142.7</ele>
    <time>2024-05-24T20:40:05Z</time>
   </trkpt>
   <trkpt lat="47.3821720" lon="-122.0482840">
    <ele>142.7</ele>
    <time>2024-05-24T20:40:06Z</time>
   </trkpt>
   <trkpt lat="47.3821570" lon="-122.0482700">
    <ele>142.7</ele>
    <time>2024-05-24T20:40:07Z</time>
   </trkpt>
   <trkpt lat="47.3821450" lon="-122.0482500">
    <ele>142.7</ele>
    <time>2024-05-24T20:40:08Z</time>
   </trkpt>
   <trkpt lat="47.3821310" lon="-122.0482330">
    <ele>142.8</ele>
    <time>2024-05-24T20:40:09Z</time>
   </trkpt>
   <trkpt lat="47.3821220" lon="-122.0482270">
    <ele>142.8</ele>
    <time>2024-05-24T20:40:10Z</time>
   </trkpt>
   <trkpt lat="47.3821130" lon="-122.0482210">
    <ele>142.8</ele>
    <time>2024-05-24T20:40:11Z</time>
   </trkpt>
   <trkpt lat="47.3821070" lon="-122.0482130">
    <ele>142.8</ele>
    <time>2024-05-24T20:40:12Z</time>
   </trkpt>
   <trkpt lat="47.3820970" lon="-122.0482020">
    <ele>142.8</ele>
    <time>2024-05-24T20:40:13Z</time>
   </trkpt>
   <trkpt lat="47.3820870" lon="-122.0481900">
    <ele>142.8</ele>
    <time>2024-05-24T20:40:14Z</time>
   </trkpt>
   <trkpt lat="47.3820730" lon="-122.0481820">
    <ele>142.8</ele>
    <time>2024-05-24T20:40:15Z</time>
   </trkpt>
   <trkpt lat="47.3820630" lon="-122.0481720">
    <ele>142.9</ele>
    <time>2024-05-24T20:40:16Z</time>
   </trkpt>
   <trkpt lat="47.3820540" lon="-122.0481630">
    <ele>142.9</ele>
    <time>2024-05-24T20:40:18Z</time>
   </trkpt>
   <trkpt lat="47.3820380" lon="-122.0481460">
    <ele>142.9</ele>
    <time>2024-05-24T20:40:19Z</time>
   </trkpt>
   <trkpt lat="47.3820300" lon="-122.0481380">
    <ele>142.9</ele>
    <time>2024-05-24T20:40:20Z</time>
   </trkpt>
   <trkpt lat="47.3820220" lon="-122.0481290">
    <ele>142.9</ele>
    <time>2024-05-24T20:40:21Z</time>
   </trkpt>
   <trkpt lat="47.3819320" lon="-122.0480260">
    <ele>142.9</ele>
    <time>2024-05-24T20:40:31Z</time>
   </trkpt>
   <trkpt lat="47.3819350" lon="-122.0480180">
    <ele>142.9</ele>
    <time>2024-05-24T20:40:50Z</time>
   </trkpt>
   <trkpt lat="47.3819370" lon="-122.0480090">
    <ele>142.9</ele>
    <time>2024-05-24T20:40:51Z</time>
   </trkpt>
   <trkpt lat="47.3819400" lon="-122.0480000">
    <ele>142.9</ele>
    <time>2024-05-24T20:40:52Z</time>
   </trkpt>
   <trkpt lat="47.3819420" lon="-122.0479920">
    <ele>142.9</ele>
    <time>2024-05-24T20:40:53Z</time>
   </trkpt>
   <trkpt lat="47.3819440" lon="-122.0479830">
    <ele>142.9</ele>
    <time>2024-05-24T20:40:54Z</time>
   </trkpt>
   <trkpt lat="47.3819470" lon="-122.0479740">
    <ele>142.9</ele>
    <time>2024-05-24T20:40:55Z</time>
   </trkpt>
   <trkpt lat="47.3819490" lon="-122.0479660">
    <ele>142.9</ele>
    <time>2024-05-24T20:40:56Z</time>
   </trkpt>
   <trkpt lat="47.3819510" lon="-122.0479570">
    <ele>142.9</ele>
    <time>2024-05-24T20:40:57Z</time>
   </trkpt>
   <trkpt lat="47.3819540" lon="-122.0479480">
    <ele>142.9</ele>
    <time>2024-05-24T20:40:58Z</time>
   </trkpt>
   <trkpt lat="47.3819560" lon="-122.0479400">
    <ele>142.9</ele>
    <time>2024-05-24T20:40:59Z</time>
   </trkpt>
   <trkpt lat="47.3819580" lon="-122.0479310">
    <ele>142.9</ele>
    <time>2024-05-24T20:41:00Z</time>
   </trkpt>
   <trkpt lat="47.3819610" lon="-122.0479230">
    <ele>142.9</ele>
    <time>2024-05-24T20:41:01Z</time>
   </trkpt>
   <trkpt lat="47.3819630" lon="-122.0479140">
    <ele>142.9</ele>
    <time>2024-05-24T20:41:02Z</time>
   </trkpt>
   <trkpt lat="47.3819660" lon="-122.0479050">
    <ele>142.9</ele>
    <time>2024-05-24T20:41:03Z</time>
   </trkpt>
   <trkpt lat="47.3819680" lon="-122.0478970">
    <ele>142.9</ele>
    <time>2024-05-24T20:41:04Z</time>
   </trkpt>
   <trkpt lat="47.3819700" lon="-122.0478880">
    <ele>142.9</ele>
    <time>2024-05-24T20:41:05Z</time>
   </trkpt>
   <trkpt lat="47.3819730" lon="-122.0478790">
    <ele>142.9</ele>
    <time>2024-05-24T20:41:06Z</time>
   </trkpt>
   <trkpt lat="47.3819750" lon="-122.0478710">
    <ele>142.9</ele>
    <time>2024-05-24T20:41:07Z</time>
   </trkpt>
   <trkpt lat="47.3819770" lon="-122.0478620">
    <ele>142.9</ele>
    <time>2024-05-24T20:41:08Z</time>
   </trkpt>
   <trkpt lat="47.3819800" lon="-122.0478530">
    <ele>142.9</ele>
    <time>2024-05-24T20:41:09Z</time>
   </trkpt>
   <trkpt lat="47.3819820" lon="-122.0478450">
    <ele>142.9</ele>
    <time>2024-05-24T20:41:10Z</time>
   </trkpt>
   <trkpt lat="47.3819840" lon="-122.0478360">
    <ele>142.9</ele>
    <time>2024-05-24T20:41:11Z</time>
   </trkpt>
   <trkpt lat="47.3819870" lon="-122.0478270">
    <ele>142.9</ele>
    <time>2024-05-24T20:41:12Z</time>
   </trkpt>
   <trkpt lat="47.3819890" lon="-122.0478190">
    <ele>142.9</ele>
    <time>2024-05-24T20:41:13Z</time>
   </trkpt>
   <trkpt lat="47.3819660" lon="-122.0477550">
    <ele>143.0</ele>
    <time>2024-05-24T20:41:14Z</time>
   </trkpt>
   <trkpt lat="47.3819430" lon="-122.0477310">
    <ele>143.0</ele>
    <time>2024-05-24T20:41:15Z</time>
   </trkpt>
   <trkpt lat="47.3819170" lon="-122.0477140">
    <ele>143.0</ele>
    <time>2024-05-24T20:41:16Z</time>
   </trkpt>
   <trkpt lat="47.3818800" lon="-122.0476920">
    <ele>143.0</ele>
    <time>2024-05-24T20:41:17Z</time>
   </trkpt>
   <trkpt lat="47.3818770" lon="-122.0476650">
    <ele>143.0</ele>
    <time>2024-05-24T20:41:18Z</time>
   </trkpt>
   <trkpt lat="47.3818620" lon="-122.0476620">
    <ele>143.0</ele>
    <time>2024-05-24T20:41:19Z</time>
   </trkpt>
   <trkpt lat="47.3818480" lon="-122.0476580">
    <ele>143.0</ele>
    <time>2024-05-24T20:41:20Z</time>
   </trkpt>
   <trkpt lat="47.3818550" lon="-122.0476440">
    <ele>143.0</ele>
    <time>2024-05-24T20:41:21Z</time>
   </trkpt>
   <trkpt lat="47.3818140" lon="-122.0476600">
    <ele>143.0</ele>
    <time>2024-05-24T20:41:22Z</time>
   </trkpt>
   <trkpt lat="47.3817920" lon="-122.0476550">
    <ele>143.0</ele>
    <time>2024-05-24T20:41:23Z</time>
   </trkpt>
   <trkpt lat="47.3817830" lon="-122.0476390">
    <ele>143.0</ele>
    <time>2024-05-24T20:41:24Z</time>
   </trkpt>
   <trkpt lat="47.3817860" lon="-122.0476110">
    <ele>143.0</ele>
    <time>2024-05-24T20:41:25Z</time>
   </trkpt>
   <trkpt lat="47.3817780" lon="-122.0475930">
    <ele>143.0</ele>
    <time>2024-05-24T20:41:26Z</time>
   </trkpt>
   <trkpt lat="47.3817670" lon="-122.0475680">
    <ele>143.0</ele>
    <time>2024-05-24T20:41:27Z</time>
   </trkpt>
   <trkpt lat="47.3817630" lon="-122.0475570">
    <ele>143.0</ele>
    <time>2024-05-24T20:41:28Z</time>
   </trkpt>
   <trkpt lat="47.3817580" lon="-122.0475460">
    <ele>143.0</ele>
    <time>2024-05-24T20:41:29Z</time>
   </trkpt>
   <trkpt lat="47.3817490" lon="-122.0475270">
    <ele>143.0</ele>
    <time>2024-05-24T20:41:30Z</time>
   </trkpt>
   <trkpt lat="47.3817390" lon="-122.0475090">
    <ele>143.0</ele>
    <time>2024-05-24T20:41:31Z</time>
   </trkpt>
   <trkpt lat="47.3817320" lon="-122.0474890">
    <ele>143.0</ele>
    <time>2024-05-24T20:41:32Z</time>
   </trkpt>
   <trkpt lat="47.3817290" lon="-122.0474680">
    <ele>143.0</ele>
    <time>2024-05-24T20:41:33Z</time>
   </trkpt>
   <trkpt lat="47.3817140" lon="-122.0474550">
    <ele>143.0</ele>
    <time>2024-05-24T20:41:34Z</time>
   </trkpt>
   <trkpt lat="47.3816990" lon="-122.0474430">
    <ele>143.0</ele>
    <time>2024-05-24T20:41:35Z</time>
   </trkpt>
   <trkpt lat="47.3816870" lon="-122.0474260">
    <ele>143.0</ele>
    <time>2024-05-24T20:41:36Z</time>
   </trkpt>
   <trkpt lat="47.3816750" lon="-122.0474150">
    <ele>143.0</ele>
    <time>2024-05-24T20:41:37Z</time>
   </trkpt>
   <trkpt lat="47.3816620" lon="-122.0473960">
    <ele>143.1</ele>
    <time>2024-05-24T20:41:38Z</time>
   </trkpt>
   <trkpt lat="47.3816530" lon="-122.0473760">
    <ele>143.1</ele>
    <time>2024-05-24T20:41:39Z</time>
   </trkpt>
   <trkpt lat="47.3816470" lon="-122.0473580">
    <ele>143.1</ele>
    <time>2024-05-24T20:41:40Z</time>
   </trkpt>
   <trkpt lat="47.3816390" lon="-122.0473370">
    <ele>143.1</ele>
    <time>2024-05-24T20:41:41Z</time>
   </trkpt>
   <trkpt lat="47.3816340" lon="-122.0473190">
    <ele>143.1</ele>
    <time>2024-05-24T20:41:42Z</time>
   </trkpt>
   <trkpt lat="47.3816280" lon="-122.0472990">
    <ele>143.1</ele>
    <time>2024-05-24T20:41:43Z</time>
   </trkpt>
   <trkpt lat="47.3816180" lon="-122.0472700">
    <ele>143.1</ele>
    <time>2024-05-24T20:41:44Z</time>
   </trkpt>
   <trkpt lat="47.3816150" lon="-122.0472580">
    <ele>143.1</ele>
    <time>2024-05-24T20:41:45Z</time>
   </trkpt>
   <trkpt lat="47.3816120" lon="-122.0472450">
    <ele>143.1</ele>
    <time>2024-05-24T20:41:46Z</time>
   </trkpt>
   <trkpt lat="47.3816060" lon="-122.0472260">
    <ele>143.1</ele>
    <time>2024-05-24T20:41:47Z</time>
   </trkpt>
   <trkpt lat="47.3816000" lon="-122.0472060">
    <ele>143.1</ele>
    <time>2024-05-24T20:41:48Z</time>
   </trkpt>
   <trkpt lat="47.3815920" lon="-122.0471860">
    <ele>143.2</ele>
    <time>2024-05-24T20:41:49Z</time>
   </trkpt>
   <trkpt lat="47.3815860" lon="-122.0471650">
    <ele>143.2</ele>
    <time>2024-05-24T20:41:50Z</time>
   </trkpt>
   <trkpt lat="47.3815700" lon="-122.0471520">
    <ele>143.2</ele>
    <time>2024-05-24T20:41:51Z</time>
   </trkpt>
   <trkpt lat="47.3815610" lon="-122.0471360">
    <ele>143.2</ele>
    <time>2024-05-24T20:41:52Z</time>
   </trkpt>
   <trkpt lat="47.3815520" lon="-122.0471050">
    <ele>143.2</ele>
    <time>2024-05-24T20:41:53Z</time>
   </trkpt>
   <trkpt lat="47.3815480" lon="-122.0470940">
    <ele>143.2</ele>
    <time>2024-05-24T20:41:54Z</time>
   </trkpt>
   <trkpt lat="47.3815440" lon="-122.0470830">
    <ele>143.3</ele>
    <time>2024-05-24T20:41:55Z</time>
   </trkpt>
   <trkpt lat="47.3815310" lon="-122.0470640">
    <ele>143.3</ele>
    <time>2024-05-24T20:41:56Z</time>
   </trkpt>
   <trkpt lat="47.3815250" lon="-122.0470420">
    <ele>143.3</ele>
    <time>2024-05-24T20:41:57Z</time>
   </trkpt>
   <trkpt lat="47.3815140" lon="-122.0470220">
    <ele>143.3</ele>
    <time>2024-05-24T20:41:58Z</time>
   </trkpt>
   <trkpt lat="47.3815120" lon="-122.0470010">
    <ele>143.3</ele>
    <time>2024-05-24T20:41:59Z</time>
   </trkpt>
   <trkpt lat="47.3815060" lon="-122.0469850">
    <ele>143.3</ele>
    <time>2024-05-24T20:42:00Z</time>
   </trkpt>
   <trkpt lat="47.3815030" lon="-122.0469760">
    <ele>143.4</ele>
    <time>2024-05-24T20:42:01Z</time>
   </trkpt>
   <trkpt lat="47.3815000" lon="-122.0469570">
    <ele>143.4</ele>
    <time>2024-05-24T20:42:02Z</time>
   </trkpt>
   <trkpt lat="47.3814980" lon="-122.0469330">
    <ele>143.4</ele>
    <time>2024-05-24T20:42:03Z</time>
   </trkpt>
   <trkpt lat="47.3814920" lon="-122.0469180">
    <ele>143.4</ele>
    <time>2024-05-24T20:42:04Z</time>
   </trkpt>
   <trkpt lat="47.3814760" lon="-122.0468930">
    <ele>143.4</ele>
    <time>2024-05-24T20:42:05Z</time>
   </trkpt>
   <trkpt lat="47.3814720" lon="-122.0468800">
    <ele>143.4</ele>
    <time>2024-05-24T20:42:06Z</time>
   </trkpt>
   <trkpt lat="47.3814570" lon="-122.0468610">
    <ele>143.5</ele>
    <time>2024-05-24T20:42:07Z</time>
   </trkpt>
   <trkpt lat="47.3814500" lon="-122.0468450">
    <ele>143.5</ele>
    <time>2024-05-24T20:42:08Z</time>
   </trkpt>
   <trkpt lat="47.3814450" lon="-122.0468230">
    <ele>143.5</ele>
    <time>2024-05-24T20:42:09Z</time>
   </trkpt>
   <trkpt lat="47.3814410" lon="-122.0468060">
    <ele>143.5</ele>
    <time>2024-05-24T20:42:10Z</time>
   </trkpt>
   <trkpt lat="47.3814320" lon="-122.0467860">
    <ele>143.5</ele>
    <time>2024-05-24T20:42:11Z</time>
   </trkpt>
   <trkpt lat="47.3814280" lon="-122.0467630">
    <ele>143.5</ele>
    <time>2024-05-24T20:42:12Z</time>
   </trkpt>
   <trkpt lat="47.3814200" lon="-122.0467480">
    <ele>143.6</ele>
    <time>2024-05-24T20:42:13Z</time>
   </trkpt>
   <trkpt lat="47.3814100" lon="-122.0467250">
    <ele>143.6</ele>
    <time>2024-05-24T20:42:14Z</time>
   </trkpt>
   <trkpt lat="47.3814020" lon="-122.0467160">
    <ele>143.6</ele>
    <time>2024-05-24T20:42:15Z</time>
   </trkpt>
   <trkpt lat="47.3813910" lon="-122.0466960">
    <ele>143.6</ele>
    <time>2024-05-24T20:42:16Z</time>
   </trkpt>
   <trkpt lat="47.3813820" lon="-122.0466680">
    <ele>143.6</ele>
    <time>2024-05-24T20:42:17Z</time>
   </trkpt>
   <trkpt lat="47.3813770" lon="-122.0466580">
    <ele>143.6</ele>
    <time>2024-05-24T20:42:18Z</time>
   </trkpt>
   <trkpt lat="47.3813710" lon="-122.0466480">
    <ele>143.7</ele>
    <time>2024-05-24T20:42:19Z</time>
   </trkpt>
   <trkpt lat="47.3813610" lon="-122.0466320">
    <ele>143.7</ele>
    <time>2024-05-24T20:42:20Z</time>
   </trkpt>
   <trkpt lat="47.3813590" lon="-122.0466070">
    <ele>143.7</ele>
    <time>2024-05-24T20:42:21Z</time>
   </trkpt>
   <trkpt lat="47.3813590" lon="-122.0465830">
    <ele>143.7</ele>
    <time>2024-05-24T20:42:22Z</time>
   </trkpt>
   <trkpt lat="47.3813510" lon="-122.0465620">
    <ele>143.7</ele>
    <time>2024-05-24T20:42:23Z</time>
   </trkpt>
   <trkpt lat="47.3813490" lon="-122.0465380">
    <ele>143.8</ele>
    <time>2024-05-24T20:42:24Z</time>
   </trkpt>
   <trkpt lat="47.3813350" lon="-122.0465250">
    <ele>143.8</ele>
    <time>2024-05-24T20:42:25Z</time>
   </trkpt>
   <trkpt lat="47.3813290" lon="-122.0465070">
    <ele>143.8</ele>
    <time>2024-05-24T20:42:26Z</time>
   </trkpt>
   <trkpt lat="47.3813270" lon="-122.0464840">
    <ele>143.8</ele>
    <time>2024-05-24T20:42:27Z</time>
   </trkpt>
   <trkpt lat="47.3813230" lon="-122.0464620">
    <ele>143.8</ele>
    <time>2024-05-24T20:42:28Z</time>
   </trkpt>
   <trkpt lat="47.3813100" lon="-122.0464450">
    <ele>143.9</ele>
    <time>2024-05-24T20:42:29Z</time>
   </trkpt>
   <trkpt lat="47.3813030" lon="-122.0464150">
    <ele>143.9</ele>
    <time>2024-05-24T20:42:30Z</time>
   </trkpt>
   <trkpt lat="47.3812990" lon="-122.0464040">
    <ele>143.9</ele>
    <time>2024-05-24T20:42:31Z</time>
   </trkpt>
   <trkpt lat="47.3812960" lon="-122.0463930">
    <ele>143.9</ele>
    <time>2024-05-24T20:42:32Z</time>
   </trkpt>
   <trkpt lat="47.3812880" lon="-122.0463620">
    <ele>143.9</ele>
    <time>2024-05-24T20:42:33Z</time>
   </trkpt>
   <trkpt lat="47.3812830" lon="-122.0463490">
    <ele>144.0</ele>
    <time>2024-05-24T20:42:34Z</time>
   </trkpt>
   <trkpt lat="47.3812790" lon="-122.0463360">
    <ele>144.0</ele>
    <time>2024-05-24T20:42:35Z</time>
   </trkpt>
   <trkpt lat="47.3812740" lon="-122.0463020">
    <ele>144.0</ele>
    <time>2024-05-24T20:42:36Z</time>
   </trkpt>
   <trkpt lat="47.3812720" lon="-122.0462900">
    <ele>144.0</ele>
    <time>2024-05-24T20:42:37Z</time>
   </trkpt>
   <trkpt lat="47.3812700" lon="-122.0462780">
    <ele>144.0</ele>
    <time>2024-05-24T20:42:38Z</time>
   </trkpt>
   <trkpt lat="47.3812660" lon="-122.0462590">
    <ele>144.0</ele>
    <time>2024-05-24T20:42:39Z</time>
   </trkpt>
   <trkpt lat="47.3812630" lon="-122.0462380">
    <ele>144.1</ele>
    <time>2024-05-24T20:42:40Z</time>
   </trkpt>
   <trkpt lat="47.3812640" lon="-122.0462180">
    <ele>144.1</ele>
    <time>2024-05-24T20:42:41Z</time>
   </trkpt>
   <trkpt lat="47.3812600" lon="-122.0461980">
    <ele>144.1</ele>
    <time>2024-05-24T20:42:42Z</time>
   </trkpt>
   <trkpt lat="47.3812530" lon="-122.0461830">
    <ele>144.1</ele>
    <time>2024-05-24T20:42:43Z</time>
   </trkpt>
   <trkpt lat="47.3812450" lon="-122.0461620">
    <ele>144.1</ele>
    <time>2024-05-24T20:42:44Z</time>
   </trkpt>
   <trkpt lat="47.3812410" lon="-122.0461370">
    <ele>144.1</ele>
    <time>2024-05-24T20:42:45Z</time>
   </trkpt>
   <trkpt lat="47.3812380" lon="-122.0461200">
    <ele>144.2</ele>
    <time>2024-05-24T20:42:46Z</time>
   </trkpt>
   <trkpt lat="47.3812350" lon="-122.0461050">
    <ele>144.2</ele>
    <time>2024-05-24T20:42:47Z</time>
   </trkpt>
   <trkpt lat="47.3812350" lon="-122.0460880">
    <ele>144.2</ele>
    <time>2024-05-24T20:42:48Z</time>
   </trkpt>
   <trkpt lat="47.3812280" lon="-122.0460690">
    <ele>144.2</ele>
    <time>2024-05-24T20:42:49Z</time>
   </trkpt>
   <trkpt lat="47.3812140" lon="-122.0460420">
    <ele>144.2</ele>
    <time>2024-05-24T20:42:50Z</time>
   </trkpt>
   <trkpt lat="47.3812060" lon="-122.0460320">
    <ele>144.3</ele>
    <time>2024-05-24T20:42:51Z</time>
   </trkpt>
   <trkpt lat="47.3811980" lon="-122.0460220">
    <ele>144.3</ele>
    <time>2024-05-24T20:42:52Z</time>
   </trkpt>
   <trkpt lat="47.3811910" lon="-122.0459960">
    <ele>144.3</ele>
    <time>2024-05-24T20:42:53Z</time>
   </trkpt>
   <trkpt lat="47.3811860" lon="-122.0459860">
    <ele>144.3</ele>
    <time>2024-05-24T20:42:54Z</time>
   </trkpt>
   <trkpt lat="47.3811810" lon="-122.0459750">
    <ele>144.3</ele>
    <time>2024-05-24T20:42:55Z</time>
   </trkpt>
   <trkpt lat="47.3811680" lon="-122.0459410">
    <ele>144.4</ele>
    <time>2024-05-24T20:42:56Z</time>
   </trkpt>
   <trkpt lat="47.3811660" lon="-122.0459230">
    <ele>144.4</ele>
    <time>2024-05-24T20:42:57Z</time>
   </trkpt>
   <trkpt lat="47.3811640" lon="-122.0459050">
    <ele>144.4</ele>
    <time>2024-05-24T20:42:58Z</time>
   </trkpt>
   <trkpt lat="47.3811580" lon="-122.0458920">
    <ele>144.4</ele>
    <time>2024-05-24T20:42:59Z</time>
   </trkpt>
   <trkpt lat="47.3811510" lon="-122.0458650">
    <ele>144.5</ele>
    <time>2024-05-24T20:43:00Z</time>
   </trkpt>
   <trkpt lat="47.3811410" lon="-122.0458250">
    <ele>144.5</ele>
    <time>2024-05-24T20:43:01Z</time>
   </trkpt>
   <trkpt lat="47.3811390" lon="-122.0458120">
    <ele>144.5</ele>
    <time>2024-05-24T20:43:02Z</time>
   </trkpt>
   <trkpt lat="47.3811350" lon="-122.0457880">
    <ele>144.6</ele>
    <time>2024-05-24T20:43:03Z</time>
   </trkpt>
   <trkpt lat="47.3811300" lon="-122.0457610">
    <ele>144.6</ele>
    <time>2024-05-24T20:43:04Z</time>
   </trkpt>
   <trkpt lat="47.3811210" lon="-122.0457390">
    <ele>144.6</ele>
    <time>2024-05-24T20:43:05Z</time>
   </trkpt>
   <trkpt lat="47.3811170" lon="-122.0457170">
    <ele>144.6</ele>
    <time>2024-05-24T20:43:06Z</time>
   </trkpt>
   <trkpt lat="47.3811110" lon="-122.0456960">
    <ele>144.7</ele>
    <time>2024-05-24T20:43:07Z</time>
   </trkpt>
   <trkpt lat="47.3811090" lon="-122.0456740">
    <ele>144.7</ele>
    <time>2024-05-24T20:43:08Z</time>
   </trkpt>
   <trkpt lat="47.3811040" lon="-122.0456330">
    <ele>144.7</ele>
    <time>2024-05-24T20:43:09Z</time>
   </trkpt>
   <trkpt lat="47.3811030" lon="-122.0456180">
    <ele>144.7</ele>
    <time>2024-05-24T20:43:10Z</time>
   </trkpt>
   <trkpt lat="47.3810870" lon="-122.0455830">
    <ele>144.8</ele>
    <time>2024-05-24T20:43:11Z</time>
   </trkpt>
   <trkpt lat="47.3810830" lon="-122.0455730">
    <ele>144.8</ele>
    <time>2024-05-24T20:43:12Z</time>
   </trkpt>
   <trkpt lat="47.3810820" lon="-122.0455480">
    <ele>144.8</ele>
    <time>2024-05-24T20:43:13Z</time>
   </trkpt>
   <trkpt lat="47.3810800" lon="-122.0455210">
    <ele>144.8</ele>
    <time>2024-05-24T20:43:14Z</time>
   </trkpt>
   <trkpt lat="47.3810750" lon="-122.0454990">
    <ele>144.9</ele>
    <time>2024-05-24T20:43:15Z</time>
   </trkpt>
   <trkpt lat="47.3810670" lon="-122.0454730">
    <ele>144.9</ele>
    <time>2024-05-24T20:43:16Z</time>
   </trkpt>
   <trkpt lat="47.3810630" lon="-122.0454490">
    <ele>144.9</ele>
    <time>2024-05-24T20:43:17Z</time>
   </trkpt>
   <trkpt lat="47.3810530" lon="-122.0454260">
    <ele>144.9</ele>
    <time>2024-05-24T20:43:18Z</time>
   </trkpt>
   <trkpt lat="47.3810430" lon="-122.0454050">
    <ele>145.0</ele>
    <time>2024-05-24T20:43:19Z</time>
   </trkpt>
   <trkpt lat="47.3810390" lon="-122.0453830">
    <ele>145.0</ele>
    <time>2024-05-24T20:43:20Z</time>
   </trkpt>
   <trkpt lat="47.3810360" lon="-122.0453580">
    <ele>145.0</ele>
    <time>2024-05-24T20:43:21Z</time>
   </trkpt>
   <trkpt lat="47.3810380" lon="-122.0453300">
    <ele>145.0</ele>
    <time>2024-05-24T20:43:22Z</time>
   </trkpt>
   <trkpt lat="47.3810410" lon="-122.0453060">
    <ele>145.1</ele>
    <time>2024-05-24T20:43:23Z</time>
   </trkpt>
   <trkpt lat="47.3810340" lon="-122.0452800">
    <ele>145.1</ele>
    <time>2024-05-24T20:43:24Z</time>
   </trkpt>
   <trkpt lat="47.3810290" lon="-122.0452570">
    <ele>145.1</ele>
    <time>2024-05-24T20:43:25Z</time>
   </trkpt>
   <trkpt lat="47.3810270" lon="-122.0452340">
    <ele>145.1</ele>
    <time>2024-05-24T20:43:26Z</time>
   </trkpt>
   <trkpt lat="47.3810230" lon="-122.0452130">
    <ele>145.2</ele>
    <time>2024-05-24T20:43:27Z</time>
   </trkpt>
   <trkpt lat="47.3810130" lon="-122.0451890">
    <ele>145.2</ele>
    <time>2024-05-24T20:43:28Z</time>
   </trkpt>
   <trkpt lat="47.3810110" lon="-122.0451480">
    <ele>145.2</ele>
    <time>2024-05-24T20:43:29Z</time>
   </trkpt>
   <trkpt lat="47.3810090" lon="-122.0451350">
    <ele>145.2</ele>
    <time>2024-05-24T20:43:30Z</time>
   </trkpt>
   <trkpt lat="47.3809990" lon="-122.0451110">
    <ele>145.3</ele>
    <time>2024-05-24T20:43:31Z</time>
   </trkpt>
   <trkpt lat="47.3809950" lon="-122.0450880">
    <ele>145.3</ele>
    <time>2024-05-24T20:43:32Z</time>
   </trkpt>
   <trkpt lat="47.3809910" lon="-122.0450470">
    <ele>145.3</ele>
    <time>2024-05-24T20:43:33Z</time>
   </trkpt>
   <trkpt lat="47.3809900" lon="-122.0450330">
    <ele>145.3</ele>
    <time>2024-05-24T20:43:34Z</time>
   </trkpt>
   <trkpt lat="47.3809900" lon="-122.0449920">
    <ele>145.4</ele>
    <time>2024-05-24T20:43:35Z</time>
   </trkpt>
   <trkpt lat="47.3809900" lon="-122.0449790">
    <ele>145.4</ele>
    <time>2024-05-24T20:43:36Z</time>
   </trkpt>
   <trkpt lat="47.3809820" lon="-122.0449610">
    <ele>145.4</ele>
    <time>2024-05-24T20:43:37Z</time>
   </trkpt>
   <trkpt lat="47.3809780" lon="-122.0449390">
    <ele>145.4</ele>
    <time>2024-05-24T20:43:38Z</time>
   </trkpt>
   <trkpt lat="47.3809740" lon="-122.0449130">
    <ele>145.4</ele>
    <time>2024-05-24T20:43:39Z</time>
   </trkpt>
   <trkpt lat="47.3809710" lon="-122.0448870">
    <ele>145.4</ele>
    <time>2024-05-24T20:43:40Z</time>
   </trkpt>
   <trkpt lat="47.3809650" lon="-122.0448630">
    <ele>145.5</ele>
    <time>2024-05-24T20:43:41Z</time>
   </trkpt>
   <trkpt lat="47.3809590" lon="-122.0448400">
    <ele>145.5</ele>
    <time>2024-05-24T20:43:42Z</time>
   </trkpt>
   <trkpt lat="47.3809570" lon="-122.0448150">
    <ele>145.5</ele>
    <time>2024-05-24T20:43:43Z</time>
   </trkpt>
   <trkpt lat="47.3809510" lon="-122.0447900">
    <ele>145.5</ele>
    <time>2024-05-24T20:43:44Z</time>
   </trkpt>
   <trkpt lat="47.3809430" lon="-122.0447670">
    <ele>145.6</ele>
    <time>2024-05-24T20:43:45Z</time>
   </trkpt>
   <trkpt lat="47.3809410" lon="-122.0447430">
    <ele>145.6</ele>
    <time>2024-05-24T20:43:46Z</time>
   </trkpt>
   <trkpt lat="47.3809470" lon="-122.0447170">
    <ele>145.6</ele>
    <time>2024-05-24T20:43:47Z</time>
   </trkpt>
   <trkpt lat="47.3809420" lon="-122.0446950">
    <ele>145.6</ele>
    <time>2024-05-24T20:43:48Z</time>
   </trkpt>
   <trkpt lat="47.3809360" lon="-122.0446560">
    <ele>145.6</ele>
    <time>2024-05-24T20:43:49Z</time>
   </trkpt>
   <trkpt lat="47.3809340" lon="-122.0446430">
    <ele>145.7</ele>
    <time>2024-05-24T20:43:50Z</time>
   </trkpt>
   <trkpt lat="47.3809310" lon="-122.0446160">
    <ele>145.7</ele>
    <time>2024-05-24T20:43:51Z</time>
   </trkpt>
   <trkpt lat="47.3809290" lon="-122.0445980">
    <ele>145.7</ele>
    <time>2024-05-24T20:43:52Z</time>
   </trkpt>
   <trkpt lat="47.3809290" lon="-122.0445760">
    <ele>145.7</ele>
    <time>2024-05-24T20:43:53Z</time>
   </trkpt>
   <trkpt lat="47.3809270" lon="-122.0445540">
    <ele>145.7</ele>
    <time>2024-05-24T20:43:54Z</time>
   </trkpt>
   <trkpt lat="47.3809230" lon="-122.0445330">
    <ele>145.7</ele>
    <time>2024-05-24T20:43:55Z</time>
   </trkpt>
   <trkpt lat="47.3809200" lon="-122.0445130">
    <ele>145.8</ele>
    <time>2024-05-24T20:43:56Z</time>
   </trkpt>
   <trkpt lat="47.3809180" lon="-122.0444930">
    <ele>145.8</ele>
    <time>2024-05-24T20:43:57Z</time>
   </trkpt>
   <trkpt lat="47.3809180" lon="-122.0444690">
    <ele>145.8</ele>
    <time>2024-05-24T20:43:58Z</time>
   </trkpt>
   <trkpt lat="47.3809170" lon="-122.0444480">
    <ele>145.8</ele>
    <time>2024-05-24T20:43:59Z</time>
   </trkpt>
   <trkpt lat="47.3809180" lon="-122.0444280">
    <ele>145.8</ele>
    <time>2024-05-24T20:44:00Z</time>
   </trkpt>
   <trkpt lat="47.3809170" lon="-122.0444020">
    <ele>145.8</ele>
    <time>2024-05-24T20:44:01Z</time>
   </trkpt>
   <trkpt lat="47.3809160" lon="-122.0443750">
    <ele>145.9</ele>
    <time>2024-05-24T20:44:02Z</time>
   </trkpt>
   <trkpt lat="47.3809150" lon="-122.0443520">
    <ele>145.9</ele>
    <time>2024-05-24T20:44:03Z</time>
   </trkpt>
   <trkpt lat="47.3809150" lon="-122.0443260">
    <ele>145.9</ele>
    <time>2024-05-24T20:44:04Z</time>
   </trkpt>
   <trkpt lat="47.3809180" lon="-122.0442860">
    <ele>145.9</ele>
    <time>2024-05-24T20:44:05Z</time>
   </trkpt>
   <trkpt lat="47.3809190" lon="-122.0442720">
    <ele>145.9</ele>
    <time>2024-05-24T20:44:06Z</time>
   </trkpt>
   <trkpt lat="47.3809090" lon="-122.0442310">
    <ele>146.0</ele>
    <time>2024-05-24T20:44:07Z</time>
   </trkpt>
   <trkpt lat="47.3809070" lon="-122.0442180">
    <ele>146.0</ele>
    <time>2024-05-24T20:44:08Z</time>
   </trkpt>
   <trkpt lat="47.3809070" lon="-122.0441740">
    <ele>146.0</ele>
    <time>2024-05-24T20:44:09Z</time>
   </trkpt>
   <trkpt lat="47.3809070" lon="-122.0441610">
    <ele>146.0</ele>
    <time>2024-05-24T20:44:10Z</time>
   </trkpt>
   <trkpt lat="47.3809120" lon="-122.0441210">
    <ele>146.0</ele>
    <time>2024-05-24T20:44:11Z</time>
   </trkpt>
   <trkpt lat="47.3809130" lon="-122.0441080">
    <ele>146.0</ele>
    <time>2024-05-24T20:44:12Z</time>
   </trkpt>
   <trkpt lat="47.3809110" lon="-122.0440830">
    <ele>146.1</ele>
    <time>2024-05-24T20:44:13Z</time>
   </trkpt>
   <trkpt lat="47.3809130" lon="-122.0440590">
    <ele>146.1</ele>
    <time>2024-05-24T20:44:14Z</time>
   </trkpt>
   <trkpt lat="47.3809110" lon="-122.0440330">
    <ele>146.1</ele>
    <time>2024-05-24T20:44:15Z</time>
   </trkpt>
   <trkpt lat="47.3809100" lon="-122.0440110">
    <ele>146.1</ele>
    <time>2024-05-24T20:44:16Z</time>
   </trkpt>
   <trkpt lat="47.3809110" lon="-122.0439850">
    <ele>146.1</ele>
    <time>2024-05-24T20:44:17Z</time>
   </trkpt>
   <trkpt lat="47.3809080" lon="-122.0439620">
    <ele>146.1</ele>
    <time>2024-05-24T20:44:18Z</time>
   </trkpt>
   <trkpt lat="47.3809080" lon="-122.0439370">
    <ele>146.1</ele>
    <time>2024-05-24T20:44:19Z</time>
   </trkpt>
   <trkpt lat="47.3809110" lon="-122.0439130">
    <ele>146.2</ele>
    <time>2024-05-24T20:44:20Z</time>
   </trkpt>
   <trkpt lat="47.3809090" lon="-122.0438880">
    <ele>146.2</ele>
    <time>2024-05-24T20:44:21Z</time>
   </trkpt>
   <trkpt lat="47.3809060" lon="-122.0438620">
    <ele>146.2</ele>
    <time>2024-05-24T20:44:22Z</time>
   </trkpt>
   <trkpt lat="47.3809020" lon="-122.0438370">
    <ele>146.2</ele>
    <time>2024-05-24T20:44:23Z</time>
   </trkpt>
   <trkpt lat="47.3809010" lon="-122.0438110">
    <ele>146.2</ele>
    <time>2024-05-24T20:44:24Z</time>
   </trkpt>
   <trkpt lat="47.3808980" lon="-122.0437850">
    <ele>146.3</ele>
    <time>2024-05-24T20:44:25Z</time>
   </trkpt>
   <trkpt lat="47.3808980" lon="-122.0437610">
    <ele>146.3</ele>
    <time>2024-05-24T20:44:26Z</time>
   </trkpt>
   <trkpt lat="47.3808930" lon="-122.0437220">
    <ele>146.3</ele>
    <time>2024-05-24T20:44:27Z</time>
   </trkpt>
   <trkpt lat="47.3808900" lon="-122.0437090">
    <ele>146.3</ele>
    <time>2024-05-24T20:44:28Z</time>
   </trkpt>
   <trkpt lat="47.3808880" lon="-122.0436650">
    <ele>146.4</ele>
    <time>2024-05-24T20:44:29Z</time>
   </trkpt>
   <trkpt lat="47.3808870" lon="-122.0436520">
    <ele>146.4</ele>
    <time>2024-05-24T20:44:30Z</time>
   </trkpt>
   <trkpt lat="47.3808860" lon="-122.0436280">
    <ele>146.4</ele>
    <time>2024-05-24T20:44:31Z</time>
   </trkpt>
   <trkpt lat="47.3808860" lon="-122.0436040">
    <ele>146.4</ele>
    <time>2024-05-24T20:44:32Z</time>
   </trkpt>
   <trkpt lat="47.3808870" lon="-122.0435800">
    <ele>146.5</ele>
    <time>2024-05-24T20:44:33Z</time>
   </trkpt>
   <trkpt lat="47.3808890" lon="-122.0435550">
    <ele>146.5</ele>
    <time>2024-05-24T20:44:34Z</time>
   </trkpt>
   <trkpt lat="47.3808930" lon="-122.0435310">
    <ele>146.5</ele>
    <time>2024-05-24T20:44:35Z</time>
   </trkpt>
   <trkpt lat="47.3808940" lon="-122.0435080">
    <ele>146.5</ele>
    <time>2024-05-24T20:44:36Z</time>
   </trkpt>
   <trkpt lat="47.3808990" lon="-122.0434660">
    <ele>146.6</ele>
    <time>2024-05-24T20:44:37Z</time>
   </trkpt>
   <trkpt lat="47.3809030" lon="-122.0434520">
    <ele>146.6</ele>
    <time>2024-05-24T20:44:38Z</time>
   </trkpt>
   <trkpt lat="47.3809070" lon="-122.0434280">
    <ele>146.6</ele>
    <time>2024-05-24T20:44:39Z</time>
   </trkpt>
   <trkpt lat="47.3809080" lon="-122.0434030">
    <ele>146.6</ele>
    <time>2024-05-24T20:44:40Z</time>
   </trkpt>
   <trkpt lat="47.3809040" lon="-122.0433780">
    <ele>146.6</ele>
    <time>2024-05-24T20:44:41Z</time>
   </trkpt>
   <trkpt lat="47.3809080" lon="-122.0433500">
    <ele>146.6</ele>
    <time>2024-05-24T20:44:42Z</time>
   </trkpt>
   <trkpt lat="47.3809040" lon="-122.0433260">
    <ele>146.7</ele>
    <time>2024-05-24T20:44:43Z</time>
   </trkpt>
   <trkpt lat="47.3808960" lon="-122.0433040">
    <ele>146.7</ele>
    <time>2024-05-24T20:44:44Z</time>
   </trkpt>
   <trkpt lat="47.3808970" lon="-122.0432840">
    <ele>146.7</ele>
    <time>2024-05-24T20:44:45Z</time>
   </trkpt>
   <trkpt lat="47.3808980" lon="-122.0432610">
    <ele>146.7</ele>
    <time>2024-05-24T20:44:46Z</time>
   </trkpt>
   <trkpt lat="47.3808970" lon="-122.0432360">
    <ele>146.7</ele>
    <time>2024-05-24T20:44:47Z</time>
   </trkpt>
   <trkpt lat="47.3808970" lon="-122.0432110">
    <ele>146.7</ele>
    <time>2024-05-24T20:44:48Z</time>
   </trkpt>
   <trkpt lat="47.3808960" lon="-122.0431910">
    <ele>146.7</ele>
    <time>2024-05-24T20:44:49Z</time>
   </trkpt>
   <trkpt lat="47.3808950" lon="-122.0431680">
    <ele>146.8</ele>
    <time>2024-05-24T20:44:50Z</time>
   </trkpt>
   <trkpt lat="47.3808920" lon="-122.0431460">
    <ele>146.8</ele>
    <time>2024-05-24T20:44:51Z</time>
   </trkpt>
   <trkpt lat="47.3808940" lon="-122.0431180">
    <ele>146.8</ele>
    <time>2024-05-24T20:44:52Z</time>
   </trkpt>
   <trkpt lat="47.3808990" lon="-122.0430930">
    <ele>146.8</ele>
    <time>2024-05-24T20:44:53Z</time>
   </trkpt>
   <trkpt lat="47.3808970" lon="-122.0430680">
    <ele>146.8</ele>
    <time>2024-05-24T20:44:54Z</time>
   </trkpt>
   <trkpt lat="47.3808950" lon="-122.0430220">
    <ele>146.8</ele>
    <time>2024-05-24T20:44:55Z</time>
   </trkpt>
   <trkpt lat="47.3808940" lon="-122.0430080">
    <ele>146.8</ele>
    <time>2024-05-24T20:44:56Z</time>
   </trkpt>
   <trkpt lat="47.3808900" lon="-122.0429640">
    <ele>146.8</ele>
    <time>2024-05-24T20:44:57Z</time>
   </trkpt>
   <trkpt lat="47.3808900" lon="-122.0429510">
    <ele>146.9</ele>
    <time>2024-05-24T20:44:58Z</time>
   </trkpt>
   <trkpt lat="47.3808900" lon="-122.0429270">
    <ele>146.9</ele>
    <time>2024-05-24T20:44:59Z</time>
   </trkpt>
   <trkpt lat="47.3808900" lon="-122.0429030">
    <ele>146.9</ele>
    <time>2024-05-24T20:45:00Z</time>
   </trkpt>
   <trkpt lat="47.3808880" lon="-122.0428790">
    <ele>146.9</ele>
    <time>2024-05-24T20:45:01Z</time>
   </trkpt>
   <trkpt lat="47.3808850" lon="-122.0428550">
    <ele>146.9</ele>
    <time>2024-05-24T20:45:02Z</time>
   </trkpt>
   <trkpt lat="47.3808830" lon="-122.0428310">
    <ele>146.9</ele>
    <time>2024-05-24T20:45:03Z</time>
   </trkpt>
   <trkpt lat="47.3808860" lon="-122.0428030">
    <ele>146.9</ele>
    <time>2024-05-24T20:45:04Z</time>
   </trkpt>
   <trkpt lat="47.3808900" lon="-122.0427630">
    <ele>146.9</ele>
    <time>2024-05-24T20:45:05Z</time>
   </trkpt>
   <trkpt lat="47.3808900" lon="-122.0427500">
    <ele>146.9</ele>
    <time>2024-05-24T20:45:06Z</time>
   </trkpt>
   <trkpt lat="47.3808900" lon="-122.0427270">
    <ele>146.9</ele>
    <time>2024-05-24T20:45:07Z</time>
   </trkpt>
   <trkpt lat="47.3808850" lon="-122.0427020">
    <ele>146.9</ele>
    <time>2024-05-24T20:45:08Z</time>
   </trkpt>
   <trkpt lat="47.3808810" lon="-122.0426750">
    <ele>146.9</ele>
    <time>2024-05-24T20:45:09Z</time>
   </trkpt>
   <trkpt lat="47.3808760" lon="-122.0426510">
    <ele>147.0</ele>
    <time>2024-05-24T20:45:10Z</time>
   </trkpt>
   <trkpt lat="47.3808800" lon="-122.0426250">
    <ele>147.0</ele>
    <time>2024-05-24T20:45:11Z</time>
   </trkpt>
   <trkpt lat="47.3808770" lon="-122.0426040">
    <ele>147.0</ele>
    <time>2024-05-24T20:45:12Z</time>
   </trkpt>
   <trkpt lat="47.3808760" lon="-122.0425820">
    <ele>147.0</ele>
    <time>2024-05-24T20:45:13Z</time>
   </trkpt>
   <trkpt lat="47.3808700" lon="-122.0425610">
    <ele>147.0</ele>
    <time>2024-05-24T20:45:14Z</time>
   </trkpt>
   <trkpt lat="47.3808550" lon="-122.0425440">
    <ele>147.0</ele>
    <time>2024-05-24T20:45:15Z</time>
   </trkpt>
   <trkpt lat="47.3808390" lon="-122.0425360">
    <ele>147.0</ele>
    <time>2024-05-24T20:45:16Z</time>
   </trkpt>
   <trkpt lat="47.3808080" lon="-122.0425300">
    <ele>147.0</ele>
    <time>2024-05-24T20:45:17Z</time>
   </trkpt>
   <trkpt lat="47.3807990" lon="-122.0425280">
    <ele>147.0</ele>
    <time>2024-05-24T20:45:18Z</time>
   </trkpt>
   <trkpt lat="47.3807700" lon="-122.0425140">
    <ele>147.0</ele>
    <time>2024-05-24T20:45:19Z</time>
   </trkpt>
   <trkpt lat="47.3807620" lon="-122.0425140">
    <ele>147.0</ele>
    <time>2024-05-24T20:45:20Z</time>
   </trkpt>
   <trkpt lat="47.3807440" lon="-122.0425170">
    <ele>147.0</ele>
    <time>2024-05-24T20:45:21Z</time>
   </trkpt>
   <trkpt lat="47.3807290" lon="-122.0425080">
    <ele>147.0</ele>
    <time>2024-05-24T20:45:22Z</time>
   </trkpt>
  </trkseg>
 </trk>
</gpx>
