<?xml version="1.0" encoding="UTF-8"?>
<gpx creator="StravaGPX" version="1.1" xmlns="http://www.topografix.com/GPX/1/1" xmlns:xsi="http://www.w3.org/2001/XMLSchema-instance" xsi:schemaLocation="http://www.topografix.com/GPX/1/1 http://www.topografix.com/GPX/1/1/gpx.xsd">
 <metadata>
  <time>2020-07-14T02:07:42Z</time>
 </metadata>
 <trk>
  <name>Endorphins pls, brain. </name>
  <type>running</type>
  <trkseg>
   <trkpt lat="47.4670610" lon="-122.1474780">
    <ele>27.7</ele>
    <time>2020-07-14T02:07:42Z</time>
   </trkpt>
   <trkpt lat="47.4670820" lon="-122.1475440">
    <ele>27.7</ele>
    <time>2020-07-14T02:07:43Z</time>
   </trkpt>
   <trkpt lat="47.4670920" lon="-122.1475680">
    <ele>27.7</ele>
    <time>2020-07-14T02:07:44Z</time>
   </trkpt>
   <trkpt lat="47.4671020" lon="-122.1475910">
    <ele>27.7</ele>
    <time>2020-07-14T02:07:45Z</time>
   </trkpt>
   <trkpt lat="47.4671170" lon="-122.1476420">
    <ele>27.7</ele>
    <time>2020-07-14T02:07:46Z</time>
   </trkpt>
   <trkpt lat="47.4671280" lon="-122.1476910">
    <ele>27.7</ele>
    <time>2020-07-14T02:07:47Z</time>
   </trkpt>
   <trkpt lat="47.4671310" lon="-122.1477070">
    <ele>27.7</ele>
    <time>2020-07-14T02:07:48Z</time>
   </trkpt>
   <trkpt lat="47.4671400" lon="-122.1477700">
    <ele>27.7</ele>
    <time>2020-07-14T02:07:49Z</time>
   </trkpt>
   <trkpt lat="47.4671430" lon="-122.1477940">
    <ele>27.7</ele>
    <time>2020-07-14T02:07:50Z</time>
   </trkpt>
   <trkpt lat="47.4671540" lon="-122.1478370">
    <ele>27.7</ele>
    <time>2020-07-14T02:07:51Z</time>
   </trkpt>
   <trkpt lat="47.4671660" lon="-122.1478820">
    <ele>27.7</ele>
    <time>2020-07-14T02:07:52Z</time>
   </trkpt>
   <trkpt lat="47.4671760" lon="-122.1479330">
    <ele>27.7</ele>
    <time>2020-07-14T02:07:53Z</time>
   </trkpt>
   <trkpt lat="47.4671780" lon="-122.1479830">
    <ele>27.7</ele>
    <time>2020-07-14T02:07:54Z</time>
   </trkpt>
   <trkpt lat="47.4671800" lon="-122.1480320">
    <ele>27.6</ele>
    <time>2020-07-14T02:07:55Z</time>
   </trkpt>
   <trkpt lat="47.4671720" lon="-122.1480900">
    <ele>27.6</ele>
    <time>2020-07-14T02:07:56Z</time>
   </trkpt>
   <trkpt lat="47.4671860" lon="-122.1481390">
    <ele>27.6</ele>
    <time>2020-07-14T02:07:57Z</time>
   </trkpt>
   <trkpt lat="47.4671890" lon="-122.1481820">
    <ele>27.6</ele>
    <time>2020-07-14T02:07:58Z</time>
   </trkpt>
   <trkpt lat="47.4672050" lon="-122.1482380">
    <ele>27.6</ele>
    <time>2020-07-14T02:07:59Z</time>
   </trkpt>
   <trkpt lat="47.4672160" lon="-122.1482900">
    <ele>27.6</ele>
    <time>2020-07-14T02:08:00Z</time>
   </trkpt>
   <trkpt lat="47.4672210" lon="-122.1483520">
    <ele>27.6</ele>
    <time>2020-07-14T02:08:01Z</time>
   </trkpt>
   <trkpt lat="47.4672240" lon="-122.1483760">
    <ele>27.6</ele>
    <time>2020-07-14T02:08:02Z</time>
   </trkpt>
   <trkpt lat="47.4672310" lon="-122.1484230">
    <ele>27.6</ele>
    <time>2020-07-14T02:08:03Z</time>
   </trkpt>
   <trkpt lat="47.4672410" lon="-122.1484720">
    <ele>27.6</ele>
    <time>2020-07-14T02:08:04Z</time>
   </trkpt>
   <trkpt lat="47.4672510" lon="-122.1485690">
    <ele>27.6</ele>
    <time>2020-07-14T02:08:05Z</time>
   </trkpt>
   <trkpt lat="47.4672620" lon="-122.1486130">
    <ele>27.6</ele>
    <time>2020-07-14T02:08:06Z</time>
   </trkpt>
   <trkpt lat="47.4672660" lon="-122.1486690">
    <ele>27.5</ele>
    <time>2020-07-14T02:08:07Z</time>
   </trkpt>
   <trkpt lat="47.4673290" lon="-122.1487760">
    <ele>27.5</ele>
    <time>2020-07-14T02:08:09Z</time>
   </trkpt>
   <trkpt lat="47.4673480" lon="-122.1488360">
    <ele>27.5</ele>
    <time>2020-07-14T02:08:10Z</time>
   </trkpt>
   <trkpt lat="47.4673540" lon="-122.1488810">
    <ele>27.5</ele>
    <time>2020-07-14T02:08:11Z</time>
   </trkpt>
   <trkpt lat="47.4673630" lon="-122.1489240">
    <ele>27.5</ele>
    <time>2020-07-14T02:08:12Z</time>
   </trkpt>
   <trkpt lat="47.4673750" lon="-122.1489850">
    <ele>27.5</ele>
    <time>2020-07-14T02:08:13Z</time>
   </trkpt>
   <trkpt lat="47.4673810" lon="-122.1490420">
    <ele>27.5</ele>
    <time>2020-07-14T02:08:14Z</time>
   </trkpt>
   <trkpt lat="47.4673950" lon="-122.1490870">
    <ele>27.5</ele>
    <time>2020-07-14T02:08:15Z</time>
   </trkpt>
   <trkpt lat="47.4673990" lon="-122.1491360">
    <ele>27.5</ele>
    <time>2020-07-14T02:08:16Z</time>
   </trkpt>
   <trkpt lat="47.4674060" lon="-122.1491940">
    <ele>27.5</ele>
    <time>2020-07-14T02:08:17Z</time>
   </trkpt>
   <trkpt lat="47.4674170" lon="-122.1492370">
    <ele>27.5</ele>
    <time>2020-07-14T02:08:18Z</time>
   </trkpt>
   <trkpt lat="47.4674310" lon="-122.1492950">
    <ele>27.5</ele>
    <time>2020-07-14T02:08:19Z</time>
   </trkpt>
   <trkpt lat="47.4674350" lon="-122.1493210">
    <ele>27.5</ele>
    <time>2020-07-14T02:08:20Z</time>
   </trkpt>
   <trkpt lat="47.4674570" lon="-122.1493860">
    <ele>27.4</ele>
    <time>2020-07-14T02:08:21Z</time>
   </trkpt>
   <trkpt lat="47.4674780" lon="-122.1494370">
    <ele>27.4</ele>
    <time>2020-07-14T02:08:22Z</time>
   </trkpt>
   <trkpt lat="47.4674920" lon="-122.1494850">
    <ele>27.4</ele>
    <time>2020-07-14T02:08:23Z</time>
   </trkpt>
   <trkpt lat="47.4675050" lon="-122.1495290">
    <ele>27.4</ele>
    <time>2020-07-14T02:08:24Z</time>
   </trkpt>
   <trkpt lat="47.4675160" lon="-122.1495690">
    <ele>27.4</ele>
    <time>2020-07-14T02:08:25Z</time>
   </trkpt>
   <trkpt lat="47.4675170" lon="-122.1496230">
    <ele>27.4</ele>
    <time>2020-07-14T02:08:26Z</time>
   </trkpt>
   <trkpt lat="47.4675250" lon="-122.1496650">
    <ele>27.5</ele>
    <time>2020-07-14T02:08:27Z</time>
   </trkpt>
   <trkpt lat="47.4675420" lon="-122.1497100">
    <ele>27.5</ele>
    <time>2020-07-14T02:08:28Z</time>
   </trkpt>
   <trkpt lat="47.4675590" lon="-122.1497730">
    <ele>27.5</ele>
    <time>2020-07-14T02:08:29Z</time>
   </trkpt>
   <trkpt lat="47.4675560" lon="-122.1498200">
    <ele>27.5</ele>
    <time>2020-07-14T02:08:30Z</time>
   </trkpt>
   <trkpt lat="47.4675620" lon="-122.1498870">
    <ele>27.6</ele>
    <time>2020-07-14T02:08:31Z</time>
   </trkpt>
   <trkpt lat="47.4675680" lon="-122.1499150">
    <ele>27.6</ele>
    <time>2020-07-14T02:08:32Z</time>
   </trkpt>
   <trkpt lat="47.4675630" lon="-122.1499680">
    <ele>27.6</ele>
    <time>2020-07-14T02:08:33Z</time>
   </trkpt>
   <trkpt lat="47.4675730" lon="-122.1500100">
    <ele>27.5</ele>
    <time>2020-07-14T02:08:34Z</time>
   </trkpt>
   <trkpt lat="47.4675930" lon="-122.1500510">
    <ele>27.4</ele>
    <time>2020-07-14T02:08:35Z</time>
   </trkpt>
   <trkpt lat="47.4675890" lon="-122.1501070">
    <ele>27.3</ele>
    <time>2020-07-14T02:08:36Z</time>
   </trkpt>
   <trkpt lat="47.4676030" lon="-122.1501600">
    <ele>27.2</ele>
    <time>2020-07-14T02:08:37Z</time>
   </trkpt>
   <trkpt lat="47.4676140" lon="-122.1502210">
    <ele>27.1</ele>
    <time>2020-07-14T02:08:38Z</time>
   </trkpt>
   <trkpt lat="47.4676380" lon="-122.1502530">
    <ele>27.1</ele>
    <time>2020-07-14T02:08:39Z</time>
   </trkpt>
   <trkpt lat="47.4676470" lon="-122.1503070">
    <ele>27.0</ele>
    <time>2020-07-14T02:08:40Z</time>
   </trkpt>
   <trkpt lat="47.4676450" lon="-122.1503600">
    <ele>27.0</ele>
    <time>2020-07-14T02:08:41Z</time>
   </trkpt>
   <trkpt lat="47.4676520" lon="-122.1504130">
    <ele>26.9</ele>
    <time>2020-07-14T02:08:42Z</time>
   </trkpt>
   <trkpt lat="47.4676780" lon="-122.1504740">
    <ele>26.9</ele>
    <time>2020-07-14T02:08:43Z</time>
   </trkpt>
   <trkpt lat="47.4676790" lon="-122.1505450">
    <ele>26.8</ele>
    <time>2020-07-14T02:08:44Z</time>
   </trkpt>
   <trkpt lat="47.4676810" lon="-122.1505920">
    <ele>26.8</ele>
    <time>2020-07-14T02:08:45Z</time>
   </trkpt>
   <trkpt lat="47.4676860" lon="-122.1506490">
    <ele>26.8</ele>
    <time>2020-07-14T02:08:46Z</time>
   </trkpt>
   <trkpt lat="47.4676720" lon="-122.1506990">
    <ele>26.7</ele>
    <time>2020-07-14T02:08:47Z</time>
   </trkpt>
   <trkpt lat="47.4676830" lon="-122.1507450">
    <ele>26.7</ele>
    <time>2020-07-14T02:08:48Z</time>
   </trkpt>
   <trkpt lat="47.4676870" lon="-122.1507980">
    <ele>26.7</ele>
    <time>2020-07-14T02:08:49Z</time>
   </trkpt>
   <trkpt lat="47.4677070" lon="-122.1508560">
    <ele>26.7</ele>
    <time>2020-07-14T02:08:50Z</time>
   </trkpt>
   <trkpt lat="47.4677150" lon="-122.1509040">
    <ele>26.6</ele>
    <time>2020-07-14T02:08:51Z</time>
   </trkpt>
   <trkpt lat="47.4677170" lon="-122.1509580">
    <ele>26.6</ele>
    <time>2020-07-14T02:08:52Z</time>
   </trkpt>
   <trkpt lat="47.4677230" lon="-122.1510040">
    <ele>26.6</ele>
    <time>2020-07-14T02:08:53Z</time>
   </trkpt>
   <trkpt lat="47.4677270" lon="-122.1510560">
    <ele>26.6</ele>
    <time>2020-07-14T02:08:54Z</time>
   </trkpt>
   <trkpt lat="47.4677250" lon="-122.1510990">
    <ele>26.6</ele>
    <time>2020-07-14T02:08:55Z</time>
   </trkpt>
   <trkpt lat="47.4677380" lon="-122.1511640">
    <ele>26.5</ele>
    <time>2020-07-14T02:08:56Z</time>
   </trkpt>
   <trkpt lat="47.4677300" lon="-122.1512180">
    <ele>26.5</ele>
    <time>2020-07-14T02:08:57Z</time>
   </trkpt>
   <trkpt lat="47.4677560" lon="-122.1512840">
    <ele>26.5</ele>
    <time>2020-07-14T02:08:58Z</time>
   </trkpt>
   <trkpt lat="47.4677590" lon="-122.1513400">
    <ele>26.4</ele>
    <time>2020-07-14T02:08:59Z</time>
   </trkpt>
   <trkpt lat="47.4677740" lon="-122.1513810">
    <ele>26.4</ele>
    <time>2020-07-14T02:09:00Z</time>
   </trkpt>
   <trkpt lat="47.4677820" lon="-122.1514330">
    <ele>26.4</ele>
    <time>2020-07-14T02:09:01Z</time>
   </trkpt>
   <trkpt lat="47.4677850" lon="-122.1514860">
    <ele>26.3</ele>
    <time>2020-07-14T02:09:02Z</time>
   </trkpt>
   <trkpt lat="47.4677950" lon="-122.1515380">
    <ele>26.3</ele>
    <time>2020-07-14T02:09:03Z</time>
   </trkpt>
   <trkpt lat="47.4677980" lon="-122.1515920">
    <ele>26.2</ele>
    <time>2020-07-14T02:09:04Z</time>
   </trkpt>
   <trkpt lat="47.4678190" lon="-122.1516300">
    <ele>26.2</ele>
    <time>2020-07-14T02:09:05Z</time>
   </trkpt>
   <trkpt lat="47.4678440" lon="-122.1517000">
    <ele>26.2</ele>
    <time>2020-07-14T02:09:06Z</time>
   </trkpt>
   <trkpt lat="47.4678350" lon="-122.1517480">
    <ele>26.1</ele>
    <time>2020-07-14T02:09:07Z</time>
   </trkpt>
   <trkpt lat="47.4678480" lon="-122.1518090">
    <ele>26.1</ele>
    <time>2020-07-14T02:09:08Z</time>
   </trkpt>
   <trkpt lat="47.4678620" lon="-122.1518620">
    <ele>26.1</ele>
    <time>2020-07-14T02:09:09Z</time>
   </trkpt>
   <trkpt lat="47.4678690" lon="-122.1519190">
    <ele>26.0</ele>
    <time>2020-07-14T02:09:10Z</time>
   </trkpt>
   <trkpt lat="47.4678740" lon="-122.1519440">
    <ele>26.0</ele>
    <time>2020-07-14T02:09:11Z</time>
   </trkpt>
   <trkpt lat="47.4678760" lon="-122.1520070">
    <ele>26.0</ele>
    <time>2020-07-14T02:09:12Z</time>
   </trkpt>
   <trkpt lat="47.4678810" lon="-122.1520690">
    <ele>26.0</ele>
    <time>2020-07-14T02:09:13Z</time>
   </trkpt>
   <trkpt lat="47.4678910" lon="-122.1520980">
    <ele>26.0</ele>
    <time>2020-07-14T02:09:14Z</time>
   </trkpt>
   <trkpt lat="47.4679040" lon="-122.1521490">
    <ele>26.0</ele>
    <time>2020-07-14T02:09:15Z</time>
   </trkpt>
   <trkpt lat="47.4679350" lon="-122.1522060">
    <ele>26.0</ele>
    <time>2020-07-14T02:09:16Z</time>
   </trkpt>
   <trkpt lat="47.4679510" lon="-122.1522570">
    <ele>26.0</ele>
    <time>2020-07-14T02:09:17Z</time>
   </trkpt>
   <trkpt lat="47.4679470" lon="-122.1523080">
    <ele>25.9</ele>
    <time>2020-07-14T02:09:18Z</time>
   </trkpt>
   <trkpt lat="47.4679570" lon="-122.1523530">
    <ele>25.9</ele>
    <time>2020-07-14T02:09:19Z</time>
   </trkpt>
   <trkpt lat="47.4679810" lon="-122.1523940">
    <ele>25.9</ele>
    <time>2020-07-14T02:09:20Z</time>
   </trkpt>
   <trkpt lat="47.4679720" lon="-122.1524440">
    <ele>25.8</ele>
    <time>2020-07-14T02:09:21Z</time>
   </trkpt>
   <trkpt lat="47.4679850" lon="-122.1525030">
    <ele>25.8</ele>
    <time>2020-07-14T02:09:22Z</time>
   </trkpt>
   <trkpt lat="47.4679990" lon="-122.1525620">
    <ele>25.8</ele>
    <time>2020-07-14T02:09:23Z</time>
   </trkpt>
   <trkpt lat="47.4680060" lon="-122.1526020">
    <ele>25.8</ele>
    <time>2020-07-14T02:09:24Z</time>
   </trkpt>
   <trkpt lat="47.4680190" lon="-122.1526520">
    <ele>25.7</ele>
    <time>2020-07-14T02:09:25Z</time>
   </trkpt>
   <trkpt lat="47.4680050" lon="-122.1527170">
    <ele>25.7</ele>
    <time>2020-07-14T02:09:26Z</time>
   </trkpt>
   <trkpt lat="47.4680240" lon="-122.1527740">
    <ele>25.7</ele>
    <time>2020-07-14T02:09:27Z</time>
   </trkpt>
   <trkpt lat="47.4680430" lon="-122.1528330">
    <ele>25.6</ele>
    <time>2020-07-14T02:09:28Z</time>
   </trkpt>
   <trkpt lat="47.4680500" lon="-122.1528880">
    <ele>25.6</ele>
    <time>2020-07-14T02:09:29Z</time>
   </trkpt>
   <trkpt lat="47.4680550" lon="-122.1529400">
    <ele>25.6</ele>
    <time>2020-07-14T02:09:30Z</time>
   </trkpt>
   <trkpt lat="47.4680780" lon="-122.1529900">
    <ele>25.5</ele>
    <time>2020-07-14T02:09:31Z</time>
   </trkpt>
   <trkpt lat="47.4680710" lon="-122.1530470">
    <ele>25.5</ele>
    <time>2020-07-14T02:09:32Z</time>
   </trkpt>
   <trkpt lat="47.4680820" lon="-122.1530950">
    <ele>25.5</ele>
    <time>2020-07-14T02:09:33Z</time>
   </trkpt>
   <trkpt lat="47.4680930" lon="-122.1531690">
    <ele>25.5</ele>
    <time>2020-07-14T02:09:34Z</time>
   </trkpt>
   <trkpt lat="47.4680850" lon="-122.1532160">
    <ele>25.4</ele>
    <time>2020-07-14T02:09:35Z</time>
   </trkpt>
   <trkpt lat="47.4681030" lon="-122.1532660">
    <ele>25.4</ele>
    <time>2020-07-14T02:09:36Z</time>
   </trkpt>
   <trkpt lat="47.4681060" lon="-122.1533250">
    <ele>25.4</ele>
    <time>2020-07-14T02:09:37Z</time>
   </trkpt>
   <trkpt lat="47.4681180" lon="-122.1533940">
    <ele>25.4</ele>
    <time>2020-07-14T02:09:38Z</time>
   </trkpt>
   <trkpt lat="47.4681420" lon="-122.1534370">
    <ele>25.4</ele>
    <time>2020-07-14T02:09:39Z</time>
   </trkpt>
   <trkpt lat="47.4681620" lon="-122.1534970">
    <ele>25.4</ele>
    <time>2020-07-14T02:09:40Z</time>
   </trkpt>
   <trkpt lat="47.4681670" lon="-122.1535520">
    <ele>25.4</ele>
    <time>2020-07-14T02:09:41Z</time>
   </trkpt>
   <trkpt lat="47.4681770" lon="-122.1535930">
    <ele>25.3</ele>
    <time>2020-07-14T02:09:42Z</time>
   </trkpt>
   <trkpt lat="47.4681640" lon="-122.1536430">
    <ele>25.3</ele>
    <time>2020-07-14T02:09:43Z</time>
   </trkpt>
   <trkpt lat="47.4681740" lon="-122.1536890">
    <ele>25.3</ele>
    <time>2020-07-14T02:09:44Z</time>
   </trkpt>
   <trkpt lat="47.4681910" lon="-122.1537350">
    <ele>25.3</ele>
    <time>2020-07-14T02:09:45Z</time>
   </trkpt>
   <trkpt lat="47.4682000" lon="-122.1537930">
    <ele>25.3</ele>
    <time>2020-07-14T02:09:46Z</time>
   </trkpt>
   <trkpt lat="47.4682080" lon="-122.1538160">
    <ele>25.3</ele>
    <time>2020-07-14T02:09:47Z</time>
   </trkpt>
   <trkpt lat="47.4682160" lon="-122.1538790">
    <ele>25.3</ele>
    <time>2020-07-14T02:09:48Z</time>
   </trkpt>
   <trkpt lat="47.4682120" lon="-122.1539450">
    <ele>25.2</ele>
    <time>2020-07-14T02:09:49Z</time>
   </trkpt>
   <trkpt lat="47.4682260" lon="-122.1540150">
    <ele>25.2</ele>
    <time>2020-07-14T02:09:50Z</time>
   </trkpt>
   <trkpt lat="47.4682290" lon="-122.1540490">
    <ele>25.2</ele>
    <time>2020-07-14T02:09:51Z</time>
   </trkpt>
   <trkpt lat="47.4682200" lon="-122.1541090">
    <ele>25.2</ele>
    <time>2020-07-14T02:09:52Z</time>
   </trkpt>
   <trkpt lat="47.4682320" lon="-122.1541480">
    <ele>25.2</ele>
    <time>2020-07-14T02:09:53Z</time>
   </trkpt>
   <trkpt lat="47.4682440" lon="-122.1542060">
    <ele>25.2</ele>
    <time>2020-07-14T02:09:54Z</time>
   </trkpt>
   <trkpt lat="47.4682640" lon="-122.1542670">
    <ele>25.2</ele>
    <time>2020-07-14T02:09:55Z</time>
   </trkpt>
   <trkpt lat="47.4682810" lon="-122.1543240">
    <ele>25.2</ele>
    <time>2020-07-14T02:09:56Z</time>
   </trkpt>
   <trkpt lat="47.4682760" lon="-122.1543740">
    <ele>25.2</ele>
    <time>2020-07-14T02:09:57Z</time>
   </trkpt>
   <trkpt lat="47.4682970" lon="-122.1544310">
    <ele>25.1</ele>
    <time>2020-07-14T02:09:58Z</time>
   </trkpt>
   <trkpt lat="47.4682920" lon="-122.1544780">
    <ele>25.1</ele>
    <time>2020-07-14T02:09:59Z</time>
   </trkpt>
   <trkpt lat="47.4683020" lon="-122.1545240">
    <ele>25.1</ele>
    <time>2020-07-14T02:10:00Z</time>
   </trkpt>
   <trkpt lat="47.4683110" lon="-122.1545860">
    <ele>25.1</ele>
    <time>2020-07-14T02:10:01Z</time>
   </trkpt>
   <trkpt lat="47.4683130" lon="-122.1546280">
    <ele>25.1</ele>
    <time>2020-07-14T02:10:02Z</time>
   </trkpt>
   <trkpt lat="47.4683280" lon="-122.1546800">
    <ele>25.1</ele>
    <time>2020-07-14T02:10:03Z</time>
   </trkpt>
   <trkpt lat="47.4683430" lon="-122.1547520">
    <ele>25.1</ele>
    <time>2020-07-14T02:10:04Z</time>
   </trkpt>
   <trkpt lat="47.4683570" lon="-122.1547970">
    <ele>25.1</ele>
    <time>2020-07-14T02:10:05Z</time>
   </trkpt>
   <trkpt lat="47.4683620" lon="-122.1548440">
    <ele>25.1</ele>
    <time>2020-07-14T02:10:06Z</time>
   </trkpt>
   <trkpt lat="47.4683720" lon="-122.1548970">
    <ele>25.0</ele>
    <time>2020-07-14T02:10:07Z</time>
   </trkpt>
   <trkpt lat="47.4683850" lon="-122.1549480">
    <ele>25.0</ele>
    <time>2020-07-14T02:10:08Z</time>
   </trkpt>
   <trkpt lat="47.4683910" lon="-122.1550000">
    <ele>25.0</ele>
    <time>2020-07-14T02:10:09Z</time>
   </trkpt>
   <trkpt lat="47.4683980" lon="-122.1550450">
    <ele>25.0</ele>
    <time>2020-07-14T02:10:10Z</time>
   </trkpt>
   <trkpt lat="47.4684030" lon="-122.1551000">
    <ele>24.9</ele>
    <time>2020-07-14T02:10:11Z</time>
   </trkpt>
   <trkpt lat="47.4684120" lon="-122.1551650">
    <ele>24.9</ele>
    <time>2020-07-14T02:10:12Z</time>
   </trkpt>
   <trkpt lat="47.4684280" lon="-122.1552050">
    <ele>24.9</ele>
    <time>2020-07-14T02:10:13Z</time>
   </trkpt>
   <trkpt lat="47.4684290" lon="-122.1552560">
    <ele>24.9</ele>
    <time>2020-07-14T02:10:14Z</time>
   </trkpt>
   <trkpt lat="47.4684460" lon="-122.1553100">
    <ele>24.9</ele>
    <time>2020-07-14T02:10:15Z</time>
   </trkpt>
   <trkpt lat="47.4684530" lon="-122.1553730">
    <ele>24.9</ele>
    <time>2020-07-14T02:10:16Z</time>
   </trkpt>
   <trkpt lat="47.4684590" lon="-122.1554360">
    <ele>24.9</ele>
    <time>2020-07-14T02:10:17Z</time>
   </trkpt>
   <trkpt lat="47.4684730" lon="-122.1554730">
    <ele>24.8</ele>
    <time>2020-07-14T02:10:18Z</time>
   </trkpt>
   <trkpt lat="47.4684830" lon="-122.1555430">
    <ele>24.8</ele>
    <time>2020-07-14T02:10:19Z</time>
   </trkpt>
   <trkpt lat="47.4684950" lon="-122.1556000">
    <ele>24.8</ele>
    <time>2020-07-14T02:10:20Z</time>
   </trkpt>
   <trkpt lat="47.4685090" lon="-122.1556460">
    <ele>24.8</ele>
    <time>2020-07-14T02:10:21Z</time>
   </trkpt>
   <trkpt lat="47.4685160" lon="-122.1557020">
    <ele>24.8</ele>
    <time>2020-07-14T02:10:22Z</time>
   </trkpt>
   <trkpt lat="47.4685210" lon="-122.1557410">
    <ele>24.8</ele>
    <time>2020-07-14T02:10:23Z</time>
   </trkpt>
   <trkpt lat="47.4685270" lon="-122.1557860">
    <ele>24.8</ele>
    <time>2020-07-14T02:10:24Z</time>
   </trkpt>
   <trkpt lat="47.4685230" lon="-122.1558540">
    <ele>24.8</ele>
    <time>2020-07-14T02:10:25Z</time>
   </trkpt>
   <trkpt lat="47.4685310" lon="-122.1559140">
    <ele>24.8</ele>
    <time>2020-07-14T02:10:26Z</time>
   </trkpt>
   <trkpt lat="47.4685370" lon="-122.1559380">
    <ele>24.9</ele>
    <time>2020-07-14T02:10:27Z</time>
   </trkpt>
   <trkpt lat="47.4685480" lon="-122.1559970">
    <ele>24.9</ele>
    <time>2020-07-14T02:10:28Z</time>
   </trkpt>
   <trkpt lat="47.4685610" lon="-122.1560670">
    <ele>24.8</ele>
    <time>2020-07-14T02:10:29Z</time>
   </trkpt>
   <trkpt lat="47.4685700" lon="-122.1561000">
    <ele>24.7</ele>
    <time>2020-07-14T02:10:30Z</time>
   </trkpt>
   <trkpt lat="47.4685810" lon="-122.1561570">
    <ele>24.7</ele>
    <time>2020-07-14T02:10:31Z</time>
   </trkpt>
   <trkpt lat="47.4685950" lon="-122.1561990">
    <ele>24.6</ele>
    <time>2020-07-14T02:10:32Z</time>
   </trkpt>
   <trkpt lat="47.4686050" lon="-122.1562640">
    <ele>24.6</ele>
    <time>2020-07-14T02:10:33Z</time>
   </trkpt>
   <trkpt lat="47.4686130" lon="-122.1563260">
    <ele>24.5</ele>
    <time>2020-07-14T02:10:34Z</time>
   </trkpt>
   <trkpt lat="47.4686280" lon="-122.1563740">
    <ele>24.5</ele>
    <time>2020-07-14T02:10:35Z</time>
   </trkpt>
   <trkpt lat="47.4686490" lon="-122.1564300">
    <ele>24.4</ele>
    <time>2020-07-14T02:10:36Z</time>
   </trkpt>
   <trkpt lat="47.4686660" lon="-122.1564900">
    <ele>24.4</ele>
    <time>2020-07-14T02:10:37Z</time>
   </trkpt>
   <trkpt lat="47.4686870" lon="-122.1565510">
    <ele>24.3</ele>
    <time>2020-07-14T02:10:38Z</time>
   </trkpt>
   <trkpt lat="47.4686960" lon="-122.1565800">
    <ele>24.3</ele>
    <time>2020-07-14T02:10:39Z</time>
   </trkpt>
   <trkpt lat="47.4687080" lon="-122.1566340">
    <ele>24.2</ele>
    <time>2020-07-14T02:10:40Z</time>
   </trkpt>
   <trkpt lat="47.4687240" lon="-122.1566990">
    <ele>24.2</ele>
    <time>2020-07-14T02:10:41Z</time>
   </trkpt>
   <trkpt lat="47.4687320" lon="-122.1567270">
    <ele>24.1</ele>
    <time>2020-07-14T02:10:42Z</time>
   </trkpt>
   <trkpt lat="47.4687460" lon="-122.1567940">
    <ele>24.1</ele>
    <time>2020-07-14T02:10:43Z</time>
   </trkpt>
   <trkpt lat="47.4687580" lon="-122.1568490">
    <ele>24.0</ele>
    <time>2020-07-14T02:10:44Z</time>
   </trkpt>
   <trkpt lat="47.4687770" lon="-122.1568980">
    <ele>24.0</ele>
    <time>2020-07-14T02:10:45Z</time>
   </trkpt>
   <trkpt lat="47.4687980" lon="-122.1569540">
    <ele>24.0</ele>
    <time>2020-07-14T02:10:46Z</time>
   </trkpt>
   <trkpt lat="47.4687960" lon="-122.1569950">
    <ele>23.9</ele>
    <time>2020-07-14T02:10:47Z</time>
   </trkpt>
   <trkpt lat="47.4688140" lon="-122.1570380">
    <ele>23.9</ele>
    <time>2020-07-14T02:10:48Z</time>
   </trkpt>
   <trkpt lat="47.4688380" lon="-122.1570970">
    <ele>23.9</ele>
    <time>2020-07-14T02:10:49Z</time>
   </trkpt>
   <trkpt lat="47.4688430" lon="-122.1571400">
    <ele>23.8</ele>
    <time>2020-07-14T02:10:50Z</time>
   </trkpt>
   <trkpt lat="47.4688570" lon="-122.1571790">
    <ele>23.8</ele>
    <time>2020-07-14T02:10:51Z</time>
   </trkpt>
   <trkpt lat="47.4688670" lon="-122.1572310">
    <ele>23.8</ele>
    <time>2020-07-14T02:10:52Z</time>
   </trkpt>
   <trkpt lat="47.4688770" lon="-122.1572860">
    <ele>23.7</ele>
    <time>2020-07-14T02:10:53Z</time>
   </trkpt>
   <trkpt lat="47.4688950" lon="-122.1573410">
    <ele>23.7</ele>
    <time>2020-07-14T02:10:54Z</time>
   </trkpt>
   <trkpt lat="47.4689100" lon="-122.1574080">
    <ele>23.7</ele>
    <time>2020-07-14T02:10:55Z</time>
   </trkpt>
   <trkpt lat="47.4689240" lon="-122.1574550">
    <ele>23.7</ele>
    <time>2020-07-14T02:10:56Z</time>
   </trkpt>
   <trkpt lat="47.4689520" lon="-122.1575030">
    <ele>23.6</ele>
    <time>2020-07-14T02:10:57Z</time>
   </trkpt>
   <trkpt lat="47.4689620" lon="-122.1575580">
    <ele>23.6</ele>
    <time>2020-07-14T02:10:58Z</time>
   </trkpt>
   <trkpt lat="47.4689800" lon="-122.1576070">
    <ele>23.6</ele>
    <time>2020-07-14T02:10:59Z</time>
   </trkpt>
   <trkpt lat="47.4689920" lon="-122.1576650">
    <ele>23.6</ele>
    <time>2020-07-14T02:11:00Z</time>
   </trkpt>
   <trkpt lat="47.4690230" lon="-122.1577140">
    <ele>23.6</ele>
    <time>2020-07-14T02:11:01Z</time>
   </trkpt>
   <trkpt lat="47.4690340" lon="-122.1577410">
    <ele>23.6</ele>
    <time>2020-07-14T02:11:02Z</time>
   </trkpt>
   <trkpt lat="47.4690560" lon="-122.1577800">
    <ele>23.6</ele>
    <time>2020-07-14T02:11:03Z</time>
   </trkpt>
   <trkpt lat="47.4690750" lon="-122.1578300">
    <ele>23.6</ele>
    <time>2020-07-14T02:11:04Z</time>
   </trkpt>
   <trkpt lat="47.4690890" lon="-122.1578700">
    <ele>23.6</ele>
    <time>2020-07-14T02:11:05Z</time>
   </trkpt>
   <trkpt lat="47.4691170" lon="-122.1579190">
    <ele>23.6</ele>
    <time>2020-07-14T02:11:06Z</time>
   </trkpt>
   <trkpt lat="47.4691180" lon="-122.1579960">
    <ele>23.6</ele>
    <time>2020-07-14T02:11:07Z</time>
   </trkpt>
   <trkpt lat="47.4691420" lon="-122.1580370">
    <ele>23.6</ele>
    <time>2020-07-14T02:11:08Z</time>
   </trkpt>
   <trkpt lat="47.4691540" lon="-122.1580640">
    <ele>23.6</ele>
    <time>2020-07-14T02:11:09Z</time>
   </trkpt>
   <trkpt lat="47.4691610" lon="-122.1581220">
    <ele>23.6</ele>
    <time>2020-07-14T02:11:10Z</time>
   </trkpt>
   <trkpt lat="47.4691770" lon="-122.1581610">
    <ele>23.6</ele>
    <time>2020-07-14T02:11:11Z</time>
   </trkpt>
   <trkpt lat="47.4692020" lon="-122.1582040">
    <ele>23.6</ele>
    <time>2020-07-14T02:11:12Z</time>
   </trkpt>
   <trkpt lat="47.4692220" lon="-122.1582400">
    <ele>23.6</ele>
    <time>2020-07-14T02:11:13Z</time>
   </trkpt>
   <trkpt lat="47.4692370" lon="-122.1582840">
    <ele>23.6</ele>
    <time>2020-07-14T02:11:14Z</time>
   </trkpt>
   <trkpt lat="47.4692580" lon="-122.1583400">
    <ele>23.6</ele>
    <time>2020-07-14T02:11:15Z</time>
   </trkpt>
   <trkpt lat="47.4692730" lon="-122.1583790">
    <ele>23.6</ele>
    <time>2020-07-14T02:11:16Z</time>
   </trkpt>
   <trkpt lat="47.4692930" lon="-122.1584360">
    <ele>23.6</ele>
    <time>2020-07-14T02:11:17Z</time>
   </trkpt>
   <trkpt lat="47.4693050" lon="-122.1585080">
    <ele>23.6</ele>
    <time>2020-07-14T02:11:18Z</time>
   </trkpt>
   <trkpt lat="47.4693120" lon="-122.1585490">
    <ele>23.6</ele>
    <time>2020-07-14T02:11:19Z</time>
   </trkpt>
   <trkpt lat="47.4693280" lon="-122.1586080">
    <ele>23.6</ele>
    <time>2020-07-14T02:11:20Z</time>
   </trkpt>
   <trkpt lat="47.4693480" lon="-122.1586430">
    <ele>23.6</ele>
    <time>2020-07-14T02:11:21Z</time>
   </trkpt>
   <trkpt lat="47.4693670" lon="-122.1586830">
    <ele>23.6</ele>
    <time>2020-07-14T02:11:22Z</time>
   </trkpt>
   <trkpt lat="47.4693710" lon="-122.1587500">
    <ele>23.5</ele>
    <time>2020-07-14T02:11:23Z</time>
   </trkpt>
   <trkpt lat="47.4693850" lon="-122.1588020">
    <ele>23.5</ele>
    <time>2020-07-14T02:11:24Z</time>
   </trkpt>
   <trkpt lat="47.4693910" lon="-122.1588260">
    <ele>23.5</ele>
    <time>2020-07-14T02:11:25Z</time>
   </trkpt>
   <trkpt lat="47.4694100" lon="-122.1588860">
    <ele>23.5</ele>
    <time>2020-07-14T02:11:26Z</time>
   </trkpt>
   <trkpt lat="47.4694470" lon="-122.1589180">
    <ele>23.5</ele>
    <time>2020-07-14T02:11:27Z</time>
   </trkpt>
   <trkpt lat="47.4694690" lon="-122.1589260">
    <ele>23.5</ele>
    <time>2020-07-14T02:11:28Z</time>
   </trkpt>
   <trkpt lat="47.4694890" lon="-122.1589580">
    <ele>23.6</ele>
    <time>2020-07-14T02:11:29Z</time>
   </trkpt>
   <trkpt lat="47.4695130" lon="-122.1589810">
    <ele>23.6</ele>
    <time>2020-07-14T02:11:30Z</time>
   </trkpt>
   <trkpt lat="47.4694850" lon="-122.1590670">
    <ele>23.7</ele>
    <time>2020-07-14T02:11:31Z</time>
   </trkpt>
   <trkpt lat="47.4694620" lon="-122.1590990">
    <ele>23.7</ele>
    <time>2020-07-14T02:11:32Z</time>
   </trkpt>
   <trkpt lat="47.4694260" lon="-122.1591300">
    <ele>23.8</ele>
    <time>2020-07-14T02:11:33Z</time>
   </trkpt>
   <trkpt lat="47.4694010" lon="-122.1591760">
    <ele>23.8</ele>
    <time>2020-07-14T02:11:34Z</time>
   </trkpt>
   <trkpt lat="47.4693760" lon="-122.1592150">
    <ele>23.9</ele>
    <time>2020-07-14T02:11:35Z</time>
   </trkpt>
   <trkpt lat="47.4693530" lon="-122.1592510">
    <ele>23.9</ele>
    <time>2020-07-14T02:11:36Z</time>
   </trkpt>
   <trkpt lat="47.4693400" lon="-122.1592990">
    <ele>24.0</ele>
    <time>2020-07-14T02:11:37Z</time>
   </trkpt>
   <trkpt lat="47.4693340" lon="-122.1593510">
    <ele>24.0</ele>
    <time>2020-07-14T02:11:38Z</time>
   </trkpt>
   <trkpt lat="47.4693000" lon="-122.1593760">
    <ele>24.0</ele>
    <time>2020-07-14T02:11:39Z</time>
   </trkpt>
   <trkpt lat="47.4692840" lon="-122.1593800">
    <ele>24.1</ele>
    <time>2020-07-14T02:11:40Z</time>
   </trkpt>
   <trkpt lat="47.4692490" lon="-122.1593860">
    <ele>24.1</ele>
    <time>2020-07-14T02:11:41Z</time>
   </trkpt>
   <trkpt lat="47.4691830" lon="-122.1593610">
    <ele>24.3</ele>
    <time>2020-07-14T02:11:42Z</time>
   </trkpt>
   <trkpt lat="47.4691350" lon="-122.1593590">
    <ele>24.4</ele>
    <time>2020-07-14T02:11:43Z</time>
   </trkpt>
   <trkpt lat="47.4690960" lon="-122.1593660">
    <ele>24.5</ele>
    <time>2020-07-14T02:11:44Z</time>
   </trkpt>
   <trkpt lat="47.4690500" lon="-122.1593400">
    <ele>24.7</ele>
    <time>2020-07-14T02:11:45Z</time>
   </trkpt>
   <trkpt lat="47.4690340" lon="-122.1592810">
    <ele>24.9</ele>
    <time>2020-07-14T02:11:46Z</time>
   </trkpt>
   <trkpt lat="47.4689980" lon="-122.1592360">
    <ele>25.2</ele>
    <time>2020-07-14T02:11:47Z</time>
   </trkpt>
   <trkpt lat="47.4689790" lon="-122.1591660">
    <ele>25.5</ele>
    <time>2020-07-14T02:11:48Z</time>
   </trkpt>
   <trkpt lat="47.4689660" lon="-122.1591180">
    <ele>25.7</ele>
    <time>2020-07-14T02:11:49Z</time>
   </trkpt>
   <trkpt lat="47.4689610" lon="-122.1590990">
    <ele>25.8</ele>
    <time>2020-07-14T02:11:50Z</time>
   </trkpt>
   <trkpt lat="47.4689770" lon="-122.1590580">
    <ele>26.0</ele>
    <time>2020-07-14T02:11:51Z</time>
   </trkpt>
   <trkpt lat="47.4689980" lon="-122.1590230">
    <ele>26.2</ele>
    <time>2020-07-14T02:11:52Z</time>
   </trkpt>
   <trkpt lat="47.4690440" lon="-122.1590130">
    <ele>26.4</ele>
    <time>2020-07-14T02:11:53Z</time>
   </trkpt>
   <trkpt lat="47.4690760" lon="-122.1590270">
    <ele>26.6</ele>
    <time>2020-07-14T02:11:54Z</time>
   </trkpt>
   <trkpt lat="47.4691160" lon="-122.1590570">
    <ele>26.8</ele>
    <time>2020-07-14T02:11:55Z</time>
   </trkpt>
   <trkpt lat="47.4691430" lon="-122.1591170">
    <ele>26.9</ele>
    <time>2020-07-14T02:11:56Z</time>
   </trkpt>
   <trkpt lat="47.4691600" lon="-122.1591610">
    <ele>27.0</ele>
    <time>2020-07-14T02:11:57Z</time>
   </trkpt>
   <trkpt lat="47.4691790" lon="-122.1592100">
    <ele>27.0</ele>
    <time>2020-07-14T02:11:58Z</time>
   </trkpt>
   <trkpt lat="47.4691990" lon="-122.1592600">
    <ele>27.0</ele>
    <time>2020-07-14T02:11:59Z</time>
   </trkpt>
   <trkpt lat="47.4692300" lon="-122.1593110">
    <ele>27.0</ele>
    <time>2020-07-14T02:12:00Z</time>
   </trkpt>
   <trkpt lat="47.4692420" lon="-122.1593520">
    <ele>26.9</ele>
    <time>2020-07-14T02:12:01Z</time>
   </trkpt>
   <trkpt lat="47.4692500" lon="-122.1594010">
    <ele>26.9</ele>
    <time>2020-07-14T02:12:02Z</time>
   </trkpt>
   <trkpt lat="47.4692730" lon="-122.1594370">
    <ele>26.9</ele>
    <time>2020-07-14T02:12:03Z</time>
   </trkpt>
   <trkpt lat="47.4692730" lon="-122.1595050">
    <ele>26.9</ele>
    <time>2020-07-14T02:12:04Z</time>
   </trkpt>
   <trkpt lat="47.4692990" lon="-122.1595410">
    <ele>26.9</ele>
    <time>2020-07-14T02:12:05Z</time>
   </trkpt>
   <trkpt lat="47.4693240" lon="-122.1595800">
    <ele>26.9</ele>
    <time>2020-07-14T02:12:06Z</time>
   </trkpt>
   <trkpt lat="47.4693350" lon="-122.1596300">
    <ele>26.9</ele>
    <time>2020-07-14T02:12:07Z</time>
   </trkpt>
   <trkpt lat="47.4693640" lon="-122.1596620">
    <ele>26.9</ele>
    <time>2020-07-14T02:12:08Z</time>
   </trkpt>
   <trkpt lat="47.4693860" lon="-122.1597260">
    <ele>26.9</ele>
    <time>2020-07-14T02:12:09Z</time>
   </trkpt>
   <trkpt lat="47.4693860" lon="-122.1597840">
    <ele>26.9</ele>
    <time>2020-07-14T02:12:10Z</time>
   </trkpt>
   <trkpt lat="47.4693980" lon="-122.1598300">
    <ele>27.0</ele>
    <time>2020-07-14T02:12:11Z</time>
   </trkpt>
   <trkpt lat="47.4694120" lon="-122.1598860">
    <ele>27.0</ele>
    <time>2020-07-14T02:12:12Z</time>
   </trkpt>
   <trkpt lat="47.4694200" lon="-122.1599060">
    <ele>27.0</ele>
    <time>2020-07-14T02:12:13Z</time>
   </trkpt>
   <trkpt lat="47.4694440" lon="-122.1599350">
    <ele>27.0</ele>
    <time>2020-07-14T02:12:14Z</time>
   </trkpt>
   <trkpt lat="47.4694740" lon="-122.1599840">
    <ele>27.0</ele>
    <time>2020-07-14T02:12:15Z</time>
   </trkpt>
   <trkpt lat="47.4694920" lon="-122.1600230">
    <ele>27.0</ele>
    <time>2020-07-14T02:12:16Z</time>
   </trkpt>
   <trkpt lat="47.4695080" lon="-122.1600750">
    <ele>27.0</ele>
    <time>2020-07-14T02:12:17Z</time>
   </trkpt>
   <trkpt lat="47.4695160" lon="-122.1600930">
    <ele>27.0</ele>
    <time>2020-07-14T02:12:18Z</time>
   </trkpt>
   <trkpt lat="47.4695260" lon="-122.1601420">
    <ele>26.9</ele>
    <time>2020-07-14T02:12:19Z</time>
   </trkpt>
   <trkpt lat="47.4695310" lon="-122.1601860">
    <ele>26.9</ele>
    <time>2020-07-14T02:12:20Z</time>
   </trkpt>
   <trkpt lat="47.4695450" lon="-122.1602230">
    <ele>26.9</ele>
    <time>2020-07-14T02:12:21Z</time>
   </trkpt>
   <trkpt lat="47.4695640" lon="-122.1602710">
    <ele>26.8</ele>
    <time>2020-07-14T02:12:22Z</time>
   </trkpt>
   <trkpt lat="47.4695890" lon="-122.1603220">
    <ele>26.8</ele>
    <time>2020-07-14T02:12:23Z</time>
   </trkpt>
   <trkpt lat="47.4696150" lon="-122.1603690">
    <ele>26.7</ele>
    <time>2020-07-14T02:12:24Z</time>
   </trkpt>
   <trkpt lat="47.4696220" lon="-122.1604210">
    <ele>26.6</ele>
    <time>2020-07-14T02:12:25Z</time>
   </trkpt>
   <trkpt lat="47.4696470" lon="-122.1604510">
    <ele>26.6</ele>
    <time>2020-07-14T02:12:26Z</time>
   </trkpt>
   <trkpt lat="47.4696670" lon="-122.1605020">
    <ele>26.5</ele>
    <time>2020-07-14T02:12:27Z</time>
   </trkpt>
   <trkpt lat="47.4696900" lon="-122.1605570">
    <ele>26.4</ele>
    <time>2020-07-14T02:12:28Z</time>
   </trkpt>
   <trkpt lat="47.4697030" lon="-122.1605780">
    <ele>26.3</ele>
    <time>2020-07-14T02:12:29Z</time>
   </trkpt>
   <trkpt lat="47.4697220" lon="-122.1606430">
    <ele>26.2</ele>
    <time>2020-07-14T02:12:30Z</time>
   </trkpt>
   <trkpt lat="47.4697380" lon="-122.1606770">
    <ele>26.2</ele>
    <time>2020-07-14T02:12:31Z</time>
   </trkpt>
   <trkpt lat="47.4697660" lon="-122.1607090">
    <ele>26.1</ele>
    <time>2020-07-14T02:12:32Z</time>
   </trkpt>
   <trkpt lat="47.4697760" lon="-122.1607710">
    <ele>26.0</ele>
    <time>2020-07-14T02:12:33Z</time>
   </trkpt>
   <trkpt lat="47.4697800" lon="-122.1608090">
    <ele>25.9</ele>
    <time>2020-07-14T02:12:34Z</time>
   </trkpt>
   <trkpt lat="47.4698020" lon="-122.1608590">
    <ele>25.8</ele>
    <time>2020-07-14T02:12:35Z</time>
   </trkpt>
   <trkpt lat="47.4698120" lon="-122.1608990">
    <ele>25.7</ele>
    <time>2020-07-14T02:12:36Z</time>
   </trkpt>
   <trkpt lat="47.4698310" lon="-122.1609370">
    <ele>25.6</ele>
    <time>2020-07-14T02:12:37Z</time>
   </trkpt>
   <trkpt lat="47.4698580" lon="-122.1609910">
    <ele>25.5</ele>
    <time>2020-07-14T02:12:38Z</time>
   </trkpt>
   <trkpt lat="47.4698660" lon="-122.1610490">
    <ele>25.4</ele>
    <time>2020-07-14T02:12:39Z</time>
   </trkpt>
   <trkpt lat="47.4698880" lon="-122.1611000">
    <ele>25.3</ele>
    <time>2020-07-14T02:12:40Z</time>
   </trkpt>
   <trkpt lat="47.4698910" lon="-122.1611250">
    <ele>25.2</ele>
    <time>2020-07-14T02:12:41Z</time>
   </trkpt>
   <trkpt lat="47.4699080" lon="-122.1611670">
    <ele>25.1</ele>
    <time>2020-07-14T02:12:42Z</time>
   </trkpt>
   <trkpt lat="47.4699360" lon="-122.1612070">
    <ele>25.0</ele>
    <time>2020-07-14T02:12:43Z</time>
   </trkpt>
   <trkpt lat="47.4699480" lon="-122.1612570">
    <ele>24.9</ele>
    <time>2020-07-14T02:12:44Z</time>
   </trkpt>
   <trkpt lat="47.4699580" lon="-122.1612950">
    <ele>24.8</ele>
    <time>2020-07-14T02:12:45Z</time>
   </trkpt>
   <trkpt lat="47.4699830" lon="-122.1613380">
    <ele>24.7</ele>
    <time>2020-07-14T02:12:46Z</time>
   </trkpt>
   <trkpt lat="47.4699880" lon="-122.1613960">
    <ele>24.6</ele>
    <time>2020-07-14T02:12:47Z</time>
   </trkpt>
   <trkpt lat="47.4700140" lon="-122.1614390">
    <ele>24.5</ele>
    <time>2020-07-14T02:12:48Z</time>
   </trkpt>
   <trkpt lat="47.4700220" lon="-122.1614910">
    <ele>24.4</ele>
    <time>2020-07-14T02:12:49Z</time>
   </trkpt>
   <trkpt lat="47.4700340" lon="-122.1615350">
    <ele>24.3</ele>
    <time>2020-07-14T02:12:50Z</time>
   </trkpt>
   <trkpt lat="47.4700620" lon="-122.1615870">
    <ele>24.2</ele>
    <time>2020-07-14T02:12:51Z</time>
   </trkpt>
   <trkpt lat="47.4700730" lon="-122.1616170">
    <ele>24.1</ele>
    <time>2020-07-14T02:12:52Z</time>
   </trkpt>
   <trkpt lat="47.4700830" lon="-122.1616750">
    <ele>24.0</ele>
    <time>2020-07-14T02:12:53Z</time>
   </trkpt>
   <trkpt lat="47.4701130" lon="-122.1617080">
    <ele>23.8</ele>
    <time>2020-07-14T02:12:54Z</time>
   </trkpt>
   <trkpt lat="47.4701300" lon="-122.1617580">
    <ele>23.7</ele>
    <time>2020-07-14T02:12:55Z</time>
   </trkpt>
   <trkpt lat="47.4701450" lon="-122.1618020">
    <ele>23.6</ele>
    <time>2020-07-14T02:12:56Z</time>
   </trkpt>
   <trkpt lat="47.4701700" lon="-122.1618610">
    <ele>23.5</ele>
    <time>2020-07-14T02:12:57Z</time>
   </trkpt>
   <trkpt lat="47.4701770" lon="-122.1619190">
    <ele>23.4</ele>
    <time>2020-07-14T02:12:58Z</time>
   </trkpt>
   <trkpt lat="47.4702060" lon="-122.1619570">
    <ele>23.3</ele>
    <time>2020-07-14T02:12:59Z</time>
   </trkpt>
   <trkpt lat="47.4702150" lon="-122.1620120">
    <ele>23.3</ele>
    <time>2020-07-14T02:13:00Z</time>
   </trkpt>
   <trkpt lat="47.4702350" lon="-122.1620640">
    <ele>23.2</ele>
    <time>2020-07-14T02:13:01Z</time>
   </trkpt>
   <trkpt lat="47.4702640" lon="-122.1621040">
    <ele>23.1</ele>
    <time>2020-07-14T02:13:02Z</time>
   </trkpt>
   <trkpt lat="47.4702880" lon="-122.1621370">
    <ele>23.1</ele>
    <time>2020-07-14T02:13:03Z</time>
   </trkpt>
   <trkpt lat="47.4702970" lon="-122.1621900">
    <ele>23.0</ele>
    <time>2020-07-14T02:13:04Z</time>
   </trkpt>
   <trkpt lat="47.4703050" lon="-122.1622290">
    <ele>23.0</ele>
    <time>2020-07-14T02:13:05Z</time>
   </trkpt>
   <trkpt lat="47.4703270" lon="-122.1622730">
    <ele>23.0</ele>
    <time>2020-07-14T02:13:06Z</time>
   </trkpt>
   <trkpt lat="47.4703520" lon="-122.1623220">
    <ele>23.0</ele>
    <time>2020-07-14T02:13:07Z</time>
   </trkpt>
   <trkpt lat="47.4703700" lon="-122.1623780">
    <ele>23.0</ele>
    <time>2020-07-14T02:13:08Z</time>
   </trkpt>
   <trkpt lat="47.4703890" lon="-122.1624310">
    <ele>23.1</ele>
    <time>2020-07-14T02:13:09Z</time>
   </trkpt>
   <trkpt lat="47.4704040" lon="-122.1624800">
    <ele>23.2</ele>
    <time>2020-07-14T02:13:10Z</time>
   </trkpt>
   <trkpt lat="47.4704260" lon="-122.1625160">
    <ele>23.2</ele>
    <time>2020-07-14T02:13:11Z</time>
   </trkpt>
   <trkpt lat="47.4704470" lon="-122.1625530">
    <ele>23.3</ele>
    <time>2020-07-14T02:13:12Z</time>
   </trkpt>
   <trkpt lat="47.4704560" lon="-122.1626060">
    <ele>23.4</ele>
    <time>2020-07-14T02:13:13Z</time>
   </trkpt>
   <trkpt lat="47.4704770" lon="-122.1626680">
    <ele>23.5</ele>
    <time>2020-07-14T02:13:14Z</time>
   </trkpt>
   <trkpt lat="47.4704890" lon="-122.1626940">
    <ele>23.6</ele>
    <time>2020-07-14T02:13:15Z</time>
   </trkpt>
   <trkpt lat="47.4705110" lon="-122.1627380">
    <ele>23.7</ele>
    <time>2020-07-14T02:13:16Z</time>
   </trkpt>
   <trkpt lat="47.4705400" lon="-122.1627540">
    <ele>23.8</ele>
    <time>2020-07-14T02:13:17Z</time>
   </trkpt>
   <trkpt lat="47.4705700" lon="-122.1627750">
    <ele>23.8</ele>
    <time>2020-07-14T02:13:18Z</time>
   </trkpt>
   <trkpt lat="47.4705890" lon="-122.1628160">
    <ele>23.9</ele>
    <time>2020-07-14T02:13:19Z</time>
   </trkpt>
   <trkpt lat="47.4706230" lon="-122.1628540">
    <ele>24.0</ele>
    <time>2020-07-14T02:13:20Z</time>
   </trkpt>
   <trkpt lat="47.4706340" lon="-122.1628730">
    <ele>24.1</ele>
    <time>2020-07-14T02:13:21Z</time>
   </trkpt>
   <trkpt lat="47.4706600" lon="-122.1628970">
    <ele>24.2</ele>
    <time>2020-07-14T02:13:22Z</time>
   </trkpt>
   <trkpt lat="47.4706670" lon="-122.1629050">
    <ele>24.2</ele>
    <time>2020-07-14T02:13:23Z</time>
   </trkpt>
   <trkpt lat="47.4706850" lon="-122.1629200">
    <ele>24.2</ele>
    <time>2020-07-14T02:13:24Z</time>
   </trkpt>
   <trkpt lat="47.4706960" lon="-122.1629230">
    <ele>24.2</ele>
    <time>2020-07-14T02:13:25Z</time>
   </trkpt>
   <trkpt lat="47.4710250" lon="-122.1631300">
    <ele>23.5</ele>
    <time>2020-07-14T02:16:01Z</time>
   </trkpt>
   <trkpt lat="47.4710300" lon="-122.1631570">
    <ele>23.4</ele>
    <time>2020-07-14T02:16:02Z</time>
   </trkpt>
   <trkpt lat="47.4710360" lon="-122.1631850">
    <ele>23.4</ele>
    <time>2020-07-14T02:16:03Z</time>
   </trkpt>
   <trkpt lat="47.4710530" lon="-122.1632290">
    <ele>23.2</ele>
    <time>2020-07-14T02:16:04Z</time>
   </trkpt>
   <trkpt lat="47.4710860" lon="-122.1632710">
    <ele>23.0</ele>
    <time>2020-07-14T02:16:05Z</time>
   </trkpt>
   <trkpt lat="47.4711090" lon="-122.1633160">
    <ele>22.9</ele>
    <time>2020-07-14T02:16:06Z</time>
   </trkpt>
   <trkpt lat="47.4711370" lon="-122.1633500">
    <ele>22.8</ele>
    <time>2020-07-14T02:16:07Z</time>
   </trkpt>
   <trkpt lat="47.4711560" lon="-122.1633990">
    <ele>22.7</ele>
    <time>2020-07-14T02:16:08Z</time>
   </trkpt>
   <trkpt lat="47.4711600" lon="-122.1634440">
    <ele>22.5</ele>
    <time>2020-07-14T02:16:09Z</time>
   </trkpt>
   <trkpt lat="47.4711720" lon="-122.1635180">
    <ele>22.4</ele>
    <time>2020-07-14T02:16:10Z</time>
   </trkpt>
   <trkpt lat="47.4711880" lon="-122.1635540">
    <ele>22.3</ele>
    <time>2020-07-14T02:16:11Z</time>
   </trkpt>
   <trkpt lat="47.4712100" lon="-122.1636010">
    <ele>22.2</ele>
    <time>2020-07-14T02:16:12Z</time>
   </trkpt>
   <trkpt lat="47.4712160" lon="-122.1636570">
    <ele>22.2</ele>
    <time>2020-07-14T02:16:13Z</time>
   </trkpt>
   <trkpt lat="47.4712340" lon="-122.1637130">
    <ele>22.3</ele>
    <time>2020-07-14T02:16:14Z</time>
   </trkpt>
   <trkpt lat="47.4712500" lon="-122.1637640">
    <ele>22.4</ele>
    <time>2020-07-14T02:16:15Z</time>
   </trkpt>
   <trkpt lat="47.4712590" lon="-122.1638250">
    <ele>22.4</ele>
    <time>2020-07-14T02:16:16Z</time>
   </trkpt>
   <trkpt lat="47.4712670" lon="-122.1638650">
    <ele>22.5</ele>
    <time>2020-07-14T02:16:17Z</time>
   </trkpt>
   <trkpt lat="47.4712860" lon="-122.1639240">
    <ele>22.5</ele>
    <time>2020-07-14T02:16:18Z</time>
   </trkpt>
   <trkpt lat="47.4713130" lon="-122.1639550">
    <ele>22.6</ele>
    <time>2020-07-14T02:16:19Z</time>
   </trkpt>
   <trkpt lat="47.4713320" lon="-122.1640030">
    <ele>22.6</ele>
    <time>2020-07-14T02:16:20Z</time>
   </trkpt>
   <trkpt lat="47.4713630" lon="-122.1640600">
    <ele>22.6</ele>
    <time>2020-07-14T02:16:21Z</time>
   </trkpt>
   <trkpt lat="47.4713930" lon="-122.1641080">
    <ele>22.7</ele>
    <time>2020-07-14T02:16:22Z</time>
   </trkpt>
   <trkpt lat="47.4714010" lon="-122.1641760">
    <ele>22.7</ele>
    <time>2020-07-14T02:16:23Z</time>
   </trkpt>
   <trkpt lat="47.4714340" lon="-122.1642110">
    <ele>22.7</ele>
    <time>2020-07-14T02:16:24Z</time>
   </trkpt>
   <trkpt lat="47.4714490" lon="-122.1642880">
    <ele>22.9</ele>
    <time>2020-07-14T02:16:25Z</time>
   </trkpt>
   <trkpt lat="47.4714640" lon="-122.1643220">
    <ele>22.9</ele>
    <time>2020-07-14T02:16:26Z</time>
   </trkpt>
   <trkpt lat="47.4714800" lon="-122.1643750">
    <ele>23.0</ele>
    <time>2020-07-14T02:16:27Z</time>
   </trkpt>
   <trkpt lat="47.4715030" lon="-122.1644220">
    <ele>23.1</ele>
    <time>2020-07-14T02:16:28Z</time>
   </trkpt>
   <trkpt lat="47.4715190" lon="-122.1644570">
    <ele>23.2</ele>
    <time>2020-07-14T02:16:29Z</time>
   </trkpt>
   <trkpt lat="47.4715330" lon="-122.1645190">
    <ele>23.3</ele>
    <time>2020-07-14T02:16:30Z</time>
   </trkpt>
   <trkpt lat="47.4715560" lon="-122.1645640">
    <ele>23.4</ele>
    <time>2020-07-14T02:16:31Z</time>
   </trkpt>
   <trkpt lat="47.4715700" lon="-122.1646180">
    <ele>23.4</ele>
    <time>2020-07-14T02:16:32Z</time>
   </trkpt>
   <trkpt lat="47.4715910" lon="-122.1646730">
    <ele>23.4</ele>
    <time>2020-07-14T02:16:33Z</time>
   </trkpt>
   <trkpt lat="47.4716200" lon="-122.1647090">
    <ele>23.4</ele>
    <time>2020-07-14T02:16:34Z</time>
   </trkpt>
   <trkpt lat="47.4716470" lon="-122.1647700">
    <ele>23.3</ele>
    <time>2020-07-14T02:16:35Z</time>
   </trkpt>
   <trkpt lat="47.4716680" lon="-122.1648240">
    <ele>23.2</ele>
    <time>2020-07-14T02:16:36Z</time>
   </trkpt>
   <trkpt lat="47.4716960" lon="-122.1648840">
    <ele>23.1</ele>
    <time>2020-07-14T02:16:37Z</time>
   </trkpt>
   <trkpt lat="47.4716910" lon="-122.1649450">
    <ele>23.0</ele>
    <time>2020-07-14T02:16:38Z</time>
   </trkpt>
   <trkpt lat="47.4717110" lon="-122.1649960">
    <ele>22.9</ele>
    <time>2020-07-14T02:16:39Z</time>
   </trkpt>
   <trkpt lat="47.4717250" lon="-122.1650430">
    <ele>22.9</ele>
    <time>2020-07-14T02:16:40Z</time>
   </trkpt>
   <trkpt lat="47.4717320" lon="-122.1650970">
    <ele>22.8</ele>
    <time>2020-07-14T02:16:41Z</time>
   </trkpt>
   <trkpt lat="47.4717650" lon="-122.1651430">
    <ele>22.7</ele>
    <time>2020-07-14T02:16:42Z</time>
   </trkpt>
   <trkpt lat="47.4717890" lon="-122.1651850">
    <ele>22.7</ele>
    <time>2020-07-14T02:16:43Z</time>
   </trkpt>
   <trkpt lat="47.4718050" lon="-122.1652210">
    <ele>22.6</ele>
    <time>2020-07-14T02:16:44Z</time>
   </trkpt>
   <trkpt lat="47.4718230" lon="-122.1652920">
    <ele>22.5</ele>
    <time>2020-07-14T02:16:45Z</time>
   </trkpt>
   <trkpt lat="47.4718280" lon="-122.1653420">
    <ele>22.5</ele>
    <time>2020-07-14T02:16:46Z</time>
   </trkpt>
   <trkpt lat="47.4718590" lon="-122.1653930">
    <ele>22.4</ele>
    <time>2020-07-14T02:16:47Z</time>
   </trkpt>
   <trkpt lat="47.4718750" lon="-122.1654490">
    <ele>22.4</ele>
    <time>2020-07-14T02:16:48Z</time>
   </trkpt>
   <trkpt lat="47.4718990" lon="-122.1654960">
    <ele>22.4</ele>
    <time>2020-07-14T02:16:49Z</time>
   </trkpt>
   <trkpt lat="47.4719370" lon="-122.1655270">
    <ele>22.4</ele>
    <time>2020-07-14T02:16:50Z</time>
   </trkpt>
   <trkpt lat="47.4719410" lon="-122.1656050">
    <ele>22.4</ele>
    <time>2020-07-14T02:16:51Z</time>
   </trkpt>
   <trkpt lat="47.4719600" lon="-122.1656400">
    <ele>22.4</ele>
    <time>2020-07-14T02:16:52Z</time>
   </trkpt>
   <trkpt lat="47.4719890" lon="-122.1656960">
    <ele>22.4</ele>
    <time>2020-07-14T02:16:53Z</time>
   </trkpt>
   <trkpt lat="47.4720120" lon="-122.1657360">
    <ele>22.4</ele>
    <time>2020-07-14T02:16:54Z</time>
   </trkpt>
   <trkpt lat="47.4720340" lon="-122.1657800">
    <ele>22.4</ele>
    <time>2020-07-14T02:16:55Z</time>
   </trkpt>
   <trkpt lat="47.4720630" lon="-122.1658170">
    <ele>22.4</ele>
    <time>2020-07-14T02:16:56Z</time>
   </trkpt>
   <trkpt lat="47.4720720" lon="-122.1658660">
    <ele>22.4</ele>
    <time>2020-07-14T02:16:57Z</time>
   </trkpt>
   <trkpt lat="47.4720910" lon="-122.1659330">
    <ele>22.4</ele>
    <time>2020-07-14T02:16:58Z</time>
   </trkpt>
   <trkpt lat="47.4721120" lon="-122.1659910">
    <ele>22.4</ele>
    <time>2020-07-14T02:16:59Z</time>
   </trkpt>
   <trkpt lat="47.4721450" lon="-122.1660440">
    <ele>22.3</ele>
    <time>2020-07-14T02:17:00Z</time>
   </trkpt>
   <trkpt lat="47.4721470" lon="-122.1661140">
    <ele>22.3</ele>
    <time>2020-07-14T02:17:01Z</time>
   </trkpt>
   <trkpt lat="47.4721630" lon="-122.1661510">
    <ele>22.2</ele>
    <time>2020-07-14T02:17:02Z</time>
   </trkpt>
   <trkpt lat="47.4721770" lon="-122.1662080">
    <ele>22.1</ele>
    <time>2020-07-14T02:17:03Z</time>
   </trkpt>
   <trkpt lat="47.4721960" lon="-122.1662560">
    <ele>22.1</ele>
    <time>2020-07-14T02:17:04Z</time>
   </trkpt>
   <trkpt lat="47.4722260" lon="-122.1663270">
    <ele>22.1</ele>
    <time>2020-07-14T02:17:05Z</time>
   </trkpt>
   <trkpt lat="47.4722530" lon="-122.1663680">
    <ele>22.1</ele>
    <time>2020-07-14T02:17:06Z</time>
   </trkpt>
   <trkpt lat="47.4722730" lon="-122.1664000">
    <ele>22.1</ele>
    <time>2020-07-14T02:17:07Z</time>
   </trkpt>
   <trkpt lat="47.4722990" lon="-122.1664600">
    <ele>22.1</ele>
    <time>2020-07-14T02:17:08Z</time>
   </trkpt>
   <trkpt lat="47.4723230" lon="-122.1665020">
    <ele>22.2</ele>
    <time>2020-07-14T02:17:09Z</time>
   </trkpt>
   <trkpt lat="47.4723320" lon="-122.1665740">
    <ele>22.2</ele>
    <time>2020-07-14T02:17:10Z</time>
   </trkpt>
   <trkpt lat="47.4723430" lon="-122.1666270">
    <ele>22.2</ele>
    <time>2020-07-14T02:17:11Z</time>
   </trkpt>
   <trkpt lat="47.4723610" lon="-122.1666640">
    <ele>22.3</ele>
    <time>2020-07-14T02:17:12Z</time>
   </trkpt>
   <trkpt lat="47.4723760" lon="-122.1667120">
    <ele>22.3</ele>
    <time>2020-07-14T02:17:13Z</time>
   </trkpt>
   <trkpt lat="47.4723640" lon="-122.1667610">
    <ele>22.3</ele>
    <time>2020-07-14T02:17:14Z</time>
   </trkpt>
   <trkpt lat="47.4723860" lon="-122.1668020">
    <ele>22.2</ele>
    <time>2020-07-14T02:17:15Z</time>
   </trkpt>
   <trkpt lat="47.4724170" lon="-122.1668510">
    <ele>22.2</ele>
    <time>2020-07-14T02:17:16Z</time>
   </trkpt>
   <trkpt lat="47.4724360" lon="-122.1668890">
    <ele>22.1</ele>
    <time>2020-07-14T02:17:17Z</time>
   </trkpt>
   <trkpt lat="47.4724550" lon="-122.1669500">
    <ele>22.0</ele>
    <time>2020-07-14T02:17:18Z</time>
   </trkpt>
   <trkpt lat="47.4724700" lon="-122.1670000">
    <ele>22.0</ele>
    <time>2020-07-14T02:17:19Z</time>
   </trkpt>
   <trkpt lat="47.4724910" lon="-122.1670460">
    <ele>21.9</ele>
    <time>2020-07-14T02:17:20Z</time>
   </trkpt>
   <trkpt lat="47.4724940" lon="-122.1671030">
    <ele>21.9</ele>
    <time>2020-07-14T02:17:22Z</time>
   </trkpt>
   <trkpt lat="47.4725160" lon="-122.1671620">
    <ele>21.9</ele>
    <time>2020-07-14T02:17:23Z</time>
   </trkpt>
   <trkpt lat="47.4725400" lon="-122.1672030">
    <ele>21.9</ele>
    <time>2020-07-14T02:17:24Z</time>
   </trkpt>
   <trkpt lat="47.4725530" lon="-122.1672600">
    <ele>21.9</ele>
    <time>2020-07-14T02:17:25Z</time>
   </trkpt>
   <trkpt lat="47.4725750" lon="-122.1673030">
    <ele>21.9</ele>
    <time>2020-07-14T02:17:26Z</time>
   </trkpt>
   <trkpt lat="47.4725790" lon="-122.1673550">
    <ele>21.9</ele>
    <time>2020-07-14T02:17:27Z</time>
   </trkpt>
   <trkpt lat="47.4726050" lon="-122.1674070">
    <ele>21.9</ele>
    <time>2020-07-14T02:17:28Z</time>
   </trkpt>
   <trkpt lat="47.4726130" lon="-122.1674390">
    <ele>21.8</ele>
    <time>2020-07-14T02:17:29Z</time>
   </trkpt>
   <trkpt lat="47.4726300" lon="-122.1674820">
    <ele>21.8</ele>
    <time>2020-07-14T02:17:30Z</time>
   </trkpt>
   <trkpt lat="47.4726710" lon="-122.1675250">
    <ele>21.8</ele>
    <time>2020-07-14T02:17:31Z</time>
   </trkpt>
   <trkpt lat="47.4726720" lon="-122.1675810">
    <ele>21.7</ele>
    <time>2020-07-14T02:17:32Z</time>
   </trkpt>
   <trkpt lat="47.4726840" lon="-122.1676220">
    <ele>21.7</ele>
    <time>2020-07-14T02:17:33Z</time>
   </trkpt>
   <trkpt lat="47.4727020" lon="-122.1676590">
    <ele>21.7</ele>
    <time>2020-07-14T02:17:34Z</time>
   </trkpt>
   <trkpt lat="47.4727070" lon="-122.1677030">
    <ele>21.7</ele>
    <time>2020-07-14T02:17:35Z</time>
   </trkpt>
   <trkpt lat="47.4727320" lon="-122.1677240">
    <ele>21.6</ele>
    <time>2020-07-14T02:17:36Z</time>
   </trkpt>
   <trkpt lat="47.4727550" lon="-122.1677950">
    <ele>21.6</ele>
    <time>2020-07-14T02:17:37Z</time>
   </trkpt>
   <trkpt lat="47.4727780" lon="-122.1678420">
    <ele>21.6</ele>
    <time>2020-07-14T02:17:38Z</time>
   </trkpt>
   <trkpt lat="47.4727990" lon="-122.1679020">
    <ele>21.5</ele>
    <time>2020-07-14T02:17:39Z</time>
   </trkpt>
   <trkpt lat="47.4728140" lon="-122.1679550">
    <ele>21.5</ele>
    <time>2020-07-14T02:17:40Z</time>
   </trkpt>
   <trkpt lat="47.4728250" lon="-122.1680010">
    <ele>21.4</ele>
    <time>2020-07-14T02:17:41Z</time>
   </trkpt>
   <trkpt lat="47.4728510" lon="-122.1680540">
    <ele>21.4</ele>
    <time>2020-07-14T02:17:42Z</time>
   </trkpt>
   <trkpt lat="47.4728590" lon="-122.1681050">
    <ele>21.4</ele>
    <time>2020-07-14T02:17:43Z</time>
   </trkpt>
   <trkpt lat="47.4728750" lon="-122.1681480">
    <ele>21.3</ele>
    <time>2020-07-14T02:17:44Z</time>
   </trkpt>
   <trkpt lat="47.4728960" lon="-122.1681940">
    <ele>21.3</ele>
    <time>2020-07-14T02:17:45Z</time>
   </trkpt>
   <trkpt lat="47.4729140" lon="-122.1682260">
    <ele>21.3</ele>
    <time>2020-07-14T02:17:46Z</time>
   </trkpt>
   <trkpt lat="47.4729360" lon="-122.1683260">
    <ele>21.2</ele>
    <time>2020-07-14T02:17:47Z</time>
   </trkpt>
   <trkpt lat="47.4729430" lon="-122.1683740">
    <ele>21.2</ele>
    <time>2020-07-14T02:17:48Z</time>
   </trkpt>
   <trkpt lat="47.4729480" lon="-122.1684180">
    <ele>21.2</ele>
    <time>2020-07-14T02:17:49Z</time>
   </trkpt>
   <trkpt lat="47.4729570" lon="-122.1684760">
    <ele>21.2</ele>
    <time>2020-07-14T02:17:50Z</time>
   </trkpt>
   <trkpt lat="47.4729790" lon="-122.1685200">
    <ele>21.2</ele>
    <time>2020-07-14T02:17:51Z</time>
   </trkpt>
   <trkpt lat="47.4730090" lon="-122.1685580">
    <ele>21.2</ele>
    <time>2020-07-14T02:17:52Z</time>
   </trkpt>
   <trkpt lat="47.4730350" lon="-122.1685910">
    <ele>21.2</ele>
    <time>2020-07-14T02:17:53Z</time>
   </trkpt>
   <trkpt lat="47.4730580" lon="-122.1686530">
    <ele>21.1</ele>
    <time>2020-07-14T02:17:54Z</time>
   </trkpt>
   <trkpt lat="47.4730550" lon="-122.1687120">
    <ele>21.1</ele>
    <time>2020-07-14T02:17:55Z</time>
   </trkpt>
   <trkpt lat="47.4730800" lon="-122.1687630">
    <ele>21.1</ele>
    <time>2020-07-14T02:17:56Z</time>
   </trkpt>
   <trkpt lat="47.4730940" lon="-122.1687800">
    <ele>21.1</ele>
    <time>2020-07-14T02:17:57Z</time>
   </trkpt>
   <trkpt lat="47.4731140" lon="-122.1688180">
    <ele>21.1</ele>
    <time>2020-07-14T02:17:58Z</time>
   </trkpt>
   <trkpt lat="47.4731310" lon="-122.1688750">
    <ele>21.1</ele>
    <time>2020-07-14T02:17:59Z</time>
   </trkpt>
   <trkpt lat="47.4731520" lon="-122.1689440">
    <ele>21.1</ele>
    <time>2020-07-14T02:18:00Z</time>
   </trkpt>
   <trkpt lat="47.4731580" lon="-122.1689790">
    <ele>21.1</ele>
    <time>2020-07-14T02:18:01Z</time>
   </trkpt>
   <trkpt lat="47.4731820" lon="-122.1690390">
    <ele>21.1</ele>
    <time>2020-07-14T02:18:02Z</time>
   </trkpt>
   <trkpt lat="47.4731890" lon="-122.1690940">
    <ele>21.2</ele>
    <time>2020-07-14T02:18:03Z</time>
   </trkpt>
   <trkpt lat="47.4732060" lon="-122.1691320">
    <ele>21.2</ele>
    <time>2020-07-14T02:18:04Z</time>
   </trkpt>
   <trkpt lat="47.4732200" lon="-122.1691800">
    <ele>21.2</ele>
    <time>2020-07-14T02:18:05Z</time>
   </trkpt>
   <trkpt lat="47.4732300" lon="-122.1692240">
    <ele>21.1</ele>
    <time>2020-07-14T02:18:06Z</time>
   </trkpt>
   <trkpt lat="47.4732490" lon="-122.1692890">
    <ele>21.1</ele>
    <time>2020-07-14T02:18:07Z</time>
   </trkpt>
   <trkpt lat="47.4732790" lon="-122.1693250">
    <ele>21.1</ele>
    <time>2020-07-14T02:18:08Z</time>
   </trkpt>
   <trkpt lat="47.4733030" lon="-122.1693750">
    <ele>21.1</ele>
    <time>2020-07-14T02:18:09Z</time>
   </trkpt>
   <trkpt lat="47.4733150" lon="-122.1694030">
    <ele>21.1</ele>
    <time>2020-07-14T02:18:10Z</time>
   </trkpt>
   <trkpt lat="47.4733320" lon="-122.1694540">
    <ele>21.1</ele>
    <time>2020-07-14T02:18:11Z</time>
   </trkpt>
   <trkpt lat="47.4733620" lon="-122.1694860">
    <ele>21.1</ele>
    <time>2020-07-14T02:18:12Z</time>
   </trkpt>
   <trkpt lat="47.4733740" lon="-122.1695250">
    <ele>21.1</ele>
    <time>2020-07-14T02:18:13Z</time>
   </trkpt>
   <trkpt lat="47.4733940" lon="-122.1695840">
    <ele>21.1</ele>
    <time>2020-07-14T02:18:14Z</time>
   </trkpt>
   <trkpt lat="47.4734100" lon="-122.1696210">
    <ele>21.1</ele>
    <time>2020-07-14T02:18:15Z</time>
   </trkpt>
   <trkpt lat="47.4734300" lon="-122.1696670">
    <ele>21.1</ele>
    <time>2020-07-14T02:18:16Z</time>
   </trkpt>
   <trkpt lat="47.4734500" lon="-122.1697170">
    <ele>21.1</ele>
    <time>2020-07-14T02:18:17Z</time>
   </trkpt>
   <trkpt lat="47.4734580" lon="-122.1697700">
    <ele>21.1</ele>
    <time>2020-07-14T02:18:18Z</time>
   </trkpt>
   <trkpt lat="47.4734770" lon="-122.1698160">
    <ele>21.1</ele>
    <time>2020-07-14T02:18:19Z</time>
   </trkpt>
   <trkpt lat="47.4734980" lon="-122.1698620">
    <ele>21.1</ele>
    <time>2020-07-14T02:18:20Z</time>
   </trkpt>
   <trkpt lat="47.4735130" lon="-122.1699040">
    <ele>21.1</ele>
    <time>2020-07-14T02:18:21Z</time>
   </trkpt>
   <trkpt lat="47.4735380" lon="-122.1699510">
    <ele>21.1</ele>
    <time>2020-07-14T02:18:22Z</time>
   </trkpt>
   <trkpt lat="47.4735470" lon="-122.1700050">
    <ele>21.1</ele>
    <time>2020-07-14T02:18:23Z</time>
   </trkpt>
   <trkpt lat="47.4735670" lon="-122.1700360">
    <ele>21.1</ele>
    <time>2020-07-14T02:18:24Z</time>
   </trkpt>
   <trkpt lat="47.4736050" lon="-122.1700940">
    <ele>21.1</ele>
    <time>2020-07-14T02:18:25Z</time>
   </trkpt>
   <trkpt lat="47.4736130" lon="-122.1701500">
    <ele>21.1</ele>
    <time>2020-07-14T02:18:26Z</time>
   </trkpt>
   <trkpt lat="47.4736390" lon="-122.1701880">
    <ele>21.1</ele>
    <time>2020-07-14T02:18:27Z</time>
   </trkpt>
   <trkpt lat="47.4736630" lon="-122.1702370">
    <ele>21.1</ele>
    <time>2020-07-14T02:18:28Z</time>
   </trkpt>
   <trkpt lat="47.4736780" lon="-122.1702990">
    <ele>21.1</ele>
    <time>2020-07-14T02:18:29Z</time>
   </trkpt>
   <trkpt lat="47.4737030" lon="-122.1703390">
    <ele>21.1</ele>
    <time>2020-07-14T02:18:30Z</time>
   </trkpt>
   <trkpt lat="47.4737190" lon="-122.1703830">
    <ele>21.1</ele>
    <time>2020-07-14T02:18:31Z</time>
   </trkpt>
   <trkpt lat="47.4737230" lon="-122.1704230">
    <ele>21.1</ele>
    <time>2020-07-14T02:18:32Z</time>
   </trkpt>
   <trkpt lat="47.4737450" lon="-122.1704800">
    <ele>21.1</ele>
    <time>2020-07-14T02:18:33Z</time>
   </trkpt>
   <trkpt lat="47.4737640" lon="-122.1705150">
    <ele>21.1</ele>
    <time>2020-07-14T02:18:34Z</time>
   </trkpt>
   <trkpt lat="47.4737840" lon="-122.1705530">
    <ele>21.1</ele>
    <time>2020-07-14T02:18:35Z</time>
   </trkpt>
   <trkpt lat="47.4738120" lon="-122.1706080">
    <ele>21.2</ele>
    <time>2020-07-14T02:18:36Z</time>
   </trkpt>
   <trkpt lat="47.4738360" lon="-122.1706600">
    <ele>21.2</ele>
    <time>2020-07-14T02:18:37Z</time>
   </trkpt>
   <trkpt lat="47.4738550" lon="-122.1707210">
    <ele>21.2</ele>
    <time>2020-07-14T02:18:38Z</time>
   </trkpt>
   <trkpt lat="47.4738640" lon="-122.1707460">
    <ele>21.2</ele>
    <time>2020-07-14T02:18:39Z</time>
   </trkpt>
   <trkpt lat="47.4738730" lon="-122.1707870">
    <ele>21.2</ele>
    <time>2020-07-14T02:18:40Z</time>
   </trkpt>
   <trkpt lat="47.4738930" lon="-122.1708480">
    <ele>21.2</ele>
    <time>2020-07-14T02:18:41Z</time>
   </trkpt>
   <trkpt lat="47.4739220" lon="-122.1708980">
    <ele>21.2</ele>
    <time>2020-07-14T02:18:42Z</time>
   </trkpt>
   <trkpt lat="47.4739680" lon="-122.1709470">
    <ele>21.2</ele>
    <time>2020-07-14T02:18:43Z</time>
   </trkpt>
   <trkpt lat="47.4739720" lon="-122.1710090">
    <ele>21.2</ele>
    <time>2020-07-14T02:18:44Z</time>
   </trkpt>
   <trkpt lat="47.4739940" lon="-122.1710440">
    <ele>21.2</ele>
    <time>2020-07-14T02:18:45Z</time>
   </trkpt>
   <trkpt lat="47.4740110" lon="-122.1710970">
    <ele>21.2</ele>
    <time>2020-07-14T02:18:46Z</time>
   </trkpt>
   <trkpt lat="47.4740240" lon="-122.1711670">
    <ele>21.1</ele>
    <time>2020-07-14T02:18:47Z</time>
   </trkpt>
   <trkpt lat="47.4740510" lon="-122.1712110">
    <ele>21.1</ele>
    <time>2020-07-14T02:18:48Z</time>
   </trkpt>
   <trkpt lat="47.4740700" lon="-122.1712680">
    <ele>21.1</ele>
    <time>2020-07-14T02:18:49Z</time>
   </trkpt>
   <trkpt lat="47.4740830" lon="-122.1713190">
    <ele>21.1</ele>
    <time>2020-07-14T02:18:50Z</time>
   </trkpt>
   <trkpt lat="47.4741020" lon="-122.1713660">
    <ele>21.1</ele>
    <time>2020-07-14T02:18:51Z</time>
   </trkpt>
   <trkpt lat="47.4741140" lon="-122.1714350">
    <ele>21.0</ele>
    <time>2020-07-14T02:18:52Z</time>
   </trkpt>
   <trkpt lat="47.4741450" lon="-122.1714700">
    <ele>21.0</ele>
    <time>2020-07-14T02:18:53Z</time>
   </trkpt>
   <trkpt lat="47.4741670" lon="-122.1715120">
    <ele>21.0</ele>
    <time>2020-07-14T02:18:54Z</time>
   </trkpt>
   <trkpt lat="47.4741810" lon="-122.1715670">
    <ele>21.0</ele>
    <time>2020-07-14T02:18:55Z</time>
   </trkpt>
   <trkpt lat="47.4741980" lon="-122.1716230">
    <ele>21.0</ele>
    <time>2020-07-14T02:18:56Z</time>
   </trkpt>
   <trkpt lat="47.4742250" lon="-122.1716760">
    <ele>21.0</ele>
    <time>2020-07-14T02:18:57Z</time>
   </trkpt>
   <trkpt lat="47.4742480" lon="-122.1717140">
    <ele>21.1</ele>
    <time>2020-07-14T02:18:58Z</time>
   </trkpt>
   <trkpt lat="47.4742670" lon="-122.1717650">
    <ele>21.1</ele>
    <time>2020-07-14T02:18:59Z</time>
   </trkpt>
   <trkpt lat="47.4742810" lon="-122.1718140">
    <ele>21.1</ele>
    <time>2020-07-14T02:19:00Z</time>
   </trkpt>
   <trkpt lat="47.4743020" lon="-122.1718650">
    <ele>21.1</ele>
    <time>2020-07-14T02:19:01Z</time>
   </trkpt>
   <trkpt lat="47.4743120" lon="-122.1719140">
    <ele>21.1</ele>
    <time>2020-07-14T02:19:02Z</time>
   </trkpt>
   <trkpt lat="47.4743310" lon="-122.1719550">
    <ele>21.1</ele>
    <time>2020-07-14T02:19:03Z</time>
   </trkpt>
   <trkpt lat="47.4743520" lon="-122.1719900">
    <ele>21.1</ele>
    <time>2020-07-14T02:19:04Z</time>
   </trkpt>
   <trkpt lat="47.4743570" lon="-122.1720360">
    <ele>21.1</ele>
    <time>2020-07-14T02:19:05Z</time>
   </trkpt>
   <trkpt lat="47.4743720" lon="-122.1720760">
    <ele>21.1</ele>
    <time>2020-07-14T02:19:06Z</time>
   </trkpt>
   <trkpt lat="47.4743930" lon="-122.1721390">
    <ele>21.1</ele>
    <time>2020-07-14T02:19:07Z</time>
   </trkpt>
   <trkpt lat="47.4744150" lon="-122.1721800">
    <ele>21.1</ele>
    <time>2020-07-14T02:19:08Z</time>
   </trkpt>
   <trkpt lat="47.4744340" lon="-122.1722220">
    <ele>21.1</ele>
    <time>2020-07-14T02:19:09Z</time>
   </trkpt>
   <trkpt lat="47.4744490" lon="-122.1722970">
    <ele>21.1</ele>
    <time>2020-07-14T02:19:10Z</time>
   </trkpt>
   <trkpt lat="47.4744670" lon="-122.1723390">
    <ele>21.1</ele>
    <time>2020-07-14T02:19:11Z</time>
   </trkpt>
   <trkpt lat="47.4744780" lon="-122.1723950">
    <ele>21.1</ele>
    <time>2020-07-14T02:19:12Z</time>
   </trkpt>
   <trkpt lat="47.4745050" lon="-122.1724620">
    <ele>21.1</ele>
    <time>2020-07-14T02:19:13Z</time>
   </trkpt>
   <trkpt lat="47.4745240" lon="-122.1724960">
    <ele>21.1</ele>
    <time>2020-07-14T02:19:14Z</time>
   </trkpt>
   <trkpt lat="47.4745410" lon="-122.1725440">
    <ele>21.1</ele>
    <time>2020-07-14T02:19:15Z</time>
   </trkpt>
   <trkpt lat="47.4745690" lon="-122.1725810">
    <ele>21.1</ele>
    <time>2020-07-14T02:19:16Z</time>
   </trkpt>
   <trkpt lat="47.4745920" lon="-122.1726070">
    <ele>21.1</ele>
    <time>2020-07-14T02:19:17Z</time>
   </trkpt>
   <trkpt lat="47.4746030" lon="-122.1726460">
    <ele>21.1</ele>
    <time>2020-07-14T02:19:18Z</time>
   </trkpt>
   <trkpt lat="47.4747230" lon="-122.1727700">
    <ele>21.1</ele>
    <time>2020-07-14T02:19:31Z</time>
   </trkpt>
   <trkpt lat="47.4747280" lon="-122.1727690">
    <ele>21.1</ele>
    <time>2020-07-14T02:19:32Z</time>
   </trkpt>
   <trkpt lat="47.4747400" lon="-122.1727730">
    <ele>21.1</ele>
    <time>2020-07-14T02:19:33Z</time>
   </trkpt>
   <trkpt lat="47.4747520" lon="-122.1727970">
    <ele>21.1</ele>
    <time>2020-07-14T02:19:34Z</time>
   </trkpt>
   <trkpt lat="47.4747720" lon="-122.1728680">
    <ele>21.1</ele>
    <time>2020-07-14T02:19:35Z</time>
   </trkpt>
   <trkpt lat="47.4747580" lon="-122.1729110">
    <ele>21.1</ele>
    <time>2020-07-14T02:19:36Z</time>
   </trkpt>
   <trkpt lat="47.4747600" lon="-122.1729330">
    <ele>21.1</ele>
    <time>2020-07-14T02:19:37Z</time>
   </trkpt>
   <trkpt lat="47.4747550" lon="-122.1729830">
    <ele>21.1</ele>
    <time>2020-07-14T02:19:38Z</time>
   </trkpt>
   <trkpt lat="47.4747600" lon="-122.1730260">
    <ele>21.1</ele>
    <time>2020-07-14T02:19:39Z</time>
   </trkpt>
   <trkpt lat="47.4747600" lon="-122.1730490">
    <ele>21.1</ele>
    <time>2020-07-14T02:19:40Z</time>
   </trkpt>
   <trkpt lat="47.4747630" lon="-122.1730910">
    <ele>21.1</ele>
    <time>2020-07-14T02:19:41Z</time>
   </trkpt>
   <trkpt lat="47.4747790" lon="-122.1731650">
    <ele>21.0</ele>
    <time>2020-07-14T02:19:42Z</time>
   </trkpt>
   <trkpt lat="47.4748020" lon="-122.1732000">
    <ele>21.0</ele>
    <time>2020-07-14T02:19:43Z</time>
   </trkpt>
   <trkpt lat="47.4748090" lon="-122.1732550">
    <ele>21.0</ele>
    <time>2020-07-14T02:19:44Z</time>
   </trkpt>
   <trkpt lat="47.4748230" lon="-122.1733070">
    <ele>21.0</ele>
    <time>2020-07-14T02:19:45Z</time>
   </trkpt>
   <trkpt lat="47.4748530" lon="-122.1733580">
    <ele>21.0</ele>
    <time>2020-07-14T02:19:46Z</time>
   </trkpt>
   <trkpt lat="47.4748820" lon="-122.1734470">
    <ele>21.0</ele>
    <time>2020-07-14T02:19:47Z</time>
   </trkpt>
   <trkpt lat="47.4749080" lon="-122.1734990">
    <ele>21.0</ele>
    <time>2020-07-14T02:19:48Z</time>
   </trkpt>
   <trkpt lat="47.4749450" lon="-122.1735420">
    <ele>21.0</ele>
    <time>2020-07-14T02:19:49Z</time>
   </trkpt>
   <trkpt lat="47.4749690" lon="-122.1735920">
    <ele>21.0</ele>
    <time>2020-07-14T02:19:50Z</time>
   </trkpt>
   <trkpt lat="47.4749720" lon="-122.1736390">
    <ele>21.0</ele>
    <time>2020-07-14T02:19:51Z</time>
   </trkpt>
   <trkpt lat="47.4750020" lon="-122.1736870">
    <ele>20.9</ele>
    <time>2020-07-14T02:19:52Z</time>
   </trkpt>
   <trkpt lat="47.4750120" lon="-122.1737420">
    <ele>20.9</ele>
    <time>2020-07-14T02:19:53Z</time>
   </trkpt>
   <trkpt lat="47.4750340" lon="-122.1737910">
    <ele>20.9</ele>
    <time>2020-07-14T02:19:54Z</time>
   </trkpt>
   <trkpt lat="47.4750590" lon="-122.1738270">
    <ele>20.9</ele>
    <time>2020-07-14T02:19:55Z</time>
   </trkpt>
   <trkpt lat="47.4750780" lon="-122.1738810">
    <ele>20.8</ele>
    <time>2020-07-14T02:19:56Z</time>
   </trkpt>
   <trkpt lat="47.4750850" lon="-122.1739320">
    <ele>20.8</ele>
    <time>2020-07-14T02:19:57Z</time>
   </trkpt>
   <trkpt lat="47.4751100" lon="-122.1739810">
    <ele>20.8</ele>
    <time>2020-07-14T02:19:58Z</time>
   </trkpt>
   <trkpt lat="47.4751180" lon="-122.1740510">
    <ele>20.8</ele>
    <time>2020-07-14T02:19:59Z</time>
   </trkpt>
   <trkpt lat="47.4751380" lon="-122.1740970">
    <ele>20.8</ele>
    <time>2020-07-14T02:20:00Z</time>
   </trkpt>
   <trkpt lat="47.4751510" lon="-122.1741560">
    <ele>20.7</ele>
    <time>2020-07-14T02:20:01Z</time>
   </trkpt>
   <trkpt lat="47.4751660" lon="-122.1742080">
    <ele>20.7</ele>
    <time>2020-07-14T02:20:02Z</time>
   </trkpt>
   <trkpt lat="47.4751820" lon="-122.1742570">
    <ele>20.7</ele>
    <time>2020-07-14T02:20:03Z</time>
   </trkpt>
   <trkpt lat="47.4752000" lon="-122.1743320">
    <ele>20.6</ele>
    <time>2020-07-14T02:20:04Z</time>
   </trkpt>
   <trkpt lat="47.4752110" lon="-122.1743860">
    <ele>20.6</ele>
    <time>2020-07-14T02:20:05Z</time>
   </trkpt>
   <trkpt lat="47.4752380" lon="-122.1744320">
    <ele>20.6</ele>
    <time>2020-07-14T02:20:06Z</time>
   </trkpt>
   <trkpt lat="47.4752520" lon="-122.1744740">
    <ele>20.6</ele>
    <time>2020-07-14T02:20:07Z</time>
   </trkpt>
   <trkpt lat="47.4752630" lon="-122.1745170">
    <ele>20.5</ele>
    <time>2020-07-14T02:20:08Z</time>
   </trkpt>
   <trkpt lat="47.4752690" lon="-122.1745850">
    <ele>20.5</ele>
    <time>2020-07-14T02:20:09Z</time>
   </trkpt>
   <trkpt lat="47.4752960" lon="-122.1746310">
    <ele>20.5</ele>
    <time>2020-07-14T02:20:10Z</time>
   </trkpt>
   <trkpt lat="47.4753310" lon="-122.1746750">
    <ele>20.5</ele>
    <time>2020-07-14T02:20:11Z</time>
   </trkpt>
   <trkpt lat="47.4753440" lon="-122.1747370">
    <ele>20.4</ele>
    <time>2020-07-14T02:20:12Z</time>
   </trkpt>
   <trkpt lat="47.4753610" lon="-122.1747890">
    <ele>20.4</ele>
    <time>2020-07-14T02:20:13Z</time>
   </trkpt>
   <trkpt lat="47.4753840" lon="-122.1748520">
    <ele>20.4</ele>
    <time>2020-07-14T02:20:14Z</time>
   </trkpt>
   <trkpt lat="47.4753910" lon="-122.1749000">
    <ele>20.4</ele>
    <time>2020-07-14T02:20:15Z</time>
   </trkpt>
   <trkpt lat="47.4754100" lon="-122.1749610">
    <ele>20.4</ele>
    <time>2020-07-14T02:20:16Z</time>
   </trkpt>
   <trkpt lat="47.4754190" lon="-122.1749900">
    <ele>20.4</ele>
    <time>2020-07-14T02:20:17Z</time>
   </trkpt>
   <trkpt lat="47.4754380" lon="-122.1750290">
    <ele>20.4</ele>
    <time>2020-07-14T02:20:18Z</time>
   </trkpt>
   <trkpt lat="47.4754600" lon="-122.1750760">
    <ele>20.4</ele>
    <time>2020-07-14T02:20:19Z</time>
   </trkpt>
   <trkpt lat="47.4754650" lon="-122.1751190">
    <ele>20.4</ele>
    <time>2020-07-14T02:20:20Z</time>
   </trkpt>
   <trkpt lat="47.4754670" lon="-122.1751490">
    <ele>20.4</ele>
    <time>2020-07-14T02:20:21Z</time>
   </trkpt>
   <trkpt lat="47.4755680" lon="-122.1755020">
    <ele>20.1</ele>
    <time>2020-07-14T02:20:50Z</time>
   </trkpt>
   <trkpt lat="47.4755800" lon="-122.1755460">
    <ele>20.1</ele>
    <time>2020-07-14T02:20:51Z</time>
   </trkpt>
   <trkpt lat="47.4755950" lon="-122.1755800">
    <ele>20.0</ele>
    <time>2020-07-14T02:20:52Z</time>
   </trkpt>
   <trkpt lat="47.4756110" lon="-122.1756310">
    <ele>20.0</ele>
    <time>2020-07-14T02:20:53Z</time>
   </trkpt>
   <trkpt lat="47.4756170" lon="-122.1756540">
    <ele>19.9</ele>
    <time>2020-07-14T02:20:54Z</time>
   </trkpt>
   <trkpt lat="47.4756320" lon="-122.1757390">
    <ele>19.8</ele>
    <time>2020-07-14T02:20:55Z</time>
   </trkpt>
   <trkpt lat="47.4756610" lon="-122.1758040">
    <ele>19.8</ele>
    <time>2020-07-14T02:20:56Z</time>
   </trkpt>
   <trkpt lat="47.4756830" lon="-122.1758650">
    <ele>19.7</ele>
    <time>2020-07-14T02:20:57Z</time>
   </trkpt>
   <trkpt lat="47.4756950" lon="-122.1759270">
    <ele>19.6</ele>
    <time>2020-07-14T02:20:58Z</time>
   </trkpt>
   <trkpt lat="47.4757170" lon="-122.1759800">
    <ele>19.6</ele>
    <time>2020-07-14T02:20:59Z</time>
   </trkpt>
   <trkpt lat="47.4757470" lon="-122.1760340">
    <ele>19.5</ele>
    <time>2020-07-14T02:21:00Z</time>
   </trkpt>
   <trkpt lat="47.4757590" lon="-122.1760600">
    <ele>19.5</ele>
    <time>2020-07-14T02:21:01Z</time>
   </trkpt>
   <trkpt lat="47.4757800" lon="-122.1761100">
    <ele>19.4</ele>
    <time>2020-07-14T02:21:02Z</time>
   </trkpt>
   <trkpt lat="47.4758050" lon="-122.1761580">
    <ele>19.4</ele>
    <time>2020-07-14T02:21:03Z</time>
   </trkpt>
   <trkpt lat="47.4757990" lon="-122.1762310">
    <ele>19.4</ele>
    <time>2020-07-14T02:21:04Z</time>
   </trkpt>
   <trkpt lat="47.4758250" lon="-122.1762920">
    <ele>19.5</ele>
    <time>2020-07-14T02:21:05Z</time>
   </trkpt>
   <trkpt lat="47.4758530" lon="-122.1763450">
    <ele>19.5</ele>
    <time>2020-07-14T02:21:06Z</time>
   </trkpt>
   <trkpt lat="47.4758800" lon="-122.1764110">
    <ele>19.6</ele>
    <time>2020-07-14T02:21:07Z</time>
   </trkpt>
   <trkpt lat="47.4759000" lon="-122.1764470">
    <ele>19.6</ele>
    <time>2020-07-14T02:21:08Z</time>
   </trkpt>
   <trkpt lat="47.4759260" lon="-122.1765160">
    <ele>19.7</ele>
    <time>2020-07-14T02:21:09Z</time>
   </trkpt>
   <trkpt lat="47.4759500" lon="-122.1765560">
    <ele>19.7</ele>
    <time>2020-07-14T02:21:10Z</time>
   </trkpt>
   <trkpt lat="47.4759890" lon="-122.1765910">
    <ele>19.8</ele>
    <time>2020-07-14T02:21:11Z</time>
   </trkpt>
   <trkpt lat="47.4759920" lon="-122.1766890">
    <ele>19.9</ele>
    <time>2020-07-14T02:21:12Z</time>
   </trkpt>
   <trkpt lat="47.4760020" lon="-122.1767320">
    <ele>19.9</ele>
    <time>2020-07-14T02:21:13Z</time>
   </trkpt>
   <trkpt lat="47.4760270" lon="-122.1767740">
    <ele>20.0</ele>
    <time>2020-07-14T02:21:14Z</time>
   </trkpt>
   <trkpt lat="47.4760290" lon="-122.1768590">
    <ele>20.0</ele>
    <time>2020-07-14T02:21:15Z</time>
   </trkpt>
   <trkpt lat="47.4760510" lon="-122.1769090">
    <ele>20.0</ele>
    <time>2020-07-14T02:21:16Z</time>
   </trkpt>
   <trkpt lat="47.4760640" lon="-122.1769290">
    <ele>20.1</ele>
    <time>2020-07-14T02:21:17Z</time>
   </trkpt>
   <trkpt lat="47.4760740" lon="-122.1770040">
    <ele>20.1</ele>
    <time>2020-07-14T02:21:18Z</time>
   </trkpt>
   <trkpt lat="47.4760860" lon="-122.1770520">
    <ele>20.1</ele>
    <time>2020-07-14T02:21:19Z</time>
   </trkpt>
   <trkpt lat="47.4761230" lon="-122.1771090">
    <ele>20.1</ele>
    <time>2020-07-14T02:21:20Z</time>
   </trkpt>
   <trkpt lat="47.4761480" lon="-122.1771410">
    <ele>20.1</ele>
    <time>2020-07-14T02:21:21Z</time>
   </trkpt>
   <trkpt lat="47.4761560" lon="-122.1771910">
    <ele>20.1</ele>
    <time>2020-07-14T02:21:22Z</time>
   </trkpt>
   <trkpt lat="47.4761750" lon="-122.1772300">
    <ele>20.1</ele>
    <time>2020-07-14T02:21:23Z</time>
   </trkpt>
   <trkpt lat="47.4761980" lon="-122.1772620">
    <ele>20.1</ele>
    <time>2020-07-14T02:21:24Z</time>
   </trkpt>
   <trkpt lat="47.4762000" lon="-122.1773240">
    <ele>20.1</ele>
    <time>2020-07-14T02:21:25Z</time>
   </trkpt>
   <trkpt lat="47.4762010" lon="-122.1773750">
    <ele>20.2</ele>
    <time>2020-07-14T02:21:26Z</time>
   </trkpt>
   <trkpt lat="47.4762150" lon="-122.1774550">
    <ele>20.2</ele>
    <time>2020-07-14T02:21:27Z</time>
   </trkpt>
   <trkpt lat="47.4762270" lon="-122.1774950">
    <ele>20.2</ele>
    <time>2020-07-14T02:21:28Z</time>
   </trkpt>
   <trkpt lat="47.4762490" lon="-122.1775400">
    <ele>20.2</ele>
    <time>2020-07-14T02:21:29Z</time>
   </trkpt>
   <trkpt lat="47.4762710" lon="-122.1775950">
    <ele>20.1</ele>
    <time>2020-07-14T02:21:30Z</time>
   </trkpt>
   <trkpt lat="47.4763010" lon="-122.1776290">
    <ele>20.1</ele>
    <time>2020-07-14T02:21:31Z</time>
   </trkpt>
   <trkpt lat="47.4763220" lon="-122.1776550">
    <ele>20.1</ele>
    <time>2020-07-14T02:21:32Z</time>
   </trkpt>
   <trkpt lat="47.4763570" lon="-122.1776850">
    <ele>20.1</ele>
    <time>2020-07-14T02:21:33Z</time>
   </trkpt>
   <trkpt lat="47.4763800" lon="-122.1777410">
    <ele>20.1</ele>
    <time>2020-07-14T02:21:34Z</time>
   </trkpt>
   <trkpt lat="47.4763860" lon="-122.1777870">
    <ele>20.1</ele>
    <time>2020-07-14T02:21:35Z</time>
   </trkpt>
   <trkpt lat="47.4763970" lon="-122.1778390">
    <ele>20.1</ele>
    <time>2020-07-14T02:21:36Z</time>
   </trkpt>
   <trkpt lat="47.4764270" lon="-122.1778880">
    <ele>20.0</ele>
    <time>2020-07-14T02:21:37Z</time>
   </trkpt>
   <trkpt lat="47.4764580" lon="-122.1779270">
    <ele>20.0</ele>
    <time>2020-07-14T02:21:38Z</time>
   </trkpt>
   <trkpt lat="47.4764670" lon="-122.1779800">
    <ele>20.0</ele>
    <time>2020-07-14T02:21:39Z</time>
   </trkpt>
   <trkpt lat="47.4764880" lon="-122.1780320">
    <ele>19.9</ele>
    <time>2020-07-14T02:21:40Z</time>
   </trkpt>
   <trkpt lat="47.4765050" lon="-122.1780670">
    <ele>19.9</ele>
    <time>2020-07-14T02:21:41Z</time>
   </trkpt>
   <trkpt lat="47.4765320" lon="-122.1780980">
    <ele>19.8</ele>
    <time>2020-07-14T02:21:42Z</time>
   </trkpt>
   <trkpt lat="47.4765470" lon="-122.1781470">
    <ele>19.8</ele>
    <time>2020-07-14T02:21:43Z</time>
   </trkpt>
   <trkpt lat="47.4765610" lon="-122.1781940">
    <ele>19.7</ele>
    <time>2020-07-14T02:21:44Z</time>
   </trkpt>
   <trkpt lat="47.4765810" lon="-122.1782230">
    <ele>19.7</ele>
    <time>2020-07-14T02:21:45Z</time>
   </trkpt>
   <trkpt lat="47.4765980" lon="-122.1782610">
    <ele>19.7</ele>
    <time>2020-07-14T02:21:46Z</time>
   </trkpt>
   <trkpt lat="47.4766180" lon="-122.1782980">
    <ele>19.6</ele>
    <time>2020-07-14T02:21:47Z</time>
   </trkpt>
   <trkpt lat="47.4766310" lon="-122.1783530">
    <ele>19.6</ele>
    <time>2020-07-14T02:21:48Z</time>
   </trkpt>
   <trkpt lat="47.4766560" lon="-122.1783930">
    <ele>19.6</ele>
    <time>2020-07-14T02:21:49Z</time>
   </trkpt>
   <trkpt lat="47.4766800" lon="-122.1784430">
    <ele>19.6</ele>
    <time>2020-07-14T02:21:50Z</time>
   </trkpt>
   <trkpt lat="47.4766890" lon="-122.1785000">
    <ele>19.6</ele>
    <time>2020-07-14T02:21:51Z</time>
   </trkpt>
   <trkpt lat="47.4767110" lon="-122.1785510">
    <ele>19.6</ele>
    <time>2020-07-14T02:21:52Z</time>
   </trkpt>
   <trkpt lat="47.4767360" lon="-122.1785680">
    <ele>19.6</ele>
    <time>2020-07-14T02:21:53Z</time>
   </trkpt>
   <trkpt lat="47.4767660" lon="-122.1786150">
    <ele>19.6</ele>
    <time>2020-07-14T02:21:54Z</time>
   </trkpt>
   <trkpt lat="47.4767890" lon="-122.1786460">
    <ele>19.6</ele>
    <time>2020-07-14T02:21:55Z</time>
   </trkpt>
   <trkpt lat="47.4768140" lon="-122.1786880">
    <ele>19.6</ele>
    <time>2020-07-14T02:21:56Z</time>
   </trkpt>
   <trkpt lat="47.4768360" lon="-122.1787340">
    <ele>19.6</ele>
    <time>2020-07-14T02:21:57Z</time>
   </trkpt>
   <trkpt lat="47.4768620" lon="-122.1787810">
    <ele>19.6</ele>
    <time>2020-07-14T02:21:58Z</time>
   </trkpt>
   <trkpt lat="47.4768830" lon="-122.1788380">
    <ele>19.6</ele>
    <time>2020-07-14T02:21:59Z</time>
   </trkpt>
   <trkpt lat="47.4769070" lon="-122.1788790">
    <ele>19.6</ele>
    <time>2020-07-14T02:22:00Z</time>
   </trkpt>
   <trkpt lat="47.4769320" lon="-122.1789180">
    <ele>19.6</ele>
    <time>2020-07-14T02:22:01Z</time>
   </trkpt>
   <trkpt lat="47.4769540" lon="-122.1789810">
    <ele>19.7</ele>
    <time>2020-07-14T02:22:02Z</time>
   </trkpt>
   <trkpt lat="47.4769690" lon="-122.1790230">
    <ele>19.7</ele>
    <time>2020-07-14T02:22:03Z</time>
   </trkpt>
   <trkpt lat="47.4769860" lon="-122.1790630">
    <ele>19.7</ele>
    <time>2020-07-14T02:22:04Z</time>
   </trkpt>
   <trkpt lat="47.4770030" lon="-122.1791110">
    <ele>19.7</ele>
    <time>2020-07-14T02:22:05Z</time>
   </trkpt>
   <trkpt lat="47.4770060" lon="-122.1791590">
    <ele>19.7</ele>
    <time>2020-07-14T02:22:06Z</time>
   </trkpt>
   <trkpt lat="47.4770270" lon="-122.1792140">
    <ele>19.7</ele>
    <time>2020-07-14T02:22:07Z</time>
   </trkpt>
   <trkpt lat="47.4770370" lon="-122.1792340">
    <ele>19.7</ele>
    <time>2020-07-14T02:22:08Z</time>
   </trkpt>
   <trkpt lat="47.4770650" lon="-122.1792590">
    <ele>19.7</ele>
    <time>2020-07-14T02:22:09Z</time>
   </trkpt>
   <trkpt lat="47.4770930" lon="-122.1792870">
    <ele>19.7</ele>
    <time>2020-07-14T02:22:10Z</time>
   </trkpt>
   <trkpt lat="47.4770980" lon="-122.1792920">
    <ele>19.7</ele>
    <time>2020-07-14T02:22:11Z</time>
   </trkpt>
   <trkpt lat="47.4771480" lon="-122.1792780">
    <ele>19.7</ele>
    <time>2020-07-14T02:22:51Z</time>
   </trkpt>
   <trkpt lat="47.4771350" lon="-122.1792840">
    <ele>19.7</ele>
    <time>2020-07-14T02:22:52Z</time>
   </trkpt>
   <trkpt lat="47.4771230" lon="-122.1792890">
    <ele>19.7</ele>
    <time>2020-07-14T02:22:53Z</time>
   </trkpt>
   <trkpt lat="47.4770910" lon="-122.1793080">
    <ele>19.7</ele>
    <time>2020-07-14T02:22:54Z</time>
   </trkpt>
   <trkpt lat="47.4770480" lon="-122.1792870">
    <ele>19.6</ele>
    <time>2020-07-14T02:22:55Z</time>
   </trkpt>
   <trkpt lat="47.4770280" lon="-122.1792450">
    <ele>19.6</ele>
    <time>2020-07-14T02:22:56Z</time>
   </trkpt>
   <trkpt lat="47.4770070" lon="-122.1791930">
    <ele>19.6</ele>
    <time>2020-07-14T02:22:57Z</time>
   </trkpt>
   <trkpt lat="47.4769840" lon="-122.1791510">
    <ele>19.6</ele>
    <time>2020-07-14T02:22:58Z</time>
   </trkpt>
   <trkpt lat="47.4769590" lon="-122.1791070">
    <ele>19.6</ele>
    <time>2020-07-14T02:22:59Z</time>
   </trkpt>
   <trkpt lat="47.4769330" lon="-122.1790620">
    <ele>19.6</ele>
    <time>2020-07-14T02:23:00Z</time>
   </trkpt>
   <trkpt lat="47.4769180" lon="-122.1790230">
    <ele>19.6</ele>
    <time>2020-07-14T02:23:01Z</time>
   </trkpt>
   <trkpt lat="47.4769080" lon="-122.1789680">
    <ele>19.6</ele>
    <time>2020-07-14T02:23:02Z</time>
   </trkpt>
   <trkpt lat="47.4768950" lon="-122.1789260">
    <ele>19.6</ele>
    <time>2020-07-14T02:23:03Z</time>
   </trkpt>
   <trkpt lat="47.4768660" lon="-122.1788900">
    <ele>19.6</ele>
    <time>2020-07-14T02:23:04Z</time>
   </trkpt>
   <trkpt lat="47.4768360" lon="-122.1788370">
    <ele>19.6</ele>
    <time>2020-07-14T02:23:05Z</time>
   </trkpt>
   <trkpt lat="47.4768130" lon="-122.1787960">
    <ele>19.6</ele>
    <time>2020-07-14T02:23:06Z</time>
   </trkpt>
   <trkpt lat="47.4768060" lon="-122.1787470">
    <ele>19.6</ele>
    <time>2020-07-14T02:23:07Z</time>
   </trkpt>
   <trkpt lat="47.4768000" lon="-122.1787020">
    <ele>19.6</ele>
    <time>2020-07-14T02:23:08Z</time>
   </trkpt>
   <trkpt lat="47.4767890" lon="-122.1786640">
    <ele>19.6</ele>
    <time>2020-07-14T02:23:09Z</time>
   </trkpt>
   <trkpt lat="47.4767690" lon="-122.1786180">
    <ele>19.6</ele>
    <time>2020-07-14T02:23:10Z</time>
   </trkpt>
   <trkpt lat="47.4767390" lon="-122.1785810">
    <ele>19.6</ele>
    <time>2020-07-14T02:23:11Z</time>
   </trkpt>
   <trkpt lat="47.4767160" lon="-122.1785420">
    <ele>19.6</ele>
    <time>2020-07-14T02:23:12Z</time>
   </trkpt>
   <trkpt lat="47.4766840" lon="-122.1784900">
    <ele>19.7</ele>
    <time>2020-07-14T02:23:13Z</time>
   </trkpt>
   <trkpt lat="47.4766600" lon="-122.1784460">
    <ele>19.7</ele>
    <time>2020-07-14T02:23:14Z</time>
   </trkpt>
   <trkpt lat="47.4766460" lon="-122.1784070">
    <ele>19.8</ele>
    <time>2020-07-14T02:23:15Z</time>
   </trkpt>
   <trkpt lat="47.4766230" lon="-122.1783550">
    <ele>19.8</ele>
    <time>2020-07-14T02:23:16Z</time>
   </trkpt>
   <trkpt lat="47.4766050" lon="-122.1783090">
    <ele>19.9</ele>
    <time>2020-07-14T02:23:17Z</time>
   </trkpt>
   <trkpt lat="47.4765870" lon="-122.1782570">
    <ele>19.9</ele>
    <time>2020-07-14T02:23:18Z</time>
   </trkpt>
   <trkpt lat="47.4765750" lon="-122.1781890">
    <ele>20.0</ele>
    <time>2020-07-14T02:23:19Z</time>
   </trkpt>
   <trkpt lat="47.4765500" lon="-122.1781500">
    <ele>20.0</ele>
    <time>2020-07-14T02:23:20Z</time>
   </trkpt>
   <trkpt lat="47.4765220" lon="-122.1781060">
    <ele>20.0</ele>
    <time>2020-07-14T02:23:21Z</time>
   </trkpt>
   <trkpt lat="47.4765070" lon="-122.1780930">
    <ele>20.0</ele>
    <time>2020-07-14T02:23:22Z</time>
   </trkpt>
   <trkpt lat="47.4764830" lon="-122.1780460">
    <ele>20.1</ele>
    <time>2020-07-14T02:23:23Z</time>
   </trkpt>
   <trkpt lat="47.4764590" lon="-122.1779990">
    <ele>20.1</ele>
    <time>2020-07-14T02:23:24Z</time>
   </trkpt>
   <trkpt lat="47.4764340" lon="-122.1779600">
    <ele>20.1</ele>
    <time>2020-07-14T02:23:25Z</time>
   </trkpt>
   <trkpt lat="47.4764050" lon="-122.1779180">
    <ele>20.1</ele>
    <time>2020-07-14T02:23:26Z</time>
   </trkpt>
   <trkpt lat="47.4763890" lon="-122.1778720">
    <ele>20.1</ele>
    <time>2020-07-14T02:23:27Z</time>
   </trkpt>
   <trkpt lat="47.4763630" lon="-122.1778320">
    <ele>20.1</ele>
    <time>2020-07-14T02:23:28Z</time>
   </trkpt>
   <trkpt lat="47.4763520" lon="-122.1777670">
    <ele>20.1</ele>
    <time>2020-07-14T02:23:29Z</time>
   </trkpt>
   <trkpt lat="47.4763270" lon="-122.1777260">
    <ele>20.1</ele>
    <time>2020-07-14T02:23:30Z</time>
   </trkpt>
   <trkpt lat="47.4762970" lon="-122.1777040">
    <ele>20.2</ele>
    <time>2020-07-14T02:23:31Z</time>
   </trkpt>
   <trkpt lat="47.4762860" lon="-122.1776670">
    <ele>20.2</ele>
    <time>2020-07-14T02:23:32Z</time>
   </trkpt>
   <trkpt lat="47.4762620" lon="-122.1776230">
    <ele>20.2</ele>
    <time>2020-07-14T02:23:33Z</time>
   </trkpt>
   <trkpt lat="47.4762350" lon="-122.1775830">
    <ele>20.2</ele>
    <time>2020-07-14T02:23:34Z</time>
   </trkpt>
   <trkpt lat="47.4762300" lon="-122.1775260">
    <ele>20.2</ele>
    <time>2020-07-14T02:23:35Z</time>
   </trkpt>
   <trkpt lat="47.4762240" lon="-122.1774710">
    <ele>20.1</ele>
    <time>2020-07-14T02:23:36Z</time>
   </trkpt>
   <trkpt lat="47.4762000" lon="-122.1774140">
    <ele>20.1</ele>
    <time>2020-07-14T02:23:37Z</time>
   </trkpt>
   <trkpt lat="47.4761750" lon="-122.1773770">
    <ele>20.1</ele>
    <time>2020-07-14T02:23:38Z</time>
   </trkpt>
   <trkpt lat="47.4761530" lon="-122.1773500">
    <ele>20.1</ele>
    <time>2020-07-14T02:23:39Z</time>
   </trkpt>
   <trkpt lat="47.4761400" lon="-122.1772990">
    <ele>20.1</ele>
    <time>2020-07-14T02:23:40Z</time>
   </trkpt>
   <trkpt lat="47.4761400" lon="-122.1772530">
    <ele>20.1</ele>
    <time>2020-07-14T02:23:41Z</time>
   </trkpt>
   <trkpt lat="47.4761170" lon="-122.1772210">
    <ele>20.1</ele>
    <time>2020-07-14T02:23:42Z</time>
   </trkpt>
   <trkpt lat="47.4760950" lon="-122.1771670">
    <ele>20.1</ele>
    <time>2020-07-14T02:23:43Z</time>
   </trkpt>
   <trkpt lat="47.4760740" lon="-122.1771380">
    <ele>20.1</ele>
    <time>2020-07-14T02:23:44Z</time>
   </trkpt>
   <trkpt lat="47.4760550" lon="-122.1770870">
    <ele>20.1</ele>
    <time>2020-07-14T02:23:45Z</time>
   </trkpt>
   <trkpt lat="47.4760370" lon="-122.1770450">
    <ele>20.1</ele>
    <time>2020-07-14T02:23:46Z</time>
   </trkpt>
   <trkpt lat="47.4760210" lon="-122.1770030">
    <ele>20.0</ele>
    <time>2020-07-14T02:23:47Z</time>
   </trkpt>
   <trkpt lat="47.4760160" lon="-122.1769320">
    <ele>20.0</ele>
    <time>2020-07-14T02:23:48Z</time>
   </trkpt>
   <trkpt lat="47.4759960" lon="-122.1768910">
    <ele>20.0</ele>
    <time>2020-07-14T02:23:49Z</time>
   </trkpt>
   <trkpt lat="47.4759650" lon="-122.1768520">
    <ele>19.9</ele>
    <time>2020-07-14T02:23:50Z</time>
   </trkpt>
   <trkpt lat="47.4759450" lon="-122.1768060">
    <ele>19.9</ele>
    <time>2020-07-14T02:23:51Z</time>
   </trkpt>
   <trkpt lat="47.4759290" lon="-122.1767640">
    <ele>19.9</ele>
    <time>2020-07-14T02:23:52Z</time>
   </trkpt>
   <trkpt lat="47.4759270" lon="-122.1767020">
    <ele>19.8</ele>
    <time>2020-07-14T02:23:53Z</time>
   </trkpt>
   <trkpt lat="47.4759130" lon="-122.1766550">
    <ele>19.8</ele>
    <time>2020-07-14T02:23:54Z</time>
   </trkpt>
   <trkpt lat="47.4759040" lon="-122.1765970">
    <ele>19.7</ele>
    <time>2020-07-14T02:23:55Z</time>
   </trkpt>
   <trkpt lat="47.4758910" lon="-122.1765450">
    <ele>19.7</ele>
    <time>2020-07-14T02:23:56Z</time>
   </trkpt>
   <trkpt lat="47.4758760" lon="-122.1764960">
    <ele>19.6</ele>
    <time>2020-07-14T02:23:57Z</time>
   </trkpt>
   <trkpt lat="47.4758600" lon="-122.1764340">
    <ele>19.6</ele>
    <time>2020-07-14T02:23:58Z</time>
   </trkpt>
   <trkpt lat="47.4758440" lon="-122.1763910">
    <ele>19.5</ele>
    <time>2020-07-14T02:23:59Z</time>
   </trkpt>
   <trkpt lat="47.4758200" lon="-122.1763350">
    <ele>19.5</ele>
    <time>2020-07-14T02:24:00Z</time>
   </trkpt>
   <trkpt lat="47.4758100" lon="-122.1762930">
    <ele>19.5</ele>
    <time>2020-07-14T02:24:01Z</time>
   </trkpt>
   <trkpt lat="47.4757920" lon="-122.1762480">
    <ele>19.4</ele>
    <time>2020-07-14T02:24:02Z</time>
   </trkpt>
   <trkpt lat="47.4757750" lon="-122.1761850">
    <ele>19.4</ele>
    <time>2020-07-14T02:24:03Z</time>
   </trkpt>
   <trkpt lat="47.4757500" lon="-122.1761430">
    <ele>19.4</ele>
    <time>2020-07-14T02:24:04Z</time>
   </trkpt>
   <trkpt lat="47.4757290" lon="-122.1760910">
    <ele>19.5</ele>
    <time>2020-07-14T02:24:05Z</time>
   </trkpt>
   <trkpt lat="47.4757010" lon="-122.1760370">
    <ele>19.5</ele>
    <time>2020-07-14T02:24:06Z</time>
   </trkpt>
   <trkpt lat="47.4756880" lon="-122.1759970">
    <ele>19.6</ele>
    <time>2020-07-14T02:24:07Z</time>
   </trkpt>
   <trkpt lat="47.4756740" lon="-122.1759310">
    <ele>19.6</ele>
    <time>2020-07-14T02:24:08Z</time>
   </trkpt>
   <trkpt lat="47.4756630" lon="-122.1758800">
    <ele>19.7</ele>
    <time>2020-07-14T02:24:09Z</time>
   </trkpt>
   <trkpt lat="47.4756390" lon="-122.1758460">
    <ele>19.7</ele>
    <time>2020-07-14T02:24:10Z</time>
   </trkpt>
   <trkpt lat="47.4756180" lon="-122.1757930">
    <ele>19.8</ele>
    <time>2020-07-14T02:24:11Z</time>
   </trkpt>
   <trkpt lat="47.4756050" lon="-122.1757550">
    <ele>19.8</ele>
    <time>2020-07-14T02:24:12Z</time>
   </trkpt>
   <trkpt lat="47.4755870" lon="-122.1757010">
    <ele>19.9</ele>
    <time>2020-07-14T02:24:13Z</time>
   </trkpt>
   <trkpt lat="47.4755780" lon="-122.1756610">
    <ele>20.0</ele>
    <time>2020-07-14T02:24:14Z</time>
   </trkpt>
   <trkpt lat="47.4755800" lon="-122.1756260">
    <ele>20.0</ele>
    <time>2020-07-14T02:24:15Z</time>
   </trkpt>
   <trkpt lat="47.4753690" lon="-122.1752300">
    <ele>20.4</ele>
    <time>2020-07-14T02:27:28Z</time>
   </trkpt>
   <trkpt lat="47.4753410" lon="-122.1752150">
    <ele>20.4</ele>
    <time>2020-07-14T02:27:29Z</time>
   </trkpt>
   <trkpt lat="47.4753170" lon="-122.1751810">
    <ele>20.4</ele>
    <time>2020-07-14T02:27:30Z</time>
   </trkpt>
   <trkpt lat="47.4752870" lon="-122.1751620">
    <ele>20.4</ele>
    <time>2020-07-14T02:27:31Z</time>
   </trkpt>
   <trkpt lat="47.4752560" lon="-122.1751470">
    <ele>20.4</ele>
    <time>2020-07-14T02:27:32Z</time>
   </trkpt>
   <trkpt lat="47.4752490" lon="-122.1751420">
    <ele>20.4</ele>
    <time>2020-07-14T02:27:33Z</time>
   </trkpt>
   <trkpt lat="47.4752390" lon="-122.1750980">
    <ele>20.4</ele>
    <time>2020-07-14T02:27:34Z</time>
   </trkpt>
   <trkpt lat="47.4752360" lon="-122.1750850">
    <ele>20.4</ele>
    <time>2020-07-14T02:27:35Z</time>
   </trkpt>
   <trkpt lat="47.4752220" lon="-122.1750540">
    <ele>20.4</ele>
    <time>2020-07-14T02:27:36Z</time>
   </trkpt>
   <trkpt lat="47.4752010" lon="-122.1750260">
    <ele>20.4</ele>
    <time>2020-07-14T02:27:37Z</time>
   </trkpt>
   <trkpt lat="47.4751640" lon="-122.1749230">
    <ele>20.4</ele>
    <time>2020-07-14T02:27:38Z</time>
   </trkpt>
   <trkpt lat="47.4751440" lon="-122.1748580">
    <ele>20.5</ele>
    <time>2020-07-14T02:27:39Z</time>
   </trkpt>
   <trkpt lat="47.4751150" lon="-122.1748180">
    <ele>20.5</ele>
    <time>2020-07-14T02:27:40Z</time>
   </trkpt>
   <trkpt lat="47.4750990" lon="-122.1747600">
    <ele>20.5</ele>
    <time>2020-07-14T02:27:41Z</time>
   </trkpt>
   <trkpt lat="47.4750910" lon="-122.1747100">
    <ele>20.5</ele>
    <time>2020-07-14T02:27:42Z</time>
   </trkpt>
   <trkpt lat="47.4750550" lon="-122.1746650">
    <ele>20.5</ele>
    <time>2020-07-14T02:27:43Z</time>
   </trkpt>
   <trkpt lat="47.4750340" lon="-122.1746110">
    <ele>20.6</ele>
    <time>2020-07-14T02:27:44Z</time>
   </trkpt>
   <trkpt lat="47.4750160" lon="-122.1745500">
    <ele>20.6</ele>
    <time>2020-07-14T02:27:45Z</time>
   </trkpt>
   <trkpt lat="47.4749990" lon="-122.1744980">
    <ele>20.6</ele>
    <time>2020-07-14T02:27:46Z</time>
   </trkpt>
   <trkpt lat="47.4749710" lon="-122.1744590">
    <ele>20.7</ele>
    <time>2020-07-14T02:27:47Z</time>
   </trkpt>
   <trkpt lat="47.4749520" lon="-122.1744200">
    <ele>20.7</ele>
    <time>2020-07-14T02:27:48Z</time>
   </trkpt>
   <trkpt lat="47.4749380" lon="-122.1743700">
    <ele>20.7</ele>
    <time>2020-07-14T02:27:49Z</time>
   </trkpt>
   <trkpt lat="47.4749260" lon="-122.1743180">
    <ele>20.7</ele>
    <time>2020-07-14T02:27:50Z</time>
   </trkpt>
   <trkpt lat="47.4749120" lon="-122.1742580">
    <ele>20.8</ele>
    <time>2020-07-14T02:27:51Z</time>
   </trkpt>
   <trkpt lat="47.4748960" lon="-122.1741990">
    <ele>20.8</ele>
    <time>2020-07-14T02:27:52Z</time>
   </trkpt>
   <trkpt lat="47.4748800" lon="-122.1741470">
    <ele>20.8</ele>
    <time>2020-07-14T02:27:53Z</time>
   </trkpt>
   <trkpt lat="47.4748570" lon="-122.1740980">
    <ele>20.8</ele>
    <time>2020-07-14T02:27:54Z</time>
   </trkpt>
   <trkpt lat="47.4748440" lon="-122.1740380">
    <ele>20.9</ele>
    <time>2020-07-14T02:27:55Z</time>
   </trkpt>
   <trkpt lat="47.4748260" lon="-122.1739930">
    <ele>20.9</ele>
    <time>2020-07-14T02:27:56Z</time>
   </trkpt>
   <trkpt lat="47.4748060" lon="-122.1739470">
    <ele>20.9</ele>
    <time>2020-07-14T02:27:57Z</time>
   </trkpt>
   <trkpt lat="47.4747760" lon="-122.1738780">
    <ele>20.9</ele>
    <time>2020-07-14T02:27:58Z</time>
   </trkpt>
   <trkpt lat="47.4747470" lon="-122.1738410">
    <ele>20.9</ele>
    <time>2020-07-14T02:27:59Z</time>
   </trkpt>
   <trkpt lat="47.4747370" lon="-122.1737700">
    <ele>21.0</ele>
    <time>2020-07-14T02:28:00Z</time>
   </trkpt>
   <trkpt lat="47.4747090" lon="-122.1737230">
    <ele>21.0</ele>
    <time>2020-07-14T02:28:01Z</time>
   </trkpt>
   <trkpt lat="47.4746920" lon="-122.1736610">
    <ele>21.0</ele>
    <time>2020-07-14T02:28:02Z</time>
   </trkpt>
   <trkpt lat="47.4746920" lon="-122.1735980">
    <ele>21.0</ele>
    <time>2020-07-14T02:28:03Z</time>
   </trkpt>
   <trkpt lat="47.4746780" lon="-122.1735600">
    <ele>21.0</ele>
    <time>2020-07-14T02:28:04Z</time>
   </trkpt>
   <trkpt lat="47.4746600" lon="-122.1735240">
    <ele>21.0</ele>
    <time>2020-07-14T02:28:05Z</time>
   </trkpt>
   <trkpt lat="47.4746370" lon="-122.1734770">
    <ele>21.0</ele>
    <time>2020-07-14T02:28:06Z</time>
   </trkpt>
   <trkpt lat="47.4746050" lon="-122.1734110">
    <ele>21.0</ele>
    <time>2020-07-14T02:28:07Z</time>
   </trkpt>
   <trkpt lat="47.4745820" lon="-122.1733460">
    <ele>21.0</ele>
    <time>2020-07-14T02:28:08Z</time>
   </trkpt>
   <trkpt lat="47.4745650" lon="-122.1732930">
    <ele>21.0</ele>
    <time>2020-07-14T02:28:09Z</time>
   </trkpt>
   <trkpt lat="47.4745570" lon="-122.1732250">
    <ele>21.1</ele>
    <time>2020-07-14T02:28:10Z</time>
   </trkpt>
   <trkpt lat="47.4745370" lon="-122.1731830">
    <ele>21.1</ele>
    <time>2020-07-14T02:28:11Z</time>
   </trkpt>
   <trkpt lat="47.4745140" lon="-122.1731160">
    <ele>21.1</ele>
    <time>2020-07-14T02:28:12Z</time>
   </trkpt>
   <trkpt lat="47.4744890" lon="-122.1730660">
    <ele>21.1</ele>
    <time>2020-07-14T02:28:13Z</time>
   </trkpt>
   <trkpt lat="47.4744690" lon="-122.1730270">
    <ele>21.1</ele>
    <time>2020-07-14T02:28:14Z</time>
   </trkpt>
   <trkpt lat="47.4744630" lon="-122.1729760">
    <ele>21.2</ele>
    <time>2020-07-14T02:28:15Z</time>
   </trkpt>
   <trkpt lat="47.4744330" lon="-122.1729360">
    <ele>21.2</ele>
    <time>2020-07-14T02:28:16Z</time>
   </trkpt>
   <trkpt lat="47.4744350" lon="-122.1728640">
    <ele>21.3</ele>
    <time>2020-07-14T02:28:17Z</time>
   </trkpt>
   <trkpt lat="47.4743980" lon="-122.1728370">
    <ele>21.3</ele>
    <time>2020-07-14T02:28:18Z</time>
   </trkpt>
   <trkpt lat="47.4743620" lon="-122.1728250">
    <ele>21.4</ele>
    <time>2020-07-14T02:28:19Z</time>
   </trkpt>
   <trkpt lat="47.4743290" lon="-122.1727990">
    <ele>21.5</ele>
    <time>2020-07-14T02:28:20Z</time>
   </trkpt>
   <trkpt lat="47.4742990" lon="-122.1727630">
    <ele>21.6</ele>
    <time>2020-07-14T02:28:21Z</time>
   </trkpt>
   <trkpt lat="47.4742780" lon="-122.1727190">
    <ele>21.7</ele>
    <time>2020-07-14T02:28:22Z</time>
   </trkpt>
   <trkpt lat="47.4742480" lon="-122.1726710">
    <ele>21.8</ele>
    <time>2020-07-14T02:28:23Z</time>
   </trkpt>
   <trkpt lat="47.4742310" lon="-122.1726210">
    <ele>21.9</ele>
    <time>2020-07-14T02:28:24Z</time>
   </trkpt>
   <trkpt lat="47.4742150" lon="-122.1725760">
    <ele>22.0</ele>
    <time>2020-07-14T02:28:25Z</time>
   </trkpt>
   <trkpt lat="47.4741980" lon="-122.1725430">
    <ele>22.1</ele>
    <time>2020-07-14T02:28:26Z</time>
   </trkpt>
   <trkpt lat="47.4741780" lon="-122.1724940">
    <ele>22.2</ele>
    <time>2020-07-14T02:28:27Z</time>
   </trkpt>
   <trkpt lat="47.4741570" lon="-122.1724500">
    <ele>22.2</ele>
    <time>2020-07-14T02:28:28Z</time>
   </trkpt>
   <trkpt lat="47.4741340" lon="-122.1724150">
    <ele>22.3</ele>
    <time>2020-07-14T02:28:29Z</time>
   </trkpt>
   <trkpt lat="47.4741120" lon="-122.1723710">
    <ele>22.3</ele>
    <time>2020-07-14T02:28:30Z</time>
   </trkpt>
   <trkpt lat="47.4740850" lon="-122.1723540">
    <ele>22.4</ele>
    <time>2020-07-14T02:28:31Z</time>
   </trkpt>
   <trkpt lat="47.4740520" lon="-122.1723430">
    <ele>22.4</ele>
    <time>2020-07-14T02:28:32Z</time>
   </trkpt>
   <trkpt lat="47.4740260" lon="-122.1723020">
    <ele>22.4</ele>
    <time>2020-07-14T02:28:33Z</time>
   </trkpt>
   <trkpt lat="47.4740070" lon="-122.1722540">
    <ele>22.4</ele>
    <time>2020-07-14T02:28:34Z</time>
   </trkpt>
   <trkpt lat="47.4739920" lon="-122.1722090">
    <ele>22.4</ele>
    <time>2020-07-14T02:28:35Z</time>
   </trkpt>
   <trkpt lat="47.4739770" lon="-122.1721610">
    <ele>22.4</ele>
    <time>2020-07-14T02:28:36Z</time>
   </trkpt>
   <trkpt lat="47.4739530" lon="-122.1721200">
    <ele>22.3</ele>
    <time>2020-07-14T02:28:37Z</time>
   </trkpt>
   <trkpt lat="47.4739350" lon="-122.1720690">
    <ele>22.3</ele>
    <time>2020-07-14T02:28:38Z</time>
   </trkpt>
   <trkpt lat="47.4739190" lon="-122.1720130">
    <ele>22.3</ele>
    <time>2020-07-14T02:28:39Z</time>
   </trkpt>
   <trkpt lat="47.4738980" lon="-122.1719630">
    <ele>22.3</ele>
    <time>2020-07-14T02:28:40Z</time>
   </trkpt>
   <trkpt lat="47.4738770" lon="-122.1719120">
    <ele>22.3</ele>
    <time>2020-07-14T02:28:41Z</time>
   </trkpt>
   <trkpt lat="47.4738630" lon="-122.1718660">
    <ele>22.3</ele>
    <time>2020-07-14T02:28:42Z</time>
   </trkpt>
   <trkpt lat="47.4738420" lon="-122.1718240">
    <ele>22.3</ele>
    <time>2020-07-14T02:28:43Z</time>
   </trkpt>
   <trkpt lat="47.4738280" lon="-122.1717790">
    <ele>22.3</ele>
    <time>2020-07-14T02:28:44Z</time>
   </trkpt>
   <trkpt lat="47.4738060" lon="-122.1717340">
    <ele>22.3</ele>
    <time>2020-07-14T02:28:45Z</time>
   </trkpt>
   <trkpt lat="47.4737870" lon="-122.1716890">
    <ele>22.3</ele>
    <time>2020-07-14T02:28:46Z</time>
   </trkpt>
   <trkpt lat="47.4737810" lon="-122.1716530">
    <ele>22.3</ele>
    <time>2020-07-14T02:28:47Z</time>
   </trkpt>
   <trkpt lat="47.4737770" lon="-122.1716310">
    <ele>22.3</ele>
    <time>2020-07-14T02:29:47Z</time>
   </trkpt>
   <trkpt lat="47.4737720" lon="-122.1716100">
    <ele>22.3</ele>
    <time>2020-07-14T02:29:48Z</time>
   </trkpt>
   <trkpt lat="47.4737670" lon="-122.1715890">
    <ele>22.3</ele>
    <time>2020-07-14T02:34:29Z</time>
   </trkpt>
   <trkpt lat="47.4737620" lon="-122.1715680">
    <ele>22.3</ele>
    <time>2020-07-14T02:34:30Z</time>
   </trkpt>
   <trkpt lat="47.4737580" lon="-122.1715460">
    <ele>22.3</ele>
    <time>2020-07-14T02:34:31Z</time>
   </trkpt>
   <trkpt lat="47.4737530" lon="-122.1715250">
    <ele>22.3</ele>
    <time>2020-07-14T02:34:32Z</time>
   </trkpt>
   <trkpt lat="47.4737290" lon="-122.1714790">
    <ele>22.3</ele>
    <time>2020-07-14T02:34:33Z</time>
   </trkpt>
   <trkpt lat="47.4737070" lon="-122.1714390">
    <ele>22.3</ele>
    <time>2020-07-14T02:34:34Z</time>
   </trkpt>
   <trkpt lat="47.4736860" lon="-122.1713740">
    <ele>22.4</ele>
    <time>2020-07-14T02:34:35Z</time>
   </trkpt>
   <trkpt lat="47.4736610" lon="-122.1713170">
    <ele>22.4</ele>
    <time>2020-07-14T02:34:36Z</time>
   </trkpt>
   <trkpt lat="47.4736390" lon="-122.1712770">
    <ele>22.4</ele>
    <time>2020-07-14T02:34:37Z</time>
   </trkpt>
   <trkpt lat="47.4736190" lon="-122.1712110">
    <ele>22.4</ele>
    <time>2020-07-14T02:34:38Z</time>
   </trkpt>
   <trkpt lat="47.4736090" lon="-122.1711600">
    <ele>22.4</ele>
    <time>2020-07-14T02:34:39Z</time>
   </trkpt>
   <trkpt lat="47.4735940" lon="-122.1710980">
    <ele>22.4</ele>
    <time>2020-07-14T02:34:40Z</time>
   </trkpt>
   <trkpt lat="47.4735680" lon="-122.1710400">
    <ele>22.4</ele>
    <time>2020-07-14T02:34:41Z</time>
   </trkpt>
   <trkpt lat="47.4735460" lon="-122.1710060">
    <ele>22.4</ele>
    <time>2020-07-14T02:34:42Z</time>
   </trkpt>
   <trkpt lat="47.4735230" lon="-122.1709710">
    <ele>22.4</ele>
    <time>2020-07-14T02:34:43Z</time>
   </trkpt>
   <trkpt lat="47.4735030" lon="-122.1709130">
    <ele>22.4</ele>
    <time>2020-07-14T02:34:44Z</time>
   </trkpt>
   <trkpt lat="47.4734870" lon="-122.1708750">
    <ele>22.4</ele>
    <time>2020-07-14T02:34:45Z</time>
   </trkpt>
   <trkpt lat="47.4734800" lon="-122.1708030">
    <ele>22.4</ele>
    <time>2020-07-14T02:34:46Z</time>
   </trkpt>
   <trkpt lat="47.4734700" lon="-122.1707440">
    <ele>22.4</ele>
    <time>2020-07-14T02:34:47Z</time>
   </trkpt>
   <trkpt lat="47.4734580" lon="-122.1706640">
    <ele>22.4</ele>
    <time>2020-07-14T02:34:48Z</time>
   </trkpt>
   <trkpt lat="47.4734360" lon="-122.1706060">
    <ele>22.4</ele>
    <time>2020-07-14T02:34:49Z</time>
   </trkpt>
   <trkpt lat="47.4734080" lon="-122.1705530">
    <ele>22.5</ele>
    <time>2020-07-14T02:34:50Z</time>
   </trkpt>
   <trkpt lat="47.4733910" lon="-122.1704870">
    <ele>22.5</ele>
    <time>2020-07-14T02:34:51Z</time>
   </trkpt>
   <trkpt lat="47.4733650" lon="-122.1704340">
    <ele>22.5</ele>
    <time>2020-07-14T02:34:52Z</time>
   </trkpt>
   <trkpt lat="47.4733500" lon="-122.1703870">
    <ele>22.5</ele>
    <time>2020-07-14T02:34:53Z</time>
   </trkpt>
   <trkpt lat="47.4733330" lon="-122.1703400">
    <ele>22.5</ele>
    <time>2020-07-14T02:34:54Z</time>
   </trkpt>
   <trkpt lat="47.4733190" lon="-122.1702940">
    <ele>22.5</ele>
    <time>2020-07-14T02:34:55Z</time>
   </trkpt>
   <trkpt lat="47.4733000" lon="-122.1702370">
    <ele>22.5</ele>
    <time>2020-07-14T02:34:56Z</time>
   </trkpt>
   <trkpt lat="47.4732820" lon="-122.1701930">
    <ele>22.6</ele>
    <time>2020-07-14T02:34:57Z</time>
   </trkpt>
   <trkpt lat="47.4732650" lon="-122.1701390">
    <ele>22.6</ele>
    <time>2020-07-14T02:34:58Z</time>
   </trkpt>
   <trkpt lat="47.4732460" lon="-122.1700950">
    <ele>22.6</ele>
    <time>2020-07-14T02:34:59Z</time>
   </trkpt>
   <trkpt lat="47.4732220" lon="-122.1700400">
    <ele>22.6</ele>
    <time>2020-07-14T02:35:00Z</time>
   </trkpt>
   <trkpt lat="47.4732030" lon="-122.1699930">
    <ele>22.6</ele>
    <time>2020-07-14T02:35:01Z</time>
   </trkpt>
   <trkpt lat="47.4731710" lon="-122.1699470">
    <ele>22.6</ele>
    <time>2020-07-14T02:35:02Z</time>
   </trkpt>
   <trkpt lat="47.4731600" lon="-122.1699020">
    <ele>22.6</ele>
    <time>2020-07-14T02:35:03Z</time>
   </trkpt>
   <trkpt lat="47.4731300" lon="-122.1698430">
    <ele>22.6</ele>
    <time>2020-07-14T02:35:04Z</time>
   </trkpt>
   <trkpt lat="47.4731130" lon="-122.1698150">
    <ele>22.6</ele>
    <time>2020-07-14T02:35:05Z</time>
   </trkpt>
   <trkpt lat="47.4731000" lon="-122.1697620">
    <ele>22.6</ele>
    <time>2020-07-14T02:35:06Z</time>
   </trkpt>
   <trkpt lat="47.4730750" lon="-122.1697050">
    <ele>22.7</ele>
    <time>2020-07-14T02:35:07Z</time>
   </trkpt>
   <trkpt lat="47.4730460" lon="-122.1696550">
    <ele>22.7</ele>
    <time>2020-07-14T02:35:08Z</time>
   </trkpt>
   <trkpt lat="47.4730430" lon="-122.1696080">
    <ele>22.7</ele>
    <time>2020-07-14T02:35:09Z</time>
   </trkpt>
   <trkpt lat="47.4730100" lon="-122.1695860">
    <ele>22.7</ele>
    <time>2020-07-14T02:35:10Z</time>
   </trkpt>
   <trkpt lat="47.4729920" lon="-122.1695270">
    <ele>22.7</ele>
    <time>2020-07-14T02:35:11Z</time>
   </trkpt>
   <trkpt lat="47.4729700" lon="-122.1694580">
    <ele>22.7</ele>
    <time>2020-07-14T02:35:12Z</time>
   </trkpt>
   <trkpt lat="47.4729530" lon="-122.1693980">
    <ele>22.7</ele>
    <time>2020-07-14T02:35:13Z</time>
   </trkpt>
   <trkpt lat="47.4729360" lon="-122.1693490">
    <ele>22.7</ele>
    <time>2020-07-14T02:35:14Z</time>
   </trkpt>
   <trkpt lat="47.4729290" lon="-122.1693010">
    <ele>22.7</ele>
    <time>2020-07-14T02:35:15Z</time>
   </trkpt>
   <trkpt lat="47.4729110" lon="-122.1692510">
    <ele>22.7</ele>
    <time>2020-07-14T02:35:16Z</time>
   </trkpt>
   <trkpt lat="47.4728910" lon="-122.1692050">
    <ele>22.7</ele>
    <time>2020-07-14T02:35:17Z</time>
   </trkpt>
   <trkpt lat="47.4728810" lon="-122.1691530">
    <ele>22.7</ele>
    <time>2020-07-14T02:35:18Z</time>
   </trkpt>
   <trkpt lat="47.4728700" lon="-122.1690900">
    <ele>22.6</ele>
    <time>2020-07-14T02:35:19Z</time>
   </trkpt>
   <trkpt lat="47.4728550" lon="-122.1690400">
    <ele>22.6</ele>
    <time>2020-07-14T02:35:20Z</time>
   </trkpt>
   <trkpt lat="47.4728460" lon="-122.1689770">
    <ele>22.6</ele>
    <time>2020-07-14T02:35:21Z</time>
   </trkpt>
   <trkpt lat="47.4728270" lon="-122.1689290">
    <ele>22.5</ele>
    <time>2020-07-14T02:35:22Z</time>
   </trkpt>
   <trkpt lat="47.4728070" lon="-122.1688850">
    <ele>22.5</ele>
    <time>2020-07-14T02:35:23Z</time>
   </trkpt>
   <trkpt lat="47.4727890" lon="-122.1688160">
    <ele>22.5</ele>
    <time>2020-07-14T02:35:24Z</time>
   </trkpt>
   <trkpt lat="47.4727700" lon="-122.1687710">
    <ele>22.4</ele>
    <time>2020-07-14T02:35:25Z</time>
   </trkpt>
   <trkpt lat="47.4727370" lon="-122.1687300">
    <ele>22.4</ele>
    <time>2020-07-14T02:35:26Z</time>
   </trkpt>
   <trkpt lat="47.4727240" lon="-122.1686710">
    <ele>22.4</ele>
    <time>2020-07-14T02:35:27Z</time>
   </trkpt>
   <trkpt lat="47.4727110" lon="-122.1686310">
    <ele>22.4</ele>
    <time>2020-07-14T02:35:28Z</time>
   </trkpt>
   <trkpt lat="47.4726860" lon="-122.1685980">
    <ele>22.4</ele>
    <time>2020-07-14T02:35:29Z</time>
   </trkpt>
   <trkpt lat="47.4726750" lon="-122.1685510">
    <ele>22.4</ele>
    <time>2020-07-14T02:35:30Z</time>
   </trkpt>
   <trkpt lat="47.4726630" lon="-122.1685070">
    <ele>22.4</ele>
    <time>2020-07-14T02:35:31Z</time>
   </trkpt>
   <trkpt lat="47.4726630" lon="-122.1684570">
    <ele>22.4</ele>
    <time>2020-07-14T02:35:32Z</time>
   </trkpt>
   <trkpt lat="47.4726470" lon="-122.1684160">
    <ele>22.4</ele>
    <time>2020-07-14T02:35:33Z</time>
   </trkpt>
   <trkpt lat="47.4726220" lon="-122.1683700">
    <ele>22.4</ele>
    <time>2020-07-14T02:35:34Z</time>
   </trkpt>
   <trkpt lat="47.4726060" lon="-122.1683270">
    <ele>22.5</ele>
    <time>2020-07-14T02:35:35Z</time>
   </trkpt>
   <trkpt lat="47.4725840" lon="-122.1682880">
    <ele>22.5</ele>
    <time>2020-07-14T02:35:36Z</time>
   </trkpt>
   <trkpt lat="47.4725780" lon="-122.1682300">
    <ele>22.5</ele>
    <time>2020-07-14T02:35:37Z</time>
   </trkpt>
   <trkpt lat="47.4725690" lon="-122.1681910">
    <ele>22.5</ele>
    <time>2020-07-14T02:35:38Z</time>
   </trkpt>
   <trkpt lat="47.4725480" lon="-122.1681420">
    <ele>22.6</ele>
    <time>2020-07-14T02:35:39Z</time>
   </trkpt>
   <trkpt lat="47.4725510" lon="-122.1680710">
    <ele>22.6</ele>
    <time>2020-07-14T02:35:40Z</time>
   </trkpt>
   <trkpt lat="47.4725310" lon="-122.1680340">
    <ele>22.6</ele>
    <time>2020-07-14T02:35:41Z</time>
   </trkpt>
   <trkpt lat="47.4725160" lon="-122.1679850">
    <ele>22.6</ele>
    <time>2020-07-14T02:35:42Z</time>
   </trkpt>
   <trkpt lat="47.4725070" lon="-122.1679440">
    <ele>22.7</ele>
    <time>2020-07-14T02:35:43Z</time>
   </trkpt>
   <trkpt lat="47.4724790" lon="-122.1679130">
    <ele>22.7</ele>
    <time>2020-07-14T02:35:44Z</time>
   </trkpt>
   <trkpt lat="47.4724610" lon="-122.1678540">
    <ele>22.7</ele>
    <time>2020-07-14T02:35:45Z</time>
   </trkpt>
   <trkpt lat="47.4724480" lon="-122.1678090">
    <ele>22.7</ele>
    <time>2020-07-14T02:35:46Z</time>
   </trkpt>
   <trkpt lat="47.4724260" lon="-122.1677680">
    <ele>22.7</ele>
    <time>2020-07-14T02:35:47Z</time>
   </trkpt>
   <trkpt lat="47.4724180" lon="-122.1677210">
    <ele>22.8</ele>
    <time>2020-07-14T02:35:48Z</time>
   </trkpt>
   <trkpt lat="47.4724040" lon="-122.1676750">
    <ele>22.8</ele>
    <time>2020-07-14T02:35:49Z</time>
   </trkpt>
   <trkpt lat="47.4723850" lon="-122.1676170">
    <ele>22.8</ele>
    <time>2020-07-14T02:35:50Z</time>
   </trkpt>
   <trkpt lat="47.4723740" lon="-122.1675720">
    <ele>22.8</ele>
    <time>2020-07-14T02:35:51Z</time>
   </trkpt>
   <trkpt lat="47.4723540" lon="-122.1675300">
    <ele>22.8</ele>
    <time>2020-07-14T02:35:52Z</time>
   </trkpt>
   <trkpt lat="47.4723490" lon="-122.1674790">
    <ele>22.9</ele>
    <time>2020-07-14T02:35:53Z</time>
   </trkpt>
   <trkpt lat="47.4723260" lon="-122.1674440">
    <ele>22.9</ele>
    <time>2020-07-14T02:35:54Z</time>
   </trkpt>
   <trkpt lat="47.4723100" lon="-122.1673950">
    <ele>22.9</ele>
    <time>2020-07-14T02:35:55Z</time>
   </trkpt>
   <trkpt lat="47.4723000" lon="-122.1673440">
    <ele>22.9</ele>
    <time>2020-07-14T02:35:56Z</time>
   </trkpt>
   <trkpt lat="47.4722770" lon="-122.1672960">
    <ele>23.0</ele>
    <time>2020-07-14T02:35:57Z</time>
   </trkpt>
   <trkpt lat="47.4722590" lon="-122.1672420">
    <ele>23.0</ele>
    <time>2020-07-14T02:35:58Z</time>
   </trkpt>
   <trkpt lat="47.4722360" lon="-122.1671910">
    <ele>23.0</ele>
    <time>2020-07-14T02:35:59Z</time>
   </trkpt>
   <trkpt lat="47.4722070" lon="-122.1671610">
    <ele>23.0</ele>
    <time>2020-07-14T02:36:00Z</time>
   </trkpt>
   <trkpt lat="47.4721940" lon="-122.1671080">
    <ele>23.1</ele>
    <time>2020-07-14T02:36:01Z</time>
   </trkpt>
   <trkpt lat="47.4721850" lon="-122.1670630">
    <ele>23.1</ele>
    <time>2020-07-14T02:36:02Z</time>
   </trkpt>
   <trkpt lat="47.4721690" lon="-122.1670090">
    <ele>23.1</ele>
    <time>2020-07-14T02:36:03Z</time>
   </trkpt>
   <trkpt lat="47.4721500" lon="-122.1669640">
    <ele>23.2</ele>
    <time>2020-07-14T02:36:04Z</time>
   </trkpt>
   <trkpt lat="47.4721350" lon="-122.1669270">
    <ele>23.2</ele>
    <time>2020-07-14T02:36:05Z</time>
   </trkpt>
   <trkpt lat="47.4721240" lon="-122.1668780">
    <ele>23.2</ele>
    <time>2020-07-14T02:36:06Z</time>
   </trkpt>
   <trkpt lat="47.4721160" lon="-122.1668250">
    <ele>23.3</ele>
    <time>2020-07-14T02:36:07Z</time>
   </trkpt>
   <trkpt lat="47.4721060" lon="-122.1667830">
    <ele>23.3</ele>
    <time>2020-07-14T02:36:08Z</time>
   </trkpt>
   <trkpt lat="47.4720770" lon="-122.1667070">
    <ele>23.4</ele>
    <time>2020-07-14T02:36:09Z</time>
   </trkpt>
   <trkpt lat="47.4720520" lon="-122.1666620">
    <ele>23.4</ele>
    <time>2020-07-14T02:36:10Z</time>
   </trkpt>
   <trkpt lat="47.4720320" lon="-122.1666230">
    <ele>23.4</ele>
    <time>2020-07-14T02:36:11Z</time>
   </trkpt>
   <trkpt lat="47.4720090" lon="-122.1665680">
    <ele>23.5</ele>
    <time>2020-07-14T02:36:12Z</time>
   </trkpt>
   <trkpt lat="47.4719900" lon="-122.1665340">
    <ele>23.5</ele>
    <time>2020-07-14T02:36:13Z</time>
   </trkpt>
   <trkpt lat="47.4719720" lon="-122.1664700">
    <ele>23.6</ele>
    <time>2020-07-14T02:36:14Z</time>
   </trkpt>
   <trkpt lat="47.4719660" lon="-122.1664260">
    <ele>23.6</ele>
    <time>2020-07-14T02:36:15Z</time>
   </trkpt>
   <trkpt lat="47.4719270" lon="-122.1663870">
    <ele>23.6</ele>
    <time>2020-07-14T02:36:16Z</time>
   </trkpt>
   <trkpt lat="47.4719050" lon="-122.1663370">
    <ele>23.7</ele>
    <time>2020-07-14T02:36:17Z</time>
   </trkpt>
   <trkpt lat="47.4718860" lon="-122.1662940">
    <ele>23.7</ele>
    <time>2020-07-14T02:36:18Z</time>
   </trkpt>
   <trkpt lat="47.4718660" lon="-122.1662600">
    <ele>23.7</ele>
    <time>2020-07-14T02:36:19Z</time>
   </trkpt>
   <trkpt lat="47.4718560" lon="-122.1661900">
    <ele>23.7</ele>
    <time>2020-07-14T02:36:20Z</time>
   </trkpt>
   <trkpt lat="47.4718290" lon="-122.1661420">
    <ele>23.8</ele>
    <time>2020-07-14T02:36:21Z</time>
   </trkpt>
   <trkpt lat="47.4718120" lon="-122.1660920">
    <ele>23.8</ele>
    <time>2020-07-14T02:36:22Z</time>
   </trkpt>
   <trkpt lat="47.4718020" lon="-122.1660370">
    <ele>23.8</ele>
    <time>2020-07-14T02:36:23Z</time>
   </trkpt>
   <trkpt lat="47.4717760" lon="-122.1660070">
    <ele>23.8</ele>
    <time>2020-07-14T02:36:24Z</time>
   </trkpt>
   <trkpt lat="47.4717580" lon="-122.1659480">
    <ele>23.9</ele>
    <time>2020-07-14T02:36:25Z</time>
   </trkpt>
   <trkpt lat="47.4717290" lon="-122.1659020">
    <ele>23.9</ele>
    <time>2020-07-14T02:36:26Z</time>
   </trkpt>
   <trkpt lat="47.4717150" lon="-122.1658390">
    <ele>23.9</ele>
    <time>2020-07-14T02:36:27Z</time>
   </trkpt>
   <trkpt lat="47.4716980" lon="-122.1657880">
    <ele>23.9</ele>
    <time>2020-07-14T02:36:28Z</time>
   </trkpt>
   <trkpt lat="47.4716820" lon="-122.1657420">
    <ele>23.9</ele>
    <time>2020-07-14T02:36:29Z</time>
   </trkpt>
   <trkpt lat="47.4716630" lon="-122.1656820">
    <ele>23.9</ele>
    <time>2020-07-14T02:36:30Z</time>
   </trkpt>
   <trkpt lat="47.4716430" lon="-122.1656440">
    <ele>23.9</ele>
    <time>2020-07-14T02:36:31Z</time>
   </trkpt>
   <trkpt lat="47.4716210" lon="-122.1656040">
    <ele>23.9</ele>
    <time>2020-07-14T02:36:32Z</time>
   </trkpt>
   <trkpt lat="47.4716020" lon="-122.1655510">
    <ele>24.0</ele>
    <time>2020-07-14T02:36:33Z</time>
   </trkpt>
   <trkpt lat="47.4715880" lon="-122.1655050">
    <ele>24.0</ele>
    <time>2020-07-14T02:36:34Z</time>
   </trkpt>
   <trkpt lat="47.4715680" lon="-122.1654600">
    <ele>24.0</ele>
    <time>2020-07-14T02:36:35Z</time>
   </trkpt>
   <trkpt lat="47.4715570" lon="-122.1653920">
    <ele>24.0</ele>
    <time>2020-07-14T02:36:36Z</time>
   </trkpt>
   <trkpt lat="47.4715400" lon="-122.1653450">
    <ele>24.0</ele>
    <time>2020-07-14T02:36:37Z</time>
   </trkpt>
   <trkpt lat="47.4715280" lon="-122.1652810">
    <ele>24.0</ele>
    <time>2020-07-14T02:36:38Z</time>
   </trkpt>
   <trkpt lat="47.4715060" lon="-122.1652420">
    <ele>24.1</ele>
    <time>2020-07-14T02:36:39Z</time>
   </trkpt>
   <trkpt lat="47.4714880" lon="-122.1651860">
    <ele>24.1</ele>
    <time>2020-07-14T02:36:40Z</time>
   </trkpt>
   <trkpt lat="47.4714720" lon="-122.1651280">
    <ele>24.1</ele>
    <time>2020-07-14T02:36:41Z</time>
   </trkpt>
   <trkpt lat="47.4714540" lon="-122.1650900">
    <ele>24.1</ele>
    <time>2020-07-14T02:36:42Z</time>
   </trkpt>
   <trkpt lat="47.4714360" lon="-122.1650360">
    <ele>24.1</ele>
    <time>2020-07-14T02:36:43Z</time>
   </trkpt>
   <trkpt lat="47.4714150" lon="-122.1649960">
    <ele>24.1</ele>
    <time>2020-07-14T02:36:44Z</time>
   </trkpt>
   <trkpt lat="47.4713870" lon="-122.1649560">
    <ele>24.2</ele>
    <time>2020-07-14T02:36:45Z</time>
   </trkpt>
   <trkpt lat="47.4713660" lon="-122.1649160">
    <ele>24.2</ele>
    <time>2020-07-14T02:36:46Z</time>
   </trkpt>
   <trkpt lat="47.4713520" lon="-122.1648790">
    <ele>24.2</ele>
    <time>2020-07-14T02:36:47Z</time>
   </trkpt>
   <trkpt lat="47.4713310" lon="-122.1648180">
    <ele>24.2</ele>
    <time>2020-07-14T02:36:48Z</time>
   </trkpt>
   <trkpt lat="47.4713190" lon="-122.1647730">
    <ele>24.2</ele>
    <time>2020-07-14T02:36:49Z</time>
   </trkpt>
   <trkpt lat="47.4712990" lon="-122.1647320">
    <ele>24.3</ele>
    <time>2020-07-14T02:36:50Z</time>
   </trkpt>
   <trkpt lat="47.4712940" lon="-122.1646720">
    <ele>24.3</ele>
    <time>2020-07-14T02:36:51Z</time>
   </trkpt>
   <trkpt lat="47.4712800" lon="-122.1646260">
    <ele>24.3</ele>
    <time>2020-07-14T02:36:52Z</time>
   </trkpt>
   <trkpt lat="47.4712520" lon="-122.1645870">
    <ele>24.4</ele>
    <time>2020-07-14T02:36:53Z</time>
   </trkpt>
   <trkpt lat="47.4712460" lon="-122.1645280">
    <ele>24.4</ele>
    <time>2020-07-14T02:36:54Z</time>
   </trkpt>
   <trkpt lat="47.4712290" lon="-122.1644920">
    <ele>24.4</ele>
    <time>2020-07-14T02:36:55Z</time>
   </trkpt>
   <trkpt lat="47.4712110" lon="-122.1644370">
    <ele>24.5</ele>
    <time>2020-07-14T02:36:56Z</time>
   </trkpt>
   <trkpt lat="47.4711980" lon="-122.1643970">
    <ele>24.4</ele>
    <time>2020-07-14T02:36:57Z</time>
   </trkpt>
   <trkpt lat="47.4711730" lon="-122.1643680">
    <ele>24.4</ele>
    <time>2020-07-14T02:36:58Z</time>
   </trkpt>
   <trkpt lat="47.4711590" lon="-122.1643200">
    <ele>24.4</ele>
    <time>2020-07-14T02:36:59Z</time>
   </trkpt>
   <trkpt lat="47.4711420" lon="-122.1642800">
    <ele>24.3</ele>
    <time>2020-07-14T02:37:00Z</time>
   </trkpt>
   <trkpt lat="47.4711230" lon="-122.1642390">
    <ele>24.3</ele>
    <time>2020-07-14T02:37:01Z</time>
   </trkpt>
   <trkpt lat="47.4711030" lon="-122.1641910">
    <ele>24.2</ele>
    <time>2020-07-14T02:37:02Z</time>
   </trkpt>
   <trkpt lat="47.4710810" lon="-122.1641480">
    <ele>24.1</ele>
    <time>2020-07-14T02:37:03Z</time>
   </trkpt>
   <trkpt lat="47.4710650" lon="-122.1640910">
    <ele>24.0</ele>
    <time>2020-07-14T02:37:04Z</time>
   </trkpt>
   <trkpt lat="47.4710710" lon="-122.1640340">
    <ele>23.9</ele>
    <time>2020-07-14T02:37:05Z</time>
   </trkpt>
   <trkpt lat="47.4710610" lon="-122.1639960">
    <ele>23.8</ele>
    <time>2020-07-14T02:37:06Z</time>
   </trkpt>
   <trkpt lat="47.4710560" lon="-122.1639560">
    <ele>23.8</ele>
    <time>2020-07-14T02:37:07Z</time>
   </trkpt>
   <trkpt lat="47.4710370" lon="-122.1639060">
    <ele>23.7</ele>
    <time>2020-07-14T02:37:08Z</time>
   </trkpt>
   <trkpt lat="47.4710110" lon="-122.1638670">
    <ele>23.7</ele>
    <time>2020-07-14T02:37:09Z</time>
   </trkpt>
   <trkpt lat="47.4709910" lon="-122.1638090">
    <ele>23.6</ele>
    <time>2020-07-14T02:37:10Z</time>
   </trkpt>
   <trkpt lat="47.4709680" lon="-122.1637640">
    <ele>23.6</ele>
    <time>2020-07-14T02:37:11Z</time>
   </trkpt>
   <trkpt lat="47.4709540" lon="-122.1637150">
    <ele>23.6</ele>
    <time>2020-07-14T02:37:12Z</time>
   </trkpt>
   <trkpt lat="47.4709500" lon="-122.1636750">
    <ele>23.6</ele>
    <time>2020-07-14T02:37:13Z</time>
   </trkpt>
   <trkpt lat="47.4709350" lon="-122.1636240">
    <ele>23.7</ele>
    <time>2020-07-14T02:37:14Z</time>
   </trkpt>
   <trkpt lat="47.4709240" lon="-122.1635810">
    <ele>23.7</ele>
    <time>2020-07-14T02:37:15Z</time>
   </trkpt>
   <trkpt lat="47.4709140" lon="-122.1635410">
    <ele>23.8</ele>
    <time>2020-07-14T02:37:16Z</time>
   </trkpt>
   <trkpt lat="47.4708850" lon="-122.1635040">
    <ele>23.8</ele>
    <time>2020-07-14T02:37:17Z</time>
   </trkpt>
   <trkpt lat="47.4708600" lon="-122.1634700">
    <ele>23.9</ele>
    <time>2020-07-14T02:37:18Z</time>
   </trkpt>
   <trkpt lat="47.4708550" lon="-122.1634070">
    <ele>24.0</ele>
    <time>2020-07-14T02:37:19Z</time>
   </trkpt>
   <trkpt lat="47.4708550" lon="-122.1633750">
    <ele>24.0</ele>
    <time>2020-07-14T02:37:20Z</time>
   </trkpt>
   <trkpt lat="47.4708410" lon="-122.1633380">
    <ele>24.1</ele>
    <time>2020-07-14T02:37:21Z</time>
   </trkpt>
   <trkpt lat="47.4708130" lon="-122.1633160">
    <ele>24.1</ele>
    <time>2020-07-14T02:37:22Z</time>
   </trkpt>
   <trkpt lat="47.4707970" lon="-122.1632720">
    <ele>24.2</ele>
    <time>2020-07-14T02:37:23Z</time>
   </trkpt>
   <trkpt lat="47.4707850" lon="-122.1632290">
    <ele>24.2</ele>
    <time>2020-07-14T02:37:24Z</time>
   </trkpt>
   <trkpt lat="47.4707830" lon="-122.1632210">
    <ele>24.2</ele>
    <time>2020-07-14T02:37:25Z</time>
   </trkpt>
   <trkpt lat="47.4707650" lon="-122.1631940">
    <ele>24.3</ele>
    <time>2020-07-14T02:37:26Z</time>
   </trkpt>
   <trkpt lat="47.4707480" lon="-122.1631800">
    <ele>24.3</ele>
    <time>2020-07-14T02:37:27Z</time>
   </trkpt>
   <trkpt lat="47.4707320" lon="-122.1631660">
    <ele>24.3</ele>
    <time>2020-07-14T02:37:28Z</time>
   </trkpt>
   <trkpt lat="47.4707340" lon="-122.1631590">
    <ele>24.3</ele>
    <time>2020-07-14T02:37:29Z</time>
   </trkpt>
   <trkpt lat="47.4707560" lon="-122.1631400">
    <ele>24.3</ele>
    <time>2020-07-14T02:37:30Z</time>
   </trkpt>
   <trkpt lat="47.4707440" lon="-122.1631060">
    <ele>24.3</ele>
    <time>2020-07-14T02:37:31Z</time>
   </trkpt>
   <trkpt lat="47.4707200" lon="-122.1630720">
    <ele>24.3</ele>
    <time>2020-07-14T02:37:32Z</time>
   </trkpt>
   <trkpt lat="47.4706960" lon="-122.1630380">
    <ele>24.2</ele>
    <time>2020-07-14T02:37:33Z</time>
   </trkpt>
   <trkpt lat="47.4706720" lon="-122.1630040">
    <ele>24.2</ele>
    <time>2020-07-14T02:37:34Z</time>
   </trkpt>
   <trkpt lat="47.4706480" lon="-122.1629700">
    <ele>24.2</ele>
    <time>2020-07-14T02:38:13Z</time>
   </trkpt>
   <trkpt lat="47.4706240" lon="-122.1629360">
    <ele>24.2</ele>
    <time>2020-07-14T02:38:14Z</time>
   </trkpt>
   <trkpt lat="47.4706000" lon="-122.1629020">
    <ele>24.0</ele>
    <time>2020-07-14T02:38:15Z</time>
   </trkpt>
   <trkpt lat="47.4705610" lon="-122.1628680">
    <ele>23.9</ele>
    <time>2020-07-14T02:38:16Z</time>
   </trkpt>
   <trkpt lat="47.4705270" lon="-122.1628570">
    <ele>23.8</ele>
    <time>2020-07-14T02:38:17Z</time>
   </trkpt>
   <trkpt lat="47.4704970" lon="-122.1628250">
    <ele>23.7</ele>
    <time>2020-07-14T02:38:18Z</time>
   </trkpt>
   <trkpt lat="47.4704570" lon="-122.1627800">
    <ele>23.6</ele>
    <time>2020-07-14T02:38:19Z</time>
   </trkpt>
   <trkpt lat="47.4704460" lon="-122.1627390">
    <ele>23.5</ele>
    <time>2020-07-14T02:38:20Z</time>
   </trkpt>
   <trkpt lat="47.4704260" lon="-122.1626900">
    <ele>23.4</ele>
    <time>2020-07-14T02:38:21Z</time>
   </trkpt>
   <trkpt lat="47.4704050" lon="-122.1626520">
    <ele>23.3</ele>
    <time>2020-07-14T02:38:22Z</time>
   </trkpt>
   <trkpt lat="47.4703830" lon="-122.1626110">
    <ele>23.2</ele>
    <time>2020-07-14T02:38:23Z</time>
   </trkpt>
   <trkpt lat="47.4703490" lon="-122.1625630">
    <ele>23.1</ele>
    <time>2020-07-14T02:38:24Z</time>
   </trkpt>
   <trkpt lat="47.4703300" lon="-122.1624860">
    <ele>23.0</ele>
    <time>2020-07-14T02:38:25Z</time>
   </trkpt>
   <trkpt lat="47.4703100" lon="-122.1624360">
    <ele>23.0</ele>
    <time>2020-07-14T02:38:26Z</time>
   </trkpt>
   <trkpt lat="47.4703010" lon="-122.1623810">
    <ele>23.0</ele>
    <time>2020-07-14T02:38:27Z</time>
   </trkpt>
   <trkpt lat="47.4702840" lon="-122.1623380">
    <ele>23.0</ele>
    <time>2020-07-14T02:38:28Z</time>
   </trkpt>
   <trkpt lat="47.4702550" lon="-122.1622920">
    <ele>23.0</ele>
    <time>2020-07-14T02:38:29Z</time>
   </trkpt>
   <trkpt lat="47.4702470" lon="-122.1622370">
    <ele>23.1</ele>
    <time>2020-07-14T02:38:30Z</time>
   </trkpt>
   <trkpt lat="47.4702200" lon="-122.1622030">
    <ele>23.1</ele>
    <time>2020-07-14T02:38:31Z</time>
   </trkpt>
   <trkpt lat="47.4702040" lon="-122.1621510">
    <ele>23.2</ele>
    <time>2020-07-14T02:38:32Z</time>
   </trkpt>
   <trkpt lat="47.4701940" lon="-122.1620930">
    <ele>23.3</ele>
    <time>2020-07-14T02:38:33Z</time>
   </trkpt>
   <trkpt lat="47.4701790" lon="-122.1620530">
    <ele>23.3</ele>
    <time>2020-07-14T02:38:34Z</time>
   </trkpt>
   <trkpt lat="47.4701650" lon="-122.1619910">
    <ele>23.4</ele>
    <time>2020-07-14T02:38:35Z</time>
   </trkpt>
   <trkpt lat="47.4701480" lon="-122.1619490">
    <ele>23.5</ele>
    <time>2020-07-14T02:38:36Z</time>
   </trkpt>
   <trkpt lat="47.4701230" lon="-122.1619000">
    <ele>23.6</ele>
    <time>2020-07-14T02:38:37Z</time>
   </trkpt>
   <trkpt lat="47.4701060" lon="-122.1618370">
    <ele>23.7</ele>
    <time>2020-07-14T02:38:38Z</time>
   </trkpt>
   <trkpt lat="47.4700890" lon="-122.1617980">
    <ele>23.8</ele>
    <time>2020-07-14T02:38:39Z</time>
   </trkpt>
   <trkpt lat="47.4700700" lon="-122.1617300">
    <ele>23.9</ele>
    <time>2020-07-14T02:38:40Z</time>
   </trkpt>
   <trkpt lat="47.4700460" lon="-122.1616970">
    <ele>24.1</ele>
    <time>2020-07-14T02:38:41Z</time>
   </trkpt>
   <trkpt lat="47.4700180" lon="-122.1616500">
    <ele>24.2</ele>
    <time>2020-07-14T02:38:42Z</time>
   </trkpt>
   <trkpt lat="47.4700010" lon="-122.1616000">
    <ele>24.3</ele>
    <time>2020-07-14T02:38:43Z</time>
   </trkpt>
   <trkpt lat="47.4699940" lon="-122.1615490">
    <ele>24.4</ele>
    <time>2020-07-14T02:38:44Z</time>
   </trkpt>
   <trkpt lat="47.4699760" lon="-122.1614930">
    <ele>24.5</ele>
    <time>2020-07-14T02:38:45Z</time>
   </trkpt>
   <trkpt lat="47.4699460" lon="-122.1614590">
    <ele>24.6</ele>
    <time>2020-07-14T02:38:46Z</time>
   </trkpt>
   <trkpt lat="47.4699210" lon="-122.1614120">
    <ele>24.7</ele>
    <time>2020-07-14T02:38:47Z</time>
   </trkpt>
   <trkpt lat="47.4698900" lon="-122.1613490">
    <ele>24.9</ele>
    <time>2020-07-14T02:38:48Z</time>
   </trkpt>
   <trkpt lat="47.4698770" lon="-122.1613130">
    <ele>24.9</ele>
    <time>2020-07-14T02:38:49Z</time>
   </trkpt>
   <trkpt lat="47.4698610" lon="-122.1612530">
    <ele>25.1</ele>
    <time>2020-07-14T02:38:50Z</time>
   </trkpt>
   <trkpt lat="47.4698320" lon="-122.1612030">
    <ele>25.2</ele>
    <time>2020-07-14T02:38:51Z</time>
   </trkpt>
   <trkpt lat="47.4698190" lon="-122.1611840">
    <ele>25.2</ele>
    <time>2020-07-14T02:38:52Z</time>
   </trkpt>
   <trkpt lat="47.4698090" lon="-122.1611350">
    <ele>25.4</ele>
    <time>2020-07-14T02:38:53Z</time>
   </trkpt>
   <trkpt lat="47.4697890" lon="-122.1611050">
    <ele>25.4</ele>
    <time>2020-07-14T02:38:54Z</time>
   </trkpt>
   <trkpt lat="47.4697700" lon="-122.1610410">
    <ele>25.6</ele>
    <time>2020-07-14T02:38:55Z</time>
   </trkpt>
   <trkpt lat="47.4697560" lon="-122.1609940">
    <ele>25.6</ele>
    <time>2020-07-14T02:38:56Z</time>
   </trkpt>
   <trkpt lat="47.4697350" lon="-122.1609590">
    <ele>25.7</ele>
    <time>2020-07-14T02:38:57Z</time>
   </trkpt>
   <trkpt lat="47.4697130" lon="-122.1609000">
    <ele>25.8</ele>
    <time>2020-07-14T02:38:58Z</time>
   </trkpt>
   <trkpt lat="47.4696910" lon="-122.1608500">
    <ele>25.9</ele>
    <time>2020-07-14T02:38:59Z</time>
   </trkpt>
   <trkpt lat="47.4696760" lon="-122.1608330">
    <ele>26.0</ele>
    <time>2020-07-14T02:39:00Z</time>
   </trkpt>
   <trkpt lat="47.4696780" lon="-122.1607720">
    <ele>26.1</ele>
    <time>2020-07-14T02:39:01Z</time>
   </trkpt>
   <trkpt lat="47.4696580" lon="-122.1607270">
    <ele>26.2</ele>
    <time>2020-07-14T02:39:02Z</time>
   </trkpt>
   <trkpt lat="47.4696350" lon="-122.1606690">
    <ele>26.3</ele>
    <time>2020-07-14T02:39:03Z</time>
   </trkpt>
   <trkpt lat="47.4696150" lon="-122.1606380">
    <ele>26.3</ele>
    <time>2020-07-14T02:39:04Z</time>
   </trkpt>
   <trkpt lat="47.4695910" lon="-122.1605950">
    <ele>26.4</ele>
    <time>2020-07-14T02:39:05Z</time>
   </trkpt>
   <trkpt lat="47.4695880" lon="-122.1605490">
    <ele>26.5</ele>
    <time>2020-07-14T02:39:06Z</time>
   </trkpt>
   <trkpt lat="47.4695600" lon="-122.1605120">
    <ele>26.6</ele>
    <time>2020-07-14T02:39:07Z</time>
   </trkpt>
   <trkpt lat="47.4695460" lon="-122.1604670">
    <ele>26.6</ele>
    <time>2020-07-14T02:39:08Z</time>
   </trkpt>
   <trkpt lat="47.4695430" lon="-122.1604250">
    <ele>26.7</ele>
    <time>2020-07-14T02:39:09Z</time>
   </trkpt>
   <trkpt lat="47.4695210" lon="-122.1603760">
    <ele>26.8</ele>
    <time>2020-07-14T02:39:10Z</time>
   </trkpt>
   <trkpt lat="47.4695150" lon="-122.1603330">
    <ele>26.8</ele>
    <time>2020-07-14T02:39:11Z</time>
   </trkpt>
   <trkpt lat="47.4694920" lon="-122.1602840">
    <ele>26.9</ele>
    <time>2020-07-14T02:39:12Z</time>
   </trkpt>
   <trkpt lat="47.4694690" lon="-122.1602570">
    <ele>26.9</ele>
    <time>2020-07-14T02:39:13Z</time>
   </trkpt>
   <trkpt lat="47.4694860" lon="-122.1602070">
    <ele>26.9</ele>
    <time>2020-07-14T02:39:14Z</time>
   </trkpt>
   <trkpt lat="47.4694750" lon="-122.1601640">
    <ele>27.0</ele>
    <time>2020-07-14T02:39:15Z</time>
   </trkpt>
   <trkpt lat="47.4694510" lon="-122.1601050">
    <ele>27.0</ele>
    <time>2020-07-14T02:39:16Z</time>
   </trkpt>
   <trkpt lat="47.4694150" lon="-122.1600740">
    <ele>27.0</ele>
    <time>2020-07-14T02:39:17Z</time>
   </trkpt>
   <trkpt lat="47.4693900" lon="-122.1600280">
    <ele>27.0</ele>
    <time>2020-07-14T02:39:18Z</time>
   </trkpt>
   <trkpt lat="47.4693740" lon="-122.1599900">
    <ele>27.0</ele>
    <time>2020-07-14T02:39:19Z</time>
   </trkpt>
   <trkpt lat="47.4693570" lon="-122.1599230">
    <ele>27.0</ele>
    <time>2020-07-14T02:39:20Z</time>
   </trkpt>
   <trkpt lat="47.4693390" lon="-122.1598610">
    <ele>27.0</ele>
    <time>2020-07-14T02:39:21Z</time>
   </trkpt>
   <trkpt lat="47.4693300" lon="-122.1598100">
    <ele>26.9</ele>
    <time>2020-07-14T02:39:22Z</time>
   </trkpt>
   <trkpt lat="47.4693210" lon="-122.1597660">
    <ele>26.9</ele>
    <time>2020-07-14T02:39:23Z</time>
   </trkpt>
   <trkpt lat="47.4693120" lon="-122.1597220">
    <ele>26.9</ele>
    <time>2020-07-14T02:39:24Z</time>
   </trkpt>
   <trkpt lat="47.4692950" lon="-122.1596900">
    <ele>26.9</ele>
    <time>2020-07-14T02:39:25Z</time>
   </trkpt>
   <trkpt lat="47.4692730" lon="-122.1596360">
    <ele>26.9</ele>
    <time>2020-07-14T02:39:26Z</time>
   </trkpt>
   <trkpt lat="47.4692590" lon="-122.1595880">
    <ele>26.9</ele>
    <time>2020-07-14T02:39:27Z</time>
   </trkpt>
   <trkpt lat="47.4692450" lon="-122.1595330">
    <ele>26.9</ele>
    <time>2020-07-14T02:39:28Z</time>
   </trkpt>
   <trkpt lat="47.4692340" lon="-122.1594610">
    <ele>26.9</ele>
    <time>2020-07-14T02:39:29Z</time>
   </trkpt>
   <trkpt lat="47.4692170" lon="-122.1594300">
    <ele>26.9</ele>
    <time>2020-07-14T02:39:30Z</time>
   </trkpt>
   <trkpt lat="47.4691880" lon="-122.1593940">
    <ele>26.9</ele>
    <time>2020-07-14T02:39:31Z</time>
   </trkpt>
   <trkpt lat="47.4691730" lon="-122.1593300">
    <ele>27.0</ele>
    <time>2020-07-14T02:39:32Z</time>
   </trkpt>
   <trkpt lat="47.4691510" lon="-122.1592920">
    <ele>27.0</ele>
    <time>2020-07-14T02:39:33Z</time>
   </trkpt>
   <trkpt lat="47.4691330" lon="-122.1592570">
    <ele>27.0</ele>
    <time>2020-07-14T02:39:34Z</time>
   </trkpt>
   <trkpt lat="47.4691220" lon="-122.1592050">
    <ele>27.0</ele>
    <time>2020-07-14T02:39:35Z</time>
   </trkpt>
   <trkpt lat="47.4691110" lon="-122.1591610">
    <ele>27.0</ele>
    <time>2020-07-14T02:39:36Z</time>
   </trkpt>
   <trkpt lat="47.4690920" lon="-122.1591140">
    <ele>26.8</ele>
    <time>2020-07-14T02:39:37Z</time>
   </trkpt>
   <trkpt lat="47.4690670" lon="-122.1590880">
    <ele>26.7</ele>
    <time>2020-07-14T02:39:38Z</time>
   </trkpt>
   <trkpt lat="47.4690310" lon="-122.1590870">
    <ele>26.5</ele>
    <time>2020-07-14T02:39:39Z</time>
   </trkpt>
   <trkpt lat="47.4689900" lon="-122.1591160">
    <ele>26.2</ele>
    <time>2020-07-14T02:39:40Z</time>
   </trkpt>
   <trkpt lat="47.4689740" lon="-122.1591620">
    <ele>26.0</ele>
    <time>2020-07-14T02:39:41Z</time>
   </trkpt>
   <trkpt lat="47.4689840" lon="-122.1592270">
    <ele>25.8</ele>
    <time>2020-07-14T02:39:42Z</time>
   </trkpt>
   <trkpt lat="47.4689950" lon="-122.1592950">
    <ele>25.5</ele>
    <time>2020-07-14T02:39:43Z</time>
   </trkpt>
   <trkpt lat="47.4690380" lon="-122.1593190">
    <ele>25.2</ele>
    <time>2020-07-14T02:39:44Z</time>
   </trkpt>
   <trkpt lat="47.4690720" lon="-122.1593240">
    <ele>25.0</ele>
    <time>2020-07-14T02:39:45Z</time>
   </trkpt>
   <trkpt lat="47.4691080" lon="-122.1593370">
    <ele>24.8</ele>
    <time>2020-07-14T02:39:46Z</time>
   </trkpt>
   <trkpt lat="47.4691410" lon="-122.1593290">
    <ele>24.6</ele>
    <time>2020-07-14T02:39:47Z</time>
   </trkpt>
   <trkpt lat="47.4691690" lon="-122.1593130">
    <ele>24.5</ele>
    <time>2020-07-14T02:39:48Z</time>
   </trkpt>
   <trkpt lat="47.4692130" lon="-122.1593010">
    <ele>24.3</ele>
    <time>2020-07-14T02:39:49Z</time>
   </trkpt>
   <trkpt lat="47.4692480" lon="-122.1592950">
    <ele>24.2</ele>
    <time>2020-07-14T02:39:50Z</time>
   </trkpt>
   <trkpt lat="47.4692800" lon="-122.1592840">
    <ele>24.2</ele>
    <time>2020-07-14T02:39:51Z</time>
   </trkpt>
   <trkpt lat="47.4692940" lon="-122.1592870">
    <ele>24.2</ele>
    <time>2020-07-14T02:39:52Z</time>
   </trkpt>
   <trkpt lat="47.4693220" lon="-122.1592530">
    <ele>24.1</ele>
    <time>2020-07-14T02:39:53Z</time>
   </trkpt>
   <trkpt lat="47.4693540" lon="-122.1592310">
    <ele>24.0</ele>
    <time>2020-07-14T02:39:54Z</time>
   </trkpt>
   <trkpt lat="47.4693830" lon="-122.1592120">
    <ele>24.0</ele>
    <time>2020-07-14T02:39:55Z</time>
   </trkpt>
   <trkpt lat="47.4694130" lon="-122.1591930">
    <ele>24.0</ele>
    <time>2020-07-14T02:39:56Z</time>
   </trkpt>
   <trkpt lat="47.4694380" lon="-122.1591530">
    <ele>23.9</ele>
    <time>2020-07-14T02:39:57Z</time>
   </trkpt>
   <trkpt lat="47.4694510" lon="-122.1590830">
    <ele>23.8</ele>
    <time>2020-07-14T02:39:58Z</time>
   </trkpt>
   <trkpt lat="47.4694370" lon="-122.1589900">
    <ele>23.8</ele>
    <time>2020-07-14T02:39:59Z</time>
   </trkpt>
   <trkpt lat="47.4693910" lon="-122.1589260">
    <ele>23.7</ele>
    <time>2020-07-14T02:40:00Z</time>
   </trkpt>
   <trkpt lat="47.4693700" lon="-122.1588740">
    <ele>23.6</ele>
    <time>2020-07-14T02:40:01Z</time>
   </trkpt>
   <trkpt lat="47.4693570" lon="-122.1588210">
    <ele>23.6</ele>
    <time>2020-07-14T02:40:02Z</time>
   </trkpt>
   <trkpt lat="47.4693370" lon="-122.1587840">
    <ele>23.5</ele>
    <time>2020-07-14T02:40:03Z</time>
   </trkpt>
   <trkpt lat="47.4693190" lon="-122.1587480">
    <ele>23.5</ele>
    <time>2020-07-14T02:40:04Z</time>
   </trkpt>
   <trkpt lat="47.4693040" lon="-122.1587030">
    <ele>23.5</ele>
    <time>2020-07-14T02:40:05Z</time>
   </trkpt>
   <trkpt lat="47.4692900" lon="-122.1586480">
    <ele>23.5</ele>
    <time>2020-07-14T02:40:06Z</time>
   </trkpt>
   <trkpt lat="47.4692840" lon="-122.1585840">
    <ele>23.5</ele>
    <time>2020-07-14T02:40:07Z</time>
   </trkpt>
   <trkpt lat="47.4692670" lon="-122.1585340">
    <ele>23.5</ele>
    <time>2020-07-14T02:40:08Z</time>
   </trkpt>
   <trkpt lat="47.4692480" lon="-122.1584960">
    <ele>23.6</ele>
    <time>2020-07-14T02:40:09Z</time>
   </trkpt>
   <trkpt lat="47.4692410" lon="-122.1584550">
    <ele>23.6</ele>
    <time>2020-07-14T02:40:10Z</time>
   </trkpt>
   <trkpt lat="47.4691930" lon="-122.1583650">
    <ele>23.6</ele>
    <time>2020-07-14T02:40:12Z</time>
   </trkpt>
   <trkpt lat="47.4691840" lon="-122.1583220">
    <ele>23.6</ele>
    <time>2020-07-14T02:40:13Z</time>
   </trkpt>
   <trkpt lat="47.4691540" lon="-122.1582970">
    <ele>23.6</ele>
    <time>2020-07-14T02:40:14Z</time>
   </trkpt>
   <trkpt lat="47.4691500" lon="-122.1582470">
    <ele>23.6</ele>
    <time>2020-07-14T02:40:15Z</time>
   </trkpt>
   <trkpt lat="47.4691260" lon="-122.1581890">
    <ele>23.6</ele>
    <time>2020-07-14T02:40:16Z</time>
   </trkpt>
   <trkpt lat="47.4691060" lon="-122.1581320">
    <ele>23.6</ele>
    <time>2020-07-14T02:40:17Z</time>
   </trkpt>
   <trkpt lat="47.4690940" lon="-122.1580850">
    <ele>23.6</ele>
    <time>2020-07-14T02:40:18Z</time>
   </trkpt>
   <trkpt lat="47.4690900" lon="-122.1580330">
    <ele>23.6</ele>
    <time>2020-07-14T02:40:19Z</time>
   </trkpt>
   <trkpt lat="47.4690570" lon="-122.1579890">
    <ele>23.6</ele>
    <time>2020-07-14T02:40:20Z</time>
   </trkpt>
   <trkpt lat="47.4690470" lon="-122.1579300">
    <ele>23.6</ele>
    <time>2020-07-14T02:40:21Z</time>
   </trkpt>
   <trkpt lat="47.4690220" lon="-122.1578840">
    <ele>23.6</ele>
    <time>2020-07-14T02:40:22Z</time>
   </trkpt>
   <trkpt lat="47.4690130" lon="-122.1578660">
    <ele>23.6</ele>
    <time>2020-07-14T02:40:23Z</time>
   </trkpt>
   <trkpt lat="47.4690000" lon="-122.1578220">
    <ele>23.6</ele>
    <time>2020-07-14T02:40:24Z</time>
   </trkpt>
   <trkpt lat="47.4689760" lon="-122.1577880">
    <ele>23.6</ele>
    <time>2020-07-14T02:40:25Z</time>
   </trkpt>
   <trkpt lat="47.4689640" lon="-122.1577300">
    <ele>23.6</ele>
    <time>2020-07-14T02:40:26Z</time>
   </trkpt>
   <trkpt lat="47.4689410" lon="-122.1576910">
    <ele>23.6</ele>
    <time>2020-07-14T02:40:27Z</time>
   </trkpt>
   <trkpt lat="47.4689240" lon="-122.1576550">
    <ele>23.6</ele>
    <time>2020-07-14T02:40:28Z</time>
   </trkpt>
   <trkpt lat="47.4689070" lon="-122.1575940">
    <ele>23.6</ele>
    <time>2020-07-14T02:40:29Z</time>
   </trkpt>
   <trkpt lat="47.4689050" lon="-122.1575460">
    <ele>23.6</ele>
    <time>2020-07-14T02:40:30Z</time>
   </trkpt>
   <trkpt lat="47.4688980" lon="-122.1574790">
    <ele>23.6</ele>
    <time>2020-07-14T02:40:31Z</time>
   </trkpt>
   <trkpt lat="47.4688800" lon="-122.1574290">
    <ele>23.6</ele>
    <time>2020-07-14T02:40:32Z</time>
   </trkpt>
   <trkpt lat="47.4688670" lon="-122.1574120">
    <ele>23.6</ele>
    <time>2020-07-14T02:40:33Z</time>
   </trkpt>
   <trkpt lat="47.4688630" lon="-122.1573630">
    <ele>23.7</ele>
    <time>2020-07-14T02:40:34Z</time>
   </trkpt>
   <trkpt lat="47.4688380" lon="-122.1573120">
    <ele>23.7</ele>
    <time>2020-07-14T02:40:35Z</time>
   </trkpt>
   <trkpt lat="47.4688130" lon="-122.1572690">
    <ele>23.7</ele>
    <time>2020-07-14T02:40:36Z</time>
   </trkpt>
   <trkpt lat="47.4687870" lon="-122.1572320">
    <ele>23.7</ele>
    <time>2020-07-14T02:40:37Z</time>
   </trkpt>
   <trkpt lat="47.4687730" lon="-122.1571930">
    <ele>23.8</ele>
    <time>2020-07-14T02:40:38Z</time>
   </trkpt>
   <trkpt lat="47.4687630" lon="-122.1571530">
    <ele>23.8</ele>
    <time>2020-07-14T02:40:39Z</time>
   </trkpt>
   <trkpt lat="47.4687640" lon="-122.1570900">
    <ele>23.8</ele>
    <time>2020-07-14T02:40:40Z</time>
   </trkpt>
   <trkpt lat="47.4687630" lon="-122.1570420">
    <ele>23.9</ele>
    <time>2020-07-14T02:40:41Z</time>
   </trkpt>
   <trkpt lat="47.4687530" lon="-122.1570040">
    <ele>23.9</ele>
    <time>2020-07-14T02:40:42Z</time>
   </trkpt>
   <trkpt lat="47.4687480" lon="-122.1569580">
    <ele>23.9</ele>
    <time>2020-07-14T02:40:43Z</time>
   </trkpt>
   <trkpt lat="47.4687310" lon="-122.1569190">
    <ele>24.0</ele>
    <time>2020-07-14T02:40:44Z</time>
   </trkpt>
   <trkpt lat="47.4687220" lon="-122.1568620">
    <ele>24.0</ele>
    <time>2020-07-14T02:40:45Z</time>
   </trkpt>
   <trkpt lat="47.4687140" lon="-122.1568130">
    <ele>24.0</ele>
    <time>2020-07-14T02:40:46Z</time>
   </trkpt>
   <trkpt lat="47.4686850" lon="-122.1567690">
    <ele>24.1</ele>
    <time>2020-07-14T02:40:47Z</time>
   </trkpt>
   <trkpt lat="47.4686770" lon="-122.1567200">
    <ele>24.1</ele>
    <time>2020-07-14T02:40:48Z</time>
   </trkpt>
   <trkpt lat="47.4686580" lon="-122.1566740">
    <ele>24.2</ele>
    <time>2020-07-14T02:40:49Z</time>
   </trkpt>
   <trkpt lat="47.4686420" lon="-122.1566200">
    <ele>24.2</ele>
    <time>2020-07-14T02:40:50Z</time>
   </trkpt>
   <trkpt lat="47.4686280" lon="-122.1565630">
    <ele>24.3</ele>
    <time>2020-07-14T02:40:51Z</time>
   </trkpt>
   <trkpt lat="47.4686140" lon="-122.1565220">
    <ele>24.3</ele>
    <time>2020-07-14T02:40:52Z</time>
   </trkpt>
   <trkpt lat="47.4686130" lon="-122.1564620">
    <ele>24.4</ele>
    <time>2020-07-14T02:40:53Z</time>
   </trkpt>
   <trkpt lat="47.4685940" lon="-122.1564340">
    <ele>24.4</ele>
    <time>2020-07-14T02:40:54Z</time>
   </trkpt>
   <trkpt lat="47.4685750" lon="-122.1563930">
    <ele>24.4</ele>
    <time>2020-07-14T02:40:55Z</time>
   </trkpt>
   <trkpt lat="47.4685800" lon="-122.1563170">
    <ele>24.5</ele>
    <time>2020-07-14T02:40:56Z</time>
   </trkpt>
   <trkpt lat="47.4685680" lon="-122.1562790">
    <ele>24.6</ele>
    <time>2020-07-14T02:40:57Z</time>
   </trkpt>
   <trkpt lat="47.4685520" lon="-122.1562210">
    <ele>24.6</ele>
    <time>2020-07-14T02:40:58Z</time>
   </trkpt>
   <trkpt lat="47.4685420" lon="-122.1561750">
    <ele>24.7</ele>
    <time>2020-07-14T02:40:59Z</time>
   </trkpt>
   <trkpt lat="47.4685310" lon="-122.1561340">
    <ele>24.7</ele>
    <time>2020-07-14T02:41:00Z</time>
   </trkpt>
   <trkpt lat="47.4685380" lon="-122.1560890">
    <ele>24.8</ele>
    <time>2020-07-14T02:41:01Z</time>
   </trkpt>
   <trkpt lat="47.4685260" lon="-122.1560440">
    <ele>24.8</ele>
    <time>2020-07-14T02:41:02Z</time>
   </trkpt>
   <trkpt lat="47.4685110" lon="-122.1559930">
    <ele>24.9</ele>
    <time>2020-07-14T02:41:03Z</time>
   </trkpt>
   <trkpt lat="47.4684900" lon="-122.1559330">
    <ele>24.8</ele>
    <time>2020-07-14T02:41:04Z</time>
   </trkpt>
   <trkpt lat="47.4684820" lon="-122.1558890">
    <ele>24.8</ele>
    <time>2020-07-14T02:41:05Z</time>
   </trkpt>
   <trkpt lat="47.4684730" lon="-122.1558360">
    <ele>24.8</ele>
    <time>2020-07-14T02:41:06Z</time>
   </trkpt>
   <trkpt lat="47.4684600" lon="-122.1557930">
    <ele>24.8</ele>
    <time>2020-07-14T02:41:07Z</time>
   </trkpt>
   <trkpt lat="47.4684460" lon="-122.1557470">
    <ele>24.8</ele>
    <time>2020-07-14T02:41:08Z</time>
   </trkpt>
   <trkpt lat="47.4684500" lon="-122.1557020">
    <ele>24.8</ele>
    <time>2020-07-14T02:41:09Z</time>
   </trkpt>
   <trkpt lat="47.4684270" lon="-122.1556560">
    <ele>24.8</ele>
    <time>2020-07-14T02:41:10Z</time>
   </trkpt>
   <trkpt lat="47.4684170" lon="-122.1555910">
    <ele>24.8</ele>
    <time>2020-07-14T02:41:11Z</time>
   </trkpt>
   <trkpt lat="47.4684090" lon="-122.1555350">
    <ele>24.8</ele>
    <time>2020-07-14T02:41:12Z</time>
   </trkpt>
   <trkpt lat="47.4683960" lon="-122.1554870">
    <ele>24.8</ele>
    <time>2020-07-14T02:41:13Z</time>
   </trkpt>
   <trkpt lat="47.4683950" lon="-122.1554300">
    <ele>24.9</ele>
    <time>2020-07-14T02:41:14Z</time>
   </trkpt>
   <trkpt lat="47.4683880" lon="-122.1553860">
    <ele>24.9</ele>
    <time>2020-07-14T02:41:15Z</time>
   </trkpt>
   <trkpt lat="47.4683780" lon="-122.1553270">
    <ele>24.9</ele>
    <time>2020-07-14T02:41:16Z</time>
   </trkpt>
   <trkpt lat="47.4683630" lon="-122.1552780">
    <ele>24.9</ele>
    <time>2020-07-14T02:41:17Z</time>
   </trkpt>
   <trkpt lat="47.4683570" lon="-122.1552330">
    <ele>24.9</ele>
    <time>2020-07-14T02:41:18Z</time>
   </trkpt>
   <trkpt lat="47.4683520" lon="-122.1551670">
    <ele>24.9</ele>
    <time>2020-07-14T02:41:19Z</time>
   </trkpt>
   <trkpt lat="47.4683360" lon="-122.1551200">
    <ele>24.9</ele>
    <time>2020-07-14T02:41:20Z</time>
   </trkpt>
   <trkpt lat="47.4683240" lon="-122.1550730">
    <ele>25.0</ele>
    <time>2020-07-14T02:41:21Z</time>
   </trkpt>
   <trkpt lat="47.4683220" lon="-122.1550130">
    <ele>25.0</ele>
    <time>2020-07-14T02:41:22Z</time>
   </trkpt>
   <trkpt lat="47.4683020" lon="-122.1549710">
    <ele>25.0</ele>
    <time>2020-07-14T02:41:23Z</time>
   </trkpt>
   <trkpt lat="47.4682840" lon="-122.1549230">
    <ele>25.0</ele>
    <time>2020-07-14T02:41:24Z</time>
   </trkpt>
   <trkpt lat="47.4682740" lon="-122.1548690">
    <ele>25.1</ele>
    <time>2020-07-14T02:41:25Z</time>
   </trkpt>
   <trkpt lat="47.4682620" lon="-122.1548210">
    <ele>25.1</ele>
    <time>2020-07-14T02:41:26Z</time>
   </trkpt>
   <trkpt lat="47.4682680" lon="-122.1547640">
    <ele>25.1</ele>
    <time>2020-07-14T02:41:27Z</time>
   </trkpt>
   <trkpt lat="47.4682540" lon="-122.1547080">
    <ele>25.1</ele>
    <time>2020-07-14T02:41:28Z</time>
   </trkpt>
   <trkpt lat="47.4682510" lon="-122.1546430">
    <ele>25.1</ele>
    <time>2020-07-14T02:41:29Z</time>
   </trkpt>
   <trkpt lat="47.4682390" lon="-122.1545920">
    <ele>25.1</ele>
    <time>2020-07-14T02:41:30Z</time>
   </trkpt>
   <trkpt lat="47.4682250" lon="-122.1545430">
    <ele>25.1</ele>
    <time>2020-07-14T02:41:31Z</time>
   </trkpt>
   <trkpt lat="47.4682230" lon="-122.1544890">
    <ele>25.1</ele>
    <time>2020-07-14T02:41:32Z</time>
   </trkpt>
   <trkpt lat="47.4682200" lon="-122.1544460">
    <ele>25.2</ele>
    <time>2020-07-14T02:41:33Z</time>
   </trkpt>
   <trkpt lat="47.4682070" lon="-122.1543920">
    <ele>25.2</ele>
    <time>2020-07-14T02:41:34Z</time>
   </trkpt>
   <trkpt lat="47.4682090" lon="-122.1543360">
    <ele>25.2</ele>
    <time>2020-07-14T02:41:35Z</time>
   </trkpt>
   <trkpt lat="47.4682010" lon="-122.1542910">
    <ele>25.2</ele>
    <time>2020-07-14T02:41:36Z</time>
   </trkpt>
   <trkpt lat="47.4681940" lon="-122.1542350">
    <ele>25.2</ele>
    <time>2020-07-14T02:41:37Z</time>
   </trkpt>
   <trkpt lat="47.4681900" lon="-122.1541730">
    <ele>25.2</ele>
    <time>2020-07-14T02:41:38Z</time>
   </trkpt>
   <trkpt lat="47.4681620" lon="-122.1541220">
    <ele>25.2</ele>
    <time>2020-07-14T02:41:39Z</time>
   </trkpt>
   <trkpt lat="47.4681610" lon="-122.1540700">
    <ele>25.2</ele>
    <time>2020-07-14T02:41:40Z</time>
   </trkpt>
   <trkpt lat="47.4681520" lon="-122.1540140">
    <ele>25.2</ele>
    <time>2020-07-14T02:41:41Z</time>
   </trkpt>
   <trkpt lat="47.4681460" lon="-122.1539860">
    <ele>25.2</ele>
    <time>2020-07-14T02:41:42Z</time>
   </trkpt>
   <trkpt lat="47.4681380" lon="-122.1539330">
    <ele>25.3</ele>
    <time>2020-07-14T02:41:43Z</time>
   </trkpt>
   <trkpt lat="47.4681220" lon="-122.1538910">
    <ele>25.3</ele>
    <time>2020-07-14T02:41:44Z</time>
   </trkpt>
   <trkpt lat="47.4681260" lon="-122.1538190">
    <ele>25.3</ele>
    <time>2020-07-14T02:41:45Z</time>
   </trkpt>
   <trkpt lat="47.4681130" lon="-122.1537760">
    <ele>25.3</ele>
    <time>2020-07-14T02:41:46Z</time>
   </trkpt>
   <trkpt lat="47.4680950" lon="-122.1537290">
    <ele>25.3</ele>
    <time>2020-07-14T02:41:47Z</time>
   </trkpt>
   <trkpt lat="47.4680970" lon="-122.1536760">
    <ele>25.3</ele>
    <time>2020-07-14T02:41:48Z</time>
   </trkpt>
   <trkpt lat="47.4680720" lon="-122.1536250">
    <ele>25.4</ele>
    <time>2020-07-14T02:41:49Z</time>
   </trkpt>
   <trkpt lat="47.4680740" lon="-122.1535630">
    <ele>25.4</ele>
    <time>2020-07-14T02:41:50Z</time>
   </trkpt>
   <trkpt lat="47.4680620" lon="-122.1535230">
    <ele>25.4</ele>
    <time>2020-07-14T02:41:51Z</time>
   </trkpt>
   <trkpt lat="47.4680580" lon="-122.1534680">
    <ele>25.4</ele>
    <time>2020-07-14T02:41:52Z</time>
   </trkpt>
   <trkpt lat="47.4680580" lon="-122.1534110">
    <ele>25.4</ele>
    <time>2020-07-14T02:41:53Z</time>
   </trkpt>
   <trkpt lat="47.4680440" lon="-122.1533670">
    <ele>25.4</ele>
    <time>2020-07-14T02:41:54Z</time>
   </trkpt>
   <trkpt lat="47.4680310" lon="-122.1533130">
    <ele>25.4</ele>
    <time>2020-07-14T02:41:55Z</time>
   </trkpt>
   <trkpt lat="47.4680220" lon="-122.1532690">
    <ele>25.4</ele>
    <time>2020-07-14T02:41:56Z</time>
   </trkpt>
   <trkpt lat="47.4680130" lon="-122.1532140">
    <ele>25.5</ele>
    <time>2020-07-14T02:41:57Z</time>
   </trkpt>
   <trkpt lat="47.4680120" lon="-122.1531530">
    <ele>25.5</ele>
    <time>2020-07-14T02:41:58Z</time>
   </trkpt>
   <trkpt lat="47.4680080" lon="-122.1531140">
    <ele>25.5</ele>
    <time>2020-07-14T02:41:59Z</time>
   </trkpt>
   <trkpt lat="47.4680010" lon="-122.1530540">
    <ele>25.5</ele>
    <time>2020-07-14T02:42:00Z</time>
   </trkpt>
   <trkpt lat="47.4679790" lon="-122.1530190">
    <ele>25.6</ele>
    <time>2020-07-14T02:42:01Z</time>
   </trkpt>
   <trkpt lat="47.4679740" lon="-122.1529680">
    <ele>25.6</ele>
    <time>2020-07-14T02:42:02Z</time>
   </trkpt>
   <trkpt lat="47.4679790" lon="-122.1529050">
    <ele>25.6</ele>
    <time>2020-07-14T02:42:03Z</time>
   </trkpt>
   <trkpt lat="47.4679840" lon="-122.1528810">
    <ele>25.6</ele>
    <time>2020-07-14T02:42:04Z</time>
   </trkpt>
   <trkpt lat="47.4679670" lon="-122.1528150">
    <ele>25.7</ele>
    <time>2020-07-14T02:42:05Z</time>
   </trkpt>
   <trkpt lat="47.4679770" lon="-122.1527570">
    <ele>25.7</ele>
    <time>2020-07-14T02:42:06Z</time>
   </trkpt>
   <trkpt lat="47.4679650" lon="-122.1527170">
    <ele>25.7</ele>
    <time>2020-07-14T02:42:07Z</time>
   </trkpt>
   <trkpt lat="47.4679570" lon="-122.1526590">
    <ele>25.7</ele>
    <time>2020-07-14T02:42:08Z</time>
   </trkpt>
   <trkpt lat="47.4679490" lon="-122.1526170">
    <ele>25.8</ele>
    <time>2020-07-14T02:42:09Z</time>
   </trkpt>
   <trkpt lat="47.4679340" lon="-122.1525600">
    <ele>25.8</ele>
    <time>2020-07-14T02:42:10Z</time>
   </trkpt>
   <trkpt lat="47.4679240" lon="-122.1525120">
    <ele>25.8</ele>
    <time>2020-07-14T02:42:12Z</time>
   </trkpt>
   <trkpt lat="47.4679110" lon="-122.1524700">
    <ele>25.8</ele>
    <time>2020-07-14T02:42:13Z</time>
   </trkpt>
   <trkpt lat="47.4678940" lon="-122.1524200">
    <ele>25.9</ele>
    <time>2020-07-14T02:42:14Z</time>
   </trkpt>
   <trkpt lat="47.4678940" lon="-122.1523650">
    <ele>25.9</ele>
    <time>2020-07-14T02:42:15Z</time>
   </trkpt>
   <trkpt lat="47.4678800" lon="-122.1523120">
    <ele>25.9</ele>
    <time>2020-07-14T02:42:16Z</time>
   </trkpt>
   <trkpt lat="47.4678620" lon="-122.1522640">
    <ele>26.0</ele>
    <time>2020-07-14T02:42:17Z</time>
   </trkpt>
   <trkpt lat="47.4678580" lon="-122.1522230">
    <ele>26.0</ele>
    <time>2020-07-14T02:42:18Z</time>
   </trkpt>
   <trkpt lat="47.4678500" lon="-122.1521660">
    <ele>26.0</ele>
    <time>2020-07-14T02:42:19Z</time>
   </trkpt>
   <trkpt lat="47.4678560" lon="-122.1521060">
    <ele>26.0</ele>
    <time>2020-07-14T02:42:20Z</time>
   </trkpt>
   <trkpt lat="47.4678420" lon="-122.1520640">
    <ele>26.0</ele>
    <time>2020-07-14T02:42:21Z</time>
   </trkpt>
   <trkpt lat="47.4678330" lon="-122.1520070">
    <ele>26.0</ele>
    <time>2020-07-14T02:42:22Z</time>
   </trkpt>
   <trkpt lat="47.4678290" lon="-122.1519610">
    <ele>26.0</ele>
    <time>2020-07-14T02:42:23Z</time>
   </trkpt>
   <trkpt lat="47.4678180" lon="-122.1519220">
    <ele>26.0</ele>
    <time>2020-07-14T02:42:24Z</time>
   </trkpt>
   <trkpt lat="47.4678060" lon="-122.1518760">
    <ele>26.1</ele>
    <time>2020-07-14T02:42:25Z</time>
   </trkpt>
   <trkpt lat="47.4677940" lon="-122.1518330">
    <ele>26.1</ele>
    <time>2020-07-14T02:42:26Z</time>
   </trkpt>
   <trkpt lat="47.4677750" lon="-122.1517700">
    <ele>26.1</ele>
    <time>2020-07-14T02:42:27Z</time>
   </trkpt>
   <trkpt lat="47.4677770" lon="-122.1517200">
    <ele>26.1</ele>
    <time>2020-07-14T02:42:28Z</time>
   </trkpt>
   <trkpt lat="47.4677660" lon="-122.1516820">
    <ele>26.2</ele>
    <time>2020-07-14T02:42:29Z</time>
   </trkpt>
   <trkpt lat="47.4677660" lon="-122.1515800">
    <ele>26.2</ele>
    <time>2020-07-14T02:42:30Z</time>
   </trkpt>
   <trkpt lat="47.4677550" lon="-122.1515310">
    <ele>26.3</ele>
    <time>2020-07-14T02:42:31Z</time>
   </trkpt>
   <trkpt lat="47.4677490" lon="-122.1514690">
    <ele>26.3</ele>
    <time>2020-07-14T02:42:32Z</time>
   </trkpt>
   <trkpt lat="47.4677360" lon="-122.1514180">
    <ele>26.4</ele>
    <time>2020-07-14T02:42:33Z</time>
   </trkpt>
   <trkpt lat="47.4677380" lon="-122.1513730">
    <ele>26.4</ele>
    <time>2020-07-14T02:42:34Z</time>
   </trkpt>
   <trkpt lat="47.4677530" lon="-122.1513070">
    <ele>26.4</ele>
    <time>2020-07-14T02:42:35Z</time>
   </trkpt>
   <trkpt lat="47.4677280" lon="-122.1512680">
    <ele>26.5</ele>
    <time>2020-07-14T02:42:36Z</time>
   </trkpt>
   <trkpt lat="47.4677150" lon="-122.1512050">
    <ele>26.5</ele>
    <time>2020-07-14T02:42:37Z</time>
   </trkpt>
   <trkpt lat="47.4676880" lon="-122.1511600">
    <ele>26.5</ele>
    <time>2020-07-14T02:42:38Z</time>
   </trkpt>
   <trkpt lat="47.4676750" lon="-122.1511130">
    <ele>26.5</ele>
    <time>2020-07-14T02:42:39Z</time>
   </trkpt>
   <trkpt lat="47.4676590" lon="-122.1510660">
    <ele>26.6</ele>
    <time>2020-07-14T02:42:40Z</time>
   </trkpt>
   <trkpt lat="47.4676440" lon="-122.1510190">
    <ele>26.6</ele>
    <time>2020-07-14T02:42:41Z</time>
   </trkpt>
   <trkpt lat="47.4676460" lon="-122.1509610">
    <ele>26.6</ele>
    <time>2020-07-14T02:42:42Z</time>
   </trkpt>
   <trkpt lat="47.4676420" lon="-122.1509100">
    <ele>26.7</ele>
    <time>2020-07-14T02:42:43Z</time>
   </trkpt>
   <trkpt lat="47.4676310" lon="-122.1508610">
    <ele>26.7</ele>
    <time>2020-07-14T02:42:44Z</time>
   </trkpt>
   <trkpt lat="47.4676240" lon="-122.1508210">
    <ele>26.7</ele>
    <time>2020-07-14T02:42:45Z</time>
   </trkpt>
   <trkpt lat="47.4676040" lon="-122.1507800">
    <ele>26.7</ele>
    <time>2020-07-14T02:42:46Z</time>
   </trkpt>
   <trkpt lat="47.4676050" lon="-122.1507160">
    <ele>26.7</ele>
    <time>2020-07-14T02:42:47Z</time>
   </trkpt>
   <trkpt lat="47.4676030" lon="-122.1506710">
    <ele>26.8</ele>
    <time>2020-07-14T02:42:48Z</time>
   </trkpt>
   <trkpt lat="47.4675860" lon="-122.1506320">
    <ele>26.8</ele>
    <time>2020-07-14T02:42:49Z</time>
   </trkpt>
   <trkpt lat="47.4675930" lon="-122.1505730">
    <ele>26.8</ele>
    <time>2020-07-14T02:42:50Z</time>
   </trkpt>
   <trkpt lat="47.4675830" lon="-122.1505260">
    <ele>26.8</ele>
    <time>2020-07-14T02:42:51Z</time>
   </trkpt>
   <trkpt lat="47.4675840" lon="-122.1504610">
    <ele>26.9</ele>
    <time>2020-07-14T02:42:52Z</time>
   </trkpt>
   <trkpt lat="47.4675740" lon="-122.1504180">
    <ele>26.9</ele>
    <time>2020-07-14T02:42:53Z</time>
   </trkpt>
   <trkpt lat="47.4675510" lon="-122.1503850">
    <ele>27.0</ele>
    <time>2020-07-14T02:42:54Z</time>
   </trkpt>
   <trkpt lat="47.4675380" lon="-122.1503640">
    <ele>27.0</ele>
    <time>2020-07-14T02:42:55Z</time>
   </trkpt>
   <trkpt lat="47.4675350" lon="-122.1503410">
    <ele>27.0</ele>
    <time>2020-07-14T02:42:56Z</time>
   </trkpt>
  </trkseg>
 </trk>
</gpx>
