<?xml version="1.0" encoding="UTF-8"?>
<gpx creator="StravaGPX" version="1.1" xmlns="http://www.topografix.com/GPX/1/1" xmlns:xsi="http://www.w3.org/2001/XMLSchema-instance" xsi:schemaLocation="http://www.topografix.com/GPX/1/1 http://www.topografix.com/GPX/1/1/gpx.xsd">
 <metadata>
  <time>2020-07-22T01:56:47Z</time>
 </metadata>
 <trk>
  <name>Warm evening run</name>
  <type>running</type>
  <trkseg>
   <trkpt lat="47.4661600" lon="-122.1422470">
    <ele>31.5</ele>
    <time>2020-07-22T01:56:47Z</time>
   </trkpt>
   <trkpt lat="47.4661540" lon="-122.1421880">
    <ele>31.5</ele>
    <time>2020-07-22T01:56:48Z</time>
   </trkpt>
   <trkpt lat="47.4661480" lon="-122.1421630">
    <ele>31.5</ele>
    <time>2020-07-22T01:56:49Z</time>
   </trkpt>
   <trkpt lat="47.4661440" lon="-122.1421060">
    <ele>31.4</ele>
    <time>2020-07-22T01:56:50Z</time>
   </trkpt>
   <trkpt lat="47.4661400" lon="-122.1420460">
    <ele>31.4</ele>
    <time>2020-07-22T01:56:51Z</time>
   </trkpt>
   <trkpt lat="47.4661360" lon="-122.1419700">
    <ele>31.4</ele>
    <time>2020-07-22T01:56:52Z</time>
   </trkpt>
   <trkpt lat="47.4661250" lon="-122.1419040">
    <ele>31.3</ele>
    <time>2020-07-22T01:56:53Z</time>
   </trkpt>
   <trkpt lat="47.4661170" lon="-122.1418430">
    <ele>31.3</ele>
    <time>2020-07-22T01:56:54Z</time>
   </trkpt>
   <trkpt lat="47.4661110" lon="-122.1417720">
    <ele>31.3</ele>
    <time>2020-07-22T01:56:55Z</time>
   </trkpt>
   <trkpt lat="47.4660960" lon="-122.1417200">
    <ele>31.3</ele>
    <time>2020-07-22T01:56:56Z</time>
   </trkpt>
   <trkpt lat="47.4660850" lon="-122.1416680">
    <ele>31.3</ele>
    <time>2020-07-22T01:56:57Z</time>
   </trkpt>
   <trkpt lat="47.4660740" lon="-122.1416200">
    <ele>31.3</ele>
    <time>2020-07-22T01:56:58Z</time>
   </trkpt>
   <trkpt lat="47.4660600" lon="-122.1415210">
    <ele>31.3</ele>
    <time>2020-07-22T01:56:59Z</time>
   </trkpt>
   <trkpt lat="47.4660530" lon="-122.1414600">
    <ele>31.3</ele>
    <time>2020-07-22T01:57:00Z</time>
   </trkpt>
   <trkpt lat="47.4660440" lon="-122.1414040">
    <ele>31.3</ele>
    <time>2020-07-22T01:57:01Z</time>
   </trkpt>
   <trkpt lat="47.4660390" lon="-122.1413510">
    <ele>31.3</ele>
    <time>2020-07-22T01:57:02Z</time>
   </trkpt>
   <trkpt lat="47.4660380" lon="-122.1412910">
    <ele>31.3</ele>
    <time>2020-07-22T01:57:03Z</time>
   </trkpt>
   <trkpt lat="47.4660170" lon="-122.1412460">
    <ele>31.3</ele>
    <time>2020-07-22T01:57:04Z</time>
   </trkpt>
   <trkpt lat="47.4660130" lon="-122.1411900">
    <ele>31.3</ele>
    <time>2020-07-22T01:57:05Z</time>
   </trkpt>
   <trkpt lat="47.4660100" lon="-122.1411310">
    <ele>31.3</ele>
    <time>2020-07-22T01:57:06Z</time>
   </trkpt>
   <trkpt lat="47.4659960" lon="-122.1410780">
    <ele>31.3</ele>
    <time>2020-07-22T01:57:07Z</time>
   </trkpt>
   <trkpt lat="47.4659930" lon="-122.1410140">
    <ele>31.3</ele>
    <time>2020-07-22T01:57:08Z</time>
   </trkpt>
   <trkpt lat="47.4659850" lon="-122.1409540">
    <ele>31.3</ele>
    <time>2020-07-22T01:57:09Z</time>
   </trkpt>
   <trkpt lat="47.4659690" lon="-122.1408980">
    <ele>31.4</ele>
    <time>2020-07-22T01:57:10Z</time>
   </trkpt>
   <trkpt lat="47.4659690" lon="-122.1408350">
    <ele>31.4</ele>
    <time>2020-07-22T01:57:11Z</time>
   </trkpt>
   <trkpt lat="47.4659600" lon="-122.1407870">
    <ele>31.4</ele>
    <time>2020-07-22T01:57:12Z</time>
   </trkpt>
   <trkpt lat="47.4659540" lon="-122.1407370">
    <ele>31.4</ele>
    <time>2020-07-22T01:57:13Z</time>
   </trkpt>
   <trkpt lat="47.4659530" lon="-122.1406830">
    <ele>31.4</ele>
    <time>2020-07-22T01:57:14Z</time>
   </trkpt>
   <trkpt lat="47.4659400" lon="-122.1406430">
    <ele>31.4</ele>
    <time>2020-07-22T01:57:15Z</time>
   </trkpt>
   <trkpt lat="47.4659300" lon="-122.1405890">
    <ele>31.5</ele>
    <time>2020-07-22T01:57:16Z</time>
   </trkpt>
   <trkpt lat="47.4659200" lon="-122.1405330">
    <ele>31.5</ele>
    <time>2020-07-22T01:57:17Z</time>
   </trkpt>
   <trkpt lat="47.4659020" lon="-122.1404800">
    <ele>31.5</ele>
    <time>2020-07-22T01:57:18Z</time>
   </trkpt>
   <trkpt lat="47.4659060" lon="-122.1404070">
    <ele>31.6</ele>
    <time>2020-07-22T01:57:19Z</time>
   </trkpt>
   <trkpt lat="47.4658930" lon="-122.1403640">
    <ele>31.6</ele>
    <time>2020-07-22T01:57:20Z</time>
   </trkpt>
   <trkpt lat="47.4658740" lon="-122.1403080">
    <ele>31.6</ele>
    <time>2020-07-22T01:57:21Z</time>
   </trkpt>
   <trkpt lat="47.4658670" lon="-122.1402490">
    <ele>31.7</ele>
    <time>2020-07-22T01:57:22Z</time>
   </trkpt>
   <trkpt lat="47.4658680" lon="-122.1401950">
    <ele>31.7</ele>
    <time>2020-07-22T01:57:23Z</time>
   </trkpt>
   <trkpt lat="47.4658670" lon="-122.1401690">
    <ele>31.7</ele>
    <time>2020-07-22T01:57:24Z</time>
   </trkpt>
   <trkpt lat="47.4658610" lon="-122.1401140">
    <ele>31.8</ele>
    <time>2020-07-22T01:57:25Z</time>
   </trkpt>
   <trkpt lat="47.4658420" lon="-122.1400640">
    <ele>31.8</ele>
    <time>2020-07-22T01:57:26Z</time>
   </trkpt>
   <trkpt lat="47.4658180" lon="-122.1400110">
    <ele>31.8</ele>
    <time>2020-07-22T01:57:27Z</time>
   </trkpt>
   <trkpt lat="47.4658030" lon="-122.1399460">
    <ele>31.8</ele>
    <time>2020-07-22T01:57:28Z</time>
   </trkpt>
   <trkpt lat="47.4657900" lon="-122.1398970">
    <ele>31.8</ele>
    <time>2020-07-22T01:57:29Z</time>
   </trkpt>
   <trkpt lat="47.4657730" lon="-122.1398340">
    <ele>31.8</ele>
    <time>2020-07-22T01:57:30Z</time>
   </trkpt>
   <trkpt lat="47.4657660" lon="-122.1397710">
    <ele>31.9</ele>
    <time>2020-07-22T01:57:31Z</time>
   </trkpt>
   <trkpt lat="47.4657650" lon="-122.1397170">
    <ele>31.9</ele>
    <time>2020-07-22T01:57:32Z</time>
   </trkpt>
   <trkpt lat="47.4657640" lon="-122.1396530">
    <ele>32.0</ele>
    <time>2020-07-22T01:57:33Z</time>
   </trkpt>
   <trkpt lat="47.4657520" lon="-122.1395870">
    <ele>32.1</ele>
    <time>2020-07-22T01:57:34Z</time>
   </trkpt>
   <trkpt lat="47.4657400" lon="-122.1395370">
    <ele>32.2</ele>
    <time>2020-07-22T01:57:35Z</time>
   </trkpt>
   <trkpt lat="47.4657340" lon="-122.1394840">
    <ele>32.2</ele>
    <time>2020-07-22T01:57:36Z</time>
   </trkpt>
   <trkpt lat="47.4657230" lon="-122.1394340">
    <ele>32.3</ele>
    <time>2020-07-22T01:57:37Z</time>
   </trkpt>
   <trkpt lat="47.4657130" lon="-122.1393830">
    <ele>32.4</ele>
    <time>2020-07-22T01:57:38Z</time>
   </trkpt>
   <trkpt lat="47.4657080" lon="-122.1393120">
    <ele>32.4</ele>
    <time>2020-07-22T01:57:39Z</time>
   </trkpt>
   <trkpt lat="47.4657010" lon="-122.1392620">
    <ele>32.5</ele>
    <time>2020-07-22T01:57:40Z</time>
   </trkpt>
   <trkpt lat="47.4656940" lon="-122.1392010">
    <ele>32.5</ele>
    <time>2020-07-22T01:57:41Z</time>
   </trkpt>
   <trkpt lat="47.4656870" lon="-122.1391450">
    <ele>32.5</ele>
    <time>2020-07-22T01:57:42Z</time>
   </trkpt>
   <trkpt lat="47.4656810" lon="-122.1390980">
    <ele>32.6</ele>
    <time>2020-07-22T01:57:43Z</time>
   </trkpt>
   <trkpt lat="47.4656730" lon="-122.1390250">
    <ele>32.6</ele>
    <time>2020-07-22T01:57:44Z</time>
   </trkpt>
   <trkpt lat="47.4656640" lon="-122.1389740">
    <ele>32.6</ele>
    <time>2020-07-22T01:57:45Z</time>
   </trkpt>
   <trkpt lat="47.4656690" lon="-122.1389100">
    <ele>32.6</ele>
    <time>2020-07-22T01:57:46Z</time>
   </trkpt>
   <trkpt lat="47.4656580" lon="-122.1388560">
    <ele>32.6</ele>
    <time>2020-07-22T01:57:47Z</time>
   </trkpt>
   <trkpt lat="47.4656650" lon="-122.1388010">
    <ele>32.6</ele>
    <time>2020-07-22T01:57:48Z</time>
   </trkpt>
   <trkpt lat="47.4656510" lon="-122.1387390">
    <ele>32.7</ele>
    <time>2020-07-22T01:57:49Z</time>
   </trkpt>
   <trkpt lat="47.4656370" lon="-122.1386900">
    <ele>32.7</ele>
    <time>2020-07-22T01:57:50Z</time>
   </trkpt>
   <trkpt lat="47.4656250" lon="-122.1386480">
    <ele>32.7</ele>
    <time>2020-07-22T01:57:51Z</time>
   </trkpt>
   <trkpt lat="47.4656090" lon="-122.1385980">
    <ele>32.7</ele>
    <time>2020-07-22T01:57:52Z</time>
   </trkpt>
   <trkpt lat="47.4656070" lon="-122.1385530">
    <ele>32.7</ele>
    <time>2020-07-22T01:57:53Z</time>
   </trkpt>
   <trkpt lat="47.4656000" lon="-122.1384850">
    <ele>32.6</ele>
    <time>2020-07-22T01:57:54Z</time>
   </trkpt>
   <trkpt lat="47.4655910" lon="-122.1384260">
    <ele>32.6</ele>
    <time>2020-07-22T01:57:55Z</time>
   </trkpt>
   <trkpt lat="47.4655840" lon="-122.1383700">
    <ele>32.5</ele>
    <time>2020-07-22T01:57:56Z</time>
   </trkpt>
   <trkpt lat="47.4655710" lon="-122.1383170">
    <ele>32.4</ele>
    <time>2020-07-22T01:57:57Z</time>
   </trkpt>
   <trkpt lat="47.4655650" lon="-122.1382590">
    <ele>32.3</ele>
    <time>2020-07-22T01:57:58Z</time>
   </trkpt>
   <trkpt lat="47.4655640" lon="-122.1382050">
    <ele>32.2</ele>
    <time>2020-07-22T01:57:59Z</time>
   </trkpt>
   <trkpt lat="47.4655570" lon="-122.1381310">
    <ele>32.1</ele>
    <time>2020-07-22T01:58:00Z</time>
   </trkpt>
   <trkpt lat="47.4655420" lon="-122.1380950">
    <ele>32.1</ele>
    <time>2020-07-22T01:58:01Z</time>
   </trkpt>
   <trkpt lat="47.4655350" lon="-122.1380420">
    <ele>32.0</ele>
    <time>2020-07-22T01:58:02Z</time>
   </trkpt>
   <trkpt lat="47.4655150" lon="-122.1380010">
    <ele>31.9</ele>
    <time>2020-07-22T01:58:03Z</time>
   </trkpt>
   <trkpt lat="47.4655050" lon="-122.1379530">
    <ele>32.0</ele>
    <time>2020-07-22T01:58:04Z</time>
   </trkpt>
   <trkpt lat="47.4654960" lon="-122.1379140">
    <ele>32.1</ele>
    <time>2020-07-22T01:58:05Z</time>
   </trkpt>
   <trkpt lat="47.4654810" lon="-122.1378610">
    <ele>32.1</ele>
    <time>2020-07-22T01:58:06Z</time>
   </trkpt>
   <trkpt lat="47.4654770" lon="-122.1378370">
    <ele>32.2</ele>
    <time>2020-07-22T01:58:07Z</time>
   </trkpt>
   <trkpt lat="47.4654770" lon="-122.1377960">
    <ele>32.2</ele>
    <time>2020-07-22T01:58:08Z</time>
   </trkpt>
   <trkpt lat="47.4654620" lon="-122.1377560">
    <ele>32.2</ele>
    <time>2020-07-22T01:58:09Z</time>
   </trkpt>
   <trkpt lat="47.4654600" lon="-122.1377130">
    <ele>32.3</ele>
    <time>2020-07-22T01:58:10Z</time>
   </trkpt>
   <trkpt lat="47.4654740" lon="-122.1375620">
    <ele>32.5</ele>
    <time>2020-07-22T02:01:04Z</time>
   </trkpt>
   <trkpt lat="47.4654730" lon="-122.1375370">
    <ele>32.5</ele>
    <time>2020-07-22T02:01:05Z</time>
   </trkpt>
   <trkpt lat="47.4654710" lon="-122.1375130">
    <ele>32.5</ele>
    <time>2020-07-22T02:01:06Z</time>
   </trkpt>
   <trkpt lat="47.4654690" lon="-122.1374880">
    <ele>32.5</ele>
    <time>2020-07-22T02:01:07Z</time>
   </trkpt>
   <trkpt lat="47.4654740" lon="-122.1374210">
    <ele>32.5</ele>
    <time>2020-07-22T02:01:08Z</time>
   </trkpt>
   <trkpt lat="47.4654690" lon="-122.1373400">
    <ele>32.4</ele>
    <time>2020-07-22T02:01:09Z</time>
   </trkpt>
   <trkpt lat="47.4654430" lon="-122.1372610">
    <ele>32.2</ele>
    <time>2020-07-22T02:01:10Z</time>
   </trkpt>
   <trkpt lat="47.4654500" lon="-122.1372030">
    <ele>32.1</ele>
    <time>2020-07-22T02:01:11Z</time>
   </trkpt>
   <trkpt lat="47.4654540" lon="-122.1371390">
    <ele>31.9</ele>
    <time>2020-07-22T02:01:12Z</time>
   </trkpt>
   <trkpt lat="47.4654590" lon="-122.1370900">
    <ele>31.8</ele>
    <time>2020-07-22T02:01:13Z</time>
   </trkpt>
   <trkpt lat="47.4654660" lon="-122.1370350">
    <ele>31.7</ele>
    <time>2020-07-22T02:01:14Z</time>
   </trkpt>
   <trkpt lat="47.4654350" lon="-122.1369910">
    <ele>31.7</ele>
    <time>2020-07-22T02:01:15Z</time>
   </trkpt>
   <trkpt lat="47.4654020" lon="-122.1369650">
    <ele>31.7</ele>
    <time>2020-07-22T02:01:16Z</time>
   </trkpt>
   <trkpt lat="47.4653730" lon="-122.1369380">
    <ele>31.7</ele>
    <time>2020-07-22T02:01:17Z</time>
   </trkpt>
   <trkpt lat="47.4653480" lon="-122.1368990">
    <ele>31.8</ele>
    <time>2020-07-22T02:01:18Z</time>
   </trkpt>
   <trkpt lat="47.4653280" lon="-122.1368460">
    <ele>31.8</ele>
    <time>2020-07-22T02:01:19Z</time>
   </trkpt>
   <trkpt lat="47.4653170" lon="-122.1367980">
    <ele>31.9</ele>
    <time>2020-07-22T02:01:20Z</time>
   </trkpt>
   <trkpt lat="47.4653050" lon="-122.1367430">
    <ele>32.1</ele>
    <time>2020-07-22T02:01:21Z</time>
   </trkpt>
   <trkpt lat="47.4652910" lon="-122.1366950">
    <ele>32.2</ele>
    <time>2020-07-22T02:01:22Z</time>
   </trkpt>
   <trkpt lat="47.4652920" lon="-122.1366220">
    <ele>32.3</ele>
    <time>2020-07-22T02:01:23Z</time>
   </trkpt>
   <trkpt lat="47.4652860" lon="-122.1365750">
    <ele>32.4</ele>
    <time>2020-07-22T02:01:24Z</time>
   </trkpt>
   <trkpt lat="47.4652710" lon="-122.1365200">
    <ele>32.5</ele>
    <time>2020-07-22T02:01:25Z</time>
   </trkpt>
   <trkpt lat="47.4652810" lon="-122.1364720">
    <ele>32.5</ele>
    <time>2020-07-22T02:01:26Z</time>
   </trkpt>
   <trkpt lat="47.4652690" lon="-122.1364120">
    <ele>32.6</ele>
    <time>2020-07-22T02:01:27Z</time>
   </trkpt>
   <trkpt lat="47.4652460" lon="-122.1363660">
    <ele>32.6</ele>
    <time>2020-07-22T02:01:28Z</time>
   </trkpt>
   <trkpt lat="47.4652420" lon="-122.1363080">
    <ele>32.7</ele>
    <time>2020-07-22T02:01:29Z</time>
   </trkpt>
   <trkpt lat="47.4652250" lon="-122.1362580">
    <ele>32.7</ele>
    <time>2020-07-22T02:01:30Z</time>
   </trkpt>
   <trkpt lat="47.4652170" lon="-122.1362030">
    <ele>32.8</ele>
    <time>2020-07-22T02:01:31Z</time>
   </trkpt>
   <trkpt lat="47.4652060" lon="-122.1361460">
    <ele>32.8</ele>
    <time>2020-07-22T02:01:32Z</time>
   </trkpt>
   <trkpt lat="47.4652060" lon="-122.1360650">
    <ele>32.9</ele>
    <time>2020-07-22T02:01:33Z</time>
   </trkpt>
   <trkpt lat="47.4651970" lon="-122.1360100">
    <ele>32.9</ele>
    <time>2020-07-22T02:01:34Z</time>
   </trkpt>
   <trkpt lat="47.4651910" lon="-122.1359570">
    <ele>32.9</ele>
    <time>2020-07-22T02:01:35Z</time>
   </trkpt>
   <trkpt lat="47.4651810" lon="-122.1358970">
    <ele>32.9</ele>
    <time>2020-07-22T02:01:36Z</time>
   </trkpt>
   <trkpt lat="47.4651730" lon="-122.1358410">
    <ele>32.9</ele>
    <time>2020-07-22T02:01:37Z</time>
   </trkpt>
   <trkpt lat="47.4651670" lon="-122.1357880">
    <ele>32.9</ele>
    <time>2020-07-22T02:01:38Z</time>
   </trkpt>
   <trkpt lat="47.4651570" lon="-122.1357290">
    <ele>32.9</ele>
    <time>2020-07-22T02:01:39Z</time>
   </trkpt>
   <trkpt lat="47.4651440" lon="-122.1356710">
    <ele>32.9</ele>
    <time>2020-07-22T02:01:40Z</time>
   </trkpt>
   <trkpt lat="47.4651090" lon="-122.1356180">
    <ele>32.9</ele>
    <time>2020-07-22T02:01:41Z</time>
   </trkpt>
   <trkpt lat="47.4651140" lon="-122.1355530">
    <ele>33.0</ele>
    <time>2020-07-22T02:01:42Z</time>
   </trkpt>
   <trkpt lat="47.4651190" lon="-122.1355080">
    <ele>33.0</ele>
    <time>2020-07-22T02:01:43Z</time>
   </trkpt>
   <trkpt lat="47.4651090" lon="-122.1354470">
    <ele>33.0</ele>
    <time>2020-07-22T02:01:44Z</time>
   </trkpt>
   <trkpt lat="47.4651060" lon="-122.1353920">
    <ele>33.0</ele>
    <time>2020-07-22T02:01:45Z</time>
   </trkpt>
   <trkpt lat="47.4650920" lon="-122.1353400">
    <ele>33.0</ele>
    <time>2020-07-22T02:01:46Z</time>
   </trkpt>
   <trkpt lat="47.4650800" lon="-122.1352890">
    <ele>33.0</ele>
    <time>2020-07-22T02:01:47Z</time>
   </trkpt>
   <trkpt lat="47.4650690" lon="-122.1352340">
    <ele>33.1</ele>
    <time>2020-07-22T02:01:48Z</time>
   </trkpt>
   <trkpt lat="47.4650600" lon="-122.1351900">
    <ele>33.1</ele>
    <time>2020-07-22T02:01:49Z</time>
   </trkpt>
   <trkpt lat="47.4650490" lon="-122.1351340">
    <ele>33.1</ele>
    <time>2020-07-22T02:01:50Z</time>
   </trkpt>
   <trkpt lat="47.4650460" lon="-122.1350840">
    <ele>33.1</ele>
    <time>2020-07-22T02:01:51Z</time>
   </trkpt>
   <trkpt lat="47.4650360" lon="-122.1350310">
    <ele>33.1</ele>
    <time>2020-07-22T02:01:52Z</time>
   </trkpt>
   <trkpt lat="47.4649940" lon="-122.1349310">
    <ele>33.2</ele>
    <time>2020-07-22T02:01:53Z</time>
   </trkpt>
   <trkpt lat="47.4649700" lon="-122.1347990">
    <ele>33.2</ele>
    <time>2020-07-22T02:01:55Z</time>
   </trkpt>
   <trkpt lat="47.4649600" lon="-122.1347540">
    <ele>33.3</ele>
    <time>2020-07-22T02:01:56Z</time>
   </trkpt>
   <trkpt lat="47.4649600" lon="-122.1346820">
    <ele>33.3</ele>
    <time>2020-07-22T02:01:57Z</time>
   </trkpt>
   <trkpt lat="47.4649430" lon="-122.1346290">
    <ele>33.3</ele>
    <time>2020-07-22T02:01:58Z</time>
   </trkpt>
   <trkpt lat="47.4649200" lon="-122.1345650">
    <ele>33.3</ele>
    <time>2020-07-22T02:01:59Z</time>
   </trkpt>
   <trkpt lat="47.4649190" lon="-122.1344900">
    <ele>33.3</ele>
    <time>2020-07-22T02:02:00Z</time>
   </trkpt>
   <trkpt lat="47.4648970" lon="-122.1344440">
    <ele>33.4</ele>
    <time>2020-07-22T02:02:01Z</time>
   </trkpt>
   <trkpt lat="47.4648900" lon="-122.1343920">
    <ele>33.4</ele>
    <time>2020-07-22T02:02:02Z</time>
   </trkpt>
   <trkpt lat="47.4648820" lon="-122.1343340">
    <ele>33.4</ele>
    <time>2020-07-22T02:02:03Z</time>
   </trkpt>
   <trkpt lat="47.4648660" lon="-122.1342920">
    <ele>33.4</ele>
    <time>2020-07-22T02:02:04Z</time>
   </trkpt>
   <trkpt lat="47.4648700" lon="-122.1342300">
    <ele>33.4</ele>
    <time>2020-07-22T02:02:05Z</time>
   </trkpt>
   <trkpt lat="47.4648670" lon="-122.1341760">
    <ele>33.5</ele>
    <time>2020-07-22T02:02:06Z</time>
   </trkpt>
   <trkpt lat="47.4648700" lon="-122.1341070">
    <ele>33.5</ele>
    <time>2020-07-22T02:02:07Z</time>
   </trkpt>
   <trkpt lat="47.4648610" lon="-122.1340370">
    <ele>33.5</ele>
    <time>2020-07-22T02:02:08Z</time>
   </trkpt>
   <trkpt lat="47.4648380" lon="-122.1339690">
    <ele>33.6</ele>
    <time>2020-07-22T02:02:09Z</time>
   </trkpt>
   <trkpt lat="47.4648190" lon="-122.1339000">
    <ele>33.6</ele>
    <time>2020-07-22T02:02:10Z</time>
   </trkpt>
   <trkpt lat="47.4648000" lon="-122.1338560">
    <ele>33.6</ele>
    <time>2020-07-22T02:02:11Z</time>
   </trkpt>
   <trkpt lat="47.4647900" lon="-122.1338040">
    <ele>33.7</ele>
    <time>2020-07-22T02:02:12Z</time>
   </trkpt>
   <trkpt lat="47.4647790" lon="-122.1337580">
    <ele>33.7</ele>
    <time>2020-07-22T02:02:13Z</time>
   </trkpt>
   <trkpt lat="47.4647750" lon="-122.1336950">
    <ele>33.7</ele>
    <time>2020-07-22T02:02:14Z</time>
   </trkpt>
   <trkpt lat="47.4647670" lon="-122.1336210">
    <ele>33.8</ele>
    <time>2020-07-22T02:02:15Z</time>
   </trkpt>
   <trkpt lat="47.4647540" lon="-122.1335690">
    <ele>33.8</ele>
    <time>2020-07-22T02:02:16Z</time>
   </trkpt>
   <trkpt lat="47.4647560" lon="-122.1335230">
    <ele>33.9</ele>
    <time>2020-07-22T02:02:17Z</time>
   </trkpt>
   <trkpt lat="47.4647420" lon="-122.1334760">
    <ele>33.9</ele>
    <time>2020-07-22T02:02:18Z</time>
   </trkpt>
   <trkpt lat="47.4647220" lon="-122.1334260">
    <ele>34.0</ele>
    <time>2020-07-22T02:02:19Z</time>
   </trkpt>
   <trkpt lat="47.4647240" lon="-122.1333530">
    <ele>34.0</ele>
    <time>2020-07-22T02:02:20Z</time>
   </trkpt>
   <trkpt lat="47.4647130" lon="-122.1332920">
    <ele>34.0</ele>
    <time>2020-07-22T02:02:21Z</time>
   </trkpt>
   <trkpt lat="47.4646970" lon="-122.1332310">
    <ele>34.1</ele>
    <time>2020-07-22T02:02:22Z</time>
   </trkpt>
   <trkpt lat="47.4646850" lon="-122.1331930">
    <ele>34.1</ele>
    <time>2020-07-22T02:02:23Z</time>
   </trkpt>
   <trkpt lat="47.4646850" lon="-122.1331420">
    <ele>34.1</ele>
    <time>2020-07-22T02:02:24Z</time>
   </trkpt>
   <trkpt lat="47.4646740" lon="-122.1330860">
    <ele>34.1</ele>
    <time>2020-07-22T02:02:25Z</time>
   </trkpt>
   <trkpt lat="47.4646680" lon="-122.1330250">
    <ele>34.2</ele>
    <time>2020-07-22T02:02:26Z</time>
   </trkpt>
   <trkpt lat="47.4646630" lon="-122.1329720">
    <ele>34.2</ele>
    <time>2020-07-22T02:02:27Z</time>
   </trkpt>
   <trkpt lat="47.4646570" lon="-122.1329010">
    <ele>34.2</ele>
    <time>2020-07-22T02:02:28Z</time>
   </trkpt>
   <trkpt lat="47.4646520" lon="-122.1328450">
    <ele>34.2</ele>
    <time>2020-07-22T02:02:29Z</time>
   </trkpt>
   <trkpt lat="47.4646350" lon="-122.1327920">
    <ele>34.2</ele>
    <time>2020-07-22T02:02:30Z</time>
   </trkpt>
   <trkpt lat="47.4646230" lon="-122.1327360">
    <ele>34.2</ele>
    <time>2020-07-22T02:02:31Z</time>
   </trkpt>
   <trkpt lat="47.4646180" lon="-122.1326800">
    <ele>34.3</ele>
    <time>2020-07-22T02:02:32Z</time>
   </trkpt>
   <trkpt lat="47.4646000" lon="-122.1326310">
    <ele>34.3</ele>
    <time>2020-07-22T02:02:33Z</time>
   </trkpt>
   <trkpt lat="47.4645870" lon="-122.1325750">
    <ele>34.3</ele>
    <time>2020-07-22T02:02:34Z</time>
   </trkpt>
   <trkpt lat="47.4645770" lon="-122.1325120">
    <ele>34.3</ele>
    <time>2020-07-22T02:02:35Z</time>
   </trkpt>
   <trkpt lat="47.4645630" lon="-122.1324510">
    <ele>34.4</ele>
    <time>2020-07-22T02:02:37Z</time>
   </trkpt>
   <trkpt lat="47.4645620" lon="-122.1324040">
    <ele>34.4</ele>
    <time>2020-07-22T02:02:38Z</time>
   </trkpt>
   <trkpt lat="47.4645590" lon="-122.1323390">
    <ele>34.4</ele>
    <time>2020-07-22T02:02:39Z</time>
   </trkpt>
   <trkpt lat="47.4645550" lon="-122.1322960">
    <ele>34.4</ele>
    <time>2020-07-22T02:02:40Z</time>
   </trkpt>
   <trkpt lat="47.4645390" lon="-122.1322550">
    <ele>34.4</ele>
    <time>2020-07-22T02:02:41Z</time>
   </trkpt>
   <trkpt lat="47.4645270" lon="-122.1322000">
    <ele>34.4</ele>
    <time>2020-07-22T02:02:42Z</time>
   </trkpt>
   <trkpt lat="47.4645260" lon="-122.1321350">
    <ele>34.4</ele>
    <time>2020-07-22T02:02:43Z</time>
   </trkpt>
   <trkpt lat="47.4645150" lon="-122.1320580">
    <ele>34.4</ele>
    <time>2020-07-22T02:02:44Z</time>
   </trkpt>
   <trkpt lat="47.4645040" lon="-122.1319990">
    <ele>34.4</ele>
    <time>2020-07-22T02:02:45Z</time>
   </trkpt>
   <trkpt lat="47.4644940" lon="-122.1319490">
    <ele>34.4</ele>
    <time>2020-07-22T02:02:46Z</time>
   </trkpt>
   <trkpt lat="47.4644830" lon="-122.1318850">
    <ele>34.4</ele>
    <time>2020-07-22T02:02:47Z</time>
   </trkpt>
   <trkpt lat="47.4644780" lon="-122.1318250">
    <ele>34.4</ele>
    <time>2020-07-22T02:02:48Z</time>
   </trkpt>
   <trkpt lat="47.4644690" lon="-122.1317790">
    <ele>34.4</ele>
    <time>2020-07-22T02:02:49Z</time>
   </trkpt>
   <trkpt lat="47.4644560" lon="-122.1317220">
    <ele>34.4</ele>
    <time>2020-07-22T02:02:50Z</time>
   </trkpt>
   <trkpt lat="47.4644530" lon="-122.1316650">
    <ele>34.5</ele>
    <time>2020-07-22T02:02:51Z</time>
   </trkpt>
   <trkpt lat="47.4644430" lon="-122.1316060">
    <ele>34.5</ele>
    <time>2020-07-22T02:02:52Z</time>
   </trkpt>
   <trkpt lat="47.4644330" lon="-122.1315530">
    <ele>34.5</ele>
    <time>2020-07-22T02:02:53Z</time>
   </trkpt>
   <trkpt lat="47.4644220" lon="-122.1315060">
    <ele>34.5</ele>
    <time>2020-07-22T02:02:54Z</time>
   </trkpt>
   <trkpt lat="47.4644130" lon="-122.1314550">
    <ele>34.6</ele>
    <time>2020-07-22T02:02:55Z</time>
   </trkpt>
   <trkpt lat="47.4644010" lon="-122.1314030">
    <ele>34.6</ele>
    <time>2020-07-22T02:02:56Z</time>
   </trkpt>
   <trkpt lat="47.4643830" lon="-122.1313610">
    <ele>34.6</ele>
    <time>2020-07-22T02:02:57Z</time>
   </trkpt>
   <trkpt lat="47.4643710" lon="-122.1313140">
    <ele>34.7</ele>
    <time>2020-07-22T02:02:58Z</time>
   </trkpt>
   <trkpt lat="47.4643680" lon="-122.1312640">
    <ele>34.7</ele>
    <time>2020-07-22T02:02:59Z</time>
   </trkpt>
   <trkpt lat="47.4643580" lon="-122.1312120">
    <ele>34.7</ele>
    <time>2020-07-22T02:03:00Z</time>
   </trkpt>
   <trkpt lat="47.4643560" lon="-122.1311540">
    <ele>34.7</ele>
    <time>2020-07-22T02:03:01Z</time>
   </trkpt>
   <trkpt lat="47.4643560" lon="-122.1310850">
    <ele>34.7</ele>
    <time>2020-07-22T02:03:02Z</time>
   </trkpt>
   <trkpt lat="47.4643520" lon="-122.1310250">
    <ele>34.7</ele>
    <time>2020-07-22T02:03:03Z</time>
   </trkpt>
   <trkpt lat="47.4643340" lon="-122.1309880">
    <ele>34.7</ele>
    <time>2020-07-22T02:03:04Z</time>
   </trkpt>
   <trkpt lat="47.4643260" lon="-122.1309270">
    <ele>34.8</ele>
    <time>2020-07-22T02:03:05Z</time>
   </trkpt>
   <trkpt lat="47.4643220" lon="-122.1308820">
    <ele>34.8</ele>
    <time>2020-07-22T02:03:06Z</time>
   </trkpt>
   <trkpt lat="47.4643200" lon="-122.1308190">
    <ele>34.8</ele>
    <time>2020-07-22T02:03:07Z</time>
   </trkpt>
   <trkpt lat="47.4643000" lon="-122.1307540">
    <ele>34.8</ele>
    <time>2020-07-22T02:03:08Z</time>
   </trkpt>
   <trkpt lat="47.4642830" lon="-122.1307100">
    <ele>34.8</ele>
    <time>2020-07-22T02:03:09Z</time>
   </trkpt>
   <trkpt lat="47.4642660" lon="-122.1306530">
    <ele>34.9</ele>
    <time>2020-07-22T02:03:10Z</time>
   </trkpt>
   <trkpt lat="47.4642660" lon="-122.1306240">
    <ele>34.9</ele>
    <time>2020-07-22T02:03:11Z</time>
   </trkpt>
   <trkpt lat="47.4642630" lon="-122.1305650">
    <ele>34.9</ele>
    <time>2020-07-22T02:03:12Z</time>
   </trkpt>
   <trkpt lat="47.4642550" lon="-122.1304970">
    <ele>34.9</ele>
    <time>2020-07-22T02:03:13Z</time>
   </trkpt>
   <trkpt lat="47.4642420" lon="-122.1304500">
    <ele>34.9</ele>
    <time>2020-07-22T02:03:14Z</time>
   </trkpt>
   <trkpt lat="47.4642410" lon="-122.1303920">
    <ele>34.9</ele>
    <time>2020-07-22T02:03:15Z</time>
   </trkpt>
   <trkpt lat="47.4642300" lon="-122.1303340">
    <ele>34.9</ele>
    <time>2020-07-22T02:03:16Z</time>
   </trkpt>
   <trkpt lat="47.4642180" lon="-122.1302900">
    <ele>34.9</ele>
    <time>2020-07-22T02:03:17Z</time>
   </trkpt>
   <trkpt lat="47.4642070" lon="-122.1302380">
    <ele>34.9</ele>
    <time>2020-07-22T02:03:18Z</time>
   </trkpt>
   <trkpt lat="47.4642070" lon="-122.1301800">
    <ele>34.9</ele>
    <time>2020-07-22T02:03:19Z</time>
   </trkpt>
   <trkpt lat="47.4642120" lon="-122.1301270">
    <ele>35.0</ele>
    <time>2020-07-22T02:03:20Z</time>
   </trkpt>
   <trkpt lat="47.4641990" lon="-122.1300530">
    <ele>35.0</ele>
    <time>2020-07-22T02:03:21Z</time>
   </trkpt>
   <trkpt lat="47.4641960" lon="-122.1299950">
    <ele>35.0</ele>
    <time>2020-07-22T02:03:22Z</time>
   </trkpt>
   <trkpt lat="47.4641800" lon="-122.1299590">
    <ele>35.0</ele>
    <time>2020-07-22T02:03:23Z</time>
   </trkpt>
   <trkpt lat="47.4641660" lon="-122.1299150">
    <ele>35.0</ele>
    <time>2020-07-22T02:03:24Z</time>
   </trkpt>
   <trkpt lat="47.4641660" lon="-122.1298550">
    <ele>35.0</ele>
    <time>2020-07-22T02:03:25Z</time>
   </trkpt>
   <trkpt lat="47.4641500" lon="-122.1297990">
    <ele>35.0</ele>
    <time>2020-07-22T02:03:26Z</time>
   </trkpt>
   <trkpt lat="47.4641450" lon="-122.1297420">
    <ele>35.0</ele>
    <time>2020-07-22T02:03:27Z</time>
   </trkpt>
   <trkpt lat="47.4641390" lon="-122.1296790">
    <ele>35.1</ele>
    <time>2020-07-22T02:03:28Z</time>
   </trkpt>
   <trkpt lat="47.4641260" lon="-122.1296130">
    <ele>35.1</ele>
    <time>2020-07-22T02:03:29Z</time>
   </trkpt>
   <trkpt lat="47.4641350" lon="-122.1295480">
    <ele>35.1</ele>
    <time>2020-07-22T02:03:30Z</time>
   </trkpt>
   <trkpt lat="47.4641140" lon="-122.1295110">
    <ele>35.1</ele>
    <time>2020-07-22T02:03:31Z</time>
   </trkpt>
   <trkpt lat="47.4641200" lon="-122.1294390">
    <ele>35.2</ele>
    <time>2020-07-22T02:03:32Z</time>
   </trkpt>
   <trkpt lat="47.4641060" lon="-122.1293750">
    <ele>35.2</ele>
    <time>2020-07-22T02:03:33Z</time>
   </trkpt>
   <trkpt lat="47.4640940" lon="-122.1293190">
    <ele>35.2</ele>
    <time>2020-07-22T02:03:34Z</time>
   </trkpt>
   <trkpt lat="47.4640860" lon="-122.1292800">
    <ele>35.2</ele>
    <time>2020-07-22T02:03:35Z</time>
   </trkpt>
   <trkpt lat="47.4640710" lon="-122.1292220">
    <ele>35.3</ele>
    <time>2020-07-22T02:03:36Z</time>
   </trkpt>
   <trkpt lat="47.4640650" lon="-122.1291650">
    <ele>35.3</ele>
    <time>2020-07-22T02:03:37Z</time>
   </trkpt>
   <trkpt lat="47.4640530" lon="-122.1291040">
    <ele>35.3</ele>
    <time>2020-07-22T02:03:38Z</time>
   </trkpt>
   <trkpt lat="47.4640410" lon="-122.1290550">
    <ele>35.3</ele>
    <time>2020-07-22T02:03:39Z</time>
   </trkpt>
   <trkpt lat="47.4640490" lon="-122.1290170">
    <ele>35.3</ele>
    <time>2020-07-22T02:03:40Z</time>
   </trkpt>
   <trkpt lat="47.4640370" lon="-122.1289580">
    <ele>35.3</ele>
    <time>2020-07-22T02:03:41Z</time>
   </trkpt>
   <trkpt lat="47.4640350" lon="-122.1288920">
    <ele>35.4</ele>
    <time>2020-07-22T02:03:42Z</time>
   </trkpt>
   <trkpt lat="47.4640190" lon="-122.1288300">
    <ele>35.4</ele>
    <time>2020-07-22T02:03:43Z</time>
   </trkpt>
   <trkpt lat="47.4640140" lon="-122.1288040">
    <ele>35.4</ele>
    <time>2020-07-22T02:03:44Z</time>
   </trkpt>
   <trkpt lat="47.4640090" lon="-122.1287470">
    <ele>35.4</ele>
    <time>2020-07-22T02:03:45Z</time>
   </trkpt>
   <trkpt lat="47.4639900" lon="-122.1286910">
    <ele>35.5</ele>
    <time>2020-07-22T02:03:46Z</time>
   </trkpt>
   <trkpt lat="47.4639880" lon="-122.1286390">
    <ele>35.5</ele>
    <time>2020-07-22T02:03:47Z</time>
   </trkpt>
   <trkpt lat="47.4639940" lon="-122.1285880">
    <ele>35.5</ele>
    <time>2020-07-22T02:03:48Z</time>
   </trkpt>
   <trkpt lat="47.4639770" lon="-122.1285400">
    <ele>35.5</ele>
    <time>2020-07-22T02:03:49Z</time>
   </trkpt>
   <trkpt lat="47.4639780" lon="-122.1284660">
    <ele>35.6</ele>
    <time>2020-07-22T02:03:50Z</time>
   </trkpt>
   <trkpt lat="47.4639630" lon="-122.1284130">
    <ele>35.6</ele>
    <time>2020-07-22T02:03:51Z</time>
   </trkpt>
   <trkpt lat="47.4639600" lon="-122.1283570">
    <ele>35.6</ele>
    <time>2020-07-22T02:03:52Z</time>
   </trkpt>
   <trkpt lat="47.4639560" lon="-122.1283150">
    <ele>35.7</ele>
    <time>2020-07-22T02:03:53Z</time>
   </trkpt>
   <trkpt lat="47.4639470" lon="-122.1282690">
    <ele>35.7</ele>
    <time>2020-07-22T02:03:54Z</time>
   </trkpt>
   <trkpt lat="47.4639520" lon="-122.1282150">
    <ele>35.7</ele>
    <time>2020-07-22T02:03:55Z</time>
   </trkpt>
   <trkpt lat="47.4639350" lon="-122.1281580">
    <ele>35.8</ele>
    <time>2020-07-22T02:03:56Z</time>
   </trkpt>
   <trkpt lat="47.4639320" lon="-122.1281070">
    <ele>35.8</ele>
    <time>2020-07-22T02:03:57Z</time>
   </trkpt>
   <trkpt lat="47.4639280" lon="-122.1280440">
    <ele>35.8</ele>
    <time>2020-07-22T02:03:58Z</time>
   </trkpt>
   <trkpt lat="47.4639120" lon="-122.1280040">
    <ele>35.8</ele>
    <time>2020-07-22T02:03:59Z</time>
   </trkpt>
   <trkpt lat="47.4639070" lon="-122.1279560">
    <ele>35.8</ele>
    <time>2020-07-22T02:04:00Z</time>
   </trkpt>
   <trkpt lat="47.4638890" lon="-122.1279190">
    <ele>35.9</ele>
    <time>2020-07-22T02:04:01Z</time>
   </trkpt>
   <trkpt lat="47.4638840" lon="-122.1278650">
    <ele>35.9</ele>
    <time>2020-07-22T02:04:02Z</time>
   </trkpt>
   <trkpt lat="47.4638770" lon="-122.1278150">
    <ele>35.9</ele>
    <time>2020-07-22T02:04:03Z</time>
   </trkpt>
   <trkpt lat="47.4638750" lon="-122.1277700">
    <ele>35.9</ele>
    <time>2020-07-22T02:04:04Z</time>
   </trkpt>
   <trkpt lat="47.4638720" lon="-122.1277080">
    <ele>36.0</ele>
    <time>2020-07-22T02:04:05Z</time>
   </trkpt>
   <trkpt lat="47.4638620" lon="-122.1276640">
    <ele>36.0</ele>
    <time>2020-07-22T02:04:06Z</time>
   </trkpt>
   <trkpt lat="47.4638630" lon="-122.1276150">
    <ele>36.0</ele>
    <time>2020-07-22T02:04:07Z</time>
   </trkpt>
   <trkpt lat="47.4638520" lon="-122.1275740">
    <ele>36.1</ele>
    <time>2020-07-22T02:04:08Z</time>
   </trkpt>
   <trkpt lat="47.4638600" lon="-122.1275200">
    <ele>36.1</ele>
    <time>2020-07-22T02:04:09Z</time>
   </trkpt>
   <trkpt lat="47.4638560" lon="-122.1274800">
    <ele>36.1</ele>
    <time>2020-07-22T02:04:10Z</time>
   </trkpt>
   <trkpt lat="47.4638570" lon="-122.1274140">
    <ele>36.2</ele>
    <time>2020-07-22T02:04:11Z</time>
   </trkpt>
   <trkpt lat="47.4638460" lon="-122.1273630">
    <ele>36.2</ele>
    <time>2020-07-22T02:04:12Z</time>
   </trkpt>
   <trkpt lat="47.4638370" lon="-122.1273010">
    <ele>36.2</ele>
    <time>2020-07-22T02:04:13Z</time>
   </trkpt>
   <trkpt lat="47.4638330" lon="-122.1272460">
    <ele>36.3</ele>
    <time>2020-07-22T02:04:14Z</time>
   </trkpt>
   <trkpt lat="47.4638330" lon="-122.1271930">
    <ele>36.3</ele>
    <time>2020-07-22T02:04:15Z</time>
   </trkpt>
   <trkpt lat="47.4638080" lon="-122.1271360">
    <ele>36.3</ele>
    <time>2020-07-22T02:04:16Z</time>
   </trkpt>
   <trkpt lat="47.4637950" lon="-122.1270840">
    <ele>36.4</ele>
    <time>2020-07-22T02:04:17Z</time>
   </trkpt>
   <trkpt lat="47.4637860" lon="-122.1270390">
    <ele>36.4</ele>
    <time>2020-07-22T02:04:18Z</time>
   </trkpt>
   <trkpt lat="47.4637730" lon="-122.1269890">
    <ele>36.4</ele>
    <time>2020-07-22T02:04:19Z</time>
   </trkpt>
   <trkpt lat="47.4637730" lon="-122.1269450">
    <ele>36.4</ele>
    <time>2020-07-22T02:04:20Z</time>
   </trkpt>
   <trkpt lat="47.4637670" lon="-122.1268790">
    <ele>36.4</ele>
    <time>2020-07-22T02:04:21Z</time>
   </trkpt>
   <trkpt lat="47.4637630" lon="-122.1268500">
    <ele>36.4</ele>
    <time>2020-07-22T02:04:22Z</time>
   </trkpt>
   <trkpt lat="47.4637610" lon="-122.1268000">
    <ele>36.4</ele>
    <time>2020-07-22T02:04:23Z</time>
   </trkpt>
   <trkpt lat="47.4637600" lon="-122.1267500">
    <ele>36.4</ele>
    <time>2020-07-22T02:04:24Z</time>
   </trkpt>
   <trkpt lat="47.4637550" lon="-122.1267070">
    <ele>36.5</ele>
    <time>2020-07-22T02:04:25Z</time>
   </trkpt>
   <trkpt lat="47.4637400" lon="-122.1266580">
    <ele>36.5</ele>
    <time>2020-07-22T02:04:26Z</time>
   </trkpt>
   <trkpt lat="47.4637420" lon="-122.1266030">
    <ele>36.5</ele>
    <time>2020-07-22T02:04:27Z</time>
   </trkpt>
   <trkpt lat="47.4637450" lon="-122.1265430">
    <ele>36.5</ele>
    <time>2020-07-22T02:04:28Z</time>
   </trkpt>
   <trkpt lat="47.4637440" lon="-122.1265120">
    <ele>36.5</ele>
    <time>2020-07-22T02:04:29Z</time>
   </trkpt>
   <trkpt lat="47.4637310" lon="-122.1264430">
    <ele>36.5</ele>
    <time>2020-07-22T02:04:30Z</time>
   </trkpt>
   <trkpt lat="47.4637250" lon="-122.1263680">
    <ele>36.5</ele>
    <time>2020-07-22T02:04:31Z</time>
   </trkpt>
   <trkpt lat="47.4637220" lon="-122.1263310">
    <ele>36.5</ele>
    <time>2020-07-22T02:04:32Z</time>
   </trkpt>
   <trkpt lat="47.4637300" lon="-122.1262650">
    <ele>36.5</ele>
    <time>2020-07-22T02:04:33Z</time>
   </trkpt>
   <trkpt lat="47.4637210" lon="-122.1262020">
    <ele>36.5</ele>
    <time>2020-07-22T02:04:34Z</time>
   </trkpt>
   <trkpt lat="47.4637120" lon="-122.1261480">
    <ele>36.5</ele>
    <time>2020-07-22T02:04:35Z</time>
   </trkpt>
   <trkpt lat="47.4637070" lon="-122.1261080">
    <ele>36.5</ele>
    <time>2020-07-22T02:04:36Z</time>
   </trkpt>
   <trkpt lat="47.4637060" lon="-122.1260500">
    <ele>36.5</ele>
    <time>2020-07-22T02:04:37Z</time>
   </trkpt>
   <trkpt lat="47.4637020" lon="-122.1259900">
    <ele>36.5</ele>
    <time>2020-07-22T02:04:38Z</time>
   </trkpt>
   <trkpt lat="47.4637020" lon="-122.1259200">
    <ele>36.5</ele>
    <time>2020-07-22T02:04:39Z</time>
   </trkpt>
   <trkpt lat="47.4636910" lon="-122.1258570">
    <ele>36.5</ele>
    <time>2020-07-22T02:04:40Z</time>
   </trkpt>
   <trkpt lat="47.4636790" lon="-122.1258040">
    <ele>36.5</ele>
    <time>2020-07-22T02:04:41Z</time>
   </trkpt>
   <trkpt lat="47.4636750" lon="-122.1257380">
    <ele>36.6</ele>
    <time>2020-07-22T02:04:42Z</time>
   </trkpt>
   <trkpt lat="47.4636700" lon="-122.1256880">
    <ele>36.6</ele>
    <time>2020-07-22T02:04:43Z</time>
   </trkpt>
   <trkpt lat="47.4636630" lon="-122.1256160">
    <ele>36.6</ele>
    <time>2020-07-22T02:04:44Z</time>
   </trkpt>
   <trkpt lat="47.4636560" lon="-122.1255660">
    <ele>36.7</ele>
    <time>2020-07-22T02:04:45Z</time>
   </trkpt>
   <trkpt lat="47.4636500" lon="-122.1255160">
    <ele>36.7</ele>
    <time>2020-07-22T02:04:46Z</time>
   </trkpt>
   <trkpt lat="47.4636540" lon="-122.1254490">
    <ele>36.8</ele>
    <time>2020-07-22T02:04:47Z</time>
   </trkpt>
   <trkpt lat="47.4636530" lon="-122.1253970">
    <ele>36.9</ele>
    <time>2020-07-22T02:04:48Z</time>
   </trkpt>
   <trkpt lat="47.4636490" lon="-122.1253340">
    <ele>37.0</ele>
    <time>2020-07-22T02:04:49Z</time>
   </trkpt>
   <trkpt lat="47.4636370" lon="-122.1252600">
    <ele>36.9</ele>
    <time>2020-07-22T02:04:50Z</time>
   </trkpt>
   <trkpt lat="47.4636280" lon="-122.1251940">
    <ele>36.9</ele>
    <time>2020-07-22T02:04:51Z</time>
   </trkpt>
   <trkpt lat="47.4636150" lon="-122.1251370">
    <ele>36.8</ele>
    <time>2020-07-22T02:04:52Z</time>
   </trkpt>
   <trkpt lat="47.4636160" lon="-122.1250680">
    <ele>36.8</ele>
    <time>2020-07-22T02:04:53Z</time>
   </trkpt>
   <trkpt lat="47.4636120" lon="-122.1250040">
    <ele>36.8</ele>
    <time>2020-07-22T02:04:54Z</time>
   </trkpt>
   <trkpt lat="47.4636110" lon="-122.1249750">
    <ele>36.8</ele>
    <time>2020-07-22T02:04:55Z</time>
   </trkpt>
   <trkpt lat="47.4636030" lon="-122.1249320">
    <ele>36.8</ele>
    <time>2020-07-22T02:04:56Z</time>
   </trkpt>
   <trkpt lat="47.4635970" lon="-122.1248700">
    <ele>36.8</ele>
    <time>2020-07-22T02:04:57Z</time>
   </trkpt>
   <trkpt lat="47.4636100" lon="-122.1248030">
    <ele>36.8</ele>
    <time>2020-07-22T02:04:58Z</time>
   </trkpt>
   <trkpt lat="47.4635940" lon="-122.1247340">
    <ele>36.8</ele>
    <time>2020-07-22T02:04:59Z</time>
   </trkpt>
   <trkpt lat="47.4635910" lon="-122.1246690">
    <ele>36.8</ele>
    <time>2020-07-22T02:05:00Z</time>
   </trkpt>
   <trkpt lat="47.4635780" lon="-122.1246210">
    <ele>36.9</ele>
    <time>2020-07-22T02:05:01Z</time>
   </trkpt>
   <trkpt lat="47.4635720" lon="-122.1245650">
    <ele>36.9</ele>
    <time>2020-07-22T02:05:02Z</time>
   </trkpt>
   <trkpt lat="47.4635920" lon="-122.1245140">
    <ele>36.9</ele>
    <time>2020-07-22T02:05:03Z</time>
   </trkpt>
   <trkpt lat="47.4635910" lon="-122.1244580">
    <ele>37.0</ele>
    <time>2020-07-22T02:05:04Z</time>
   </trkpt>
   <trkpt lat="47.4635710" lon="-122.1243850">
    <ele>37.0</ele>
    <time>2020-07-22T02:05:05Z</time>
   </trkpt>
   <trkpt lat="47.4635680" lon="-122.1243400">
    <ele>37.0</ele>
    <time>2020-07-22T02:05:06Z</time>
   </trkpt>
   <trkpt lat="47.4635510" lon="-122.1242910">
    <ele>37.0</ele>
    <time>2020-07-22T02:05:07Z</time>
   </trkpt>
   <trkpt lat="47.4635400" lon="-122.1242190">
    <ele>37.1</ele>
    <time>2020-07-22T02:05:08Z</time>
   </trkpt>
   <trkpt lat="47.4635320" lon="-122.1241640">
    <ele>37.1</ele>
    <time>2020-07-22T02:05:09Z</time>
   </trkpt>
   <trkpt lat="47.4635330" lon="-122.1241020">
    <ele>37.1</ele>
    <time>2020-07-22T02:05:10Z</time>
   </trkpt>
   <trkpt lat="47.4635400" lon="-122.1240580">
    <ele>37.1</ele>
    <time>2020-07-22T02:05:11Z</time>
   </trkpt>
   <trkpt lat="47.4635400" lon="-122.1239970">
    <ele>37.2</ele>
    <time>2020-07-22T02:05:12Z</time>
   </trkpt>
   <trkpt lat="47.4635350" lon="-122.1239400">
    <ele>37.2</ele>
    <time>2020-07-22T02:05:13Z</time>
   </trkpt>
   <trkpt lat="47.4635360" lon="-122.1238910">
    <ele>37.2</ele>
    <time>2020-07-22T02:05:14Z</time>
   </trkpt>
   <trkpt lat="47.4635270" lon="-122.1238200">
    <ele>37.3</ele>
    <time>2020-07-22T02:05:15Z</time>
   </trkpt>
   <trkpt lat="47.4635260" lon="-122.1237700">
    <ele>37.3</ele>
    <time>2020-07-22T02:05:16Z</time>
   </trkpt>
   <trkpt lat="47.4635210" lon="-122.1237190">
    <ele>37.3</ele>
    <time>2020-07-22T02:05:17Z</time>
   </trkpt>
   <trkpt lat="47.4635090" lon="-122.1236610">
    <ele>37.4</ele>
    <time>2020-07-22T02:05:18Z</time>
   </trkpt>
   <trkpt lat="47.4635030" lon="-122.1236190">
    <ele>37.4</ele>
    <time>2020-07-22T02:05:19Z</time>
   </trkpt>
   <trkpt lat="47.4634960" lon="-122.1235660">
    <ele>37.4</ele>
    <time>2020-07-22T02:05:20Z</time>
   </trkpt>
   <trkpt lat="47.4634900" lon="-122.1235190">
    <ele>37.5</ele>
    <time>2020-07-22T02:05:21Z</time>
   </trkpt>
   <trkpt lat="47.4634840" lon="-122.1234780">
    <ele>37.5</ele>
    <time>2020-07-22T02:05:22Z</time>
   </trkpt>
   <trkpt lat="47.4634850" lon="-122.1234450">
    <ele>37.5</ele>
    <time>2020-07-22T02:05:23Z</time>
   </trkpt>
   <trkpt lat="47.4635460" lon="-122.1233880">
    <ele>37.6</ele>
    <time>2020-07-22T02:05:45Z</time>
   </trkpt>
   <trkpt lat="47.4635400" lon="-122.1233420">
    <ele>37.7</ele>
    <time>2020-07-22T02:05:46Z</time>
   </trkpt>
   <trkpt lat="47.4635390" lon="-122.1232980">
    <ele>37.7</ele>
    <time>2020-07-22T02:05:47Z</time>
   </trkpt>
   <trkpt lat="47.4635210" lon="-122.1232480">
    <ele>37.7</ele>
    <time>2020-07-22T02:05:48Z</time>
   </trkpt>
   <trkpt lat="47.4635230" lon="-122.1231970">
    <ele>37.8</ele>
    <time>2020-07-22T02:05:49Z</time>
   </trkpt>
   <trkpt lat="47.4635130" lon="-122.1231480">
    <ele>37.8</ele>
    <time>2020-07-22T02:05:50Z</time>
   </trkpt>
   <trkpt lat="47.4635100" lon="-122.1230930">
    <ele>37.8</ele>
    <time>2020-07-22T02:05:51Z</time>
   </trkpt>
   <trkpt lat="47.4635100" lon="-122.1230250">
    <ele>37.9</ele>
    <time>2020-07-22T02:05:52Z</time>
   </trkpt>
   <trkpt lat="47.4635060" lon="-122.1229970">
    <ele>37.9</ele>
    <time>2020-07-22T02:05:53Z</time>
   </trkpt>
   <trkpt lat="47.4635040" lon="-122.1229360">
    <ele>37.9</ele>
    <time>2020-07-22T02:05:54Z</time>
   </trkpt>
   <trkpt lat="47.4635000" lon="-122.1228880">
    <ele>37.9</ele>
    <time>2020-07-22T02:05:55Z</time>
   </trkpt>
   <trkpt lat="47.4635010" lon="-122.1228390">
    <ele>38.0</ele>
    <time>2020-07-22T02:05:56Z</time>
   </trkpt>
   <trkpt lat="47.4634910" lon="-122.1227700">
    <ele>38.0</ele>
    <time>2020-07-22T02:05:57Z</time>
   </trkpt>
   <trkpt lat="47.4634790" lon="-122.1226920">
    <ele>38.1</ele>
    <time>2020-07-22T02:05:58Z</time>
   </trkpt>
   <trkpt lat="47.4634900" lon="-122.1226460">
    <ele>38.1</ele>
    <time>2020-07-22T02:05:59Z</time>
   </trkpt>
   <trkpt lat="47.4634900" lon="-122.1226010">
    <ele>38.1</ele>
    <time>2020-07-22T02:06:00Z</time>
   </trkpt>
   <trkpt lat="47.4634870" lon="-122.1225370">
    <ele>38.1</ele>
    <time>2020-07-22T02:06:01Z</time>
   </trkpt>
   <trkpt lat="47.4634830" lon="-122.1224790">
    <ele>38.1</ele>
    <time>2020-07-22T02:06:02Z</time>
   </trkpt>
   <trkpt lat="47.4634830" lon="-122.1224470">
    <ele>38.1</ele>
    <time>2020-07-22T02:06:03Z</time>
   </trkpt>
   <trkpt lat="47.4634850" lon="-122.1224060">
    <ele>38.1</ele>
    <time>2020-07-22T02:06:04Z</time>
   </trkpt>
   <trkpt lat="47.4634730" lon="-122.1223520">
    <ele>38.2</ele>
    <time>2020-07-22T02:06:05Z</time>
   </trkpt>
   <trkpt lat="47.4634710" lon="-122.1223000">
    <ele>38.2</ele>
    <time>2020-07-22T02:06:06Z</time>
   </trkpt>
   <trkpt lat="47.4634710" lon="-122.1222350">
    <ele>38.2</ele>
    <time>2020-07-22T02:06:07Z</time>
   </trkpt>
   <trkpt lat="47.4634620" lon="-122.1221860">
    <ele>38.2</ele>
    <time>2020-07-22T02:06:08Z</time>
   </trkpt>
   <trkpt lat="47.4634670" lon="-122.1221420">
    <ele>38.2</ele>
    <time>2020-07-22T02:06:09Z</time>
   </trkpt>
   <trkpt lat="47.4634580" lon="-122.1220830">
    <ele>38.2</ele>
    <time>2020-07-22T02:06:10Z</time>
   </trkpt>
   <trkpt lat="47.4634520" lon="-122.1220200">
    <ele>38.2</ele>
    <time>2020-07-22T02:06:11Z</time>
   </trkpt>
   <trkpt lat="47.4634320" lon="-122.1219510">
    <ele>38.3</ele>
    <time>2020-07-22T02:06:12Z</time>
   </trkpt>
   <trkpt lat="47.4634280" lon="-122.1219040">
    <ele>38.3</ele>
    <time>2020-07-22T02:06:13Z</time>
   </trkpt>
   <trkpt lat="47.4634370" lon="-122.1218570">
    <ele>38.3</ele>
    <time>2020-07-22T02:06:14Z</time>
   </trkpt>
   <trkpt lat="47.4634400" lon="-122.1218060">
    <ele>38.3</ele>
    <time>2020-07-22T02:06:15Z</time>
   </trkpt>
   <trkpt lat="47.4634300" lon="-122.1217520">
    <ele>38.3</ele>
    <time>2020-07-22T02:06:16Z</time>
   </trkpt>
   <trkpt lat="47.4634120" lon="-122.1216860">
    <ele>38.4</ele>
    <time>2020-07-22T02:06:17Z</time>
   </trkpt>
   <trkpt lat="47.4634040" lon="-122.1216340">
    <ele>38.4</ele>
    <time>2020-07-22T02:06:18Z</time>
   </trkpt>
   <trkpt lat="47.4633880" lon="-122.1215620">
    <ele>38.4</ele>
    <time>2020-07-22T02:06:19Z</time>
   </trkpt>
   <trkpt lat="47.4633900" lon="-122.1215210">
    <ele>38.4</ele>
    <time>2020-07-22T02:06:20Z</time>
   </trkpt>
   <trkpt lat="47.4633830" lon="-122.1214770">
    <ele>38.4</ele>
    <time>2020-07-22T02:06:21Z</time>
   </trkpt>
   <trkpt lat="47.4633960" lon="-122.1214100">
    <ele>38.5</ele>
    <time>2020-07-22T02:06:22Z</time>
   </trkpt>
   <trkpt lat="47.4633940" lon="-122.1213550">
    <ele>38.5</ele>
    <time>2020-07-22T02:06:23Z</time>
   </trkpt>
   <trkpt lat="47.4633840" lon="-122.1212990">
    <ele>38.5</ele>
    <time>2020-07-22T02:06:24Z</time>
   </trkpt>
   <trkpt lat="47.4633870" lon="-122.1212530">
    <ele>38.5</ele>
    <time>2020-07-22T02:06:25Z</time>
   </trkpt>
   <trkpt lat="47.4633850" lon="-122.1212060">
    <ele>38.5</ele>
    <time>2020-07-22T02:06:26Z</time>
   </trkpt>
   <trkpt lat="47.4633570" lon="-122.1211390">
    <ele>38.6</ele>
    <time>2020-07-22T02:06:27Z</time>
   </trkpt>
   <trkpt lat="47.4633460" lon="-122.1210880">
    <ele>38.6</ele>
    <time>2020-07-22T02:06:28Z</time>
   </trkpt>
   <trkpt lat="47.4633450" lon="-122.1210340">
    <ele>38.6</ele>
    <time>2020-07-22T02:06:29Z</time>
   </trkpt>
   <trkpt lat="47.4633570" lon="-122.1209920">
    <ele>38.6</ele>
    <time>2020-07-22T02:06:30Z</time>
   </trkpt>
   <trkpt lat="47.4633350" lon="-122.1209380">
    <ele>38.7</ele>
    <time>2020-07-22T02:06:31Z</time>
   </trkpt>
   <trkpt lat="47.4633310" lon="-122.1208670">
    <ele>38.7</ele>
    <time>2020-07-22T02:06:32Z</time>
   </trkpt>
   <trkpt lat="47.4633280" lon="-122.1208040">
    <ele>38.7</ele>
    <time>2020-07-22T02:06:33Z</time>
   </trkpt>
   <trkpt lat="47.4633290" lon="-122.1207790">
    <ele>38.7</ele>
    <time>2020-07-22T02:06:34Z</time>
   </trkpt>
   <trkpt lat="47.4633360" lon="-122.1207160">
    <ele>38.8</ele>
    <time>2020-07-22T02:06:35Z</time>
   </trkpt>
   <trkpt lat="47.4633330" lon="-122.1206760">
    <ele>38.8</ele>
    <time>2020-07-22T02:06:36Z</time>
   </trkpt>
   <trkpt lat="47.4633480" lon="-122.1206260">
    <ele>38.8</ele>
    <time>2020-07-22T02:06:37Z</time>
   </trkpt>
   <trkpt lat="47.4633450" lon="-122.1205710">
    <ele>38.8</ele>
    <time>2020-07-22T02:06:38Z</time>
   </trkpt>
   <trkpt lat="47.4633370" lon="-122.1205130">
    <ele>38.8</ele>
    <time>2020-07-22T02:06:39Z</time>
   </trkpt>
   <trkpt lat="47.4633500" lon="-122.1204720">
    <ele>38.8</ele>
    <time>2020-07-22T02:06:40Z</time>
   </trkpt>
   <trkpt lat="47.4633490" lon="-122.1204160">
    <ele>38.9</ele>
    <time>2020-07-22T02:06:41Z</time>
   </trkpt>
   <trkpt lat="47.4633460" lon="-122.1203640">
    <ele>38.9</ele>
    <time>2020-07-22T02:06:42Z</time>
   </trkpt>
   <trkpt lat="47.4633460" lon="-122.1203020">
    <ele>38.9</ele>
    <time>2020-07-22T02:06:43Z</time>
   </trkpt>
   <trkpt lat="47.4633410" lon="-122.1202590">
    <ele>38.9</ele>
    <time>2020-07-22T02:06:44Z</time>
   </trkpt>
   <trkpt lat="47.4633160" lon="-122.1202050">
    <ele>38.9</ele>
    <time>2020-07-22T02:06:45Z</time>
   </trkpt>
   <trkpt lat="47.4633100" lon="-122.1201490">
    <ele>39.0</ele>
    <time>2020-07-22T02:06:46Z</time>
   </trkpt>
   <trkpt lat="47.4633120" lon="-122.1200870">
    <ele>39.0</ele>
    <time>2020-07-22T02:06:47Z</time>
   </trkpt>
   <trkpt lat="47.4633180" lon="-122.1200470">
    <ele>39.0</ele>
    <time>2020-07-22T02:06:48Z</time>
   </trkpt>
   <trkpt lat="47.4633220" lon="-122.1199920">
    <ele>39.0</ele>
    <time>2020-07-22T02:06:49Z</time>
   </trkpt>
   <trkpt lat="47.4633370" lon="-122.1199490">
    <ele>39.1</ele>
    <time>2020-07-22T02:06:50Z</time>
   </trkpt>
   <trkpt lat="47.4633290" lon="-122.1198920">
    <ele>39.1</ele>
    <time>2020-07-22T02:06:51Z</time>
   </trkpt>
   <trkpt lat="47.4633160" lon="-122.1198480">
    <ele>39.1</ele>
    <time>2020-07-22T02:06:52Z</time>
   </trkpt>
   <trkpt lat="47.4633340" lon="-122.1197800">
    <ele>39.2</ele>
    <time>2020-07-22T02:06:53Z</time>
   </trkpt>
   <trkpt lat="47.4633240" lon="-122.1197300">
    <ele>39.2</ele>
    <time>2020-07-22T02:06:54Z</time>
   </trkpt>
   <trkpt lat="47.4633110" lon="-122.1196740">
    <ele>39.3</ele>
    <time>2020-07-22T02:06:55Z</time>
   </trkpt>
   <trkpt lat="47.4633240" lon="-122.1196220">
    <ele>39.3</ele>
    <time>2020-07-22T02:06:56Z</time>
   </trkpt>
   <trkpt lat="47.4633370" lon="-122.1195840">
    <ele>39.4</ele>
    <time>2020-07-22T02:06:57Z</time>
   </trkpt>
   <trkpt lat="47.4633370" lon="-122.1195130">
    <ele>39.4</ele>
    <time>2020-07-22T02:06:58Z</time>
   </trkpt>
   <trkpt lat="47.4633500" lon="-122.1194500">
    <ele>39.5</ele>
    <time>2020-07-22T02:06:59Z</time>
   </trkpt>
   <trkpt lat="47.4633570" lon="-122.1194240">
    <ele>39.5</ele>
    <time>2020-07-22T02:07:00Z</time>
   </trkpt>
   <trkpt lat="47.4633580" lon="-122.1193790">
    <ele>39.6</ele>
    <time>2020-07-22T02:07:01Z</time>
   </trkpt>
   <trkpt lat="47.4633580" lon="-122.1193320">
    <ele>39.6</ele>
    <time>2020-07-22T02:07:02Z</time>
   </trkpt>
   <trkpt lat="47.4633630" lon="-122.1192720">
    <ele>39.7</ele>
    <time>2020-07-22T02:07:03Z</time>
   </trkpt>
   <trkpt lat="47.4633610" lon="-122.1192490">
    <ele>39.7</ele>
    <time>2020-07-22T02:07:04Z</time>
   </trkpt>
   <trkpt lat="47.4633640" lon="-122.1191870">
    <ele>39.8</ele>
    <time>2020-07-22T02:07:05Z</time>
   </trkpt>
   <trkpt lat="47.4633690" lon="-122.1191620">
    <ele>39.8</ele>
    <time>2020-07-22T02:07:06Z</time>
   </trkpt>
   <trkpt lat="47.4633680" lon="-122.1191190">
    <ele>39.8</ele>
    <time>2020-07-22T02:07:07Z</time>
   </trkpt>
   <trkpt lat="47.4633590" lon="-122.1190710">
    <ele>39.9</ele>
    <time>2020-07-22T02:07:08Z</time>
   </trkpt>
   <trkpt lat="47.4633610" lon="-122.1190270">
    <ele>39.9</ele>
    <time>2020-07-22T02:07:09Z</time>
   </trkpt>
   <trkpt lat="47.4633530" lon="-122.1189800">
    <ele>39.9</ele>
    <time>2020-07-22T02:07:10Z</time>
   </trkpt>
   <trkpt lat="47.4633550" lon="-122.1189120">
    <ele>40.0</ele>
    <time>2020-07-22T02:07:11Z</time>
   </trkpt>
   <trkpt lat="47.4633490" lon="-122.1188560">
    <ele>40.0</ele>
    <time>2020-07-22T02:07:12Z</time>
   </trkpt>
   <trkpt lat="47.4633450" lon="-122.1188360">
    <ele>40.0</ele>
    <time>2020-07-22T02:07:13Z</time>
   </trkpt>
   <trkpt lat="47.4633630" lon="-122.1187850">
    <ele>40.1</ele>
    <time>2020-07-22T02:07:14Z</time>
   </trkpt>
   <trkpt lat="47.4633570" lon="-122.1187460">
    <ele>40.1</ele>
    <time>2020-07-22T02:07:15Z</time>
   </trkpt>
   <trkpt lat="47.4633680" lon="-122.1186920">
    <ele>40.1</ele>
    <time>2020-07-22T02:07:16Z</time>
   </trkpt>
   <trkpt lat="47.4633600" lon="-122.1186360">
    <ele>40.2</ele>
    <time>2020-07-22T02:07:17Z</time>
   </trkpt>
   <trkpt lat="47.4633580" lon="-122.1185810">
    <ele>40.2</ele>
    <time>2020-07-22T02:07:18Z</time>
   </trkpt>
   <trkpt lat="47.4633590" lon="-122.1185190">
    <ele>40.3</ele>
    <time>2020-07-22T02:07:19Z</time>
   </trkpt>
   <trkpt lat="47.4633500" lon="-122.1184610">
    <ele>40.3</ele>
    <time>2020-07-22T02:07:20Z</time>
   </trkpt>
   <trkpt lat="47.4633520" lon="-122.1183950">
    <ele>40.3</ele>
    <time>2020-07-22T02:07:21Z</time>
   </trkpt>
   <trkpt lat="47.4633580" lon="-122.1183410">
    <ele>40.3</ele>
    <time>2020-07-22T02:07:22Z</time>
   </trkpt>
   <trkpt lat="47.4633580" lon="-122.1182910">
    <ele>40.3</ele>
    <time>2020-07-22T02:07:23Z</time>
   </trkpt>
   <trkpt lat="47.4633620" lon="-122.1182420">
    <ele>40.3</ele>
    <time>2020-07-22T02:07:24Z</time>
   </trkpt>
   <trkpt lat="47.4633590" lon="-122.1182160">
    <ele>40.3</ele>
    <time>2020-07-22T02:07:25Z</time>
   </trkpt>
   <trkpt lat="47.4633570" lon="-122.1181480">
    <ele>40.3</ele>
    <time>2020-07-22T02:07:26Z</time>
   </trkpt>
   <trkpt lat="47.4633600" lon="-122.1180980">
    <ele>40.3</ele>
    <time>2020-07-22T02:07:27Z</time>
   </trkpt>
   <trkpt lat="47.4633620" lon="-122.1180490">
    <ele>40.3</ele>
    <time>2020-07-22T02:07:28Z</time>
   </trkpt>
   <trkpt lat="47.4633630" lon="-122.1179830">
    <ele>40.3</ele>
    <time>2020-07-22T02:07:29Z</time>
   </trkpt>
   <trkpt lat="47.4633640" lon="-122.1179530">
    <ele>40.3</ele>
    <time>2020-07-22T02:07:30Z</time>
   </trkpt>
   <trkpt lat="47.4633600" lon="-122.1179090">
    <ele>40.3</ele>
    <time>2020-07-22T02:07:31Z</time>
   </trkpt>
   <trkpt lat="47.4633600" lon="-122.1178560">
    <ele>40.4</ele>
    <time>2020-07-22T02:07:32Z</time>
   </trkpt>
   <trkpt lat="47.4633680" lon="-122.1177940">
    <ele>40.4</ele>
    <time>2020-07-22T02:07:33Z</time>
   </trkpt>
   <trkpt lat="47.4633570" lon="-122.1177370">
    <ele>40.4</ele>
    <time>2020-07-22T02:07:34Z</time>
   </trkpt>
   <trkpt lat="47.4633600" lon="-122.1176770">
    <ele>40.4</ele>
    <time>2020-07-22T02:07:35Z</time>
   </trkpt>
   <trkpt lat="47.4633620" lon="-122.1176210">
    <ele>40.4</ele>
    <time>2020-07-22T02:07:36Z</time>
   </trkpt>
   <trkpt lat="47.4633630" lon="-122.1176000">
    <ele>40.4</ele>
    <time>2020-07-22T02:07:37Z</time>
   </trkpt>
   <trkpt lat="47.4633580" lon="-122.1175800">
    <ele>40.4</ele>
    <time>2020-07-22T02:07:38Z</time>
   </trkpt>
   <trkpt lat="47.4633640" lon="-122.1175650">
    <ele>40.4</ele>
    <time>2020-07-22T02:07:39Z</time>
   </trkpt>
   <trkpt lat="47.4633630" lon="-122.1175550">
    <ele>40.4</ele>
    <time>2020-07-22T02:07:40Z</time>
   </trkpt>
   <trkpt lat="47.4633670" lon="-122.1175490">
    <ele>40.4</ele>
    <time>2020-07-22T02:07:41Z</time>
   </trkpt>
   <trkpt lat="47.4633730" lon="-122.1175710">
    <ele>40.4</ele>
    <time>2020-07-22T02:07:42Z</time>
   </trkpt>
   <trkpt lat="47.4633740" lon="-122.1175780">
    <ele>40.4</ele>
    <time>2020-07-22T02:07:43Z</time>
   </trkpt>
   <trkpt lat="47.4633840" lon="-122.1175200">
    <ele>40.4</ele>
    <time>2020-07-22T02:08:18Z</time>
   </trkpt>
   <trkpt lat="47.4633820" lon="-122.1174990">
    <ele>40.4</ele>
    <time>2020-07-22T02:08:19Z</time>
   </trkpt>
   <trkpt lat="47.4633590" lon="-122.1174720">
    <ele>40.4</ele>
    <time>2020-07-22T02:08:20Z</time>
   </trkpt>
   <trkpt lat="47.4633330" lon="-122.1174200">
    <ele>40.4</ele>
    <time>2020-07-22T02:08:21Z</time>
   </trkpt>
   <trkpt lat="47.4633300" lon="-122.1173610">
    <ele>40.5</ele>
    <time>2020-07-22T02:08:22Z</time>
   </trkpt>
   <trkpt lat="47.4633290" lon="-122.1173120">
    <ele>40.5</ele>
    <time>2020-07-22T02:08:23Z</time>
   </trkpt>
   <trkpt lat="47.4633230" lon="-122.1172630">
    <ele>40.5</ele>
    <time>2020-07-22T02:08:24Z</time>
   </trkpt>
   <trkpt lat="47.4633320" lon="-122.1171890">
    <ele>40.5</ele>
    <time>2020-07-22T02:08:25Z</time>
   </trkpt>
   <trkpt lat="47.4633450" lon="-122.1171300">
    <ele>40.6</ele>
    <time>2020-07-22T02:08:26Z</time>
   </trkpt>
   <trkpt lat="47.4633360" lon="-122.1170860">
    <ele>40.6</ele>
    <time>2020-07-22T02:08:27Z</time>
   </trkpt>
   <trkpt lat="47.4633380" lon="-122.1170390">
    <ele>40.6</ele>
    <time>2020-07-22T02:08:28Z</time>
   </trkpt>
   <trkpt lat="47.4633390" lon="-122.1169750">
    <ele>40.6</ele>
    <time>2020-07-22T02:08:29Z</time>
   </trkpt>
   <trkpt lat="47.4633380" lon="-122.1169320">
    <ele>40.7</ele>
    <time>2020-07-22T02:08:30Z</time>
   </trkpt>
   <trkpt lat="47.4633430" lon="-122.1168790">
    <ele>40.7</ele>
    <time>2020-07-22T02:08:31Z</time>
   </trkpt>
   <trkpt lat="47.4633300" lon="-122.1168170">
    <ele>40.7</ele>
    <time>2020-07-22T02:08:32Z</time>
   </trkpt>
   <trkpt lat="47.4633290" lon="-122.1167820">
    <ele>40.7</ele>
    <time>2020-07-22T02:08:33Z</time>
   </trkpt>
   <trkpt lat="47.4633390" lon="-122.1167280">
    <ele>40.7</ele>
    <time>2020-07-22T02:08:34Z</time>
   </trkpt>
   <trkpt lat="47.4633360" lon="-122.1166860">
    <ele>40.7</ele>
    <time>2020-07-22T02:08:35Z</time>
   </trkpt>
   <trkpt lat="47.4633450" lon="-122.1166260">
    <ele>40.7</ele>
    <time>2020-07-22T02:08:36Z</time>
   </trkpt>
   <trkpt lat="47.4633450" lon="-122.1165810">
    <ele>40.8</ele>
    <time>2020-07-22T02:08:37Z</time>
   </trkpt>
   <trkpt lat="47.4633310" lon="-122.1165330">
    <ele>40.8</ele>
    <time>2020-07-22T02:08:38Z</time>
   </trkpt>
   <trkpt lat="47.4633390" lon="-122.1164530">
    <ele>40.8</ele>
    <time>2020-07-22T02:08:39Z</time>
   </trkpt>
   <trkpt lat="47.4633430" lon="-122.1164010">
    <ele>40.8</ele>
    <time>2020-07-22T02:08:40Z</time>
   </trkpt>
   <trkpt lat="47.4633420" lon="-122.1163410">
    <ele>40.9</ele>
    <time>2020-07-22T02:08:41Z</time>
   </trkpt>
   <trkpt lat="47.4633400" lon="-122.1162960">
    <ele>40.9</ele>
    <time>2020-07-22T02:08:42Z</time>
   </trkpt>
   <trkpt lat="47.4633400" lon="-122.1162500">
    <ele>40.9</ele>
    <time>2020-07-22T02:08:43Z</time>
   </trkpt>
   <trkpt lat="47.4633350" lon="-122.1161910">
    <ele>40.9</ele>
    <time>2020-07-22T02:08:44Z</time>
   </trkpt>
   <trkpt lat="47.4633320" lon="-122.1161350">
    <ele>40.9</ele>
    <time>2020-07-22T02:08:45Z</time>
   </trkpt>
   <trkpt lat="47.4633330" lon="-122.1161130">
    <ele>40.9</ele>
    <time>2020-07-22T02:08:46Z</time>
   </trkpt>
   <trkpt lat="47.4633530" lon="-122.1160480">
    <ele>40.9</ele>
    <time>2020-07-22T02:08:47Z</time>
   </trkpt>
   <trkpt lat="47.4633590" lon="-122.1159920">
    <ele>40.8</ele>
    <time>2020-07-22T02:08:48Z</time>
   </trkpt>
   <trkpt lat="47.4633710" lon="-122.1159410">
    <ele>40.8</ele>
    <time>2020-07-22T02:08:49Z</time>
   </trkpt>
   <trkpt lat="47.4633790" lon="-122.1158710">
    <ele>40.8</ele>
    <time>2020-07-22T02:08:50Z</time>
   </trkpt>
   <trkpt lat="47.4633950" lon="-122.1158240">
    <ele>40.8</ele>
    <time>2020-07-22T02:08:51Z</time>
   </trkpt>
   <trkpt lat="47.4633990" lon="-122.1158040">
    <ele>40.8</ele>
    <time>2020-07-22T02:08:52Z</time>
   </trkpt>
   <trkpt lat="47.4633980" lon="-122.1157380">
    <ele>40.8</ele>
    <time>2020-07-22T02:08:53Z</time>
   </trkpt>
   <trkpt lat="47.4633860" lon="-122.1156820">
    <ele>40.8</ele>
    <time>2020-07-22T02:08:54Z</time>
   </trkpt>
   <trkpt lat="47.4633740" lon="-122.1156240">
    <ele>40.8</ele>
    <time>2020-07-22T02:08:55Z</time>
   </trkpt>
   <trkpt lat="47.4633700" lon="-122.1155840">
    <ele>40.8</ele>
    <time>2020-07-22T02:08:56Z</time>
   </trkpt>
   <trkpt lat="47.4633870" lon="-122.1155290">
    <ele>40.8</ele>
    <time>2020-07-22T02:08:57Z</time>
   </trkpt>
   <trkpt lat="47.4633800" lon="-122.1154790">
    <ele>40.8</ele>
    <time>2020-07-22T02:08:58Z</time>
   </trkpt>
   <trkpt lat="47.4633660" lon="-122.1154160">
    <ele>40.8</ele>
    <time>2020-07-22T02:08:59Z</time>
   </trkpt>
   <trkpt lat="47.4633590" lon="-122.1153460">
    <ele>40.8</ele>
    <time>2020-07-22T02:09:00Z</time>
   </trkpt>
   <trkpt lat="47.4633410" lon="-122.1152920">
    <ele>40.8</ele>
    <time>2020-07-22T02:09:01Z</time>
   </trkpt>
   <trkpt lat="47.4633430" lon="-122.1152490">
    <ele>40.8</ele>
    <time>2020-07-22T02:09:02Z</time>
   </trkpt>
   <trkpt lat="47.4633490" lon="-122.1151870">
    <ele>40.9</ele>
    <time>2020-07-22T02:09:03Z</time>
   </trkpt>
   <trkpt lat="47.4633510" lon="-122.1151230">
    <ele>40.9</ele>
    <time>2020-07-22T02:09:04Z</time>
   </trkpt>
   <trkpt lat="47.4633710" lon="-122.1150760">
    <ele>40.9</ele>
    <time>2020-07-22T02:09:05Z</time>
   </trkpt>
   <trkpt lat="47.4633640" lon="-122.1150290">
    <ele>41.0</ele>
    <time>2020-07-22T02:09:06Z</time>
   </trkpt>
   <trkpt lat="47.4633610" lon="-122.1149650">
    <ele>41.0</ele>
    <time>2020-07-22T02:09:07Z</time>
   </trkpt>
   <trkpt lat="47.4633610" lon="-122.1149130">
    <ele>41.0</ele>
    <time>2020-07-22T02:09:08Z</time>
   </trkpt>
   <trkpt lat="47.4633500" lon="-122.1148530">
    <ele>41.1</ele>
    <time>2020-07-22T02:09:09Z</time>
   </trkpt>
   <trkpt lat="47.4633560" lon="-122.1148100">
    <ele>41.1</ele>
    <time>2020-07-22T02:09:10Z</time>
   </trkpt>
   <trkpt lat="47.4633560" lon="-122.1147610">
    <ele>41.2</ele>
    <time>2020-07-22T02:09:11Z</time>
   </trkpt>
   <trkpt lat="47.4633440" lon="-122.1147060">
    <ele>41.3</ele>
    <time>2020-07-22T02:09:12Z</time>
   </trkpt>
   <trkpt lat="47.4633580" lon="-122.1146460">
    <ele>41.4</ele>
    <time>2020-07-22T02:09:13Z</time>
   </trkpt>
   <trkpt lat="47.4633450" lon="-122.1145930">
    <ele>41.5</ele>
    <time>2020-07-22T02:09:14Z</time>
   </trkpt>
   <trkpt lat="47.4633590" lon="-122.1145400">
    <ele>41.6</ele>
    <time>2020-07-22T02:09:15Z</time>
   </trkpt>
   <trkpt lat="47.4633490" lon="-122.1144810">
    <ele>41.7</ele>
    <time>2020-07-22T02:09:16Z</time>
   </trkpt>
   <trkpt lat="47.4633430" lon="-122.1144020">
    <ele>41.7</ele>
    <time>2020-07-22T02:09:17Z</time>
   </trkpt>
   <trkpt lat="47.4633370" lon="-122.1143460">
    <ele>41.8</ele>
    <time>2020-07-22T02:09:18Z</time>
   </trkpt>
   <trkpt lat="47.4633260" lon="-122.1143010">
    <ele>41.8</ele>
    <time>2020-07-22T02:09:19Z</time>
   </trkpt>
   <trkpt lat="47.4633280" lon="-122.1142410">
    <ele>41.9</ele>
    <time>2020-07-22T02:09:20Z</time>
   </trkpt>
   <trkpt lat="47.4633140" lon="-122.1141960">
    <ele>42.0</ele>
    <time>2020-07-22T02:09:21Z</time>
   </trkpt>
   <trkpt lat="47.4633070" lon="-122.1141240">
    <ele>42.0</ele>
    <time>2020-07-22T02:09:22Z</time>
   </trkpt>
   <trkpt lat="47.4633100" lon="-122.1140730">
    <ele>42.1</ele>
    <time>2020-07-22T02:09:23Z</time>
   </trkpt>
   <trkpt lat="47.4633110" lon="-122.1140230">
    <ele>42.1</ele>
    <time>2020-07-22T02:09:24Z</time>
   </trkpt>
   <trkpt lat="47.4633190" lon="-122.1139730">
    <ele>42.2</ele>
    <time>2020-07-22T02:09:25Z</time>
   </trkpt>
   <trkpt lat="47.4633120" lon="-122.1139140">
    <ele>42.3</ele>
    <time>2020-07-22T02:09:26Z</time>
   </trkpt>
   <trkpt lat="47.4632950" lon="-122.1138440">
    <ele>42.4</ele>
    <time>2020-07-22T02:09:27Z</time>
   </trkpt>
   <trkpt lat="47.4632920" lon="-122.1137920">
    <ele>42.5</ele>
    <time>2020-07-22T02:09:28Z</time>
   </trkpt>
   <trkpt lat="47.4632920" lon="-122.1137450">
    <ele>42.5</ele>
    <time>2020-07-22T02:09:29Z</time>
   </trkpt>
   <trkpt lat="47.4632980" lon="-122.1136860">
    <ele>42.6</ele>
    <time>2020-07-22T02:09:30Z</time>
   </trkpt>
   <trkpt lat="47.4633060" lon="-122.1136450">
    <ele>42.6</ele>
    <time>2020-07-22T02:09:31Z</time>
   </trkpt>
   <trkpt lat="47.4633040" lon="-122.1135710">
    <ele>42.7</ele>
    <time>2020-07-22T02:09:32Z</time>
   </trkpt>
   <trkpt lat="47.4633000" lon="-122.1135180">
    <ele>42.7</ele>
    <time>2020-07-22T02:09:33Z</time>
   </trkpt>
   <trkpt lat="47.4633000" lon="-122.1134730">
    <ele>42.7</ele>
    <time>2020-07-22T02:09:34Z</time>
   </trkpt>
   <trkpt lat="47.4633090" lon="-122.1134060">
    <ele>42.7</ele>
    <time>2020-07-22T02:09:35Z</time>
   </trkpt>
   <trkpt lat="47.4632950" lon="-122.1133640">
    <ele>42.7</ele>
    <time>2020-07-22T02:09:36Z</time>
   </trkpt>
   <trkpt lat="47.4633130" lon="-122.1132940">
    <ele>42.7</ele>
    <time>2020-07-22T02:09:37Z</time>
   </trkpt>
   <trkpt lat="47.4633060" lon="-122.1132350">
    <ele>42.7</ele>
    <time>2020-07-22T02:09:38Z</time>
   </trkpt>
   <trkpt lat="47.4633000" lon="-122.1131820">
    <ele>42.7</ele>
    <time>2020-07-22T02:09:39Z</time>
   </trkpt>
   <trkpt lat="47.4632960" lon="-122.1131380">
    <ele>42.7</ele>
    <time>2020-07-22T02:09:40Z</time>
   </trkpt>
   <trkpt lat="47.4632870" lon="-122.1130890">
    <ele>42.8</ele>
    <time>2020-07-22T02:09:41Z</time>
   </trkpt>
   <trkpt lat="47.4632920" lon="-122.1130200">
    <ele>42.8</ele>
    <time>2020-07-22T02:09:42Z</time>
   </trkpt>
   <trkpt lat="47.4633010" lon="-122.1129750">
    <ele>42.8</ele>
    <time>2020-07-22T02:09:43Z</time>
   </trkpt>
   <trkpt lat="47.4632920" lon="-122.1129250">
    <ele>42.8</ele>
    <time>2020-07-22T02:09:44Z</time>
   </trkpt>
   <trkpt lat="47.4633060" lon="-122.1128800">
    <ele>42.8</ele>
    <time>2020-07-22T02:09:45Z</time>
   </trkpt>
   <trkpt lat="47.4633080" lon="-122.1128400">
    <ele>42.8</ele>
    <time>2020-07-22T02:09:46Z</time>
   </trkpt>
   <trkpt lat="47.4633150" lon="-122.1127940">
    <ele>42.8</ele>
    <time>2020-07-22T02:09:47Z</time>
   </trkpt>
   <trkpt lat="47.4633140" lon="-122.1127370">
    <ele>42.8</ele>
    <time>2020-07-22T02:09:48Z</time>
   </trkpt>
   <trkpt lat="47.4633180" lon="-122.1126710">
    <ele>42.8</ele>
    <time>2020-07-22T02:09:49Z</time>
   </trkpt>
   <trkpt lat="47.4633200" lon="-122.1126380">
    <ele>42.8</ele>
    <time>2020-07-22T02:09:50Z</time>
   </trkpt>
   <trkpt lat="47.4633090" lon="-122.1125920">
    <ele>42.8</ele>
    <time>2020-07-22T02:09:51Z</time>
   </trkpt>
   <trkpt lat="47.4633020" lon="-122.1125290">
    <ele>42.8</ele>
    <time>2020-07-22T02:09:52Z</time>
   </trkpt>
   <trkpt lat="47.4632960" lon="-122.1124870">
    <ele>42.8</ele>
    <time>2020-07-22T02:09:53Z</time>
   </trkpt>
   <trkpt lat="47.4632860" lon="-122.1124380">
    <ele>42.8</ele>
    <time>2020-07-22T02:09:54Z</time>
   </trkpt>
   <trkpt lat="47.4632750" lon="-122.1123770">
    <ele>42.8</ele>
    <time>2020-07-22T02:09:55Z</time>
   </trkpt>
   <trkpt lat="47.4632870" lon="-122.1123350">
    <ele>42.8</ele>
    <time>2020-07-22T02:09:56Z</time>
   </trkpt>
   <trkpt lat="47.4632890" lon="-122.1122810">
    <ele>42.9</ele>
    <time>2020-07-22T02:09:57Z</time>
   </trkpt>
   <trkpt lat="47.4632930" lon="-122.1122280">
    <ele>42.9</ele>
    <time>2020-07-22T02:09:58Z</time>
   </trkpt>
   <trkpt lat="47.4632920" lon="-122.1121790">
    <ele>42.9</ele>
    <time>2020-07-22T02:09:59Z</time>
   </trkpt>
   <trkpt lat="47.4633040" lon="-122.1121280">
    <ele>43.0</ele>
    <time>2020-07-22T02:10:00Z</time>
   </trkpt>
   <trkpt lat="47.4632990" lon="-122.1120660">
    <ele>43.0</ele>
    <time>2020-07-22T02:10:01Z</time>
   </trkpt>
   <trkpt lat="47.4633000" lon="-122.1120130">
    <ele>43.1</ele>
    <time>2020-07-22T02:10:02Z</time>
   </trkpt>
   <trkpt lat="47.4632930" lon="-122.1119550">
    <ele>43.1</ele>
    <time>2020-07-22T02:10:03Z</time>
   </trkpt>
   <trkpt lat="47.4632890" lon="-122.1119070">
    <ele>43.2</ele>
    <time>2020-07-22T02:10:04Z</time>
   </trkpt>
   <trkpt lat="47.4632940" lon="-122.1118610">
    <ele>43.2</ele>
    <time>2020-07-22T02:10:05Z</time>
   </trkpt>
   <trkpt lat="47.4632990" lon="-122.1118150">
    <ele>43.2</ele>
    <time>2020-07-22T02:10:06Z</time>
   </trkpt>
   <trkpt lat="47.4632880" lon="-122.1117750">
    <ele>43.3</ele>
    <time>2020-07-22T02:10:07Z</time>
   </trkpt>
   <trkpt lat="47.4632950" lon="-122.1117130">
    <ele>43.3</ele>
    <time>2020-07-22T02:10:08Z</time>
   </trkpt>
   <trkpt lat="47.4632990" lon="-122.1116900">
    <ele>43.3</ele>
    <time>2020-07-22T02:10:09Z</time>
   </trkpt>
   <trkpt lat="47.4632880" lon="-122.1116310">
    <ele>43.3</ele>
    <time>2020-07-22T02:10:10Z</time>
   </trkpt>
   <trkpt lat="47.4632800" lon="-122.1116060">
    <ele>43.3</ele>
    <time>2020-07-22T02:10:11Z</time>
   </trkpt>
   <trkpt lat="47.4632660" lon="-122.1115530">
    <ele>43.3</ele>
    <time>2020-07-22T02:10:12Z</time>
   </trkpt>
   <trkpt lat="47.4632750" lon="-122.1114860">
    <ele>43.4</ele>
    <time>2020-07-22T02:10:13Z</time>
   </trkpt>
   <trkpt lat="47.4632790" lon="-122.1114280">
    <ele>43.4</ele>
    <time>2020-07-22T02:10:14Z</time>
   </trkpt>
   <trkpt lat="47.4632700" lon="-122.1113720">
    <ele>43.4</ele>
    <time>2020-07-22T02:10:15Z</time>
   </trkpt>
   <trkpt lat="47.4632720" lon="-122.1113270">
    <ele>43.4</ele>
    <time>2020-07-22T02:10:16Z</time>
   </trkpt>
   <trkpt lat="47.4632610" lon="-122.1112810">
    <ele>43.4</ele>
    <time>2020-07-22T02:10:17Z</time>
   </trkpt>
   <trkpt lat="47.4632590" lon="-122.1112250">
    <ele>43.4</ele>
    <time>2020-07-22T02:10:18Z</time>
   </trkpt>
   <trkpt lat="47.4632780" lon="-122.1111750">
    <ele>43.4</ele>
    <time>2020-07-22T02:10:19Z</time>
   </trkpt>
   <trkpt lat="47.4632800" lon="-122.1111190">
    <ele>43.4</ele>
    <time>2020-07-22T02:10:20Z</time>
   </trkpt>
   <trkpt lat="47.4632870" lon="-122.1110790">
    <ele>43.3</ele>
    <time>2020-07-22T02:10:21Z</time>
   </trkpt>
   <trkpt lat="47.4632810" lon="-122.1110270">
    <ele>43.3</ele>
    <time>2020-07-22T02:10:22Z</time>
   </trkpt>
   <trkpt lat="47.4632620" lon="-122.1109750">
    <ele>43.3</ele>
    <time>2020-07-22T02:10:23Z</time>
   </trkpt>
   <trkpt lat="47.4632650" lon="-122.1109210">
    <ele>43.3</ele>
    <time>2020-07-22T02:10:24Z</time>
   </trkpt>
   <trkpt lat="47.4632720" lon="-122.1108780">
    <ele>43.3</ele>
    <time>2020-07-22T02:10:25Z</time>
   </trkpt>
   <trkpt lat="47.4632780" lon="-122.1108170">
    <ele>43.3</ele>
    <time>2020-07-22T02:10:26Z</time>
   </trkpt>
   <trkpt lat="47.4632710" lon="-122.1107630">
    <ele>43.3</ele>
    <time>2020-07-22T02:10:27Z</time>
   </trkpt>
   <trkpt lat="47.4632730" lon="-122.1107190">
    <ele>43.4</ele>
    <time>2020-07-22T02:10:28Z</time>
   </trkpt>
   <trkpt lat="47.4632730" lon="-122.1106610">
    <ele>43.4</ele>
    <time>2020-07-22T02:10:29Z</time>
   </trkpt>
   <trkpt lat="47.4632740" lon="-122.1106080">
    <ele>43.4</ele>
    <time>2020-07-22T02:10:30Z</time>
   </trkpt>
   <trkpt lat="47.4632780" lon="-122.1105530">
    <ele>43.4</ele>
    <time>2020-07-22T02:10:31Z</time>
   </trkpt>
   <trkpt lat="47.4632690" lon="-122.1105100">
    <ele>43.4</ele>
    <time>2020-07-22T02:10:32Z</time>
   </trkpt>
   <trkpt lat="47.4632850" lon="-122.1104560">
    <ele>43.4</ele>
    <time>2020-07-22T02:10:33Z</time>
   </trkpt>
   <trkpt lat="47.4632840" lon="-122.1104030">
    <ele>43.4</ele>
    <time>2020-07-22T02:10:34Z</time>
   </trkpt>
   <trkpt lat="47.4632740" lon="-122.1103590">
    <ele>43.4</ele>
    <time>2020-07-22T02:10:35Z</time>
   </trkpt>
   <trkpt lat="47.4632860" lon="-122.1103110">
    <ele>43.4</ele>
    <time>2020-07-22T02:10:36Z</time>
   </trkpt>
   <trkpt lat="47.4632720" lon="-122.1102530">
    <ele>43.5</ele>
    <time>2020-07-22T02:10:37Z</time>
   </trkpt>
   <trkpt lat="47.4632650" lon="-122.1102000">
    <ele>43.5</ele>
    <time>2020-07-22T02:10:38Z</time>
   </trkpt>
   <trkpt lat="47.4632710" lon="-122.1101470">
    <ele>43.5</ele>
    <time>2020-07-22T02:10:39Z</time>
   </trkpt>
   <trkpt lat="47.4632730" lon="-122.1100820">
    <ele>43.5</ele>
    <time>2020-07-22T02:10:40Z</time>
   </trkpt>
   <trkpt lat="47.4632710" lon="-122.1100260">
    <ele>43.5</ele>
    <time>2020-07-22T02:10:41Z</time>
   </trkpt>
   <trkpt lat="47.4632680" lon="-122.1099700">
    <ele>43.6</ele>
    <time>2020-07-22T02:10:42Z</time>
   </trkpt>
   <trkpt lat="47.4632790" lon="-122.1099170">
    <ele>43.6</ele>
    <time>2020-07-22T02:10:43Z</time>
   </trkpt>
   <trkpt lat="47.4632670" lon="-122.1098610">
    <ele>43.6</ele>
    <time>2020-07-22T02:10:44Z</time>
   </trkpt>
   <trkpt lat="47.4632690" lon="-122.1098210">
    <ele>43.6</ele>
    <time>2020-07-22T02:10:45Z</time>
   </trkpt>
   <trkpt lat="47.4632670" lon="-122.1097720">
    <ele>43.6</ele>
    <time>2020-07-22T02:10:46Z</time>
   </trkpt>
   <trkpt lat="47.4632630" lon="-122.1097170">
    <ele>43.6</ele>
    <time>2020-07-22T02:10:47Z</time>
   </trkpt>
   <trkpt lat="47.4632650" lon="-122.1096630">
    <ele>43.7</ele>
    <time>2020-07-22T02:10:48Z</time>
   </trkpt>
   <trkpt lat="47.4632630" lon="-122.1096070">
    <ele>43.7</ele>
    <time>2020-07-22T02:10:49Z</time>
   </trkpt>
   <trkpt lat="47.4632650" lon="-122.1095520">
    <ele>43.7</ele>
    <time>2020-07-22T02:10:50Z</time>
   </trkpt>
   <trkpt lat="47.4632660" lon="-122.1095020">
    <ele>43.7</ele>
    <time>2020-07-22T02:10:51Z</time>
   </trkpt>
   <trkpt lat="47.4632580" lon="-122.1094540">
    <ele>43.8</ele>
    <time>2020-07-22T02:10:52Z</time>
   </trkpt>
   <trkpt lat="47.4632700" lon="-122.1093980">
    <ele>43.8</ele>
    <time>2020-07-22T02:10:53Z</time>
   </trkpt>
   <trkpt lat="47.4632700" lon="-122.1093450">
    <ele>43.8</ele>
    <time>2020-07-22T02:10:54Z</time>
   </trkpt>
   <trkpt lat="47.4632690" lon="-122.1092950">
    <ele>43.9</ele>
    <time>2020-07-22T02:10:55Z</time>
   </trkpt>
   <trkpt lat="47.4632650" lon="-122.1091890">
    <ele>44.0</ele>
    <time>2020-07-22T02:10:56Z</time>
   </trkpt>
   <trkpt lat="47.4632600" lon="-122.1091190">
    <ele>44.0</ele>
    <time>2020-07-22T02:10:57Z</time>
   </trkpt>
   <trkpt lat="47.4632600" lon="-122.1090680">
    <ele>44.0</ele>
    <time>2020-07-22T02:10:58Z</time>
   </trkpt>
   <trkpt lat="47.4632610" lon="-122.1090130">
    <ele>44.1</ele>
    <time>2020-07-22T02:10:59Z</time>
   </trkpt>
   <trkpt lat="47.4632570" lon="-122.1089630">
    <ele>44.1</ele>
    <time>2020-07-22T02:11:01Z</time>
   </trkpt>
   <trkpt lat="47.4632420" lon="-122.1089170">
    <ele>44.1</ele>
    <time>2020-07-22T02:11:02Z</time>
   </trkpt>
   <trkpt lat="47.4632440" lon="-122.1088630">
    <ele>44.2</ele>
    <time>2020-07-22T02:11:03Z</time>
   </trkpt>
   <trkpt lat="47.4632440" lon="-122.1087960">
    <ele>44.2</ele>
    <time>2020-07-22T02:11:04Z</time>
   </trkpt>
   <trkpt lat="47.4632510" lon="-122.1087450">
    <ele>44.2</ele>
    <time>2020-07-22T02:11:05Z</time>
   </trkpt>
   <trkpt lat="47.4632540" lon="-122.1086880">
    <ele>44.2</ele>
    <time>2020-07-22T02:11:06Z</time>
   </trkpt>
   <trkpt lat="47.4632480" lon="-122.1086430">
    <ele>44.3</ele>
    <time>2020-07-22T02:11:07Z</time>
   </trkpt>
   <trkpt lat="47.4632770" lon="-122.1085910">
    <ele>44.3</ele>
    <time>2020-07-22T02:11:08Z</time>
   </trkpt>
   <trkpt lat="47.4632690" lon="-122.1085480">
    <ele>44.3</ele>
    <time>2020-07-22T02:11:09Z</time>
   </trkpt>
   <trkpt lat="47.4632670" lon="-122.1084980">
    <ele>44.4</ele>
    <time>2020-07-22T02:11:10Z</time>
   </trkpt>
   <trkpt lat="47.4632660" lon="-122.1084530">
    <ele>44.4</ele>
    <time>2020-07-22T02:11:11Z</time>
   </trkpt>
   <trkpt lat="47.4632710" lon="-122.1083980">
    <ele>44.4</ele>
    <time>2020-07-22T02:11:12Z</time>
   </trkpt>
   <trkpt lat="47.4632790" lon="-122.1083430">
    <ele>44.5</ele>
    <time>2020-07-22T02:11:13Z</time>
   </trkpt>
   <trkpt lat="47.4632770" lon="-122.1082990">
    <ele>44.5</ele>
    <time>2020-07-22T02:11:14Z</time>
   </trkpt>
   <trkpt lat="47.4632810" lon="-122.1082380">
    <ele>44.6</ele>
    <time>2020-07-22T02:11:15Z</time>
   </trkpt>
   <trkpt lat="47.4632840" lon="-122.1081960">
    <ele>44.6</ele>
    <time>2020-07-22T02:11:16Z</time>
   </trkpt>
   <trkpt lat="47.4632720" lon="-122.1081450">
    <ele>44.7</ele>
    <time>2020-07-22T02:11:17Z</time>
   </trkpt>
   <trkpt lat="47.4632910" lon="-122.1081030">
    <ele>44.8</ele>
    <time>2020-07-22T02:11:18Z</time>
   </trkpt>
   <trkpt lat="47.4632940" lon="-122.1080620">
    <ele>44.8</ele>
    <time>2020-07-22T02:11:19Z</time>
   </trkpt>
   <trkpt lat="47.4633000" lon="-122.1079960">
    <ele>44.9</ele>
    <time>2020-07-22T02:11:20Z</time>
   </trkpt>
   <trkpt lat="47.4632890" lon="-122.1079530">
    <ele>44.9</ele>
    <time>2020-07-22T02:11:21Z</time>
   </trkpt>
   <trkpt lat="47.4632760" lon="-122.1078970">
    <ele>44.9</ele>
    <time>2020-07-22T02:11:22Z</time>
   </trkpt>
   <trkpt lat="47.4632740" lon="-122.1078390">
    <ele>44.9</ele>
    <time>2020-07-22T02:11:23Z</time>
   </trkpt>
   <trkpt lat="47.4632780" lon="-122.1078150">
    <ele>44.9</ele>
    <time>2020-07-22T02:11:24Z</time>
   </trkpt>
   <trkpt lat="47.4632790" lon="-122.1077550">
    <ele>44.9</ele>
    <time>2020-07-22T02:11:25Z</time>
   </trkpt>
   <trkpt lat="47.4632900" lon="-122.1077130">
    <ele>44.9</ele>
    <time>2020-07-22T02:11:26Z</time>
   </trkpt>
   <trkpt lat="47.4632820" lon="-122.1076510">
    <ele>44.9</ele>
    <time>2020-07-22T02:11:27Z</time>
   </trkpt>
   <trkpt lat="47.4632750" lon="-122.1076060">
    <ele>44.9</ele>
    <time>2020-07-22T02:11:28Z</time>
   </trkpt>
   <trkpt lat="47.4632700" lon="-122.1075610">
    <ele>44.9</ele>
    <time>2020-07-22T02:11:29Z</time>
   </trkpt>
   <trkpt lat="47.4632790" lon="-122.1075000">
    <ele>44.9</ele>
    <time>2020-07-22T02:11:30Z</time>
   </trkpt>
   <trkpt lat="47.4632830" lon="-122.1074470">
    <ele>44.9</ele>
    <time>2020-07-22T02:11:31Z</time>
   </trkpt>
   <trkpt lat="47.4632760" lon="-122.1073950">
    <ele>44.9</ele>
    <time>2020-07-22T02:11:32Z</time>
   </trkpt>
   <trkpt lat="47.4632720" lon="-122.1073490">
    <ele>45.0</ele>
    <time>2020-07-22T02:11:33Z</time>
   </trkpt>
   <trkpt lat="47.4632710" lon="-122.1073020">
    <ele>45.0</ele>
    <time>2020-07-22T02:11:34Z</time>
   </trkpt>
   <trkpt lat="47.4632720" lon="-122.1072430">
    <ele>45.0</ele>
    <time>2020-07-22T02:11:35Z</time>
   </trkpt>
   <trkpt lat="47.4632730" lon="-122.1072170">
    <ele>45.1</ele>
    <time>2020-07-22T02:11:36Z</time>
   </trkpt>
   <trkpt lat="47.4632800" lon="-122.1071700">
    <ele>45.1</ele>
    <time>2020-07-22T02:11:37Z</time>
   </trkpt>
   <trkpt lat="47.4632900" lon="-122.1071150">
    <ele>45.1</ele>
    <time>2020-07-22T02:11:38Z</time>
   </trkpt>
   <trkpt lat="47.4632790" lon="-122.1070660">
    <ele>45.2</ele>
    <time>2020-07-22T02:11:39Z</time>
   </trkpt>
   <trkpt lat="47.4632780" lon="-122.1070190">
    <ele>45.2</ele>
    <time>2020-07-22T02:11:40Z</time>
   </trkpt>
   <trkpt lat="47.4632750" lon="-122.1069750">
    <ele>45.3</ele>
    <time>2020-07-22T02:11:41Z</time>
   </trkpt>
   <trkpt lat="47.4632730" lon="-122.1069170">
    <ele>45.4</ele>
    <time>2020-07-22T02:11:42Z</time>
   </trkpt>
   <trkpt lat="47.4632800" lon="-122.1068540">
    <ele>45.4</ele>
    <time>2020-07-22T02:11:43Z</time>
   </trkpt>
   <trkpt lat="47.4632790" lon="-122.1068070">
    <ele>45.5</ele>
    <time>2020-07-22T02:11:44Z</time>
   </trkpt>
   <trkpt lat="47.4632880" lon="-122.1067600">
    <ele>45.6</ele>
    <time>2020-07-22T02:11:45Z</time>
   </trkpt>
   <trkpt lat="47.4632830" lon="-122.1067110">
    <ele>45.7</ele>
    <time>2020-07-22T02:11:46Z</time>
   </trkpt>
   <trkpt lat="47.4632750" lon="-122.1066670">
    <ele>45.7</ele>
    <time>2020-07-22T02:11:47Z</time>
   </trkpt>
   <trkpt lat="47.4632630" lon="-122.1066200">
    <ele>45.8</ele>
    <time>2020-07-22T02:11:48Z</time>
   </trkpt>
   <trkpt lat="47.4632550" lon="-122.1065740">
    <ele>45.9</ele>
    <time>2020-07-22T02:11:49Z</time>
   </trkpt>
   <trkpt lat="47.4632500" lon="-122.1065140">
    <ele>46.0</ele>
    <time>2020-07-22T02:11:50Z</time>
   </trkpt>
   <trkpt lat="47.4632430" lon="-122.1064680">
    <ele>46.0</ele>
    <time>2020-07-22T02:11:51Z</time>
   </trkpt>
   <trkpt lat="47.4632510" lon="-122.1064160">
    <ele>46.1</ele>
    <time>2020-07-22T02:11:52Z</time>
   </trkpt>
   <trkpt lat="47.4632430" lon="-122.1063720">
    <ele>46.2</ele>
    <time>2020-07-22T02:11:53Z</time>
   </trkpt>
   <trkpt lat="47.4632520" lon="-122.1063570">
    <ele>46.2</ele>
    <time>2020-07-22T02:11:54Z</time>
   </trkpt>
   <trkpt lat="47.4632200" lon="-122.1063000">
    <ele>46.3</ele>
    <time>2020-07-22T02:12:13Z</time>
   </trkpt>
   <trkpt lat="47.4632200" lon="-122.1062980">
    <ele>46.3</ele>
    <time>2020-07-22T02:12:14Z</time>
   </trkpt>
   <trkpt lat="47.4632130" lon="-122.1062560">
    <ele>46.4</ele>
    <time>2020-07-22T02:12:15Z</time>
   </trkpt>
   <trkpt lat="47.4632090" lon="-122.1062080">
    <ele>46.5</ele>
    <time>2020-07-22T02:12:16Z</time>
   </trkpt>
   <trkpt lat="47.4632160" lon="-122.1061590">
    <ele>46.5</ele>
    <time>2020-07-22T02:12:17Z</time>
   </trkpt>
   <trkpt lat="47.4632140" lon="-122.1060980">
    <ele>46.6</ele>
    <time>2020-07-22T02:12:18Z</time>
   </trkpt>
   <trkpt lat="47.4632240" lon="-122.1060440">
    <ele>46.7</ele>
    <time>2020-07-22T02:12:19Z</time>
   </trkpt>
   <trkpt lat="47.4632190" lon="-122.1059900">
    <ele>46.7</ele>
    <time>2020-07-22T02:12:20Z</time>
   </trkpt>
   <trkpt lat="47.4632190" lon="-122.1059290">
    <ele>46.8</ele>
    <time>2020-07-22T02:12:21Z</time>
   </trkpt>
   <trkpt lat="47.4632230" lon="-122.1058740">
    <ele>46.9</ele>
    <time>2020-07-22T02:12:22Z</time>
   </trkpt>
   <trkpt lat="47.4632130" lon="-122.1058280">
    <ele>46.9</ele>
    <time>2020-07-22T02:12:23Z</time>
   </trkpt>
   <trkpt lat="47.4632030" lon="-122.1057870">
    <ele>46.9</ele>
    <time>2020-07-22T02:12:24Z</time>
   </trkpt>
   <trkpt lat="47.4631960" lon="-122.1057420">
    <ele>47.0</ele>
    <time>2020-07-22T02:12:25Z</time>
   </trkpt>
   <trkpt lat="47.4631980" lon="-122.1056740">
    <ele>47.0</ele>
    <time>2020-07-22T02:12:26Z</time>
   </trkpt>
   <trkpt lat="47.4632130" lon="-122.1056340">
    <ele>47.1</ele>
    <time>2020-07-22T02:12:27Z</time>
   </trkpt>
   <trkpt lat="47.4632170" lon="-122.1055900">
    <ele>47.1</ele>
    <time>2020-07-22T02:12:28Z</time>
   </trkpt>
   <trkpt lat="47.4632210" lon="-122.1055420">
    <ele>47.1</ele>
    <time>2020-07-22T02:12:29Z</time>
   </trkpt>
   <trkpt lat="47.4632230" lon="-122.1054800">
    <ele>47.2</ele>
    <time>2020-07-22T02:12:30Z</time>
   </trkpt>
   <trkpt lat="47.4632250" lon="-122.1054290">
    <ele>47.2</ele>
    <time>2020-07-22T02:12:31Z</time>
   </trkpt>
   <trkpt lat="47.4632170" lon="-122.1053770">
    <ele>47.2</ele>
    <time>2020-07-22T02:12:32Z</time>
   </trkpt>
   <trkpt lat="47.4632160" lon="-122.1053340">
    <ele>47.2</ele>
    <time>2020-07-22T02:12:33Z</time>
   </trkpt>
   <trkpt lat="47.4632180" lon="-122.1052850">
    <ele>47.2</ele>
    <time>2020-07-22T02:12:34Z</time>
   </trkpt>
   <trkpt lat="47.4632050" lon="-122.1052380">
    <ele>47.2</ele>
    <time>2020-07-22T02:12:35Z</time>
   </trkpt>
   <trkpt lat="47.4631980" lon="-122.1051860">
    <ele>47.2</ele>
    <time>2020-07-22T02:12:36Z</time>
   </trkpt>
   <trkpt lat="47.4631830" lon="-122.1051060">
    <ele>47.2</ele>
    <time>2020-07-22T02:12:37Z</time>
   </trkpt>
   <trkpt lat="47.4631620" lon="-122.1050570">
    <ele>47.2</ele>
    <time>2020-07-22T02:12:38Z</time>
   </trkpt>
   <trkpt lat="47.4631720" lon="-122.1050040">
    <ele>47.1</ele>
    <time>2020-07-22T02:12:39Z</time>
   </trkpt>
   <trkpt lat="47.4631610" lon="-122.1049640">
    <ele>47.1</ele>
    <time>2020-07-22T02:12:40Z</time>
   </trkpt>
   <trkpt lat="47.4631620" lon="-122.1049090">
    <ele>47.0</ele>
    <time>2020-07-22T02:12:41Z</time>
   </trkpt>
   <trkpt lat="47.4631670" lon="-122.1048600">
    <ele>47.0</ele>
    <time>2020-07-22T02:12:42Z</time>
   </trkpt>
   <trkpt lat="47.4631580" lon="-122.1048020">
    <ele>46.9</ele>
    <time>2020-07-22T02:12:43Z</time>
   </trkpt>
   <trkpt lat="47.4631530" lon="-122.1047500">
    <ele>46.8</ele>
    <time>2020-07-22T02:12:44Z</time>
   </trkpt>
   <trkpt lat="47.4631460" lon="-122.1047000">
    <ele>46.8</ele>
    <time>2020-07-22T02:12:45Z</time>
   </trkpt>
   <trkpt lat="47.4631460" lon="-122.1046430">
    <ele>46.7</ele>
    <time>2020-07-22T02:12:46Z</time>
   </trkpt>
   <trkpt lat="47.4631490" lon="-122.1045880">
    <ele>46.6</ele>
    <time>2020-07-22T02:12:47Z</time>
   </trkpt>
   <trkpt lat="47.4631410" lon="-122.1045390">
    <ele>46.5</ele>
    <time>2020-07-22T02:12:48Z</time>
   </trkpt>
   <trkpt lat="47.4631500" lon="-122.1044920">
    <ele>46.4</ele>
    <time>2020-07-22T02:12:49Z</time>
   </trkpt>
   <trkpt lat="47.4631390" lon="-122.1044460">
    <ele>46.3</ele>
    <time>2020-07-22T02:12:50Z</time>
   </trkpt>
   <trkpt lat="47.4631250" lon="-122.1043910">
    <ele>46.2</ele>
    <time>2020-07-22T02:12:51Z</time>
   </trkpt>
   <trkpt lat="47.4631280" lon="-122.1043400">
    <ele>46.1</ele>
    <time>2020-07-22T02:12:52Z</time>
   </trkpt>
   <trkpt lat="47.4631240" lon="-122.1042930">
    <ele>46.0</ele>
    <time>2020-07-22T02:12:53Z</time>
   </trkpt>
   <trkpt lat="47.4631270" lon="-122.1042450">
    <ele>45.9</ele>
    <time>2020-07-22T02:12:54Z</time>
   </trkpt>
   <trkpt lat="47.4631290" lon="-122.1042020">
    <ele>45.8</ele>
    <time>2020-07-22T02:12:55Z</time>
   </trkpt>
   <trkpt lat="47.4631180" lon="-122.1041560">
    <ele>45.7</ele>
    <time>2020-07-22T02:12:56Z</time>
   </trkpt>
   <trkpt lat="47.4631110" lon="-122.1041090">
    <ele>45.6</ele>
    <time>2020-07-22T02:12:57Z</time>
   </trkpt>
   <trkpt lat="47.4631070" lon="-122.1040660">
    <ele>45.6</ele>
    <time>2020-07-22T02:12:58Z</time>
   </trkpt>
   <trkpt lat="47.4631020" lon="-122.1040080">
    <ele>45.5</ele>
    <time>2020-07-22T02:12:59Z</time>
   </trkpt>
   <trkpt lat="47.4631000" lon="-122.1039640">
    <ele>45.4</ele>
    <time>2020-07-22T02:13:00Z</time>
   </trkpt>
   <trkpt lat="47.4630930" lon="-122.1039180">
    <ele>45.4</ele>
    <time>2020-07-22T02:13:01Z</time>
   </trkpt>
   <trkpt lat="47.4630920" lon="-122.1038610">
    <ele>45.3</ele>
    <time>2020-07-22T02:13:02Z</time>
   </trkpt>
   <trkpt lat="47.4630810" lon="-122.1038110">
    <ele>45.2</ele>
    <time>2020-07-22T02:13:03Z</time>
   </trkpt>
   <trkpt lat="47.4630680" lon="-122.1037550">
    <ele>45.2</ele>
    <time>2020-07-22T02:13:04Z</time>
   </trkpt>
   <trkpt lat="47.4630640" lon="-122.1037000">
    <ele>45.2</ele>
    <time>2020-07-22T02:13:05Z</time>
   </trkpt>
   <trkpt lat="47.4630490" lon="-122.1036600">
    <ele>45.1</ele>
    <time>2020-07-22T02:13:07Z</time>
   </trkpt>
   <trkpt lat="47.4630420" lon="-122.1036020">
    <ele>45.1</ele>
    <time>2020-07-22T02:13:08Z</time>
   </trkpt>
   <trkpt lat="47.4630390" lon="-122.1035590">
    <ele>45.1</ele>
    <time>2020-07-22T02:13:09Z</time>
   </trkpt>
   <trkpt lat="47.4630260" lon="-122.1035060">
    <ele>45.1</ele>
    <time>2020-07-22T02:13:10Z</time>
   </trkpt>
   <trkpt lat="47.4630170" lon="-122.1034530">
    <ele>45.2</ele>
    <time>2020-07-22T02:13:11Z</time>
   </trkpt>
   <trkpt lat="47.4630030" lon="-122.1034010">
    <ele>45.2</ele>
    <time>2020-07-22T02:13:12Z</time>
   </trkpt>
   <trkpt lat="47.4630070" lon="-122.1033400">
    <ele>45.2</ele>
    <time>2020-07-22T02:13:13Z</time>
   </trkpt>
   <trkpt lat="47.4630080" lon="-122.1033120">
    <ele>45.2</ele>
    <time>2020-07-22T02:13:14Z</time>
   </trkpt>
   <trkpt lat="47.4629870" lon="-122.1032600">
    <ele>45.3</ele>
    <time>2020-07-22T02:13:15Z</time>
   </trkpt>
   <trkpt lat="47.4629890" lon="-122.1032020">
    <ele>45.3</ele>
    <time>2020-07-22T02:13:16Z</time>
   </trkpt>
   <trkpt lat="47.4629820" lon="-122.1031510">
    <ele>45.4</ele>
    <time>2020-07-22T02:13:17Z</time>
   </trkpt>
   <trkpt lat="47.4629690" lon="-122.1030920">
    <ele>45.4</ele>
    <time>2020-07-22T02:13:18Z</time>
   </trkpt>
   <trkpt lat="47.4629750" lon="-122.1030380">
    <ele>45.5</ele>
    <time>2020-07-22T02:13:19Z</time>
   </trkpt>
   <trkpt lat="47.4629670" lon="-122.1029860">
    <ele>45.5</ele>
    <time>2020-07-22T02:13:20Z</time>
   </trkpt>
   <trkpt lat="47.4629710" lon="-122.1029360">
    <ele>45.5</ele>
    <time>2020-07-22T02:13:21Z</time>
   </trkpt>
   <trkpt lat="47.4629670" lon="-122.1028930">
    <ele>45.6</ele>
    <time>2020-07-22T02:13:22Z</time>
   </trkpt>
   <trkpt lat="47.4629650" lon="-122.1028400">
    <ele>45.6</ele>
    <time>2020-07-22T02:13:23Z</time>
   </trkpt>
   <trkpt lat="47.4629510" lon="-122.1027980">
    <ele>45.6</ele>
    <time>2020-07-22T02:13:24Z</time>
   </trkpt>
   <trkpt lat="47.4629440" lon="-122.1027450">
    <ele>45.6</ele>
    <time>2020-07-22T02:13:25Z</time>
   </trkpt>
   <trkpt lat="47.4629440" lon="-122.1026970">
    <ele>45.6</ele>
    <time>2020-07-22T02:13:26Z</time>
   </trkpt>
   <trkpt lat="47.4629320" lon="-122.1026610">
    <ele>45.6</ele>
    <time>2020-07-22T02:13:27Z</time>
   </trkpt>
   <trkpt lat="47.4629040" lon="-122.1026400">
    <ele>45.7</ele>
    <time>2020-07-22T02:13:28Z</time>
   </trkpt>
   <trkpt lat="47.4626590" lon="-122.1014910">
    <ele>45.8</ele>
    <time>2020-07-22T02:17:03Z</time>
   </trkpt>
   <trkpt lat="47.4627090" lon="-122.1016360">
    <ele>45.9</ele>
    <time>2020-07-22T02:17:05Z</time>
   </trkpt>
   <trkpt lat="47.4627600" lon="-122.1017800">
    <ele>45.9</ele>
    <time>2020-07-22T02:17:06Z</time>
   </trkpt>
   <trkpt lat="47.4628100" lon="-122.1019250">
    <ele>45.9</ele>
    <time>2020-07-22T02:17:07Z</time>
   </trkpt>
   <trkpt lat="47.4628600" lon="-122.1020690">
    <ele>45.9</ele>
    <time>2020-07-22T02:17:08Z</time>
   </trkpt>
   <trkpt lat="47.4628680" lon="-122.1020290">
    <ele>45.9</ele>
    <time>2020-07-22T02:17:09Z</time>
   </trkpt>
   <trkpt lat="47.4628700" lon="-122.1020130">
    <ele>45.9</ele>
    <time>2020-07-22T02:17:10Z</time>
   </trkpt>
   <trkpt lat="47.4628700" lon="-122.1019550">
    <ele>45.9</ele>
    <time>2020-07-22T02:17:11Z</time>
   </trkpt>
   <trkpt lat="47.4628700" lon="-122.1019120">
    <ele>45.9</ele>
    <time>2020-07-22T02:17:12Z</time>
   </trkpt>
   <trkpt lat="47.4628700" lon="-122.1018600">
    <ele>45.8</ele>
    <time>2020-07-22T02:17:13Z</time>
   </trkpt>
   <trkpt lat="47.4628700" lon="-122.1018170">
    <ele>45.8</ele>
    <time>2020-07-22T02:17:14Z</time>
   </trkpt>
   <trkpt lat="47.4628700" lon="-122.1017750">
    <ele>45.8</ele>
    <time>2020-07-22T02:17:15Z</time>
   </trkpt>
   <trkpt lat="47.4628630" lon="-122.1017200">
    <ele>45.8</ele>
    <time>2020-07-22T02:17:16Z</time>
   </trkpt>
   <trkpt lat="47.4628540" lon="-122.1016760">
    <ele>45.8</ele>
    <time>2020-07-22T02:17:17Z</time>
   </trkpt>
   <trkpt lat="47.4628560" lon="-122.1016140">
    <ele>45.9</ele>
    <time>2020-07-22T02:17:18Z</time>
   </trkpt>
   <trkpt lat="47.4628480" lon="-122.1015900">
    <ele>45.9</ele>
    <time>2020-07-22T02:17:19Z</time>
   </trkpt>
   <trkpt lat="47.4628320" lon="-122.1015450">
    <ele>45.9</ele>
    <time>2020-07-22T02:17:20Z</time>
   </trkpt>
   <trkpt lat="47.4628320" lon="-122.1014910">
    <ele>45.9</ele>
    <time>2020-07-22T02:17:21Z</time>
   </trkpt>
   <trkpt lat="47.4628170" lon="-122.1014460">
    <ele>46.0</ele>
    <time>2020-07-22T02:17:22Z</time>
   </trkpt>
   <trkpt lat="47.4628230" lon="-122.1013970">
    <ele>46.0</ele>
    <time>2020-07-22T02:17:23Z</time>
   </trkpt>
   <trkpt lat="47.4628180" lon="-122.1013520">
    <ele>46.0</ele>
    <time>2020-07-22T02:17:24Z</time>
   </trkpt>
   <trkpt lat="47.4628230" lon="-122.1012980">
    <ele>46.1</ele>
    <time>2020-07-22T02:17:25Z</time>
   </trkpt>
   <trkpt lat="47.4628280" lon="-122.1012490">
    <ele>46.1</ele>
    <time>2020-07-22T02:17:26Z</time>
   </trkpt>
   <trkpt lat="47.4628350" lon="-122.1011980">
    <ele>46.1</ele>
    <time>2020-07-22T02:17:27Z</time>
   </trkpt>
   <trkpt lat="47.4628350" lon="-122.1011420">
    <ele>46.2</ele>
    <time>2020-07-22T02:17:28Z</time>
   </trkpt>
   <trkpt lat="47.4628220" lon="-122.1010960">
    <ele>46.2</ele>
    <time>2020-07-22T02:17:29Z</time>
   </trkpt>
   <trkpt lat="47.4628210" lon="-122.1010530">
    <ele>46.2</ele>
    <time>2020-07-22T02:17:30Z</time>
   </trkpt>
   <trkpt lat="47.4628110" lon="-122.1009940">
    <ele>46.2</ele>
    <time>2020-07-22T02:17:31Z</time>
   </trkpt>
   <trkpt lat="47.4628030" lon="-122.1009010">
    <ele>46.3</ele>
    <time>2020-07-22T02:17:32Z</time>
   </trkpt>
   <trkpt lat="47.4628040" lon="-122.1008450">
    <ele>46.3</ele>
    <time>2020-07-22T02:17:33Z</time>
   </trkpt>
   <trkpt lat="47.4627900" lon="-122.1007850">
    <ele>46.3</ele>
    <time>2020-07-22T02:17:34Z</time>
   </trkpt>
   <trkpt lat="47.4627850" lon="-122.1007540">
    <ele>46.3</ele>
    <time>2020-07-22T02:17:35Z</time>
   </trkpt>
   <trkpt lat="47.4627740" lon="-122.1006940">
    <ele>46.4</ele>
    <time>2020-07-22T02:17:36Z</time>
   </trkpt>
   <trkpt lat="47.4627720" lon="-122.1006360">
    <ele>46.4</ele>
    <time>2020-07-22T02:17:37Z</time>
   </trkpt>
   <trkpt lat="47.4627710" lon="-122.1005860">
    <ele>46.4</ele>
    <time>2020-07-22T02:17:38Z</time>
   </trkpt>
   <trkpt lat="47.4627650" lon="-122.1005400">
    <ele>46.4</ele>
    <time>2020-07-22T02:17:39Z</time>
   </trkpt>
   <trkpt lat="47.4627550" lon="-122.1004830">
    <ele>46.4</ele>
    <time>2020-07-22T02:17:40Z</time>
   </trkpt>
   <trkpt lat="47.4627400" lon="-122.1004370">
    <ele>46.5</ele>
    <time>2020-07-22T02:17:41Z</time>
   </trkpt>
   <trkpt lat="47.4627390" lon="-122.1003870">
    <ele>46.5</ele>
    <time>2020-07-22T02:17:42Z</time>
   </trkpt>
   <trkpt lat="47.4627370" lon="-122.1003320">
    <ele>46.5</ele>
    <time>2020-07-22T02:17:43Z</time>
   </trkpt>
   <trkpt lat="47.4627220" lon="-122.1002740">
    <ele>46.5</ele>
    <time>2020-07-22T02:17:44Z</time>
   </trkpt>
   <trkpt lat="47.4627070" lon="-122.1002150">
    <ele>46.5</ele>
    <time>2020-07-22T02:17:45Z</time>
   </trkpt>
   <trkpt lat="47.4627070" lon="-122.1001660">
    <ele>46.6</ele>
    <time>2020-07-22T02:17:46Z</time>
   </trkpt>
   <trkpt lat="47.4627060" lon="-122.1001180">
    <ele>46.6</ele>
    <time>2020-07-22T02:17:47Z</time>
   </trkpt>
   <trkpt lat="47.4627060" lon="-122.1000720">
    <ele>46.6</ele>
    <time>2020-07-22T02:17:48Z</time>
   </trkpt>
   <trkpt lat="47.4626940" lon="-122.1000270">
    <ele>46.7</ele>
    <time>2020-07-22T02:17:49Z</time>
   </trkpt>
   <trkpt lat="47.4626940" lon="-122.0999750">
    <ele>46.7</ele>
    <time>2020-07-22T02:17:50Z</time>
   </trkpt>
   <trkpt lat="47.4626890" lon="-122.0999230">
    <ele>46.7</ele>
    <time>2020-07-22T02:17:51Z</time>
   </trkpt>
   <trkpt lat="47.4626960" lon="-122.0998740">
    <ele>46.8</ele>
    <time>2020-07-22T02:17:52Z</time>
   </trkpt>
   <trkpt lat="47.4626930" lon="-122.0998140">
    <ele>46.8</ele>
    <time>2020-07-22T02:17:53Z</time>
   </trkpt>
   <trkpt lat="47.4626910" lon="-122.0997730">
    <ele>46.8</ele>
    <time>2020-07-22T02:17:54Z</time>
   </trkpt>
   <trkpt lat="47.4626970" lon="-122.0997090">
    <ele>46.8</ele>
    <time>2020-07-22T02:17:55Z</time>
   </trkpt>
   <trkpt lat="47.4626900" lon="-122.0996510">
    <ele>46.8</ele>
    <time>2020-07-22T02:17:56Z</time>
   </trkpt>
   <trkpt lat="47.4626860" lon="-122.0995930">
    <ele>46.8</ele>
    <time>2020-07-22T02:17:57Z</time>
   </trkpt>
   <trkpt lat="47.4626770" lon="-122.0995440">
    <ele>46.8</ele>
    <time>2020-07-22T02:17:58Z</time>
   </trkpt>
   <trkpt lat="47.4626860" lon="-122.0994870">
    <ele>46.8</ele>
    <time>2020-07-22T02:17:59Z</time>
   </trkpt>
   <trkpt lat="47.4626760" lon="-122.0994370">
    <ele>46.8</ele>
    <time>2020-07-22T02:18:00Z</time>
   </trkpt>
   <trkpt lat="47.4626770" lon="-122.0993760">
    <ele>46.8</ele>
    <time>2020-07-22T02:18:01Z</time>
   </trkpt>
   <trkpt lat="47.4626780" lon="-122.0993170">
    <ele>46.8</ele>
    <time>2020-07-22T02:18:02Z</time>
   </trkpt>
   <trkpt lat="47.4626850" lon="-122.0992620">
    <ele>46.9</ele>
    <time>2020-07-22T02:18:03Z</time>
   </trkpt>
   <trkpt lat="47.4626730" lon="-122.0992110">
    <ele>46.9</ele>
    <time>2020-07-22T02:18:04Z</time>
   </trkpt>
   <trkpt lat="47.4626580" lon="-122.0991610">
    <ele>46.9</ele>
    <time>2020-07-22T02:18:05Z</time>
   </trkpt>
   <trkpt lat="47.4626560" lon="-122.0991110">
    <ele>46.9</ele>
    <time>2020-07-22T02:18:06Z</time>
   </trkpt>
   <trkpt lat="47.4626460" lon="-122.0990610">
    <ele>47.0</ele>
    <time>2020-07-22T02:18:07Z</time>
   </trkpt>
   <trkpt lat="47.4626390" lon="-122.0990090">
    <ele>47.0</ele>
    <time>2020-07-22T02:18:08Z</time>
   </trkpt>
   <trkpt lat="47.4626300" lon="-122.0989500">
    <ele>47.0</ele>
    <time>2020-07-22T02:18:09Z</time>
   </trkpt>
   <trkpt lat="47.4626440" lon="-122.0988910">
    <ele>47.0</ele>
    <time>2020-07-22T02:18:10Z</time>
   </trkpt>
   <trkpt lat="47.4626310" lon="-122.0988390">
    <ele>47.1</ele>
    <time>2020-07-22T02:18:11Z</time>
   </trkpt>
   <trkpt lat="47.4626310" lon="-122.0987880">
    <ele>47.1</ele>
    <time>2020-07-22T02:18:12Z</time>
   </trkpt>
   <trkpt lat="47.4626250" lon="-122.0987380">
    <ele>47.1</ele>
    <time>2020-07-22T02:18:13Z</time>
   </trkpt>
   <trkpt lat="47.4626150" lon="-122.0986780">
    <ele>47.1</ele>
    <time>2020-07-22T02:18:14Z</time>
   </trkpt>
   <trkpt lat="47.4626330" lon="-122.0986220">
    <ele>47.1</ele>
    <time>2020-07-22T02:18:15Z</time>
   </trkpt>
   <trkpt lat="47.4626220" lon="-122.0985710">
    <ele>47.1</ele>
    <time>2020-07-22T02:18:16Z</time>
   </trkpt>
   <trkpt lat="47.4626060" lon="-122.0985250">
    <ele>47.2</ele>
    <time>2020-07-22T02:18:17Z</time>
   </trkpt>
   <trkpt lat="47.4625970" lon="-122.0984710">
    <ele>47.2</ele>
    <time>2020-07-22T02:18:18Z</time>
   </trkpt>
   <trkpt lat="47.4625920" lon="-122.0984200">
    <ele>47.2</ele>
    <time>2020-07-22T02:18:19Z</time>
   </trkpt>
   <trkpt lat="47.4625870" lon="-122.0983660">
    <ele>47.3</ele>
    <time>2020-07-22T02:18:20Z</time>
   </trkpt>
   <trkpt lat="47.4625780" lon="-122.0983170">
    <ele>47.3</ele>
    <time>2020-07-22T02:18:21Z</time>
   </trkpt>
   <trkpt lat="47.4625740" lon="-122.0982610">
    <ele>47.3</ele>
    <time>2020-07-22T02:18:23Z</time>
   </trkpt>
   <trkpt lat="47.4625730" lon="-122.0982010">
    <ele>47.3</ele>
    <time>2020-07-22T02:18:24Z</time>
   </trkpt>
   <trkpt lat="47.4625660" lon="-122.0981500">
    <ele>47.4</ele>
    <time>2020-07-22T02:18:25Z</time>
   </trkpt>
   <trkpt lat="47.4625590" lon="-122.0980950">
    <ele>47.4</ele>
    <time>2020-07-22T02:18:26Z</time>
   </trkpt>
   <trkpt lat="47.4625540" lon="-122.0980390">
    <ele>47.4</ele>
    <time>2020-07-22T02:18:27Z</time>
   </trkpt>
   <trkpt lat="47.4625360" lon="-122.0979800">
    <ele>47.4</ele>
    <time>2020-07-22T02:18:28Z</time>
   </trkpt>
   <trkpt lat="47.4625370" lon="-122.0979320">
    <ele>47.4</ele>
    <time>2020-07-22T02:18:29Z</time>
   </trkpt>
   <trkpt lat="47.4625470" lon="-122.0978860">
    <ele>47.5</ele>
    <time>2020-07-22T02:18:30Z</time>
   </trkpt>
   <trkpt lat="47.4625470" lon="-122.0978330">
    <ele>47.5</ele>
    <time>2020-07-22T02:18:31Z</time>
   </trkpt>
   <trkpt lat="47.4625330" lon="-122.0977810">
    <ele>47.5</ele>
    <time>2020-07-22T02:18:32Z</time>
   </trkpt>
   <trkpt lat="47.4625230" lon="-122.0977230">
    <ele>47.5</ele>
    <time>2020-07-22T02:18:33Z</time>
   </trkpt>
   <trkpt lat="47.4625050" lon="-122.0976740">
    <ele>47.5</ele>
    <time>2020-07-22T02:18:34Z</time>
   </trkpt>
   <trkpt lat="47.4625120" lon="-122.0976170">
    <ele>47.5</ele>
    <time>2020-07-22T02:18:35Z</time>
   </trkpt>
   <trkpt lat="47.4624870" lon="-122.0975790">
    <ele>47.5</ele>
    <time>2020-07-22T02:18:36Z</time>
   </trkpt>
   <trkpt lat="47.4625020" lon="-122.0975220">
    <ele>47.5</ele>
    <time>2020-07-22T02:18:37Z</time>
   </trkpt>
   <trkpt lat="47.4624890" lon="-122.0974780">
    <ele>47.5</ele>
    <time>2020-07-22T02:18:38Z</time>
   </trkpt>
   <trkpt lat="47.4624810" lon="-122.0974190">
    <ele>47.5</ele>
    <time>2020-07-22T02:18:39Z</time>
   </trkpt>
   <trkpt lat="47.4624810" lon="-122.0973670">
    <ele>47.5</ele>
    <time>2020-07-22T02:18:40Z</time>
   </trkpt>
   <trkpt lat="47.4624890" lon="-122.0973080">
    <ele>47.5</ele>
    <time>2020-07-22T02:18:41Z</time>
   </trkpt>
   <trkpt lat="47.4624880" lon="-122.0972600">
    <ele>47.5</ele>
    <time>2020-07-22T02:18:42Z</time>
   </trkpt>
   <trkpt lat="47.4624860" lon="-122.0972020">
    <ele>47.5</ele>
    <time>2020-07-22T02:18:43Z</time>
   </trkpt>
   <trkpt lat="47.4624830" lon="-122.0971530">
    <ele>47.5</ele>
    <time>2020-07-22T02:18:44Z</time>
   </trkpt>
   <trkpt lat="47.4624750" lon="-122.0971000">
    <ele>47.5</ele>
    <time>2020-07-22T02:18:45Z</time>
   </trkpt>
   <trkpt lat="47.4624770" lon="-122.0970410">
    <ele>47.5</ele>
    <time>2020-07-22T02:18:46Z</time>
   </trkpt>
   <trkpt lat="47.4624730" lon="-122.0969870">
    <ele>47.6</ele>
    <time>2020-07-22T02:18:47Z</time>
   </trkpt>
   <trkpt lat="47.4624720" lon="-122.0969390">
    <ele>47.6</ele>
    <time>2020-07-22T02:18:48Z</time>
   </trkpt>
   <trkpt lat="47.4624670" lon="-122.0968920">
    <ele>47.6</ele>
    <time>2020-07-22T02:18:49Z</time>
   </trkpt>
   <trkpt lat="47.4624610" lon="-122.0968430">
    <ele>47.6</ele>
    <time>2020-07-22T02:18:50Z</time>
   </trkpt>
   <trkpt lat="47.4624560" lon="-122.0967940">
    <ele>47.7</ele>
    <time>2020-07-22T02:18:51Z</time>
   </trkpt>
   <trkpt lat="47.4624600" lon="-122.0967450">
    <ele>47.7</ele>
    <time>2020-07-22T02:18:52Z</time>
   </trkpt>
   <trkpt lat="47.4624520" lon="-122.0966880">
    <ele>47.7</ele>
    <time>2020-07-22T02:18:53Z</time>
   </trkpt>
   <trkpt lat="47.4624410" lon="-122.0966360">
    <ele>47.8</ele>
    <time>2020-07-22T02:18:54Z</time>
   </trkpt>
   <trkpt lat="47.4624240" lon="-122.0965820">
    <ele>47.8</ele>
    <time>2020-07-22T02:18:55Z</time>
   </trkpt>
   <trkpt lat="47.4624070" lon="-122.0965440">
    <ele>47.8</ele>
    <time>2020-07-22T02:18:56Z</time>
   </trkpt>
   <trkpt lat="47.4624070" lon="-122.0964880">
    <ele>47.8</ele>
    <time>2020-07-22T02:18:57Z</time>
   </trkpt>
   <trkpt lat="47.4624110" lon="-122.0964290">
    <ele>47.8</ele>
    <time>2020-07-22T02:18:58Z</time>
   </trkpt>
   <trkpt lat="47.4624040" lon="-122.0963800">
    <ele>47.9</ele>
    <time>2020-07-22T02:18:59Z</time>
   </trkpt>
   <trkpt lat="47.4623960" lon="-122.0963290">
    <ele>47.9</ele>
    <time>2020-07-22T02:19:00Z</time>
   </trkpt>
   <trkpt lat="47.4623930" lon="-122.0962780">
    <ele>47.9</ele>
    <time>2020-07-22T02:19:01Z</time>
   </trkpt>
   <trkpt lat="47.4623970" lon="-122.0962190">
    <ele>47.9</ele>
    <time>2020-07-22T02:19:02Z</time>
   </trkpt>
   <trkpt lat="47.4624020" lon="-122.0961650">
    <ele>47.9</ele>
    <time>2020-07-22T02:19:03Z</time>
   </trkpt>
   <trkpt lat="47.4623970" lon="-122.0961060">
    <ele>48.0</ele>
    <time>2020-07-22T02:19:04Z</time>
   </trkpt>
   <trkpt lat="47.4623970" lon="-122.0960540">
    <ele>48.0</ele>
    <time>2020-07-22T02:19:05Z</time>
   </trkpt>
   <trkpt lat="47.4623870" lon="-122.0959980">
    <ele>48.0</ele>
    <time>2020-07-22T02:19:06Z</time>
   </trkpt>
   <trkpt lat="47.4623750" lon="-122.0959560">
    <ele>48.1</ele>
    <time>2020-07-22T02:19:07Z</time>
   </trkpt>
   <trkpt lat="47.4623610" lon="-122.0959040">
    <ele>48.1</ele>
    <time>2020-07-22T02:19:08Z</time>
   </trkpt>
   <trkpt lat="47.4623580" lon="-122.0958500">
    <ele>48.1</ele>
    <time>2020-07-22T02:19:09Z</time>
   </trkpt>
   <trkpt lat="47.4623590" lon="-122.0957950">
    <ele>48.1</ele>
    <time>2020-07-22T02:19:10Z</time>
   </trkpt>
   <trkpt lat="47.4623500" lon="-122.0957470">
    <ele>48.2</ele>
    <time>2020-07-22T02:19:11Z</time>
   </trkpt>
   <trkpt lat="47.4623500" lon="-122.0956850">
    <ele>48.2</ele>
    <time>2020-07-22T02:19:12Z</time>
   </trkpt>
   <trkpt lat="47.4623460" lon="-122.0956350">
    <ele>48.2</ele>
    <time>2020-07-22T02:19:13Z</time>
   </trkpt>
   <trkpt lat="47.4623410" lon="-122.0955800">
    <ele>48.3</ele>
    <time>2020-07-22T02:19:14Z</time>
   </trkpt>
   <trkpt lat="47.4623490" lon="-122.0955290">
    <ele>48.3</ele>
    <time>2020-07-22T02:19:15Z</time>
   </trkpt>
   <trkpt lat="47.4623500" lon="-122.0954760">
    <ele>48.4</ele>
    <time>2020-07-22T02:19:16Z</time>
   </trkpt>
   <trkpt lat="47.4623410" lon="-122.0954180">
    <ele>48.5</ele>
    <time>2020-07-22T02:19:17Z</time>
   </trkpt>
   <trkpt lat="47.4623320" lon="-122.0953740">
    <ele>48.5</ele>
    <time>2020-07-22T02:19:18Z</time>
   </trkpt>
   <trkpt lat="47.4623200" lon="-122.0953200">
    <ele>48.6</ele>
    <time>2020-07-22T02:19:19Z</time>
   </trkpt>
   <trkpt lat="47.4623200" lon="-122.0952740">
    <ele>48.7</ele>
    <time>2020-07-22T02:19:20Z</time>
   </trkpt>
   <trkpt lat="47.4623130" lon="-122.0952150">
    <ele>48.8</ele>
    <time>2020-07-22T02:19:21Z</time>
   </trkpt>
   <trkpt lat="47.4623200" lon="-122.0951670">
    <ele>48.9</ele>
    <time>2020-07-22T02:19:22Z</time>
   </trkpt>
   <trkpt lat="47.4623130" lon="-122.0951120">
    <ele>49.0</ele>
    <time>2020-07-22T02:19:23Z</time>
   </trkpt>
   <trkpt lat="47.4623110" lon="-122.0950920">
    <ele>49.0</ele>
    <time>2020-07-22T02:19:24Z</time>
   </trkpt>
   <trkpt lat="47.4623040" lon="-122.0950470">
    <ele>49.0</ele>
    <time>2020-07-22T02:19:25Z</time>
   </trkpt>
   <trkpt lat="47.4623070" lon="-122.0949940">
    <ele>49.0</ele>
    <time>2020-07-22T02:19:26Z</time>
   </trkpt>
   <trkpt lat="47.4623010" lon="-122.0949350">
    <ele>49.1</ele>
    <time>2020-07-22T02:19:27Z</time>
   </trkpt>
   <trkpt lat="47.4622990" lon="-122.0948760">
    <ele>49.1</ele>
    <time>2020-07-22T02:19:28Z</time>
   </trkpt>
   <trkpt lat="47.4622900" lon="-122.0948280">
    <ele>49.1</ele>
    <time>2020-07-22T02:19:29Z</time>
   </trkpt>
   <trkpt lat="47.4622840" lon="-122.0947850">
    <ele>49.1</ele>
    <time>2020-07-22T02:19:30Z</time>
   </trkpt>
   <trkpt lat="47.4622880" lon="-122.0947280">
    <ele>49.1</ele>
    <time>2020-07-22T02:19:31Z</time>
   </trkpt>
   <trkpt lat="47.4622830" lon="-122.0946780">
    <ele>49.2</ele>
    <time>2020-07-22T02:19:32Z</time>
   </trkpt>
   <trkpt lat="47.4622740" lon="-122.0946230">
    <ele>49.2</ele>
    <time>2020-07-22T02:19:33Z</time>
   </trkpt>
   <trkpt lat="47.4622780" lon="-122.0945620">
    <ele>49.2</ele>
    <time>2020-07-22T02:19:34Z</time>
   </trkpt>
   <trkpt lat="47.4622660" lon="-122.0945040">
    <ele>49.3</ele>
    <time>2020-07-22T02:19:35Z</time>
   </trkpt>
   <trkpt lat="47.4622620" lon="-122.0944430">
    <ele>49.3</ele>
    <time>2020-07-22T02:19:36Z</time>
   </trkpt>
   <trkpt lat="47.4622590" lon="-122.0943930">
    <ele>49.3</ele>
    <time>2020-07-22T02:19:37Z</time>
   </trkpt>
   <trkpt lat="47.4622590" lon="-122.0943290">
    <ele>49.3</ele>
    <time>2020-07-22T02:19:38Z</time>
   </trkpt>
   <trkpt lat="47.4622580" lon="-122.0942840">
    <ele>49.3</ele>
    <time>2020-07-22T02:19:39Z</time>
   </trkpt>
   <trkpt lat="47.4622580" lon="-122.0942260">
    <ele>49.3</ele>
    <time>2020-07-22T02:19:40Z</time>
   </trkpt>
   <trkpt lat="47.4622380" lon="-122.0941080">
    <ele>49.4</ele>
    <time>2020-07-22T02:19:41Z</time>
   </trkpt>
   <trkpt lat="47.4622240" lon="-122.0940490">
    <ele>49.4</ele>
    <time>2020-07-22T02:19:42Z</time>
   </trkpt>
   <trkpt lat="47.4622120" lon="-122.0939990">
    <ele>49.4</ele>
    <time>2020-07-22T02:19:43Z</time>
   </trkpt>
   <trkpt lat="47.4622060" lon="-122.0939390">
    <ele>49.5</ele>
    <time>2020-07-22T02:19:44Z</time>
   </trkpt>
   <trkpt lat="47.4622020" lon="-122.0938900">
    <ele>49.5</ele>
    <time>2020-07-22T02:19:45Z</time>
   </trkpt>
   <trkpt lat="47.4622030" lon="-122.0938380">
    <ele>49.5</ele>
    <time>2020-07-22T02:19:46Z</time>
   </trkpt>
   <trkpt lat="47.4621970" lon="-122.0937770">
    <ele>49.6</ele>
    <time>2020-07-22T02:19:47Z</time>
   </trkpt>
   <trkpt lat="47.4621870" lon="-122.0937260">
    <ele>49.6</ele>
    <time>2020-07-22T02:19:48Z</time>
   </trkpt>
   <trkpt lat="47.4621800" lon="-122.0936730">
    <ele>49.6</ele>
    <time>2020-07-22T02:19:49Z</time>
   </trkpt>
   <trkpt lat="47.4621770" lon="-122.0936190">
    <ele>49.7</ele>
    <time>2020-07-22T02:19:50Z</time>
   </trkpt>
   <trkpt lat="47.4621690" lon="-122.0935500">
    <ele>49.7</ele>
    <time>2020-07-22T02:19:51Z</time>
   </trkpt>
   <trkpt lat="47.4621750" lon="-122.0934880">
    <ele>49.7</ele>
    <time>2020-07-22T02:19:52Z</time>
   </trkpt>
   <trkpt lat="47.4621750" lon="-122.0934480">
    <ele>49.7</ele>
    <time>2020-07-22T02:19:53Z</time>
   </trkpt>
   <trkpt lat="47.4621670" lon="-122.0933960">
    <ele>49.7</ele>
    <time>2020-07-22T02:19:54Z</time>
   </trkpt>
   <trkpt lat="47.4621660" lon="-122.0933430">
    <ele>49.8</ele>
    <time>2020-07-22T02:19:55Z</time>
   </trkpt>
   <trkpt lat="47.4621610" lon="-122.0932920">
    <ele>49.8</ele>
    <time>2020-07-22T02:19:56Z</time>
   </trkpt>
   <trkpt lat="47.4621650" lon="-122.0932310">
    <ele>49.8</ele>
    <time>2020-07-22T02:19:57Z</time>
   </trkpt>
   <trkpt lat="47.4621620" lon="-122.0931730">
    <ele>49.8</ele>
    <time>2020-07-22T02:19:58Z</time>
   </trkpt>
   <trkpt lat="47.4621660" lon="-122.0931130">
    <ele>49.8</ele>
    <time>2020-07-22T02:19:59Z</time>
   </trkpt>
   <trkpt lat="47.4621510" lon="-122.0930670">
    <ele>49.9</ele>
    <time>2020-07-22T02:20:00Z</time>
   </trkpt>
   <trkpt lat="47.4621460" lon="-122.0930070">
    <ele>49.9</ele>
    <time>2020-07-22T02:20:01Z</time>
   </trkpt>
   <trkpt lat="47.4621370" lon="-122.0929590">
    <ele>49.9</ele>
    <time>2020-07-22T02:20:02Z</time>
   </trkpt>
   <trkpt lat="47.4621370" lon="-122.0929100">
    <ele>49.9</ele>
    <time>2020-07-22T02:20:03Z</time>
   </trkpt>
   <trkpt lat="47.4621320" lon="-122.0928690">
    <ele>49.9</ele>
    <time>2020-07-22T02:20:04Z</time>
   </trkpt>
   <trkpt lat="47.4621270" lon="-122.0928040">
    <ele>50.0</ele>
    <time>2020-07-22T02:20:05Z</time>
   </trkpt>
   <trkpt lat="47.4621240" lon="-122.0927600">
    <ele>50.0</ele>
    <time>2020-07-22T02:20:06Z</time>
   </trkpt>
   <trkpt lat="47.4621210" lon="-122.0926990">
    <ele>50.0</ele>
    <time>2020-07-22T02:20:07Z</time>
   </trkpt>
   <trkpt lat="47.4621050" lon="-122.0925880">
    <ele>50.1</ele>
    <time>2020-07-22T02:20:08Z</time>
   </trkpt>
   <trkpt lat="47.4620980" lon="-122.0925320">
    <ele>50.2</ele>
    <time>2020-07-22T02:20:09Z</time>
   </trkpt>
   <trkpt lat="47.4620890" lon="-122.0925140">
    <ele>50.2</ele>
    <time>2020-07-22T02:20:10Z</time>
   </trkpt>
   <trkpt lat="47.4620920" lon="-122.0924620">
    <ele>50.2</ele>
    <time>2020-07-22T02:20:11Z</time>
   </trkpt>
   <trkpt lat="47.4620830" lon="-122.0924160">
    <ele>50.2</ele>
    <time>2020-07-22T02:20:12Z</time>
   </trkpt>
   <trkpt lat="47.4620830" lon="-122.0923720">
    <ele>50.3</ele>
    <time>2020-07-22T02:20:13Z</time>
   </trkpt>
   <trkpt lat="47.4620840" lon="-122.0923210">
    <ele>50.3</ele>
    <time>2020-07-22T02:20:14Z</time>
   </trkpt>
   <trkpt lat="47.4620910" lon="-122.0922790">
    <ele>50.3</ele>
    <time>2020-07-22T02:20:15Z</time>
   </trkpt>
   <trkpt lat="47.4620820" lon="-122.0922320">
    <ele>50.3</ele>
    <time>2020-07-22T02:20:16Z</time>
   </trkpt>
   <trkpt lat="47.4620700" lon="-122.0921830">
    <ele>50.4</ele>
    <time>2020-07-22T02:20:17Z</time>
   </trkpt>
   <trkpt lat="47.4620640" lon="-122.0921350">
    <ele>50.4</ele>
    <time>2020-07-22T02:20:18Z</time>
   </trkpt>
   <trkpt lat="47.4620610" lon="-122.0920870">
    <ele>50.4</ele>
    <time>2020-07-22T02:20:19Z</time>
   </trkpt>
   <trkpt lat="47.4620580" lon="-122.0920340">
    <ele>50.5</ele>
    <time>2020-07-22T02:20:20Z</time>
   </trkpt>
   <trkpt lat="47.4620570" lon="-122.0919830">
    <ele>50.5</ele>
    <time>2020-07-22T02:20:21Z</time>
   </trkpt>
   <trkpt lat="47.4620560" lon="-122.0919430">
    <ele>50.5</ele>
    <time>2020-07-22T02:20:22Z</time>
   </trkpt>
   <trkpt lat="47.4620550" lon="-122.0918900">
    <ele>50.6</ele>
    <time>2020-07-22T02:20:23Z</time>
   </trkpt>
   <trkpt lat="47.4620550" lon="-122.0918480">
    <ele>50.6</ele>
    <time>2020-07-22T02:20:24Z</time>
   </trkpt>
   <trkpt lat="47.4620570" lon="-122.0917940">
    <ele>50.6</ele>
    <time>2020-07-22T02:20:25Z</time>
   </trkpt>
   <trkpt lat="47.4620600" lon="-122.0917410">
    <ele>50.7</ele>
    <time>2020-07-22T02:20:26Z</time>
   </trkpt>
   <trkpt lat="47.4620470" lon="-122.0916960">
    <ele>50.7</ele>
    <time>2020-07-22T02:20:27Z</time>
   </trkpt>
   <trkpt lat="47.4620380" lon="-122.0916530">
    <ele>50.7</ele>
    <time>2020-07-22T02:20:28Z</time>
   </trkpt>
   <trkpt lat="47.4620420" lon="-122.0916280">
    <ele>50.7</ele>
    <time>2020-07-22T02:20:29Z</time>
   </trkpt>
   <trkpt lat="47.4620380" lon="-122.0915770">
    <ele>50.8</ele>
    <time>2020-07-22T02:20:30Z</time>
   </trkpt>
   <trkpt lat="47.4620370" lon="-122.0915270">
    <ele>50.8</ele>
    <time>2020-07-22T02:20:31Z</time>
   </trkpt>
   <trkpt lat="47.4620370" lon="-122.0914740">
    <ele>50.8</ele>
    <time>2020-07-22T02:20:32Z</time>
   </trkpt>
   <trkpt lat="47.4620180" lon="-122.0914430">
    <ele>50.8</ele>
    <time>2020-07-22T02:20:33Z</time>
   </trkpt>
   <trkpt lat="47.4620160" lon="-122.0913780">
    <ele>50.8</ele>
    <time>2020-07-22T02:20:34Z</time>
   </trkpt>
   <trkpt lat="47.4620130" lon="-122.0913130">
    <ele>50.9</ele>
    <time>2020-07-22T02:20:35Z</time>
   </trkpt>
   <trkpt lat="47.4620060" lon="-122.0912640">
    <ele>50.9</ele>
    <time>2020-07-22T02:20:36Z</time>
   </trkpt>
   <trkpt lat="47.4620080" lon="-122.0912100">
    <ele>50.9</ele>
    <time>2020-07-22T02:20:37Z</time>
   </trkpt>
   <trkpt lat="47.4620090" lon="-122.0911440">
    <ele>50.9</ele>
    <time>2020-07-22T02:20:38Z</time>
   </trkpt>
   <trkpt lat="47.4620090" lon="-122.0911180">
    <ele>50.9</ele>
    <time>2020-07-22T02:20:39Z</time>
   </trkpt>
   <trkpt lat="47.4620030" lon="-122.0910620">
    <ele>50.9</ele>
    <time>2020-07-22T02:20:40Z</time>
   </trkpt>
   <trkpt lat="47.4619970" lon="-122.0910060">
    <ele>50.9</ele>
    <time>2020-07-22T02:20:41Z</time>
   </trkpt>
   <trkpt lat="47.4620150" lon="-122.0909580">
    <ele>51.0</ele>
    <time>2020-07-22T02:20:42Z</time>
   </trkpt>
   <trkpt lat="47.4619980" lon="-122.0909070">
    <ele>51.0</ele>
    <time>2020-07-22T02:20:43Z</time>
   </trkpt>
   <trkpt lat="47.4620060" lon="-122.0908550">
    <ele>51.0</ele>
    <time>2020-07-22T02:20:44Z</time>
   </trkpt>
   <trkpt lat="47.4620030" lon="-122.0907890">
    <ele>51.0</ele>
    <time>2020-07-22T02:20:45Z</time>
   </trkpt>
   <trkpt lat="47.4620000" lon="-122.0907620">
    <ele>51.0</ele>
    <time>2020-07-22T02:20:46Z</time>
   </trkpt>
   <trkpt lat="47.4620090" lon="-122.0907070">
    <ele>51.0</ele>
    <time>2020-07-22T02:20:47Z</time>
   </trkpt>
   <trkpt lat="47.4619960" lon="-122.0906450">
    <ele>51.0</ele>
    <time>2020-07-22T02:20:48Z</time>
   </trkpt>
   <trkpt lat="47.4619910" lon="-122.0906170">
    <ele>51.0</ele>
    <time>2020-07-22T02:20:49Z</time>
   </trkpt>
   <trkpt lat="47.4619720" lon="-122.0905690">
    <ele>51.1</ele>
    <time>2020-07-22T02:20:50Z</time>
   </trkpt>
   <trkpt lat="47.4619810" lon="-122.0905070">
    <ele>51.1</ele>
    <time>2020-07-22T02:20:51Z</time>
   </trkpt>
   <trkpt lat="47.4619800" lon="-122.0904430">
    <ele>51.1</ele>
    <time>2020-07-22T02:20:52Z</time>
   </trkpt>
   <trkpt lat="47.4619780" lon="-122.0903860">
    <ele>51.1</ele>
    <time>2020-07-22T02:20:53Z</time>
   </trkpt>
   <trkpt lat="47.4619790" lon="-122.0903320">
    <ele>51.1</ele>
    <time>2020-07-22T02:20:54Z</time>
   </trkpt>
   <trkpt lat="47.4619680" lon="-122.0902900">
    <ele>51.1</ele>
    <time>2020-07-22T02:20:55Z</time>
   </trkpt>
   <trkpt lat="47.4619670" lon="-122.0902430">
    <ele>51.1</ele>
    <time>2020-07-22T02:20:56Z</time>
   </trkpt>
   <trkpt lat="47.4619630" lon="-122.0901870">
    <ele>51.1</ele>
    <time>2020-07-22T02:20:57Z</time>
   </trkpt>
   <trkpt lat="47.4619420" lon="-122.0901380">
    <ele>51.2</ele>
    <time>2020-07-22T02:20:58Z</time>
   </trkpt>
   <trkpt lat="47.4619360" lon="-122.0900880">
    <ele>51.2</ele>
    <time>2020-07-22T02:20:59Z</time>
   </trkpt>
   <trkpt lat="47.4619270" lon="-122.0900310">
    <ele>51.2</ele>
    <time>2020-07-22T02:21:00Z</time>
   </trkpt>
   <trkpt lat="47.4619360" lon="-122.0899820">
    <ele>51.2</ele>
    <time>2020-07-22T02:21:01Z</time>
   </trkpt>
   <trkpt lat="47.4619370" lon="-122.0899180">
    <ele>51.2</ele>
    <time>2020-07-22T02:21:02Z</time>
   </trkpt>
   <trkpt lat="47.4619270" lon="-122.0898800">
    <ele>51.2</ele>
    <time>2020-07-22T02:21:03Z</time>
   </trkpt>
   <trkpt lat="47.4619280" lon="-122.0898150">
    <ele>51.2</ele>
    <time>2020-07-22T02:21:04Z</time>
   </trkpt>
   <trkpt lat="47.4619320" lon="-122.0897560">
    <ele>51.2</ele>
    <time>2020-07-22T02:21:05Z</time>
   </trkpt>
   <trkpt lat="47.4619290" lon="-122.0897300">
    <ele>51.2</ele>
    <time>2020-07-22T02:21:06Z</time>
   </trkpt>
   <trkpt lat="47.4619350" lon="-122.0896830">
    <ele>51.3</ele>
    <time>2020-07-22T02:21:07Z</time>
   </trkpt>
   <trkpt lat="47.4619270" lon="-122.0896400">
    <ele>51.3</ele>
    <time>2020-07-22T02:21:08Z</time>
   </trkpt>
   <trkpt lat="47.4619250" lon="-122.0895950">
    <ele>51.3</ele>
    <time>2020-07-22T02:21:09Z</time>
   </trkpt>
   <trkpt lat="47.4618970" lon="-122.0895300">
    <ele>51.3</ele>
    <time>2020-07-22T02:21:10Z</time>
   </trkpt>
   <trkpt lat="47.4618890" lon="-122.0894870">
    <ele>51.3</ele>
    <time>2020-07-22T02:21:11Z</time>
   </trkpt>
   <trkpt lat="47.4618970" lon="-122.0894420">
    <ele>51.3</ele>
    <time>2020-07-22T02:21:12Z</time>
   </trkpt>
   <trkpt lat="47.4618970" lon="-122.0894380">
    <ele>51.3</ele>
    <time>2020-07-22T02:21:13Z</time>
   </trkpt>
   <trkpt lat="47.4619000" lon="-122.0894450">
    <ele>51.3</ele>
    <time>2020-07-22T02:21:14Z</time>
   </trkpt>
   <trkpt lat="47.4619020" lon="-122.0894530">
    <ele>51.3</ele>
    <time>2020-07-22T02:33:20Z</time>
   </trkpt>
   <trkpt lat="47.4619050" lon="-122.0894600">
    <ele>51.3</ele>
    <time>2020-07-22T02:33:21Z</time>
   </trkpt>
   <trkpt lat="47.4619000" lon="-122.0895070">
    <ele>51.4</ele>
    <time>2020-07-22T02:33:22Z</time>
   </trkpt>
   <trkpt lat="47.4619120" lon="-122.0895770">
    <ele>51.4</ele>
    <time>2020-07-22T02:33:23Z</time>
   </trkpt>
   <trkpt lat="47.4619190" lon="-122.0896270">
    <ele>51.4</ele>
    <time>2020-07-22T02:33:24Z</time>
   </trkpt>
   <trkpt lat="47.4619280" lon="-122.0896840">
    <ele>51.3</ele>
    <time>2020-07-22T02:33:25Z</time>
   </trkpt>
   <trkpt lat="47.4619330" lon="-122.0897320">
    <ele>51.3</ele>
    <time>2020-07-22T02:33:26Z</time>
   </trkpt>
   <trkpt lat="47.4619320" lon="-122.0897820">
    <ele>51.3</ele>
    <time>2020-07-22T02:33:27Z</time>
   </trkpt>
   <trkpt lat="47.4619380" lon="-122.0898320">
    <ele>51.3</ele>
    <time>2020-07-22T02:33:28Z</time>
   </trkpt>
   <trkpt lat="47.4619470" lon="-122.0898810">
    <ele>51.3</ele>
    <time>2020-07-22T02:33:29Z</time>
   </trkpt>
   <trkpt lat="47.4619480" lon="-122.0899280">
    <ele>51.3</ele>
    <time>2020-07-22T02:33:30Z</time>
   </trkpt>
   <trkpt lat="47.4619600" lon="-122.0899820">
    <ele>51.2</ele>
    <time>2020-07-22T02:33:31Z</time>
   </trkpt>
   <trkpt lat="47.4619720" lon="-122.0900370">
    <ele>51.2</ele>
    <time>2020-07-22T02:33:32Z</time>
   </trkpt>
   <trkpt lat="47.4619770" lon="-122.0900840">
    <ele>51.2</ele>
    <time>2020-07-22T02:33:33Z</time>
   </trkpt>
   <trkpt lat="47.4620020" lon="-122.0901370">
    <ele>51.2</ele>
    <time>2020-07-22T02:33:34Z</time>
   </trkpt>
   <trkpt lat="47.4620060" lon="-122.0901800">
    <ele>51.2</ele>
    <time>2020-07-22T02:33:35Z</time>
   </trkpt>
   <trkpt lat="47.4620070" lon="-122.0902210">
    <ele>51.2</ele>
    <time>2020-07-22T02:33:36Z</time>
   </trkpt>
   <trkpt lat="47.4620020" lon="-122.0902700">
    <ele>51.2</ele>
    <time>2020-07-22T02:33:37Z</time>
   </trkpt>
   <trkpt lat="47.4620100" lon="-122.0903190">
    <ele>51.2</ele>
    <time>2020-07-22T02:33:38Z</time>
   </trkpt>
   <trkpt lat="47.4620090" lon="-122.0903750">
    <ele>51.2</ele>
    <time>2020-07-22T02:33:39Z</time>
   </trkpt>
   <trkpt lat="47.4620100" lon="-122.0904300">
    <ele>51.1</ele>
    <time>2020-07-22T02:33:40Z</time>
   </trkpt>
   <trkpt lat="47.4620060" lon="-122.0904780">
    <ele>51.1</ele>
    <time>2020-07-22T02:33:41Z</time>
   </trkpt>
   <trkpt lat="47.4620120" lon="-122.0905280">
    <ele>51.1</ele>
    <time>2020-07-22T02:33:42Z</time>
   </trkpt>
   <trkpt lat="47.4620110" lon="-122.0905750">
    <ele>51.1</ele>
    <time>2020-07-22T02:33:43Z</time>
   </trkpt>
   <trkpt lat="47.4620210" lon="-122.0906130">
    <ele>51.1</ele>
    <time>2020-07-22T02:33:44Z</time>
   </trkpt>
   <trkpt lat="47.4620230" lon="-122.0906650">
    <ele>51.1</ele>
    <time>2020-07-22T02:33:45Z</time>
   </trkpt>
   <trkpt lat="47.4620260" lon="-122.0907100">
    <ele>51.1</ele>
    <time>2020-07-22T02:33:46Z</time>
   </trkpt>
   <trkpt lat="47.4620270" lon="-122.0907570">
    <ele>51.1</ele>
    <time>2020-07-22T02:33:47Z</time>
   </trkpt>
   <trkpt lat="47.4620290" lon="-122.0908080">
    <ele>51.1</ele>
    <time>2020-07-22T02:33:48Z</time>
   </trkpt>
   <trkpt lat="47.4620400" lon="-122.0908610">
    <ele>51.0</ele>
    <time>2020-07-22T02:33:49Z</time>
   </trkpt>
   <trkpt lat="47.4620430" lon="-122.0909210">
    <ele>51.0</ele>
    <time>2020-07-22T02:33:50Z</time>
   </trkpt>
   <trkpt lat="47.4620450" lon="-122.0909740">
    <ele>51.0</ele>
    <time>2020-07-22T02:33:51Z</time>
   </trkpt>
   <trkpt lat="47.4620480" lon="-122.0910230">
    <ele>51.0</ele>
    <time>2020-07-22T02:33:52Z</time>
   </trkpt>
   <trkpt lat="47.4620350" lon="-122.0910810">
    <ele>51.0</ele>
    <time>2020-07-22T02:33:53Z</time>
   </trkpt>
   <trkpt lat="47.4620380" lon="-122.0911300">
    <ele>51.0</ele>
    <time>2020-07-22T02:33:54Z</time>
   </trkpt>
   <trkpt lat="47.4620450" lon="-122.0911750">
    <ele>51.0</ele>
    <time>2020-07-22T02:33:55Z</time>
   </trkpt>
   <trkpt lat="47.4620520" lon="-122.0912280">
    <ele>50.9</ele>
    <time>2020-07-22T02:33:56Z</time>
   </trkpt>
   <trkpt lat="47.4620540" lon="-122.0912800">
    <ele>50.9</ele>
    <time>2020-07-22T02:33:57Z</time>
   </trkpt>
   <trkpt lat="47.4620640" lon="-122.0913280">
    <ele>50.9</ele>
    <time>2020-07-22T02:33:58Z</time>
   </trkpt>
   <trkpt lat="47.4620680" lon="-122.0913560">
    <ele>50.9</ele>
    <time>2020-07-22T02:33:59Z</time>
   </trkpt>
   <trkpt lat="47.4620770" lon="-122.0914060">
    <ele>50.9</ele>
    <time>2020-07-22T02:34:00Z</time>
   </trkpt>
   <trkpt lat="47.4620760" lon="-122.0914630">
    <ele>50.9</ele>
    <time>2020-07-22T02:34:01Z</time>
   </trkpt>
   <trkpt lat="47.4620720" lon="-122.0915260">
    <ele>50.9</ele>
    <time>2020-07-22T02:34:02Z</time>
   </trkpt>
   <trkpt lat="47.4620680" lon="-122.0915540">
    <ele>50.9</ele>
    <time>2020-07-22T02:34:03Z</time>
   </trkpt>
   <trkpt lat="47.4620750" lon="-122.0915950">
    <ele>50.8</ele>
    <time>2020-07-22T02:34:04Z</time>
   </trkpt>
   <trkpt lat="47.4620860" lon="-122.0916490">
    <ele>50.8</ele>
    <time>2020-07-22T02:34:05Z</time>
   </trkpt>
   <trkpt lat="47.4620820" lon="-122.0917120">
    <ele>50.8</ele>
    <time>2020-07-22T02:34:06Z</time>
   </trkpt>
   <trkpt lat="47.4621050" lon="-122.0917590">
    <ele>50.8</ele>
    <time>2020-07-22T02:34:07Z</time>
   </trkpt>
   <trkpt lat="47.4621120" lon="-122.0917980">
    <ele>50.8</ele>
    <time>2020-07-22T02:34:08Z</time>
   </trkpt>
   <trkpt lat="47.4621160" lon="-122.0918580">
    <ele>50.7</ele>
    <time>2020-07-22T02:34:09Z</time>
   </trkpt>
   <trkpt lat="47.4621190" lon="-122.0919000">
    <ele>50.7</ele>
    <time>2020-07-22T02:34:10Z</time>
   </trkpt>
   <trkpt lat="47.4621230" lon="-122.0919500">
    <ele>50.7</ele>
    <time>2020-07-22T02:34:11Z</time>
   </trkpt>
   <trkpt lat="47.4621340" lon="-122.0919970">
    <ele>50.6</ele>
    <time>2020-07-22T02:34:12Z</time>
   </trkpt>
   <trkpt lat="47.4621390" lon="-122.0920610">
    <ele>50.6</ele>
    <time>2020-07-22T02:34:13Z</time>
   </trkpt>
   <trkpt lat="47.4621370" lon="-122.0920880">
    <ele>50.6</ele>
    <time>2020-07-22T02:34:14Z</time>
   </trkpt>
   <trkpt lat="47.4621480" lon="-122.0921620">
    <ele>50.5</ele>
    <time>2020-07-22T02:34:15Z</time>
   </trkpt>
   <trkpt lat="47.4621610" lon="-122.0922170">
    <ele>50.5</ele>
    <time>2020-07-22T02:34:16Z</time>
   </trkpt>
   <trkpt lat="47.4621580" lon="-122.0922690">
    <ele>50.4</ele>
    <time>2020-07-22T02:34:17Z</time>
   </trkpt>
   <trkpt lat="47.4621600" lon="-122.0923160">
    <ele>50.4</ele>
    <time>2020-07-22T02:34:18Z</time>
   </trkpt>
   <trkpt lat="47.4621490" lon="-122.0923760">
    <ele>50.4</ele>
    <time>2020-07-22T02:34:19Z</time>
   </trkpt>
   <trkpt lat="47.4621450" lon="-122.0924240">
    <ele>50.3</ele>
    <time>2020-07-22T02:34:20Z</time>
   </trkpt>
   <trkpt lat="47.4621650" lon="-122.0924800">
    <ele>50.3</ele>
    <time>2020-07-22T02:34:21Z</time>
   </trkpt>
   <trkpt lat="47.4621590" lon="-122.0925380">
    <ele>50.2</ele>
    <time>2020-07-22T02:34:22Z</time>
   </trkpt>
   <trkpt lat="47.4621610" lon="-122.0925880">
    <ele>50.2</ele>
    <time>2020-07-22T02:34:23Z</time>
   </trkpt>
   <trkpt lat="47.4621690" lon="-122.0926340">
    <ele>50.2</ele>
    <time>2020-07-22T02:34:24Z</time>
   </trkpt>
   <trkpt lat="47.4621780" lon="-122.0926930">
    <ele>50.1</ele>
    <time>2020-07-22T02:34:25Z</time>
   </trkpt>
   <trkpt lat="47.4621800" lon="-122.0927400">
    <ele>50.1</ele>
    <time>2020-07-22T02:34:26Z</time>
   </trkpt>
   <trkpt lat="47.4621770" lon="-122.0927940">
    <ele>50.1</ele>
    <time>2020-07-22T02:34:27Z</time>
   </trkpt>
   <trkpt lat="47.4621860" lon="-122.0928500">
    <ele>50.0</ele>
    <time>2020-07-22T02:34:28Z</time>
   </trkpt>
   <trkpt lat="47.4621870" lon="-122.0928990">
    <ele>50.0</ele>
    <time>2020-07-22T02:34:29Z</time>
   </trkpt>
   <trkpt lat="47.4621880" lon="-122.0929540">
    <ele>49.9</ele>
    <time>2020-07-22T02:34:30Z</time>
   </trkpt>
   <trkpt lat="47.4621970" lon="-122.0930170">
    <ele>49.9</ele>
    <time>2020-07-22T02:34:31Z</time>
   </trkpt>
   <trkpt lat="47.4622050" lon="-122.0930720">
    <ele>49.9</ele>
    <time>2020-07-22T02:34:32Z</time>
   </trkpt>
   <trkpt lat="47.4622110" lon="-122.0931200">
    <ele>49.9</ele>
    <time>2020-07-22T02:34:33Z</time>
   </trkpt>
   <trkpt lat="47.4622080" lon="-122.0931790">
    <ele>49.9</ele>
    <time>2020-07-22T02:34:34Z</time>
   </trkpt>
   <trkpt lat="47.4622240" lon="-122.0932520">
    <ele>49.8</ele>
    <time>2020-07-22T02:34:35Z</time>
   </trkpt>
   <trkpt lat="47.4622210" lon="-122.0933060">
    <ele>49.8</ele>
    <time>2020-07-22T02:34:36Z</time>
   </trkpt>
   <trkpt lat="47.4622170" lon="-122.0933240">
    <ele>49.8</ele>
    <time>2020-07-22T02:34:37Z</time>
   </trkpt>
   <trkpt lat="47.4622000" lon="-122.0933870">
    <ele>49.8</ele>
    <time>2020-07-22T02:34:38Z</time>
   </trkpt>
   <trkpt lat="47.4622060" lon="-122.0934390">
    <ele>49.8</ele>
    <time>2020-07-22T02:34:39Z</time>
   </trkpt>
   <trkpt lat="47.4622220" lon="-122.0934940">
    <ele>49.7</ele>
    <time>2020-07-22T02:34:40Z</time>
   </trkpt>
   <trkpt lat="47.4622310" lon="-122.0935410">
    <ele>49.7</ele>
    <time>2020-07-22T02:34:41Z</time>
   </trkpt>
   <trkpt lat="47.4622460" lon="-122.0936220">
    <ele>49.7</ele>
    <time>2020-07-22T02:34:42Z</time>
   </trkpt>
   <trkpt lat="47.4622410" lon="-122.0936650">
    <ele>49.7</ele>
    <time>2020-07-22T02:34:43Z</time>
   </trkpt>
   <trkpt lat="47.4622490" lon="-122.0937330">
    <ele>49.6</ele>
    <time>2020-07-22T02:34:44Z</time>
   </trkpt>
   <trkpt lat="47.4622570" lon="-122.0937670">
    <ele>49.6</ele>
    <time>2020-07-22T02:34:45Z</time>
   </trkpt>
   <trkpt lat="47.4622570" lon="-122.0938180">
    <ele>49.6</ele>
    <time>2020-07-22T02:34:46Z</time>
   </trkpt>
   <trkpt lat="47.4622600" lon="-122.0938790">
    <ele>49.6</ele>
    <time>2020-07-22T02:34:47Z</time>
   </trkpt>
   <trkpt lat="47.4622640" lon="-122.0939440">
    <ele>49.5</ele>
    <time>2020-07-22T02:34:48Z</time>
   </trkpt>
   <trkpt lat="47.4622670" lon="-122.0940040">
    <ele>49.5</ele>
    <time>2020-07-22T02:34:49Z</time>
   </trkpt>
   <trkpt lat="47.4622680" lon="-122.0940260">
    <ele>49.5</ele>
    <time>2020-07-22T02:34:50Z</time>
   </trkpt>
   <trkpt lat="47.4622560" lon="-122.0940850">
    <ele>49.4</ele>
    <time>2020-07-22T02:34:51Z</time>
   </trkpt>
   <trkpt lat="47.4622570" lon="-122.0941320">
    <ele>49.4</ele>
    <time>2020-07-22T02:34:52Z</time>
   </trkpt>
   <trkpt lat="47.4622440" lon="-122.0941770">
    <ele>49.3</ele>
    <time>2020-07-22T02:34:53Z</time>
   </trkpt>
   <trkpt lat="47.4622570" lon="-122.0942230">
    <ele>49.3</ele>
    <time>2020-07-22T02:34:54Z</time>
   </trkpt>
   <trkpt lat="47.4622780" lon="-122.0942670">
    <ele>49.3</ele>
    <time>2020-07-22T02:34:55Z</time>
   </trkpt>
   <trkpt lat="47.4622810" lon="-122.0943300">
    <ele>49.3</ele>
    <time>2020-07-22T02:34:56Z</time>
   </trkpt>
   <trkpt lat="47.4622910" lon="-122.0943910">
    <ele>49.3</ele>
    <time>2020-07-22T02:34:57Z</time>
   </trkpt>
   <trkpt lat="47.4622910" lon="-122.0944430">
    <ele>49.3</ele>
    <time>2020-07-22T02:34:58Z</time>
   </trkpt>
   <trkpt lat="47.4622970" lon="-122.0945040">
    <ele>49.3</ele>
    <time>2020-07-22T02:34:59Z</time>
   </trkpt>
   <trkpt lat="47.4623100" lon="-122.0945750">
    <ele>49.2</ele>
    <time>2020-07-22T02:35:00Z</time>
   </trkpt>
   <trkpt lat="47.4623160" lon="-122.0946150">
    <ele>49.2</ele>
    <time>2020-07-22T02:35:01Z</time>
   </trkpt>
   <trkpt lat="47.4623220" lon="-122.0946620">
    <ele>49.2</ele>
    <time>2020-07-22T02:35:02Z</time>
   </trkpt>
   <trkpt lat="47.4623330" lon="-122.0947250">
    <ele>49.1</ele>
    <time>2020-07-22T02:35:03Z</time>
   </trkpt>
   <trkpt lat="47.4623410" lon="-122.0947710">
    <ele>49.1</ele>
    <time>2020-07-22T02:35:04Z</time>
   </trkpt>
   <trkpt lat="47.4623380" lon="-122.0948540">
    <ele>49.1</ele>
    <time>2020-07-22T02:35:05Z</time>
   </trkpt>
   <trkpt lat="47.4623490" lon="-122.0948990">
    <ele>49.1</ele>
    <time>2020-07-22T02:35:06Z</time>
   </trkpt>
   <trkpt lat="47.4623570" lon="-122.0949480">
    <ele>49.0</ele>
    <time>2020-07-22T02:35:07Z</time>
   </trkpt>
   <trkpt lat="47.4623580" lon="-122.0949980">
    <ele>49.0</ele>
    <time>2020-07-22T02:35:08Z</time>
   </trkpt>
   <trkpt lat="47.4623770" lon="-122.0950400">
    <ele>49.0</ele>
    <time>2020-07-22T02:35:09Z</time>
   </trkpt>
   <trkpt lat="47.4623750" lon="-122.0951270">
    <ele>48.9</ele>
    <time>2020-07-22T02:35:10Z</time>
   </trkpt>
   <trkpt lat="47.4623780" lon="-122.0951830">
    <ele>48.8</ele>
    <time>2020-07-22T02:35:11Z</time>
   </trkpt>
   <trkpt lat="47.4623870" lon="-122.0952340">
    <ele>48.7</ele>
    <time>2020-07-22T02:35:12Z</time>
   </trkpt>
   <trkpt lat="47.4623820" lon="-122.0952800">
    <ele>48.6</ele>
    <time>2020-07-22T02:35:13Z</time>
   </trkpt>
   <trkpt lat="47.4623980" lon="-122.0953200">
    <ele>48.6</ele>
    <time>2020-07-22T02:35:14Z</time>
   </trkpt>
   <trkpt lat="47.4623890" lon="-122.0953840">
    <ele>48.5</ele>
    <time>2020-07-22T02:35:15Z</time>
   </trkpt>
   <trkpt lat="47.4623950" lon="-122.0954360">
    <ele>48.4</ele>
    <time>2020-07-22T02:35:16Z</time>
   </trkpt>
   <trkpt lat="47.4624050" lon="-122.0955010">
    <ele>48.3</ele>
    <time>2020-07-22T02:35:17Z</time>
   </trkpt>
   <trkpt lat="47.4624090" lon="-122.0955450">
    <ele>48.3</ele>
    <time>2020-07-22T02:35:18Z</time>
   </trkpt>
   <trkpt lat="47.4624160" lon="-122.0955860">
    <ele>48.2</ele>
    <time>2020-07-22T02:35:19Z</time>
   </trkpt>
   <trkpt lat="47.4624260" lon="-122.0956410">
    <ele>48.2</ele>
    <time>2020-07-22T02:35:20Z</time>
   </trkpt>
   <trkpt lat="47.4624270" lon="-122.0956990">
    <ele>48.2</ele>
    <time>2020-07-22T02:35:21Z</time>
   </trkpt>
   <trkpt lat="47.4624230" lon="-122.0957540">
    <ele>48.1</ele>
    <time>2020-07-22T02:35:22Z</time>
   </trkpt>
   <trkpt lat="47.4624200" lon="-122.0958090">
    <ele>48.1</ele>
    <time>2020-07-22T02:35:23Z</time>
   </trkpt>
   <trkpt lat="47.4624210" lon="-122.0958320">
    <ele>48.1</ele>
    <time>2020-07-22T02:35:24Z</time>
   </trkpt>
   <trkpt lat="47.4624240" lon="-122.0958770">
    <ele>48.1</ele>
    <time>2020-07-22T02:35:25Z</time>
   </trkpt>
   <trkpt lat="47.4624290" lon="-122.0959320">
    <ele>48.0</ele>
    <time>2020-07-22T02:35:26Z</time>
   </trkpt>
   <trkpt lat="47.4624420" lon="-122.0960430">
    <ele>48.0</ele>
    <time>2020-07-22T02:35:27Z</time>
   </trkpt>
   <trkpt lat="47.4624390" lon="-122.0961070">
    <ele>47.9</ele>
    <time>2020-07-22T02:35:28Z</time>
   </trkpt>
   <trkpt lat="47.4624240" lon="-122.0961500">
    <ele>47.9</ele>
    <time>2020-07-22T02:35:29Z</time>
   </trkpt>
   <trkpt lat="47.4624430" lon="-122.0961960">
    <ele>47.9</ele>
    <time>2020-07-22T02:35:30Z</time>
   </trkpt>
   <trkpt lat="47.4624320" lon="-122.0962470">
    <ele>47.9</ele>
    <time>2020-07-22T02:35:32Z</time>
   </trkpt>
   <trkpt lat="47.4624460" lon="-122.0963010">
    <ele>47.8</ele>
    <time>2020-07-22T02:35:33Z</time>
   </trkpt>
   <trkpt lat="47.4624490" lon="-122.0963560">
    <ele>47.8</ele>
    <time>2020-07-22T02:35:34Z</time>
   </trkpt>
   <trkpt lat="47.4624450" lon="-122.0964150">
    <ele>47.8</ele>
    <time>2020-07-22T02:35:35Z</time>
   </trkpt>
   <trkpt lat="47.4624520" lon="-122.0964680">
    <ele>47.8</ele>
    <time>2020-07-22T02:35:36Z</time>
   </trkpt>
   <trkpt lat="47.4624730" lon="-122.0965360">
    <ele>47.7</ele>
    <time>2020-07-22T02:35:37Z</time>
   </trkpt>
   <trkpt lat="47.4624750" lon="-122.0965920">
    <ele>47.7</ele>
    <time>2020-07-22T02:35:38Z</time>
   </trkpt>
   <trkpt lat="47.4624730" lon="-122.0966160">
    <ele>47.7</ele>
    <time>2020-07-22T02:35:39Z</time>
   </trkpt>
   <trkpt lat="47.4624820" lon="-122.0966820">
    <ele>47.6</ele>
    <time>2020-07-22T02:35:40Z</time>
   </trkpt>
   <trkpt lat="47.4624860" lon="-122.0967240">
    <ele>47.6</ele>
    <time>2020-07-22T02:35:41Z</time>
   </trkpt>
   <trkpt lat="47.4624730" lon="-122.0967860">
    <ele>47.6</ele>
    <time>2020-07-22T02:35:42Z</time>
   </trkpt>
   <trkpt lat="47.4624860" lon="-122.0968440">
    <ele>47.6</ele>
    <time>2020-07-22T02:35:43Z</time>
   </trkpt>
   <trkpt lat="47.4624900" lon="-122.0969120">
    <ele>47.5</ele>
    <time>2020-07-22T02:35:44Z</time>
   </trkpt>
   <trkpt lat="47.4624860" lon="-122.0969410">
    <ele>47.5</ele>
    <time>2020-07-22T02:35:45Z</time>
   </trkpt>
   <trkpt lat="47.4625000" lon="-122.0969870">
    <ele>47.5</ele>
    <time>2020-07-22T02:35:46Z</time>
   </trkpt>
   <trkpt lat="47.4625040" lon="-122.0970100">
    <ele>47.5</ele>
    <time>2020-07-22T02:35:47Z</time>
   </trkpt>
   <trkpt lat="47.4625140" lon="-122.0970500">
    <ele>47.5</ele>
    <time>2020-07-22T02:35:48Z</time>
   </trkpt>
   <trkpt lat="47.4625030" lon="-122.0971050">
    <ele>47.5</ele>
    <time>2020-07-22T02:35:49Z</time>
   </trkpt>
   <trkpt lat="47.4624980" lon="-122.0971670">
    <ele>47.5</ele>
    <time>2020-07-22T02:35:50Z</time>
   </trkpt>
   <trkpt lat="47.4625210" lon="-122.0972160">
    <ele>47.5</ele>
    <time>2020-07-22T02:35:51Z</time>
   </trkpt>
   <trkpt lat="47.4625330" lon="-122.0972690">
    <ele>47.5</ele>
    <time>2020-07-22T02:35:52Z</time>
   </trkpt>
   <trkpt lat="47.4625340" lon="-122.0973310">
    <ele>47.5</ele>
    <time>2020-07-22T02:35:53Z</time>
   </trkpt>
   <trkpt lat="47.4625340" lon="-122.0973720">
    <ele>47.5</ele>
    <time>2020-07-22T02:35:54Z</time>
   </trkpt>
   <trkpt lat="47.4625450" lon="-122.0974180">
    <ele>47.5</ele>
    <time>2020-07-22T02:35:55Z</time>
   </trkpt>
   <trkpt lat="47.4625600" lon="-122.0974770">
    <ele>47.5</ele>
    <time>2020-07-22T02:35:56Z</time>
   </trkpt>
   <trkpt lat="47.4625650" lon="-122.0975290">
    <ele>47.5</ele>
    <time>2020-07-22T02:35:57Z</time>
   </trkpt>
   <trkpt lat="47.4625660" lon="-122.0975760">
    <ele>47.5</ele>
    <time>2020-07-22T02:35:58Z</time>
   </trkpt>
   <trkpt lat="47.4625680" lon="-122.0976230">
    <ele>47.5</ele>
    <time>2020-07-22T02:35:59Z</time>
   </trkpt>
   <trkpt lat="47.4625750" lon="-122.0976850">
    <ele>47.5</ele>
    <time>2020-07-22T02:36:00Z</time>
   </trkpt>
   <trkpt lat="47.4625820" lon="-122.0977140">
    <ele>47.4</ele>
    <time>2020-07-22T02:36:01Z</time>
   </trkpt>
   <trkpt lat="47.4625770" lon="-122.0977760">
    <ele>47.4</ele>
    <time>2020-07-22T02:36:02Z</time>
   </trkpt>
   <trkpt lat="47.4625860" lon="-122.0978300">
    <ele>47.4</ele>
    <time>2020-07-22T02:36:03Z</time>
   </trkpt>
   <trkpt lat="47.4625870" lon="-122.0978860">
    <ele>47.4</ele>
    <time>2020-07-22T02:36:04Z</time>
   </trkpt>
   <trkpt lat="47.4625740" lon="-122.0979470">
    <ele>47.3</ele>
    <time>2020-07-22T02:36:05Z</time>
   </trkpt>
   <trkpt lat="47.4625840" lon="-122.0980070">
    <ele>47.3</ele>
    <time>2020-07-22T02:36:06Z</time>
   </trkpt>
   <trkpt lat="47.4625910" lon="-122.0980550">
    <ele>47.3</ele>
    <time>2020-07-22T02:36:07Z</time>
   </trkpt>
   <trkpt lat="47.4625980" lon="-122.0981230">
    <ele>47.2</ele>
    <time>2020-07-22T02:36:08Z</time>
   </trkpt>
   <trkpt lat="47.4626030" lon="-122.0981530">
    <ele>47.2</ele>
    <time>2020-07-22T02:36:09Z</time>
   </trkpt>
   <trkpt lat="47.4626030" lon="-122.0982110">
    <ele>47.2</ele>
    <time>2020-07-22T02:36:10Z</time>
   </trkpt>
   <trkpt lat="47.4626110" lon="-122.0982600">
    <ele>47.2</ele>
    <time>2020-07-22T02:36:11Z</time>
   </trkpt>
   <trkpt lat="47.4626200" lon="-122.0983040">
    <ele>47.1</ele>
    <time>2020-07-22T02:36:12Z</time>
   </trkpt>
   <trkpt lat="47.4626280" lon="-122.0983660">
    <ele>47.1</ele>
    <time>2020-07-22T02:36:13Z</time>
   </trkpt>
   <trkpt lat="47.4626190" lon="-122.0984150">
    <ele>47.1</ele>
    <time>2020-07-22T02:36:14Z</time>
   </trkpt>
   <trkpt lat="47.4626230" lon="-122.0984570">
    <ele>47.1</ele>
    <time>2020-07-22T02:36:15Z</time>
   </trkpt>
   <trkpt lat="47.4626280" lon="-122.0985100">
    <ele>47.1</ele>
    <time>2020-07-22T02:36:16Z</time>
   </trkpt>
   <trkpt lat="47.4626160" lon="-122.0985720">
    <ele>47.0</ele>
    <time>2020-07-22T02:36:17Z</time>
   </trkpt>
   <trkpt lat="47.4626340" lon="-122.0986470">
    <ele>47.0</ele>
    <time>2020-07-22T02:36:18Z</time>
   </trkpt>
   <trkpt lat="47.4626430" lon="-122.0987300">
    <ele>47.0</ele>
    <time>2020-07-22T02:36:19Z</time>
   </trkpt>
   <trkpt lat="47.4626540" lon="-122.0987630">
    <ele>47.0</ele>
    <time>2020-07-22T02:36:20Z</time>
   </trkpt>
   <trkpt lat="47.4626550" lon="-122.0987810">
    <ele>47.0</ele>
    <time>2020-07-22T02:36:21Z</time>
   </trkpt>
   <trkpt lat="47.4626490" lon="-122.0988210">
    <ele>46.9</ele>
    <time>2020-07-22T02:36:22Z</time>
   </trkpt>
   <trkpt lat="47.4626560" lon="-122.0988880">
    <ele>46.9</ele>
    <time>2020-07-22T02:36:23Z</time>
   </trkpt>
   <trkpt lat="47.4626550" lon="-122.0989460">
    <ele>46.9</ele>
    <time>2020-07-22T02:36:24Z</time>
   </trkpt>
   <trkpt lat="47.4626770" lon="-122.0989970">
    <ele>46.8</ele>
    <time>2020-07-22T02:36:25Z</time>
   </trkpt>
   <trkpt lat="47.4626690" lon="-122.0990410">
    <ele>46.8</ele>
    <time>2020-07-22T02:36:26Z</time>
   </trkpt>
   <trkpt lat="47.4626810" lon="-122.0991090">
    <ele>46.8</ele>
    <time>2020-07-22T02:36:27Z</time>
   </trkpt>
   <trkpt lat="47.4626800" lon="-122.0991660">
    <ele>46.8</ele>
    <time>2020-07-22T02:36:28Z</time>
   </trkpt>
   <trkpt lat="47.4626850" lon="-122.0992060">
    <ele>46.8</ele>
    <time>2020-07-22T02:36:29Z</time>
   </trkpt>
   <trkpt lat="47.4626770" lon="-122.0992740">
    <ele>46.8</ele>
    <time>2020-07-22T02:36:30Z</time>
   </trkpt>
   <trkpt lat="47.4626770" lon="-122.0993170">
    <ele>46.8</ele>
    <time>2020-07-22T02:36:31Z</time>
   </trkpt>
   <trkpt lat="47.4626890" lon="-122.0993670">
    <ele>46.8</ele>
    <time>2020-07-22T02:36:32Z</time>
   </trkpt>
   <trkpt lat="47.4626890" lon="-122.0994070">
    <ele>46.8</ele>
    <time>2020-07-22T02:36:33Z</time>
   </trkpt>
   <trkpt lat="47.4626970" lon="-122.0994570">
    <ele>46.8</ele>
    <time>2020-07-22T02:36:34Z</time>
   </trkpt>
   <trkpt lat="47.4627070" lon="-122.0995140">
    <ele>46.7</ele>
    <time>2020-07-22T02:36:35Z</time>
   </trkpt>
   <trkpt lat="47.4627220" lon="-122.0995620">
    <ele>46.7</ele>
    <time>2020-07-22T02:36:36Z</time>
   </trkpt>
   <trkpt lat="47.4627280" lon="-122.0996230">
    <ele>46.7</ele>
    <time>2020-07-22T02:36:37Z</time>
   </trkpt>
   <trkpt lat="47.4627320" lon="-122.0996850">
    <ele>46.6</ele>
    <time>2020-07-22T02:36:38Z</time>
   </trkpt>
   <trkpt lat="47.4627480" lon="-122.0997250">
    <ele>46.6</ele>
    <time>2020-07-22T02:36:39Z</time>
   </trkpt>
   <trkpt lat="47.4627390" lon="-122.0997770">
    <ele>46.5</ele>
    <time>2020-07-22T02:36:40Z</time>
   </trkpt>
   <trkpt lat="47.4627340" lon="-122.0997890">
    <ele>46.5</ele>
    <time>2020-07-22T02:36:41Z</time>
   </trkpt>
   <trkpt lat="47.4627060" lon="-122.0998470">
    <ele>46.5</ele>
    <time>2020-07-22T02:36:42Z</time>
   </trkpt>
   <trkpt lat="47.4627340" lon="-122.0999310">
    <ele>46.5</ele>
    <time>2020-07-22T02:36:43Z</time>
   </trkpt>
   <trkpt lat="47.4627460" lon="-122.0999870">
    <ele>46.5</ele>
    <time>2020-07-22T02:36:44Z</time>
   </trkpt>
   <trkpt lat="47.4627590" lon="-122.1000340">
    <ele>46.4</ele>
    <time>2020-07-22T02:36:45Z</time>
   </trkpt>
   <trkpt lat="47.4627830" lon="-122.1000860">
    <ele>46.4</ele>
    <time>2020-07-22T02:36:46Z</time>
   </trkpt>
   <trkpt lat="47.4627710" lon="-122.1001560">
    <ele>46.4</ele>
    <time>2020-07-22T02:36:47Z</time>
   </trkpt>
   <trkpt lat="47.4627720" lon="-122.1002030">
    <ele>46.4</ele>
    <time>2020-07-22T02:36:48Z</time>
   </trkpt>
   <trkpt lat="47.4627830" lon="-122.1002610">
    <ele>46.3</ele>
    <time>2020-07-22T02:36:49Z</time>
   </trkpt>
   <trkpt lat="47.4627720" lon="-122.1002990">
    <ele>46.3</ele>
    <time>2020-07-22T02:36:50Z</time>
   </trkpt>
   <trkpt lat="47.4627520" lon="-122.1003360">
    <ele>46.3</ele>
    <time>2020-07-22T02:36:51Z</time>
   </trkpt>
   <trkpt lat="47.4627730" lon="-122.1004120">
    <ele>46.2</ele>
    <time>2020-07-22T02:36:52Z</time>
   </trkpt>
   <trkpt lat="47.4627790" lon="-122.1004770">
    <ele>46.2</ele>
    <time>2020-07-22T02:36:53Z</time>
   </trkpt>
   <trkpt lat="47.4627820" lon="-122.1005260">
    <ele>46.2</ele>
    <time>2020-07-22T02:36:54Z</time>
   </trkpt>
   <trkpt lat="47.4628030" lon="-122.1005580">
    <ele>46.2</ele>
    <time>2020-07-22T02:36:55Z</time>
   </trkpt>
   <trkpt lat="47.4628100" lon="-122.1006080">
    <ele>46.1</ele>
    <time>2020-07-22T02:36:56Z</time>
   </trkpt>
   <trkpt lat="47.4628100" lon="-122.1006680">
    <ele>46.1</ele>
    <time>2020-07-22T02:36:57Z</time>
   </trkpt>
   <trkpt lat="47.4628240" lon="-122.1007210">
    <ele>46.1</ele>
    <time>2020-07-22T02:36:58Z</time>
   </trkpt>
   <trkpt lat="47.4628350" lon="-122.1007920">
    <ele>46.0</ele>
    <time>2020-07-22T02:36:59Z</time>
   </trkpt>
   <trkpt lat="47.4628340" lon="-122.1008450">
    <ele>46.0</ele>
    <time>2020-07-22T02:37:00Z</time>
   </trkpt>
   <trkpt lat="47.4628500" lon="-122.1008880">
    <ele>46.0</ele>
    <time>2020-07-22T02:37:01Z</time>
   </trkpt>
   <trkpt lat="47.4628510" lon="-122.1009440">
    <ele>45.9</ele>
    <time>2020-07-22T02:37:02Z</time>
   </trkpt>
   <trkpt lat="47.4628680" lon="-122.1010150">
    <ele>45.9</ele>
    <time>2020-07-22T02:37:03Z</time>
   </trkpt>
   <trkpt lat="47.4628480" lon="-122.1010720">
    <ele>45.9</ele>
    <time>2020-07-22T02:37:04Z</time>
   </trkpt>
   <trkpt lat="47.4628490" lon="-122.1011210">
    <ele>45.8</ele>
    <time>2020-07-22T02:37:05Z</time>
   </trkpt>
   <trkpt lat="47.4628450" lon="-122.1011680">
    <ele>45.8</ele>
    <time>2020-07-22T02:37:06Z</time>
   </trkpt>
   <trkpt lat="47.4628590" lon="-122.1012130">
    <ele>45.8</ele>
    <time>2020-07-22T02:37:07Z</time>
   </trkpt>
   <trkpt lat="47.4628740" lon="-122.1012780">
    <ele>45.9</ele>
    <time>2020-07-22T02:37:08Z</time>
   </trkpt>
   <trkpt lat="47.4628890" lon="-122.1013200">
    <ele>45.9</ele>
    <time>2020-07-22T02:37:09Z</time>
   </trkpt>
   <trkpt lat="47.4628780" lon="-122.1013880">
    <ele>45.9</ele>
    <time>2020-07-22T02:37:10Z</time>
   </trkpt>
   <trkpt lat="47.4628920" lon="-122.1014300">
    <ele>45.9</ele>
    <time>2020-07-22T02:37:11Z</time>
   </trkpt>
   <trkpt lat="47.4629010" lon="-122.1014990">
    <ele>45.9</ele>
    <time>2020-07-22T02:37:12Z</time>
   </trkpt>
   <trkpt lat="47.4629030" lon="-122.1015330">
    <ele>45.9</ele>
    <time>2020-07-22T02:37:13Z</time>
   </trkpt>
   <trkpt lat="47.4628990" lon="-122.1015790">
    <ele>45.9</ele>
    <time>2020-07-22T02:37:14Z</time>
   </trkpt>
   <trkpt lat="47.4629090" lon="-122.1016340">
    <ele>45.9</ele>
    <time>2020-07-22T02:37:15Z</time>
   </trkpt>
   <trkpt lat="47.4629130" lon="-122.1016770">
    <ele>45.9</ele>
    <time>2020-07-22T02:37:16Z</time>
   </trkpt>
   <trkpt lat="47.4629110" lon="-122.1017270">
    <ele>45.9</ele>
    <time>2020-07-22T02:37:17Z</time>
   </trkpt>
   <trkpt lat="47.4629110" lon="-122.1017740">
    <ele>45.9</ele>
    <time>2020-07-22T02:37:18Z</time>
   </trkpt>
   <trkpt lat="47.4629200" lon="-122.1018130">
    <ele>45.9</ele>
    <time>2020-07-22T02:37:19Z</time>
   </trkpt>
   <trkpt lat="47.4629230" lon="-122.1018620">
    <ele>45.9</ele>
    <time>2020-07-22T02:37:20Z</time>
   </trkpt>
   <trkpt lat="47.4629210" lon="-122.1019020">
    <ele>45.9</ele>
    <time>2020-07-22T02:37:21Z</time>
   </trkpt>
   <trkpt lat="47.4629090" lon="-122.1019590">
    <ele>45.9</ele>
    <time>2020-07-22T02:37:22Z</time>
   </trkpt>
   <trkpt lat="47.4629030" lon="-122.1020140">
    <ele>45.8</ele>
    <time>2020-07-22T02:37:23Z</time>
   </trkpt>
   <trkpt lat="47.4629030" lon="-122.1020780">
    <ele>45.8</ele>
    <time>2020-07-22T02:37:24Z</time>
   </trkpt>
   <trkpt lat="47.4629040" lon="-122.1021080">
    <ele>45.8</ele>
    <time>2020-07-22T02:37:25Z</time>
   </trkpt>
   <trkpt lat="47.4628970" lon="-122.1021650">
    <ele>45.8</ele>
    <time>2020-07-22T02:37:26Z</time>
   </trkpt>
   <trkpt lat="47.4629010" lon="-122.1021950">
    <ele>45.8</ele>
    <time>2020-07-22T02:37:27Z</time>
   </trkpt>
   <trkpt lat="47.4628790" lon="-122.1022390">
    <ele>45.8</ele>
    <time>2020-07-22T02:37:28Z</time>
   </trkpt>
   <trkpt lat="47.4628680" lon="-122.1022910">
    <ele>45.8</ele>
    <time>2020-07-22T02:37:29Z</time>
   </trkpt>
   <trkpt lat="47.4628800" lon="-122.1023420">
    <ele>45.7</ele>
    <time>2020-07-22T02:37:30Z</time>
   </trkpt>
   <trkpt lat="47.4628900" lon="-122.1023920">
    <ele>45.7</ele>
    <time>2020-07-22T02:37:31Z</time>
   </trkpt>
   <trkpt lat="47.4628930" lon="-122.1024440">
    <ele>45.7</ele>
    <time>2020-07-22T02:37:32Z</time>
   </trkpt>
   <trkpt lat="47.4629030" lon="-122.1024900">
    <ele>45.7</ele>
    <time>2020-07-22T02:37:33Z</time>
   </trkpt>
   <trkpt lat="47.4628750" lon="-122.1025380">
    <ele>45.7</ele>
    <time>2020-07-22T02:37:34Z</time>
   </trkpt>
   <trkpt lat="47.4628900" lon="-122.1025910">
    <ele>45.7</ele>
    <time>2020-07-22T02:37:35Z</time>
   </trkpt>
   <trkpt lat="47.4628860" lon="-122.1026320">
    <ele>45.7</ele>
    <time>2020-07-22T02:37:36Z</time>
   </trkpt>
   <trkpt lat="47.4628950" lon="-122.1026940">
    <ele>45.7</ele>
    <time>2020-07-22T02:37:37Z</time>
   </trkpt>
   <trkpt lat="47.4628900" lon="-122.1027360">
    <ele>45.7</ele>
    <time>2020-07-22T02:37:38Z</time>
   </trkpt>
   <trkpt lat="47.4628950" lon="-122.1027930">
    <ele>45.7</ele>
    <time>2020-07-22T02:37:39Z</time>
   </trkpt>
   <trkpt lat="47.4629120" lon="-122.1028340">
    <ele>45.7</ele>
    <time>2020-07-22T02:37:40Z</time>
   </trkpt>
   <trkpt lat="47.4629140" lon="-122.1028800">
    <ele>45.7</ele>
    <time>2020-07-22T02:37:41Z</time>
   </trkpt>
   <trkpt lat="47.4629210" lon="-122.1029290">
    <ele>45.7</ele>
    <time>2020-07-22T02:37:42Z</time>
   </trkpt>
   <trkpt lat="47.4629310" lon="-122.1029770">
    <ele>45.7</ele>
    <time>2020-07-22T02:37:43Z</time>
   </trkpt>
   <trkpt lat="47.4629440" lon="-122.1030320">
    <ele>45.7</ele>
    <time>2020-07-22T02:37:44Z</time>
   </trkpt>
   <trkpt lat="47.4629530" lon="-122.1030820">
    <ele>45.7</ele>
    <time>2020-07-22T02:37:45Z</time>
   </trkpt>
   <trkpt lat="47.4629500" lon="-122.1031400">
    <ele>45.6</ele>
    <time>2020-07-22T02:37:46Z</time>
   </trkpt>
   <trkpt lat="47.4629650" lon="-122.1031900">
    <ele>45.6</ele>
    <time>2020-07-22T02:37:47Z</time>
   </trkpt>
   <trkpt lat="47.4629750" lon="-122.1032520">
    <ele>45.6</ele>
    <time>2020-07-22T02:37:48Z</time>
   </trkpt>
   <trkpt lat="47.4629780" lon="-122.1032820">
    <ele>45.6</ele>
    <time>2020-07-22T02:37:49Z</time>
   </trkpt>
   <trkpt lat="47.4629830" lon="-122.1033330">
    <ele>45.6</ele>
    <time>2020-07-22T02:37:50Z</time>
   </trkpt>
   <trkpt lat="47.4630020" lon="-122.1033900">
    <ele>45.5</ele>
    <time>2020-07-22T02:37:51Z</time>
   </trkpt>
   <trkpt lat="47.4630110" lon="-122.1034360">
    <ele>45.5</ele>
    <time>2020-07-22T02:37:52Z</time>
   </trkpt>
   <trkpt lat="47.4630080" lon="-122.1034830">
    <ele>45.5</ele>
    <time>2020-07-22T02:37:53Z</time>
   </trkpt>
   <trkpt lat="47.4630180" lon="-122.1035290">
    <ele>45.4</ele>
    <time>2020-07-22T02:37:54Z</time>
   </trkpt>
   <trkpt lat="47.4630200" lon="-122.1035720">
    <ele>45.4</ele>
    <time>2020-07-22T02:37:55Z</time>
   </trkpt>
   <trkpt lat="47.4630370" lon="-122.1036320">
    <ele>45.3</ele>
    <time>2020-07-22T02:37:56Z</time>
   </trkpt>
   <trkpt lat="47.4630480" lon="-122.1036840">
    <ele>45.3</ele>
    <time>2020-07-22T02:37:57Z</time>
   </trkpt>
   <trkpt lat="47.4630630" lon="-122.1037370">
    <ele>45.2</ele>
    <time>2020-07-22T02:37:58Z</time>
   </trkpt>
   <trkpt lat="47.4630810" lon="-122.1037940">
    <ele>45.2</ele>
    <time>2020-07-22T02:37:59Z</time>
   </trkpt>
   <trkpt lat="47.4630850" lon="-122.1038500">
    <ele>45.2</ele>
    <time>2020-07-22T02:38:00Z</time>
   </trkpt>
   <trkpt lat="47.4631040" lon="-122.1039210">
    <ele>45.1</ele>
    <time>2020-07-22T02:38:01Z</time>
   </trkpt>
   <trkpt lat="47.4631130" lon="-122.1039660">
    <ele>45.1</ele>
    <time>2020-07-22T02:38:02Z</time>
   </trkpt>
   <trkpt lat="47.4631280" lon="-122.1040290">
    <ele>45.1</ele>
    <time>2020-07-22T02:38:03Z</time>
   </trkpt>
   <trkpt lat="47.4631370" lon="-122.1040730">
    <ele>45.2</ele>
    <time>2020-07-22T02:38:04Z</time>
   </trkpt>
   <trkpt lat="47.4631310" lon="-122.1041220">
    <ele>45.2</ele>
    <time>2020-07-22T02:38:05Z</time>
   </trkpt>
   <trkpt lat="47.4631350" lon="-122.1041680">
    <ele>45.2</ele>
    <time>2020-07-22T02:38:06Z</time>
   </trkpt>
   <trkpt lat="47.4631480" lon="-122.1042270">
    <ele>45.3</ele>
    <time>2020-07-22T02:38:07Z</time>
   </trkpt>
   <trkpt lat="47.4631490" lon="-122.1042810">
    <ele>45.4</ele>
    <time>2020-07-22T02:38:08Z</time>
   </trkpt>
   <trkpt lat="47.4631480" lon="-122.1043280">
    <ele>45.4</ele>
    <time>2020-07-22T02:38:09Z</time>
   </trkpt>
   <trkpt lat="47.4631500" lon="-122.1043870">
    <ele>45.5</ele>
    <time>2020-07-22T02:38:10Z</time>
   </trkpt>
   <trkpt lat="47.4631530" lon="-122.1044360">
    <ele>45.6</ele>
    <time>2020-07-22T02:38:11Z</time>
   </trkpt>
   <trkpt lat="47.4631350" lon="-122.1044920">
    <ele>45.7</ele>
    <time>2020-07-22T02:38:12Z</time>
   </trkpt>
   <trkpt lat="47.4631400" lon="-122.1045560">
    <ele>45.8</ele>
    <time>2020-07-22T02:38:13Z</time>
   </trkpt>
   <trkpt lat="47.4631410" lon="-122.1046030">
    <ele>45.9</ele>
    <time>2020-07-22T02:38:14Z</time>
   </trkpt>
   <trkpt lat="47.4631420" lon="-122.1046630">
    <ele>46.1</ele>
    <time>2020-07-22T02:38:15Z</time>
   </trkpt>
   <trkpt lat="47.4631480" lon="-122.1047270">
    <ele>46.2</ele>
    <time>2020-07-22T02:38:16Z</time>
   </trkpt>
   <trkpt lat="47.4631570" lon="-122.1047660">
    <ele>46.3</ele>
    <time>2020-07-22T02:38:17Z</time>
   </trkpt>
   <trkpt lat="47.4631710" lon="-122.1048120">
    <ele>46.4</ele>
    <time>2020-07-22T02:38:18Z</time>
   </trkpt>
   <trkpt lat="47.4631740" lon="-122.1048610">
    <ele>46.6</ele>
    <time>2020-07-22T02:38:19Z</time>
   </trkpt>
   <trkpt lat="47.4631890" lon="-122.1049260">
    <ele>46.7</ele>
    <time>2020-07-22T02:38:20Z</time>
   </trkpt>
   <trkpt lat="47.4631990" lon="-122.1049910">
    <ele>46.8</ele>
    <time>2020-07-22T02:38:21Z</time>
   </trkpt>
   <trkpt lat="47.4632050" lon="-122.1050210">
    <ele>46.8</ele>
    <time>2020-07-22T02:38:22Z</time>
   </trkpt>
   <trkpt lat="47.4632180" lon="-122.1050660">
    <ele>46.9</ele>
    <time>2020-07-22T02:38:23Z</time>
   </trkpt>
   <trkpt lat="47.4632190" lon="-122.1051260">
    <ele>47.0</ele>
    <time>2020-07-22T02:38:24Z</time>
   </trkpt>
   <trkpt lat="47.4632250" lon="-122.1051480">
    <ele>47.0</ele>
    <time>2020-07-22T02:38:25Z</time>
   </trkpt>
   <trkpt lat="47.4632250" lon="-122.1051940">
    <ele>47.0</ele>
    <time>2020-07-22T02:38:26Z</time>
   </trkpt>
   <trkpt lat="47.4632230" lon="-122.1052460">
    <ele>47.1</ele>
    <time>2020-07-22T02:38:27Z</time>
   </trkpt>
   <trkpt lat="47.4632370" lon="-122.1052910">
    <ele>47.1</ele>
    <time>2020-07-22T02:38:28Z</time>
   </trkpt>
   <trkpt lat="47.4632500" lon="-122.1053330">
    <ele>47.2</ele>
    <time>2020-07-22T02:38:29Z</time>
   </trkpt>
   <trkpt lat="47.4632520" lon="-122.1053840">
    <ele>47.2</ele>
    <time>2020-07-22T02:38:30Z</time>
   </trkpt>
   <trkpt lat="47.4632620" lon="-122.1054480">
    <ele>47.2</ele>
    <time>2020-07-22T02:38:31Z</time>
   </trkpt>
   <trkpt lat="47.4632660" lon="-122.1054750">
    <ele>47.2</ele>
    <time>2020-07-22T02:38:32Z</time>
   </trkpt>
   <trkpt lat="47.4632700" lon="-122.1055290">
    <ele>47.2</ele>
    <time>2020-07-22T02:38:33Z</time>
   </trkpt>
   <trkpt lat="47.4632740" lon="-122.1055930">
    <ele>47.2</ele>
    <time>2020-07-22T02:38:34Z</time>
   </trkpt>
   <trkpt lat="47.4632830" lon="-122.1056500">
    <ele>47.2</ele>
    <time>2020-07-22T02:38:35Z</time>
   </trkpt>
   <trkpt lat="47.4632770" lon="-122.1056930">
    <ele>47.2</ele>
    <time>2020-07-22T02:38:36Z</time>
   </trkpt>
   <trkpt lat="47.4632880" lon="-122.1057400">
    <ele>47.2</ele>
    <time>2020-07-22T02:38:37Z</time>
   </trkpt>
   <trkpt lat="47.4632940" lon="-122.1057880">
    <ele>47.1</ele>
    <time>2020-07-22T02:38:38Z</time>
   </trkpt>
   <trkpt lat="47.4632960" lon="-122.1058470">
    <ele>47.1</ele>
    <time>2020-07-22T02:38:39Z</time>
   </trkpt>
   <trkpt lat="47.4633060" lon="-122.1059040">
    <ele>47.0</ele>
    <time>2020-07-22T02:38:40Z</time>
   </trkpt>
   <trkpt lat="47.4632970" lon="-122.1059530">
    <ele>47.0</ele>
    <time>2020-07-22T02:38:41Z</time>
   </trkpt>
   <trkpt lat="47.4633220" lon="-122.1059950">
    <ele>46.9</ele>
    <time>2020-07-22T02:38:42Z</time>
   </trkpt>
   <trkpt lat="47.4633350" lon="-122.1060420">
    <ele>46.9</ele>
    <time>2020-07-22T02:38:43Z</time>
   </trkpt>
   <trkpt lat="47.4632990" lon="-122.1061050">
    <ele>46.8</ele>
    <time>2020-07-22T02:38:44Z</time>
   </trkpt>
   <trkpt lat="47.4633010" lon="-122.1061470">
    <ele>46.8</ele>
    <time>2020-07-22T02:38:45Z</time>
   </trkpt>
   <trkpt lat="47.4633000" lon="-122.1062000">
    <ele>46.7</ele>
    <time>2020-07-22T02:38:46Z</time>
   </trkpt>
   <trkpt lat="47.4633090" lon="-122.1062610">
    <ele>46.6</ele>
    <time>2020-07-22T02:38:47Z</time>
   </trkpt>
   <trkpt lat="47.4633180" lon="-122.1063120">
    <ele>46.5</ele>
    <time>2020-07-22T02:38:48Z</time>
   </trkpt>
   <trkpt lat="47.4633310" lon="-122.1063760">
    <ele>46.4</ele>
    <time>2020-07-22T02:38:49Z</time>
   </trkpt>
   <trkpt lat="47.4633330" lon="-122.1064070">
    <ele>46.4</ele>
    <time>2020-07-22T02:38:50Z</time>
   </trkpt>
   <trkpt lat="47.4633040" lon="-122.1064580">
    <ele>46.3</ele>
    <time>2020-07-22T02:38:51Z</time>
   </trkpt>
   <trkpt lat="47.4633060" lon="-122.1065040">
    <ele>46.2</ele>
    <time>2020-07-22T02:38:52Z</time>
   </trkpt>
   <trkpt lat="47.4633120" lon="-122.1065650">
    <ele>46.1</ele>
    <time>2020-07-22T02:38:53Z</time>
   </trkpt>
   <trkpt lat="47.4633020" lon="-122.1066110">
    <ele>46.0</ele>
    <time>2020-07-22T02:38:54Z</time>
   </trkpt>
   <trkpt lat="47.4633150" lon="-122.1066640">
    <ele>45.9</ele>
    <time>2020-07-22T02:38:55Z</time>
   </trkpt>
   <trkpt lat="47.4633220" lon="-122.1067260">
    <ele>45.8</ele>
    <time>2020-07-22T02:38:56Z</time>
   </trkpt>
   <trkpt lat="47.4633140" lon="-122.1067890">
    <ele>45.7</ele>
    <time>2020-07-22T02:38:57Z</time>
   </trkpt>
   <trkpt lat="47.4633340" lon="-122.1068340">
    <ele>45.7</ele>
    <time>2020-07-22T02:38:58Z</time>
   </trkpt>
   <trkpt lat="47.4633440" lon="-122.1068860">
    <ele>45.6</ele>
    <time>2020-07-22T02:38:59Z</time>
   </trkpt>
   <trkpt lat="47.4633410" lon="-122.1069570">
    <ele>45.4</ele>
    <time>2020-07-22T02:39:00Z</time>
   </trkpt>
   <trkpt lat="47.4633390" lon="-122.1070080">
    <ele>45.4</ele>
    <time>2020-07-22T02:39:01Z</time>
   </trkpt>
   <trkpt lat="47.4633340" lon="-122.1070640">
    <ele>45.3</ele>
    <time>2020-07-22T02:39:02Z</time>
   </trkpt>
   <trkpt lat="47.4633380" lon="-122.1071230">
    <ele>45.2</ele>
    <time>2020-07-22T02:39:03Z</time>
   </trkpt>
   <trkpt lat="47.4633320" lon="-122.1071870">
    <ele>45.2</ele>
    <time>2020-07-22T02:39:04Z</time>
   </trkpt>
   <trkpt lat="47.4633370" lon="-122.1072200">
    <ele>45.1</ele>
    <time>2020-07-22T02:39:05Z</time>
   </trkpt>
   <trkpt lat="47.4633240" lon="-122.1072770">
    <ele>45.1</ele>
    <time>2020-07-22T02:39:06Z</time>
   </trkpt>
   <trkpt lat="47.4633320" lon="-122.1073490">
    <ele>45.0</ele>
    <time>2020-07-22T02:39:07Z</time>
   </trkpt>
   <trkpt lat="47.4633350" lon="-122.1074240">
    <ele>45.0</ele>
    <time>2020-07-22T02:39:08Z</time>
   </trkpt>
   <trkpt lat="47.4633420" lon="-122.1074630">
    <ele>44.9</ele>
    <time>2020-07-22T02:39:09Z</time>
   </trkpt>
   <trkpt lat="47.4633510" lon="-122.1075020">
    <ele>44.9</ele>
    <time>2020-07-22T02:39:10Z</time>
   </trkpt>
   <trkpt lat="47.4633660" lon="-122.1075460">
    <ele>44.9</ele>
    <time>2020-07-22T02:39:11Z</time>
   </trkpt>
   <trkpt lat="47.4633580" lon="-122.1076010">
    <ele>44.9</ele>
    <time>2020-07-22T02:39:12Z</time>
   </trkpt>
   <trkpt lat="47.4633540" lon="-122.1076500">
    <ele>44.9</ele>
    <time>2020-07-22T02:39:13Z</time>
   </trkpt>
   <trkpt lat="47.4633470" lon="-122.1076950">
    <ele>44.9</ele>
    <time>2020-07-22T02:39:14Z</time>
   </trkpt>
   <trkpt lat="47.4633480" lon="-122.1077380">
    <ele>44.9</ele>
    <time>2020-07-22T02:39:15Z</time>
   </trkpt>
   <trkpt lat="47.4633420" lon="-122.1077910">
    <ele>44.9</ele>
    <time>2020-07-22T02:39:16Z</time>
   </trkpt>
   <trkpt lat="47.4633410" lon="-122.1078470">
    <ele>44.9</ele>
    <time>2020-07-22T02:39:17Z</time>
   </trkpt>
   <trkpt lat="47.4633500" lon="-122.1078680">
    <ele>44.9</ele>
    <time>2020-07-22T02:39:18Z</time>
   </trkpt>
   <trkpt lat="47.4633280" lon="-122.1079060">
    <ele>44.9</ele>
    <time>2020-07-22T02:39:19Z</time>
   </trkpt>
   <trkpt lat="47.4633450" lon="-122.1079690">
    <ele>44.9</ele>
    <time>2020-07-22T02:39:20Z</time>
   </trkpt>
   <trkpt lat="47.4633510" lon="-122.1080150">
    <ele>44.9</ele>
    <time>2020-07-22T02:39:21Z</time>
   </trkpt>
   <trkpt lat="47.4633510" lon="-122.1080580">
    <ele>44.8</ele>
    <time>2020-07-22T02:39:22Z</time>
   </trkpt>
   <trkpt lat="47.4633580" lon="-122.1081110">
    <ele>44.8</ele>
    <time>2020-07-22T02:39:23Z</time>
   </trkpt>
   <trkpt lat="47.4633250" lon="-122.1081710">
    <ele>44.7</ele>
    <time>2020-07-22T02:39:24Z</time>
   </trkpt>
   <trkpt lat="47.4633220" lon="-122.1082200">
    <ele>44.6</ele>
    <time>2020-07-22T02:39:25Z</time>
   </trkpt>
   <trkpt lat="47.4633280" lon="-122.1082460">
    <ele>44.6</ele>
    <time>2020-07-22T02:39:26Z</time>
   </trkpt>
   <trkpt lat="47.4633420" lon="-122.1083160">
    <ele>44.5</ele>
    <time>2020-07-22T02:39:27Z</time>
   </trkpt>
   <trkpt lat="47.4633500" lon="-122.1083770">
    <ele>44.5</ele>
    <time>2020-07-22T02:39:28Z</time>
   </trkpt>
   <trkpt lat="47.4633550" lon="-122.1084100">
    <ele>44.4</ele>
    <time>2020-07-22T02:39:29Z</time>
   </trkpt>
   <trkpt lat="47.4633220" lon="-122.1084610">
    <ele>44.4</ele>
    <time>2020-07-22T02:39:30Z</time>
   </trkpt>
   <trkpt lat="47.4633090" lon="-122.1085170">
    <ele>44.3</ele>
    <time>2020-07-22T02:39:31Z</time>
   </trkpt>
   <trkpt lat="47.4633040" lon="-122.1085380">
    <ele>44.3</ele>
    <time>2020-07-22T02:39:32Z</time>
   </trkpt>
   <trkpt lat="47.4633120" lon="-122.1085990">
    <ele>44.3</ele>
    <time>2020-07-22T02:39:33Z</time>
   </trkpt>
   <trkpt lat="47.4633060" lon="-122.1086420">
    <ele>44.3</ele>
    <time>2020-07-22T02:39:34Z</time>
   </trkpt>
   <trkpt lat="47.4633110" lon="-122.1087160">
    <ele>44.2</ele>
    <time>2020-07-22T02:39:35Z</time>
   </trkpt>
   <trkpt lat="47.4633090" lon="-122.1087680">
    <ele>44.2</ele>
    <time>2020-07-22T02:39:36Z</time>
   </trkpt>
   <trkpt lat="47.4632850" lon="-122.1088200">
    <ele>44.2</ele>
    <time>2020-07-22T02:39:37Z</time>
   </trkpt>
   <trkpt lat="47.4632980" lon="-122.1088750">
    <ele>44.2</ele>
    <time>2020-07-22T02:39:38Z</time>
   </trkpt>
   <trkpt lat="47.4633090" lon="-122.1089350">
    <ele>44.1</ele>
    <time>2020-07-22T02:39:39Z</time>
   </trkpt>
   <trkpt lat="47.4633080" lon="-122.1089760">
    <ele>44.1</ele>
    <time>2020-07-22T02:39:40Z</time>
   </trkpt>
   <trkpt lat="47.4633110" lon="-122.1090210">
    <ele>44.1</ele>
    <time>2020-07-22T02:39:41Z</time>
   </trkpt>
   <trkpt lat="47.4632930" lon="-122.1090650">
    <ele>44.0</ele>
    <time>2020-07-22T02:39:42Z</time>
   </trkpt>
   <trkpt lat="47.4632590" lon="-122.1091040">
    <ele>44.0</ele>
    <time>2020-07-22T02:39:43Z</time>
   </trkpt>
   <trkpt lat="47.4632660" lon="-122.1091600">
    <ele>43.9</ele>
    <time>2020-07-22T02:39:44Z</time>
   </trkpt>
   <trkpt lat="47.4632800" lon="-122.1092090">
    <ele>43.9</ele>
    <time>2020-07-22T02:39:45Z</time>
   </trkpt>
   <trkpt lat="47.4632770" lon="-122.1092660">
    <ele>43.9</ele>
    <time>2020-07-22T02:39:46Z</time>
   </trkpt>
   <trkpt lat="47.4632760" lon="-122.1093100">
    <ele>43.8</ele>
    <time>2020-07-22T02:39:47Z</time>
   </trkpt>
   <trkpt lat="47.4632760" lon="-122.1093600">
    <ele>43.8</ele>
    <time>2020-07-22T02:39:48Z</time>
   </trkpt>
   <trkpt lat="47.4632860" lon="-122.1094130">
    <ele>43.8</ele>
    <time>2020-07-22T02:39:49Z</time>
   </trkpt>
   <trkpt lat="47.4632770" lon="-122.1094680">
    <ele>43.7</ele>
    <time>2020-07-22T02:39:50Z</time>
   </trkpt>
   <trkpt lat="47.4632760" lon="-122.1094930">
    <ele>43.7</ele>
    <time>2020-07-22T02:39:51Z</time>
   </trkpt>
   <trkpt lat="47.4632790" lon="-122.1095450">
    <ele>43.7</ele>
    <time>2020-07-22T02:39:52Z</time>
   </trkpt>
   <trkpt lat="47.4632900" lon="-122.1096000">
    <ele>43.7</ele>
    <time>2020-07-22T02:39:53Z</time>
   </trkpt>
   <trkpt lat="47.4632920" lon="-122.1096460">
    <ele>43.6</ele>
    <time>2020-07-22T02:39:54Z</time>
   </trkpt>
   <trkpt lat="47.4632860" lon="-122.1096880">
    <ele>43.6</ele>
    <time>2020-07-22T02:39:55Z</time>
   </trkpt>
   <trkpt lat="47.4633190" lon="-122.1097480">
    <ele>43.6</ele>
    <time>2020-07-22T02:39:56Z</time>
   </trkpt>
   <trkpt lat="47.4633050" lon="-122.1098080">
    <ele>43.6</ele>
    <time>2020-07-22T02:39:57Z</time>
   </trkpt>
   <trkpt lat="47.4632930" lon="-122.1098520">
    <ele>43.6</ele>
    <time>2020-07-22T02:39:58Z</time>
   </trkpt>
   <trkpt lat="47.4632930" lon="-122.1098990">
    <ele>43.6</ele>
    <time>2020-07-22T02:39:59Z</time>
   </trkpt>
   <trkpt lat="47.4632970" lon="-122.1099660">
    <ele>43.5</ele>
    <time>2020-07-22T02:40:00Z</time>
   </trkpt>
   <trkpt lat="47.4632970" lon="-122.1100250">
    <ele>43.5</ele>
    <time>2020-07-22T02:40:01Z</time>
   </trkpt>
   <trkpt lat="47.4632980" lon="-122.1100490">
    <ele>43.5</ele>
    <time>2020-07-22T02:40:02Z</time>
   </trkpt>
   <trkpt lat="47.4632990" lon="-122.1101060">
    <ele>43.5</ele>
    <time>2020-07-22T02:40:03Z</time>
   </trkpt>
   <trkpt lat="47.4632990" lon="-122.1101610">
    <ele>43.5</ele>
    <time>2020-07-22T02:40:04Z</time>
   </trkpt>
   <trkpt lat="47.4632960" lon="-122.1102100">
    <ele>43.5</ele>
    <time>2020-07-22T02:40:05Z</time>
   </trkpt>
   <trkpt lat="47.4633010" lon="-122.1102670">
    <ele>43.4</ele>
    <time>2020-07-22T02:40:06Z</time>
   </trkpt>
   <trkpt lat="47.4633010" lon="-122.1103250">
    <ele>43.4</ele>
    <time>2020-07-22T02:40:07Z</time>
   </trkpt>
   <trkpt lat="47.4632910" lon="-122.1103660">
    <ele>43.4</ele>
    <time>2020-07-22T02:40:08Z</time>
   </trkpt>
   <trkpt lat="47.4632990" lon="-122.1104080">
    <ele>43.4</ele>
    <time>2020-07-22T02:40:09Z</time>
   </trkpt>
   <trkpt lat="47.4633000" lon="-122.1104690">
    <ele>43.4</ele>
    <time>2020-07-22T02:40:10Z</time>
   </trkpt>
   <trkpt lat="47.4633120" lon="-122.1105200">
    <ele>43.4</ele>
    <time>2020-07-22T02:40:11Z</time>
   </trkpt>
   <trkpt lat="47.4633140" lon="-122.1105740">
    <ele>43.4</ele>
    <time>2020-07-22T02:40:12Z</time>
   </trkpt>
   <trkpt lat="47.4633220" lon="-122.1106390">
    <ele>43.4</ele>
    <time>2020-07-22T02:40:13Z</time>
   </trkpt>
   <trkpt lat="47.4633210" lon="-122.1106980">
    <ele>43.4</ele>
    <time>2020-07-22T02:40:14Z</time>
   </trkpt>
   <trkpt lat="47.4633080" lon="-122.1107490">
    <ele>43.3</ele>
    <time>2020-07-22T02:40:15Z</time>
   </trkpt>
   <trkpt lat="47.4633080" lon="-122.1108120">
    <ele>43.3</ele>
    <time>2020-07-22T02:40:16Z</time>
   </trkpt>
   <trkpt lat="47.4633100" lon="-122.1108370">
    <ele>43.3</ele>
    <time>2020-07-22T02:40:17Z</time>
   </trkpt>
   <trkpt lat="47.4633100" lon="-122.1108920">
    <ele>43.3</ele>
    <time>2020-07-22T02:40:18Z</time>
   </trkpt>
   <trkpt lat="47.4633140" lon="-122.1109330">
    <ele>43.3</ele>
    <time>2020-07-22T02:40:19Z</time>
   </trkpt>
   <trkpt lat="47.4633130" lon="-122.1109880">
    <ele>43.3</ele>
    <time>2020-07-22T02:40:20Z</time>
   </trkpt>
   <trkpt lat="47.4633190" lon="-122.1110500">
    <ele>43.3</ele>
    <time>2020-07-22T02:40:21Z</time>
   </trkpt>
   <trkpt lat="47.4633140" lon="-122.1110780">
    <ele>43.3</ele>
    <time>2020-07-22T02:40:22Z</time>
   </trkpt>
   <trkpt lat="47.4633040" lon="-122.1111320">
    <ele>43.4</ele>
    <time>2020-07-22T02:40:23Z</time>
   </trkpt>
   <trkpt lat="47.4633100" lon="-122.1111790">
    <ele>43.4</ele>
    <time>2020-07-22T02:40:24Z</time>
   </trkpt>
   <trkpt lat="47.4633210" lon="-122.1112290">
    <ele>43.4</ele>
    <time>2020-07-22T02:40:25Z</time>
   </trkpt>
   <trkpt lat="47.4633190" lon="-122.1112810">
    <ele>43.4</ele>
    <time>2020-07-22T02:40:26Z</time>
   </trkpt>
   <trkpt lat="47.4633180" lon="-122.1113410">
    <ele>43.4</ele>
    <time>2020-07-22T02:40:27Z</time>
   </trkpt>
   <trkpt lat="47.4633120" lon="-122.1113630">
    <ele>43.4</ele>
    <time>2020-07-22T02:40:28Z</time>
   </trkpt>
   <trkpt lat="47.4633220" lon="-122.1114200">
    <ele>43.4</ele>
    <time>2020-07-22T02:40:29Z</time>
   </trkpt>
   <trkpt lat="47.4633180" lon="-122.1114450">
    <ele>43.4</ele>
    <time>2020-07-22T02:40:30Z</time>
   </trkpt>
   <trkpt lat="47.4633050" lon="-122.1115020">
    <ele>43.4</ele>
    <time>2020-07-22T02:40:31Z</time>
   </trkpt>
   <trkpt lat="47.4633090" lon="-122.1115430">
    <ele>43.3</ele>
    <time>2020-07-22T02:40:32Z</time>
   </trkpt>
   <trkpt lat="47.4632960" lon="-122.1116040">
    <ele>43.3</ele>
    <time>2020-07-22T02:40:33Z</time>
   </trkpt>
   <trkpt lat="47.4633150" lon="-122.1116520">
    <ele>43.3</ele>
    <time>2020-07-22T02:40:34Z</time>
   </trkpt>
   <trkpt lat="47.4633100" lon="-122.1116970">
    <ele>43.3</ele>
    <time>2020-07-22T02:40:35Z</time>
   </trkpt>
   <trkpt lat="47.4633070" lon="-122.1117530">
    <ele>43.3</ele>
    <time>2020-07-22T02:40:36Z</time>
   </trkpt>
   <trkpt lat="47.4633070" lon="-122.1117700">
    <ele>43.3</ele>
    <time>2020-07-22T02:40:37Z</time>
   </trkpt>
   <trkpt lat="47.4632980" lon="-122.1118220">
    <ele>43.2</ele>
    <time>2020-07-22T02:40:38Z</time>
   </trkpt>
   <trkpt lat="47.4633040" lon="-122.1118670">
    <ele>43.2</ele>
    <time>2020-07-22T02:40:39Z</time>
   </trkpt>
   <trkpt lat="47.4633030" lon="-122.1119150">
    <ele>43.2</ele>
    <time>2020-07-22T02:40:40Z</time>
   </trkpt>
   <trkpt lat="47.4633050" lon="-122.1119680">
    <ele>43.1</ele>
    <time>2020-07-22T02:40:41Z</time>
   </trkpt>
   <trkpt lat="47.4633260" lon="-122.1120220">
    <ele>43.1</ele>
    <time>2020-07-22T02:40:42Z</time>
   </trkpt>
   <trkpt lat="47.4633220" lon="-122.1120720">
    <ele>43.0</ele>
    <time>2020-07-22T02:40:43Z</time>
   </trkpt>
   <trkpt lat="47.4633250" lon="-122.1121180">
    <ele>43.0</ele>
    <time>2020-07-22T02:40:44Z</time>
   </trkpt>
   <trkpt lat="47.4633230" lon="-122.1121820">
    <ele>42.9</ele>
    <time>2020-07-22T02:40:45Z</time>
   </trkpt>
   <trkpt lat="47.4633200" lon="-122.1122070">
    <ele>42.9</ele>
    <time>2020-07-22T02:40:46Z</time>
   </trkpt>
   <trkpt lat="47.4633340" lon="-122.1122440">
    <ele>42.9</ele>
    <time>2020-07-22T02:40:47Z</time>
   </trkpt>
   <trkpt lat="47.4633410" lon="-122.1122950">
    <ele>42.8</ele>
    <time>2020-07-22T02:40:48Z</time>
   </trkpt>
   <trkpt lat="47.4633440" lon="-122.1123510">
    <ele>42.8</ele>
    <time>2020-07-22T02:40:49Z</time>
   </trkpt>
   <trkpt lat="47.4633400" lon="-122.1123990">
    <ele>42.8</ele>
    <time>2020-07-22T02:40:50Z</time>
   </trkpt>
   <trkpt lat="47.4633420" lon="-122.1124570">
    <ele>42.8</ele>
    <time>2020-07-22T02:40:51Z</time>
   </trkpt>
   <trkpt lat="47.4633710" lon="-122.1125070">
    <ele>42.8</ele>
    <time>2020-07-22T02:40:52Z</time>
   </trkpt>
   <trkpt lat="47.4633720" lon="-122.1125680">
    <ele>42.8</ele>
    <time>2020-07-22T02:40:53Z</time>
   </trkpt>
   <trkpt lat="47.4633690" lon="-122.1126310">
    <ele>42.8</ele>
    <time>2020-07-22T02:40:54Z</time>
   </trkpt>
   <trkpt lat="47.4633660" lon="-122.1126570">
    <ele>42.8</ele>
    <time>2020-07-22T02:40:55Z</time>
   </trkpt>
   <trkpt lat="47.4633690" lon="-122.1127070">
    <ele>42.8</ele>
    <time>2020-07-22T02:40:56Z</time>
   </trkpt>
   <trkpt lat="47.4633700" lon="-122.1127470">
    <ele>42.8</ele>
    <time>2020-07-22T02:40:57Z</time>
   </trkpt>
   <trkpt lat="47.4633710" lon="-122.1128130">
    <ele>42.8</ele>
    <time>2020-07-22T02:40:58Z</time>
   </trkpt>
   <trkpt lat="47.4633720" lon="-122.1128550">
    <ele>42.8</ele>
    <time>2020-07-22T02:40:59Z</time>
   </trkpt>
   <trkpt lat="47.4633670" lon="-122.1129020">
    <ele>42.8</ele>
    <time>2020-07-22T02:41:00Z</time>
   </trkpt>
   <trkpt lat="47.4633690" lon="-122.1129580">
    <ele>42.8</ele>
    <time>2020-07-22T02:41:01Z</time>
   </trkpt>
   <trkpt lat="47.4633730" lon="-122.1129780">
    <ele>42.8</ele>
    <time>2020-07-22T02:41:02Z</time>
   </trkpt>
   <trkpt lat="47.4633750" lon="-122.1130490">
    <ele>42.8</ele>
    <time>2020-07-22T02:41:03Z</time>
   </trkpt>
   <trkpt lat="47.4633820" lon="-122.1131220">
    <ele>42.7</ele>
    <time>2020-07-22T02:41:04Z</time>
   </trkpt>
   <trkpt lat="47.4633820" lon="-122.1131760">
    <ele>42.7</ele>
    <time>2020-07-22T02:41:05Z</time>
   </trkpt>
   <trkpt lat="47.4633750" lon="-122.1132490">
    <ele>42.7</ele>
    <time>2020-07-22T02:41:06Z</time>
   </trkpt>
   <trkpt lat="47.4633790" lon="-122.1132980">
    <ele>42.7</ele>
    <time>2020-07-22T02:41:07Z</time>
   </trkpt>
   <trkpt lat="47.4633720" lon="-122.1133550">
    <ele>42.7</ele>
    <time>2020-07-22T02:41:08Z</time>
   </trkpt>
   <trkpt lat="47.4633620" lon="-122.1134220">
    <ele>42.7</ele>
    <time>2020-07-22T02:41:09Z</time>
   </trkpt>
   <trkpt lat="47.4633540" lon="-122.1134560">
    <ele>42.7</ele>
    <time>2020-07-22T02:41:10Z</time>
   </trkpt>
   <trkpt lat="47.4633580" lon="-122.1135040">
    <ele>42.7</ele>
    <time>2020-07-22T02:41:11Z</time>
   </trkpt>
   <trkpt lat="47.4633580" lon="-122.1135440">
    <ele>42.7</ele>
    <time>2020-07-22T02:41:12Z</time>
   </trkpt>
   <trkpt lat="47.4633470" lon="-122.1136070">
    <ele>42.7</ele>
    <time>2020-07-22T02:41:13Z</time>
   </trkpt>
   <trkpt lat="47.4633540" lon="-122.1136650">
    <ele>42.6</ele>
    <time>2020-07-22T02:41:14Z</time>
   </trkpt>
   <trkpt lat="47.4633540" lon="-122.1136930">
    <ele>42.6</ele>
    <time>2020-07-22T02:41:15Z</time>
   </trkpt>
   <trkpt lat="47.4633340" lon="-122.1137310">
    <ele>42.5</ele>
    <time>2020-07-22T02:41:16Z</time>
   </trkpt>
   <trkpt lat="47.4633380" lon="-122.1137750">
    <ele>42.5</ele>
    <time>2020-07-22T02:41:17Z</time>
   </trkpt>
   <trkpt lat="47.4633340" lon="-122.1138400">
    <ele>42.4</ele>
    <time>2020-07-22T02:41:18Z</time>
   </trkpt>
   <trkpt lat="47.4633520" lon="-122.1139000">
    <ele>42.3</ele>
    <time>2020-07-22T02:41:19Z</time>
   </trkpt>
   <trkpt lat="47.4633600" lon="-122.1139230">
    <ele>42.3</ele>
    <time>2020-07-22T02:41:20Z</time>
   </trkpt>
   <trkpt lat="47.4633740" lon="-122.1139780">
    <ele>42.2</ele>
    <time>2020-07-22T02:41:21Z</time>
   </trkpt>
   <trkpt lat="47.4633800" lon="-122.1140280">
    <ele>42.1</ele>
    <time>2020-07-22T02:41:22Z</time>
   </trkpt>
   <trkpt lat="47.4633920" lon="-122.1140880">
    <ele>42.1</ele>
    <time>2020-07-22T02:41:23Z</time>
   </trkpt>
   <trkpt lat="47.4634010" lon="-122.1141490">
    <ele>42.0</ele>
    <time>2020-07-22T02:41:24Z</time>
   </trkpt>
   <trkpt lat="47.4633910" lon="-122.1141920">
    <ele>41.9</ele>
    <time>2020-07-22T02:41:25Z</time>
   </trkpt>
   <trkpt lat="47.4633840" lon="-122.1142600">
    <ele>41.9</ele>
    <time>2020-07-22T02:41:26Z</time>
   </trkpt>
   <trkpt lat="47.4633890" lon="-122.1143020">
    <ele>41.8</ele>
    <time>2020-07-22T02:41:27Z</time>
   </trkpt>
   <trkpt lat="47.4633830" lon="-122.1143770">
    <ele>41.7</ele>
    <time>2020-07-22T02:41:28Z</time>
   </trkpt>
   <trkpt lat="47.4633710" lon="-122.1144190">
    <ele>41.7</ele>
    <time>2020-07-22T02:41:29Z</time>
   </trkpt>
   <trkpt lat="47.4633770" lon="-122.1144690">
    <ele>41.6</ele>
    <time>2020-07-22T02:41:30Z</time>
   </trkpt>
   <trkpt lat="47.4633820" lon="-122.1145310">
    <ele>41.5</ele>
    <time>2020-07-22T02:41:31Z</time>
   </trkpt>
   <trkpt lat="47.4633780" lon="-122.1145740">
    <ele>41.5</ele>
    <time>2020-07-22T02:41:32Z</time>
   </trkpt>
   <trkpt lat="47.4633720" lon="-122.1146500">
    <ele>41.4</ele>
    <time>2020-07-22T02:41:33Z</time>
   </trkpt>
   <trkpt lat="47.4633530" lon="-122.1147120">
    <ele>41.3</ele>
    <time>2020-07-22T02:41:34Z</time>
   </trkpt>
   <trkpt lat="47.4633580" lon="-122.1147690">
    <ele>41.2</ele>
    <time>2020-07-22T02:41:35Z</time>
   </trkpt>
   <trkpt lat="47.4633660" lon="-122.1148330">
    <ele>41.1</ele>
    <time>2020-07-22T02:41:36Z</time>
   </trkpt>
   <trkpt lat="47.4633590" lon="-122.1149010">
    <ele>41.0</ele>
    <time>2020-07-22T02:41:37Z</time>
   </trkpt>
   <trkpt lat="47.4633660" lon="-122.1149510">
    <ele>41.0</ele>
    <time>2020-07-22T02:41:38Z</time>
   </trkpt>
   <trkpt lat="47.4633630" lon="-122.1150180">
    <ele>41.0</ele>
    <time>2020-07-22T02:41:39Z</time>
   </trkpt>
   <trkpt lat="47.4633610" lon="-122.1150510">
    <ele>40.9</ele>
    <time>2020-07-22T02:41:40Z</time>
   </trkpt>
   <trkpt lat="47.4633510" lon="-122.1151010">
    <ele>40.9</ele>
    <time>2020-07-22T02:41:41Z</time>
   </trkpt>
   <trkpt lat="47.4633530" lon="-122.1151670">
    <ele>40.9</ele>
    <time>2020-07-22T02:41:42Z</time>
   </trkpt>
   <trkpt lat="47.4633560" lon="-122.1151980">
    <ele>40.9</ele>
    <time>2020-07-22T02:41:43Z</time>
   </trkpt>
   <trkpt lat="47.4633570" lon="-122.1152680">
    <ele>40.8</ele>
    <time>2020-07-22T02:41:44Z</time>
   </trkpt>
   <trkpt lat="47.4633540" lon="-122.1153140">
    <ele>40.8</ele>
    <time>2020-07-22T02:41:45Z</time>
   </trkpt>
   <trkpt lat="47.4633570" lon="-122.1153790">
    <ele>40.8</ele>
    <time>2020-07-22T02:41:46Z</time>
   </trkpt>
   <trkpt lat="47.4633570" lon="-122.1154230">
    <ele>40.8</ele>
    <time>2020-07-22T02:41:47Z</time>
   </trkpt>
   <trkpt lat="47.4633670" lon="-122.1154750">
    <ele>40.8</ele>
    <time>2020-07-22T02:41:48Z</time>
   </trkpt>
   <trkpt lat="47.4633640" lon="-122.1155330">
    <ele>40.8</ele>
    <time>2020-07-22T02:41:49Z</time>
   </trkpt>
   <trkpt lat="47.4633530" lon="-122.1155770">
    <ele>40.8</ele>
    <time>2020-07-22T02:41:50Z</time>
   </trkpt>
   <trkpt lat="47.4633470" lon="-122.1156260">
    <ele>40.8</ele>
    <time>2020-07-22T02:41:51Z</time>
   </trkpt>
   <trkpt lat="47.4633520" lon="-122.1156810">
    <ele>40.8</ele>
    <time>2020-07-22T02:41:52Z</time>
   </trkpt>
   <trkpt lat="47.4633570" lon="-122.1157380">
    <ele>40.8</ele>
    <time>2020-07-22T02:41:53Z</time>
   </trkpt>
   <trkpt lat="47.4633610" lon="-122.1157940">
    <ele>40.8</ele>
    <time>2020-07-22T02:41:54Z</time>
   </trkpt>
   <trkpt lat="47.4633660" lon="-122.1158610">
    <ele>40.8</ele>
    <time>2020-07-22T02:41:55Z</time>
   </trkpt>
   <trkpt lat="47.4633670" lon="-122.1158900">
    <ele>40.8</ele>
    <time>2020-07-22T02:41:56Z</time>
   </trkpt>
   <trkpt lat="47.4633710" lon="-122.1159550">
    <ele>40.8</ele>
    <time>2020-07-22T02:41:57Z</time>
   </trkpt>
   <trkpt lat="47.4633770" lon="-122.1159950">
    <ele>40.8</ele>
    <time>2020-07-22T02:41:58Z</time>
   </trkpt>
   <trkpt lat="47.4633810" lon="-122.1160570">
    <ele>40.8</ele>
    <time>2020-07-22T02:41:59Z</time>
   </trkpt>
   <trkpt lat="47.4633870" lon="-122.1161010">
    <ele>40.9</ele>
    <time>2020-07-22T02:42:00Z</time>
   </trkpt>
   <trkpt lat="47.4633810" lon="-122.1161540">
    <ele>40.9</ele>
    <time>2020-07-22T02:42:01Z</time>
   </trkpt>
   <trkpt lat="47.4633760" lon="-122.1162070">
    <ele>40.9</ele>
    <time>2020-07-22T02:42:02Z</time>
   </trkpt>
   <trkpt lat="47.4633790" lon="-122.1162470">
    <ele>40.9</ele>
    <time>2020-07-22T02:42:03Z</time>
   </trkpt>
   <trkpt lat="47.4633750" lon="-122.1162990">
    <ele>40.9</ele>
    <time>2020-07-22T02:42:04Z</time>
   </trkpt>
   <trkpt lat="47.4633620" lon="-122.1163450">
    <ele>40.9</ele>
    <time>2020-07-22T02:42:05Z</time>
   </trkpt>
   <trkpt lat="47.4633700" lon="-122.1163900">
    <ele>40.8</ele>
    <time>2020-07-22T02:42:06Z</time>
   </trkpt>
   <trkpt lat="47.4633810" lon="-122.1164520">
    <ele>40.8</ele>
    <time>2020-07-22T02:42:07Z</time>
   </trkpt>
   <trkpt lat="47.4633810" lon="-122.1164950">
    <ele>40.8</ele>
    <time>2020-07-22T02:42:08Z</time>
   </trkpt>
   <trkpt lat="47.4633900" lon="-122.1165600">
    <ele>40.8</ele>
    <time>2020-07-22T02:42:09Z</time>
   </trkpt>
   <trkpt lat="47.4633910" lon="-122.1166140">
    <ele>40.8</ele>
    <time>2020-07-22T02:42:10Z</time>
   </trkpt>
   <trkpt lat="47.4633900" lon="-122.1166620">
    <ele>40.7</ele>
    <time>2020-07-22T02:42:11Z</time>
   </trkpt>
   <trkpt lat="47.4634120" lon="-122.1167120">
    <ele>40.7</ele>
    <time>2020-07-22T02:42:12Z</time>
   </trkpt>
   <trkpt lat="47.4634200" lon="-122.1167530">
    <ele>40.7</ele>
    <time>2020-07-22T02:42:13Z</time>
   </trkpt>
   <trkpt lat="47.4634050" lon="-122.1168040">
    <ele>40.7</ele>
    <time>2020-07-22T02:42:14Z</time>
   </trkpt>
   <trkpt lat="47.4634110" lon="-122.1168470">
    <ele>40.7</ele>
    <time>2020-07-22T02:42:15Z</time>
   </trkpt>
   <trkpt lat="47.4634080" lon="-122.1168980">
    <ele>40.7</ele>
    <time>2020-07-22T02:42:16Z</time>
   </trkpt>
   <trkpt lat="47.4633910" lon="-122.1169370">
    <ele>40.7</ele>
    <time>2020-07-22T02:42:17Z</time>
   </trkpt>
   <trkpt lat="47.4633890" lon="-122.1169940">
    <ele>40.6</ele>
    <time>2020-07-22T02:42:18Z</time>
   </trkpt>
   <trkpt lat="47.4633800" lon="-122.1170560">
    <ele>40.6</ele>
    <time>2020-07-22T02:42:19Z</time>
   </trkpt>
   <trkpt lat="47.4633760" lon="-122.1170820">
    <ele>40.6</ele>
    <time>2020-07-22T02:42:20Z</time>
   </trkpt>
   <trkpt lat="47.4633910" lon="-122.1171250">
    <ele>40.6</ele>
    <time>2020-07-22T02:42:21Z</time>
   </trkpt>
   <trkpt lat="47.4633980" lon="-122.1171750">
    <ele>40.5</ele>
    <time>2020-07-22T02:42:22Z</time>
   </trkpt>
   <trkpt lat="47.4634020" lon="-122.1172180">
    <ele>40.5</ele>
    <time>2020-07-22T02:42:23Z</time>
   </trkpt>
   <trkpt lat="47.4633960" lon="-122.1172650">
    <ele>40.5</ele>
    <time>2020-07-22T02:42:24Z</time>
   </trkpt>
   <trkpt lat="47.4633940" lon="-122.1173150">
    <ele>40.5</ele>
    <time>2020-07-22T02:42:25Z</time>
   </trkpt>
   <trkpt lat="47.4633890" lon="-122.1173740">
    <ele>40.4</ele>
    <time>2020-07-22T02:42:26Z</time>
   </trkpt>
   <trkpt lat="47.4633860" lon="-122.1173960">
    <ele>40.4</ele>
    <time>2020-07-22T02:42:27Z</time>
   </trkpt>
   <trkpt lat="47.4633910" lon="-122.1174400">
    <ele>40.4</ele>
    <time>2020-07-22T02:42:28Z</time>
   </trkpt>
   <trkpt lat="47.4633970" lon="-122.1174870">
    <ele>40.4</ele>
    <time>2020-07-22T02:42:29Z</time>
   </trkpt>
   <trkpt lat="47.4633880" lon="-122.1175320">
    <ele>40.4</ele>
    <time>2020-07-22T02:42:30Z</time>
   </trkpt>
   <trkpt lat="47.4634010" lon="-122.1175680">
    <ele>40.4</ele>
    <time>2020-07-22T02:42:31Z</time>
   </trkpt>
   <trkpt lat="47.4633960" lon="-122.1176210">
    <ele>40.4</ele>
    <time>2020-07-22T02:42:32Z</time>
   </trkpt>
   <trkpt lat="47.4633940" lon="-122.1176830">
    <ele>40.4</ele>
    <time>2020-07-22T02:42:33Z</time>
   </trkpt>
   <trkpt lat="47.4633940" lon="-122.1177310">
    <ele>40.4</ele>
    <time>2020-07-22T02:42:34Z</time>
   </trkpt>
   <trkpt lat="47.4633990" lon="-122.1177830">
    <ele>40.4</ele>
    <time>2020-07-22T02:42:35Z</time>
   </trkpt>
   <trkpt lat="47.4634070" lon="-122.1178520">
    <ele>40.4</ele>
    <time>2020-07-22T02:42:36Z</time>
   </trkpt>
   <trkpt lat="47.4633940" lon="-122.1178950">
    <ele>40.4</ele>
    <time>2020-07-22T02:42:37Z</time>
   </trkpt>
   <trkpt lat="47.4633910" lon="-122.1179440">
    <ele>40.3</ele>
    <time>2020-07-22T02:42:38Z</time>
   </trkpt>
   <trkpt lat="47.4634100" lon="-122.1179840">
    <ele>40.3</ele>
    <time>2020-07-22T02:42:39Z</time>
   </trkpt>
   <trkpt lat="47.4634000" lon="-122.1180490">
    <ele>40.3</ele>
    <time>2020-07-22T02:42:40Z</time>
   </trkpt>
   <trkpt lat="47.4634080" lon="-122.1181150">
    <ele>40.3</ele>
    <time>2020-07-22T02:42:41Z</time>
   </trkpt>
   <trkpt lat="47.4634120" lon="-122.1181630">
    <ele>40.3</ele>
    <time>2020-07-22T02:42:42Z</time>
   </trkpt>
   <trkpt lat="47.4634120" lon="-122.1182210">
    <ele>40.3</ele>
    <time>2020-07-22T02:42:43Z</time>
   </trkpt>
   <trkpt lat="47.4634270" lon="-122.1182790">
    <ele>40.3</ele>
    <time>2020-07-22T02:42:44Z</time>
   </trkpt>
   <trkpt lat="47.4634280" lon="-122.1183280">
    <ele>40.3</ele>
    <time>2020-07-22T02:42:45Z</time>
   </trkpt>
   <trkpt lat="47.4634270" lon="-122.1183750">
    <ele>40.3</ele>
    <time>2020-07-22T02:42:46Z</time>
   </trkpt>
   <trkpt lat="47.4634360" lon="-122.1184200">
    <ele>40.3</ele>
    <time>2020-07-22T02:42:47Z</time>
   </trkpt>
   <trkpt lat="47.4634380" lon="-122.1184820">
    <ele>40.3</ele>
    <time>2020-07-22T02:42:48Z</time>
   </trkpt>
   <trkpt lat="47.4634460" lon="-122.1185370">
    <ele>40.3</ele>
    <time>2020-07-22T02:42:49Z</time>
   </trkpt>
   <trkpt lat="47.4634390" lon="-122.1185870">
    <ele>40.3</ele>
    <time>2020-07-22T02:42:50Z</time>
   </trkpt>
   <trkpt lat="47.4634430" lon="-122.1186390">
    <ele>40.2</ele>
    <time>2020-07-22T02:42:51Z</time>
   </trkpt>
   <trkpt lat="47.4634450" lon="-122.1187020">
    <ele>40.2</ele>
    <time>2020-07-22T02:42:52Z</time>
   </trkpt>
   <trkpt lat="47.4634380" lon="-122.1187450">
    <ele>40.1</ele>
    <time>2020-07-22T02:42:53Z</time>
   </trkpt>
   <trkpt lat="47.4634260" lon="-122.1187910">
    <ele>40.1</ele>
    <time>2020-07-22T02:42:54Z</time>
   </trkpt>
   <trkpt lat="47.4634360" lon="-122.1188480">
    <ele>40.1</ele>
    <time>2020-07-22T02:42:55Z</time>
   </trkpt>
   <trkpt lat="47.4634330" lon="-122.1189020">
    <ele>40.0</ele>
    <time>2020-07-22T02:42:56Z</time>
   </trkpt>
   <trkpt lat="47.4634420" lon="-122.1189670">
    <ele>40.0</ele>
    <time>2020-07-22T02:42:57Z</time>
   </trkpt>
   <trkpt lat="47.4634350" lon="-122.1190210">
    <ele>39.9</ele>
    <time>2020-07-22T02:42:58Z</time>
   </trkpt>
   <trkpt lat="47.4634350" lon="-122.1190860">
    <ele>39.9</ele>
    <time>2020-07-22T02:42:59Z</time>
   </trkpt>
   <trkpt lat="47.4634290" lon="-122.1191360">
    <ele>39.9</ele>
    <time>2020-07-22T02:43:00Z</time>
   </trkpt>
   <trkpt lat="47.4634200" lon="-122.1191940">
    <ele>39.8</ele>
    <time>2020-07-22T02:43:01Z</time>
   </trkpt>
   <trkpt lat="47.4634280" lon="-122.1192490">
    <ele>39.7</ele>
    <time>2020-07-22T02:43:02Z</time>
   </trkpt>
   <trkpt lat="47.4634200" lon="-122.1192910">
    <ele>39.7</ele>
    <time>2020-07-22T02:43:03Z</time>
   </trkpt>
   <trkpt lat="47.4634320" lon="-122.1193520">
    <ele>39.6</ele>
    <time>2020-07-22T02:43:04Z</time>
   </trkpt>
   <trkpt lat="47.4634300" lon="-122.1194190">
    <ele>39.6</ele>
    <time>2020-07-22T02:43:05Z</time>
   </trkpt>
   <trkpt lat="47.4634300" lon="-122.1194480">
    <ele>39.5</ele>
    <time>2020-07-22T02:43:06Z</time>
   </trkpt>
   <trkpt lat="47.4634310" lon="-122.1194980">
    <ele>39.5</ele>
    <time>2020-07-22T02:43:07Z</time>
   </trkpt>
   <trkpt lat="47.4634340" lon="-122.1195470">
    <ele>39.4</ele>
    <time>2020-07-22T02:43:08Z</time>
   </trkpt>
   <trkpt lat="47.4634350" lon="-122.1196030">
    <ele>39.4</ele>
    <time>2020-07-22T02:43:09Z</time>
   </trkpt>
   <trkpt lat="47.4634340" lon="-122.1196530">
    <ele>39.4</ele>
    <time>2020-07-22T02:43:10Z</time>
   </trkpt>
   <trkpt lat="47.4634200" lon="-122.1197120">
    <ele>39.3</ele>
    <time>2020-07-22T02:43:11Z</time>
   </trkpt>
   <trkpt lat="47.4634290" lon="-122.1197510">
    <ele>39.3</ele>
    <time>2020-07-22T02:43:12Z</time>
   </trkpt>
   <trkpt lat="47.4634250" lon="-122.1198090">
    <ele>39.2</ele>
    <time>2020-07-22T02:43:13Z</time>
   </trkpt>
   <trkpt lat="47.4634330" lon="-122.1198620">
    <ele>39.2</ele>
    <time>2020-07-22T02:43:14Z</time>
   </trkpt>
   <trkpt lat="47.4634290" lon="-122.1199160">
    <ele>39.1</ele>
    <time>2020-07-22T02:43:15Z</time>
   </trkpt>
   <trkpt lat="47.4634270" lon="-122.1199780">
    <ele>39.1</ele>
    <time>2020-07-22T02:43:16Z</time>
   </trkpt>
   <trkpt lat="47.4634280" lon="-122.1200260">
    <ele>39.1</ele>
    <time>2020-07-22T02:43:17Z</time>
   </trkpt>
   <trkpt lat="47.4634010" lon="-122.1200670">
    <ele>39.0</ele>
    <time>2020-07-22T02:43:18Z</time>
   </trkpt>
   <trkpt lat="47.4634050" lon="-122.1201150">
    <ele>39.0</ele>
    <time>2020-07-22T02:43:19Z</time>
   </trkpt>
   <trkpt lat="47.4634150" lon="-122.1201710">
    <ele>39.0</ele>
    <time>2020-07-22T02:43:20Z</time>
   </trkpt>
   <trkpt lat="47.4634130" lon="-122.1202200">
    <ele>39.0</ele>
    <time>2020-07-22T02:43:21Z</time>
   </trkpt>
   <trkpt lat="47.4634100" lon="-122.1202640">
    <ele>38.9</ele>
    <time>2020-07-22T02:43:22Z</time>
   </trkpt>
   <trkpt lat="47.4634060" lon="-122.1203340">
    <ele>38.9</ele>
    <time>2020-07-22T02:43:23Z</time>
   </trkpt>
   <trkpt lat="47.4634300" lon="-122.1203870">
    <ele>38.9</ele>
    <time>2020-07-22T02:43:24Z</time>
   </trkpt>
   <trkpt lat="47.4634210" lon="-122.1204360">
    <ele>38.9</ele>
    <time>2020-07-22T02:43:25Z</time>
   </trkpt>
   <trkpt lat="47.4634150" lon="-122.1204880">
    <ele>38.9</ele>
    <time>2020-07-22T02:43:26Z</time>
   </trkpt>
   <trkpt lat="47.4634250" lon="-122.1205460">
    <ele>38.8</ele>
    <time>2020-07-22T02:43:27Z</time>
   </trkpt>
   <trkpt lat="47.4634260" lon="-122.1205910">
    <ele>38.8</ele>
    <time>2020-07-22T02:43:28Z</time>
   </trkpt>
   <trkpt lat="47.4634300" lon="-122.1206430">
    <ele>38.8</ele>
    <time>2020-07-22T02:43:29Z</time>
   </trkpt>
   <trkpt lat="47.4634250" lon="-122.1206870">
    <ele>38.8</ele>
    <time>2020-07-22T02:43:30Z</time>
   </trkpt>
   <trkpt lat="47.4634120" lon="-122.1207450">
    <ele>38.8</ele>
    <time>2020-07-22T02:43:31Z</time>
   </trkpt>
   <trkpt lat="47.4634300" lon="-122.1207980">
    <ele>38.8</ele>
    <time>2020-07-22T02:43:32Z</time>
   </trkpt>
   <trkpt lat="47.4634330" lon="-122.1208610">
    <ele>38.7</ele>
    <time>2020-07-22T02:43:33Z</time>
   </trkpt>
   <trkpt lat="47.4634440" lon="-122.1209120">
    <ele>38.7</ele>
    <time>2020-07-22T02:43:34Z</time>
   </trkpt>
   <trkpt lat="47.4634360" lon="-122.1209780">
    <ele>38.7</ele>
    <time>2020-07-22T02:43:35Z</time>
   </trkpt>
   <trkpt lat="47.4634340" lon="-122.1210050">
    <ele>38.7</ele>
    <time>2020-07-22T02:43:36Z</time>
   </trkpt>
   <trkpt lat="47.4634230" lon="-122.1210580">
    <ele>38.6</ele>
    <time>2020-07-22T02:43:37Z</time>
   </trkpt>
   <trkpt lat="47.4633980" lon="-122.1210910">
    <ele>38.6</ele>
    <time>2020-07-22T02:43:38Z</time>
   </trkpt>
   <trkpt lat="47.4633930" lon="-122.1211170">
    <ele>38.6</ele>
    <time>2020-07-22T02:43:59Z</time>
   </trkpt>
   <trkpt lat="47.4633890" lon="-122.1211440">
    <ele>38.6</ele>
    <time>2020-07-22T02:44:00Z</time>
   </trkpt>
   <trkpt lat="47.4633840" lon="-122.1211700">
    <ele>38.6</ele>
    <time>2020-07-22T02:44:01Z</time>
   </trkpt>
   <trkpt lat="47.4633800" lon="-122.1211960">
    <ele>38.6</ele>
    <time>2020-07-22T02:44:02Z</time>
   </trkpt>
   <trkpt lat="47.4633850" lon="-122.1212630">
    <ele>38.5</ele>
    <time>2020-07-22T02:44:03Z</time>
   </trkpt>
   <trkpt lat="47.4633770" lon="-122.1213270">
    <ele>38.5</ele>
    <time>2020-07-22T02:44:04Z</time>
   </trkpt>
   <trkpt lat="47.4633840" lon="-122.1213910">
    <ele>38.5</ele>
    <time>2020-07-22T02:44:05Z</time>
   </trkpt>
   <trkpt lat="47.4633870" lon="-122.1214170">
    <ele>38.5</ele>
    <time>2020-07-22T02:44:06Z</time>
   </trkpt>
   <trkpt lat="47.4633900" lon="-122.1214690">
    <ele>38.4</ele>
    <time>2020-07-22T02:44:07Z</time>
   </trkpt>
   <trkpt lat="47.4634000" lon="-122.1215440">
    <ele>38.4</ele>
    <time>2020-07-22T02:44:08Z</time>
   </trkpt>
   <trkpt lat="47.4633870" lon="-122.1216080">
    <ele>38.4</ele>
    <time>2020-07-22T02:44:09Z</time>
   </trkpt>
   <trkpt lat="47.4633990" lon="-122.1216600">
    <ele>38.4</ele>
    <time>2020-07-22T02:44:10Z</time>
   </trkpt>
   <trkpt lat="47.4634150" lon="-122.1217180">
    <ele>38.4</ele>
    <time>2020-07-22T02:44:11Z</time>
   </trkpt>
   <trkpt lat="47.4634150" lon="-122.1217730">
    <ele>38.4</ele>
    <time>2020-07-22T02:44:12Z</time>
   </trkpt>
   <trkpt lat="47.4634250" lon="-122.1218280">
    <ele>38.3</ele>
    <time>2020-07-22T02:44:13Z</time>
   </trkpt>
   <trkpt lat="47.4634320" lon="-122.1218720">
    <ele>38.3</ele>
    <time>2020-07-22T02:44:14Z</time>
   </trkpt>
   <trkpt lat="47.4634420" lon="-122.1219350">
    <ele>38.3</ele>
    <time>2020-07-22T02:44:15Z</time>
   </trkpt>
   <trkpt lat="47.4634340" lon="-122.1220010">
    <ele>38.3</ele>
    <time>2020-07-22T02:44:16Z</time>
   </trkpt>
   <trkpt lat="47.4634500" lon="-122.1220600">
    <ele>38.2</ele>
    <time>2020-07-22T02:44:17Z</time>
   </trkpt>
   <trkpt lat="47.4634600" lon="-122.1221130">
    <ele>38.2</ele>
    <time>2020-07-22T02:44:18Z</time>
   </trkpt>
   <trkpt lat="47.4634600" lon="-122.1221560">
    <ele>38.2</ele>
    <time>2020-07-22T02:44:19Z</time>
   </trkpt>
   <trkpt lat="47.4634680" lon="-122.1222080">
    <ele>38.2</ele>
    <time>2020-07-22T02:44:20Z</time>
   </trkpt>
   <trkpt lat="47.4634760" lon="-122.1222630">
    <ele>38.2</ele>
    <time>2020-07-22T02:44:21Z</time>
   </trkpt>
   <trkpt lat="47.4634590" lon="-122.1223260">
    <ele>38.2</ele>
    <time>2020-07-22T02:44:22Z</time>
   </trkpt>
   <trkpt lat="47.4634670" lon="-122.1223760">
    <ele>38.2</ele>
    <time>2020-07-22T02:44:23Z</time>
   </trkpt>
   <trkpt lat="47.4634680" lon="-122.1224180">
    <ele>38.2</ele>
    <time>2020-07-22T02:44:24Z</time>
   </trkpt>
   <trkpt lat="47.4634690" lon="-122.1224700">
    <ele>38.1</ele>
    <time>2020-07-22T02:44:25Z</time>
   </trkpt>
   <trkpt lat="47.4634780" lon="-122.1225260">
    <ele>38.1</ele>
    <time>2020-07-22T02:44:26Z</time>
   </trkpt>
   <trkpt lat="47.4634740" lon="-122.1225790">
    <ele>38.1</ele>
    <time>2020-07-22T02:44:27Z</time>
   </trkpt>
   <trkpt lat="47.4634670" lon="-122.1226180">
    <ele>38.1</ele>
    <time>2020-07-22T02:44:28Z</time>
   </trkpt>
   <trkpt lat="47.4634930" lon="-122.1226590">
    <ele>38.1</ele>
    <time>2020-07-22T02:44:29Z</time>
   </trkpt>
   <trkpt lat="47.4634980" lon="-122.1227200">
    <ele>38.1</ele>
    <time>2020-07-22T02:44:30Z</time>
   </trkpt>
   <trkpt lat="47.4635070" lon="-122.1227800">
    <ele>38.0</ele>
    <time>2020-07-22T02:44:31Z</time>
   </trkpt>
   <trkpt lat="47.4635040" lon="-122.1228330">
    <ele>38.0</ele>
    <time>2020-07-22T02:44:32Z</time>
   </trkpt>
   <trkpt lat="47.4635060" lon="-122.1228890">
    <ele>38.0</ele>
    <time>2020-07-22T02:44:33Z</time>
   </trkpt>
   <trkpt lat="47.4635020" lon="-122.1229590">
    <ele>37.9</ele>
    <time>2020-07-22T02:44:34Z</time>
   </trkpt>
   <trkpt lat="47.4635070" lon="-122.1230220">
    <ele>37.9</ele>
    <time>2020-07-22T02:44:35Z</time>
   </trkpt>
   <trkpt lat="47.4635080" lon="-122.1230680">
    <ele>37.9</ele>
    <time>2020-07-22T02:44:36Z</time>
   </trkpt>
   <trkpt lat="47.4635140" lon="-122.1231200">
    <ele>37.8</ele>
    <time>2020-07-22T02:44:37Z</time>
   </trkpt>
   <trkpt lat="47.4635130" lon="-122.1231720">
    <ele>37.8</ele>
    <time>2020-07-22T02:44:38Z</time>
   </trkpt>
   <trkpt lat="47.4635300" lon="-122.1232130">
    <ele>37.8</ele>
    <time>2020-07-22T02:44:39Z</time>
   </trkpt>
   <trkpt lat="47.4635230" lon="-122.1232640">
    <ele>37.7</ele>
    <time>2020-07-22T02:44:40Z</time>
   </trkpt>
   <trkpt lat="47.4635300" lon="-122.1233200">
    <ele>37.7</ele>
    <time>2020-07-22T02:44:41Z</time>
   </trkpt>
   <trkpt lat="47.4635320" lon="-122.1233790">
    <ele>37.7</ele>
    <time>2020-07-22T02:44:42Z</time>
   </trkpt>
   <trkpt lat="47.4635290" lon="-122.1234060">
    <ele>37.6</ele>
    <time>2020-07-22T02:44:43Z</time>
   </trkpt>
   <trkpt lat="47.4635550" lon="-122.1234420">
    <ele>37.6</ele>
    <time>2020-07-22T02:44:44Z</time>
   </trkpt>
   <trkpt lat="47.4635710" lon="-122.1234830">
    <ele>37.6</ele>
    <time>2020-07-22T02:44:45Z</time>
   </trkpt>
   <trkpt lat="47.4635630" lon="-122.1235400">
    <ele>37.5</ele>
    <time>2020-07-22T02:44:46Z</time>
   </trkpt>
   <trkpt lat="47.4635830" lon="-122.1235790">
    <ele>37.5</ele>
    <time>2020-07-22T02:44:47Z</time>
   </trkpt>
   <trkpt lat="47.4635700" lon="-122.1236410">
    <ele>37.4</ele>
    <time>2020-07-22T02:44:48Z</time>
   </trkpt>
   <trkpt lat="47.4635620" lon="-122.1236890">
    <ele>37.4</ele>
    <time>2020-07-22T02:44:49Z</time>
   </trkpt>
   <trkpt lat="47.4635690" lon="-122.1237310">
    <ele>37.4</ele>
    <time>2020-07-22T02:44:50Z</time>
   </trkpt>
   <trkpt lat="47.4635750" lon="-122.1237780">
    <ele>37.3</ele>
    <time>2020-07-22T02:44:51Z</time>
   </trkpt>
   <trkpt lat="47.4635790" lon="-122.1238260">
    <ele>37.3</ele>
    <time>2020-07-22T02:44:52Z</time>
   </trkpt>
   <trkpt lat="47.4635940" lon="-122.1238970">
    <ele>37.3</ele>
    <time>2020-07-22T02:44:53Z</time>
   </trkpt>
   <trkpt lat="47.4635880" lon="-122.1239580">
    <ele>37.2</ele>
    <time>2020-07-22T02:44:54Z</time>
   </trkpt>
   <trkpt lat="47.4635850" lon="-122.1239810">
    <ele>37.2</ele>
    <time>2020-07-22T02:44:55Z</time>
   </trkpt>
   <trkpt lat="47.4635650" lon="-122.1240570">
    <ele>37.2</ele>
    <time>2020-07-22T02:44:56Z</time>
   </trkpt>
   <trkpt lat="47.4635700" lon="-122.1241210">
    <ele>37.1</ele>
    <time>2020-07-22T02:44:57Z</time>
   </trkpt>
   <trkpt lat="47.4635700" lon="-122.1241480">
    <ele>37.1</ele>
    <time>2020-07-22T02:44:58Z</time>
   </trkpt>
   <trkpt lat="47.4635800" lon="-122.1242100">
    <ele>37.1</ele>
    <time>2020-07-22T02:44:59Z</time>
   </trkpt>
   <trkpt lat="47.4635830" lon="-122.1242350">
    <ele>37.1</ele>
    <time>2020-07-22T02:45:00Z</time>
   </trkpt>
   <trkpt lat="47.4635760" lon="-122.1242970">
    <ele>37.0</ele>
    <time>2020-07-22T02:45:01Z</time>
   </trkpt>
   <trkpt lat="47.4635770" lon="-122.1243500">
    <ele>37.0</ele>
    <time>2020-07-22T02:45:02Z</time>
   </trkpt>
   <trkpt lat="47.4635860" lon="-122.1244120">
    <ele>37.0</ele>
    <time>2020-07-22T02:45:03Z</time>
   </trkpt>
   <trkpt lat="47.4635840" lon="-122.1244610">
    <ele>37.0</ele>
    <time>2020-07-22T02:45:04Z</time>
   </trkpt>
   <trkpt lat="47.4635770" lon="-122.1245230">
    <ele>36.9</ele>
    <time>2020-07-22T02:45:05Z</time>
   </trkpt>
   <trkpt lat="47.4635780" lon="-122.1245470">
    <ele>36.9</ele>
    <time>2020-07-22T02:45:06Z</time>
   </trkpt>
   <trkpt lat="47.4635710" lon="-122.1245970">
    <ele>36.9</ele>
    <time>2020-07-22T02:45:07Z</time>
   </trkpt>
   <trkpt lat="47.4635770" lon="-122.1246620">
    <ele>36.9</ele>
    <time>2020-07-22T02:45:08Z</time>
   </trkpt>
   <trkpt lat="47.4635970" lon="-122.1247150">
    <ele>36.8</ele>
    <time>2020-07-22T02:45:09Z</time>
   </trkpt>
   <trkpt lat="47.4636040" lon="-122.1247650">
    <ele>36.8</ele>
    <time>2020-07-22T02:45:10Z</time>
   </trkpt>
   <trkpt lat="47.4636080" lon="-122.1248130">
    <ele>36.8</ele>
    <time>2020-07-22T02:45:11Z</time>
   </trkpt>
   <trkpt lat="47.4636210" lon="-122.1248570">
    <ele>36.8</ele>
    <time>2020-07-22T02:45:12Z</time>
   </trkpt>
   <trkpt lat="47.4636030" lon="-122.1249120">
    <ele>36.8</ele>
    <time>2020-07-22T02:45:13Z</time>
   </trkpt>
   <trkpt lat="47.4636060" lon="-122.1249690">
    <ele>36.8</ele>
    <time>2020-07-22T02:45:14Z</time>
   </trkpt>
   <trkpt lat="47.4635610" lon="-122.1250320">
    <ele>36.8</ele>
    <time>2020-07-22T02:45:15Z</time>
   </trkpt>
   <trkpt lat="47.4635720" lon="-122.1250790">
    <ele>36.8</ele>
    <time>2020-07-22T02:45:16Z</time>
   </trkpt>
   <trkpt lat="47.4635880" lon="-122.1251330">
    <ele>36.8</ele>
    <time>2020-07-22T02:45:17Z</time>
   </trkpt>
   <trkpt lat="47.4635980" lon="-122.1251880">
    <ele>36.8</ele>
    <time>2020-07-22T02:45:18Z</time>
   </trkpt>
   <trkpt lat="47.4636160" lon="-122.1252390">
    <ele>36.9</ele>
    <time>2020-07-22T02:45:19Z</time>
   </trkpt>
   <trkpt lat="47.4636280" lon="-122.1252950">
    <ele>37.0</ele>
    <time>2020-07-22T02:45:20Z</time>
   </trkpt>
   <trkpt lat="47.4636420" lon="-122.1253520">
    <ele>36.9</ele>
    <time>2020-07-22T02:45:21Z</time>
   </trkpt>
   <trkpt lat="47.4636550" lon="-122.1254030">
    <ele>36.9</ele>
    <time>2020-07-22T02:45:22Z</time>
   </trkpt>
   <trkpt lat="47.4636490" lon="-122.1254550">
    <ele>36.8</ele>
    <time>2020-07-22T02:45:23Z</time>
   </trkpt>
   <trkpt lat="47.4636620" lon="-122.1255050">
    <ele>36.8</ele>
    <time>2020-07-22T02:45:24Z</time>
   </trkpt>
   <trkpt lat="47.4636670" lon="-122.1255650">
    <ele>36.7</ele>
    <time>2020-07-22T02:45:25Z</time>
   </trkpt>
   <trkpt lat="47.4636720" lon="-122.1256090">
    <ele>36.6</ele>
    <time>2020-07-22T02:45:26Z</time>
   </trkpt>
   <trkpt lat="47.4636340" lon="-122.1256690">
    <ele>36.6</ele>
    <time>2020-07-22T02:45:27Z</time>
   </trkpt>
   <trkpt lat="47.4636420" lon="-122.1257250">
    <ele>36.6</ele>
    <time>2020-07-22T02:45:28Z</time>
   </trkpt>
   <trkpt lat="47.4636510" lon="-122.1257680">
    <ele>36.5</ele>
    <time>2020-07-22T02:45:29Z</time>
   </trkpt>
   <trkpt lat="47.4636740" lon="-122.1258340">
    <ele>36.5</ele>
    <time>2020-07-22T02:45:30Z</time>
   </trkpt>
   <trkpt lat="47.4636770" lon="-122.1258830">
    <ele>36.5</ele>
    <time>2020-07-22T02:45:31Z</time>
   </trkpt>
   <trkpt lat="47.4636950" lon="-122.1259430">
    <ele>36.5</ele>
    <time>2020-07-22T02:45:32Z</time>
   </trkpt>
   <trkpt lat="47.4636910" lon="-122.1260030">
    <ele>36.5</ele>
    <time>2020-07-22T02:45:33Z</time>
   </trkpt>
   <trkpt lat="47.4637000" lon="-122.1260600">
    <ele>36.5</ele>
    <time>2020-07-22T02:45:34Z</time>
   </trkpt>
   <trkpt lat="47.4637110" lon="-122.1261160">
    <ele>36.5</ele>
    <time>2020-07-22T02:45:35Z</time>
   </trkpt>
   <trkpt lat="47.4637270" lon="-122.1262030">
    <ele>36.5</ele>
    <time>2020-07-22T02:45:36Z</time>
   </trkpt>
   <trkpt lat="47.4637090" lon="-122.1262520">
    <ele>36.5</ele>
    <time>2020-07-22T02:45:37Z</time>
   </trkpt>
   <trkpt lat="47.4637230" lon="-122.1263110">
    <ele>36.5</ele>
    <time>2020-07-22T02:45:38Z</time>
   </trkpt>
   <trkpt lat="47.4637180" lon="-122.1263770">
    <ele>36.5</ele>
    <time>2020-07-22T02:45:39Z</time>
   </trkpt>
   <trkpt lat="47.4637260" lon="-122.1264250">
    <ele>36.5</ele>
    <time>2020-07-22T02:45:40Z</time>
   </trkpt>
   <trkpt lat="47.4637380" lon="-122.1264850">
    <ele>36.5</ele>
    <time>2020-07-22T02:45:41Z</time>
   </trkpt>
   <trkpt lat="47.4637350" lon="-122.1265310">
    <ele>36.5</ele>
    <time>2020-07-22T02:45:42Z</time>
   </trkpt>
   <trkpt lat="47.4637370" lon="-122.1265750">
    <ele>36.5</ele>
    <time>2020-07-22T02:45:43Z</time>
   </trkpt>
   <trkpt lat="47.4637440" lon="-122.1266240">
    <ele>36.5</ele>
    <time>2020-07-22T02:45:44Z</time>
   </trkpt>
   <trkpt lat="47.4637400" lon="-122.1266740">
    <ele>36.5</ele>
    <time>2020-07-22T02:45:45Z</time>
   </trkpt>
   <trkpt lat="47.4637640" lon="-122.1267180">
    <ele>36.4</ele>
    <time>2020-07-22T02:45:46Z</time>
   </trkpt>
   <trkpt lat="47.4637240" lon="-122.1267920">
    <ele>36.4</ele>
    <time>2020-07-22T02:45:47Z</time>
   </trkpt>
   <trkpt lat="47.4637310" lon="-122.1268350">
    <ele>36.4</ele>
    <time>2020-07-22T02:45:48Z</time>
   </trkpt>
   <trkpt lat="47.4637550" lon="-122.1269060">
    <ele>36.4</ele>
    <time>2020-07-22T02:45:49Z</time>
   </trkpt>
   <trkpt lat="47.4637560" lon="-122.1269460">
    <ele>36.4</ele>
    <time>2020-07-22T02:45:50Z</time>
   </trkpt>
   <trkpt lat="47.4637790" lon="-122.1269920">
    <ele>36.4</ele>
    <time>2020-07-22T02:45:51Z</time>
   </trkpt>
   <trkpt lat="47.4637660" lon="-122.1270410">
    <ele>36.3</ele>
    <time>2020-07-22T02:45:52Z</time>
   </trkpt>
   <trkpt lat="47.4637730" lon="-122.1270880">
    <ele>36.3</ele>
    <time>2020-07-22T02:45:53Z</time>
   </trkpt>
   <trkpt lat="47.4637710" lon="-122.1271360">
    <ele>36.3</ele>
    <time>2020-07-22T02:45:54Z</time>
   </trkpt>
   <trkpt lat="47.4637820" lon="-122.1271850">
    <ele>36.3</ele>
    <time>2020-07-22T02:45:55Z</time>
   </trkpt>
   <trkpt lat="47.4638040" lon="-122.1272260">
    <ele>36.2</ele>
    <time>2020-07-22T02:45:56Z</time>
   </trkpt>
   <trkpt lat="47.4638000" lon="-122.1272760">
    <ele>36.2</ele>
    <time>2020-07-22T02:45:57Z</time>
   </trkpt>
   <trkpt lat="47.4638170" lon="-122.1273150">
    <ele>36.2</ele>
    <time>2020-07-22T02:45:58Z</time>
   </trkpt>
   <trkpt lat="47.4638420" lon="-122.1273700">
    <ele>36.1</ele>
    <time>2020-07-22T02:45:59Z</time>
   </trkpt>
   <trkpt lat="47.4638500" lon="-122.1274240">
    <ele>36.1</ele>
    <time>2020-07-22T02:46:00Z</time>
   </trkpt>
   <trkpt lat="47.4638680" lon="-122.1275050">
    <ele>36.1</ele>
    <time>2020-07-22T02:46:02Z</time>
   </trkpt>
   <trkpt lat="47.4638730" lon="-122.1275440">
    <ele>36.0</ele>
    <time>2020-07-22T02:46:03Z</time>
   </trkpt>
   <trkpt lat="47.4638770" lon="-122.1275910">
    <ele>36.0</ele>
    <time>2020-07-22T02:46:04Z</time>
   </trkpt>
   <trkpt lat="47.4638940" lon="-122.1276410">
    <ele>36.0</ele>
    <time>2020-07-22T02:46:05Z</time>
   </trkpt>
   <trkpt lat="47.4639040" lon="-122.1276860">
    <ele>35.9</ele>
    <time>2020-07-22T02:46:06Z</time>
   </trkpt>
   <trkpt lat="47.4639180" lon="-122.1277280">
    <ele>35.9</ele>
    <time>2020-07-22T02:46:07Z</time>
   </trkpt>
   <trkpt lat="47.4639080" lon="-122.1278030">
    <ele>35.9</ele>
    <time>2020-07-22T02:46:08Z</time>
   </trkpt>
   <trkpt lat="47.4639020" lon="-122.1278460">
    <ele>35.9</ele>
    <time>2020-07-22T02:46:09Z</time>
   </trkpt>
   <trkpt lat="47.4639170" lon="-122.1278900">
    <ele>35.8</ele>
    <time>2020-07-22T02:46:10Z</time>
   </trkpt>
   <trkpt lat="47.4639120" lon="-122.1279390">
    <ele>35.8</ele>
    <time>2020-07-22T02:46:11Z</time>
   </trkpt>
   <trkpt lat="47.4639230" lon="-122.1279910">
    <ele>35.8</ele>
    <time>2020-07-22T02:46:12Z</time>
   </trkpt>
   <trkpt lat="47.4639350" lon="-122.1280550">
    <ele>35.8</ele>
    <time>2020-07-22T02:46:13Z</time>
   </trkpt>
   <trkpt lat="47.4639450" lon="-122.1280980">
    <ele>35.7</ele>
    <time>2020-07-22T02:46:14Z</time>
   </trkpt>
   <trkpt lat="47.4639510" lon="-122.1281450">
    <ele>35.7</ele>
    <time>2020-07-22T02:46:15Z</time>
   </trkpt>
   <trkpt lat="47.4639380" lon="-122.1282010">
    <ele>35.7</ele>
    <time>2020-07-22T02:46:16Z</time>
   </trkpt>
   <trkpt lat="47.4639530" lon="-122.1282460">
    <ele>35.7</ele>
    <time>2020-07-22T02:46:17Z</time>
   </trkpt>
   <trkpt lat="47.4639600" lon="-122.1282950">
    <ele>35.6</ele>
    <time>2020-07-22T02:46:18Z</time>
   </trkpt>
   <trkpt lat="47.4639650" lon="-122.1283420">
    <ele>35.6</ele>
    <time>2020-07-22T02:46:19Z</time>
   </trkpt>
   <trkpt lat="47.4639810" lon="-122.1283830">
    <ele>35.6</ele>
    <time>2020-07-22T02:46:20Z</time>
   </trkpt>
   <trkpt lat="47.4639890" lon="-122.1284410">
    <ele>35.6</ele>
    <time>2020-07-22T02:46:21Z</time>
   </trkpt>
   <trkpt lat="47.4640100" lon="-122.1284840">
    <ele>35.5</ele>
    <time>2020-07-22T02:46:22Z</time>
   </trkpt>
   <trkpt lat="47.4640220" lon="-122.1285360">
    <ele>35.5</ele>
    <time>2020-07-22T02:46:23Z</time>
   </trkpt>
   <trkpt lat="47.4640240" lon="-122.1285860">
    <ele>35.5</ele>
    <time>2020-07-22T02:46:24Z</time>
   </trkpt>
   <trkpt lat="47.4640480" lon="-122.1286410">
    <ele>35.4</ele>
    <time>2020-07-22T02:46:25Z</time>
   </trkpt>
   <trkpt lat="47.4640390" lon="-122.1286940">
    <ele>35.4</ele>
    <time>2020-07-22T02:46:26Z</time>
   </trkpt>
   <trkpt lat="47.4640450" lon="-122.1287340">
    <ele>35.4</ele>
    <time>2020-07-22T02:46:27Z</time>
   </trkpt>
   <trkpt lat="47.4640470" lon="-122.1287930">
    <ele>35.4</ele>
    <time>2020-07-22T02:46:28Z</time>
   </trkpt>
   <trkpt lat="47.4640650" lon="-122.1288420">
    <ele>35.3</ele>
    <time>2020-07-22T02:46:29Z</time>
   </trkpt>
   <trkpt lat="47.4640860" lon="-122.1288880">
    <ele>35.3</ele>
    <time>2020-07-22T02:46:30Z</time>
   </trkpt>
   <trkpt lat="47.4640780" lon="-122.1289400">
    <ele>35.3</ele>
    <time>2020-07-22T02:46:31Z</time>
   </trkpt>
   <trkpt lat="47.4640860" lon="-122.1289810">
    <ele>35.3</ele>
    <time>2020-07-22T02:46:32Z</time>
   </trkpt>
   <trkpt lat="47.4640850" lon="-122.1290450">
    <ele>35.3</ele>
    <time>2020-07-22T02:46:33Z</time>
   </trkpt>
   <trkpt lat="47.4640860" lon="-122.1290890">
    <ele>35.3</ele>
    <time>2020-07-22T02:46:34Z</time>
   </trkpt>
   <trkpt lat="47.4641030" lon="-122.1291330">
    <ele>35.2</ele>
    <time>2020-07-22T02:46:35Z</time>
   </trkpt>
   <trkpt lat="47.4641050" lon="-122.1291840">
    <ele>35.2</ele>
    <time>2020-07-22T02:46:36Z</time>
   </trkpt>
   <trkpt lat="47.4641090" lon="-122.1292310">
    <ele>35.2</ele>
    <time>2020-07-22T02:46:37Z</time>
   </trkpt>
   <trkpt lat="47.4641200" lon="-122.1292870">
    <ele>35.2</ele>
    <time>2020-07-22T02:46:38Z</time>
   </trkpt>
   <trkpt lat="47.4641350" lon="-122.1293280">
    <ele>35.2</ele>
    <time>2020-07-22T02:46:39Z</time>
   </trkpt>
   <trkpt lat="47.4641670" lon="-122.1293680">
    <ele>35.1</ele>
    <time>2020-07-22T02:46:40Z</time>
   </trkpt>
   <trkpt lat="47.4641770" lon="-122.1294300">
    <ele>35.1</ele>
    <time>2020-07-22T02:46:41Z</time>
   </trkpt>
   <trkpt lat="47.4641760" lon="-122.1294720">
    <ele>35.1</ele>
    <time>2020-07-22T02:46:42Z</time>
   </trkpt>
   <trkpt lat="47.4641850" lon="-122.1295210">
    <ele>35.1</ele>
    <time>2020-07-22T02:46:43Z</time>
   </trkpt>
   <trkpt lat="47.4641900" lon="-122.1295630">
    <ele>35.1</ele>
    <time>2020-07-22T02:46:44Z</time>
   </trkpt>
   <trkpt lat="47.4641900" lon="-122.1296280">
    <ele>35.1</ele>
    <time>2020-07-22T02:46:45Z</time>
   </trkpt>
   <trkpt lat="47.4641880" lon="-122.1296600">
    <ele>35.0</ele>
    <time>2020-07-22T02:46:46Z</time>
   </trkpt>
   <trkpt lat="47.4642080" lon="-122.1297180">
    <ele>35.0</ele>
    <time>2020-07-22T02:46:47Z</time>
   </trkpt>
   <trkpt lat="47.4642200" lon="-122.1297420">
    <ele>35.0</ele>
    <time>2020-07-22T02:46:48Z</time>
   </trkpt>
   <trkpt lat="47.4642170" lon="-122.1297850">
    <ele>35.0</ele>
    <time>2020-07-22T02:46:49Z</time>
   </trkpt>
   <trkpt lat="47.4642330" lon="-122.1298290">
    <ele>35.0</ele>
    <time>2020-07-22T02:46:50Z</time>
   </trkpt>
   <trkpt lat="47.4642260" lon="-122.1298820">
    <ele>35.0</ele>
    <time>2020-07-22T02:46:51Z</time>
   </trkpt>
   <trkpt lat="47.4642360" lon="-122.1299230">
    <ele>35.0</ele>
    <time>2020-07-22T02:46:52Z</time>
   </trkpt>
   <trkpt lat="47.4642600" lon="-122.1299770">
    <ele>35.0</ele>
    <time>2020-07-22T02:46:53Z</time>
   </trkpt>
   <trkpt lat="47.4642600" lon="-122.1300290">
    <ele>35.0</ele>
    <time>2020-07-22T02:46:54Z</time>
   </trkpt>
   <trkpt lat="47.4642710" lon="-122.1300700">
    <ele>34.9</ele>
    <time>2020-07-22T02:46:55Z</time>
   </trkpt>
   <trkpt lat="47.4642750" lon="-122.1301120">
    <ele>34.9</ele>
    <time>2020-07-22T02:46:56Z</time>
   </trkpt>
   <trkpt lat="47.4642810" lon="-122.1301650">
    <ele>34.9</ele>
    <time>2020-07-22T02:46:57Z</time>
   </trkpt>
   <trkpt lat="47.4642860" lon="-122.1301850">
    <ele>34.9</ele>
    <time>2020-07-22T02:46:58Z</time>
   </trkpt>
   <trkpt lat="47.4643030" lon="-122.1302310">
    <ele>34.9</ele>
    <time>2020-07-22T02:46:59Z</time>
   </trkpt>
   <trkpt lat="47.4643050" lon="-122.1302860">
    <ele>34.9</ele>
    <time>2020-07-22T02:47:00Z</time>
   </trkpt>
   <trkpt lat="47.4642980" lon="-122.1303420">
    <ele>34.9</ele>
    <time>2020-07-22T02:47:01Z</time>
   </trkpt>
   <trkpt lat="47.4643080" lon="-122.1303920">
    <ele>34.9</ele>
    <time>2020-07-22T02:47:02Z</time>
   </trkpt>
   <trkpt lat="47.4643160" lon="-122.1304490">
    <ele>34.9</ele>
    <time>2020-07-22T02:47:03Z</time>
   </trkpt>
   <trkpt lat="47.4643180" lon="-122.1304960">
    <ele>34.9</ele>
    <time>2020-07-22T02:47:04Z</time>
   </trkpt>
   <trkpt lat="47.4643320" lon="-122.1305370">
    <ele>34.9</ele>
    <time>2020-07-22T02:47:05Z</time>
   </trkpt>
   <trkpt lat="47.4643430" lon="-122.1305820">
    <ele>34.8</ele>
    <time>2020-07-22T02:47:06Z</time>
   </trkpt>
   <trkpt lat="47.4643560" lon="-122.1306200">
    <ele>34.8</ele>
    <time>2020-07-22T02:47:07Z</time>
   </trkpt>
   <trkpt lat="47.4643560" lon="-122.1306680">
    <ele>34.8</ele>
    <time>2020-07-22T02:47:08Z</time>
   </trkpt>
   <trkpt lat="47.4643620" lon="-122.1307090">
    <ele>34.8</ele>
    <time>2020-07-22T02:47:09Z</time>
   </trkpt>
   <trkpt lat="47.4643690" lon="-122.1307610">
    <ele>34.8</ele>
    <time>2020-07-22T02:47:10Z</time>
   </trkpt>
   <trkpt lat="47.4643790" lon="-122.1308080">
    <ele>34.8</ele>
    <time>2020-07-22T02:47:11Z</time>
   </trkpt>
   <trkpt lat="47.4643880" lon="-122.1308500">
    <ele>34.8</ele>
    <time>2020-07-22T02:47:12Z</time>
   </trkpt>
   <trkpt lat="47.4644020" lon="-122.1308940">
    <ele>34.7</ele>
    <time>2020-07-22T02:47:13Z</time>
   </trkpt>
   <trkpt lat="47.4644050" lon="-122.1309390">
    <ele>34.7</ele>
    <time>2020-07-22T02:47:14Z</time>
   </trkpt>
   <trkpt lat="47.4644180" lon="-122.1309870">
    <ele>34.7</ele>
    <time>2020-07-22T02:47:15Z</time>
   </trkpt>
   <trkpt lat="47.4644280" lon="-122.1310430">
    <ele>34.7</ele>
    <time>2020-07-22T02:47:16Z</time>
   </trkpt>
   <trkpt lat="47.4644390" lon="-122.1310960">
    <ele>34.7</ele>
    <time>2020-07-22T02:47:17Z</time>
   </trkpt>
   <trkpt lat="47.4644450" lon="-122.1311130">
    <ele>34.7</ele>
    <time>2020-07-22T02:47:18Z</time>
   </trkpt>
   <trkpt lat="47.4644500" lon="-122.1311640">
    <ele>34.7</ele>
    <time>2020-07-22T02:47:19Z</time>
   </trkpt>
   <trkpt lat="47.4644640" lon="-122.1312220">
    <ele>34.7</ele>
    <time>2020-07-22T02:47:20Z</time>
   </trkpt>
   <trkpt lat="47.4644710" lon="-122.1312650">
    <ele>34.6</ele>
    <time>2020-07-22T02:47:21Z</time>
   </trkpt>
   <trkpt lat="47.4644700" lon="-122.1313100">
    <ele>34.6</ele>
    <time>2020-07-22T02:47:22Z</time>
   </trkpt>
   <trkpt lat="47.4644760" lon="-122.1313560">
    <ele>34.6</ele>
    <time>2020-07-22T02:47:23Z</time>
   </trkpt>
   <trkpt lat="47.4644680" lon="-122.1314130">
    <ele>34.5</ele>
    <time>2020-07-22T02:47:24Z</time>
   </trkpt>
   <trkpt lat="47.4644830" lon="-122.1314510">
    <ele>34.5</ele>
    <time>2020-07-22T02:47:25Z</time>
   </trkpt>
   <trkpt lat="47.4645020" lon="-122.1314960">
    <ele>34.5</ele>
    <time>2020-07-22T02:47:26Z</time>
   </trkpt>
   <trkpt lat="47.4645200" lon="-122.1315540">
    <ele>34.5</ele>
    <time>2020-07-22T02:47:27Z</time>
   </trkpt>
   <trkpt lat="47.4645280" lon="-122.1315780">
    <ele>34.4</ele>
    <time>2020-07-22T02:47:28Z</time>
   </trkpt>
   <trkpt lat="47.4645340" lon="-122.1316570">
    <ele>34.4</ele>
    <time>2020-07-22T02:47:29Z</time>
   </trkpt>
   <trkpt lat="47.4645380" lon="-122.1317000">
    <ele>34.4</ele>
    <time>2020-07-22T02:47:30Z</time>
   </trkpt>
   <trkpt lat="47.4645490" lon="-122.1318120">
    <ele>34.4</ele>
    <time>2020-07-22T02:47:32Z</time>
   </trkpt>
   <trkpt lat="47.4645530" lon="-122.1318450">
    <ele>34.4</ele>
    <time>2020-07-22T02:47:33Z</time>
   </trkpt>
   <trkpt lat="47.4645670" lon="-122.1318950">
    <ele>34.4</ele>
    <time>2020-07-22T02:47:34Z</time>
   </trkpt>
   <trkpt lat="47.4645750" lon="-122.1319110">
    <ele>34.4</ele>
    <time>2020-07-22T02:47:35Z</time>
   </trkpt>
   <trkpt lat="47.4645850" lon="-122.1319640">
    <ele>34.4</ele>
    <time>2020-07-22T02:47:36Z</time>
   </trkpt>
   <trkpt lat="47.4645890" lon="-122.1319800">
    <ele>34.4</ele>
    <time>2020-07-22T02:47:37Z</time>
   </trkpt>
   <trkpt lat="47.4646000" lon="-122.1320230">
    <ele>34.4</ele>
    <time>2020-07-22T02:47:38Z</time>
   </trkpt>
   <trkpt lat="47.4646020" lon="-122.1320710">
    <ele>34.4</ele>
    <time>2020-07-22T02:47:39Z</time>
   </trkpt>
   <trkpt lat="47.4646210" lon="-122.1321310">
    <ele>34.4</ele>
    <time>2020-07-22T02:47:40Z</time>
   </trkpt>
   <trkpt lat="47.4646250" lon="-122.1321580">
    <ele>34.4</ele>
    <time>2020-07-22T02:47:41Z</time>
   </trkpt>
   <trkpt lat="47.4646370" lon="-122.1322220">
    <ele>34.4</ele>
    <time>2020-07-22T02:47:42Z</time>
   </trkpt>
   <trkpt lat="47.4646440" lon="-122.1322510">
    <ele>34.4</ele>
    <time>2020-07-22T02:47:43Z</time>
   </trkpt>
   <trkpt lat="47.4646540" lon="-122.1323100">
    <ele>34.4</ele>
    <time>2020-07-22T02:47:44Z</time>
   </trkpt>
   <trkpt lat="47.4646620" lon="-122.1323320">
    <ele>34.4</ele>
    <time>2020-07-22T02:47:45Z</time>
   </trkpt>
   <trkpt lat="47.4646640" lon="-122.1323820">
    <ele>34.4</ele>
    <time>2020-07-22T02:47:46Z</time>
   </trkpt>
   <trkpt lat="47.4646650" lon="-122.1324410">
    <ele>34.3</ele>
    <time>2020-07-22T02:47:47Z</time>
   </trkpt>
   <trkpt lat="47.4646690" lon="-122.1324630">
    <ele>34.3</ele>
    <time>2020-07-22T02:47:48Z</time>
   </trkpt>
   <trkpt lat="47.4646580" lon="-122.1325170">
    <ele>34.3</ele>
    <time>2020-07-22T02:47:49Z</time>
   </trkpt>
   <trkpt lat="47.4646610" lon="-122.1325700">
    <ele>34.3</ele>
    <time>2020-07-22T02:47:50Z</time>
   </trkpt>
   <trkpt lat="47.4646710" lon="-122.1326170">
    <ele>34.2</ele>
    <time>2020-07-22T02:47:51Z</time>
   </trkpt>
   <trkpt lat="47.4646670" lon="-122.1326730">
    <ele>34.2</ele>
    <time>2020-07-22T02:47:52Z</time>
   </trkpt>
   <trkpt lat="47.4646720" lon="-122.1326970">
    <ele>34.2</ele>
    <time>2020-07-22T02:47:53Z</time>
   </trkpt>
   <trkpt lat="47.4646840" lon="-122.1327480">
    <ele>34.2</ele>
    <time>2020-07-22T02:47:54Z</time>
   </trkpt>
   <trkpt lat="47.4646900" lon="-122.1327900">
    <ele>34.2</ele>
    <time>2020-07-22T02:47:55Z</time>
   </trkpt>
   <trkpt lat="47.4647120" lon="-122.1328320">
    <ele>34.2</ele>
    <time>2020-07-22T02:47:56Z</time>
   </trkpt>
   <trkpt lat="47.4647290" lon="-122.1328840">
    <ele>34.2</ele>
    <time>2020-07-22T02:47:57Z</time>
   </trkpt>
   <trkpt lat="47.4647420" lon="-122.1329270">
    <ele>34.2</ele>
    <time>2020-07-22T02:47:58Z</time>
   </trkpt>
   <trkpt lat="47.4647420" lon="-122.1329770">
    <ele>34.1</ele>
    <time>2020-07-22T02:47:59Z</time>
   </trkpt>
   <trkpt lat="47.4647370" lon="-122.1330240">
    <ele>34.1</ele>
    <time>2020-07-22T02:48:00Z</time>
   </trkpt>
   <trkpt lat="47.4647530" lon="-122.1330710">
    <ele>34.1</ele>
    <time>2020-07-22T02:48:01Z</time>
   </trkpt>
   <trkpt lat="47.4647560" lon="-122.1331190">
    <ele>34.1</ele>
    <time>2020-07-22T02:48:02Z</time>
   </trkpt>
   <trkpt lat="47.4647720" lon="-122.1331650">
    <ele>34.1</ele>
    <time>2020-07-22T02:48:03Z</time>
   </trkpt>
   <trkpt lat="47.4647870" lon="-122.1332220">
    <ele>34.0</ele>
    <time>2020-07-22T02:48:04Z</time>
   </trkpt>
   <trkpt lat="47.4647870" lon="-122.1332700">
    <ele>34.0</ele>
    <time>2020-07-22T02:48:05Z</time>
   </trkpt>
   <trkpt lat="47.4648000" lon="-122.1333330">
    <ele>34.0</ele>
    <time>2020-07-22T02:48:06Z</time>
   </trkpt>
   <trkpt lat="47.4647980" lon="-122.1333980">
    <ele>33.9</ele>
    <time>2020-07-22T02:48:08Z</time>
   </trkpt>
   <trkpt lat="47.4648170" lon="-122.1334480">
    <ele>33.9</ele>
    <time>2020-07-22T02:48:09Z</time>
   </trkpt>
   <trkpt lat="47.4648250" lon="-122.1335050">
    <ele>33.8</ele>
    <time>2020-07-22T02:48:10Z</time>
   </trkpt>
   <trkpt lat="47.4648340" lon="-122.1335680">
    <ele>33.8</ele>
    <time>2020-07-22T02:48:11Z</time>
   </trkpt>
   <trkpt lat="47.4648370" lon="-122.1335920">
    <ele>33.7</ele>
    <time>2020-07-22T02:48:12Z</time>
   </trkpt>
   <trkpt lat="47.4648370" lon="-122.1336360">
    <ele>33.7</ele>
    <time>2020-07-22T02:48:13Z</time>
   </trkpt>
   <trkpt lat="47.4648330" lon="-122.1336900">
    <ele>33.7</ele>
    <time>2020-07-22T02:48:14Z</time>
   </trkpt>
   <trkpt lat="47.4648540" lon="-122.1337540">
    <ele>33.6</ele>
    <time>2020-07-22T02:48:15Z</time>
   </trkpt>
   <trkpt lat="47.4648660" lon="-122.1338170">
    <ele>33.6</ele>
    <time>2020-07-22T02:48:16Z</time>
   </trkpt>
   <trkpt lat="47.4648740" lon="-122.1338430">
    <ele>33.6</ele>
    <time>2020-07-22T02:48:17Z</time>
   </trkpt>
   <trkpt lat="47.4648830" lon="-122.1338940">
    <ele>33.6</ele>
    <time>2020-07-22T02:48:18Z</time>
   </trkpt>
   <trkpt lat="47.4648870" lon="-122.1339410">
    <ele>33.5</ele>
    <time>2020-07-22T02:48:19Z</time>
   </trkpt>
   <trkpt lat="47.4649000" lon="-122.1340010">
    <ele>33.5</ele>
    <time>2020-07-22T02:48:20Z</time>
   </trkpt>
   <trkpt lat="47.4649090" lon="-122.1340580">
    <ele>33.5</ele>
    <time>2020-07-22T02:48:21Z</time>
   </trkpt>
   <trkpt lat="47.4649260" lon="-122.1341070">
    <ele>33.5</ele>
    <time>2020-07-22T02:48:22Z</time>
   </trkpt>
   <trkpt lat="47.4649380" lon="-122.1341510">
    <ele>33.4</ele>
    <time>2020-07-22T02:48:23Z</time>
   </trkpt>
   <trkpt lat="47.4649540" lon="-122.1342050">
    <ele>33.4</ele>
    <time>2020-07-22T02:48:24Z</time>
   </trkpt>
   <trkpt lat="47.4649640" lon="-122.1342250">
    <ele>33.4</ele>
    <time>2020-07-22T02:48:25Z</time>
   </trkpt>
   <trkpt lat="47.4649770" lon="-122.1342740">
    <ele>33.4</ele>
    <time>2020-07-22T02:48:26Z</time>
   </trkpt>
   <trkpt lat="47.4649910" lon="-122.1343220">
    <ele>33.4</ele>
    <time>2020-07-22T02:48:27Z</time>
   </trkpt>
   <trkpt lat="47.4649920" lon="-122.1343730">
    <ele>33.4</ele>
    <time>2020-07-22T02:48:28Z</time>
   </trkpt>
   <trkpt lat="47.4650060" lon="-122.1344330">
    <ele>33.3</ele>
    <time>2020-07-22T02:48:29Z</time>
   </trkpt>
   <trkpt lat="47.4650150" lon="-122.1344560">
    <ele>33.3</ele>
    <time>2020-07-22T02:48:30Z</time>
   </trkpt>
   <trkpt lat="47.4650170" lon="-122.1345030">
    <ele>33.3</ele>
    <time>2020-07-22T02:48:31Z</time>
   </trkpt>
   <trkpt lat="47.4650060" lon="-122.1345650">
    <ele>33.3</ele>
    <time>2020-07-22T02:48:32Z</time>
   </trkpt>
   <trkpt lat="47.4650120" lon="-122.1346160">
    <ele>33.3</ele>
    <time>2020-07-22T02:48:33Z</time>
   </trkpt>
   <trkpt lat="47.4650070" lon="-122.1346620">
    <ele>33.3</ele>
    <time>2020-07-22T02:48:34Z</time>
   </trkpt>
   <trkpt lat="47.4650150" lon="-122.1347220">
    <ele>33.2</ele>
    <time>2020-07-22T02:48:35Z</time>
   </trkpt>
   <trkpt lat="47.4650170" lon="-122.1347480">
    <ele>33.2</ele>
    <time>2020-07-22T02:48:36Z</time>
   </trkpt>
   <trkpt lat="47.4650230" lon="-122.1347980">
    <ele>33.2</ele>
    <time>2020-07-22T02:48:37Z</time>
   </trkpt>
   <trkpt lat="47.4650300" lon="-122.1348220">
    <ele>33.2</ele>
    <time>2020-07-22T02:48:38Z</time>
   </trkpt>
   <trkpt lat="47.4650280" lon="-122.1348660">
    <ele>33.2</ele>
    <time>2020-07-22T02:48:39Z</time>
   </trkpt>
   <trkpt lat="47.4650420" lon="-122.1349010">
    <ele>33.2</ele>
    <time>2020-07-22T02:48:40Z</time>
   </trkpt>
   <trkpt lat="47.4650440" lon="-122.1349610">
    <ele>33.2</ele>
    <time>2020-07-22T02:48:41Z</time>
   </trkpt>
   <trkpt lat="47.4650510" lon="-122.1350140">
    <ele>33.1</ele>
    <time>2020-07-22T02:48:42Z</time>
   </trkpt>
   <trkpt lat="47.4650670" lon="-122.1350620">
    <ele>33.1</ele>
    <time>2020-07-22T02:48:43Z</time>
   </trkpt>
   <trkpt lat="47.4650830" lon="-122.1351120">
    <ele>33.1</ele>
    <time>2020-07-22T02:48:44Z</time>
   </trkpt>
   <trkpt lat="47.4650940" lon="-122.1351560">
    <ele>33.1</ele>
    <time>2020-07-22T02:48:45Z</time>
   </trkpt>
   <trkpt lat="47.4650990" lon="-122.1352090">
    <ele>33.1</ele>
    <time>2020-07-22T02:48:46Z</time>
   </trkpt>
   <trkpt lat="47.4651110" lon="-122.1352630">
    <ele>33.0</ele>
    <time>2020-07-22T02:48:47Z</time>
   </trkpt>
   <trkpt lat="47.4651220" lon="-122.1352890">
    <ele>33.0</ele>
    <time>2020-07-22T02:48:48Z</time>
   </trkpt>
   <trkpt lat="47.4651450" lon="-122.1353330">
    <ele>33.0</ele>
    <time>2020-07-22T02:48:49Z</time>
   </trkpt>
   <trkpt lat="47.4651450" lon="-122.1353770">
    <ele>33.0</ele>
    <time>2020-07-22T02:48:50Z</time>
   </trkpt>
   <trkpt lat="47.4651410" lon="-122.1354340">
    <ele>33.0</ele>
    <time>2020-07-22T02:48:51Z</time>
   </trkpt>
   <trkpt lat="47.4651520" lon="-122.1354950">
    <ele>33.0</ele>
    <time>2020-07-22T02:48:52Z</time>
   </trkpt>
   <trkpt lat="47.4651580" lon="-122.1355220">
    <ele>33.0</ele>
    <time>2020-07-22T02:48:53Z</time>
   </trkpt>
   <trkpt lat="47.4651550" lon="-122.1355680">
    <ele>32.9</ele>
    <time>2020-07-22T02:48:54Z</time>
   </trkpt>
   <trkpt lat="47.4651660" lon="-122.1356300">
    <ele>32.9</ele>
    <time>2020-07-22T02:48:55Z</time>
   </trkpt>
   <trkpt lat="47.4651600" lon="-122.1356600">
    <ele>32.9</ele>
    <time>2020-07-22T02:48:56Z</time>
   </trkpt>
   <trkpt lat="47.4651720" lon="-122.1357190">
    <ele>32.9</ele>
    <time>2020-07-22T02:48:57Z</time>
   </trkpt>
   <trkpt lat="47.4651750" lon="-122.1357400">
    <ele>32.9</ele>
    <time>2020-07-22T02:48:58Z</time>
   </trkpt>
   <trkpt lat="47.4651870" lon="-122.1358080">
    <ele>32.9</ele>
    <time>2020-07-22T02:48:59Z</time>
   </trkpt>
   <trkpt lat="47.4651960" lon="-122.1358460">
    <ele>32.9</ele>
    <time>2020-07-22T02:49:00Z</time>
   </trkpt>
   <trkpt lat="47.4652090" lon="-122.1358970">
    <ele>32.9</ele>
    <time>2020-07-22T02:49:01Z</time>
   </trkpt>
   <trkpt lat="47.4652140" lon="-122.1359480">
    <ele>32.9</ele>
    <time>2020-07-22T02:49:02Z</time>
   </trkpt>
   <trkpt lat="47.4652100" lon="-122.1359960">
    <ele>32.9</ele>
    <time>2020-07-22T02:49:03Z</time>
   </trkpt>
   <trkpt lat="47.4652150" lon="-122.1360580">
    <ele>32.8</ele>
    <time>2020-07-22T02:49:04Z</time>
   </trkpt>
   <trkpt lat="47.4652180" lon="-122.1361050">
    <ele>32.8</ele>
    <time>2020-07-22T02:49:05Z</time>
   </trkpt>
   <trkpt lat="47.4652330" lon="-122.1361580">
    <ele>32.8</ele>
    <time>2020-07-22T02:49:06Z</time>
   </trkpt>
   <trkpt lat="47.4652450" lon="-122.1361970">
    <ele>32.7</ele>
    <time>2020-07-22T02:49:07Z</time>
   </trkpt>
   <trkpt lat="47.4652490" lon="-122.1362650">
    <ele>32.7</ele>
    <time>2020-07-22T02:49:08Z</time>
   </trkpt>
   <trkpt lat="47.4652460" lon="-122.1362960">
    <ele>32.7</ele>
    <time>2020-07-22T02:49:09Z</time>
   </trkpt>
   <trkpt lat="47.4652530" lon="-122.1363380">
    <ele>32.6</ele>
    <time>2020-07-22T02:49:10Z</time>
   </trkpt>
   <trkpt lat="47.4652640" lon="-122.1363890">
    <ele>32.6</ele>
    <time>2020-07-22T02:49:11Z</time>
   </trkpt>
   <trkpt lat="47.4652670" lon="-122.1364480">
    <ele>32.5</ele>
    <time>2020-07-22T02:49:12Z</time>
   </trkpt>
   <trkpt lat="47.4652820" lon="-122.1364970">
    <ele>32.5</ele>
    <time>2020-07-22T02:49:13Z</time>
   </trkpt>
   <trkpt lat="47.4652980" lon="-122.1365340">
    <ele>32.4</ele>
    <time>2020-07-22T02:49:14Z</time>
   </trkpt>
   <trkpt lat="47.4653030" lon="-122.1365830">
    <ele>32.3</ele>
    <time>2020-07-22T02:49:15Z</time>
   </trkpt>
   <trkpt lat="47.4653250" lon="-122.1366130">
    <ele>32.3</ele>
    <time>2020-07-22T02:49:16Z</time>
   </trkpt>
   <trkpt lat="47.4653350" lon="-122.1366730">
    <ele>32.1</ele>
    <time>2020-07-22T02:49:17Z</time>
   </trkpt>
   <trkpt lat="47.4653340" lon="-122.1367330">
    <ele>32.0</ele>
    <time>2020-07-22T02:49:18Z</time>
   </trkpt>
   <trkpt lat="47.4653560" lon="-122.1367890">
    <ele>31.9</ele>
    <time>2020-07-22T02:49:19Z</time>
   </trkpt>
   <trkpt lat="47.4653700" lon="-122.1368310">
    <ele>31.8</ele>
    <time>2020-07-22T02:49:20Z</time>
   </trkpt>
   <trkpt lat="47.4653880" lon="-122.1368650">
    <ele>31.7</ele>
    <time>2020-07-22T02:49:21Z</time>
   </trkpt>
   <trkpt lat="47.4653900" lon="-122.1369310">
    <ele>31.7</ele>
    <time>2020-07-22T02:49:22Z</time>
   </trkpt>
   <trkpt lat="47.4654000" lon="-122.1369770">
    <ele>31.7</ele>
    <time>2020-07-22T02:49:23Z</time>
   </trkpt>
   <trkpt lat="47.4654130" lon="-122.1370190">
    <ele>31.7</ele>
    <time>2020-07-22T02:49:24Z</time>
   </trkpt>
   <trkpt lat="47.4654370" lon="-122.1370550">
    <ele>31.7</ele>
    <time>2020-07-22T02:49:25Z</time>
   </trkpt>
   <trkpt lat="47.4654700" lon="-122.1370780">
    <ele>31.8</ele>
    <time>2020-07-22T02:49:26Z</time>
   </trkpt>
   <trkpt lat="47.4654850" lon="-122.1371330">
    <ele>31.9</ele>
    <time>2020-07-22T02:49:27Z</time>
   </trkpt>
   <trkpt lat="47.4654840" lon="-122.1371560">
    <ele>31.9</ele>
    <time>2020-07-22T02:49:28Z</time>
   </trkpt>
   <trkpt lat="47.4654660" lon="-122.1376840">
    <ele>32.3</ele>
    <time>2020-07-22T02:49:56Z</time>
   </trkpt>
   <trkpt lat="47.4654670" lon="-122.1376960">
    <ele>32.3</ele>
    <time>2020-07-22T02:49:57Z</time>
   </trkpt>
   <trkpt lat="47.4654690" lon="-122.1377320">
    <ele>32.2</ele>
    <time>2020-07-22T02:49:58Z</time>
   </trkpt>
   <trkpt lat="47.4654740" lon="-122.1377920">
    <ele>32.1</ele>
    <time>2020-07-22T02:49:59Z</time>
   </trkpt>
   <trkpt lat="47.4654950" lon="-122.1378440">
    <ele>32.1</ele>
    <time>2020-07-22T02:50:00Z</time>
   </trkpt>
   <trkpt lat="47.4655050" lon="-122.1378960">
    <ele>32.0</ele>
    <time>2020-07-22T02:50:01Z</time>
   </trkpt>
   <trkpt lat="47.4655230" lon="-122.1379420">
    <ele>31.9</ele>
    <time>2020-07-22T02:50:02Z</time>
   </trkpt>
   <trkpt lat="47.4655470" lon="-122.1379780">
    <ele>31.9</ele>
    <time>2020-07-22T02:50:03Z</time>
   </trkpt>
   <trkpt lat="47.4655410" lon="-122.1380380">
    <ele>31.9</ele>
    <time>2020-07-22T02:50:04Z</time>
   </trkpt>
   <trkpt lat="47.4655630" lon="-122.1380750">
    <ele>32.0</ele>
    <time>2020-07-22T02:50:05Z</time>
   </trkpt>
   <trkpt lat="47.4655780" lon="-122.1381290">
    <ele>32.0</ele>
    <time>2020-07-22T02:50:06Z</time>
   </trkpt>
   <trkpt lat="47.4655850" lon="-122.1381940">
    <ele>32.1</ele>
    <time>2020-07-22T02:50:07Z</time>
   </trkpt>
   <trkpt lat="47.4656000" lon="-122.1382400">
    <ele>32.2</ele>
    <time>2020-07-22T02:50:08Z</time>
   </trkpt>
   <trkpt lat="47.4656070" lon="-122.1383000">
    <ele>32.3</ele>
    <time>2020-07-22T02:50:09Z</time>
   </trkpt>
   <trkpt lat="47.4656080" lon="-122.1383510">
    <ele>32.4</ele>
    <time>2020-07-22T02:50:10Z</time>
   </trkpt>
   <trkpt lat="47.4656280" lon="-122.1384010">
    <ele>32.5</ele>
    <time>2020-07-22T02:50:11Z</time>
   </trkpt>
   <trkpt lat="47.4656250" lon="-122.1384590">
    <ele>32.6</ele>
    <time>2020-07-22T02:50:12Z</time>
   </trkpt>
   <trkpt lat="47.4656380" lon="-122.1385050">
    <ele>32.6</ele>
    <time>2020-07-22T02:50:14Z</time>
   </trkpt>
   <trkpt lat="47.4656380" lon="-122.1385600">
    <ele>32.7</ele>
    <time>2020-07-22T02:50:15Z</time>
   </trkpt>
   <trkpt lat="47.4656440" lon="-122.1386060">
    <ele>32.7</ele>
    <time>2020-07-22T02:50:16Z</time>
   </trkpt>
   <trkpt lat="47.4656430" lon="-122.1386540">
    <ele>32.7</ele>
    <time>2020-07-22T02:50:17Z</time>
   </trkpt>
   <trkpt lat="47.4656570" lon="-122.1387130">
    <ele>32.7</ele>
    <time>2020-07-22T02:50:18Z</time>
   </trkpt>
   <trkpt lat="47.4656620" lon="-122.1387690">
    <ele>32.7</ele>
    <time>2020-07-22T02:50:19Z</time>
   </trkpt>
   <trkpt lat="47.4656620" lon="-122.1388150">
    <ele>32.6</ele>
    <time>2020-07-22T02:50:20Z</time>
   </trkpt>
   <trkpt lat="47.4656870" lon="-122.1388730">
    <ele>32.6</ele>
    <time>2020-07-22T02:50:21Z</time>
   </trkpt>
   <trkpt lat="47.4657040" lon="-122.1389200">
    <ele>32.6</ele>
    <time>2020-07-22T02:50:22Z</time>
   </trkpt>
   <trkpt lat="47.4657020" lon="-122.1389670">
    <ele>32.6</ele>
    <time>2020-07-22T02:50:23Z</time>
   </trkpt>
   <trkpt lat="47.4657090" lon="-122.1390110">
    <ele>32.6</ele>
    <time>2020-07-22T02:50:24Z</time>
   </trkpt>
   <trkpt lat="47.4657130" lon="-122.1390580">
    <ele>32.6</ele>
    <time>2020-07-22T02:50:25Z</time>
   </trkpt>
   <trkpt lat="47.4657220" lon="-122.1391140">
    <ele>32.6</ele>
    <time>2020-07-22T02:50:26Z</time>
   </trkpt>
   <trkpt lat="47.4657220" lon="-122.1391630">
    <ele>32.5</ele>
    <time>2020-07-22T02:50:27Z</time>
   </trkpt>
   <trkpt lat="47.4657290" lon="-122.1392240">
    <ele>32.5</ele>
    <time>2020-07-22T02:50:28Z</time>
   </trkpt>
   <trkpt lat="47.4657360" lon="-122.1392870">
    <ele>32.5</ele>
    <time>2020-07-22T02:50:29Z</time>
   </trkpt>
   <trkpt lat="47.4657410" lon="-122.1393130">
    <ele>32.4</ele>
    <time>2020-07-22T02:50:30Z</time>
   </trkpt>
   <trkpt lat="47.4657460" lon="-122.1393810">
    <ele>32.4</ele>
    <time>2020-07-22T02:50:31Z</time>
   </trkpt>
   <trkpt lat="47.4657630" lon="-122.1394370">
    <ele>32.3</ele>
    <time>2020-07-22T02:50:32Z</time>
   </trkpt>
   <trkpt lat="47.4657640" lon="-122.1394840">
    <ele>32.2</ele>
    <time>2020-07-22T02:50:33Z</time>
   </trkpt>
   <trkpt lat="47.4657720" lon="-122.1395420">
    <ele>32.2</ele>
    <time>2020-07-22T02:50:34Z</time>
   </trkpt>
   <trkpt lat="47.4657830" lon="-122.1395890">
    <ele>32.1</ele>
    <time>2020-07-22T02:50:35Z</time>
   </trkpt>
   <trkpt lat="47.4657940" lon="-122.1396430">
    <ele>32.0</ele>
    <time>2020-07-22T02:50:36Z</time>
   </trkpt>
   <trkpt lat="47.4657960" lon="-122.1396970">
    <ele>32.0</ele>
    <time>2020-07-22T02:50:37Z</time>
   </trkpt>
   <trkpt lat="47.4658020" lon="-122.1397440">
    <ele>31.9</ele>
    <time>2020-07-22T02:50:38Z</time>
   </trkpt>
   <trkpt lat="47.4658020" lon="-122.1397900">
    <ele>31.9</ele>
    <time>2020-07-22T02:50:39Z</time>
   </trkpt>
   <trkpt lat="47.4657970" lon="-122.1398480">
    <ele>31.8</ele>
    <time>2020-07-22T02:50:40Z</time>
   </trkpt>
   <trkpt lat="47.4658110" lon="-122.1399000">
    <ele>31.8</ele>
    <time>2020-07-22T02:50:41Z</time>
   </trkpt>
   <trkpt lat="47.4658250" lon="-122.1399480">
    <ele>31.8</ele>
    <time>2020-07-22T02:50:42Z</time>
   </trkpt>
   <trkpt lat="47.4658360" lon="-122.1399930">
    <ele>31.8</ele>
    <time>2020-07-22T02:50:43Z</time>
   </trkpt>
   <trkpt lat="47.4658540" lon="-122.1400520">
    <ele>31.8</ele>
    <time>2020-07-22T02:50:44Z</time>
   </trkpt>
   <trkpt lat="47.4658600" lon="-122.1401020">
    <ele>31.8</ele>
    <time>2020-07-22T02:50:45Z</time>
   </trkpt>
   <trkpt lat="47.4658600" lon="-122.1401520">
    <ele>31.7</ele>
    <time>2020-07-22T02:50:46Z</time>
   </trkpt>
   <trkpt lat="47.4658660" lon="-122.1402080">
    <ele>31.7</ele>
    <time>2020-07-22T02:50:47Z</time>
   </trkpt>
   <trkpt lat="47.4658850" lon="-122.1402420">
    <ele>31.7</ele>
    <time>2020-07-22T02:50:48Z</time>
   </trkpt>
   <trkpt lat="47.4658900" lon="-122.1403030">
    <ele>31.7</ele>
    <time>2020-07-22T02:50:49Z</time>
   </trkpt>
   <trkpt lat="47.4659000" lon="-122.1403470">
    <ele>31.6</ele>
    <time>2020-07-22T02:50:50Z</time>
   </trkpt>
   <trkpt lat="47.4659080" lon="-122.1404040">
    <ele>31.6</ele>
    <time>2020-07-22T02:50:51Z</time>
   </trkpt>
   <trkpt lat="47.4659250" lon="-122.1404650">
    <ele>31.6</ele>
    <time>2020-07-22T02:50:52Z</time>
   </trkpt>
   <trkpt lat="47.4659350" lon="-122.1405050">
    <ele>31.5</ele>
    <time>2020-07-22T02:50:53Z</time>
   </trkpt>
   <trkpt lat="47.4659540" lon="-122.1405540">
    <ele>31.5</ele>
    <time>2020-07-22T02:50:54Z</time>
   </trkpt>
   <trkpt lat="47.4659670" lon="-122.1406050">
    <ele>31.5</ele>
    <time>2020-07-22T02:50:55Z</time>
   </trkpt>
   <trkpt lat="47.4659750" lon="-122.1406590">
    <ele>31.4</ele>
    <time>2020-07-22T02:50:56Z</time>
   </trkpt>
   <trkpt lat="47.4659830" lon="-122.1407080">
    <ele>31.4</ele>
    <time>2020-07-22T02:50:57Z</time>
   </trkpt>
   <trkpt lat="47.4659880" lon="-122.1407490">
    <ele>31.4</ele>
    <time>2020-07-22T02:50:58Z</time>
   </trkpt>
   <trkpt lat="47.4659960" lon="-122.1408000">
    <ele>31.4</ele>
    <time>2020-07-22T02:50:59Z</time>
   </trkpt>
   <trkpt lat="47.4659990" lon="-122.1408510">
    <ele>31.4</ele>
    <time>2020-07-22T02:51:00Z</time>
   </trkpt>
   <trkpt lat="47.4659970" lon="-122.1409050">
    <ele>31.4</ele>
    <time>2020-07-22T02:51:01Z</time>
   </trkpt>
   <trkpt lat="47.4660040" lon="-122.1409480">
    <ele>31.3</ele>
    <time>2020-07-22T02:51:02Z</time>
   </trkpt>
   <trkpt lat="47.4660280" lon="-122.1409860">
    <ele>31.3</ele>
    <time>2020-07-22T02:51:03Z</time>
   </trkpt>
   <trkpt lat="47.4660400" lon="-122.1410230">
    <ele>31.3</ele>
    <time>2020-07-22T02:51:04Z</time>
   </trkpt>
   <trkpt lat="47.4660460" lon="-122.1410720">
    <ele>31.3</ele>
    <time>2020-07-22T02:51:05Z</time>
   </trkpt>
   <trkpt lat="47.4660460" lon="-122.1411230">
    <ele>31.3</ele>
    <time>2020-07-22T02:51:06Z</time>
   </trkpt>
   <trkpt lat="47.4660540" lon="-122.1411800">
    <ele>31.3</ele>
    <time>2020-07-22T02:51:07Z</time>
   </trkpt>
   <trkpt lat="47.4660730" lon="-122.1412170">
    <ele>31.3</ele>
    <time>2020-07-22T02:51:08Z</time>
   </trkpt>
   <trkpt lat="47.4660790" lon="-122.1412700">
    <ele>31.3</ele>
    <time>2020-07-22T02:51:09Z</time>
   </trkpt>
   <trkpt lat="47.4660870" lon="-122.1413390">
    <ele>31.3</ele>
    <time>2020-07-22T02:51:10Z</time>
   </trkpt>
   <trkpt lat="47.4660900" lon="-122.1413710">
    <ele>31.3</ele>
    <time>2020-07-22T02:51:11Z</time>
   </trkpt>
   <trkpt lat="47.4660890" lon="-122.1414210">
    <ele>31.3</ele>
    <time>2020-07-22T02:51:12Z</time>
   </trkpt>
   <trkpt lat="47.4661020" lon="-122.1414560">
    <ele>31.3</ele>
    <time>2020-07-22T02:51:13Z</time>
   </trkpt>
   <trkpt lat="47.4661160" lon="-122.1415390">
    <ele>31.3</ele>
    <time>2020-07-22T02:51:14Z</time>
   </trkpt>
   <trkpt lat="47.4661270" lon="-122.1415810">
    <ele>31.3</ele>
    <time>2020-07-22T02:51:15Z</time>
   </trkpt>
   <trkpt lat="47.4661410" lon="-122.1416340">
    <ele>31.3</ele>
    <time>2020-07-22T02:51:16Z</time>
   </trkpt>
   <trkpt lat="47.4661580" lon="-122.1416920">
    <ele>31.3</ele>
    <time>2020-07-22T02:51:17Z</time>
   </trkpt>
   <trkpt lat="47.4661700" lon="-122.1417120">
    <ele>31.3</ele>
    <time>2020-07-22T02:51:18Z</time>
   </trkpt>
   <trkpt lat="47.4661640" lon="-122.1417750">
    <ele>31.3</ele>
    <time>2020-07-22T02:51:19Z</time>
   </trkpt>
   <trkpt lat="47.4661720" lon="-122.1418130">
    <ele>31.3</ele>
    <time>2020-07-22T02:51:20Z</time>
   </trkpt>
   <trkpt lat="47.4661660" lon="-122.1418790">
    <ele>31.3</ele>
    <time>2020-07-22T02:51:21Z</time>
   </trkpt>
   <trkpt lat="47.4661740" lon="-122.1419380">
    <ele>31.3</ele>
    <time>2020-07-22T02:51:22Z</time>
   </trkpt>
   <trkpt lat="47.4661790" lon="-122.1419620">
    <ele>31.4</ele>
    <time>2020-07-22T02:51:23Z</time>
   </trkpt>
   <trkpt lat="47.4661810" lon="-122.1420240">
    <ele>31.4</ele>
    <time>2020-07-22T02:51:24Z</time>
   </trkpt>
   <trkpt lat="47.4661970" lon="-122.1420610">
    <ele>31.4</ele>
    <time>2020-07-22T02:51:25Z</time>
   </trkpt>
   <trkpt lat="47.4662070" lon="-122.1421090">
    <ele>31.5</ele>
    <time>2020-07-22T02:51:26Z</time>
   </trkpt>
   <trkpt lat="47.4662230" lon="-122.1421630">
    <ele>31.5</ele>
    <time>2020-07-22T02:51:27Z</time>
   </trkpt>
   <trkpt lat="47.4662270" lon="-122.1421810">
    <ele>31.5</ele>
    <time>2020-07-22T02:51:28Z</time>
   </trkpt>
   <trkpt lat="47.4662330" lon="-122.1423530">
    <ele>31.6</ele>
    <time>2020-07-22T02:51:29Z</time>
   </trkpt>
   <trkpt lat="47.4662510" lon="-122.1424930">
    <ele>31.6</ele>
    <time>2020-07-22T02:52:05Z</time>
   </trkpt>
   <trkpt lat="47.4662700" lon="-122.1426320">
    <ele>31.6</ele>
    <time>2020-07-22T02:52:06Z</time>
   </trkpt>
   <trkpt lat="47.4662750" lon="-122.1426900">
    <ele>31.5</ele>
    <time>2020-07-22T02:52:07Z</time>
   </trkpt>
   <trkpt lat="47.4662890" lon="-122.1426830">
    <ele>31.5</ele>
    <time>2020-07-22T02:52:08Z</time>
   </trkpt>
   <trkpt lat="47.4662910" lon="-122.1427280">
    <ele>31.4</ele>
    <time>2020-07-22T02:52:09Z</time>
   </trkpt>
   <trkpt lat="47.4662970" lon="-122.1427850">
    <ele>31.3</ele>
    <time>2020-07-22T02:52:10Z</time>
   </trkpt>
   <trkpt lat="47.4663040" lon="-122.1428100">
    <ele>31.3</ele>
    <time>2020-07-22T02:52:11Z</time>
   </trkpt>
   <trkpt lat="47.4663190" lon="-122.1428460">
    <ele>31.2</ele>
    <time>2020-07-22T02:52:12Z</time>
   </trkpt>
   <trkpt lat="47.4663310" lon="-122.1428890">
    <ele>31.1</ele>
    <time>2020-07-22T02:52:13Z</time>
   </trkpt>
   <trkpt lat="47.4663620" lon="-122.1429560">
    <ele>30.9</ele>
    <time>2020-07-22T02:52:14Z</time>
   </trkpt>
   <trkpt lat="47.4663610" lon="-122.1430510">
    <ele>30.7</ele>
    <time>2020-07-22T02:52:15Z</time>
   </trkpt>
   <trkpt lat="47.4663810" lon="-122.1430930">
    <ele>30.6</ele>
    <time>2020-07-22T02:52:16Z</time>
   </trkpt>
   <trkpt lat="47.4663960" lon="-122.1431580">
    <ele>30.4</ele>
    <time>2020-07-22T02:52:17Z</time>
   </trkpt>
   <trkpt lat="47.4664070" lon="-122.1432180">
    <ele>30.3</ele>
    <time>2020-07-22T02:52:18Z</time>
   </trkpt>
   <trkpt lat="47.4664200" lon="-122.1432830">
    <ele>30.2</ele>
    <time>2020-07-22T02:52:20Z</time>
   </trkpt>
   <trkpt lat="47.4664200" lon="-122.1433620">
    <ele>30.0</ele>
    <time>2020-07-22T02:52:21Z</time>
   </trkpt>
   <trkpt lat="47.4664470" lon="-122.1434160">
    <ele>29.9</ele>
    <time>2020-07-22T02:52:22Z</time>
   </trkpt>
   <trkpt lat="47.4664370" lon="-122.1434780">
    <ele>29.8</ele>
    <time>2020-07-22T02:52:23Z</time>
   </trkpt>
   <trkpt lat="47.4664570" lon="-122.1435270">
    <ele>29.7</ele>
    <time>2020-07-22T02:52:24Z</time>
   </trkpt>
   <trkpt lat="47.4664750" lon="-122.1436020">
    <ele>29.6</ele>
    <time>2020-07-22T02:52:25Z</time>
   </trkpt>
   <trkpt lat="47.4664750" lon="-122.1436680">
    <ele>29.5</ele>
    <time>2020-07-22T02:52:26Z</time>
   </trkpt>
   <trkpt lat="47.4664910" lon="-122.1437250">
    <ele>29.4</ele>
    <time>2020-07-22T02:52:27Z</time>
   </trkpt>
   <trkpt lat="47.4664880" lon="-122.1437990">
    <ele>29.3</ele>
    <time>2020-07-22T02:52:28Z</time>
   </trkpt>
   <trkpt lat="47.4665170" lon="-122.1438510">
    <ele>29.2</ele>
    <time>2020-07-22T02:52:29Z</time>
   </trkpt>
   <trkpt lat="47.4665230" lon="-122.1439150">
    <ele>29.2</ele>
    <time>2020-07-22T02:52:30Z</time>
   </trkpt>
   <trkpt lat="47.4665410" lon="-122.1439650">
    <ele>29.1</ele>
    <time>2020-07-22T02:52:31Z</time>
   </trkpt>
   <trkpt lat="47.4665480" lon="-122.1440230">
    <ele>29.1</ele>
    <time>2020-07-22T02:52:32Z</time>
   </trkpt>
   <trkpt lat="47.4665600" lon="-122.1440840">
    <ele>29.0</ele>
    <time>2020-07-22T02:52:33Z</time>
   </trkpt>
   <trkpt lat="47.4665820" lon="-122.1441220">
    <ele>29.0</ele>
    <time>2020-07-22T02:52:34Z</time>
   </trkpt>
   <trkpt lat="47.4666060" lon="-122.1441520">
    <ele>29.0</ele>
    <time>2020-07-22T02:52:35Z</time>
   </trkpt>
   <trkpt lat="47.4666180" lon="-122.1441630">
    <ele>29.0</ele>
    <time>2020-07-22T02:52:36Z</time>
   </trkpt>
   <trkpt lat="47.4666250" lon="-122.1441760">
    <ele>29.0</ele>
    <time>2020-07-22T02:52:37Z</time>
   </trkpt>
  </trkseg>
 </trk>
</gpx>
