<?xml version="1.0" encoding="UTF-8"?>
<gpx creator="StravaGPX" version="1.1" xmlns="http://www.topografix.com/GPX/1/1" xmlns:xsi="http://www.w3.org/2001/XMLSchema-instance" xsi:schemaLocation="http://www.topografix.com/GPX/1/1 http://www.topografix.com/GPX/1/1/gpx.xsd">
 <metadata>
  <time>2020-09-19T16:42:40Z</time>
 </metadata>
 <trk>
  <name>First run since smoke started</name>
  <type>running</type>
  <trkseg>
   <trkpt lat="47.7996220" lon="-122.3574810">
    <ele>120.7</ele>
    <time>2020-09-19T16:42:40Z</time>
   </trkpt>
   <trkpt lat="47.7996210" lon="-122.3575200">
    <ele>120.5</ele>
    <time>2020-09-19T16:42:41Z</time>
   </trkpt>
   <trkpt lat="47.7996170" lon="-122.3575380">
    <ele>120.4</ele>
    <time>2020-09-19T16:42:42Z</time>
   </trkpt>
   <trkpt lat="47.7996150" lon="-122.3576080">
    <ele>119.9</ele>
    <time>2020-09-19T16:42:43Z</time>
   </trkpt>
   <trkpt lat="47.7996210" lon="-122.3576840">
    <ele>119.3</ele>
    <time>2020-09-19T16:42:44Z</time>
   </trkpt>
   <trkpt lat="47.7996270" lon="-122.3577450">
    <ele>118.9</ele>
    <time>2020-09-19T16:42:45Z</time>
   </trkpt>
   <trkpt lat="47.7996260" lon="-122.3578120">
    <ele>118.4</ele>
    <time>2020-09-19T16:42:46Z</time>
   </trkpt>
   <trkpt lat="47.7996270" lon="-122.3578710">
    <ele>118.0</ele>
    <time>2020-09-19T16:42:47Z</time>
   </trkpt>
   <trkpt lat="47.7996330" lon="-122.3579390">
    <ele>117.5</ele>
    <time>2020-09-19T16:42:48Z</time>
   </trkpt>
   <trkpt lat="47.7996330" lon="-122.3580070">
    <ele>117.1</ele>
    <time>2020-09-19T16:42:49Z</time>
   </trkpt>
   <trkpt lat="47.7996400" lon="-122.3580910">
    <ele>116.5</ele>
    <time>2020-09-19T16:42:50Z</time>
   </trkpt>
   <trkpt lat="47.7996330" lon="-122.3581660">
    <ele>116.0</ele>
    <time>2020-09-19T16:42:51Z</time>
   </trkpt>
   <trkpt lat="47.7996400" lon="-122.3582260">
    <ele>115.6</ele>
    <time>2020-09-19T16:42:52Z</time>
   </trkpt>
   <trkpt lat="47.7996360" lon="-122.3582800">
    <ele>115.2</ele>
    <time>2020-09-19T16:42:53Z</time>
   </trkpt>
   <trkpt lat="47.7996420" lon="-122.3583340">
    <ele>114.9</ele>
    <time>2020-09-19T16:42:54Z</time>
   </trkpt>
   <trkpt lat="47.7996500" lon="-122.3583910">
    <ele>114.6</ele>
    <time>2020-09-19T16:42:55Z</time>
   </trkpt>
   <trkpt lat="47.7996390" lon="-122.3584670">
    <ele>114.2</ele>
    <time>2020-09-19T16:42:56Z</time>
   </trkpt>
   <trkpt lat="47.7996460" lon="-122.3585180">
    <ele>114.0</ele>
    <time>2020-09-19T16:42:57Z</time>
   </trkpt>
   <trkpt lat="47.7996530" lon="-122.3585850">
    <ele>113.7</ele>
    <time>2020-09-19T16:42:58Z</time>
   </trkpt>
   <trkpt lat="47.7996540" lon="-122.3586360">
    <ele>113.5</ele>
    <time>2020-09-19T16:42:59Z</time>
   </trkpt>
   <trkpt lat="47.7996540" lon="-122.3587060">
    <ele>113.2</ele>
    <time>2020-09-19T16:43:00Z</time>
   </trkpt>
   <trkpt lat="47.7996580" lon="-122.3587830">
    <ele>112.9</ele>
    <time>2020-09-19T16:43:01Z</time>
   </trkpt>
   <trkpt lat="47.7996550" lon="-122.3588450">
    <ele>112.7</ele>
    <time>2020-09-19T16:43:02Z</time>
   </trkpt>
   <trkpt lat="47.7996600" lon="-122.3589160">
    <ele>112.6</ele>
    <time>2020-09-19T16:43:03Z</time>
   </trkpt>
   <trkpt lat="47.7996560" lon="-122.3589700">
    <ele>112.5</ele>
    <time>2020-09-19T16:43:04Z</time>
   </trkpt>
   <trkpt lat="47.7996510" lon="-122.3590220">
    <ele>112.5</ele>
    <time>2020-09-19T16:43:05Z</time>
   </trkpt>
   <trkpt lat="47.7996590" lon="-122.3590830">
    <ele>112.4</ele>
    <time>2020-09-19T16:43:06Z</time>
   </trkpt>
   <trkpt lat="47.7996500" lon="-122.3591640">
    <ele>112.4</ele>
    <time>2020-09-19T16:43:07Z</time>
   </trkpt>
   <trkpt lat="47.7996540" lon="-122.3592450">
    <ele>112.3</ele>
    <time>2020-09-19T16:43:08Z</time>
   </trkpt>
   <trkpt lat="47.7996550" lon="-122.3593180">
    <ele>112.4</ele>
    <time>2020-09-19T16:43:09Z</time>
   </trkpt>
   <trkpt lat="47.7996570" lon="-122.3593850">
    <ele>112.5</ele>
    <time>2020-09-19T16:43:10Z</time>
   </trkpt>
   <trkpt lat="47.7996550" lon="-122.3594440">
    <ele>112.4</ele>
    <time>2020-09-19T16:43:11Z</time>
   </trkpt>
   <trkpt lat="47.7996600" lon="-122.3595610">
    <ele>112.0</ele>
    <time>2020-09-19T16:43:12Z</time>
   </trkpt>
   <trkpt lat="47.7996570" lon="-122.3596300">
    <ele>111.7</ele>
    <time>2020-09-19T16:43:13Z</time>
   </trkpt>
   <trkpt lat="47.7996580" lon="-122.3596850">
    <ele>111.6</ele>
    <time>2020-09-19T16:43:14Z</time>
   </trkpt>
   <trkpt lat="47.7996630" lon="-122.3597500">
    <ele>111.4</ele>
    <time>2020-09-19T16:43:15Z</time>
   </trkpt>
   <trkpt lat="47.7996700" lon="-122.3598020">
    <ele>111.3</ele>
    <time>2020-09-19T16:43:16Z</time>
   </trkpt>
   <trkpt lat="47.7996690" lon="-122.3598600">
    <ele>111.3</ele>
    <time>2020-09-19T16:43:17Z</time>
   </trkpt>
   <trkpt lat="47.7996660" lon="-122.3599290">
    <ele>111.3</ele>
    <time>2020-09-19T16:43:18Z</time>
   </trkpt>
   <trkpt lat="47.7996610" lon="-122.3599770">
    <ele>111.2</ele>
    <time>2020-09-19T16:43:19Z</time>
   </trkpt>
   <trkpt lat="47.7996690" lon="-122.3600380">
    <ele>111.2</ele>
    <time>2020-09-19T16:43:20Z</time>
   </trkpt>
   <trkpt lat="47.7996640" lon="-122.3601070">
    <ele>111.2</ele>
    <time>2020-09-19T16:43:21Z</time>
   </trkpt>
   <trkpt lat="47.7996510" lon="-122.3601830">
    <ele>111.2</ele>
    <time>2020-09-19T16:43:22Z</time>
   </trkpt>
   <trkpt lat="47.7996530" lon="-122.3602420">
    <ele>111.3</ele>
    <time>2020-09-19T16:43:23Z</time>
   </trkpt>
   <trkpt lat="47.7996590" lon="-122.3602960">
    <ele>111.3</ele>
    <time>2020-09-19T16:43:24Z</time>
   </trkpt>
   <trkpt lat="47.7996600" lon="-122.3603420">
    <ele>111.4</ele>
    <time>2020-09-19T16:43:25Z</time>
   </trkpt>
   <trkpt lat="47.7996580" lon="-122.3604060">
    <ele>111.4</ele>
    <time>2020-09-19T16:43:26Z</time>
   </trkpt>
   <trkpt lat="47.7996540" lon="-122.3604380">
    <ele>111.5</ele>
    <time>2020-09-19T16:43:27Z</time>
   </trkpt>
   <trkpt lat="47.7996550" lon="-122.3605030">
    <ele>111.6</ele>
    <time>2020-09-19T16:43:28Z</time>
   </trkpt>
   <trkpt lat="47.7996670" lon="-122.3605570">
    <ele>111.7</ele>
    <time>2020-09-19T16:43:29Z</time>
   </trkpt>
   <trkpt lat="47.7996870" lon="-122.3605990">
    <ele>111.8</ele>
    <time>2020-09-19T16:43:30Z</time>
   </trkpt>
   <trkpt lat="47.7996820" lon="-122.3606660">
    <ele>112.0</ele>
    <time>2020-09-19T16:43:31Z</time>
   </trkpt>
   <trkpt lat="47.7996750" lon="-122.3607290">
    <ele>112.1</ele>
    <time>2020-09-19T16:43:32Z</time>
   </trkpt>
   <trkpt lat="47.7996720" lon="-122.3607820">
    <ele>112.2</ele>
    <time>2020-09-19T16:43:33Z</time>
   </trkpt>
   <trkpt lat="47.7996710" lon="-122.3608570">
    <ele>112.4</ele>
    <time>2020-09-19T16:43:34Z</time>
   </trkpt>
   <trkpt lat="47.7996700" lon="-122.3609070">
    <ele>112.5</ele>
    <time>2020-09-19T16:43:35Z</time>
   </trkpt>
   <trkpt lat="47.7996820" lon="-122.3609920">
    <ele>112.7</ele>
    <time>2020-09-19T16:43:36Z</time>
   </trkpt>
   <trkpt lat="47.7996710" lon="-122.3610480">
    <ele>112.9</ele>
    <time>2020-09-19T16:43:37Z</time>
   </trkpt>
   <trkpt lat="47.7996550" lon="-122.3611120">
    <ele>113.0</ele>
    <time>2020-09-19T16:43:38Z</time>
   </trkpt>
   <trkpt lat="47.7996540" lon="-122.3611820">
    <ele>113.2</ele>
    <time>2020-09-19T16:43:39Z</time>
   </trkpt>
   <trkpt lat="47.7996550" lon="-122.3612450">
    <ele>113.4</ele>
    <time>2020-09-19T16:43:40Z</time>
   </trkpt>
   <trkpt lat="47.7996670" lon="-122.3613090">
    <ele>113.5</ele>
    <time>2020-09-19T16:43:41Z</time>
   </trkpt>
   <trkpt lat="47.7996610" lon="-122.3613540">
    <ele>113.6</ele>
    <time>2020-09-19T16:43:42Z</time>
   </trkpt>
   <trkpt lat="47.7996630" lon="-122.3614240">
    <ele>113.8</ele>
    <time>2020-09-19T16:43:43Z</time>
   </trkpt>
   <trkpt lat="47.7996680" lon="-122.3614560">
    <ele>113.9</ele>
    <time>2020-09-19T16:43:44Z</time>
   </trkpt>
   <trkpt lat="47.7996870" lon="-122.3615130">
    <ele>114.1</ele>
    <time>2020-09-19T16:43:45Z</time>
   </trkpt>
   <trkpt lat="47.7996740" lon="-122.3615860">
    <ele>114.3</ele>
    <time>2020-09-19T16:43:46Z</time>
   </trkpt>
   <trkpt lat="47.7996730" lon="-122.3616590">
    <ele>114.5</ele>
    <time>2020-09-19T16:43:47Z</time>
   </trkpt>
   <trkpt lat="47.7996740" lon="-122.3617080">
    <ele>114.5</ele>
    <time>2020-09-19T16:43:48Z</time>
   </trkpt>
   <trkpt lat="47.7996680" lon="-122.3617500">
    <ele>114.6</ele>
    <time>2020-09-19T16:43:49Z</time>
   </trkpt>
   <trkpt lat="47.7996700" lon="-122.3617950">
    <ele>114.7</ele>
    <time>2020-09-19T16:43:50Z</time>
   </trkpt>
   <trkpt lat="47.7996660" lon="-122.3618410">
    <ele>114.8</ele>
    <time>2020-09-19T16:43:51Z</time>
   </trkpt>
   <trkpt lat="47.7996690" lon="-122.3619080">
    <ele>114.9</ele>
    <time>2020-09-19T16:43:52Z</time>
   </trkpt>
   <trkpt lat="47.7996660" lon="-122.3619630">
    <ele>115.0</ele>
    <time>2020-09-19T16:43:53Z</time>
   </trkpt>
   <trkpt lat="47.7996840" lon="-122.3620410">
    <ele>115.2</ele>
    <time>2020-09-19T16:43:54Z</time>
   </trkpt>
   <trkpt lat="47.7996950" lon="-122.3620970">
    <ele>115.2</ele>
    <time>2020-09-19T16:43:55Z</time>
   </trkpt>
   <trkpt lat="47.7996870" lon="-122.3621460">
    <ele>115.3</ele>
    <time>2020-09-19T16:43:56Z</time>
   </trkpt>
   <trkpt lat="47.7996890" lon="-122.3622060">
    <ele>115.3</ele>
    <time>2020-09-19T16:43:57Z</time>
   </trkpt>
   <trkpt lat="47.7996770" lon="-122.3622590">
    <ele>115.4</ele>
    <time>2020-09-19T16:43:58Z</time>
   </trkpt>
   <trkpt lat="47.7996710" lon="-122.3623220">
    <ele>115.5</ele>
    <time>2020-09-19T16:43:59Z</time>
   </trkpt>
   <trkpt lat="47.7996700" lon="-122.3623800">
    <ele>115.6</ele>
    <time>2020-09-19T16:44:00Z</time>
   </trkpt>
   <trkpt lat="47.7996720" lon="-122.3624240">
    <ele>115.6</ele>
    <time>2020-09-19T16:44:01Z</time>
   </trkpt>
   <trkpt lat="47.7996680" lon="-122.3624780">
    <ele>115.7</ele>
    <time>2020-09-19T16:44:02Z</time>
   </trkpt>
   <trkpt lat="47.7996760" lon="-122.3625290">
    <ele>115.8</ele>
    <time>2020-09-19T16:44:03Z</time>
   </trkpt>
   <trkpt lat="47.7996700" lon="-122.3625990">
    <ele>115.9</ele>
    <time>2020-09-19T16:44:04Z</time>
   </trkpt>
   <trkpt lat="47.7996690" lon="-122.3626860">
    <ele>116.0</ele>
    <time>2020-09-19T16:44:05Z</time>
   </trkpt>
   <trkpt lat="47.7996760" lon="-122.3627510">
    <ele>116.0</ele>
    <time>2020-09-19T16:44:06Z</time>
   </trkpt>
   <trkpt lat="47.7996770" lon="-122.3628070">
    <ele>116.0</ele>
    <time>2020-09-19T16:44:07Z</time>
   </trkpt>
   <trkpt lat="47.7996810" lon="-122.3628670">
    <ele>116.0</ele>
    <time>2020-09-19T16:44:08Z</time>
   </trkpt>
   <trkpt lat="47.7996800" lon="-122.3629210">
    <ele>116.0</ele>
    <time>2020-09-19T16:44:09Z</time>
   </trkpt>
   <trkpt lat="47.7996720" lon="-122.3629770">
    <ele>116.0</ele>
    <time>2020-09-19T16:44:10Z</time>
   </trkpt>
   <trkpt lat="47.7996760" lon="-122.3630400">
    <ele>116.0</ele>
    <time>2020-09-19T16:44:11Z</time>
   </trkpt>
   <trkpt lat="47.7996600" lon="-122.3631040">
    <ele>116.0</ele>
    <time>2020-09-19T16:44:12Z</time>
   </trkpt>
   <trkpt lat="47.7996690" lon="-122.3631680">
    <ele>116.0</ele>
    <time>2020-09-19T16:44:13Z</time>
   </trkpt>
   <trkpt lat="47.7996680" lon="-122.3632380">
    <ele>115.9</ele>
    <time>2020-09-19T16:44:14Z</time>
   </trkpt>
   <trkpt lat="47.7996700" lon="-122.3632940">
    <ele>115.9</ele>
    <time>2020-09-19T16:44:15Z</time>
   </trkpt>
   <trkpt lat="47.7996770" lon="-122.3633500">
    <ele>115.8</ele>
    <time>2020-09-19T16:44:16Z</time>
   </trkpt>
   <trkpt lat="47.7996810" lon="-122.3633970">
    <ele>115.8</ele>
    <time>2020-09-19T16:44:17Z</time>
   </trkpt>
   <trkpt lat="47.7996860" lon="-122.3634690">
    <ele>115.8</ele>
    <time>2020-09-19T16:44:18Z</time>
   </trkpt>
   <trkpt lat="47.7996760" lon="-122.3635150">
    <ele>115.7</ele>
    <time>2020-09-19T16:44:19Z</time>
   </trkpt>
   <trkpt lat="47.7996650" lon="-122.3635910">
    <ele>115.7</ele>
    <time>2020-09-19T16:44:20Z</time>
   </trkpt>
   <trkpt lat="47.7996700" lon="-122.3636400">
    <ele>115.7</ele>
    <time>2020-09-19T16:44:21Z</time>
   </trkpt>
   <trkpt lat="47.7996610" lon="-122.3637050">
    <ele>115.6</ele>
    <time>2020-09-19T16:44:22Z</time>
   </trkpt>
   <trkpt lat="47.7996660" lon="-122.3637800">
    <ele>115.6</ele>
    <time>2020-09-19T16:44:23Z</time>
   </trkpt>
   <trkpt lat="47.7996650" lon="-122.3638280">
    <ele>115.5</ele>
    <time>2020-09-19T16:44:24Z</time>
   </trkpt>
   <trkpt lat="47.7996630" lon="-122.3638850">
    <ele>115.5</ele>
    <time>2020-09-19T16:44:25Z</time>
   </trkpt>
   <trkpt lat="47.7996650" lon="-122.3639300">
    <ele>115.4</ele>
    <time>2020-09-19T16:44:26Z</time>
   </trkpt>
   <trkpt lat="47.7996540" lon="-122.3639940">
    <ele>115.3</ele>
    <time>2020-09-19T16:44:27Z</time>
   </trkpt>
   <trkpt lat="47.7996610" lon="-122.3640580">
    <ele>115.3</ele>
    <time>2020-09-19T16:44:28Z</time>
   </trkpt>
   <trkpt lat="47.7996740" lon="-122.3641220">
    <ele>115.2</ele>
    <time>2020-09-19T16:44:29Z</time>
   </trkpt>
   <trkpt lat="47.7996820" lon="-122.3641680">
    <ele>115.1</ele>
    <time>2020-09-19T16:44:30Z</time>
   </trkpt>
   <trkpt lat="47.7996860" lon="-122.3642320">
    <ele>115.0</ele>
    <time>2020-09-19T16:44:31Z</time>
   </trkpt>
   <trkpt lat="47.7996810" lon="-122.3642810">
    <ele>114.9</ele>
    <time>2020-09-19T16:44:32Z</time>
   </trkpt>
   <trkpt lat="47.7996790" lon="-122.3643370">
    <ele>114.8</ele>
    <time>2020-09-19T16:44:33Z</time>
   </trkpt>
   <trkpt lat="47.7996640" lon="-122.3644030">
    <ele>114.6</ele>
    <time>2020-09-19T16:44:34Z</time>
   </trkpt>
   <trkpt lat="47.7996450" lon="-122.3644480">
    <ele>114.4</ele>
    <time>2020-09-19T16:44:35Z</time>
   </trkpt>
   <trkpt lat="47.7996400" lon="-122.3645180">
    <ele>114.2</ele>
    <time>2020-09-19T16:44:36Z</time>
   </trkpt>
   <trkpt lat="47.7996360" lon="-122.3645800">
    <ele>114.0</ele>
    <time>2020-09-19T16:44:37Z</time>
   </trkpt>
   <trkpt lat="47.7996450" lon="-122.3646430">
    <ele>113.8</ele>
    <time>2020-09-19T16:44:38Z</time>
   </trkpt>
   <trkpt lat="47.7996440" lon="-122.3646980">
    <ele>113.6</ele>
    <time>2020-09-19T16:44:39Z</time>
   </trkpt>
   <trkpt lat="47.7996470" lon="-122.3647440">
    <ele>113.4</ele>
    <time>2020-09-19T16:44:40Z</time>
   </trkpt>
   <trkpt lat="47.7996680" lon="-122.3648080">
    <ele>113.1</ele>
    <time>2020-09-19T16:44:41Z</time>
   </trkpt>
   <trkpt lat="47.7996780" lon="-122.3648680">
    <ele>112.8</ele>
    <time>2020-09-19T16:44:42Z</time>
   </trkpt>
   <trkpt lat="47.7996840" lon="-122.3649120">
    <ele>112.6</ele>
    <time>2020-09-19T16:44:43Z</time>
   </trkpt>
   <trkpt lat="47.7996850" lon="-122.3649730">
    <ele>112.3</ele>
    <time>2020-09-19T16:44:44Z</time>
   </trkpt>
   <trkpt lat="47.7996850" lon="-122.3650320">
    <ele>111.9</ele>
    <time>2020-09-19T16:44:46Z</time>
   </trkpt>
   <trkpt lat="47.7996720" lon="-122.3650890">
    <ele>111.6</ele>
    <time>2020-09-19T16:44:47Z</time>
   </trkpt>
   <trkpt lat="47.7996830" lon="-122.3651400">
    <ele>111.3</ele>
    <time>2020-09-19T16:44:48Z</time>
   </trkpt>
   <trkpt lat="47.7996800" lon="-122.3651820">
    <ele>111.0</ele>
    <time>2020-09-19T16:44:49Z</time>
   </trkpt>
   <trkpt lat="47.7996740" lon="-122.3652510">
    <ele>110.6</ele>
    <time>2020-09-19T16:44:50Z</time>
   </trkpt>
   <trkpt lat="47.7996930" lon="-122.3653220">
    <ele>110.1</ele>
    <time>2020-09-19T16:44:51Z</time>
   </trkpt>
   <trkpt lat="47.7996970" lon="-122.3653840">
    <ele>109.8</ele>
    <time>2020-09-19T16:44:52Z</time>
   </trkpt>
   <trkpt lat="47.7997140" lon="-122.3654580">
    <ele>109.3</ele>
    <time>2020-09-19T16:44:53Z</time>
   </trkpt>
   <trkpt lat="47.7996970" lon="-122.3655150">
    <ele>108.8</ele>
    <time>2020-09-19T16:44:54Z</time>
   </trkpt>
   <trkpt lat="47.7996670" lon="-122.3655700">
    <ele>108.3</ele>
    <time>2020-09-19T16:44:55Z</time>
   </trkpt>
   <trkpt lat="47.7996500" lon="-122.3656340">
    <ele>107.8</ele>
    <time>2020-09-19T16:44:56Z</time>
   </trkpt>
   <trkpt lat="47.7996610" lon="-122.3657010">
    <ele>107.3</ele>
    <time>2020-09-19T16:44:57Z</time>
   </trkpt>
   <trkpt lat="47.7996650" lon="-122.3657660">
    <ele>106.8</ele>
    <time>2020-09-19T16:44:58Z</time>
   </trkpt>
   <trkpt lat="47.7996610" lon="-122.3658260">
    <ele>106.4</ele>
    <time>2020-09-19T16:44:59Z</time>
   </trkpt>
   <trkpt lat="47.7996690" lon="-122.3658800">
    <ele>106.0</ele>
    <time>2020-09-19T16:45:00Z</time>
   </trkpt>
   <trkpt lat="47.7996710" lon="-122.3659610">
    <ele>105.4</ele>
    <time>2020-09-19T16:45:01Z</time>
   </trkpt>
   <trkpt lat="47.7996790" lon="-122.3660230">
    <ele>105.0</ele>
    <time>2020-09-19T16:45:02Z</time>
   </trkpt>
   <trkpt lat="47.7996920" lon="-122.3660790">
    <ele>104.6</ele>
    <time>2020-09-19T16:45:03Z</time>
   </trkpt>
   <trkpt lat="47.7996890" lon="-122.3661520">
    <ele>104.1</ele>
    <time>2020-09-19T16:45:04Z</time>
   </trkpt>
   <trkpt lat="47.7996810" lon="-122.3662100">
    <ele>103.7</ele>
    <time>2020-09-19T16:45:05Z</time>
   </trkpt>
   <trkpt lat="47.7996880" lon="-122.3662960">
    <ele>103.7</ele>
    <time>2020-09-19T16:45:06Z</time>
   </trkpt>
   <trkpt lat="47.7996940" lon="-122.3663580">
    <ele>103.3</ele>
    <time>2020-09-19T16:45:07Z</time>
   </trkpt>
   <trkpt lat="47.7997060" lon="-122.3664130">
    <ele>103.0</ele>
    <time>2020-09-19T16:45:08Z</time>
   </trkpt>
   <trkpt lat="47.7996910" lon="-122.3664800">
    <ele>102.6</ele>
    <time>2020-09-19T16:45:09Z</time>
   </trkpt>
   <trkpt lat="47.7996950" lon="-122.3665390">
    <ele>102.3</ele>
    <time>2020-09-19T16:45:10Z</time>
   </trkpt>
   <trkpt lat="47.7997070" lon="-122.3666450">
    <ele>101.8</ele>
    <time>2020-09-19T16:45:11Z</time>
   </trkpt>
   <trkpt lat="47.7997130" lon="-122.3666860">
    <ele>101.6</ele>
    <time>2020-09-19T16:45:12Z</time>
   </trkpt>
   <trkpt lat="47.7997150" lon="-122.3667330">
    <ele>101.4</ele>
    <time>2020-09-19T16:45:13Z</time>
   </trkpt>
   <trkpt lat="47.7997150" lon="-122.3667460">
    <ele>101.4</ele>
    <time>2020-09-19T16:45:14Z</time>
   </trkpt>
   <trkpt lat="47.7997180" lon="-122.3668040">
    <ele>101.1</ele>
    <time>2020-09-19T16:45:15Z</time>
   </trkpt>
   <trkpt lat="47.7997100" lon="-122.3668570">
    <ele>100.9</ele>
    <time>2020-09-19T16:45:34Z</time>
   </trkpt>
   <trkpt lat="47.7997030" lon="-122.3669100">
    <ele>100.7</ele>
    <time>2020-09-19T16:45:35Z</time>
   </trkpt>
   <trkpt lat="47.7997210" lon="-122.3669670">
    <ele>100.5</ele>
    <time>2020-09-19T16:45:36Z</time>
   </trkpt>
   <trkpt lat="47.7997310" lon="-122.3669900">
    <ele>99.7</ele>
    <time>2020-09-19T16:45:37Z</time>
   </trkpt>
   <trkpt lat="47.7997820" lon="-122.3669820">
    <ele>99.4</ele>
    <time>2020-09-19T16:45:38Z</time>
   </trkpt>
   <trkpt lat="47.7998270" lon="-122.3669930">
    <ele>99.2</ele>
    <time>2020-09-19T16:45:39Z</time>
   </trkpt>
   <trkpt lat="47.7998720" lon="-122.3669660">
    <ele>99.0</ele>
    <time>2020-09-19T16:45:40Z</time>
   </trkpt>
   <trkpt lat="47.7999140" lon="-122.3669430">
    <ele>98.9</ele>
    <time>2020-09-19T16:45:41Z</time>
   </trkpt>
   <trkpt lat="47.7999540" lon="-122.3669620">
    <ele>98.8</ele>
    <time>2020-09-19T16:45:42Z</time>
   </trkpt>
   <trkpt lat="47.7999940" lon="-122.3669670">
    <ele>98.7</ele>
    <time>2020-09-19T16:45:43Z</time>
   </trkpt>
   <trkpt lat="47.8000120" lon="-122.3669590">
    <ele>98.7</ele>
    <time>2020-09-19T16:45:44Z</time>
   </trkpt>
   <trkpt lat="47.8000570" lon="-122.3669590">
    <ele>98.6</ele>
    <time>2020-09-19T16:45:45Z</time>
   </trkpt>
   <trkpt lat="47.8000930" lon="-122.3669630">
    <ele>98.6</ele>
    <time>2020-09-19T16:45:46Z</time>
   </trkpt>
   <trkpt lat="47.8001420" lon="-122.3669670">
    <ele>98.5</ele>
    <time>2020-09-19T16:45:47Z</time>
   </trkpt>
   <trkpt lat="47.8001810" lon="-122.3669650">
    <ele>98.5</ele>
    <time>2020-09-19T16:45:48Z</time>
   </trkpt>
   <trkpt lat="47.8002110" lon="-122.3669690">
    <ele>98.4</ele>
    <time>2020-09-19T16:45:49Z</time>
   </trkpt>
   <trkpt lat="47.8002540" lon="-122.3669630">
    <ele>98.4</ele>
    <time>2020-09-19T16:45:50Z</time>
   </trkpt>
   <trkpt lat="47.8002870" lon="-122.3669570">
    <ele>98.4</ele>
    <time>2020-09-19T16:45:51Z</time>
   </trkpt>
   <trkpt lat="47.8003300" lon="-122.3669540">
    <ele>98.4</ele>
    <time>2020-09-19T16:45:52Z</time>
   </trkpt>
   <trkpt lat="47.8003800" lon="-122.3669510">
    <ele>98.4</ele>
    <time>2020-09-19T16:45:53Z</time>
   </trkpt>
   <trkpt lat="47.8004230" lon="-122.3669450">
    <ele>98.5</ele>
    <time>2020-09-19T16:45:54Z</time>
   </trkpt>
   <trkpt lat="47.8004780" lon="-122.3669510">
    <ele>98.5</ele>
    <time>2020-09-19T16:45:55Z</time>
   </trkpt>
   <trkpt lat="47.8005230" lon="-122.3669480">
    <ele>98.6</ele>
    <time>2020-09-19T16:45:56Z</time>
   </trkpt>
   <trkpt lat="47.8005810" lon="-122.3669500">
    <ele>98.7</ele>
    <time>2020-09-19T16:45:57Z</time>
   </trkpt>
   <trkpt lat="47.8006170" lon="-122.3669700">
    <ele>98.7</ele>
    <time>2020-09-19T16:45:58Z</time>
   </trkpt>
   <trkpt lat="47.8006670" lon="-122.3669570">
    <ele>98.9</ele>
    <time>2020-09-19T16:45:59Z</time>
   </trkpt>
   <trkpt lat="47.8007050" lon="-122.3669720">
    <ele>99.0</ele>
    <time>2020-09-19T16:46:00Z</time>
   </trkpt>
   <trkpt lat="47.8007480" lon="-122.3669650">
    <ele>99.1</ele>
    <time>2020-09-19T16:46:01Z</time>
   </trkpt>
   <trkpt lat="47.8008030" lon="-122.3669640">
    <ele>99.2</ele>
    <time>2020-09-19T16:46:02Z</time>
   </trkpt>
   <trkpt lat="47.8008450" lon="-122.3669460">
    <ele>99.3</ele>
    <time>2020-09-19T16:46:03Z</time>
   </trkpt>
   <trkpt lat="47.8008790" lon="-122.3669460">
    <ele>99.3</ele>
    <time>2020-09-19T16:46:04Z</time>
   </trkpt>
   <trkpt lat="47.8009230" lon="-122.3669390">
    <ele>99.4</ele>
    <time>2020-09-19T16:46:05Z</time>
   </trkpt>
   <trkpt lat="47.8009810" lon="-122.3669440">
    <ele>99.5</ele>
    <time>2020-09-19T16:46:06Z</time>
   </trkpt>
   <trkpt lat="47.8010190" lon="-122.3669550">
    <ele>99.5</ele>
    <time>2020-09-19T16:46:07Z</time>
   </trkpt>
   <trkpt lat="47.8010670" lon="-122.3669660">
    <ele>99.5</ele>
    <time>2020-09-19T16:46:08Z</time>
   </trkpt>
   <trkpt lat="47.8010990" lon="-122.3669670">
    <ele>99.5</ele>
    <time>2020-09-19T16:46:09Z</time>
   </trkpt>
   <trkpt lat="47.8011470" lon="-122.3669680">
    <ele>99.5</ele>
    <time>2020-09-19T16:46:10Z</time>
   </trkpt>
   <trkpt lat="47.8012040" lon="-122.3669670">
    <ele>99.5</ele>
    <time>2020-09-19T16:46:11Z</time>
   </trkpt>
   <trkpt lat="47.8012600" lon="-122.3669460">
    <ele>99.4</ele>
    <time>2020-09-19T16:46:12Z</time>
   </trkpt>
   <trkpt lat="47.8012870" lon="-122.3669590">
    <ele>99.4</ele>
    <time>2020-09-19T16:46:13Z</time>
   </trkpt>
   <trkpt lat="47.8013280" lon="-122.3669610">
    <ele>99.3</ele>
    <time>2020-09-19T16:46:14Z</time>
   </trkpt>
   <trkpt lat="47.8013810" lon="-122.3669670">
    <ele>99.2</ele>
    <time>2020-09-19T16:46:15Z</time>
   </trkpt>
   <trkpt lat="47.8014140" lon="-122.3669640">
    <ele>99.1</ele>
    <time>2020-09-19T16:46:16Z</time>
   </trkpt>
   <trkpt lat="47.8014560" lon="-122.3669350">
    <ele>99.0</ele>
    <time>2020-09-19T16:46:17Z</time>
   </trkpt>
   <trkpt lat="47.8014940" lon="-122.3669580">
    <ele>99.0</ele>
    <time>2020-09-19T16:46:18Z</time>
   </trkpt>
   <trkpt lat="47.8015320" lon="-122.3669460">
    <ele>99.0</ele>
    <time>2020-09-19T16:46:19Z</time>
   </trkpt>
   <trkpt lat="47.8015680" lon="-122.3669550">
    <ele>98.9</ele>
    <time>2020-09-19T16:46:20Z</time>
   </trkpt>
   <trkpt lat="47.8016180" lon="-122.3669260">
    <ele>98.9</ele>
    <time>2020-09-19T16:46:21Z</time>
   </trkpt>
   <trkpt lat="47.8016620" lon="-122.3669400">
    <ele>98.8</ele>
    <time>2020-09-19T16:46:22Z</time>
   </trkpt>
   <trkpt lat="47.8016990" lon="-122.3669420">
    <ele>98.8</ele>
    <time>2020-09-19T16:46:23Z</time>
   </trkpt>
   <trkpt lat="47.8017390" lon="-122.3669570">
    <ele>98.8</ele>
    <time>2020-09-19T16:46:24Z</time>
   </trkpt>
   <trkpt lat="47.8017680" lon="-122.3669690">
    <ele>98.7</ele>
    <time>2020-09-19T16:46:25Z</time>
   </trkpt>
   <trkpt lat="47.8018080" lon="-122.3669690">
    <ele>98.7</ele>
    <time>2020-09-19T16:46:26Z</time>
   </trkpt>
   <trkpt lat="47.8018490" lon="-122.3669570">
    <ele>98.7</ele>
    <time>2020-09-19T16:46:27Z</time>
   </trkpt>
   <trkpt lat="47.8018890" lon="-122.3669580">
    <ele>98.7</ele>
    <time>2020-09-19T16:46:28Z</time>
   </trkpt>
   <trkpt lat="47.8019300" lon="-122.3669500">
    <ele>98.6</ele>
    <time>2020-09-19T16:46:29Z</time>
   </trkpt>
   <trkpt lat="47.8019750" lon="-122.3669440">
    <ele>98.6</ele>
    <time>2020-09-19T16:46:30Z</time>
   </trkpt>
   <trkpt lat="47.8020100" lon="-122.3669580">
    <ele>98.6</ele>
    <time>2020-09-19T16:46:31Z</time>
   </trkpt>
   <trkpt lat="47.8020510" lon="-122.3669550">
    <ele>98.6</ele>
    <time>2020-09-19T16:46:32Z</time>
   </trkpt>
   <trkpt lat="47.8020950" lon="-122.3669220">
    <ele>98.5</ele>
    <time>2020-09-19T16:46:33Z</time>
   </trkpt>
   <trkpt lat="47.8021340" lon="-122.3669340">
    <ele>98.5</ele>
    <time>2020-09-19T16:46:34Z</time>
   </trkpt>
   <trkpt lat="47.8021730" lon="-122.3669450">
    <ele>98.4</ele>
    <time>2020-09-19T16:46:35Z</time>
   </trkpt>
   <trkpt lat="47.8022060" lon="-122.3669720">
    <ele>98.4</ele>
    <time>2020-09-19T16:46:36Z</time>
   </trkpt>
   <trkpt lat="47.8022550" lon="-122.3669660">
    <ele>98.4</ele>
    <time>2020-09-19T16:46:37Z</time>
   </trkpt>
   <trkpt lat="47.8022830" lon="-122.3669550">
    <ele>98.3</ele>
    <time>2020-09-19T16:46:38Z</time>
   </trkpt>
   <trkpt lat="47.8023370" lon="-122.3669220">
    <ele>98.3</ele>
    <time>2020-09-19T16:46:39Z</time>
   </trkpt>
   <trkpt lat="47.8023730" lon="-122.3669210">
    <ele>98.2</ele>
    <time>2020-09-19T16:46:40Z</time>
   </trkpt>
   <trkpt lat="47.8024070" lon="-122.3669530">
    <ele>98.1</ele>
    <time>2020-09-19T16:46:41Z</time>
   </trkpt>
   <trkpt lat="47.8024610" lon="-122.3669830">
    <ele>98.0</ele>
    <time>2020-09-19T16:46:42Z</time>
   </trkpt>
   <trkpt lat="47.8024970" lon="-122.3669920">
    <ele>98.0</ele>
    <time>2020-09-19T16:46:43Z</time>
   </trkpt>
   <trkpt lat="47.8025430" lon="-122.3670030">
    <ele>97.9</ele>
    <time>2020-09-19T16:46:44Z</time>
   </trkpt>
   <trkpt lat="47.8025800" lon="-122.3669820">
    <ele>97.8</ele>
    <time>2020-09-19T16:46:45Z</time>
   </trkpt>
   <trkpt lat="47.8026130" lon="-122.3669940">
    <ele>97.7</ele>
    <time>2020-09-19T16:46:46Z</time>
   </trkpt>
   <trkpt lat="47.8026590" lon="-122.3669850">
    <ele>97.7</ele>
    <time>2020-09-19T16:46:47Z</time>
   </trkpt>
   <trkpt lat="47.8026990" lon="-122.3669860">
    <ele>97.6</ele>
    <time>2020-09-19T16:46:48Z</time>
   </trkpt>
   <trkpt lat="47.8027500" lon="-122.3669950">
    <ele>97.5</ele>
    <time>2020-09-19T16:46:49Z</time>
   </trkpt>
   <trkpt lat="47.8027840" lon="-122.3670060">
    <ele>97.4</ele>
    <time>2020-09-19T16:46:50Z</time>
   </trkpt>
   <trkpt lat="47.8028350" lon="-122.3670040">
    <ele>97.3</ele>
    <time>2020-09-19T16:46:52Z</time>
   </trkpt>
   <trkpt lat="47.8028830" lon="-122.3669990">
    <ele>97.2</ele>
    <time>2020-09-19T16:46:53Z</time>
   </trkpt>
   <trkpt lat="47.8029320" lon="-122.3670030">
    <ele>97.1</ele>
    <time>2020-09-19T16:46:54Z</time>
   </trkpt>
   <trkpt lat="47.8029670" lon="-122.3670100">
    <ele>97.0</ele>
    <time>2020-09-19T16:46:55Z</time>
   </trkpt>
   <trkpt lat="47.8030090" lon="-122.3669910">
    <ele>96.9</ele>
    <time>2020-09-19T16:46:56Z</time>
   </trkpt>
   <trkpt lat="47.8030940" lon="-122.3669750">
    <ele>96.7</ele>
    <time>2020-09-19T16:46:57Z</time>
   </trkpt>
   <trkpt lat="47.8031360" lon="-122.3669750">
    <ele>96.6</ele>
    <time>2020-09-19T16:46:58Z</time>
   </trkpt>
   <trkpt lat="47.8031630" lon="-122.3669880">
    <ele>96.6</ele>
    <time>2020-09-19T16:46:59Z</time>
   </trkpt>
   <trkpt lat="47.8032030" lon="-122.3670420">
    <ele>96.5</ele>
    <time>2020-09-19T16:47:00Z</time>
   </trkpt>
   <trkpt lat="47.8032190" lon="-122.3670770">
    <ele>95.6</ele>
    <time>2020-09-19T16:47:01Z</time>
   </trkpt>
   <trkpt lat="47.8032370" lon="-122.3671450">
    <ele>95.2</ele>
    <time>2020-09-19T16:47:02Z</time>
   </trkpt>
   <trkpt lat="47.8032460" lon="-122.3671980">
    <ele>94.8</ele>
    <time>2020-09-19T16:47:03Z</time>
   </trkpt>
   <trkpt lat="47.8032370" lon="-122.3672630">
    <ele>94.2</ele>
    <time>2020-09-19T16:47:04Z</time>
   </trkpt>
   <trkpt lat="47.8032330" lon="-122.3673190">
    <ele>93.7</ele>
    <time>2020-09-19T16:47:05Z</time>
   </trkpt>
   <trkpt lat="47.8032310" lon="-122.3673720">
    <ele>93.2</ele>
    <time>2020-09-19T16:47:06Z</time>
   </trkpt>
   <trkpt lat="47.8032340" lon="-122.3674260">
    <ele>92.6</ele>
    <time>2020-09-19T16:47:07Z</time>
   </trkpt>
   <trkpt lat="47.8032460" lon="-122.3674680">
    <ele>92.1</ele>
    <time>2020-09-19T16:47:08Z</time>
   </trkpt>
   <trkpt lat="47.8032490" lon="-122.3675330">
    <ele>91.3</ele>
    <time>2020-09-19T16:47:09Z</time>
   </trkpt>
   <trkpt lat="47.8032390" lon="-122.3675850">
    <ele>90.6</ele>
    <time>2020-09-19T16:47:10Z</time>
   </trkpt>
   <trkpt lat="47.8032380" lon="-122.3676460">
    <ele>89.9</ele>
    <time>2020-09-19T16:47:11Z</time>
   </trkpt>
   <trkpt lat="47.8032480" lon="-122.3677000">
    <ele>89.1</ele>
    <time>2020-09-19T16:47:12Z</time>
   </trkpt>
   <trkpt lat="47.8032360" lon="-122.3677590">
    <ele>88.3</ele>
    <time>2020-09-19T16:47:13Z</time>
   </trkpt>
   <trkpt lat="47.8032460" lon="-122.3678010">
    <ele>87.7</ele>
    <time>2020-09-19T16:47:14Z</time>
   </trkpt>
   <trkpt lat="47.8032410" lon="-122.3678440">
    <ele>87.1</ele>
    <time>2020-09-19T16:47:15Z</time>
   </trkpt>
   <trkpt lat="47.8032400" lon="-122.3678950">
    <ele>86.3</ele>
    <time>2020-09-19T16:47:16Z</time>
   </trkpt>
   <trkpt lat="47.8032380" lon="-122.3679350">
    <ele>85.7</ele>
    <time>2020-09-19T16:47:17Z</time>
   </trkpt>
   <trkpt lat="47.8032360" lon="-122.3679840">
    <ele>85.0</ele>
    <time>2020-09-19T16:47:18Z</time>
   </trkpt>
   <trkpt lat="47.8032370" lon="-122.3680360">
    <ele>84.3</ele>
    <time>2020-09-19T16:47:19Z</time>
   </trkpt>
   <trkpt lat="47.8032460" lon="-122.3680970">
    <ele>83.5</ele>
    <time>2020-09-19T16:47:20Z</time>
   </trkpt>
   <trkpt lat="47.8032480" lon="-122.3681230">
    <ele>83.1</ele>
    <time>2020-09-19T16:47:21Z</time>
   </trkpt>
   <trkpt lat="47.8032300" lon="-122.3681630">
    <ele>82.5</ele>
    <time>2020-09-19T16:47:22Z</time>
   </trkpt>
   <trkpt lat="47.8032280" lon="-122.3682260">
    <ele>81.7</ele>
    <time>2020-09-19T16:47:23Z</time>
   </trkpt>
   <trkpt lat="47.8032290" lon="-122.3682490">
    <ele>81.4</ele>
    <time>2020-09-19T16:47:24Z</time>
   </trkpt>
   <trkpt lat="47.8032360" lon="-122.3683050">
    <ele>80.8</ele>
    <time>2020-09-19T16:47:25Z</time>
   </trkpt>
   <trkpt lat="47.8032630" lon="-122.3683600">
    <ele>80.3</ele>
    <time>2020-09-19T16:47:26Z</time>
   </trkpt>
   <trkpt lat="47.8032720" lon="-122.3683860">
    <ele>80.1</ele>
    <time>2020-09-19T16:47:27Z</time>
   </trkpt>
   <trkpt lat="47.8032980" lon="-122.3684230">
    <ele>79.7</ele>
    <time>2020-09-19T16:47:28Z</time>
   </trkpt>
   <trkpt lat="47.8033210" lon="-122.3684710">
    <ele>79.3</ele>
    <time>2020-09-19T16:47:29Z</time>
   </trkpt>
   <trkpt lat="47.8033280" lon="-122.3685410">
    <ele>78.9</ele>
    <time>2020-09-19T16:47:30Z</time>
   </trkpt>
   <trkpt lat="47.8033330" lon="-122.3686030">
    <ele>78.5</ele>
    <time>2020-09-19T16:47:31Z</time>
   </trkpt>
   <trkpt lat="47.8033320" lon="-122.3686780">
    <ele>78.0</ele>
    <time>2020-09-19T16:47:32Z</time>
   </trkpt>
   <trkpt lat="47.8033470" lon="-122.3687260">
    <ele>77.7</ele>
    <time>2020-09-19T16:47:33Z</time>
   </trkpt>
   <trkpt lat="47.8033570" lon="-122.3687840">
    <ele>77.3</ele>
    <time>2020-09-19T16:47:34Z</time>
   </trkpt>
   <trkpt lat="47.8033490" lon="-122.3688560">
    <ele>76.8</ele>
    <time>2020-09-19T16:47:35Z</time>
   </trkpt>
   <trkpt lat="47.8033490" lon="-122.3689200">
    <ele>76.4</ele>
    <time>2020-09-19T16:47:36Z</time>
   </trkpt>
   <trkpt lat="47.8033500" lon="-122.3689480">
    <ele>76.3</ele>
    <time>2020-09-19T16:47:37Z</time>
   </trkpt>
   <trkpt lat="47.8033460" lon="-122.3690020">
    <ele>76.2</ele>
    <time>2020-09-19T16:47:38Z</time>
   </trkpt>
   <trkpt lat="47.8033550" lon="-122.3690440">
    <ele>76.1</ele>
    <time>2020-09-19T16:47:39Z</time>
   </trkpt>
   <trkpt lat="47.8033520" lon="-122.3691070">
    <ele>75.9</ele>
    <time>2020-09-19T16:47:40Z</time>
   </trkpt>
   <trkpt lat="47.8033560" lon="-122.3691640">
    <ele>75.7</ele>
    <time>2020-09-19T16:47:41Z</time>
   </trkpt>
   <trkpt lat="47.8033620" lon="-122.3692160">
    <ele>75.6</ele>
    <time>2020-09-19T16:47:42Z</time>
   </trkpt>
   <trkpt lat="47.8033740" lon="-122.3692720">
    <ele>75.4</ele>
    <time>2020-09-19T16:47:43Z</time>
   </trkpt>
   <trkpt lat="47.8033780" lon="-122.3693220">
    <ele>75.3</ele>
    <time>2020-09-19T16:47:44Z</time>
   </trkpt>
   <trkpt lat="47.8033650" lon="-122.3693930">
    <ele>75.1</ele>
    <time>2020-09-19T16:47:45Z</time>
   </trkpt>
   <trkpt lat="47.8033610" lon="-122.3694440">
    <ele>75.0</ele>
    <time>2020-09-19T16:47:46Z</time>
   </trkpt>
   <trkpt lat="47.8033560" lon="-122.3695110">
    <ele>74.9</ele>
    <time>2020-09-19T16:47:47Z</time>
   </trkpt>
   <trkpt lat="47.8033620" lon="-122.3695650">
    <ele>74.7</ele>
    <time>2020-09-19T16:47:48Z</time>
   </trkpt>
   <trkpt lat="47.8033590" lon="-122.3696130">
    <ele>74.4</ele>
    <time>2020-09-19T16:47:49Z</time>
   </trkpt>
   <trkpt lat="47.8033580" lon="-122.3696720">
    <ele>74.0</ele>
    <time>2020-09-19T16:47:50Z</time>
   </trkpt>
   <trkpt lat="47.8033440" lon="-122.3697400">
    <ele>73.6</ele>
    <time>2020-09-19T16:47:51Z</time>
   </trkpt>
   <trkpt lat="47.8033490" lon="-122.3698240">
    <ele>73.0</ele>
    <time>2020-09-19T16:47:52Z</time>
   </trkpt>
   <trkpt lat="47.8033430" lon="-122.3698800">
    <ele>72.6</ele>
    <time>2020-09-19T16:47:53Z</time>
   </trkpt>
   <trkpt lat="47.8033420" lon="-122.3699370">
    <ele>72.3</ele>
    <time>2020-09-19T16:47:54Z</time>
   </trkpt>
   <trkpt lat="47.8033500" lon="-122.3699970">
    <ele>71.8</ele>
    <time>2020-09-19T16:47:55Z</time>
   </trkpt>
   <trkpt lat="47.8033640" lon="-122.3700460">
    <ele>71.4</ele>
    <time>2020-09-19T16:47:56Z</time>
   </trkpt>
   <trkpt lat="47.8033620" lon="-122.3701110">
    <ele>70.9</ele>
    <time>2020-09-19T16:47:57Z</time>
   </trkpt>
   <trkpt lat="47.8033530" lon="-122.3701840">
    <ele>70.3</ele>
    <time>2020-09-19T16:47:58Z</time>
   </trkpt>
   <trkpt lat="47.8033500" lon="-122.3702420">
    <ele>69.8</ele>
    <time>2020-09-19T16:47:59Z</time>
   </trkpt>
   <trkpt lat="47.8033350" lon="-122.3702940">
    <ele>69.4</ele>
    <time>2020-09-19T16:48:00Z</time>
   </trkpt>
   <trkpt lat="47.8033360" lon="-122.3703600">
    <ele>68.9</ele>
    <time>2020-09-19T16:48:01Z</time>
   </trkpt>
   <trkpt lat="47.8033320" lon="-122.3704150">
    <ele>68.5</ele>
    <time>2020-09-19T16:48:02Z</time>
   </trkpt>
   <trkpt lat="47.8033390" lon="-122.3704660">
    <ele>68.1</ele>
    <time>2020-09-19T16:48:03Z</time>
   </trkpt>
   <trkpt lat="47.8033470" lon="-122.3705180">
    <ele>67.7</ele>
    <time>2020-09-19T16:48:04Z</time>
   </trkpt>
   <trkpt lat="47.8033620" lon="-122.3705590">
    <ele>67.3</ele>
    <time>2020-09-19T16:48:05Z</time>
   </trkpt>
   <trkpt lat="47.8033410" lon="-122.3706350">
    <ele>66.6</ele>
    <time>2020-09-19T16:48:06Z</time>
   </trkpt>
   <trkpt lat="47.8033290" lon="-122.3706900">
    <ele>66.1</ele>
    <time>2020-09-19T16:48:07Z</time>
   </trkpt>
   <trkpt lat="47.8033380" lon="-122.3707460">
    <ele>65.6</ele>
    <time>2020-09-19T16:48:08Z</time>
   </trkpt>
   <trkpt lat="47.8033430" lon="-122.3708060">
    <ele>65.0</ele>
    <time>2020-09-19T16:48:09Z</time>
   </trkpt>
   <trkpt lat="47.8033480" lon="-122.3708660">
    <ele>64.5</ele>
    <time>2020-09-19T16:48:10Z</time>
   </trkpt>
   <trkpt lat="47.8033570" lon="-122.3709250">
    <ele>64.1</ele>
    <time>2020-09-19T16:48:11Z</time>
   </trkpt>
   <trkpt lat="47.8033400" lon="-122.3709900">
    <ele>63.6</ele>
    <time>2020-09-19T16:48:12Z</time>
   </trkpt>
   <trkpt lat="47.8033350" lon="-122.3710330">
    <ele>63.3</ele>
    <time>2020-09-19T16:48:13Z</time>
   </trkpt>
   <trkpt lat="47.8033340" lon="-122.3711020">
    <ele>62.7</ele>
    <time>2020-09-19T16:48:14Z</time>
   </trkpt>
   <trkpt lat="47.8033420" lon="-122.3711730">
    <ele>62.2</ele>
    <time>2020-09-19T16:48:15Z</time>
   </trkpt>
   <trkpt lat="47.8033550" lon="-122.3712300">
    <ele>61.8</ele>
    <time>2020-09-19T16:48:16Z</time>
   </trkpt>
   <trkpt lat="47.8033510" lon="-122.3712930">
    <ele>61.3</ele>
    <time>2020-09-19T16:48:17Z</time>
   </trkpt>
   <trkpt lat="47.8033580" lon="-122.3713520">
    <ele>60.8</ele>
    <time>2020-09-19T16:48:18Z</time>
   </trkpt>
   <trkpt lat="47.8033560" lon="-122.3714070">
    <ele>60.4</ele>
    <time>2020-09-19T16:48:19Z</time>
   </trkpt>
   <trkpt lat="47.8033410" lon="-122.3714670">
    <ele>59.9</ele>
    <time>2020-09-19T16:48:20Z</time>
   </trkpt>
   <trkpt lat="47.8033390" lon="-122.3715260">
    <ele>59.4</ele>
    <time>2020-09-19T16:48:21Z</time>
   </trkpt>
   <trkpt lat="47.8033400" lon="-122.3715720">
    <ele>59.0</ele>
    <time>2020-09-19T16:48:22Z</time>
   </trkpt>
   <trkpt lat="47.8033360" lon="-122.3716250">
    <ele>58.5</ele>
    <time>2020-09-19T16:48:23Z</time>
   </trkpt>
   <trkpt lat="47.8033460" lon="-122.3716680">
    <ele>58.1</ele>
    <time>2020-09-19T16:48:24Z</time>
   </trkpt>
   <trkpt lat="47.8033380" lon="-122.3717430">
    <ele>57.5</ele>
    <time>2020-09-19T16:48:25Z</time>
   </trkpt>
   <trkpt lat="47.8033380" lon="-122.3717970">
    <ele>57.0</ele>
    <time>2020-09-19T16:48:26Z</time>
   </trkpt>
   <trkpt lat="47.8033440" lon="-122.3718580">
    <ele>56.4</ele>
    <time>2020-09-19T16:48:27Z</time>
   </trkpt>
   <trkpt lat="47.8033360" lon="-122.3719190">
    <ele>55.8</ele>
    <time>2020-09-19T16:48:28Z</time>
   </trkpt>
   <trkpt lat="47.8033460" lon="-122.3719630">
    <ele>55.3</ele>
    <time>2020-09-19T16:48:29Z</time>
   </trkpt>
   <trkpt lat="47.8033360" lon="-122.3720210">
    <ele>54.8</ele>
    <time>2020-09-19T16:48:30Z</time>
   </trkpt>
   <trkpt lat="47.8033360" lon="-122.3720770">
    <ele>54.3</ele>
    <time>2020-09-19T16:48:31Z</time>
   </trkpt>
   <trkpt lat="47.8033350" lon="-122.3721230">
    <ele>53.9</ele>
    <time>2020-09-19T16:48:32Z</time>
   </trkpt>
   <trkpt lat="47.8033260" lon="-122.3721680">
    <ele>53.5</ele>
    <time>2020-09-19T16:48:33Z</time>
   </trkpt>
   <trkpt lat="47.8032870" lon="-122.3722090">
    <ele>53.1</ele>
    <time>2020-09-19T16:48:34Z</time>
   </trkpt>
   <trkpt lat="47.8032680" lon="-122.3722650">
    <ele>52.6</ele>
    <time>2020-09-19T16:48:35Z</time>
   </trkpt>
   <trkpt lat="47.8032430" lon="-122.3723120">
    <ele>52.2</ele>
    <time>2020-09-19T16:48:36Z</time>
   </trkpt>
   <trkpt lat="47.8032420" lon="-122.3723860">
    <ele>51.7</ele>
    <time>2020-09-19T16:48:37Z</time>
   </trkpt>
   <trkpt lat="47.8032560" lon="-122.3724300">
    <ele>51.3</ele>
    <time>2020-09-19T16:48:38Z</time>
   </trkpt>
   <trkpt lat="47.8032640" lon="-122.3724820">
    <ele>51.0</ele>
    <time>2020-09-19T16:48:39Z</time>
   </trkpt>
   <trkpt lat="47.8032750" lon="-122.3725360">
    <ele>50.7</ele>
    <time>2020-09-19T16:48:40Z</time>
   </trkpt>
   <trkpt lat="47.8032560" lon="-122.3725910">
    <ele>50.4</ele>
    <time>2020-09-19T16:48:41Z</time>
   </trkpt>
   <trkpt lat="47.8032460" lon="-122.3726400">
    <ele>50.1</ele>
    <time>2020-09-19T16:48:42Z</time>
   </trkpt>
   <trkpt lat="47.8032420" lon="-122.3726830">
    <ele>49.9</ele>
    <time>2020-09-19T16:48:43Z</time>
   </trkpt>
   <trkpt lat="47.8032490" lon="-122.3727600">
    <ele>49.6</ele>
    <time>2020-09-19T16:48:44Z</time>
   </trkpt>
   <trkpt lat="47.8032660" lon="-122.3728130">
    <ele>49.4</ele>
    <time>2020-09-19T16:48:45Z</time>
   </trkpt>
   <trkpt lat="47.8032710" lon="-122.3728680">
    <ele>49.2</ele>
    <time>2020-09-19T16:48:46Z</time>
   </trkpt>
   <trkpt lat="47.8032530" lon="-122.3729390">
    <ele>49.0</ele>
    <time>2020-09-19T16:48:47Z</time>
   </trkpt>
   <trkpt lat="47.8032490" lon="-122.3729910">
    <ele>48.8</ele>
    <time>2020-09-19T16:48:48Z</time>
   </trkpt>
   <trkpt lat="47.8032510" lon="-122.3730480">
    <ele>48.7</ele>
    <time>2020-09-19T16:48:49Z</time>
   </trkpt>
   <trkpt lat="47.8032490" lon="-122.3731050">
    <ele>48.6</ele>
    <time>2020-09-19T16:48:50Z</time>
   </trkpt>
   <trkpt lat="47.8032460" lon="-122.3731670">
    <ele>48.5</ele>
    <time>2020-09-19T16:48:51Z</time>
   </trkpt>
   <trkpt lat="47.8032350" lon="-122.3732100">
    <ele>48.4</ele>
    <time>2020-09-19T16:48:52Z</time>
   </trkpt>
   <trkpt lat="47.8032330" lon="-122.3732740">
    <ele>48.3</ele>
    <time>2020-09-19T16:48:53Z</time>
   </trkpt>
   <trkpt lat="47.8032310" lon="-122.3733190">
    <ele>48.2</ele>
    <time>2020-09-19T16:48:54Z</time>
   </trkpt>
   <trkpt lat="47.8032320" lon="-122.3733660">
    <ele>48.2</ele>
    <time>2020-09-19T16:48:55Z</time>
   </trkpt>
   <trkpt lat="47.8032350" lon="-122.3734290">
    <ele>48.1</ele>
    <time>2020-09-19T16:48:56Z</time>
   </trkpt>
   <trkpt lat="47.8032170" lon="-122.3734820">
    <ele>48.0</ele>
    <time>2020-09-19T16:48:57Z</time>
   </trkpt>
   <trkpt lat="47.8032150" lon="-122.3735410">
    <ele>48.0</ele>
    <time>2020-09-19T16:48:58Z</time>
   </trkpt>
   <trkpt lat="47.8032060" lon="-122.3735940">
    <ele>47.9</ele>
    <time>2020-09-19T16:48:59Z</time>
   </trkpt>
   <trkpt lat="47.8032150" lon="-122.3736540">
    <ele>48.0</ele>
    <time>2020-09-19T16:49:00Z</time>
   </trkpt>
   <trkpt lat="47.8032000" lon="-122.3737150">
    <ele>48.0</ele>
    <time>2020-09-19T16:49:01Z</time>
   </trkpt>
   <trkpt lat="47.8032000" lon="-122.3737590">
    <ele>48.0</ele>
    <time>2020-09-19T16:49:02Z</time>
   </trkpt>
   <trkpt lat="47.8031870" lon="-122.3738160">
    <ele>48.1</ele>
    <time>2020-09-19T16:49:03Z</time>
   </trkpt>
   <trkpt lat="47.8031810" lon="-122.3738800">
    <ele>48.1</ele>
    <time>2020-09-19T16:49:04Z</time>
   </trkpt>
   <trkpt lat="47.8031810" lon="-122.3739380">
    <ele>48.1</ele>
    <time>2020-09-19T16:49:05Z</time>
   </trkpt>
   <trkpt lat="47.8031790" lon="-122.3739960">
    <ele>48.1</ele>
    <time>2020-09-19T16:49:06Z</time>
   </trkpt>
   <trkpt lat="47.8031780" lon="-122.3740550">
    <ele>48.1</ele>
    <time>2020-09-19T16:49:07Z</time>
   </trkpt>
   <trkpt lat="47.8031820" lon="-122.3741130">
    <ele>48.1</ele>
    <time>2020-09-19T16:49:08Z</time>
   </trkpt>
   <trkpt lat="47.8031850" lon="-122.3741580">
    <ele>48.2</ele>
    <time>2020-09-19T16:49:09Z</time>
   </trkpt>
   <trkpt lat="47.8031910" lon="-122.3742120">
    <ele>48.2</ele>
    <time>2020-09-19T16:49:10Z</time>
   </trkpt>
   <trkpt lat="47.8031680" lon="-122.3742860">
    <ele>48.1</ele>
    <time>2020-09-19T16:49:11Z</time>
   </trkpt>
   <trkpt lat="47.8031610" lon="-122.3743390">
    <ele>48.0</ele>
    <time>2020-09-19T16:49:12Z</time>
   </trkpt>
   <trkpt lat="47.8031720" lon="-122.3744120">
    <ele>47.9</ele>
    <time>2020-09-19T16:49:13Z</time>
   </trkpt>
   <trkpt lat="47.8031760" lon="-122.3744730">
    <ele>47.8</ele>
    <time>2020-09-19T16:49:14Z</time>
   </trkpt>
   <trkpt lat="47.8031710" lon="-122.3745430">
    <ele>47.7</ele>
    <time>2020-09-19T16:49:15Z</time>
   </trkpt>
   <trkpt lat="47.8031770" lon="-122.3746130">
    <ele>47.6</ele>
    <time>2020-09-19T16:49:16Z</time>
   </trkpt>
   <trkpt lat="47.8031760" lon="-122.3746560">
    <ele>47.6</ele>
    <time>2020-09-19T16:49:17Z</time>
   </trkpt>
   <trkpt lat="47.8031730" lon="-122.3747180">
    <ele>47.5</ele>
    <time>2020-09-19T16:49:18Z</time>
   </trkpt>
   <trkpt lat="47.8031610" lon="-122.3747630">
    <ele>47.4</ele>
    <time>2020-09-19T16:49:19Z</time>
   </trkpt>
   <trkpt lat="47.8031640" lon="-122.3748170">
    <ele>47.4</ele>
    <time>2020-09-19T16:49:20Z</time>
   </trkpt>
   <trkpt lat="47.8031690" lon="-122.3748780">
    <ele>47.2</ele>
    <time>2020-09-19T16:49:21Z</time>
   </trkpt>
   <trkpt lat="47.8031700" lon="-122.3749420">
    <ele>46.9</ele>
    <time>2020-09-19T16:49:22Z</time>
   </trkpt>
   <trkpt lat="47.8031480" lon="-122.3750100">
    <ele>46.6</ele>
    <time>2020-09-19T16:49:23Z</time>
   </trkpt>
   <trkpt lat="47.8031540" lon="-122.3750630">
    <ele>46.3</ele>
    <time>2020-09-19T16:49:24Z</time>
   </trkpt>
   <trkpt lat="47.8031580" lon="-122.3751180">
    <ele>46.1</ele>
    <time>2020-09-19T16:49:25Z</time>
   </trkpt>
   <trkpt lat="47.8031530" lon="-122.3751970">
    <ele>45.7</ele>
    <time>2020-09-19T16:49:26Z</time>
   </trkpt>
   <trkpt lat="47.8031620" lon="-122.3752570">
    <ele>45.5</ele>
    <time>2020-09-19T16:49:27Z</time>
   </trkpt>
   <trkpt lat="47.8031500" lon="-122.3753150">
    <ele>45.2</ele>
    <time>2020-09-19T16:49:28Z</time>
   </trkpt>
   <trkpt lat="47.8031550" lon="-122.3753640">
    <ele>45.0</ele>
    <time>2020-09-19T16:49:29Z</time>
   </trkpt>
   <trkpt lat="47.8031560" lon="-122.3754170">
    <ele>44.8</ele>
    <time>2020-09-19T16:49:30Z</time>
   </trkpt>
   <trkpt lat="47.8031700" lon="-122.3754770">
    <ele>44.5</ele>
    <time>2020-09-19T16:49:31Z</time>
   </trkpt>
   <trkpt lat="47.8031730" lon="-122.3755270">
    <ele>44.3</ele>
    <time>2020-09-19T16:49:32Z</time>
   </trkpt>
   <trkpt lat="47.8031520" lon="-122.3756040">
    <ele>44.1</ele>
    <time>2020-09-19T16:49:33Z</time>
   </trkpt>
   <trkpt lat="47.8031520" lon="-122.3756530">
    <ele>43.9</ele>
    <time>2020-09-19T16:49:34Z</time>
   </trkpt>
   <trkpt lat="47.8031510" lon="-122.3757060">
    <ele>43.8</ele>
    <time>2020-09-19T16:49:35Z</time>
   </trkpt>
   <trkpt lat="47.8031480" lon="-122.3757810">
    <ele>43.6</ele>
    <time>2020-09-19T16:49:36Z</time>
   </trkpt>
   <trkpt lat="47.8031440" lon="-122.3758450">
    <ele>43.5</ele>
    <time>2020-09-19T16:49:37Z</time>
   </trkpt>
   <trkpt lat="47.8031350" lon="-122.3759040">
    <ele>43.3</ele>
    <time>2020-09-19T16:49:38Z</time>
   </trkpt>
   <trkpt lat="47.8031250" lon="-122.3759500">
    <ele>43.2</ele>
    <time>2020-09-19T16:49:39Z</time>
   </trkpt>
   <trkpt lat="47.8031160" lon="-122.3760140">
    <ele>43.0</ele>
    <time>2020-09-19T16:49:40Z</time>
   </trkpt>
   <trkpt lat="47.8031210" lon="-122.3760690">
    <ele>42.9</ele>
    <time>2020-09-19T16:49:41Z</time>
   </trkpt>
   <trkpt lat="47.8031260" lon="-122.3761170">
    <ele>42.7</ele>
    <time>2020-09-19T16:49:42Z</time>
   </trkpt>
   <trkpt lat="47.8031220" lon="-122.3761830">
    <ele>42.6</ele>
    <time>2020-09-19T16:49:43Z</time>
   </trkpt>
   <trkpt lat="47.8031140" lon="-122.3762350">
    <ele>42.4</ele>
    <time>2020-09-19T16:49:44Z</time>
   </trkpt>
   <trkpt lat="47.8031170" lon="-122.3762880">
    <ele>42.3</ele>
    <time>2020-09-19T16:49:45Z</time>
   </trkpt>
   <trkpt lat="47.8031220" lon="-122.3763450">
    <ele>42.1</ele>
    <time>2020-09-19T16:49:46Z</time>
   </trkpt>
   <trkpt lat="47.8031290" lon="-122.3764010">
    <ele>42.0</ele>
    <time>2020-09-19T16:49:47Z</time>
   </trkpt>
   <trkpt lat="47.8031200" lon="-122.3764500">
    <ele>41.9</ele>
    <time>2020-09-19T16:49:48Z</time>
   </trkpt>
   <trkpt lat="47.8031280" lon="-122.3764970">
    <ele>41.8</ele>
    <time>2020-09-19T16:49:49Z</time>
   </trkpt>
   <trkpt lat="47.8031380" lon="-122.3765340">
    <ele>41.7</ele>
    <time>2020-09-19T16:49:50Z</time>
   </trkpt>
   <trkpt lat="47.8031390" lon="-122.3765910">
    <ele>41.6</ele>
    <time>2020-09-19T16:49:51Z</time>
   </trkpt>
   <trkpt lat="47.8031330" lon="-122.3766320">
    <ele>41.5</ele>
    <time>2020-09-19T16:49:52Z</time>
   </trkpt>
   <trkpt lat="47.8031230" lon="-122.3766790">
    <ele>41.3</ele>
    <time>2020-09-19T16:49:53Z</time>
   </trkpt>
   <trkpt lat="47.8031270" lon="-122.3767230">
    <ele>41.2</ele>
    <time>2020-09-19T16:49:54Z</time>
   </trkpt>
   <trkpt lat="47.8031380" lon="-122.3767670">
    <ele>41.0</ele>
    <time>2020-09-19T16:49:55Z</time>
   </trkpt>
   <trkpt lat="47.8031440" lon="-122.3768190">
    <ele>40.9</ele>
    <time>2020-09-19T16:49:56Z</time>
   </trkpt>
   <trkpt lat="47.8031460" lon="-122.3768730">
    <ele>40.7</ele>
    <time>2020-09-19T16:49:57Z</time>
   </trkpt>
   <trkpt lat="47.8031470" lon="-122.3769250">
    <ele>40.6</ele>
    <time>2020-09-19T16:49:58Z</time>
   </trkpt>
   <trkpt lat="47.8031370" lon="-122.3769790">
    <ele>40.6</ele>
    <time>2020-09-19T16:49:59Z</time>
   </trkpt>
   <trkpt lat="47.8031370" lon="-122.3770300">
    <ele>40.5</ele>
    <time>2020-09-19T16:50:00Z</time>
   </trkpt>
   <trkpt lat="47.8031360" lon="-122.3770740">
    <ele>40.3</ele>
    <time>2020-09-19T16:50:01Z</time>
   </trkpt>
   <trkpt lat="47.8031340" lon="-122.3771300">
    <ele>40.1</ele>
    <time>2020-09-19T16:50:02Z</time>
   </trkpt>
   <trkpt lat="47.8031370" lon="-122.3771830">
    <ele>40.0</ele>
    <time>2020-09-19T16:50:03Z</time>
   </trkpt>
   <trkpt lat="47.8031500" lon="-122.3772450">
    <ele>39.7</ele>
    <time>2020-09-19T16:50:04Z</time>
   </trkpt>
   <trkpt lat="47.8031500" lon="-122.3773000">
    <ele>39.4</ele>
    <time>2020-09-19T16:50:05Z</time>
   </trkpt>
   <trkpt lat="47.8031580" lon="-122.3773420">
    <ele>39.2</ele>
    <time>2020-09-19T16:50:06Z</time>
   </trkpt>
   <trkpt lat="47.8031630" lon="-122.3773890">
    <ele>39.0</ele>
    <time>2020-09-19T16:50:07Z</time>
   </trkpt>
   <trkpt lat="47.8031670" lon="-122.3774390">
    <ele>38.7</ele>
    <time>2020-09-19T16:50:08Z</time>
   </trkpt>
   <trkpt lat="47.8031750" lon="-122.3774490">
    <ele>38.6</ele>
    <time>2020-09-19T16:50:09Z</time>
   </trkpt>
   <trkpt lat="47.8032050" lon="-122.3774600">
    <ele>38.4</ele>
    <time>2020-09-19T16:50:10Z</time>
   </trkpt>
   <trkpt lat="47.8032420" lon="-122.3774610">
    <ele>37.2</ele>
    <time>2020-09-19T16:50:11Z</time>
   </trkpt>
   <trkpt lat="47.8032740" lon="-122.3774430">
    <ele>37.0</ele>
    <time>2020-09-19T16:50:12Z</time>
   </trkpt>
   <trkpt lat="47.8033200" lon="-122.3774570">
    <ele>36.6</ele>
    <time>2020-09-19T16:50:13Z</time>
   </trkpt>
   <trkpt lat="47.8033620" lon="-122.3774560">
    <ele>36.4</ele>
    <time>2020-09-19T16:50:14Z</time>
   </trkpt>
   <trkpt lat="47.8033960" lon="-122.3774590">
    <ele>36.1</ele>
    <time>2020-09-19T16:50:15Z</time>
   </trkpt>
   <trkpt lat="47.8034330" lon="-122.3774690">
    <ele>35.9</ele>
    <time>2020-09-19T16:50:16Z</time>
   </trkpt>
   <trkpt lat="47.8034650" lon="-122.3774690">
    <ele>35.7</ele>
    <time>2020-09-19T16:50:17Z</time>
   </trkpt>
   <trkpt lat="47.8035010" lon="-122.3774720">
    <ele>35.5</ele>
    <time>2020-09-19T16:50:18Z</time>
   </trkpt>
   <trkpt lat="47.8035370" lon="-122.3774930">
    <ele>35.3</ele>
    <time>2020-09-19T16:50:19Z</time>
   </trkpt>
   <trkpt lat="47.8035690" lon="-122.3774930">
    <ele>35.1</ele>
    <time>2020-09-19T16:50:20Z</time>
   </trkpt>
   <trkpt lat="47.8036030" lon="-122.3774940">
    <ele>34.9</ele>
    <time>2020-09-19T16:50:21Z</time>
   </trkpt>
   <trkpt lat="47.8036380" lon="-122.3774780">
    <ele>34.7</ele>
    <time>2020-09-19T16:50:22Z</time>
   </trkpt>
   <trkpt lat="47.8036790" lon="-122.3774580">
    <ele>34.4</ele>
    <time>2020-09-19T16:50:23Z</time>
   </trkpt>
   <trkpt lat="47.8037170" lon="-122.3774520">
    <ele>34.2</ele>
    <time>2020-09-19T16:50:24Z</time>
   </trkpt>
   <trkpt lat="47.8037500" lon="-122.3774490">
    <ele>34.0</ele>
    <time>2020-09-19T16:50:25Z</time>
   </trkpt>
   <trkpt lat="47.8037820" lon="-122.3774590">
    <ele>33.8</ele>
    <time>2020-09-19T16:50:26Z</time>
   </trkpt>
   <trkpt lat="47.8038100" lon="-122.3774860">
    <ele>33.6</ele>
    <time>2020-09-19T16:50:27Z</time>
   </trkpt>
   <trkpt lat="47.8038380" lon="-122.3774790">
    <ele>33.4</ele>
    <time>2020-09-19T16:50:28Z</time>
   </trkpt>
   <trkpt lat="47.8038740" lon="-122.3774870">
    <ele>33.2</ele>
    <time>2020-09-19T16:50:29Z</time>
   </trkpt>
   <trkpt lat="47.8039250" lon="-122.3774710">
    <ele>32.9</ele>
    <time>2020-09-19T16:50:30Z</time>
   </trkpt>
   <trkpt lat="47.8039670" lon="-122.3774510">
    <ele>32.6</ele>
    <time>2020-09-19T16:50:31Z</time>
   </trkpt>
   <trkpt lat="47.8040060" lon="-122.3774680">
    <ele>32.4</ele>
    <time>2020-09-19T16:50:32Z</time>
   </trkpt>
   <trkpt lat="47.8040410" lon="-122.3774620">
    <ele>32.2</ele>
    <time>2020-09-19T16:50:33Z</time>
   </trkpt>
   <trkpt lat="47.8040860" lon="-122.3774680">
    <ele>31.9</ele>
    <time>2020-09-19T16:50:34Z</time>
   </trkpt>
   <trkpt lat="47.8041220" lon="-122.3774800">
    <ele>31.7</ele>
    <time>2020-09-19T16:50:35Z</time>
   </trkpt>
   <trkpt lat="47.8041610" lon="-122.3774650">
    <ele>31.4</ele>
    <time>2020-09-19T16:50:36Z</time>
   </trkpt>
   <trkpt lat="47.8042000" lon="-122.3774690">
    <ele>31.2</ele>
    <time>2020-09-19T16:50:37Z</time>
   </trkpt>
   <trkpt lat="47.8042340" lon="-122.3774700">
    <ele>30.9</ele>
    <time>2020-09-19T16:50:38Z</time>
   </trkpt>
   <trkpt lat="47.8042910" lon="-122.3774640">
    <ele>30.6</ele>
    <time>2020-09-19T16:50:39Z</time>
   </trkpt>
   <trkpt lat="47.8043290" lon="-122.3774560">
    <ele>30.3</ele>
    <time>2020-09-19T16:50:40Z</time>
   </trkpt>
   <trkpt lat="47.8043600" lon="-122.3774630">
    <ele>30.1</ele>
    <time>2020-09-19T16:50:41Z</time>
   </trkpt>
   <trkpt lat="47.8044010" lon="-122.3774730">
    <ele>29.9</ele>
    <time>2020-09-19T16:50:42Z</time>
   </trkpt>
   <trkpt lat="47.8044380" lon="-122.3774710">
    <ele>29.6</ele>
    <time>2020-09-19T16:50:43Z</time>
   </trkpt>
   <trkpt lat="47.8044800" lon="-122.3774850">
    <ele>29.3</ele>
    <time>2020-09-19T16:50:44Z</time>
   </trkpt>
   <trkpt lat="47.8045200" lon="-122.3774720">
    <ele>29.0</ele>
    <time>2020-09-19T16:50:45Z</time>
   </trkpt>
   <trkpt lat="47.8045590" lon="-122.3774380">
    <ele>28.7</ele>
    <time>2020-09-19T16:50:46Z</time>
   </trkpt>
   <trkpt lat="47.8046110" lon="-122.3774500">
    <ele>28.3</ele>
    <time>2020-09-19T16:50:47Z</time>
   </trkpt>
   <trkpt lat="47.8046400" lon="-122.3774570">
    <ele>28.1</ele>
    <time>2020-09-19T16:50:48Z</time>
   </trkpt>
   <trkpt lat="47.8046760" lon="-122.3774430">
    <ele>27.9</ele>
    <time>2020-09-19T16:50:49Z</time>
   </trkpt>
   <trkpt lat="47.8047180" lon="-122.3774540">
    <ele>27.6</ele>
    <time>2020-09-19T16:50:50Z</time>
   </trkpt>
   <trkpt lat="47.8047540" lon="-122.3774460">
    <ele>27.4</ele>
    <time>2020-09-19T16:50:51Z</time>
   </trkpt>
   <trkpt lat="47.8048070" lon="-122.3774690">
    <ele>27.1</ele>
    <time>2020-09-19T16:50:52Z</time>
   </trkpt>
   <trkpt lat="47.8048460" lon="-122.3774720">
    <ele>26.9</ele>
    <time>2020-09-19T16:50:53Z</time>
   </trkpt>
   <trkpt lat="47.8048940" lon="-122.3774840">
    <ele>26.6</ele>
    <time>2020-09-19T16:50:54Z</time>
   </trkpt>
   <trkpt lat="47.8049310" lon="-122.3774800">
    <ele>26.4</ele>
    <time>2020-09-19T16:50:55Z</time>
   </trkpt>
   <trkpt lat="47.8049700" lon="-122.3774730">
    <ele>26.2</ele>
    <time>2020-09-19T16:50:56Z</time>
   </trkpt>
   <trkpt lat="47.8050210" lon="-122.3774600">
    <ele>25.9</ele>
    <time>2020-09-19T16:50:57Z</time>
   </trkpt>
   <trkpt lat="47.8050620" lon="-122.3774580">
    <ele>25.7</ele>
    <time>2020-09-19T16:50:58Z</time>
   </trkpt>
   <trkpt lat="47.8050940" lon="-122.3774570">
    <ele>25.6</ele>
    <time>2020-09-19T16:50:59Z</time>
   </trkpt>
   <trkpt lat="47.8051410" lon="-122.3774610">
    <ele>25.4</ele>
    <time>2020-09-19T16:51:00Z</time>
   </trkpt>
   <trkpt lat="47.8051850" lon="-122.3774820">
    <ele>25.3</ele>
    <time>2020-09-19T16:51:01Z</time>
   </trkpt>
   <trkpt lat="47.8052440" lon="-122.3774570">
    <ele>25.0</ele>
    <time>2020-09-19T16:51:02Z</time>
   </trkpt>
   <trkpt lat="47.8052800" lon="-122.3774640">
    <ele>24.9</ele>
    <time>2020-09-19T16:51:03Z</time>
   </trkpt>
   <trkpt lat="47.8053220" lon="-122.3774620">
    <ele>24.8</ele>
    <time>2020-09-19T16:51:04Z</time>
   </trkpt>
   <trkpt lat="47.8053610" lon="-122.3774590">
    <ele>24.8</ele>
    <time>2020-09-19T16:51:05Z</time>
   </trkpt>
   <trkpt lat="47.8053950" lon="-122.3774680">
    <ele>24.7</ele>
    <time>2020-09-19T16:51:06Z</time>
   </trkpt>
   <trkpt lat="47.8054420" lon="-122.3774600">
    <ele>24.5</ele>
    <time>2020-09-19T16:51:07Z</time>
   </trkpt>
   <trkpt lat="47.8054740" lon="-122.3774510">
    <ele>24.5</ele>
    <time>2020-09-19T16:51:08Z</time>
   </trkpt>
   <trkpt lat="47.8055190" lon="-122.3774630">
    <ele>24.4</ele>
    <time>2020-09-19T16:51:09Z</time>
   </trkpt>
   <trkpt lat="47.8055500" lon="-122.3774560">
    <ele>24.4</ele>
    <time>2020-09-19T16:51:10Z</time>
   </trkpt>
   <trkpt lat="47.8056040" lon="-122.3774540">
    <ele>24.3</ele>
    <time>2020-09-19T16:51:11Z</time>
   </trkpt>
   <trkpt lat="47.8056390" lon="-122.3774540">
    <ele>24.3</ele>
    <time>2020-09-19T16:51:12Z</time>
   </trkpt>
   <trkpt lat="47.8056710" lon="-122.3774480">
    <ele>24.2</ele>
    <time>2020-09-19T16:51:13Z</time>
   </trkpt>
   <trkpt lat="47.8057170" lon="-122.3774600">
    <ele>24.2</ele>
    <time>2020-09-19T16:51:14Z</time>
   </trkpt>
   <trkpt lat="47.8057500" lon="-122.3774400">
    <ele>24.1</ele>
    <time>2020-09-19T16:51:15Z</time>
   </trkpt>
   <trkpt lat="47.8057870" lon="-122.3774610">
    <ele>24.1</ele>
    <time>2020-09-19T16:51:16Z</time>
   </trkpt>
   <trkpt lat="47.8058000" lon="-122.3774700">
    <ele>24.1</ele>
    <time>2020-09-19T16:51:17Z</time>
   </trkpt>
   <trkpt lat="47.8058280" lon="-122.3774690">
    <ele>24.1</ele>
    <time>2020-09-19T16:51:18Z</time>
   </trkpt>
   <trkpt lat="47.8058740" lon="-122.3774710">
    <ele>24.0</ele>
    <time>2020-09-19T16:51:19Z</time>
   </trkpt>
   <trkpt lat="47.8059050" lon="-122.3774700">
    <ele>24.0</ele>
    <time>2020-09-19T16:51:20Z</time>
   </trkpt>
   <trkpt lat="47.8059330" lon="-122.3774690">
    <ele>24.0</ele>
    <time>2020-09-19T16:51:21Z</time>
   </trkpt>
   <trkpt lat="47.8059810" lon="-122.3774790">
    <ele>23.9</ele>
    <time>2020-09-19T16:51:22Z</time>
   </trkpt>
   <trkpt lat="47.8060270" lon="-122.3774710">
    <ele>23.9</ele>
    <time>2020-09-19T16:51:23Z</time>
   </trkpt>
   <trkpt lat="47.8060490" lon="-122.3774740">
    <ele>23.8</ele>
    <time>2020-09-19T16:51:24Z</time>
   </trkpt>
   <trkpt lat="47.8060810" lon="-122.3774730">
    <ele>23.8</ele>
    <time>2020-09-19T16:51:25Z</time>
   </trkpt>
   <trkpt lat="47.8061180" lon="-122.3774630">
    <ele>23.8</ele>
    <time>2020-09-19T16:51:26Z</time>
   </trkpt>
   <trkpt lat="47.8061610" lon="-122.3774790">
    <ele>23.7</ele>
    <time>2020-09-19T16:51:27Z</time>
   </trkpt>
   <trkpt lat="47.8062030" lon="-122.3774800">
    <ele>23.7</ele>
    <time>2020-09-19T16:51:28Z</time>
   </trkpt>
   <trkpt lat="47.8062200" lon="-122.3774780">
    <ele>23.7</ele>
    <time>2020-09-19T16:51:29Z</time>
   </trkpt>
   <trkpt lat="47.8062530" lon="-122.3774730">
    <ele>23.7</ele>
    <time>2020-09-19T16:51:30Z</time>
   </trkpt>
   <trkpt lat="47.8062830" lon="-122.3774700">
    <ele>23.7</ele>
    <time>2020-09-19T16:51:31Z</time>
   </trkpt>
   <trkpt lat="47.8063170" lon="-122.3774750">
    <ele>23.6</ele>
    <time>2020-09-19T16:51:32Z</time>
   </trkpt>
   <trkpt lat="47.8063490" lon="-122.3774850">
    <ele>23.6</ele>
    <time>2020-09-19T16:51:33Z</time>
   </trkpt>
   <trkpt lat="47.8063820" lon="-122.3774920">
    <ele>23.6</ele>
    <time>2020-09-19T16:51:34Z</time>
   </trkpt>
   <trkpt lat="47.8064210" lon="-122.3774860">
    <ele>23.6</ele>
    <time>2020-09-19T16:51:35Z</time>
   </trkpt>
   <trkpt lat="47.8064540" lon="-122.3774470">
    <ele>23.6</ele>
    <time>2020-09-19T16:51:36Z</time>
   </trkpt>
   <trkpt lat="47.8064960" lon="-122.3774420">
    <ele>23.6</ele>
    <time>2020-09-19T16:51:37Z</time>
   </trkpt>
   <trkpt lat="47.8065310" lon="-122.3774410">
    <ele>23.6</ele>
    <time>2020-09-19T16:51:38Z</time>
   </trkpt>
   <trkpt lat="47.8065580" lon="-122.3774430">
    <ele>23.6</ele>
    <time>2020-09-19T16:51:39Z</time>
   </trkpt>
   <trkpt lat="47.8054260" lon="-122.3776390">
    <ele>24.6</ele>
    <time>2020-09-19T17:03:59Z</time>
   </trkpt>
   <trkpt lat="47.8054110" lon="-122.3776360">
    <ele>24.6</ele>
    <time>2020-09-19T17:04:00Z</time>
   </trkpt>
   <trkpt lat="47.8053970" lon="-122.3776330">
    <ele>24.7</ele>
    <time>2020-09-19T17:04:01Z</time>
   </trkpt>
   <trkpt lat="47.8053630" lon="-122.3776340">
    <ele>24.7</ele>
    <time>2020-09-19T17:04:02Z</time>
   </trkpt>
   <trkpt lat="47.8053300" lon="-122.3776340">
    <ele>24.8</ele>
    <time>2020-09-19T17:04:03Z</time>
   </trkpt>
   <trkpt lat="47.8052880" lon="-122.3776260">
    <ele>24.9</ele>
    <time>2020-09-19T17:04:04Z</time>
   </trkpt>
   <trkpt lat="47.8052370" lon="-122.3776440">
    <ele>25.1</ele>
    <time>2020-09-19T17:04:05Z</time>
   </trkpt>
   <trkpt lat="47.8051880" lon="-122.3776290">
    <ele>25.2</ele>
    <time>2020-09-19T17:04:06Z</time>
   </trkpt>
   <trkpt lat="47.8051620" lon="-122.3776440">
    <ele>25.3</ele>
    <time>2020-09-19T17:04:07Z</time>
   </trkpt>
   <trkpt lat="47.8051250" lon="-122.3776420">
    <ele>25.5</ele>
    <time>2020-09-19T17:04:08Z</time>
   </trkpt>
   <trkpt lat="47.8050920" lon="-122.3776520">
    <ele>25.6</ele>
    <time>2020-09-19T17:04:09Z</time>
   </trkpt>
   <trkpt lat="47.8050470" lon="-122.3776450">
    <ele>25.7</ele>
    <time>2020-09-19T17:04:10Z</time>
   </trkpt>
   <trkpt lat="47.8050530" lon="-122.3776420">
    <ele>25.7</ele>
    <time>2020-09-19T17:04:11Z</time>
   </trkpt>
   <trkpt lat="47.8050150" lon="-122.3776540">
    <ele>25.9</ele>
    <time>2020-09-19T17:04:12Z</time>
   </trkpt>
   <trkpt lat="47.8049920" lon="-122.3776640">
    <ele>26.0</ele>
    <time>2020-09-19T17:04:13Z</time>
   </trkpt>
   <trkpt lat="47.8049770" lon="-122.3776710">
    <ele>26.1</ele>
    <time>2020-09-19T17:04:14Z</time>
   </trkpt>
   <trkpt lat="47.8049170" lon="-122.3776830">
    <ele>26.5</ele>
    <time>2020-09-19T17:04:15Z</time>
   </trkpt>
   <trkpt lat="47.8048630" lon="-122.3777120">
    <ele>26.8</ele>
    <time>2020-09-19T17:04:16Z</time>
   </trkpt>
   <trkpt lat="47.8048230" lon="-122.3777120">
    <ele>27.0</ele>
    <time>2020-09-19T17:04:17Z</time>
   </trkpt>
   <trkpt lat="47.8047950" lon="-122.3777120">
    <ele>27.2</ele>
    <time>2020-09-19T17:04:18Z</time>
   </trkpt>
   <trkpt lat="47.8047650" lon="-122.3777020">
    <ele>27.3</ele>
    <time>2020-09-19T17:04:19Z</time>
   </trkpt>
   <trkpt lat="47.8047240" lon="-122.3777130">
    <ele>27.6</ele>
    <time>2020-09-19T17:04:20Z</time>
   </trkpt>
   <trkpt lat="47.8046830" lon="-122.3776970">
    <ele>27.9</ele>
    <time>2020-09-19T17:04:21Z</time>
   </trkpt>
   <trkpt lat="47.8046430" lon="-122.3776640">
    <ele>28.2</ele>
    <time>2020-09-19T17:04:22Z</time>
   </trkpt>
   <trkpt lat="47.8046060" lon="-122.3776710">
    <ele>28.4</ele>
    <time>2020-09-19T17:04:23Z</time>
   </trkpt>
   <trkpt lat="47.8045650" lon="-122.3776700">
    <ele>28.7</ele>
    <time>2020-09-19T17:04:24Z</time>
   </trkpt>
   <trkpt lat="47.8045240" lon="-122.3776580">
    <ele>29.0</ele>
    <time>2020-09-19T17:04:25Z</time>
   </trkpt>
   <trkpt lat="47.8044700" lon="-122.3776610">
    <ele>29.4</ele>
    <time>2020-09-19T17:04:26Z</time>
   </trkpt>
   <trkpt lat="47.8044410" lon="-122.3776570">
    <ele>29.6</ele>
    <time>2020-09-19T17:04:27Z</time>
   </trkpt>
   <trkpt lat="47.8043940" lon="-122.3776600">
    <ele>29.9</ele>
    <time>2020-09-19T17:04:28Z</time>
   </trkpt>
   <trkpt lat="47.8043630" lon="-122.3776750">
    <ele>30.1</ele>
    <time>2020-09-19T17:04:29Z</time>
   </trkpt>
   <trkpt lat="47.8043500" lon="-122.3776890">
    <ele>30.2</ele>
    <time>2020-09-19T17:04:30Z</time>
   </trkpt>
   <trkpt lat="47.8043050" lon="-122.3776940">
    <ele>30.5</ele>
    <time>2020-09-19T17:04:31Z</time>
   </trkpt>
   <trkpt lat="47.8042580" lon="-122.3776850">
    <ele>30.8</ele>
    <time>2020-09-19T17:04:32Z</time>
   </trkpt>
   <trkpt lat="47.8042140" lon="-122.3776880">
    <ele>31.1</ele>
    <time>2020-09-19T17:04:33Z</time>
   </trkpt>
   <trkpt lat="47.8041790" lon="-122.3776600">
    <ele>31.3</ele>
    <time>2020-09-19T17:04:34Z</time>
   </trkpt>
   <trkpt lat="47.8041210" lon="-122.3776620">
    <ele>31.7</ele>
    <time>2020-09-19T17:04:35Z</time>
   </trkpt>
   <trkpt lat="47.8040800" lon="-122.3776580">
    <ele>32.0</ele>
    <time>2020-09-19T17:04:36Z</time>
   </trkpt>
   <trkpt lat="47.8040480" lon="-122.3776480">
    <ele>32.2</ele>
    <time>2020-09-19T17:04:37Z</time>
   </trkpt>
   <trkpt lat="47.8040160" lon="-122.3776610">
    <ele>32.3</ele>
    <time>2020-09-19T17:04:38Z</time>
   </trkpt>
   <trkpt lat="47.8039830" lon="-122.3776660">
    <ele>32.5</ele>
    <time>2020-09-19T17:04:39Z</time>
   </trkpt>
   <trkpt lat="47.8039410" lon="-122.3776670">
    <ele>32.8</ele>
    <time>2020-09-19T17:04:40Z</time>
   </trkpt>
   <trkpt lat="47.8039020" lon="-122.3776670">
    <ele>33.0</ele>
    <time>2020-09-19T17:04:41Z</time>
   </trkpt>
   <trkpt lat="47.8038710" lon="-122.3776680">
    <ele>33.2</ele>
    <time>2020-09-19T17:04:42Z</time>
   </trkpt>
   <trkpt lat="47.8038370" lon="-122.3776710">
    <ele>33.4</ele>
    <time>2020-09-19T17:04:43Z</time>
   </trkpt>
   <trkpt lat="47.8038030" lon="-122.3776780">
    <ele>33.6</ele>
    <time>2020-09-19T17:04:44Z</time>
   </trkpt>
   <trkpt lat="47.8037690" lon="-122.3776670">
    <ele>33.8</ele>
    <time>2020-09-19T17:04:46Z</time>
   </trkpt>
   <trkpt lat="47.8037400" lon="-122.3776810">
    <ele>34.0</ele>
    <time>2020-09-19T17:04:47Z</time>
   </trkpt>
   <trkpt lat="47.8037000" lon="-122.3776840">
    <ele>34.3</ele>
    <time>2020-09-19T17:04:48Z</time>
   </trkpt>
   <trkpt lat="47.8036700" lon="-122.3776790">
    <ele>34.5</ele>
    <time>2020-09-19T17:04:49Z</time>
   </trkpt>
   <trkpt lat="47.8036370" lon="-122.3776920">
    <ele>34.7</ele>
    <time>2020-09-19T17:04:50Z</time>
   </trkpt>
   <trkpt lat="47.8036080" lon="-122.3776900">
    <ele>34.9</ele>
    <time>2020-09-19T17:04:51Z</time>
   </trkpt>
   <trkpt lat="47.8035800" lon="-122.3776800">
    <ele>35.0</ele>
    <time>2020-09-19T17:04:52Z</time>
   </trkpt>
   <trkpt lat="47.8035310" lon="-122.3776700">
    <ele>35.3</ele>
    <time>2020-09-19T17:04:53Z</time>
   </trkpt>
   <trkpt lat="47.8035010" lon="-122.3776770">
    <ele>35.5</ele>
    <time>2020-09-19T17:04:54Z</time>
   </trkpt>
   <trkpt lat="47.8034690" lon="-122.3776860">
    <ele>35.7</ele>
    <time>2020-09-19T17:04:55Z</time>
   </trkpt>
   <trkpt lat="47.8034320" lon="-122.3776810">
    <ele>35.9</ele>
    <time>2020-09-19T17:04:56Z</time>
   </trkpt>
   <trkpt lat="47.8033990" lon="-122.3776820">
    <ele>36.1</ele>
    <time>2020-09-19T17:04:57Z</time>
   </trkpt>
   <trkpt lat="47.8033680" lon="-122.3777030">
    <ele>36.3</ele>
    <time>2020-09-19T17:04:58Z</time>
   </trkpt>
   <trkpt lat="47.8033290" lon="-122.3777050">
    <ele>36.6</ele>
    <time>2020-09-19T17:04:59Z</time>
   </trkpt>
   <trkpt lat="47.8032880" lon="-122.3777150">
    <ele>36.9</ele>
    <time>2020-09-19T17:05:00Z</time>
   </trkpt>
   <trkpt lat="47.8032560" lon="-122.3776950">
    <ele>37.1</ele>
    <time>2020-09-19T17:05:01Z</time>
   </trkpt>
   <trkpt lat="47.8032260" lon="-122.3776990">
    <ele>37.4</ele>
    <time>2020-09-19T17:05:02Z</time>
   </trkpt>
   <trkpt lat="47.8031940" lon="-122.3776970">
    <ele>37.5</ele>
    <time>2020-09-19T17:05:03Z</time>
   </trkpt>
   <trkpt lat="47.8031640" lon="-122.3776840">
    <ele>37.7</ele>
    <time>2020-09-19T17:05:04Z</time>
   </trkpt>
   <trkpt lat="47.8031290" lon="-122.3776710">
    <ele>37.9</ele>
    <time>2020-09-19T17:05:05Z</time>
   </trkpt>
   <trkpt lat="47.8030960" lon="-122.3776640">
    <ele>38.2</ele>
    <time>2020-09-19T17:05:06Z</time>
   </trkpt>
   <trkpt lat="47.8030870" lon="-122.3776580">
    <ele>38.2</ele>
    <time>2020-09-19T17:05:07Z</time>
   </trkpt>
   <trkpt lat="47.8030780" lon="-122.3776120">
    <ele>38.5</ele>
    <time>2020-09-19T17:05:08Z</time>
   </trkpt>
   <trkpt lat="47.8030880" lon="-122.3775560">
    <ele>38.7</ele>
    <time>2020-09-19T17:05:09Z</time>
   </trkpt>
   <trkpt lat="47.8030980" lon="-122.3775050">
    <ele>38.9</ele>
    <time>2020-09-19T17:05:10Z</time>
   </trkpt>
   <trkpt lat="47.8031190" lon="-122.3774760">
    <ele>39.1</ele>
    <time>2020-09-19T17:05:11Z</time>
   </trkpt>
   <trkpt lat="47.8031370" lon="-122.3774280">
    <ele>39.3</ele>
    <time>2020-09-19T17:05:12Z</time>
   </trkpt>
   <trkpt lat="47.8031430" lon="-122.3774030">
    <ele>39.4</ele>
    <time>2020-09-19T17:05:13Z</time>
   </trkpt>
   <trkpt lat="47.8031390" lon="-122.3773410">
    <ele>39.6</ele>
    <time>2020-09-19T17:05:14Z</time>
   </trkpt>
   <trkpt lat="47.8031350" lon="-122.3773170">
    <ele>39.7</ele>
    <time>2020-09-19T17:05:15Z</time>
   </trkpt>
   <trkpt lat="47.8031260" lon="-122.3772470">
    <ele>39.9</ele>
    <time>2020-09-19T17:05:16Z</time>
   </trkpt>
   <trkpt lat="47.8031210" lon="-122.3771910">
    <ele>40.1</ele>
    <time>2020-09-19T17:05:17Z</time>
   </trkpt>
   <trkpt lat="47.8031160" lon="-122.3771520">
    <ele>40.2</ele>
    <time>2020-09-19T17:05:18Z</time>
   </trkpt>
   <trkpt lat="47.8031230" lon="-122.3771030">
    <ele>40.3</ele>
    <time>2020-09-19T17:05:19Z</time>
   </trkpt>
   <trkpt lat="47.8031240" lon="-122.3770370">
    <ele>40.5</ele>
    <time>2020-09-19T17:05:20Z</time>
   </trkpt>
   <trkpt lat="47.8031280" lon="-122.3769720">
    <ele>40.6</ele>
    <time>2020-09-19T17:05:21Z</time>
   </trkpt>
   <trkpt lat="47.8031320" lon="-122.3769410">
    <ele>40.6</ele>
    <time>2020-09-19T17:05:22Z</time>
   </trkpt>
   <trkpt lat="47.8031340" lon="-122.3768930">
    <ele>40.7</ele>
    <time>2020-09-19T17:05:23Z</time>
   </trkpt>
   <trkpt lat="47.8031420" lon="-122.3768340">
    <ele>40.8</ele>
    <time>2020-09-19T17:05:24Z</time>
   </trkpt>
   <trkpt lat="47.8031330" lon="-122.3767520">
    <ele>41.1</ele>
    <time>2020-09-19T17:05:25Z</time>
   </trkpt>
   <trkpt lat="47.8031280" lon="-122.3767000">
    <ele>41.3</ele>
    <time>2020-09-19T17:05:26Z</time>
   </trkpt>
   <trkpt lat="47.8031300" lon="-122.3766300">
    <ele>41.5</ele>
    <time>2020-09-19T17:05:27Z</time>
   </trkpt>
   <trkpt lat="47.8031280" lon="-122.3765980">
    <ele>41.6</ele>
    <time>2020-09-19T17:05:28Z</time>
   </trkpt>
   <trkpt lat="47.8031250" lon="-122.3765510">
    <ele>41.7</ele>
    <time>2020-09-19T17:05:29Z</time>
   </trkpt>
   <trkpt lat="47.8031230" lon="-122.3765090">
    <ele>41.8</ele>
    <time>2020-09-19T17:05:30Z</time>
   </trkpt>
   <trkpt lat="47.8031080" lon="-122.3764540">
    <ele>41.9</ele>
    <time>2020-09-19T17:05:31Z</time>
   </trkpt>
   <trkpt lat="47.8031000" lon="-122.3764340">
    <ele>41.9</ele>
    <time>2020-09-19T17:05:32Z</time>
   </trkpt>
   <trkpt lat="47.8031070" lon="-122.3763890">
    <ele>42.0</ele>
    <time>2020-09-19T17:05:33Z</time>
   </trkpt>
   <trkpt lat="47.8031100" lon="-122.3763440">
    <ele>42.1</ele>
    <time>2020-09-19T17:05:34Z</time>
   </trkpt>
   <trkpt lat="47.8031060" lon="-122.3763000">
    <ele>42.2</ele>
    <time>2020-09-19T17:05:35Z</time>
   </trkpt>
   <trkpt lat="47.8031110" lon="-122.3762440">
    <ele>42.4</ele>
    <time>2020-09-19T17:05:36Z</time>
   </trkpt>
   <trkpt lat="47.8031110" lon="-122.3762220">
    <ele>42.4</ele>
    <time>2020-09-19T17:05:37Z</time>
   </trkpt>
   <trkpt lat="47.8031120" lon="-122.3761530">
    <ele>42.6</ele>
    <time>2020-09-19T17:05:38Z</time>
   </trkpt>
   <trkpt lat="47.8031170" lon="-122.3760930">
    <ele>42.8</ele>
    <time>2020-09-19T17:05:39Z</time>
   </trkpt>
   <trkpt lat="47.8031170" lon="-122.3760660">
    <ele>42.9</ele>
    <time>2020-09-19T17:05:40Z</time>
   </trkpt>
   <trkpt lat="47.8031120" lon="-122.3760250">
    <ele>43.0</ele>
    <time>2020-09-19T17:05:41Z</time>
   </trkpt>
   <trkpt lat="47.8031150" lon="-122.3759610">
    <ele>43.2</ele>
    <time>2020-09-19T17:05:42Z</time>
   </trkpt>
   <trkpt lat="47.8031210" lon="-122.3759330">
    <ele>43.2</ele>
    <time>2020-09-19T17:05:43Z</time>
   </trkpt>
   <trkpt lat="47.8031330" lon="-122.3758910">
    <ele>43.4</ele>
    <time>2020-09-19T17:05:44Z</time>
   </trkpt>
   <trkpt lat="47.8031310" lon="-122.3758290">
    <ele>43.5</ele>
    <time>2020-09-19T17:05:45Z</time>
   </trkpt>
   <trkpt lat="47.8031450" lon="-122.3757800">
    <ele>43.7</ele>
    <time>2020-09-19T17:05:46Z</time>
   </trkpt>
   <trkpt lat="47.8031410" lon="-122.3757350">
    <ele>43.8</ele>
    <time>2020-09-19T17:05:47Z</time>
   </trkpt>
   <trkpt lat="47.8031490" lon="-122.3756800">
    <ele>43.9</ele>
    <time>2020-09-19T17:05:48Z</time>
   </trkpt>
   <trkpt lat="47.8031600" lon="-122.3756420">
    <ele>44.0</ele>
    <time>2020-09-19T17:05:49Z</time>
   </trkpt>
   <trkpt lat="47.8031520" lon="-122.3755850">
    <ele>44.2</ele>
    <time>2020-09-19T17:05:50Z</time>
   </trkpt>
   <trkpt lat="47.8031450" lon="-122.3755400">
    <ele>44.3</ele>
    <time>2020-09-19T17:05:51Z</time>
   </trkpt>
   <trkpt lat="47.8031450" lon="-122.3754810">
    <ele>44.5</ele>
    <time>2020-09-19T17:05:52Z</time>
   </trkpt>
   <trkpt lat="47.8031520" lon="-122.3754290">
    <ele>44.7</ele>
    <time>2020-09-19T17:05:53Z</time>
   </trkpt>
   <trkpt lat="47.8031520" lon="-122.3754070">
    <ele>44.8</ele>
    <time>2020-09-19T17:05:54Z</time>
   </trkpt>
   <trkpt lat="47.8031590" lon="-122.3753640">
    <ele>45.0</ele>
    <time>2020-09-19T17:05:55Z</time>
   </trkpt>
   <trkpt lat="47.8031460" lon="-122.3753280">
    <ele>45.2</ele>
    <time>2020-09-19T17:05:56Z</time>
   </trkpt>
   <trkpt lat="47.8031480" lon="-122.3752630">
    <ele>45.5</ele>
    <time>2020-09-19T17:05:57Z</time>
   </trkpt>
   <trkpt lat="47.8031550" lon="-122.3752370">
    <ele>45.6</ele>
    <time>2020-09-19T17:05:58Z</time>
   </trkpt>
   <trkpt lat="47.8031500" lon="-122.3751940">
    <ele>45.8</ele>
    <time>2020-09-19T17:05:59Z</time>
   </trkpt>
   <trkpt lat="47.8031490" lon="-122.3751360">
    <ele>46.0</ele>
    <time>2020-09-19T17:06:00Z</time>
   </trkpt>
   <trkpt lat="47.8031490" lon="-122.3750900">
    <ele>46.3</ele>
    <time>2020-09-19T17:06:01Z</time>
   </trkpt>
   <trkpt lat="47.8031390" lon="-122.3750370">
    <ele>46.5</ele>
    <time>2020-09-19T17:06:02Z</time>
   </trkpt>
   <trkpt lat="47.8031370" lon="-122.3750170">
    <ele>46.6</ele>
    <time>2020-09-19T17:06:03Z</time>
   </trkpt>
   <trkpt lat="47.8031360" lon="-122.3749670">
    <ele>46.8</ele>
    <time>2020-09-19T17:06:04Z</time>
   </trkpt>
   <trkpt lat="47.8031370" lon="-122.3749170">
    <ele>47.1</ele>
    <time>2020-09-19T17:06:05Z</time>
   </trkpt>
   <trkpt lat="47.8031300" lon="-122.3748610">
    <ele>47.3</ele>
    <time>2020-09-19T17:06:06Z</time>
   </trkpt>
   <trkpt lat="47.8031260" lon="-122.3748160">
    <ele>47.4</ele>
    <time>2020-09-19T17:06:07Z</time>
   </trkpt>
   <trkpt lat="47.8031290" lon="-122.3747710">
    <ele>47.4</ele>
    <time>2020-09-19T17:06:08Z</time>
   </trkpt>
   <trkpt lat="47.8031310" lon="-122.3747270">
    <ele>47.5</ele>
    <time>2020-09-19T17:06:09Z</time>
   </trkpt>
   <trkpt lat="47.8031330" lon="-122.3746820">
    <ele>47.6</ele>
    <time>2020-09-19T17:06:10Z</time>
   </trkpt>
   <trkpt lat="47.8031250" lon="-122.3746280">
    <ele>47.6</ele>
    <time>2020-09-19T17:06:11Z</time>
   </trkpt>
   <trkpt lat="47.8031340" lon="-122.3745900">
    <ele>47.7</ele>
    <time>2020-09-19T17:06:12Z</time>
   </trkpt>
   <trkpt lat="47.8031390" lon="-122.3745310">
    <ele>47.7</ele>
    <time>2020-09-19T17:06:13Z</time>
   </trkpt>
   <trkpt lat="47.8031450" lon="-122.3744840">
    <ele>47.8</ele>
    <time>2020-09-19T17:06:14Z</time>
   </trkpt>
   <trkpt lat="47.8031440" lon="-122.3744730">
    <ele>47.8</ele>
    <time>2020-09-19T17:06:15Z</time>
   </trkpt>
   <trkpt lat="47.8031380" lon="-122.3744200">
    <ele>47.9</ele>
    <time>2020-09-19T17:06:16Z</time>
   </trkpt>
   <trkpt lat="47.8031390" lon="-122.3743730">
    <ele>47.9</ele>
    <time>2020-09-19T17:06:17Z</time>
   </trkpt>
   <trkpt lat="47.8031380" lon="-122.3743160">
    <ele>48.0</ele>
    <time>2020-09-19T17:06:18Z</time>
   </trkpt>
   <trkpt lat="47.8031250" lon="-122.3742780">
    <ele>48.1</ele>
    <time>2020-09-19T17:06:19Z</time>
   </trkpt>
   <trkpt lat="47.8031210" lon="-122.3742250">
    <ele>48.1</ele>
    <time>2020-09-19T17:06:20Z</time>
   </trkpt>
   <trkpt lat="47.8031120" lon="-122.3741630">
    <ele>48.2</ele>
    <time>2020-09-19T17:06:21Z</time>
   </trkpt>
   <trkpt lat="47.8031160" lon="-122.3741070">
    <ele>48.1</ele>
    <time>2020-09-19T17:06:22Z</time>
   </trkpt>
   <trkpt lat="47.8031170" lon="-122.3740660">
    <ele>48.1</ele>
    <time>2020-09-19T17:06:23Z</time>
   </trkpt>
   <trkpt lat="47.8031190" lon="-122.3740240">
    <ele>48.1</ele>
    <time>2020-09-19T17:06:24Z</time>
   </trkpt>
   <trkpt lat="47.8031200" lon="-122.3739640">
    <ele>48.1</ele>
    <time>2020-09-19T17:06:25Z</time>
   </trkpt>
   <trkpt lat="47.8031210" lon="-122.3738990">
    <ele>48.1</ele>
    <time>2020-09-19T17:06:26Z</time>
   </trkpt>
   <trkpt lat="47.8031180" lon="-122.3738690">
    <ele>48.1</ele>
    <time>2020-09-19T17:06:27Z</time>
   </trkpt>
   <trkpt lat="47.8031310" lon="-122.3738200">
    <ele>48.1</ele>
    <time>2020-09-19T17:06:28Z</time>
   </trkpt>
   <trkpt lat="47.8031340" lon="-122.3737690">
    <ele>48.0</ele>
    <time>2020-09-19T17:06:29Z</time>
   </trkpt>
   <trkpt lat="47.8031500" lon="-122.3737210">
    <ele>48.0</ele>
    <time>2020-09-19T17:06:30Z</time>
   </trkpt>
   <trkpt lat="47.8031510" lon="-122.3736740">
    <ele>48.0</ele>
    <time>2020-09-19T17:06:31Z</time>
   </trkpt>
   <trkpt lat="47.8031620" lon="-122.3736220">
    <ele>48.0</ele>
    <time>2020-09-19T17:06:32Z</time>
   </trkpt>
   <trkpt lat="47.8031750" lon="-122.3735740">
    <ele>48.0</ele>
    <time>2020-09-19T17:06:33Z</time>
   </trkpt>
   <trkpt lat="47.8031780" lon="-122.3735280">
    <ele>48.0</ele>
    <time>2020-09-19T17:06:34Z</time>
   </trkpt>
   <trkpt lat="47.8031810" lon="-122.3734880">
    <ele>48.0</ele>
    <time>2020-09-19T17:06:35Z</time>
   </trkpt>
   <trkpt lat="47.8031910" lon="-122.3734310">
    <ele>48.1</ele>
    <time>2020-09-19T17:06:36Z</time>
   </trkpt>
   <trkpt lat="47.8031940" lon="-122.3734030">
    <ele>48.1</ele>
    <time>2020-09-19T17:06:37Z</time>
   </trkpt>
   <trkpt lat="47.8032000" lon="-122.3733540">
    <ele>48.2</ele>
    <time>2020-09-19T17:06:38Z</time>
   </trkpt>
   <trkpt lat="47.8031920" lon="-122.3733150">
    <ele>48.2</ele>
    <time>2020-09-19T17:06:39Z</time>
   </trkpt>
   <trkpt lat="47.8031910" lon="-122.3732700">
    <ele>48.3</ele>
    <time>2020-09-19T17:06:40Z</time>
   </trkpt>
   <trkpt lat="47.8032040" lon="-122.3732260">
    <ele>48.4</ele>
    <time>2020-09-19T17:06:41Z</time>
   </trkpt>
   <trkpt lat="47.8032160" lon="-122.3731850">
    <ele>48.5</ele>
    <time>2020-09-19T17:06:42Z</time>
   </trkpt>
   <trkpt lat="47.8032160" lon="-122.3731390">
    <ele>48.6</ele>
    <time>2020-09-19T17:06:43Z</time>
   </trkpt>
   <trkpt lat="47.8032020" lon="-122.3730730">
    <ele>48.7</ele>
    <time>2020-09-19T17:06:44Z</time>
   </trkpt>
   <trkpt lat="47.8031960" lon="-122.3730440">
    <ele>48.8</ele>
    <time>2020-09-19T17:06:45Z</time>
   </trkpt>
   <trkpt lat="47.8031980" lon="-122.3730010">
    <ele>48.9</ele>
    <time>2020-09-19T17:06:46Z</time>
   </trkpt>
   <trkpt lat="47.8032080" lon="-122.3729510">
    <ele>49.0</ele>
    <time>2020-09-19T17:06:47Z</time>
   </trkpt>
   <trkpt lat="47.8032150" lon="-122.3728990">
    <ele>49.2</ele>
    <time>2020-09-19T17:06:48Z</time>
   </trkpt>
   <trkpt lat="47.8032070" lon="-122.3728570">
    <ele>49.3</ele>
    <time>2020-09-19T17:06:49Z</time>
   </trkpt>
   <trkpt lat="47.8032180" lon="-122.3728020">
    <ele>49.5</ele>
    <time>2020-09-19T17:06:50Z</time>
   </trkpt>
   <trkpt lat="47.8032160" lon="-122.3727550">
    <ele>49.7</ele>
    <time>2020-09-19T17:06:52Z</time>
   </trkpt>
   <trkpt lat="47.8032320" lon="-122.3727110">
    <ele>49.9</ele>
    <time>2020-09-19T17:06:53Z</time>
   </trkpt>
   <trkpt lat="47.8032270" lon="-122.3726520">
    <ele>50.2</ele>
    <time>2020-09-19T17:06:54Z</time>
   </trkpt>
   <trkpt lat="47.8032210" lon="-122.3725930">
    <ele>50.5</ele>
    <time>2020-09-19T17:06:55Z</time>
   </trkpt>
   <trkpt lat="47.8032140" lon="-122.3725450">
    <ele>50.8</ele>
    <time>2020-09-19T17:06:56Z</time>
   </trkpt>
   <trkpt lat="47.8032080" lon="-122.3724960">
    <ele>51.0</ele>
    <time>2020-09-19T17:06:57Z</time>
   </trkpt>
   <trkpt lat="47.8032070" lon="-122.3724340">
    <ele>51.4</ele>
    <time>2020-09-19T17:06:58Z</time>
   </trkpt>
   <trkpt lat="47.8031990" lon="-122.3723880">
    <ele>51.7</ele>
    <time>2020-09-19T17:06:59Z</time>
   </trkpt>
   <trkpt lat="47.8032020" lon="-122.3723330">
    <ele>52.1</ele>
    <time>2020-09-19T17:07:00Z</time>
   </trkpt>
   <trkpt lat="47.8032050" lon="-122.3722940">
    <ele>52.4</ele>
    <time>2020-09-19T17:07:01Z</time>
   </trkpt>
   <trkpt lat="47.8032040" lon="-122.3722490">
    <ele>52.8</ele>
    <time>2020-09-19T17:07:02Z</time>
   </trkpt>
   <trkpt lat="47.8032120" lon="-122.3721980">
    <ele>53.2</ele>
    <time>2020-09-19T17:07:03Z</time>
   </trkpt>
   <trkpt lat="47.8032110" lon="-122.3721790">
    <ele>53.3</ele>
    <time>2020-09-19T17:07:04Z</time>
   </trkpt>
   <trkpt lat="47.8032200" lon="-122.3721250">
    <ele>53.8</ele>
    <time>2020-09-19T17:07:05Z</time>
   </trkpt>
   <trkpt lat="47.8032120" lon="-122.3720680">
    <ele>54.3</ele>
    <time>2020-09-19T17:07:06Z</time>
   </trkpt>
   <trkpt lat="47.8032280" lon="-122.3720060">
    <ele>54.8</ele>
    <time>2020-09-19T17:07:07Z</time>
   </trkpt>
   <trkpt lat="47.8032430" lon="-122.3719590">
    <ele>55.3</ele>
    <time>2020-09-19T17:07:08Z</time>
   </trkpt>
   <trkpt lat="47.8032640" lon="-122.3719110">
    <ele>55.9</ele>
    <time>2020-09-19T17:07:09Z</time>
   </trkpt>
   <trkpt lat="47.8032850" lon="-122.3718620">
    <ele>56.3</ele>
    <time>2020-09-19T17:07:10Z</time>
   </trkpt>
   <trkpt lat="47.8032910" lon="-122.3718420">
    <ele>56.5</ele>
    <time>2020-09-19T17:07:11Z</time>
   </trkpt>
   <trkpt lat="47.8033130" lon="-122.3717960">
    <ele>57.0</ele>
    <time>2020-09-19T17:07:12Z</time>
   </trkpt>
   <trkpt lat="47.8033140" lon="-122.3717730">
    <ele>57.2</ele>
    <time>2020-09-19T17:07:13Z</time>
   </trkpt>
   <trkpt lat="47.8033120" lon="-122.3717090">
    <ele>57.7</ele>
    <time>2020-09-19T17:07:14Z</time>
   </trkpt>
   <trkpt lat="47.8033050" lon="-122.3716800">
    <ele>58.0</ele>
    <time>2020-09-19T17:07:15Z</time>
   </trkpt>
   <trkpt lat="47.8032980" lon="-122.3716340">
    <ele>58.4</ele>
    <time>2020-09-19T17:07:16Z</time>
   </trkpt>
   <trkpt lat="47.8033110" lon="-122.3715900">
    <ele>58.8</ele>
    <time>2020-09-19T17:07:17Z</time>
   </trkpt>
   <trkpt lat="47.8033170" lon="-122.3715450">
    <ele>59.3</ele>
    <time>2020-09-19T17:07:18Z</time>
   </trkpt>
   <trkpt lat="47.8033220" lon="-122.3715150">
    <ele>59.5</ele>
    <time>2020-09-19T17:07:19Z</time>
   </trkpt>
   <trkpt lat="47.8033320" lon="-122.3714990">
    <ele>59.7</ele>
    <time>2020-09-19T17:07:20Z</time>
   </trkpt>
   <trkpt lat="47.8033290" lon="-122.3714450">
    <ele>60.1</ele>
    <time>2020-09-19T17:07:21Z</time>
   </trkpt>
   <trkpt lat="47.8033090" lon="-122.3713670">
    <ele>60.8</ele>
    <time>2020-09-19T17:07:22Z</time>
   </trkpt>
   <trkpt lat="47.8033060" lon="-122.3712600">
    <ele>61.6</ele>
    <time>2020-09-19T17:07:23Z</time>
   </trkpt>
   <trkpt lat="47.8033170" lon="-122.3712200">
    <ele>61.9</ele>
    <time>2020-09-19T17:07:24Z</time>
   </trkpt>
   <trkpt lat="47.8033200" lon="-122.3711990">
    <ele>62.1</ele>
    <time>2020-09-19T17:07:25Z</time>
   </trkpt>
   <trkpt lat="47.8033110" lon="-122.3711310">
    <ele>62.6</ele>
    <time>2020-09-19T17:07:26Z</time>
   </trkpt>
   <trkpt lat="47.8033110" lon="-122.3710920">
    <ele>62.9</ele>
    <time>2020-09-19T17:07:27Z</time>
   </trkpt>
   <trkpt lat="47.8033130" lon="-122.3710500">
    <ele>63.2</ele>
    <time>2020-09-19T17:07:28Z</time>
   </trkpt>
   <trkpt lat="47.8033140" lon="-122.3710060">
    <ele>63.5</ele>
    <time>2020-09-19T17:07:29Z</time>
   </trkpt>
   <trkpt lat="47.8033110" lon="-122.3709940">
    <ele>63.6</ele>
    <time>2020-09-19T17:07:30Z</time>
   </trkpt>
   <trkpt lat="47.8033200" lon="-122.3709470">
    <ele>63.9</ele>
    <time>2020-09-19T17:07:31Z</time>
   </trkpt>
   <trkpt lat="47.8033220" lon="-122.3709320">
    <ele>64.0</ele>
    <time>2020-09-19T17:07:32Z</time>
   </trkpt>
   <trkpt lat="47.8033330" lon="-122.3708810">
    <ele>64.4</ele>
    <time>2020-09-19T17:07:33Z</time>
   </trkpt>
   <trkpt lat="47.8033420" lon="-122.3708300">
    <ele>64.9</ele>
    <time>2020-09-19T17:07:34Z</time>
   </trkpt>
   <trkpt lat="47.8033320" lon="-122.3707820">
    <ele>65.3</ele>
    <time>2020-09-19T17:07:35Z</time>
   </trkpt>
   <trkpt lat="47.8033280" lon="-122.3707400">
    <ele>65.7</ele>
    <time>2020-09-19T17:07:36Z</time>
   </trkpt>
   <trkpt lat="47.8033200" lon="-122.3706970">
    <ele>66.1</ele>
    <time>2020-09-19T17:07:37Z</time>
   </trkpt>
   <trkpt lat="47.8033180" lon="-122.3706400">
    <ele>66.6</ele>
    <time>2020-09-19T17:07:38Z</time>
   </trkpt>
   <trkpt lat="47.8033160" lon="-122.3706190">
    <ele>66.8</ele>
    <time>2020-09-19T17:07:39Z</time>
   </trkpt>
   <trkpt lat="47.8033130" lon="-122.3705670">
    <ele>67.2</ele>
    <time>2020-09-19T17:07:40Z</time>
   </trkpt>
   <trkpt lat="47.8033100" lon="-122.3705490">
    <ele>67.4</ele>
    <time>2020-09-19T17:07:41Z</time>
   </trkpt>
   <trkpt lat="47.8033130" lon="-122.3704990">
    <ele>67.8</ele>
    <time>2020-09-19T17:07:42Z</time>
   </trkpt>
   <trkpt lat="47.8033190" lon="-122.3704670">
    <ele>68.1</ele>
    <time>2020-09-19T17:08:06Z</time>
   </trkpt>
   <trkpt lat="47.8033260" lon="-122.3704350">
    <ele>68.3</ele>
    <time>2020-09-19T17:08:07Z</time>
   </trkpt>
   <trkpt lat="47.8033320" lon="-122.3704030">
    <ele>68.6</ele>
    <time>2020-09-19T17:08:08Z</time>
   </trkpt>
   <trkpt lat="47.8033210" lon="-122.3703460">
    <ele>69.0</ele>
    <time>2020-09-19T17:08:09Z</time>
   </trkpt>
   <trkpt lat="47.8033170" lon="-122.3703270">
    <ele>69.2</ele>
    <time>2020-09-19T17:08:10Z</time>
   </trkpt>
   <trkpt lat="47.8033260" lon="-122.3702670">
    <ele>69.6</ele>
    <time>2020-09-19T17:08:11Z</time>
   </trkpt>
   <trkpt lat="47.8033340" lon="-122.3702170">
    <ele>70.0</ele>
    <time>2020-09-19T17:08:12Z</time>
   </trkpt>
   <trkpt lat="47.8033360" lon="-122.3702020">
    <ele>70.1</ele>
    <time>2020-09-19T17:08:13Z</time>
   </trkpt>
   <trkpt lat="47.8033330" lon="-122.3701280">
    <ele>70.7</ele>
    <time>2020-09-19T17:08:14Z</time>
   </trkpt>
   <trkpt lat="47.8033330" lon="-122.3700680">
    <ele>71.2</ele>
    <time>2020-09-19T17:08:15Z</time>
   </trkpt>
   <trkpt lat="47.8033320" lon="-122.3700480">
    <ele>71.4</ele>
    <time>2020-09-19T17:08:16Z</time>
   </trkpt>
   <trkpt lat="47.8033370" lon="-122.3699850">
    <ele>71.8</ele>
    <time>2020-09-19T17:08:17Z</time>
   </trkpt>
   <trkpt lat="47.8033390" lon="-122.3699340">
    <ele>72.2</ele>
    <time>2020-09-19T17:08:18Z</time>
   </trkpt>
   <trkpt lat="47.8033400" lon="-122.3699120">
    <ele>72.3</ele>
    <time>2020-09-19T17:08:19Z</time>
   </trkpt>
   <trkpt lat="47.8033260" lon="-122.3698520">
    <ele>72.8</ele>
    <time>2020-09-19T17:08:20Z</time>
   </trkpt>
   <trkpt lat="47.8033150" lon="-122.3698280">
    <ele>72.9</ele>
    <time>2020-09-19T17:08:21Z</time>
   </trkpt>
   <trkpt lat="47.8033150" lon="-122.3697770">
    <ele>73.3</ele>
    <time>2020-09-19T17:08:22Z</time>
   </trkpt>
   <trkpt lat="47.8033140" lon="-122.3697090">
    <ele>73.7</ele>
    <time>2020-09-19T17:08:23Z</time>
   </trkpt>
   <trkpt lat="47.8033120" lon="-122.3696780">
    <ele>73.9</ele>
    <time>2020-09-19T17:08:24Z</time>
   </trkpt>
   <trkpt lat="47.8033090" lon="-122.3696250">
    <ele>74.2</ele>
    <time>2020-09-19T17:08:25Z</time>
   </trkpt>
   <trkpt lat="47.8033020" lon="-122.3696050">
    <ele>74.4</ele>
    <time>2020-09-19T17:08:26Z</time>
   </trkpt>
   <trkpt lat="47.8033240" lon="-122.3695650">
    <ele>74.7</ele>
    <time>2020-09-19T17:08:27Z</time>
   </trkpt>
   <trkpt lat="47.8033250" lon="-122.3695100">
    <ele>74.9</ele>
    <time>2020-09-19T17:08:28Z</time>
   </trkpt>
   <trkpt lat="47.8033210" lon="-122.3694910">
    <ele>74.9</ele>
    <time>2020-09-19T17:08:29Z</time>
   </trkpt>
   <trkpt lat="47.8033200" lon="-122.3694390">
    <ele>75.0</ele>
    <time>2020-09-19T17:08:30Z</time>
   </trkpt>
   <trkpt lat="47.8033160" lon="-122.3694190">
    <ele>75.0</ele>
    <time>2020-09-19T17:08:31Z</time>
   </trkpt>
   <trkpt lat="47.8033260" lon="-122.3693770">
    <ele>75.1</ele>
    <time>2020-09-19T17:08:32Z</time>
   </trkpt>
   <trkpt lat="47.8033310" lon="-122.3693280">
    <ele>75.3</ele>
    <time>2020-09-19T17:08:33Z</time>
   </trkpt>
   <trkpt lat="47.8033310" lon="-122.3693070">
    <ele>75.3</ele>
    <time>2020-09-19T17:08:34Z</time>
   </trkpt>
   <trkpt lat="47.8033290" lon="-122.3692480">
    <ele>75.5</ele>
    <time>2020-09-19T17:08:35Z</time>
   </trkpt>
   <trkpt lat="47.8033270" lon="-122.3692270">
    <ele>75.5</ele>
    <time>2020-09-19T17:08:36Z</time>
   </trkpt>
   <trkpt lat="47.8033260" lon="-122.3691720">
    <ele>75.7</ele>
    <time>2020-09-19T17:08:37Z</time>
   </trkpt>
   <trkpt lat="47.8033160" lon="-122.3691340">
    <ele>75.8</ele>
    <time>2020-09-19T17:08:38Z</time>
   </trkpt>
   <trkpt lat="47.8033290" lon="-122.3690810">
    <ele>76.0</ele>
    <time>2020-09-19T17:08:39Z</time>
   </trkpt>
   <trkpt lat="47.8033310" lon="-122.3690630">
    <ele>76.0</ele>
    <time>2020-09-19T17:08:40Z</time>
   </trkpt>
   <trkpt lat="47.8033240" lon="-122.3690030">
    <ele>76.2</ele>
    <time>2020-09-19T17:08:41Z</time>
   </trkpt>
   <trkpt lat="47.8033220" lon="-122.3689770">
    <ele>76.3</ele>
    <time>2020-09-19T17:08:42Z</time>
   </trkpt>
   <trkpt lat="47.8033270" lon="-122.3689220">
    <ele>76.4</ele>
    <time>2020-09-19T17:08:43Z</time>
   </trkpt>
   <trkpt lat="47.8033240" lon="-122.3689050">
    <ele>76.5</ele>
    <time>2020-09-19T17:08:44Z</time>
   </trkpt>
   <trkpt lat="47.8033310" lon="-122.3688660">
    <ele>76.8</ele>
    <time>2020-09-19T17:08:45Z</time>
   </trkpt>
   <trkpt lat="47.8033450" lon="-122.3688100">
    <ele>77.1</ele>
    <time>2020-09-19T17:08:46Z</time>
   </trkpt>
   <trkpt lat="47.8033430" lon="-122.3687850">
    <ele>77.3</ele>
    <time>2020-09-19T17:08:47Z</time>
   </trkpt>
   <trkpt lat="47.8033290" lon="-122.3687510">
    <ele>77.6</ele>
    <time>2020-09-19T17:08:48Z</time>
   </trkpt>
   <trkpt lat="47.8033200" lon="-122.3686930">
    <ele>77.9</ele>
    <time>2020-09-19T17:08:49Z</time>
   </trkpt>
   <trkpt lat="47.8033230" lon="-122.3686630">
    <ele>78.1</ele>
    <time>2020-09-19T17:08:50Z</time>
   </trkpt>
   <trkpt lat="47.8033130" lon="-122.3686130">
    <ele>78.4</ele>
    <time>2020-09-19T17:08:51Z</time>
   </trkpt>
   <trkpt lat="47.8033120" lon="-122.3685960">
    <ele>78.5</ele>
    <time>2020-09-19T17:08:52Z</time>
   </trkpt>
   <trkpt lat="47.8033170" lon="-122.3685490">
    <ele>78.8</ele>
    <time>2020-09-19T17:08:53Z</time>
   </trkpt>
   <trkpt lat="47.8033180" lon="-122.3685330">
    <ele>78.9</ele>
    <time>2020-09-19T17:08:54Z</time>
   </trkpt>
   <trkpt lat="47.8033010" lon="-122.3685000">
    <ele>79.2</ele>
    <time>2020-09-19T17:08:55Z</time>
   </trkpt>
   <trkpt lat="47.8032810" lon="-122.3684750">
    <ele>79.4</ele>
    <time>2020-09-19T17:08:56Z</time>
   </trkpt>
   <trkpt lat="47.8032640" lon="-122.3684400">
    <ele>79.7</ele>
    <time>2020-09-19T17:08:58Z</time>
   </trkpt>
   <trkpt lat="47.8032370" lon="-122.3683780">
    <ele>80.2</ele>
    <time>2020-09-19T17:08:59Z</time>
   </trkpt>
   <trkpt lat="47.8032230" lon="-122.3683430">
    <ele>80.5</ele>
    <time>2020-09-19T17:09:00Z</time>
   </trkpt>
   <trkpt lat="47.8032200" lon="-122.3682860">
    <ele>81.0</ele>
    <time>2020-09-19T17:09:02Z</time>
   </trkpt>
   <trkpt lat="47.8032220" lon="-122.3682560">
    <ele>81.3</ele>
    <time>2020-09-19T17:09:03Z</time>
   </trkpt>
   <trkpt lat="47.8032200" lon="-122.3682090">
    <ele>81.9</ele>
    <time>2020-09-19T17:09:04Z</time>
   </trkpt>
   <trkpt lat="47.8032190" lon="-122.3681840">
    <ele>82.2</ele>
    <time>2020-09-19T17:09:05Z</time>
   </trkpt>
   <trkpt lat="47.8032250" lon="-122.3681440">
    <ele>82.7</ele>
    <time>2020-09-19T17:09:06Z</time>
   </trkpt>
   <trkpt lat="47.8032120" lon="-122.3681060">
    <ele>83.3</ele>
    <time>2020-09-19T17:09:07Z</time>
   </trkpt>
   <trkpt lat="47.8032020" lon="-122.3680540">
    <ele>84.0</ele>
    <time>2020-09-19T17:09:08Z</time>
   </trkpt>
   <trkpt lat="47.8032020" lon="-122.3680360">
    <ele>84.3</ele>
    <time>2020-09-19T17:09:09Z</time>
   </trkpt>
   <trkpt lat="47.8032180" lon="-122.3679810">
    <ele>85.1</ele>
    <time>2020-09-19T17:09:10Z</time>
   </trkpt>
   <trkpt lat="47.8032130" lon="-122.3679240">
    <ele>85.9</ele>
    <time>2020-09-19T17:09:11Z</time>
   </trkpt>
   <trkpt lat="47.8032110" lon="-122.3678940">
    <ele>86.4</ele>
    <time>2020-09-19T17:09:12Z</time>
   </trkpt>
   <trkpt lat="47.8032090" lon="-122.3678790">
    <ele>86.6</ele>
    <time>2020-09-19T17:09:13Z</time>
   </trkpt>
   <trkpt lat="47.8032150" lon="-122.3678430">
    <ele>87.1</ele>
    <time>2020-09-19T17:09:14Z</time>
   </trkpt>
   <trkpt lat="47.8032160" lon="-122.3677910">
    <ele>87.9</ele>
    <time>2020-09-19T17:09:15Z</time>
   </trkpt>
   <trkpt lat="47.8032180" lon="-122.3677770">
    <ele>88.1</ele>
    <time>2020-09-19T17:09:16Z</time>
   </trkpt>
   <trkpt lat="47.8032140" lon="-122.3677290">
    <ele>88.7</ele>
    <time>2020-09-19T17:09:17Z</time>
   </trkpt>
   <trkpt lat="47.8032090" lon="-122.3677200">
    <ele>88.9</ele>
    <time>2020-09-19T17:09:18Z</time>
   </trkpt>
   <trkpt lat="47.8032030" lon="-122.3676800">
    <ele>89.4</ele>
    <time>2020-09-19T17:09:19Z</time>
   </trkpt>
   <trkpt lat="47.8032050" lon="-122.3676390">
    <ele>90.0</ele>
    <time>2020-09-19T17:09:20Z</time>
   </trkpt>
   <trkpt lat="47.8032050" lon="-122.3676220">
    <ele>90.2</ele>
    <time>2020-09-19T17:09:21Z</time>
   </trkpt>
   <trkpt lat="47.8032040" lon="-122.3675690">
    <ele>90.9</ele>
    <time>2020-09-19T17:09:22Z</time>
   </trkpt>
   <trkpt lat="47.8032020" lon="-122.3675560">
    <ele>91.0</ele>
    <time>2020-09-19T17:09:23Z</time>
   </trkpt>
   <trkpt lat="47.8032060" lon="-122.3675160">
    <ele>91.5</ele>
    <time>2020-09-19T17:09:24Z</time>
   </trkpt>
   <trkpt lat="47.8032070" lon="-122.3675010">
    <ele>91.7</ele>
    <time>2020-09-19T17:09:25Z</time>
   </trkpt>
   <trkpt lat="47.8032100" lon="-122.3674350">
    <ele>92.4</ele>
    <time>2020-09-19T17:09:26Z</time>
   </trkpt>
   <trkpt lat="47.8032120" lon="-122.3674040">
    <ele>92.8</ele>
    <time>2020-09-19T17:09:27Z</time>
   </trkpt>
   <trkpt lat="47.8032090" lon="-122.3673780">
    <ele>93.0</ele>
    <time>2020-09-19T17:09:28Z</time>
   </trkpt>
   <trkpt lat="47.8031850" lon="-122.3673440">
    <ele>93.5</ele>
    <time>2020-09-19T17:09:29Z</time>
   </trkpt>
   <trkpt lat="47.8032000" lon="-122.3673100">
    <ele>93.9</ele>
    <time>2020-09-19T17:09:30Z</time>
   </trkpt>
   <trkpt lat="47.8032070" lon="-122.3672670">
    <ele>94.3</ele>
    <time>2020-09-19T17:09:31Z</time>
   </trkpt>
   <trkpt lat="47.8032080" lon="-122.3672540">
    <ele>94.4</ele>
    <time>2020-09-19T17:09:32Z</time>
   </trkpt>
   <trkpt lat="47.8032050" lon="-122.3672070">
    <ele>94.8</ele>
    <time>2020-09-19T17:09:33Z</time>
   </trkpt>
   <trkpt lat="47.8031990" lon="-122.3671900">
    <ele>94.9</ele>
    <time>2020-09-19T17:09:34Z</time>
   </trkpt>
   <trkpt lat="47.8031880" lon="-122.3671350">
    <ele>95.3</ele>
    <time>2020-09-19T17:09:35Z</time>
   </trkpt>
   <trkpt lat="47.8031830" lon="-122.3671180">
    <ele>95.4</ele>
    <time>2020-09-19T17:09:36Z</time>
   </trkpt>
   <trkpt lat="47.8031680" lon="-122.3670730">
    <ele>95.7</ele>
    <time>2020-09-19T17:09:37Z</time>
   </trkpt>
   <trkpt lat="47.8031500" lon="-122.3670330">
    <ele>96.6</ele>
    <time>2020-09-19T17:09:38Z</time>
   </trkpt>
   <trkpt lat="47.8031420" lon="-122.3670180">
    <ele>96.6</ele>
    <time>2020-09-19T17:09:39Z</time>
   </trkpt>
   <trkpt lat="47.8031210" lon="-122.3669890">
    <ele>96.7</ele>
    <time>2020-09-19T17:09:40Z</time>
   </trkpt>
   <trkpt lat="47.8031130" lon="-122.3669840">
    <ele>96.7</ele>
    <time>2020-09-19T17:09:41Z</time>
   </trkpt>
   <trkpt lat="47.8030730" lon="-122.3669780">
    <ele>96.8</ele>
    <time>2020-09-19T17:09:42Z</time>
   </trkpt>
   <trkpt lat="47.8030590" lon="-122.3669760">
    <ele>96.8</ele>
    <time>2020-09-19T17:09:43Z</time>
   </trkpt>
   <trkpt lat="47.8030170" lon="-122.3669880">
    <ele>96.9</ele>
    <time>2020-09-19T17:09:44Z</time>
   </trkpt>
   <trkpt lat="47.8029930" lon="-122.3669920">
    <ele>96.9</ele>
    <time>2020-09-19T17:10:29Z</time>
   </trkpt>
   <trkpt lat="47.8029690" lon="-122.3669970">
    <ele>97.0</ele>
    <time>2020-09-19T17:10:30Z</time>
   </trkpt>
   <trkpt lat="47.8029450" lon="-122.3670010">
    <ele>97.0</ele>
    <time>2020-09-19T17:10:31Z</time>
   </trkpt>
   <trkpt lat="47.8029010" lon="-122.3669980">
    <ele>97.1</ele>
    <time>2020-09-19T17:10:32Z</time>
   </trkpt>
   <trkpt lat="47.8028740" lon="-122.3669980">
    <ele>97.2</ele>
    <time>2020-09-19T17:10:33Z</time>
   </trkpt>
   <trkpt lat="47.8028320" lon="-122.3669940">
    <ele>97.3</ele>
    <time>2020-09-19T17:10:34Z</time>
   </trkpt>
   <trkpt lat="47.8028140" lon="-122.3669910">
    <ele>97.3</ele>
    <time>2020-09-19T17:10:35Z</time>
   </trkpt>
   <trkpt lat="47.8027800" lon="-122.3669920">
    <ele>97.4</ele>
    <time>2020-09-19T17:10:36Z</time>
   </trkpt>
   <trkpt lat="47.8027450" lon="-122.3669960">
    <ele>97.5</ele>
    <time>2020-09-19T17:10:37Z</time>
   </trkpt>
   <trkpt lat="47.8027110" lon="-122.3669930">
    <ele>97.6</ele>
    <time>2020-09-19T17:10:38Z</time>
   </trkpt>
   <trkpt lat="47.8026710" lon="-122.3670010">
    <ele>97.6</ele>
    <time>2020-09-19T17:10:39Z</time>
   </trkpt>
   <trkpt lat="47.8026330" lon="-122.3670090">
    <ele>97.7</ele>
    <time>2020-09-19T17:10:40Z</time>
   </trkpt>
   <trkpt lat="47.8026000" lon="-122.3670080">
    <ele>97.8</ele>
    <time>2020-09-19T17:10:41Z</time>
   </trkpt>
   <trkpt lat="47.8025640" lon="-122.3670010">
    <ele>97.8</ele>
    <time>2020-09-19T17:10:42Z</time>
   </trkpt>
   <trkpt lat="47.8025330" lon="-122.3670080">
    <ele>97.9</ele>
    <time>2020-09-19T17:10:43Z</time>
   </trkpt>
   <trkpt lat="47.8025040" lon="-122.3670020">
    <ele>97.9</ele>
    <time>2020-09-19T17:10:44Z</time>
   </trkpt>
   <trkpt lat="47.8024730" lon="-122.3669990">
    <ele>98.0</ele>
    <time>2020-09-19T17:10:45Z</time>
   </trkpt>
   <trkpt lat="47.8024420" lon="-122.3670080">
    <ele>98.1</ele>
    <time>2020-09-19T17:10:46Z</time>
   </trkpt>
   <trkpt lat="47.8024080" lon="-122.3670140">
    <ele>98.1</ele>
    <time>2020-09-19T17:10:47Z</time>
   </trkpt>
   <trkpt lat="47.8023780" lon="-122.3669990">
    <ele>98.2</ele>
    <time>2020-09-19T17:10:48Z</time>
   </trkpt>
   <trkpt lat="47.8023460" lon="-122.3669960">
    <ele>98.2</ele>
    <time>2020-09-19T17:10:49Z</time>
   </trkpt>
   <trkpt lat="47.8023100" lon="-122.3669880">
    <ele>98.3</ele>
    <time>2020-09-19T17:10:50Z</time>
   </trkpt>
   <trkpt lat="47.8022800" lon="-122.3669920">
    <ele>98.3</ele>
    <time>2020-09-19T17:10:51Z</time>
   </trkpt>
   <trkpt lat="47.8022470" lon="-122.3669910">
    <ele>98.4</ele>
    <time>2020-09-19T17:10:52Z</time>
   </trkpt>
   <trkpt lat="47.8022140" lon="-122.3669990">
    <ele>98.4</ele>
    <time>2020-09-19T17:10:53Z</time>
   </trkpt>
   <trkpt lat="47.8021780" lon="-122.3669990">
    <ele>98.4</ele>
    <time>2020-09-19T17:10:54Z</time>
   </trkpt>
   <trkpt lat="47.8021350" lon="-122.3669920">
    <ele>98.5</ele>
    <time>2020-09-19T17:10:55Z</time>
   </trkpt>
   <trkpt lat="47.8021010" lon="-122.3669950">
    <ele>98.5</ele>
    <time>2020-09-19T17:10:56Z</time>
   </trkpt>
   <trkpt lat="47.8020680" lon="-122.3669900">
    <ele>98.5</ele>
    <time>2020-09-19T17:10:57Z</time>
   </trkpt>
   <trkpt lat="47.8020380" lon="-122.3669960">
    <ele>98.6</ele>
    <time>2020-09-19T17:10:58Z</time>
   </trkpt>
   <trkpt lat="47.8020110" lon="-122.3670020">
    <ele>98.6</ele>
    <time>2020-09-19T17:10:59Z</time>
   </trkpt>
   <trkpt lat="47.8019800" lon="-122.3670010">
    <ele>98.6</ele>
    <time>2020-09-19T17:11:00Z</time>
   </trkpt>
   <trkpt lat="47.8019510" lon="-122.3669930">
    <ele>98.6</ele>
    <time>2020-09-19T17:11:01Z</time>
   </trkpt>
   <trkpt lat="47.8019220" lon="-122.3669930">
    <ele>98.7</ele>
    <time>2020-09-19T17:11:02Z</time>
   </trkpt>
   <trkpt lat="47.8018910" lon="-122.3669950">
    <ele>98.7</ele>
    <time>2020-09-19T17:11:03Z</time>
   </trkpt>
   <trkpt lat="47.8018490" lon="-122.3670000">
    <ele>98.7</ele>
    <time>2020-09-19T17:11:04Z</time>
   </trkpt>
   <trkpt lat="47.8018310" lon="-122.3670010">
    <ele>98.7</ele>
    <time>2020-09-19T17:11:05Z</time>
   </trkpt>
   <trkpt lat="47.8017690" lon="-122.3669940">
    <ele>98.7</ele>
    <time>2020-09-19T17:11:06Z</time>
   </trkpt>
   <trkpt lat="47.8017320" lon="-122.3669960">
    <ele>98.8</ele>
    <time>2020-09-19T17:11:07Z</time>
   </trkpt>
   <trkpt lat="47.8017050" lon="-122.3669940">
    <ele>98.8</ele>
    <time>2020-09-19T17:11:08Z</time>
   </trkpt>
   <trkpt lat="47.8016640" lon="-122.3669980">
    <ele>98.8</ele>
    <time>2020-09-19T17:11:09Z</time>
   </trkpt>
   <trkpt lat="47.8016490" lon="-122.3669970">
    <ele>98.8</ele>
    <time>2020-09-19T17:11:10Z</time>
   </trkpt>
   <trkpt lat="47.8016210" lon="-122.3669910">
    <ele>98.9</ele>
    <time>2020-09-19T17:11:11Z</time>
   </trkpt>
   <trkpt lat="47.8015870" lon="-122.3669870">
    <ele>98.9</ele>
    <time>2020-09-19T17:11:12Z</time>
   </trkpt>
   <trkpt lat="47.8015590" lon="-122.3669930">
    <ele>98.9</ele>
    <time>2020-09-19T17:11:13Z</time>
   </trkpt>
   <trkpt lat="47.8015400" lon="-122.3669880">
    <ele>99.0</ele>
    <time>2020-09-19T17:11:14Z</time>
   </trkpt>
   <trkpt lat="47.8015300" lon="-122.3669850">
    <ele>99.0</ele>
    <time>2020-09-19T17:11:15Z</time>
   </trkpt>
   <trkpt lat="47.8014920" lon="-122.3669800">
    <ele>99.0</ele>
    <time>2020-09-19T17:11:16Z</time>
   </trkpt>
   <trkpt lat="47.8014440" lon="-122.3669810">
    <ele>99.1</ele>
    <time>2020-09-19T17:11:58Z</time>
   </trkpt>
   <trkpt lat="47.8013960" lon="-122.3669810">
    <ele>99.1</ele>
    <time>2020-09-19T17:11:59Z</time>
   </trkpt>
   <trkpt lat="47.8013420" lon="-122.3669980">
    <ele>99.3</ele>
    <time>2020-09-19T17:12:00Z</time>
   </trkpt>
   <trkpt lat="47.8013130" lon="-122.3670010">
    <ele>99.3</ele>
    <time>2020-09-19T17:12:01Z</time>
   </trkpt>
   <trkpt lat="47.8012830" lon="-122.3669970">
    <ele>99.4</ele>
    <time>2020-09-19T17:12:02Z</time>
   </trkpt>
   <trkpt lat="47.8012560" lon="-122.3669970">
    <ele>99.4</ele>
    <time>2020-09-19T17:12:03Z</time>
   </trkpt>
   <trkpt lat="47.8012200" lon="-122.3669880">
    <ele>99.5</ele>
    <time>2020-09-19T17:12:04Z</time>
   </trkpt>
   <trkpt lat="47.8011810" lon="-122.3669860">
    <ele>99.5</ele>
    <time>2020-09-19T17:12:05Z</time>
   </trkpt>
   <trkpt lat="47.8011460" lon="-122.3669850">
    <ele>99.5</ele>
    <time>2020-09-19T17:12:06Z</time>
   </trkpt>
   <trkpt lat="47.8010650" lon="-122.3669930">
    <ele>99.5</ele>
    <time>2020-09-19T17:12:07Z</time>
   </trkpt>
   <trkpt lat="47.8010280" lon="-122.3669960">
    <ele>99.5</ele>
    <time>2020-09-19T17:12:08Z</time>
   </trkpt>
   <trkpt lat="47.8009930" lon="-122.3669980">
    <ele>99.5</ele>
    <time>2020-09-19T17:12:09Z</time>
   </trkpt>
   <trkpt lat="47.8009590" lon="-122.3669990">
    <ele>99.4</ele>
    <time>2020-09-19T17:12:10Z</time>
   </trkpt>
   <trkpt lat="47.8009240" lon="-122.3670050">
    <ele>99.4</ele>
    <time>2020-09-19T17:12:11Z</time>
   </trkpt>
   <trkpt lat="47.8008880" lon="-122.3670040">
    <ele>99.3</ele>
    <time>2020-09-19T17:12:12Z</time>
   </trkpt>
   <trkpt lat="47.8008500" lon="-122.3669940">
    <ele>99.3</ele>
    <time>2020-09-19T17:12:13Z</time>
   </trkpt>
   <trkpt lat="47.8008140" lon="-122.3669970">
    <ele>99.2</ele>
    <time>2020-09-19T17:12:14Z</time>
   </trkpt>
   <trkpt lat="47.8007770" lon="-122.3669910">
    <ele>99.1</ele>
    <time>2020-09-19T17:12:15Z</time>
   </trkpt>
   <trkpt lat="47.8007460" lon="-122.3669840">
    <ele>99.1</ele>
    <time>2020-09-19T17:12:16Z</time>
   </trkpt>
   <trkpt lat="47.8007090" lon="-122.3669790">
    <ele>99.0</ele>
    <time>2020-09-19T17:12:17Z</time>
   </trkpt>
   <trkpt lat="47.8006760" lon="-122.3669730">
    <ele>98.9</ele>
    <time>2020-09-19T17:12:18Z</time>
   </trkpt>
   <trkpt lat="47.8006380" lon="-122.3669780">
    <ele>98.8</ele>
    <time>2020-09-19T17:12:19Z</time>
   </trkpt>
   <trkpt lat="47.8006090" lon="-122.3669740">
    <ele>98.7</ele>
    <time>2020-09-19T17:12:20Z</time>
   </trkpt>
   <trkpt lat="47.8005800" lon="-122.3669710">
    <ele>98.7</ele>
    <time>2020-09-19T17:12:21Z</time>
   </trkpt>
   <trkpt lat="47.8005500" lon="-122.3669760">
    <ele>98.6</ele>
    <time>2020-09-19T17:12:22Z</time>
   </trkpt>
   <trkpt lat="47.8005170" lon="-122.3669780">
    <ele>98.6</ele>
    <time>2020-09-19T17:12:23Z</time>
   </trkpt>
   <trkpt lat="47.8004830" lon="-122.3669730">
    <ele>98.5</ele>
    <time>2020-09-19T17:12:24Z</time>
   </trkpt>
   <trkpt lat="47.8004520" lon="-122.3669760">
    <ele>98.5</ele>
    <time>2020-09-19T17:12:25Z</time>
   </trkpt>
   <trkpt lat="47.8004220" lon="-122.3669510">
    <ele>98.5</ele>
    <time>2020-09-19T17:12:26Z</time>
   </trkpt>
   <trkpt lat="47.8003860" lon="-122.3669420">
    <ele>98.5</ele>
    <time>2020-09-19T17:12:27Z</time>
   </trkpt>
   <trkpt lat="47.8003520" lon="-122.3669480">
    <ele>98.4</ele>
    <time>2020-09-19T17:12:28Z</time>
   </trkpt>
   <trkpt lat="47.8003160" lon="-122.3669770">
    <ele>98.4</ele>
    <time>2020-09-19T17:12:29Z</time>
   </trkpt>
   <trkpt lat="47.8002800" lon="-122.3669720">
    <ele>98.4</ele>
    <time>2020-09-19T17:12:30Z</time>
   </trkpt>
   <trkpt lat="47.8002500" lon="-122.3669720">
    <ele>98.4</ele>
    <time>2020-09-19T17:12:31Z</time>
   </trkpt>
   <trkpt lat="47.8002160" lon="-122.3669760">
    <ele>98.4</ele>
    <time>2020-09-19T17:12:32Z</time>
   </trkpt>
   <trkpt lat="47.8001830" lon="-122.3669690">
    <ele>98.5</ele>
    <time>2020-09-19T17:12:33Z</time>
   </trkpt>
   <trkpt lat="47.8001490" lon="-122.3669730">
    <ele>98.5</ele>
    <time>2020-09-19T17:12:34Z</time>
   </trkpt>
   <trkpt lat="47.8001140" lon="-122.3669570">
    <ele>98.5</ele>
    <time>2020-09-19T17:12:35Z</time>
   </trkpt>
   <trkpt lat="47.8000770" lon="-122.3669610">
    <ele>98.6</ele>
    <time>2020-09-19T17:12:36Z</time>
   </trkpt>
   <trkpt lat="47.8000440" lon="-122.3669660">
    <ele>98.6</ele>
    <time>2020-09-19T17:12:37Z</time>
   </trkpt>
   <trkpt lat="47.8000140" lon="-122.3669570">
    <ele>98.7</ele>
    <time>2020-09-19T17:12:38Z</time>
   </trkpt>
   <trkpt lat="47.7999780" lon="-122.3669640">
    <ele>98.7</ele>
    <time>2020-09-19T17:12:39Z</time>
   </trkpt>
   <trkpt lat="47.7999340" lon="-122.3669740">
    <ele>98.8</ele>
    <time>2020-09-19T17:12:40Z</time>
   </trkpt>
   <trkpt lat="47.7999160" lon="-122.3669750">
    <ele>98.9</ele>
    <time>2020-09-19T17:12:41Z</time>
   </trkpt>
   <trkpt lat="47.7998780" lon="-122.3669740">
    <ele>99.0</ele>
    <time>2020-09-19T17:12:42Z</time>
   </trkpt>
   <trkpt lat="47.7998400" lon="-122.3669790">
    <ele>99.1</ele>
    <time>2020-09-19T17:12:43Z</time>
   </trkpt>
   <trkpt lat="47.7998280" lon="-122.3669850">
    <ele>99.2</ele>
    <time>2020-09-19T17:12:44Z</time>
   </trkpt>
   <trkpt lat="47.7997880" lon="-122.3669600">
    <ele>99.3</ele>
    <time>2020-09-19T17:12:45Z</time>
   </trkpt>
   <trkpt lat="47.7997720" lon="-122.3669510">
    <ele>99.4</ele>
    <time>2020-09-19T17:12:46Z</time>
   </trkpt>
   <trkpt lat="47.7997380" lon="-122.3669100">
    <ele>99.6</ele>
    <time>2020-09-19T17:12:47Z</time>
   </trkpt>
   <trkpt lat="47.7997240" lon="-122.3668810">
    <ele>99.8</ele>
    <time>2020-09-19T17:13:17Z</time>
   </trkpt>
   <trkpt lat="47.7997090" lon="-122.3668520">
    <ele>100.6</ele>
    <time>2020-09-19T17:13:18Z</time>
   </trkpt>
   <trkpt lat="47.7996950" lon="-122.3668230">
    <ele>100.7</ele>
    <time>2020-09-19T17:13:19Z</time>
   </trkpt>
   <trkpt lat="47.7996960" lon="-122.3667630">
    <ele>101.0</ele>
    <time>2020-09-19T17:13:20Z</time>
   </trkpt>
   <trkpt lat="47.7996900" lon="-122.3667160">
    <ele>101.2</ele>
    <time>2020-09-19T17:13:21Z</time>
   </trkpt>
   <trkpt lat="47.7996880" lon="-122.3666530">
    <ele>101.5</ele>
    <time>2020-09-19T17:13:22Z</time>
   </trkpt>
   <trkpt lat="47.7996870" lon="-122.3665900">
    <ele>101.8</ele>
    <time>2020-09-19T17:13:23Z</time>
   </trkpt>
   <trkpt lat="47.7996710" lon="-122.3665450">
    <ele>102.1</ele>
    <time>2020-09-19T17:13:24Z</time>
   </trkpt>
   <trkpt lat="47.7996860" lon="-122.3664930">
    <ele>102.4</ele>
    <time>2020-09-19T17:13:25Z</time>
   </trkpt>
   <trkpt lat="47.7996850" lon="-122.3664260">
    <ele>102.9</ele>
    <time>2020-09-19T17:13:26Z</time>
   </trkpt>
   <trkpt lat="47.7996810" lon="-122.3663990">
    <ele>103.0</ele>
    <time>2020-09-19T17:13:27Z</time>
   </trkpt>
   <trkpt lat="47.7996760" lon="-122.3663560">
    <ele>103.3</ele>
    <time>2020-09-19T17:13:28Z</time>
   </trkpt>
   <trkpt lat="47.7996720" lon="-122.3663090">
    <ele>103.6</ele>
    <time>2020-09-19T17:13:29Z</time>
   </trkpt>
   <trkpt lat="47.7996770" lon="-122.3662540">
    <ele>103.7</ele>
    <time>2020-09-19T17:13:30Z</time>
   </trkpt>
   <trkpt lat="47.7996700" lon="-122.3661930">
    <ele>103.8</ele>
    <time>2020-09-19T17:13:31Z</time>
   </trkpt>
   <trkpt lat="47.7996800" lon="-122.3661510">
    <ele>104.1</ele>
    <time>2020-09-19T17:13:32Z</time>
   </trkpt>
   <trkpt lat="47.7996790" lon="-122.3661050">
    <ele>104.5</ele>
    <time>2020-09-19T17:13:33Z</time>
   </trkpt>
   <trkpt lat="47.7996790" lon="-122.3660440">
    <ele>104.9</ele>
    <time>2020-09-19T17:13:34Z</time>
   </trkpt>
   <trkpt lat="47.7996690" lon="-122.3660000">
    <ele>105.2</ele>
    <time>2020-09-19T17:13:35Z</time>
   </trkpt>
   <trkpt lat="47.7996730" lon="-122.3659420">
    <ele>105.6</ele>
    <time>2020-09-19T17:13:36Z</time>
   </trkpt>
   <trkpt lat="47.7996590" lon="-122.3658950">
    <ele>106.0</ele>
    <time>2020-09-19T17:13:37Z</time>
   </trkpt>
   <trkpt lat="47.7996490" lon="-122.3658420">
    <ele>106.4</ele>
    <time>2020-09-19T17:13:38Z</time>
   </trkpt>
   <trkpt lat="47.7996440" lon="-122.3657970">
    <ele>106.7</ele>
    <time>2020-09-19T17:13:39Z</time>
   </trkpt>
   <trkpt lat="47.7996380" lon="-122.3657320">
    <ele>107.2</ele>
    <time>2020-09-19T17:13:40Z</time>
   </trkpt>
   <trkpt lat="47.7996510" lon="-122.3656800">
    <ele>107.6</ele>
    <time>2020-09-19T17:13:41Z</time>
   </trkpt>
   <trkpt lat="47.7996340" lon="-122.3656140">
    <ele>108.1</ele>
    <time>2020-09-19T17:13:42Z</time>
   </trkpt>
   <trkpt lat="47.7996390" lon="-122.3655550">
    <ele>108.6</ele>
    <time>2020-09-19T17:13:43Z</time>
   </trkpt>
   <trkpt lat="47.7996410" lon="-122.3655300">
    <ele>108.7</ele>
    <time>2020-09-19T17:13:44Z</time>
   </trkpt>
   <trkpt lat="47.7996430" lon="-122.3654770">
    <ele>109.1</ele>
    <time>2020-09-19T17:13:45Z</time>
   </trkpt>
   <trkpt lat="47.7996430" lon="-122.3654580">
    <ele>109.3</ele>
    <time>2020-09-19T17:13:46Z</time>
   </trkpt>
   <trkpt lat="47.7996570" lon="-122.3654100">
    <ele>109.6</ele>
    <time>2020-09-19T17:13:47Z</time>
   </trkpt>
   <trkpt lat="47.7996480" lon="-122.3653530">
    <ele>110.0</ele>
    <time>2020-09-19T17:13:48Z</time>
   </trkpt>
   <trkpt lat="47.7996470" lon="-122.3653070">
    <ele>110.2</ele>
    <time>2020-09-19T17:13:49Z</time>
   </trkpt>
   <trkpt lat="47.7996500" lon="-122.3652470">
    <ele>110.6</ele>
    <time>2020-09-19T17:13:50Z</time>
   </trkpt>
   <trkpt lat="47.7996490" lon="-122.3652200">
    <ele>110.8</ele>
    <time>2020-09-19T17:13:51Z</time>
   </trkpt>
   <trkpt lat="47.7996570" lon="-122.3651670">
    <ele>111.1</ele>
    <time>2020-09-19T17:13:52Z</time>
   </trkpt>
   <trkpt lat="47.7996600" lon="-122.3651450">
    <ele>111.3</ele>
    <time>2020-09-19T17:13:53Z</time>
   </trkpt>
   <trkpt lat="47.7996620" lon="-122.3650930">
    <ele>111.6</ele>
    <time>2020-09-19T17:13:54Z</time>
   </trkpt>
   <trkpt lat="47.7996620" lon="-122.3650680">
    <ele>111.7</ele>
    <time>2020-09-19T17:13:55Z</time>
   </trkpt>
   <trkpt lat="47.7996660" lon="-122.3650150">
    <ele>112.0</ele>
    <time>2020-09-19T17:13:56Z</time>
   </trkpt>
   <trkpt lat="47.7996670" lon="-122.3649950">
    <ele>112.2</ele>
    <time>2020-09-19T17:13:57Z</time>
   </trkpt>
   <trkpt lat="47.7996570" lon="-122.3649440">
    <ele>112.4</ele>
    <time>2020-09-19T17:13:58Z</time>
   </trkpt>
   <trkpt lat="47.7996570" lon="-122.3649020">
    <ele>112.7</ele>
    <time>2020-09-19T17:13:59Z</time>
   </trkpt>
   <trkpt lat="47.7996620" lon="-122.3648620">
    <ele>112.9</ele>
    <time>2020-09-19T17:14:00Z</time>
   </trkpt>
   <trkpt lat="47.7996680" lon="-122.3648180">
    <ele>113.1</ele>
    <time>2020-09-19T17:14:01Z</time>
   </trkpt>
   <trkpt lat="47.7996480" lon="-122.3647810">
    <ele>113.3</ele>
    <time>2020-09-19T17:14:02Z</time>
   </trkpt>
   <trkpt lat="47.7996560" lon="-122.3647360">
    <ele>113.5</ele>
    <time>2020-09-19T17:14:03Z</time>
   </trkpt>
   <trkpt lat="47.7996600" lon="-122.3646890">
    <ele>113.7</ele>
    <time>2020-09-19T17:14:04Z</time>
   </trkpt>
   <trkpt lat="47.7996570" lon="-122.3646450">
    <ele>113.8</ele>
    <time>2020-09-19T17:14:05Z</time>
   </trkpt>
   <trkpt lat="47.7996620" lon="-122.3646010">
    <ele>114.0</ele>
    <time>2020-09-19T17:14:06Z</time>
   </trkpt>
   <trkpt lat="47.7996530" lon="-122.3645630">
    <ele>114.1</ele>
    <time>2020-09-19T17:14:07Z</time>
   </trkpt>
   <trkpt lat="47.7996630" lon="-122.3645140">
    <ele>114.3</ele>
    <time>2020-09-19T17:14:08Z</time>
   </trkpt>
   <trkpt lat="47.7996590" lon="-122.3644640">
    <ele>114.4</ele>
    <time>2020-09-19T17:14:09Z</time>
   </trkpt>
   <trkpt lat="47.7996580" lon="-122.3644390">
    <ele>114.5</ele>
    <time>2020-09-19T17:14:10Z</time>
   </trkpt>
   <trkpt lat="47.7996670" lon="-122.3643840">
    <ele>114.6</ele>
    <time>2020-09-19T17:14:11Z</time>
   </trkpt>
   <trkpt lat="47.7996650" lon="-122.3643400">
    <ele>114.7</ele>
    <time>2020-09-19T17:14:12Z</time>
   </trkpt>
   <trkpt lat="47.7996700" lon="-122.3642930">
    <ele>114.9</ele>
    <time>2020-09-19T17:14:13Z</time>
   </trkpt>
   <trkpt lat="47.7996810" lon="-122.3642410">
    <ele>115.0</ele>
    <time>2020-09-19T17:14:14Z</time>
   </trkpt>
   <trkpt lat="47.7996740" lon="-122.3641970">
    <ele>115.0</ele>
    <time>2020-09-19T17:14:15Z</time>
   </trkpt>
   <trkpt lat="47.7996750" lon="-122.3641350">
    <ele>115.1</ele>
    <time>2020-09-19T17:14:16Z</time>
   </trkpt>
   <trkpt lat="47.7996720" lon="-122.3641140">
    <ele>115.2</ele>
    <time>2020-09-19T17:14:17Z</time>
   </trkpt>
   <trkpt lat="47.7996580" lon="-122.3640760">
    <ele>115.2</ele>
    <time>2020-09-19T17:14:18Z</time>
   </trkpt>
   <trkpt lat="47.7996680" lon="-122.3640210">
    <ele>115.3</ele>
    <time>2020-09-19T17:14:19Z</time>
   </trkpt>
   <trkpt lat="47.7996610" lon="-122.3639770">
    <ele>115.4</ele>
    <time>2020-09-19T17:14:20Z</time>
   </trkpt>
   <trkpt lat="47.7996700" lon="-122.3639340">
    <ele>115.4</ele>
    <time>2020-09-19T17:14:21Z</time>
   </trkpt>
   <trkpt lat="47.7996640" lon="-122.3638760">
    <ele>115.5</ele>
    <time>2020-09-19T17:14:22Z</time>
   </trkpt>
   <trkpt lat="47.7996610" lon="-122.3638560">
    <ele>115.5</ele>
    <time>2020-09-19T17:14:23Z</time>
   </trkpt>
   <trkpt lat="47.7996480" lon="-122.3638030">
    <ele>115.5</ele>
    <time>2020-09-19T17:14:24Z</time>
   </trkpt>
   <trkpt lat="47.7996420" lon="-122.3637790">
    <ele>115.6</ele>
    <time>2020-09-19T17:14:25Z</time>
   </trkpt>
   <trkpt lat="47.7996460" lon="-122.3637310">
    <ele>115.6</ele>
    <time>2020-09-19T17:14:26Z</time>
   </trkpt>
   <trkpt lat="47.7996480" lon="-122.3636730">
    <ele>115.6</ele>
    <time>2020-09-19T17:14:27Z</time>
   </trkpt>
   <trkpt lat="47.7996440" lon="-122.3636420">
    <ele>115.7</ele>
    <time>2020-09-19T17:14:28Z</time>
   </trkpt>
   <trkpt lat="47.7996540" lon="-122.3635840">
    <ele>115.7</ele>
    <time>2020-09-19T17:14:29Z</time>
   </trkpt>
   <trkpt lat="47.7996460" lon="-122.3635450">
    <ele>115.7</ele>
    <time>2020-09-19T17:14:30Z</time>
   </trkpt>
   <trkpt lat="47.7996470" lon="-122.3634840">
    <ele>115.8</ele>
    <time>2020-09-19T17:14:31Z</time>
   </trkpt>
   <trkpt lat="47.7996480" lon="-122.3634600">
    <ele>115.8</ele>
    <time>2020-09-19T17:14:32Z</time>
   </trkpt>
   <trkpt lat="47.7996520" lon="-122.3634130">
    <ele>115.8</ele>
    <time>2020-09-19T17:14:33Z</time>
   </trkpt>
   <trkpt lat="47.7996600" lon="-122.3633660">
    <ele>115.8</ele>
    <time>2020-09-19T17:14:34Z</time>
   </trkpt>
   <trkpt lat="47.7996750" lon="-122.3633130">
    <ele>115.9</ele>
    <time>2020-09-19T17:14:35Z</time>
   </trkpt>
   <trkpt lat="47.7996770" lon="-122.3632910">
    <ele>115.9</ele>
    <time>2020-09-19T17:14:36Z</time>
   </trkpt>
   <trkpt lat="47.7996760" lon="-122.3632500">
    <ele>115.9</ele>
    <time>2020-09-19T17:14:37Z</time>
   </trkpt>
   <trkpt lat="47.7996700" lon="-122.3632020">
    <ele>115.9</ele>
    <time>2020-09-19T17:14:38Z</time>
   </trkpt>
   <trkpt lat="47.7996690" lon="-122.3631570">
    <ele>116.0</ele>
    <time>2020-09-19T17:14:39Z</time>
   </trkpt>
   <trkpt lat="47.7996730" lon="-122.3631040">
    <ele>116.0</ele>
    <time>2020-09-19T17:14:40Z</time>
   </trkpt>
   <trkpt lat="47.7996800" lon="-122.3630570">
    <ele>116.0</ele>
    <time>2020-09-19T17:14:41Z</time>
   </trkpt>
   <trkpt lat="47.7996720" lon="-122.3630070">
    <ele>116.0</ele>
    <time>2020-09-19T17:14:42Z</time>
   </trkpt>
   <trkpt lat="47.7996730" lon="-122.3629850">
    <ele>116.0</ele>
    <time>2020-09-19T17:14:43Z</time>
   </trkpt>
   <trkpt lat="47.7996790" lon="-122.3629400">
    <ele>116.0</ele>
    <time>2020-09-19T17:14:44Z</time>
   </trkpt>
   <trkpt lat="47.7996730" lon="-122.3628950">
    <ele>116.0</ele>
    <time>2020-09-19T17:14:45Z</time>
   </trkpt>
   <trkpt lat="47.7996650" lon="-122.3628490">
    <ele>116.0</ele>
    <time>2020-09-19T17:14:46Z</time>
   </trkpt>
   <trkpt lat="47.7996680" lon="-122.3627980">
    <ele>116.0</ele>
    <time>2020-09-19T17:14:47Z</time>
   </trkpt>
   <trkpt lat="47.7996680" lon="-122.3627490">
    <ele>116.0</ele>
    <time>2020-09-19T17:14:48Z</time>
   </trkpt>
   <trkpt lat="47.7996690" lon="-122.3626910">
    <ele>116.0</ele>
    <time>2020-09-19T17:14:49Z</time>
   </trkpt>
   <trkpt lat="47.7996670" lon="-122.3626700">
    <ele>115.9</ele>
    <time>2020-09-19T17:14:50Z</time>
   </trkpt>
   <trkpt lat="47.7996630" lon="-122.3626290">
    <ele>115.9</ele>
    <time>2020-09-19T17:14:51Z</time>
   </trkpt>
   <trkpt lat="47.7996610" lon="-122.3625770">
    <ele>115.8</ele>
    <time>2020-09-19T17:14:52Z</time>
   </trkpt>
   <trkpt lat="47.7996610" lon="-122.3625560">
    <ele>115.8</ele>
    <time>2020-09-19T17:14:53Z</time>
   </trkpt>
   <trkpt lat="47.7996640" lon="-122.3625070">
    <ele>115.8</ele>
    <time>2020-09-19T17:14:54Z</time>
   </trkpt>
   <trkpt lat="47.7996690" lon="-122.3624680">
    <ele>115.7</ele>
    <time>2020-09-19T17:14:55Z</time>
   </trkpt>
   <trkpt lat="47.7996730" lon="-122.3624240">
    <ele>115.6</ele>
    <time>2020-09-19T17:14:56Z</time>
   </trkpt>
   <trkpt lat="47.7996730" lon="-122.3623800">
    <ele>115.6</ele>
    <time>2020-09-19T17:14:57Z</time>
   </trkpt>
   <trkpt lat="47.7996810" lon="-122.3623410">
    <ele>115.5</ele>
    <time>2020-09-19T17:14:58Z</time>
   </trkpt>
   <trkpt lat="47.7996760" lon="-122.3622960">
    <ele>115.4</ele>
    <time>2020-09-19T17:14:59Z</time>
   </trkpt>
   <trkpt lat="47.7996770" lon="-122.3622510">
    <ele>115.4</ele>
    <time>2020-09-19T17:15:00Z</time>
   </trkpt>
   <trkpt lat="47.7996770" lon="-122.3622100">
    <ele>115.3</ele>
    <time>2020-09-19T17:15:01Z</time>
   </trkpt>
   <trkpt lat="47.7996810" lon="-122.3621710">
    <ele>115.3</ele>
    <time>2020-09-19T17:15:02Z</time>
   </trkpt>
   <trkpt lat="47.7996730" lon="-122.3621330">
    <ele>115.2</ele>
    <time>2020-09-19T17:15:03Z</time>
   </trkpt>
   <trkpt lat="47.7996690" lon="-122.3620760">
    <ele>115.2</ele>
    <time>2020-09-19T17:15:04Z</time>
   </trkpt>
   <trkpt lat="47.7996660" lon="-122.3620590">
    <ele>115.2</ele>
    <time>2020-09-19T17:15:05Z</time>
   </trkpt>
   <trkpt lat="47.7996660" lon="-122.3620120">
    <ele>115.1</ele>
    <time>2020-09-19T17:15:06Z</time>
   </trkpt>
   <trkpt lat="47.7996680" lon="-122.3619700">
    <ele>115.0</ele>
    <time>2020-09-19T17:15:07Z</time>
   </trkpt>
   <trkpt lat="47.7996650" lon="-122.3619220">
    <ele>114.9</ele>
    <time>2020-09-19T17:15:08Z</time>
   </trkpt>
   <trkpt lat="47.7996600" lon="-122.3618640">
    <ele>114.8</ele>
    <time>2020-09-19T17:15:09Z</time>
   </trkpt>
   <trkpt lat="47.7996600" lon="-122.3618420">
    <ele>114.8</ele>
    <time>2020-09-19T17:15:10Z</time>
   </trkpt>
   <trkpt lat="47.7996550" lon="-122.3617920">
    <ele>114.7</ele>
    <time>2020-09-19T17:15:11Z</time>
   </trkpt>
   <trkpt lat="47.7996660" lon="-122.3617480">
    <ele>114.6</ele>
    <time>2020-09-19T17:15:12Z</time>
   </trkpt>
   <trkpt lat="47.7996680" lon="-122.3617320">
    <ele>114.6</ele>
    <time>2020-09-19T17:15:13Z</time>
   </trkpt>
   <trkpt lat="47.7996790" lon="-122.3616910">
    <ele>114.5</ele>
    <time>2020-09-19T17:15:14Z</time>
   </trkpt>
   <trkpt lat="47.7996870" lon="-122.3616460">
    <ele>114.4</ele>
    <time>2020-09-19T17:15:15Z</time>
   </trkpt>
   <trkpt lat="47.7996910" lon="-122.3616060">
    <ele>114.3</ele>
    <time>2020-09-19T17:15:16Z</time>
   </trkpt>
   <trkpt lat="47.7996880" lon="-122.3615580">
    <ele>114.2</ele>
    <time>2020-09-19T17:15:17Z</time>
   </trkpt>
   <trkpt lat="47.7996810" lon="-122.3614980">
    <ele>114.0</ele>
    <time>2020-09-19T17:15:18Z</time>
   </trkpt>
   <trkpt lat="47.7996790" lon="-122.3614750">
    <ele>114.0</ele>
    <time>2020-09-19T17:15:19Z</time>
   </trkpt>
   <trkpt lat="47.7996700" lon="-122.3614230">
    <ele>113.8</ele>
    <time>2020-09-19T17:15:20Z</time>
   </trkpt>
   <trkpt lat="47.7996630" lon="-122.3613570">
    <ele>113.6</ele>
    <time>2020-09-19T17:15:21Z</time>
   </trkpt>
   <trkpt lat="47.7996600" lon="-122.3613300">
    <ele>113.6</ele>
    <time>2020-09-19T17:15:22Z</time>
   </trkpt>
   <trkpt lat="47.7996490" lon="-122.3612880">
    <ele>113.5</ele>
    <time>2020-09-19T17:15:23Z</time>
   </trkpt>
   <trkpt lat="47.7996500" lon="-122.3612450">
    <ele>113.3</ele>
    <time>2020-09-19T17:15:24Z</time>
   </trkpt>
   <trkpt lat="47.7996490" lon="-122.3611900">
    <ele>113.2</ele>
    <time>2020-09-19T17:15:25Z</time>
   </trkpt>
   <trkpt lat="47.7996530" lon="-122.3611710">
    <ele>113.2</ele>
    <time>2020-09-19T17:15:26Z</time>
   </trkpt>
   <trkpt lat="47.7996500" lon="-122.3611240">
    <ele>113.0</ele>
    <time>2020-09-19T17:15:27Z</time>
   </trkpt>
   <trkpt lat="47.7996470" lon="-122.3610810">
    <ele>112.9</ele>
    <time>2020-09-19T17:15:28Z</time>
   </trkpt>
   <trkpt lat="47.7996630" lon="-122.3610250">
    <ele>112.8</ele>
    <time>2020-09-19T17:15:29Z</time>
   </trkpt>
   <trkpt lat="47.7996630" lon="-122.3609980">
    <ele>112.7</ele>
    <time>2020-09-19T17:15:30Z</time>
   </trkpt>
   <trkpt lat="47.7996570" lon="-122.3609500">
    <ele>112.6</ele>
    <time>2020-09-19T17:15:31Z</time>
   </trkpt>
   <trkpt lat="47.7996560" lon="-122.3609020">
    <ele>112.5</ele>
    <time>2020-09-19T17:15:32Z</time>
   </trkpt>
   <trkpt lat="47.7996440" lon="-122.3608550">
    <ele>112.4</ele>
    <time>2020-09-19T17:15:33Z</time>
   </trkpt>
   <trkpt lat="47.7996450" lon="-122.3608130">
    <ele>112.3</ele>
    <time>2020-09-19T17:15:34Z</time>
   </trkpt>
   <trkpt lat="47.7996350" lon="-122.3607690">
    <ele>112.2</ele>
    <time>2020-09-19T17:15:35Z</time>
   </trkpt>
   <trkpt lat="47.7996380" lon="-122.3607280">
    <ele>112.1</ele>
    <time>2020-09-19T17:15:36Z</time>
   </trkpt>
   <trkpt lat="47.7996460" lon="-122.3606790">
    <ele>112.0</ele>
    <time>2020-09-19T17:15:37Z</time>
   </trkpt>
   <trkpt lat="47.7996520" lon="-122.3606400">
    <ele>111.9</ele>
    <time>2020-09-19T17:15:38Z</time>
   </trkpt>
   <trkpt lat="47.7996450" lon="-122.3606010">
    <ele>111.8</ele>
    <time>2020-09-19T17:15:39Z</time>
   </trkpt>
   <trkpt lat="47.7996420" lon="-122.3605520">
    <ele>111.7</ele>
    <time>2020-09-19T17:15:40Z</time>
   </trkpt>
   <trkpt lat="47.7996380" lon="-122.3605010">
    <ele>111.6</ele>
    <time>2020-09-19T17:15:41Z</time>
   </trkpt>
   <trkpt lat="47.7996470" lon="-122.3604580">
    <ele>111.6</ele>
    <time>2020-09-19T17:15:42Z</time>
   </trkpt>
   <trkpt lat="47.7996520" lon="-122.3604170">
    <ele>111.5</ele>
    <time>2020-09-19T17:15:43Z</time>
   </trkpt>
   <trkpt lat="47.7996490" lon="-122.3603500">
    <ele>111.4</ele>
    <time>2020-09-19T17:15:44Z</time>
   </trkpt>
   <trkpt lat="47.7996480" lon="-122.3603230">
    <ele>111.4</ele>
    <time>2020-09-19T17:15:45Z</time>
   </trkpt>
   <trkpt lat="47.7996580" lon="-122.3602600">
    <ele>111.3</ele>
    <time>2020-09-19T17:15:46Z</time>
   </trkpt>
   <trkpt lat="47.7996560" lon="-122.3602150">
    <ele>111.2</ele>
    <time>2020-09-19T17:15:47Z</time>
   </trkpt>
   <trkpt lat="47.7996670" lon="-122.3601640">
    <ele>111.2</ele>
    <time>2020-09-19T17:15:48Z</time>
   </trkpt>
   <trkpt lat="47.7996700" lon="-122.3601120">
    <ele>111.2</ele>
    <time>2020-09-19T17:15:49Z</time>
   </trkpt>
   <trkpt lat="47.7996600" lon="-122.3600690">
    <ele>111.2</ele>
    <time>2020-09-19T17:15:50Z</time>
   </trkpt>
   <trkpt lat="47.7996620" lon="-122.3600080">
    <ele>111.2</ele>
    <time>2020-09-19T17:15:51Z</time>
   </trkpt>
   <trkpt lat="47.7996580" lon="-122.3599680">
    <ele>111.3</ele>
    <time>2020-09-19T17:15:52Z</time>
   </trkpt>
   <trkpt lat="47.7996560" lon="-122.3599120">
    <ele>111.3</ele>
    <time>2020-09-19T17:15:53Z</time>
   </trkpt>
   <trkpt lat="47.7996550" lon="-122.3598680">
    <ele>111.3</ele>
    <time>2020-09-19T17:15:54Z</time>
   </trkpt>
   <trkpt lat="47.7996530" lon="-122.3598250">
    <ele>111.3</ele>
    <time>2020-09-19T17:15:55Z</time>
   </trkpt>
   <trkpt lat="47.7996620" lon="-122.3597730">
    <ele>111.4</ele>
    <time>2020-09-19T17:15:56Z</time>
   </trkpt>
   <trkpt lat="47.7996640" lon="-122.3597260">
    <ele>111.5</ele>
    <time>2020-09-19T17:15:57Z</time>
   </trkpt>
   <trkpt lat="47.7996650" lon="-122.3596710">
    <ele>111.6</ele>
    <time>2020-09-19T17:15:58Z</time>
   </trkpt>
   <trkpt lat="47.7996790" lon="-122.3596170">
    <ele>111.8</ele>
    <time>2020-09-19T17:15:59Z</time>
   </trkpt>
   <trkpt lat="47.7996660" lon="-122.3595730">
    <ele>111.9</ele>
    <time>2020-09-19T17:16:00Z</time>
   </trkpt>
   <trkpt lat="47.7996610" lon="-122.3595320">
    <ele>112.1</ele>
    <time>2020-09-19T17:16:01Z</time>
   </trkpt>
   <trkpt lat="47.7996630" lon="-122.3594630">
    <ele>112.3</ele>
    <time>2020-09-19T17:16:02Z</time>
   </trkpt>
   <trkpt lat="47.7996550" lon="-122.3594160">
    <ele>112.5</ele>
    <time>2020-09-19T17:16:03Z</time>
   </trkpt>
   <trkpt lat="47.7996630" lon="-122.3593770">
    <ele>112.5</ele>
    <time>2020-09-19T17:16:04Z</time>
   </trkpt>
   <trkpt lat="47.7996540" lon="-122.3593280">
    <ele>112.4</ele>
    <time>2020-09-19T17:16:05Z</time>
   </trkpt>
   <trkpt lat="47.7996560" lon="-122.3592820">
    <ele>112.3</ele>
    <time>2020-09-19T17:16:06Z</time>
   </trkpt>
   <trkpt lat="47.7996630" lon="-122.3592160">
    <ele>112.4</ele>
    <time>2020-09-19T17:16:07Z</time>
   </trkpt>
   <trkpt lat="47.7996630" lon="-122.3591880">
    <ele>112.4</ele>
    <time>2020-09-19T17:16:08Z</time>
   </trkpt>
   <trkpt lat="47.7996600" lon="-122.3591280">
    <ele>112.4</ele>
    <time>2020-09-19T17:16:09Z</time>
   </trkpt>
   <trkpt lat="47.7996500" lon="-122.3590710">
    <ele>112.4</ele>
    <time>2020-09-19T17:16:10Z</time>
   </trkpt>
   <trkpt lat="47.7996440" lon="-122.3590010">
    <ele>112.5</ele>
    <time>2020-09-19T17:16:11Z</time>
   </trkpt>
   <trkpt lat="47.7996670" lon="-122.3589500">
    <ele>112.5</ele>
    <time>2020-09-19T17:16:12Z</time>
   </trkpt>
   <trkpt lat="47.7996750" lon="-122.3589110">
    <ele>112.6</ele>
    <time>2020-09-19T17:16:13Z</time>
   </trkpt>
   <trkpt lat="47.7996610" lon="-122.3588560">
    <ele>112.7</ele>
    <time>2020-09-19T17:16:14Z</time>
   </trkpt>
   <trkpt lat="47.7996590" lon="-122.3587930">
    <ele>112.9</ele>
    <time>2020-09-19T17:16:15Z</time>
   </trkpt>
   <trkpt lat="47.7996580" lon="-122.3587390">
    <ele>113.1</ele>
    <time>2020-09-19T17:16:16Z</time>
   </trkpt>
   <trkpt lat="47.7996630" lon="-122.3586970">
    <ele>113.3</ele>
    <time>2020-09-19T17:16:17Z</time>
   </trkpt>
   <trkpt lat="47.7996490" lon="-122.3586500">
    <ele>113.5</ele>
    <time>2020-09-19T17:16:18Z</time>
   </trkpt>
   <trkpt lat="47.7996430" lon="-122.3586000">
    <ele>113.7</ele>
    <time>2020-09-19T17:16:19Z</time>
   </trkpt>
   <trkpt lat="47.7996400" lon="-122.3585370">
    <ele>113.9</ele>
    <time>2020-09-19T17:16:20Z</time>
   </trkpt>
   <trkpt lat="47.7996410" lon="-122.3584870">
    <ele>114.2</ele>
    <time>2020-09-19T17:16:21Z</time>
   </trkpt>
   <trkpt lat="47.7996400" lon="-122.3584310">
    <ele>114.4</ele>
    <time>2020-09-19T17:16:22Z</time>
   </trkpt>
   <trkpt lat="47.7996390" lon="-122.3583720">
    <ele>114.8</ele>
    <time>2020-09-19T17:16:23Z</time>
   </trkpt>
   <trkpt lat="47.7996370" lon="-122.3583060">
    <ele>115.1</ele>
    <time>2020-09-19T17:16:24Z</time>
   </trkpt>
   <trkpt lat="47.7996410" lon="-122.3582600">
    <ele>115.4</ele>
    <time>2020-09-19T17:16:25Z</time>
   </trkpt>
   <trkpt lat="47.7996350" lon="-122.3582200">
    <ele>115.6</ele>
    <time>2020-09-19T17:16:26Z</time>
   </trkpt>
   <trkpt lat="47.7996440" lon="-122.3581760">
    <ele>115.9</ele>
    <time>2020-09-19T17:16:27Z</time>
   </trkpt>
   <trkpt lat="47.7996320" lon="-122.3580970">
    <ele>116.5</ele>
    <time>2020-09-19T17:16:28Z</time>
   </trkpt>
   <trkpt lat="47.7996360" lon="-122.3580190">
    <ele>117.0</ele>
    <time>2020-09-19T17:16:29Z</time>
   </trkpt>
   <trkpt lat="47.7996540" lon="-122.3579710">
    <ele>117.3</ele>
    <time>2020-09-19T17:16:30Z</time>
   </trkpt>
   <trkpt lat="47.7996720" lon="-122.3579270">
    <ele>117.7</ele>
    <time>2020-09-19T17:16:31Z</time>
   </trkpt>
   <trkpt lat="47.7996590" lon="-122.3578750">
    <ele>118.0</ele>
    <time>2020-09-19T17:16:32Z</time>
   </trkpt>
   <trkpt lat="47.7996450" lon="-122.3578070">
    <ele>118.5</ele>
    <time>2020-09-19T17:16:33Z</time>
   </trkpt>
   <trkpt lat="47.7996370" lon="-122.3577560">
    <ele>118.9</ele>
    <time>2020-09-19T17:16:34Z</time>
   </trkpt>
   <trkpt lat="47.7996300" lon="-122.3576780">
    <ele>119.4</ele>
    <time>2020-09-19T17:16:35Z</time>
   </trkpt>
   <trkpt lat="47.7996300" lon="-122.3576200">
    <ele>119.8</ele>
    <time>2020-09-19T17:16:36Z</time>
   </trkpt>
   <trkpt lat="47.7996400" lon="-122.3575790">
    <ele>120.1</ele>
    <time>2020-09-19T17:16:37Z</time>
   </trkpt>
   <trkpt lat="47.7996450" lon="-122.3575150">
    <ele>120.5</ele>
    <time>2020-09-19T17:16:38Z</time>
   </trkpt>
   <trkpt lat="47.7996430" lon="-122.3574480">
    <ele>120.8</ele>
    <time>2020-09-19T17:16:39Z</time>
   </trkpt>
   <trkpt lat="47.7996540" lon="-122.3573940">
    <ele>121.0</ele>
    <time>2020-09-19T17:16:40Z</time>
   </trkpt>
   <trkpt lat="47.7996540" lon="-122.3573500">
    <ele>121.2</ele>
    <time>2020-09-19T17:16:41Z</time>
   </trkpt>
   <trkpt lat="47.7996500" lon="-122.3572940">
    <ele>121.3</ele>
    <time>2020-09-19T17:16:42Z</time>
   </trkpt>
   <trkpt lat="47.7996540" lon="-122.3572710">
    <ele>121.4</ele>
    <time>2020-09-19T17:16:43Z</time>
   </trkpt>
  </trkseg>
 </trk>
</gpx>
