<?xml version="1.0" encoding="UTF-8"?>
<gpx creator="StravaGPX" version="1.1" xmlns="http://www.topografix.com/GPX/1/1" xmlns:xsi="http://www.w3.org/2001/XMLSchema-instance" xsi:schemaLocation="http://www.topografix.com/GPX/1/1 http://www.topografix.com/GPX/1/1/gpx.xsd">
 <metadata>
  <time>2020-09-26T18:21:39Z</time>
 </metadata>
 <trk>
  <name>Clean air 🥰</name>
  <type>running</type>
  <trkseg>
   <trkpt lat="47.7996210" lon="-122.3575400">
    <ele>120.4</ele>
    <time>2020-09-26T18:21:39Z</time>
   </trkpt>
   <trkpt lat="47.7996100" lon="-122.3575580">
    <ele>120.2</ele>
    <time>2020-09-26T18:21:40Z</time>
   </trkpt>
   <trkpt lat="47.7996070" lon="-122.3575830">
    <ele>120.0</ele>
    <time>2020-09-26T18:21:41Z</time>
   </trkpt>
   <trkpt lat="47.7996160" lon="-122.3576240">
    <ele>119.7</ele>
    <time>2020-09-26T18:21:42Z</time>
   </trkpt>
   <trkpt lat="47.7996230" lon="-122.3576890">
    <ele>119.3</ele>
    <time>2020-09-26T18:21:43Z</time>
   </trkpt>
   <trkpt lat="47.7996300" lon="-122.3577400">
    <ele>119.0</ele>
    <time>2020-09-26T18:21:44Z</time>
   </trkpt>
   <trkpt lat="47.7996400" lon="-122.3577900">
    <ele>118.6</ele>
    <time>2020-09-26T18:21:45Z</time>
   </trkpt>
   <trkpt lat="47.7996440" lon="-122.3578400">
    <ele>118.3</ele>
    <time>2020-09-26T18:21:46Z</time>
   </trkpt>
   <trkpt lat="47.7996510" lon="-122.3578860">
    <ele>117.9</ele>
    <time>2020-09-26T18:21:47Z</time>
   </trkpt>
   <trkpt lat="47.7996710" lon="-122.3579340">
    <ele>117.6</ele>
    <time>2020-09-26T18:21:48Z</time>
   </trkpt>
   <trkpt lat="47.7996660" lon="-122.3579810">
    <ele>117.2</ele>
    <time>2020-09-26T18:21:49Z</time>
   </trkpt>
   <trkpt lat="47.7996740" lon="-122.3580290">
    <ele>116.9</ele>
    <time>2020-09-26T18:21:50Z</time>
   </trkpt>
   <trkpt lat="47.7996700" lon="-122.3580730">
    <ele>116.6</ele>
    <time>2020-09-26T18:21:51Z</time>
   </trkpt>
   <trkpt lat="47.7996560" lon="-122.3581210">
    <ele>116.3</ele>
    <time>2020-09-26T18:21:52Z</time>
   </trkpt>
   <trkpt lat="47.7996480" lon="-122.3581800">
    <ele>115.9</ele>
    <time>2020-09-26T18:21:53Z</time>
   </trkpt>
   <trkpt lat="47.7996600" lon="-122.3582410">
    <ele>115.5</ele>
    <time>2020-09-26T18:21:54Z</time>
   </trkpt>
   <trkpt lat="47.7996620" lon="-122.3582930">
    <ele>115.2</ele>
    <time>2020-09-26T18:21:55Z</time>
   </trkpt>
   <trkpt lat="47.7996570" lon="-122.3583470">
    <ele>114.9</ele>
    <time>2020-09-26T18:21:56Z</time>
   </trkpt>
   <trkpt lat="47.7996570" lon="-122.3584010">
    <ele>114.6</ele>
    <time>2020-09-26T18:21:57Z</time>
   </trkpt>
   <trkpt lat="47.7996370" lon="-122.3584590">
    <ele>114.3</ele>
    <time>2020-09-26T18:21:58Z</time>
   </trkpt>
   <trkpt lat="47.7996490" lon="-122.3585250">
    <ele>113.9</ele>
    <time>2020-09-26T18:21:59Z</time>
   </trkpt>
   <trkpt lat="47.7996520" lon="-122.3585780">
    <ele>113.7</ele>
    <time>2020-09-26T18:22:00Z</time>
   </trkpt>
   <trkpt lat="47.7996490" lon="-122.3586400">
    <ele>113.5</ele>
    <time>2020-09-26T18:22:01Z</time>
   </trkpt>
   <trkpt lat="47.7996430" lon="-122.3587130">
    <ele>113.2</ele>
    <time>2020-09-26T18:22:02Z</time>
   </trkpt>
   <trkpt lat="47.7996450" lon="-122.3587710">
    <ele>113.0</ele>
    <time>2020-09-26T18:22:03Z</time>
   </trkpt>
   <trkpt lat="47.7996590" lon="-122.3588260">
    <ele>112.8</ele>
    <time>2020-09-26T18:22:04Z</time>
   </trkpt>
   <trkpt lat="47.7996670" lon="-122.3588860">
    <ele>112.6</ele>
    <time>2020-09-26T18:22:05Z</time>
   </trkpt>
   <trkpt lat="47.7996590" lon="-122.3589580">
    <ele>112.5</ele>
    <time>2020-09-26T18:22:06Z</time>
   </trkpt>
   <trkpt lat="47.7996520" lon="-122.3590160">
    <ele>112.5</ele>
    <time>2020-09-26T18:22:07Z</time>
   </trkpt>
   <trkpt lat="47.7996540" lon="-122.3590840">
    <ele>112.4</ele>
    <time>2020-09-26T18:22:08Z</time>
   </trkpt>
   <trkpt lat="47.7996470" lon="-122.3591410">
    <ele>112.4</ele>
    <time>2020-09-26T18:22:09Z</time>
   </trkpt>
   <trkpt lat="47.7996620" lon="-122.3591960">
    <ele>112.4</ele>
    <time>2020-09-26T18:22:10Z</time>
   </trkpt>
   <trkpt lat="47.7996770" lon="-122.3592560">
    <ele>112.3</ele>
    <time>2020-09-26T18:22:11Z</time>
   </trkpt>
   <trkpt lat="47.7996730" lon="-122.3593140">
    <ele>112.4</ele>
    <time>2020-09-26T18:22:12Z</time>
   </trkpt>
   <trkpt lat="47.7996700" lon="-122.3593950">
    <ele>112.6</ele>
    <time>2020-09-26T18:22:13Z</time>
   </trkpt>
   <trkpt lat="47.7996710" lon="-122.3594590">
    <ele>112.4</ele>
    <time>2020-09-26T18:22:14Z</time>
   </trkpt>
   <trkpt lat="47.7996590" lon="-122.3595260">
    <ele>112.1</ele>
    <time>2020-09-26T18:22:15Z</time>
   </trkpt>
   <trkpt lat="47.7996540" lon="-122.3595740">
    <ele>111.9</ele>
    <time>2020-09-26T18:22:16Z</time>
   </trkpt>
   <trkpt lat="47.7996610" lon="-122.3596650">
    <ele>111.6</ele>
    <time>2020-09-26T18:22:17Z</time>
   </trkpt>
   <trkpt lat="47.7996620" lon="-122.3597170">
    <ele>111.5</ele>
    <time>2020-09-26T18:22:18Z</time>
   </trkpt>
   <trkpt lat="47.7996690" lon="-122.3597790">
    <ele>111.4</ele>
    <time>2020-09-26T18:22:19Z</time>
   </trkpt>
   <trkpt lat="47.7996680" lon="-122.3598390">
    <ele>111.3</ele>
    <time>2020-09-26T18:22:20Z</time>
   </trkpt>
   <trkpt lat="47.7996710" lon="-122.3599140">
    <ele>111.3</ele>
    <time>2020-09-26T18:22:21Z</time>
   </trkpt>
   <trkpt lat="47.7996660" lon="-122.3599790">
    <ele>111.2</ele>
    <time>2020-09-26T18:22:22Z</time>
   </trkpt>
   <trkpt lat="47.7996640" lon="-122.3600490">
    <ele>111.2</ele>
    <time>2020-09-26T18:22:23Z</time>
   </trkpt>
   <trkpt lat="47.7996590" lon="-122.3600820">
    <ele>111.2</ele>
    <time>2020-09-26T18:22:24Z</time>
   </trkpt>
   <trkpt lat="47.7996690" lon="-122.3601400">
    <ele>111.2</ele>
    <time>2020-09-26T18:22:25Z</time>
   </trkpt>
   <trkpt lat="47.7996780" lon="-122.3602020">
    <ele>111.2</ele>
    <time>2020-09-26T18:22:26Z</time>
   </trkpt>
   <trkpt lat="47.7996710" lon="-122.3602690">
    <ele>111.3</ele>
    <time>2020-09-26T18:22:27Z</time>
   </trkpt>
   <trkpt lat="47.7996700" lon="-122.3603250">
    <ele>111.3</ele>
    <time>2020-09-26T18:22:28Z</time>
   </trkpt>
   <trkpt lat="47.7996650" lon="-122.3603850">
    <ele>111.4</ele>
    <time>2020-09-26T18:22:29Z</time>
   </trkpt>
   <trkpt lat="47.7996530" lon="-122.3604440">
    <ele>111.5</ele>
    <time>2020-09-26T18:22:30Z</time>
   </trkpt>
   <trkpt lat="47.7996450" lon="-122.3604980">
    <ele>111.6</ele>
    <time>2020-09-26T18:22:31Z</time>
   </trkpt>
   <trkpt lat="47.7996550" lon="-122.3605380">
    <ele>111.7</ele>
    <time>2020-09-26T18:22:32Z</time>
   </trkpt>
   <trkpt lat="47.7996780" lon="-122.3605920">
    <ele>111.8</ele>
    <time>2020-09-26T18:22:33Z</time>
   </trkpt>
   <trkpt lat="47.7996980" lon="-122.3606500">
    <ele>111.9</ele>
    <time>2020-09-26T18:22:34Z</time>
   </trkpt>
   <trkpt lat="47.7996970" lon="-122.3607030">
    <ele>112.0</ele>
    <time>2020-09-26T18:22:35Z</time>
   </trkpt>
   <trkpt lat="47.7996880" lon="-122.3607740">
    <ele>112.2</ele>
    <time>2020-09-26T18:22:36Z</time>
   </trkpt>
   <trkpt lat="47.7996910" lon="-122.3608140">
    <ele>112.3</ele>
    <time>2020-09-26T18:22:37Z</time>
   </trkpt>
   <trkpt lat="47.7996960" lon="-122.3608910">
    <ele>112.5</ele>
    <time>2020-09-26T18:22:38Z</time>
   </trkpt>
   <trkpt lat="47.7996920" lon="-122.3609460">
    <ele>112.6</ele>
    <time>2020-09-26T18:22:39Z</time>
   </trkpt>
   <trkpt lat="47.7996860" lon="-122.3610410">
    <ele>112.8</ele>
    <time>2020-09-26T18:22:40Z</time>
   </trkpt>
   <trkpt lat="47.7996890" lon="-122.3610900">
    <ele>113.0</ele>
    <time>2020-09-26T18:22:41Z</time>
   </trkpt>
   <trkpt lat="47.7996890" lon="-122.3611540">
    <ele>113.1</ele>
    <time>2020-09-26T18:22:42Z</time>
   </trkpt>
   <trkpt lat="47.7997080" lon="-122.3612000">
    <ele>113.2</ele>
    <time>2020-09-26T18:22:43Z</time>
   </trkpt>
   <trkpt lat="47.7996900" lon="-122.3612620">
    <ele>113.4</ele>
    <time>2020-09-26T18:22:44Z</time>
   </trkpt>
   <trkpt lat="47.7996890" lon="-122.3613310">
    <ele>113.6</ele>
    <time>2020-09-26T18:22:45Z</time>
   </trkpt>
   <trkpt lat="47.7996840" lon="-122.3613770">
    <ele>113.7</ele>
    <time>2020-09-26T18:22:46Z</time>
   </trkpt>
   <trkpt lat="47.7996740" lon="-122.3614390">
    <ele>113.9</ele>
    <time>2020-09-26T18:22:47Z</time>
   </trkpt>
   <trkpt lat="47.7996870" lon="-122.3614890">
    <ele>114.0</ele>
    <time>2020-09-26T18:22:48Z</time>
   </trkpt>
   <trkpt lat="47.7997160" lon="-122.3615160">
    <ele>114.4</ele>
    <time>2020-09-26T18:22:49Z</time>
   </trkpt>
   <trkpt lat="47.7997590" lon="-122.3615200">
    <ele>114.4</ele>
    <time>2020-09-26T18:22:50Z</time>
   </trkpt>
   <trkpt lat="47.7998010" lon="-122.3615030">
    <ele>114.4</ele>
    <time>2020-09-26T18:22:51Z</time>
   </trkpt>
   <trkpt lat="47.7998390" lon="-122.3615090">
    <ele>114.4</ele>
    <time>2020-09-26T18:22:52Z</time>
   </trkpt>
   <trkpt lat="47.7998700" lon="-122.3614890">
    <ele>114.3</ele>
    <time>2020-09-26T18:22:53Z</time>
   </trkpt>
   <trkpt lat="47.7999040" lon="-122.3614680">
    <ele>114.3</ele>
    <time>2020-09-26T18:22:54Z</time>
   </trkpt>
   <trkpt lat="47.7999470" lon="-122.3614570">
    <ele>114.3</ele>
    <time>2020-09-26T18:22:55Z</time>
   </trkpt>
   <trkpt lat="47.7999740" lon="-122.3614640">
    <ele>114.2</ele>
    <time>2020-09-26T18:22:56Z</time>
   </trkpt>
   <trkpt lat="47.8000210" lon="-122.3614710">
    <ele>114.2</ele>
    <time>2020-09-26T18:22:57Z</time>
   </trkpt>
   <trkpt lat="47.8000560" lon="-122.3614640">
    <ele>114.1</ele>
    <time>2020-09-26T18:22:58Z</time>
   </trkpt>
   <trkpt lat="47.8000920" lon="-122.3614470">
    <ele>114.1</ele>
    <time>2020-09-26T18:22:59Z</time>
   </trkpt>
   <trkpt lat="47.8001300" lon="-122.3614290">
    <ele>114.1</ele>
    <time>2020-09-26T18:23:00Z</time>
   </trkpt>
   <trkpt lat="47.8001740" lon="-122.3614340">
    <ele>114.1</ele>
    <time>2020-09-26T18:23:01Z</time>
   </trkpt>
   <trkpt lat="47.8002120" lon="-122.3614370">
    <ele>114.0</ele>
    <time>2020-09-26T18:23:02Z</time>
   </trkpt>
   <trkpt lat="47.8002520" lon="-122.3614550">
    <ele>114.0</ele>
    <time>2020-09-26T18:23:03Z</time>
   </trkpt>
   <trkpt lat="47.8002860" lon="-122.3614420">
    <ele>114.0</ele>
    <time>2020-09-26T18:23:04Z</time>
   </trkpt>
   <trkpt lat="47.8003340" lon="-122.3614510">
    <ele>114.0</ele>
    <time>2020-09-26T18:23:05Z</time>
   </trkpt>
   <trkpt lat="47.8003750" lon="-122.3614460">
    <ele>114.0</ele>
    <time>2020-09-26T18:23:06Z</time>
   </trkpt>
   <trkpt lat="47.8003940" lon="-122.3614540">
    <ele>114.0</ele>
    <time>2020-09-26T18:23:07Z</time>
   </trkpt>
   <trkpt lat="47.8004340" lon="-122.3614570">
    <ele>113.9</ele>
    <time>2020-09-26T18:23:08Z</time>
   </trkpt>
   <trkpt lat="47.8004710" lon="-122.3614490">
    <ele>113.9</ele>
    <time>2020-09-26T18:23:09Z</time>
   </trkpt>
   <trkpt lat="47.8005100" lon="-122.3614640">
    <ele>113.8</ele>
    <time>2020-09-26T18:23:10Z</time>
   </trkpt>
   <trkpt lat="47.8005520" lon="-122.3614530">
    <ele>113.7</ele>
    <time>2020-09-26T18:23:11Z</time>
   </trkpt>
   <trkpt lat="47.8005950" lon="-122.3614620">
    <ele>113.6</ele>
    <time>2020-09-26T18:23:12Z</time>
   </trkpt>
   <trkpt lat="47.8006290" lon="-122.3614670">
    <ele>113.6</ele>
    <time>2020-09-26T18:23:13Z</time>
   </trkpt>
   <trkpt lat="47.8006590" lon="-122.3614540">
    <ele>113.5</ele>
    <time>2020-09-26T18:23:14Z</time>
   </trkpt>
   <trkpt lat="47.8006990" lon="-122.3614660">
    <ele>113.5</ele>
    <time>2020-09-26T18:23:15Z</time>
   </trkpt>
   <trkpt lat="47.8007320" lon="-122.3614600">
    <ele>113.5</ele>
    <time>2020-09-26T18:23:16Z</time>
   </trkpt>
   <trkpt lat="47.8007660" lon="-122.3614480">
    <ele>113.4</ele>
    <time>2020-09-26T18:23:17Z</time>
   </trkpt>
   <trkpt lat="47.8008060" lon="-122.3614430">
    <ele>113.3</ele>
    <time>2020-09-26T18:23:18Z</time>
   </trkpt>
   <trkpt lat="47.8008430" lon="-122.3614490">
    <ele>113.3</ele>
    <time>2020-09-26T18:23:19Z</time>
   </trkpt>
   <trkpt lat="47.8008870" lon="-122.3614450">
    <ele>113.2</ele>
    <time>2020-09-26T18:23:20Z</time>
   </trkpt>
   <trkpt lat="47.8009280" lon="-122.3614570">
    <ele>113.2</ele>
    <time>2020-09-26T18:23:21Z</time>
   </trkpt>
   <trkpt lat="47.8009710" lon="-122.3614410">
    <ele>113.1</ele>
    <time>2020-09-26T18:23:22Z</time>
   </trkpt>
   <trkpt lat="47.8010110" lon="-122.3614360">
    <ele>113.1</ele>
    <time>2020-09-26T18:23:23Z</time>
   </trkpt>
   <trkpt lat="47.8010500" lon="-122.3614320">
    <ele>113.0</ele>
    <time>2020-09-26T18:23:24Z</time>
   </trkpt>
   <trkpt lat="47.8010870" lon="-122.3614350">
    <ele>113.0</ele>
    <time>2020-09-26T18:23:25Z</time>
   </trkpt>
   <trkpt lat="47.8011290" lon="-122.3614330">
    <ele>112.9</ele>
    <time>2020-09-26T18:23:26Z</time>
   </trkpt>
   <trkpt lat="47.8011710" lon="-122.3614180">
    <ele>112.9</ele>
    <time>2020-09-26T18:23:27Z</time>
   </trkpt>
   <trkpt lat="47.8012060" lon="-122.3613990">
    <ele>112.8</ele>
    <time>2020-09-26T18:23:28Z</time>
   </trkpt>
   <trkpt lat="47.8012520" lon="-122.3614260">
    <ele>112.8</ele>
    <time>2020-09-26T18:23:29Z</time>
   </trkpt>
   <trkpt lat="47.8013050" lon="-122.3614140">
    <ele>112.7</ele>
    <time>2020-09-26T18:23:30Z</time>
   </trkpt>
   <trkpt lat="47.8013330" lon="-122.3614140">
    <ele>112.6</ele>
    <time>2020-09-26T18:23:31Z</time>
   </trkpt>
   <trkpt lat="47.8013700" lon="-122.3614190">
    <ele>112.5</ele>
    <time>2020-09-26T18:23:32Z</time>
   </trkpt>
   <trkpt lat="47.8014120" lon="-122.3614100">
    <ele>112.5</ele>
    <time>2020-09-26T18:23:33Z</time>
   </trkpt>
   <trkpt lat="47.8014430" lon="-122.3614190">
    <ele>112.4</ele>
    <time>2020-09-26T18:23:34Z</time>
   </trkpt>
   <trkpt lat="47.8014810" lon="-122.3614040">
    <ele>112.3</ele>
    <time>2020-09-26T18:23:35Z</time>
   </trkpt>
   <trkpt lat="47.8015180" lon="-122.3614210">
    <ele>112.2</ele>
    <time>2020-09-26T18:23:36Z</time>
   </trkpt>
   <trkpt lat="47.8015580" lon="-122.3614200">
    <ele>112.1</ele>
    <time>2020-09-26T18:23:37Z</time>
   </trkpt>
   <trkpt lat="47.8016010" lon="-122.3614310">
    <ele>112.1</ele>
    <time>2020-09-26T18:23:38Z</time>
   </trkpt>
   <trkpt lat="47.8016400" lon="-122.3614250">
    <ele>112.0</ele>
    <time>2020-09-26T18:23:39Z</time>
   </trkpt>
   <trkpt lat="47.8016780" lon="-122.3614110">
    <ele>111.9</ele>
    <time>2020-09-26T18:23:40Z</time>
   </trkpt>
   <trkpt lat="47.8017160" lon="-122.3614070">
    <ele>111.8</ele>
    <time>2020-09-26T18:23:41Z</time>
   </trkpt>
   <trkpt lat="47.8017520" lon="-122.3614130">
    <ele>111.7</ele>
    <time>2020-09-26T18:23:42Z</time>
   </trkpt>
   <trkpt lat="47.8018030" lon="-122.3614290">
    <ele>111.5</ele>
    <time>2020-09-26T18:23:43Z</time>
   </trkpt>
   <trkpt lat="47.8018510" lon="-122.3614430">
    <ele>111.4</ele>
    <time>2020-09-26T18:23:44Z</time>
   </trkpt>
   <trkpt lat="47.8018890" lon="-122.3614370">
    <ele>111.3</ele>
    <time>2020-09-26T18:23:45Z</time>
   </trkpt>
   <trkpt lat="47.8019320" lon="-122.3614300">
    <ele>111.2</ele>
    <time>2020-09-26T18:23:46Z</time>
   </trkpt>
   <trkpt lat="47.8019680" lon="-122.3614440">
    <ele>111.1</ele>
    <time>2020-09-26T18:23:47Z</time>
   </trkpt>
   <trkpt lat="47.8020120" lon="-122.3614430">
    <ele>111.0</ele>
    <time>2020-09-26T18:23:48Z</time>
   </trkpt>
   <trkpt lat="47.8020660" lon="-122.3614540">
    <ele>110.8</ele>
    <time>2020-09-26T18:23:49Z</time>
   </trkpt>
   <trkpt lat="47.8021030" lon="-122.3614600">
    <ele>110.7</ele>
    <time>2020-09-26T18:23:50Z</time>
   </trkpt>
   <trkpt lat="47.8021470" lon="-122.3614380">
    <ele>110.6</ele>
    <time>2020-09-26T18:23:51Z</time>
   </trkpt>
   <trkpt lat="47.8021840" lon="-122.3614480">
    <ele>110.4</ele>
    <time>2020-09-26T18:23:52Z</time>
   </trkpt>
   <trkpt lat="47.8022210" lon="-122.3614440">
    <ele>110.3</ele>
    <time>2020-09-26T18:23:53Z</time>
   </trkpt>
   <trkpt lat="47.8022640" lon="-122.3614460">
    <ele>110.2</ele>
    <time>2020-09-26T18:23:54Z</time>
   </trkpt>
   <trkpt lat="47.8023030" lon="-122.3614510">
    <ele>110.1</ele>
    <time>2020-09-26T18:23:55Z</time>
   </trkpt>
   <trkpt lat="47.8023450" lon="-122.3614370">
    <ele>109.9</ele>
    <time>2020-09-26T18:23:56Z</time>
   </trkpt>
   <trkpt lat="47.8023850" lon="-122.3614420">
    <ele>109.8</ele>
    <time>2020-09-26T18:23:57Z</time>
   </trkpt>
   <trkpt lat="47.8024360" lon="-122.3614630">
    <ele>109.7</ele>
    <time>2020-09-26T18:23:58Z</time>
   </trkpt>
   <trkpt lat="47.8024690" lon="-122.3614540">
    <ele>109.6</ele>
    <time>2020-09-26T18:23:59Z</time>
   </trkpt>
   <trkpt lat="47.8025120" lon="-122.3614540">
    <ele>109.5</ele>
    <time>2020-09-26T18:24:00Z</time>
   </trkpt>
   <trkpt lat="47.8025600" lon="-122.3614480">
    <ele>109.4</ele>
    <time>2020-09-26T18:24:01Z</time>
   </trkpt>
   <trkpt lat="47.8026000" lon="-122.3614460">
    <ele>109.4</ele>
    <time>2020-09-26T18:24:02Z</time>
   </trkpt>
   <trkpt lat="47.8026420" lon="-122.3614660">
    <ele>109.3</ele>
    <time>2020-09-26T18:24:03Z</time>
   </trkpt>
   <trkpt lat="47.8026750" lon="-122.3614590">
    <ele>109.2</ele>
    <time>2020-09-26T18:24:04Z</time>
   </trkpt>
   <trkpt lat="47.8027210" lon="-122.3614540">
    <ele>109.1</ele>
    <time>2020-09-26T18:24:05Z</time>
   </trkpt>
   <trkpt lat="47.8027540" lon="-122.3614520">
    <ele>109.0</ele>
    <time>2020-09-26T18:24:06Z</time>
   </trkpt>
   <trkpt lat="47.8027970" lon="-122.3614550">
    <ele>109.0</ele>
    <time>2020-09-26T18:24:07Z</time>
   </trkpt>
   <trkpt lat="47.8028390" lon="-122.3614590">
    <ele>108.9</ele>
    <time>2020-09-26T18:24:08Z</time>
   </trkpt>
   <trkpt lat="47.8028700" lon="-122.3614430">
    <ele>108.9</ele>
    <time>2020-09-26T18:24:09Z</time>
   </trkpt>
   <trkpt lat="47.8029130" lon="-122.3614430">
    <ele>108.8</ele>
    <time>2020-09-26T18:24:10Z</time>
   </trkpt>
   <trkpt lat="47.8029620" lon="-122.3614430">
    <ele>108.6</ele>
    <time>2020-09-26T18:24:11Z</time>
   </trkpt>
   <trkpt lat="47.8030120" lon="-122.3614590">
    <ele>108.5</ele>
    <time>2020-09-26T18:24:12Z</time>
   </trkpt>
   <trkpt lat="47.8030500" lon="-122.3614540">
    <ele>108.4</ele>
    <time>2020-09-26T18:24:13Z</time>
   </trkpt>
   <trkpt lat="47.8030820" lon="-122.3614540">
    <ele>108.3</ele>
    <time>2020-09-26T18:24:14Z</time>
   </trkpt>
   <trkpt lat="47.8031260" lon="-122.3614520">
    <ele>108.2</ele>
    <time>2020-09-26T18:24:15Z</time>
   </trkpt>
   <trkpt lat="47.8031640" lon="-122.3614390">
    <ele>108.0</ele>
    <time>2020-09-26T18:24:16Z</time>
   </trkpt>
   <trkpt lat="47.8032140" lon="-122.3614420">
    <ele>107.9</ele>
    <time>2020-09-26T18:24:17Z</time>
   </trkpt>
   <trkpt lat="47.8032530" lon="-122.3614420">
    <ele>107.8</ele>
    <time>2020-09-26T18:24:18Z</time>
   </trkpt>
   <trkpt lat="47.8033010" lon="-122.3614550">
    <ele>107.7</ele>
    <time>2020-09-26T18:24:19Z</time>
   </trkpt>
   <trkpt lat="47.8033420" lon="-122.3614560">
    <ele>107.6</ele>
    <time>2020-09-26T18:24:20Z</time>
   </trkpt>
   <trkpt lat="47.8033710" lon="-122.3614630">
    <ele>107.5</ele>
    <time>2020-09-26T18:24:21Z</time>
   </trkpt>
   <trkpt lat="47.8034120" lon="-122.3614750">
    <ele>107.4</ele>
    <time>2020-09-26T18:24:22Z</time>
   </trkpt>
   <trkpt lat="47.8034440" lon="-122.3614790">
    <ele>107.3</ele>
    <time>2020-09-26T18:24:23Z</time>
   </trkpt>
   <trkpt lat="47.8034830" lon="-122.3614680">
    <ele>107.2</ele>
    <time>2020-09-26T18:24:24Z</time>
   </trkpt>
   <trkpt lat="47.8035160" lon="-122.3614620">
    <ele>107.0</ele>
    <time>2020-09-26T18:24:25Z</time>
   </trkpt>
   <trkpt lat="47.8035530" lon="-122.3614510">
    <ele>106.9</ele>
    <time>2020-09-26T18:24:26Z</time>
   </trkpt>
   <trkpt lat="47.8036010" lon="-122.3614730">
    <ele>106.7</ele>
    <time>2020-09-26T18:24:27Z</time>
   </trkpt>
   <trkpt lat="47.8036290" lon="-122.3614670">
    <ele>106.6</ele>
    <time>2020-09-26T18:24:28Z</time>
   </trkpt>
   <trkpt lat="47.8036760" lon="-122.3614700">
    <ele>106.5</ele>
    <time>2020-09-26T18:24:29Z</time>
   </trkpt>
   <trkpt lat="47.8037090" lon="-122.3614470">
    <ele>106.5</ele>
    <time>2020-09-26T18:24:30Z</time>
   </trkpt>
   <trkpt lat="47.8037510" lon="-122.3614380">
    <ele>106.4</ele>
    <time>2020-09-26T18:24:31Z</time>
   </trkpt>
   <trkpt lat="47.8037950" lon="-122.3614550">
    <ele>106.3</ele>
    <time>2020-09-26T18:24:32Z</time>
   </trkpt>
   <trkpt lat="47.8038330" lon="-122.3614350">
    <ele>106.1</ele>
    <time>2020-09-26T18:24:33Z</time>
   </trkpt>
   <trkpt lat="47.8038690" lon="-122.3614360">
    <ele>106.0</ele>
    <time>2020-09-26T18:24:34Z</time>
   </trkpt>
   <trkpt lat="47.8039040" lon="-122.3614470">
    <ele>105.9</ele>
    <time>2020-09-26T18:24:35Z</time>
   </trkpt>
   <trkpt lat="47.8039480" lon="-122.3614570">
    <ele>105.8</ele>
    <time>2020-09-26T18:24:36Z</time>
   </trkpt>
   <trkpt lat="47.8039870" lon="-122.3614460">
    <ele>105.6</ele>
    <time>2020-09-26T18:24:37Z</time>
   </trkpt>
   <trkpt lat="47.8040070" lon="-122.3614120">
    <ele>105.5</ele>
    <time>2020-09-26T18:24:38Z</time>
   </trkpt>
   <trkpt lat="47.8040510" lon="-122.3614380">
    <ele>105.3</ele>
    <time>2020-09-26T18:24:39Z</time>
   </trkpt>
   <trkpt lat="47.8040920" lon="-122.3614460">
    <ele>105.2</ele>
    <time>2020-09-26T18:24:40Z</time>
   </trkpt>
   <trkpt lat="47.8041290" lon="-122.3614690">
    <ele>105.0</ele>
    <time>2020-09-26T18:24:41Z</time>
   </trkpt>
   <trkpt lat="47.8041590" lon="-122.3614970">
    <ele>104.9</ele>
    <time>2020-09-26T18:24:42Z</time>
   </trkpt>
   <trkpt lat="47.8042010" lon="-122.3615330">
    <ele>104.7</ele>
    <time>2020-09-26T18:24:43Z</time>
   </trkpt>
   <trkpt lat="47.8042240" lon="-122.3615420">
    <ele>104.6</ele>
    <time>2020-09-26T18:24:44Z</time>
   </trkpt>
   <trkpt lat="47.8042550" lon="-122.3615580">
    <ele>104.5</ele>
    <time>2020-09-26T18:24:45Z</time>
   </trkpt>
   <trkpt lat="47.8043000" lon="-122.3615750">
    <ele>104.3</ele>
    <time>2020-09-26T18:24:46Z</time>
   </trkpt>
   <trkpt lat="47.8043360" lon="-122.3615700">
    <ele>104.2</ele>
    <time>2020-09-26T18:24:47Z</time>
   </trkpt>
   <trkpt lat="47.8043720" lon="-122.3615530">
    <ele>104.0</ele>
    <time>2020-09-26T18:24:48Z</time>
   </trkpt>
   <trkpt lat="47.8044070" lon="-122.3615510">
    <ele>103.8</ele>
    <time>2020-09-26T18:24:49Z</time>
   </trkpt>
   <trkpt lat="47.8044450" lon="-122.3615530">
    <ele>103.6</ele>
    <time>2020-09-26T18:24:50Z</time>
   </trkpt>
   <trkpt lat="47.8044800" lon="-122.3615530">
    <ele>103.5</ele>
    <time>2020-09-26T18:24:51Z</time>
   </trkpt>
   <trkpt lat="47.8045160" lon="-122.3615600">
    <ele>103.4</ele>
    <time>2020-09-26T18:24:52Z</time>
   </trkpt>
   <trkpt lat="47.8045560" lon="-122.3615520">
    <ele>103.2</ele>
    <time>2020-09-26T18:24:53Z</time>
   </trkpt>
   <trkpt lat="47.8046120" lon="-122.3615490">
    <ele>102.8</ele>
    <time>2020-09-26T18:24:54Z</time>
   </trkpt>
   <trkpt lat="47.8046450" lon="-122.3615490">
    <ele>102.6</ele>
    <time>2020-09-26T18:24:55Z</time>
   </trkpt>
   <trkpt lat="47.8046820" lon="-122.3615550">
    <ele>102.3</ele>
    <time>2020-09-26T18:24:56Z</time>
   </trkpt>
   <trkpt lat="47.8047200" lon="-122.3615380">
    <ele>102.0</ele>
    <time>2020-09-26T18:24:57Z</time>
   </trkpt>
   <trkpt lat="47.8047580" lon="-122.3615430">
    <ele>101.7</ele>
    <time>2020-09-26T18:24:58Z</time>
   </trkpt>
   <trkpt lat="47.8047970" lon="-122.3615300">
    <ele>101.4</ele>
    <time>2020-09-26T18:24:59Z</time>
   </trkpt>
   <trkpt lat="47.8048330" lon="-122.3615270">
    <ele>101.1</ele>
    <time>2020-09-26T18:25:00Z</time>
   </trkpt>
   <trkpt lat="47.8048590" lon="-122.3615130">
    <ele>100.9</ele>
    <time>2020-09-26T18:25:01Z</time>
   </trkpt>
   <trkpt lat="47.8048940" lon="-122.3615320">
    <ele>100.7</ele>
    <time>2020-09-26T18:25:02Z</time>
   </trkpt>
   <trkpt lat="47.8049320" lon="-122.3615280">
    <ele>100.4</ele>
    <time>2020-09-26T18:25:03Z</time>
   </trkpt>
   <trkpt lat="47.8049810" lon="-122.3615220">
    <ele>100.1</ele>
    <time>2020-09-26T18:25:04Z</time>
   </trkpt>
   <trkpt lat="47.8050140" lon="-122.3615150">
    <ele>99.8</ele>
    <time>2020-09-26T18:25:05Z</time>
   </trkpt>
   <trkpt lat="47.8050580" lon="-122.3615150">
    <ele>99.6</ele>
    <time>2020-09-26T18:25:06Z</time>
   </trkpt>
   <trkpt lat="47.8050960" lon="-122.3615060">
    <ele>99.4</ele>
    <time>2020-09-26T18:25:07Z</time>
   </trkpt>
   <trkpt lat="47.8051350" lon="-122.3615030">
    <ele>99.3</ele>
    <time>2020-09-26T18:25:08Z</time>
   </trkpt>
   <trkpt lat="47.8051830" lon="-122.3615140">
    <ele>99.2</ele>
    <time>2020-09-26T18:25:09Z</time>
   </trkpt>
   <trkpt lat="47.8052050" lon="-122.3615230">
    <ele>99.1</ele>
    <time>2020-09-26T18:25:10Z</time>
   </trkpt>
   <trkpt lat="47.8052380" lon="-122.3615230">
    <ele>99.0</ele>
    <time>2020-09-26T18:25:11Z</time>
   </trkpt>
   <trkpt lat="47.8052720" lon="-122.3615160">
    <ele>99.0</ele>
    <time>2020-09-26T18:25:12Z</time>
   </trkpt>
   <trkpt lat="47.8053100" lon="-122.3615140">
    <ele>98.9</ele>
    <time>2020-09-26T18:25:13Z</time>
   </trkpt>
   <trkpt lat="47.8053480" lon="-122.3615150">
    <ele>98.8</ele>
    <time>2020-09-26T18:25:14Z</time>
   </trkpt>
   <trkpt lat="47.8053850" lon="-122.3615210">
    <ele>98.8</ele>
    <time>2020-09-26T18:25:15Z</time>
   </trkpt>
   <trkpt lat="47.8054240" lon="-122.3615460">
    <ele>98.7</ele>
    <time>2020-09-26T18:25:16Z</time>
   </trkpt>
   <trkpt lat="47.8054400" lon="-122.3615530">
    <ele>98.7</ele>
    <time>2020-09-26T18:25:17Z</time>
   </trkpt>
   <trkpt lat="47.8054770" lon="-122.3615510">
    <ele>98.6</ele>
    <time>2020-09-26T18:25:18Z</time>
   </trkpt>
   <trkpt lat="47.8055090" lon="-122.3615740">
    <ele>98.6</ele>
    <time>2020-09-26T18:25:19Z</time>
   </trkpt>
   <trkpt lat="47.8055550" lon="-122.3615550">
    <ele>98.5</ele>
    <time>2020-09-26T18:25:20Z</time>
   </trkpt>
   <trkpt lat="47.8055830" lon="-122.3615620">
    <ele>98.4</ele>
    <time>2020-09-26T18:25:21Z</time>
   </trkpt>
   <trkpt lat="47.8056240" lon="-122.3615250">
    <ele>98.3</ele>
    <time>2020-09-26T18:25:22Z</time>
   </trkpt>
   <trkpt lat="47.8056680" lon="-122.3615270">
    <ele>98.2</ele>
    <time>2020-09-26T18:25:23Z</time>
   </trkpt>
   <trkpt lat="47.8057020" lon="-122.3615300">
    <ele>98.2</ele>
    <time>2020-09-26T18:25:24Z</time>
   </trkpt>
   <trkpt lat="47.8057380" lon="-122.3615260">
    <ele>98.1</ele>
    <time>2020-09-26T18:25:25Z</time>
   </trkpt>
   <trkpt lat="47.8057750" lon="-122.3615380">
    <ele>98.0</ele>
    <time>2020-09-26T18:25:26Z</time>
   </trkpt>
   <trkpt lat="47.8058190" lon="-122.3615490">
    <ele>97.9</ele>
    <time>2020-09-26T18:25:27Z</time>
   </trkpt>
   <trkpt lat="47.8058610" lon="-122.3615310">
    <ele>97.8</ele>
    <time>2020-09-26T18:25:28Z</time>
   </trkpt>
   <trkpt lat="47.8058930" lon="-122.3615290">
    <ele>97.8</ele>
    <time>2020-09-26T18:25:29Z</time>
   </trkpt>
   <trkpt lat="47.8059300" lon="-122.3615270">
    <ele>97.8</ele>
    <time>2020-09-26T18:25:30Z</time>
   </trkpt>
   <trkpt lat="47.8059730" lon="-122.3615350">
    <ele>97.8</ele>
    <time>2020-09-26T18:25:31Z</time>
   </trkpt>
   <trkpt lat="47.8060080" lon="-122.3615410">
    <ele>97.8</ele>
    <time>2020-09-26T18:25:32Z</time>
   </trkpt>
   <trkpt lat="47.8060510" lon="-122.3615320">
    <ele>97.8</ele>
    <time>2020-09-26T18:25:33Z</time>
   </trkpt>
   <trkpt lat="47.8060900" lon="-122.3615480">
    <ele>97.7</ele>
    <time>2020-09-26T18:25:34Z</time>
   </trkpt>
   <trkpt lat="47.8061380" lon="-122.3615330">
    <ele>97.7</ele>
    <time>2020-09-26T18:25:35Z</time>
   </trkpt>
   <trkpt lat="47.8061660" lon="-122.3615280">
    <ele>97.7</ele>
    <time>2020-09-26T18:25:36Z</time>
   </trkpt>
   <trkpt lat="47.8062090" lon="-122.3615410">
    <ele>97.7</ele>
    <time>2020-09-26T18:25:37Z</time>
   </trkpt>
   <trkpt lat="47.8062410" lon="-122.3615500">
    <ele>97.7</ele>
    <time>2020-09-26T18:25:38Z</time>
   </trkpt>
   <trkpt lat="47.8062710" lon="-122.3615670">
    <ele>97.7</ele>
    <time>2020-09-26T18:25:39Z</time>
   </trkpt>
   <trkpt lat="47.8063090" lon="-122.3615550">
    <ele>97.6</ele>
    <time>2020-09-26T18:25:40Z</time>
   </trkpt>
   <trkpt lat="47.8063500" lon="-122.3615530">
    <ele>97.6</ele>
    <time>2020-09-26T18:25:41Z</time>
   </trkpt>
   <trkpt lat="47.8063820" lon="-122.3615400">
    <ele>97.6</ele>
    <time>2020-09-26T18:25:42Z</time>
   </trkpt>
   <trkpt lat="47.8064240" lon="-122.3615370">
    <ele>97.6</ele>
    <time>2020-09-26T18:25:43Z</time>
   </trkpt>
   <trkpt lat="47.8064550" lon="-122.3615250">
    <ele>97.6</ele>
    <time>2020-09-26T18:25:44Z</time>
   </trkpt>
   <trkpt lat="47.8064950" lon="-122.3615640">
    <ele>97.7</ele>
    <time>2020-09-26T18:25:45Z</time>
   </trkpt>
   <trkpt lat="47.8065360" lon="-122.3615950">
    <ele>97.7</ele>
    <time>2020-09-26T18:25:46Z</time>
   </trkpt>
   <trkpt lat="47.8065770" lon="-122.3615910">
    <ele>97.7</ele>
    <time>2020-09-26T18:25:47Z</time>
   </trkpt>
   <trkpt lat="47.8066110" lon="-122.3615970">
    <ele>97.7</ele>
    <time>2020-09-26T18:25:48Z</time>
   </trkpt>
   <trkpt lat="47.8066430" lon="-122.3615900">
    <ele>97.7</ele>
    <time>2020-09-26T18:25:49Z</time>
   </trkpt>
   <trkpt lat="47.8066820" lon="-122.3615770">
    <ele>97.6</ele>
    <time>2020-09-26T18:25:50Z</time>
   </trkpt>
   <trkpt lat="47.8067120" lon="-122.3615750">
    <ele>97.6</ele>
    <time>2020-09-26T18:25:51Z</time>
   </trkpt>
   <trkpt lat="47.8067600" lon="-122.3615750">
    <ele>97.6</ele>
    <time>2020-09-26T18:25:52Z</time>
   </trkpt>
   <trkpt lat="47.8067890" lon="-122.3615740">
    <ele>97.5</ele>
    <time>2020-09-26T18:25:53Z</time>
   </trkpt>
   <trkpt lat="47.8068280" lon="-122.3615880">
    <ele>97.5</ele>
    <time>2020-09-26T18:25:54Z</time>
   </trkpt>
   <trkpt lat="47.8068690" lon="-122.3615660">
    <ele>97.4</ele>
    <time>2020-09-26T18:25:55Z</time>
   </trkpt>
   <trkpt lat="47.8068960" lon="-122.3615890">
    <ele>97.4</ele>
    <time>2020-09-26T18:25:56Z</time>
   </trkpt>
   <trkpt lat="47.8069370" lon="-122.3616010">
    <ele>97.3</ele>
    <time>2020-09-26T18:25:57Z</time>
   </trkpt>
   <trkpt lat="47.8069730" lon="-122.3616170">
    <ele>97.3</ele>
    <time>2020-09-26T18:25:58Z</time>
   </trkpt>
   <trkpt lat="47.8070140" lon="-122.3616240">
    <ele>97.3</ele>
    <time>2020-09-26T18:25:59Z</time>
   </trkpt>
   <trkpt lat="47.8070360" lon="-122.3616170">
    <ele>97.3</ele>
    <time>2020-09-26T18:26:00Z</time>
   </trkpt>
   <trkpt lat="47.8070720" lon="-122.3616030">
    <ele>97.3</ele>
    <time>2020-09-26T18:26:01Z</time>
   </trkpt>
   <trkpt lat="47.8071170" lon="-122.3616230">
    <ele>97.3</ele>
    <time>2020-09-26T18:26:02Z</time>
   </trkpt>
   <trkpt lat="47.8071530" lon="-122.3616400">
    <ele>97.3</ele>
    <time>2020-09-26T18:26:03Z</time>
   </trkpt>
   <trkpt lat="47.8071810" lon="-122.3616370">
    <ele>97.3</ele>
    <time>2020-09-26T18:26:04Z</time>
   </trkpt>
   <trkpt lat="47.8072050" lon="-122.3616730">
    <ele>97.2</ele>
    <time>2020-09-26T18:26:05Z</time>
   </trkpt>
   <trkpt lat="47.8072230" lon="-122.3617280">
    <ele>97.1</ele>
    <time>2020-09-26T18:26:06Z</time>
   </trkpt>
   <trkpt lat="47.8072230" lon="-122.3617540">
    <ele>97.1</ele>
    <time>2020-09-26T18:26:07Z</time>
   </trkpt>
   <trkpt lat="47.8072130" lon="-122.3618200">
    <ele>97.0</ele>
    <time>2020-09-26T18:26:08Z</time>
   </trkpt>
   <trkpt lat="47.8072110" lon="-122.3618790">
    <ele>96.9</ele>
    <time>2020-09-26T18:26:09Z</time>
   </trkpt>
   <trkpt lat="47.8072040" lon="-122.3619440">
    <ele>96.8</ele>
    <time>2020-09-26T18:26:10Z</time>
   </trkpt>
   <trkpt lat="47.8072110" lon="-122.3619890">
    <ele>96.7</ele>
    <time>2020-09-26T18:26:11Z</time>
   </trkpt>
   <trkpt lat="47.8072210" lon="-122.3620700">
    <ele>96.6</ele>
    <time>2020-09-26T18:26:12Z</time>
   </trkpt>
   <trkpt lat="47.8072220" lon="-122.3621260">
    <ele>96.6</ele>
    <time>2020-09-26T18:26:13Z</time>
   </trkpt>
   <trkpt lat="47.8072210" lon="-122.3621830">
    <ele>96.5</ele>
    <time>2020-09-26T18:26:14Z</time>
   </trkpt>
   <trkpt lat="47.8072200" lon="-122.3622310">
    <ele>96.5</ele>
    <time>2020-09-26T18:26:15Z</time>
   </trkpt>
   <trkpt lat="47.8072240" lon="-122.3622730">
    <ele>96.5</ele>
    <time>2020-09-26T18:26:16Z</time>
   </trkpt>
   <trkpt lat="47.8072130" lon="-122.3623310">
    <ele>96.4</ele>
    <time>2020-09-26T18:26:17Z</time>
   </trkpt>
   <trkpt lat="47.8072150" lon="-122.3623930">
    <ele>96.4</ele>
    <time>2020-09-26T18:26:18Z</time>
   </trkpt>
   <trkpt lat="47.8072240" lon="-122.3624540">
    <ele>96.3</ele>
    <time>2020-09-26T18:26:19Z</time>
   </trkpt>
   <trkpt lat="47.8072270" lon="-122.3625120">
    <ele>96.3</ele>
    <time>2020-09-26T18:26:20Z</time>
   </trkpt>
   <trkpt lat="47.8072370" lon="-122.3625530">
    <ele>96.3</ele>
    <time>2020-09-26T18:26:21Z</time>
   </trkpt>
   <trkpt lat="47.8072400" lon="-122.3626170">
    <ele>96.2</ele>
    <time>2020-09-26T18:26:22Z</time>
   </trkpt>
   <trkpt lat="47.8072360" lon="-122.3626670">
    <ele>96.2</ele>
    <time>2020-09-26T18:26:23Z</time>
   </trkpt>
   <trkpt lat="47.8072360" lon="-122.3627380">
    <ele>96.2</ele>
    <time>2020-09-26T18:26:24Z</time>
   </trkpt>
   <trkpt lat="47.8072270" lon="-122.3627950">
    <ele>96.1</ele>
    <time>2020-09-26T18:26:25Z</time>
   </trkpt>
   <trkpt lat="47.8072430" lon="-122.3628350">
    <ele>96.1</ele>
    <time>2020-09-26T18:26:26Z</time>
   </trkpt>
   <trkpt lat="47.8072320" lon="-122.3628980">
    <ele>96.1</ele>
    <time>2020-09-26T18:26:27Z</time>
   </trkpt>
   <trkpt lat="47.8072460" lon="-122.3629650">
    <ele>96.1</ele>
    <time>2020-09-26T18:26:28Z</time>
   </trkpt>
   <trkpt lat="47.8072460" lon="-122.3629980">
    <ele>96.1</ele>
    <time>2020-09-26T18:26:29Z</time>
   </trkpt>
   <trkpt lat="47.8072370" lon="-122.3630660">
    <ele>96.1</ele>
    <time>2020-09-26T18:26:30Z</time>
   </trkpt>
   <trkpt lat="47.8072530" lon="-122.3631230">
    <ele>96.0</ele>
    <time>2020-09-26T18:26:31Z</time>
   </trkpt>
   <trkpt lat="47.8072430" lon="-122.3631880">
    <ele>96.0</ele>
    <time>2020-09-26T18:26:32Z</time>
   </trkpt>
   <trkpt lat="47.8072430" lon="-122.3632360">
    <ele>96.0</ele>
    <time>2020-09-26T18:26:33Z</time>
   </trkpt>
   <trkpt lat="47.8072490" lon="-122.3633040">
    <ele>96.0</ele>
    <time>2020-09-26T18:26:34Z</time>
   </trkpt>
   <trkpt lat="47.8072520" lon="-122.3633680">
    <ele>95.9</ele>
    <time>2020-09-26T18:26:35Z</time>
   </trkpt>
   <trkpt lat="47.8072570" lon="-122.3634240">
    <ele>95.9</ele>
    <time>2020-09-26T18:26:36Z</time>
   </trkpt>
   <trkpt lat="47.8072530" lon="-122.3634870">
    <ele>95.9</ele>
    <time>2020-09-26T18:26:37Z</time>
   </trkpt>
   <trkpt lat="47.8072540" lon="-122.3635400">
    <ele>95.9</ele>
    <time>2020-09-26T18:26:38Z</time>
   </trkpt>
   <trkpt lat="47.8072460" lon="-122.3635960">
    <ele>95.9</ele>
    <time>2020-09-26T18:26:39Z</time>
   </trkpt>
   <trkpt lat="47.8072520" lon="-122.3636680">
    <ele>95.9</ele>
    <time>2020-09-26T18:26:40Z</time>
   </trkpt>
   <trkpt lat="47.8072570" lon="-122.3637150">
    <ele>95.9</ele>
    <time>2020-09-26T18:26:41Z</time>
   </trkpt>
   <trkpt lat="47.8072600" lon="-122.3637620">
    <ele>95.9</ele>
    <time>2020-09-26T18:26:42Z</time>
   </trkpt>
   <trkpt lat="47.8072490" lon="-122.3638110">
    <ele>95.8</ele>
    <time>2020-09-26T18:26:43Z</time>
   </trkpt>
   <trkpt lat="47.8072560" lon="-122.3638570">
    <ele>95.8</ele>
    <time>2020-09-26T18:26:44Z</time>
   </trkpt>
   <trkpt lat="47.8072540" lon="-122.3639170">
    <ele>95.7</ele>
    <time>2020-09-26T18:26:45Z</time>
   </trkpt>
   <trkpt lat="47.8072510" lon="-122.3639630">
    <ele>95.7</ele>
    <time>2020-09-26T18:26:46Z</time>
   </trkpt>
   <trkpt lat="47.8072510" lon="-122.3640440">
    <ele>95.7</ele>
    <time>2020-09-26T18:26:47Z</time>
   </trkpt>
   <trkpt lat="47.8072430" lon="-122.3640960">
    <ele>95.7</ele>
    <time>2020-09-26T18:26:48Z</time>
   </trkpt>
   <trkpt lat="47.8072420" lon="-122.3641520">
    <ele>95.7</ele>
    <time>2020-09-26T18:26:49Z</time>
   </trkpt>
   <trkpt lat="47.8072450" lon="-122.3642050">
    <ele>95.7</ele>
    <time>2020-09-26T18:26:50Z</time>
   </trkpt>
   <trkpt lat="47.8072430" lon="-122.3642650">
    <ele>95.7</ele>
    <time>2020-09-26T18:26:51Z</time>
   </trkpt>
   <trkpt lat="47.8072470" lon="-122.3643070">
    <ele>95.8</ele>
    <time>2020-09-26T18:26:52Z</time>
   </trkpt>
   <trkpt lat="47.8072530" lon="-122.3643600">
    <ele>95.8</ele>
    <time>2020-09-26T18:26:53Z</time>
   </trkpt>
   <trkpt lat="47.8072430" lon="-122.3644160">
    <ele>95.7</ele>
    <time>2020-09-26T18:26:54Z</time>
   </trkpt>
   <trkpt lat="47.8072450" lon="-122.3644700">
    <ele>95.7</ele>
    <time>2020-09-26T18:26:55Z</time>
   </trkpt>
   <trkpt lat="47.8072420" lon="-122.3645310">
    <ele>95.7</ele>
    <time>2020-09-26T18:26:56Z</time>
   </trkpt>
   <trkpt lat="47.8072470" lon="-122.3646100">
    <ele>95.6</ele>
    <time>2020-09-26T18:26:57Z</time>
   </trkpt>
   <trkpt lat="47.8072550" lon="-122.3646680">
    <ele>95.5</ele>
    <time>2020-09-26T18:26:58Z</time>
   </trkpt>
   <trkpt lat="47.8072620" lon="-122.3647130">
    <ele>95.5</ele>
    <time>2020-09-26T18:26:59Z</time>
   </trkpt>
   <trkpt lat="47.8072570" lon="-122.3647840">
    <ele>95.4</ele>
    <time>2020-09-26T18:27:00Z</time>
   </trkpt>
   <trkpt lat="47.8072390" lon="-122.3648350">
    <ele>95.4</ele>
    <time>2020-09-26T18:27:01Z</time>
   </trkpt>
   <trkpt lat="47.8072470" lon="-122.3648930">
    <ele>95.3</ele>
    <time>2020-09-26T18:27:02Z</time>
   </trkpt>
   <trkpt lat="47.8072500" lon="-122.3649540">
    <ele>95.2</ele>
    <time>2020-09-26T18:27:03Z</time>
   </trkpt>
   <trkpt lat="47.8072480" lon="-122.3650150">
    <ele>95.1</ele>
    <time>2020-09-26T18:27:04Z</time>
   </trkpt>
   <trkpt lat="47.8072380" lon="-122.3650660">
    <ele>95.0</ele>
    <time>2020-09-26T18:27:05Z</time>
   </trkpt>
   <trkpt lat="47.8072420" lon="-122.3651220">
    <ele>94.8</ele>
    <time>2020-09-26T18:27:06Z</time>
   </trkpt>
   <trkpt lat="47.8072600" lon="-122.3651800">
    <ele>94.7</ele>
    <time>2020-09-26T18:27:07Z</time>
   </trkpt>
   <trkpt lat="47.8072550" lon="-122.3652240">
    <ele>94.5</ele>
    <time>2020-09-26T18:27:08Z</time>
   </trkpt>
   <trkpt lat="47.8072440" lon="-122.3652710">
    <ele>94.3</ele>
    <time>2020-09-26T18:27:09Z</time>
   </trkpt>
   <trkpt lat="47.8072420" lon="-122.3653220">
    <ele>94.2</ele>
    <time>2020-09-26T18:27:10Z</time>
   </trkpt>
   <trkpt lat="47.8072550" lon="-122.3653660">
    <ele>94.0</ele>
    <time>2020-09-26T18:27:11Z</time>
   </trkpt>
   <trkpt lat="47.8072380" lon="-122.3654550">
    <ele>93.6</ele>
    <time>2020-09-26T18:27:12Z</time>
   </trkpt>
   <trkpt lat="47.8072360" lon="-122.3655120">
    <ele>93.3</ele>
    <time>2020-09-26T18:27:13Z</time>
   </trkpt>
   <trkpt lat="47.8072370" lon="-122.3655800">
    <ele>92.9</ele>
    <time>2020-09-26T18:27:14Z</time>
   </trkpt>
   <trkpt lat="47.8072470" lon="-122.3656440">
    <ele>92.5</ele>
    <time>2020-09-26T18:27:15Z</time>
   </trkpt>
   <trkpt lat="47.8072490" lon="-122.3656940">
    <ele>92.2</ele>
    <time>2020-09-26T18:27:16Z</time>
   </trkpt>
   <trkpt lat="47.8072480" lon="-122.3657540">
    <ele>91.9</ele>
    <time>2020-09-26T18:27:17Z</time>
   </trkpt>
   <trkpt lat="47.8072340" lon="-122.3658130">
    <ele>91.5</ele>
    <time>2020-09-26T18:27:18Z</time>
   </trkpt>
   <trkpt lat="47.8072350" lon="-122.3658670">
    <ele>91.1</ele>
    <time>2020-09-26T18:27:19Z</time>
   </trkpt>
   <trkpt lat="47.8072330" lon="-122.3659100">
    <ele>90.8</ele>
    <time>2020-09-26T18:27:20Z</time>
   </trkpt>
   <trkpt lat="47.8072370" lon="-122.3659600">
    <ele>90.5</ele>
    <time>2020-09-26T18:27:21Z</time>
   </trkpt>
   <trkpt lat="47.8072430" lon="-122.3660080">
    <ele>90.2</ele>
    <time>2020-09-26T18:27:22Z</time>
   </trkpt>
   <trkpt lat="47.8072320" lon="-122.3660710">
    <ele>89.7</ele>
    <time>2020-09-26T18:27:23Z</time>
   </trkpt>
   <trkpt lat="47.8072440" lon="-122.3661470">
    <ele>89.2</ele>
    <time>2020-09-26T18:27:24Z</time>
   </trkpt>
   <trkpt lat="47.8072350" lon="-122.3661940">
    <ele>88.8</ele>
    <time>2020-09-26T18:27:25Z</time>
   </trkpt>
   <trkpt lat="47.8072390" lon="-122.3662500">
    <ele>88.4</ele>
    <time>2020-09-26T18:27:26Z</time>
   </trkpt>
   <trkpt lat="47.8072470" lon="-122.3663000">
    <ele>88.1</ele>
    <time>2020-09-26T18:27:27Z</time>
   </trkpt>
   <trkpt lat="47.8072370" lon="-122.3663750">
    <ele>87.6</ele>
    <time>2020-09-26T18:27:28Z</time>
   </trkpt>
   <trkpt lat="47.8072300" lon="-122.3664240">
    <ele>87.3</ele>
    <time>2020-09-26T18:27:29Z</time>
   </trkpt>
   <trkpt lat="47.8072340" lon="-122.3664770">
    <ele>86.9</ele>
    <time>2020-09-26T18:27:30Z</time>
   </trkpt>
   <trkpt lat="47.8072230" lon="-122.3665470">
    <ele>86.5</ele>
    <time>2020-09-26T18:27:31Z</time>
   </trkpt>
   <trkpt lat="47.8072330" lon="-122.3666000">
    <ele>86.2</ele>
    <time>2020-09-26T18:27:32Z</time>
   </trkpt>
   <trkpt lat="47.8072540" lon="-122.3666650">
    <ele>85.8</ele>
    <time>2020-09-26T18:27:33Z</time>
   </trkpt>
   <trkpt lat="47.8072620" lon="-122.3667130">
    <ele>85.6</ele>
    <time>2020-09-26T18:27:34Z</time>
   </trkpt>
   <trkpt lat="47.8072670" lon="-122.3667600">
    <ele>85.4</ele>
    <time>2020-09-26T18:27:35Z</time>
   </trkpt>
   <trkpt lat="47.8072580" lon="-122.3668040">
    <ele>84.6</ele>
    <time>2020-09-26T18:27:36Z</time>
   </trkpt>
   <trkpt lat="47.8072500" lon="-122.3668350">
    <ele>84.4</ele>
    <time>2020-09-26T18:27:37Z</time>
   </trkpt>
   <trkpt lat="47.8072410" lon="-122.3668440">
    <ele>84.3</ele>
    <time>2020-09-26T18:27:38Z</time>
   </trkpt>
   <trkpt lat="47.8072780" lon="-122.3668570">
    <ele>84.0</ele>
    <time>2020-09-26T18:27:39Z</time>
   </trkpt>
   <trkpt lat="47.8072950" lon="-122.3668500">
    <ele>83.9</ele>
    <time>2020-09-26T18:27:40Z</time>
   </trkpt>
   <trkpt lat="47.8073440" lon="-122.3668400">
    <ele>83.6</ele>
    <time>2020-09-26T18:27:41Z</time>
   </trkpt>
   <trkpt lat="47.8073950" lon="-122.3668420">
    <ele>83.2</ele>
    <time>2020-09-26T18:27:42Z</time>
   </trkpt>
   <trkpt lat="47.8074370" lon="-122.3668490">
    <ele>82.9</ele>
    <time>2020-09-26T18:27:43Z</time>
   </trkpt>
   <trkpt lat="47.8074790" lon="-122.3668790">
    <ele>82.6</ele>
    <time>2020-09-26T18:27:44Z</time>
   </trkpt>
   <trkpt lat="47.8075150" lon="-122.3668690">
    <ele>82.3</ele>
    <time>2020-09-26T18:27:45Z</time>
   </trkpt>
   <trkpt lat="47.8075580" lon="-122.3668620">
    <ele>82.0</ele>
    <time>2020-09-26T18:27:46Z</time>
   </trkpt>
   <trkpt lat="47.8075910" lon="-122.3668390">
    <ele>81.8</ele>
    <time>2020-09-26T18:27:47Z</time>
   </trkpt>
   <trkpt lat="47.8076190" lon="-122.3668230">
    <ele>81.6</ele>
    <time>2020-09-26T18:27:48Z</time>
   </trkpt>
   <trkpt lat="47.8076620" lon="-122.3668170">
    <ele>81.3</ele>
    <time>2020-09-26T18:27:49Z</time>
   </trkpt>
   <trkpt lat="47.8077090" lon="-122.3668270">
    <ele>81.0</ele>
    <time>2020-09-26T18:27:50Z</time>
   </trkpt>
   <trkpt lat="47.8077500" lon="-122.3668060">
    <ele>80.7</ele>
    <time>2020-09-26T18:27:51Z</time>
   </trkpt>
   <trkpt lat="47.8077860" lon="-122.3668000">
    <ele>80.4</ele>
    <time>2020-09-26T18:27:52Z</time>
   </trkpt>
   <trkpt lat="47.8078230" lon="-122.3668010">
    <ele>80.2</ele>
    <time>2020-09-26T18:27:53Z</time>
   </trkpt>
   <trkpt lat="47.8078630" lon="-122.3667860">
    <ele>79.9</ele>
    <time>2020-09-26T18:27:54Z</time>
   </trkpt>
   <trkpt lat="47.8078990" lon="-122.3667940">
    <ele>79.7</ele>
    <time>2020-09-26T18:27:55Z</time>
   </trkpt>
   <trkpt lat="47.8079360" lon="-122.3668180">
    <ele>79.5</ele>
    <time>2020-09-26T18:27:56Z</time>
   </trkpt>
   <trkpt lat="47.8079730" lon="-122.3668250">
    <ele>79.2</ele>
    <time>2020-09-26T18:27:57Z</time>
   </trkpt>
   <trkpt lat="47.8080010" lon="-122.3668270">
    <ele>79.1</ele>
    <time>2020-09-26T18:27:58Z</time>
   </trkpt>
   <trkpt lat="47.8080310" lon="-122.3668070">
    <ele>78.8</ele>
    <time>2020-09-26T18:27:59Z</time>
   </trkpt>
   <trkpt lat="47.8080880" lon="-122.3667920">
    <ele>78.5</ele>
    <time>2020-09-26T18:28:00Z</time>
   </trkpt>
   <trkpt lat="47.8081330" lon="-122.3668030">
    <ele>78.3</ele>
    <time>2020-09-26T18:28:01Z</time>
   </trkpt>
   <trkpt lat="47.8081830" lon="-122.3668220">
    <ele>78.1</ele>
    <time>2020-09-26T18:28:02Z</time>
   </trkpt>
   <trkpt lat="47.8082240" lon="-122.3668110">
    <ele>77.8</ele>
    <time>2020-09-26T18:28:03Z</time>
   </trkpt>
   <trkpt lat="47.8082590" lon="-122.3668120">
    <ele>77.7</ele>
    <time>2020-09-26T18:28:04Z</time>
   </trkpt>
   <trkpt lat="47.8082990" lon="-122.3668060">
    <ele>77.5</ele>
    <time>2020-09-26T18:28:05Z</time>
   </trkpt>
   <trkpt lat="47.8083390" lon="-122.3668200">
    <ele>77.3</ele>
    <time>2020-09-26T18:28:06Z</time>
   </trkpt>
   <trkpt lat="47.8083770" lon="-122.3668000">
    <ele>77.1</ele>
    <time>2020-09-26T18:28:07Z</time>
   </trkpt>
   <trkpt lat="47.8084120" lon="-122.3667980">
    <ele>76.9</ele>
    <time>2020-09-26T18:28:08Z</time>
   </trkpt>
   <trkpt lat="47.8084490" lon="-122.3667880">
    <ele>76.7</ele>
    <time>2020-09-26T18:28:09Z</time>
   </trkpt>
   <trkpt lat="47.8084860" lon="-122.3667980">
    <ele>76.6</ele>
    <time>2020-09-26T18:28:10Z</time>
   </trkpt>
   <trkpt lat="47.8085280" lon="-122.3668040">
    <ele>76.4</ele>
    <time>2020-09-26T18:28:11Z</time>
   </trkpt>
   <trkpt lat="47.8085690" lon="-122.3668120">
    <ele>76.2</ele>
    <time>2020-09-26T18:28:12Z</time>
   </trkpt>
   <trkpt lat="47.8086010" lon="-122.3668060">
    <ele>76.1</ele>
    <time>2020-09-26T18:28:13Z</time>
   </trkpt>
   <trkpt lat="47.8086410" lon="-122.3668090">
    <ele>75.9</ele>
    <time>2020-09-26T18:28:14Z</time>
   </trkpt>
   <trkpt lat="47.8086900" lon="-122.3668320">
    <ele>75.7</ele>
    <time>2020-09-26T18:28:15Z</time>
   </trkpt>
   <trkpt lat="47.8087340" lon="-122.3668200">
    <ele>75.5</ele>
    <time>2020-09-26T18:28:16Z</time>
   </trkpt>
   <trkpt lat="47.8087750" lon="-122.3668300">
    <ele>75.4</ele>
    <time>2020-09-26T18:28:17Z</time>
   </trkpt>
   <trkpt lat="47.8088100" lon="-122.3668250">
    <ele>75.2</ele>
    <time>2020-09-26T18:28:18Z</time>
   </trkpt>
   <trkpt lat="47.8088450" lon="-122.3668060">
    <ele>75.1</ele>
    <time>2020-09-26T18:28:19Z</time>
   </trkpt>
   <trkpt lat="47.8088810" lon="-122.3667880">
    <ele>74.9</ele>
    <time>2020-09-26T18:28:20Z</time>
   </trkpt>
   <trkpt lat="47.8089220" lon="-122.3667800">
    <ele>74.8</ele>
    <time>2020-09-26T18:28:21Z</time>
   </trkpt>
   <trkpt lat="47.8089660" lon="-122.3667970">
    <ele>74.6</ele>
    <time>2020-09-26T18:28:22Z</time>
   </trkpt>
   <trkpt lat="47.8089980" lon="-122.3668120">
    <ele>74.5</ele>
    <time>2020-09-26T18:28:23Z</time>
   </trkpt>
   <trkpt lat="47.8090250" lon="-122.3668220">
    <ele>74.4</ele>
    <time>2020-09-26T18:28:24Z</time>
   </trkpt>
   <trkpt lat="47.8090640" lon="-122.3668420">
    <ele>74.2</ele>
    <time>2020-09-26T18:28:25Z</time>
   </trkpt>
   <trkpt lat="47.8090960" lon="-122.3668370">
    <ele>74.1</ele>
    <time>2020-09-26T18:28:26Z</time>
   </trkpt>
   <trkpt lat="47.8091350" lon="-122.3668300">
    <ele>73.9</ele>
    <time>2020-09-26T18:28:27Z</time>
   </trkpt>
   <trkpt lat="47.8091800" lon="-122.3668520">
    <ele>73.8</ele>
    <time>2020-09-26T18:28:28Z</time>
   </trkpt>
   <trkpt lat="47.8092120" lon="-122.3668370">
    <ele>73.7</ele>
    <time>2020-09-26T18:28:29Z</time>
   </trkpt>
   <trkpt lat="47.8092530" lon="-122.3668520">
    <ele>73.6</ele>
    <time>2020-09-26T18:28:30Z</time>
   </trkpt>
   <trkpt lat="47.8092800" lon="-122.3668380">
    <ele>73.8</ele>
    <time>2020-09-26T18:28:31Z</time>
   </trkpt>
   <trkpt lat="47.8093150" lon="-122.3668370">
    <ele>73.6</ele>
    <time>2020-09-26T18:28:32Z</time>
   </trkpt>
   <trkpt lat="47.8093480" lon="-122.3668320">
    <ele>73.3</ele>
    <time>2020-09-26T18:28:33Z</time>
   </trkpt>
   <trkpt lat="47.8093760" lon="-122.3668510">
    <ele>73.0</ele>
    <time>2020-09-26T18:28:34Z</time>
   </trkpt>
   <trkpt lat="47.8094160" lon="-122.3668490">
    <ele>72.7</ele>
    <time>2020-09-26T18:28:35Z</time>
   </trkpt>
   <trkpt lat="47.8094700" lon="-122.3668470">
    <ele>72.2</ele>
    <time>2020-09-26T18:28:36Z</time>
   </trkpt>
   <trkpt lat="47.8095160" lon="-122.3668330">
    <ele>71.8</ele>
    <time>2020-09-26T18:28:37Z</time>
   </trkpt>
   <trkpt lat="47.8095370" lon="-122.3668270">
    <ele>71.6</ele>
    <time>2020-09-26T18:28:38Z</time>
   </trkpt>
   <trkpt lat="47.8095700" lon="-122.3668210">
    <ele>71.3</ele>
    <time>2020-09-26T18:28:39Z</time>
   </trkpt>
   <trkpt lat="47.8096100" lon="-122.3668430">
    <ele>70.8</ele>
    <time>2020-09-26T18:28:40Z</time>
   </trkpt>
   <trkpt lat="47.8096540" lon="-122.3668210">
    <ele>70.3</ele>
    <time>2020-09-26T18:28:41Z</time>
   </trkpt>
   <trkpt lat="47.8096830" lon="-122.3668120">
    <ele>70.1</ele>
    <time>2020-09-26T18:28:42Z</time>
   </trkpt>
   <trkpt lat="47.8097300" lon="-122.3668080">
    <ele>69.7</ele>
    <time>2020-09-26T18:28:43Z</time>
   </trkpt>
   <trkpt lat="47.8097620" lon="-122.3668140">
    <ele>69.4</ele>
    <time>2020-09-26T18:28:44Z</time>
   </trkpt>
   <trkpt lat="47.8097980" lon="-122.3668270">
    <ele>69.0</ele>
    <time>2020-09-26T18:28:45Z</time>
   </trkpt>
   <trkpt lat="47.8098260" lon="-122.3668180">
    <ele>68.7</ele>
    <time>2020-09-26T18:28:46Z</time>
   </trkpt>
   <trkpt lat="47.8098550" lon="-122.3668130">
    <ele>68.4</ele>
    <time>2020-09-26T18:28:47Z</time>
   </trkpt>
   <trkpt lat="47.8098870" lon="-122.3668100">
    <ele>68.1</ele>
    <time>2020-09-26T18:28:48Z</time>
   </trkpt>
   <trkpt lat="47.8099270" lon="-122.3668160">
    <ele>67.6</ele>
    <time>2020-09-26T18:28:49Z</time>
   </trkpt>
   <trkpt lat="47.8099610" lon="-122.3668070">
    <ele>67.2</ele>
    <time>2020-09-26T18:28:50Z</time>
   </trkpt>
   <trkpt lat="47.8099990" lon="-122.3667990">
    <ele>66.8</ele>
    <time>2020-09-26T18:28:51Z</time>
   </trkpt>
   <trkpt lat="47.8100500" lon="-122.3668230">
    <ele>66.3</ele>
    <time>2020-09-26T18:28:52Z</time>
   </trkpt>
   <trkpt lat="47.8100880" lon="-122.3668180">
    <ele>65.9</ele>
    <time>2020-09-26T18:28:53Z</time>
   </trkpt>
   <trkpt lat="47.8101250" lon="-122.3667960">
    <ele>65.7</ele>
    <time>2020-09-26T18:28:54Z</time>
   </trkpt>
   <trkpt lat="47.8101690" lon="-122.3668130">
    <ele>65.5</ele>
    <time>2020-09-26T18:28:55Z</time>
   </trkpt>
   <trkpt lat="47.8101970" lon="-122.3668210">
    <ele>65.4</ele>
    <time>2020-09-26T18:28:56Z</time>
   </trkpt>
   <trkpt lat="47.8102370" lon="-122.3668090">
    <ele>65.2</ele>
    <time>2020-09-26T18:28:57Z</time>
   </trkpt>
   <trkpt lat="47.8102800" lon="-122.3668120">
    <ele>65.1</ele>
    <time>2020-09-26T18:28:58Z</time>
   </trkpt>
   <trkpt lat="47.8103080" lon="-122.3668190">
    <ele>65.0</ele>
    <time>2020-09-26T18:28:59Z</time>
   </trkpt>
   <trkpt lat="47.8103490" lon="-122.3668190">
    <ele>64.8</ele>
    <time>2020-09-26T18:29:00Z</time>
   </trkpt>
   <trkpt lat="47.8103810" lon="-122.3668100">
    <ele>64.7</ele>
    <time>2020-09-26T18:29:01Z</time>
   </trkpt>
   <trkpt lat="47.8104230" lon="-122.3668190">
    <ele>64.5</ele>
    <time>2020-09-26T18:29:02Z</time>
   </trkpt>
   <trkpt lat="47.8104710" lon="-122.3668070">
    <ele>64.3</ele>
    <time>2020-09-26T18:29:03Z</time>
   </trkpt>
   <trkpt lat="47.8104940" lon="-122.3668080">
    <ele>64.2</ele>
    <time>2020-09-26T18:29:04Z</time>
   </trkpt>
   <trkpt lat="47.8105270" lon="-122.3667930">
    <ele>64.0</ele>
    <time>2020-09-26T18:29:05Z</time>
   </trkpt>
   <trkpt lat="47.8105780" lon="-122.3668060">
    <ele>63.6</ele>
    <time>2020-09-26T18:29:06Z</time>
   </trkpt>
   <trkpt lat="47.8106160" lon="-122.3668210">
    <ele>63.2</ele>
    <time>2020-09-26T18:29:07Z</time>
   </trkpt>
   <trkpt lat="47.8106440" lon="-122.3668410">
    <ele>62.9</ele>
    <time>2020-09-26T18:29:08Z</time>
   </trkpt>
   <trkpt lat="47.8106950" lon="-122.3668300">
    <ele>62.4</ele>
    <time>2020-09-26T18:29:09Z</time>
   </trkpt>
   <trkpt lat="47.8107320" lon="-122.3668340">
    <ele>62.0</ele>
    <time>2020-09-26T18:29:10Z</time>
   </trkpt>
   <trkpt lat="47.8107630" lon="-122.3668150">
    <ele>61.6</ele>
    <time>2020-09-26T18:29:11Z</time>
   </trkpt>
   <trkpt lat="47.8107910" lon="-122.3668150">
    <ele>61.3</ele>
    <time>2020-09-26T18:29:12Z</time>
   </trkpt>
   <trkpt lat="47.8108280" lon="-122.3668110">
    <ele>60.9</ele>
    <time>2020-09-26T18:29:13Z</time>
   </trkpt>
   <trkpt lat="47.8108680" lon="-122.3668100">
    <ele>60.4</ele>
    <time>2020-09-26T18:29:14Z</time>
   </trkpt>
   <trkpt lat="47.8109050" lon="-122.3668100">
    <ele>60.0</ele>
    <time>2020-09-26T18:29:15Z</time>
   </trkpt>
   <trkpt lat="47.8109490" lon="-122.3668260">
    <ele>59.4</ele>
    <time>2020-09-26T18:29:16Z</time>
   </trkpt>
   <trkpt lat="47.8110000" lon="-122.3668340">
    <ele>58.8</ele>
    <time>2020-09-26T18:29:17Z</time>
   </trkpt>
   <trkpt lat="47.8110350" lon="-122.3668210">
    <ele>58.4</ele>
    <time>2020-09-26T18:29:18Z</time>
   </trkpt>
   <trkpt lat="47.8110730" lon="-122.3668240">
    <ele>57.9</ele>
    <time>2020-09-26T18:29:19Z</time>
   </trkpt>
   <trkpt lat="47.8111220" lon="-122.3668360">
    <ele>57.4</ele>
    <time>2020-09-26T18:29:20Z</time>
   </trkpt>
   <trkpt lat="47.8111600" lon="-122.3668360">
    <ele>56.9</ele>
    <time>2020-09-26T18:29:21Z</time>
   </trkpt>
   <trkpt lat="47.8111980" lon="-122.3668280">
    <ele>56.5</ele>
    <time>2020-09-26T18:29:22Z</time>
   </trkpt>
   <trkpt lat="47.8112470" lon="-122.3668220">
    <ele>56.0</ele>
    <time>2020-09-26T18:29:23Z</time>
   </trkpt>
   <trkpt lat="47.8112930" lon="-122.3667930">
    <ele>55.5</ele>
    <time>2020-09-26T18:29:24Z</time>
   </trkpt>
   <trkpt lat="47.8113510" lon="-122.3667600">
    <ele>55.0</ele>
    <time>2020-09-26T18:29:25Z</time>
   </trkpt>
   <trkpt lat="47.8113860" lon="-122.3667790">
    <ele>54.7</ele>
    <time>2020-09-26T18:29:26Z</time>
   </trkpt>
   <trkpt lat="47.8114330" lon="-122.3668030">
    <ele>54.3</ele>
    <time>2020-09-26T18:29:27Z</time>
   </trkpt>
   <trkpt lat="47.8114610" lon="-122.3668060">
    <ele>54.1</ele>
    <time>2020-09-26T18:29:28Z</time>
   </trkpt>
   <trkpt lat="47.8114920" lon="-122.3668310">
    <ele>53.9</ele>
    <time>2020-09-26T18:29:29Z</time>
   </trkpt>
   <trkpt lat="47.8115340" lon="-122.3668200">
    <ele>53.7</ele>
    <time>2020-09-26T18:29:30Z</time>
   </trkpt>
   <trkpt lat="47.8115660" lon="-122.3668100">
    <ele>53.5</ele>
    <time>2020-09-26T18:29:31Z</time>
   </trkpt>
   <trkpt lat="47.8116110" lon="-122.3668190">
    <ele>53.3</ele>
    <time>2020-09-26T18:29:32Z</time>
   </trkpt>
   <trkpt lat="47.8116480" lon="-122.3668090">
    <ele>53.1</ele>
    <time>2020-09-26T18:29:33Z</time>
   </trkpt>
   <trkpt lat="47.8116880" lon="-122.3668210">
    <ele>53.0</ele>
    <time>2020-09-26T18:29:34Z</time>
   </trkpt>
   <trkpt lat="47.8117220" lon="-122.3668180">
    <ele>52.9</ele>
    <time>2020-09-26T18:29:35Z</time>
   </trkpt>
   <trkpt lat="47.8117530" lon="-122.3668140">
    <ele>52.8</ele>
    <time>2020-09-26T18:29:36Z</time>
   </trkpt>
   <trkpt lat="47.8117900" lon="-122.3668070">
    <ele>52.7</ele>
    <time>2020-09-26T18:29:37Z</time>
   </trkpt>
   <trkpt lat="47.8118250" lon="-122.3668030">
    <ele>52.6</ele>
    <time>2020-09-26T18:29:38Z</time>
   </trkpt>
   <trkpt lat="47.8118580" lon="-122.3668130">
    <ele>52.5</ele>
    <time>2020-09-26T18:29:39Z</time>
   </trkpt>
   <trkpt lat="47.8119110" lon="-122.3668090">
    <ele>52.4</ele>
    <time>2020-09-26T18:29:40Z</time>
   </trkpt>
   <trkpt lat="47.8119600" lon="-122.3668080">
    <ele>52.4</ele>
    <time>2020-09-26T18:29:41Z</time>
   </trkpt>
   <trkpt lat="47.8119930" lon="-122.3668330">
    <ele>52.3</ele>
    <time>2020-09-26T18:29:42Z</time>
   </trkpt>
   <trkpt lat="47.8120300" lon="-122.3668370">
    <ele>52.3</ele>
    <time>2020-09-26T18:29:43Z</time>
   </trkpt>
   <trkpt lat="47.8120690" lon="-122.3668360">
    <ele>52.3</ele>
    <time>2020-09-26T18:29:44Z</time>
   </trkpt>
   <trkpt lat="47.8121130" lon="-122.3668000">
    <ele>52.3</ele>
    <time>2020-09-26T18:29:45Z</time>
   </trkpt>
   <trkpt lat="47.8121470" lon="-122.3667990">
    <ele>52.3</ele>
    <time>2020-09-26T18:29:46Z</time>
   </trkpt>
   <trkpt lat="47.8121960" lon="-122.3668070">
    <ele>52.3</ele>
    <time>2020-09-26T18:29:47Z</time>
   </trkpt>
   <trkpt lat="47.8122260" lon="-122.3668060">
    <ele>52.2</ele>
    <time>2020-09-26T18:29:48Z</time>
   </trkpt>
   <trkpt lat="47.8122640" lon="-122.3668220">
    <ele>52.2</ele>
    <time>2020-09-26T18:29:49Z</time>
   </trkpt>
   <trkpt lat="47.8122900" lon="-122.3668430">
    <ele>52.2</ele>
    <time>2020-09-26T18:29:50Z</time>
   </trkpt>
   <trkpt lat="47.8123190" lon="-122.3668360">
    <ele>52.2</ele>
    <time>2020-09-26T18:29:51Z</time>
   </trkpt>
   <trkpt lat="47.8123520" lon="-122.3668400">
    <ele>52.2</ele>
    <time>2020-09-26T18:29:52Z</time>
   </trkpt>
   <trkpt lat="47.8123920" lon="-122.3668410">
    <ele>52.3</ele>
    <time>2020-09-26T18:29:53Z</time>
   </trkpt>
   <trkpt lat="47.8124240" lon="-122.3668210">
    <ele>52.3</ele>
    <time>2020-09-26T18:29:54Z</time>
   </trkpt>
   <trkpt lat="47.8124650" lon="-122.3668430">
    <ele>52.3</ele>
    <time>2020-09-26T18:29:55Z</time>
   </trkpt>
   <trkpt lat="47.8125110" lon="-122.3668580">
    <ele>52.3</ele>
    <time>2020-09-26T18:29:56Z</time>
   </trkpt>
   <trkpt lat="47.8125490" lon="-122.3668380">
    <ele>52.4</ele>
    <time>2020-09-26T18:29:57Z</time>
   </trkpt>
   <trkpt lat="47.8125880" lon="-122.3668150">
    <ele>52.4</ele>
    <time>2020-09-26T18:29:58Z</time>
   </trkpt>
   <trkpt lat="47.8126260" lon="-122.3668230">
    <ele>52.4</ele>
    <time>2020-09-26T18:29:59Z</time>
   </trkpt>
   <trkpt lat="47.8126680" lon="-122.3668390">
    <ele>52.5</ele>
    <time>2020-09-26T18:30:00Z</time>
   </trkpt>
   <trkpt lat="47.8126860" lon="-122.3668490">
    <ele>52.5</ele>
    <time>2020-09-26T18:30:01Z</time>
   </trkpt>
   <trkpt lat="47.8127180" lon="-122.3668440">
    <ele>52.5</ele>
    <time>2020-09-26T18:30:02Z</time>
   </trkpt>
   <trkpt lat="47.8127600" lon="-122.3668430">
    <ele>52.5</ele>
    <time>2020-09-26T18:30:03Z</time>
   </trkpt>
   <trkpt lat="47.8127940" lon="-122.3668350">
    <ele>52.5</ele>
    <time>2020-09-26T18:30:04Z</time>
   </trkpt>
   <trkpt lat="47.8128340" lon="-122.3668280">
    <ele>52.6</ele>
    <time>2020-09-26T18:30:05Z</time>
   </trkpt>
   <trkpt lat="47.8128750" lon="-122.3668320">
    <ele>52.6</ele>
    <time>2020-09-26T18:30:06Z</time>
   </trkpt>
   <trkpt lat="47.8129040" lon="-122.3668240">
    <ele>52.6</ele>
    <time>2020-09-26T18:30:07Z</time>
   </trkpt>
   <trkpt lat="47.8129450" lon="-122.3668220">
    <ele>52.6</ele>
    <time>2020-09-26T18:30:08Z</time>
   </trkpt>
   <trkpt lat="47.8129800" lon="-122.3668370">
    <ele>52.6</ele>
    <time>2020-09-26T18:30:09Z</time>
   </trkpt>
   <trkpt lat="47.8130150" lon="-122.3668450">
    <ele>52.6</ele>
    <time>2020-09-26T18:30:10Z</time>
   </trkpt>
   <trkpt lat="47.8130520" lon="-122.3668780">
    <ele>52.6</ele>
    <time>2020-09-26T18:30:11Z</time>
   </trkpt>
   <trkpt lat="47.8130880" lon="-122.3668700">
    <ele>52.5</ele>
    <time>2020-09-26T18:30:12Z</time>
   </trkpt>
   <trkpt lat="47.8131260" lon="-122.3668940">
    <ele>52.5</ele>
    <time>2020-09-26T18:30:13Z</time>
   </trkpt>
   <trkpt lat="47.8131700" lon="-122.3668620">
    <ele>52.5</ele>
    <time>2020-09-26T18:30:14Z</time>
   </trkpt>
   <trkpt lat="47.8132150" lon="-122.3668360">
    <ele>52.5</ele>
    <time>2020-09-26T18:30:15Z</time>
   </trkpt>
   <trkpt lat="47.8132400" lon="-122.3668280">
    <ele>52.5</ele>
    <time>2020-09-26T18:30:16Z</time>
   </trkpt>
   <trkpt lat="47.8132840" lon="-122.3668240">
    <ele>52.4</ele>
    <time>2020-09-26T18:30:17Z</time>
   </trkpt>
   <trkpt lat="47.8133270" lon="-122.3668270">
    <ele>52.4</ele>
    <time>2020-09-26T18:30:18Z</time>
   </trkpt>
   <trkpt lat="47.8133680" lon="-122.3668380">
    <ele>52.4</ele>
    <time>2020-09-26T18:30:19Z</time>
   </trkpt>
   <trkpt lat="47.8133970" lon="-122.3668360">
    <ele>52.4</ele>
    <time>2020-09-26T18:30:20Z</time>
   </trkpt>
   <trkpt lat="47.8134480" lon="-122.3668150">
    <ele>52.3</ele>
    <time>2020-09-26T18:30:21Z</time>
   </trkpt>
   <trkpt lat="47.8134940" lon="-122.3668340">
    <ele>52.3</ele>
    <time>2020-09-26T18:30:22Z</time>
   </trkpt>
   <trkpt lat="47.8135230" lon="-122.3668030">
    <ele>52.3</ele>
    <time>2020-09-26T18:30:23Z</time>
   </trkpt>
   <trkpt lat="47.8135740" lon="-122.3668240">
    <ele>52.2</ele>
    <time>2020-09-26T18:30:24Z</time>
   </trkpt>
   <trkpt lat="47.8136010" lon="-122.3668020">
    <ele>52.2</ele>
    <time>2020-09-26T18:30:25Z</time>
   </trkpt>
   <trkpt lat="47.8136410" lon="-122.3667960">
    <ele>52.2</ele>
    <time>2020-09-26T18:30:26Z</time>
   </trkpt>
   <trkpt lat="47.8136760" lon="-122.3667880">
    <ele>52.1</ele>
    <time>2020-09-26T18:30:27Z</time>
   </trkpt>
   <trkpt lat="47.8137050" lon="-122.3667980">
    <ele>52.1</ele>
    <time>2020-09-26T18:30:28Z</time>
   </trkpt>
   <trkpt lat="47.8137540" lon="-122.3667970">
    <ele>52.0</ele>
    <time>2020-09-26T18:30:29Z</time>
   </trkpt>
   <trkpt lat="47.8137950" lon="-122.3667770">
    <ele>51.9</ele>
    <time>2020-09-26T18:30:30Z</time>
   </trkpt>
   <trkpt lat="47.8138360" lon="-122.3667910">
    <ele>51.8</ele>
    <time>2020-09-26T18:30:31Z</time>
   </trkpt>
   <trkpt lat="47.8138700" lon="-122.3667800">
    <ele>51.7</ele>
    <time>2020-09-26T18:30:32Z</time>
   </trkpt>
   <trkpt lat="47.8139120" lon="-122.3667880">
    <ele>51.6</ele>
    <time>2020-09-26T18:30:33Z</time>
   </trkpt>
   <trkpt lat="47.8139510" lon="-122.3667850">
    <ele>51.4</ele>
    <time>2020-09-26T18:30:34Z</time>
   </trkpt>
   <trkpt lat="47.8139840" lon="-122.3667750">
    <ele>51.3</ele>
    <time>2020-09-26T18:30:35Z</time>
   </trkpt>
   <trkpt lat="47.8140200" lon="-122.3667770">
    <ele>51.1</ele>
    <time>2020-09-26T18:30:36Z</time>
   </trkpt>
   <trkpt lat="47.8140590" lon="-122.3667910">
    <ele>50.9</ele>
    <time>2020-09-26T18:30:37Z</time>
   </trkpt>
   <trkpt lat="47.8140960" lon="-122.3667810">
    <ele>50.7</ele>
    <time>2020-09-26T18:30:38Z</time>
   </trkpt>
   <trkpt lat="47.8141360" lon="-122.3667740">
    <ele>50.5</ele>
    <time>2020-09-26T18:30:39Z</time>
   </trkpt>
   <trkpt lat="47.8141680" lon="-122.3667690">
    <ele>50.3</ele>
    <time>2020-09-26T18:30:40Z</time>
   </trkpt>
   <trkpt lat="47.8142230" lon="-122.3667870">
    <ele>49.8</ele>
    <time>2020-09-26T18:30:41Z</time>
   </trkpt>
   <trkpt lat="47.8142660" lon="-122.3667860">
    <ele>49.5</ele>
    <time>2020-09-26T18:30:42Z</time>
   </trkpt>
   <trkpt lat="47.8142990" lon="-122.3667910">
    <ele>49.2</ele>
    <time>2020-09-26T18:30:43Z</time>
   </trkpt>
   <trkpt lat="47.8143370" lon="-122.3667700">
    <ele>48.8</ele>
    <time>2020-09-26T18:30:44Z</time>
   </trkpt>
   <trkpt lat="47.8143710" lon="-122.3667780">
    <ele>48.5</ele>
    <time>2020-09-26T18:30:45Z</time>
   </trkpt>
   <trkpt lat="47.8144020" lon="-122.3667930">
    <ele>48.1</ele>
    <time>2020-09-26T18:30:46Z</time>
   </trkpt>
   <trkpt lat="47.8144460" lon="-122.3667880">
    <ele>47.7</ele>
    <time>2020-09-26T18:30:47Z</time>
   </trkpt>
   <trkpt lat="47.8144880" lon="-122.3668110">
    <ele>47.3</ele>
    <time>2020-09-26T18:30:48Z</time>
   </trkpt>
   <trkpt lat="47.8145380" lon="-122.3668170">
    <ele>46.8</ele>
    <time>2020-09-26T18:30:49Z</time>
   </trkpt>
   <trkpt lat="47.8145750" lon="-122.3667960">
    <ele>46.5</ele>
    <time>2020-09-26T18:30:50Z</time>
   </trkpt>
   <trkpt lat="47.8146190" lon="-122.3667960">
    <ele>46.1</ele>
    <time>2020-09-26T18:30:51Z</time>
   </trkpt>
   <trkpt lat="47.8146690" lon="-122.3667830">
    <ele>45.5</ele>
    <time>2020-09-26T18:30:52Z</time>
   </trkpt>
   <trkpt lat="47.8147160" lon="-122.3667760">
    <ele>44.9</ele>
    <time>2020-09-26T18:30:53Z</time>
   </trkpt>
   <trkpt lat="47.8147600" lon="-122.3667850">
    <ele>44.3</ele>
    <time>2020-09-26T18:30:54Z</time>
   </trkpt>
   <trkpt lat="47.8148090" lon="-122.3667780">
    <ele>43.7</ele>
    <time>2020-09-26T18:30:55Z</time>
   </trkpt>
   <trkpt lat="47.8148450" lon="-122.3667910">
    <ele>43.2</ele>
    <time>2020-09-26T18:30:56Z</time>
   </trkpt>
   <trkpt lat="47.8148930" lon="-122.3667800">
    <ele>42.6</ele>
    <time>2020-09-26T18:30:57Z</time>
   </trkpt>
   <trkpt lat="47.8149360" lon="-122.3667800">
    <ele>42.1</ele>
    <time>2020-09-26T18:30:58Z</time>
   </trkpt>
   <trkpt lat="47.8149830" lon="-122.3667930">
    <ele>41.5</ele>
    <time>2020-09-26T18:30:59Z</time>
   </trkpt>
   <trkpt lat="47.8150220" lon="-122.3667840">
    <ele>41.0</ele>
    <time>2020-09-26T18:31:00Z</time>
   </trkpt>
   <trkpt lat="47.8150560" lon="-122.3667940">
    <ele>40.5</ele>
    <time>2020-09-26T18:31:01Z</time>
   </trkpt>
   <trkpt lat="47.8151180" lon="-122.3667880">
    <ele>39.7</ele>
    <time>2020-09-26T18:31:02Z</time>
   </trkpt>
   <trkpt lat="47.8151520" lon="-122.3667870">
    <ele>39.3</ele>
    <time>2020-09-26T18:31:03Z</time>
   </trkpt>
   <trkpt lat="47.8151820" lon="-122.3667690">
    <ele>38.9</ele>
    <time>2020-09-26T18:31:04Z</time>
   </trkpt>
   <trkpt lat="47.8152200" lon="-122.3667690">
    <ele>38.4</ele>
    <time>2020-09-26T18:31:05Z</time>
   </trkpt>
   <trkpt lat="47.8152580" lon="-122.3667730">
    <ele>38.0</ele>
    <time>2020-09-26T18:31:06Z</time>
   </trkpt>
   <trkpt lat="47.8153130" lon="-122.3667750">
    <ele>37.3</ele>
    <time>2020-09-26T18:31:07Z</time>
   </trkpt>
   <trkpt lat="47.8153550" lon="-122.3667770">
    <ele>36.9</ele>
    <time>2020-09-26T18:31:08Z</time>
   </trkpt>
   <trkpt lat="47.8154080" lon="-122.3667930">
    <ele>36.4</ele>
    <time>2020-09-26T18:31:09Z</time>
   </trkpt>
   <trkpt lat="47.8154460" lon="-122.3668030">
    <ele>36.1</ele>
    <time>2020-09-26T18:31:10Z</time>
   </trkpt>
   <trkpt lat="47.8154890" lon="-122.3667970">
    <ele>35.7</ele>
    <time>2020-09-26T18:31:11Z</time>
   </trkpt>
   <trkpt lat="47.8155300" lon="-122.3667910">
    <ele>35.4</ele>
    <time>2020-09-26T18:31:12Z</time>
   </trkpt>
   <trkpt lat="47.8155690" lon="-122.3667770">
    <ele>35.1</ele>
    <time>2020-09-26T18:31:13Z</time>
   </trkpt>
   <trkpt lat="47.8156070" lon="-122.3667870">
    <ele>34.8</ele>
    <time>2020-09-26T18:31:14Z</time>
   </trkpt>
   <trkpt lat="47.8156570" lon="-122.3667910">
    <ele>34.6</ele>
    <time>2020-09-26T18:31:15Z</time>
   </trkpt>
   <trkpt lat="47.8156890" lon="-122.3667920">
    <ele>34.4</ele>
    <time>2020-09-26T18:31:16Z</time>
   </trkpt>
   <trkpt lat="47.8157260" lon="-122.3668050">
    <ele>34.3</ele>
    <time>2020-09-26T18:31:17Z</time>
   </trkpt>
   <trkpt lat="47.8157640" lon="-122.3668080">
    <ele>34.1</ele>
    <time>2020-09-26T18:31:18Z</time>
   </trkpt>
   <trkpt lat="47.8158000" lon="-122.3668050">
    <ele>34.0</ele>
    <time>2020-09-26T18:31:19Z</time>
   </trkpt>
   <trkpt lat="47.8158390" lon="-122.3668050">
    <ele>33.9</ele>
    <time>2020-09-26T18:31:20Z</time>
   </trkpt>
   <trkpt lat="47.8158730" lon="-122.3668070">
    <ele>33.8</ele>
    <time>2020-09-26T18:31:21Z</time>
   </trkpt>
   <trkpt lat="47.8159100" lon="-122.3668320">
    <ele>33.7</ele>
    <time>2020-09-26T18:31:22Z</time>
   </trkpt>
   <trkpt lat="47.8159430" lon="-122.3668390">
    <ele>33.6</ele>
    <time>2020-09-26T18:31:23Z</time>
   </trkpt>
   <trkpt lat="47.8159800" lon="-122.3668600">
    <ele>33.5</ele>
    <time>2020-09-26T18:31:24Z</time>
   </trkpt>
   <trkpt lat="47.8160180" lon="-122.3668650">
    <ele>33.5</ele>
    <time>2020-09-26T18:31:25Z</time>
   </trkpt>
   <trkpt lat="47.8160570" lon="-122.3668470">
    <ele>33.4</ele>
    <time>2020-09-26T18:31:26Z</time>
   </trkpt>
   <trkpt lat="47.8161010" lon="-122.3668520">
    <ele>33.4</ele>
    <time>2020-09-26T18:31:27Z</time>
   </trkpt>
   <trkpt lat="47.8161520" lon="-122.3668210">
    <ele>33.4</ele>
    <time>2020-09-26T18:31:28Z</time>
   </trkpt>
   <trkpt lat="47.8161950" lon="-122.3668140">
    <ele>33.3</ele>
    <time>2020-09-26T18:31:29Z</time>
   </trkpt>
   <trkpt lat="47.8162360" lon="-122.3668400">
    <ele>33.6</ele>
    <time>2020-09-26T18:31:30Z</time>
   </trkpt>
   <trkpt lat="47.8162650" lon="-122.3668210">
    <ele>34.1</ele>
    <time>2020-09-26T18:31:31Z</time>
   </trkpt>
   <trkpt lat="47.8163210" lon="-122.3668270">
    <ele>33.8</ele>
    <time>2020-09-26T18:31:32Z</time>
   </trkpt>
   <trkpt lat="47.8163590" lon="-122.3668120">
    <ele>33.6</ele>
    <time>2020-09-26T18:31:33Z</time>
   </trkpt>
   <trkpt lat="47.8163890" lon="-122.3668280">
    <ele>33.3</ele>
    <time>2020-09-26T18:31:34Z</time>
   </trkpt>
   <trkpt lat="47.8164240" lon="-122.3668250">
    <ele>33.1</ele>
    <time>2020-09-26T18:31:35Z</time>
   </trkpt>
   <trkpt lat="47.8164740" lon="-122.3668440">
    <ele>32.8</ele>
    <time>2020-09-26T18:31:36Z</time>
   </trkpt>
   <trkpt lat="47.8164960" lon="-122.3668560">
    <ele>32.6</ele>
    <time>2020-09-26T18:31:37Z</time>
   </trkpt>
   <trkpt lat="47.8165490" lon="-122.3668770">
    <ele>32.2</ele>
    <time>2020-09-26T18:31:38Z</time>
   </trkpt>
   <trkpt lat="47.8165790" lon="-122.3668770">
    <ele>31.9</ele>
    <time>2020-09-26T18:31:39Z</time>
   </trkpt>
   <trkpt lat="47.8166060" lon="-122.3668840">
    <ele>31.8</ele>
    <time>2020-09-26T18:31:40Z</time>
   </trkpt>
   <trkpt lat="47.8166480" lon="-122.3668980">
    <ele>31.8</ele>
    <time>2020-09-26T18:31:41Z</time>
   </trkpt>
   <trkpt lat="47.8166650" lon="-122.3669090">
    <ele>31.8</ele>
    <time>2020-09-26T18:31:42Z</time>
   </trkpt>
   <trkpt lat="47.8166980" lon="-122.3669060">
    <ele>31.8</ele>
    <time>2020-09-26T18:31:43Z</time>
   </trkpt>
   <trkpt lat="47.8167360" lon="-122.3669060">
    <ele>31.8</ele>
    <time>2020-09-26T18:31:44Z</time>
   </trkpt>
   <trkpt lat="47.8167730" lon="-122.3669040">
    <ele>31.8</ele>
    <time>2020-09-26T18:31:45Z</time>
   </trkpt>
   <trkpt lat="47.8168170" lon="-122.3668920">
    <ele>31.8</ele>
    <time>2020-09-26T18:31:46Z</time>
   </trkpt>
   <trkpt lat="47.8168500" lon="-122.3668990">
    <ele>31.8</ele>
    <time>2020-09-26T18:31:47Z</time>
   </trkpt>
   <trkpt lat="47.8168840" lon="-122.3669070">
    <ele>31.7</ele>
    <time>2020-09-26T18:31:48Z</time>
   </trkpt>
   <trkpt lat="47.8169160" lon="-122.3669240">
    <ele>31.7</ele>
    <time>2020-09-26T18:31:49Z</time>
   </trkpt>
   <trkpt lat="47.8169430" lon="-122.3669070">
    <ele>31.7</ele>
    <time>2020-09-26T18:31:50Z</time>
   </trkpt>
   <trkpt lat="47.8169860" lon="-122.3668990">
    <ele>31.7</ele>
    <time>2020-09-26T18:31:51Z</time>
   </trkpt>
   <trkpt lat="47.8170420" lon="-122.3669010">
    <ele>31.6</ele>
    <time>2020-09-26T18:31:52Z</time>
   </trkpt>
   <trkpt lat="47.8170760" lon="-122.3668920">
    <ele>31.6</ele>
    <time>2020-09-26T18:31:53Z</time>
   </trkpt>
   <trkpt lat="47.8171140" lon="-122.3669030">
    <ele>31.6</ele>
    <time>2020-09-26T18:31:54Z</time>
   </trkpt>
   <trkpt lat="47.8171540" lon="-122.3669060">
    <ele>31.6</ele>
    <time>2020-09-26T18:31:55Z</time>
   </trkpt>
   <trkpt lat="47.8171710" lon="-122.3669020">
    <ele>31.5</ele>
    <time>2020-09-26T18:31:56Z</time>
   </trkpt>
   <trkpt lat="47.8173770" lon="-122.3669900">
    <ele>31.4</ele>
    <time>2020-09-26T18:32:18Z</time>
   </trkpt>
   <trkpt lat="47.8173860" lon="-122.3670190">
    <ele>31.3</ele>
    <time>2020-09-26T18:32:19Z</time>
   </trkpt>
   <trkpt lat="47.8173960" lon="-122.3670470">
    <ele>31.3</ele>
    <time>2020-09-26T18:32:20Z</time>
   </trkpt>
   <trkpt lat="47.8174060" lon="-122.3671080">
    <ele>31.2</ele>
    <time>2020-09-26T18:32:21Z</time>
   </trkpt>
   <trkpt lat="47.8174310" lon="-122.3671340">
    <ele>31.2</ele>
    <time>2020-09-26T18:32:22Z</time>
   </trkpt>
   <trkpt lat="47.8174610" lon="-122.3671440">
    <ele>31.1</ele>
    <time>2020-09-26T18:32:23Z</time>
   </trkpt>
   <trkpt lat="47.8175040" lon="-122.3671380">
    <ele>31.0</ele>
    <time>2020-09-26T18:32:24Z</time>
   </trkpt>
   <trkpt lat="47.8175480" lon="-122.3671390">
    <ele>31.0</ele>
    <time>2020-09-26T18:32:25Z</time>
   </trkpt>
   <trkpt lat="47.8175890" lon="-122.3671180">
    <ele>30.9</ele>
    <time>2020-09-26T18:32:26Z</time>
   </trkpt>
   <trkpt lat="47.8176210" lon="-122.3671140">
    <ele>30.8</ele>
    <time>2020-09-26T18:32:27Z</time>
   </trkpt>
   <trkpt lat="47.8176610" lon="-122.3671200">
    <ele>30.6</ele>
    <time>2020-09-26T18:32:28Z</time>
   </trkpt>
   <trkpt lat="47.8177010" lon="-122.3671260">
    <ele>30.1</ele>
    <time>2020-09-26T18:32:29Z</time>
   </trkpt>
   <trkpt lat="47.8177240" lon="-122.3671600">
    <ele>29.8</ele>
    <time>2020-09-26T18:32:30Z</time>
   </trkpt>
   <trkpt lat="47.8177370" lon="-122.3672390">
    <ele>29.3</ele>
    <time>2020-09-26T18:32:31Z</time>
   </trkpt>
   <trkpt lat="47.8177310" lon="-122.3672950">
    <ele>29.0</ele>
    <time>2020-09-26T18:32:32Z</time>
   </trkpt>
   <trkpt lat="47.8177150" lon="-122.3673730">
    <ele>28.6</ele>
    <time>2020-09-26T18:32:33Z</time>
   </trkpt>
   <trkpt lat="47.8177240" lon="-122.3674130">
    <ele>28.5</ele>
    <time>2020-09-26T18:32:34Z</time>
   </trkpt>
   <trkpt lat="47.8177320" lon="-122.3674680">
    <ele>28.2</ele>
    <time>2020-09-26T18:32:35Z</time>
   </trkpt>
   <trkpt lat="47.8177220" lon="-122.3675450">
    <ele>27.8</ele>
    <time>2020-09-26T18:32:36Z</time>
   </trkpt>
   <trkpt lat="47.8177270" lon="-122.3675930">
    <ele>27.6</ele>
    <time>2020-09-26T18:32:37Z</time>
   </trkpt>
   <trkpt lat="47.8177320" lon="-122.3676500">
    <ele>27.4</ele>
    <time>2020-09-26T18:32:38Z</time>
   </trkpt>
   <trkpt lat="47.8177390" lon="-122.3677030">
    <ele>27.1</ele>
    <time>2020-09-26T18:32:39Z</time>
   </trkpt>
   <trkpt lat="47.8177320" lon="-122.3677740">
    <ele>26.8</ele>
    <time>2020-09-26T18:32:40Z</time>
   </trkpt>
   <trkpt lat="47.8177400" lon="-122.3678460">
    <ele>26.5</ele>
    <time>2020-09-26T18:32:41Z</time>
   </trkpt>
   <trkpt lat="47.8177430" lon="-122.3679070">
    <ele>26.3</ele>
    <time>2020-09-26T18:32:42Z</time>
   </trkpt>
   <trkpt lat="47.8177480" lon="-122.3679590">
    <ele>26.0</ele>
    <time>2020-09-26T18:32:43Z</time>
   </trkpt>
   <trkpt lat="47.8177440" lon="-122.3680350">
    <ele>25.6</ele>
    <time>2020-09-26T18:32:44Z</time>
   </trkpt>
   <trkpt lat="47.8177370" lon="-122.3680850">
    <ele>25.3</ele>
    <time>2020-09-26T18:32:45Z</time>
   </trkpt>
   <trkpt lat="47.8177380" lon="-122.3681510">
    <ele>25.0</ele>
    <time>2020-09-26T18:32:46Z</time>
   </trkpt>
   <trkpt lat="47.8177450" lon="-122.3682150">
    <ele>24.7</ele>
    <time>2020-09-26T18:32:47Z</time>
   </trkpt>
   <trkpt lat="47.8177500" lon="-122.3682790">
    <ele>24.5</ele>
    <time>2020-09-26T18:32:48Z</time>
   </trkpt>
   <trkpt lat="47.8177370" lon="-122.3683520">
    <ele>24.1</ele>
    <time>2020-09-26T18:32:49Z</time>
   </trkpt>
   <trkpt lat="47.8177440" lon="-122.3684010">
    <ele>23.9</ele>
    <time>2020-09-26T18:32:50Z</time>
   </trkpt>
   <trkpt lat="47.8177380" lon="-122.3684440">
    <ele>23.8</ele>
    <time>2020-09-26T18:32:51Z</time>
   </trkpt>
   <trkpt lat="47.8177390" lon="-122.3685230">
    <ele>23.4</ele>
    <time>2020-09-26T18:32:52Z</time>
   </trkpt>
   <trkpt lat="47.8177420" lon="-122.3685760">
    <ele>23.2</ele>
    <time>2020-09-26T18:32:53Z</time>
   </trkpt>
   <trkpt lat="47.8177330" lon="-122.3686300">
    <ele>23.0</ele>
    <time>2020-09-26T18:32:54Z</time>
   </trkpt>
   <trkpt lat="47.8177320" lon="-122.3686820">
    <ele>22.8</ele>
    <time>2020-09-26T18:32:55Z</time>
   </trkpt>
   <trkpt lat="47.8177260" lon="-122.3687310">
    <ele>22.6</ele>
    <time>2020-09-26T18:32:56Z</time>
   </trkpt>
   <trkpt lat="47.8177320" lon="-122.3687930">
    <ele>22.4</ele>
    <time>2020-09-26T18:32:57Z</time>
   </trkpt>
   <trkpt lat="47.8177340" lon="-122.3688520">
    <ele>22.2</ele>
    <time>2020-09-26T18:32:58Z</time>
   </trkpt>
   <trkpt lat="47.8177390" lon="-122.3689110">
    <ele>22.0</ele>
    <time>2020-09-26T18:32:59Z</time>
   </trkpt>
   <trkpt lat="47.8177320" lon="-122.3689670">
    <ele>21.8</ele>
    <time>2020-09-26T18:33:00Z</time>
   </trkpt>
   <trkpt lat="47.8177400" lon="-122.3690190">
    <ele>21.6</ele>
    <time>2020-09-26T18:33:01Z</time>
   </trkpt>
   <trkpt lat="47.8177410" lon="-122.3690670">
    <ele>21.5</ele>
    <time>2020-09-26T18:33:02Z</time>
   </trkpt>
   <trkpt lat="47.8177410" lon="-122.3691250">
    <ele>21.3</ele>
    <time>2020-09-26T18:33:03Z</time>
   </trkpt>
   <trkpt lat="47.8177330" lon="-122.3691790">
    <ele>21.2</ele>
    <time>2020-09-26T18:33:04Z</time>
   </trkpt>
   <trkpt lat="47.8177270" lon="-122.3692330">
    <ele>20.9</ele>
    <time>2020-09-26T18:33:05Z</time>
   </trkpt>
   <trkpt lat="47.8177360" lon="-122.3692880">
    <ele>20.7</ele>
    <time>2020-09-26T18:33:06Z</time>
   </trkpt>
   <trkpt lat="47.8177200" lon="-122.3693510">
    <ele>20.4</ele>
    <time>2020-09-26T18:33:07Z</time>
   </trkpt>
   <trkpt lat="47.8177280" lon="-122.3694000">
    <ele>20.2</ele>
    <time>2020-09-26T18:33:08Z</time>
   </trkpt>
   <trkpt lat="47.8177290" lon="-122.3694710">
    <ele>20.0</ele>
    <time>2020-09-26T18:33:09Z</time>
   </trkpt>
   <trkpt lat="47.8177320" lon="-122.3695180">
    <ele>19.8</ele>
    <time>2020-09-26T18:33:10Z</time>
   </trkpt>
   <trkpt lat="47.8177420" lon="-122.3695790">
    <ele>19.6</ele>
    <time>2020-09-26T18:33:11Z</time>
   </trkpt>
   <trkpt lat="47.8177430" lon="-122.3696310">
    <ele>19.4</ele>
    <time>2020-09-26T18:33:12Z</time>
   </trkpt>
   <trkpt lat="47.8177420" lon="-122.3696860">
    <ele>19.2</ele>
    <time>2020-09-26T18:33:13Z</time>
   </trkpt>
   <trkpt lat="47.8177460" lon="-122.3697480">
    <ele>18.8</ele>
    <time>2020-09-26T18:33:14Z</time>
   </trkpt>
   <trkpt lat="47.8177390" lon="-122.3698010">
    <ele>18.5</ele>
    <time>2020-09-26T18:33:15Z</time>
   </trkpt>
   <trkpt lat="47.8177410" lon="-122.3698570">
    <ele>18.2</ele>
    <time>2020-09-26T18:33:16Z</time>
   </trkpt>
   <trkpt lat="47.8177320" lon="-122.3699220">
    <ele>17.9</ele>
    <time>2020-09-26T18:33:17Z</time>
   </trkpt>
   <trkpt lat="47.8177430" lon="-122.3699760">
    <ele>17.7</ele>
    <time>2020-09-26T18:33:18Z</time>
   </trkpt>
   <trkpt lat="47.8177320" lon="-122.3700340">
    <ele>17.5</ele>
    <time>2020-09-26T18:33:19Z</time>
   </trkpt>
   <trkpt lat="47.8177360" lon="-122.3700790">
    <ele>17.3</ele>
    <time>2020-09-26T18:33:20Z</time>
   </trkpt>
   <trkpt lat="47.8177580" lon="-122.3701300">
    <ele>17.1</ele>
    <time>2020-09-26T18:33:21Z</time>
   </trkpt>
   <trkpt lat="47.8177460" lon="-122.3701960">
    <ele>16.8</ele>
    <time>2020-09-26T18:33:22Z</time>
   </trkpt>
   <trkpt lat="47.8177480" lon="-122.3702520">
    <ele>16.6</ele>
    <time>2020-09-26T18:33:23Z</time>
   </trkpt>
   <trkpt lat="47.8177550" lon="-122.3703020">
    <ele>16.4</ele>
    <time>2020-09-26T18:33:24Z</time>
   </trkpt>
   <trkpt lat="47.8177530" lon="-122.3703560">
    <ele>16.2</ele>
    <time>2020-09-26T18:33:25Z</time>
   </trkpt>
   <trkpt lat="47.8177390" lon="-122.3704120">
    <ele>16.0</ele>
    <time>2020-09-26T18:33:26Z</time>
   </trkpt>
   <trkpt lat="47.8177490" lon="-122.3704620">
    <ele>15.8</ele>
    <time>2020-09-26T18:33:27Z</time>
   </trkpt>
   <trkpt lat="47.8177390" lon="-122.3705100">
    <ele>15.6</ele>
    <time>2020-09-26T18:33:28Z</time>
   </trkpt>
   <trkpt lat="47.8177470" lon="-122.3705640">
    <ele>15.4</ele>
    <time>2020-09-26T18:33:29Z</time>
   </trkpt>
   <trkpt lat="47.8177450" lon="-122.3706270">
    <ele>15.2</ele>
    <time>2020-09-26T18:33:30Z</time>
   </trkpt>
   <trkpt lat="47.8177380" lon="-122.3706700">
    <ele>15.1</ele>
    <time>2020-09-26T18:33:31Z</time>
   </trkpt>
   <trkpt lat="47.8177370" lon="-122.3707260">
    <ele>14.9</ele>
    <time>2020-09-26T18:33:32Z</time>
   </trkpt>
   <trkpt lat="47.8177270" lon="-122.3707760">
    <ele>14.7</ele>
    <time>2020-09-26T18:33:33Z</time>
   </trkpt>
   <trkpt lat="47.8177350" lon="-122.3708350">
    <ele>14.6</ele>
    <time>2020-09-26T18:33:34Z</time>
   </trkpt>
   <trkpt lat="47.8177370" lon="-122.3708900">
    <ele>14.4</ele>
    <time>2020-09-26T18:33:35Z</time>
   </trkpt>
   <trkpt lat="47.8177340" lon="-122.3709480">
    <ele>14.2</ele>
    <time>2020-09-26T18:33:36Z</time>
   </trkpt>
   <trkpt lat="47.8177310" lon="-122.3709990">
    <ele>13.9</ele>
    <time>2020-09-26T18:33:37Z</time>
   </trkpt>
   <trkpt lat="47.8177520" lon="-122.3710470">
    <ele>13.7</ele>
    <time>2020-09-26T18:33:38Z</time>
   </trkpt>
   <trkpt lat="47.8177470" lon="-122.3711010">
    <ele>13.4</ele>
    <time>2020-09-26T18:33:39Z</time>
   </trkpt>
   <trkpt lat="47.8177480" lon="-122.3711520">
    <ele>13.2</ele>
    <time>2020-09-26T18:33:40Z</time>
   </trkpt>
   <trkpt lat="47.8177380" lon="-122.3712200">
    <ele>13.0</ele>
    <time>2020-09-26T18:33:41Z</time>
   </trkpt>
   <trkpt lat="47.8177380" lon="-122.3712700">
    <ele>12.8</ele>
    <time>2020-09-26T18:33:42Z</time>
   </trkpt>
   <trkpt lat="47.8177440" lon="-122.3713240">
    <ele>12.6</ele>
    <time>2020-09-26T18:33:43Z</time>
   </trkpt>
   <trkpt lat="47.8177370" lon="-122.3713760">
    <ele>12.4</ele>
    <time>2020-09-26T18:33:44Z</time>
   </trkpt>
   <trkpt lat="47.8177490" lon="-122.3714290">
    <ele>12.2</ele>
    <time>2020-09-26T18:33:45Z</time>
   </trkpt>
   <trkpt lat="47.8177540" lon="-122.3714480">
    <ele>12.1</ele>
    <time>2020-09-26T18:33:46Z</time>
   </trkpt>
   <trkpt lat="47.8177560" lon="-122.3714920">
    <ele>11.9</ele>
    <time>2020-09-26T18:33:47Z</time>
   </trkpt>
   <trkpt lat="47.8177450" lon="-122.3715500">
    <ele>11.7</ele>
    <time>2020-09-26T18:33:48Z</time>
   </trkpt>
   <trkpt lat="47.8177350" lon="-122.3716030">
    <ele>11.5</ele>
    <time>2020-09-26T18:33:49Z</time>
   </trkpt>
   <trkpt lat="47.8177370" lon="-122.3716550">
    <ele>11.3</ele>
    <time>2020-09-26T18:33:50Z</time>
   </trkpt>
   <trkpt lat="47.8177400" lon="-122.3717100">
    <ele>11.1</ele>
    <time>2020-09-26T18:33:51Z</time>
   </trkpt>
   <trkpt lat="47.8177490" lon="-122.3717600">
    <ele>10.9</ele>
    <time>2020-09-26T18:33:52Z</time>
   </trkpt>
   <trkpt lat="47.8177630" lon="-122.3718130">
    <ele>10.9</ele>
    <time>2020-09-26T18:33:53Z</time>
   </trkpt>
   <trkpt lat="47.8177630" lon="-122.3718700">
    <ele>10.8</ele>
    <time>2020-09-26T18:33:54Z</time>
   </trkpt>
   <trkpt lat="47.8177440" lon="-122.3719150">
    <ele>10.8</ele>
    <time>2020-09-26T18:33:55Z</time>
   </trkpt>
   <trkpt lat="47.8177370" lon="-122.3719620">
    <ele>10.7</ele>
    <time>2020-09-26T18:33:56Z</time>
   </trkpt>
   <trkpt lat="47.8177240" lon="-122.3720050">
    <ele>10.7</ele>
    <time>2020-09-26T18:33:57Z</time>
   </trkpt>
   <trkpt lat="47.8177100" lon="-122.3720510">
    <ele>10.7</ele>
    <time>2020-09-26T18:33:58Z</time>
   </trkpt>
   <trkpt lat="47.8176910" lon="-122.3720810">
    <ele>10.7</ele>
    <time>2020-09-26T18:33:59Z</time>
   </trkpt>
   <trkpt lat="47.8176900" lon="-122.3721220">
    <ele>10.7</ele>
    <time>2020-09-26T18:34:00Z</time>
   </trkpt>
   <trkpt lat="47.8177010" lon="-122.3721800">
    <ele>10.8</ele>
    <time>2020-09-26T18:34:01Z</time>
   </trkpt>
   <trkpt lat="47.8177290" lon="-122.3722200">
    <ele>10.8</ele>
    <time>2020-09-26T18:34:02Z</time>
   </trkpt>
   <trkpt lat="47.8177440" lon="-122.3722800">
    <ele>11.0</ele>
    <time>2020-09-26T18:34:03Z</time>
   </trkpt>
   <trkpt lat="47.8177640" lon="-122.3723330">
    <ele>10.8</ele>
    <time>2020-09-26T18:34:04Z</time>
   </trkpt>
   <trkpt lat="47.8177630" lon="-122.3723840">
    <ele>10.7</ele>
    <time>2020-09-26T18:34:05Z</time>
   </trkpt>
   <trkpt lat="47.8177590" lon="-122.3724540">
    <ele>10.5</ele>
    <time>2020-09-26T18:34:06Z</time>
   </trkpt>
   <trkpt lat="47.8177630" lon="-122.3725020">
    <ele>10.4</ele>
    <time>2020-09-26T18:34:07Z</time>
   </trkpt>
   <trkpt lat="47.8177620" lon="-122.3725660">
    <ele>10.2</ele>
    <time>2020-09-26T18:34:08Z</time>
   </trkpt>
   <trkpt lat="47.8177670" lon="-122.3726080">
    <ele>10.1</ele>
    <time>2020-09-26T18:34:09Z</time>
   </trkpt>
   <trkpt lat="47.8177790" lon="-122.3726630">
    <ele>10.0</ele>
    <time>2020-09-26T18:34:10Z</time>
   </trkpt>
   <trkpt lat="47.8177800" lon="-122.3727130">
    <ele>9.9</ele>
    <time>2020-09-26T18:34:11Z</time>
   </trkpt>
   <trkpt lat="47.8177840" lon="-122.3727660">
    <ele>9.8</ele>
    <time>2020-09-26T18:34:12Z</time>
   </trkpt>
   <trkpt lat="47.8177810" lon="-122.3728210">
    <ele>9.7</ele>
    <time>2020-09-26T18:34:13Z</time>
   </trkpt>
   <trkpt lat="47.8177800" lon="-122.3728760">
    <ele>9.7</ele>
    <time>2020-09-26T18:34:14Z</time>
   </trkpt>
   <trkpt lat="47.8177830" lon="-122.3729250">
    <ele>9.7</ele>
    <time>2020-09-26T18:34:15Z</time>
   </trkpt>
   <trkpt lat="47.8177670" lon="-122.3729840">
    <ele>9.6</ele>
    <time>2020-09-26T18:34:16Z</time>
   </trkpt>
   <trkpt lat="47.8177710" lon="-122.3730300">
    <ele>9.6</ele>
    <time>2020-09-26T18:34:17Z</time>
   </trkpt>
   <trkpt lat="47.8177630" lon="-122.3730730">
    <ele>9.6</ele>
    <time>2020-09-26T18:34:18Z</time>
   </trkpt>
   <trkpt lat="47.8177670" lon="-122.3731210">
    <ele>9.6</ele>
    <time>2020-09-26T18:34:19Z</time>
   </trkpt>
   <trkpt lat="47.8177740" lon="-122.3731780">
    <ele>9.6</ele>
    <time>2020-09-26T18:34:20Z</time>
   </trkpt>
   <trkpt lat="47.8177660" lon="-122.3732200">
    <ele>9.6</ele>
    <time>2020-09-26T18:34:21Z</time>
   </trkpt>
   <trkpt lat="47.8177660" lon="-122.3732660">
    <ele>9.6</ele>
    <time>2020-09-26T18:34:22Z</time>
   </trkpt>
   <trkpt lat="47.8177470" lon="-122.3733280">
    <ele>9.6</ele>
    <time>2020-09-26T18:34:23Z</time>
   </trkpt>
   <trkpt lat="47.8177410" lon="-122.3733840">
    <ele>9.7</ele>
    <time>2020-09-26T18:34:24Z</time>
   </trkpt>
   <trkpt lat="47.8177420" lon="-122.3734400">
    <ele>9.7</ele>
    <time>2020-09-26T18:34:25Z</time>
   </trkpt>
   <trkpt lat="47.8177610" lon="-122.3734870">
    <ele>9.7</ele>
    <time>2020-09-26T18:34:26Z</time>
   </trkpt>
   <trkpt lat="47.8177440" lon="-122.3735350">
    <ele>9.7</ele>
    <time>2020-09-26T18:34:27Z</time>
   </trkpt>
   <trkpt lat="47.8177540" lon="-122.3735890">
    <ele>9.7</ele>
    <time>2020-09-26T18:34:28Z</time>
   </trkpt>
   <trkpt lat="47.8177630" lon="-122.3736390">
    <ele>9.8</ele>
    <time>2020-09-26T18:34:29Z</time>
   </trkpt>
   <trkpt lat="47.8177580" lon="-122.3737020">
    <ele>9.8</ele>
    <time>2020-09-26T18:34:30Z</time>
   </trkpt>
   <trkpt lat="47.8177600" lon="-122.3737460">
    <ele>9.8</ele>
    <time>2020-09-26T18:34:31Z</time>
   </trkpt>
   <trkpt lat="47.8177820" lon="-122.3738170">
    <ele>9.8</ele>
    <time>2020-09-26T18:34:32Z</time>
   </trkpt>
   <trkpt lat="47.8177650" lon="-122.3738600">
    <ele>9.8</ele>
    <time>2020-09-26T18:34:33Z</time>
   </trkpt>
   <trkpt lat="47.8177600" lon="-122.3739020">
    <ele>9.8</ele>
    <time>2020-09-26T18:34:34Z</time>
   </trkpt>
   <trkpt lat="47.8177620" lon="-122.3739640">
    <ele>9.8</ele>
    <time>2020-09-26T18:34:35Z</time>
   </trkpt>
   <trkpt lat="47.8177680" lon="-122.3740050">
    <ele>9.8</ele>
    <time>2020-09-26T18:34:36Z</time>
   </trkpt>
   <trkpt lat="47.8177830" lon="-122.3740500">
    <ele>9.8</ele>
    <time>2020-09-26T18:34:37Z</time>
   </trkpt>
   <trkpt lat="47.8177770" lon="-122.3741130">
    <ele>9.8</ele>
    <time>2020-09-26T18:34:38Z</time>
   </trkpt>
   <trkpt lat="47.8177700" lon="-122.3741620">
    <ele>9.8</ele>
    <time>2020-09-26T18:34:39Z</time>
   </trkpt>
   <trkpt lat="47.8177590" lon="-122.3742260">
    <ele>9.9</ele>
    <time>2020-09-26T18:34:40Z</time>
   </trkpt>
   <trkpt lat="47.8177510" lon="-122.3742580">
    <ele>9.9</ele>
    <time>2020-09-26T18:34:41Z</time>
   </trkpt>
   <trkpt lat="47.8177310" lon="-122.3742880">
    <ele>9.8</ele>
    <time>2020-09-26T18:34:42Z</time>
   </trkpt>
   <trkpt lat="47.8177050" lon="-122.3743220">
    <ele>9.8</ele>
    <time>2020-09-26T18:34:43Z</time>
   </trkpt>
   <trkpt lat="47.8176740" lon="-122.3743480">
    <ele>9.7</ele>
    <time>2020-09-26T18:34:44Z</time>
   </trkpt>
   <trkpt lat="47.8176570" lon="-122.3743830">
    <ele>9.6</ele>
    <time>2020-09-26T18:34:45Z</time>
   </trkpt>
   <trkpt lat="47.8176150" lon="-122.3743960">
    <ele>9.6</ele>
    <time>2020-09-26T18:34:46Z</time>
   </trkpt>
   <trkpt lat="47.8175660" lon="-122.3744070">
    <ele>9.5</ele>
    <time>2020-09-26T18:34:47Z</time>
   </trkpt>
   <trkpt lat="47.8175210" lon="-122.3744480">
    <ele>9.5</ele>
    <time>2020-09-26T18:34:48Z</time>
   </trkpt>
   <trkpt lat="47.8174870" lon="-122.3744690">
    <ele>9.5</ele>
    <time>2020-09-26T18:34:49Z</time>
   </trkpt>
   <trkpt lat="47.8174560" lon="-122.3745010">
    <ele>9.6</ele>
    <time>2020-09-26T18:34:50Z</time>
   </trkpt>
   <trkpt lat="47.8174260" lon="-122.3745210">
    <ele>9.6</ele>
    <time>2020-09-26T18:34:51Z</time>
   </trkpt>
   <trkpt lat="47.8173970" lon="-122.3745530">
    <ele>9.7</ele>
    <time>2020-09-26T18:34:52Z</time>
   </trkpt>
   <trkpt lat="47.8173580" lon="-122.3745860">
    <ele>9.8</ele>
    <time>2020-09-26T18:34:53Z</time>
   </trkpt>
   <trkpt lat="47.8173250" lon="-122.3746000">
    <ele>9.8</ele>
    <time>2020-09-26T18:34:54Z</time>
   </trkpt>
   <trkpt lat="47.8173000" lon="-122.3746390">
    <ele>9.8</ele>
    <time>2020-09-26T18:34:55Z</time>
   </trkpt>
   <trkpt lat="47.8172690" lon="-122.3746530">
    <ele>9.8</ele>
    <time>2020-09-26T18:34:56Z</time>
   </trkpt>
   <trkpt lat="47.8172470" lon="-122.3746820">
    <ele>9.8</ele>
    <time>2020-09-26T18:34:57Z</time>
   </trkpt>
   <trkpt lat="47.8172070" lon="-122.3747100">
    <ele>9.8</ele>
    <time>2020-09-26T18:34:58Z</time>
   </trkpt>
   <trkpt lat="47.8171700" lon="-122.3747370">
    <ele>9.8</ele>
    <time>2020-09-26T18:34:59Z</time>
   </trkpt>
   <trkpt lat="47.8171430" lon="-122.3747400">
    <ele>9.8</ele>
    <time>2020-09-26T18:35:00Z</time>
   </trkpt>
   <trkpt lat="47.8171100" lon="-122.3747710">
    <ele>9.8</ele>
    <time>2020-09-26T18:35:01Z</time>
   </trkpt>
   <trkpt lat="47.8170730" lon="-122.3748130">
    <ele>9.8</ele>
    <time>2020-09-26T18:35:02Z</time>
   </trkpt>
   <trkpt lat="47.8170520" lon="-122.3748280">
    <ele>9.8</ele>
    <time>2020-09-26T18:35:03Z</time>
   </trkpt>
   <trkpt lat="47.8170240" lon="-122.3748570">
    <ele>9.8</ele>
    <time>2020-09-26T18:35:04Z</time>
   </trkpt>
   <trkpt lat="47.8170160" lon="-122.3748680">
    <ele>9.8</ele>
    <time>2020-09-26T18:35:05Z</time>
   </trkpt>
   <trkpt lat="47.8170180" lon="-122.3749160">
    <ele>9.8</ele>
    <time>2020-09-26T18:35:06Z</time>
   </trkpt>
   <trkpt lat="47.8170310" lon="-122.3749580">
    <ele>9.9</ele>
    <time>2020-09-26T18:35:07Z</time>
   </trkpt>
   <trkpt lat="47.8170380" lon="-122.3750250">
    <ele>9.9</ele>
    <time>2020-09-26T18:35:08Z</time>
   </trkpt>
   <trkpt lat="47.8170320" lon="-122.3750690">
    <ele>9.9</ele>
    <time>2020-09-26T18:35:09Z</time>
   </trkpt>
   <trkpt lat="47.8170140" lon="-122.3751190">
    <ele>9.9</ele>
    <time>2020-09-26T18:35:10Z</time>
   </trkpt>
   <trkpt lat="47.8169830" lon="-122.3751550">
    <ele>9.9</ele>
    <time>2020-09-26T18:35:11Z</time>
   </trkpt>
   <trkpt lat="47.8169660" lon="-122.3751690">
    <ele>10.0</ele>
    <time>2020-09-26T18:35:12Z</time>
   </trkpt>
   <trkpt lat="47.8169310" lon="-122.3751910">
    <ele>10.0</ele>
    <time>2020-09-26T18:35:13Z</time>
   </trkpt>
   <trkpt lat="47.8168900" lon="-122.3752060">
    <ele>10.0</ele>
    <time>2020-09-26T18:35:14Z</time>
   </trkpt>
   <trkpt lat="47.8168490" lon="-122.3752460">
    <ele>10.0</ele>
    <time>2020-09-26T18:35:15Z</time>
   </trkpt>
   <trkpt lat="47.8168170" lon="-122.3752660">
    <ele>10.1</ele>
    <time>2020-09-26T18:35:16Z</time>
   </trkpt>
   <trkpt lat="47.8167980" lon="-122.3752960">
    <ele>10.1</ele>
    <time>2020-09-26T18:35:17Z</time>
   </trkpt>
   <trkpt lat="47.8167600" lon="-122.3753060">
    <ele>10.1</ele>
    <time>2020-09-26T18:35:18Z</time>
   </trkpt>
   <trkpt lat="47.8167210" lon="-122.3753340">
    <ele>10.2</ele>
    <time>2020-09-26T18:35:19Z</time>
   </trkpt>
   <trkpt lat="47.8167050" lon="-122.3753420">
    <ele>10.2</ele>
    <time>2020-09-26T18:35:20Z</time>
   </trkpt>
   <trkpt lat="47.8166790" lon="-122.3753810">
    <ele>10.3</ele>
    <time>2020-09-26T18:35:21Z</time>
   </trkpt>
   <trkpt lat="47.8166530" lon="-122.3754050">
    <ele>10.3</ele>
    <time>2020-09-26T18:35:22Z</time>
   </trkpt>
   <trkpt lat="47.8166210" lon="-122.3754510">
    <ele>10.3</ele>
    <time>2020-09-26T18:35:23Z</time>
   </trkpt>
   <trkpt lat="47.8165840" lon="-122.3754690">
    <ele>10.3</ele>
    <time>2020-09-26T18:35:24Z</time>
   </trkpt>
   <trkpt lat="47.8165550" lon="-122.3755100">
    <ele>10.3</ele>
    <time>2020-09-26T18:35:25Z</time>
   </trkpt>
   <trkpt lat="47.8165220" lon="-122.3755440">
    <ele>10.4</ele>
    <time>2020-09-26T18:35:26Z</time>
   </trkpt>
   <trkpt lat="47.8164890" lon="-122.3755620">
    <ele>10.4</ele>
    <time>2020-09-26T18:35:27Z</time>
   </trkpt>
   <trkpt lat="47.8164340" lon="-122.3755810">
    <ele>10.4</ele>
    <time>2020-09-26T18:35:28Z</time>
   </trkpt>
   <trkpt lat="47.8164030" lon="-122.3756020">
    <ele>10.5</ele>
    <time>2020-09-26T18:35:29Z</time>
   </trkpt>
   <trkpt lat="47.8163700" lon="-122.3756520">
    <ele>10.5</ele>
    <time>2020-09-26T18:35:30Z</time>
   </trkpt>
   <trkpt lat="47.8163470" lon="-122.3756770">
    <ele>10.5</ele>
    <time>2020-09-26T18:35:31Z</time>
   </trkpt>
   <trkpt lat="47.8163130" lon="-122.3756890">
    <ele>10.6</ele>
    <time>2020-09-26T18:35:32Z</time>
   </trkpt>
   <trkpt lat="47.8162830" lon="-122.3757150">
    <ele>10.6</ele>
    <time>2020-09-26T18:35:33Z</time>
   </trkpt>
   <trkpt lat="47.8162450" lon="-122.3757390">
    <ele>10.7</ele>
    <time>2020-09-26T18:35:34Z</time>
   </trkpt>
   <trkpt lat="47.8162310" lon="-122.3757520">
    <ele>10.7</ele>
    <time>2020-09-26T18:35:35Z</time>
   </trkpt>
   <trkpt lat="47.8161880" lon="-122.3757700">
    <ele>10.7</ele>
    <time>2020-09-26T18:35:36Z</time>
   </trkpt>
   <trkpt lat="47.8161490" lon="-122.3757980">
    <ele>10.8</ele>
    <time>2020-09-26T18:35:37Z</time>
   </trkpt>
   <trkpt lat="47.8161210" lon="-122.3758320">
    <ele>10.8</ele>
    <time>2020-09-26T18:35:38Z</time>
   </trkpt>
   <trkpt lat="47.8160920" lon="-122.3758590">
    <ele>10.8</ele>
    <time>2020-09-26T18:35:39Z</time>
   </trkpt>
   <trkpt lat="47.8160510" lon="-122.3759060">
    <ele>10.9</ele>
    <time>2020-09-26T18:35:40Z</time>
   </trkpt>
   <trkpt lat="47.8160130" lon="-122.3759150">
    <ele>11.0</ele>
    <time>2020-09-26T18:35:41Z</time>
   </trkpt>
   <trkpt lat="47.8159790" lon="-122.3759360">
    <ele>11.1</ele>
    <time>2020-09-26T18:35:42Z</time>
   </trkpt>
   <trkpt lat="47.8159450" lon="-122.3759520">
    <ele>11.1</ele>
    <time>2020-09-26T18:35:43Z</time>
   </trkpt>
   <trkpt lat="47.8159180" lon="-122.3759760">
    <ele>11.2</ele>
    <time>2020-09-26T18:35:44Z</time>
   </trkpt>
   <trkpt lat="47.8158890" lon="-122.3760130">
    <ele>11.2</ele>
    <time>2020-09-26T18:35:45Z</time>
   </trkpt>
   <trkpt lat="47.8158530" lon="-122.3760470">
    <ele>11.3</ele>
    <time>2020-09-26T18:35:46Z</time>
   </trkpt>
   <trkpt lat="47.8158330" lon="-122.3760590">
    <ele>11.3</ele>
    <time>2020-09-26T18:35:47Z</time>
   </trkpt>
   <trkpt lat="47.8157980" lon="-122.3760860">
    <ele>11.4</ele>
    <time>2020-09-26T18:35:48Z</time>
   </trkpt>
   <trkpt lat="47.8157680" lon="-122.3761070">
    <ele>11.5</ele>
    <time>2020-09-26T18:35:49Z</time>
   </trkpt>
   <trkpt lat="47.8157360" lon="-122.3761290">
    <ele>11.5</ele>
    <time>2020-09-26T18:35:50Z</time>
   </trkpt>
   <trkpt lat="47.8157080" lon="-122.3761440">
    <ele>11.6</ele>
    <time>2020-09-26T18:35:51Z</time>
   </trkpt>
   <trkpt lat="47.8156800" lon="-122.3761710">
    <ele>11.6</ele>
    <time>2020-09-26T18:35:52Z</time>
   </trkpt>
   <trkpt lat="47.8156560" lon="-122.3761950">
    <ele>11.7</ele>
    <time>2020-09-26T18:35:53Z</time>
   </trkpt>
   <trkpt lat="47.8156160" lon="-122.3762170">
    <ele>11.7</ele>
    <time>2020-09-26T18:35:54Z</time>
   </trkpt>
   <trkpt lat="47.8156010" lon="-122.3762370">
    <ele>11.8</ele>
    <time>2020-09-26T18:35:55Z</time>
   </trkpt>
   <trkpt lat="47.8155740" lon="-122.3762710">
    <ele>11.8</ele>
    <time>2020-09-26T18:35:56Z</time>
   </trkpt>
   <trkpt lat="47.8155330" lon="-122.3763050">
    <ele>11.9</ele>
    <time>2020-09-26T18:35:57Z</time>
   </trkpt>
   <trkpt lat="47.8154990" lon="-122.3763350">
    <ele>12.0</ele>
    <time>2020-09-26T18:35:58Z</time>
   </trkpt>
   <trkpt lat="47.8154890" lon="-122.3763520">
    <ele>12.0</ele>
    <time>2020-09-26T18:35:59Z</time>
   </trkpt>
   <trkpt lat="47.8154650" lon="-122.3763740">
    <ele>12.1</ele>
    <time>2020-09-26T18:36:00Z</time>
   </trkpt>
   <trkpt lat="47.8154510" lon="-122.3764110">
    <ele>12.1</ele>
    <time>2020-09-26T18:36:01Z</time>
   </trkpt>
   <trkpt lat="47.8154140" lon="-122.3764250">
    <ele>12.2</ele>
    <time>2020-09-26T18:36:02Z</time>
   </trkpt>
   <trkpt lat="47.8153750" lon="-122.3764220">
    <ele>12.3</ele>
    <time>2020-09-26T18:36:03Z</time>
   </trkpt>
   <trkpt lat="47.8153460" lon="-122.3764420">
    <ele>12.4</ele>
    <time>2020-09-26T18:36:04Z</time>
   </trkpt>
   <trkpt lat="47.8153140" lon="-122.3764640">
    <ele>12.5</ele>
    <time>2020-09-26T18:36:05Z</time>
   </trkpt>
   <trkpt lat="47.8152920" lon="-122.3765180">
    <ele>12.6</ele>
    <time>2020-09-26T18:36:06Z</time>
   </trkpt>
   <trkpt lat="47.8152540" lon="-122.3765440">
    <ele>12.7</ele>
    <time>2020-09-26T18:36:07Z</time>
   </trkpt>
   <trkpt lat="47.8152240" lon="-122.3765430">
    <ele>12.8</ele>
    <time>2020-09-26T18:36:08Z</time>
   </trkpt>
   <trkpt lat="47.8151990" lon="-122.3765800">
    <ele>12.8</ele>
    <time>2020-09-26T18:36:09Z</time>
   </trkpt>
   <trkpt lat="47.8151750" lon="-122.3766050">
    <ele>13.0</ele>
    <time>2020-09-26T18:36:10Z</time>
   </trkpt>
   <trkpt lat="47.8151500" lon="-122.3766530">
    <ele>13.0</ele>
    <time>2020-09-26T18:36:11Z</time>
   </trkpt>
   <trkpt lat="47.8151020" lon="-122.3766650">
    <ele>12.9</ele>
    <time>2020-09-26T18:36:12Z</time>
   </trkpt>
   <trkpt lat="47.8150720" lon="-122.3766640">
    <ele>12.9</ele>
    <time>2020-09-26T18:36:13Z</time>
   </trkpt>
   <trkpt lat="47.8150540" lon="-122.3767040">
    <ele>12.8</ele>
    <time>2020-09-26T18:36:14Z</time>
   </trkpt>
   <trkpt lat="47.8150200" lon="-122.3767310">
    <ele>12.8</ele>
    <time>2020-09-26T18:36:15Z</time>
   </trkpt>
   <trkpt lat="47.8149530" lon="-122.3767780">
    <ele>12.8</ele>
    <time>2020-09-26T18:36:16Z</time>
   </trkpt>
   <trkpt lat="47.8149090" lon="-122.3768090">
    <ele>12.8</ele>
    <time>2020-09-26T18:36:32Z</time>
   </trkpt>
   <trkpt lat="47.8148650" lon="-122.3768390">
    <ele>12.8</ele>
    <time>2020-09-26T18:36:33Z</time>
   </trkpt>
   <trkpt lat="47.8148210" lon="-122.3768700">
    <ele>12.8</ele>
    <time>2020-09-26T18:36:34Z</time>
   </trkpt>
   <trkpt lat="47.8147860" lon="-122.3769130">
    <ele>12.8</ele>
    <time>2020-09-26T18:36:35Z</time>
   </trkpt>
   <trkpt lat="47.8147470" lon="-122.3769420">
    <ele>12.8</ele>
    <time>2020-09-26T18:36:36Z</time>
   </trkpt>
   <trkpt lat="47.8147080" lon="-122.3769740">
    <ele>12.8</ele>
    <time>2020-09-26T18:36:37Z</time>
   </trkpt>
   <trkpt lat="47.8146890" lon="-122.3770040">
    <ele>12.8</ele>
    <time>2020-09-26T18:36:38Z</time>
   </trkpt>
   <trkpt lat="47.8146480" lon="-122.3770440">
    <ele>12.8</ele>
    <time>2020-09-26T18:36:39Z</time>
   </trkpt>
   <trkpt lat="47.8146100" lon="-122.3770770">
    <ele>12.9</ele>
    <time>2020-09-26T18:36:40Z</time>
   </trkpt>
   <trkpt lat="47.8145920" lon="-122.3770880">
    <ele>12.9</ele>
    <time>2020-09-26T18:36:41Z</time>
   </trkpt>
   <trkpt lat="47.8145730" lon="-122.3771290">
    <ele>12.9</ele>
    <time>2020-09-26T18:36:42Z</time>
   </trkpt>
   <trkpt lat="47.8145410" lon="-122.3771530">
    <ele>12.9</ele>
    <time>2020-09-26T18:36:43Z</time>
   </trkpt>
   <trkpt lat="47.8145080" lon="-122.3771800">
    <ele>12.9</ele>
    <time>2020-09-26T18:36:44Z</time>
   </trkpt>
   <trkpt lat="47.8144810" lon="-122.3772280">
    <ele>12.9</ele>
    <time>2020-09-26T18:36:45Z</time>
   </trkpt>
   <trkpt lat="47.8144350" lon="-122.3772290">
    <ele>13.0</ele>
    <time>2020-09-26T18:36:46Z</time>
   </trkpt>
   <trkpt lat="47.8144140" lon="-122.3772690">
    <ele>13.0</ele>
    <time>2020-09-26T18:36:47Z</time>
   </trkpt>
   <trkpt lat="47.8143710" lon="-122.3773120">
    <ele>13.1</ele>
    <time>2020-09-26T18:36:48Z</time>
   </trkpt>
   <trkpt lat="47.8143260" lon="-122.3773480">
    <ele>13.1</ele>
    <time>2020-09-26T18:36:49Z</time>
   </trkpt>
   <trkpt lat="47.8143030" lon="-122.3773790">
    <ele>13.1</ele>
    <time>2020-09-26T18:36:50Z</time>
   </trkpt>
   <trkpt lat="47.8142600" lon="-122.3774090">
    <ele>13.2</ele>
    <time>2020-09-26T18:36:51Z</time>
   </trkpt>
   <trkpt lat="47.8142360" lon="-122.3774470">
    <ele>13.2</ele>
    <time>2020-09-26T18:36:52Z</time>
   </trkpt>
   <trkpt lat="47.8141940" lon="-122.3774540">
    <ele>13.2</ele>
    <time>2020-09-26T18:36:53Z</time>
   </trkpt>
   <trkpt lat="47.8141620" lon="-122.3774410">
    <ele>13.2</ele>
    <time>2020-09-26T18:36:54Z</time>
   </trkpt>
   <trkpt lat="47.8141200" lon="-122.3774620">
    <ele>13.3</ele>
    <time>2020-09-26T18:36:55Z</time>
   </trkpt>
   <trkpt lat="47.8141040" lon="-122.3774710">
    <ele>13.3</ele>
    <time>2020-09-26T18:36:56Z</time>
   </trkpt>
   <trkpt lat="47.8140800" lon="-122.3774950">
    <ele>13.3</ele>
    <time>2020-09-26T18:36:57Z</time>
   </trkpt>
   <trkpt lat="47.8140520" lon="-122.3775380">
    <ele>13.4</ele>
    <time>2020-09-26T18:36:58Z</time>
   </trkpt>
   <trkpt lat="47.8140160" lon="-122.3775690">
    <ele>13.5</ele>
    <time>2020-09-26T18:36:59Z</time>
   </trkpt>
   <trkpt lat="47.8140020" lon="-122.3775880">
    <ele>13.5</ele>
    <time>2020-09-26T18:37:00Z</time>
   </trkpt>
   <trkpt lat="47.8139610" lon="-122.3776250">
    <ele>13.6</ele>
    <time>2020-09-26T18:37:01Z</time>
   </trkpt>
   <trkpt lat="47.8139420" lon="-122.3776740">
    <ele>13.7</ele>
    <time>2020-09-26T18:37:02Z</time>
   </trkpt>
   <trkpt lat="47.8138970" lon="-122.3776940">
    <ele>13.8</ele>
    <time>2020-09-26T18:37:03Z</time>
   </trkpt>
   <trkpt lat="47.8138610" lon="-122.3777190">
    <ele>13.8</ele>
    <time>2020-09-26T18:37:04Z</time>
   </trkpt>
   <trkpt lat="47.8138470" lon="-122.3777340">
    <ele>13.9</ele>
    <time>2020-09-26T18:37:05Z</time>
   </trkpt>
   <trkpt lat="47.8138180" lon="-122.3777420">
    <ele>13.9</ele>
    <time>2020-09-26T18:37:06Z</time>
   </trkpt>
   <trkpt lat="47.8137960" lon="-122.3777750">
    <ele>14.0</ele>
    <time>2020-09-26T18:37:07Z</time>
   </trkpt>
   <trkpt lat="47.8137590" lon="-122.3778070">
    <ele>14.1</ele>
    <time>2020-09-26T18:37:08Z</time>
   </trkpt>
   <trkpt lat="47.8137300" lon="-122.3778180">
    <ele>14.1</ele>
    <time>2020-09-26T18:37:09Z</time>
   </trkpt>
   <trkpt lat="47.8137030" lon="-122.3778580">
    <ele>14.2</ele>
    <time>2020-09-26T18:37:10Z</time>
   </trkpt>
   <trkpt lat="47.8136740" lon="-122.3778830">
    <ele>14.3</ele>
    <time>2020-09-26T18:37:11Z</time>
   </trkpt>
   <trkpt lat="47.8136440" lon="-122.3778750">
    <ele>14.3</ele>
    <time>2020-09-26T18:37:12Z</time>
   </trkpt>
   <trkpt lat="47.8136090" lon="-122.3779020">
    <ele>14.4</ele>
    <time>2020-09-26T18:37:13Z</time>
   </trkpt>
   <trkpt lat="47.8135740" lon="-122.3779180">
    <ele>14.5</ele>
    <time>2020-09-26T18:37:14Z</time>
   </trkpt>
   <trkpt lat="47.8135430" lon="-122.3779360">
    <ele>14.5</ele>
    <time>2020-09-26T18:37:15Z</time>
   </trkpt>
   <trkpt lat="47.8135180" lon="-122.3779540">
    <ele>14.6</ele>
    <time>2020-09-26T18:37:16Z</time>
   </trkpt>
   <trkpt lat="47.8135260" lon="-122.3780250">
    <ele>14.8</ele>
    <time>2020-09-26T18:37:17Z</time>
   </trkpt>
   <trkpt lat="47.8135580" lon="-122.3780770">
    <ele>14.9</ele>
    <time>2020-09-26T18:37:18Z</time>
   </trkpt>
   <trkpt lat="47.8135880" lon="-122.3781190">
    <ele>14.9</ele>
    <time>2020-09-26T18:37:19Z</time>
   </trkpt>
   <trkpt lat="47.8135990" lon="-122.3781690">
    <ele>14.9</ele>
    <time>2020-09-26T18:37:20Z</time>
   </trkpt>
   <trkpt lat="47.8136100" lon="-122.3782260">
    <ele>14.9</ele>
    <time>2020-09-26T18:37:21Z</time>
   </trkpt>
   <trkpt lat="47.8136160" lon="-122.3782830">
    <ele>14.9</ele>
    <time>2020-09-26T18:37:22Z</time>
   </trkpt>
   <trkpt lat="47.8136380" lon="-122.3783140">
    <ele>14.9</ele>
    <time>2020-09-26T18:37:23Z</time>
   </trkpt>
   <trkpt lat="47.8136560" lon="-122.3783680">
    <ele>15.0</ele>
    <time>2020-09-26T18:37:24Z</time>
   </trkpt>
   <trkpt lat="47.8136880" lon="-122.3784200">
    <ele>15.0</ele>
    <time>2020-09-26T18:37:25Z</time>
   </trkpt>
   <trkpt lat="47.8137050" lon="-122.3784430">
    <ele>15.0</ele>
    <time>2020-09-26T18:37:26Z</time>
   </trkpt>
   <trkpt lat="47.8137140" lon="-122.3784890">
    <ele>15.0</ele>
    <time>2020-09-26T18:37:27Z</time>
   </trkpt>
   <trkpt lat="47.8137410" lon="-122.3785280">
    <ele>14.9</ele>
    <time>2020-09-26T18:37:28Z</time>
   </trkpt>
   <trkpt lat="47.8137560" lon="-122.3785690">
    <ele>14.9</ele>
    <time>2020-09-26T18:37:29Z</time>
   </trkpt>
   <trkpt lat="47.8137710" lon="-122.3786040">
    <ele>14.8</ele>
    <time>2020-09-26T18:37:30Z</time>
   </trkpt>
   <trkpt lat="47.8137920" lon="-122.3786360">
    <ele>14.8</ele>
    <time>2020-09-26T18:37:31Z</time>
   </trkpt>
   <trkpt lat="47.8138020" lon="-122.3786940">
    <ele>14.7</ele>
    <time>2020-09-26T18:37:32Z</time>
   </trkpt>
   <trkpt lat="47.8138240" lon="-122.3787400">
    <ele>14.7</ele>
    <time>2020-09-26T18:37:33Z</time>
   </trkpt>
   <trkpt lat="47.8138300" lon="-122.3787920">
    <ele>14.6</ele>
    <time>2020-09-26T18:37:34Z</time>
   </trkpt>
   <trkpt lat="47.8138430" lon="-122.3788320">
    <ele>14.6</ele>
    <time>2020-09-26T18:37:35Z</time>
   </trkpt>
   <trkpt lat="47.8138600" lon="-122.3788790">
    <ele>14.6</ele>
    <time>2020-09-26T18:37:36Z</time>
   </trkpt>
   <trkpt lat="47.8138650" lon="-122.3789270">
    <ele>14.5</ele>
    <time>2020-09-26T18:37:37Z</time>
   </trkpt>
   <trkpt lat="47.8138860" lon="-122.3789660">
    <ele>14.5</ele>
    <time>2020-09-26T18:37:38Z</time>
   </trkpt>
   <trkpt lat="47.8139050" lon="-122.3790140">
    <ele>14.5</ele>
    <time>2020-09-26T18:37:39Z</time>
   </trkpt>
   <trkpt lat="47.8139080" lon="-122.3790330">
    <ele>14.4</ele>
    <time>2020-09-26T18:37:40Z</time>
   </trkpt>
   <trkpt lat="47.8139250" lon="-122.3790710">
    <ele>14.3</ele>
    <time>2020-09-26T18:37:41Z</time>
   </trkpt>
   <trkpt lat="47.8139350" lon="-122.3791340">
    <ele>14.2</ele>
    <time>2020-09-26T18:37:42Z</time>
   </trkpt>
   <trkpt lat="47.8139370" lon="-122.3791600">
    <ele>14.2</ele>
    <time>2020-09-26T18:37:43Z</time>
   </trkpt>
   <trkpt lat="47.8139700" lon="-122.3791900">
    <ele>14.0</ele>
    <time>2020-09-26T18:37:44Z</time>
   </trkpt>
   <trkpt lat="47.8139820" lon="-122.3792340">
    <ele>14.0</ele>
    <time>2020-09-26T18:37:45Z</time>
   </trkpt>
   <trkpt lat="47.8140000" lon="-122.3792770">
    <ele>13.9</ele>
    <time>2020-09-26T18:37:46Z</time>
   </trkpt>
   <trkpt lat="47.8140170" lon="-122.3793330">
    <ele>13.7</ele>
    <time>2020-09-26T18:37:47Z</time>
   </trkpt>
   <trkpt lat="47.8140400" lon="-122.3793920">
    <ele>13.6</ele>
    <time>2020-09-26T18:37:48Z</time>
   </trkpt>
   <trkpt lat="47.8140510" lon="-122.3794160">
    <ele>13.6</ele>
    <time>2020-09-26T18:37:49Z</time>
   </trkpt>
   <trkpt lat="47.8140580" lon="-122.3794700">
    <ele>13.5</ele>
    <time>2020-09-26T18:37:50Z</time>
   </trkpt>
   <trkpt lat="47.8140720" lon="-122.3795150">
    <ele>13.4</ele>
    <time>2020-09-26T18:37:51Z</time>
   </trkpt>
   <trkpt lat="47.8141020" lon="-122.3795540">
    <ele>13.3</ele>
    <time>2020-09-26T18:37:52Z</time>
   </trkpt>
   <trkpt lat="47.8141130" lon="-122.3796010">
    <ele>13.3</ele>
    <time>2020-09-26T18:37:53Z</time>
   </trkpt>
   <trkpt lat="47.8141360" lon="-122.3796350">
    <ele>13.2</ele>
    <time>2020-09-26T18:37:54Z</time>
   </trkpt>
   <trkpt lat="47.8141520" lon="-122.3796850">
    <ele>13.1</ele>
    <time>2020-09-26T18:37:55Z</time>
   </trkpt>
   <trkpt lat="47.8141610" lon="-122.3797290">
    <ele>13.0</ele>
    <time>2020-09-26T18:37:56Z</time>
   </trkpt>
   <trkpt lat="47.8141890" lon="-122.3797680">
    <ele>12.8</ele>
    <time>2020-09-26T18:37:57Z</time>
   </trkpt>
   <trkpt lat="47.8142010" lon="-122.3798120">
    <ele>12.7</ele>
    <time>2020-09-26T18:37:58Z</time>
   </trkpt>
   <trkpt lat="47.8142260" lon="-122.3798680">
    <ele>12.6</ele>
    <time>2020-09-26T18:37:59Z</time>
   </trkpt>
   <trkpt lat="47.8142380" lon="-122.3798890">
    <ele>12.5</ele>
    <time>2020-09-26T18:38:00Z</time>
   </trkpt>
   <trkpt lat="47.8142580" lon="-122.3799240">
    <ele>12.5</ele>
    <time>2020-09-26T18:38:01Z</time>
   </trkpt>
   <trkpt lat="47.8142040" lon="-122.3800490">
    <ele>12.0</ele>
    <time>2020-09-26T18:38:02Z</time>
   </trkpt>
   <trkpt lat="47.8141400" lon="-122.3801460">
    <ele>11.9</ele>
    <time>2020-09-26T18:38:48Z</time>
   </trkpt>
   <trkpt lat="47.8140770" lon="-122.3802440">
    <ele>11.8</ele>
    <time>2020-09-26T18:38:49Z</time>
   </trkpt>
   <trkpt lat="47.8140130" lon="-122.3803420">
    <ele>11.7</ele>
    <time>2020-09-26T18:38:50Z</time>
   </trkpt>
   <trkpt lat="47.8139500" lon="-122.3804390">
    <ele>11.6</ele>
    <time>2020-09-26T18:38:51Z</time>
   </trkpt>
   <trkpt lat="47.8138860" lon="-122.3805370">
    <ele>11.5</ele>
    <time>2020-09-26T18:38:52Z</time>
   </trkpt>
   <trkpt lat="47.8138640" lon="-122.3805740">
    <ele>11.4</ele>
    <time>2020-09-26T18:38:53Z</time>
   </trkpt>
   <trkpt lat="47.8138560" lon="-122.3805850">
    <ele>11.4</ele>
    <time>2020-09-26T18:38:54Z</time>
   </trkpt>
   <trkpt lat="47.8138220" lon="-122.3806200">
    <ele>11.3</ele>
    <time>2020-09-26T18:38:55Z</time>
   </trkpt>
   <trkpt lat="47.8138080" lon="-122.3806320">
    <ele>11.3</ele>
    <time>2020-09-26T18:38:56Z</time>
   </trkpt>
   <trkpt lat="47.8137850" lon="-122.3806600">
    <ele>11.2</ele>
    <time>2020-09-26T18:38:57Z</time>
   </trkpt>
   <trkpt lat="47.8137580" lon="-122.3806840">
    <ele>11.1</ele>
    <time>2020-09-26T18:38:58Z</time>
   </trkpt>
   <trkpt lat="47.8137320" lon="-122.3807140">
    <ele>11.0</ele>
    <time>2020-09-26T18:38:59Z</time>
   </trkpt>
   <trkpt lat="47.8137020" lon="-122.3807340">
    <ele>10.9</ele>
    <time>2020-09-26T18:39:00Z</time>
   </trkpt>
   <trkpt lat="47.8136720" lon="-122.3807570">
    <ele>10.8</ele>
    <time>2020-09-26T18:39:01Z</time>
   </trkpt>
   <trkpt lat="47.8136430" lon="-122.3807880">
    <ele>10.7</ele>
    <time>2020-09-26T18:39:02Z</time>
   </trkpt>
   <trkpt lat="47.8136130" lon="-122.3808250">
    <ele>10.6</ele>
    <time>2020-09-26T18:39:03Z</time>
   </trkpt>
   <trkpt lat="47.8135870" lon="-122.3808570">
    <ele>10.5</ele>
    <time>2020-09-26T18:39:04Z</time>
   </trkpt>
   <trkpt lat="47.8135550" lon="-122.3808750">
    <ele>10.3</ele>
    <time>2020-09-26T18:39:05Z</time>
   </trkpt>
   <trkpt lat="47.8135230" lon="-122.3808960">
    <ele>10.2</ele>
    <time>2020-09-26T18:39:06Z</time>
   </trkpt>
   <trkpt lat="47.8134950" lon="-122.3809290">
    <ele>10.1</ele>
    <time>2020-09-26T18:39:07Z</time>
   </trkpt>
   <trkpt lat="47.8134570" lon="-122.3809550">
    <ele>9.9</ele>
    <time>2020-09-26T18:39:08Z</time>
   </trkpt>
   <trkpt lat="47.8134330" lon="-122.3809950">
    <ele>9.8</ele>
    <time>2020-09-26T18:39:09Z</time>
   </trkpt>
   <trkpt lat="47.8133990" lon="-122.3810150">
    <ele>9.7</ele>
    <time>2020-09-26T18:39:10Z</time>
   </trkpt>
   <trkpt lat="47.8133630" lon="-122.3810530">
    <ele>9.5</ele>
    <time>2020-09-26T18:39:11Z</time>
   </trkpt>
   <trkpt lat="47.8133290" lon="-122.3810680">
    <ele>9.4</ele>
    <time>2020-09-26T18:39:12Z</time>
   </trkpt>
   <trkpt lat="47.8132980" lon="-122.3811070">
    <ele>9.3</ele>
    <time>2020-09-26T18:39:13Z</time>
   </trkpt>
   <trkpt lat="47.8132720" lon="-122.3811350">
    <ele>9.2</ele>
    <time>2020-09-26T18:39:14Z</time>
   </trkpt>
   <trkpt lat="47.8132410" lon="-122.3811580">
    <ele>9.1</ele>
    <time>2020-09-26T18:39:15Z</time>
   </trkpt>
   <trkpt lat="47.8132120" lon="-122.3811810">
    <ele>8.9</ele>
    <time>2020-09-26T18:39:16Z</time>
   </trkpt>
   <trkpt lat="47.8131860" lon="-122.3812090">
    <ele>8.8</ele>
    <time>2020-09-26T18:39:17Z</time>
   </trkpt>
   <trkpt lat="47.8131550" lon="-122.3812260">
    <ele>8.7</ele>
    <time>2020-09-26T18:39:18Z</time>
   </trkpt>
   <trkpt lat="47.8131310" lon="-122.3812450">
    <ele>8.6</ele>
    <time>2020-09-26T18:39:19Z</time>
   </trkpt>
   <trkpt lat="47.8131000" lon="-122.3812720">
    <ele>8.5</ele>
    <time>2020-09-26T18:39:20Z</time>
   </trkpt>
   <trkpt lat="47.8130680" lon="-122.3812950">
    <ele>8.4</ele>
    <time>2020-09-26T18:39:21Z</time>
   </trkpt>
   <trkpt lat="47.8130390" lon="-122.3813120">
    <ele>8.3</ele>
    <time>2020-09-26T18:39:22Z</time>
   </trkpt>
   <trkpt lat="47.8130100" lon="-122.3813410">
    <ele>8.1</ele>
    <time>2020-09-26T18:39:23Z</time>
   </trkpt>
   <trkpt lat="47.8129840" lon="-122.3813720">
    <ele>8.0</ele>
    <time>2020-09-26T18:39:24Z</time>
   </trkpt>
   <trkpt lat="47.8129530" lon="-122.3814020">
    <ele>7.9</ele>
    <time>2020-09-26T18:39:25Z</time>
   </trkpt>
   <trkpt lat="47.8129270" lon="-122.3814290">
    <ele>7.8</ele>
    <time>2020-09-26T18:39:26Z</time>
   </trkpt>
   <trkpt lat="47.8128920" lon="-122.3814530">
    <ele>7.6</ele>
    <time>2020-09-26T18:39:27Z</time>
   </trkpt>
   <trkpt lat="47.8128640" lon="-122.3814880">
    <ele>7.5</ele>
    <time>2020-09-26T18:39:28Z</time>
   </trkpt>
   <trkpt lat="47.8128410" lon="-122.3815120">
    <ele>7.3</ele>
    <time>2020-09-26T18:39:29Z</time>
   </trkpt>
   <trkpt lat="47.8128020" lon="-122.3815260">
    <ele>7.2</ele>
    <time>2020-09-26T18:39:30Z</time>
   </trkpt>
   <trkpt lat="47.8127700" lon="-122.3815690">
    <ele>7.0</ele>
    <time>2020-09-26T18:39:31Z</time>
   </trkpt>
   <trkpt lat="47.8127570" lon="-122.3815840">
    <ele>6.9</ele>
    <time>2020-09-26T18:39:32Z</time>
   </trkpt>
   <trkpt lat="47.8127220" lon="-122.3816030">
    <ele>6.8</ele>
    <time>2020-09-26T18:39:33Z</time>
   </trkpt>
   <trkpt lat="47.8126900" lon="-122.3816340">
    <ele>6.6</ele>
    <time>2020-09-26T18:39:34Z</time>
   </trkpt>
   <trkpt lat="47.8126500" lon="-122.3816370">
    <ele>6.5</ele>
    <time>2020-09-26T18:39:35Z</time>
   </trkpt>
   <trkpt lat="47.8125920" lon="-122.3816800">
    <ele>6.4</ele>
    <time>2020-09-26T18:39:36Z</time>
   </trkpt>
   <trkpt lat="47.8125550" lon="-122.3817180">
    <ele>6.3</ele>
    <time>2020-09-26T18:39:37Z</time>
   </trkpt>
   <trkpt lat="47.8125170" lon="-122.3817480">
    <ele>6.2</ele>
    <time>2020-09-26T18:39:38Z</time>
   </trkpt>
   <trkpt lat="47.8124810" lon="-122.3817650">
    <ele>6.2</ele>
    <time>2020-09-26T18:39:39Z</time>
   </trkpt>
   <trkpt lat="47.8124560" lon="-122.3817950">
    <ele>6.1</ele>
    <time>2020-09-26T18:39:40Z</time>
   </trkpt>
   <trkpt lat="47.8124280" lon="-122.3818270">
    <ele>6.1</ele>
    <time>2020-09-26T18:39:41Z</time>
   </trkpt>
   <trkpt lat="47.8124000" lon="-122.3818540">
    <ele>6.1</ele>
    <time>2020-09-26T18:39:42Z</time>
   </trkpt>
   <trkpt lat="47.8123940" lon="-122.3818650">
    <ele>6.1</ele>
    <time>2020-09-26T18:39:43Z</time>
   </trkpt>
   <trkpt lat="47.8123040" lon="-122.3818820">
    <ele>6.0</ele>
    <time>2020-09-26T18:39:56Z</time>
   </trkpt>
   <trkpt lat="47.8122760" lon="-122.3819140">
    <ele>6.0</ele>
    <time>2020-09-26T18:39:57Z</time>
   </trkpt>
   <trkpt lat="47.8122480" lon="-122.3819380">
    <ele>5.9</ele>
    <time>2020-09-26T18:39:58Z</time>
   </trkpt>
   <trkpt lat="47.8122300" lon="-122.3819770">
    <ele>5.8</ele>
    <time>2020-09-26T18:39:59Z</time>
   </trkpt>
   <trkpt lat="47.8122110" lon="-122.3820310">
    <ele>5.7</ele>
    <time>2020-09-26T18:40:00Z</time>
   </trkpt>
   <trkpt lat="47.8121980" lon="-122.3820700">
    <ele>5.6</ele>
    <time>2020-09-26T18:40:01Z</time>
   </trkpt>
   <trkpt lat="47.8121570" lon="-122.3821270">
    <ele>5.3</ele>
    <time>2020-09-26T18:40:02Z</time>
   </trkpt>
   <trkpt lat="47.8121160" lon="-122.3821360">
    <ele>5.1</ele>
    <time>2020-09-26T18:40:03Z</time>
   </trkpt>
   <trkpt lat="47.8120760" lon="-122.3821490">
    <ele>5.0</ele>
    <time>2020-09-26T18:40:04Z</time>
   </trkpt>
   <trkpt lat="47.8120430" lon="-122.3821510">
    <ele>4.8</ele>
    <time>2020-09-26T18:40:05Z</time>
   </trkpt>
   <trkpt lat="47.8120120" lon="-122.3821670">
    <ele>4.7</ele>
    <time>2020-09-26T18:40:06Z</time>
   </trkpt>
   <trkpt lat="47.8119760" lon="-122.3821970">
    <ele>4.6</ele>
    <time>2020-09-26T18:40:07Z</time>
   </trkpt>
   <trkpt lat="47.8119370" lon="-122.3822210">
    <ele>4.5</ele>
    <time>2020-09-26T18:40:08Z</time>
   </trkpt>
   <trkpt lat="47.8119000" lon="-122.3822620">
    <ele>4.3</ele>
    <time>2020-09-26T18:40:09Z</time>
   </trkpt>
   <trkpt lat="47.8118650" lon="-122.3822990">
    <ele>4.2</ele>
    <time>2020-09-26T18:40:10Z</time>
   </trkpt>
   <trkpt lat="47.8118410" lon="-122.3823340">
    <ele>4.1</ele>
    <time>2020-09-26T18:40:11Z</time>
   </trkpt>
   <trkpt lat="47.8117930" lon="-122.3823640">
    <ele>4.0</ele>
    <time>2020-09-26T18:40:12Z</time>
   </trkpt>
   <trkpt lat="47.8117660" lon="-122.3823810">
    <ele>4.0</ele>
    <time>2020-09-26T18:40:13Z</time>
   </trkpt>
   <trkpt lat="47.8117290" lon="-122.3824080">
    <ele>3.9</ele>
    <time>2020-09-26T18:40:14Z</time>
   </trkpt>
   <trkpt lat="47.8116940" lon="-122.3824220">
    <ele>3.8</ele>
    <time>2020-09-26T18:40:15Z</time>
   </trkpt>
   <trkpt lat="47.8116640" lon="-122.3824730">
    <ele>3.8</ele>
    <time>2020-09-26T18:40:16Z</time>
   </trkpt>
   <trkpt lat="47.8116250" lon="-122.3824950">
    <ele>3.7</ele>
    <time>2020-09-26T18:40:17Z</time>
   </trkpt>
   <trkpt lat="47.8116000" lon="-122.3825240">
    <ele>3.6</ele>
    <time>2020-09-26T18:40:18Z</time>
   </trkpt>
   <trkpt lat="47.8115540" lon="-122.3825580">
    <ele>3.6</ele>
    <time>2020-09-26T18:40:19Z</time>
   </trkpt>
   <trkpt lat="47.8115200" lon="-122.3825830">
    <ele>3.5</ele>
    <time>2020-09-26T18:40:20Z</time>
   </trkpt>
   <trkpt lat="47.8114720" lon="-122.3826250">
    <ele>3.5</ele>
    <time>2020-09-26T18:40:21Z</time>
   </trkpt>
   <trkpt lat="47.8114500" lon="-122.3826540">
    <ele>3.4</ele>
    <time>2020-09-26T18:40:22Z</time>
   </trkpt>
   <trkpt lat="47.8114120" lon="-122.3826940">
    <ele>3.4</ele>
    <time>2020-09-26T18:40:23Z</time>
   </trkpt>
   <trkpt lat="47.8113760" lon="-122.3827060">
    <ele>3.3</ele>
    <time>2020-09-26T18:40:24Z</time>
   </trkpt>
   <trkpt lat="47.8113550" lon="-122.3827380">
    <ele>3.3</ele>
    <time>2020-09-26T18:40:25Z</time>
   </trkpt>
   <trkpt lat="47.8113290" lon="-122.3827720">
    <ele>3.2</ele>
    <time>2020-09-26T18:40:26Z</time>
   </trkpt>
   <trkpt lat="47.8112960" lon="-122.3828020">
    <ele>3.2</ele>
    <time>2020-09-26T18:40:27Z</time>
   </trkpt>
   <trkpt lat="47.8112600" lon="-122.3828460">
    <ele>3.1</ele>
    <time>2020-09-26T18:40:28Z</time>
   </trkpt>
   <trkpt lat="47.8112310" lon="-122.3828690">
    <ele>3.1</ele>
    <time>2020-09-26T18:40:29Z</time>
   </trkpt>
   <trkpt lat="47.8111960" lon="-122.3828990">
    <ele>3.0</ele>
    <time>2020-09-26T18:40:30Z</time>
   </trkpt>
   <trkpt lat="47.8111510" lon="-122.3829440">
    <ele>3.0</ele>
    <time>2020-09-26T18:40:31Z</time>
   </trkpt>
   <trkpt lat="47.8111120" lon="-122.3829660">
    <ele>2.9</ele>
    <time>2020-09-26T18:40:32Z</time>
   </trkpt>
   <trkpt lat="47.8110900" lon="-122.3829750">
    <ele>2.9</ele>
    <time>2020-09-26T18:40:33Z</time>
   </trkpt>
   <trkpt lat="47.8110660" lon="-122.3829940">
    <ele>2.9</ele>
    <time>2020-09-26T18:40:34Z</time>
   </trkpt>
   <trkpt lat="47.8110410" lon="-122.3830260">
    <ele>2.8</ele>
    <time>2020-09-26T18:40:35Z</time>
   </trkpt>
   <trkpt lat="47.8109980" lon="-122.3830320">
    <ele>2.8</ele>
    <time>2020-09-26T18:40:36Z</time>
   </trkpt>
   <trkpt lat="47.8109650" lon="-122.3830360">
    <ele>2.8</ele>
    <time>2020-09-26T18:40:37Z</time>
   </trkpt>
   <trkpt lat="47.8109260" lon="-122.3830700">
    <ele>2.8</ele>
    <time>2020-09-26T18:40:38Z</time>
   </trkpt>
   <trkpt lat="47.8108910" lon="-122.3830870">
    <ele>2.8</ele>
    <time>2020-09-26T18:40:39Z</time>
   </trkpt>
   <trkpt lat="47.8108680" lon="-122.3831270">
    <ele>2.8</ele>
    <time>2020-09-26T18:40:40Z</time>
   </trkpt>
   <trkpt lat="47.8108220" lon="-122.3831660">
    <ele>2.7</ele>
    <time>2020-09-26T18:40:41Z</time>
   </trkpt>
   <trkpt lat="47.8107970" lon="-122.3831950">
    <ele>2.7</ele>
    <time>2020-09-26T18:40:42Z</time>
   </trkpt>
   <trkpt lat="47.8107610" lon="-122.3832240">
    <ele>2.7</ele>
    <time>2020-09-26T18:40:43Z</time>
   </trkpt>
   <trkpt lat="47.8107330" lon="-122.3832390">
    <ele>2.7</ele>
    <time>2020-09-26T18:40:44Z</time>
   </trkpt>
   <trkpt lat="47.8106920" lon="-122.3832610">
    <ele>2.7</ele>
    <time>2020-09-26T18:40:45Z</time>
   </trkpt>
   <trkpt lat="47.8106580" lon="-122.3832620">
    <ele>2.7</ele>
    <time>2020-09-26T18:40:46Z</time>
   </trkpt>
   <trkpt lat="47.8106290" lon="-122.3832880">
    <ele>2.9</ele>
    <time>2020-09-26T18:40:47Z</time>
   </trkpt>
   <trkpt lat="47.8105800" lon="-122.3833110">
    <ele>2.9</ele>
    <time>2020-09-26T18:40:48Z</time>
   </trkpt>
   <trkpt lat="47.8105520" lon="-122.3833280">
    <ele>2.9</ele>
    <time>2020-09-26T18:40:49Z</time>
   </trkpt>
   <trkpt lat="47.8105210" lon="-122.3833310">
    <ele>2.9</ele>
    <time>2020-09-26T18:40:50Z</time>
   </trkpt>
   <trkpt lat="47.8104720" lon="-122.3833310">
    <ele>2.9</ele>
    <time>2020-09-26T18:40:51Z</time>
   </trkpt>
   <trkpt lat="47.8104430" lon="-122.3833430">
    <ele>2.9</ele>
    <time>2020-09-26T18:40:52Z</time>
   </trkpt>
   <trkpt lat="47.8104110" lon="-122.3833520">
    <ele>2.9</ele>
    <time>2020-09-26T18:40:53Z</time>
   </trkpt>
   <trkpt lat="47.8103770" lon="-122.3833660">
    <ele>2.9</ele>
    <time>2020-09-26T18:40:54Z</time>
   </trkpt>
   <trkpt lat="47.8103410" lon="-122.3833650">
    <ele>2.9</ele>
    <time>2020-09-26T18:40:55Z</time>
   </trkpt>
   <trkpt lat="47.8103060" lon="-122.3833730">
    <ele>2.9</ele>
    <time>2020-09-26T18:40:56Z</time>
   </trkpt>
   <trkpt lat="47.8102650" lon="-122.3833820">
    <ele>2.9</ele>
    <time>2020-09-26T18:40:57Z</time>
   </trkpt>
   <trkpt lat="47.8102370" lon="-122.3833740">
    <ele>2.9</ele>
    <time>2020-09-26T18:40:58Z</time>
   </trkpt>
   <trkpt lat="47.8102020" lon="-122.3833820">
    <ele>2.9</ele>
    <time>2020-09-26T18:40:59Z</time>
   </trkpt>
   <trkpt lat="47.8101590" lon="-122.3833610">
    <ele>3.0</ele>
    <time>2020-09-26T18:41:00Z</time>
   </trkpt>
   <trkpt lat="47.8101290" lon="-122.3833760">
    <ele>3.0</ele>
    <time>2020-09-26T18:41:02Z</time>
   </trkpt>
   <trkpt lat="47.8101010" lon="-122.3833820">
    <ele>3.0</ele>
    <time>2020-09-26T18:41:03Z</time>
   </trkpt>
   <trkpt lat="47.8100710" lon="-122.3833720">
    <ele>3.0</ele>
    <time>2020-09-26T18:41:04Z</time>
   </trkpt>
   <trkpt lat="47.8100420" lon="-122.3833740">
    <ele>3.0</ele>
    <time>2020-09-26T18:41:05Z</time>
   </trkpt>
   <trkpt lat="47.8100190" lon="-122.3833730">
    <ele>3.0</ele>
    <time>2020-09-26T18:41:06Z</time>
   </trkpt>
   <trkpt lat="47.8100100" lon="-122.3833520">
    <ele>3.0</ele>
    <time>2020-09-26T18:41:07Z</time>
   </trkpt>
   <trkpt lat="47.8099980" lon="-122.3833390">
    <ele>3.1</ele>
    <time>2020-09-26T18:41:08Z</time>
   </trkpt>
   <trkpt lat="47.8098210" lon="-122.3833810">
    <ele>3.3</ele>
    <time>2020-09-26T18:41:22Z</time>
   </trkpt>
   <trkpt lat="47.8098080" lon="-122.3833920">
    <ele>3.3</ele>
    <time>2020-09-26T18:41:23Z</time>
   </trkpt>
   <trkpt lat="47.8097890" lon="-122.3833840">
    <ele>3.7</ele>
    <time>2020-09-26T18:41:24Z</time>
   </trkpt>
   <trkpt lat="47.8097810" lon="-122.3833800">
    <ele>3.7</ele>
    <time>2020-09-26T18:41:25Z</time>
   </trkpt>
   <trkpt lat="47.8097530" lon="-122.3833780">
    <ele>3.6</ele>
    <time>2020-09-26T18:41:26Z</time>
   </trkpt>
   <trkpt lat="47.8097430" lon="-122.3833810">
    <ele>3.6</ele>
    <time>2020-09-26T18:41:27Z</time>
   </trkpt>
   <trkpt lat="47.8097130" lon="-122.3833700">
    <ele>3.5</ele>
    <time>2020-09-26T18:41:28Z</time>
   </trkpt>
   <trkpt lat="47.8097030" lon="-122.3833670">
    <ele>3.5</ele>
    <time>2020-09-26T18:41:29Z</time>
   </trkpt>
   <trkpt lat="47.8096850" lon="-122.3834070">
    <ele>3.4</ele>
    <time>2020-09-26T18:41:30Z</time>
   </trkpt>
   <trkpt lat="47.8096910" lon="-122.3834570">
    <ele>3.4</ele>
    <time>2020-09-26T18:41:31Z</time>
   </trkpt>
   <trkpt lat="47.8096920" lon="-122.3835010">
    <ele>3.4</ele>
    <time>2020-09-26T18:41:32Z</time>
   </trkpt>
   <trkpt lat="47.8096910" lon="-122.3835550">
    <ele>3.3</ele>
    <time>2020-09-26T18:41:33Z</time>
   </trkpt>
   <trkpt lat="47.8096910" lon="-122.3835720">
    <ele>3.3</ele>
    <time>2020-09-26T18:41:34Z</time>
   </trkpt>
   <trkpt lat="47.8096860" lon="-122.3836330">
    <ele>3.3</ele>
    <time>2020-09-26T18:41:35Z</time>
   </trkpt>
   <trkpt lat="47.8096790" lon="-122.3836530">
    <ele>3.2</ele>
    <time>2020-09-26T18:41:36Z</time>
   </trkpt>
   <trkpt lat="47.8096850" lon="-122.3836980">
    <ele>3.2</ele>
    <time>2020-09-26T18:41:37Z</time>
   </trkpt>
   <trkpt lat="47.8096720" lon="-122.3837400">
    <ele>3.1</ele>
    <time>2020-09-26T18:41:38Z</time>
   </trkpt>
   <trkpt lat="47.8096750" lon="-122.3838370">
    <ele>3.0</ele>
    <time>2020-09-26T18:41:39Z</time>
   </trkpt>
   <trkpt lat="47.8096940" lon="-122.3839280">
    <ele>2.9</ele>
    <time>2020-09-26T18:41:40Z</time>
   </trkpt>
   <trkpt lat="47.8096950" lon="-122.3839940">
    <ele>2.9</ele>
    <time>2020-09-26T18:41:41Z</time>
   </trkpt>
   <trkpt lat="47.8096970" lon="-122.3840270">
    <ele>2.8</ele>
    <time>2020-09-26T18:41:42Z</time>
   </trkpt>
   <trkpt lat="47.8096900" lon="-122.3841530">
    <ele>2.8</ele>
    <time>2020-09-26T18:41:43Z</time>
   </trkpt>
   <trkpt lat="47.8096910" lon="-122.3842170">
    <ele>2.8</ele>
    <time>2020-09-26T18:41:44Z</time>
   </trkpt>
   <trkpt lat="47.8096970" lon="-122.3842750">
    <ele>2.8</ele>
    <time>2020-09-26T18:41:45Z</time>
   </trkpt>
   <trkpt lat="47.8096900" lon="-122.3843440">
    <ele>2.8</ele>
    <time>2020-09-26T18:41:46Z</time>
   </trkpt>
   <trkpt lat="47.8096720" lon="-122.3843960">
    <ele>2.9</ele>
    <time>2020-09-26T18:41:47Z</time>
   </trkpt>
   <trkpt lat="47.8096730" lon="-122.3844380">
    <ele>2.9</ele>
    <time>2020-09-26T18:41:48Z</time>
   </trkpt>
   <trkpt lat="47.8096790" lon="-122.3845120">
    <ele>2.9</ele>
    <time>2020-09-26T18:41:49Z</time>
   </trkpt>
   <trkpt lat="47.8096770" lon="-122.3845610">
    <ele>2.9</ele>
    <time>2020-09-26T18:41:50Z</time>
   </trkpt>
   <trkpt lat="47.8096860" lon="-122.3846080">
    <ele>2.9</ele>
    <time>2020-09-26T18:41:51Z</time>
   </trkpt>
   <trkpt lat="47.8096750" lon="-122.3846520">
    <ele>2.8</ele>
    <time>2020-09-26T18:41:52Z</time>
   </trkpt>
   <trkpt lat="47.8096870" lon="-122.3847030">
    <ele>2.7</ele>
    <time>2020-09-26T18:41:53Z</time>
   </trkpt>
   <trkpt lat="47.8096780" lon="-122.3847560">
    <ele>2.7</ele>
    <time>2020-09-26T18:41:54Z</time>
   </trkpt>
   <trkpt lat="47.8096710" lon="-122.3847960">
    <ele>2.6</ele>
    <time>2020-09-26T18:41:55Z</time>
   </trkpt>
   <trkpt lat="47.8096920" lon="-122.3848470">
    <ele>2.6</ele>
    <time>2020-09-26T18:41:56Z</time>
   </trkpt>
   <trkpt lat="47.8096890" lon="-122.3848980">
    <ele>2.6</ele>
    <time>2020-09-26T18:41:57Z</time>
   </trkpt>
   <trkpt lat="47.8096860" lon="-122.3849440">
    <ele>2.5</ele>
    <time>2020-09-26T18:41:58Z</time>
   </trkpt>
   <trkpt lat="47.8096880" lon="-122.3850010">
    <ele>2.5</ele>
    <time>2020-09-26T18:41:59Z</time>
   </trkpt>
   <trkpt lat="47.8096960" lon="-122.3850470">
    <ele>2.5</ele>
    <time>2020-09-26T18:42:00Z</time>
   </trkpt>
   <trkpt lat="47.8096990" lon="-122.3851110">
    <ele>2.5</ele>
    <time>2020-09-26T18:42:01Z</time>
   </trkpt>
   <trkpt lat="47.8096980" lon="-122.3851350">
    <ele>2.5</ele>
    <time>2020-09-26T18:42:02Z</time>
   </trkpt>
   <trkpt lat="47.8096950" lon="-122.3851810">
    <ele>2.4</ele>
    <time>2020-09-26T18:42:03Z</time>
   </trkpt>
   <trkpt lat="47.8097000" lon="-122.3852320">
    <ele>2.4</ele>
    <time>2020-09-26T18:42:04Z</time>
   </trkpt>
   <trkpt lat="47.8096970" lon="-122.3852750">
    <ele>2.4</ele>
    <time>2020-09-26T18:42:05Z</time>
   </trkpt>
   <trkpt lat="47.8097050" lon="-122.3853150">
    <ele>2.4</ele>
    <time>2020-09-26T18:42:06Z</time>
   </trkpt>
   <trkpt lat="47.8097110" lon="-122.3853670">
    <ele>2.4</ele>
    <time>2020-09-26T18:42:07Z</time>
   </trkpt>
   <trkpt lat="47.8097150" lon="-122.3854160">
    <ele>2.4</ele>
    <time>2020-09-26T18:42:08Z</time>
   </trkpt>
   <trkpt lat="47.8097230" lon="-122.3854780">
    <ele>2.4</ele>
    <time>2020-09-26T18:42:09Z</time>
   </trkpt>
   <trkpt lat="47.8097220" lon="-122.3855340">
    <ele>2.4</ele>
    <time>2020-09-26T18:42:10Z</time>
   </trkpt>
   <trkpt lat="47.8097080" lon="-122.3855720">
    <ele>2.5</ele>
    <time>2020-09-26T18:42:11Z</time>
   </trkpt>
   <trkpt lat="47.8097000" lon="-122.3856320">
    <ele>2.6</ele>
    <time>2020-09-26T18:42:12Z</time>
   </trkpt>
   <trkpt lat="47.8096820" lon="-122.3856650">
    <ele>2.6</ele>
    <time>2020-09-26T18:42:13Z</time>
   </trkpt>
   <trkpt lat="47.8096860" lon="-122.3857180">
    <ele>2.7</ele>
    <time>2020-09-26T18:42:14Z</time>
   </trkpt>
   <trkpt lat="47.8096810" lon="-122.3857750">
    <ele>2.7</ele>
    <time>2020-09-26T18:42:15Z</time>
   </trkpt>
   <trkpt lat="47.8096830" lon="-122.3858290">
    <ele>2.8</ele>
    <time>2020-09-26T18:42:16Z</time>
   </trkpt>
   <trkpt lat="47.8096890" lon="-122.3858820">
    <ele>2.9</ele>
    <time>2020-09-26T18:42:17Z</time>
   </trkpt>
   <trkpt lat="47.8096940" lon="-122.3859440">
    <ele>2.9</ele>
    <time>2020-09-26T18:42:18Z</time>
   </trkpt>
   <trkpt lat="47.8096930" lon="-122.3859990">
    <ele>3.0</ele>
    <time>2020-09-26T18:42:19Z</time>
   </trkpt>
   <trkpt lat="47.8096930" lon="-122.3860200">
    <ele>3.0</ele>
    <time>2020-09-26T18:42:20Z</time>
   </trkpt>
   <trkpt lat="47.8096970" lon="-122.3860680">
    <ele>3.1</ele>
    <time>2020-09-26T18:42:21Z</time>
   </trkpt>
   <trkpt lat="47.8097100" lon="-122.3861260">
    <ele>3.2</ele>
    <time>2020-09-26T18:42:22Z</time>
   </trkpt>
   <trkpt lat="47.8097240" lon="-122.3861800">
    <ele>3.3</ele>
    <time>2020-09-26T18:42:23Z</time>
   </trkpt>
   <trkpt lat="47.8097330" lon="-122.3861970">
    <ele>3.3</ele>
    <time>2020-09-26T18:42:24Z</time>
   </trkpt>
   <trkpt lat="47.8097610" lon="-122.3862510">
    <ele>3.3</ele>
    <time>2020-09-26T18:42:25Z</time>
   </trkpt>
   <trkpt lat="47.8097770" lon="-122.3862850">
    <ele>3.3</ele>
    <time>2020-09-26T18:42:26Z</time>
   </trkpt>
   <trkpt lat="47.8097970" lon="-122.3863200">
    <ele>3.2</ele>
    <time>2020-09-26T18:42:27Z</time>
   </trkpt>
   <trkpt lat="47.8098140" lon="-122.3863600">
    <ele>3.2</ele>
    <time>2020-09-26T18:42:28Z</time>
   </trkpt>
   <trkpt lat="47.8098370" lon="-122.3864220">
    <ele>3.2</ele>
    <time>2020-09-26T18:42:29Z</time>
   </trkpt>
   <trkpt lat="47.8098470" lon="-122.3864500">
    <ele>3.2</ele>
    <time>2020-09-26T18:42:30Z</time>
   </trkpt>
   <trkpt lat="47.8098710" lon="-122.3864980">
    <ele>3.2</ele>
    <time>2020-09-26T18:42:31Z</time>
   </trkpt>
   <trkpt lat="47.8098700" lon="-122.3865420">
    <ele>3.2</ele>
    <time>2020-09-26T18:42:32Z</time>
   </trkpt>
   <trkpt lat="47.8099060" lon="-122.3865940">
    <ele>3.2</ele>
    <time>2020-09-26T18:42:33Z</time>
   </trkpt>
   <trkpt lat="47.8099200" lon="-122.3866370">
    <ele>3.2</ele>
    <time>2020-09-26T18:42:34Z</time>
   </trkpt>
   <trkpt lat="47.8099340" lon="-122.3866810">
    <ele>3.2</ele>
    <time>2020-09-26T18:42:35Z</time>
   </trkpt>
   <trkpt lat="47.8099490" lon="-122.3867330">
    <ele>3.2</ele>
    <time>2020-09-26T18:42:36Z</time>
   </trkpt>
   <trkpt lat="47.8099670" lon="-122.3867690">
    <ele>3.3</ele>
    <time>2020-09-26T18:42:37Z</time>
   </trkpt>
   <trkpt lat="47.8099790" lon="-122.3868140">
    <ele>3.3</ele>
    <time>2020-09-26T18:42:38Z</time>
   </trkpt>
   <trkpt lat="47.8099660" lon="-122.3868630">
    <ele>3.3</ele>
    <time>2020-09-26T18:42:39Z</time>
   </trkpt>
   <trkpt lat="47.8099400" lon="-122.3869130">
    <ele>3.4</ele>
    <time>2020-09-26T18:42:40Z</time>
   </trkpt>
   <trkpt lat="47.8099040" lon="-122.3869630">
    <ele>3.5</ele>
    <time>2020-09-26T18:42:41Z</time>
   </trkpt>
   <trkpt lat="47.8098600" lon="-122.3869860">
    <ele>3.5</ele>
    <time>2020-09-26T18:42:42Z</time>
   </trkpt>
   <trkpt lat="47.8098600" lon="-122.3870320">
    <ele>3.5</ele>
    <time>2020-09-26T18:42:43Z</time>
   </trkpt>
   <trkpt lat="47.8098520" lon="-122.3870510">
    <ele>3.5</ele>
    <time>2020-09-26T18:42:44Z</time>
   </trkpt>
   <trkpt lat="47.8098200" lon="-122.3870810">
    <ele>3.5</ele>
    <time>2020-09-26T18:42:45Z</time>
   </trkpt>
   <trkpt lat="47.8098070" lon="-122.3870950">
    <ele>3.4</ele>
    <time>2020-09-26T18:42:46Z</time>
   </trkpt>
   <trkpt lat="47.8097790" lon="-122.3871480">
    <ele>3.4</ele>
    <time>2020-09-26T18:42:47Z</time>
   </trkpt>
   <trkpt lat="47.8097510" lon="-122.3871900">
    <ele>3.4</ele>
    <time>2020-09-26T18:42:48Z</time>
   </trkpt>
   <trkpt lat="47.8097180" lon="-122.3872290">
    <ele>3.4</ele>
    <time>2020-09-26T18:42:49Z</time>
   </trkpt>
   <trkpt lat="47.8097040" lon="-122.3872680">
    <ele>3.4</ele>
    <time>2020-09-26T18:42:50Z</time>
   </trkpt>
   <trkpt lat="47.8096840" lon="-122.3873140">
    <ele>3.5</ele>
    <time>2020-09-26T18:42:51Z</time>
   </trkpt>
   <trkpt lat="47.8096600" lon="-122.3873420">
    <ele>3.5</ele>
    <time>2020-09-26T18:42:52Z</time>
   </trkpt>
   <trkpt lat="47.8096420" lon="-122.3873740">
    <ele>3.5</ele>
    <time>2020-09-26T18:42:53Z</time>
   </trkpt>
   <trkpt lat="47.8096170" lon="-122.3874140">
    <ele>3.5</ele>
    <time>2020-09-26T18:42:54Z</time>
   </trkpt>
   <trkpt lat="47.8095900" lon="-122.3874580">
    <ele>3.5</ele>
    <time>2020-09-26T18:42:55Z</time>
   </trkpt>
   <trkpt lat="47.8095740" lon="-122.3875000">
    <ele>3.5</ele>
    <time>2020-09-26T18:42:56Z</time>
   </trkpt>
   <trkpt lat="47.8095450" lon="-122.3875420">
    <ele>3.6</ele>
    <time>2020-09-26T18:42:57Z</time>
   </trkpt>
   <trkpt lat="47.8095330" lon="-122.3875640">
    <ele>3.6</ele>
    <time>2020-09-26T18:42:58Z</time>
   </trkpt>
   <trkpt lat="47.8095080" lon="-122.3876080">
    <ele>3.6</ele>
    <time>2020-09-26T18:42:59Z</time>
   </trkpt>
   <trkpt lat="47.8094820" lon="-122.3876290">
    <ele>3.6</ele>
    <time>2020-09-26T18:43:00Z</time>
   </trkpt>
   <trkpt lat="47.8094690" lon="-122.3876440">
    <ele>3.7</ele>
    <time>2020-09-26T18:43:01Z</time>
   </trkpt>
   <trkpt lat="47.8094790" lon="-122.3878710">
    <ele>3.8</ele>
    <time>2020-09-26T18:43:17Z</time>
   </trkpt>
   <trkpt lat="47.8094840" lon="-122.3878980">
    <ele>3.8</ele>
    <time>2020-09-26T18:43:18Z</time>
   </trkpt>
   <trkpt lat="47.8094770" lon="-122.3879210">
    <ele>3.8</ele>
    <time>2020-09-26T18:43:19Z</time>
   </trkpt>
   <trkpt lat="47.8094600" lon="-122.3879310">
    <ele>3.7</ele>
    <time>2020-09-26T18:43:20Z</time>
   </trkpt>
   <trkpt lat="47.8094350" lon="-122.3879580">
    <ele>3.7</ele>
    <time>2020-09-26T18:43:21Z</time>
   </trkpt>
   <trkpt lat="47.8094220" lon="-122.3879730">
    <ele>3.7</ele>
    <time>2020-09-26T18:43:22Z</time>
   </trkpt>
   <trkpt lat="47.8094080" lon="-122.3880090">
    <ele>3.7</ele>
    <time>2020-09-26T18:43:23Z</time>
   </trkpt>
   <trkpt lat="47.8093980" lon="-122.3880200">
    <ele>3.7</ele>
    <time>2020-09-26T18:43:24Z</time>
   </trkpt>
   <trkpt lat="47.8093720" lon="-122.3880280">
    <ele>3.7</ele>
    <time>2020-09-26T18:43:25Z</time>
   </trkpt>
   <trkpt lat="47.8093440" lon="-122.3880580">
    <ele>3.7</ele>
    <time>2020-09-26T18:43:26Z</time>
   </trkpt>
   <trkpt lat="47.8093140" lon="-122.3881180">
    <ele>3.7</ele>
    <time>2020-09-26T18:43:27Z</time>
   </trkpt>
   <trkpt lat="47.8092700" lon="-122.3881600">
    <ele>3.7</ele>
    <time>2020-09-26T18:43:28Z</time>
   </trkpt>
   <trkpt lat="47.8092660" lon="-122.3881730">
    <ele>3.7</ele>
    <time>2020-09-26T18:43:29Z</time>
   </trkpt>
   <trkpt lat="47.8092510" lon="-122.3882050">
    <ele>3.7</ele>
    <time>2020-09-26T18:43:30Z</time>
   </trkpt>
   <trkpt lat="47.8092310" lon="-122.3882330">
    <ele>3.7</ele>
    <time>2020-09-26T18:43:31Z</time>
   </trkpt>
   <trkpt lat="47.8092060" lon="-122.3882580">
    <ele>3.7</ele>
    <time>2020-09-26T18:43:32Z</time>
   </trkpt>
   <trkpt lat="47.8091810" lon="-122.3882980">
    <ele>3.7</ele>
    <time>2020-09-26T18:43:33Z</time>
   </trkpt>
   <trkpt lat="47.8091720" lon="-122.3883130">
    <ele>3.7</ele>
    <time>2020-09-26T18:43:34Z</time>
   </trkpt>
   <trkpt lat="47.8091460" lon="-122.3883300">
    <ele>3.7</ele>
    <time>2020-09-26T18:43:35Z</time>
   </trkpt>
   <trkpt lat="47.8091140" lon="-122.3884020">
    <ele>3.7</ele>
    <time>2020-09-26T18:43:36Z</time>
   </trkpt>
   <trkpt lat="47.8090680" lon="-122.3884520">
    <ele>3.7</ele>
    <time>2020-09-26T18:43:37Z</time>
   </trkpt>
   <trkpt lat="47.8090470" lon="-122.3884850">
    <ele>3.7</ele>
    <time>2020-09-26T18:43:38Z</time>
   </trkpt>
   <trkpt lat="47.8089890" lon="-122.3885440">
    <ele>3.7</ele>
    <time>2020-09-26T18:43:39Z</time>
   </trkpt>
   <trkpt lat="47.8089550" lon="-122.3885660">
    <ele>3.7</ele>
    <time>2020-09-26T18:43:40Z</time>
   </trkpt>
   <trkpt lat="47.8089030" lon="-122.3886090">
    <ele>3.7</ele>
    <time>2020-09-26T18:43:41Z</time>
   </trkpt>
   <trkpt lat="47.8088650" lon="-122.3886390">
    <ele>3.7</ele>
    <time>2020-09-26T18:43:42Z</time>
   </trkpt>
   <trkpt lat="47.8088320" lon="-122.3886700">
    <ele>3.6</ele>
    <time>2020-09-26T18:43:43Z</time>
   </trkpt>
   <trkpt lat="47.8087900" lon="-122.3887030">
    <ele>3.6</ele>
    <time>2020-09-26T18:43:44Z</time>
   </trkpt>
   <trkpt lat="47.8087760" lon="-122.3887390">
    <ele>3.6</ele>
    <time>2020-09-26T18:43:45Z</time>
   </trkpt>
   <trkpt lat="47.8087320" lon="-122.3887700">
    <ele>3.6</ele>
    <time>2020-09-26T18:43:46Z</time>
   </trkpt>
   <trkpt lat="47.8087140" lon="-122.3888330">
    <ele>3.6</ele>
    <time>2020-09-26T18:43:47Z</time>
   </trkpt>
   <trkpt lat="47.8086870" lon="-122.3888720">
    <ele>3.5</ele>
    <time>2020-09-26T18:43:48Z</time>
   </trkpt>
   <trkpt lat="47.8086580" lon="-122.3889190">
    <ele>3.5</ele>
    <time>2020-09-26T18:43:49Z</time>
   </trkpt>
   <trkpt lat="47.8086370" lon="-122.3889570">
    <ele>3.5</ele>
    <time>2020-09-26T18:43:50Z</time>
   </trkpt>
   <trkpt lat="47.8086080" lon="-122.3889850">
    <ele>3.5</ele>
    <time>2020-09-26T18:43:51Z</time>
   </trkpt>
   <trkpt lat="47.8085870" lon="-122.3890150">
    <ele>3.5</ele>
    <time>2020-09-26T18:43:52Z</time>
   </trkpt>
   <trkpt lat="47.8085540" lon="-122.3890530">
    <ele>3.4</ele>
    <time>2020-09-26T18:43:53Z</time>
   </trkpt>
   <trkpt lat="47.8085210" lon="-122.3890750">
    <ele>3.4</ele>
    <time>2020-09-26T18:43:54Z</time>
   </trkpt>
   <trkpt lat="47.8085170" lon="-122.3891350">
    <ele>3.4</ele>
    <time>2020-09-26T18:43:55Z</time>
   </trkpt>
   <trkpt lat="47.8084880" lon="-122.3891820">
    <ele>3.4</ele>
    <time>2020-09-26T18:43:56Z</time>
   </trkpt>
   <trkpt lat="47.8084640" lon="-122.3892150">
    <ele>3.4</ele>
    <time>2020-09-26T18:43:57Z</time>
   </trkpt>
   <trkpt lat="47.8084260" lon="-122.3892450">
    <ele>3.4</ele>
    <time>2020-09-26T18:43:58Z</time>
   </trkpt>
   <trkpt lat="47.8083980" lon="-122.3892710">
    <ele>3.4</ele>
    <time>2020-09-26T18:43:59Z</time>
   </trkpt>
   <trkpt lat="47.8083670" lon="-122.3893070">
    <ele>3.3</ele>
    <time>2020-09-26T18:44:00Z</time>
   </trkpt>
   <trkpt lat="47.8083350" lon="-122.3893630">
    <ele>3.3</ele>
    <time>2020-09-26T18:44:01Z</time>
   </trkpt>
   <trkpt lat="47.8082990" lon="-122.3893980">
    <ele>3.3</ele>
    <time>2020-09-26T18:44:02Z</time>
   </trkpt>
   <trkpt lat="47.8082710" lon="-122.3894480">
    <ele>3.3</ele>
    <time>2020-09-26T18:44:03Z</time>
   </trkpt>
   <trkpt lat="47.8082380" lon="-122.3894680">
    <ele>3.3</ele>
    <time>2020-09-26T18:44:04Z</time>
   </trkpt>
   <trkpt lat="47.8082130" lon="-122.3895150">
    <ele>3.3</ele>
    <time>2020-09-26T18:44:05Z</time>
   </trkpt>
   <trkpt lat="47.8081940" lon="-122.3895530">
    <ele>3.2</ele>
    <time>2020-09-26T18:44:06Z</time>
   </trkpt>
   <trkpt lat="47.8081810" lon="-122.3895990">
    <ele>3.2</ele>
    <time>2020-09-26T18:44:07Z</time>
   </trkpt>
   <trkpt lat="47.8081540" lon="-122.3896380">
    <ele>3.2</ele>
    <time>2020-09-26T18:44:08Z</time>
   </trkpt>
   <trkpt lat="47.8081240" lon="-122.3896880">
    <ele>3.1</ele>
    <time>2020-09-26T18:44:09Z</time>
   </trkpt>
   <trkpt lat="47.8080860" lon="-122.3897410">
    <ele>3.1</ele>
    <time>2020-09-26T18:44:10Z</time>
   </trkpt>
   <trkpt lat="47.8080650" lon="-122.3897660">
    <ele>3.1</ele>
    <time>2020-09-26T18:44:11Z</time>
   </trkpt>
   <trkpt lat="47.8080280" lon="-122.3898100">
    <ele>3.1</ele>
    <time>2020-09-26T18:44:12Z</time>
   </trkpt>
   <trkpt lat="47.8080180" lon="-122.3898520">
    <ele>3.1</ele>
    <time>2020-09-26T18:44:13Z</time>
   </trkpt>
   <trkpt lat="47.8079830" lon="-122.3898560">
    <ele>3.1</ele>
    <time>2020-09-26T18:44:14Z</time>
   </trkpt>
   <trkpt lat="47.8079660" lon="-122.3898960">
    <ele>3.1</ele>
    <time>2020-09-26T18:44:15Z</time>
   </trkpt>
   <trkpt lat="47.8079170" lon="-122.3899180">
    <ele>3.1</ele>
    <time>2020-09-26T18:44:16Z</time>
   </trkpt>
   <trkpt lat="47.8078900" lon="-122.3899710">
    <ele>3.1</ele>
    <time>2020-09-26T18:44:17Z</time>
   </trkpt>
   <trkpt lat="47.8078760" lon="-122.3899920">
    <ele>3.1</ele>
    <time>2020-09-26T18:44:18Z</time>
   </trkpt>
   <trkpt lat="47.8078570" lon="-122.3900430">
    <ele>3.1</ele>
    <time>2020-09-26T18:44:19Z</time>
   </trkpt>
   <trkpt lat="47.8078230" lon="-122.3900780">
    <ele>3.1</ele>
    <time>2020-09-26T18:44:20Z</time>
   </trkpt>
   <trkpt lat="47.8077960" lon="-122.3901220">
    <ele>3.1</ele>
    <time>2020-09-26T18:44:21Z</time>
   </trkpt>
   <trkpt lat="47.8077760" lon="-122.3901720">
    <ele>3.2</ele>
    <time>2020-09-26T18:44:22Z</time>
   </trkpt>
   <trkpt lat="47.8077390" lon="-122.3902120">
    <ele>3.2</ele>
    <time>2020-09-26T18:44:23Z</time>
   </trkpt>
   <trkpt lat="47.8077150" lon="-122.3902430">
    <ele>3.2</ele>
    <time>2020-09-26T18:44:24Z</time>
   </trkpt>
   <trkpt lat="47.8076840" lon="-122.3902800">
    <ele>3.2</ele>
    <time>2020-09-26T18:44:25Z</time>
   </trkpt>
   <trkpt lat="47.8076540" lon="-122.3903050">
    <ele>3.2</ele>
    <time>2020-09-26T18:44:26Z</time>
   </trkpt>
   <trkpt lat="47.8076320" lon="-122.3903410">
    <ele>3.2</ele>
    <time>2020-09-26T18:44:27Z</time>
   </trkpt>
   <trkpt lat="47.8076030" lon="-122.3903680">
    <ele>3.3</ele>
    <time>2020-09-26T18:44:28Z</time>
   </trkpt>
   <trkpt lat="47.8075910" lon="-122.3904050">
    <ele>3.3</ele>
    <time>2020-09-26T18:44:29Z</time>
   </trkpt>
   <trkpt lat="47.8075660" lon="-122.3904560">
    <ele>3.3</ele>
    <time>2020-09-26T18:44:30Z</time>
   </trkpt>
   <trkpt lat="47.8075380" lon="-122.3904940">
    <ele>3.3</ele>
    <time>2020-09-26T18:44:31Z</time>
   </trkpt>
  </trkseg>
 </trk>
</gpx>
