<?xml version="1.0" encoding="UTF-8"?>
<gpx creator="StravaGPX" version="1.1" xmlns="http://www.topografix.com/GPX/1/1" xmlns:xsi="http://www.w3.org/2001/XMLSchema-instance" xsi:schemaLocation="http://www.topografix.com/GPX/1/1 http://www.topografix.com/GPX/1/1/gpx.xsd">
 <metadata>
  <time>2020-10-28T22:49:18Z</time>
 </metadata>
 <trk>
  <name>Preston to Issy</name>
  <type>running</type>
  <trkseg>
   <trkpt lat="47.5331760" lon="-121.9573220">
    <ele>151.7</ele>
    <time>2020-10-28T22:49:18Z</time>
   </trkpt>
   <trkpt lat="47.5331790" lon="-121.9573690">
    <ele>151.7</ele>
    <time>2020-10-28T22:49:19Z</time>
   </trkpt>
   <trkpt lat="47.5331880" lon="-121.9574270">
    <ele>151.6</ele>
    <time>2020-10-28T22:49:20Z</time>
   </trkpt>
   <trkpt lat="47.5331960" lon="-121.9574820">
    <ele>151.6</ele>
    <time>2020-10-28T22:49:21Z</time>
   </trkpt>
   <trkpt lat="47.5332020" lon="-121.9575380">
    <ele>151.5</ele>
    <time>2020-10-28T22:49:22Z</time>
   </trkpt>
   <trkpt lat="47.5332040" lon="-121.9575940">
    <ele>151.5</ele>
    <time>2020-10-28T22:49:23Z</time>
   </trkpt>
   <trkpt lat="47.5332010" lon="-121.9576600">
    <ele>151.5</ele>
    <time>2020-10-28T22:49:24Z</time>
   </trkpt>
   <trkpt lat="47.5332020" lon="-121.9577270">
    <ele>151.5</ele>
    <time>2020-10-28T22:49:25Z</time>
   </trkpt>
   <trkpt lat="47.5332100" lon="-121.9578470">
    <ele>151.5</ele>
    <time>2020-10-28T22:49:26Z</time>
   </trkpt>
   <trkpt lat="47.5332100" lon="-121.9579040">
    <ele>151.5</ele>
    <time>2020-10-28T22:49:27Z</time>
   </trkpt>
   <trkpt lat="47.5332430" lon="-121.9579560">
    <ele>151.5</ele>
    <time>2020-10-28T22:49:28Z</time>
   </trkpt>
   <trkpt lat="47.5332470" lon="-121.9580190">
    <ele>151.5</ele>
    <time>2020-10-28T22:49:29Z</time>
   </trkpt>
   <trkpt lat="47.5332600" lon="-121.9580750">
    <ele>151.5</ele>
    <time>2020-10-28T22:49:30Z</time>
   </trkpt>
   <trkpt lat="47.5332740" lon="-121.9581430">
    <ele>151.5</ele>
    <time>2020-10-28T22:49:31Z</time>
   </trkpt>
   <trkpt lat="47.5332730" lon="-121.9582030">
    <ele>151.5</ele>
    <time>2020-10-28T22:49:32Z</time>
   </trkpt>
   <trkpt lat="47.5332900" lon="-121.9582600">
    <ele>151.4</ele>
    <time>2020-10-28T22:49:33Z</time>
   </trkpt>
   <trkpt lat="47.5332960" lon="-121.9583230">
    <ele>151.4</ele>
    <time>2020-10-28T22:49:34Z</time>
   </trkpt>
   <trkpt lat="47.5333220" lon="-121.9583770">
    <ele>151.4</ele>
    <time>2020-10-28T22:49:35Z</time>
   </trkpt>
   <trkpt lat="47.5333370" lon="-121.9584280">
    <ele>151.3</ele>
    <time>2020-10-28T22:49:36Z</time>
   </trkpt>
   <trkpt lat="47.5333450" lon="-121.9584790">
    <ele>151.3</ele>
    <time>2020-10-28T22:49:37Z</time>
   </trkpt>
   <trkpt lat="47.5333610" lon="-121.9585360">
    <ele>151.3</ele>
    <time>2020-10-28T22:49:38Z</time>
   </trkpt>
   <trkpt lat="47.5333670" lon="-121.9585960">
    <ele>151.3</ele>
    <time>2020-10-28T22:49:39Z</time>
   </trkpt>
   <trkpt lat="47.5334000" lon="-121.9586460">
    <ele>151.3</ele>
    <time>2020-10-28T22:49:40Z</time>
   </trkpt>
   <trkpt lat="47.5333970" lon="-121.9587190">
    <ele>151.3</ele>
    <time>2020-10-28T22:49:41Z</time>
   </trkpt>
   <trkpt lat="47.5334160" lon="-121.9587720">
    <ele>151.3</ele>
    <time>2020-10-28T22:49:42Z</time>
   </trkpt>
   <trkpt lat="47.5334240" lon="-121.9588390">
    <ele>151.3</ele>
    <time>2020-10-28T22:49:43Z</time>
   </trkpt>
   <trkpt lat="47.5334340" lon="-121.9588900">
    <ele>151.3</ele>
    <time>2020-10-28T22:49:44Z</time>
   </trkpt>
   <trkpt lat="47.5334400" lon="-121.9589370">
    <ele>151.3</ele>
    <time>2020-10-28T22:49:45Z</time>
   </trkpt>
   <trkpt lat="47.5334500" lon="-121.9589870">
    <ele>151.3</ele>
    <time>2020-10-28T22:49:46Z</time>
   </trkpt>
   <trkpt lat="47.5334490" lon="-121.9590560">
    <ele>151.3</ele>
    <time>2020-10-28T22:49:47Z</time>
   </trkpt>
   <trkpt lat="47.5334650" lon="-121.9591100">
    <ele>151.3</ele>
    <time>2020-10-28T22:49:48Z</time>
   </trkpt>
   <trkpt lat="47.5334740" lon="-121.9591670">
    <ele>151.3</ele>
    <time>2020-10-28T22:49:49Z</time>
   </trkpt>
   <trkpt lat="47.5334810" lon="-121.9592330">
    <ele>151.3</ele>
    <time>2020-10-28T22:49:50Z</time>
   </trkpt>
   <trkpt lat="47.5334820" lon="-121.9592900">
    <ele>151.3</ele>
    <time>2020-10-28T22:49:51Z</time>
   </trkpt>
   <trkpt lat="47.5334920" lon="-121.9593500">
    <ele>151.3</ele>
    <time>2020-10-28T22:49:52Z</time>
   </trkpt>
   <trkpt lat="47.5335000" lon="-121.9594100">
    <ele>151.3</ele>
    <time>2020-10-28T22:49:53Z</time>
   </trkpt>
   <trkpt lat="47.5335050" lon="-121.9594720">
    <ele>151.3</ele>
    <time>2020-10-28T22:49:54Z</time>
   </trkpt>
   <trkpt lat="47.5335110" lon="-121.9595270">
    <ele>151.3</ele>
    <time>2020-10-28T22:49:55Z</time>
   </trkpt>
   <trkpt lat="47.5335250" lon="-121.9595830">
    <ele>151.2</ele>
    <time>2020-10-28T22:49:56Z</time>
   </trkpt>
   <trkpt lat="47.5335260" lon="-121.9596340">
    <ele>151.2</ele>
    <time>2020-10-28T22:49:57Z</time>
   </trkpt>
   <trkpt lat="47.5335350" lon="-121.9596590">
    <ele>151.2</ele>
    <time>2020-10-28T22:49:58Z</time>
   </trkpt>
   <trkpt lat="47.5335480" lon="-121.9597240">
    <ele>151.2</ele>
    <time>2020-10-28T22:49:59Z</time>
   </trkpt>
   <trkpt lat="47.5335580" lon="-121.9597800">
    <ele>151.2</ele>
    <time>2020-10-28T22:50:00Z</time>
   </trkpt>
   <trkpt lat="47.5335690" lon="-121.9598390">
    <ele>151.1</ele>
    <time>2020-10-28T22:50:01Z</time>
   </trkpt>
   <trkpt lat="47.5335830" lon="-121.9599020">
    <ele>151.1</ele>
    <time>2020-10-28T22:50:02Z</time>
   </trkpt>
   <trkpt lat="47.5335970" lon="-121.9599500">
    <ele>151.1</ele>
    <time>2020-10-28T22:50:03Z</time>
   </trkpt>
   <trkpt lat="47.5336130" lon="-121.9600010">
    <ele>151.1</ele>
    <time>2020-10-28T22:50:04Z</time>
   </trkpt>
   <trkpt lat="47.5336140" lon="-121.9600650">
    <ele>151.1</ele>
    <time>2020-10-28T22:50:05Z</time>
   </trkpt>
   <trkpt lat="47.5336280" lon="-121.9601160">
    <ele>151.1</ele>
    <time>2020-10-28T22:50:06Z</time>
   </trkpt>
   <trkpt lat="47.5336270" lon="-121.9601790">
    <ele>151.0</ele>
    <time>2020-10-28T22:50:07Z</time>
   </trkpt>
   <trkpt lat="47.5336440" lon="-121.9602230">
    <ele>151.0</ele>
    <time>2020-10-28T22:50:08Z</time>
   </trkpt>
   <trkpt lat="47.5336540" lon="-121.9602730">
    <ele>151.0</ele>
    <time>2020-10-28T22:50:09Z</time>
   </trkpt>
   <trkpt lat="47.5336640" lon="-121.9603340">
    <ele>151.0</ele>
    <time>2020-10-28T22:50:10Z</time>
   </trkpt>
   <trkpt lat="47.5336820" lon="-121.9603960">
    <ele>150.9</ele>
    <time>2020-10-28T22:50:11Z</time>
   </trkpt>
   <trkpt lat="47.5336850" lon="-121.9604490">
    <ele>150.9</ele>
    <time>2020-10-28T22:50:12Z</time>
   </trkpt>
   <trkpt lat="47.5336960" lon="-121.9605100">
    <ele>150.8</ele>
    <time>2020-10-28T22:50:13Z</time>
   </trkpt>
   <trkpt lat="47.5336920" lon="-121.9605430">
    <ele>150.8</ele>
    <time>2020-10-28T22:50:14Z</time>
   </trkpt>
   <trkpt lat="47.5337040" lon="-121.9605920">
    <ele>150.8</ele>
    <time>2020-10-28T22:50:15Z</time>
   </trkpt>
   <trkpt lat="47.5337320" lon="-121.9606340">
    <ele>150.7</ele>
    <time>2020-10-28T22:50:16Z</time>
   </trkpt>
   <trkpt lat="47.5337360" lon="-121.9607090">
    <ele>150.6</ele>
    <time>2020-10-28T22:50:17Z</time>
   </trkpt>
   <trkpt lat="47.5337500" lon="-121.9607560">
    <ele>150.6</ele>
    <time>2020-10-28T22:50:18Z</time>
   </trkpt>
   <trkpt lat="47.5337650" lon="-121.9608000">
    <ele>150.6</ele>
    <time>2020-10-28T22:50:19Z</time>
   </trkpt>
   <trkpt lat="47.5337950" lon="-121.9608480">
    <ele>150.5</ele>
    <time>2020-10-28T22:50:20Z</time>
   </trkpt>
   <trkpt lat="47.5338120" lon="-121.9608920">
    <ele>150.5</ele>
    <time>2020-10-28T22:50:21Z</time>
   </trkpt>
   <trkpt lat="47.5338310" lon="-121.9609440">
    <ele>150.4</ele>
    <time>2020-10-28T22:50:22Z</time>
   </trkpt>
   <trkpt lat="47.5338610" lon="-121.9609740">
    <ele>150.4</ele>
    <time>2020-10-28T22:50:23Z</time>
   </trkpt>
   <trkpt lat="47.5338660" lon="-121.9610180">
    <ele>150.4</ele>
    <time>2020-10-28T22:50:24Z</time>
   </trkpt>
   <trkpt lat="47.5338770" lon="-121.9610820">
    <ele>150.3</ele>
    <time>2020-10-28T22:50:25Z</time>
   </trkpt>
   <trkpt lat="47.5338850" lon="-121.9611300">
    <ele>150.3</ele>
    <time>2020-10-28T22:50:26Z</time>
   </trkpt>
   <trkpt lat="47.5339110" lon="-121.9611960">
    <ele>150.3</ele>
    <time>2020-10-28T22:50:27Z</time>
   </trkpt>
   <trkpt lat="47.5339260" lon="-121.9612460">
    <ele>150.2</ele>
    <time>2020-10-28T22:50:28Z</time>
   </trkpt>
   <trkpt lat="47.5339420" lon="-121.9612920">
    <ele>150.2</ele>
    <time>2020-10-28T22:50:29Z</time>
   </trkpt>
   <trkpt lat="47.5339620" lon="-121.9613360">
    <ele>150.2</ele>
    <time>2020-10-28T22:50:30Z</time>
   </trkpt>
   <trkpt lat="47.5339720" lon="-121.9613890">
    <ele>150.2</ele>
    <time>2020-10-28T22:50:31Z</time>
   </trkpt>
   <trkpt lat="47.5340070" lon="-121.9614510">
    <ele>150.2</ele>
    <time>2020-10-28T22:50:32Z</time>
   </trkpt>
   <trkpt lat="47.5340200" lon="-121.9615100">
    <ele>150.2</ele>
    <time>2020-10-28T22:50:33Z</time>
   </trkpt>
   <trkpt lat="47.5340290" lon="-121.9615610">
    <ele>150.2</ele>
    <time>2020-10-28T22:50:34Z</time>
   </trkpt>
   <trkpt lat="47.5340450" lon="-121.9615860">
    <ele>150.2</ele>
    <time>2020-10-28T22:50:35Z</time>
   </trkpt>
   <trkpt lat="47.5340520" lon="-121.9616490">
    <ele>150.2</ele>
    <time>2020-10-28T22:50:36Z</time>
   </trkpt>
   <trkpt lat="47.5340970" lon="-121.9616790">
    <ele>150.2</ele>
    <time>2020-10-28T22:50:37Z</time>
   </trkpt>
   <trkpt lat="47.5341050" lon="-121.9617370">
    <ele>150.2</ele>
    <time>2020-10-28T22:50:38Z</time>
   </trkpt>
   <trkpt lat="47.5341230" lon="-121.9617930">
    <ele>150.2</ele>
    <time>2020-10-28T22:50:39Z</time>
   </trkpt>
   <trkpt lat="47.5341410" lon="-121.9618320">
    <ele>150.3</ele>
    <time>2020-10-28T22:50:40Z</time>
   </trkpt>
   <trkpt lat="47.5341550" lon="-121.9618800">
    <ele>150.3</ele>
    <time>2020-10-28T22:50:41Z</time>
   </trkpt>
   <trkpt lat="47.5341750" lon="-121.9619350">
    <ele>150.4</ele>
    <time>2020-10-28T22:50:42Z</time>
   </trkpt>
   <trkpt lat="47.5341930" lon="-121.9620040">
    <ele>150.4</ele>
    <time>2020-10-28T22:50:43Z</time>
   </trkpt>
   <trkpt lat="47.5342080" lon="-121.9620570">
    <ele>150.5</ele>
    <time>2020-10-28T22:50:44Z</time>
   </trkpt>
   <trkpt lat="47.5342300" lon="-121.9620870">
    <ele>150.5</ele>
    <time>2020-10-28T22:50:45Z</time>
   </trkpt>
   <trkpt lat="47.5342490" lon="-121.9621620">
    <ele>150.6</ele>
    <time>2020-10-28T22:50:46Z</time>
   </trkpt>
   <trkpt lat="47.5342760" lon="-121.9621930">
    <ele>150.6</ele>
    <time>2020-10-28T22:50:47Z</time>
   </trkpt>
   <trkpt lat="47.5342890" lon="-121.9622360">
    <ele>150.6</ele>
    <time>2020-10-28T22:50:48Z</time>
   </trkpt>
   <trkpt lat="47.5343170" lon="-121.9622820">
    <ele>150.7</ele>
    <time>2020-10-28T22:50:49Z</time>
   </trkpt>
   <trkpt lat="47.5343290" lon="-121.9623310">
    <ele>150.7</ele>
    <time>2020-10-28T22:50:50Z</time>
   </trkpt>
   <trkpt lat="47.5343410" lon="-121.9623860">
    <ele>150.8</ele>
    <time>2020-10-28T22:50:51Z</time>
   </trkpt>
   <trkpt lat="47.5343280" lon="-121.9624410">
    <ele>150.8</ele>
    <time>2020-10-28T22:50:52Z</time>
   </trkpt>
   <trkpt lat="47.5343230" lon="-121.9624840">
    <ele>150.8</ele>
    <time>2020-10-28T22:50:53Z</time>
   </trkpt>
   <trkpt lat="47.5343310" lon="-121.9625370">
    <ele>150.8</ele>
    <time>2020-10-28T22:50:54Z</time>
   </trkpt>
   <trkpt lat="47.5343330" lon="-121.9625990">
    <ele>150.8</ele>
    <time>2020-10-28T22:50:55Z</time>
   </trkpt>
   <trkpt lat="47.5343290" lon="-121.9626240">
    <ele>150.8</ele>
    <time>2020-10-28T22:50:56Z</time>
   </trkpt>
   <trkpt lat="47.5343480" lon="-121.9626680">
    <ele>150.8</ele>
    <time>2020-10-28T22:50:57Z</time>
   </trkpt>
   <trkpt lat="47.5343510" lon="-121.9627230">
    <ele>150.8</ele>
    <time>2020-10-28T22:50:58Z</time>
   </trkpt>
   <trkpt lat="47.5343740" lon="-121.9627730">
    <ele>150.7</ele>
    <time>2020-10-28T22:50:59Z</time>
   </trkpt>
   <trkpt lat="47.5343970" lon="-121.9628170">
    <ele>150.7</ele>
    <time>2020-10-28T22:51:00Z</time>
   </trkpt>
   <trkpt lat="47.5344210" lon="-121.9628720">
    <ele>150.7</ele>
    <time>2020-10-28T22:51:01Z</time>
   </trkpt>
   <trkpt lat="47.5344430" lon="-121.9629200">
    <ele>150.7</ele>
    <time>2020-10-28T22:51:02Z</time>
   </trkpt>
   <trkpt lat="47.5344540" lon="-121.9629740">
    <ele>150.7</ele>
    <time>2020-10-28T22:51:03Z</time>
   </trkpt>
   <trkpt lat="47.5344710" lon="-121.9630220">
    <ele>150.7</ele>
    <time>2020-10-28T22:51:04Z</time>
   </trkpt>
   <trkpt lat="47.5344860" lon="-121.9630720">
    <ele>150.7</ele>
    <time>2020-10-28T22:51:05Z</time>
   </trkpt>
   <trkpt lat="47.5345040" lon="-121.9631170">
    <ele>150.7</ele>
    <time>2020-10-28T22:51:06Z</time>
   </trkpt>
   <trkpt lat="47.5345210" lon="-121.9631630">
    <ele>150.7</ele>
    <time>2020-10-28T22:51:07Z</time>
   </trkpt>
   <trkpt lat="47.5345350" lon="-121.9632240">
    <ele>150.8</ele>
    <time>2020-10-28T22:51:08Z</time>
   </trkpt>
   <trkpt lat="47.5345640" lon="-121.9632620">
    <ele>150.8</ele>
    <time>2020-10-28T22:51:09Z</time>
   </trkpt>
   <trkpt lat="47.5345760" lon="-121.9633140">
    <ele>150.8</ele>
    <time>2020-10-28T22:51:10Z</time>
   </trkpt>
   <trkpt lat="47.5346050" lon="-121.9633630">
    <ele>150.8</ele>
    <time>2020-10-28T22:51:11Z</time>
   </trkpt>
   <trkpt lat="47.5346180" lon="-121.9634110">
    <ele>150.8</ele>
    <time>2020-10-28T22:51:12Z</time>
   </trkpt>
   <trkpt lat="47.5346220" lon="-121.9634540">
    <ele>150.8</ele>
    <time>2020-10-28T22:51:13Z</time>
   </trkpt>
   <trkpt lat="47.5346410" lon="-121.9635180">
    <ele>150.9</ele>
    <time>2020-10-28T22:51:14Z</time>
   </trkpt>
   <trkpt lat="47.5346620" lon="-121.9635470">
    <ele>150.9</ele>
    <time>2020-10-28T22:51:15Z</time>
   </trkpt>
   <trkpt lat="47.5346740" lon="-121.9636160">
    <ele>150.9</ele>
    <time>2020-10-28T22:51:16Z</time>
   </trkpt>
   <trkpt lat="47.5346950" lon="-121.9636630">
    <ele>150.9</ele>
    <time>2020-10-28T22:51:17Z</time>
   </trkpt>
   <trkpt lat="47.5347050" lon="-121.9637130">
    <ele>151.0</ele>
    <time>2020-10-28T22:51:18Z</time>
   </trkpt>
   <trkpt lat="47.5347460" lon="-121.9637660">
    <ele>151.0</ele>
    <time>2020-10-28T22:51:19Z</time>
   </trkpt>
   <trkpt lat="47.5347610" lon="-121.9638210">
    <ele>151.0</ele>
    <time>2020-10-28T22:51:20Z</time>
   </trkpt>
   <trkpt lat="47.5347720" lon="-121.9638420">
    <ele>151.0</ele>
    <time>2020-10-28T22:51:21Z</time>
   </trkpt>
   <trkpt lat="47.5347880" lon="-121.9638870">
    <ele>151.1</ele>
    <time>2020-10-28T22:51:22Z</time>
   </trkpt>
   <trkpt lat="47.5348090" lon="-121.9639420">
    <ele>151.1</ele>
    <time>2020-10-28T22:51:23Z</time>
   </trkpt>
   <trkpt lat="47.5348310" lon="-121.9640050">
    <ele>151.2</ele>
    <time>2020-10-28T22:51:24Z</time>
   </trkpt>
   <trkpt lat="47.5348400" lon="-121.9640490">
    <ele>151.2</ele>
    <time>2020-10-28T22:51:25Z</time>
   </trkpt>
   <trkpt lat="47.5348540" lon="-121.9640960">
    <ele>151.2</ele>
    <time>2020-10-28T22:51:26Z</time>
   </trkpt>
   <trkpt lat="47.5348800" lon="-121.9641380">
    <ele>151.3</ele>
    <time>2020-10-28T22:51:27Z</time>
   </trkpt>
   <trkpt lat="47.5348880" lon="-121.9641900">
    <ele>151.3</ele>
    <time>2020-10-28T22:51:28Z</time>
   </trkpt>
   <trkpt lat="47.5349150" lon="-121.9642280">
    <ele>151.3</ele>
    <time>2020-10-28T22:51:29Z</time>
   </trkpt>
   <trkpt lat="47.5349200" lon="-121.9642710">
    <ele>151.4</ele>
    <time>2020-10-28T22:51:30Z</time>
   </trkpt>
   <trkpt lat="47.5349410" lon="-121.9643120">
    <ele>151.4</ele>
    <time>2020-10-28T22:51:31Z</time>
   </trkpt>
   <trkpt lat="47.5349590" lon="-121.9643570">
    <ele>151.4</ele>
    <time>2020-10-28T22:51:32Z</time>
   </trkpt>
   <trkpt lat="47.5349710" lon="-121.9644100">
    <ele>151.5</ele>
    <time>2020-10-28T22:51:33Z</time>
   </trkpt>
   <trkpt lat="47.5349830" lon="-121.9644620">
    <ele>151.5</ele>
    <time>2020-10-28T22:51:34Z</time>
   </trkpt>
   <trkpt lat="47.5350030" lon="-121.9644970">
    <ele>151.5</ele>
    <time>2020-10-28T22:51:35Z</time>
   </trkpt>
   <trkpt lat="47.5350170" lon="-121.9645310">
    <ele>151.6</ele>
    <time>2020-10-28T22:51:36Z</time>
   </trkpt>
   <trkpt lat="47.5350360" lon="-121.9645790">
    <ele>151.6</ele>
    <time>2020-10-28T22:51:37Z</time>
   </trkpt>
   <trkpt lat="47.5350380" lon="-121.9646310">
    <ele>151.6</ele>
    <time>2020-10-28T22:51:38Z</time>
   </trkpt>
   <trkpt lat="47.5350590" lon="-121.9646920">
    <ele>151.7</ele>
    <time>2020-10-28T22:51:39Z</time>
   </trkpt>
   <trkpt lat="47.5350750" lon="-121.9647300">
    <ele>151.7</ele>
    <time>2020-10-28T22:51:40Z</time>
   </trkpt>
   <trkpt lat="47.5350790" lon="-121.9647810">
    <ele>151.7</ele>
    <time>2020-10-28T22:51:41Z</time>
   </trkpt>
   <trkpt lat="47.5351010" lon="-121.9648190">
    <ele>151.7</ele>
    <time>2020-10-28T22:51:42Z</time>
   </trkpt>
   <trkpt lat="47.5351220" lon="-121.9648590">
    <ele>151.8</ele>
    <time>2020-10-28T22:51:43Z</time>
   </trkpt>
   <trkpt lat="47.5351310" lon="-121.9649180">
    <ele>151.8</ele>
    <time>2020-10-28T22:51:44Z</time>
   </trkpt>
   <trkpt lat="47.5351440" lon="-121.9649590">
    <ele>151.8</ele>
    <time>2020-10-28T22:51:45Z</time>
   </trkpt>
   <trkpt lat="47.5351720" lon="-121.9650040">
    <ele>151.9</ele>
    <time>2020-10-28T22:51:46Z</time>
   </trkpt>
   <trkpt lat="47.5351790" lon="-121.9650660">
    <ele>151.9</ele>
    <time>2020-10-28T22:51:47Z</time>
   </trkpt>
   <trkpt lat="47.5351930" lon="-121.9651000">
    <ele>151.9</ele>
    <time>2020-10-28T22:51:48Z</time>
   </trkpt>
   <trkpt lat="47.5352100" lon="-121.9651490">
    <ele>151.9</ele>
    <time>2020-10-28T22:51:49Z</time>
   </trkpt>
   <trkpt lat="47.5352330" lon="-121.9651960">
    <ele>152.0</ele>
    <time>2020-10-28T22:51:50Z</time>
   </trkpt>
   <trkpt lat="47.5352430" lon="-121.9652520">
    <ele>152.0</ele>
    <time>2020-10-28T22:51:51Z</time>
   </trkpt>
   <trkpt lat="47.5352760" lon="-121.9652930">
    <ele>152.0</ele>
    <time>2020-10-28T22:51:52Z</time>
   </trkpt>
   <trkpt lat="47.5352800" lon="-121.9653400">
    <ele>152.1</ele>
    <time>2020-10-28T22:51:53Z</time>
   </trkpt>
   <trkpt lat="47.5352870" lon="-121.9653800">
    <ele>152.1</ele>
    <time>2020-10-28T22:51:54Z</time>
   </trkpt>
   <trkpt lat="47.5353110" lon="-121.9654390">
    <ele>152.1</ele>
    <time>2020-10-28T22:51:55Z</time>
   </trkpt>
   <trkpt lat="47.5353280" lon="-121.9654880">
    <ele>152.2</ele>
    <time>2020-10-28T22:51:56Z</time>
   </trkpt>
   <trkpt lat="47.5353530" lon="-121.9655440">
    <ele>152.2</ele>
    <time>2020-10-28T22:51:57Z</time>
   </trkpt>
   <trkpt lat="47.5353700" lon="-121.9655900">
    <ele>152.3</ele>
    <time>2020-10-28T22:51:58Z</time>
   </trkpt>
   <trkpt lat="47.5353840" lon="-121.9656510">
    <ele>152.3</ele>
    <time>2020-10-28T22:51:59Z</time>
   </trkpt>
   <trkpt lat="47.5353990" lon="-121.9656840">
    <ele>152.3</ele>
    <time>2020-10-28T22:52:00Z</time>
   </trkpt>
   <trkpt lat="47.5354170" lon="-121.9657300">
    <ele>152.3</ele>
    <time>2020-10-28T22:52:01Z</time>
   </trkpt>
   <trkpt lat="47.5354350" lon="-121.9657780">
    <ele>152.3</ele>
    <time>2020-10-28T22:52:02Z</time>
   </trkpt>
   <trkpt lat="47.5354570" lon="-121.9658250">
    <ele>152.4</ele>
    <time>2020-10-28T22:52:03Z</time>
   </trkpt>
   <trkpt lat="47.5354800" lon="-121.9658810">
    <ele>152.4</ele>
    <time>2020-10-28T22:52:04Z</time>
   </trkpt>
   <trkpt lat="47.5354930" lon="-121.9659240">
    <ele>152.4</ele>
    <time>2020-10-28T22:52:05Z</time>
   </trkpt>
   <trkpt lat="47.5355050" lon="-121.9659790">
    <ele>152.4</ele>
    <time>2020-10-28T22:52:06Z</time>
   </trkpt>
   <trkpt lat="47.5355220" lon="-121.9660260">
    <ele>152.5</ele>
    <time>2020-10-28T22:52:07Z</time>
   </trkpt>
   <trkpt lat="47.5355240" lon="-121.9660750">
    <ele>152.5</ele>
    <time>2020-10-28T22:52:08Z</time>
   </trkpt>
   <trkpt lat="47.5355480" lon="-121.9661290">
    <ele>152.5</ele>
    <time>2020-10-28T22:52:09Z</time>
   </trkpt>
   <trkpt lat="47.5355700" lon="-121.9661770">
    <ele>152.5</ele>
    <time>2020-10-28T22:52:10Z</time>
   </trkpt>
   <trkpt lat="47.5355790" lon="-121.9662180">
    <ele>152.5</ele>
    <time>2020-10-28T22:52:11Z</time>
   </trkpt>
   <trkpt lat="47.5355900" lon="-121.9662720">
    <ele>152.5</ele>
    <time>2020-10-28T22:52:12Z</time>
   </trkpt>
   <trkpt lat="47.5355930" lon="-121.9663390">
    <ele>152.4</ele>
    <time>2020-10-28T22:52:13Z</time>
   </trkpt>
   <trkpt lat="47.5356300" lon="-121.9663760">
    <ele>152.4</ele>
    <time>2020-10-28T22:52:14Z</time>
   </trkpt>
   <trkpt lat="47.5356550" lon="-121.9664290">
    <ele>152.4</ele>
    <time>2020-10-28T22:52:15Z</time>
   </trkpt>
   <trkpt lat="47.5356760" lon="-121.9664970">
    <ele>152.3</ele>
    <time>2020-10-28T22:52:16Z</time>
   </trkpt>
   <trkpt lat="47.5357020" lon="-121.9665370">
    <ele>152.2</ele>
    <time>2020-10-28T22:52:17Z</time>
   </trkpt>
   <trkpt lat="47.5357180" lon="-121.9665930">
    <ele>152.1</ele>
    <time>2020-10-28T22:52:18Z</time>
   </trkpt>
   <trkpt lat="47.5357380" lon="-121.9666570">
    <ele>152.0</ele>
    <time>2020-10-28T22:52:19Z</time>
   </trkpt>
   <trkpt lat="47.5357440" lon="-121.9666870">
    <ele>152.0</ele>
    <time>2020-10-28T22:52:20Z</time>
   </trkpt>
   <trkpt lat="47.5357560" lon="-121.9667350">
    <ele>151.9</ele>
    <time>2020-10-28T22:52:21Z</time>
   </trkpt>
   <trkpt lat="47.5357780" lon="-121.9667780">
    <ele>151.7</ele>
    <time>2020-10-28T22:52:22Z</time>
   </trkpt>
   <trkpt lat="47.5358030" lon="-121.9668300">
    <ele>151.6</ele>
    <time>2020-10-28T22:52:23Z</time>
   </trkpt>
   <trkpt lat="47.5358240" lon="-121.9668800">
    <ele>151.5</ele>
    <time>2020-10-28T22:52:24Z</time>
   </trkpt>
   <trkpt lat="47.5358400" lon="-121.9669180">
    <ele>151.4</ele>
    <time>2020-10-28T22:52:25Z</time>
   </trkpt>
   <trkpt lat="47.5358490" lon="-121.9669790">
    <ele>151.2</ele>
    <time>2020-10-28T22:52:26Z</time>
   </trkpt>
   <trkpt lat="47.5358790" lon="-121.9670050">
    <ele>151.1</ele>
    <time>2020-10-28T22:52:27Z</time>
   </trkpt>
   <trkpt lat="47.5358920" lon="-121.9670680">
    <ele>150.9</ele>
    <time>2020-10-28T22:52:28Z</time>
   </trkpt>
   <trkpt lat="47.5359010" lon="-121.9671210">
    <ele>150.8</ele>
    <time>2020-10-28T22:52:29Z</time>
   </trkpt>
   <trkpt lat="47.5359200" lon="-121.9671770">
    <ele>150.7</ele>
    <time>2020-10-28T22:52:30Z</time>
   </trkpt>
   <trkpt lat="47.5359240" lon="-121.9672280">
    <ele>150.6</ele>
    <time>2020-10-28T22:52:31Z</time>
   </trkpt>
   <trkpt lat="47.5359430" lon="-121.9672640">
    <ele>150.5</ele>
    <time>2020-10-28T22:52:32Z</time>
   </trkpt>
   <trkpt lat="47.5359620" lon="-121.9673150">
    <ele>150.5</ele>
    <time>2020-10-28T22:52:33Z</time>
   </trkpt>
   <trkpt lat="47.5359880" lon="-121.9673610">
    <ele>150.4</ele>
    <time>2020-10-28T22:52:34Z</time>
   </trkpt>
   <trkpt lat="47.5360010" lon="-121.9674110">
    <ele>150.4</ele>
    <time>2020-10-28T22:52:35Z</time>
   </trkpt>
   <trkpt lat="47.5360090" lon="-121.9674660">
    <ele>150.4</ele>
    <time>2020-10-28T22:52:36Z</time>
   </trkpt>
   <trkpt lat="47.5360250" lon="-121.9675050">
    <ele>150.4</ele>
    <time>2020-10-28T22:52:37Z</time>
   </trkpt>
   <trkpt lat="47.5360430" lon="-121.9675550">
    <ele>150.4</ele>
    <time>2020-10-28T22:52:38Z</time>
   </trkpt>
   <trkpt lat="47.5360540" lon="-121.9676010">
    <ele>150.4</ele>
    <time>2020-10-28T22:52:39Z</time>
   </trkpt>
   <trkpt lat="47.5360670" lon="-121.9676450">
    <ele>150.4</ele>
    <time>2020-10-28T22:52:40Z</time>
   </trkpt>
   <trkpt lat="47.5360770" lon="-121.9676870">
    <ele>150.4</ele>
    <time>2020-10-28T22:52:41Z</time>
   </trkpt>
   <trkpt lat="47.5360930" lon="-121.9677380">
    <ele>150.4</ele>
    <time>2020-10-28T22:52:42Z</time>
   </trkpt>
   <trkpt lat="47.5361130" lon="-121.9677750">
    <ele>150.4</ele>
    <time>2020-10-28T22:52:43Z</time>
   </trkpt>
   <trkpt lat="47.5361320" lon="-121.9678210">
    <ele>150.4</ele>
    <time>2020-10-28T22:52:44Z</time>
   </trkpt>
   <trkpt lat="47.5361410" lon="-121.9678630">
    <ele>150.4</ele>
    <time>2020-10-28T22:52:45Z</time>
   </trkpt>
   <trkpt lat="47.5361530" lon="-121.9679030">
    <ele>150.4</ele>
    <time>2020-10-28T22:52:46Z</time>
   </trkpt>
   <trkpt lat="47.5361860" lon="-121.9679890">
    <ele>150.4</ele>
    <time>2020-10-28T22:52:47Z</time>
   </trkpt>
   <trkpt lat="47.5362030" lon="-121.9680530">
    <ele>150.4</ele>
    <time>2020-10-28T22:52:48Z</time>
   </trkpt>
   <trkpt lat="47.5362160" lon="-121.9681200">
    <ele>150.5</ele>
    <time>2020-10-28T22:52:49Z</time>
   </trkpt>
   <trkpt lat="47.5362340" lon="-121.9681890">
    <ele>150.5</ele>
    <time>2020-10-28T22:52:50Z</time>
   </trkpt>
   <trkpt lat="47.5362370" lon="-121.9682300">
    <ele>150.5</ele>
    <time>2020-10-28T22:52:51Z</time>
   </trkpt>
   <trkpt lat="47.5362430" lon="-121.9682800">
    <ele>150.5</ele>
    <time>2020-10-28T22:52:52Z</time>
   </trkpt>
   <trkpt lat="47.5362500" lon="-121.9683270">
    <ele>150.4</ele>
    <time>2020-10-28T22:52:53Z</time>
   </trkpt>
   <trkpt lat="47.5362700" lon="-121.9683880">
    <ele>150.4</ele>
    <time>2020-10-28T22:52:54Z</time>
   </trkpt>
   <trkpt lat="47.5362940" lon="-121.9684230">
    <ele>150.4</ele>
    <time>2020-10-28T22:52:55Z</time>
   </trkpt>
   <trkpt lat="47.5363040" lon="-121.9684860">
    <ele>150.3</ele>
    <time>2020-10-28T22:52:56Z</time>
   </trkpt>
   <trkpt lat="47.5363010" lon="-121.9685320">
    <ele>150.3</ele>
    <time>2020-10-28T22:52:57Z</time>
   </trkpt>
   <trkpt lat="47.5363050" lon="-121.9685890">
    <ele>150.2</ele>
    <time>2020-10-28T22:52:58Z</time>
   </trkpt>
   <trkpt lat="47.5363060" lon="-121.9686310">
    <ele>150.2</ele>
    <time>2020-10-28T22:52:59Z</time>
   </trkpt>
   <trkpt lat="47.5363300" lon="-121.9686850">
    <ele>150.1</ele>
    <time>2020-10-28T22:53:00Z</time>
   </trkpt>
   <trkpt lat="47.5363330" lon="-121.9687350">
    <ele>150.1</ele>
    <time>2020-10-28T22:53:01Z</time>
   </trkpt>
   <trkpt lat="47.5363520" lon="-121.9687950">
    <ele>150.0</ele>
    <time>2020-10-28T22:53:02Z</time>
   </trkpt>
   <trkpt lat="47.5363610" lon="-121.9688460">
    <ele>150.0</ele>
    <time>2020-10-28T22:53:03Z</time>
   </trkpt>
   <trkpt lat="47.5363640" lon="-121.9688870">
    <ele>150.0</ele>
    <time>2020-10-28T22:53:04Z</time>
   </trkpt>
   <trkpt lat="47.5363700" lon="-121.9689500">
    <ele>149.9</ele>
    <time>2020-10-28T22:53:05Z</time>
   </trkpt>
   <trkpt lat="47.5363650" lon="-121.9690060">
    <ele>149.9</ele>
    <time>2020-10-28T22:53:06Z</time>
   </trkpt>
   <trkpt lat="47.5363660" lon="-121.9690560">
    <ele>149.9</ele>
    <time>2020-10-28T22:53:07Z</time>
   </trkpt>
   <trkpt lat="47.5363670" lon="-121.9691030">
    <ele>149.9</ele>
    <time>2020-10-28T22:53:08Z</time>
   </trkpt>
   <trkpt lat="47.5363780" lon="-121.9691640">
    <ele>149.9</ele>
    <time>2020-10-28T22:53:09Z</time>
   </trkpt>
   <trkpt lat="47.5363730" lon="-121.9692040">
    <ele>149.9</ele>
    <time>2020-10-28T22:53:10Z</time>
   </trkpt>
   <trkpt lat="47.5363630" lon="-121.9692510">
    <ele>149.9</ele>
    <time>2020-10-28T22:53:11Z</time>
   </trkpt>
   <trkpt lat="47.5363780" lon="-121.9693060">
    <ele>149.9</ele>
    <time>2020-10-28T22:53:12Z</time>
   </trkpt>
   <trkpt lat="47.5363750" lon="-121.9693650">
    <ele>150.0</ele>
    <time>2020-10-28T22:53:13Z</time>
   </trkpt>
   <trkpt lat="47.5363890" lon="-121.9694200">
    <ele>150.0</ele>
    <time>2020-10-28T22:53:14Z</time>
   </trkpt>
   <trkpt lat="47.5363970" lon="-121.9694730">
    <ele>150.0</ele>
    <time>2020-10-28T22:53:15Z</time>
   </trkpt>
   <trkpt lat="47.5364080" lon="-121.9695260">
    <ele>150.0</ele>
    <time>2020-10-28T22:53:16Z</time>
   </trkpt>
   <trkpt lat="47.5364150" lon="-121.9695650">
    <ele>150.0</ele>
    <time>2020-10-28T22:53:17Z</time>
   </trkpt>
   <trkpt lat="47.5364160" lon="-121.9696400">
    <ele>150.0</ele>
    <time>2020-10-28T22:53:18Z</time>
   </trkpt>
   <trkpt lat="47.5364270" lon="-121.9697030">
    <ele>150.0</ele>
    <time>2020-10-28T22:53:19Z</time>
   </trkpt>
   <trkpt lat="47.5364270" lon="-121.9697380">
    <ele>150.0</ele>
    <time>2020-10-28T22:53:20Z</time>
   </trkpt>
   <trkpt lat="47.5364320" lon="-121.9697850">
    <ele>150.0</ele>
    <time>2020-10-28T22:53:21Z</time>
   </trkpt>
   <trkpt lat="47.5364350" lon="-121.9698420">
    <ele>150.0</ele>
    <time>2020-10-28T22:53:22Z</time>
   </trkpt>
   <trkpt lat="47.5364280" lon="-121.9699030">
    <ele>150.0</ele>
    <time>2020-10-28T22:53:23Z</time>
   </trkpt>
   <trkpt lat="47.5364410" lon="-121.9699470">
    <ele>150.1</ele>
    <time>2020-10-28T22:53:24Z</time>
   </trkpt>
   <trkpt lat="47.5364400" lon="-121.9699980">
    <ele>150.1</ele>
    <time>2020-10-28T22:53:25Z</time>
   </trkpt>
   <trkpt lat="47.5364380" lon="-121.9700420">
    <ele>150.1</ele>
    <time>2020-10-28T22:53:26Z</time>
   </trkpt>
   <trkpt lat="47.5364420" lon="-121.9700960">
    <ele>150.2</ele>
    <time>2020-10-28T22:53:27Z</time>
   </trkpt>
   <trkpt lat="47.5364420" lon="-121.9701600">
    <ele>150.2</ele>
    <time>2020-10-28T22:53:28Z</time>
   </trkpt>
   <trkpt lat="47.5364490" lon="-121.9702050">
    <ele>150.3</ele>
    <time>2020-10-28T22:53:29Z</time>
   </trkpt>
   <trkpt lat="47.5364600" lon="-121.9702840">
    <ele>150.3</ele>
    <time>2020-10-28T22:53:30Z</time>
   </trkpt>
   <trkpt lat="47.5364600" lon="-121.9703320">
    <ele>150.3</ele>
    <time>2020-10-28T22:53:31Z</time>
   </trkpt>
   <trkpt lat="47.5364560" lon="-121.9704000">
    <ele>150.4</ele>
    <time>2020-10-28T22:53:32Z</time>
   </trkpt>
   <trkpt lat="47.5364610" lon="-121.9704390">
    <ele>150.4</ele>
    <time>2020-10-28T22:53:33Z</time>
   </trkpt>
   <trkpt lat="47.5364510" lon="-121.9704920">
    <ele>150.5</ele>
    <time>2020-10-28T22:53:34Z</time>
   </trkpt>
   <trkpt lat="47.5364320" lon="-121.9705400">
    <ele>150.5</ele>
    <time>2020-10-28T22:53:35Z</time>
   </trkpt>
   <trkpt lat="47.5364390" lon="-121.9705970">
    <ele>150.5</ele>
    <time>2020-10-28T22:53:36Z</time>
   </trkpt>
   <trkpt lat="47.5364270" lon="-121.9706610">
    <ele>150.6</ele>
    <time>2020-10-28T22:53:37Z</time>
   </trkpt>
   <trkpt lat="47.5364170" lon="-121.9707140">
    <ele>150.6</ele>
    <time>2020-10-28T22:53:38Z</time>
   </trkpt>
   <trkpt lat="47.5364110" lon="-121.9707700">
    <ele>150.6</ele>
    <time>2020-10-28T22:53:39Z</time>
   </trkpt>
   <trkpt lat="47.5364040" lon="-121.9708260">
    <ele>150.6</ele>
    <time>2020-10-28T22:53:40Z</time>
   </trkpt>
   <trkpt lat="47.5364110" lon="-121.9708770">
    <ele>150.7</ele>
    <time>2020-10-28T22:53:41Z</time>
   </trkpt>
   <trkpt lat="47.5364080" lon="-121.9709440">
    <ele>150.7</ele>
    <time>2020-10-28T22:53:42Z</time>
   </trkpt>
   <trkpt lat="47.5363990" lon="-121.9709970">
    <ele>150.7</ele>
    <time>2020-10-28T22:53:43Z</time>
   </trkpt>
   <trkpt lat="47.5363870" lon="-121.9710690">
    <ele>150.8</ele>
    <time>2020-10-28T22:53:44Z</time>
   </trkpt>
   <trkpt lat="47.5363730" lon="-121.9711210">
    <ele>150.8</ele>
    <time>2020-10-28T22:53:45Z</time>
   </trkpt>
   <trkpt lat="47.5363860" lon="-121.9712020">
    <ele>150.9</ele>
    <time>2020-10-28T22:53:46Z</time>
   </trkpt>
   <trkpt lat="47.5363890" lon="-121.9712690">
    <ele>151.0</ele>
    <time>2020-10-28T22:53:47Z</time>
   </trkpt>
   <trkpt lat="47.5363850" lon="-121.9713200">
    <ele>151.0</ele>
    <time>2020-10-28T22:53:48Z</time>
   </trkpt>
   <trkpt lat="47.5363870" lon="-121.9713670">
    <ele>151.1</ele>
    <time>2020-10-28T22:53:49Z</time>
   </trkpt>
   <trkpt lat="47.5363770" lon="-121.9714050">
    <ele>151.1</ele>
    <time>2020-10-28T22:53:50Z</time>
   </trkpt>
   <trkpt lat="47.5363900" lon="-121.9714520">
    <ele>151.2</ele>
    <time>2020-10-28T22:53:51Z</time>
   </trkpt>
   <trkpt lat="47.5363780" lon="-121.9715140">
    <ele>151.3</ele>
    <time>2020-10-28T22:53:52Z</time>
   </trkpt>
   <trkpt lat="47.5363690" lon="-121.9715550">
    <ele>151.3</ele>
    <time>2020-10-28T22:53:53Z</time>
   </trkpt>
   <trkpt lat="47.5363680" lon="-121.9716110">
    <ele>151.4</ele>
    <time>2020-10-28T22:53:54Z</time>
   </trkpt>
   <trkpt lat="47.5363700" lon="-121.9716590">
    <ele>151.4</ele>
    <time>2020-10-28T22:53:55Z</time>
   </trkpt>
   <trkpt lat="47.5363700" lon="-121.9717060">
    <ele>151.4</ele>
    <time>2020-10-28T22:53:56Z</time>
   </trkpt>
   <trkpt lat="47.5363380" lon="-121.9717440">
    <ele>151.4</ele>
    <time>2020-10-28T22:53:57Z</time>
   </trkpt>
   <trkpt lat="47.5363460" lon="-121.9717990">
    <ele>151.4</ele>
    <time>2020-10-28T22:53:58Z</time>
   </trkpt>
   <trkpt lat="47.5363360" lon="-121.9718410">
    <ele>151.5</ele>
    <time>2020-10-28T22:53:59Z</time>
   </trkpt>
   <trkpt lat="47.5363360" lon="-121.9718830">
    <ele>151.5</ele>
    <time>2020-10-28T22:54:00Z</time>
   </trkpt>
   <trkpt lat="47.5363350" lon="-121.9719240">
    <ele>151.5</ele>
    <time>2020-10-28T22:54:01Z</time>
   </trkpt>
   <trkpt lat="47.5363180" lon="-121.9719840">
    <ele>151.5</ele>
    <time>2020-10-28T22:54:02Z</time>
   </trkpt>
   <trkpt lat="47.5363150" lon="-121.9720280">
    <ele>151.5</ele>
    <time>2020-10-28T22:54:03Z</time>
   </trkpt>
   <trkpt lat="47.5362990" lon="-121.9720680">
    <ele>151.5</ele>
    <time>2020-10-28T22:54:04Z</time>
   </trkpt>
   <trkpt lat="47.5362890" lon="-121.9721080">
    <ele>151.5</ele>
    <time>2020-10-28T22:54:05Z</time>
   </trkpt>
   <trkpt lat="47.5362910" lon="-121.9721640">
    <ele>151.5</ele>
    <time>2020-10-28T22:54:06Z</time>
   </trkpt>
   <trkpt lat="47.5362930" lon="-121.9722250">
    <ele>151.5</ele>
    <time>2020-10-28T22:54:07Z</time>
   </trkpt>
   <trkpt lat="47.5362750" lon="-121.9722780">
    <ele>151.5</ele>
    <time>2020-10-28T22:54:08Z</time>
   </trkpt>
   <trkpt lat="47.5362710" lon="-121.9722980">
    <ele>151.5</ele>
    <time>2020-10-28T22:54:09Z</time>
   </trkpt>
   <trkpt lat="47.5362580" lon="-121.9723440">
    <ele>151.6</ele>
    <time>2020-10-28T22:54:10Z</time>
   </trkpt>
   <trkpt lat="47.5362500" lon="-121.9723850">
    <ele>151.6</ele>
    <time>2020-10-28T22:54:11Z</time>
   </trkpt>
   <trkpt lat="47.5362600" lon="-121.9724400">
    <ele>151.6</ele>
    <time>2020-10-28T22:54:12Z</time>
   </trkpt>
   <trkpt lat="47.5362660" lon="-121.9724590">
    <ele>151.6</ele>
    <time>2020-10-28T22:54:13Z</time>
   </trkpt>
   <trkpt lat="47.5362510" lon="-121.9725050">
    <ele>151.7</ele>
    <time>2020-10-28T22:54:14Z</time>
   </trkpt>
   <trkpt lat="47.5362390" lon="-121.9725420">
    <ele>151.7</ele>
    <time>2020-10-28T22:54:15Z</time>
   </trkpt>
   <trkpt lat="47.5362160" lon="-121.9725830">
    <ele>151.7</ele>
    <time>2020-10-28T22:54:16Z</time>
   </trkpt>
   <trkpt lat="47.5361970" lon="-121.9726310">
    <ele>151.8</ele>
    <time>2020-10-28T22:54:17Z</time>
   </trkpt>
   <trkpt lat="47.5361830" lon="-121.9726940">
    <ele>151.8</ele>
    <time>2020-10-28T22:54:18Z</time>
   </trkpt>
   <trkpt lat="47.5361780" lon="-121.9727210">
    <ele>151.8</ele>
    <time>2020-10-28T22:54:19Z</time>
   </trkpt>
   <trkpt lat="47.5361750" lon="-121.9727810">
    <ele>151.8</ele>
    <time>2020-10-28T22:54:20Z</time>
   </trkpt>
   <trkpt lat="47.5361700" lon="-121.9728020">
    <ele>151.8</ele>
    <time>2020-10-28T22:54:21Z</time>
   </trkpt>
   <trkpt lat="47.5361540" lon="-121.9728630">
    <ele>151.8</ele>
    <time>2020-10-28T22:54:22Z</time>
   </trkpt>
   <trkpt lat="47.5361370" lon="-121.9729110">
    <ele>151.8</ele>
    <time>2020-10-28T22:54:23Z</time>
   </trkpt>
   <trkpt lat="47.5361320" lon="-121.9729300">
    <ele>151.8</ele>
    <time>2020-10-28T22:54:24Z</time>
   </trkpt>
   <trkpt lat="47.5361090" lon="-121.9729720">
    <ele>151.8</ele>
    <time>2020-10-28T22:54:25Z</time>
   </trkpt>
   <trkpt lat="47.5361100" lon="-121.9730140">
    <ele>151.8</ele>
    <time>2020-10-28T22:54:26Z</time>
   </trkpt>
   <trkpt lat="47.5360970" lon="-121.9730620">
    <ele>151.8</ele>
    <time>2020-10-28T22:54:27Z</time>
   </trkpt>
   <trkpt lat="47.5360750" lon="-121.9731170">
    <ele>151.8</ele>
    <time>2020-10-28T22:54:28Z</time>
   </trkpt>
   <trkpt lat="47.5360600" lon="-121.9731560">
    <ele>151.8</ele>
    <time>2020-10-28T22:54:29Z</time>
   </trkpt>
   <trkpt lat="47.5360420" lon="-121.9732160">
    <ele>151.8</ele>
    <time>2020-10-28T22:54:30Z</time>
   </trkpt>
   <trkpt lat="47.5360340" lon="-121.9732390">
    <ele>151.8</ele>
    <time>2020-10-28T22:54:31Z</time>
   </trkpt>
   <trkpt lat="47.5360190" lon="-121.9732890">
    <ele>151.8</ele>
    <time>2020-10-28T22:54:32Z</time>
   </trkpt>
   <trkpt lat="47.5360030" lon="-121.9733500">
    <ele>151.8</ele>
    <time>2020-10-28T22:54:33Z</time>
   </trkpt>
   <trkpt lat="47.5359940" lon="-121.9733740">
    <ele>151.7</ele>
    <time>2020-10-28T22:54:34Z</time>
   </trkpt>
   <trkpt lat="47.5359810" lon="-121.9734130">
    <ele>151.7</ele>
    <time>2020-10-28T22:54:35Z</time>
   </trkpt>
   <trkpt lat="47.5359600" lon="-121.9734570">
    <ele>151.7</ele>
    <time>2020-10-28T22:54:36Z</time>
   </trkpt>
   <trkpt lat="47.5359440" lon="-121.9734940">
    <ele>151.7</ele>
    <time>2020-10-28T22:54:37Z</time>
   </trkpt>
   <trkpt lat="47.5359330" lon="-121.9735380">
    <ele>151.6</ele>
    <time>2020-10-28T22:54:38Z</time>
   </trkpt>
   <trkpt lat="47.5359180" lon="-121.9735860">
    <ele>151.6</ele>
    <time>2020-10-28T22:54:39Z</time>
   </trkpt>
   <trkpt lat="47.5359000" lon="-121.9736310">
    <ele>151.6</ele>
    <time>2020-10-28T22:54:40Z</time>
   </trkpt>
   <trkpt lat="47.5358820" lon="-121.9736640">
    <ele>151.5</ele>
    <time>2020-10-28T22:54:41Z</time>
   </trkpt>
   <trkpt lat="47.5358720" lon="-121.9737110">
    <ele>151.5</ele>
    <time>2020-10-28T22:54:42Z</time>
   </trkpt>
   <trkpt lat="47.5358520" lon="-121.9737540">
    <ele>151.4</ele>
    <time>2020-10-28T22:54:43Z</time>
   </trkpt>
   <trkpt lat="47.5358420" lon="-121.9737990">
    <ele>151.4</ele>
    <time>2020-10-28T22:54:44Z</time>
   </trkpt>
   <trkpt lat="47.5358200" lon="-121.9738580">
    <ele>151.3</ele>
    <time>2020-10-28T22:54:45Z</time>
   </trkpt>
   <trkpt lat="47.5358080" lon="-121.9739180">
    <ele>151.3</ele>
    <time>2020-10-28T22:54:46Z</time>
   </trkpt>
   <trkpt lat="47.5357880" lon="-121.9739640">
    <ele>151.2</ele>
    <time>2020-10-28T22:54:47Z</time>
   </trkpt>
   <trkpt lat="47.5357570" lon="-121.9740260">
    <ele>151.1</ele>
    <time>2020-10-28T22:54:48Z</time>
   </trkpt>
   <trkpt lat="47.5357380" lon="-121.9740760">
    <ele>151.1</ele>
    <time>2020-10-28T22:54:49Z</time>
   </trkpt>
   <trkpt lat="47.5357270" lon="-121.9741160">
    <ele>151.1</ele>
    <time>2020-10-28T22:54:50Z</time>
   </trkpt>
   <trkpt lat="47.5357080" lon="-121.9741560">
    <ele>151.1</ele>
    <time>2020-10-28T22:54:51Z</time>
   </trkpt>
   <trkpt lat="47.5356880" lon="-121.9742000">
    <ele>151.0</ele>
    <time>2020-10-28T22:54:52Z</time>
   </trkpt>
   <trkpt lat="47.5356700" lon="-121.9742320">
    <ele>151.0</ele>
    <time>2020-10-28T22:54:53Z</time>
   </trkpt>
   <trkpt lat="47.5356510" lon="-121.9742820">
    <ele>151.0</ele>
    <time>2020-10-28T22:54:54Z</time>
   </trkpt>
   <trkpt lat="47.5356110" lon="-121.9743230">
    <ele>150.9</ele>
    <time>2020-10-28T22:54:55Z</time>
   </trkpt>
   <trkpt lat="47.5355890" lon="-121.9743640">
    <ele>150.9</ele>
    <time>2020-10-28T22:54:56Z</time>
   </trkpt>
   <trkpt lat="47.5355730" lon="-121.9744150">
    <ele>150.9</ele>
    <time>2020-10-28T22:54:57Z</time>
   </trkpt>
   <trkpt lat="47.5355400" lon="-121.9744360">
    <ele>150.8</ele>
    <time>2020-10-28T22:54:58Z</time>
   </trkpt>
   <trkpt lat="47.5355240" lon="-121.9744990">
    <ele>150.8</ele>
    <time>2020-10-28T22:54:59Z</time>
   </trkpt>
   <trkpt lat="47.5354990" lon="-121.9745410">
    <ele>150.7</ele>
    <time>2020-10-28T22:55:00Z</time>
   </trkpt>
   <trkpt lat="47.5354730" lon="-121.9745850">
    <ele>150.6</ele>
    <time>2020-10-28T22:55:01Z</time>
   </trkpt>
   <trkpt lat="47.5354400" lon="-121.9746180">
    <ele>150.5</ele>
    <time>2020-10-28T22:55:02Z</time>
   </trkpt>
   <trkpt lat="47.5354240" lon="-121.9746370">
    <ele>150.5</ele>
    <time>2020-10-28T22:55:03Z</time>
   </trkpt>
   <trkpt lat="47.5354060" lon="-121.9746700">
    <ele>150.4</ele>
    <time>2020-10-28T22:55:04Z</time>
   </trkpt>
   <trkpt lat="47.5353910" lon="-121.9747180">
    <ele>150.4</ele>
    <time>2020-10-28T22:55:05Z</time>
   </trkpt>
   <trkpt lat="47.5353670" lon="-121.9747610">
    <ele>150.3</ele>
    <time>2020-10-28T22:55:06Z</time>
   </trkpt>
   <trkpt lat="47.5353520" lon="-121.9748160">
    <ele>150.2</ele>
    <time>2020-10-28T22:55:07Z</time>
   </trkpt>
   <trkpt lat="47.5353290" lon="-121.9748600">
    <ele>150.1</ele>
    <time>2020-10-28T22:55:08Z</time>
   </trkpt>
   <trkpt lat="47.5353160" lon="-121.9748850">
    <ele>150.0</ele>
    <time>2020-10-28T22:55:09Z</time>
   </trkpt>
   <trkpt lat="47.5352920" lon="-121.9749180">
    <ele>150.0</ele>
    <time>2020-10-28T22:55:10Z</time>
   </trkpt>
   <trkpt lat="47.5352730" lon="-121.9749580">
    <ele>149.9</ele>
    <time>2020-10-28T22:55:11Z</time>
   </trkpt>
   <trkpt lat="47.5352630" lon="-121.9749980">
    <ele>149.8</ele>
    <time>2020-10-28T22:55:12Z</time>
   </trkpt>
   <trkpt lat="47.5352130" lon="-121.9750540">
    <ele>149.7</ele>
    <time>2020-10-28T22:55:13Z</time>
   </trkpt>
   <trkpt lat="47.5351850" lon="-121.9750920">
    <ele>149.6</ele>
    <time>2020-10-28T22:55:37Z</time>
   </trkpt>
   <trkpt lat="47.5351570" lon="-121.9751300">
    <ele>149.5</ele>
    <time>2020-10-28T22:55:38Z</time>
   </trkpt>
   <trkpt lat="47.5351290" lon="-121.9751680">
    <ele>149.4</ele>
    <time>2020-10-28T22:55:39Z</time>
   </trkpt>
   <trkpt lat="47.5350950" lon="-121.9751990">
    <ele>149.3</ele>
    <time>2020-10-28T22:55:40Z</time>
   </trkpt>
   <trkpt lat="47.5350680" lon="-121.9752510">
    <ele>149.2</ele>
    <time>2020-10-28T22:55:41Z</time>
   </trkpt>
   <trkpt lat="47.5350600" lon="-121.9752760">
    <ele>149.2</ele>
    <time>2020-10-28T22:55:42Z</time>
   </trkpt>
   <trkpt lat="47.5350290" lon="-121.9753250">
    <ele>149.1</ele>
    <time>2020-10-28T22:55:43Z</time>
   </trkpt>
   <trkpt lat="47.5350110" lon="-121.9753690">
    <ele>149.0</ele>
    <time>2020-10-28T22:55:44Z</time>
   </trkpt>
   <trkpt lat="47.5349580" lon="-121.9753980">
    <ele>148.9</ele>
    <time>2020-10-28T22:55:45Z</time>
   </trkpt>
   <trkpt lat="47.5349180" lon="-121.9754530">
    <ele>148.7</ele>
    <time>2020-10-28T22:55:46Z</time>
   </trkpt>
   <trkpt lat="47.5348850" lon="-121.9754880">
    <ele>148.6</ele>
    <time>2020-10-28T22:55:47Z</time>
   </trkpt>
   <trkpt lat="47.5348540" lon="-121.9755220">
    <ele>148.5</ele>
    <time>2020-10-28T22:55:48Z</time>
   </trkpt>
   <trkpt lat="47.5348220" lon="-121.9755780">
    <ele>148.4</ele>
    <time>2020-10-28T22:55:49Z</time>
   </trkpt>
   <trkpt lat="47.5347900" lon="-121.9756050">
    <ele>148.4</ele>
    <time>2020-10-28T22:55:50Z</time>
   </trkpt>
   <trkpt lat="47.5347550" lon="-121.9756360">
    <ele>148.3</ele>
    <time>2020-10-28T22:55:51Z</time>
   </trkpt>
   <trkpt lat="47.5347430" lon="-121.9756800">
    <ele>148.2</ele>
    <time>2020-10-28T22:55:52Z</time>
   </trkpt>
   <trkpt lat="47.5347220" lon="-121.9757120">
    <ele>148.1</ele>
    <time>2020-10-28T22:55:53Z</time>
   </trkpt>
   <trkpt lat="47.5346890" lon="-121.9757470">
    <ele>148.1</ele>
    <time>2020-10-28T22:55:54Z</time>
   </trkpt>
   <trkpt lat="47.5346470" lon="-121.9757910">
    <ele>148.0</ele>
    <time>2020-10-28T22:55:55Z</time>
   </trkpt>
   <trkpt lat="47.5346290" lon="-121.9758190">
    <ele>148.0</ele>
    <time>2020-10-28T22:55:56Z</time>
   </trkpt>
   <trkpt lat="47.5345940" lon="-121.9758480">
    <ele>147.9</ele>
    <time>2020-10-28T22:55:57Z</time>
   </trkpt>
   <trkpt lat="47.5345610" lon="-121.9758730">
    <ele>147.9</ele>
    <time>2020-10-28T22:55:58Z</time>
   </trkpt>
   <trkpt lat="47.5345230" lon="-121.9758960">
    <ele>147.8</ele>
    <time>2020-10-28T22:55:59Z</time>
   </trkpt>
   <trkpt lat="47.5345020" lon="-121.9759390">
    <ele>147.8</ele>
    <time>2020-10-28T22:56:00Z</time>
   </trkpt>
   <trkpt lat="47.5344610" lon="-121.9759730">
    <ele>147.8</ele>
    <time>2020-10-28T22:56:01Z</time>
   </trkpt>
   <trkpt lat="47.5344370" lon="-121.9759980">
    <ele>147.8</ele>
    <time>2020-10-28T22:56:02Z</time>
   </trkpt>
   <trkpt lat="47.5344140" lon="-121.9760370">
    <ele>147.8</ele>
    <time>2020-10-28T22:56:03Z</time>
   </trkpt>
   <trkpt lat="47.5344000" lon="-121.9760600">
    <ele>147.8</ele>
    <time>2020-10-28T22:56:04Z</time>
   </trkpt>
   <trkpt lat="47.5343690" lon="-121.9760870">
    <ele>147.8</ele>
    <time>2020-10-28T22:56:05Z</time>
   </trkpt>
   <trkpt lat="47.5343290" lon="-121.9761130">
    <ele>147.8</ele>
    <time>2020-10-28T22:56:06Z</time>
   </trkpt>
   <trkpt lat="47.5343080" lon="-121.9761590">
    <ele>147.9</ele>
    <time>2020-10-28T22:56:07Z</time>
   </trkpt>
   <trkpt lat="47.5342800" lon="-121.9762040">
    <ele>147.9</ele>
    <time>2020-10-28T22:56:08Z</time>
   </trkpt>
   <trkpt lat="47.5342570" lon="-121.9762490">
    <ele>148.0</ele>
    <time>2020-10-28T22:56:09Z</time>
   </trkpt>
   <trkpt lat="47.5342170" lon="-121.9762800">
    <ele>148.1</ele>
    <time>2020-10-28T22:56:10Z</time>
   </trkpt>
   <trkpt lat="47.5341840" lon="-121.9763010">
    <ele>148.2</ele>
    <time>2020-10-28T22:56:11Z</time>
   </trkpt>
   <trkpt lat="47.5341520" lon="-121.9763510">
    <ele>148.3</ele>
    <time>2020-10-28T22:56:12Z</time>
   </trkpt>
   <trkpt lat="47.5341370" lon="-121.9763810">
    <ele>148.3</ele>
    <time>2020-10-28T22:56:13Z</time>
   </trkpt>
   <trkpt lat="47.5341020" lon="-121.9763910">
    <ele>148.4</ele>
    <time>2020-10-28T22:56:14Z</time>
   </trkpt>
   <trkpt lat="47.5340600" lon="-121.9764130">
    <ele>148.5</ele>
    <time>2020-10-28T22:56:15Z</time>
   </trkpt>
   <trkpt lat="47.5340400" lon="-121.9764130">
    <ele>148.6</ele>
    <time>2020-10-28T22:56:16Z</time>
   </trkpt>
   <trkpt lat="47.5339880" lon="-121.9764380">
    <ele>148.7</ele>
    <time>2020-10-28T22:56:17Z</time>
   </trkpt>
   <trkpt lat="47.5339830" lon="-121.9765030">
    <ele>148.7</ele>
    <time>2020-10-28T22:56:18Z</time>
   </trkpt>
   <trkpt lat="47.5339690" lon="-121.9765490">
    <ele>148.8</ele>
    <time>2020-10-28T22:56:19Z</time>
   </trkpt>
   <trkpt lat="47.5339330" lon="-121.9766040">
    <ele>148.8</ele>
    <time>2020-10-28T22:56:20Z</time>
   </trkpt>
   <trkpt lat="47.5339030" lon="-121.9766210">
    <ele>148.8</ele>
    <time>2020-10-28T22:56:21Z</time>
   </trkpt>
   <trkpt lat="47.5338920" lon="-121.9766720">
    <ele>148.8</ele>
    <time>2020-10-28T22:56:22Z</time>
   </trkpt>
   <trkpt lat="47.5338620" lon="-121.9767150">
    <ele>148.9</ele>
    <time>2020-10-28T22:56:23Z</time>
   </trkpt>
   <trkpt lat="47.5338200" lon="-121.9767180">
    <ele>148.9</ele>
    <time>2020-10-28T22:56:24Z</time>
   </trkpt>
   <trkpt lat="47.5337840" lon="-121.9767590">
    <ele>148.9</ele>
    <time>2020-10-28T22:56:25Z</time>
   </trkpt>
   <trkpt lat="47.5337620" lon="-121.9767930">
    <ele>148.9</ele>
    <time>2020-10-28T22:56:26Z</time>
   </trkpt>
   <trkpt lat="47.5337400" lon="-121.9768220">
    <ele>148.9</ele>
    <time>2020-10-28T22:56:27Z</time>
   </trkpt>
   <trkpt lat="47.5337120" lon="-121.9768610">
    <ele>148.8</ele>
    <time>2020-10-28T22:56:28Z</time>
   </trkpt>
   <trkpt lat="47.5336870" lon="-121.9768760">
    <ele>148.8</ele>
    <time>2020-10-28T22:56:29Z</time>
   </trkpt>
   <trkpt lat="47.5336490" lon="-121.9769120">
    <ele>148.8</ele>
    <time>2020-10-28T22:56:30Z</time>
   </trkpt>
   <trkpt lat="47.5336170" lon="-121.9769460">
    <ele>148.8</ele>
    <time>2020-10-28T22:56:31Z</time>
   </trkpt>
   <trkpt lat="47.5335910" lon="-121.9769640">
    <ele>148.7</ele>
    <time>2020-10-28T22:56:32Z</time>
   </trkpt>
   <trkpt lat="47.5335590" lon="-121.9770160">
    <ele>148.7</ele>
    <time>2020-10-28T22:56:33Z</time>
   </trkpt>
   <trkpt lat="47.5335350" lon="-121.9770430">
    <ele>148.6</ele>
    <time>2020-10-28T22:56:34Z</time>
   </trkpt>
   <trkpt lat="47.5335090" lon="-121.9770830">
    <ele>148.6</ele>
    <time>2020-10-28T22:56:35Z</time>
   </trkpt>
   <trkpt lat="47.5334830" lon="-121.9771230">
    <ele>148.5</ele>
    <time>2020-10-28T22:56:36Z</time>
   </trkpt>
   <trkpt lat="47.5334500" lon="-121.9771680">
    <ele>148.4</ele>
    <time>2020-10-28T22:56:37Z</time>
   </trkpt>
   <trkpt lat="47.5334340" lon="-121.9771840">
    <ele>148.4</ele>
    <time>2020-10-28T22:56:38Z</time>
   </trkpt>
   <trkpt lat="47.5334080" lon="-121.9772150">
    <ele>148.4</ele>
    <time>2020-10-28T22:56:39Z</time>
   </trkpt>
   <trkpt lat="47.5333780" lon="-121.9772440">
    <ele>148.3</ele>
    <time>2020-10-28T22:56:40Z</time>
   </trkpt>
   <trkpt lat="47.5333430" lon="-121.9772830">
    <ele>148.2</ele>
    <time>2020-10-28T22:56:41Z</time>
   </trkpt>
   <trkpt lat="47.5333140" lon="-121.9773260">
    <ele>148.2</ele>
    <time>2020-10-28T22:56:42Z</time>
   </trkpt>
   <trkpt lat="47.5332940" lon="-121.9773570">
    <ele>148.1</ele>
    <time>2020-10-28T22:56:43Z</time>
   </trkpt>
   <trkpt lat="47.5332670" lon="-121.9773700">
    <ele>148.1</ele>
    <time>2020-10-28T22:56:44Z</time>
   </trkpt>
   <trkpt lat="47.5332380" lon="-121.9774160">
    <ele>148.1</ele>
    <time>2020-10-28T22:56:45Z</time>
   </trkpt>
   <trkpt lat="47.5332270" lon="-121.9774500">
    <ele>148.1</ele>
    <time>2020-10-28T22:56:46Z</time>
   </trkpt>
   <trkpt lat="47.5332060" lon="-121.9774790">
    <ele>148.1</ele>
    <time>2020-10-28T22:56:47Z</time>
   </trkpt>
   <trkpt lat="47.5331760" lon="-121.9775260">
    <ele>148.1</ele>
    <time>2020-10-28T22:56:48Z</time>
   </trkpt>
   <trkpt lat="47.5331440" lon="-121.9775520">
    <ele>148.1</ele>
    <time>2020-10-28T22:56:49Z</time>
   </trkpt>
   <trkpt lat="47.5331220" lon="-121.9775780">
    <ele>148.1</ele>
    <time>2020-10-28T22:56:50Z</time>
   </trkpt>
   <trkpt lat="47.5330960" lon="-121.9776260">
    <ele>148.2</ele>
    <time>2020-10-28T22:56:51Z</time>
   </trkpt>
   <trkpt lat="47.5330620" lon="-121.9776770">
    <ele>148.2</ele>
    <time>2020-10-28T22:56:52Z</time>
   </trkpt>
   <trkpt lat="47.5330470" lon="-121.9776990">
    <ele>148.3</ele>
    <time>2020-10-28T22:56:53Z</time>
   </trkpt>
   <trkpt lat="47.5330420" lon="-121.9777450">
    <ele>148.3</ele>
    <time>2020-10-28T22:56:54Z</time>
   </trkpt>
   <trkpt lat="47.5329900" lon="-121.9777840">
    <ele>148.4</ele>
    <time>2020-10-28T22:56:55Z</time>
   </trkpt>
   <trkpt lat="47.5329660" lon="-121.9778150">
    <ele>148.5</ele>
    <time>2020-10-28T22:56:56Z</time>
   </trkpt>
   <trkpt lat="47.5329260" lon="-121.9778590">
    <ele>148.6</ele>
    <time>2020-10-28T22:56:57Z</time>
   </trkpt>
   <trkpt lat="47.5329120" lon="-121.9779040">
    <ele>148.6</ele>
    <time>2020-10-28T22:56:58Z</time>
   </trkpt>
   <trkpt lat="47.5328820" lon="-121.9779430">
    <ele>148.7</ele>
    <time>2020-10-28T22:56:59Z</time>
   </trkpt>
   <trkpt lat="47.5328510" lon="-121.9779850">
    <ele>148.7</ele>
    <time>2020-10-28T22:57:00Z</time>
   </trkpt>
   <trkpt lat="47.5328280" lon="-121.9780080">
    <ele>148.7</ele>
    <time>2020-10-28T22:57:01Z</time>
   </trkpt>
   <trkpt lat="47.5328040" lon="-121.9780360">
    <ele>148.7</ele>
    <time>2020-10-28T22:57:02Z</time>
   </trkpt>
   <trkpt lat="47.5327800" lon="-121.9780930">
    <ele>148.6</ele>
    <time>2020-10-28T22:57:03Z</time>
   </trkpt>
   <trkpt lat="47.5327660" lon="-121.9781360">
    <ele>148.6</ele>
    <time>2020-10-28T22:57:04Z</time>
   </trkpt>
   <trkpt lat="47.5327420" lon="-121.9781770">
    <ele>148.5</ele>
    <time>2020-10-28T22:57:05Z</time>
   </trkpt>
   <trkpt lat="47.5327300" lon="-121.9782200">
    <ele>148.4</ele>
    <time>2020-10-28T22:57:06Z</time>
   </trkpt>
   <trkpt lat="47.5327050" lon="-121.9782500">
    <ele>148.4</ele>
    <time>2020-10-28T22:57:07Z</time>
   </trkpt>
   <trkpt lat="47.5326880" lon="-121.9783020">
    <ele>148.2</ele>
    <time>2020-10-28T22:57:08Z</time>
   </trkpt>
   <trkpt lat="47.5326790" lon="-121.9783500">
    <ele>148.1</ele>
    <time>2020-10-28T22:57:09Z</time>
   </trkpt>
   <trkpt lat="47.5326750" lon="-121.9783740">
    <ele>148.1</ele>
    <time>2020-10-28T22:57:10Z</time>
   </trkpt>
   <trkpt lat="47.5326690" lon="-121.9784470">
    <ele>147.9</ele>
    <time>2020-10-28T22:57:11Z</time>
   </trkpt>
   <trkpt lat="47.5326670" lon="-121.9784930">
    <ele>147.8</ele>
    <time>2020-10-28T22:57:12Z</time>
   </trkpt>
   <trkpt lat="47.5326610" lon="-121.9785400">
    <ele>147.7</ele>
    <time>2020-10-28T22:57:13Z</time>
   </trkpt>
   <trkpt lat="47.5326590" lon="-121.9785790">
    <ele>147.7</ele>
    <time>2020-10-28T22:57:14Z</time>
   </trkpt>
   <trkpt lat="47.5326470" lon="-121.9786260">
    <ele>147.6</ele>
    <time>2020-10-28T22:57:15Z</time>
   </trkpt>
   <trkpt lat="47.5326440" lon="-121.9786450">
    <ele>147.5</ele>
    <time>2020-10-28T22:57:16Z</time>
   </trkpt>
   <trkpt lat="47.5326250" lon="-121.9786900">
    <ele>147.5</ele>
    <time>2020-10-28T22:57:17Z</time>
   </trkpt>
   <trkpt lat="47.5326150" lon="-121.9787300">
    <ele>147.4</ele>
    <time>2020-10-28T22:57:18Z</time>
   </trkpt>
   <trkpt lat="47.5326040" lon="-121.9787710">
    <ele>147.3</ele>
    <time>2020-10-28T22:57:19Z</time>
   </trkpt>
   <trkpt lat="47.5325800" lon="-121.9788200">
    <ele>147.3</ele>
    <time>2020-10-28T22:57:20Z</time>
   </trkpt>
   <trkpt lat="47.5325750" lon="-121.9788710">
    <ele>147.2</ele>
    <time>2020-10-28T22:57:21Z</time>
   </trkpt>
   <trkpt lat="47.5325710" lon="-121.9788850">
    <ele>147.2</ele>
    <time>2020-10-28T22:57:22Z</time>
   </trkpt>
   <trkpt lat="47.5325400" lon="-121.9789270">
    <ele>147.2</ele>
    <time>2020-10-28T22:57:23Z</time>
   </trkpt>
   <trkpt lat="47.5325280" lon="-121.9789630">
    <ele>147.1</ele>
    <time>2020-10-28T22:57:24Z</time>
   </trkpt>
   <trkpt lat="47.5325020" lon="-121.9790250">
    <ele>147.1</ele>
    <time>2020-10-28T22:57:25Z</time>
   </trkpt>
   <trkpt lat="47.5324850" lon="-121.9790530">
    <ele>147.1</ele>
    <time>2020-10-28T22:57:26Z</time>
   </trkpt>
   <trkpt lat="47.5324660" lon="-121.9791070">
    <ele>147.1</ele>
    <time>2020-10-28T22:57:27Z</time>
   </trkpt>
   <trkpt lat="47.5324620" lon="-121.9791300">
    <ele>147.1</ele>
    <time>2020-10-28T22:57:28Z</time>
   </trkpt>
   <trkpt lat="47.5324500" lon="-121.9791820">
    <ele>147.1</ele>
    <time>2020-10-28T22:57:29Z</time>
   </trkpt>
   <trkpt lat="47.5324350" lon="-121.9792380">
    <ele>147.1</ele>
    <time>2020-10-28T22:57:30Z</time>
   </trkpt>
   <trkpt lat="47.5324230" lon="-121.9792890">
    <ele>147.0</ele>
    <time>2020-10-28T22:57:31Z</time>
   </trkpt>
   <trkpt lat="47.5323870" lon="-121.9793280">
    <ele>147.0</ele>
    <time>2020-10-28T22:57:32Z</time>
   </trkpt>
   <trkpt lat="47.5323670" lon="-121.9793830">
    <ele>146.9</ele>
    <time>2020-10-28T22:57:33Z</time>
   </trkpt>
   <trkpt lat="47.5323550" lon="-121.9794220">
    <ele>146.8</ele>
    <time>2020-10-28T22:57:34Z</time>
   </trkpt>
   <trkpt lat="47.5323360" lon="-121.9794810">
    <ele>146.7</ele>
    <time>2020-10-28T22:57:35Z</time>
   </trkpt>
   <trkpt lat="47.5323250" lon="-121.9795070">
    <ele>146.7</ele>
    <time>2020-10-28T22:57:36Z</time>
   </trkpt>
   <trkpt lat="47.5323130" lon="-121.9795450">
    <ele>146.6</ele>
    <time>2020-10-28T22:57:37Z</time>
   </trkpt>
   <trkpt lat="47.5322990" lon="-121.9795890">
    <ele>146.5</ele>
    <time>2020-10-28T22:57:38Z</time>
   </trkpt>
   <trkpt lat="47.5322910" lon="-121.9796440">
    <ele>146.4</ele>
    <time>2020-10-28T22:57:39Z</time>
   </trkpt>
   <trkpt lat="47.5322830" lon="-121.9797090">
    <ele>146.2</ele>
    <time>2020-10-28T22:57:40Z</time>
   </trkpt>
   <trkpt lat="47.5322760" lon="-121.9797370">
    <ele>146.2</ele>
    <time>2020-10-28T22:57:41Z</time>
   </trkpt>
   <trkpt lat="47.5322750" lon="-121.9797830">
    <ele>146.1</ele>
    <time>2020-10-28T22:57:42Z</time>
   </trkpt>
   <trkpt lat="47.5322590" lon="-121.9798250">
    <ele>146.0</ele>
    <time>2020-10-28T22:57:43Z</time>
   </trkpt>
   <trkpt lat="47.5322630" lon="-121.9798670">
    <ele>145.9</ele>
    <time>2020-10-28T22:57:44Z</time>
   </trkpt>
   <trkpt lat="47.5322470" lon="-121.9799050">
    <ele>145.8</ele>
    <time>2020-10-28T22:57:45Z</time>
   </trkpt>
   <trkpt lat="47.5322360" lon="-121.9799540">
    <ele>145.7</ele>
    <time>2020-10-28T22:57:46Z</time>
   </trkpt>
   <trkpt lat="47.5322310" lon="-121.9800080">
    <ele>145.6</ele>
    <time>2020-10-28T22:57:47Z</time>
   </trkpt>
   <trkpt lat="47.5322150" lon="-121.9800680">
    <ele>145.5</ele>
    <time>2020-10-28T22:57:48Z</time>
   </trkpt>
   <trkpt lat="47.5322030" lon="-121.9801140">
    <ele>145.5</ele>
    <time>2020-10-28T22:57:49Z</time>
   </trkpt>
   <trkpt lat="47.5321930" lon="-121.9801640">
    <ele>145.4</ele>
    <time>2020-10-28T22:57:50Z</time>
   </trkpt>
   <trkpt lat="47.5321780" lon="-121.9802340">
    <ele>145.3</ele>
    <time>2020-10-28T22:57:51Z</time>
   </trkpt>
   <trkpt lat="47.5321620" lon="-121.9802980">
    <ele>145.2</ele>
    <time>2020-10-28T22:57:52Z</time>
   </trkpt>
   <trkpt lat="47.5321520" lon="-121.9803260">
    <ele>145.2</ele>
    <time>2020-10-28T22:57:53Z</time>
   </trkpt>
   <trkpt lat="47.5321420" lon="-121.9803630">
    <ele>145.1</ele>
    <time>2020-10-28T22:57:54Z</time>
   </trkpt>
   <trkpt lat="47.5321260" lon="-121.9803990">
    <ele>145.1</ele>
    <time>2020-10-28T22:57:55Z</time>
   </trkpt>
   <trkpt lat="47.5321130" lon="-121.9804490">
    <ele>145.0</ele>
    <time>2020-10-28T22:57:56Z</time>
   </trkpt>
   <trkpt lat="47.5321000" lon="-121.9805010">
    <ele>144.9</ele>
    <time>2020-10-28T22:57:57Z</time>
   </trkpt>
   <trkpt lat="47.5320820" lon="-121.9805370">
    <ele>144.9</ele>
    <time>2020-10-28T22:57:58Z</time>
   </trkpt>
   <trkpt lat="47.5320860" lon="-121.9805910">
    <ele>144.8</ele>
    <time>2020-10-28T22:57:59Z</time>
   </trkpt>
   <trkpt lat="47.5320710" lon="-121.9806430">
    <ele>144.7</ele>
    <time>2020-10-28T22:58:00Z</time>
   </trkpt>
   <trkpt lat="47.5320710" lon="-121.9806630">
    <ele>144.7</ele>
    <time>2020-10-28T22:58:01Z</time>
   </trkpt>
   <trkpt lat="47.5320520" lon="-121.9807270">
    <ele>144.7</ele>
    <time>2020-10-28T22:58:02Z</time>
   </trkpt>
   <trkpt lat="47.5320450" lon="-121.9807740">
    <ele>144.7</ele>
    <time>2020-10-28T22:58:03Z</time>
   </trkpt>
   <trkpt lat="47.5320210" lon="-121.9808130">
    <ele>144.6</ele>
    <time>2020-10-28T22:58:04Z</time>
   </trkpt>
   <trkpt lat="47.5320000" lon="-121.9808450">
    <ele>144.6</ele>
    <time>2020-10-28T22:58:05Z</time>
   </trkpt>
   <trkpt lat="47.5319990" lon="-121.9808990">
    <ele>144.5</ele>
    <time>2020-10-28T22:58:06Z</time>
   </trkpt>
   <trkpt lat="47.5320020" lon="-121.9809190">
    <ele>144.5</ele>
    <time>2020-10-28T22:58:07Z</time>
   </trkpt>
   <trkpt lat="47.5319940" lon="-121.9809680">
    <ele>144.4</ele>
    <time>2020-10-28T22:58:08Z</time>
   </trkpt>
   <trkpt lat="47.5319820" lon="-121.9810270">
    <ele>144.3</ele>
    <time>2020-10-28T22:58:09Z</time>
   </trkpt>
   <trkpt lat="47.5319750" lon="-121.9810800">
    <ele>144.2</ele>
    <time>2020-10-28T22:58:10Z</time>
   </trkpt>
   <trkpt lat="47.5319570" lon="-121.9811280">
    <ele>144.0</ele>
    <time>2020-10-28T22:58:11Z</time>
   </trkpt>
   <trkpt lat="47.5319620" lon="-121.9811690">
    <ele>143.9</ele>
    <time>2020-10-28T22:58:12Z</time>
   </trkpt>
   <trkpt lat="47.5319570" lon="-121.9812290">
    <ele>143.8</ele>
    <time>2020-10-28T22:58:13Z</time>
   </trkpt>
   <trkpt lat="47.5319400" lon="-121.9812800">
    <ele>143.7</ele>
    <time>2020-10-28T22:58:14Z</time>
   </trkpt>
   <trkpt lat="47.5319400" lon="-121.9813330">
    <ele>143.5</ele>
    <time>2020-10-28T22:58:15Z</time>
   </trkpt>
   <trkpt lat="47.5319380" lon="-121.9813800">
    <ele>143.4</ele>
    <time>2020-10-28T22:58:16Z</time>
   </trkpt>
   <trkpt lat="47.5319260" lon="-121.9814260">
    <ele>143.3</ele>
    <time>2020-10-28T22:58:17Z</time>
   </trkpt>
   <trkpt lat="47.5319200" lon="-121.9814940">
    <ele>143.2</ele>
    <time>2020-10-28T22:58:18Z</time>
   </trkpt>
   <trkpt lat="47.5319010" lon="-121.9815570">
    <ele>143.0</ele>
    <time>2020-10-28T22:58:19Z</time>
   </trkpt>
   <trkpt lat="47.5318720" lon="-121.9816120">
    <ele>142.8</ele>
    <time>2020-10-28T22:58:20Z</time>
   </trkpt>
   <trkpt lat="47.5318870" lon="-121.9816770">
    <ele>142.7</ele>
    <time>2020-10-28T22:58:21Z</time>
   </trkpt>
   <trkpt lat="47.5318990" lon="-121.9817250">
    <ele>142.6</ele>
    <time>2020-10-28T22:58:22Z</time>
   </trkpt>
   <trkpt lat="47.5319060" lon="-121.9817750">
    <ele>142.5</ele>
    <time>2020-10-28T22:58:23Z</time>
   </trkpt>
   <trkpt lat="47.5319040" lon="-121.9818200">
    <ele>142.4</ele>
    <time>2020-10-28T22:58:24Z</time>
   </trkpt>
   <trkpt lat="47.5319000" lon="-121.9818910">
    <ele>142.3</ele>
    <time>2020-10-28T22:58:25Z</time>
   </trkpt>
   <trkpt lat="47.5319020" lon="-121.9819520">
    <ele>142.1</ele>
    <time>2020-10-28T22:58:26Z</time>
   </trkpt>
   <trkpt lat="47.5319050" lon="-121.9820240">
    <ele>142.0</ele>
    <time>2020-10-28T22:58:27Z</time>
   </trkpt>
   <trkpt lat="47.5319030" lon="-121.9820950">
    <ele>141.9</ele>
    <time>2020-10-28T22:58:28Z</time>
   </trkpt>
   <trkpt lat="47.5319040" lon="-121.9821420">
    <ele>141.8</ele>
    <time>2020-10-28T22:58:29Z</time>
   </trkpt>
   <trkpt lat="47.5319000" lon="-121.9821980">
    <ele>141.7</ele>
    <time>2020-10-28T22:58:30Z</time>
   </trkpt>
   <trkpt lat="47.5319060" lon="-121.9822660">
    <ele>141.5</ele>
    <time>2020-10-28T22:58:31Z</time>
   </trkpt>
   <trkpt lat="47.5318960" lon="-121.9823380">
    <ele>141.4</ele>
    <time>2020-10-28T22:58:32Z</time>
   </trkpt>
   <trkpt lat="47.5319050" lon="-121.9824160">
    <ele>141.3</ele>
    <time>2020-10-28T22:58:33Z</time>
   </trkpt>
   <trkpt lat="47.5319160" lon="-121.9824890">
    <ele>141.1</ele>
    <time>2020-10-28T22:58:34Z</time>
   </trkpt>
   <trkpt lat="47.5319170" lon="-121.9825270">
    <ele>141.1</ele>
    <time>2020-10-28T22:58:35Z</time>
   </trkpt>
   <trkpt lat="47.5319180" lon="-121.9825690">
    <ele>141.0</ele>
    <time>2020-10-28T22:58:36Z</time>
   </trkpt>
   <trkpt lat="47.5319110" lon="-121.9826400">
    <ele>140.9</ele>
    <time>2020-10-28T22:58:37Z</time>
   </trkpt>
   <trkpt lat="47.5319040" lon="-121.9827140">
    <ele>140.8</ele>
    <time>2020-10-28T22:58:38Z</time>
   </trkpt>
   <trkpt lat="47.5319000" lon="-121.9827780">
    <ele>140.7</ele>
    <time>2020-10-28T22:58:39Z</time>
   </trkpt>
   <trkpt lat="47.5319000" lon="-121.9828380">
    <ele>140.6</ele>
    <time>2020-10-28T22:58:40Z</time>
   </trkpt>
   <trkpt lat="47.5319000" lon="-121.9829060">
    <ele>140.5</ele>
    <time>2020-10-28T22:58:41Z</time>
   </trkpt>
   <trkpt lat="47.5319170" lon="-121.9829650">
    <ele>140.4</ele>
    <time>2020-10-28T22:58:42Z</time>
   </trkpt>
   <trkpt lat="47.5319230" lon="-121.9830100">
    <ele>140.3</ele>
    <time>2020-10-28T22:58:43Z</time>
   </trkpt>
   <trkpt lat="47.5319350" lon="-121.9830780">
    <ele>140.2</ele>
    <time>2020-10-28T22:58:44Z</time>
   </trkpt>
   <trkpt lat="47.5319230" lon="-121.9831230">
    <ele>140.2</ele>
    <time>2020-10-28T22:58:45Z</time>
   </trkpt>
   <trkpt lat="47.5319450" lon="-121.9831790">
    <ele>140.1</ele>
    <time>2020-10-28T22:58:46Z</time>
   </trkpt>
   <trkpt lat="47.5319700" lon="-121.9832600">
    <ele>140.0</ele>
    <time>2020-10-28T22:58:47Z</time>
   </trkpt>
   <trkpt lat="47.5319820" lon="-121.9833220">
    <ele>139.9</ele>
    <time>2020-10-28T22:58:48Z</time>
   </trkpt>
   <trkpt lat="47.5319990" lon="-121.9833840">
    <ele>139.8</ele>
    <time>2020-10-28T22:58:49Z</time>
   </trkpt>
   <trkpt lat="47.5319980" lon="-121.9834450">
    <ele>139.7</ele>
    <time>2020-10-28T22:58:50Z</time>
   </trkpt>
   <trkpt lat="47.5319890" lon="-121.9835230">
    <ele>139.6</ele>
    <time>2020-10-28T22:58:51Z</time>
   </trkpt>
   <trkpt lat="47.5319880" lon="-121.9836010">
    <ele>139.5</ele>
    <time>2020-10-28T22:58:52Z</time>
   </trkpt>
   <trkpt lat="47.5319840" lon="-121.9836530">
    <ele>139.5</ele>
    <time>2020-10-28T22:58:53Z</time>
   </trkpt>
   <trkpt lat="47.5319820" lon="-121.9837060">
    <ele>139.4</ele>
    <time>2020-10-28T22:58:54Z</time>
   </trkpt>
   <trkpt lat="47.5320010" lon="-121.9837660">
    <ele>139.3</ele>
    <time>2020-10-28T22:58:55Z</time>
   </trkpt>
   <trkpt lat="47.5319970" lon="-121.9838220">
    <ele>139.2</ele>
    <time>2020-10-28T22:58:56Z</time>
   </trkpt>
   <trkpt lat="47.5319970" lon="-121.9838860">
    <ele>139.1</ele>
    <time>2020-10-28T22:58:57Z</time>
   </trkpt>
   <trkpt lat="47.5320060" lon="-121.9839390">
    <ele>139.1</ele>
    <time>2020-10-28T22:58:58Z</time>
   </trkpt>
   <trkpt lat="47.5320050" lon="-121.9840000">
    <ele>139.0</ele>
    <time>2020-10-28T22:58:59Z</time>
   </trkpt>
   <trkpt lat="47.5320130" lon="-121.9840460">
    <ele>138.9</ele>
    <time>2020-10-28T22:59:00Z</time>
   </trkpt>
   <trkpt lat="47.5320190" lon="-121.9840980">
    <ele>138.8</ele>
    <time>2020-10-28T22:59:01Z</time>
   </trkpt>
   <trkpt lat="47.5320350" lon="-121.9841640">
    <ele>138.7</ele>
    <time>2020-10-28T22:59:02Z</time>
   </trkpt>
   <trkpt lat="47.5320660" lon="-121.9842270">
    <ele>138.6</ele>
    <time>2020-10-28T22:59:03Z</time>
   </trkpt>
   <trkpt lat="47.5320730" lon="-121.9842850">
    <ele>138.5</ele>
    <time>2020-10-28T22:59:04Z</time>
   </trkpt>
   <trkpt lat="47.5320850" lon="-121.9843550">
    <ele>138.4</ele>
    <time>2020-10-28T22:59:05Z</time>
   </trkpt>
   <trkpt lat="47.5320810" lon="-121.9844020">
    <ele>138.4</ele>
    <time>2020-10-28T22:59:06Z</time>
   </trkpt>
   <trkpt lat="47.5320990" lon="-121.9844710">
    <ele>138.2</ele>
    <time>2020-10-28T22:59:07Z</time>
   </trkpt>
   <trkpt lat="47.5321140" lon="-121.9845130">
    <ele>138.2</ele>
    <time>2020-10-28T22:59:08Z</time>
   </trkpt>
   <trkpt lat="47.5321230" lon="-121.9845700">
    <ele>138.1</ele>
    <time>2020-10-28T22:59:09Z</time>
   </trkpt>
   <trkpt lat="47.5321300" lon="-121.9846330">
    <ele>138.0</ele>
    <time>2020-10-28T22:59:10Z</time>
   </trkpt>
   <trkpt lat="47.5321310" lon="-121.9847010">
    <ele>137.9</ele>
    <time>2020-10-28T22:59:11Z</time>
   </trkpt>
   <trkpt lat="47.5321540" lon="-121.9847740">
    <ele>137.7</ele>
    <time>2020-10-28T22:59:12Z</time>
   </trkpt>
   <trkpt lat="47.5321840" lon="-121.9848090">
    <ele>137.6</ele>
    <time>2020-10-28T22:59:13Z</time>
   </trkpt>
   <trkpt lat="47.5321900" lon="-121.9848630">
    <ele>137.5</ele>
    <time>2020-10-28T22:59:14Z</time>
   </trkpt>
   <trkpt lat="47.5321960" lon="-121.9849060">
    <ele>137.5</ele>
    <time>2020-10-28T22:59:15Z</time>
   </trkpt>
   <trkpt lat="47.5322060" lon="-121.9849700">
    <ele>137.3</ele>
    <time>2020-10-28T22:59:16Z</time>
   </trkpt>
   <trkpt lat="47.5322080" lon="-121.9850470">
    <ele>137.2</ele>
    <time>2020-10-28T22:59:17Z</time>
   </trkpt>
   <trkpt lat="47.5322110" lon="-121.9851120">
    <ele>137.1</ele>
    <time>2020-10-28T22:59:18Z</time>
   </trkpt>
   <trkpt lat="47.5322280" lon="-121.9851620">
    <ele>137.0</ele>
    <time>2020-10-28T22:59:19Z</time>
   </trkpt>
   <trkpt lat="47.5322200" lon="-121.9852230">
    <ele>136.9</ele>
    <time>2020-10-28T22:59:20Z</time>
   </trkpt>
   <trkpt lat="47.5322180" lon="-121.9852810">
    <ele>136.8</ele>
    <time>2020-10-28T22:59:21Z</time>
   </trkpt>
   <trkpt lat="47.5322250" lon="-121.9853310">
    <ele>136.7</ele>
    <time>2020-10-28T22:59:22Z</time>
   </trkpt>
   <trkpt lat="47.5322160" lon="-121.9853860">
    <ele>136.6</ele>
    <time>2020-10-28T22:59:23Z</time>
   </trkpt>
   <trkpt lat="47.5322280" lon="-121.9854350">
    <ele>136.6</ele>
    <time>2020-10-28T22:59:24Z</time>
   </trkpt>
   <trkpt lat="47.5322240" lon="-121.9854920">
    <ele>136.5</ele>
    <time>2020-10-28T22:59:25Z</time>
   </trkpt>
   <trkpt lat="47.5322310" lon="-121.9855550">
    <ele>136.4</ele>
    <time>2020-10-28T22:59:26Z</time>
   </trkpt>
   <trkpt lat="47.5322260" lon="-121.9856120">
    <ele>136.3</ele>
    <time>2020-10-28T22:59:27Z</time>
   </trkpt>
   <trkpt lat="47.5322270" lon="-121.9856590">
    <ele>136.3</ele>
    <time>2020-10-28T22:59:28Z</time>
   </trkpt>
   <trkpt lat="47.5322310" lon="-121.9857040">
    <ele>136.2</ele>
    <time>2020-10-28T22:59:29Z</time>
   </trkpt>
   <trkpt lat="47.5322270" lon="-121.9857620">
    <ele>136.1</ele>
    <time>2020-10-28T22:59:30Z</time>
   </trkpt>
   <trkpt lat="47.5322430" lon="-121.9858220">
    <ele>136.0</ele>
    <time>2020-10-28T22:59:31Z</time>
   </trkpt>
   <trkpt lat="47.5322650" lon="-121.9858640">
    <ele>135.9</ele>
    <time>2020-10-28T22:59:32Z</time>
   </trkpt>
   <trkpt lat="47.5322820" lon="-121.9859130">
    <ele>135.9</ele>
    <time>2020-10-28T22:59:33Z</time>
   </trkpt>
   <trkpt lat="47.5322740" lon="-121.9859730">
    <ele>135.8</ele>
    <time>2020-10-28T22:59:34Z</time>
   </trkpt>
   <trkpt lat="47.5322560" lon="-121.9860150">
    <ele>135.7</ele>
    <time>2020-10-28T22:59:35Z</time>
   </trkpt>
   <trkpt lat="47.5322720" lon="-121.9860770">
    <ele>135.6</ele>
    <time>2020-10-28T22:59:36Z</time>
   </trkpt>
   <trkpt lat="47.5323040" lon="-121.9861280">
    <ele>135.5</ele>
    <time>2020-10-28T22:59:37Z</time>
   </trkpt>
   <trkpt lat="47.5323120" lon="-121.9861850">
    <ele>135.5</ele>
    <time>2020-10-28T22:59:38Z</time>
   </trkpt>
   <trkpt lat="47.5323200" lon="-121.9862050">
    <ele>135.4</ele>
    <time>2020-10-28T22:59:39Z</time>
   </trkpt>
   <trkpt lat="47.5323270" lon="-121.9862560">
    <ele>135.3</ele>
    <time>2020-10-28T22:59:40Z</time>
   </trkpt>
   <trkpt lat="47.5323320" lon="-121.9863120">
    <ele>135.3</ele>
    <time>2020-10-28T22:59:41Z</time>
   </trkpt>
   <trkpt lat="47.5323400" lon="-121.9863810">
    <ele>135.2</ele>
    <time>2020-10-28T22:59:42Z</time>
   </trkpt>
   <trkpt lat="47.5323360" lon="-121.9864150">
    <ele>135.1</ele>
    <time>2020-10-28T22:59:43Z</time>
   </trkpt>
   <trkpt lat="47.5323660" lon="-121.9864660">
    <ele>135.0</ele>
    <time>2020-10-28T22:59:44Z</time>
   </trkpt>
   <trkpt lat="47.5323800" lon="-121.9865150">
    <ele>135.0</ele>
    <time>2020-10-28T22:59:45Z</time>
   </trkpt>
   <trkpt lat="47.5323810" lon="-121.9865760">
    <ele>134.9</ele>
    <time>2020-10-28T22:59:46Z</time>
   </trkpt>
   <trkpt lat="47.5323860" lon="-121.9866360">
    <ele>134.8</ele>
    <time>2020-10-28T22:59:47Z</time>
   </trkpt>
   <trkpt lat="47.5324040" lon="-121.9867110">
    <ele>134.7</ele>
    <time>2020-10-28T22:59:48Z</time>
   </trkpt>
   <trkpt lat="47.5323980" lon="-121.9867600">
    <ele>134.7</ele>
    <time>2020-10-28T22:59:49Z</time>
   </trkpt>
   <trkpt lat="47.5323970" lon="-121.9868150">
    <ele>134.6</ele>
    <time>2020-10-28T22:59:50Z</time>
   </trkpt>
   <trkpt lat="47.5324080" lon="-121.9868730">
    <ele>134.5</ele>
    <time>2020-10-28T22:59:51Z</time>
   </trkpt>
   <trkpt lat="47.5324010" lon="-121.9869170">
    <ele>134.5</ele>
    <time>2020-10-28T22:59:52Z</time>
   </trkpt>
   <trkpt lat="47.5324060" lon="-121.9869800">
    <ele>134.4</ele>
    <time>2020-10-28T22:59:53Z</time>
   </trkpt>
   <trkpt lat="47.5324030" lon="-121.9870470">
    <ele>134.4</ele>
    <time>2020-10-28T22:59:54Z</time>
   </trkpt>
   <trkpt lat="47.5324280" lon="-121.9871030">
    <ele>134.3</ele>
    <time>2020-10-28T22:59:55Z</time>
   </trkpt>
   <trkpt lat="47.5324340" lon="-121.9871450">
    <ele>134.2</ele>
    <time>2020-10-28T22:59:56Z</time>
   </trkpt>
   <trkpt lat="47.5324490" lon="-121.9872100">
    <ele>134.2</ele>
    <time>2020-10-28T22:59:57Z</time>
   </trkpt>
   <trkpt lat="47.5324530" lon="-121.9872700">
    <ele>134.1</ele>
    <time>2020-10-28T22:59:58Z</time>
   </trkpt>
   <trkpt lat="47.5324560" lon="-121.9873260">
    <ele>134.1</ele>
    <time>2020-10-28T22:59:59Z</time>
   </trkpt>
   <trkpt lat="47.5324650" lon="-121.9873480">
    <ele>134.1</ele>
    <time>2020-10-28T23:00:00Z</time>
   </trkpt>
   <trkpt lat="47.5324750" lon="-121.9874010">
    <ele>134.0</ele>
    <time>2020-10-28T23:00:01Z</time>
   </trkpt>
   <trkpt lat="47.5324880" lon="-121.9874400">
    <ele>134.0</ele>
    <time>2020-10-28T23:00:02Z</time>
   </trkpt>
   <trkpt lat="47.5324860" lon="-121.9875000">
    <ele>133.9</ele>
    <time>2020-10-28T23:00:03Z</time>
   </trkpt>
   <trkpt lat="47.5324880" lon="-121.9875490">
    <ele>133.8</ele>
    <time>2020-10-28T23:00:04Z</time>
   </trkpt>
   <trkpt lat="47.5325070" lon="-121.9875960">
    <ele>133.8</ele>
    <time>2020-10-28T23:00:05Z</time>
   </trkpt>
   <trkpt lat="47.5325050" lon="-121.9876520">
    <ele>133.7</ele>
    <time>2020-10-28T23:00:06Z</time>
   </trkpt>
   <trkpt lat="47.5325180" lon="-121.9877020">
    <ele>133.6</ele>
    <time>2020-10-28T23:00:07Z</time>
   </trkpt>
   <trkpt lat="47.5325280" lon="-121.9877580">
    <ele>133.6</ele>
    <time>2020-10-28T23:00:08Z</time>
   </trkpt>
   <trkpt lat="47.5325280" lon="-121.9878030">
    <ele>133.5</ele>
    <time>2020-10-28T23:00:09Z</time>
   </trkpt>
   <trkpt lat="47.5325400" lon="-121.9878440">
    <ele>133.4</ele>
    <time>2020-10-28T23:00:10Z</time>
   </trkpt>
   <trkpt lat="47.5325530" lon="-121.9878980">
    <ele>133.3</ele>
    <time>2020-10-28T23:00:11Z</time>
   </trkpt>
   <trkpt lat="47.5325460" lon="-121.9879420">
    <ele>133.2</ele>
    <time>2020-10-28T23:00:12Z</time>
   </trkpt>
   <trkpt lat="47.5325620" lon="-121.9879990">
    <ele>133.1</ele>
    <time>2020-10-28T23:00:13Z</time>
   </trkpt>
   <trkpt lat="47.5325680" lon="-121.9880420">
    <ele>133.1</ele>
    <time>2020-10-28T23:00:14Z</time>
   </trkpt>
   <trkpt lat="47.5325710" lon="-121.9880930">
    <ele>133.0</ele>
    <time>2020-10-28T23:00:15Z</time>
   </trkpt>
   <trkpt lat="47.5325810" lon="-121.9881480">
    <ele>132.9</ele>
    <time>2020-10-28T23:00:16Z</time>
   </trkpt>
   <trkpt lat="47.5325780" lon="-121.9882070">
    <ele>132.8</ele>
    <time>2020-10-28T23:00:17Z</time>
   </trkpt>
   <trkpt lat="47.5325780" lon="-121.9882670">
    <ele>132.7</ele>
    <time>2020-10-28T23:00:18Z</time>
   </trkpt>
   <trkpt lat="47.5325730" lon="-121.9883160">
    <ele>132.6</ele>
    <time>2020-10-28T23:00:19Z</time>
   </trkpt>
   <trkpt lat="47.5325800" lon="-121.9883700">
    <ele>132.5</ele>
    <time>2020-10-28T23:00:20Z</time>
   </trkpt>
   <trkpt lat="47.5325900" lon="-121.9884250">
    <ele>132.4</ele>
    <time>2020-10-28T23:00:21Z</time>
   </trkpt>
   <trkpt lat="47.5325830" lon="-121.9884830">
    <ele>132.3</ele>
    <time>2020-10-28T23:00:22Z</time>
   </trkpt>
   <trkpt lat="47.5325730" lon="-121.9885390">
    <ele>132.2</ele>
    <time>2020-10-28T23:00:23Z</time>
   </trkpt>
   <trkpt lat="47.5325660" lon="-121.9885920">
    <ele>132.1</ele>
    <time>2020-10-28T23:00:24Z</time>
   </trkpt>
   <trkpt lat="47.5325690" lon="-121.9886340">
    <ele>132.1</ele>
    <time>2020-10-28T23:00:25Z</time>
   </trkpt>
   <trkpt lat="47.5325880" lon="-121.9886850">
    <ele>132.0</ele>
    <time>2020-10-28T23:00:26Z</time>
   </trkpt>
   <trkpt lat="47.5326030" lon="-121.9887370">
    <ele>131.9</ele>
    <time>2020-10-28T23:00:27Z</time>
   </trkpt>
   <trkpt lat="47.5326060" lon="-121.9887780">
    <ele>131.8</ele>
    <time>2020-10-28T23:00:28Z</time>
   </trkpt>
   <trkpt lat="47.5325970" lon="-121.9888400">
    <ele>131.8</ele>
    <time>2020-10-28T23:00:29Z</time>
   </trkpt>
   <trkpt lat="47.5326170" lon="-121.9889000">
    <ele>131.7</ele>
    <time>2020-10-28T23:00:30Z</time>
   </trkpt>
   <trkpt lat="47.5326390" lon="-121.9889380">
    <ele>131.6</ele>
    <time>2020-10-28T23:00:31Z</time>
   </trkpt>
   <trkpt lat="47.5326510" lon="-121.9890010">
    <ele>131.5</ele>
    <time>2020-10-28T23:00:32Z</time>
   </trkpt>
   <trkpt lat="47.5326540" lon="-121.9890430">
    <ele>131.4</ele>
    <time>2020-10-28T23:00:33Z</time>
   </trkpt>
   <trkpt lat="47.5326400" lon="-121.9891070">
    <ele>131.3</ele>
    <time>2020-10-28T23:00:34Z</time>
   </trkpt>
   <trkpt lat="47.5326400" lon="-121.9891600">
    <ele>131.2</ele>
    <time>2020-10-28T23:00:35Z</time>
   </trkpt>
   <trkpt lat="47.5326330" lon="-121.9892190">
    <ele>131.1</ele>
    <time>2020-10-28T23:00:36Z</time>
   </trkpt>
   <trkpt lat="47.5326300" lon="-121.9892850">
    <ele>131.1</ele>
    <time>2020-10-28T23:00:37Z</time>
   </trkpt>
   <trkpt lat="47.5326340" lon="-121.9893280">
    <ele>131.0</ele>
    <time>2020-10-28T23:00:38Z</time>
   </trkpt>
   <trkpt lat="47.5326400" lon="-121.9893670">
    <ele>131.0</ele>
    <time>2020-10-28T23:00:39Z</time>
   </trkpt>
   <trkpt lat="47.5326260" lon="-121.9894170">
    <ele>130.9</ele>
    <time>2020-10-28T23:00:40Z</time>
   </trkpt>
   <trkpt lat="47.5326310" lon="-121.9894570">
    <ele>130.9</ele>
    <time>2020-10-28T23:00:41Z</time>
   </trkpt>
   <trkpt lat="47.5326350" lon="-121.9895150">
    <ele>130.8</ele>
    <time>2020-10-28T23:00:42Z</time>
   </trkpt>
   <trkpt lat="47.5326350" lon="-121.9895620">
    <ele>130.7</ele>
    <time>2020-10-28T23:00:43Z</time>
   </trkpt>
   <trkpt lat="47.5326370" lon="-121.9896070">
    <ele>130.7</ele>
    <time>2020-10-28T23:00:44Z</time>
   </trkpt>
   <trkpt lat="47.5326300" lon="-121.9896590">
    <ele>130.6</ele>
    <time>2020-10-28T23:00:45Z</time>
   </trkpt>
   <trkpt lat="47.5326400" lon="-121.9897020">
    <ele>130.6</ele>
    <time>2020-10-28T23:00:46Z</time>
   </trkpt>
   <trkpt lat="47.5326370" lon="-121.9897610">
    <ele>130.5</ele>
    <time>2020-10-28T23:00:47Z</time>
   </trkpt>
   <trkpt lat="47.5326390" lon="-121.9898240">
    <ele>130.4</ele>
    <time>2020-10-28T23:00:48Z</time>
   </trkpt>
   <trkpt lat="47.5326390" lon="-121.9898530">
    <ele>130.4</ele>
    <time>2020-10-28T23:00:49Z</time>
   </trkpt>
   <trkpt lat="47.5326320" lon="-121.9899190">
    <ele>130.3</ele>
    <time>2020-10-28T23:00:50Z</time>
   </trkpt>
   <trkpt lat="47.5326290" lon="-121.9899620">
    <ele>130.2</ele>
    <time>2020-10-28T23:00:51Z</time>
   </trkpt>
   <trkpt lat="47.5326450" lon="-121.9900330">
    <ele>130.2</ele>
    <time>2020-10-28T23:00:52Z</time>
   </trkpt>
   <trkpt lat="47.5326500" lon="-121.9900780">
    <ele>130.1</ele>
    <time>2020-10-28T23:00:53Z</time>
   </trkpt>
   <trkpt lat="47.5326490" lon="-121.9901410">
    <ele>130.1</ele>
    <time>2020-10-28T23:00:54Z</time>
   </trkpt>
   <trkpt lat="47.5326480" lon="-121.9901950">
    <ele>130.0</ele>
    <time>2020-10-28T23:00:55Z</time>
   </trkpt>
   <trkpt lat="47.5326490" lon="-121.9902440">
    <ele>130.0</ele>
    <time>2020-10-28T23:00:56Z</time>
   </trkpt>
   <trkpt lat="47.5326470" lon="-121.9902670">
    <ele>129.9</ele>
    <time>2020-10-28T23:00:57Z</time>
   </trkpt>
   <trkpt lat="47.5326460" lon="-121.9903260">
    <ele>129.9</ele>
    <time>2020-10-28T23:00:58Z</time>
   </trkpt>
   <trkpt lat="47.5326590" lon="-121.9903840">
    <ele>129.8</ele>
    <time>2020-10-28T23:00:59Z</time>
   </trkpt>
   <trkpt lat="47.5326630" lon="-121.9904350">
    <ele>129.8</ele>
    <time>2020-10-28T23:01:00Z</time>
   </trkpt>
   <trkpt lat="47.5326520" lon="-121.9904890">
    <ele>129.7</ele>
    <time>2020-10-28T23:01:01Z</time>
   </trkpt>
   <trkpt lat="47.5326360" lon="-121.9905380">
    <ele>129.7</ele>
    <time>2020-10-28T23:01:02Z</time>
   </trkpt>
   <trkpt lat="47.5326260" lon="-121.9905780">
    <ele>129.6</ele>
    <time>2020-10-28T23:01:03Z</time>
   </trkpt>
   <trkpt lat="47.5326520" lon="-121.9906160">
    <ele>129.6</ele>
    <time>2020-10-28T23:01:04Z</time>
   </trkpt>
   <trkpt lat="47.5326770" lon="-121.9906730">
    <ele>129.5</ele>
    <time>2020-10-28T23:01:05Z</time>
   </trkpt>
   <trkpt lat="47.5326750" lon="-121.9907390">
    <ele>129.5</ele>
    <time>2020-10-28T23:01:06Z</time>
   </trkpt>
   <trkpt lat="47.5326660" lon="-121.9908120">
    <ele>129.4</ele>
    <time>2020-10-28T23:01:07Z</time>
   </trkpt>
   <trkpt lat="47.5326580" lon="-121.9908570">
    <ele>129.4</ele>
    <time>2020-10-28T23:01:08Z</time>
   </trkpt>
   <trkpt lat="47.5326510" lon="-121.9909150">
    <ele>129.3</ele>
    <time>2020-10-28T23:01:09Z</time>
   </trkpt>
   <trkpt lat="47.5326440" lon="-121.9910080">
    <ele>129.2</ele>
    <time>2020-10-28T23:01:10Z</time>
   </trkpt>
   <trkpt lat="47.5326390" lon="-121.9910800">
    <ele>129.1</ele>
    <time>2020-10-28T23:01:11Z</time>
   </trkpt>
   <trkpt lat="47.5326310" lon="-121.9911300">
    <ele>129.0</ele>
    <time>2020-10-28T23:01:12Z</time>
   </trkpt>
   <trkpt lat="47.5326370" lon="-121.9911910">
    <ele>129.0</ele>
    <time>2020-10-28T23:01:13Z</time>
   </trkpt>
   <trkpt lat="47.5326420" lon="-121.9912340">
    <ele>128.9</ele>
    <time>2020-10-28T23:01:14Z</time>
   </trkpt>
   <trkpt lat="47.5326350" lon="-121.9913000">
    <ele>128.8</ele>
    <time>2020-10-28T23:01:15Z</time>
   </trkpt>
   <trkpt lat="47.5326470" lon="-121.9913540">
    <ele>128.7</ele>
    <time>2020-10-28T23:01:16Z</time>
   </trkpt>
   <trkpt lat="47.5326400" lon="-121.9914050">
    <ele>128.6</ele>
    <time>2020-10-28T23:01:17Z</time>
   </trkpt>
   <trkpt lat="47.5326350" lon="-121.9914500">
    <ele>128.6</ele>
    <time>2020-10-28T23:01:18Z</time>
   </trkpt>
   <trkpt lat="47.5326350" lon="-121.9915040">
    <ele>128.5</ele>
    <time>2020-10-28T23:01:19Z</time>
   </trkpt>
   <trkpt lat="47.5326460" lon="-121.9915600">
    <ele>128.4</ele>
    <time>2020-10-28T23:01:20Z</time>
   </trkpt>
   <trkpt lat="47.5326800" lon="-121.9916140">
    <ele>128.4</ele>
    <time>2020-10-28T23:01:21Z</time>
   </trkpt>
   <trkpt lat="47.5326920" lon="-121.9916710">
    <ele>128.3</ele>
    <time>2020-10-28T23:01:22Z</time>
   </trkpt>
   <trkpt lat="47.5326930" lon="-121.9917240">
    <ele>128.2</ele>
    <time>2020-10-28T23:01:23Z</time>
   </trkpt>
   <trkpt lat="47.5326900" lon="-121.9917830">
    <ele>128.2</ele>
    <time>2020-10-28T23:01:24Z</time>
   </trkpt>
   <trkpt lat="47.5326840" lon="-121.9918420">
    <ele>128.1</ele>
    <time>2020-10-28T23:01:25Z</time>
   </trkpt>
   <trkpt lat="47.5326790" lon="-121.9918870">
    <ele>128.0</ele>
    <time>2020-10-28T23:01:26Z</time>
   </trkpt>
   <trkpt lat="47.5327010" lon="-121.9919300">
    <ele>128.0</ele>
    <time>2020-10-28T23:01:27Z</time>
   </trkpt>
   <trkpt lat="47.5327090" lon="-121.9919760">
    <ele>127.9</ele>
    <time>2020-10-28T23:01:28Z</time>
   </trkpt>
   <trkpt lat="47.5327120" lon="-121.9920160">
    <ele>127.9</ele>
    <time>2020-10-28T23:01:29Z</time>
   </trkpt>
   <trkpt lat="47.5327040" lon="-121.9920760">
    <ele>127.8</ele>
    <time>2020-10-28T23:01:30Z</time>
   </trkpt>
   <trkpt lat="47.5327370" lon="-121.9921370">
    <ele>127.7</ele>
    <time>2020-10-28T23:01:31Z</time>
   </trkpt>
   <trkpt lat="47.5327300" lon="-121.9921910">
    <ele>127.6</ele>
    <time>2020-10-28T23:01:32Z</time>
   </trkpt>
   <trkpt lat="47.5327410" lon="-121.9922410">
    <ele>127.6</ele>
    <time>2020-10-28T23:01:33Z</time>
   </trkpt>
   <trkpt lat="47.5327740" lon="-121.9922890">
    <ele>127.5</ele>
    <time>2020-10-28T23:01:34Z</time>
   </trkpt>
   <trkpt lat="47.5327890" lon="-121.9923490">
    <ele>127.4</ele>
    <time>2020-10-28T23:01:35Z</time>
   </trkpt>
   <trkpt lat="47.5328010" lon="-121.9923910">
    <ele>127.4</ele>
    <time>2020-10-28T23:01:36Z</time>
   </trkpt>
   <trkpt lat="47.5328050" lon="-121.9924460">
    <ele>127.3</ele>
    <time>2020-10-28T23:01:37Z</time>
   </trkpt>
   <trkpt lat="47.5328220" lon="-121.9924900">
    <ele>127.3</ele>
    <time>2020-10-28T23:01:38Z</time>
   </trkpt>
   <trkpt lat="47.5328350" lon="-121.9925370">
    <ele>127.2</ele>
    <time>2020-10-28T23:01:39Z</time>
   </trkpt>
   <trkpt lat="47.5328510" lon="-121.9925790">
    <ele>127.2</ele>
    <time>2020-10-28T23:01:40Z</time>
   </trkpt>
   <trkpt lat="47.5328650" lon="-121.9926260">
    <ele>127.1</ele>
    <time>2020-10-28T23:01:41Z</time>
   </trkpt>
   <trkpt lat="47.5328880" lon="-121.9926900">
    <ele>127.1</ele>
    <time>2020-10-28T23:01:42Z</time>
   </trkpt>
   <trkpt lat="47.5329020" lon="-121.9927460">
    <ele>127.0</ele>
    <time>2020-10-28T23:01:43Z</time>
   </trkpt>
   <trkpt lat="47.5329240" lon="-121.9927960">
    <ele>126.9</ele>
    <time>2020-10-28T23:01:44Z</time>
   </trkpt>
   <trkpt lat="47.5329250" lon="-121.9928630">
    <ele>126.9</ele>
    <time>2020-10-28T23:01:45Z</time>
   </trkpt>
   <trkpt lat="47.5329440" lon="-121.9929190">
    <ele>126.8</ele>
    <time>2020-10-28T23:01:46Z</time>
   </trkpt>
   <trkpt lat="47.5329520" lon="-121.9929610">
    <ele>126.7</ele>
    <time>2020-10-28T23:01:47Z</time>
   </trkpt>
   <trkpt lat="47.5329790" lon="-121.9930240">
    <ele>126.6</ele>
    <time>2020-10-28T23:01:48Z</time>
   </trkpt>
   <trkpt lat="47.5329860" lon="-121.9930910">
    <ele>126.5</ele>
    <time>2020-10-28T23:01:49Z</time>
   </trkpt>
   <trkpt lat="47.5329990" lon="-121.9931380">
    <ele>126.4</ele>
    <time>2020-10-28T23:01:50Z</time>
   </trkpt>
   <trkpt lat="47.5330030" lon="-121.9931530">
    <ele>126.4</ele>
    <time>2020-10-28T23:01:51Z</time>
   </trkpt>
   <trkpt lat="47.5330220" lon="-121.9932030">
    <ele>126.3</ele>
    <time>2020-10-28T23:01:52Z</time>
   </trkpt>
   <trkpt lat="47.5330290" lon="-121.9932290">
    <ele>126.3</ele>
    <time>2020-10-28T23:01:53Z</time>
   </trkpt>
   <trkpt lat="47.5330350" lon="-121.9932960">
    <ele>126.1</ele>
    <time>2020-10-28T23:01:54Z</time>
   </trkpt>
   <trkpt lat="47.5330420" lon="-121.9933570">
    <ele>126.0</ele>
    <time>2020-10-28T23:01:55Z</time>
   </trkpt>
   <trkpt lat="47.5330600" lon="-121.9934050">
    <ele>125.9</ele>
    <time>2020-10-28T23:01:56Z</time>
   </trkpt>
   <trkpt lat="47.5330710" lon="-121.9934480">
    <ele>125.8</ele>
    <time>2020-10-28T23:01:57Z</time>
   </trkpt>
   <trkpt lat="47.5330650" lon="-121.9935090">
    <ele>125.7</ele>
    <time>2020-10-28T23:01:58Z</time>
   </trkpt>
   <trkpt lat="47.5330640" lon="-121.9935690">
    <ele>125.6</ele>
    <time>2020-10-28T23:01:59Z</time>
   </trkpt>
   <trkpt lat="47.5330770" lon="-121.9936330">
    <ele>125.5</ele>
    <time>2020-10-28T23:02:00Z</time>
   </trkpt>
   <trkpt lat="47.5330950" lon="-121.9937050">
    <ele>125.4</ele>
    <time>2020-10-28T23:02:01Z</time>
   </trkpt>
   <trkpt lat="47.5331180" lon="-121.9937580">
    <ele>125.3</ele>
    <time>2020-10-28T23:02:02Z</time>
   </trkpt>
   <trkpt lat="47.5331260" lon="-121.9938110">
    <ele>125.3</ele>
    <time>2020-10-28T23:02:03Z</time>
   </trkpt>
   <trkpt lat="47.5331250" lon="-121.9938950">
    <ele>125.1</ele>
    <time>2020-10-28T23:02:04Z</time>
   </trkpt>
   <trkpt lat="47.5331200" lon="-121.9939420">
    <ele>125.1</ele>
    <time>2020-10-28T23:02:05Z</time>
   </trkpt>
   <trkpt lat="47.5331440" lon="-121.9939950">
    <ele>125.0</ele>
    <time>2020-10-28T23:02:06Z</time>
   </trkpt>
   <trkpt lat="47.5331330" lon="-121.9940430">
    <ele>124.9</ele>
    <time>2020-10-28T23:02:07Z</time>
   </trkpt>
   <trkpt lat="47.5331420" lon="-121.9941110">
    <ele>124.8</ele>
    <time>2020-10-28T23:02:08Z</time>
   </trkpt>
   <trkpt lat="47.5331440" lon="-121.9941510">
    <ele>124.8</ele>
    <time>2020-10-28T23:02:09Z</time>
   </trkpt>
   <trkpt lat="47.5331510" lon="-121.9942260">
    <ele>124.7</ele>
    <time>2020-10-28T23:02:10Z</time>
   </trkpt>
   <trkpt lat="47.5331620" lon="-121.9942820">
    <ele>124.6</ele>
    <time>2020-10-28T23:02:11Z</time>
   </trkpt>
   <trkpt lat="47.5331480" lon="-121.9943340">
    <ele>124.6</ele>
    <time>2020-10-28T23:02:12Z</time>
   </trkpt>
   <trkpt lat="47.5331530" lon="-121.9943930">
    <ele>124.5</ele>
    <time>2020-10-28T23:02:13Z</time>
   </trkpt>
   <trkpt lat="47.5331640" lon="-121.9944380">
    <ele>124.5</ele>
    <time>2020-10-28T23:02:14Z</time>
   </trkpt>
   <trkpt lat="47.5331810" lon="-121.9944900">
    <ele>124.4</ele>
    <time>2020-10-28T23:02:15Z</time>
   </trkpt>
   <trkpt lat="47.5332060" lon="-121.9945410">
    <ele>124.3</ele>
    <time>2020-10-28T23:02:16Z</time>
   </trkpt>
   <trkpt lat="47.5332340" lon="-121.9945740">
    <ele>124.2</ele>
    <time>2020-10-28T23:02:17Z</time>
   </trkpt>
   <trkpt lat="47.5332330" lon="-121.9946270">
    <ele>124.2</ele>
    <time>2020-10-28T23:02:18Z</time>
   </trkpt>
   <trkpt lat="47.5332170" lon="-121.9946890">
    <ele>124.1</ele>
    <time>2020-10-28T23:02:19Z</time>
   </trkpt>
   <trkpt lat="47.5332220" lon="-121.9947360">
    <ele>124.0</ele>
    <time>2020-10-28T23:02:20Z</time>
   </trkpt>
   <trkpt lat="47.5332250" lon="-121.9948030">
    <ele>123.9</ele>
    <time>2020-10-28T23:02:21Z</time>
   </trkpt>
   <trkpt lat="47.5332140" lon="-121.9948550">
    <ele>123.8</ele>
    <time>2020-10-28T23:02:22Z</time>
   </trkpt>
   <trkpt lat="47.5332250" lon="-121.9949160">
    <ele>123.7</ele>
    <time>2020-10-28T23:02:23Z</time>
   </trkpt>
   <trkpt lat="47.5332270" lon="-121.9949450">
    <ele>123.7</ele>
    <time>2020-10-28T23:02:24Z</time>
   </trkpt>
   <trkpt lat="47.5332090" lon="-121.9950000">
    <ele>123.6</ele>
    <time>2020-10-28T23:02:25Z</time>
   </trkpt>
   <trkpt lat="47.5332200" lon="-121.9950540">
    <ele>123.5</ele>
    <time>2020-10-28T23:02:26Z</time>
   </trkpt>
   <trkpt lat="47.5332310" lon="-121.9951000">
    <ele>123.5</ele>
    <time>2020-10-28T23:02:27Z</time>
   </trkpt>
   <trkpt lat="47.5332300" lon="-121.9951510">
    <ele>123.4</ele>
    <time>2020-10-28T23:02:28Z</time>
   </trkpt>
   <trkpt lat="47.5332250" lon="-121.9952070">
    <ele>123.3</ele>
    <time>2020-10-28T23:02:29Z</time>
   </trkpt>
   <trkpt lat="47.5332290" lon="-121.9952720">
    <ele>123.3</ele>
    <time>2020-10-28T23:02:30Z</time>
   </trkpt>
   <trkpt lat="47.5332260" lon="-121.9953040">
    <ele>123.2</ele>
    <time>2020-10-28T23:02:31Z</time>
   </trkpt>
   <trkpt lat="47.5332260" lon="-121.9953650">
    <ele>123.1</ele>
    <time>2020-10-28T23:02:32Z</time>
   </trkpt>
   <trkpt lat="47.5332350" lon="-121.9954220">
    <ele>123.1</ele>
    <time>2020-10-28T23:02:33Z</time>
   </trkpt>
   <trkpt lat="47.5332170" lon="-121.9954830">
    <ele>123.0</ele>
    <time>2020-10-28T23:02:34Z</time>
   </trkpt>
   <trkpt lat="47.5332280" lon="-121.9955300">
    <ele>122.9</ele>
    <time>2020-10-28T23:02:35Z</time>
   </trkpt>
   <trkpt lat="47.5332260" lon="-121.9955810">
    <ele>122.9</ele>
    <time>2020-10-28T23:02:36Z</time>
   </trkpt>
   <trkpt lat="47.5332270" lon="-121.9956400">
    <ele>122.8</ele>
    <time>2020-10-28T23:02:37Z</time>
   </trkpt>
   <trkpt lat="47.5332390" lon="-121.9956860">
    <ele>122.7</ele>
    <time>2020-10-28T23:02:38Z</time>
   </trkpt>
   <trkpt lat="47.5332420" lon="-121.9957060">
    <ele>122.7</ele>
    <time>2020-10-28T23:02:39Z</time>
   </trkpt>
   <trkpt lat="47.5332630" lon="-121.9957520">
    <ele>122.7</ele>
    <time>2020-10-28T23:02:40Z</time>
   </trkpt>
   <trkpt lat="47.5332500" lon="-121.9958080">
    <ele>122.6</ele>
    <time>2020-10-28T23:02:41Z</time>
   </trkpt>
   <trkpt lat="47.5332450" lon="-121.9958560">
    <ele>122.5</ele>
    <time>2020-10-28T23:02:42Z</time>
   </trkpt>
   <trkpt lat="47.5332490" lon="-121.9958980">
    <ele>122.5</ele>
    <time>2020-10-28T23:02:43Z</time>
   </trkpt>
   <trkpt lat="47.5332600" lon="-121.9959420">
    <ele>122.4</ele>
    <time>2020-10-28T23:02:44Z</time>
   </trkpt>
   <trkpt lat="47.5332750" lon="-121.9959940">
    <ele>122.4</ele>
    <time>2020-10-28T23:02:45Z</time>
   </trkpt>
   <trkpt lat="47.5332920" lon="-121.9960310">
    <ele>122.3</ele>
    <time>2020-10-28T23:02:46Z</time>
   </trkpt>
   <trkpt lat="47.5332960" lon="-121.9960780">
    <ele>122.2</ele>
    <time>2020-10-28T23:02:47Z</time>
   </trkpt>
   <trkpt lat="47.5332930" lon="-121.9961250">
    <ele>122.2</ele>
    <time>2020-10-28T23:02:48Z</time>
   </trkpt>
   <trkpt lat="47.5332960" lon="-121.9961760">
    <ele>122.1</ele>
    <time>2020-10-28T23:02:49Z</time>
   </trkpt>
   <trkpt lat="47.5333000" lon="-121.9962360">
    <ele>122.0</ele>
    <time>2020-10-28T23:02:50Z</time>
   </trkpt>
   <trkpt lat="47.5333130" lon="-121.9963000">
    <ele>121.9</ele>
    <time>2020-10-28T23:02:51Z</time>
   </trkpt>
   <trkpt lat="47.5333310" lon="-121.9963360">
    <ele>121.9</ele>
    <time>2020-10-28T23:02:52Z</time>
   </trkpt>
   <trkpt lat="47.5333450" lon="-121.9963910">
    <ele>121.8</ele>
    <time>2020-10-28T23:02:53Z</time>
   </trkpt>
   <trkpt lat="47.5333530" lon="-121.9964470">
    <ele>121.7</ele>
    <time>2020-10-28T23:02:54Z</time>
   </trkpt>
   <trkpt lat="47.5333620" lon="-121.9965090">
    <ele>121.6</ele>
    <time>2020-10-28T23:02:55Z</time>
   </trkpt>
   <trkpt lat="47.5333690" lon="-121.9965330">
    <ele>121.6</ele>
    <time>2020-10-28T23:02:56Z</time>
   </trkpt>
   <trkpt lat="47.5333610" lon="-121.9965770">
    <ele>121.5</ele>
    <time>2020-10-28T23:02:57Z</time>
   </trkpt>
   <trkpt lat="47.5333650" lon="-121.9966230">
    <ele>121.4</ele>
    <time>2020-10-28T23:02:58Z</time>
   </trkpt>
   <trkpt lat="47.5333710" lon="-121.9966710">
    <ele>121.3</ele>
    <time>2020-10-28T23:02:59Z</time>
   </trkpt>
   <trkpt lat="47.5333860" lon="-121.9967140">
    <ele>121.3</ele>
    <time>2020-10-28T23:03:00Z</time>
   </trkpt>
   <trkpt lat="47.5333990" lon="-121.9967570">
    <ele>121.2</ele>
    <time>2020-10-28T23:03:01Z</time>
   </trkpt>
   <trkpt lat="47.5334000" lon="-121.9968150">
    <ele>121.1</ele>
    <time>2020-10-28T23:03:02Z</time>
   </trkpt>
   <trkpt lat="47.5334070" lon="-121.9968580">
    <ele>121.0</ele>
    <time>2020-10-28T23:03:03Z</time>
   </trkpt>
   <trkpt lat="47.5334200" lon="-121.9969100">
    <ele>120.9</ele>
    <time>2020-10-28T23:03:04Z</time>
   </trkpt>
   <trkpt lat="47.5334520" lon="-121.9969220">
    <ele>120.8</ele>
    <time>2020-10-28T23:03:05Z</time>
   </trkpt>
   <trkpt lat="47.5334560" lon="-121.9969770">
    <ele>120.6</ele>
    <time>2020-10-28T23:03:06Z</time>
   </trkpt>
   <trkpt lat="47.5334560" lon="-121.9970340">
    <ele>120.5</ele>
    <time>2020-10-28T23:03:07Z</time>
   </trkpt>
   <trkpt lat="47.5334560" lon="-121.9970840">
    <ele>120.4</ele>
    <time>2020-10-28T23:03:08Z</time>
   </trkpt>
   <trkpt lat="47.5334670" lon="-121.9971300">
    <ele>120.3</ele>
    <time>2020-10-28T23:03:09Z</time>
   </trkpt>
   <trkpt lat="47.5334730" lon="-121.9971730">
    <ele>120.1</ele>
    <time>2020-10-28T23:03:10Z</time>
   </trkpt>
   <trkpt lat="47.5334830" lon="-121.9972170">
    <ele>120.0</ele>
    <time>2020-10-28T23:03:11Z</time>
   </trkpt>
   <trkpt lat="47.5334950" lon="-121.9972590">
    <ele>119.9</ele>
    <time>2020-10-28T23:03:12Z</time>
   </trkpt>
   <trkpt lat="47.5335020" lon="-121.9973210">
    <ele>119.8</ele>
    <time>2020-10-28T23:03:13Z</time>
   </trkpt>
   <trkpt lat="47.5335010" lon="-121.9973470">
    <ele>119.7</ele>
    <time>2020-10-28T23:03:14Z</time>
   </trkpt>
   <trkpt lat="47.5335020" lon="-121.9973990">
    <ele>119.6</ele>
    <time>2020-10-28T23:03:15Z</time>
   </trkpt>
   <trkpt lat="47.5334990" lon="-121.9974700">
    <ele>119.5</ele>
    <time>2020-10-28T23:03:16Z</time>
   </trkpt>
   <trkpt lat="47.5335050" lon="-121.9975130">
    <ele>119.4</ele>
    <time>2020-10-28T23:03:17Z</time>
   </trkpt>
   <trkpt lat="47.5335170" lon="-121.9975560">
    <ele>119.3</ele>
    <time>2020-10-28T23:03:18Z</time>
   </trkpt>
   <trkpt lat="47.5335260" lon="-121.9976030">
    <ele>119.2</ele>
    <time>2020-10-28T23:03:19Z</time>
   </trkpt>
   <trkpt lat="47.5335440" lon="-121.9976380">
    <ele>119.1</ele>
    <time>2020-10-28T23:03:20Z</time>
   </trkpt>
   <trkpt lat="47.5335750" lon="-121.9976680">
    <ele>119.0</ele>
    <time>2020-10-28T23:03:21Z</time>
   </trkpt>
   <trkpt lat="47.5335930" lon="-121.9977080">
    <ele>118.9</ele>
    <time>2020-10-28T23:03:22Z</time>
   </trkpt>
   <trkpt lat="47.5335980" lon="-121.9977230">
    <ele>118.9</ele>
    <time>2020-10-28T23:03:23Z</time>
   </trkpt>
   <trkpt lat="47.5336170" lon="-121.9977760">
    <ele>118.8</ele>
    <time>2020-10-28T23:03:24Z</time>
   </trkpt>
   <trkpt lat="47.5336200" lon="-121.9978030">
    <ele>118.8</ele>
    <time>2020-10-28T23:03:25Z</time>
   </trkpt>
   <trkpt lat="47.5336360" lon="-121.9978710">
    <ele>118.6</ele>
    <time>2020-10-28T23:03:26Z</time>
   </trkpt>
   <trkpt lat="47.5336450" lon="-121.9979240">
    <ele>118.6</ele>
    <time>2020-10-28T23:03:27Z</time>
   </trkpt>
   <trkpt lat="47.5336280" lon="-121.9979680">
    <ele>118.5</ele>
    <time>2020-10-28T23:03:28Z</time>
   </trkpt>
   <trkpt lat="47.5336310" lon="-121.9980190">
    <ele>118.4</ele>
    <time>2020-10-28T23:03:29Z</time>
   </trkpt>
   <trkpt lat="47.5336420" lon="-121.9980780">
    <ele>118.3</ele>
    <time>2020-10-28T23:03:30Z</time>
   </trkpt>
   <trkpt lat="47.5336680" lon="-121.9981330">
    <ele>118.2</ele>
    <time>2020-10-28T23:03:31Z</time>
   </trkpt>
   <trkpt lat="47.5336740" lon="-121.9981890">
    <ele>118.1</ele>
    <time>2020-10-28T23:03:32Z</time>
   </trkpt>
   <trkpt lat="47.5336920" lon="-121.9982250">
    <ele>118.0</ele>
    <time>2020-10-28T23:03:33Z</time>
   </trkpt>
   <trkpt lat="47.5337110" lon="-121.9982650">
    <ele>118.0</ele>
    <time>2020-10-28T23:03:34Z</time>
   </trkpt>
   <trkpt lat="47.5337390" lon="-121.9983220">
    <ele>117.9</ele>
    <time>2020-10-28T23:03:35Z</time>
   </trkpt>
   <trkpt lat="47.5337710" lon="-121.9983640">
    <ele>117.8</ele>
    <time>2020-10-28T23:03:36Z</time>
   </trkpt>
   <trkpt lat="47.5337950" lon="-121.9984140">
    <ele>117.7</ele>
    <time>2020-10-28T23:03:37Z</time>
   </trkpt>
   <trkpt lat="47.5338160" lon="-121.9984470">
    <ele>117.7</ele>
    <time>2020-10-28T23:03:38Z</time>
   </trkpt>
   <trkpt lat="47.5338430" lon="-121.9985090">
    <ele>117.6</ele>
    <time>2020-10-28T23:03:39Z</time>
   </trkpt>
   <trkpt lat="47.5338510" lon="-121.9985550">
    <ele>117.5</ele>
    <time>2020-10-28T23:03:40Z</time>
   </trkpt>
   <trkpt lat="47.5338720" lon="-121.9985930">
    <ele>117.4</ele>
    <time>2020-10-28T23:03:41Z</time>
   </trkpt>
   <trkpt lat="47.5338960" lon="-121.9986390">
    <ele>117.4</ele>
    <time>2020-10-28T23:03:42Z</time>
   </trkpt>
   <trkpt lat="47.5339140" lon="-121.9986810">
    <ele>117.3</ele>
    <time>2020-10-28T23:03:43Z</time>
   </trkpt>
   <trkpt lat="47.5339370" lon="-121.9987190">
    <ele>117.2</ele>
    <time>2020-10-28T23:03:44Z</time>
   </trkpt>
   <trkpt lat="47.5339590" lon="-121.9987630">
    <ele>117.2</ele>
    <time>2020-10-28T23:03:45Z</time>
   </trkpt>
   <trkpt lat="47.5339860" lon="-121.9988150">
    <ele>117.1</ele>
    <time>2020-10-28T23:03:46Z</time>
   </trkpt>
   <trkpt lat="47.5339840" lon="-121.9988630">
    <ele>117.1</ele>
    <time>2020-10-28T23:03:47Z</time>
   </trkpt>
   <trkpt lat="47.5340180" lon="-121.9989100">
    <ele>117.0</ele>
    <time>2020-10-28T23:03:48Z</time>
   </trkpt>
   <trkpt lat="47.5340360" lon="-121.9989650">
    <ele>117.0</ele>
    <time>2020-10-28T23:03:49Z</time>
   </trkpt>
   <trkpt lat="47.5340500" lon="-121.9990210">
    <ele>117.0</ele>
    <time>2020-10-28T23:03:50Z</time>
   </trkpt>
   <trkpt lat="47.5340800" lon="-121.9990990">
    <ele>116.9</ele>
    <time>2020-10-28T23:03:51Z</time>
   </trkpt>
   <trkpt lat="47.5340980" lon="-121.9991560">
    <ele>116.9</ele>
    <time>2020-10-28T23:03:52Z</time>
   </trkpt>
   <trkpt lat="47.5341230" lon="-121.9992060">
    <ele>116.8</ele>
    <time>2020-10-28T23:03:53Z</time>
   </trkpt>
   <trkpt lat="47.5341450" lon="-121.9992500">
    <ele>116.8</ele>
    <time>2020-10-28T23:03:54Z</time>
   </trkpt>
   <trkpt lat="47.5341760" lon="-121.9992740">
    <ele>116.7</ele>
    <time>2020-10-28T23:03:55Z</time>
   </trkpt>
   <trkpt lat="47.5342130" lon="-121.9993240">
    <ele>116.6</ele>
    <time>2020-10-28T23:03:56Z</time>
   </trkpt>
   <trkpt lat="47.5342350" lon="-121.9993640">
    <ele>116.6</ele>
    <time>2020-10-28T23:03:57Z</time>
   </trkpt>
   <trkpt lat="47.5342730" lon="-121.9994100">
    <ele>116.5</ele>
    <time>2020-10-28T23:03:58Z</time>
   </trkpt>
   <trkpt lat="47.5342920" lon="-121.9994650">
    <ele>116.4</ele>
    <time>2020-10-28T23:03:59Z</time>
   </trkpt>
   <trkpt lat="47.5343230" lon="-121.9995050">
    <ele>116.3</ele>
    <time>2020-10-28T23:04:00Z</time>
   </trkpt>
   <trkpt lat="47.5343560" lon="-121.9995470">
    <ele>116.2</ele>
    <time>2020-10-28T23:04:01Z</time>
   </trkpt>
   <trkpt lat="47.5343830" lon="-121.9995950">
    <ele>116.1</ele>
    <time>2020-10-28T23:04:02Z</time>
   </trkpt>
   <trkpt lat="47.5344080" lon="-121.9996270">
    <ele>116.1</ele>
    <time>2020-10-28T23:04:03Z</time>
   </trkpt>
   <trkpt lat="47.5344260" lon="-121.9996800">
    <ele>116.0</ele>
    <time>2020-10-28T23:04:04Z</time>
   </trkpt>
   <trkpt lat="47.5344290" lon="-121.9997210">
    <ele>115.9</ele>
    <time>2020-10-28T23:04:05Z</time>
   </trkpt>
   <trkpt lat="47.5344430" lon="-121.9997650">
    <ele>115.8</ele>
    <time>2020-10-28T23:04:06Z</time>
   </trkpt>
   <trkpt lat="47.5344830" lon="-121.9998160">
    <ele>115.7</ele>
    <time>2020-10-28T23:04:07Z</time>
   </trkpt>
   <trkpt lat="47.5345260" lon="-121.9998540">
    <ele>115.5</ele>
    <time>2020-10-28T23:04:08Z</time>
   </trkpt>
   <trkpt lat="47.5345650" lon="-121.9998980">
    <ele>115.4</ele>
    <time>2020-10-28T23:04:09Z</time>
   </trkpt>
   <trkpt lat="47.5345770" lon="-121.9999390">
    <ele>115.3</ele>
    <time>2020-10-28T23:04:10Z</time>
   </trkpt>
   <trkpt lat="47.5346110" lon="-121.9999830">
    <ele>115.1</ele>
    <time>2020-10-28T23:04:11Z</time>
   </trkpt>
   <trkpt lat="47.5346400" lon="-122.0000230">
    <ele>115.0</ele>
    <time>2020-10-28T23:04:12Z</time>
   </trkpt>
   <trkpt lat="47.5346560" lon="-122.0000400">
    <ele>114.9</ele>
    <time>2020-10-28T23:04:13Z</time>
   </trkpt>
   <trkpt lat="47.5346910" lon="-122.0000890">
    <ele>114.8</ele>
    <time>2020-10-28T23:04:14Z</time>
   </trkpt>
   <trkpt lat="47.5347080" lon="-122.0001420">
    <ele>114.7</ele>
    <time>2020-10-28T23:04:15Z</time>
   </trkpt>
   <trkpt lat="47.5347380" lon="-122.0001810">
    <ele>114.5</ele>
    <time>2020-10-28T23:04:16Z</time>
   </trkpt>
   <trkpt lat="47.5347650" lon="-122.0002430">
    <ele>114.4</ele>
    <time>2020-10-28T23:04:17Z</time>
   </trkpt>
   <trkpt lat="47.5347940" lon="-122.0002930">
    <ele>114.3</ele>
    <time>2020-10-28T23:04:18Z</time>
   </trkpt>
   <trkpt lat="47.5348190" lon="-122.0003050">
    <ele>114.2</ele>
    <time>2020-10-28T23:04:19Z</time>
   </trkpt>
   <trkpt lat="47.5348370" lon="-122.0003410">
    <ele>114.2</ele>
    <time>2020-10-28T23:04:20Z</time>
   </trkpt>
   <trkpt lat="47.5348630" lon="-122.0003570">
    <ele>114.1</ele>
    <time>2020-10-28T23:04:21Z</time>
   </trkpt>
   <trkpt lat="47.5348930" lon="-122.0003670">
    <ele>114.0</ele>
    <time>2020-10-28T23:04:22Z</time>
   </trkpt>
   <trkpt lat="47.5349260" lon="-122.0003780">
    <ele>114.0</ele>
    <time>2020-10-28T23:04:23Z</time>
   </trkpt>
   <trkpt lat="47.5349580" lon="-122.0003890">
    <ele>113.9</ele>
    <time>2020-10-28T23:04:24Z</time>
   </trkpt>
   <trkpt lat="47.5349900" lon="-122.0004160">
    <ele>113.8</ele>
    <time>2020-10-28T23:04:25Z</time>
   </trkpt>
   <trkpt lat="47.5350110" lon="-122.0004530">
    <ele>113.8</ele>
    <time>2020-10-28T23:04:26Z</time>
   </trkpt>
   <trkpt lat="47.5350330" lon="-122.0005060">
    <ele>113.7</ele>
    <time>2020-10-28T23:04:27Z</time>
   </trkpt>
   <trkpt lat="47.5350590" lon="-122.0005300">
    <ele>113.6</ele>
    <time>2020-10-28T23:04:28Z</time>
   </trkpt>
   <trkpt lat="47.5350780" lon="-122.0005680">
    <ele>113.6</ele>
    <time>2020-10-28T23:04:29Z</time>
   </trkpt>
   <trkpt lat="47.5350910" lon="-122.0006170">
    <ele>113.5</ele>
    <time>2020-10-28T23:04:30Z</time>
   </trkpt>
   <trkpt lat="47.5351210" lon="-122.0006570">
    <ele>113.5</ele>
    <time>2020-10-28T23:04:31Z</time>
   </trkpt>
   <trkpt lat="47.5351400" lon="-122.0007040">
    <ele>113.4</ele>
    <time>2020-10-28T23:04:32Z</time>
   </trkpt>
   <trkpt lat="47.5351680" lon="-122.0007460">
    <ele>113.3</ele>
    <time>2020-10-28T23:04:33Z</time>
   </trkpt>
   <trkpt lat="47.5351810" lon="-122.0007990">
    <ele>113.3</ele>
    <time>2020-10-28T23:04:34Z</time>
   </trkpt>
   <trkpt lat="47.5352110" lon="-122.0008540">
    <ele>113.1</ele>
    <time>2020-10-28T23:04:35Z</time>
   </trkpt>
   <trkpt lat="47.5352350" lon="-122.0008920">
    <ele>113.0</ele>
    <time>2020-10-28T23:04:36Z</time>
   </trkpt>
   <trkpt lat="47.5352470" lon="-122.0009540">
    <ele>112.9</ele>
    <time>2020-10-28T23:04:37Z</time>
   </trkpt>
   <trkpt lat="47.5352660" lon="-122.0009940">
    <ele>112.8</ele>
    <time>2020-10-28T23:04:38Z</time>
   </trkpt>
   <trkpt lat="47.5353080" lon="-122.0010310">
    <ele>112.7</ele>
    <time>2020-10-28T23:04:39Z</time>
   </trkpt>
   <trkpt lat="47.5353440" lon="-122.0010670">
    <ele>112.5</ele>
    <time>2020-10-28T23:04:40Z</time>
   </trkpt>
   <trkpt lat="47.5353790" lon="-122.0010980">
    <ele>112.4</ele>
    <time>2020-10-28T23:04:41Z</time>
   </trkpt>
   <trkpt lat="47.5354140" lon="-122.0011260">
    <ele>112.2</ele>
    <time>2020-10-28T23:04:42Z</time>
   </trkpt>
   <trkpt lat="47.5354440" lon="-122.0011480">
    <ele>112.1</ele>
    <time>2020-10-28T23:04:43Z</time>
   </trkpt>
   <trkpt lat="47.5354730" lon="-122.0011800">
    <ele>112.0</ele>
    <time>2020-10-28T23:04:44Z</time>
   </trkpt>
   <trkpt lat="47.5354950" lon="-122.0012170">
    <ele>111.9</ele>
    <time>2020-10-28T23:04:45Z</time>
   </trkpt>
   <trkpt lat="47.5355220" lon="-122.0012570">
    <ele>111.7</ele>
    <time>2020-10-28T23:04:46Z</time>
   </trkpt>
   <trkpt lat="47.5355480" lon="-122.0012920">
    <ele>111.6</ele>
    <time>2020-10-28T23:04:47Z</time>
   </trkpt>
   <trkpt lat="47.5355650" lon="-122.0013330">
    <ele>111.6</ele>
    <time>2020-10-28T23:04:48Z</time>
   </trkpt>
   <trkpt lat="47.5355820" lon="-122.0013750">
    <ele>111.5</ele>
    <time>2020-10-28T23:04:49Z</time>
   </trkpt>
   <trkpt lat="47.5355890" lon="-122.0014440">
    <ele>111.4</ele>
    <time>2020-10-28T23:04:50Z</time>
   </trkpt>
   <trkpt lat="47.5356090" lon="-122.0014960">
    <ele>111.3</ele>
    <time>2020-10-28T23:04:51Z</time>
   </trkpt>
   <trkpt lat="47.5356280" lon="-122.0015550">
    <ele>111.2</ele>
    <time>2020-10-28T23:04:52Z</time>
   </trkpt>
   <trkpt lat="47.5356510" lon="-122.0015960">
    <ele>111.1</ele>
    <time>2020-10-28T23:04:53Z</time>
   </trkpt>
   <trkpt lat="47.5356660" lon="-122.0016470">
    <ele>111.1</ele>
    <time>2020-10-28T23:04:54Z</time>
   </trkpt>
   <trkpt lat="47.5356810" lon="-122.0016830">
    <ele>111.0</ele>
    <time>2020-10-28T23:04:55Z</time>
   </trkpt>
   <trkpt lat="47.5357010" lon="-122.0017260">
    <ele>110.9</ele>
    <time>2020-10-28T23:04:56Z</time>
   </trkpt>
   <trkpt lat="47.5357200" lon="-122.0017840">
    <ele>110.9</ele>
    <time>2020-10-28T23:04:57Z</time>
   </trkpt>
   <trkpt lat="47.5357470" lon="-122.0018240">
    <ele>110.8</ele>
    <time>2020-10-28T23:04:58Z</time>
   </trkpt>
   <trkpt lat="47.5357660" lon="-122.0018610">
    <ele>110.8</ele>
    <time>2020-10-28T23:04:59Z</time>
   </trkpt>
   <trkpt lat="47.5357760" lon="-122.0019050">
    <ele>110.8</ele>
    <time>2020-10-28T23:05:00Z</time>
   </trkpt>
   <trkpt lat="47.5358010" lon="-122.0019320">
    <ele>110.7</ele>
    <time>2020-10-28T23:05:01Z</time>
   </trkpt>
   <trkpt lat="47.5358260" lon="-122.0019590">
    <ele>110.7</ele>
    <time>2020-10-28T23:05:02Z</time>
   </trkpt>
   <trkpt lat="47.5358450" lon="-122.0020070">
    <ele>110.6</ele>
    <time>2020-10-28T23:05:03Z</time>
   </trkpt>
   <trkpt lat="47.5358660" lon="-122.0020530">
    <ele>110.6</ele>
    <time>2020-10-28T23:05:04Z</time>
   </trkpt>
   <trkpt lat="47.5358850" lon="-122.0020960">
    <ele>110.5</ele>
    <time>2020-10-28T23:05:05Z</time>
   </trkpt>
   <trkpt lat="47.5359110" lon="-122.0021320">
    <ele>110.4</ele>
    <time>2020-10-28T23:05:06Z</time>
   </trkpt>
   <trkpt lat="47.5359330" lon="-122.0021980">
    <ele>110.4</ele>
    <time>2020-10-28T23:05:07Z</time>
   </trkpt>
   <trkpt lat="47.5359460" lon="-122.0022610">
    <ele>110.3</ele>
    <time>2020-10-28T23:05:08Z</time>
   </trkpt>
   <trkpt lat="47.5359540" lon="-122.0023240">
    <ele>110.2</ele>
    <time>2020-10-28T23:05:09Z</time>
   </trkpt>
   <trkpt lat="47.5359630" lon="-122.0023690">
    <ele>110.1</ele>
    <time>2020-10-28T23:05:10Z</time>
   </trkpt>
   <trkpt lat="47.5359780" lon="-122.0024160">
    <ele>110.0</ele>
    <time>2020-10-28T23:05:11Z</time>
   </trkpt>
   <trkpt lat="47.5359890" lon="-122.0024650">
    <ele>109.8</ele>
    <time>2020-10-28T23:05:12Z</time>
   </trkpt>
   <trkpt lat="47.5359940" lon="-122.0025270">
    <ele>109.7</ele>
    <time>2020-10-28T23:05:13Z</time>
   </trkpt>
   <trkpt lat="47.5360020" lon="-122.0025720">
    <ele>109.6</ele>
    <time>2020-10-28T23:05:14Z</time>
   </trkpt>
   <trkpt lat="47.5360070" lon="-122.0026250">
    <ele>109.4</ele>
    <time>2020-10-28T23:05:15Z</time>
   </trkpt>
   <trkpt lat="47.5360300" lon="-122.0026680">
    <ele>109.3</ele>
    <time>2020-10-28T23:05:16Z</time>
   </trkpt>
   <trkpt lat="47.5360480" lon="-122.0027200">
    <ele>109.1</ele>
    <time>2020-10-28T23:05:17Z</time>
   </trkpt>
   <trkpt lat="47.5360520" lon="-122.0027750">
    <ele>109.0</ele>
    <time>2020-10-28T23:05:18Z</time>
   </trkpt>
   <trkpt lat="47.5360530" lon="-122.0028260">
    <ele>108.9</ele>
    <time>2020-10-28T23:05:19Z</time>
   </trkpt>
   <trkpt lat="47.5360450" lon="-122.0028810">
    <ele>108.8</ele>
    <time>2020-10-28T23:05:20Z</time>
   </trkpt>
   <trkpt lat="47.5360470" lon="-122.0029380">
    <ele>108.7</ele>
    <time>2020-10-28T23:05:21Z</time>
   </trkpt>
   <trkpt lat="47.5360420" lon="-122.0029820">
    <ele>108.6</ele>
    <time>2020-10-28T23:05:22Z</time>
   </trkpt>
   <trkpt lat="47.5360460" lon="-122.0030440">
    <ele>108.5</ele>
    <time>2020-10-28T23:05:23Z</time>
   </trkpt>
   <trkpt lat="47.5360460" lon="-122.0030700">
    <ele>108.5</ele>
    <time>2020-10-28T23:05:24Z</time>
   </trkpt>
   <trkpt lat="47.5360450" lon="-122.0031260">
    <ele>108.4</ele>
    <time>2020-10-28T23:05:25Z</time>
   </trkpt>
   <trkpt lat="47.5360510" lon="-122.0031890">
    <ele>108.4</ele>
    <time>2020-10-28T23:05:26Z</time>
   </trkpt>
   <trkpt lat="47.5360530" lon="-122.0032170">
    <ele>108.3</ele>
    <time>2020-10-28T23:05:27Z</time>
   </trkpt>
   <trkpt lat="47.5360560" lon="-122.0032700">
    <ele>108.3</ele>
    <time>2020-10-28T23:05:28Z</time>
   </trkpt>
   <trkpt lat="47.5360690" lon="-122.0033170">
    <ele>108.2</ele>
    <time>2020-10-28T23:05:29Z</time>
   </trkpt>
   <trkpt lat="47.5360760" lon="-122.0033640">
    <ele>108.1</ele>
    <time>2020-10-28T23:05:30Z</time>
   </trkpt>
   <trkpt lat="47.5360740" lon="-122.0034100">
    <ele>108.1</ele>
    <time>2020-10-28T23:05:31Z</time>
   </trkpt>
   <trkpt lat="47.5360800" lon="-122.0034630">
    <ele>108.0</ele>
    <time>2020-10-28T23:05:32Z</time>
   </trkpt>
   <trkpt lat="47.5360790" lon="-122.0035130">
    <ele>107.9</ele>
    <time>2020-10-28T23:05:33Z</time>
   </trkpt>
   <trkpt lat="47.5361000" lon="-122.0035630">
    <ele>107.8</ele>
    <time>2020-10-28T23:05:34Z</time>
   </trkpt>
   <trkpt lat="47.5361080" lon="-122.0036150">
    <ele>107.7</ele>
    <time>2020-10-28T23:05:35Z</time>
   </trkpt>
   <trkpt lat="47.5361180" lon="-122.0036590">
    <ele>107.7</ele>
    <time>2020-10-28T23:05:36Z</time>
   </trkpt>
   <trkpt lat="47.5361160" lon="-122.0037130">
    <ele>107.6</ele>
    <time>2020-10-28T23:05:37Z</time>
   </trkpt>
   <trkpt lat="47.5361070" lon="-122.0037540">
    <ele>107.5</ele>
    <time>2020-10-28T23:05:38Z</time>
   </trkpt>
   <trkpt lat="47.5361070" lon="-122.0037990">
    <ele>107.4</ele>
    <time>2020-10-28T23:05:39Z</time>
   </trkpt>
   <trkpt lat="47.5361000" lon="-122.0038490">
    <ele>107.4</ele>
    <time>2020-10-28T23:05:40Z</time>
   </trkpt>
   <trkpt lat="47.5361020" lon="-122.0039060">
    <ele>107.3</ele>
    <time>2020-10-28T23:05:41Z</time>
   </trkpt>
   <trkpt lat="47.5361050" lon="-122.0039700">
    <ele>107.2</ele>
    <time>2020-10-28T23:05:42Z</time>
   </trkpt>
   <trkpt lat="47.5361110" lon="-122.0040170">
    <ele>107.2</ele>
    <time>2020-10-28T23:05:43Z</time>
   </trkpt>
   <trkpt lat="47.5361180" lon="-122.0040700">
    <ele>107.1</ele>
    <time>2020-10-28T23:05:44Z</time>
   </trkpt>
   <trkpt lat="47.5361150" lon="-122.0041160">
    <ele>107.1</ele>
    <time>2020-10-28T23:05:45Z</time>
   </trkpt>
   <trkpt lat="47.5361100" lon="-122.0041770">
    <ele>107.0</ele>
    <time>2020-10-28T23:05:46Z</time>
   </trkpt>
   <trkpt lat="47.5361190" lon="-122.0042420">
    <ele>107.0</ele>
    <time>2020-10-28T23:05:47Z</time>
   </trkpt>
   <trkpt lat="47.5361260" lon="-122.0043030">
    <ele>106.9</ele>
    <time>2020-10-28T23:05:48Z</time>
   </trkpt>
   <trkpt lat="47.5361350" lon="-122.0043630">
    <ele>106.8</ele>
    <time>2020-10-28T23:05:49Z</time>
   </trkpt>
   <trkpt lat="47.5361380" lon="-122.0044210">
    <ele>106.8</ele>
    <time>2020-10-28T23:05:50Z</time>
   </trkpt>
   <trkpt lat="47.5361460" lon="-122.0044730">
    <ele>106.7</ele>
    <time>2020-10-28T23:05:51Z</time>
   </trkpt>
   <trkpt lat="47.5361450" lon="-122.0045240">
    <ele>106.7</ele>
    <time>2020-10-28T23:05:52Z</time>
   </trkpt>
   <trkpt lat="47.5361330" lon="-122.0045940">
    <ele>106.6</ele>
    <time>2020-10-28T23:05:53Z</time>
   </trkpt>
   <trkpt lat="47.5361310" lon="-122.0046510">
    <ele>106.5</ele>
    <time>2020-10-28T23:05:54Z</time>
   </trkpt>
   <trkpt lat="47.5361400" lon="-122.0047240">
    <ele>106.4</ele>
    <time>2020-10-28T23:05:55Z</time>
   </trkpt>
   <trkpt lat="47.5361660" lon="-122.0047700">
    <ele>106.3</ele>
    <time>2020-10-28T23:05:56Z</time>
   </trkpt>
   <trkpt lat="47.5361770" lon="-122.0048110">
    <ele>106.2</ele>
    <time>2020-10-28T23:05:57Z</time>
   </trkpt>
   <trkpt lat="47.5361700" lon="-122.0048750">
    <ele>106.1</ele>
    <time>2020-10-28T23:05:58Z</time>
   </trkpt>
   <trkpt lat="47.5361850" lon="-122.0049220">
    <ele>106.1</ele>
    <time>2020-10-28T23:05:59Z</time>
   </trkpt>
   <trkpt lat="47.5361910" lon="-122.0049690">
    <ele>106.0</ele>
    <time>2020-10-28T23:06:00Z</time>
   </trkpt>
   <trkpt lat="47.5362000" lon="-122.0050320">
    <ele>105.9</ele>
    <time>2020-10-28T23:06:01Z</time>
   </trkpt>
   <trkpt lat="47.5362110" lon="-122.0050910">
    <ele>105.8</ele>
    <time>2020-10-28T23:06:02Z</time>
   </trkpt>
   <trkpt lat="47.5362240" lon="-122.0051270">
    <ele>105.8</ele>
    <time>2020-10-28T23:06:03Z</time>
   </trkpt>
   <trkpt lat="47.5362420" lon="-122.0051870">
    <ele>105.7</ele>
    <time>2020-10-28T23:06:04Z</time>
   </trkpt>
   <trkpt lat="47.5362620" lon="-122.0052310">
    <ele>105.6</ele>
    <time>2020-10-28T23:06:05Z</time>
   </trkpt>
   <trkpt lat="47.5363020" lon="-122.0052840">
    <ele>105.5</ele>
    <time>2020-10-28T23:06:06Z</time>
   </trkpt>
   <trkpt lat="47.5363380" lon="-122.0053000">
    <ele>105.4</ele>
    <time>2020-10-28T23:06:07Z</time>
   </trkpt>
   <trkpt lat="47.5363650" lon="-122.0053340">
    <ele>105.3</ele>
    <time>2020-10-28T23:06:08Z</time>
   </trkpt>
   <trkpt lat="47.5363800" lon="-122.0053930">
    <ele>105.2</ele>
    <time>2020-10-28T23:06:09Z</time>
   </trkpt>
   <trkpt lat="47.5364030" lon="-122.0054330">
    <ele>105.1</ele>
    <time>2020-10-28T23:06:10Z</time>
   </trkpt>
   <trkpt lat="47.5364300" lon="-122.0054800">
    <ele>105.0</ele>
    <time>2020-10-28T23:06:11Z</time>
   </trkpt>
   <trkpt lat="47.5364450" lon="-122.0055200">
    <ele>104.9</ele>
    <time>2020-10-28T23:06:12Z</time>
   </trkpt>
   <trkpt lat="47.5364730" lon="-122.0055610">
    <ele>104.8</ele>
    <time>2020-10-28T23:06:13Z</time>
   </trkpt>
   <trkpt lat="47.5365000" lon="-122.0056100">
    <ele>104.7</ele>
    <time>2020-10-28T23:06:14Z</time>
   </trkpt>
   <trkpt lat="47.5365100" lon="-122.0056600">
    <ele>104.6</ele>
    <time>2020-10-28T23:06:15Z</time>
   </trkpt>
   <trkpt lat="47.5365460" lon="-122.0057020">
    <ele>104.5</ele>
    <time>2020-10-28T23:06:16Z</time>
   </trkpt>
   <trkpt lat="47.5365620" lon="-122.0057400">
    <ele>104.5</ele>
    <time>2020-10-28T23:06:17Z</time>
   </trkpt>
   <trkpt lat="47.5365800" lon="-122.0057720">
    <ele>104.4</ele>
    <time>2020-10-28T23:06:18Z</time>
   </trkpt>
   <trkpt lat="47.5366050" lon="-122.0058090">
    <ele>104.4</ele>
    <time>2020-10-28T23:06:19Z</time>
   </trkpt>
   <trkpt lat="47.5366320" lon="-122.0058450">
    <ele>104.3</ele>
    <time>2020-10-28T23:06:20Z</time>
   </trkpt>
   <trkpt lat="47.5366510" lon="-122.0058810">
    <ele>104.3</ele>
    <time>2020-10-28T23:06:21Z</time>
   </trkpt>
   <trkpt lat="47.5366660" lon="-122.0059270">
    <ele>104.2</ele>
    <time>2020-10-28T23:06:22Z</time>
   </trkpt>
   <trkpt lat="47.5366690" lon="-122.0059900">
    <ele>104.2</ele>
    <time>2020-10-28T23:06:23Z</time>
   </trkpt>
   <trkpt lat="47.5366710" lon="-122.0060150">
    <ele>104.1</ele>
    <time>2020-10-28T23:06:24Z</time>
   </trkpt>
   <trkpt lat="47.5366870" lon="-122.0060530">
    <ele>104.1</ele>
    <time>2020-10-28T23:06:25Z</time>
   </trkpt>
   <trkpt lat="47.5366950" lon="-122.0060990">
    <ele>104.0</ele>
    <time>2020-10-28T23:06:26Z</time>
   </trkpt>
   <trkpt lat="47.5367100" lon="-122.0061400">
    <ele>103.9</ele>
    <time>2020-10-28T23:06:27Z</time>
   </trkpt>
   <trkpt lat="47.5367280" lon="-122.0061800">
    <ele>103.9</ele>
    <time>2020-10-28T23:06:28Z</time>
   </trkpt>
   <trkpt lat="47.5367590" lon="-122.0062120">
    <ele>103.8</ele>
    <time>2020-10-28T23:06:29Z</time>
   </trkpt>
   <trkpt lat="47.5367850" lon="-122.0062470">
    <ele>103.7</ele>
    <time>2020-10-28T23:06:30Z</time>
   </trkpt>
   <trkpt lat="47.5368070" lon="-122.0062700">
    <ele>103.6</ele>
    <time>2020-10-28T23:06:31Z</time>
   </trkpt>
   <trkpt lat="47.5368330" lon="-122.0062940">
    <ele>103.5</ele>
    <time>2020-10-28T23:06:32Z</time>
   </trkpt>
   <trkpt lat="47.5368600" lon="-122.0063080">
    <ele>103.4</ele>
    <time>2020-10-28T23:06:33Z</time>
   </trkpt>
   <trkpt lat="47.5368850" lon="-122.0063360">
    <ele>103.4</ele>
    <time>2020-10-28T23:06:34Z</time>
   </trkpt>
   <trkpt lat="47.5368980" lon="-122.0063770">
    <ele>103.3</ele>
    <time>2020-10-28T23:06:35Z</time>
   </trkpt>
   <trkpt lat="47.5369250" lon="-122.0064200">
    <ele>103.2</ele>
    <time>2020-10-28T23:06:36Z</time>
   </trkpt>
   <trkpt lat="47.5369360" lon="-122.0064320">
    <ele>103.2</ele>
    <time>2020-10-28T23:06:37Z</time>
   </trkpt>
   <trkpt lat="47.5369530" lon="-122.0064750">
    <ele>103.1</ele>
    <time>2020-10-28T23:06:38Z</time>
   </trkpt>
   <trkpt lat="47.5369570" lon="-122.0065200">
    <ele>103.1</ele>
    <time>2020-10-28T23:06:39Z</time>
   </trkpt>
   <trkpt lat="47.5369860" lon="-122.0065560">
    <ele>103.0</ele>
    <time>2020-10-28T23:06:40Z</time>
   </trkpt>
   <trkpt lat="47.5370150" lon="-122.0066030">
    <ele>102.9</ele>
    <time>2020-10-28T23:06:41Z</time>
   </trkpt>
   <trkpt lat="47.5370270" lon="-122.0066220">
    <ele>102.9</ele>
    <time>2020-10-28T23:06:42Z</time>
   </trkpt>
   <trkpt lat="47.5370470" lon="-122.0066680">
    <ele>102.8</ele>
    <time>2020-10-28T23:06:43Z</time>
   </trkpt>
   <trkpt lat="47.5370550" lon="-122.0067200">
    <ele>102.8</ele>
    <time>2020-10-28T23:06:44Z</time>
   </trkpt>
   <trkpt lat="47.5370680" lon="-122.0067750">
    <ele>102.7</ele>
    <time>2020-10-28T23:06:45Z</time>
   </trkpt>
   <trkpt lat="47.5370730" lon="-122.0067950">
    <ele>102.7</ele>
    <time>2020-10-28T23:06:46Z</time>
   </trkpt>
   <trkpt lat="47.5370820" lon="-122.0068380">
    <ele>102.6</ele>
    <time>2020-10-28T23:06:47Z</time>
   </trkpt>
   <trkpt lat="47.5370960" lon="-122.0068830">
    <ele>102.6</ele>
    <time>2020-10-28T23:06:48Z</time>
   </trkpt>
   <trkpt lat="47.5371100" lon="-122.0069310">
    <ele>102.5</ele>
    <time>2020-10-28T23:06:49Z</time>
   </trkpt>
   <trkpt lat="47.5371210" lon="-122.0069720">
    <ele>102.4</ele>
    <time>2020-10-28T23:06:50Z</time>
   </trkpt>
   <trkpt lat="47.5371540" lon="-122.0070060">
    <ele>102.4</ele>
    <time>2020-10-28T23:06:51Z</time>
   </trkpt>
   <trkpt lat="47.5371730" lon="-122.0070510">
    <ele>102.3</ele>
    <time>2020-10-28T23:06:52Z</time>
   </trkpt>
   <trkpt lat="47.5371830" lon="-122.0070620">
    <ele>102.3</ele>
    <time>2020-10-28T23:06:53Z</time>
   </trkpt>
   <trkpt lat="47.5372120" lon="-122.0071080">
    <ele>102.2</ele>
    <time>2020-10-28T23:06:54Z</time>
   </trkpt>
   <trkpt lat="47.5372400" lon="-122.0071390">
    <ele>102.1</ele>
    <time>2020-10-28T23:06:55Z</time>
   </trkpt>
   <trkpt lat="47.5372500" lon="-122.0071780">
    <ele>102.0</ele>
    <time>2020-10-28T23:06:56Z</time>
   </trkpt>
   <trkpt lat="47.5372500" lon="-122.0072360">
    <ele>102.0</ele>
    <time>2020-10-28T23:06:57Z</time>
   </trkpt>
   <trkpt lat="47.5372560" lon="-122.0072800">
    <ele>101.9</ele>
    <time>2020-10-28T23:06:58Z</time>
   </trkpt>
   <trkpt lat="47.5372600" lon="-122.0073280">
    <ele>101.8</ele>
    <time>2020-10-28T23:06:59Z</time>
   </trkpt>
   <trkpt lat="47.5372630" lon="-122.0073820">
    <ele>101.7</ele>
    <time>2020-10-28T23:07:00Z</time>
   </trkpt>
   <trkpt lat="47.5372760" lon="-122.0074280">
    <ele>101.7</ele>
    <time>2020-10-28T23:07:01Z</time>
   </trkpt>
   <trkpt lat="47.5372960" lon="-122.0074730">
    <ele>101.6</ele>
    <time>2020-10-28T23:07:02Z</time>
   </trkpt>
   <trkpt lat="47.5373140" lon="-122.0075190">
    <ele>101.6</ele>
    <time>2020-10-28T23:07:03Z</time>
   </trkpt>
   <trkpt lat="47.5373350" lon="-122.0075770">
    <ele>101.5</ele>
    <time>2020-10-28T23:07:04Z</time>
   </trkpt>
   <trkpt lat="47.5373460" lon="-122.0076330">
    <ele>101.4</ele>
    <time>2020-10-28T23:07:05Z</time>
   </trkpt>
   <trkpt lat="47.5373670" lon="-122.0076800">
    <ele>101.4</ele>
    <time>2020-10-28T23:07:06Z</time>
   </trkpt>
   <trkpt lat="47.5373880" lon="-122.0077260">
    <ele>101.3</ele>
    <time>2020-10-28T23:07:07Z</time>
   </trkpt>
   <trkpt lat="47.5374070" lon="-122.0077780">
    <ele>101.2</ele>
    <time>2020-10-28T23:07:08Z</time>
   </trkpt>
   <trkpt lat="47.5374190" lon="-122.0078340">
    <ele>101.1</ele>
    <time>2020-10-28T23:07:09Z</time>
   </trkpt>
   <trkpt lat="47.5374340" lon="-122.0078920">
    <ele>101.0</ele>
    <time>2020-10-28T23:07:10Z</time>
   </trkpt>
   <trkpt lat="47.5374410" lon="-122.0079160">
    <ele>101.0</ele>
    <time>2020-10-28T23:07:11Z</time>
   </trkpt>
   <trkpt lat="47.5374440" lon="-122.0079700">
    <ele>100.9</ele>
    <time>2020-10-28T23:07:12Z</time>
   </trkpt>
   <trkpt lat="47.5374570" lon="-122.0080370">
    <ele>100.8</ele>
    <time>2020-10-28T23:07:13Z</time>
   </trkpt>
   <trkpt lat="47.5374840" lon="-122.0080960">
    <ele>100.7</ele>
    <time>2020-10-28T23:07:14Z</time>
   </trkpt>
   <trkpt lat="47.5374820" lon="-122.0081370">
    <ele>100.6</ele>
    <time>2020-10-28T23:07:15Z</time>
   </trkpt>
   <trkpt lat="47.5374920" lon="-122.0081920">
    <ele>100.5</ele>
    <time>2020-10-28T23:07:16Z</time>
   </trkpt>
   <trkpt lat="47.5375070" lon="-122.0082360">
    <ele>100.5</ele>
    <time>2020-10-28T23:07:17Z</time>
   </trkpt>
   <trkpt lat="47.5375230" lon="-122.0082850">
    <ele>100.4</ele>
    <time>2020-10-28T23:07:18Z</time>
   </trkpt>
   <trkpt lat="47.5375420" lon="-122.0083370">
    <ele>100.3</ele>
    <time>2020-10-28T23:07:19Z</time>
   </trkpt>
   <trkpt lat="47.5375560" lon="-122.0083910">
    <ele>100.2</ele>
    <time>2020-10-28T23:07:20Z</time>
   </trkpt>
   <trkpt lat="47.5375600" lon="-122.0084410">
    <ele>100.1</ele>
    <time>2020-10-28T23:07:21Z</time>
   </trkpt>
   <trkpt lat="47.5375600" lon="-122.0084880">
    <ele>100.0</ele>
    <time>2020-10-28T23:07:22Z</time>
   </trkpt>
   <trkpt lat="47.5375710" lon="-122.0085320">
    <ele>100.0</ele>
    <time>2020-10-28T23:07:23Z</time>
   </trkpt>
   <trkpt lat="47.5375800" lon="-122.0085790">
    <ele>99.9</ele>
    <time>2020-10-28T23:07:24Z</time>
   </trkpt>
   <trkpt lat="47.5375980" lon="-122.0086240">
    <ele>99.8</ele>
    <time>2020-10-28T23:07:25Z</time>
   </trkpt>
   <trkpt lat="47.5376030" lon="-122.0086710">
    <ele>99.7</ele>
    <time>2020-10-28T23:07:26Z</time>
   </trkpt>
   <trkpt lat="47.5376180" lon="-122.0087190">
    <ele>99.6</ele>
    <time>2020-10-28T23:07:27Z</time>
   </trkpt>
   <trkpt lat="47.5376220" lon="-122.0087740">
    <ele>99.6</ele>
    <time>2020-10-28T23:07:28Z</time>
   </trkpt>
   <trkpt lat="47.5376370" lon="-122.0088260">
    <ele>99.5</ele>
    <time>2020-10-28T23:07:29Z</time>
   </trkpt>
   <trkpt lat="47.5376420" lon="-122.0088700">
    <ele>99.4</ele>
    <time>2020-10-28T23:07:30Z</time>
   </trkpt>
   <trkpt lat="47.5376500" lon="-122.0089210">
    <ele>99.3</ele>
    <time>2020-10-28T23:07:31Z</time>
   </trkpt>
   <trkpt lat="47.5376600" lon="-122.0089750">
    <ele>99.2</ele>
    <time>2020-10-28T23:07:32Z</time>
   </trkpt>
   <trkpt lat="47.5376540" lon="-122.0090410">
    <ele>99.2</ele>
    <time>2020-10-28T23:07:33Z</time>
   </trkpt>
   <trkpt lat="47.5376530" lon="-122.0090900">
    <ele>99.1</ele>
    <time>2020-10-28T23:07:34Z</time>
   </trkpt>
   <trkpt lat="47.5376550" lon="-122.0091380">
    <ele>99.0</ele>
    <time>2020-10-28T23:07:35Z</time>
   </trkpt>
   <trkpt lat="47.5376500" lon="-122.0091920">
    <ele>99.0</ele>
    <time>2020-10-28T23:07:36Z</time>
   </trkpt>
   <trkpt lat="47.5376380" lon="-122.0092350">
    <ele>98.9</ele>
    <time>2020-10-28T23:07:37Z</time>
   </trkpt>
   <trkpt lat="47.5376330" lon="-122.0093010">
    <ele>98.8</ele>
    <time>2020-10-28T23:07:38Z</time>
   </trkpt>
   <trkpt lat="47.5376220" lon="-122.0093560">
    <ele>98.7</ele>
    <time>2020-10-28T23:07:39Z</time>
   </trkpt>
   <trkpt lat="47.5376140" lon="-122.0094040">
    <ele>98.7</ele>
    <time>2020-10-28T23:07:40Z</time>
   </trkpt>
   <trkpt lat="47.5375940" lon="-122.0094580">
    <ele>98.6</ele>
    <time>2020-10-28T23:07:41Z</time>
   </trkpt>
   <trkpt lat="47.5375860" lon="-122.0095020">
    <ele>98.5</ele>
    <time>2020-10-28T23:07:42Z</time>
   </trkpt>
   <trkpt lat="47.5375710" lon="-122.0095600">
    <ele>98.5</ele>
    <time>2020-10-28T23:07:43Z</time>
   </trkpt>
   <trkpt lat="47.5375670" lon="-122.0096190">
    <ele>98.4</ele>
    <time>2020-10-28T23:07:44Z</time>
   </trkpt>
   <trkpt lat="47.5375550" lon="-122.0096740">
    <ele>98.3</ele>
    <time>2020-10-28T23:07:45Z</time>
   </trkpt>
   <trkpt lat="47.5375480" lon="-122.0097430">
    <ele>98.3</ele>
    <time>2020-10-28T23:07:46Z</time>
   </trkpt>
   <trkpt lat="47.5375470" lon="-122.0098030">
    <ele>98.2</ele>
    <time>2020-10-28T23:07:47Z</time>
   </trkpt>
   <trkpt lat="47.5375430" lon="-122.0098650">
    <ele>98.1</ele>
    <time>2020-10-28T23:07:48Z</time>
   </trkpt>
   <trkpt lat="47.5375300" lon="-122.0099300">
    <ele>98.0</ele>
    <time>2020-10-28T23:07:49Z</time>
   </trkpt>
   <trkpt lat="47.5375150" lon="-122.0099760">
    <ele>97.9</ele>
    <time>2020-10-28T23:07:50Z</time>
   </trkpt>
   <trkpt lat="47.5375020" lon="-122.0100290">
    <ele>97.8</ele>
    <time>2020-10-28T23:07:51Z</time>
   </trkpt>
   <trkpt lat="47.5375090" lon="-122.0100830">
    <ele>97.7</ele>
    <time>2020-10-28T23:07:52Z</time>
   </trkpt>
   <trkpt lat="47.5375050" lon="-122.0101270">
    <ele>97.6</ele>
    <time>2020-10-28T23:07:53Z</time>
   </trkpt>
   <trkpt lat="47.5375080" lon="-122.0101850">
    <ele>97.5</ele>
    <time>2020-10-28T23:07:54Z</time>
   </trkpt>
   <trkpt lat="47.5375090" lon="-122.0102440">
    <ele>97.4</ele>
    <time>2020-10-28T23:07:55Z</time>
   </trkpt>
   <trkpt lat="47.5374960" lon="-122.0102880">
    <ele>97.3</ele>
    <time>2020-10-28T23:07:56Z</time>
   </trkpt>
   <trkpt lat="47.5374880" lon="-122.0103270">
    <ele>97.2</ele>
    <time>2020-10-28T23:07:57Z</time>
   </trkpt>
   <trkpt lat="47.5374500" lon="-122.0103660">
    <ele>97.1</ele>
    <time>2020-10-28T23:07:58Z</time>
   </trkpt>
   <trkpt lat="47.5374360" lon="-122.0104340">
    <ele>97.0</ele>
    <time>2020-10-28T23:07:59Z</time>
   </trkpt>
   <trkpt lat="47.5374310" lon="-122.0104670">
    <ele>96.9</ele>
    <time>2020-10-28T23:08:00Z</time>
   </trkpt>
   <trkpt lat="47.5374330" lon="-122.0105100">
    <ele>96.9</ele>
    <time>2020-10-28T23:08:01Z</time>
   </trkpt>
   <trkpt lat="47.5374390" lon="-122.0105850">
    <ele>96.7</ele>
    <time>2020-10-28T23:08:02Z</time>
   </trkpt>
   <trkpt lat="47.5374220" lon="-122.0106510">
    <ele>96.6</ele>
    <time>2020-10-28T23:08:03Z</time>
   </trkpt>
   <trkpt lat="47.5374110" lon="-122.0107050">
    <ele>96.5</ele>
    <time>2020-10-28T23:08:04Z</time>
   </trkpt>
   <trkpt lat="47.5374000" lon="-122.0107710">
    <ele>96.4</ele>
    <time>2020-10-28T23:08:05Z</time>
   </trkpt>
   <trkpt lat="47.5373820" lon="-122.0108420">
    <ele>96.3</ele>
    <time>2020-10-28T23:08:06Z</time>
   </trkpt>
   <trkpt lat="47.5373810" lon="-122.0109010">
    <ele>96.2</ele>
    <time>2020-10-28T23:08:07Z</time>
   </trkpt>
   <trkpt lat="47.5373820" lon="-122.0109560">
    <ele>96.1</ele>
    <time>2020-10-28T23:08:08Z</time>
   </trkpt>
   <trkpt lat="47.5373930" lon="-122.0110100">
    <ele>96.0</ele>
    <time>2020-10-28T23:08:09Z</time>
   </trkpt>
   <trkpt lat="47.5373850" lon="-122.0110690">
    <ele>95.9</ele>
    <time>2020-10-28T23:08:10Z</time>
   </trkpt>
   <trkpt lat="47.5373790" lon="-122.0110890">
    <ele>95.9</ele>
    <time>2020-10-28T23:08:11Z</time>
   </trkpt>
   <trkpt lat="47.5373530" lon="-122.0111460">
    <ele>95.8</ele>
    <time>2020-10-28T23:08:12Z</time>
   </trkpt>
   <trkpt lat="47.5373310" lon="-122.0111690">
    <ele>95.7</ele>
    <time>2020-10-28T23:08:39Z</time>
   </trkpt>
   <trkpt lat="47.5373090" lon="-122.0111910">
    <ele>95.7</ele>
    <time>2020-10-28T23:08:40Z</time>
   </trkpt>
   <trkpt lat="47.5372870" lon="-122.0112140">
    <ele>95.6</ele>
    <time>2020-10-28T23:08:41Z</time>
   </trkpt>
   <trkpt lat="47.5372650" lon="-122.0112370">
    <ele>95.6</ele>
    <time>2020-10-28T23:08:42Z</time>
   </trkpt>
   <trkpt lat="47.5372680" lon="-122.0112770">
    <ele>95.6</ele>
    <time>2020-10-28T23:08:43Z</time>
   </trkpt>
   <trkpt lat="47.5372640" lon="-122.0113300">
    <ele>95.5</ele>
    <time>2020-10-28T23:08:44Z</time>
   </trkpt>
   <trkpt lat="47.5372510" lon="-122.0113670">
    <ele>95.5</ele>
    <time>2020-10-28T23:08:45Z</time>
   </trkpt>
   <trkpt lat="47.5372380" lon="-122.0114430">
    <ele>95.5</ele>
    <time>2020-10-28T23:08:46Z</time>
   </trkpt>
   <trkpt lat="47.5372680" lon="-122.0114880">
    <ele>95.4</ele>
    <time>2020-10-28T23:08:47Z</time>
   </trkpt>
   <trkpt lat="47.5372720" lon="-122.0115370">
    <ele>95.4</ele>
    <time>2020-10-28T23:08:48Z</time>
   </trkpt>
   <trkpt lat="47.5372830" lon="-122.0115990">
    <ele>95.4</ele>
    <time>2020-10-28T23:08:49Z</time>
   </trkpt>
   <trkpt lat="47.5372820" lon="-122.0116500">
    <ele>95.3</ele>
    <time>2020-10-28T23:08:50Z</time>
   </trkpt>
   <trkpt lat="47.5372890" lon="-122.0117080">
    <ele>95.2</ele>
    <time>2020-10-28T23:08:51Z</time>
   </trkpt>
   <trkpt lat="47.5372890" lon="-122.0117570">
    <ele>95.2</ele>
    <time>2020-10-28T23:08:52Z</time>
   </trkpt>
   <trkpt lat="47.5372890" lon="-122.0118170">
    <ele>95.1</ele>
    <time>2020-10-28T23:08:53Z</time>
   </trkpt>
   <trkpt lat="47.5372940" lon="-122.0118690">
    <ele>95.0</ele>
    <time>2020-10-28T23:08:54Z</time>
   </trkpt>
   <trkpt lat="47.5372960" lon="-122.0119410">
    <ele>94.9</ele>
    <time>2020-10-28T23:08:55Z</time>
   </trkpt>
   <trkpt lat="47.5372930" lon="-122.0120020">
    <ele>94.8</ele>
    <time>2020-10-28T23:08:56Z</time>
   </trkpt>
   <trkpt lat="47.5372980" lon="-122.0120590">
    <ele>94.7</ele>
    <time>2020-10-28T23:08:57Z</time>
   </trkpt>
   <trkpt lat="47.5373030" lon="-122.0121250">
    <ele>94.6</ele>
    <time>2020-10-28T23:08:58Z</time>
   </trkpt>
   <trkpt lat="47.5373030" lon="-122.0121940">
    <ele>94.5</ele>
    <time>2020-10-28T23:08:59Z</time>
   </trkpt>
   <trkpt lat="47.5373080" lon="-122.0122680">
    <ele>94.4</ele>
    <time>2020-10-28T23:09:00Z</time>
   </trkpt>
   <trkpt lat="47.5373090" lon="-122.0123200">
    <ele>94.4</ele>
    <time>2020-10-28T23:09:01Z</time>
   </trkpt>
   <trkpt lat="47.5373020" lon="-122.0123780">
    <ele>94.3</ele>
    <time>2020-10-28T23:09:02Z</time>
   </trkpt>
   <trkpt lat="47.5372920" lon="-122.0124610">
    <ele>94.1</ele>
    <time>2020-10-28T23:09:03Z</time>
   </trkpt>
   <trkpt lat="47.5372960" lon="-122.0125150">
    <ele>94.1</ele>
    <time>2020-10-28T23:09:04Z</time>
   </trkpt>
   <trkpt lat="47.5372900" lon="-122.0125790">
    <ele>93.9</ele>
    <time>2020-10-28T23:09:05Z</time>
   </trkpt>
   <trkpt lat="47.5372990" lon="-122.0126320">
    <ele>93.9</ele>
    <time>2020-10-28T23:09:06Z</time>
   </trkpt>
   <trkpt lat="47.5373060" lon="-122.0126850">
    <ele>93.8</ele>
    <time>2020-10-28T23:09:07Z</time>
   </trkpt>
   <trkpt lat="47.5373080" lon="-122.0127360">
    <ele>93.7</ele>
    <time>2020-10-28T23:09:08Z</time>
   </trkpt>
   <trkpt lat="47.5373360" lon="-122.0127860">
    <ele>93.6</ele>
    <time>2020-10-28T23:09:09Z</time>
   </trkpt>
   <trkpt lat="47.5373170" lon="-122.0128490">
    <ele>93.5</ele>
    <time>2020-10-28T23:09:10Z</time>
   </trkpt>
   <trkpt lat="47.5373110" lon="-122.0128990">
    <ele>93.4</ele>
    <time>2020-10-28T23:09:11Z</time>
   </trkpt>
   <trkpt lat="47.5373090" lon="-122.0129610">
    <ele>93.3</ele>
    <time>2020-10-28T23:09:12Z</time>
   </trkpt>
   <trkpt lat="47.5373070" lon="-122.0130080">
    <ele>93.2</ele>
    <time>2020-10-28T23:09:13Z</time>
   </trkpt>
   <trkpt lat="47.5373030" lon="-122.0130510">
    <ele>93.2</ele>
    <time>2020-10-28T23:09:14Z</time>
   </trkpt>
   <trkpt lat="47.5372900" lon="-122.0131110">
    <ele>93.1</ele>
    <time>2020-10-28T23:09:15Z</time>
   </trkpt>
   <trkpt lat="47.5373120" lon="-122.0131600">
    <ele>93.0</ele>
    <time>2020-10-28T23:09:16Z</time>
   </trkpt>
   <trkpt lat="47.5373270" lon="-122.0132160">
    <ele>92.9</ele>
    <time>2020-10-28T23:09:17Z</time>
   </trkpt>
   <trkpt lat="47.5373240" lon="-122.0132600">
    <ele>92.9</ele>
    <time>2020-10-28T23:09:18Z</time>
   </trkpt>
   <trkpt lat="47.5373340" lon="-122.0133020">
    <ele>92.8</ele>
    <time>2020-10-28T23:09:19Z</time>
   </trkpt>
   <trkpt lat="47.5373390" lon="-122.0133520">
    <ele>92.8</ele>
    <time>2020-10-28T23:09:20Z</time>
   </trkpt>
   <trkpt lat="47.5373550" lon="-122.0133900">
    <ele>92.8</ele>
    <time>2020-10-28T23:09:21Z</time>
   </trkpt>
   <trkpt lat="47.5373570" lon="-122.0134440">
    <ele>92.7</ele>
    <time>2020-10-28T23:09:22Z</time>
   </trkpt>
   <trkpt lat="47.5373480" lon="-122.0134980">
    <ele>92.7</ele>
    <time>2020-10-28T23:09:23Z</time>
   </trkpt>
   <trkpt lat="47.5373360" lon="-122.0135470">
    <ele>92.6</ele>
    <time>2020-10-28T23:09:24Z</time>
   </trkpt>
   <trkpt lat="47.5373220" lon="-122.0135940">
    <ele>92.6</ele>
    <time>2020-10-28T23:09:25Z</time>
   </trkpt>
   <trkpt lat="47.5373360" lon="-122.0136400">
    <ele>92.6</ele>
    <time>2020-10-28T23:09:26Z</time>
   </trkpt>
   <trkpt lat="47.5373210" lon="-122.0137000">
    <ele>92.5</ele>
    <time>2020-10-28T23:09:27Z</time>
   </trkpt>
   <trkpt lat="47.5373340" lon="-122.0137490">
    <ele>92.5</ele>
    <time>2020-10-28T23:09:28Z</time>
   </trkpt>
   <trkpt lat="47.5373380" lon="-122.0138010">
    <ele>92.5</ele>
    <time>2020-10-28T23:09:29Z</time>
   </trkpt>
   <trkpt lat="47.5373400" lon="-122.0138430">
    <ele>92.4</ele>
    <time>2020-10-28T23:09:30Z</time>
   </trkpt>
   <trkpt lat="47.5373460" lon="-122.0138880">
    <ele>92.4</ele>
    <time>2020-10-28T23:09:31Z</time>
   </trkpt>
   <trkpt lat="47.5373560" lon="-122.0139300">
    <ele>92.4</ele>
    <time>2020-10-28T23:09:32Z</time>
   </trkpt>
   <trkpt lat="47.5373560" lon="-122.0139720">
    <ele>92.3</ele>
    <time>2020-10-28T23:09:33Z</time>
   </trkpt>
   <trkpt lat="47.5373510" lon="-122.0140280">
    <ele>92.3</ele>
    <time>2020-10-28T23:09:34Z</time>
   </trkpt>
   <trkpt lat="47.5373410" lon="-122.0140830">
    <ele>92.2</ele>
    <time>2020-10-28T23:09:35Z</time>
   </trkpt>
   <trkpt lat="47.5373350" lon="-122.0141350">
    <ele>92.1</ele>
    <time>2020-10-28T23:09:36Z</time>
   </trkpt>
   <trkpt lat="47.5373280" lon="-122.0141780">
    <ele>92.1</ele>
    <time>2020-10-28T23:09:37Z</time>
   </trkpt>
   <trkpt lat="47.5373320" lon="-122.0142310">
    <ele>92.0</ele>
    <time>2020-10-28T23:09:38Z</time>
   </trkpt>
   <trkpt lat="47.5373320" lon="-122.0142750">
    <ele>92.0</ele>
    <time>2020-10-28T23:09:39Z</time>
   </trkpt>
   <trkpt lat="47.5373260" lon="-122.0143140">
    <ele>92.0</ele>
    <time>2020-10-28T23:09:40Z</time>
   </trkpt>
   <trkpt lat="47.5373180" lon="-122.0143630">
    <ele>91.9</ele>
    <time>2020-10-28T23:09:41Z</time>
   </trkpt>
   <trkpt lat="47.5373190" lon="-122.0144130">
    <ele>91.9</ele>
    <time>2020-10-28T23:09:42Z</time>
   </trkpt>
   <trkpt lat="47.5373240" lon="-122.0144610">
    <ele>91.8</ele>
    <time>2020-10-28T23:09:43Z</time>
   </trkpt>
   <trkpt lat="47.5373120" lon="-122.0145040">
    <ele>91.8</ele>
    <time>2020-10-28T23:09:44Z</time>
   </trkpt>
   <trkpt lat="47.5373030" lon="-122.0145500">
    <ele>91.7</ele>
    <time>2020-10-28T23:09:45Z</time>
   </trkpt>
   <trkpt lat="47.5372990" lon="-122.0145990">
    <ele>91.6</ele>
    <time>2020-10-28T23:09:46Z</time>
   </trkpt>
   <trkpt lat="47.5372830" lon="-122.0146420">
    <ele>91.6</ele>
    <time>2020-10-28T23:09:47Z</time>
   </trkpt>
   <trkpt lat="47.5372810" lon="-122.0146840">
    <ele>91.5</ele>
    <time>2020-10-28T23:09:48Z</time>
   </trkpt>
   <trkpt lat="47.5372820" lon="-122.0147310">
    <ele>91.5</ele>
    <time>2020-10-28T23:09:49Z</time>
   </trkpt>
   <trkpt lat="47.5372730" lon="-122.0147970">
    <ele>91.4</ele>
    <time>2020-10-28T23:09:50Z</time>
   </trkpt>
   <trkpt lat="47.5372680" lon="-122.0148240">
    <ele>91.3</ele>
    <time>2020-10-28T23:09:51Z</time>
   </trkpt>
   <trkpt lat="47.5372460" lon="-122.0148620">
    <ele>91.2</ele>
    <time>2020-10-28T23:09:52Z</time>
   </trkpt>
   <trkpt lat="47.5372260" lon="-122.0149020">
    <ele>91.1</ele>
    <time>2020-10-28T23:09:53Z</time>
   </trkpt>
   <trkpt lat="47.5372030" lon="-122.0149460">
    <ele>91.0</ele>
    <time>2020-10-28T23:09:54Z</time>
   </trkpt>
   <trkpt lat="47.5371730" lon="-122.0149770">
    <ele>90.9</ele>
    <time>2020-10-28T23:09:55Z</time>
   </trkpt>
   <trkpt lat="47.5371590" lon="-122.0150330">
    <ele>90.8</ele>
    <time>2020-10-28T23:09:56Z</time>
   </trkpt>
   <trkpt lat="47.5371410" lon="-122.0150850">
    <ele>90.7</ele>
    <time>2020-10-28T23:09:57Z</time>
   </trkpt>
   <trkpt lat="47.5371190" lon="-122.0151230">
    <ele>90.6</ele>
    <time>2020-10-28T23:09:58Z</time>
   </trkpt>
   <trkpt lat="47.5370970" lon="-122.0151570">
    <ele>90.5</ele>
    <time>2020-10-28T23:09:59Z</time>
   </trkpt>
   <trkpt lat="47.5370680" lon="-122.0152040">
    <ele>90.4</ele>
    <time>2020-10-28T23:10:00Z</time>
   </trkpt>
   <trkpt lat="47.5370510" lon="-122.0152610">
    <ele>90.3</ele>
    <time>2020-10-28T23:10:01Z</time>
   </trkpt>
   <trkpt lat="47.5370130" lon="-122.0152780">
    <ele>90.2</ele>
    <time>2020-10-28T23:10:02Z</time>
   </trkpt>
   <trkpt lat="47.5369950" lon="-122.0153120">
    <ele>90.1</ele>
    <time>2020-10-28T23:10:03Z</time>
   </trkpt>
   <trkpt lat="47.5369570" lon="-122.0153400">
    <ele>90.0</ele>
    <time>2020-10-28T23:10:04Z</time>
   </trkpt>
   <trkpt lat="47.5369370" lon="-122.0153900">
    <ele>89.9</ele>
    <time>2020-10-28T23:10:05Z</time>
   </trkpt>
   <trkpt lat="47.5369140" lon="-122.0154200">
    <ele>89.8</ele>
    <time>2020-10-28T23:10:06Z</time>
   </trkpt>
   <trkpt lat="47.5368790" lon="-122.0154570">
    <ele>89.7</ele>
    <time>2020-10-28T23:10:07Z</time>
   </trkpt>
   <trkpt lat="47.5368490" lon="-122.0154960">
    <ele>89.6</ele>
    <time>2020-10-28T23:10:08Z</time>
   </trkpt>
   <trkpt lat="47.5368380" lon="-122.0155140">
    <ele>89.6</ele>
    <time>2020-10-28T23:10:09Z</time>
   </trkpt>
   <trkpt lat="47.5368080" lon="-122.0155510">
    <ele>89.5</ele>
    <time>2020-10-28T23:10:10Z</time>
   </trkpt>
   <trkpt lat="47.5367950" lon="-122.0155640">
    <ele>89.5</ele>
    <time>2020-10-28T23:10:11Z</time>
   </trkpt>
   <trkpt lat="47.5367710" lon="-122.0155980">
    <ele>89.4</ele>
    <time>2020-10-28T23:10:12Z</time>
   </trkpt>
   <trkpt lat="47.5367450" lon="-122.0156270">
    <ele>89.4</ele>
    <time>2020-10-28T23:10:13Z</time>
   </trkpt>
   <trkpt lat="47.5367110" lon="-122.0156440">
    <ele>89.3</ele>
    <time>2020-10-28T23:10:14Z</time>
   </trkpt>
   <trkpt lat="47.5366820" lon="-122.0156790">
    <ele>89.3</ele>
    <time>2020-10-28T23:10:15Z</time>
   </trkpt>
   <trkpt lat="47.5366700" lon="-122.0156870">
    <ele>89.3</ele>
    <time>2020-10-28T23:10:16Z</time>
   </trkpt>
   <trkpt lat="47.5366430" lon="-122.0157110">
    <ele>89.2</ele>
    <time>2020-10-28T23:10:17Z</time>
   </trkpt>
   <trkpt lat="47.5366110" lon="-122.0157240">
    <ele>89.2</ele>
    <time>2020-10-28T23:10:18Z</time>
   </trkpt>
   <trkpt lat="47.5365780" lon="-122.0157390">
    <ele>89.1</ele>
    <time>2020-10-28T23:10:19Z</time>
   </trkpt>
   <trkpt lat="47.5365310" lon="-122.0157750">
    <ele>89.0</ele>
    <time>2020-10-28T23:10:21Z</time>
   </trkpt>
   <trkpt lat="47.5365120" lon="-122.0157870">
    <ele>88.9</ele>
    <time>2020-10-28T23:10:22Z</time>
   </trkpt>
   <trkpt lat="47.5364940" lon="-122.0158000">
    <ele>88.9</ele>
    <time>2020-10-28T23:10:23Z</time>
   </trkpt>
   <trkpt lat="47.5364610" lon="-122.0158170">
    <ele>88.8</ele>
    <time>2020-10-28T23:10:24Z</time>
   </trkpt>
   <trkpt lat="47.5364300" lon="-122.0158320">
    <ele>88.8</ele>
    <time>2020-10-28T23:10:25Z</time>
   </trkpt>
   <trkpt lat="47.5364040" lon="-122.0158480">
    <ele>88.7</ele>
    <time>2020-10-28T23:10:26Z</time>
   </trkpt>
   <trkpt lat="47.5363660" lon="-122.0158760">
    <ele>88.6</ele>
    <time>2020-10-28T23:10:27Z</time>
   </trkpt>
   <trkpt lat="47.5363510" lon="-122.0158890">
    <ele>88.6</ele>
    <time>2020-10-28T23:10:28Z</time>
   </trkpt>
   <trkpt lat="47.5363210" lon="-122.0158980">
    <ele>88.5</ele>
    <time>2020-10-28T23:10:29Z</time>
   </trkpt>
   <trkpt lat="47.5362930" lon="-122.0159260">
    <ele>88.4</ele>
    <time>2020-10-28T23:10:30Z</time>
   </trkpt>
   <trkpt lat="47.5362620" lon="-122.0159510">
    <ele>88.4</ele>
    <time>2020-10-28T23:10:31Z</time>
   </trkpt>
   <trkpt lat="47.5362320" lon="-122.0159720">
    <ele>88.3</ele>
    <time>2020-10-28T23:10:32Z</time>
   </trkpt>
   <trkpt lat="47.5362050" lon="-122.0160080">
    <ele>88.2</ele>
    <time>2020-10-28T23:10:33Z</time>
   </trkpt>
   <trkpt lat="47.5361700" lon="-122.0160170">
    <ele>88.2</ele>
    <time>2020-10-28T23:10:34Z</time>
   </trkpt>
   <trkpt lat="47.5361370" lon="-122.0160450">
    <ele>88.1</ele>
    <time>2020-10-28T23:10:35Z</time>
   </trkpt>
   <trkpt lat="47.5361030" lon="-122.0160600">
    <ele>88.0</ele>
    <time>2020-10-28T23:10:36Z</time>
   </trkpt>
   <trkpt lat="47.5360680" lon="-122.0160640">
    <ele>87.9</ele>
    <time>2020-10-28T23:10:37Z</time>
   </trkpt>
   <trkpt lat="47.5360290" lon="-122.0160740">
    <ele>87.8</ele>
    <time>2020-10-28T23:10:38Z</time>
   </trkpt>
   <trkpt lat="47.5359900" lon="-122.0160840">
    <ele>87.7</ele>
    <time>2020-10-28T23:10:39Z</time>
   </trkpt>
   <trkpt lat="47.5359510" lon="-122.0161020">
    <ele>87.6</ele>
    <time>2020-10-28T23:10:40Z</time>
   </trkpt>
   <trkpt lat="47.5359140" lon="-122.0161180">
    <ele>87.5</ele>
    <time>2020-10-28T23:10:41Z</time>
   </trkpt>
   <trkpt lat="47.5358780" lon="-122.0161250">
    <ele>87.4</ele>
    <time>2020-10-28T23:10:42Z</time>
   </trkpt>
   <trkpt lat="47.5358510" lon="-122.0161510">
    <ele>87.3</ele>
    <time>2020-10-28T23:10:43Z</time>
   </trkpt>
   <trkpt lat="47.5358230" lon="-122.0161690">
    <ele>87.2</ele>
    <time>2020-10-28T23:10:44Z</time>
   </trkpt>
   <trkpt lat="47.5357870" lon="-122.0161830">
    <ele>87.1</ele>
    <time>2020-10-28T23:10:45Z</time>
   </trkpt>
   <trkpt lat="47.5357550" lon="-122.0162050">
    <ele>87.1</ele>
    <time>2020-10-28T23:10:46Z</time>
   </trkpt>
   <trkpt lat="47.5357200" lon="-122.0162230">
    <ele>87.0</ele>
    <time>2020-10-28T23:10:47Z</time>
   </trkpt>
   <trkpt lat="47.5356890" lon="-122.0162480">
    <ele>87.0</ele>
    <time>2020-10-28T23:10:48Z</time>
   </trkpt>
   <trkpt lat="47.5356530" lon="-122.0162580">
    <ele>87.0</ele>
    <time>2020-10-28T23:10:49Z</time>
   </trkpt>
   <trkpt lat="47.5356220" lon="-122.0162890">
    <ele>87.0</ele>
    <time>2020-10-28T23:10:50Z</time>
   </trkpt>
   <trkpt lat="47.5355910" lon="-122.0163030">
    <ele>86.9</ele>
    <time>2020-10-28T23:10:51Z</time>
   </trkpt>
   <trkpt lat="47.5355590" lon="-122.0163280">
    <ele>86.9</ele>
    <time>2020-10-28T23:10:52Z</time>
   </trkpt>
   <trkpt lat="47.5355290" lon="-122.0163570">
    <ele>86.8</ele>
    <time>2020-10-28T23:10:53Z</time>
   </trkpt>
   <trkpt lat="47.5354970" lon="-122.0163740">
    <ele>86.7</ele>
    <time>2020-10-28T23:10:54Z</time>
   </trkpt>
   <trkpt lat="47.5354420" lon="-122.0164440">
    <ele>86.5</ele>
    <time>2020-10-28T23:10:55Z</time>
   </trkpt>
   <trkpt lat="47.5354150" lon="-122.0164720">
    <ele>86.3</ele>
    <time>2020-10-28T23:10:56Z</time>
   </trkpt>
   <trkpt lat="47.5353800" lon="-122.0164960">
    <ele>86.2</ele>
    <time>2020-10-28T23:10:57Z</time>
   </trkpt>
   <trkpt lat="47.5353540" lon="-122.0165190">
    <ele>86.0</ele>
    <time>2020-10-28T23:10:58Z</time>
   </trkpt>
   <trkpt lat="47.5353340" lon="-122.0165670">
    <ele>85.9</ele>
    <time>2020-10-28T23:10:59Z</time>
   </trkpt>
   <trkpt lat="47.5353170" lon="-122.0166060">
    <ele>85.7</ele>
    <time>2020-10-28T23:11:00Z</time>
   </trkpt>
   <trkpt lat="47.5352860" lon="-122.0166320">
    <ele>85.6</ele>
    <time>2020-10-28T23:11:01Z</time>
   </trkpt>
   <trkpt lat="47.5352640" lon="-122.0166550">
    <ele>85.5</ele>
    <time>2020-10-28T23:11:02Z</time>
   </trkpt>
   <trkpt lat="47.5352330" lon="-122.0166870">
    <ele>85.4</ele>
    <time>2020-10-28T23:11:03Z</time>
   </trkpt>
   <trkpt lat="47.5352010" lon="-122.0167180">
    <ele>85.2</ele>
    <time>2020-10-28T23:11:04Z</time>
   </trkpt>
   <trkpt lat="47.5351690" lon="-122.0167430">
    <ele>85.1</ele>
    <time>2020-10-28T23:11:05Z</time>
   </trkpt>
   <trkpt lat="47.5351550" lon="-122.0167900">
    <ele>85.1</ele>
    <time>2020-10-28T23:11:06Z</time>
   </trkpt>
   <trkpt lat="47.5351340" lon="-122.0168280">
    <ele>85.0</ele>
    <time>2020-10-28T23:11:07Z</time>
   </trkpt>
   <trkpt lat="47.5351000" lon="-122.0168580">
    <ele>84.9</ele>
    <time>2020-10-28T23:11:08Z</time>
   </trkpt>
   <trkpt lat="47.5350800" lon="-122.0168850">
    <ele>84.8</ele>
    <time>2020-10-28T23:11:09Z</time>
   </trkpt>
   <trkpt lat="47.5350510" lon="-122.0169120">
    <ele>84.7</ele>
    <time>2020-10-28T23:11:10Z</time>
   </trkpt>
   <trkpt lat="47.5350210" lon="-122.0169460">
    <ele>84.7</ele>
    <time>2020-10-28T23:11:11Z</time>
   </trkpt>
   <trkpt lat="47.5349970" lon="-122.0169830">
    <ele>84.6</ele>
    <time>2020-10-28T23:11:12Z</time>
   </trkpt>
   <trkpt lat="47.5349680" lon="-122.0170130">
    <ele>84.5</ele>
    <time>2020-10-28T23:11:13Z</time>
   </trkpt>
   <trkpt lat="47.5349520" lon="-122.0170620">
    <ele>84.5</ele>
    <time>2020-10-28T23:11:14Z</time>
   </trkpt>
   <trkpt lat="47.5349210" lon="-122.0170830">
    <ele>84.4</ele>
    <time>2020-10-28T23:11:15Z</time>
   </trkpt>
   <trkpt lat="47.5349050" lon="-122.0171320">
    <ele>84.4</ele>
    <time>2020-10-28T23:11:16Z</time>
   </trkpt>
   <trkpt lat="47.5348800" lon="-122.0171750">
    <ele>84.4</ele>
    <time>2020-10-28T23:11:17Z</time>
   </trkpt>
   <trkpt lat="47.5348620" lon="-122.0172270">
    <ele>84.3</ele>
    <time>2020-10-28T23:11:18Z</time>
   </trkpt>
   <trkpt lat="47.5348350" lon="-122.0172580">
    <ele>84.3</ele>
    <time>2020-10-28T23:11:19Z</time>
   </trkpt>
   <trkpt lat="47.5348110" lon="-122.0172900">
    <ele>84.3</ele>
    <time>2020-10-28T23:11:20Z</time>
   </trkpt>
   <trkpt lat="47.5347930" lon="-122.0173310">
    <ele>84.2</ele>
    <time>2020-10-28T23:11:21Z</time>
   </trkpt>
   <trkpt lat="47.5347750" lon="-122.0173720">
    <ele>84.2</ele>
    <time>2020-10-28T23:11:22Z</time>
   </trkpt>
   <trkpt lat="47.5347490" lon="-122.0174070">
    <ele>84.2</ele>
    <time>2020-10-28T23:11:23Z</time>
   </trkpt>
   <trkpt lat="47.5347270" lon="-122.0174500">
    <ele>84.2</ele>
    <time>2020-10-28T23:11:24Z</time>
   </trkpt>
   <trkpt lat="47.5347040" lon="-122.0174710">
    <ele>84.2</ele>
    <time>2020-10-28T23:11:25Z</time>
   </trkpt>
   <trkpt lat="47.5346840" lon="-122.0175150">
    <ele>84.1</ele>
    <time>2020-10-28T23:11:26Z</time>
   </trkpt>
   <trkpt lat="47.5346680" lon="-122.0175490">
    <ele>84.1</ele>
    <time>2020-10-28T23:11:27Z</time>
   </trkpt>
   <trkpt lat="47.5346450" lon="-122.0175900">
    <ele>84.1</ele>
    <time>2020-10-28T23:11:28Z</time>
   </trkpt>
   <trkpt lat="47.5346220" lon="-122.0176300">
    <ele>84.1</ele>
    <time>2020-10-28T23:11:29Z</time>
   </trkpt>
   <trkpt lat="47.5345890" lon="-122.0176650">
    <ele>84.0</ele>
    <time>2020-10-28T23:11:30Z</time>
   </trkpt>
   <trkpt lat="47.5345670" lon="-122.0177080">
    <ele>84.0</ele>
    <time>2020-10-28T23:11:31Z</time>
   </trkpt>
   <trkpt lat="47.5345390" lon="-122.0177420">
    <ele>83.9</ele>
    <time>2020-10-28T23:11:32Z</time>
   </trkpt>
   <trkpt lat="47.5345230" lon="-122.0177880">
    <ele>83.9</ele>
    <time>2020-10-28T23:11:33Z</time>
   </trkpt>
   <trkpt lat="47.5345110" lon="-122.0178250">
    <ele>83.8</ele>
    <time>2020-10-28T23:11:34Z</time>
   </trkpt>
   <trkpt lat="47.5344810" lon="-122.0178520">
    <ele>83.8</ele>
    <time>2020-10-28T23:11:35Z</time>
   </trkpt>
   <trkpt lat="47.5344610" lon="-122.0178940">
    <ele>83.7</ele>
    <time>2020-10-28T23:11:36Z</time>
   </trkpt>
   <trkpt lat="47.5344400" lon="-122.0179360">
    <ele>83.5</ele>
    <time>2020-10-28T23:11:37Z</time>
   </trkpt>
   <trkpt lat="47.5344080" lon="-122.0179710">
    <ele>83.4</ele>
    <time>2020-10-28T23:11:38Z</time>
   </trkpt>
   <trkpt lat="47.5343860" lon="-122.0180130">
    <ele>83.2</ele>
    <time>2020-10-28T23:11:39Z</time>
   </trkpt>
   <trkpt lat="47.5343640" lon="-122.0180460">
    <ele>83.1</ele>
    <time>2020-10-28T23:11:40Z</time>
   </trkpt>
   <trkpt lat="47.5343400" lon="-122.0180930">
    <ele>82.9</ele>
    <time>2020-10-28T23:11:41Z</time>
   </trkpt>
   <trkpt lat="47.5343080" lon="-122.0181280">
    <ele>82.6</ele>
    <time>2020-10-28T23:11:42Z</time>
   </trkpt>
   <trkpt lat="47.5342890" lon="-122.0181650">
    <ele>82.4</ele>
    <time>2020-10-28T23:11:43Z</time>
   </trkpt>
   <trkpt lat="47.5342750" lon="-122.0182110">
    <ele>82.2</ele>
    <time>2020-10-28T23:11:44Z</time>
   </trkpt>
   <trkpt lat="47.5342530" lon="-122.0182580">
    <ele>81.9</ele>
    <time>2020-10-28T23:11:45Z</time>
   </trkpt>
   <trkpt lat="47.5342320" lon="-122.0183040">
    <ele>81.6</ele>
    <time>2020-10-28T23:11:46Z</time>
   </trkpt>
   <trkpt lat="47.5342120" lon="-122.0183490">
    <ele>81.3</ele>
    <time>2020-10-28T23:11:47Z</time>
   </trkpt>
   <trkpt lat="47.5341920" lon="-122.0183830">
    <ele>81.1</ele>
    <time>2020-10-28T23:11:48Z</time>
   </trkpt>
   <trkpt lat="47.5341720" lon="-122.0184380">
    <ele>80.8</ele>
    <time>2020-10-28T23:11:49Z</time>
   </trkpt>
   <trkpt lat="47.5341590" lon="-122.0184950">
    <ele>80.5</ele>
    <time>2020-10-28T23:11:50Z</time>
   </trkpt>
   <trkpt lat="47.5341440" lon="-122.0185310">
    <ele>80.3</ele>
    <time>2020-10-28T23:11:51Z</time>
   </trkpt>
   <trkpt lat="47.5341240" lon="-122.0185910">
    <ele>80.0</ele>
    <time>2020-10-28T23:11:52Z</time>
   </trkpt>
   <trkpt lat="47.5341020" lon="-122.0186390">
    <ele>79.7</ele>
    <time>2020-10-28T23:11:53Z</time>
   </trkpt>
   <trkpt lat="47.5340860" lon="-122.0186780">
    <ele>79.5</ele>
    <time>2020-10-28T23:11:54Z</time>
   </trkpt>
   <trkpt lat="47.5340690" lon="-122.0187120">
    <ele>79.3</ele>
    <time>2020-10-28T23:11:55Z</time>
   </trkpt>
   <trkpt lat="47.5340450" lon="-122.0187580">
    <ele>79.1</ele>
    <time>2020-10-28T23:11:56Z</time>
   </trkpt>
   <trkpt lat="47.5340380" lon="-122.0188080">
    <ele>78.9</ele>
    <time>2020-10-28T23:11:57Z</time>
   </trkpt>
   <trkpt lat="47.5340270" lon="-122.0188520">
    <ele>78.7</ele>
    <time>2020-10-28T23:11:58Z</time>
   </trkpt>
   <trkpt lat="47.5340120" lon="-122.0188970">
    <ele>78.6</ele>
    <time>2020-10-28T23:11:59Z</time>
   </trkpt>
   <trkpt lat="47.5339860" lon="-122.0189520">
    <ele>78.3</ele>
    <time>2020-10-28T23:12:00Z</time>
   </trkpt>
   <trkpt lat="47.5339690" lon="-122.0190000">
    <ele>78.1</ele>
    <time>2020-10-28T23:12:01Z</time>
   </trkpt>
   <trkpt lat="47.5339590" lon="-122.0190370">
    <ele>78.0</ele>
    <time>2020-10-28T23:12:02Z</time>
   </trkpt>
   <trkpt lat="47.5339450" lon="-122.0190810">
    <ele>77.9</ele>
    <time>2020-10-28T23:12:03Z</time>
   </trkpt>
   <trkpt lat="47.5339260" lon="-122.0191250">
    <ele>77.7</ele>
    <time>2020-10-28T23:12:04Z</time>
   </trkpt>
   <trkpt lat="47.5339130" lon="-122.0191660">
    <ele>77.6</ele>
    <time>2020-10-28T23:12:05Z</time>
   </trkpt>
   <trkpt lat="47.5338890" lon="-122.0191990">
    <ele>77.5</ele>
    <time>2020-10-28T23:12:06Z</time>
   </trkpt>
   <trkpt lat="47.5338740" lon="-122.0192420">
    <ele>77.3</ele>
    <time>2020-10-28T23:12:07Z</time>
   </trkpt>
   <trkpt lat="47.5338570" lon="-122.0192970">
    <ele>77.2</ele>
    <time>2020-10-28T23:12:08Z</time>
   </trkpt>
   <trkpt lat="47.5338410" lon="-122.0193420">
    <ele>77.0</ele>
    <time>2020-10-28T23:12:09Z</time>
   </trkpt>
   <trkpt lat="47.5338320" lon="-122.0193880">
    <ele>76.9</ele>
    <time>2020-10-28T23:12:10Z</time>
   </trkpt>
   <trkpt lat="47.5338160" lon="-122.0194240">
    <ele>76.7</ele>
    <time>2020-10-28T23:12:11Z</time>
   </trkpt>
   <trkpt lat="47.5337990" lon="-122.0194670">
    <ele>76.6</ele>
    <time>2020-10-28T23:12:12Z</time>
   </trkpt>
   <trkpt lat="47.5337880" lon="-122.0195130">
    <ele>76.4</ele>
    <time>2020-10-28T23:12:13Z</time>
   </trkpt>
   <trkpt lat="47.5337920" lon="-122.0195580">
    <ele>76.3</ele>
    <time>2020-10-28T23:12:14Z</time>
   </trkpt>
   <trkpt lat="47.5337860" lon="-122.0196110">
    <ele>76.1</ele>
    <time>2020-10-28T23:12:15Z</time>
   </trkpt>
   <trkpt lat="47.5337700" lon="-122.0196540">
    <ele>76.0</ele>
    <time>2020-10-28T23:12:16Z</time>
   </trkpt>
   <trkpt lat="47.5337630" lon="-122.0197160">
    <ele>75.8</ele>
    <time>2020-10-28T23:12:17Z</time>
   </trkpt>
   <trkpt lat="47.5337460" lon="-122.0197650">
    <ele>75.6</ele>
    <time>2020-10-28T23:12:18Z</time>
   </trkpt>
   <trkpt lat="47.5337290" lon="-122.0198060">
    <ele>75.4</ele>
    <time>2020-10-28T23:12:19Z</time>
   </trkpt>
   <trkpt lat="47.5337110" lon="-122.0198680">
    <ele>75.2</ele>
    <time>2020-10-28T23:12:20Z</time>
   </trkpt>
   <trkpt lat="47.5337040" lon="-122.0199290">
    <ele>75.0</ele>
    <time>2020-10-28T23:12:21Z</time>
   </trkpt>
   <trkpt lat="47.5336990" lon="-122.0199880">
    <ele>74.8</ele>
    <time>2020-10-28T23:12:22Z</time>
   </trkpt>
   <trkpt lat="47.5336850" lon="-122.0200460">
    <ele>74.5</ele>
    <time>2020-10-28T23:12:23Z</time>
   </trkpt>
   <trkpt lat="47.5336720" lon="-122.0200930">
    <ele>74.3</ele>
    <time>2020-10-28T23:12:24Z</time>
   </trkpt>
   <trkpt lat="47.5336550" lon="-122.0201340">
    <ele>74.1</ele>
    <time>2020-10-28T23:12:25Z</time>
   </trkpt>
   <trkpt lat="47.5336500" lon="-122.0201790">
    <ele>74.0</ele>
    <time>2020-10-28T23:12:26Z</time>
   </trkpt>
   <trkpt lat="47.5336440" lon="-122.0202300">
    <ele>73.8</ele>
    <time>2020-10-28T23:12:27Z</time>
   </trkpt>
   <trkpt lat="47.5336350" lon="-122.0202700">
    <ele>73.6</ele>
    <time>2020-10-28T23:12:29Z</time>
   </trkpt>
   <trkpt lat="47.5336150" lon="-122.0203180">
    <ele>73.4</ele>
    <time>2020-10-28T23:12:30Z</time>
   </trkpt>
   <trkpt lat="47.5336070" lon="-122.0203680">
    <ele>73.2</ele>
    <time>2020-10-28T23:12:31Z</time>
   </trkpt>
   <trkpt lat="47.5336050" lon="-122.0204140">
    <ele>73.0</ele>
    <time>2020-10-28T23:12:32Z</time>
   </trkpt>
   <trkpt lat="47.5336010" lon="-122.0204650">
    <ele>72.8</ele>
    <time>2020-10-28T23:12:33Z</time>
   </trkpt>
   <trkpt lat="47.5335930" lon="-122.0205100">
    <ele>72.6</ele>
    <time>2020-10-28T23:12:34Z</time>
   </trkpt>
   <trkpt lat="47.5336010" lon="-122.0205560">
    <ele>72.4</ele>
    <time>2020-10-28T23:12:35Z</time>
   </trkpt>
   <trkpt lat="47.5335860" lon="-122.0206140">
    <ele>72.1</ele>
    <time>2020-10-28T23:12:36Z</time>
   </trkpt>
   <trkpt lat="47.5335830" lon="-122.0206660">
    <ele>71.9</ele>
    <time>2020-10-28T23:12:37Z</time>
   </trkpt>
   <trkpt lat="47.5335790" lon="-122.0207210">
    <ele>71.7</ele>
    <time>2020-10-28T23:12:38Z</time>
   </trkpt>
   <trkpt lat="47.5335460" lon="-122.0207680">
    <ele>71.4</ele>
    <time>2020-10-28T23:12:39Z</time>
   </trkpt>
   <trkpt lat="47.5335400" lon="-122.0208090">
    <ele>71.2</ele>
    <time>2020-10-28T23:12:40Z</time>
   </trkpt>
   <trkpt lat="47.5334860" lon="-122.0209030">
    <ele>70.7</ele>
    <time>2020-10-28T23:12:41Z</time>
   </trkpt>
   <trkpt lat="47.5334750" lon="-122.0209540">
    <ele>70.5</ele>
    <time>2020-10-28T23:12:42Z</time>
   </trkpt>
   <trkpt lat="47.5334580" lon="-122.0210060">
    <ele>70.3</ele>
    <time>2020-10-28T23:12:43Z</time>
   </trkpt>
   <trkpt lat="47.5334540" lon="-122.0210550">
    <ele>70.1</ele>
    <time>2020-10-28T23:12:44Z</time>
   </trkpt>
   <trkpt lat="47.5334400" lon="-122.0211120">
    <ele>69.9</ele>
    <time>2020-10-28T23:12:45Z</time>
   </trkpt>
   <trkpt lat="47.5334370" lon="-122.0211590">
    <ele>69.7</ele>
    <time>2020-10-28T23:12:46Z</time>
   </trkpt>
   <trkpt lat="47.5334180" lon="-122.0212110">
    <ele>69.5</ele>
    <time>2020-10-28T23:12:47Z</time>
   </trkpt>
   <trkpt lat="47.5333970" lon="-122.0212540">
    <ele>69.3</ele>
    <time>2020-10-28T23:12:48Z</time>
   </trkpt>
   <trkpt lat="47.5333830" lon="-122.0213050">
    <ele>69.0</ele>
    <time>2020-10-28T23:12:49Z</time>
   </trkpt>
   <trkpt lat="47.5333660" lon="-122.0213500">
    <ele>68.8</ele>
    <time>2020-10-28T23:12:50Z</time>
   </trkpt>
   <trkpt lat="47.5333300" lon="-122.0213770">
    <ele>68.6</ele>
    <time>2020-10-28T23:12:51Z</time>
   </trkpt>
   <trkpt lat="47.5333020" lon="-122.0214150">
    <ele>68.4</ele>
    <time>2020-10-28T23:12:52Z</time>
   </trkpt>
   <trkpt lat="47.5332750" lon="-122.0214350">
    <ele>68.2</ele>
    <time>2020-10-28T23:12:53Z</time>
   </trkpt>
   <trkpt lat="47.5332480" lon="-122.0214790">
    <ele>68.0</ele>
    <time>2020-10-28T23:12:54Z</time>
   </trkpt>
   <trkpt lat="47.5332160" lon="-122.0215050">
    <ele>67.8</ele>
    <time>2020-10-28T23:12:55Z</time>
   </trkpt>
   <trkpt lat="47.5331840" lon="-122.0215350">
    <ele>67.6</ele>
    <time>2020-10-28T23:12:56Z</time>
   </trkpt>
   <trkpt lat="47.5331610" lon="-122.0215610">
    <ele>67.4</ele>
    <time>2020-10-28T23:12:57Z</time>
   </trkpt>
   <trkpt lat="47.5331320" lon="-122.0216030">
    <ele>67.2</ele>
    <time>2020-10-28T23:12:58Z</time>
   </trkpt>
   <trkpt lat="47.5331060" lon="-122.0216270">
    <ele>67.0</ele>
    <time>2020-10-28T23:12:59Z</time>
   </trkpt>
   <trkpt lat="47.5330720" lon="-122.0216450">
    <ele>66.8</ele>
    <time>2020-10-28T23:13:00Z</time>
   </trkpt>
   <trkpt lat="47.5330420" lon="-122.0216640">
    <ele>66.6</ele>
    <time>2020-10-28T23:13:01Z</time>
   </trkpt>
   <trkpt lat="47.5330100" lon="-122.0216840">
    <ele>66.4</ele>
    <time>2020-10-28T23:13:02Z</time>
   </trkpt>
   <trkpt lat="47.5329780" lon="-122.0217100">
    <ele>66.2</ele>
    <time>2020-10-28T23:13:03Z</time>
   </trkpt>
   <trkpt lat="47.5329420" lon="-122.0217330">
    <ele>66.0</ele>
    <time>2020-10-28T23:13:04Z</time>
   </trkpt>
   <trkpt lat="47.5329160" lon="-122.0217540">
    <ele>65.9</ele>
    <time>2020-10-28T23:13:05Z</time>
   </trkpt>
   <trkpt lat="47.5328870" lon="-122.0217670">
    <ele>65.7</ele>
    <time>2020-10-28T23:13:06Z</time>
   </trkpt>
   <trkpt lat="47.5328550" lon="-122.0217830">
    <ele>65.5</ele>
    <time>2020-10-28T23:13:07Z</time>
   </trkpt>
   <trkpt lat="47.5328240" lon="-122.0218010">
    <ele>65.3</ele>
    <time>2020-10-28T23:13:08Z</time>
   </trkpt>
   <trkpt lat="47.5327820" lon="-122.0218010">
    <ele>65.1</ele>
    <time>2020-10-28T23:13:09Z</time>
   </trkpt>
   <trkpt lat="47.5327480" lon="-122.0218270">
    <ele>65.0</ele>
    <time>2020-10-28T23:13:10Z</time>
   </trkpt>
   <trkpt lat="47.5327120" lon="-122.0218370">
    <ele>64.8</ele>
    <time>2020-10-28T23:13:11Z</time>
   </trkpt>
   <trkpt lat="47.5326690" lon="-122.0218530">
    <ele>64.6</ele>
    <time>2020-10-28T23:13:12Z</time>
   </trkpt>
   <trkpt lat="47.5326320" lon="-122.0218690">
    <ele>64.5</ele>
    <time>2020-10-28T23:13:13Z</time>
   </trkpt>
   <trkpt lat="47.5326020" lon="-122.0218850">
    <ele>64.3</ele>
    <time>2020-10-28T23:13:14Z</time>
   </trkpt>
   <trkpt lat="47.5325740" lon="-122.0218920">
    <ele>64.3</ele>
    <time>2020-10-28T23:13:15Z</time>
   </trkpt>
   <trkpt lat="47.5325390" lon="-122.0219130">
    <ele>64.1</ele>
    <time>2020-10-28T23:13:16Z</time>
   </trkpt>
   <trkpt lat="47.5325090" lon="-122.0219410">
    <ele>64.0</ele>
    <time>2020-10-28T23:13:17Z</time>
   </trkpt>
   <trkpt lat="47.5324710" lon="-122.0219550">
    <ele>63.9</ele>
    <time>2020-10-28T23:13:18Z</time>
   </trkpt>
   <trkpt lat="47.5324280" lon="-122.0219820">
    <ele>63.8</ele>
    <time>2020-10-28T23:13:19Z</time>
   </trkpt>
   <trkpt lat="47.5324080" lon="-122.0219900">
    <ele>63.7</ele>
    <time>2020-10-28T23:13:20Z</time>
   </trkpt>
   <trkpt lat="47.5323700" lon="-122.0220110">
    <ele>63.6</ele>
    <time>2020-10-28T23:13:21Z</time>
   </trkpt>
   <trkpt lat="47.5323390" lon="-122.0220240">
    <ele>63.5</ele>
    <time>2020-10-28T23:13:22Z</time>
   </trkpt>
   <trkpt lat="47.5323140" lon="-122.0220510">
    <ele>63.4</ele>
    <time>2020-10-28T23:13:23Z</time>
   </trkpt>
   <trkpt lat="47.5322950" lon="-122.0221010">
    <ele>63.3</ele>
    <time>2020-10-28T23:13:24Z</time>
   </trkpt>
   <trkpt lat="47.5322790" lon="-122.0221440">
    <ele>63.3</ele>
    <time>2020-10-28T23:13:25Z</time>
   </trkpt>
   <trkpt lat="47.5322600" lon="-122.0221730">
    <ele>63.2</ele>
    <time>2020-10-28T23:13:26Z</time>
   </trkpt>
   <trkpt lat="47.5322450" lon="-122.0222210">
    <ele>63.1</ele>
    <time>2020-10-28T23:13:27Z</time>
   </trkpt>
   <trkpt lat="47.5322400" lon="-122.0222440">
    <ele>63.1</ele>
    <time>2020-10-28T23:13:28Z</time>
   </trkpt>
   <trkpt lat="47.5322350" lon="-122.0223030">
    <ele>63.0</ele>
    <time>2020-10-28T23:13:29Z</time>
   </trkpt>
   <trkpt lat="47.5322220" lon="-122.0223590">
    <ele>62.9</ele>
    <time>2020-10-28T23:13:30Z</time>
   </trkpt>
   <trkpt lat="47.5321980" lon="-122.0224010">
    <ele>62.8</ele>
    <time>2020-10-28T23:13:31Z</time>
   </trkpt>
   <trkpt lat="47.5321920" lon="-122.0224490">
    <ele>62.7</ele>
    <time>2020-10-28T23:13:32Z</time>
   </trkpt>
   <trkpt lat="47.5321660" lon="-122.0224940">
    <ele>62.6</ele>
    <time>2020-10-28T23:13:33Z</time>
   </trkpt>
   <trkpt lat="47.5321370" lon="-122.0225410">
    <ele>62.4</ele>
    <time>2020-10-28T23:13:34Z</time>
   </trkpt>
   <trkpt lat="47.5321220" lon="-122.0225550">
    <ele>62.4</ele>
    <time>2020-10-28T23:13:35Z</time>
   </trkpt>
   <trkpt lat="47.5320850" lon="-122.0225770">
    <ele>62.1</ele>
    <time>2020-10-28T23:13:36Z</time>
   </trkpt>
   <trkpt lat="47.5320510" lon="-122.0225930">
    <ele>61.9</ele>
    <time>2020-10-28T23:13:37Z</time>
   </trkpt>
   <trkpt lat="47.5320120" lon="-122.0226060">
    <ele>61.7</ele>
    <time>2020-10-28T23:13:38Z</time>
   </trkpt>
   <trkpt lat="47.5319980" lon="-122.0226110">
    <ele>61.6</ele>
    <time>2020-10-28T23:13:39Z</time>
   </trkpt>
   <trkpt lat="47.5319660" lon="-122.0226220">
    <ele>61.4</ele>
    <time>2020-10-28T23:13:40Z</time>
   </trkpt>
   <trkpt lat="47.5319390" lon="-122.0226380">
    <ele>61.3</ele>
    <time>2020-10-28T23:13:41Z</time>
   </trkpt>
   <trkpt lat="47.5319100" lon="-122.0226490">
    <ele>61.1</ele>
    <time>2020-10-28T23:13:42Z</time>
   </trkpt>
   <trkpt lat="47.5318870" lon="-122.0226840">
    <ele>61.0</ele>
    <time>2020-10-28T23:13:43Z</time>
   </trkpt>
   <trkpt lat="47.5318610" lon="-122.0226910">
    <ele>60.8</ele>
    <time>2020-10-28T23:13:44Z</time>
   </trkpt>
   <trkpt lat="47.5318360" lon="-122.0227190">
    <ele>60.7</ele>
    <time>2020-10-28T23:13:45Z</time>
   </trkpt>
   <trkpt lat="47.5318040" lon="-122.0227340">
    <ele>60.5</ele>
    <time>2020-10-28T23:13:46Z</time>
   </trkpt>
   <trkpt lat="47.5317750" lon="-122.0227500">
    <ele>60.3</ele>
    <time>2020-10-28T23:13:47Z</time>
   </trkpt>
   <trkpt lat="47.5317550" lon="-122.0227810">
    <ele>60.2</ele>
    <time>2020-10-28T23:13:48Z</time>
   </trkpt>
   <trkpt lat="47.5317310" lon="-122.0228200">
    <ele>60.0</ele>
    <time>2020-10-28T23:13:49Z</time>
   </trkpt>
   <trkpt lat="47.5317020" lon="-122.0228390">
    <ele>59.8</ele>
    <time>2020-10-28T23:13:50Z</time>
   </trkpt>
   <trkpt lat="47.5316710" lon="-122.0228500">
    <ele>59.7</ele>
    <time>2020-10-28T23:13:51Z</time>
   </trkpt>
   <trkpt lat="47.5316400" lon="-122.0228740">
    <ele>59.5</ele>
    <time>2020-10-28T23:13:52Z</time>
   </trkpt>
   <trkpt lat="47.5316120" lon="-122.0228930">
    <ele>59.3</ele>
    <time>2020-10-28T23:13:53Z</time>
   </trkpt>
   <trkpt lat="47.5315670" lon="-122.0228730">
    <ele>59.1</ele>
    <time>2020-10-28T23:13:54Z</time>
   </trkpt>
   <trkpt lat="47.5315380" lon="-122.0228650">
    <ele>58.9</ele>
    <time>2020-10-28T23:13:55Z</time>
   </trkpt>
   <trkpt lat="47.5315080" lon="-122.0228840">
    <ele>58.7</ele>
    <time>2020-10-28T23:13:56Z</time>
   </trkpt>
   <trkpt lat="47.5314760" lon="-122.0229010">
    <ele>58.6</ele>
    <time>2020-10-28T23:13:57Z</time>
   </trkpt>
   <trkpt lat="47.5314440" lon="-122.0229290">
    <ele>58.4</ele>
    <time>2020-10-28T23:13:58Z</time>
   </trkpt>
   <trkpt lat="47.5314090" lon="-122.0229490">
    <ele>58.2</ele>
    <time>2020-10-28T23:13:59Z</time>
   </trkpt>
   <trkpt lat="47.5313790" lon="-122.0229700">
    <ele>58.1</ele>
    <time>2020-10-28T23:14:00Z</time>
   </trkpt>
   <trkpt lat="47.5313470" lon="-122.0229880">
    <ele>58.0</ele>
    <time>2020-10-28T23:14:01Z</time>
   </trkpt>
   <trkpt lat="47.5313050" lon="-122.0229750">
    <ele>57.8</ele>
    <time>2020-10-28T23:14:02Z</time>
   </trkpt>
   <trkpt lat="47.5312780" lon="-122.0230030">
    <ele>57.6</ele>
    <time>2020-10-28T23:14:03Z</time>
   </trkpt>
   <trkpt lat="47.5312410" lon="-122.0230180">
    <ele>57.5</ele>
    <time>2020-10-28T23:14:04Z</time>
   </trkpt>
   <trkpt lat="47.5312070" lon="-122.0230100">
    <ele>57.4</ele>
    <time>2020-10-28T23:14:05Z</time>
   </trkpt>
   <trkpt lat="47.5311780" lon="-122.0230070">
    <ele>57.4</ele>
    <time>2020-10-28T23:14:06Z</time>
   </trkpt>
   <trkpt lat="47.5311700" lon="-122.0230070">
    <ele>57.4</ele>
    <time>2020-10-28T23:14:07Z</time>
   </trkpt>
  </trkseg>
 </trk>
</gpx>
