<?xml version="1.0" encoding="UTF-8"?>
<gpx creator="StravaGPX" version="1.1" xmlns="http://www.topografix.com/GPX/1/1" xmlns:xsi="http://www.w3.org/2001/XMLSchema-instance" xsi:schemaLocation="http://www.topografix.com/GPX/1/1 http://www.topografix.com/GPX/1/1/gpx.xsd">
 <metadata>
  <time>2021-10-01T23:24:38Z</time>
 </metadata>
 <trk>
  <name>October is here! </name>
  <type>running</type>
  <trkseg>
   <trkpt lat="47.3847810" lon="-122.0498480">
    <ele>136.6</ele>
    <time>2021-10-01T23:24:38Z</time>
   </trkpt>
   <trkpt lat="47.3847960" lon="-122.0498540">
    <ele>136.6</ele>
    <time>2021-10-01T23:24:39Z</time>
   </trkpt>
   <trkpt lat="47.3848150" lon="-122.0498610">
    <ele>136.6</ele>
    <time>2021-10-01T23:24:40Z</time>
   </trkpt>
   <trkpt lat="47.3848460" lon="-122.0498650">
    <ele>136.5</ele>
    <time>2021-10-01T23:24:41Z</time>
   </trkpt>
   <trkpt lat="47.3848800" lon="-122.0498750">
    <ele>136.4</ele>
    <time>2021-10-01T23:24:42Z</time>
   </trkpt>
   <trkpt lat="47.3849090" lon="-122.0498780">
    <ele>136.4</ele>
    <time>2021-10-01T23:24:43Z</time>
   </trkpt>
   <trkpt lat="47.3849390" lon="-122.0498860">
    <ele>136.3</ele>
    <time>2021-10-01T23:24:44Z</time>
   </trkpt>
   <trkpt lat="47.3849730" lon="-122.0498910">
    <ele>136.2</ele>
    <time>2021-10-01T23:24:45Z</time>
   </trkpt>
   <trkpt lat="47.3850130" lon="-122.0498930">
    <ele>136.2</ele>
    <time>2021-10-01T23:24:46Z</time>
   </trkpt>
   <trkpt lat="47.3850260" lon="-122.0498910">
    <ele>136.1</ele>
    <time>2021-10-01T23:24:47Z</time>
   </trkpt>
   <trkpt lat="47.3850550" lon="-122.0499080">
    <ele>136.1</ele>
    <time>2021-10-01T23:24:48Z</time>
   </trkpt>
   <trkpt lat="47.3851020" lon="-122.0499070">
    <ele>136.0</ele>
    <time>2021-10-01T23:24:49Z</time>
   </trkpt>
   <trkpt lat="47.3851330" lon="-122.0499090">
    <ele>135.9</ele>
    <time>2021-10-01T23:24:50Z</time>
   </trkpt>
   <trkpt lat="47.3851680" lon="-122.0499090">
    <ele>135.9</ele>
    <time>2021-10-01T23:24:51Z</time>
   </trkpt>
   <trkpt lat="47.3852030" lon="-122.0499100">
    <ele>135.8</ele>
    <time>2021-10-01T23:24:52Z</time>
   </trkpt>
   <trkpt lat="47.3852350" lon="-122.0499050">
    <ele>135.8</ele>
    <time>2021-10-01T23:24:53Z</time>
   </trkpt>
   <trkpt lat="47.3852670" lon="-122.0499080">
    <ele>135.7</ele>
    <time>2021-10-01T23:24:54Z</time>
   </trkpt>
   <trkpt lat="47.3852960" lon="-122.0499170">
    <ele>135.6</ele>
    <time>2021-10-01T23:24:55Z</time>
   </trkpt>
   <trkpt lat="47.3853320" lon="-122.0499160">
    <ele>135.6</ele>
    <time>2021-10-01T23:24:56Z</time>
   </trkpt>
   <trkpt lat="47.3853630" lon="-122.0499200">
    <ele>135.5</ele>
    <time>2021-10-01T23:24:57Z</time>
   </trkpt>
   <trkpt lat="47.3853940" lon="-122.0499260">
    <ele>135.5</ele>
    <time>2021-10-01T23:24:58Z</time>
   </trkpt>
   <trkpt lat="47.3854250" lon="-122.0499230">
    <ele>135.5</ele>
    <time>2021-10-01T23:24:59Z</time>
   </trkpt>
   <trkpt lat="47.3854600" lon="-122.0499160">
    <ele>135.4</ele>
    <time>2021-10-01T23:25:00Z</time>
   </trkpt>
   <trkpt lat="47.3854950" lon="-122.0499160">
    <ele>135.4</ele>
    <time>2021-10-01T23:25:01Z</time>
   </trkpt>
   <trkpt lat="47.3855350" lon="-122.0499100">
    <ele>135.3</ele>
    <time>2021-10-01T23:25:02Z</time>
   </trkpt>
   <trkpt lat="47.3855530" lon="-122.0499130">
    <ele>135.3</ele>
    <time>2021-10-01T23:25:03Z</time>
   </trkpt>
   <trkpt lat="47.3855940" lon="-122.0498990">
    <ele>135.2</ele>
    <time>2021-10-01T23:25:04Z</time>
   </trkpt>
   <trkpt lat="47.3856250" lon="-122.0499120">
    <ele>135.2</ele>
    <time>2021-10-01T23:25:05Z</time>
   </trkpt>
   <trkpt lat="47.3856640" lon="-122.0499010">
    <ele>135.1</ele>
    <time>2021-10-01T23:25:06Z</time>
   </trkpt>
   <trkpt lat="47.3856990" lon="-122.0498790">
    <ele>135.1</ele>
    <time>2021-10-01T23:25:07Z</time>
   </trkpt>
   <trkpt lat="47.3857290" lon="-122.0498770">
    <ele>135.1</ele>
    <time>2021-10-01T23:25:08Z</time>
   </trkpt>
   <trkpt lat="47.3857600" lon="-122.0498740">
    <ele>135.0</ele>
    <time>2021-10-01T23:25:09Z</time>
   </trkpt>
   <trkpt lat="47.3857880" lon="-122.0498700">
    <ele>135.0</ele>
    <time>2021-10-01T23:25:10Z</time>
   </trkpt>
   <trkpt lat="47.3858240" lon="-122.0498710">
    <ele>134.9</ele>
    <time>2021-10-01T23:25:11Z</time>
   </trkpt>
   <trkpt lat="47.3858560" lon="-122.0498700">
    <ele>134.9</ele>
    <time>2021-10-01T23:25:12Z</time>
   </trkpt>
   <trkpt lat="47.3858870" lon="-122.0498690">
    <ele>134.9</ele>
    <time>2021-10-01T23:25:13Z</time>
   </trkpt>
   <trkpt lat="47.3859210" lon="-122.0498580">
    <ele>134.8</ele>
    <time>2021-10-01T23:25:14Z</time>
   </trkpt>
   <trkpt lat="47.3859520" lon="-122.0498590">
    <ele>134.8</ele>
    <time>2021-10-01T23:25:15Z</time>
   </trkpt>
   <trkpt lat="47.3859870" lon="-122.0498480">
    <ele>134.7</ele>
    <time>2021-10-01T23:25:16Z</time>
   </trkpt>
   <trkpt lat="47.3860310" lon="-122.0498310">
    <ele>134.7</ele>
    <time>2021-10-01T23:25:17Z</time>
   </trkpt>
   <trkpt lat="47.3860670" lon="-122.0498220">
    <ele>134.7</ele>
    <time>2021-10-01T23:25:18Z</time>
   </trkpt>
   <trkpt lat="47.3861060" lon="-122.0498030">
    <ele>134.6</ele>
    <time>2021-10-01T23:25:19Z</time>
   </trkpt>
   <trkpt lat="47.3861380" lon="-122.0498020">
    <ele>134.6</ele>
    <time>2021-10-01T23:25:20Z</time>
   </trkpt>
   <trkpt lat="47.3861760" lon="-122.0497870">
    <ele>134.6</ele>
    <time>2021-10-01T23:25:21Z</time>
   </trkpt>
   <trkpt lat="47.3862130" lon="-122.0497690">
    <ele>134.6</ele>
    <time>2021-10-01T23:25:22Z</time>
   </trkpt>
   <trkpt lat="47.3862500" lon="-122.0497540">
    <ele>134.5</ele>
    <time>2021-10-01T23:25:23Z</time>
   </trkpt>
   <trkpt lat="47.3862860" lon="-122.0497420">
    <ele>134.5</ele>
    <time>2021-10-01T23:25:24Z</time>
   </trkpt>
   <trkpt lat="47.3863180" lon="-122.0497210">
    <ele>134.5</ele>
    <time>2021-10-01T23:25:25Z</time>
   </trkpt>
   <trkpt lat="47.3863600" lon="-122.0497110">
    <ele>134.5</ele>
    <time>2021-10-01T23:25:26Z</time>
   </trkpt>
   <trkpt lat="47.3863960" lon="-122.0497080">
    <ele>134.5</ele>
    <time>2021-10-01T23:25:27Z</time>
   </trkpt>
   <trkpt lat="47.3864340" lon="-122.0496990">
    <ele>134.4</ele>
    <time>2021-10-01T23:25:28Z</time>
   </trkpt>
   <trkpt lat="47.3864720" lon="-122.0496810">
    <ele>134.4</ele>
    <time>2021-10-01T23:25:29Z</time>
   </trkpt>
   <trkpt lat="47.3865020" lon="-122.0496640">
    <ele>134.4</ele>
    <time>2021-10-01T23:25:30Z</time>
   </trkpt>
   <trkpt lat="47.3865400" lon="-122.0496460">
    <ele>134.4</ele>
    <time>2021-10-01T23:25:31Z</time>
   </trkpt>
   <trkpt lat="47.3865730" lon="-122.0496410">
    <ele>134.4</ele>
    <time>2021-10-01T23:25:32Z</time>
   </trkpt>
   <trkpt lat="47.3866160" lon="-122.0496270">
    <ele>134.3</ele>
    <time>2021-10-01T23:25:33Z</time>
   </trkpt>
   <trkpt lat="47.3866510" lon="-122.0496120">
    <ele>134.3</ele>
    <time>2021-10-01T23:25:34Z</time>
   </trkpt>
   <trkpt lat="47.3866830" lon="-122.0495980">
    <ele>134.3</ele>
    <time>2021-10-01T23:25:35Z</time>
   </trkpt>
   <trkpt lat="47.3867190" lon="-122.0495870">
    <ele>134.3</ele>
    <time>2021-10-01T23:25:36Z</time>
   </trkpt>
   <trkpt lat="47.3867530" lon="-122.0495690">
    <ele>134.2</ele>
    <time>2021-10-01T23:25:37Z</time>
   </trkpt>
   <trkpt lat="47.3867880" lon="-122.0495560">
    <ele>134.2</ele>
    <time>2021-10-01T23:25:38Z</time>
   </trkpt>
   <trkpt lat="47.3868220" lon="-122.0495300">
    <ele>134.2</ele>
    <time>2021-10-01T23:25:39Z</time>
   </trkpt>
   <trkpt lat="47.3868620" lon="-122.0495240">
    <ele>134.2</ele>
    <time>2021-10-01T23:25:40Z</time>
   </trkpt>
   <trkpt lat="47.3868990" lon="-122.0495100">
    <ele>134.1</ele>
    <time>2021-10-01T23:25:41Z</time>
   </trkpt>
   <trkpt lat="47.3869310" lon="-122.0494920">
    <ele>134.1</ele>
    <time>2021-10-01T23:25:42Z</time>
   </trkpt>
   <trkpt lat="47.3869610" lon="-122.0494700">
    <ele>134.1</ele>
    <time>2021-10-01T23:25:43Z</time>
   </trkpt>
   <trkpt lat="47.3870050" lon="-122.0494450">
    <ele>134.0</ele>
    <time>2021-10-01T23:25:44Z</time>
   </trkpt>
   <trkpt lat="47.3870410" lon="-122.0494270">
    <ele>133.9</ele>
    <time>2021-10-01T23:25:45Z</time>
   </trkpt>
   <trkpt lat="47.3870780" lon="-122.0493990">
    <ele>133.9</ele>
    <time>2021-10-01T23:25:46Z</time>
   </trkpt>
   <trkpt lat="47.3871110" lon="-122.0493770">
    <ele>133.8</ele>
    <time>2021-10-01T23:25:47Z</time>
   </trkpt>
   <trkpt lat="47.3871520" lon="-122.0493540">
    <ele>133.8</ele>
    <time>2021-10-01T23:25:48Z</time>
   </trkpt>
   <trkpt lat="47.3871880" lon="-122.0493220">
    <ele>133.7</ele>
    <time>2021-10-01T23:25:49Z</time>
   </trkpt>
   <trkpt lat="47.3872250" lon="-122.0492990">
    <ele>133.6</ele>
    <time>2021-10-01T23:25:50Z</time>
   </trkpt>
   <trkpt lat="47.3872580" lon="-122.0492670">
    <ele>133.5</ele>
    <time>2021-10-01T23:25:51Z</time>
   </trkpt>
   <trkpt lat="47.3872860" lon="-122.0492450">
    <ele>133.5</ele>
    <time>2021-10-01T23:25:52Z</time>
   </trkpt>
   <trkpt lat="47.3873160" lon="-122.0492080">
    <ele>133.4</ele>
    <time>2021-10-01T23:25:53Z</time>
   </trkpt>
   <trkpt lat="47.3873460" lon="-122.0491810">
    <ele>133.4</ele>
    <time>2021-10-01T23:25:54Z</time>
   </trkpt>
   <trkpt lat="47.3873770" lon="-122.0491580">
    <ele>133.3</ele>
    <time>2021-10-01T23:25:55Z</time>
   </trkpt>
   <trkpt lat="47.3874190" lon="-122.0491300">
    <ele>133.2</ele>
    <time>2021-10-01T23:25:56Z</time>
   </trkpt>
   <trkpt lat="47.3874490" lon="-122.0491130">
    <ele>133.2</ele>
    <time>2021-10-01T23:25:57Z</time>
   </trkpt>
   <trkpt lat="47.3874850" lon="-122.0490920">
    <ele>133.1</ele>
    <time>2021-10-01T23:25:58Z</time>
   </trkpt>
   <trkpt lat="47.3875140" lon="-122.0490550">
    <ele>133.0</ele>
    <time>2021-10-01T23:25:59Z</time>
   </trkpt>
   <trkpt lat="47.3875370" lon="-122.0490280">
    <ele>133.0</ele>
    <time>2021-10-01T23:26:00Z</time>
   </trkpt>
   <trkpt lat="47.3875670" lon="-122.0490070">
    <ele>132.9</ele>
    <time>2021-10-01T23:26:01Z</time>
   </trkpt>
   <trkpt lat="47.3875920" lon="-122.0489810">
    <ele>132.8</ele>
    <time>2021-10-01T23:26:02Z</time>
   </trkpt>
   <trkpt lat="47.3876220" lon="-122.0489450">
    <ele>132.8</ele>
    <time>2021-10-01T23:26:03Z</time>
   </trkpt>
   <trkpt lat="47.3876630" lon="-122.0489170">
    <ele>132.7</ele>
    <time>2021-10-01T23:26:04Z</time>
   </trkpt>
   <trkpt lat="47.3876990" lon="-122.0488760">
    <ele>132.6</ele>
    <time>2021-10-01T23:26:05Z</time>
   </trkpt>
   <trkpt lat="47.3877130" lon="-122.0488560">
    <ele>132.5</ele>
    <time>2021-10-01T23:26:06Z</time>
   </trkpt>
   <trkpt lat="47.3877430" lon="-122.0488250">
    <ele>132.4</ele>
    <time>2021-10-01T23:26:07Z</time>
   </trkpt>
   <trkpt lat="47.3877750" lon="-122.0487960">
    <ele>132.4</ele>
    <time>2021-10-01T23:26:08Z</time>
   </trkpt>
   <trkpt lat="47.3878030" lon="-122.0487520">
    <ele>132.3</ele>
    <time>2021-10-01T23:26:09Z</time>
   </trkpt>
   <trkpt lat="47.3878290" lon="-122.0487180">
    <ele>132.2</ele>
    <time>2021-10-01T23:26:10Z</time>
   </trkpt>
   <trkpt lat="47.3878650" lon="-122.0486750">
    <ele>132.1</ele>
    <time>2021-10-01T23:26:11Z</time>
   </trkpt>
   <trkpt lat="47.3878880" lon="-122.0486380">
    <ele>132.0</ele>
    <time>2021-10-01T23:26:12Z</time>
   </trkpt>
   <trkpt lat="47.3879190" lon="-122.0486110">
    <ele>131.9</ele>
    <time>2021-10-01T23:26:13Z</time>
   </trkpt>
   <trkpt lat="47.3879480" lon="-122.0485680">
    <ele>131.9</ele>
    <time>2021-10-01T23:26:14Z</time>
   </trkpt>
   <trkpt lat="47.3879780" lon="-122.0485430">
    <ele>131.8</ele>
    <time>2021-10-01T23:26:15Z</time>
   </trkpt>
   <trkpt lat="47.3880050" lon="-122.0485120">
    <ele>131.8</ele>
    <time>2021-10-01T23:26:16Z</time>
   </trkpt>
   <trkpt lat="47.3880330" lon="-122.0484670">
    <ele>131.7</ele>
    <time>2021-10-01T23:26:17Z</time>
   </trkpt>
   <trkpt lat="47.3880590" lon="-122.0484550">
    <ele>131.7</ele>
    <time>2021-10-01T23:26:18Z</time>
   </trkpt>
   <trkpt lat="47.3880880" lon="-122.0484180">
    <ele>131.6</ele>
    <time>2021-10-01T23:26:19Z</time>
   </trkpt>
   <trkpt lat="47.3881280" lon="-122.0483980">
    <ele>131.5</ele>
    <time>2021-10-01T23:26:20Z</time>
   </trkpt>
   <trkpt lat="47.3881510" lon="-122.0483580">
    <ele>131.5</ele>
    <time>2021-10-01T23:26:21Z</time>
   </trkpt>
   <trkpt lat="47.3881790" lon="-122.0483260">
    <ele>131.4</ele>
    <time>2021-10-01T23:26:22Z</time>
   </trkpt>
   <trkpt lat="47.3882060" lon="-122.0482990">
    <ele>131.4</ele>
    <time>2021-10-01T23:26:23Z</time>
   </trkpt>
   <trkpt lat="47.3882360" lon="-122.0482560">
    <ele>131.3</ele>
    <time>2021-10-01T23:26:24Z</time>
   </trkpt>
   <trkpt lat="47.3882610" lon="-122.0482190">
    <ele>131.2</ele>
    <time>2021-10-01T23:26:25Z</time>
   </trkpt>
   <trkpt lat="47.3882870" lon="-122.0481920">
    <ele>131.1</ele>
    <time>2021-10-01T23:26:26Z</time>
   </trkpt>
   <trkpt lat="47.3883120" lon="-122.0481760">
    <ele>131.1</ele>
    <time>2021-10-01T23:26:27Z</time>
   </trkpt>
   <trkpt lat="47.3883390" lon="-122.0481450">
    <ele>131.0</ele>
    <time>2021-10-01T23:26:28Z</time>
   </trkpt>
   <trkpt lat="47.3883750" lon="-122.0481190">
    <ele>131.0</ele>
    <time>2021-10-01T23:26:29Z</time>
   </trkpt>
   <trkpt lat="47.3883960" lon="-122.0480810">
    <ele>130.9</ele>
    <time>2021-10-01T23:26:30Z</time>
   </trkpt>
   <trkpt lat="47.3884220" lon="-122.0480430">
    <ele>130.8</ele>
    <time>2021-10-01T23:26:31Z</time>
   </trkpt>
   <trkpt lat="47.3884400" lon="-122.0480090">
    <ele>130.8</ele>
    <time>2021-10-01T23:26:32Z</time>
   </trkpt>
   <trkpt lat="47.3884630" lon="-122.0479860">
    <ele>130.7</ele>
    <time>2021-10-01T23:26:33Z</time>
   </trkpt>
   <trkpt lat="47.3885040" lon="-122.0479560">
    <ele>130.7</ele>
    <time>2021-10-01T23:26:34Z</time>
   </trkpt>
   <trkpt lat="47.3885310" lon="-122.0479270">
    <ele>130.6</ele>
    <time>2021-10-01T23:26:35Z</time>
   </trkpt>
   <trkpt lat="47.3885590" lon="-122.0478900">
    <ele>130.6</ele>
    <time>2021-10-01T23:26:36Z</time>
   </trkpt>
   <trkpt lat="47.3885930" lon="-122.0478450">
    <ele>130.5</ele>
    <time>2021-10-01T23:26:37Z</time>
   </trkpt>
   <trkpt lat="47.3886270" lon="-122.0478220">
    <ele>130.4</ele>
    <time>2021-10-01T23:26:38Z</time>
   </trkpt>
   <trkpt lat="47.3886590" lon="-122.0478100">
    <ele>130.4</ele>
    <time>2021-10-01T23:26:39Z</time>
   </trkpt>
   <trkpt lat="47.3886870" lon="-122.0477710">
    <ele>130.3</ele>
    <time>2021-10-01T23:26:40Z</time>
   </trkpt>
   <trkpt lat="47.3887090" lon="-122.0477340">
    <ele>130.3</ele>
    <time>2021-10-01T23:26:41Z</time>
   </trkpt>
   <trkpt lat="47.3887370" lon="-122.0476950">
    <ele>130.2</ele>
    <time>2021-10-01T23:26:42Z</time>
   </trkpt>
   <trkpt lat="47.3887640" lon="-122.0476730">
    <ele>130.2</ele>
    <time>2021-10-01T23:26:43Z</time>
   </trkpt>
   <trkpt lat="47.3887890" lon="-122.0476410">
    <ele>130.1</ele>
    <time>2021-10-01T23:26:44Z</time>
   </trkpt>
   <trkpt lat="47.3888250" lon="-122.0476170">
    <ele>130.0</ele>
    <time>2021-10-01T23:26:45Z</time>
   </trkpt>
   <trkpt lat="47.3888530" lon="-122.0475900">
    <ele>130.0</ele>
    <time>2021-10-01T23:26:46Z</time>
   </trkpt>
   <trkpt lat="47.3888810" lon="-122.0475620">
    <ele>129.9</ele>
    <time>2021-10-01T23:26:47Z</time>
   </trkpt>
   <trkpt lat="47.3889090" lon="-122.0475380">
    <ele>129.9</ele>
    <time>2021-10-01T23:26:48Z</time>
   </trkpt>
   <trkpt lat="47.3889380" lon="-122.0475070">
    <ele>129.9</ele>
    <time>2021-10-01T23:26:49Z</time>
   </trkpt>
   <trkpt lat="47.3889700" lon="-122.0474680">
    <ele>129.8</ele>
    <time>2021-10-01T23:26:50Z</time>
   </trkpt>
   <trkpt lat="47.3889970" lon="-122.0474230">
    <ele>129.8</ele>
    <time>2021-10-01T23:26:51Z</time>
   </trkpt>
   <trkpt lat="47.3890220" lon="-122.0473910">
    <ele>129.8</ele>
    <time>2021-10-01T23:26:52Z</time>
   </trkpt>
   <trkpt lat="47.3890580" lon="-122.0473560">
    <ele>129.7</ele>
    <time>2021-10-01T23:26:53Z</time>
   </trkpt>
   <trkpt lat="47.3890910" lon="-122.0473260">
    <ele>129.7</ele>
    <time>2021-10-01T23:26:54Z</time>
   </trkpt>
   <trkpt lat="47.3891190" lon="-122.0472930">
    <ele>129.7</ele>
    <time>2021-10-01T23:26:55Z</time>
   </trkpt>
   <trkpt lat="47.3891570" lon="-122.0472540">
    <ele>129.7</ele>
    <time>2021-10-01T23:26:56Z</time>
   </trkpt>
   <trkpt lat="47.3891850" lon="-122.0472260">
    <ele>129.7</ele>
    <time>2021-10-01T23:26:57Z</time>
   </trkpt>
   <trkpt lat="47.3892200" lon="-122.0471950">
    <ele>129.7</ele>
    <time>2021-10-01T23:26:58Z</time>
   </trkpt>
   <trkpt lat="47.3892500" lon="-122.0471550">
    <ele>129.7</ele>
    <time>2021-10-01T23:26:59Z</time>
   </trkpt>
   <trkpt lat="47.3892730" lon="-122.0471200">
    <ele>129.7</ele>
    <time>2021-10-01T23:27:00Z</time>
   </trkpt>
   <trkpt lat="47.3893070" lon="-122.0470830">
    <ele>129.7</ele>
    <time>2021-10-01T23:27:01Z</time>
   </trkpt>
   <trkpt lat="47.3893440" lon="-122.0470510">
    <ele>129.7</ele>
    <time>2021-10-01T23:27:02Z</time>
   </trkpt>
   <trkpt lat="47.3893730" lon="-122.0470160">
    <ele>129.7</ele>
    <time>2021-10-01T23:27:03Z</time>
   </trkpt>
   <trkpt lat="47.3894080" lon="-122.0469870">
    <ele>129.6</ele>
    <time>2021-10-01T23:27:04Z</time>
   </trkpt>
   <trkpt lat="47.3894250" lon="-122.0469550">
    <ele>129.6</ele>
    <time>2021-10-01T23:27:05Z</time>
   </trkpt>
   <trkpt lat="47.3894570" lon="-122.0469270">
    <ele>129.5</ele>
    <time>2021-10-01T23:27:06Z</time>
   </trkpt>
   <trkpt lat="47.3894780" lon="-122.0468910">
    <ele>129.5</ele>
    <time>2021-10-01T23:27:07Z</time>
   </trkpt>
   <trkpt lat="47.3895100" lon="-122.0468620">
    <ele>129.5</ele>
    <time>2021-10-01T23:27:08Z</time>
   </trkpt>
   <trkpt lat="47.3895410" lon="-122.0468270">
    <ele>129.4</ele>
    <time>2021-10-01T23:27:09Z</time>
   </trkpt>
   <trkpt lat="47.3895590" lon="-122.0467930">
    <ele>129.4</ele>
    <time>2021-10-01T23:27:10Z</time>
   </trkpt>
   <trkpt lat="47.3895930" lon="-122.0467550">
    <ele>129.3</ele>
    <time>2021-10-01T23:27:11Z</time>
   </trkpt>
   <trkpt lat="47.3896190" lon="-122.0467200">
    <ele>129.3</ele>
    <time>2021-10-01T23:27:12Z</time>
   </trkpt>
   <trkpt lat="47.3896460" lon="-122.0466840">
    <ele>129.3</ele>
    <time>2021-10-01T23:27:13Z</time>
   </trkpt>
   <trkpt lat="47.3896780" lon="-122.0466530">
    <ele>129.2</ele>
    <time>2021-10-01T23:27:14Z</time>
   </trkpt>
   <trkpt lat="47.3897000" lon="-122.0466280">
    <ele>129.2</ele>
    <time>2021-10-01T23:27:15Z</time>
   </trkpt>
   <trkpt lat="47.3897350" lon="-122.0465890">
    <ele>129.2</ele>
    <time>2021-10-01T23:27:16Z</time>
   </trkpt>
   <trkpt lat="47.3897810" lon="-122.0465680">
    <ele>129.1</ele>
    <time>2021-10-01T23:27:17Z</time>
   </trkpt>
   <trkpt lat="47.3898090" lon="-122.0465330">
    <ele>129.1</ele>
    <time>2021-10-01T23:27:18Z</time>
   </trkpt>
   <trkpt lat="47.3898460" lon="-122.0465070">
    <ele>129.0</ele>
    <time>2021-10-01T23:27:19Z</time>
   </trkpt>
   <trkpt lat="47.3898770" lon="-122.0464680">
    <ele>128.9</ele>
    <time>2021-10-01T23:27:20Z</time>
   </trkpt>
   <trkpt lat="47.3899070" lon="-122.0464400">
    <ele>128.9</ele>
    <time>2021-10-01T23:27:21Z</time>
   </trkpt>
   <trkpt lat="47.3899440" lon="-122.0464020">
    <ele>128.8</ele>
    <time>2021-10-01T23:27:22Z</time>
   </trkpt>
   <trkpt lat="47.3899690" lon="-122.0463730">
    <ele>128.8</ele>
    <time>2021-10-01T23:27:23Z</time>
   </trkpt>
   <trkpt lat="47.3899940" lon="-122.0463410">
    <ele>128.7</ele>
    <time>2021-10-01T23:27:24Z</time>
   </trkpt>
   <trkpt lat="47.3900250" lon="-122.0462930">
    <ele>128.6</ele>
    <time>2021-10-01T23:27:25Z</time>
   </trkpt>
   <trkpt lat="47.3900520" lon="-122.0462630">
    <ele>128.6</ele>
    <time>2021-10-01T23:27:26Z</time>
   </trkpt>
   <trkpt lat="47.3900970" lon="-122.0462390">
    <ele>128.5</ele>
    <time>2021-10-01T23:27:27Z</time>
   </trkpt>
   <trkpt lat="47.3901240" lon="-122.0462120">
    <ele>128.5</ele>
    <time>2021-10-01T23:27:28Z</time>
   </trkpt>
   <trkpt lat="47.3901490" lon="-122.0461650">
    <ele>128.4</ele>
    <time>2021-10-01T23:27:29Z</time>
   </trkpt>
   <trkpt lat="47.3901850" lon="-122.0461320">
    <ele>128.3</ele>
    <time>2021-10-01T23:27:30Z</time>
   </trkpt>
   <trkpt lat="47.3902010" lon="-122.0460930">
    <ele>128.3</ele>
    <time>2021-10-01T23:27:31Z</time>
   </trkpt>
   <trkpt lat="47.3902270" lon="-122.0460610">
    <ele>128.2</ele>
    <time>2021-10-01T23:27:32Z</time>
   </trkpt>
   <trkpt lat="47.3902540" lon="-122.0460360">
    <ele>128.2</ele>
    <time>2021-10-01T23:27:33Z</time>
   </trkpt>
   <trkpt lat="47.3902930" lon="-122.0460070">
    <ele>128.1</ele>
    <time>2021-10-01T23:27:34Z</time>
   </trkpt>
   <trkpt lat="47.3903350" lon="-122.0459700">
    <ele>128.0</ele>
    <time>2021-10-01T23:27:35Z</time>
   </trkpt>
   <trkpt lat="47.3903660" lon="-122.0459420">
    <ele>128.0</ele>
    <time>2021-10-01T23:27:36Z</time>
   </trkpt>
   <trkpt lat="47.3904000" lon="-122.0459010">
    <ele>127.9</ele>
    <time>2021-10-01T23:27:37Z</time>
   </trkpt>
   <trkpt lat="47.3904290" lon="-122.0458670">
    <ele>127.9</ele>
    <time>2021-10-01T23:27:38Z</time>
   </trkpt>
   <trkpt lat="47.3904470" lon="-122.0458260">
    <ele>127.8</ele>
    <time>2021-10-01T23:27:39Z</time>
   </trkpt>
   <trkpt lat="47.3904760" lon="-122.0457880">
    <ele>127.7</ele>
    <time>2021-10-01T23:27:40Z</time>
   </trkpt>
   <trkpt lat="47.3904860" lon="-122.0457730">
    <ele>127.7</ele>
    <time>2021-10-01T23:27:41Z</time>
   </trkpt>
   <trkpt lat="47.3905020" lon="-122.0457390">
    <ele>127.7</ele>
    <time>2021-10-01T23:27:42Z</time>
   </trkpt>
   <trkpt lat="47.3905280" lon="-122.0457190">
    <ele>127.7</ele>
    <time>2021-10-01T23:27:43Z</time>
   </trkpt>
   <trkpt lat="47.3905580" lon="-122.0456860">
    <ele>127.6</ele>
    <time>2021-10-01T23:27:44Z</time>
   </trkpt>
   <trkpt lat="47.3905920" lon="-122.0456840">
    <ele>127.6</ele>
    <time>2021-10-01T23:27:45Z</time>
   </trkpt>
   <trkpt lat="47.3906210" lon="-122.0456570">
    <ele>127.6</ele>
    <time>2021-10-01T23:27:46Z</time>
   </trkpt>
   <trkpt lat="47.3906550" lon="-122.0456320">
    <ele>127.5</ele>
    <time>2021-10-01T23:27:47Z</time>
   </trkpt>
   <trkpt lat="47.3906880" lon="-122.0455980">
    <ele>127.5</ele>
    <time>2021-10-01T23:27:48Z</time>
   </trkpt>
   <trkpt lat="47.3907150" lon="-122.0455700">
    <ele>127.4</ele>
    <time>2021-10-01T23:27:49Z</time>
   </trkpt>
   <trkpt lat="47.3907510" lon="-122.0455470">
    <ele>127.4</ele>
    <time>2021-10-01T23:27:50Z</time>
   </trkpt>
   <trkpt lat="47.3907920" lon="-122.0455170">
    <ele>127.4</ele>
    <time>2021-10-01T23:27:51Z</time>
   </trkpt>
   <trkpt lat="47.3908240" lon="-122.0454690">
    <ele>127.3</ele>
    <time>2021-10-01T23:27:52Z</time>
   </trkpt>
   <trkpt lat="47.3908840" lon="-122.0454580">
    <ele>127.3</ele>
    <time>2021-10-01T23:27:53Z</time>
   </trkpt>
   <trkpt lat="47.3909100" lon="-122.0454150">
    <ele>127.3</ele>
    <time>2021-10-01T23:27:54Z</time>
   </trkpt>
   <trkpt lat="47.3909520" lon="-122.0453930">
    <ele>127.2</ele>
    <time>2021-10-01T23:27:55Z</time>
   </trkpt>
   <trkpt lat="47.3909850" lon="-122.0453540">
    <ele>127.2</ele>
    <time>2021-10-01T23:27:56Z</time>
   </trkpt>
   <trkpt lat="47.3910140" lon="-122.0453220">
    <ele>127.1</ele>
    <time>2021-10-01T23:27:57Z</time>
   </trkpt>
   <trkpt lat="47.3910490" lon="-122.0452980">
    <ele>127.1</ele>
    <time>2021-10-01T23:27:58Z</time>
   </trkpt>
   <trkpt lat="47.3910800" lon="-122.0452680">
    <ele>127.1</ele>
    <time>2021-10-01T23:27:59Z</time>
   </trkpt>
   <trkpt lat="47.3911110" lon="-122.0452260">
    <ele>127.0</ele>
    <time>2021-10-01T23:28:00Z</time>
   </trkpt>
   <trkpt lat="47.3911590" lon="-122.0452190">
    <ele>127.0</ele>
    <time>2021-10-01T23:28:01Z</time>
   </trkpt>
   <trkpt lat="47.3911950" lon="-122.0451960">
    <ele>126.9</ele>
    <time>2021-10-01T23:28:02Z</time>
   </trkpt>
   <trkpt lat="47.3912380" lon="-122.0451710">
    <ele>126.9</ele>
    <time>2021-10-01T23:28:03Z</time>
   </trkpt>
   <trkpt lat="47.3912730" lon="-122.0451400">
    <ele>126.9</ele>
    <time>2021-10-01T23:28:04Z</time>
   </trkpt>
   <trkpt lat="47.3913000" lon="-122.0451110">
    <ele>126.8</ele>
    <time>2021-10-01T23:28:05Z</time>
   </trkpt>
   <trkpt lat="47.3913300" lon="-122.0450870">
    <ele>126.8</ele>
    <time>2021-10-01T23:28:06Z</time>
   </trkpt>
   <trkpt lat="47.3913560" lon="-122.0450620">
    <ele>126.8</ele>
    <time>2021-10-01T23:28:07Z</time>
   </trkpt>
   <trkpt lat="47.3913850" lon="-122.0450360">
    <ele>126.7</ele>
    <time>2021-10-01T23:28:08Z</time>
   </trkpt>
   <trkpt lat="47.3914200" lon="-122.0450170">
    <ele>126.7</ele>
    <time>2021-10-01T23:28:09Z</time>
   </trkpt>
   <trkpt lat="47.3914460" lon="-122.0449850">
    <ele>126.7</ele>
    <time>2021-10-01T23:28:10Z</time>
   </trkpt>
   <trkpt lat="47.3914850" lon="-122.0449780">
    <ele>126.6</ele>
    <time>2021-10-01T23:28:11Z</time>
   </trkpt>
   <trkpt lat="47.3915220" lon="-122.0449550">
    <ele>126.6</ele>
    <time>2021-10-01T23:28:12Z</time>
   </trkpt>
   <trkpt lat="47.3915500" lon="-122.0449210">
    <ele>126.6</ele>
    <time>2021-10-01T23:28:13Z</time>
   </trkpt>
   <trkpt lat="47.3915810" lon="-122.0448930">
    <ele>126.6</ele>
    <time>2021-10-01T23:28:14Z</time>
   </trkpt>
   <trkpt lat="47.3916130" lon="-122.0448570">
    <ele>126.5</ele>
    <time>2021-10-01T23:28:15Z</time>
   </trkpt>
   <trkpt lat="47.3916480" lon="-122.0448270">
    <ele>126.5</ele>
    <time>2021-10-01T23:28:16Z</time>
   </trkpt>
   <trkpt lat="47.3916910" lon="-122.0448120">
    <ele>126.5</ele>
    <time>2021-10-01T23:28:17Z</time>
   </trkpt>
   <trkpt lat="47.3917290" lon="-122.0447880">
    <ele>126.4</ele>
    <time>2021-10-01T23:28:18Z</time>
   </trkpt>
   <trkpt lat="47.3917750" lon="-122.0447850">
    <ele>126.4</ele>
    <time>2021-10-01T23:28:19Z</time>
   </trkpt>
   <trkpt lat="47.3918040" lon="-122.0447590">
    <ele>126.4</ele>
    <time>2021-10-01T23:28:20Z</time>
   </trkpt>
   <trkpt lat="47.3918370" lon="-122.0447460">
    <ele>126.3</ele>
    <time>2021-10-01T23:28:21Z</time>
   </trkpt>
   <trkpt lat="47.3918710" lon="-122.0447280">
    <ele>126.3</ele>
    <time>2021-10-01T23:28:22Z</time>
   </trkpt>
   <trkpt lat="47.3918950" lon="-122.0446940">
    <ele>126.3</ele>
    <time>2021-10-01T23:28:23Z</time>
   </trkpt>
   <trkpt lat="47.3919380" lon="-122.0446680">
    <ele>126.3</ele>
    <time>2021-10-01T23:28:24Z</time>
   </trkpt>
   <trkpt lat="47.3919670" lon="-122.0446330">
    <ele>126.3</ele>
    <time>2021-10-01T23:28:25Z</time>
   </trkpt>
   <trkpt lat="47.3919930" lon="-122.0446050">
    <ele>126.3</ele>
    <time>2021-10-01T23:28:26Z</time>
   </trkpt>
   <trkpt lat="47.3920270" lon="-122.0446000">
    <ele>126.2</ele>
    <time>2021-10-01T23:28:27Z</time>
   </trkpt>
   <trkpt lat="47.3920670" lon="-122.0445760">
    <ele>126.2</ele>
    <time>2021-10-01T23:28:28Z</time>
   </trkpt>
   <trkpt lat="47.3921110" lon="-122.0445530">
    <ele>126.2</ele>
    <time>2021-10-01T23:28:29Z</time>
   </trkpt>
   <trkpt lat="47.3921520" lon="-122.0445370">
    <ele>126.1</ele>
    <time>2021-10-01T23:28:30Z</time>
   </trkpt>
   <trkpt lat="47.3921810" lon="-122.0445020">
    <ele>126.1</ele>
    <time>2021-10-01T23:28:31Z</time>
   </trkpt>
   <trkpt lat="47.3922160" lon="-122.0444860">
    <ele>126.0</ele>
    <time>2021-10-01T23:28:32Z</time>
   </trkpt>
   <trkpt lat="47.3922450" lon="-122.0444650">
    <ele>126.0</ele>
    <time>2021-10-01T23:28:33Z</time>
   </trkpt>
   <trkpt lat="47.3922690" lon="-122.0444290">
    <ele>125.9</ele>
    <time>2021-10-01T23:28:34Z</time>
   </trkpt>
   <trkpt lat="47.3923040" lon="-122.0444090">
    <ele>125.9</ele>
    <time>2021-10-01T23:28:35Z</time>
   </trkpt>
   <trkpt lat="47.3923290" lon="-122.0443800">
    <ele>125.8</ele>
    <time>2021-10-01T23:28:36Z</time>
   </trkpt>
   <trkpt lat="47.3923650" lon="-122.0443560">
    <ele>125.8</ele>
    <time>2021-10-01T23:28:37Z</time>
   </trkpt>
   <trkpt lat="47.3923940" lon="-122.0443450">
    <ele>125.7</ele>
    <time>2021-10-01T23:28:38Z</time>
   </trkpt>
   <trkpt lat="47.3924370" lon="-122.0443190">
    <ele>125.7</ele>
    <time>2021-10-01T23:28:39Z</time>
   </trkpt>
   <trkpt lat="47.3924720" lon="-122.0443080">
    <ele>125.6</ele>
    <time>2021-10-01T23:28:40Z</time>
   </trkpt>
   <trkpt lat="47.3925140" lon="-122.0442940">
    <ele>125.6</ele>
    <time>2021-10-01T23:28:41Z</time>
   </trkpt>
   <trkpt lat="47.3925460" lon="-122.0442700">
    <ele>125.5</ele>
    <time>2021-10-01T23:28:42Z</time>
   </trkpt>
   <trkpt lat="47.3925800" lon="-122.0442670">
    <ele>125.4</ele>
    <time>2021-10-01T23:28:43Z</time>
   </trkpt>
   <trkpt lat="47.3926130" lon="-122.0442430">
    <ele>125.4</ele>
    <time>2021-10-01T23:28:44Z</time>
   </trkpt>
   <trkpt lat="47.3926460" lon="-122.0442180">
    <ele>125.3</ele>
    <time>2021-10-01T23:28:45Z</time>
   </trkpt>
   <trkpt lat="47.3926800" lon="-122.0442160">
    <ele>125.2</ele>
    <time>2021-10-01T23:28:46Z</time>
   </trkpt>
   <trkpt lat="47.3927140" lon="-122.0441930">
    <ele>125.2</ele>
    <time>2021-10-01T23:28:47Z</time>
   </trkpt>
   <trkpt lat="47.3927450" lon="-122.0441810">
    <ele>125.1</ele>
    <time>2021-10-01T23:28:48Z</time>
   </trkpt>
   <trkpt lat="47.3927830" lon="-122.0441650">
    <ele>125.0</ele>
    <time>2021-10-01T23:28:49Z</time>
   </trkpt>
   <trkpt lat="47.3928110" lon="-122.0441310">
    <ele>125.0</ele>
    <time>2021-10-01T23:28:50Z</time>
   </trkpt>
   <trkpt lat="47.3928400" lon="-122.0441140">
    <ele>124.9</ele>
    <time>2021-10-01T23:28:51Z</time>
   </trkpt>
   <trkpt lat="47.3928760" lon="-122.0440900">
    <ele>124.8</ele>
    <time>2021-10-01T23:28:52Z</time>
   </trkpt>
   <trkpt lat="47.3929090" lon="-122.0440810">
    <ele>124.8</ele>
    <time>2021-10-01T23:28:53Z</time>
   </trkpt>
   <trkpt lat="47.3929360" lon="-122.0440650">
    <ele>124.7</ele>
    <time>2021-10-01T23:28:54Z</time>
   </trkpt>
   <trkpt lat="47.3929710" lon="-122.0440310">
    <ele>124.7</ele>
    <time>2021-10-01T23:28:55Z</time>
   </trkpt>
   <trkpt lat="47.3930090" lon="-122.0440260">
    <ele>124.6</ele>
    <time>2021-10-01T23:28:56Z</time>
   </trkpt>
   <trkpt lat="47.3930390" lon="-122.0439960">
    <ele>124.6</ele>
    <time>2021-10-01T23:28:57Z</time>
   </trkpt>
   <trkpt lat="47.3930830" lon="-122.0439780">
    <ele>124.5</ele>
    <time>2021-10-01T23:28:58Z</time>
   </trkpt>
   <trkpt lat="47.3931010" lon="-122.0439710">
    <ele>124.5</ele>
    <time>2021-10-01T23:28:59Z</time>
   </trkpt>
   <trkpt lat="47.3931350" lon="-122.0439360">
    <ele>124.5</ele>
    <time>2021-10-01T23:29:00Z</time>
   </trkpt>
   <trkpt lat="47.3931740" lon="-122.0439240">
    <ele>124.4</ele>
    <time>2021-10-01T23:29:01Z</time>
   </trkpt>
   <trkpt lat="47.3931910" lon="-122.0439160">
    <ele>124.4</ele>
    <time>2021-10-01T23:29:02Z</time>
   </trkpt>
   <trkpt lat="47.3932320" lon="-122.0439090">
    <ele>124.4</ele>
    <time>2021-10-01T23:29:03Z</time>
   </trkpt>
   <trkpt lat="47.3932710" lon="-122.0438950">
    <ele>124.3</ele>
    <time>2021-10-01T23:29:04Z</time>
   </trkpt>
   <trkpt lat="47.3932980" lon="-122.0438700">
    <ele>124.3</ele>
    <time>2021-10-01T23:29:05Z</time>
   </trkpt>
   <trkpt lat="47.3933420" lon="-122.0438500">
    <ele>124.3</ele>
    <time>2021-10-01T23:29:06Z</time>
   </trkpt>
   <trkpt lat="47.3933730" lon="-122.0438290">
    <ele>124.2</ele>
    <time>2021-10-01T23:29:07Z</time>
   </trkpt>
   <trkpt lat="47.3934050" lon="-122.0438220">
    <ele>124.2</ele>
    <time>2021-10-01T23:29:08Z</time>
   </trkpt>
   <trkpt lat="47.3934350" lon="-122.0438060">
    <ele>124.2</ele>
    <time>2021-10-01T23:29:09Z</time>
   </trkpt>
   <trkpt lat="47.3934710" lon="-122.0438070">
    <ele>124.2</ele>
    <time>2021-10-01T23:29:10Z</time>
   </trkpt>
   <trkpt lat="47.3935130" lon="-122.0437930">
    <ele>124.1</ele>
    <time>2021-10-01T23:29:11Z</time>
   </trkpt>
   <trkpt lat="47.3935290" lon="-122.0437850">
    <ele>124.1</ele>
    <time>2021-10-01T23:29:12Z</time>
   </trkpt>
   <trkpt lat="47.3935650" lon="-122.0437800">
    <ele>124.1</ele>
    <time>2021-10-01T23:29:13Z</time>
   </trkpt>
   <trkpt lat="47.3936030" lon="-122.0437690">
    <ele>124.0</ele>
    <time>2021-10-01T23:29:14Z</time>
   </trkpt>
   <trkpt lat="47.3936350" lon="-122.0437470">
    <ele>124.0</ele>
    <time>2021-10-01T23:29:15Z</time>
   </trkpt>
   <trkpt lat="47.3936680" lon="-122.0437360">
    <ele>123.9</ele>
    <time>2021-10-01T23:29:16Z</time>
   </trkpt>
   <trkpt lat="47.3937000" lon="-122.0437220">
    <ele>123.9</ele>
    <time>2021-10-01T23:29:17Z</time>
   </trkpt>
   <trkpt lat="47.3937130" lon="-122.0437250">
    <ele>123.9</ele>
    <time>2021-10-01T23:29:18Z</time>
   </trkpt>
   <trkpt lat="47.3937540" lon="-122.0437250">
    <ele>123.8</ele>
    <time>2021-10-01T23:29:19Z</time>
   </trkpt>
   <trkpt lat="47.3937820" lon="-122.0436910">
    <ele>123.8</ele>
    <time>2021-10-01T23:29:20Z</time>
   </trkpt>
   <trkpt lat="47.3938260" lon="-122.0436750">
    <ele>123.7</ele>
    <time>2021-10-01T23:29:21Z</time>
   </trkpt>
   <trkpt lat="47.3938650" lon="-122.0436810">
    <ele>123.6</ele>
    <time>2021-10-01T23:29:22Z</time>
   </trkpt>
   <trkpt lat="47.3938780" lon="-122.0436790">
    <ele>123.6</ele>
    <time>2021-10-01T23:29:23Z</time>
   </trkpt>
   <trkpt lat="47.3939080" lon="-122.0436630">
    <ele>123.6</ele>
    <time>2021-10-01T23:29:24Z</time>
   </trkpt>
   <trkpt lat="47.3939390" lon="-122.0436430">
    <ele>123.5</ele>
    <time>2021-10-01T23:29:25Z</time>
   </trkpt>
   <trkpt lat="47.3939730" lon="-122.0436240">
    <ele>123.5</ele>
    <time>2021-10-01T23:29:26Z</time>
   </trkpt>
   <trkpt lat="47.3940030" lon="-122.0436100">
    <ele>123.4</ele>
    <time>2021-10-01T23:29:27Z</time>
   </trkpt>
   <trkpt lat="47.3940290" lon="-122.0435890">
    <ele>123.4</ele>
    <time>2021-10-01T23:29:28Z</time>
   </trkpt>
   <trkpt lat="47.3940680" lon="-122.0435850">
    <ele>123.3</ele>
    <time>2021-10-01T23:29:29Z</time>
   </trkpt>
   <trkpt lat="47.3941160" lon="-122.0435930">
    <ele>123.3</ele>
    <time>2021-10-01T23:29:30Z</time>
   </trkpt>
   <trkpt lat="47.3941550" lon="-122.0435820">
    <ele>123.2</ele>
    <time>2021-10-01T23:29:31Z</time>
   </trkpt>
   <trkpt lat="47.3941900" lon="-122.0435710">
    <ele>123.2</ele>
    <time>2021-10-01T23:29:32Z</time>
   </trkpt>
   <trkpt lat="47.3942220" lon="-122.0435590">
    <ele>123.1</ele>
    <time>2021-10-01T23:29:33Z</time>
   </trkpt>
   <trkpt lat="47.3942610" lon="-122.0435470">
    <ele>123.1</ele>
    <time>2021-10-01T23:29:34Z</time>
   </trkpt>
   <trkpt lat="47.3942920" lon="-122.0435450">
    <ele>123.0</ele>
    <time>2021-10-01T23:29:35Z</time>
   </trkpt>
   <trkpt lat="47.3943200" lon="-122.0435500">
    <ele>122.9</ele>
    <time>2021-10-01T23:29:36Z</time>
   </trkpt>
   <trkpt lat="47.3943500" lon="-122.0435360">
    <ele>122.8</ele>
    <time>2021-10-01T23:29:37Z</time>
   </trkpt>
   <trkpt lat="47.3943840" lon="-122.0435160">
    <ele>122.7</ele>
    <time>2021-10-01T23:29:38Z</time>
   </trkpt>
   <trkpt lat="47.3944130" lon="-122.0434870">
    <ele>122.6</ele>
    <time>2021-10-01T23:29:39Z</time>
   </trkpt>
   <trkpt lat="47.3944350" lon="-122.0434600">
    <ele>122.6</ele>
    <time>2021-10-01T23:29:40Z</time>
   </trkpt>
   <trkpt lat="47.3944710" lon="-122.0434330">
    <ele>122.6</ele>
    <time>2021-10-01T23:29:41Z</time>
   </trkpt>
   <trkpt lat="47.3944970" lon="-122.0434060">
    <ele>122.6</ele>
    <time>2021-10-01T23:29:42Z</time>
   </trkpt>
   <trkpt lat="47.3945230" lon="-122.0433810">
    <ele>122.6</ele>
    <time>2021-10-01T23:29:43Z</time>
   </trkpt>
   <trkpt lat="47.3945510" lon="-122.0433680">
    <ele>122.5</ele>
    <time>2021-10-01T23:29:44Z</time>
   </trkpt>
   <trkpt lat="47.3945860" lon="-122.0433940">
    <ele>122.5</ele>
    <time>2021-10-01T23:29:45Z</time>
   </trkpt>
   <trkpt lat="47.3946300" lon="-122.0434130">
    <ele>122.5</ele>
    <time>2021-10-01T23:29:46Z</time>
   </trkpt>
   <trkpt lat="47.3946640" lon="-122.0434160">
    <ele>122.5</ele>
    <time>2021-10-01T23:29:47Z</time>
   </trkpt>
   <trkpt lat="47.3947120" lon="-122.0434280">
    <ele>122.5</ele>
    <time>2021-10-01T23:29:48Z</time>
   </trkpt>
   <trkpt lat="47.3947460" lon="-122.0434360">
    <ele>122.4</ele>
    <time>2021-10-01T23:29:49Z</time>
   </trkpt>
   <trkpt lat="47.3947850" lon="-122.0434340">
    <ele>122.4</ele>
    <time>2021-10-01T23:29:50Z</time>
   </trkpt>
   <trkpt lat="47.3948210" lon="-122.0434240">
    <ele>122.3</ele>
    <time>2021-10-01T23:29:51Z</time>
   </trkpt>
   <trkpt lat="47.3948590" lon="-122.0434020">
    <ele>122.3</ele>
    <time>2021-10-01T23:29:52Z</time>
   </trkpt>
   <trkpt lat="47.3949000" lon="-122.0434020">
    <ele>122.2</ele>
    <time>2021-10-01T23:29:53Z</time>
   </trkpt>
   <trkpt lat="47.3949350" lon="-122.0433930">
    <ele>122.2</ele>
    <time>2021-10-01T23:29:54Z</time>
   </trkpt>
   <trkpt lat="47.3949810" lon="-122.0433740">
    <ele>122.1</ele>
    <time>2021-10-01T23:29:55Z</time>
   </trkpt>
   <trkpt lat="47.3950170" lon="-122.0433710">
    <ele>122.1</ele>
    <time>2021-10-01T23:29:56Z</time>
   </trkpt>
   <trkpt lat="47.3950510" lon="-122.0433730">
    <ele>122.0</ele>
    <time>2021-10-01T23:29:57Z</time>
   </trkpt>
   <trkpt lat="47.3950900" lon="-122.0433770">
    <ele>122.0</ele>
    <time>2021-10-01T23:29:58Z</time>
   </trkpt>
   <trkpt lat="47.3951240" lon="-122.0433600">
    <ele>121.9</ele>
    <time>2021-10-01T23:29:59Z</time>
   </trkpt>
   <trkpt lat="47.3951610" lon="-122.0433630">
    <ele>121.9</ele>
    <time>2021-10-01T23:30:00Z</time>
   </trkpt>
   <trkpt lat="47.3951950" lon="-122.0433600">
    <ele>121.8</ele>
    <time>2021-10-01T23:30:01Z</time>
   </trkpt>
   <trkpt lat="47.3952300" lon="-122.0433560">
    <ele>121.8</ele>
    <time>2021-10-01T23:30:02Z</time>
   </trkpt>
   <trkpt lat="47.3952660" lon="-122.0433560">
    <ele>121.7</ele>
    <time>2021-10-01T23:30:03Z</time>
   </trkpt>
   <trkpt lat="47.3953020" lon="-122.0433450">
    <ele>121.7</ele>
    <time>2021-10-01T23:30:04Z</time>
   </trkpt>
   <trkpt lat="47.3953420" lon="-122.0433400">
    <ele>121.6</ele>
    <time>2021-10-01T23:30:05Z</time>
   </trkpt>
   <trkpt lat="47.3953750" lon="-122.0433310">
    <ele>121.6</ele>
    <time>2021-10-01T23:30:06Z</time>
   </trkpt>
   <trkpt lat="47.3954110" lon="-122.0433350">
    <ele>121.5</ele>
    <time>2021-10-01T23:30:07Z</time>
   </trkpt>
   <trkpt lat="47.3954530" lon="-122.0433390">
    <ele>121.4</ele>
    <time>2021-10-01T23:30:08Z</time>
   </trkpt>
   <trkpt lat="47.3954830" lon="-122.0433280">
    <ele>121.4</ele>
    <time>2021-10-01T23:30:09Z</time>
   </trkpt>
   <trkpt lat="47.3955180" lon="-122.0433270">
    <ele>121.3</ele>
    <time>2021-10-01T23:30:10Z</time>
   </trkpt>
   <trkpt lat="47.3955630" lon="-122.0433400">
    <ele>121.3</ele>
    <time>2021-10-01T23:30:11Z</time>
   </trkpt>
   <trkpt lat="47.3955990" lon="-122.0433270">
    <ele>121.2</ele>
    <time>2021-10-01T23:30:12Z</time>
   </trkpt>
   <trkpt lat="47.3956450" lon="-122.0433200">
    <ele>121.2</ele>
    <time>2021-10-01T23:30:13Z</time>
   </trkpt>
   <trkpt lat="47.3956850" lon="-122.0433110">
    <ele>121.1</ele>
    <time>2021-10-01T23:30:14Z</time>
   </trkpt>
   <trkpt lat="47.3957150" lon="-122.0432960">
    <ele>121.1</ele>
    <time>2021-10-01T23:30:15Z</time>
   </trkpt>
   <trkpt lat="47.3957530" lon="-122.0433060">
    <ele>121.0</ele>
    <time>2021-10-01T23:30:16Z</time>
   </trkpt>
   <trkpt lat="47.3957840" lon="-122.0432940">
    <ele>121.0</ele>
    <time>2021-10-01T23:30:17Z</time>
   </trkpt>
   <trkpt lat="47.3958180" lon="-122.0432950">
    <ele>120.9</ele>
    <time>2021-10-01T23:30:18Z</time>
   </trkpt>
   <trkpt lat="47.3958490" lon="-122.0432980">
    <ele>120.9</ele>
    <time>2021-10-01T23:30:19Z</time>
   </trkpt>
   <trkpt lat="47.3958850" lon="-122.0432940">
    <ele>120.8</ele>
    <time>2021-10-01T23:30:20Z</time>
   </trkpt>
   <trkpt lat="47.3959200" lon="-122.0432940">
    <ele>120.8</ele>
    <time>2021-10-01T23:30:21Z</time>
   </trkpt>
   <trkpt lat="47.3959560" lon="-122.0432840">
    <ele>120.8</ele>
    <time>2021-10-01T23:30:22Z</time>
   </trkpt>
   <trkpt lat="47.3959980" lon="-122.0432890">
    <ele>120.7</ele>
    <time>2021-10-01T23:30:23Z</time>
   </trkpt>
   <trkpt lat="47.3960290" lon="-122.0432810">
    <ele>120.7</ele>
    <time>2021-10-01T23:30:24Z</time>
   </trkpt>
   <trkpt lat="47.3960660" lon="-122.0432760">
    <ele>120.6</ele>
    <time>2021-10-01T23:30:25Z</time>
   </trkpt>
   <trkpt lat="47.3960970" lon="-122.0432890">
    <ele>120.6</ele>
    <time>2021-10-01T23:30:26Z</time>
   </trkpt>
   <trkpt lat="47.3961310" lon="-122.0432970">
    <ele>120.5</ele>
    <time>2021-10-01T23:30:27Z</time>
   </trkpt>
   <trkpt lat="47.3961660" lon="-122.0432900">
    <ele>120.5</ele>
    <time>2021-10-01T23:30:28Z</time>
   </trkpt>
   <trkpt lat="47.3962090" lon="-122.0432870">
    <ele>120.4</ele>
    <time>2021-10-01T23:30:29Z</time>
   </trkpt>
   <trkpt lat="47.3962470" lon="-122.0432840">
    <ele>120.4</ele>
    <time>2021-10-01T23:30:30Z</time>
   </trkpt>
   <trkpt lat="47.3962890" lon="-122.0432780">
    <ele>120.3</ele>
    <time>2021-10-01T23:30:31Z</time>
   </trkpt>
   <trkpt lat="47.3963310" lon="-122.0432850">
    <ele>120.2</ele>
    <time>2021-10-01T23:30:32Z</time>
   </trkpt>
   <trkpt lat="47.3963700" lon="-122.0432790">
    <ele>120.2</ele>
    <time>2021-10-01T23:30:33Z</time>
   </trkpt>
   <trkpt lat="47.3964140" lon="-122.0432740">
    <ele>120.1</ele>
    <time>2021-10-01T23:30:34Z</time>
   </trkpt>
   <trkpt lat="47.3964540" lon="-122.0432740">
    <ele>120.0</ele>
    <time>2021-10-01T23:30:35Z</time>
   </trkpt>
   <trkpt lat="47.3964970" lon="-122.0432820">
    <ele>119.9</ele>
    <time>2021-10-01T23:30:36Z</time>
   </trkpt>
   <trkpt lat="47.3965370" lon="-122.0432880">
    <ele>119.8</ele>
    <time>2021-10-01T23:30:37Z</time>
   </trkpt>
   <trkpt lat="47.3965790" lon="-122.0432960">
    <ele>119.7</ele>
    <time>2021-10-01T23:30:38Z</time>
   </trkpt>
   <trkpt lat="47.3966150" lon="-122.0433130">
    <ele>119.6</ele>
    <time>2021-10-01T23:30:39Z</time>
   </trkpt>
   <trkpt lat="47.3966480" lon="-122.0433080">
    <ele>119.5</ele>
    <time>2021-10-01T23:30:40Z</time>
   </trkpt>
   <trkpt lat="47.3966880" lon="-122.0433090">
    <ele>119.4</ele>
    <time>2021-10-01T23:30:41Z</time>
   </trkpt>
   <trkpt lat="47.3967190" lon="-122.0433080">
    <ele>119.3</ele>
    <time>2021-10-01T23:30:42Z</time>
   </trkpt>
   <trkpt lat="47.3967520" lon="-122.0433070">
    <ele>119.3</ele>
    <time>2021-10-01T23:30:43Z</time>
   </trkpt>
   <trkpt lat="47.3967850" lon="-122.0433110">
    <ele>119.2</ele>
    <time>2021-10-01T23:30:44Z</time>
   </trkpt>
   <trkpt lat="47.3968250" lon="-122.0433200">
    <ele>119.1</ele>
    <time>2021-10-01T23:30:45Z</time>
   </trkpt>
   <trkpt lat="47.3968400" lon="-122.0433260">
    <ele>119.1</ele>
    <time>2021-10-01T23:30:46Z</time>
   </trkpt>
   <trkpt lat="47.3968790" lon="-122.0433240">
    <ele>119.0</ele>
    <time>2021-10-01T23:30:47Z</time>
   </trkpt>
   <trkpt lat="47.3969120" lon="-122.0433280">
    <ele>118.9</ele>
    <time>2021-10-01T23:30:48Z</time>
   </trkpt>
   <trkpt lat="47.3969580" lon="-122.0433290">
    <ele>118.8</ele>
    <time>2021-10-01T23:30:49Z</time>
   </trkpt>
   <trkpt lat="47.3969890" lon="-122.0433290">
    <ele>118.8</ele>
    <time>2021-10-01T23:30:50Z</time>
   </trkpt>
   <trkpt lat="47.3970320" lon="-122.0433200">
    <ele>118.7</ele>
    <time>2021-10-01T23:30:51Z</time>
   </trkpt>
   <trkpt lat="47.3970700" lon="-122.0433260">
    <ele>118.6</ele>
    <time>2021-10-01T23:30:52Z</time>
   </trkpt>
   <trkpt lat="47.3970980" lon="-122.0433360">
    <ele>118.6</ele>
    <time>2021-10-01T23:30:53Z</time>
   </trkpt>
   <trkpt lat="47.3971370" lon="-122.0433540">
    <ele>118.5</ele>
    <time>2021-10-01T23:30:54Z</time>
   </trkpt>
   <trkpt lat="47.3971750" lon="-122.0433480">
    <ele>118.5</ele>
    <time>2021-10-01T23:30:55Z</time>
   </trkpt>
   <trkpt lat="47.3972090" lon="-122.0433440">
    <ele>118.4</ele>
    <time>2021-10-01T23:30:56Z</time>
   </trkpt>
   <trkpt lat="47.3972450" lon="-122.0433460">
    <ele>118.4</ele>
    <time>2021-10-01T23:30:57Z</time>
   </trkpt>
   <trkpt lat="47.3972760" lon="-122.0433470">
    <ele>118.3</ele>
    <time>2021-10-01T23:30:58Z</time>
   </trkpt>
   <trkpt lat="47.3973100" lon="-122.0433550">
    <ele>118.3</ele>
    <time>2021-10-01T23:30:59Z</time>
   </trkpt>
   <trkpt lat="47.3973520" lon="-122.0433540">
    <ele>118.2</ele>
    <time>2021-10-01T23:31:00Z</time>
   </trkpt>
   <trkpt lat="47.3973850" lon="-122.0433610">
    <ele>118.1</ele>
    <time>2021-10-01T23:31:01Z</time>
   </trkpt>
   <trkpt lat="47.3974200" lon="-122.0433700">
    <ele>118.1</ele>
    <time>2021-10-01T23:31:02Z</time>
   </trkpt>
   <trkpt lat="47.3974630" lon="-122.0433760">
    <ele>118.0</ele>
    <time>2021-10-01T23:31:03Z</time>
   </trkpt>
   <trkpt lat="47.3974800" lon="-122.0433850">
    <ele>118.0</ele>
    <time>2021-10-01T23:31:04Z</time>
   </trkpt>
   <trkpt lat="47.3975140" lon="-122.0434000">
    <ele>117.9</ele>
    <time>2021-10-01T23:31:05Z</time>
   </trkpt>
   <trkpt lat="47.3975580" lon="-122.0433920">
    <ele>117.9</ele>
    <time>2021-10-01T23:31:06Z</time>
   </trkpt>
   <trkpt lat="47.3975760" lon="-122.0433870">
    <ele>117.8</ele>
    <time>2021-10-01T23:31:07Z</time>
   </trkpt>
   <trkpt lat="47.3976070" lon="-122.0434040">
    <ele>117.8</ele>
    <time>2021-10-01T23:31:08Z</time>
   </trkpt>
   <trkpt lat="47.3976470" lon="-122.0434040">
    <ele>117.7</ele>
    <time>2021-10-01T23:31:09Z</time>
   </trkpt>
   <trkpt lat="47.3976820" lon="-122.0434100">
    <ele>117.6</ele>
    <time>2021-10-01T23:31:10Z</time>
   </trkpt>
   <trkpt lat="47.3977110" lon="-122.0434160">
    <ele>117.6</ele>
    <time>2021-10-01T23:31:11Z</time>
   </trkpt>
   <trkpt lat="47.3977510" lon="-122.0434240">
    <ele>117.5</ele>
    <time>2021-10-01T23:31:12Z</time>
   </trkpt>
   <trkpt lat="47.3977870" lon="-122.0434230">
    <ele>117.4</ele>
    <time>2021-10-01T23:31:13Z</time>
   </trkpt>
   <trkpt lat="47.3978330" lon="-122.0434190">
    <ele>117.3</ele>
    <time>2021-10-01T23:31:14Z</time>
   </trkpt>
   <trkpt lat="47.3978530" lon="-122.0434230">
    <ele>117.2</ele>
    <time>2021-10-01T23:31:15Z</time>
   </trkpt>
   <trkpt lat="47.3978870" lon="-122.0434100">
    <ele>117.2</ele>
    <time>2021-10-01T23:31:16Z</time>
   </trkpt>
   <trkpt lat="47.3979210" lon="-122.0434120">
    <ele>117.1</ele>
    <time>2021-10-01T23:31:17Z</time>
   </trkpt>
   <trkpt lat="47.3979510" lon="-122.0434040">
    <ele>117.0</ele>
    <time>2021-10-01T23:31:18Z</time>
   </trkpt>
   <trkpt lat="47.3979890" lon="-122.0433920">
    <ele>116.8</ele>
    <time>2021-10-01T23:31:19Z</time>
   </trkpt>
   <trkpt lat="47.3980300" lon="-122.0433800">
    <ele>116.6</ele>
    <time>2021-10-01T23:31:20Z</time>
   </trkpt>
   <trkpt lat="47.3980580" lon="-122.0433700">
    <ele>116.4</ele>
    <time>2021-10-01T23:31:21Z</time>
   </trkpt>
   <trkpt lat="47.3980930" lon="-122.0433490">
    <ele>116.2</ele>
    <time>2021-10-01T23:31:22Z</time>
   </trkpt>
   <trkpt lat="47.3981210" lon="-122.0433520">
    <ele>116.0</ele>
    <time>2021-10-01T23:31:23Z</time>
   </trkpt>
   <trkpt lat="47.3981650" lon="-122.0433330">
    <ele>115.5</ele>
    <time>2021-10-01T23:31:24Z</time>
   </trkpt>
   <trkpt lat="47.3981880" lon="-122.0433200">
    <ele>115.3</ele>
    <time>2021-10-01T23:31:25Z</time>
   </trkpt>
   <trkpt lat="47.3982220" lon="-122.0433280">
    <ele>114.9</ele>
    <time>2021-10-01T23:31:26Z</time>
   </trkpt>
   <trkpt lat="47.3982590" lon="-122.0433260">
    <ele>114.4</ele>
    <time>2021-10-01T23:31:27Z</time>
   </trkpt>
   <trkpt lat="47.3983020" lon="-122.0433350">
    <ele>113.7</ele>
    <time>2021-10-01T23:31:28Z</time>
   </trkpt>
   <trkpt lat="47.3983370" lon="-122.0433340">
    <ele>113.2</ele>
    <time>2021-10-01T23:31:29Z</time>
   </trkpt>
   <trkpt lat="47.3983720" lon="-122.0433350">
    <ele>112.7</ele>
    <time>2021-10-01T23:31:30Z</time>
   </trkpt>
   <trkpt lat="47.3984120" lon="-122.0433370">
    <ele>112.1</ele>
    <time>2021-10-01T23:31:31Z</time>
   </trkpt>
   <trkpt lat="47.3984460" lon="-122.0433340">
    <ele>111.6</ele>
    <time>2021-10-01T23:31:32Z</time>
   </trkpt>
   <trkpt lat="47.3984780" lon="-122.0433120">
    <ele>111.1</ele>
    <time>2021-10-01T23:31:33Z</time>
   </trkpt>
   <trkpt lat="47.3985210" lon="-122.0432820">
    <ele>110.4</ele>
    <time>2021-10-01T23:31:34Z</time>
   </trkpt>
   <trkpt lat="47.3985460" lon="-122.0432520">
    <ele>110.0</ele>
    <time>2021-10-01T23:31:35Z</time>
   </trkpt>
   <trkpt lat="47.3985750" lon="-122.0432030">
    <ele>109.5</ele>
    <time>2021-10-01T23:31:36Z</time>
   </trkpt>
   <trkpt lat="47.3986080" lon="-122.0431550">
    <ele>109.0</ele>
    <time>2021-10-01T23:31:37Z</time>
   </trkpt>
   <trkpt lat="47.3986380" lon="-122.0431320">
    <ele>108.9</ele>
    <time>2021-10-01T23:31:38Z</time>
   </trkpt>
   <trkpt lat="47.3986800" lon="-122.0431360">
    <ele>108.8</ele>
    <time>2021-10-01T23:31:39Z</time>
   </trkpt>
   <trkpt lat="47.3987150" lon="-122.0431490">
    <ele>108.8</ele>
    <time>2021-10-01T23:31:40Z</time>
   </trkpt>
   <trkpt lat="47.3987530" lon="-122.0431540">
    <ele>108.7</ele>
    <time>2021-10-01T23:31:41Z</time>
   </trkpt>
   <trkpt lat="47.3987970" lon="-122.0431610">
    <ele>108.7</ele>
    <time>2021-10-01T23:31:42Z</time>
   </trkpt>
   <trkpt lat="47.3988270" lon="-122.0431860">
    <ele>108.6</ele>
    <time>2021-10-01T23:31:43Z</time>
   </trkpt>
   <trkpt lat="47.3988630" lon="-122.0431950">
    <ele>108.5</ele>
    <time>2021-10-01T23:31:44Z</time>
   </trkpt>
   <trkpt lat="47.3988900" lon="-122.0431900">
    <ele>108.5</ele>
    <time>2021-10-01T23:31:45Z</time>
   </trkpt>
   <trkpt lat="47.3989270" lon="-122.0432020">
    <ele>108.5</ele>
    <time>2021-10-01T23:31:46Z</time>
   </trkpt>
   <trkpt lat="47.3989570" lon="-122.0432120">
    <ele>108.4</ele>
    <time>2021-10-01T23:31:47Z</time>
   </trkpt>
   <trkpt lat="47.3989910" lon="-122.0432140">
    <ele>108.4</ele>
    <time>2021-10-01T23:31:48Z</time>
   </trkpt>
   <trkpt lat="47.3990290" lon="-122.0432210">
    <ele>108.4</ele>
    <time>2021-10-01T23:31:49Z</time>
   </trkpt>
   <trkpt lat="47.3990660" lon="-122.0432260">
    <ele>108.3</ele>
    <time>2021-10-01T23:31:50Z</time>
   </trkpt>
   <trkpt lat="47.3991000" lon="-122.0432400">
    <ele>108.3</ele>
    <time>2021-10-01T23:31:51Z</time>
   </trkpt>
   <trkpt lat="47.3991390" lon="-122.0432450">
    <ele>108.3</ele>
    <time>2021-10-01T23:31:52Z</time>
   </trkpt>
   <trkpt lat="47.3991670" lon="-122.0432640">
    <ele>108.2</ele>
    <time>2021-10-01T23:31:53Z</time>
   </trkpt>
   <trkpt lat="47.3992070" lon="-122.0432630">
    <ele>108.2</ele>
    <time>2021-10-01T23:31:54Z</time>
   </trkpt>
   <trkpt lat="47.3992350" lon="-122.0432720">
    <ele>108.2</ele>
    <time>2021-10-01T23:31:55Z</time>
   </trkpt>
   <trkpt lat="47.3992630" lon="-122.0432800">
    <ele>108.1</ele>
    <time>2021-10-01T23:31:56Z</time>
   </trkpt>
   <trkpt lat="47.3993010" lon="-122.0433040">
    <ele>108.1</ele>
    <time>2021-10-01T23:31:57Z</time>
   </trkpt>
   <trkpt lat="47.3993320" lon="-122.0433020">
    <ele>108.1</ele>
    <time>2021-10-01T23:31:58Z</time>
   </trkpt>
   <trkpt lat="47.3993690" lon="-122.0433150">
    <ele>108.0</ele>
    <time>2021-10-01T23:31:59Z</time>
   </trkpt>
   <trkpt lat="47.3994010" lon="-122.0433300">
    <ele>108.0</ele>
    <time>2021-10-01T23:32:00Z</time>
   </trkpt>
   <trkpt lat="47.3994350" lon="-122.0433380">
    <ele>108.0</ele>
    <time>2021-10-01T23:32:01Z</time>
   </trkpt>
   <trkpt lat="47.3994810" lon="-122.0433600">
    <ele>107.9</ele>
    <time>2021-10-01T23:32:02Z</time>
   </trkpt>
   <trkpt lat="47.3995180" lon="-122.0433520">
    <ele>107.9</ele>
    <time>2021-10-01T23:32:03Z</time>
   </trkpt>
   <trkpt lat="47.3995550" lon="-122.0433590">
    <ele>107.8</ele>
    <time>2021-10-01T23:32:04Z</time>
   </trkpt>
   <trkpt lat="47.3995910" lon="-122.0433640">
    <ele>107.8</ele>
    <time>2021-10-01T23:32:05Z</time>
   </trkpt>
   <trkpt lat="47.3996260" lon="-122.0433450">
    <ele>107.7</ele>
    <time>2021-10-01T23:32:06Z</time>
   </trkpt>
   <trkpt lat="47.3996690" lon="-122.0433510">
    <ele>107.7</ele>
    <time>2021-10-01T23:32:07Z</time>
   </trkpt>
   <trkpt lat="47.3997090" lon="-122.0433540">
    <ele>107.6</ele>
    <time>2021-10-01T23:32:08Z</time>
   </trkpt>
   <trkpt lat="47.3997390" lon="-122.0433510">
    <ele>107.6</ele>
    <time>2021-10-01T23:32:09Z</time>
   </trkpt>
   <trkpt lat="47.3997770" lon="-122.0433310">
    <ele>107.6</ele>
    <time>2021-10-01T23:32:10Z</time>
   </trkpt>
   <trkpt lat="47.3998180" lon="-122.0433370">
    <ele>107.5</ele>
    <time>2021-10-01T23:32:11Z</time>
   </trkpt>
   <trkpt lat="47.3998590" lon="-122.0433290">
    <ele>107.5</ele>
    <time>2021-10-01T23:32:12Z</time>
   </trkpt>
   <trkpt lat="47.3998980" lon="-122.0433290">
    <ele>107.5</ele>
    <time>2021-10-01T23:32:13Z</time>
   </trkpt>
   <trkpt lat="47.3999330" lon="-122.0433350">
    <ele>107.4</ele>
    <time>2021-10-01T23:32:14Z</time>
   </trkpt>
   <trkpt lat="47.3999680" lon="-122.0433260">
    <ele>107.4</ele>
    <time>2021-10-01T23:32:15Z</time>
   </trkpt>
   <trkpt lat="47.4000000" lon="-122.0432960">
    <ele>107.4</ele>
    <time>2021-10-01T23:32:16Z</time>
   </trkpt>
   <trkpt lat="47.4000380" lon="-122.0433140">
    <ele>107.4</ele>
    <time>2021-10-01T23:32:17Z</time>
   </trkpt>
   <trkpt lat="47.4000770" lon="-122.0433080">
    <ele>107.3</ele>
    <time>2021-10-01T23:32:18Z</time>
   </trkpt>
   <trkpt lat="47.4001090" lon="-122.0432990">
    <ele>107.3</ele>
    <time>2021-10-01T23:32:19Z</time>
   </trkpt>
   <trkpt lat="47.4001470" lon="-122.0433020">
    <ele>107.3</ele>
    <time>2021-10-01T23:32:20Z</time>
   </trkpt>
   <trkpt lat="47.4001760" lon="-122.0433030">
    <ele>107.3</ele>
    <time>2021-10-01T23:32:21Z</time>
   </trkpt>
   <trkpt lat="47.4002070" lon="-122.0432990">
    <ele>107.2</ele>
    <time>2021-10-01T23:32:22Z</time>
   </trkpt>
   <trkpt lat="47.4002360" lon="-122.0432950">
    <ele>107.2</ele>
    <time>2021-10-01T23:32:23Z</time>
   </trkpt>
   <trkpt lat="47.4002710" lon="-122.0432900">
    <ele>107.2</ele>
    <time>2021-10-01T23:32:24Z</time>
   </trkpt>
   <trkpt lat="47.4003070" lon="-122.0432920">
    <ele>107.2</ele>
    <time>2021-10-01T23:32:25Z</time>
   </trkpt>
   <trkpt lat="47.4003410" lon="-122.0432700">
    <ele>107.1</ele>
    <time>2021-10-01T23:32:26Z</time>
   </trkpt>
   <trkpt lat="47.4003890" lon="-122.0432600">
    <ele>107.1</ele>
    <time>2021-10-01T23:32:27Z</time>
   </trkpt>
   <trkpt lat="47.4004330" lon="-122.0432450">
    <ele>107.0</ele>
    <time>2021-10-01T23:32:28Z</time>
   </trkpt>
   <trkpt lat="47.4004700" lon="-122.0432570">
    <ele>107.0</ele>
    <time>2021-10-01T23:32:29Z</time>
   </trkpt>
   <trkpt lat="47.4005070" lon="-122.0432580">
    <ele>107.0</ele>
    <time>2021-10-01T23:32:30Z</time>
   </trkpt>
   <trkpt lat="47.4005390" lon="-122.0432630">
    <ele>107.0</ele>
    <time>2021-10-01T23:32:31Z</time>
   </trkpt>
   <trkpt lat="47.4005740" lon="-122.0432530">
    <ele>106.9</ele>
    <time>2021-10-01T23:32:32Z</time>
   </trkpt>
   <trkpt lat="47.4006030" lon="-122.0432830">
    <ele>106.9</ele>
    <time>2021-10-01T23:32:33Z</time>
   </trkpt>
   <trkpt lat="47.4006320" lon="-122.0432810">
    <ele>106.9</ele>
    <time>2021-10-01T23:32:34Z</time>
   </trkpt>
   <trkpt lat="47.4006770" lon="-122.0432710">
    <ele>106.8</ele>
    <time>2021-10-01T23:32:35Z</time>
   </trkpt>
   <trkpt lat="47.4007150" lon="-122.0432620">
    <ele>106.8</ele>
    <time>2021-10-01T23:32:36Z</time>
   </trkpt>
   <trkpt lat="47.4007470" lon="-122.0432550">
    <ele>106.8</ele>
    <time>2021-10-01T23:32:37Z</time>
   </trkpt>
   <trkpt lat="47.4007920" lon="-122.0432430">
    <ele>106.7</ele>
    <time>2021-10-01T23:32:38Z</time>
   </trkpt>
   <trkpt lat="47.4008110" lon="-122.0432370">
    <ele>106.7</ele>
    <time>2021-10-01T23:32:39Z</time>
   </trkpt>
   <trkpt lat="47.4008470" lon="-122.0432250">
    <ele>106.6</ele>
    <time>2021-10-01T23:32:40Z</time>
   </trkpt>
   <trkpt lat="47.4008820" lon="-122.0432130">
    <ele>106.6</ele>
    <time>2021-10-01T23:32:41Z</time>
   </trkpt>
   <trkpt lat="47.4009230" lon="-122.0431980">
    <ele>106.6</ele>
    <time>2021-10-01T23:32:42Z</time>
   </trkpt>
   <trkpt lat="47.4009400" lon="-122.0431860">
    <ele>106.5</ele>
    <time>2021-10-01T23:32:43Z</time>
   </trkpt>
   <trkpt lat="47.4009730" lon="-122.0431780">
    <ele>106.5</ele>
    <time>2021-10-01T23:32:44Z</time>
   </trkpt>
   <trkpt lat="47.4010150" lon="-122.0431720">
    <ele>106.5</ele>
    <time>2021-10-01T23:32:45Z</time>
   </trkpt>
   <trkpt lat="47.4010530" lon="-122.0431440">
    <ele>106.4</ele>
    <time>2021-10-01T23:32:46Z</time>
   </trkpt>
   <trkpt lat="47.4010850" lon="-122.0431350">
    <ele>106.4</ele>
    <time>2021-10-01T23:32:47Z</time>
   </trkpt>
   <trkpt lat="47.4011120" lon="-122.0431290">
    <ele>106.4</ele>
    <time>2021-10-01T23:32:48Z</time>
   </trkpt>
   <trkpt lat="47.4011410" lon="-122.0431140">
    <ele>106.3</ele>
    <time>2021-10-01T23:32:49Z</time>
   </trkpt>
   <trkpt lat="47.4011680" lon="-122.0431080">
    <ele>106.3</ele>
    <time>2021-10-01T23:32:50Z</time>
   </trkpt>
   <trkpt lat="47.4012070" lon="-122.0430850">
    <ele>106.2</ele>
    <time>2021-10-01T23:32:51Z</time>
   </trkpt>
   <trkpt lat="47.4012460" lon="-122.0430700">
    <ele>106.2</ele>
    <time>2021-10-01T23:32:52Z</time>
   </trkpt>
   <trkpt lat="47.4012810" lon="-122.0430580">
    <ele>106.2</ele>
    <time>2021-10-01T23:32:53Z</time>
   </trkpt>
   <trkpt lat="47.4013150" lon="-122.0430470">
    <ele>106.2</ele>
    <time>2021-10-01T23:32:54Z</time>
   </trkpt>
   <trkpt lat="47.4013550" lon="-122.0430260">
    <ele>106.1</ele>
    <time>2021-10-01T23:32:55Z</time>
   </trkpt>
   <trkpt lat="47.4013720" lon="-122.0430170">
    <ele>106.1</ele>
    <time>2021-10-01T23:32:56Z</time>
   </trkpt>
   <trkpt lat="47.4014030" lon="-122.0430020">
    <ele>106.1</ele>
    <time>2021-10-01T23:32:57Z</time>
   </trkpt>
   <trkpt lat="47.4014420" lon="-122.0429840">
    <ele>106.1</ele>
    <time>2021-10-01T23:32:58Z</time>
   </trkpt>
   <trkpt lat="47.4014750" lon="-122.0429650">
    <ele>106.0</ele>
    <time>2021-10-01T23:32:59Z</time>
   </trkpt>
   <trkpt lat="47.4015180" lon="-122.0429510">
    <ele>106.0</ele>
    <time>2021-10-01T23:33:00Z</time>
   </trkpt>
   <trkpt lat="47.4015530" lon="-122.0429320">
    <ele>106.0</ele>
    <time>2021-10-01T23:33:01Z</time>
   </trkpt>
   <trkpt lat="47.4015890" lon="-122.0429150">
    <ele>106.0</ele>
    <time>2021-10-01T23:33:02Z</time>
   </trkpt>
   <trkpt lat="47.4016390" lon="-122.0428900">
    <ele>105.9</ele>
    <time>2021-10-01T23:33:03Z</time>
   </trkpt>
   <trkpt lat="47.4016690" lon="-122.0428710">
    <ele>105.9</ele>
    <time>2021-10-01T23:33:04Z</time>
   </trkpt>
   <trkpt lat="47.4016980" lon="-122.0428530">
    <ele>105.9</ele>
    <time>2021-10-01T23:33:05Z</time>
   </trkpt>
   <trkpt lat="47.4017320" lon="-122.0428290">
    <ele>105.9</ele>
    <time>2021-10-01T23:33:06Z</time>
   </trkpt>
   <trkpt lat="47.4017590" lon="-122.0428140">
    <ele>105.9</ele>
    <time>2021-10-01T23:33:07Z</time>
   </trkpt>
   <trkpt lat="47.4017920" lon="-122.0427880">
    <ele>105.9</ele>
    <time>2021-10-01T23:33:08Z</time>
   </trkpt>
   <trkpt lat="47.4018280" lon="-122.0427630">
    <ele>105.8</ele>
    <time>2021-10-01T23:33:09Z</time>
   </trkpt>
   <trkpt lat="47.4018580" lon="-122.0427480">
    <ele>105.8</ele>
    <time>2021-10-01T23:33:10Z</time>
   </trkpt>
   <trkpt lat="47.4018860" lon="-122.0427220">
    <ele>105.8</ele>
    <time>2021-10-01T23:33:11Z</time>
   </trkpt>
   <trkpt lat="47.4019220" lon="-122.0427000">
    <ele>105.8</ele>
    <time>2021-10-01T23:33:12Z</time>
   </trkpt>
   <trkpt lat="47.4019580" lon="-122.0426790">
    <ele>105.8</ele>
    <time>2021-10-01T23:33:13Z</time>
   </trkpt>
   <trkpt lat="47.4019690" lon="-122.0426710">
    <ele>105.8</ele>
    <time>2021-10-01T23:33:14Z</time>
   </trkpt>
   <trkpt lat="47.4019940" lon="-122.0426520">
    <ele>105.7</ele>
    <time>2021-10-01T23:33:15Z</time>
   </trkpt>
   <trkpt lat="47.4020170" lon="-122.0426280">
    <ele>105.7</ele>
    <time>2021-10-01T23:33:16Z</time>
   </trkpt>
   <trkpt lat="47.4020460" lon="-122.0426060">
    <ele>105.7</ele>
    <time>2021-10-01T23:33:17Z</time>
   </trkpt>
   <trkpt lat="47.4020790" lon="-122.0425720">
    <ele>105.6</ele>
    <time>2021-10-01T23:33:18Z</time>
   </trkpt>
   <trkpt lat="47.4021180" lon="-122.0425330">
    <ele>105.6</ele>
    <time>2021-10-01T23:33:19Z</time>
   </trkpt>
   <trkpt lat="47.4021440" lon="-122.0425130">
    <ele>105.6</ele>
    <time>2021-10-01T23:33:20Z</time>
   </trkpt>
   <trkpt lat="47.4021700" lon="-122.0424950">
    <ele>105.5</ele>
    <time>2021-10-01T23:33:21Z</time>
   </trkpt>
   <trkpt lat="47.4022090" lon="-122.0424650">
    <ele>105.5</ele>
    <time>2021-10-01T23:33:22Z</time>
   </trkpt>
   <trkpt lat="47.4022400" lon="-122.0424340">
    <ele>105.5</ele>
    <time>2021-10-01T23:33:23Z</time>
   </trkpt>
   <trkpt lat="47.4022700" lon="-122.0424060">
    <ele>105.5</ele>
    <time>2021-10-01T23:33:24Z</time>
   </trkpt>
   <trkpt lat="47.4022950" lon="-122.0423860">
    <ele>105.4</ele>
    <time>2021-10-01T23:33:25Z</time>
   </trkpt>
   <trkpt lat="47.4023270" lon="-122.0423680">
    <ele>105.4</ele>
    <time>2021-10-01T23:33:26Z</time>
   </trkpt>
   <trkpt lat="47.4023640" lon="-122.0423340">
    <ele>105.4</ele>
    <time>2021-10-01T23:33:27Z</time>
   </trkpt>
   <trkpt lat="47.4023970" lon="-122.0423090">
    <ele>105.4</ele>
    <time>2021-10-01T23:33:28Z</time>
   </trkpt>
   <trkpt lat="47.4024290" lon="-122.0422790">
    <ele>105.4</ele>
    <time>2021-10-01T23:33:29Z</time>
   </trkpt>
   <trkpt lat="47.4024670" lon="-122.0422440">
    <ele>105.3</ele>
    <time>2021-10-01T23:33:30Z</time>
   </trkpt>
   <trkpt lat="47.4024820" lon="-122.0422280">
    <ele>105.3</ele>
    <time>2021-10-01T23:33:31Z</time>
   </trkpt>
   <trkpt lat="47.4025110" lon="-122.0421990">
    <ele>105.3</ele>
    <time>2021-10-01T23:33:32Z</time>
   </trkpt>
   <trkpt lat="47.4025380" lon="-122.0421740">
    <ele>105.3</ele>
    <time>2021-10-01T23:33:33Z</time>
   </trkpt>
   <trkpt lat="47.4025690" lon="-122.0421480">
    <ele>105.3</ele>
    <time>2021-10-01T23:33:34Z</time>
   </trkpt>
   <trkpt lat="47.4026010" lon="-122.0421180">
    <ele>105.2</ele>
    <time>2021-10-01T23:33:35Z</time>
   </trkpt>
   <trkpt lat="47.4026310" lon="-122.0420970">
    <ele>105.2</ele>
    <time>2021-10-01T23:33:36Z</time>
   </trkpt>
   <trkpt lat="47.4026600" lon="-122.0420740">
    <ele>105.2</ele>
    <time>2021-10-01T23:33:37Z</time>
   </trkpt>
   <trkpt lat="47.4026950" lon="-122.0420380">
    <ele>105.1</ele>
    <time>2021-10-01T23:33:38Z</time>
   </trkpt>
   <trkpt lat="47.4027070" lon="-122.0420260">
    <ele>105.1</ele>
    <time>2021-10-01T23:33:39Z</time>
   </trkpt>
   <trkpt lat="47.4027340" lon="-122.0419880">
    <ele>105.1</ele>
    <time>2021-10-01T23:33:40Z</time>
   </trkpt>
   <trkpt lat="47.4027610" lon="-122.0419650">
    <ele>105.0</ele>
    <time>2021-10-01T23:33:41Z</time>
   </trkpt>
   <trkpt lat="47.4027910" lon="-122.0419260">
    <ele>105.0</ele>
    <time>2021-10-01T23:33:42Z</time>
   </trkpt>
   <trkpt lat="47.4028140" lon="-122.0418940">
    <ele>105.0</ele>
    <time>2021-10-01T23:33:43Z</time>
   </trkpt>
   <trkpt lat="47.4028440" lon="-122.0418590">
    <ele>104.9</ele>
    <time>2021-10-01T23:33:44Z</time>
   </trkpt>
   <trkpt lat="47.4028750" lon="-122.0418260">
    <ele>104.9</ele>
    <time>2021-10-01T23:33:45Z</time>
   </trkpt>
   <trkpt lat="47.4029070" lon="-122.0417900">
    <ele>104.9</ele>
    <time>2021-10-01T23:33:46Z</time>
   </trkpt>
   <trkpt lat="47.4029380" lon="-122.0417500">
    <ele>104.8</ele>
    <time>2021-10-01T23:33:47Z</time>
   </trkpt>
   <trkpt lat="47.4029650" lon="-122.0417230">
    <ele>104.8</ele>
    <time>2021-10-01T23:33:48Z</time>
   </trkpt>
   <trkpt lat="47.4029980" lon="-122.0416850">
    <ele>104.8</ele>
    <time>2021-10-01T23:33:49Z</time>
   </trkpt>
   <trkpt lat="47.4030230" lon="-122.0416500">
    <ele>104.8</ele>
    <time>2021-10-01T23:33:50Z</time>
   </trkpt>
   <trkpt lat="47.4030510" lon="-122.0416180">
    <ele>104.7</ele>
    <time>2021-10-01T23:33:51Z</time>
   </trkpt>
   <trkpt lat="47.4030810" lon="-122.0415890">
    <ele>104.7</ele>
    <time>2021-10-01T23:33:52Z</time>
   </trkpt>
   <trkpt lat="47.4031060" lon="-122.0415550">
    <ele>104.7</ele>
    <time>2021-10-01T23:33:53Z</time>
   </trkpt>
   <trkpt lat="47.4031280" lon="-122.0415260">
    <ele>104.7</ele>
    <time>2021-10-01T23:33:54Z</time>
   </trkpt>
   <trkpt lat="47.4031570" lon="-122.0414810">
    <ele>104.6</ele>
    <time>2021-10-01T23:33:55Z</time>
   </trkpt>
   <trkpt lat="47.4031790" lon="-122.0414500">
    <ele>104.6</ele>
    <time>2021-10-01T23:33:56Z</time>
   </trkpt>
   <trkpt lat="47.4032110" lon="-122.0414170">
    <ele>104.6</ele>
    <time>2021-10-01T23:33:57Z</time>
   </trkpt>
   <trkpt lat="47.4032320" lon="-122.0413850">
    <ele>104.6</ele>
    <time>2021-10-01T23:33:58Z</time>
   </trkpt>
   <trkpt lat="47.4032500" lon="-122.0413520">
    <ele>104.6</ele>
    <time>2021-10-01T23:33:59Z</time>
   </trkpt>
   <trkpt lat="47.4032780" lon="-122.0413110">
    <ele>104.5</ele>
    <time>2021-10-01T23:34:00Z</time>
   </trkpt>
   <trkpt lat="47.4033110" lon="-122.0412660">
    <ele>104.5</ele>
    <time>2021-10-01T23:34:01Z</time>
   </trkpt>
   <trkpt lat="47.4033240" lon="-122.0412460">
    <ele>104.5</ele>
    <time>2021-10-01T23:34:02Z</time>
   </trkpt>
   <trkpt lat="47.4033540" lon="-122.0412040">
    <ele>104.5</ele>
    <time>2021-10-01T23:34:03Z</time>
   </trkpt>
   <trkpt lat="47.4033780" lon="-122.0411680">
    <ele>104.4</ele>
    <time>2021-10-01T23:34:04Z</time>
   </trkpt>
   <trkpt lat="47.4034090" lon="-122.0411220">
    <ele>104.4</ele>
    <time>2021-10-01T23:34:05Z</time>
   </trkpt>
   <trkpt lat="47.4034280" lon="-122.0410880">
    <ele>104.4</ele>
    <time>2021-10-01T23:34:06Z</time>
   </trkpt>
   <trkpt lat="47.4034500" lon="-122.0410520">
    <ele>104.3</ele>
    <time>2021-10-01T23:34:07Z</time>
   </trkpt>
   <trkpt lat="47.4034750" lon="-122.0410160">
    <ele>104.3</ele>
    <time>2021-10-01T23:34:08Z</time>
   </trkpt>
   <trkpt lat="47.4035010" lon="-122.0409740">
    <ele>104.3</ele>
    <time>2021-10-01T23:34:09Z</time>
   </trkpt>
   <trkpt lat="47.4035380" lon="-122.0409350">
    <ele>104.2</ele>
    <time>2021-10-01T23:34:10Z</time>
   </trkpt>
   <trkpt lat="47.4035590" lon="-122.0409090">
    <ele>104.2</ele>
    <time>2021-10-01T23:34:11Z</time>
   </trkpt>
   <trkpt lat="47.4035920" lon="-122.0408700">
    <ele>104.2</ele>
    <time>2021-10-01T23:34:12Z</time>
   </trkpt>
   <trkpt lat="47.4036170" lon="-122.0408290">
    <ele>104.1</ele>
    <time>2021-10-01T23:34:13Z</time>
   </trkpt>
   <trkpt lat="47.4036410" lon="-122.0407950">
    <ele>104.1</ele>
    <time>2021-10-01T23:34:14Z</time>
   </trkpt>
   <trkpt lat="47.4036670" lon="-122.0407620">
    <ele>104.1</ele>
    <time>2021-10-01T23:34:15Z</time>
   </trkpt>
   <trkpt lat="47.4036870" lon="-122.0407310">
    <ele>104.1</ele>
    <time>2021-10-01T23:34:16Z</time>
   </trkpt>
   <trkpt lat="47.4037160" lon="-122.0406990">
    <ele>104.1</ele>
    <time>2021-10-01T23:34:17Z</time>
   </trkpt>
   <trkpt lat="47.4037450" lon="-122.0406590">
    <ele>104.1</ele>
    <time>2021-10-01T23:34:18Z</time>
   </trkpt>
   <trkpt lat="47.4037820" lon="-122.0406220">
    <ele>104.0</ele>
    <time>2021-10-01T23:34:19Z</time>
   </trkpt>
   <trkpt lat="47.4037980" lon="-122.0406080">
    <ele>104.0</ele>
    <time>2021-10-01T23:34:20Z</time>
   </trkpt>
   <trkpt lat="47.4038180" lon="-122.0405740">
    <ele>104.0</ele>
    <time>2021-10-01T23:34:21Z</time>
   </trkpt>
   <trkpt lat="47.4038450" lon="-122.0405400">
    <ele>104.0</ele>
    <time>2021-10-01T23:34:22Z</time>
   </trkpt>
   <trkpt lat="47.4038760" lon="-122.0404990">
    <ele>104.0</ele>
    <time>2021-10-01T23:34:23Z</time>
   </trkpt>
   <trkpt lat="47.4038930" lon="-122.0404540">
    <ele>103.9</ele>
    <time>2021-10-01T23:34:24Z</time>
   </trkpt>
   <trkpt lat="47.4039440" lon="-122.0403830">
    <ele>103.8</ele>
    <time>2021-10-01T23:34:25Z</time>
   </trkpt>
   <trkpt lat="47.4039610" lon="-122.0403430">
    <ele>103.8</ele>
    <time>2021-10-01T23:34:26Z</time>
   </trkpt>
   <trkpt lat="47.4039830" lon="-122.0402990">
    <ele>103.8</ele>
    <time>2021-10-01T23:34:27Z</time>
   </trkpt>
   <trkpt lat="47.4039870" lon="-122.0402520">
    <ele>103.7</ele>
    <time>2021-10-01T23:34:28Z</time>
   </trkpt>
   <trkpt lat="47.4040070" lon="-122.0402100">
    <ele>103.7</ele>
    <time>2021-10-01T23:34:29Z</time>
   </trkpt>
   <trkpt lat="47.4040340" lon="-122.0401690">
    <ele>103.6</ele>
    <time>2021-10-01T23:34:30Z</time>
   </trkpt>
   <trkpt lat="47.4040550" lon="-122.0401390">
    <ele>103.6</ele>
    <time>2021-10-01T23:34:31Z</time>
   </trkpt>
   <trkpt lat="47.4040820" lon="-122.0400980">
    <ele>103.6</ele>
    <time>2021-10-01T23:34:32Z</time>
   </trkpt>
   <trkpt lat="47.4041000" lon="-122.0400680">
    <ele>103.6</ele>
    <time>2021-10-01T23:34:33Z</time>
   </trkpt>
   <trkpt lat="47.4041240" lon="-122.0400320">
    <ele>103.5</ele>
    <time>2021-10-01T23:34:34Z</time>
   </trkpt>
   <trkpt lat="47.4041450" lon="-122.0399970">
    <ele>103.5</ele>
    <time>2021-10-01T23:34:35Z</time>
   </trkpt>
   <trkpt lat="47.4041650" lon="-122.0399630">
    <ele>103.5</ele>
    <time>2021-10-01T23:34:36Z</time>
   </trkpt>
   <trkpt lat="47.4041960" lon="-122.0399260">
    <ele>103.4</ele>
    <time>2021-10-01T23:34:37Z</time>
   </trkpt>
   <trkpt lat="47.4042260" lon="-122.0398830">
    <ele>103.4</ele>
    <time>2021-10-01T23:34:38Z</time>
   </trkpt>
   <trkpt lat="47.4042410" lon="-122.0398610">
    <ele>103.4</ele>
    <time>2021-10-01T23:34:39Z</time>
   </trkpt>
   <trkpt lat="47.4042720" lon="-122.0398130">
    <ele>103.3</ele>
    <time>2021-10-01T23:34:40Z</time>
   </trkpt>
   <trkpt lat="47.4042970" lon="-122.0397720">
    <ele>103.3</ele>
    <time>2021-10-01T23:34:41Z</time>
   </trkpt>
   <trkpt lat="47.4043190" lon="-122.0397370">
    <ele>103.3</ele>
    <time>2021-10-01T23:34:43Z</time>
   </trkpt>
   <trkpt lat="47.4043470" lon="-122.0396960">
    <ele>103.2</ele>
    <time>2021-10-01T23:34:44Z</time>
   </trkpt>
   <trkpt lat="47.4043760" lon="-122.0396520">
    <ele>103.2</ele>
    <time>2021-10-01T23:34:45Z</time>
   </trkpt>
   <trkpt lat="47.4044000" lon="-122.0396190">
    <ele>103.2</ele>
    <time>2021-10-01T23:34:46Z</time>
   </trkpt>
   <trkpt lat="47.4044180" lon="-122.0395880">
    <ele>103.1</ele>
    <time>2021-10-01T23:34:47Z</time>
   </trkpt>
   <trkpt lat="47.4044430" lon="-122.0395510">
    <ele>103.1</ele>
    <time>2021-10-01T23:34:48Z</time>
   </trkpt>
   <trkpt lat="47.4044670" lon="-122.0395160">
    <ele>103.1</ele>
    <time>2021-10-01T23:34:49Z</time>
   </trkpt>
   <trkpt lat="47.4044910" lon="-122.0394790">
    <ele>103.1</ele>
    <time>2021-10-01T23:34:50Z</time>
   </trkpt>
   <trkpt lat="47.4045160" lon="-122.0394450">
    <ele>103.0</ele>
    <time>2021-10-01T23:34:51Z</time>
   </trkpt>
   <trkpt lat="47.4045400" lon="-122.0394070">
    <ele>103.0</ele>
    <time>2021-10-01T23:34:52Z</time>
   </trkpt>
   <trkpt lat="47.4045670" lon="-122.0393730">
    <ele>103.0</ele>
    <time>2021-10-01T23:34:53Z</time>
   </trkpt>
   <trkpt lat="47.4046000" lon="-122.0393200">
    <ele>102.9</ele>
    <time>2021-10-01T23:34:54Z</time>
   </trkpt>
   <trkpt lat="47.4046130" lon="-122.0392950">
    <ele>102.9</ele>
    <time>2021-10-01T23:34:55Z</time>
   </trkpt>
   <trkpt lat="47.4046360" lon="-122.0392610">
    <ele>102.9</ele>
    <time>2021-10-01T23:34:56Z</time>
   </trkpt>
   <trkpt lat="47.4046570" lon="-122.0392280">
    <ele>102.9</ele>
    <time>2021-10-01T23:34:57Z</time>
   </trkpt>
   <trkpt lat="47.4046940" lon="-122.0391840">
    <ele>102.8</ele>
    <time>2021-10-01T23:34:58Z</time>
   </trkpt>
   <trkpt lat="47.4047250" lon="-122.0391540">
    <ele>102.8</ele>
    <time>2021-10-01T23:34:59Z</time>
   </trkpt>
   <trkpt lat="47.4047460" lon="-122.0391160">
    <ele>102.8</ele>
    <time>2021-10-01T23:35:00Z</time>
   </trkpt>
   <trkpt lat="47.4047770" lon="-122.0390720">
    <ele>102.8</ele>
    <time>2021-10-01T23:35:01Z</time>
   </trkpt>
   <trkpt lat="47.4048090" lon="-122.0390330">
    <ele>102.7</ele>
    <time>2021-10-01T23:35:02Z</time>
   </trkpt>
   <trkpt lat="47.4048230" lon="-122.0390160">
    <ele>102.7</ele>
    <time>2021-10-01T23:35:03Z</time>
   </trkpt>
   <trkpt lat="47.4048490" lon="-122.0389780">
    <ele>102.7</ele>
    <time>2021-10-01T23:35:04Z</time>
   </trkpt>
   <trkpt lat="47.4048780" lon="-122.0389320">
    <ele>102.7</ele>
    <time>2021-10-01T23:35:05Z</time>
   </trkpt>
   <trkpt lat="47.4049070" lon="-122.0388940">
    <ele>102.7</ele>
    <time>2021-10-01T23:35:06Z</time>
   </trkpt>
   <trkpt lat="47.4049160" lon="-122.0388820">
    <ele>102.7</ele>
    <time>2021-10-01T23:35:07Z</time>
   </trkpt>
   <trkpt lat="47.4049400" lon="-122.0388530">
    <ele>102.7</ele>
    <time>2021-10-01T23:35:08Z</time>
   </trkpt>
   <trkpt lat="47.4049700" lon="-122.0388150">
    <ele>102.6</ele>
    <time>2021-10-01T23:35:09Z</time>
   </trkpt>
   <trkpt lat="47.4049870" lon="-122.0387800">
    <ele>102.6</ele>
    <time>2021-10-01T23:35:10Z</time>
   </trkpt>
   <trkpt lat="47.4050140" lon="-122.0387420">
    <ele>102.6</ele>
    <time>2021-10-01T23:35:11Z</time>
   </trkpt>
   <trkpt lat="47.4050460" lon="-122.0387110">
    <ele>102.6</ele>
    <time>2021-10-01T23:35:12Z</time>
   </trkpt>
   <trkpt lat="47.4050610" lon="-122.0386900">
    <ele>102.6</ele>
    <time>2021-10-01T23:35:13Z</time>
   </trkpt>
   <trkpt lat="47.4050910" lon="-122.0386980">
    <ele>102.6</ele>
    <time>2021-10-01T23:36:59Z</time>
   </trkpt>
   <trkpt lat="47.4050880" lon="-122.0386940">
    <ele>102.6</ele>
    <time>2021-10-01T23:37:00Z</time>
   </trkpt>
   <trkpt lat="47.4050730" lon="-122.0386960">
    <ele>102.6</ele>
    <time>2021-10-01T23:37:01Z</time>
   </trkpt>
   <trkpt lat="47.4050610" lon="-122.0387210">
    <ele>102.6</ele>
    <time>2021-10-01T23:37:02Z</time>
   </trkpt>
   <trkpt lat="47.4050400" lon="-122.0387570">
    <ele>102.6</ele>
    <time>2021-10-01T23:37:03Z</time>
   </trkpt>
   <trkpt lat="47.4050200" lon="-122.0388040">
    <ele>102.6</ele>
    <time>2021-10-01T23:37:04Z</time>
   </trkpt>
   <trkpt lat="47.4049590" lon="-122.0388330">
    <ele>102.7</ele>
    <time>2021-10-01T23:37:05Z</time>
   </trkpt>
   <trkpt lat="47.4049300" lon="-122.0388630">
    <ele>102.7</ele>
    <time>2021-10-01T23:37:06Z</time>
   </trkpt>
   <trkpt lat="47.4048910" lon="-122.0389140">
    <ele>102.7</ele>
    <time>2021-10-01T23:37:07Z</time>
   </trkpt>
   <trkpt lat="47.4048700" lon="-122.0389390">
    <ele>102.7</ele>
    <time>2021-10-01T23:37:08Z</time>
   </trkpt>
   <trkpt lat="47.4048410" lon="-122.0389780">
    <ele>102.7</ele>
    <time>2021-10-01T23:37:09Z</time>
   </trkpt>
   <trkpt lat="47.4048080" lon="-122.0390250">
    <ele>102.8</ele>
    <time>2021-10-01T23:37:10Z</time>
   </trkpt>
   <trkpt lat="47.4047880" lon="-122.0390570">
    <ele>102.8</ele>
    <time>2021-10-01T23:37:11Z</time>
   </trkpt>
   <trkpt lat="47.4047710" lon="-122.0390920">
    <ele>102.8</ele>
    <time>2021-10-01T23:37:12Z</time>
   </trkpt>
   <trkpt lat="47.4047450" lon="-122.0391200">
    <ele>102.8</ele>
    <time>2021-10-01T23:37:13Z</time>
   </trkpt>
   <trkpt lat="47.4047160" lon="-122.0391730">
    <ele>102.9</ele>
    <time>2021-10-01T23:37:14Z</time>
   </trkpt>
   <trkpt lat="47.4047050" lon="-122.0391980">
    <ele>102.9</ele>
    <time>2021-10-01T23:37:15Z</time>
   </trkpt>
   <trkpt lat="47.4046700" lon="-122.0392390">
    <ele>102.9</ele>
    <time>2021-10-01T23:37:16Z</time>
   </trkpt>
   <trkpt lat="47.4046440" lon="-122.0392700">
    <ele>102.9</ele>
    <time>2021-10-01T23:37:17Z</time>
   </trkpt>
   <trkpt lat="47.4046130" lon="-122.0392990">
    <ele>102.9</ele>
    <time>2021-10-01T23:37:18Z</time>
   </trkpt>
   <trkpt lat="47.4045840" lon="-122.0393390">
    <ele>103.0</ele>
    <time>2021-10-01T23:37:19Z</time>
   </trkpt>
   <trkpt lat="47.4045610" lon="-122.0393750">
    <ele>103.0</ele>
    <time>2021-10-01T23:37:20Z</time>
   </trkpt>
   <trkpt lat="47.4045420" lon="-122.0394050">
    <ele>103.0</ele>
    <time>2021-10-01T23:37:21Z</time>
   </trkpt>
   <trkpt lat="47.4045220" lon="-122.0394450">
    <ele>103.1</ele>
    <time>2021-10-01T23:37:22Z</time>
   </trkpt>
   <trkpt lat="47.4044880" lon="-122.0395020">
    <ele>103.1</ele>
    <time>2021-10-01T23:37:23Z</time>
   </trkpt>
   <trkpt lat="47.4044630" lon="-122.0395400">
    <ele>103.1</ele>
    <time>2021-10-01T23:37:24Z</time>
   </trkpt>
   <trkpt lat="47.4044350" lon="-122.0395720">
    <ele>103.2</ele>
    <time>2021-10-01T23:37:25Z</time>
   </trkpt>
   <trkpt lat="47.4044010" lon="-122.0396150">
    <ele>103.2</ele>
    <time>2021-10-01T23:37:26Z</time>
   </trkpt>
   <trkpt lat="47.4043780" lon="-122.0396430">
    <ele>103.2</ele>
    <time>2021-10-01T23:37:27Z</time>
   </trkpt>
   <trkpt lat="47.4043450" lon="-122.0396950">
    <ele>103.3</ele>
    <time>2021-10-01T23:37:28Z</time>
   </trkpt>
   <trkpt lat="47.4043200" lon="-122.0397270">
    <ele>103.3</ele>
    <time>2021-10-01T23:37:29Z</time>
   </trkpt>
   <trkpt lat="47.4043000" lon="-122.0397600">
    <ele>103.3</ele>
    <time>2021-10-01T23:37:30Z</time>
   </trkpt>
   <trkpt lat="47.4042730" lon="-122.0397930">
    <ele>103.4</ele>
    <time>2021-10-01T23:37:31Z</time>
   </trkpt>
   <trkpt lat="47.4042520" lon="-122.0398330">
    <ele>103.4</ele>
    <time>2021-10-01T23:37:32Z</time>
   </trkpt>
   <trkpt lat="47.4042190" lon="-122.0398960">
    <ele>103.4</ele>
    <time>2021-10-01T23:37:33Z</time>
   </trkpt>
   <trkpt lat="47.4041870" lon="-122.0399370">
    <ele>103.5</ele>
    <time>2021-10-01T23:37:34Z</time>
   </trkpt>
   <trkpt lat="47.4041640" lon="-122.0399690">
    <ele>103.5</ele>
    <time>2021-10-01T23:37:35Z</time>
   </trkpt>
   <trkpt lat="47.4041400" lon="-122.0400040">
    <ele>103.5</ele>
    <time>2021-10-01T23:37:36Z</time>
   </trkpt>
   <trkpt lat="47.4041200" lon="-122.0400390">
    <ele>103.6</ele>
    <time>2021-10-01T23:37:37Z</time>
   </trkpt>
   <trkpt lat="47.4040930" lon="-122.0400830">
    <ele>103.6</ele>
    <time>2021-10-01T23:37:38Z</time>
   </trkpt>
   <trkpt lat="47.4040660" lon="-122.0401150">
    <ele>103.6</ele>
    <time>2021-10-01T23:37:39Z</time>
   </trkpt>
   <trkpt lat="47.4040360" lon="-122.0401570">
    <ele>103.7</ele>
    <time>2021-10-01T23:37:40Z</time>
   </trkpt>
   <trkpt lat="47.4040240" lon="-122.0401730">
    <ele>103.7</ele>
    <time>2021-10-01T23:37:41Z</time>
   </trkpt>
   <trkpt lat="47.4039260" lon="-122.0402700">
    <ele>103.8</ele>
    <time>2021-10-01T23:38:12Z</time>
   </trkpt>
   <trkpt lat="47.4039120" lon="-122.0402870">
    <ele>103.8</ele>
    <time>2021-10-01T23:38:13Z</time>
   </trkpt>
   <trkpt lat="47.4038970" lon="-122.0403040">
    <ele>103.8</ele>
    <time>2021-10-01T23:38:14Z</time>
   </trkpt>
   <trkpt lat="47.4038820" lon="-122.0403210">
    <ele>103.9</ele>
    <time>2021-10-01T23:38:15Z</time>
   </trkpt>
   <trkpt lat="47.4038620" lon="-122.0403630">
    <ele>103.9</ele>
    <time>2021-10-01T23:38:16Z</time>
   </trkpt>
   <trkpt lat="47.4038370" lon="-122.0404110">
    <ele>103.9</ele>
    <time>2021-10-01T23:38:17Z</time>
   </trkpt>
   <trkpt lat="47.4038130" lon="-122.0404510">
    <ele>104.0</ele>
    <time>2021-10-01T23:38:18Z</time>
   </trkpt>
   <trkpt lat="47.4037730" lon="-122.0404880">
    <ele>104.0</ele>
    <time>2021-10-01T23:38:19Z</time>
   </trkpt>
   <trkpt lat="47.4037550" lon="-122.0405280">
    <ele>104.0</ele>
    <time>2021-10-01T23:38:20Z</time>
   </trkpt>
   <trkpt lat="47.4037240" lon="-122.0405880">
    <ele>104.1</ele>
    <time>2021-10-01T23:38:21Z</time>
   </trkpt>
   <trkpt lat="47.4036920" lon="-122.0406230">
    <ele>104.1</ele>
    <time>2021-10-01T23:38:22Z</time>
   </trkpt>
   <trkpt lat="47.4036740" lon="-122.0406540">
    <ele>104.1</ele>
    <time>2021-10-01T23:38:23Z</time>
   </trkpt>
   <trkpt lat="47.4036490" lon="-122.0406980">
    <ele>104.1</ele>
    <time>2021-10-01T23:38:24Z</time>
   </trkpt>
   <trkpt lat="47.4036220" lon="-122.0407430">
    <ele>104.1</ele>
    <time>2021-10-01T23:38:25Z</time>
   </trkpt>
   <trkpt lat="47.4035970" lon="-122.0407900">
    <ele>104.1</ele>
    <time>2021-10-01T23:38:26Z</time>
   </trkpt>
   <trkpt lat="47.4035650" lon="-122.0408190">
    <ele>104.2</ele>
    <time>2021-10-01T23:38:27Z</time>
   </trkpt>
   <trkpt lat="47.4035530" lon="-122.0408620">
    <ele>104.2</ele>
    <time>2021-10-01T23:38:28Z</time>
   </trkpt>
   <trkpt lat="47.4035200" lon="-122.0409070">
    <ele>104.2</ele>
    <time>2021-10-01T23:38:29Z</time>
   </trkpt>
   <trkpt lat="47.4035040" lon="-122.0409550">
    <ele>104.3</ele>
    <time>2021-10-01T23:38:30Z</time>
   </trkpt>
   <trkpt lat="47.4034970" lon="-122.0409700">
    <ele>104.3</ele>
    <time>2021-10-01T23:38:31Z</time>
   </trkpt>
   <trkpt lat="47.4034610" lon="-122.0409940">
    <ele>104.3</ele>
    <time>2021-10-01T23:38:32Z</time>
   </trkpt>
   <trkpt lat="47.4034390" lon="-122.0410320">
    <ele>104.3</ele>
    <time>2021-10-01T23:38:33Z</time>
   </trkpt>
   <trkpt lat="47.4033990" lon="-122.0410910">
    <ele>104.4</ele>
    <time>2021-10-01T23:38:34Z</time>
   </trkpt>
   <trkpt lat="47.4033710" lon="-122.0411440">
    <ele>104.4</ele>
    <time>2021-10-01T23:38:35Z</time>
   </trkpt>
   <trkpt lat="47.4033460" lon="-122.0411920">
    <ele>104.5</ele>
    <time>2021-10-01T23:38:36Z</time>
   </trkpt>
   <trkpt lat="47.4033220" lon="-122.0412360">
    <ele>104.5</ele>
    <time>2021-10-01T23:38:37Z</time>
   </trkpt>
   <trkpt lat="47.4032930" lon="-122.0412750">
    <ele>104.5</ele>
    <time>2021-10-01T23:38:38Z</time>
   </trkpt>
   <trkpt lat="47.4032660" lon="-122.0413200">
    <ele>104.6</ele>
    <time>2021-10-01T23:38:39Z</time>
   </trkpt>
   <trkpt lat="47.4032550" lon="-122.0413360">
    <ele>104.6</ele>
    <time>2021-10-01T23:38:40Z</time>
   </trkpt>
   <trkpt lat="47.4032200" lon="-122.0413820">
    <ele>104.6</ele>
    <time>2021-10-01T23:38:41Z</time>
   </trkpt>
   <trkpt lat="47.4032000" lon="-122.0414140">
    <ele>104.6</ele>
    <time>2021-10-01T23:38:42Z</time>
   </trkpt>
   <trkpt lat="47.4031570" lon="-122.0414640">
    <ele>104.6</ele>
    <time>2021-10-01T23:38:43Z</time>
   </trkpt>
   <trkpt lat="47.4031330" lon="-122.0415000">
    <ele>104.7</ele>
    <time>2021-10-01T23:38:44Z</time>
   </trkpt>
   <trkpt lat="47.4030940" lon="-122.0415740">
    <ele>104.7</ele>
    <time>2021-10-01T23:38:46Z</time>
   </trkpt>
   <trkpt lat="47.4030640" lon="-122.0416100">
    <ele>104.7</ele>
    <time>2021-10-01T23:38:47Z</time>
   </trkpt>
   <trkpt lat="47.4030310" lon="-122.0416410">
    <ele>104.8</ele>
    <time>2021-10-01T23:38:48Z</time>
   </trkpt>
   <trkpt lat="47.4030060" lon="-122.0416650">
    <ele>104.8</ele>
    <time>2021-10-01T23:38:49Z</time>
   </trkpt>
   <trkpt lat="47.4029710" lon="-122.0417210">
    <ele>104.8</ele>
    <time>2021-10-01T23:38:50Z</time>
   </trkpt>
   <trkpt lat="47.4029470" lon="-122.0417500">
    <ele>104.8</ele>
    <time>2021-10-01T23:38:51Z</time>
   </trkpt>
   <trkpt lat="47.4029160" lon="-122.0417840">
    <ele>104.9</ele>
    <time>2021-10-01T23:38:52Z</time>
   </trkpt>
   <trkpt lat="47.4028770" lon="-122.0418190">
    <ele>104.9</ele>
    <time>2021-10-01T23:38:53Z</time>
   </trkpt>
   <trkpt lat="47.4028530" lon="-122.0418520">
    <ele>104.9</ele>
    <time>2021-10-01T23:38:55Z</time>
   </trkpt>
   <trkpt lat="47.4028240" lon="-122.0418860">
    <ele>105.0</ele>
    <time>2021-10-01T23:38:56Z</time>
   </trkpt>
   <trkpt lat="47.4027980" lon="-122.0419150">
    <ele>105.0</ele>
    <time>2021-10-01T23:38:57Z</time>
   </trkpt>
   <trkpt lat="47.4027720" lon="-122.0419520">
    <ele>105.0</ele>
    <time>2021-10-01T23:38:58Z</time>
   </trkpt>
   <trkpt lat="47.4027280" lon="-122.0419950">
    <ele>105.1</ele>
    <time>2021-10-01T23:38:59Z</time>
   </trkpt>
   <trkpt lat="47.4026980" lon="-122.0420280">
    <ele>105.1</ele>
    <time>2021-10-01T23:39:00Z</time>
   </trkpt>
   <trkpt lat="47.4026610" lon="-122.0420730">
    <ele>105.2</ele>
    <time>2021-10-01T23:39:01Z</time>
   </trkpt>
   <trkpt lat="47.4026240" lon="-122.0421110">
    <ele>105.2</ele>
    <time>2021-10-01T23:39:02Z</time>
   </trkpt>
   <trkpt lat="47.4026040" lon="-122.0421400">
    <ele>105.3</ele>
    <time>2021-10-01T23:39:03Z</time>
   </trkpt>
   <trkpt lat="47.4025810" lon="-122.0421610">
    <ele>105.3</ele>
    <time>2021-10-01T23:39:04Z</time>
   </trkpt>
   <trkpt lat="47.4025560" lon="-122.0421810">
    <ele>105.3</ele>
    <time>2021-10-01T23:39:05Z</time>
   </trkpt>
   <trkpt lat="47.4025220" lon="-122.0422100">
    <ele>105.3</ele>
    <time>2021-10-01T23:39:06Z</time>
   </trkpt>
   <trkpt lat="47.4024840" lon="-122.0422420">
    <ele>105.3</ele>
    <time>2021-10-01T23:39:07Z</time>
   </trkpt>
   <trkpt lat="47.4024500" lon="-122.0422790">
    <ele>105.4</ele>
    <time>2021-10-01T23:39:08Z</time>
   </trkpt>
   <trkpt lat="47.4024140" lon="-122.0423200">
    <ele>105.4</ele>
    <time>2021-10-01T23:39:09Z</time>
   </trkpt>
   <trkpt lat="47.4023850" lon="-122.0423490">
    <ele>105.4</ele>
    <time>2021-10-01T23:39:10Z</time>
   </trkpt>
   <trkpt lat="47.4023550" lon="-122.0423760">
    <ele>105.4</ele>
    <time>2021-10-01T23:39:11Z</time>
   </trkpt>
   <trkpt lat="47.4023290" lon="-122.0423980">
    <ele>105.4</ele>
    <time>2021-10-01T23:39:12Z</time>
   </trkpt>
   <trkpt lat="47.4022880" lon="-122.0424260">
    <ele>105.5</ele>
    <time>2021-10-01T23:39:13Z</time>
   </trkpt>
   <trkpt lat="47.4022450" lon="-122.0424530">
    <ele>105.5</ele>
    <time>2021-10-01T23:39:14Z</time>
   </trkpt>
   <trkpt lat="47.4022170" lon="-122.0424790">
    <ele>105.5</ele>
    <time>2021-10-01T23:39:15Z</time>
   </trkpt>
   <trkpt lat="47.4021790" lon="-122.0425060">
    <ele>105.6</ele>
    <time>2021-10-01T23:39:16Z</time>
   </trkpt>
   <trkpt lat="47.4021550" lon="-122.0425290">
    <ele>105.6</ele>
    <time>2021-10-01T23:39:17Z</time>
   </trkpt>
   <trkpt lat="47.4021220" lon="-122.0425510">
    <ele>105.6</ele>
    <time>2021-10-01T23:39:18Z</time>
   </trkpt>
   <trkpt lat="47.4020890" lon="-122.0425730">
    <ele>105.7</ele>
    <time>2021-10-01T23:39:19Z</time>
   </trkpt>
   <trkpt lat="47.4020540" lon="-122.0425980">
    <ele>105.7</ele>
    <time>2021-10-01T23:39:20Z</time>
   </trkpt>
   <trkpt lat="47.4020250" lon="-122.0426230">
    <ele>105.7</ele>
    <time>2021-10-01T23:39:21Z</time>
   </trkpt>
   <trkpt lat="47.4019960" lon="-122.0426440">
    <ele>105.7</ele>
    <time>2021-10-01T23:39:22Z</time>
   </trkpt>
   <trkpt lat="47.4019660" lon="-122.0426750">
    <ele>105.8</ele>
    <time>2021-10-01T23:39:23Z</time>
   </trkpt>
   <trkpt lat="47.4019350" lon="-122.0426960">
    <ele>105.8</ele>
    <time>2021-10-01T23:39:24Z</time>
   </trkpt>
   <trkpt lat="47.4019090" lon="-122.0427150">
    <ele>105.8</ele>
    <time>2021-10-01T23:39:25Z</time>
   </trkpt>
   <trkpt lat="47.4018790" lon="-122.0427360">
    <ele>105.8</ele>
    <time>2021-10-01T23:39:26Z</time>
   </trkpt>
   <trkpt lat="47.4018530" lon="-122.0427580">
    <ele>105.8</ele>
    <time>2021-10-01T23:39:27Z</time>
   </trkpt>
   <trkpt lat="47.4018210" lon="-122.0427810">
    <ele>105.9</ele>
    <time>2021-10-01T23:39:28Z</time>
   </trkpt>
   <trkpt lat="47.4017870" lon="-122.0428080">
    <ele>105.9</ele>
    <time>2021-10-01T23:39:29Z</time>
   </trkpt>
   <trkpt lat="47.4017590" lon="-122.0428260">
    <ele>105.9</ele>
    <time>2021-10-01T23:39:30Z</time>
   </trkpt>
   <trkpt lat="47.4017300" lon="-122.0428400">
    <ele>105.9</ele>
    <time>2021-10-01T23:39:31Z</time>
   </trkpt>
   <trkpt lat="47.4017040" lon="-122.0428520">
    <ele>105.9</ele>
    <time>2021-10-01T23:39:32Z</time>
   </trkpt>
   <trkpt lat="47.4016660" lon="-122.0428760">
    <ele>105.9</ele>
    <time>2021-10-01T23:39:33Z</time>
   </trkpt>
   <trkpt lat="47.4016290" lon="-122.0428990">
    <ele>106.0</ele>
    <time>2021-10-01T23:39:34Z</time>
   </trkpt>
   <trkpt lat="47.4015920" lon="-122.0429180">
    <ele>106.0</ele>
    <time>2021-10-01T23:39:35Z</time>
   </trkpt>
   <trkpt lat="47.4015410" lon="-122.0429380">
    <ele>106.0</ele>
    <time>2021-10-01T23:39:36Z</time>
   </trkpt>
   <trkpt lat="47.4014940" lon="-122.0429630">
    <ele>106.0</ele>
    <time>2021-10-01T23:39:37Z</time>
   </trkpt>
   <trkpt lat="47.4014730" lon="-122.0429780">
    <ele>106.1</ele>
    <time>2021-10-01T23:39:38Z</time>
   </trkpt>
   <trkpt lat="47.4014350" lon="-122.0429940">
    <ele>106.1</ele>
    <time>2021-10-01T23:39:39Z</time>
   </trkpt>
   <trkpt lat="47.4013960" lon="-122.0430180">
    <ele>106.1</ele>
    <time>2021-10-01T23:39:40Z</time>
   </trkpt>
   <trkpt lat="47.4013760" lon="-122.0430270">
    <ele>106.1</ele>
    <time>2021-10-01T23:39:41Z</time>
   </trkpt>
   <trkpt lat="47.4013480" lon="-122.0430420">
    <ele>106.1</ele>
    <time>2021-10-01T23:39:42Z</time>
   </trkpt>
   <trkpt lat="47.4013200" lon="-122.0430590">
    <ele>106.2</ele>
    <time>2021-10-01T23:39:43Z</time>
   </trkpt>
   <trkpt lat="47.4012920" lon="-122.0430720">
    <ele>106.2</ele>
    <time>2021-10-01T23:39:44Z</time>
   </trkpt>
   <trkpt lat="47.4012530" lon="-122.0430890">
    <ele>106.2</ele>
    <time>2021-10-01T23:39:45Z</time>
   </trkpt>
   <trkpt lat="47.4012380" lon="-122.0430960">
    <ele>106.2</ele>
    <time>2021-10-01T23:39:46Z</time>
   </trkpt>
   <trkpt lat="47.4011400" lon="-122.0431070">
    <ele>106.3</ele>
    <time>2021-10-01T23:40:02Z</time>
   </trkpt>
   <trkpt lat="47.4011230" lon="-122.0431100">
    <ele>106.4</ele>
    <time>2021-10-01T23:40:03Z</time>
   </trkpt>
   <trkpt lat="47.4011040" lon="-122.0431230">
    <ele>106.4</ele>
    <time>2021-10-01T23:40:04Z</time>
   </trkpt>
   <trkpt lat="47.4010740" lon="-122.0431310">
    <ele>106.4</ele>
    <time>2021-10-01T23:40:05Z</time>
   </trkpt>
   <trkpt lat="47.4010340" lon="-122.0431410">
    <ele>106.4</ele>
    <time>2021-10-01T23:40:06Z</time>
   </trkpt>
   <trkpt lat="47.4010050" lon="-122.0431750">
    <ele>106.5</ele>
    <time>2021-10-01T23:40:07Z</time>
   </trkpt>
   <trkpt lat="47.4009700" lon="-122.0431910">
    <ele>106.5</ele>
    <time>2021-10-01T23:40:08Z</time>
   </trkpt>
   <trkpt lat="47.4009320" lon="-122.0432080">
    <ele>106.6</ele>
    <time>2021-10-01T23:40:09Z</time>
   </trkpt>
   <trkpt lat="47.4009000" lon="-122.0432190">
    <ele>106.6</ele>
    <time>2021-10-01T23:40:10Z</time>
   </trkpt>
   <trkpt lat="47.4008670" lon="-122.0432170">
    <ele>106.6</ele>
    <time>2021-10-01T23:40:11Z</time>
   </trkpt>
   <trkpt lat="47.4008310" lon="-122.0432350">
    <ele>106.7</ele>
    <time>2021-10-01T23:40:12Z</time>
   </trkpt>
   <trkpt lat="47.4007990" lon="-122.0432410">
    <ele>106.7</ele>
    <time>2021-10-01T23:40:13Z</time>
   </trkpt>
   <trkpt lat="47.4007610" lon="-122.0432590">
    <ele>106.8</ele>
    <time>2021-10-01T23:40:14Z</time>
   </trkpt>
   <trkpt lat="47.4007460" lon="-122.0432620">
    <ele>106.8</ele>
    <time>2021-10-01T23:40:15Z</time>
   </trkpt>
   <trkpt lat="47.4007070" lon="-122.0432770">
    <ele>106.8</ele>
    <time>2021-10-01T23:40:16Z</time>
   </trkpt>
   <trkpt lat="47.4006920" lon="-122.0432850">
    <ele>106.8</ele>
    <time>2021-10-01T23:40:17Z</time>
   </trkpt>
   <trkpt lat="47.4006510" lon="-122.0432870">
    <ele>106.9</ele>
    <time>2021-10-01T23:40:18Z</time>
   </trkpt>
   <trkpt lat="47.4006130" lon="-122.0432930">
    <ele>106.9</ele>
    <time>2021-10-01T23:40:19Z</time>
   </trkpt>
   <trkpt lat="47.4005800" lon="-122.0433100">
    <ele>106.9</ele>
    <time>2021-10-01T23:40:20Z</time>
   </trkpt>
   <trkpt lat="47.4005480" lon="-122.0433120">
    <ele>107.0</ele>
    <time>2021-10-01T23:40:21Z</time>
   </trkpt>
   <trkpt lat="47.4005210" lon="-122.0433270">
    <ele>107.0</ele>
    <time>2021-10-01T23:40:22Z</time>
   </trkpt>
   <trkpt lat="47.4004900" lon="-122.0433240">
    <ele>107.0</ele>
    <time>2021-10-01T23:40:23Z</time>
   </trkpt>
   <trkpt lat="47.4004590" lon="-122.0433330">
    <ele>107.0</ele>
    <time>2021-10-01T23:40:24Z</time>
   </trkpt>
   <trkpt lat="47.4003890" lon="-122.0433440">
    <ele>107.1</ele>
    <time>2021-10-01T23:40:25Z</time>
   </trkpt>
   <trkpt lat="47.4003580" lon="-122.0433480">
    <ele>107.1</ele>
    <time>2021-10-01T23:40:26Z</time>
   </trkpt>
   <trkpt lat="47.4003170" lon="-122.0433550">
    <ele>107.2</ele>
    <time>2021-10-01T23:40:27Z</time>
   </trkpt>
   <trkpt lat="47.4002790" lon="-122.0433660">
    <ele>107.2</ele>
    <time>2021-10-01T23:40:28Z</time>
   </trkpt>
   <trkpt lat="47.4002430" lon="-122.0433770">
    <ele>107.2</ele>
    <time>2021-10-01T23:40:29Z</time>
   </trkpt>
   <trkpt lat="47.4002070" lon="-122.0433790">
    <ele>107.2</ele>
    <time>2021-10-01T23:40:30Z</time>
   </trkpt>
   <trkpt lat="47.4001610" lon="-122.0433840">
    <ele>107.3</ele>
    <time>2021-10-01T23:40:31Z</time>
   </trkpt>
   <trkpt lat="47.4001400" lon="-122.0433850">
    <ele>107.3</ele>
    <time>2021-10-01T23:40:32Z</time>
   </trkpt>
   <trkpt lat="47.4001040" lon="-122.0433820">
    <ele>107.3</ele>
    <time>2021-10-01T23:40:33Z</time>
   </trkpt>
   <trkpt lat="47.4000670" lon="-122.0433890">
    <ele>107.3</ele>
    <time>2021-10-01T23:40:34Z</time>
   </trkpt>
   <trkpt lat="47.4000370" lon="-122.0433830">
    <ele>107.4</ele>
    <time>2021-10-01T23:40:35Z</time>
   </trkpt>
   <trkpt lat="47.4000000" lon="-122.0433790">
    <ele>107.4</ele>
    <time>2021-10-01T23:40:36Z</time>
   </trkpt>
   <trkpt lat="47.3999640" lon="-122.0433850">
    <ele>107.4</ele>
    <time>2021-10-01T23:40:37Z</time>
   </trkpt>
   <trkpt lat="47.3999350" lon="-122.0433850">
    <ele>107.4</ele>
    <time>2021-10-01T23:40:38Z</time>
   </trkpt>
   <trkpt lat="47.3999060" lon="-122.0433880">
    <ele>107.4</ele>
    <time>2021-10-01T23:40:39Z</time>
   </trkpt>
   <trkpt lat="47.3998760" lon="-122.0433900">
    <ele>107.5</ele>
    <time>2021-10-01T23:40:40Z</time>
   </trkpt>
   <trkpt lat="47.3998390" lon="-122.0433860">
    <ele>107.5</ele>
    <time>2021-10-01T23:40:41Z</time>
   </trkpt>
   <trkpt lat="47.3998040" lon="-122.0433880">
    <ele>107.5</ele>
    <time>2021-10-01T23:40:42Z</time>
   </trkpt>
   <trkpt lat="47.3997610" lon="-122.0433840">
    <ele>107.6</ele>
    <time>2021-10-01T23:40:43Z</time>
   </trkpt>
   <trkpt lat="47.3997400" lon="-122.0433860">
    <ele>107.6</ele>
    <time>2021-10-01T23:40:44Z</time>
   </trkpt>
   <trkpt lat="47.3997080" lon="-122.0433770">
    <ele>107.6</ele>
    <time>2021-10-01T23:40:45Z</time>
   </trkpt>
   <trkpt lat="47.3996780" lon="-122.0433810">
    <ele>107.7</ele>
    <time>2021-10-01T23:40:46Z</time>
   </trkpt>
   <trkpt lat="47.3996410" lon="-122.0433790">
    <ele>107.7</ele>
    <time>2021-10-01T23:40:47Z</time>
   </trkpt>
   <trkpt lat="47.3996120" lon="-122.0433850">
    <ele>107.7</ele>
    <time>2021-10-01T23:40:48Z</time>
   </trkpt>
   <trkpt lat="47.3995750" lon="-122.0433890">
    <ele>107.8</ele>
    <time>2021-10-01T23:40:49Z</time>
   </trkpt>
   <trkpt lat="47.3995380" lon="-122.0433860">
    <ele>107.8</ele>
    <time>2021-10-01T23:40:50Z</time>
   </trkpt>
   <trkpt lat="47.3995040" lon="-122.0433790">
    <ele>107.9</ele>
    <time>2021-10-01T23:40:51Z</time>
   </trkpt>
   <trkpt lat="47.3994740" lon="-122.0433890">
    <ele>107.9</ele>
    <time>2021-10-01T23:40:52Z</time>
   </trkpt>
   <trkpt lat="47.3994430" lon="-122.0433820">
    <ele>107.9</ele>
    <time>2021-10-01T23:40:53Z</time>
   </trkpt>
   <trkpt lat="47.3994110" lon="-122.0433780">
    <ele>108.0</ele>
    <time>2021-10-01T23:40:54Z</time>
   </trkpt>
   <trkpt lat="47.3993810" lon="-122.0433690">
    <ele>108.0</ele>
    <time>2021-10-01T23:40:55Z</time>
   </trkpt>
   <trkpt lat="47.3993510" lon="-122.0433620">
    <ele>108.0</ele>
    <time>2021-10-01T23:40:56Z</time>
   </trkpt>
   <trkpt lat="47.3993100" lon="-122.0433490">
    <ele>108.1</ele>
    <time>2021-10-01T23:40:57Z</time>
   </trkpt>
   <trkpt lat="47.3992820" lon="-122.0433510">
    <ele>108.1</ele>
    <time>2021-10-01T23:40:58Z</time>
   </trkpt>
   <trkpt lat="47.3992420" lon="-122.0433420">
    <ele>108.1</ele>
    <time>2021-10-01T23:40:59Z</time>
   </trkpt>
   <trkpt lat="47.3992120" lon="-122.0433230">
    <ele>108.2</ele>
    <time>2021-10-01T23:41:01Z</time>
   </trkpt>
   <trkpt lat="47.3991740" lon="-122.0433220">
    <ele>108.2</ele>
    <time>2021-10-01T23:41:02Z</time>
   </trkpt>
   <trkpt lat="47.3991320" lon="-122.0433170">
    <ele>108.2</ele>
    <time>2021-10-01T23:41:03Z</time>
   </trkpt>
   <trkpt lat="47.3991010" lon="-122.0433010">
    <ele>108.3</ele>
    <time>2021-10-01T23:41:04Z</time>
   </trkpt>
   <trkpt lat="47.3990630" lon="-122.0432910">
    <ele>108.3</ele>
    <time>2021-10-01T23:41:05Z</time>
   </trkpt>
   <trkpt lat="47.3990260" lon="-122.0432830">
    <ele>108.3</ele>
    <time>2021-10-01T23:41:06Z</time>
   </trkpt>
   <trkpt lat="47.3989930" lon="-122.0432870">
    <ele>108.4</ele>
    <time>2021-10-01T23:41:07Z</time>
   </trkpt>
   <trkpt lat="47.3989540" lon="-122.0432740">
    <ele>108.4</ele>
    <time>2021-10-01T23:41:08Z</time>
   </trkpt>
   <trkpt lat="47.3989200" lon="-122.0432620">
    <ele>108.5</ele>
    <time>2021-10-01T23:41:09Z</time>
   </trkpt>
   <trkpt lat="47.3988770" lon="-122.0432530">
    <ele>108.5</ele>
    <time>2021-10-01T23:41:10Z</time>
   </trkpt>
   <trkpt lat="47.3988440" lon="-122.0432400">
    <ele>108.6</ele>
    <time>2021-10-01T23:41:11Z</time>
   </trkpt>
   <trkpt lat="47.3988050" lon="-122.0432320">
    <ele>108.6</ele>
    <time>2021-10-01T23:41:12Z</time>
   </trkpt>
   <trkpt lat="47.3987690" lon="-122.0432180">
    <ele>108.7</ele>
    <time>2021-10-01T23:41:13Z</time>
   </trkpt>
   <trkpt lat="47.3987380" lon="-122.0432230">
    <ele>108.7</ele>
    <time>2021-10-01T23:41:14Z</time>
   </trkpt>
   <trkpt lat="47.3987010" lon="-122.0432440">
    <ele>108.8</ele>
    <time>2021-10-01T23:41:15Z</time>
   </trkpt>
   <trkpt lat="47.3986690" lon="-122.0432650">
    <ele>108.9</ele>
    <time>2021-10-01T23:41:16Z</time>
   </trkpt>
   <trkpt lat="47.3986290" lon="-122.0433010">
    <ele>109.7</ele>
    <time>2021-10-01T23:41:17Z</time>
   </trkpt>
   <trkpt lat="47.3986060" lon="-122.0433360">
    <ele>110.0</ele>
    <time>2021-10-01T23:41:18Z</time>
   </trkpt>
   <trkpt lat="47.3985710" lon="-122.0433530">
    <ele>110.5</ele>
    <time>2021-10-01T23:41:19Z</time>
   </trkpt>
   <trkpt lat="47.3985400" lon="-122.0433580">
    <ele>110.9</ele>
    <time>2021-10-01T23:41:20Z</time>
   </trkpt>
   <trkpt lat="47.3985050" lon="-122.0433550">
    <ele>111.4</ele>
    <time>2021-10-01T23:41:21Z</time>
   </trkpt>
   <trkpt lat="47.3984740" lon="-122.0433630">
    <ele>111.8</ele>
    <time>2021-10-01T23:41:22Z</time>
   </trkpt>
   <trkpt lat="47.3984390" lon="-122.0433750">
    <ele>112.3</ele>
    <time>2021-10-01T23:41:23Z</time>
   </trkpt>
   <trkpt lat="47.3984060" lon="-122.0433680">
    <ele>112.8</ele>
    <time>2021-10-01T23:41:24Z</time>
   </trkpt>
   <trkpt lat="47.3983740" lon="-122.0433640">
    <ele>113.3</ele>
    <time>2021-10-01T23:41:25Z</time>
   </trkpt>
   <trkpt lat="47.3983380" lon="-122.0433550">
    <ele>113.8</ele>
    <time>2021-10-01T23:41:26Z</time>
   </trkpt>
   <trkpt lat="47.3983040" lon="-122.0433610">
    <ele>114.3</ele>
    <time>2021-10-01T23:41:27Z</time>
   </trkpt>
   <trkpt lat="47.3982720" lon="-122.0433740">
    <ele>114.8</ele>
    <time>2021-10-01T23:41:28Z</time>
   </trkpt>
   <trkpt lat="47.3982350" lon="-122.0433790">
    <ele>115.2</ele>
    <time>2021-10-01T23:41:29Z</time>
   </trkpt>
   <trkpt lat="47.3981910" lon="-122.0433830">
    <ele>115.6</ele>
    <time>2021-10-01T23:41:30Z</time>
   </trkpt>
   <trkpt lat="47.3981630" lon="-122.0434060">
    <ele>115.9</ele>
    <time>2021-10-01T23:41:31Z</time>
   </trkpt>
   <trkpt lat="47.3980320" lon="-122.0433520">
    <ele>116.8</ele>
    <time>2021-10-01T23:43:05Z</time>
   </trkpt>
   <trkpt lat="47.3980030" lon="-122.0433380">
    <ele>116.9</ele>
    <time>2021-10-01T23:43:07Z</time>
   </trkpt>
   <trkpt lat="47.3979690" lon="-122.0433450">
    <ele>117.0</ele>
    <time>2021-10-01T23:43:08Z</time>
   </trkpt>
   <trkpt lat="47.3979290" lon="-122.0433550">
    <ele>117.1</ele>
    <time>2021-10-01T23:43:09Z</time>
   </trkpt>
   <trkpt lat="47.3978890" lon="-122.0433730">
    <ele>117.2</ele>
    <time>2021-10-01T23:43:10Z</time>
   </trkpt>
   <trkpt lat="47.3978490" lon="-122.0433990">
    <ele>117.4</ele>
    <time>2021-10-01T23:43:11Z</time>
   </trkpt>
   <trkpt lat="47.3978180" lon="-122.0433790">
    <ele>117.4</ele>
    <time>2021-10-01T23:43:12Z</time>
   </trkpt>
   <trkpt lat="47.3977880" lon="-122.0433930">
    <ele>117.5</ele>
    <time>2021-10-01T23:43:13Z</time>
   </trkpt>
   <trkpt lat="47.3977570" lon="-122.0433930">
    <ele>117.6</ele>
    <time>2021-10-01T23:43:14Z</time>
   </trkpt>
   <trkpt lat="47.3977280" lon="-122.0433900">
    <ele>117.6</ele>
    <time>2021-10-01T23:43:15Z</time>
   </trkpt>
   <trkpt lat="47.3977140" lon="-122.0433890">
    <ele>117.6</ele>
    <time>2021-10-01T23:43:16Z</time>
   </trkpt>
   <trkpt lat="47.3976790" lon="-122.0433820">
    <ele>117.7</ele>
    <time>2021-10-01T23:43:17Z</time>
   </trkpt>
   <trkpt lat="47.3976440" lon="-122.0433820">
    <ele>117.8</ele>
    <time>2021-10-01T23:43:18Z</time>
   </trkpt>
   <trkpt lat="47.3976130" lon="-122.0433850">
    <ele>117.8</ele>
    <time>2021-10-01T23:43:19Z</time>
   </trkpt>
   <trkpt lat="47.3975830" lon="-122.0433880">
    <ele>117.9</ele>
    <time>2021-10-01T23:43:20Z</time>
   </trkpt>
   <trkpt lat="47.3975460" lon="-122.0433980">
    <ele>117.9</ele>
    <time>2021-10-01T23:43:21Z</time>
   </trkpt>
   <trkpt lat="47.3975040" lon="-122.0433890">
    <ele>118.0</ele>
    <time>2021-10-01T23:43:22Z</time>
   </trkpt>
   <trkpt lat="47.3974730" lon="-122.0433910">
    <ele>118.0</ele>
    <time>2021-10-01T23:43:23Z</time>
   </trkpt>
   <trkpt lat="47.3974260" lon="-122.0434020">
    <ele>118.1</ele>
    <time>2021-10-01T23:43:24Z</time>
   </trkpt>
   <trkpt lat="47.3973930" lon="-122.0433880">
    <ele>118.2</ele>
    <time>2021-10-01T23:43:25Z</time>
   </trkpt>
   <trkpt lat="47.3973580" lon="-122.0434030">
    <ele>118.2</ele>
    <time>2021-10-01T23:43:26Z</time>
   </trkpt>
   <trkpt lat="47.3973220" lon="-122.0434150">
    <ele>118.3</ele>
    <time>2021-10-01T23:43:27Z</time>
   </trkpt>
   <trkpt lat="47.3972900" lon="-122.0434110">
    <ele>118.3</ele>
    <time>2021-10-01T23:43:28Z</time>
   </trkpt>
   <trkpt lat="47.3972570" lon="-122.0434140">
    <ele>118.4</ele>
    <time>2021-10-01T23:43:29Z</time>
   </trkpt>
   <trkpt lat="47.3972210" lon="-122.0434140">
    <ele>118.4</ele>
    <time>2021-10-01T23:43:30Z</time>
   </trkpt>
   <trkpt lat="47.3971890" lon="-122.0434130">
    <ele>118.5</ele>
    <time>2021-10-01T23:43:31Z</time>
   </trkpt>
   <trkpt lat="47.3971470" lon="-122.0434060">
    <ele>118.6</ele>
    <time>2021-10-01T23:43:32Z</time>
   </trkpt>
   <trkpt lat="47.3971150" lon="-122.0434070">
    <ele>118.6</ele>
    <time>2021-10-01T23:43:33Z</time>
   </trkpt>
   <trkpt lat="47.3970810" lon="-122.0434090">
    <ele>118.7</ele>
    <time>2021-10-01T23:43:34Z</time>
   </trkpt>
   <trkpt lat="47.3970490" lon="-122.0434000">
    <ele>118.7</ele>
    <time>2021-10-01T23:43:35Z</time>
   </trkpt>
   <trkpt lat="47.3970170" lon="-122.0434020">
    <ele>118.8</ele>
    <time>2021-10-01T23:43:36Z</time>
   </trkpt>
   <trkpt lat="47.3969800" lon="-122.0433950">
    <ele>118.8</ele>
    <time>2021-10-01T23:43:37Z</time>
   </trkpt>
   <trkpt lat="47.3969390" lon="-122.0433980">
    <ele>118.9</ele>
    <time>2021-10-01T23:43:38Z</time>
   </trkpt>
   <trkpt lat="47.3969240" lon="-122.0433970">
    <ele>118.9</ele>
    <time>2021-10-01T23:43:39Z</time>
   </trkpt>
   <trkpt lat="47.3968940" lon="-122.0433930">
    <ele>119.0</ele>
    <time>2021-10-01T23:43:40Z</time>
   </trkpt>
   <trkpt lat="47.3968610" lon="-122.0434000">
    <ele>119.0</ele>
    <time>2021-10-01T23:43:41Z</time>
   </trkpt>
   <trkpt lat="47.3968300" lon="-122.0434030">
    <ele>119.1</ele>
    <time>2021-10-01T23:43:42Z</time>
   </trkpt>
   <trkpt lat="47.3968010" lon="-122.0434000">
    <ele>119.2</ele>
    <time>2021-10-01T23:43:43Z</time>
   </trkpt>
   <trkpt lat="47.3967630" lon="-122.0434020">
    <ele>119.3</ele>
    <time>2021-10-01T23:43:44Z</time>
   </trkpt>
   <trkpt lat="47.3967250" lon="-122.0433870">
    <ele>119.4</ele>
    <time>2021-10-01T23:43:45Z</time>
   </trkpt>
   <trkpt lat="47.3966860" lon="-122.0433870">
    <ele>119.5</ele>
    <time>2021-10-01T23:43:46Z</time>
   </trkpt>
   <trkpt lat="47.3966480" lon="-122.0433790">
    <ele>119.6</ele>
    <time>2021-10-01T23:43:47Z</time>
   </trkpt>
   <trkpt lat="47.3966180" lon="-122.0433740">
    <ele>119.6</ele>
    <time>2021-10-01T23:43:48Z</time>
   </trkpt>
   <trkpt lat="47.3965710" lon="-122.0433800">
    <ele>119.8</ele>
    <time>2021-10-01T23:43:49Z</time>
   </trkpt>
   <trkpt lat="47.3965410" lon="-122.0433730">
    <ele>119.8</ele>
    <time>2021-10-01T23:43:50Z</time>
   </trkpt>
   <trkpt lat="47.3965060" lon="-122.0433720">
    <ele>119.9</ele>
    <time>2021-10-01T23:43:51Z</time>
   </trkpt>
   <trkpt lat="47.3964680" lon="-122.0433730">
    <ele>120.0</ele>
    <time>2021-10-01T23:43:52Z</time>
   </trkpt>
   <trkpt lat="47.3964320" lon="-122.0433750">
    <ele>120.0</ele>
    <time>2021-10-01T23:43:53Z</time>
   </trkpt>
   <trkpt lat="47.3964000" lon="-122.0433690">
    <ele>120.1</ele>
    <time>2021-10-01T23:43:54Z</time>
   </trkpt>
   <trkpt lat="47.3963670" lon="-122.0433700">
    <ele>120.2</ele>
    <time>2021-10-01T23:43:55Z</time>
   </trkpt>
   <trkpt lat="47.3963350" lon="-122.0433670">
    <ele>120.2</ele>
    <time>2021-10-01T23:43:56Z</time>
   </trkpt>
   <trkpt lat="47.3963040" lon="-122.0433690">
    <ele>120.3</ele>
    <time>2021-10-01T23:43:57Z</time>
   </trkpt>
   <trkpt lat="47.3962770" lon="-122.0433770">
    <ele>120.3</ele>
    <time>2021-10-01T23:43:58Z</time>
   </trkpt>
   <trkpt lat="47.3962370" lon="-122.0433700">
    <ele>120.4</ele>
    <time>2021-10-01T23:43:59Z</time>
   </trkpt>
   <trkpt lat="47.3962230" lon="-122.0433640">
    <ele>120.4</ele>
    <time>2021-10-01T23:44:00Z</time>
   </trkpt>
   <trkpt lat="47.3961960" lon="-122.0433590">
    <ele>120.5</ele>
    <time>2021-10-01T23:44:01Z</time>
   </trkpt>
   <trkpt lat="47.3961570" lon="-122.0433490">
    <ele>120.5</ele>
    <time>2021-10-01T23:44:02Z</time>
   </trkpt>
   <trkpt lat="47.3961440" lon="-122.0433490">
    <ele>120.5</ele>
    <time>2021-10-01T23:44:03Z</time>
   </trkpt>
   <trkpt lat="47.3961140" lon="-122.0433500">
    <ele>120.6</ele>
    <time>2021-10-01T23:44:04Z</time>
   </trkpt>
   <trkpt lat="47.3960700" lon="-122.0433530">
    <ele>120.6</ele>
    <time>2021-10-01T23:44:05Z</time>
   </trkpt>
   <trkpt lat="47.3960510" lon="-122.0433570">
    <ele>120.6</ele>
    <time>2021-10-01T23:44:06Z</time>
   </trkpt>
   <trkpt lat="47.3960200" lon="-122.0433490">
    <ele>120.7</ele>
    <time>2021-10-01T23:44:07Z</time>
   </trkpt>
   <trkpt lat="47.3959890" lon="-122.0433450">
    <ele>120.7</ele>
    <time>2021-10-01T23:44:08Z</time>
   </trkpt>
   <trkpt lat="47.3959600" lon="-122.0433360">
    <ele>120.7</ele>
    <time>2021-10-01T23:44:09Z</time>
   </trkpt>
   <trkpt lat="47.3959230" lon="-122.0433330">
    <ele>120.8</ele>
    <time>2021-10-01T23:44:10Z</time>
   </trkpt>
   <trkpt lat="47.3958860" lon="-122.0433420">
    <ele>120.8</ele>
    <time>2021-10-01T23:44:11Z</time>
   </trkpt>
   <trkpt lat="47.3958470" lon="-122.0433520">
    <ele>120.9</ele>
    <time>2021-10-01T23:44:12Z</time>
   </trkpt>
   <trkpt lat="47.3958310" lon="-122.0433570">
    <ele>120.9</ele>
    <time>2021-10-01T23:44:13Z</time>
   </trkpt>
   <trkpt lat="47.3958010" lon="-122.0433480">
    <ele>120.9</ele>
    <time>2021-10-01T23:44:14Z</time>
   </trkpt>
   <trkpt lat="47.3957690" lon="-122.0433520">
    <ele>121.0</ele>
    <time>2021-10-01T23:44:15Z</time>
   </trkpt>
   <trkpt lat="47.3957360" lon="-122.0433660">
    <ele>121.0</ele>
    <time>2021-10-01T23:44:16Z</time>
   </trkpt>
   <trkpt lat="47.3956960" lon="-122.0433680">
    <ele>121.1</ele>
    <time>2021-10-01T23:44:17Z</time>
   </trkpt>
   <trkpt lat="47.3956810" lon="-122.0433690">
    <ele>121.1</ele>
    <time>2021-10-01T23:44:18Z</time>
   </trkpt>
   <trkpt lat="47.3956480" lon="-122.0433660">
    <ele>121.2</ele>
    <time>2021-10-01T23:44:19Z</time>
   </trkpt>
   <trkpt lat="47.3956180" lon="-122.0433620">
    <ele>121.2</ele>
    <time>2021-10-01T23:44:20Z</time>
   </trkpt>
   <trkpt lat="47.3955840" lon="-122.0433760">
    <ele>121.2</ele>
    <time>2021-10-01T23:44:21Z</time>
   </trkpt>
   <trkpt lat="47.3955580" lon="-122.0433840">
    <ele>121.3</ele>
    <time>2021-10-01T23:44:22Z</time>
   </trkpt>
   <trkpt lat="47.3955270" lon="-122.0433800">
    <ele>121.3</ele>
    <time>2021-10-01T23:44:23Z</time>
   </trkpt>
   <trkpt lat="47.3954930" lon="-122.0433810">
    <ele>121.4</ele>
    <time>2021-10-01T23:44:24Z</time>
   </trkpt>
   <trkpt lat="47.3954650" lon="-122.0433700">
    <ele>121.4</ele>
    <time>2021-10-01T23:44:25Z</time>
   </trkpt>
   <trkpt lat="47.3954300" lon="-122.0433840">
    <ele>121.5</ele>
    <time>2021-10-01T23:44:26Z</time>
   </trkpt>
   <trkpt lat="47.3953920" lon="-122.0433940">
    <ele>121.5</ele>
    <time>2021-10-01T23:44:27Z</time>
   </trkpt>
   <trkpt lat="47.3953790" lon="-122.0433970">
    <ele>121.6</ele>
    <time>2021-10-01T23:44:28Z</time>
   </trkpt>
   <trkpt lat="47.3953430" lon="-122.0433910">
    <ele>121.6</ele>
    <time>2021-10-01T23:44:29Z</time>
   </trkpt>
   <trkpt lat="47.3953140" lon="-122.0433960">
    <ele>121.7</ele>
    <time>2021-10-01T23:44:30Z</time>
   </trkpt>
   <trkpt lat="47.3952820" lon="-122.0434070">
    <ele>121.7</ele>
    <time>2021-10-01T23:44:31Z</time>
   </trkpt>
   <trkpt lat="47.3952530" lon="-122.0434010">
    <ele>121.8</ele>
    <time>2021-10-01T23:44:32Z</time>
   </trkpt>
   <trkpt lat="47.3952180" lon="-122.0434120">
    <ele>121.8</ele>
    <time>2021-10-01T23:44:33Z</time>
   </trkpt>
   <trkpt lat="47.3951820" lon="-122.0434010">
    <ele>121.9</ele>
    <time>2021-10-01T23:44:34Z</time>
   </trkpt>
   <trkpt lat="47.3951510" lon="-122.0434090">
    <ele>121.9</ele>
    <time>2021-10-01T23:44:35Z</time>
   </trkpt>
   <trkpt lat="47.3951190" lon="-122.0434070">
    <ele>121.9</ele>
    <time>2021-10-01T23:44:36Z</time>
   </trkpt>
   <trkpt lat="47.3950870" lon="-122.0434170">
    <ele>122.0</ele>
    <time>2021-10-01T23:44:37Z</time>
   </trkpt>
   <trkpt lat="47.3950520" lon="-122.0434230">
    <ele>122.0</ele>
    <time>2021-10-01T23:44:38Z</time>
   </trkpt>
   <trkpt lat="47.3949920" lon="-122.0434450">
    <ele>122.1</ele>
    <time>2021-10-01T23:44:39Z</time>
   </trkpt>
   <trkpt lat="47.3949680" lon="-122.0434560">
    <ele>122.2</ele>
    <time>2021-10-01T23:44:40Z</time>
   </trkpt>
   <trkpt lat="47.3949380" lon="-122.0434650">
    <ele>122.2</ele>
    <time>2021-10-01T23:44:41Z</time>
   </trkpt>
   <trkpt lat="47.3949010" lon="-122.0434790">
    <ele>122.3</ele>
    <time>2021-10-01T23:44:42Z</time>
   </trkpt>
   <trkpt lat="47.3948660" lon="-122.0434770">
    <ele>122.3</ele>
    <time>2021-10-01T23:44:43Z</time>
   </trkpt>
   <trkpt lat="47.3948350" lon="-122.0434720">
    <ele>122.3</ele>
    <time>2021-10-01T23:44:44Z</time>
   </trkpt>
   <trkpt lat="47.3948040" lon="-122.0434800">
    <ele>122.4</ele>
    <time>2021-10-01T23:44:45Z</time>
   </trkpt>
   <trkpt lat="47.3947740" lon="-122.0434780">
    <ele>122.4</ele>
    <time>2021-10-01T23:44:46Z</time>
   </trkpt>
   <trkpt lat="47.3947470" lon="-122.0434670">
    <ele>122.4</ele>
    <time>2021-10-01T23:44:47Z</time>
   </trkpt>
   <trkpt lat="47.3947160" lon="-122.0434760">
    <ele>122.5</ele>
    <time>2021-10-01T23:44:48Z</time>
   </trkpt>
   <trkpt lat="47.3946730" lon="-122.0434960">
    <ele>122.5</ele>
    <time>2021-10-01T23:44:49Z</time>
   </trkpt>
   <trkpt lat="47.3946550" lon="-122.0435070">
    <ele>122.5</ele>
    <time>2021-10-01T23:44:50Z</time>
   </trkpt>
   <trkpt lat="47.3946240" lon="-122.0435220">
    <ele>122.5</ele>
    <time>2021-10-01T23:44:51Z</time>
   </trkpt>
   <trkpt lat="47.3945920" lon="-122.0435490">
    <ele>122.5</ele>
    <time>2021-10-01T23:44:52Z</time>
   </trkpt>
   <trkpt lat="47.3945640" lon="-122.0435670">
    <ele>122.5</ele>
    <time>2021-10-01T23:44:53Z</time>
   </trkpt>
   <trkpt lat="47.3945370" lon="-122.0435860">
    <ele>122.6</ele>
    <time>2021-10-01T23:44:54Z</time>
   </trkpt>
   <trkpt lat="47.3945080" lon="-122.0436030">
    <ele>122.6</ele>
    <time>2021-10-01T23:44:55Z</time>
   </trkpt>
   <trkpt lat="47.3944690" lon="-122.0435920">
    <ele>122.6</ele>
    <time>2021-10-01T23:44:56Z</time>
   </trkpt>
   <trkpt lat="47.3944410" lon="-122.0435850">
    <ele>122.6</ele>
    <time>2021-10-01T23:44:57Z</time>
   </trkpt>
   <trkpt lat="47.3942600" lon="-122.0435170">
    <ele>123.1</ele>
    <time>2021-10-01T23:45:28Z</time>
   </trkpt>
   <trkpt lat="47.3942470" lon="-122.0435220">
    <ele>123.1</ele>
    <time>2021-10-01T23:45:29Z</time>
   </trkpt>
   <trkpt lat="47.3942330" lon="-122.0435260">
    <ele>123.1</ele>
    <time>2021-10-01T23:45:30Z</time>
   </trkpt>
   <trkpt lat="47.3942190" lon="-122.0435300">
    <ele>123.1</ele>
    <time>2021-10-01T23:45:31Z</time>
   </trkpt>
   <trkpt lat="47.3941860" lon="-122.0435380">
    <ele>123.2</ele>
    <time>2021-10-01T23:45:32Z</time>
   </trkpt>
   <trkpt lat="47.3941410" lon="-122.0435520">
    <ele>123.3</ele>
    <time>2021-10-01T23:45:33Z</time>
   </trkpt>
   <trkpt lat="47.3941130" lon="-122.0435720">
    <ele>123.3</ele>
    <time>2021-10-01T23:45:34Z</time>
   </trkpt>
   <trkpt lat="47.3941010" lon="-122.0435840">
    <ele>123.3</ele>
    <time>2021-10-01T23:45:35Z</time>
   </trkpt>
   <trkpt lat="47.3940570" lon="-122.0435800">
    <ele>123.4</ele>
    <time>2021-10-01T23:45:36Z</time>
   </trkpt>
   <trkpt lat="47.3940210" lon="-122.0436000">
    <ele>123.4</ele>
    <time>2021-10-01T23:45:37Z</time>
   </trkpt>
   <trkpt lat="47.3940040" lon="-122.0436070">
    <ele>123.4</ele>
    <time>2021-10-01T23:45:38Z</time>
   </trkpt>
   <trkpt lat="47.3939680" lon="-122.0436260">
    <ele>123.5</ele>
    <time>2021-10-01T23:45:39Z</time>
   </trkpt>
   <trkpt lat="47.3939310" lon="-122.0436490">
    <ele>123.5</ele>
    <time>2021-10-01T23:45:40Z</time>
   </trkpt>
   <trkpt lat="47.3939170" lon="-122.0436520">
    <ele>123.5</ele>
    <time>2021-10-01T23:45:41Z</time>
   </trkpt>
   <trkpt lat="47.3938740" lon="-122.0436720">
    <ele>123.6</ele>
    <time>2021-10-01T23:45:42Z</time>
   </trkpt>
   <trkpt lat="47.3938370" lon="-122.0437100">
    <ele>123.7</ele>
    <time>2021-10-01T23:45:43Z</time>
   </trkpt>
   <trkpt lat="47.3938070" lon="-122.0437200">
    <ele>123.7</ele>
    <time>2021-10-01T23:45:44Z</time>
   </trkpt>
   <trkpt lat="47.3937920" lon="-122.0437250">
    <ele>123.7</ele>
    <time>2021-10-01T23:45:45Z</time>
   </trkpt>
   <trkpt lat="47.3937530" lon="-122.0437330">
    <ele>123.8</ele>
    <time>2021-10-01T23:45:46Z</time>
   </trkpt>
   <trkpt lat="47.3937160" lon="-122.0437440">
    <ele>123.9</ele>
    <time>2021-10-01T23:45:47Z</time>
   </trkpt>
   <trkpt lat="47.3936880" lon="-122.0437560">
    <ele>123.9</ele>
    <time>2021-10-01T23:45:48Z</time>
   </trkpt>
   <trkpt lat="47.3936570" lon="-122.0437740">
    <ele>124.0</ele>
    <time>2021-10-01T23:45:49Z</time>
   </trkpt>
   <trkpt lat="47.3935010" lon="-122.0437550">
    <ele>124.1</ele>
    <time>2021-10-01T23:46:20Z</time>
   </trkpt>
   <trkpt lat="47.3934850" lon="-122.0437840">
    <ele>124.1</ele>
    <time>2021-10-01T23:46:21Z</time>
   </trkpt>
   <trkpt lat="47.3934560" lon="-122.0437960">
    <ele>124.2</ele>
    <time>2021-10-01T23:46:22Z</time>
   </trkpt>
   <trkpt lat="47.3934280" lon="-122.0438230">
    <ele>124.2</ele>
    <time>2021-10-01T23:46:23Z</time>
   </trkpt>
   <trkpt lat="47.3934000" lon="-122.0438590">
    <ele>124.2</ele>
    <time>2021-10-01T23:46:24Z</time>
   </trkpt>
   <trkpt lat="47.3933700" lon="-122.0438650">
    <ele>124.3</ele>
    <time>2021-10-01T23:46:25Z</time>
   </trkpt>
   <trkpt lat="47.3933420" lon="-122.0438730">
    <ele>124.3</ele>
    <time>2021-10-01T23:46:26Z</time>
   </trkpt>
   <trkpt lat="47.3933170" lon="-122.0438890">
    <ele>124.3</ele>
    <time>2021-10-01T23:46:27Z</time>
   </trkpt>
   <trkpt lat="47.3933020" lon="-122.0438890">
    <ele>124.3</ele>
    <time>2021-10-01T23:46:28Z</time>
   </trkpt>
   <trkpt lat="47.3932850" lon="-122.0439040">
    <ele>124.3</ele>
    <time>2021-10-01T23:46:29Z</time>
   </trkpt>
   <trkpt lat="47.3932570" lon="-122.0439340">
    <ele>124.4</ele>
    <time>2021-10-01T23:46:30Z</time>
   </trkpt>
   <trkpt lat="47.3932220" lon="-122.0439590">
    <ele>124.4</ele>
    <time>2021-10-01T23:46:31Z</time>
   </trkpt>
   <trkpt lat="47.3932040" lon="-122.0439700">
    <ele>124.4</ele>
    <time>2021-10-01T23:46:32Z</time>
   </trkpt>
   <trkpt lat="47.3931660" lon="-122.0439920">
    <ele>124.5</ele>
    <time>2021-10-01T23:46:33Z</time>
   </trkpt>
   <trkpt lat="47.3931510" lon="-122.0440030">
    <ele>124.5</ele>
    <time>2021-10-01T23:46:34Z</time>
   </trkpt>
   <trkpt lat="47.3930940" lon="-122.0440240">
    <ele>124.5</ele>
    <time>2021-10-01T23:46:35Z</time>
   </trkpt>
   <trkpt lat="47.3930530" lon="-122.0440480">
    <ele>124.6</ele>
    <time>2021-10-01T23:46:36Z</time>
   </trkpt>
   <trkpt lat="47.3930240" lon="-122.0440540">
    <ele>124.6</ele>
    <time>2021-10-01T23:46:37Z</time>
   </trkpt>
   <trkpt lat="47.3929960" lon="-122.0440700">
    <ele>124.7</ele>
    <time>2021-10-01T23:46:38Z</time>
   </trkpt>
   <trkpt lat="47.3929570" lon="-122.0440930">
    <ele>124.7</ele>
    <time>2021-10-01T23:46:39Z</time>
   </trkpt>
   <trkpt lat="47.3929250" lon="-122.0441090">
    <ele>124.8</ele>
    <time>2021-10-01T23:46:40Z</time>
   </trkpt>
   <trkpt lat="47.3928840" lon="-122.0441380">
    <ele>124.9</ele>
    <time>2021-10-01T23:46:41Z</time>
   </trkpt>
   <trkpt lat="47.3928490" lon="-122.0441490">
    <ele>124.9</ele>
    <time>2021-10-01T23:46:42Z</time>
   </trkpt>
   <trkpt lat="47.3928170" lon="-122.0441600">
    <ele>125.0</ele>
    <time>2021-10-01T23:46:43Z</time>
   </trkpt>
   <trkpt lat="47.3927840" lon="-122.0441710">
    <ele>125.0</ele>
    <time>2021-10-01T23:46:44Z</time>
   </trkpt>
   <trkpt lat="47.3927550" lon="-122.0441870">
    <ele>125.1</ele>
    <time>2021-10-01T23:46:45Z</time>
   </trkpt>
   <trkpt lat="47.3927260" lon="-122.0442100">
    <ele>125.2</ele>
    <time>2021-10-01T23:46:46Z</time>
   </trkpt>
   <trkpt lat="47.3926940" lon="-122.0442240">
    <ele>125.2</ele>
    <time>2021-10-01T23:46:47Z</time>
   </trkpt>
   <trkpt lat="47.3926520" lon="-122.0442530">
    <ele>125.3</ele>
    <time>2021-10-01T23:46:48Z</time>
   </trkpt>
   <trkpt lat="47.3926340" lon="-122.0442680">
    <ele>125.4</ele>
    <time>2021-10-01T23:46:49Z</time>
   </trkpt>
   <trkpt lat="47.3926010" lon="-122.0442810">
    <ele>125.4</ele>
    <time>2021-10-01T23:46:50Z</time>
   </trkpt>
   <trkpt lat="47.3925670" lon="-122.0443080">
    <ele>125.5</ele>
    <time>2021-10-01T23:46:51Z</time>
   </trkpt>
   <trkpt lat="47.3925280" lon="-122.0443170">
    <ele>125.5</ele>
    <time>2021-10-01T23:46:52Z</time>
   </trkpt>
   <trkpt lat="47.3925020" lon="-122.0443490">
    <ele>125.6</ele>
    <time>2021-10-01T23:46:53Z</time>
   </trkpt>
   <trkpt lat="47.3924620" lon="-122.0443660">
    <ele>125.7</ele>
    <time>2021-10-01T23:46:54Z</time>
   </trkpt>
   <trkpt lat="47.3924290" lon="-122.0444000">
    <ele>125.7</ele>
    <time>2021-10-01T23:46:55Z</time>
   </trkpt>
   <trkpt lat="47.3924150" lon="-122.0444110">
    <ele>125.7</ele>
    <time>2021-10-01T23:46:56Z</time>
   </trkpt>
   <trkpt lat="47.3923810" lon="-122.0444240">
    <ele>125.8</ele>
    <time>2021-10-01T23:46:57Z</time>
   </trkpt>
   <trkpt lat="47.3923480" lon="-122.0444360">
    <ele>125.8</ele>
    <time>2021-10-01T23:46:58Z</time>
   </trkpt>
   <trkpt lat="47.3923140" lon="-122.0444540">
    <ele>125.9</ele>
    <time>2021-10-01T23:46:59Z</time>
   </trkpt>
   <trkpt lat="47.3922840" lon="-122.0444730">
    <ele>125.9</ele>
    <time>2021-10-01T23:47:00Z</time>
   </trkpt>
   <trkpt lat="47.3922500" lon="-122.0444920">
    <ele>126.0</ele>
    <time>2021-10-01T23:47:01Z</time>
   </trkpt>
   <trkpt lat="47.3922240" lon="-122.0445100">
    <ele>126.0</ele>
    <time>2021-10-01T23:47:02Z</time>
   </trkpt>
   <trkpt lat="47.3921900" lon="-122.0445270">
    <ele>126.1</ele>
    <time>2021-10-01T23:47:03Z</time>
   </trkpt>
   <trkpt lat="47.3921530" lon="-122.0445360">
    <ele>126.1</ele>
    <time>2021-10-01T23:47:04Z</time>
   </trkpt>
   <trkpt lat="47.3921310" lon="-122.0445680">
    <ele>126.2</ele>
    <time>2021-10-01T23:47:05Z</time>
   </trkpt>
   <trkpt lat="47.3921040" lon="-122.0445960">
    <ele>126.2</ele>
    <time>2021-10-01T23:47:06Z</time>
   </trkpt>
   <trkpt lat="47.3920710" lon="-122.0446190">
    <ele>126.2</ele>
    <time>2021-10-01T23:47:07Z</time>
   </trkpt>
   <trkpt lat="47.3920390" lon="-122.0446350">
    <ele>126.2</ele>
    <time>2021-10-01T23:47:08Z</time>
   </trkpt>
   <trkpt lat="47.3920090" lon="-122.0446670">
    <ele>126.3</ele>
    <time>2021-10-01T23:47:09Z</time>
   </trkpt>
   <trkpt lat="47.3919720" lon="-122.0446770">
    <ele>126.3</ele>
    <time>2021-10-01T23:47:10Z</time>
   </trkpt>
   <trkpt lat="47.3919370" lon="-122.0447020">
    <ele>126.3</ele>
    <time>2021-10-01T23:47:11Z</time>
   </trkpt>
   <trkpt lat="47.3919050" lon="-122.0447120">
    <ele>126.3</ele>
    <time>2021-10-01T23:47:12Z</time>
   </trkpt>
   <trkpt lat="47.3918830" lon="-122.0447380">
    <ele>126.3</ele>
    <time>2021-10-01T23:47:13Z</time>
   </trkpt>
   <trkpt lat="47.3918480" lon="-122.0447550">
    <ele>126.3</ele>
    <time>2021-10-01T23:47:14Z</time>
   </trkpt>
   <trkpt lat="47.3918170" lon="-122.0447930">
    <ele>126.4</ele>
    <time>2021-10-01T23:47:15Z</time>
   </trkpt>
   <trkpt lat="47.3917770" lon="-122.0448080">
    <ele>126.4</ele>
    <time>2021-10-01T23:47:16Z</time>
   </trkpt>
   <trkpt lat="47.3917580" lon="-122.0448280">
    <ele>126.4</ele>
    <time>2021-10-01T23:47:17Z</time>
   </trkpt>
   <trkpt lat="47.3917320" lon="-122.0448560">
    <ele>126.4</ele>
    <time>2021-10-01T23:47:19Z</time>
   </trkpt>
   <trkpt lat="47.3917060" lon="-122.0448860">
    <ele>126.5</ele>
    <time>2021-10-01T23:47:20Z</time>
   </trkpt>
   <trkpt lat="47.3916700" lon="-122.0449240">
    <ele>126.5</ele>
    <time>2021-10-01T23:47:21Z</time>
   </trkpt>
   <trkpt lat="47.3916570" lon="-122.0449410">
    <ele>126.5</ele>
    <time>2021-10-01T23:47:22Z</time>
   </trkpt>
   <trkpt lat="47.3916270" lon="-122.0449650">
    <ele>126.5</ele>
    <time>2021-10-01T23:47:23Z</time>
   </trkpt>
   <trkpt lat="47.3915960" lon="-122.0449870">
    <ele>126.6</ele>
    <time>2021-10-01T23:47:24Z</time>
   </trkpt>
   <trkpt lat="47.3915640" lon="-122.0450100">
    <ele>126.6</ele>
    <time>2021-10-01T23:47:25Z</time>
   </trkpt>
   <trkpt lat="47.3915400" lon="-122.0450280">
    <ele>126.6</ele>
    <time>2021-10-01T23:47:26Z</time>
   </trkpt>
   <trkpt lat="47.3915080" lon="-122.0450470">
    <ele>126.6</ele>
    <time>2021-10-01T23:47:27Z</time>
   </trkpt>
   <trkpt lat="47.3914850" lon="-122.0450680">
    <ele>126.7</ele>
    <time>2021-10-01T23:47:28Z</time>
   </trkpt>
   <trkpt lat="47.3914590" lon="-122.0450940">
    <ele>126.7</ele>
    <time>2021-10-01T23:47:29Z</time>
   </trkpt>
   <trkpt lat="47.3914350" lon="-122.0451290">
    <ele>126.7</ele>
    <time>2021-10-01T23:47:30Z</time>
   </trkpt>
   <trkpt lat="47.3914010" lon="-122.0451520">
    <ele>126.8</ele>
    <time>2021-10-01T23:47:31Z</time>
   </trkpt>
   <trkpt lat="47.3913510" lon="-122.0451750">
    <ele>126.8</ele>
    <time>2021-10-01T23:47:32Z</time>
   </trkpt>
   <trkpt lat="47.3913150" lon="-122.0451780">
    <ele>126.8</ele>
    <time>2021-10-01T23:47:33Z</time>
   </trkpt>
   <trkpt lat="47.3912890" lon="-122.0452060">
    <ele>126.9</ele>
    <time>2021-10-01T23:47:34Z</time>
   </trkpt>
   <trkpt lat="47.3912530" lon="-122.0452110">
    <ele>126.9</ele>
    <time>2021-10-01T23:47:35Z</time>
   </trkpt>
   <trkpt lat="47.3912270" lon="-122.0452440">
    <ele>126.9</ele>
    <time>2021-10-01T23:47:36Z</time>
   </trkpt>
   <trkpt lat="47.3911970" lon="-122.0452670">
    <ele>126.9</ele>
    <time>2021-10-01T23:47:37Z</time>
   </trkpt>
   <trkpt lat="47.3911670" lon="-122.0452920">
    <ele>127.0</ele>
    <time>2021-10-01T23:47:38Z</time>
   </trkpt>
   <trkpt lat="47.3911390" lon="-122.0453190">
    <ele>127.0</ele>
    <time>2021-10-01T23:47:39Z</time>
   </trkpt>
   <trkpt lat="47.3911090" lon="-122.0453280">
    <ele>127.0</ele>
    <time>2021-10-01T23:47:40Z</time>
   </trkpt>
   <trkpt lat="47.3910830" lon="-122.0453420">
    <ele>127.1</ele>
    <time>2021-10-01T23:47:41Z</time>
   </trkpt>
   <trkpt lat="47.3910540" lon="-122.0453660">
    <ele>127.1</ele>
    <time>2021-10-01T23:47:42Z</time>
   </trkpt>
   <trkpt lat="47.3909560" lon="-122.0453260">
    <ele>127.2</ele>
    <time>2021-10-01T23:48:50Z</time>
   </trkpt>
   <trkpt lat="47.3909430" lon="-122.0453380">
    <ele>127.2</ele>
    <time>2021-10-01T23:48:51Z</time>
   </trkpt>
   <trkpt lat="47.3909180" lon="-122.0453500">
    <ele>127.2</ele>
    <time>2021-10-01T23:48:52Z</time>
   </trkpt>
   <trkpt lat="47.3909180" lon="-122.0453560">
    <ele>127.2</ele>
    <time>2021-10-01T23:48:53Z</time>
   </trkpt>
   <trkpt lat="47.3909170" lon="-122.0453640">
    <ele>127.2</ele>
    <time>2021-10-01T23:48:54Z</time>
   </trkpt>
   <trkpt lat="47.3909070" lon="-122.0453800">
    <ele>127.2</ele>
    <time>2021-10-01T23:48:55Z</time>
   </trkpt>
   <trkpt lat="47.3909040" lon="-122.0453970">
    <ele>127.3</ele>
    <time>2021-10-01T23:48:56Z</time>
   </trkpt>
   <trkpt lat="47.3908910" lon="-122.0454110">
    <ele>127.3</ele>
    <time>2021-10-01T23:48:57Z</time>
   </trkpt>
   <trkpt lat="47.3908810" lon="-122.0454120">
    <ele>127.3</ele>
    <time>2021-10-01T23:48:58Z</time>
   </trkpt>
   <trkpt lat="47.3908720" lon="-122.0454140">
    <ele>127.3</ele>
    <time>2021-10-01T23:48:59Z</time>
   </trkpt>
   <trkpt lat="47.3908620" lon="-122.0454150">
    <ele>127.3</ele>
    <time>2021-10-01T23:49:00Z</time>
   </trkpt>
   <trkpt lat="47.3908480" lon="-122.0454580">
    <ele>127.3</ele>
    <time>2021-10-01T23:49:01Z</time>
   </trkpt>
   <trkpt lat="47.3907920" lon="-122.0455060">
    <ele>127.4</ele>
    <time>2021-10-01T23:49:02Z</time>
   </trkpt>
   <trkpt lat="47.3907480" lon="-122.0455560">
    <ele>127.4</ele>
    <time>2021-10-01T23:49:03Z</time>
   </trkpt>
   <trkpt lat="47.3907040" lon="-122.0456060">
    <ele>127.5</ele>
    <time>2021-10-01T23:49:04Z</time>
   </trkpt>
   <trkpt lat="47.3906590" lon="-122.0456560">
    <ele>127.5</ele>
    <time>2021-10-01T23:49:05Z</time>
   </trkpt>
   <trkpt lat="47.3906150" lon="-122.0457060">
    <ele>127.6</ele>
    <time>2021-10-01T23:49:06Z</time>
   </trkpt>
   <trkpt lat="47.3905710" lon="-122.0457560">
    <ele>127.6</ele>
    <time>2021-10-01T23:49:07Z</time>
   </trkpt>
   <trkpt lat="47.3904890" lon="-122.0458790">
    <ele>127.8</ele>
    <time>2021-10-01T23:49:08Z</time>
   </trkpt>
   <trkpt lat="47.3904430" lon="-122.0459430">
    <ele>127.9</ele>
    <time>2021-10-01T23:49:09Z</time>
   </trkpt>
   <trkpt lat="47.3903980" lon="-122.0459930">
    <ele>128.0</ele>
    <time>2021-10-01T23:49:10Z</time>
   </trkpt>
   <trkpt lat="47.3903500" lon="-122.0460220">
    <ele>128.1</ele>
    <time>2021-10-01T23:49:11Z</time>
   </trkpt>
   <trkpt lat="47.3903210" lon="-122.0460700">
    <ele>128.1</ele>
    <time>2021-10-01T23:49:12Z</time>
   </trkpt>
   <trkpt lat="47.3902850" lon="-122.0461150">
    <ele>128.2</ele>
    <time>2021-10-01T23:49:13Z</time>
   </trkpt>
   <trkpt lat="47.3902480" lon="-122.0461390">
    <ele>128.3</ele>
    <time>2021-10-01T23:49:14Z</time>
   </trkpt>
   <trkpt lat="47.3902140" lon="-122.0461860">
    <ele>128.3</ele>
    <time>2021-10-01T23:49:15Z</time>
   </trkpt>
   <trkpt lat="47.3901810" lon="-122.0462110">
    <ele>128.4</ele>
    <time>2021-10-01T23:49:16Z</time>
   </trkpt>
   <trkpt lat="47.3901550" lon="-122.0462460">
    <ele>128.4</ele>
    <time>2021-10-01T23:49:17Z</time>
   </trkpt>
   <trkpt lat="47.3901230" lon="-122.0462850">
    <ele>128.5</ele>
    <time>2021-10-01T23:49:18Z</time>
   </trkpt>
   <trkpt lat="47.3900920" lon="-122.0463180">
    <ele>128.6</ele>
    <time>2021-10-01T23:49:19Z</time>
   </trkpt>
   <trkpt lat="47.3900620" lon="-122.0463490">
    <ele>128.6</ele>
    <time>2021-10-01T23:49:20Z</time>
   </trkpt>
   <trkpt lat="47.3900310" lon="-122.0463680">
    <ele>128.7</ele>
    <time>2021-10-01T23:49:21Z</time>
   </trkpt>
   <trkpt lat="47.3900030" lon="-122.0463950">
    <ele>128.7</ele>
    <time>2021-10-01T23:49:22Z</time>
   </trkpt>
   <trkpt lat="47.3899670" lon="-122.0464240">
    <ele>128.8</ele>
    <time>2021-10-01T23:49:23Z</time>
   </trkpt>
   <trkpt lat="47.3899430" lon="-122.0464440">
    <ele>128.8</ele>
    <time>2021-10-01T23:49:25Z</time>
   </trkpt>
   <trkpt lat="47.3899150" lon="-122.0464750">
    <ele>128.9</ele>
    <time>2021-10-01T23:49:26Z</time>
   </trkpt>
   <trkpt lat="47.3898920" lon="-122.0465000">
    <ele>128.9</ele>
    <time>2021-10-01T23:49:27Z</time>
   </trkpt>
   <trkpt lat="47.3898650" lon="-122.0465240">
    <ele>129.0</ele>
    <time>2021-10-01T23:49:28Z</time>
   </trkpt>
   <trkpt lat="47.3898410" lon="-122.0465640">
    <ele>129.0</ele>
    <time>2021-10-01T23:49:29Z</time>
   </trkpt>
   <trkpt lat="47.3898200" lon="-122.0465940">
    <ele>129.1</ele>
    <time>2021-10-01T23:49:30Z</time>
   </trkpt>
   <trkpt lat="47.3897870" lon="-122.0466390">
    <ele>129.1</ele>
    <time>2021-10-01T23:49:31Z</time>
   </trkpt>
   <trkpt lat="47.3897550" lon="-122.0466730">
    <ele>129.2</ele>
    <time>2021-10-01T23:49:32Z</time>
   </trkpt>
   <trkpt lat="47.3897330" lon="-122.0467050">
    <ele>129.2</ele>
    <time>2021-10-01T23:49:33Z</time>
   </trkpt>
   <trkpt lat="47.3897020" lon="-122.0467340">
    <ele>129.2</ele>
    <time>2021-10-01T23:49:34Z</time>
   </trkpt>
   <trkpt lat="47.3896680" lon="-122.0467570">
    <ele>129.3</ele>
    <time>2021-10-01T23:49:35Z</time>
   </trkpt>
   <trkpt lat="47.3896360" lon="-122.0468000">
    <ele>129.3</ele>
    <time>2021-10-01T23:49:36Z</time>
   </trkpt>
   <trkpt lat="47.3896050" lon="-122.0468170">
    <ele>129.3</ele>
    <time>2021-10-01T23:49:37Z</time>
   </trkpt>
   <trkpt lat="47.3895800" lon="-122.0468530">
    <ele>129.4</ele>
    <time>2021-10-01T23:49:38Z</time>
   </trkpt>
   <trkpt lat="47.3895490" lon="-122.0468810">
    <ele>129.4</ele>
    <time>2021-10-01T23:49:39Z</time>
   </trkpt>
   <trkpt lat="47.3895270" lon="-122.0469070">
    <ele>129.5</ele>
    <time>2021-10-01T23:49:40Z</time>
   </trkpt>
   <trkpt lat="47.3895100" lon="-122.0469490">
    <ele>129.5</ele>
    <time>2021-10-01T23:49:41Z</time>
   </trkpt>
   <trkpt lat="47.3894820" lon="-122.0469720">
    <ele>129.5</ele>
    <time>2021-10-01T23:49:42Z</time>
   </trkpt>
   <trkpt lat="47.3894630" lon="-122.0470090">
    <ele>129.6</ele>
    <time>2021-10-01T23:49:43Z</time>
   </trkpt>
   <trkpt lat="47.3894410" lon="-122.0470400">
    <ele>129.6</ele>
    <time>2021-10-01T23:49:44Z</time>
   </trkpt>
   <trkpt lat="47.3894100" lon="-122.0470690">
    <ele>129.7</ele>
    <time>2021-10-01T23:49:45Z</time>
   </trkpt>
   <trkpt lat="47.3893800" lon="-122.0471080">
    <ele>129.7</ele>
    <time>2021-10-01T23:49:46Z</time>
   </trkpt>
   <trkpt lat="47.3893520" lon="-122.0471310">
    <ele>129.7</ele>
    <time>2021-10-01T23:49:47Z</time>
   </trkpt>
   <trkpt lat="47.3893200" lon="-122.0471460">
    <ele>129.7</ele>
    <time>2021-10-01T23:49:48Z</time>
   </trkpt>
   <trkpt lat="47.3892850" lon="-122.0471660">
    <ele>129.7</ele>
    <time>2021-10-01T23:49:49Z</time>
   </trkpt>
   <trkpt lat="47.3892600" lon="-122.0472010">
    <ele>129.7</ele>
    <time>2021-10-01T23:49:50Z</time>
   </trkpt>
   <trkpt lat="47.3892340" lon="-122.0472550">
    <ele>129.7</ele>
    <time>2021-10-01T23:49:51Z</time>
   </trkpt>
   <trkpt lat="47.3892090" lon="-122.0472680">
    <ele>129.7</ele>
    <time>2021-10-01T23:49:52Z</time>
   </trkpt>
   <trkpt lat="47.3891850" lon="-122.0472910">
    <ele>129.7</ele>
    <time>2021-10-01T23:49:53Z</time>
   </trkpt>
   <trkpt lat="47.3891550" lon="-122.0473190">
    <ele>129.7</ele>
    <time>2021-10-01T23:49:54Z</time>
   </trkpt>
   <trkpt lat="47.3891490" lon="-122.0473310">
    <ele>129.7</ele>
    <time>2021-10-01T23:49:55Z</time>
   </trkpt>
   <trkpt lat="47.3891360" lon="-122.0473370">
    <ele>129.7</ele>
    <time>2021-10-01T23:49:56Z</time>
   </trkpt>
   <trkpt lat="47.3891180" lon="-122.0473520">
    <ele>129.7</ele>
    <time>2021-10-01T23:49:57Z</time>
   </trkpt>
   <trkpt lat="47.3890560" lon="-122.0473750">
    <ele>129.8</ele>
    <time>2021-10-01T23:50:40Z</time>
   </trkpt>
   <trkpt lat="47.3890460" lon="-122.0473890">
    <ele>129.8</ele>
    <time>2021-10-01T23:50:41Z</time>
   </trkpt>
   <trkpt lat="47.3890350" lon="-122.0474030">
    <ele>129.8</ele>
    <time>2021-10-01T23:50:42Z</time>
   </trkpt>
   <trkpt lat="47.3890060" lon="-122.0474450">
    <ele>129.8</ele>
    <time>2021-10-01T23:50:43Z</time>
   </trkpt>
   <trkpt lat="47.3889840" lon="-122.0474710">
    <ele>129.8</ele>
    <time>2021-10-01T23:50:44Z</time>
   </trkpt>
   <trkpt lat="47.3889450" lon="-122.0475050">
    <ele>129.9</ele>
    <time>2021-10-01T23:50:45Z</time>
   </trkpt>
   <trkpt lat="47.3889170" lon="-122.0475280">
    <ele>129.9</ele>
    <time>2021-10-01T23:50:46Z</time>
   </trkpt>
   <trkpt lat="47.3888840" lon="-122.0475520">
    <ele>129.9</ele>
    <time>2021-10-01T23:50:47Z</time>
   </trkpt>
   <trkpt lat="47.3888730" lon="-122.0475550">
    <ele>130.0</ele>
    <time>2021-10-01T23:50:48Z</time>
   </trkpt>
   <trkpt lat="47.3888480" lon="-122.0475940">
    <ele>130.0</ele>
    <time>2021-10-01T23:50:49Z</time>
   </trkpt>
   <trkpt lat="47.3888140" lon="-122.0476350">
    <ele>130.1</ele>
    <time>2021-10-01T23:50:50Z</time>
   </trkpt>
   <trkpt lat="47.3887940" lon="-122.0476660">
    <ele>130.1</ele>
    <time>2021-10-01T23:50:51Z</time>
   </trkpt>
   <trkpt lat="47.3887650" lon="-122.0477190">
    <ele>130.2</ele>
    <time>2021-10-01T23:50:52Z</time>
   </trkpt>
   <trkpt lat="47.3887470" lon="-122.0477380">
    <ele>130.2</ele>
    <time>2021-10-01T23:50:53Z</time>
   </trkpt>
   <trkpt lat="47.3887130" lon="-122.0477550">
    <ele>130.3</ele>
    <time>2021-10-01T23:50:54Z</time>
   </trkpt>
   <trkpt lat="47.3886800" lon="-122.0477890">
    <ele>130.4</ele>
    <time>2021-10-01T23:50:55Z</time>
   </trkpt>
   <trkpt lat="47.3886470" lon="-122.0478290">
    <ele>130.4</ele>
    <time>2021-10-01T23:50:56Z</time>
   </trkpt>
   <trkpt lat="47.3886280" lon="-122.0478750">
    <ele>130.5</ele>
    <time>2021-10-01T23:50:57Z</time>
   </trkpt>
   <trkpt lat="47.3885920" lon="-122.0479040">
    <ele>130.5</ele>
    <time>2021-10-01T23:50:58Z</time>
   </trkpt>
   <trkpt lat="47.3885650" lon="-122.0479170">
    <ele>130.6</ele>
    <time>2021-10-01T23:50:59Z</time>
   </trkpt>
   <trkpt lat="47.3885400" lon="-122.0479500">
    <ele>130.6</ele>
    <time>2021-10-01T23:51:00Z</time>
   </trkpt>
   <trkpt lat="47.3885030" lon="-122.0479980">
    <ele>130.7</ele>
    <time>2021-10-01T23:51:01Z</time>
   </trkpt>
   <trkpt lat="47.3884730" lon="-122.0480200">
    <ele>130.8</ele>
    <time>2021-10-01T23:51:02Z</time>
   </trkpt>
   <trkpt lat="47.3884430" lon="-122.0480620">
    <ele>130.8</ele>
    <time>2021-10-01T23:51:03Z</time>
   </trkpt>
   <trkpt lat="47.3884130" lon="-122.0481190">
    <ele>130.9</ele>
    <time>2021-10-01T23:51:04Z</time>
   </trkpt>
   <trkpt lat="47.3883970" lon="-122.0481430">
    <ele>130.9</ele>
    <time>2021-10-01T23:51:05Z</time>
   </trkpt>
   <trkpt lat="47.3883620" lon="-122.0481930">
    <ele>131.0</ele>
    <time>2021-10-01T23:51:06Z</time>
   </trkpt>
   <trkpt lat="47.3883450" lon="-122.0482140">
    <ele>131.1</ele>
    <time>2021-10-01T23:51:07Z</time>
   </trkpt>
   <trkpt lat="47.3883180" lon="-122.0482370">
    <ele>131.1</ele>
    <time>2021-10-01T23:51:08Z</time>
   </trkpt>
   <trkpt lat="47.3882900" lon="-122.0482650">
    <ele>131.2</ele>
    <time>2021-10-01T23:51:09Z</time>
   </trkpt>
   <trkpt lat="47.3882570" lon="-122.0482890">
    <ele>131.3</ele>
    <time>2021-10-01T23:51:10Z</time>
   </trkpt>
   <trkpt lat="47.3882330" lon="-122.0483180">
    <ele>131.3</ele>
    <time>2021-10-01T23:51:11Z</time>
   </trkpt>
   <trkpt lat="47.3882150" lon="-122.0483500">
    <ele>131.4</ele>
    <time>2021-10-01T23:51:12Z</time>
   </trkpt>
   <trkpt lat="47.3881850" lon="-122.0483920">
    <ele>131.4</ele>
    <time>2021-10-01T23:51:13Z</time>
   </trkpt>
   <trkpt lat="47.3881560" lon="-122.0484240">
    <ele>131.5</ele>
    <time>2021-10-01T23:51:14Z</time>
   </trkpt>
   <trkpt lat="47.3881220" lon="-122.0484750">
    <ele>131.6</ele>
    <time>2021-10-01T23:51:15Z</time>
   </trkpt>
   <trkpt lat="47.3880930" lon="-122.0485110">
    <ele>131.6</ele>
    <time>2021-10-01T23:51:16Z</time>
   </trkpt>
   <trkpt lat="47.3880700" lon="-122.0485430">
    <ele>131.7</ele>
    <time>2021-10-01T23:51:17Z</time>
   </trkpt>
   <trkpt lat="47.3880410" lon="-122.0485690">
    <ele>131.8</ele>
    <time>2021-10-01T23:51:18Z</time>
   </trkpt>
   <trkpt lat="47.3880210" lon="-122.0486070">
    <ele>131.8</ele>
    <time>2021-10-01T23:51:19Z</time>
   </trkpt>
   <trkpt lat="47.3879970" lon="-122.0486440">
    <ele>131.9</ele>
    <time>2021-10-01T23:51:20Z</time>
   </trkpt>
   <trkpt lat="47.3879760" lon="-122.0486760">
    <ele>131.9</ele>
    <time>2021-10-01T23:51:21Z</time>
   </trkpt>
   <trkpt lat="47.3879470" lon="-122.0487100">
    <ele>132.0</ele>
    <time>2021-10-01T23:51:22Z</time>
   </trkpt>
   <trkpt lat="47.3879170" lon="-122.0487270">
    <ele>132.0</ele>
    <time>2021-10-01T23:51:23Z</time>
   </trkpt>
   <trkpt lat="47.3878890" lon="-122.0487580">
    <ele>132.1</ele>
    <time>2021-10-01T23:51:24Z</time>
   </trkpt>
   <trkpt lat="47.3878560" lon="-122.0487750">
    <ele>132.2</ele>
    <time>2021-10-01T23:51:25Z</time>
   </trkpt>
   <trkpt lat="47.3878280" lon="-122.0488060">
    <ele>132.3</ele>
    <time>2021-10-01T23:51:26Z</time>
   </trkpt>
   <trkpt lat="47.3877960" lon="-122.0488280">
    <ele>132.3</ele>
    <time>2021-10-01T23:51:27Z</time>
   </trkpt>
   <trkpt lat="47.3877670" lon="-122.0488650">
    <ele>132.4</ele>
    <time>2021-10-01T23:51:28Z</time>
   </trkpt>
   <trkpt lat="47.3877460" lon="-122.0488980">
    <ele>132.5</ele>
    <time>2021-10-01T23:51:29Z</time>
   </trkpt>
   <trkpt lat="47.3877180" lon="-122.0489150">
    <ele>132.5</ele>
    <time>2021-10-01T23:51:31Z</time>
   </trkpt>
   <trkpt lat="47.3876920" lon="-122.0489340">
    <ele>132.6</ele>
    <time>2021-10-01T23:51:32Z</time>
   </trkpt>
   <trkpt lat="47.3876590" lon="-122.0489680">
    <ele>132.7</ele>
    <time>2021-10-01T23:51:33Z</time>
   </trkpt>
   <trkpt lat="47.3876320" lon="-122.0489850">
    <ele>132.8</ele>
    <time>2021-10-01T23:51:34Z</time>
   </trkpt>
   <trkpt lat="47.3876100" lon="-122.0490190">
    <ele>132.8</ele>
    <time>2021-10-01T23:51:35Z</time>
   </trkpt>
   <trkpt lat="47.3875800" lon="-122.0490330">
    <ele>132.9</ele>
    <time>2021-10-01T23:51:36Z</time>
   </trkpt>
   <trkpt lat="47.3875540" lon="-122.0490680">
    <ele>133.0</ele>
    <time>2021-10-01T23:51:37Z</time>
   </trkpt>
   <trkpt lat="47.3875310" lon="-122.0490920">
    <ele>133.0</ele>
    <time>2021-10-01T23:51:38Z</time>
   </trkpt>
   <trkpt lat="47.3874970" lon="-122.0491060">
    <ele>133.1</ele>
    <time>2021-10-01T23:51:39Z</time>
   </trkpt>
   <trkpt lat="47.3874660" lon="-122.0491350">
    <ele>133.2</ele>
    <time>2021-10-01T23:51:40Z</time>
   </trkpt>
   <trkpt lat="47.3874360" lon="-122.0491630">
    <ele>133.2</ele>
    <time>2021-10-01T23:51:41Z</time>
   </trkpt>
   <trkpt lat="47.3874110" lon="-122.0491880">
    <ele>133.3</ele>
    <time>2021-10-01T23:51:42Z</time>
   </trkpt>
   <trkpt lat="47.3873790" lon="-122.0492120">
    <ele>133.3</ele>
    <time>2021-10-01T23:51:43Z</time>
   </trkpt>
   <trkpt lat="47.3873510" lon="-122.0492330">
    <ele>133.4</ele>
    <time>2021-10-01T23:51:44Z</time>
   </trkpt>
   <trkpt lat="47.3873150" lon="-122.0492640">
    <ele>133.5</ele>
    <time>2021-10-01T23:51:45Z</time>
   </trkpt>
   <trkpt lat="47.3872880" lon="-122.0492890">
    <ele>133.5</ele>
    <time>2021-10-01T23:51:46Z</time>
   </trkpt>
   <trkpt lat="47.3872600" lon="-122.0493100">
    <ele>133.6</ele>
    <time>2021-10-01T23:51:47Z</time>
   </trkpt>
   <trkpt lat="47.3872240" lon="-122.0493190">
    <ele>133.6</ele>
    <time>2021-10-01T23:51:48Z</time>
   </trkpt>
   <trkpt lat="47.3871950" lon="-122.0493450">
    <ele>133.7</ele>
    <time>2021-10-01T23:51:49Z</time>
   </trkpt>
   <trkpt lat="47.3871640" lon="-122.0493840">
    <ele>133.8</ele>
    <time>2021-10-01T23:51:50Z</time>
   </trkpt>
   <trkpt lat="47.3871320" lon="-122.0493940">
    <ele>133.8</ele>
    <time>2021-10-01T23:51:51Z</time>
   </trkpt>
   <trkpt lat="47.3871040" lon="-122.0494130">
    <ele>133.8</ele>
    <time>2021-10-01T23:51:52Z</time>
   </trkpt>
   <trkpt lat="47.3870640" lon="-122.0494280">
    <ele>133.9</ele>
    <time>2021-10-01T23:51:53Z</time>
   </trkpt>
   <trkpt lat="47.3870400" lon="-122.0494500">
    <ele>134.0</ele>
    <time>2021-10-01T23:51:54Z</time>
   </trkpt>
   <trkpt lat="47.3870020" lon="-122.0494740">
    <ele>134.0</ele>
    <time>2021-10-01T23:51:55Z</time>
   </trkpt>
   <trkpt lat="47.3869750" lon="-122.0494900">
    <ele>134.0</ele>
    <time>2021-10-01T23:51:56Z</time>
   </trkpt>
   <trkpt lat="47.3869470" lon="-122.0495090">
    <ele>134.1</ele>
    <time>2021-10-01T23:51:57Z</time>
   </trkpt>
   <trkpt lat="47.3869130" lon="-122.0495250">
    <ele>134.1</ele>
    <time>2021-10-01T23:51:58Z</time>
   </trkpt>
   <trkpt lat="47.3868860" lon="-122.0495580">
    <ele>134.2</ele>
    <time>2021-10-01T23:51:59Z</time>
   </trkpt>
   <trkpt lat="47.3868530" lon="-122.0495710">
    <ele>134.2</ele>
    <time>2021-10-01T23:52:00Z</time>
   </trkpt>
   <trkpt lat="47.3868230" lon="-122.0495840">
    <ele>134.2</ele>
    <time>2021-10-01T23:52:01Z</time>
   </trkpt>
   <trkpt lat="47.3867870" lon="-122.0495990">
    <ele>134.2</ele>
    <time>2021-10-01T23:52:02Z</time>
   </trkpt>
   <trkpt lat="47.3867590" lon="-122.0496220">
    <ele>134.2</ele>
    <time>2021-10-01T23:52:03Z</time>
   </trkpt>
   <trkpt lat="47.3867250" lon="-122.0496450">
    <ele>134.3</ele>
    <time>2021-10-01T23:52:04Z</time>
   </trkpt>
   <trkpt lat="47.3866890" lon="-122.0496650">
    <ele>134.3</ele>
    <time>2021-10-01T23:52:05Z</time>
   </trkpt>
   <trkpt lat="47.3866400" lon="-122.0496750">
    <ele>134.3</ele>
    <time>2021-10-01T23:52:06Z</time>
   </trkpt>
   <trkpt lat="47.3866040" lon="-122.0496720">
    <ele>134.3</ele>
    <time>2021-10-01T23:52:48Z</time>
   </trkpt>
   <trkpt lat="47.3865690" lon="-122.0496700">
    <ele>134.4</ele>
    <time>2021-10-01T23:52:49Z</time>
   </trkpt>
   <trkpt lat="47.3865330" lon="-122.0496680">
    <ele>134.4</ele>
    <time>2021-10-01T23:52:50Z</time>
   </trkpt>
   <trkpt lat="47.3864820" lon="-122.0496760">
    <ele>134.4</ele>
    <time>2021-10-01T23:52:51Z</time>
   </trkpt>
   <trkpt lat="47.3864520" lon="-122.0496910">
    <ele>134.4</ele>
    <time>2021-10-01T23:52:52Z</time>
   </trkpt>
   <trkpt lat="47.3864170" lon="-122.0496970">
    <ele>134.5</ele>
    <time>2021-10-01T23:52:53Z</time>
   </trkpt>
   <trkpt lat="47.3863810" lon="-122.0497120">
    <ele>134.5</ele>
    <time>2021-10-01T23:52:54Z</time>
   </trkpt>
   <trkpt lat="47.3863630" lon="-122.0497190">
    <ele>134.5</ele>
    <time>2021-10-01T23:52:55Z</time>
   </trkpt>
   <trkpt lat="47.3863280" lon="-122.0497380">
    <ele>134.5</ele>
    <time>2021-10-01T23:52:56Z</time>
   </trkpt>
   <trkpt lat="47.3863170" lon="-122.0497480">
    <ele>134.5</ele>
    <time>2021-10-01T23:52:57Z</time>
   </trkpt>
   <trkpt lat="47.3862770" lon="-122.0497530">
    <ele>134.5</ele>
    <time>2021-10-01T23:52:58Z</time>
   </trkpt>
   <trkpt lat="47.3862380" lon="-122.0497830">
    <ele>134.6</ele>
    <time>2021-10-01T23:52:59Z</time>
   </trkpt>
   <trkpt lat="47.3861980" lon="-122.0497890">
    <ele>134.6</ele>
    <time>2021-10-01T23:53:00Z</time>
   </trkpt>
   <trkpt lat="47.3861720" lon="-122.0498090">
    <ele>134.6</ele>
    <time>2021-10-01T23:53:01Z</time>
   </trkpt>
   <trkpt lat="47.3861440" lon="-122.0498320">
    <ele>134.6</ele>
    <time>2021-10-01T23:53:02Z</time>
   </trkpt>
   <trkpt lat="47.3861030" lon="-122.0498450">
    <ele>134.6</ele>
    <time>2021-10-01T23:53:03Z</time>
   </trkpt>
   <trkpt lat="47.3860680" lon="-122.0498530">
    <ele>134.7</ele>
    <time>2021-10-01T23:53:04Z</time>
   </trkpt>
   <trkpt lat="47.3860260" lon="-122.0498670">
    <ele>134.7</ele>
    <time>2021-10-01T23:53:05Z</time>
   </trkpt>
   <trkpt lat="47.3859850" lon="-122.0498640">
    <ele>134.7</ele>
    <time>2021-10-01T23:53:06Z</time>
   </trkpt>
   <trkpt lat="47.3859440" lon="-122.0498610">
    <ele>134.8</ele>
    <time>2021-10-01T23:53:07Z</time>
   </trkpt>
   <trkpt lat="47.3859100" lon="-122.0498660">
    <ele>134.8</ele>
    <time>2021-10-01T23:53:08Z</time>
   </trkpt>
   <trkpt lat="47.3858760" lon="-122.0498810">
    <ele>134.9</ele>
    <time>2021-10-01T23:53:09Z</time>
   </trkpt>
   <trkpt lat="47.3858400" lon="-122.0498860">
    <ele>134.9</ele>
    <time>2021-10-01T23:53:10Z</time>
   </trkpt>
   <trkpt lat="47.3858080" lon="-122.0498940">
    <ele>135.0</ele>
    <time>2021-10-01T23:53:11Z</time>
   </trkpt>
   <trkpt lat="47.3857610" lon="-122.0499160">
    <ele>135.0</ele>
    <time>2021-10-01T23:53:12Z</time>
   </trkpt>
   <trkpt lat="47.3857190" lon="-122.0499340">
    <ele>135.1</ele>
    <time>2021-10-01T23:53:13Z</time>
   </trkpt>
   <trkpt lat="47.3856840" lon="-122.0499360">
    <ele>135.1</ele>
    <time>2021-10-01T23:53:14Z</time>
   </trkpt>
   <trkpt lat="47.3856320" lon="-122.0499330">
    <ele>135.2</ele>
    <time>2021-10-01T23:53:15Z</time>
   </trkpt>
   <trkpt lat="47.3856010" lon="-122.0499390">
    <ele>135.2</ele>
    <time>2021-10-01T23:53:16Z</time>
   </trkpt>
   <trkpt lat="47.3855640" lon="-122.0499430">
    <ele>135.3</ele>
    <time>2021-10-01T23:53:17Z</time>
   </trkpt>
   <trkpt lat="47.3855330" lon="-122.0499420">
    <ele>135.3</ele>
    <time>2021-10-01T23:53:18Z</time>
   </trkpt>
   <trkpt lat="47.3854980" lon="-122.0499470">
    <ele>135.4</ele>
    <time>2021-10-01T23:53:19Z</time>
   </trkpt>
   <trkpt lat="47.3854480" lon="-122.0499340">
    <ele>135.4</ele>
    <time>2021-10-01T23:53:20Z</time>
   </trkpt>
   <trkpt lat="47.3854130" lon="-122.0499500">
    <ele>135.5</ele>
    <time>2021-10-01T23:53:21Z</time>
   </trkpt>
   <trkpt lat="47.3853720" lon="-122.0499550">
    <ele>135.5</ele>
    <time>2021-10-01T23:53:22Z</time>
   </trkpt>
   <trkpt lat="47.3853330" lon="-122.0499500">
    <ele>135.6</ele>
    <time>2021-10-01T23:53:23Z</time>
   </trkpt>
   <trkpt lat="47.3853020" lon="-122.0499590">
    <ele>135.6</ele>
    <time>2021-10-01T23:53:24Z</time>
   </trkpt>
   <trkpt lat="47.3852560" lon="-122.0499460">
    <ele>135.7</ele>
    <time>2021-10-01T23:53:25Z</time>
   </trkpt>
   <trkpt lat="47.3852250" lon="-122.0499470">
    <ele>135.8</ele>
    <time>2021-10-01T23:53:26Z</time>
   </trkpt>
   <trkpt lat="47.3851870" lon="-122.0499480">
    <ele>135.8</ele>
    <time>2021-10-01T23:53:27Z</time>
   </trkpt>
   <trkpt lat="47.3851490" lon="-122.0499560">
    <ele>135.9</ele>
    <time>2021-10-01T23:53:28Z</time>
   </trkpt>
   <trkpt lat="47.3851090" lon="-122.0499520">
    <ele>136.0</ele>
    <time>2021-10-01T23:53:29Z</time>
   </trkpt>
   <trkpt lat="47.3850720" lon="-122.0499430">
    <ele>136.1</ele>
    <time>2021-10-01T23:53:30Z</time>
   </trkpt>
   <trkpt lat="47.3850400" lon="-122.0499540">
    <ele>136.1</ele>
    <time>2021-10-01T23:53:31Z</time>
   </trkpt>
   <trkpt lat="47.3850060" lon="-122.0499620">
    <ele>136.2</ele>
    <time>2021-10-01T23:53:32Z</time>
   </trkpt>
   <trkpt lat="47.3849760" lon="-122.0499610">
    <ele>136.2</ele>
    <time>2021-10-01T23:53:33Z</time>
   </trkpt>
   <trkpt lat="47.3849430" lon="-122.0499660">
    <ele>136.3</ele>
    <time>2021-10-01T23:53:34Z</time>
   </trkpt>
   <trkpt lat="47.3849060" lon="-122.0499430">
    <ele>136.4</ele>
    <time>2021-10-01T23:53:35Z</time>
   </trkpt>
   <trkpt lat="47.3848780" lon="-122.0499450">
    <ele>136.4</ele>
    <time>2021-10-01T23:53:37Z</time>
   </trkpt>
   <trkpt lat="47.3848420" lon="-122.0499470">
    <ele>136.5</ele>
    <time>2021-10-01T23:53:38Z</time>
   </trkpt>
   <trkpt lat="47.3848080" lon="-122.0499540">
    <ele>136.6</ele>
    <time>2021-10-01T23:53:39Z</time>
   </trkpt>
   <trkpt lat="47.3847740" lon="-122.0499550">
    <ele>136.7</ele>
    <time>2021-10-01T23:53:40Z</time>
   </trkpt>
   <trkpt lat="47.3847340" lon="-122.0499530">
    <ele>136.7</ele>
    <time>2021-10-01T23:53:41Z</time>
   </trkpt>
   <trkpt lat="47.3847170" lon="-122.0499570">
    <ele>136.8</ele>
    <time>2021-10-01T23:53:42Z</time>
   </trkpt>
   <trkpt lat="47.3846860" lon="-122.0499460">
    <ele>136.8</ele>
    <time>2021-10-01T23:53:43Z</time>
   </trkpt>
   <trkpt lat="47.3846560" lon="-122.0499400">
    <ele>136.9</ele>
    <time>2021-10-01T23:53:44Z</time>
   </trkpt>
   <trkpt lat="47.3846200" lon="-122.0499320">
    <ele>136.9</ele>
    <time>2021-10-01T23:53:45Z</time>
   </trkpt>
   <trkpt lat="47.3845820" lon="-122.0499280">
    <ele>137.0</ele>
    <time>2021-10-01T23:53:46Z</time>
   </trkpt>
   <trkpt lat="47.3845480" lon="-122.0499230">
    <ele>137.0</ele>
    <time>2021-10-01T23:53:47Z</time>
   </trkpt>
   <trkpt lat="47.3845140" lon="-122.0499050">
    <ele>137.0</ele>
    <time>2021-10-01T23:53:48Z</time>
   </trkpt>
   <trkpt lat="47.3844840" lon="-122.0498970">
    <ele>137.1</ele>
    <time>2021-10-01T23:53:49Z</time>
   </trkpt>
   <trkpt lat="47.3844450" lon="-122.0498860">
    <ele>137.1</ele>
    <time>2021-10-01T23:53:50Z</time>
   </trkpt>
   <trkpt lat="47.3844070" lon="-122.0498740">
    <ele>137.2</ele>
    <time>2021-10-01T23:53:51Z</time>
   </trkpt>
   <trkpt lat="47.3843890" lon="-122.0498680">
    <ele>137.2</ele>
    <time>2021-10-01T23:53:52Z</time>
   </trkpt>
   <trkpt lat="47.3843560" lon="-122.0498590">
    <ele>137.2</ele>
    <time>2021-10-01T23:53:53Z</time>
   </trkpt>
   <trkpt lat="47.3843300" lon="-122.0498500">
    <ele>137.3</ele>
    <time>2021-10-01T23:53:54Z</time>
   </trkpt>
   <trkpt lat="47.3842910" lon="-122.0498260">
    <ele>137.3</ele>
    <time>2021-10-01T23:53:55Z</time>
   </trkpt>
   <trkpt lat="47.3842590" lon="-122.0498210">
    <ele>137.4</ele>
    <time>2021-10-01T23:53:56Z</time>
   </trkpt>
   <trkpt lat="47.3842270" lon="-122.0498050">
    <ele>137.4</ele>
    <time>2021-10-01T23:53:57Z</time>
   </trkpt>
   <trkpt lat="47.3841930" lon="-122.0497990">
    <ele>137.4</ele>
    <time>2021-10-01T23:53:58Z</time>
   </trkpt>
   <trkpt lat="47.3841560" lon="-122.0497830">
    <ele>137.5</ele>
    <time>2021-10-01T23:53:59Z</time>
   </trkpt>
   <trkpt lat="47.3841210" lon="-122.0497790">
    <ele>137.6</ele>
    <time>2021-10-01T23:54:00Z</time>
   </trkpt>
   <trkpt lat="47.3840930" lon="-122.0497700">
    <ele>137.7</ele>
    <time>2021-10-01T23:54:01Z</time>
   </trkpt>
   <trkpt lat="47.3840570" lon="-122.0497410">
    <ele>137.8</ele>
    <time>2021-10-01T23:54:02Z</time>
   </trkpt>
   <trkpt lat="47.3840140" lon="-122.0497230">
    <ele>137.9</ele>
    <time>2021-10-01T23:54:03Z</time>
   </trkpt>
   <trkpt lat="47.3839940" lon="-122.0497160">
    <ele>137.9</ele>
    <time>2021-10-01T23:54:04Z</time>
   </trkpt>
   <trkpt lat="47.3839600" lon="-122.0497090">
    <ele>138.0</ele>
    <time>2021-10-01T23:54:05Z</time>
   </trkpt>
   <trkpt lat="47.3839300" lon="-122.0496960">
    <ele>138.1</ele>
    <time>2021-10-01T23:54:06Z</time>
   </trkpt>
   <trkpt lat="47.3838980" lon="-122.0496720">
    <ele>138.2</ele>
    <time>2021-10-01T23:54:07Z</time>
   </trkpt>
   <trkpt lat="47.3838620" lon="-122.0496750">
    <ele>138.3</ele>
    <time>2021-10-01T23:54:08Z</time>
   </trkpt>
   <trkpt lat="47.3838230" lon="-122.0496540">
    <ele>138.4</ele>
    <time>2021-10-01T23:54:09Z</time>
   </trkpt>
   <trkpt lat="47.3837950" lon="-122.0496490">
    <ele>138.4</ele>
    <time>2021-10-01T23:54:10Z</time>
   </trkpt>
   <trkpt lat="47.3837620" lon="-122.0496340">
    <ele>138.5</ele>
    <time>2021-10-01T23:54:11Z</time>
   </trkpt>
   <trkpt lat="47.3837320" lon="-122.0496100">
    <ele>138.6</ele>
    <time>2021-10-01T23:54:12Z</time>
   </trkpt>
   <trkpt lat="47.3837010" lon="-122.0496000">
    <ele>138.6</ele>
    <time>2021-10-01T23:54:13Z</time>
   </trkpt>
   <trkpt lat="47.3836680" lon="-122.0495790">
    <ele>138.7</ele>
    <time>2021-10-01T23:54:14Z</time>
   </trkpt>
   <trkpt lat="47.3836400" lon="-122.0495650">
    <ele>138.8</ele>
    <time>2021-10-01T23:54:15Z</time>
   </trkpt>
   <trkpt lat="47.3836010" lon="-122.0495460">
    <ele>138.8</ele>
    <time>2021-10-01T23:54:16Z</time>
   </trkpt>
   <trkpt lat="47.3835720" lon="-122.0495330">
    <ele>138.9</ele>
    <time>2021-10-01T23:54:17Z</time>
   </trkpt>
   <trkpt lat="47.3835400" lon="-122.0495130">
    <ele>138.9</ele>
    <time>2021-10-01T23:54:18Z</time>
   </trkpt>
   <trkpt lat="47.3835080" lon="-122.0494950">
    <ele>139.0</ele>
    <time>2021-10-01T23:54:19Z</time>
   </trkpt>
   <trkpt lat="47.3834810" lon="-122.0494840">
    <ele>139.0</ele>
    <time>2021-10-01T23:54:20Z</time>
   </trkpt>
   <trkpt lat="47.3834460" lon="-122.0494620">
    <ele>139.0</ele>
    <time>2021-10-01T23:54:21Z</time>
   </trkpt>
   <trkpt lat="47.3834180" lon="-122.0494390">
    <ele>139.1</ele>
    <time>2021-10-01T23:54:22Z</time>
   </trkpt>
   <trkpt lat="47.3833820" lon="-122.0494090">
    <ele>139.1</ele>
    <time>2021-10-01T23:54:23Z</time>
   </trkpt>
   <trkpt lat="47.3833540" lon="-122.0494000">
    <ele>139.1</ele>
    <time>2021-10-01T23:54:24Z</time>
   </trkpt>
   <trkpt lat="47.3833250" lon="-122.0493780">
    <ele>139.2</ele>
    <time>2021-10-01T23:54:25Z</time>
   </trkpt>
   <trkpt lat="47.3832920" lon="-122.0493440">
    <ele>139.3</ele>
    <time>2021-10-01T23:54:26Z</time>
   </trkpt>
   <trkpt lat="47.3832660" lon="-122.0493300">
    <ele>139.3</ele>
    <time>2021-10-01T23:54:27Z</time>
   </trkpt>
   <trkpt lat="47.3832310" lon="-122.0493150">
    <ele>139.4</ele>
    <time>2021-10-01T23:54:28Z</time>
   </trkpt>
   <trkpt lat="47.3832000" lon="-122.0493050">
    <ele>139.4</ele>
    <time>2021-10-01T23:54:29Z</time>
   </trkpt>
   <trkpt lat="47.3831690" lon="-122.0492800">
    <ele>139.5</ele>
    <time>2021-10-01T23:54:30Z</time>
   </trkpt>
   <trkpt lat="47.3831450" lon="-122.0492370">
    <ele>139.5</ele>
    <time>2021-10-01T23:54:31Z</time>
   </trkpt>
   <trkpt lat="47.3831100" lon="-122.0492250">
    <ele>139.6</ele>
    <time>2021-10-01T23:54:32Z</time>
   </trkpt>
   <trkpt lat="47.3830740" lon="-122.0491810">
    <ele>139.7</ele>
    <time>2021-10-01T23:54:33Z</time>
   </trkpt>
   <trkpt lat="47.3830390" lon="-122.0491640">
    <ele>139.7</ele>
    <time>2021-10-01T23:54:34Z</time>
   </trkpt>
   <trkpt lat="47.3830020" lon="-122.0491340">
    <ele>139.8</ele>
    <time>2021-10-01T23:54:35Z</time>
   </trkpt>
   <trkpt lat="47.3829740" lon="-122.0491130">
    <ele>139.9</ele>
    <time>2021-10-01T23:54:36Z</time>
   </trkpt>
   <trkpt lat="47.3829400" lon="-122.0490840">
    <ele>139.9</ele>
    <time>2021-10-01T23:54:37Z</time>
   </trkpt>
   <trkpt lat="47.3829110" lon="-122.0490580">
    <ele>140.0</ele>
    <time>2021-10-01T23:54:38Z</time>
   </trkpt>
   <trkpt lat="47.3828730" lon="-122.0490370">
    <ele>140.1</ele>
    <time>2021-10-01T23:54:39Z</time>
   </trkpt>
   <trkpt lat="47.3828460" lon="-122.0490020">
    <ele>140.1</ele>
    <time>2021-10-01T23:54:40Z</time>
   </trkpt>
   <trkpt lat="47.3828110" lon="-122.0489900">
    <ele>140.2</ele>
    <time>2021-10-01T23:54:41Z</time>
   </trkpt>
   <trkpt lat="47.3827710" lon="-122.0489480">
    <ele>140.2</ele>
    <time>2021-10-01T23:54:42Z</time>
   </trkpt>
   <trkpt lat="47.3827470" lon="-122.0489210">
    <ele>140.3</ele>
    <time>2021-10-01T23:54:43Z</time>
   </trkpt>
   <trkpt lat="47.3827180" lon="-122.0488860">
    <ele>140.3</ele>
    <time>2021-10-01T23:54:44Z</time>
   </trkpt>
   <trkpt lat="47.3826970" lon="-122.0488380">
    <ele>140.4</ele>
    <time>2021-10-01T23:54:45Z</time>
   </trkpt>
   <trkpt lat="47.3826670" lon="-122.0488070">
    <ele>140.4</ele>
    <time>2021-10-01T23:54:46Z</time>
   </trkpt>
   <trkpt lat="47.3826360" lon="-122.0487760">
    <ele>140.4</ele>
    <time>2021-10-01T23:54:47Z</time>
   </trkpt>
   <trkpt lat="47.3825820" lon="-122.0487160">
    <ele>140.5</ele>
    <time>2021-10-01T23:54:48Z</time>
   </trkpt>
   <trkpt lat="47.3825590" lon="-122.0486840">
    <ele>140.5</ele>
    <time>2021-10-01T23:54:49Z</time>
   </trkpt>
   <trkpt lat="47.3825240" lon="-122.0486520">
    <ele>140.6</ele>
    <time>2021-10-01T23:54:50Z</time>
   </trkpt>
   <trkpt lat="47.3824940" lon="-122.0486220">
    <ele>140.7</ele>
    <time>2021-10-01T23:54:51Z</time>
   </trkpt>
   <trkpt lat="47.3824580" lon="-122.0485910">
    <ele>140.7</ele>
    <time>2021-10-01T23:54:52Z</time>
   </trkpt>
   <trkpt lat="47.3824170" lon="-122.0485230">
    <ele>140.9</ele>
    <time>2021-10-01T23:54:54Z</time>
   </trkpt>
   <trkpt lat="47.3823820" lon="-122.0484950">
    <ele>140.9</ele>
    <time>2021-10-01T23:54:55Z</time>
   </trkpt>
   <trkpt lat="47.3823390" lon="-122.0484720">
    <ele>141.0</ele>
    <time>2021-10-01T23:54:56Z</time>
   </trkpt>
   <trkpt lat="47.3823200" lon="-122.0484360">
    <ele>141.1</ele>
    <time>2021-10-01T23:54:57Z</time>
   </trkpt>
   <trkpt lat="47.3822970" lon="-122.0484120">
    <ele>141.2</ele>
    <time>2021-10-01T23:54:58Z</time>
   </trkpt>
   <trkpt lat="47.3822600" lon="-122.0483810">
    <ele>141.3</ele>
    <time>2021-10-01T23:54:59Z</time>
   </trkpt>
   <trkpt lat="47.3822280" lon="-122.0483560">
    <ele>141.3</ele>
    <time>2021-10-01T23:55:00Z</time>
   </trkpt>
   <trkpt lat="47.3821910" lon="-122.0483520">
    <ele>141.4</ele>
    <time>2021-10-01T23:55:01Z</time>
   </trkpt>
  </trkseg>
 </trk>
</gpx>
