<?xml version="1.0" encoding="UTF-8"?>
<gpx creator="StravaGPX" version="1.1" xmlns="http://www.topografix.com/GPX/1/1" xmlns:xsi="http://www.w3.org/2001/XMLSchema-instance" xsi:schemaLocation="http://www.topografix.com/GPX/1/1 http://www.topografix.com/GPX/1/1/gpx.xsd">
 <metadata>
  <time>2021-11-15T22:31:42Z</time>
 </metadata>
 <trk>
  <name>Not the wild GPS treatment </name>
  <type>walking</type>
  <trkseg>
   <trkpt lat="47.4073680" lon="-122.0374900">
    <ele>101.6</ele>
    <time>2021-11-15T22:31:42Z</time>
   </trkpt>
   <trkpt lat="47.4073810" lon="-122.0374940">
    <ele>101.6</ele>
    <time>2021-11-15T22:31:43Z</time>
   </trkpt>
   <trkpt lat="47.4073950" lon="-122.0375010">
    <ele>101.6</ele>
    <time>2021-11-15T22:31:44Z</time>
   </trkpt>
   <trkpt lat="47.4074130" lon="-122.0375080">
    <ele>101.6</ele>
    <time>2021-11-15T22:31:45Z</time>
   </trkpt>
   <trkpt lat="47.4074290" lon="-122.0375160">
    <ele>101.6</ele>
    <time>2021-11-15T22:31:46Z</time>
   </trkpt>
   <trkpt lat="47.4074440" lon="-122.0375240">
    <ele>101.6</ele>
    <time>2021-11-15T22:31:47Z</time>
   </trkpt>
   <trkpt lat="47.4074600" lon="-122.0375310">
    <ele>101.7</ele>
    <time>2021-11-15T22:31:48Z</time>
   </trkpt>
   <trkpt lat="47.4074780" lon="-122.0375360">
    <ele>101.7</ele>
    <time>2021-11-15T22:31:49Z</time>
   </trkpt>
   <trkpt lat="47.4074950" lon="-122.0375420">
    <ele>101.7</ele>
    <time>2021-11-15T22:31:50Z</time>
   </trkpt>
   <trkpt lat="47.4075270" lon="-122.0375550">
    <ele>101.7</ele>
    <time>2021-11-15T22:31:51Z</time>
   </trkpt>
   <trkpt lat="47.4075360" lon="-122.0375680">
    <ele>101.7</ele>
    <time>2021-11-15T22:31:52Z</time>
   </trkpt>
   <trkpt lat="47.4075550" lon="-122.0376060">
    <ele>101.7</ele>
    <time>2021-11-15T22:31:53Z</time>
   </trkpt>
   <trkpt lat="47.4075300" lon="-122.0374770">
    <ele>101.7</ele>
    <time>2021-11-15T22:31:54Z</time>
   </trkpt>
   <trkpt lat="47.4075280" lon="-122.0374790">
    <ele>101.7</ele>
    <time>2021-11-15T22:31:55Z</time>
   </trkpt>
   <trkpt lat="47.4075320" lon="-122.0374800">
    <ele>101.7</ele>
    <time>2021-11-15T22:31:56Z</time>
   </trkpt>
   <trkpt lat="47.4075310" lon="-122.0374850">
    <ele>101.7</ele>
    <time>2021-11-15T22:31:57Z</time>
   </trkpt>
   <trkpt lat="47.4075150" lon="-122.0374960">
    <ele>101.7</ele>
    <time>2021-11-15T22:31:58Z</time>
   </trkpt>
   <trkpt lat="47.4075020" lon="-122.0375110">
    <ele>101.7</ele>
    <time>2021-11-15T22:31:59Z</time>
   </trkpt>
   <trkpt lat="47.4072560" lon="-122.0374970">
    <ele>101.8</ele>
    <time>2021-11-15T22:32:00Z</time>
   </trkpt>
   <trkpt lat="47.4071490" lon="-122.0374910">
    <ele>102.0</ele>
    <time>2021-11-15T22:32:01Z</time>
   </trkpt>
   <trkpt lat="47.4068320" lon="-122.0374810">
    <ele>102.1</ele>
    <time>2021-11-15T22:32:02Z</time>
   </trkpt>
   <trkpt lat="47.4068070" lon="-122.0374930">
    <ele>102.1</ele>
    <time>2021-11-15T22:32:03Z</time>
   </trkpt>
   <trkpt lat="47.4067820" lon="-122.0375100">
    <ele>102.1</ele>
    <time>2021-11-15T22:32:04Z</time>
   </trkpt>
   <trkpt lat="47.4067560" lon="-122.0375360">
    <ele>102.1</ele>
    <time>2021-11-15T22:32:05Z</time>
   </trkpt>
   <trkpt lat="47.4067480" lon="-122.0375440">
    <ele>102.1</ele>
    <time>2021-11-15T22:32:06Z</time>
   </trkpt>
   <trkpt lat="47.4067370" lon="-122.0375570">
    <ele>102.1</ele>
    <time>2021-11-15T22:32:07Z</time>
   </trkpt>
   <trkpt lat="47.4067210" lon="-122.0375730">
    <ele>102.1</ele>
    <time>2021-11-15T22:32:08Z</time>
   </trkpt>
   <trkpt lat="47.4067100" lon="-122.0375920">
    <ele>102.1</ele>
    <time>2021-11-15T22:32:09Z</time>
   </trkpt>
   <trkpt lat="47.4066980" lon="-122.0376040">
    <ele>102.1</ele>
    <time>2021-11-15T22:32:10Z</time>
   </trkpt>
   <trkpt lat="47.4066780" lon="-122.0376110">
    <ele>102.1</ele>
    <time>2021-11-15T22:32:11Z</time>
   </trkpt>
   <trkpt lat="47.4066680" lon="-122.0376120">
    <ele>102.1</ele>
    <time>2021-11-15T22:32:12Z</time>
   </trkpt>
   <trkpt lat="47.4066590" lon="-122.0376130">
    <ele>102.1</ele>
    <time>2021-11-15T22:32:13Z</time>
   </trkpt>
   <trkpt lat="47.4066450" lon="-122.0376130">
    <ele>102.1</ele>
    <time>2021-11-15T22:32:14Z</time>
   </trkpt>
   <trkpt lat="47.4066120" lon="-122.0376220">
    <ele>102.1</ele>
    <time>2021-11-15T22:32:15Z</time>
   </trkpt>
   <trkpt lat="47.4065900" lon="-122.0376210">
    <ele>102.1</ele>
    <time>2021-11-15T22:32:16Z</time>
   </trkpt>
   <trkpt lat="47.4065750" lon="-122.0376210">
    <ele>102.1</ele>
    <time>2021-11-15T22:32:17Z</time>
   </trkpt>
   <trkpt lat="47.4065600" lon="-122.0376170">
    <ele>102.1</ele>
    <time>2021-11-15T22:32:18Z</time>
   </trkpt>
   <trkpt lat="47.4065420" lon="-122.0376280">
    <ele>102.1</ele>
    <time>2021-11-15T22:32:19Z</time>
   </trkpt>
   <trkpt lat="47.4065300" lon="-122.0376360">
    <ele>102.1</ele>
    <time>2021-11-15T22:32:20Z</time>
   </trkpt>
   <trkpt lat="47.4065180" lon="-122.0376390">
    <ele>102.1</ele>
    <time>2021-11-15T22:32:21Z</time>
   </trkpt>
   <trkpt lat="47.4065050" lon="-122.0376560">
    <ele>102.1</ele>
    <time>2021-11-15T22:32:22Z</time>
   </trkpt>
   <trkpt lat="47.4064930" lon="-122.0376670">
    <ele>102.1</ele>
    <time>2021-11-15T22:32:23Z</time>
   </trkpt>
   <trkpt lat="47.4064780" lon="-122.0376800">
    <ele>102.1</ele>
    <time>2021-11-15T22:32:24Z</time>
   </trkpt>
   <trkpt lat="47.4064610" lon="-122.0376800">
    <ele>102.1</ele>
    <time>2021-11-15T22:32:25Z</time>
   </trkpt>
   <trkpt lat="47.4064450" lon="-122.0376870">
    <ele>102.1</ele>
    <time>2021-11-15T22:32:26Z</time>
   </trkpt>
   <trkpt lat="47.4064320" lon="-122.0376890">
    <ele>102.1</ele>
    <time>2021-11-15T22:32:27Z</time>
   </trkpt>
   <trkpt lat="47.4064100" lon="-122.0376890">
    <ele>102.1</ele>
    <time>2021-11-15T22:32:28Z</time>
   </trkpt>
   <trkpt lat="47.4063950" lon="-122.0376910">
    <ele>102.1</ele>
    <time>2021-11-15T22:32:29Z</time>
   </trkpt>
   <trkpt lat="47.4063770" lon="-122.0376990">
    <ele>102.1</ele>
    <time>2021-11-15T22:32:30Z</time>
   </trkpt>
   <trkpt lat="47.4063620" lon="-122.0377010">
    <ele>102.1</ele>
    <time>2021-11-15T22:32:31Z</time>
   </trkpt>
   <trkpt lat="47.4063430" lon="-122.0376980">
    <ele>102.1</ele>
    <time>2021-11-15T22:32:32Z</time>
   </trkpt>
   <trkpt lat="47.4063280" lon="-122.0377060">
    <ele>102.1</ele>
    <time>2021-11-15T22:32:33Z</time>
   </trkpt>
   <trkpt lat="47.4063150" lon="-122.0377160">
    <ele>102.2</ele>
    <time>2021-11-15T22:32:34Z</time>
   </trkpt>
   <trkpt lat="47.4062970" lon="-122.0377210">
    <ele>102.2</ele>
    <time>2021-11-15T22:32:35Z</time>
   </trkpt>
   <trkpt lat="47.4062830" lon="-122.0377240">
    <ele>102.2</ele>
    <time>2021-11-15T22:32:36Z</time>
   </trkpt>
   <trkpt lat="47.4062690" lon="-122.0377310">
    <ele>102.2</ele>
    <time>2021-11-15T22:32:37Z</time>
   </trkpt>
   <trkpt lat="47.4062570" lon="-122.0377390">
    <ele>102.2</ele>
    <time>2021-11-15T22:32:38Z</time>
   </trkpt>
   <trkpt lat="47.4062500" lon="-122.0377480">
    <ele>102.2</ele>
    <time>2021-11-15T22:32:39Z</time>
   </trkpt>
   <trkpt lat="47.4062320" lon="-122.0377630">
    <ele>102.2</ele>
    <time>2021-11-15T22:32:40Z</time>
   </trkpt>
   <trkpt lat="47.4062160" lon="-122.0377770">
    <ele>102.2</ele>
    <time>2021-11-15T22:32:41Z</time>
   </trkpt>
   <trkpt lat="47.4062010" lon="-122.0377890">
    <ele>102.2</ele>
    <time>2021-11-15T22:32:42Z</time>
   </trkpt>
   <trkpt lat="47.4061700" lon="-122.0377990">
    <ele>102.2</ele>
    <time>2021-11-15T22:32:43Z</time>
   </trkpt>
   <trkpt lat="47.4061610" lon="-122.0378040">
    <ele>102.2</ele>
    <time>2021-11-15T22:32:44Z</time>
   </trkpt>
   <trkpt lat="47.4061460" lon="-122.0378100">
    <ele>102.2</ele>
    <time>2021-11-15T22:32:45Z</time>
   </trkpt>
   <trkpt lat="47.4061300" lon="-122.0378190">
    <ele>102.2</ele>
    <time>2021-11-15T22:32:46Z</time>
   </trkpt>
   <trkpt lat="47.4061140" lon="-122.0378260">
    <ele>102.2</ele>
    <time>2021-11-15T22:32:47Z</time>
   </trkpt>
   <trkpt lat="47.4060970" lon="-122.0378370">
    <ele>102.2</ele>
    <time>2021-11-15T22:32:48Z</time>
   </trkpt>
   <trkpt lat="47.4060800" lon="-122.0378480">
    <ele>102.2</ele>
    <time>2021-11-15T22:32:49Z</time>
   </trkpt>
   <trkpt lat="47.4060640" lon="-122.0378560">
    <ele>102.2</ele>
    <time>2021-11-15T22:32:50Z</time>
   </trkpt>
   <trkpt lat="47.4060500" lon="-122.0378650">
    <ele>102.2</ele>
    <time>2021-11-15T22:32:51Z</time>
   </trkpt>
   <trkpt lat="47.4060410" lon="-122.0378800">
    <ele>102.2</ele>
    <time>2021-11-15T22:32:52Z</time>
   </trkpt>
   <trkpt lat="47.4060270" lon="-122.0378890">
    <ele>102.2</ele>
    <time>2021-11-15T22:32:53Z</time>
   </trkpt>
   <trkpt lat="47.4060120" lon="-122.0378960">
    <ele>102.2</ele>
    <time>2021-11-15T22:32:54Z</time>
   </trkpt>
   <trkpt lat="47.4059970" lon="-122.0379000">
    <ele>102.2</ele>
    <time>2021-11-15T22:32:55Z</time>
   </trkpt>
   <trkpt lat="47.4059840" lon="-122.0379050">
    <ele>102.2</ele>
    <time>2021-11-15T22:32:56Z</time>
   </trkpt>
   <trkpt lat="47.4059740" lon="-122.0379140">
    <ele>102.2</ele>
    <time>2021-11-15T22:32:57Z</time>
   </trkpt>
   <trkpt lat="47.4059570" lon="-122.0379280">
    <ele>102.2</ele>
    <time>2021-11-15T22:32:58Z</time>
   </trkpt>
   <trkpt lat="47.4059430" lon="-122.0379330">
    <ele>102.3</ele>
    <time>2021-11-15T22:32:59Z</time>
   </trkpt>
   <trkpt lat="47.4059320" lon="-122.0379350">
    <ele>102.3</ele>
    <time>2021-11-15T22:33:00Z</time>
   </trkpt>
   <trkpt lat="47.4059300" lon="-122.0379430">
    <ele>102.3</ele>
    <time>2021-11-15T22:33:01Z</time>
   </trkpt>
   <trkpt lat="47.4059240" lon="-122.0379540">
    <ele>102.3</ele>
    <time>2021-11-15T22:33:02Z</time>
   </trkpt>
   <trkpt lat="47.4059080" lon="-122.0379700">
    <ele>102.3</ele>
    <time>2021-11-15T22:33:03Z</time>
   </trkpt>
   <trkpt lat="47.4058870" lon="-122.0379780">
    <ele>102.3</ele>
    <time>2021-11-15T22:33:04Z</time>
   </trkpt>
   <trkpt lat="47.4058800" lon="-122.0379810">
    <ele>102.3</ele>
    <time>2021-11-15T22:33:05Z</time>
   </trkpt>
   <trkpt lat="47.4058730" lon="-122.0379840">
    <ele>102.3</ele>
    <time>2021-11-15T22:33:06Z</time>
   </trkpt>
   <trkpt lat="47.4058570" lon="-122.0379910">
    <ele>102.3</ele>
    <time>2021-11-15T22:33:07Z</time>
   </trkpt>
   <trkpt lat="47.4058460" lon="-122.0379960">
    <ele>102.3</ele>
    <time>2021-11-15T22:33:08Z</time>
   </trkpt>
   <trkpt lat="47.4058320" lon="-122.0380010">
    <ele>102.3</ele>
    <time>2021-11-15T22:33:09Z</time>
   </trkpt>
   <trkpt lat="47.4058270" lon="-122.0380030">
    <ele>102.3</ele>
    <time>2021-11-15T22:33:10Z</time>
   </trkpt>
   <trkpt lat="47.4058210" lon="-122.0380080">
    <ele>102.3</ele>
    <time>2021-11-15T22:33:11Z</time>
   </trkpt>
   <trkpt lat="47.4058200" lon="-122.0380000">
    <ele>102.3</ele>
    <time>2021-11-15T22:33:12Z</time>
   </trkpt>
   <trkpt lat="47.4058180" lon="-122.0379990">
    <ele>102.3</ele>
    <time>2021-11-15T22:33:13Z</time>
   </trkpt>
   <trkpt lat="47.4058180" lon="-122.0379990">
    <ele>102.3</ele>
    <time>2021-11-15T22:33:14Z</time>
   </trkpt>
   <trkpt lat="47.4058140" lon="-122.0380040">
    <ele>102.3</ele>
    <time>2021-11-15T22:33:15Z</time>
   </trkpt>
   <trkpt lat="47.4058110" lon="-122.0380060">
    <ele>102.3</ele>
    <time>2021-11-15T22:33:16Z</time>
   </trkpt>
   <trkpt lat="47.4058050" lon="-122.0380160">
    <ele>102.3</ele>
    <time>2021-11-15T22:33:17Z</time>
   </trkpt>
   <trkpt lat="47.4058030" lon="-122.0380120">
    <ele>102.3</ele>
    <time>2021-11-15T22:33:18Z</time>
   </trkpt>
   <trkpt lat="47.4057960" lon="-122.0380230">
    <ele>102.3</ele>
    <time>2021-11-15T22:33:19Z</time>
   </trkpt>
   <trkpt lat="47.4057840" lon="-122.0380270">
    <ele>102.3</ele>
    <time>2021-11-15T22:33:20Z</time>
   </trkpt>
   <trkpt lat="47.4057810" lon="-122.0380400">
    <ele>102.3</ele>
    <time>2021-11-15T22:33:21Z</time>
   </trkpt>
   <trkpt lat="47.4057760" lon="-122.0380430">
    <ele>102.3</ele>
    <time>2021-11-15T22:33:22Z</time>
   </trkpt>
   <trkpt lat="47.4057690" lon="-122.0380470">
    <ele>102.3</ele>
    <time>2021-11-15T22:33:23Z</time>
   </trkpt>
   <trkpt lat="47.4057550" lon="-122.0380560">
    <ele>102.3</ele>
    <time>2021-11-15T22:33:24Z</time>
   </trkpt>
   <trkpt lat="47.4057480" lon="-122.0380610">
    <ele>102.3</ele>
    <time>2021-11-15T22:33:25Z</time>
   </trkpt>
   <trkpt lat="47.4057410" lon="-122.0380670">
    <ele>102.3</ele>
    <time>2021-11-15T22:33:26Z</time>
   </trkpt>
   <trkpt lat="47.4057350" lon="-122.0380720">
    <ele>102.3</ele>
    <time>2021-11-15T22:33:27Z</time>
   </trkpt>
   <trkpt lat="47.4057250" lon="-122.0380770">
    <ele>102.3</ele>
    <time>2021-11-15T22:33:28Z</time>
   </trkpt>
   <trkpt lat="47.4057170" lon="-122.0380820">
    <ele>102.4</ele>
    <time>2021-11-15T22:33:29Z</time>
   </trkpt>
   <trkpt lat="47.4057120" lon="-122.0380840">
    <ele>102.4</ele>
    <time>2021-11-15T22:33:30Z</time>
   </trkpt>
   <trkpt lat="47.4057030" lon="-122.0380910">
    <ele>102.4</ele>
    <time>2021-11-15T22:33:31Z</time>
   </trkpt>
   <trkpt lat="47.4056910" lon="-122.0381030">
    <ele>102.4</ele>
    <time>2021-11-15T22:33:32Z</time>
   </trkpt>
   <trkpt lat="47.4056860" lon="-122.0381090">
    <ele>102.4</ele>
    <time>2021-11-15T22:33:33Z</time>
   </trkpt>
   <trkpt lat="47.4056770" lon="-122.0381170">
    <ele>102.4</ele>
    <time>2021-11-15T22:33:34Z</time>
   </trkpt>
   <trkpt lat="47.4056700" lon="-122.0381240">
    <ele>102.4</ele>
    <time>2021-11-15T22:33:35Z</time>
   </trkpt>
   <trkpt lat="47.4056650" lon="-122.0381280">
    <ele>102.4</ele>
    <time>2021-11-15T22:33:36Z</time>
   </trkpt>
   <trkpt lat="47.4056660" lon="-122.0381270">
    <ele>102.4</ele>
    <time>2021-11-15T22:33:37Z</time>
   </trkpt>
   <trkpt lat="47.4056580" lon="-122.0381310">
    <ele>102.4</ele>
    <time>2021-11-15T22:33:38Z</time>
   </trkpt>
   <trkpt lat="47.4056550" lon="-122.0381320">
    <ele>102.4</ele>
    <time>2021-11-15T22:33:40Z</time>
   </trkpt>
   <trkpt lat="47.4056530" lon="-122.0381350">
    <ele>102.4</ele>
    <time>2021-11-15T22:33:41Z</time>
   </trkpt>
   <trkpt lat="47.4056470" lon="-122.0381340">
    <ele>102.4</ele>
    <time>2021-11-15T22:33:42Z</time>
   </trkpt>
   <trkpt lat="47.4056440" lon="-122.0381330">
    <ele>102.4</ele>
    <time>2021-11-15T22:33:43Z</time>
   </trkpt>
   <trkpt lat="47.4056410" lon="-122.0381330">
    <ele>102.4</ele>
    <time>2021-11-15T22:33:44Z</time>
   </trkpt>
   <trkpt lat="47.4056370" lon="-122.0381340">
    <ele>102.4</ele>
    <time>2021-11-15T22:33:45Z</time>
   </trkpt>
   <trkpt lat="47.4056350" lon="-122.0381430">
    <ele>102.4</ele>
    <time>2021-11-15T22:33:46Z</time>
   </trkpt>
   <trkpt lat="47.4056320" lon="-122.0381490">
    <ele>102.4</ele>
    <time>2021-11-15T22:33:47Z</time>
   </trkpt>
   <trkpt lat="47.3799240" lon="-122.0422680">
    <ele>142.8</ele>
    <time>2021-11-15T23:28:18Z</time>
   </trkpt>
   <trkpt lat="47.3807000" lon="-122.0424730">
    <ele>143.8</ele>
    <time>2021-11-15T23:31:26Z</time>
   </trkpt>
   <trkpt lat="47.3807010" lon="-122.0424510">
    <ele>143.8</ele>
    <time>2021-11-15T23:31:27Z</time>
   </trkpt>
   <trkpt lat="47.3807020" lon="-122.0424430">
    <ele>143.8</ele>
    <time>2021-11-15T23:31:28Z</time>
   </trkpt>
   <trkpt lat="47.3807040" lon="-122.0424360">
    <ele>143.8</ele>
    <time>2021-11-15T23:31:29Z</time>
   </trkpt>
   <trkpt lat="47.3807120" lon="-122.0424120">
    <ele>143.8</ele>
    <time>2021-11-15T23:31:30Z</time>
   </trkpt>
   <trkpt lat="47.3807210" lon="-122.0423840">
    <ele>143.8</ele>
    <time>2021-11-15T23:31:31Z</time>
   </trkpt>
   <trkpt lat="47.3807240" lon="-122.0423730">
    <ele>143.8</ele>
    <time>2021-11-15T23:31:32Z</time>
   </trkpt>
   <trkpt lat="47.3807270" lon="-122.0423620">
    <ele>143.8</ele>
    <time>2021-11-15T23:31:33Z</time>
   </trkpt>
   <trkpt lat="47.3807360" lon="-122.0423520">
    <ele>143.8</ele>
    <time>2021-11-15T23:31:34Z</time>
   </trkpt>
   <trkpt lat="47.3807380" lon="-122.0423430">
    <ele>143.8</ele>
    <time>2021-11-15T23:31:35Z</time>
   </trkpt>
   <trkpt lat="47.3807390" lon="-122.0423260">
    <ele>143.8</ele>
    <time>2021-11-15T23:31:36Z</time>
   </trkpt>
   <trkpt lat="47.3807400" lon="-122.0423180">
    <ele>143.8</ele>
    <time>2021-11-15T23:31:37Z</time>
   </trkpt>
   <trkpt lat="47.3807450" lon="-122.0423020">
    <ele>143.8</ele>
    <time>2021-11-15T23:31:38Z</time>
   </trkpt>
   <trkpt lat="47.3807540" lon="-122.0422860">
    <ele>143.8</ele>
    <time>2021-11-15T23:31:39Z</time>
   </trkpt>
   <trkpt lat="47.3807580" lon="-122.0422750">
    <ele>143.8</ele>
    <time>2021-11-15T23:31:40Z</time>
   </trkpt>
   <trkpt lat="47.3807590" lon="-122.0422640">
    <ele>143.7</ele>
    <time>2021-11-15T23:31:41Z</time>
   </trkpt>
   <trkpt lat="47.3807630" lon="-122.0422360">
    <ele>143.7</ele>
    <time>2021-11-15T23:31:42Z</time>
   </trkpt>
   <trkpt lat="47.3807650" lon="-122.0422160">
    <ele>143.7</ele>
    <time>2021-11-15T23:31:43Z</time>
   </trkpt>
   <trkpt lat="47.3807630" lon="-122.0421940">
    <ele>143.7</ele>
    <time>2021-11-15T23:31:44Z</time>
   </trkpt>
   <trkpt lat="47.3807620" lon="-122.0421750">
    <ele>143.7</ele>
    <time>2021-11-15T23:31:45Z</time>
   </trkpt>
   <trkpt lat="47.3807640" lon="-122.0421620">
    <ele>143.7</ele>
    <time>2021-11-15T23:31:46Z</time>
   </trkpt>
   <trkpt lat="47.3807650" lon="-122.0421430">
    <ele>143.7</ele>
    <time>2021-11-15T23:31:47Z</time>
   </trkpt>
   <trkpt lat="47.3807640" lon="-122.0421330">
    <ele>143.7</ele>
    <time>2021-11-15T23:31:48Z</time>
   </trkpt>
   <trkpt lat="47.3807680" lon="-122.0421130">
    <ele>143.7</ele>
    <time>2021-11-15T23:31:49Z</time>
   </trkpt>
   <trkpt lat="47.3807690" lon="-122.0420950">
    <ele>143.7</ele>
    <time>2021-11-15T23:31:50Z</time>
   </trkpt>
   <trkpt lat="47.3807610" lon="-122.0420650">
    <ele>143.7</ele>
    <time>2021-11-15T23:31:51Z</time>
   </trkpt>
   <trkpt lat="47.3807630" lon="-122.0420500">
    <ele>143.8</ele>
    <time>2021-11-15T23:31:52Z</time>
   </trkpt>
   <trkpt lat="47.3807660" lon="-122.0420210">
    <ele>143.8</ele>
    <time>2021-11-15T23:31:53Z</time>
   </trkpt>
   <trkpt lat="47.3807640" lon="-122.0420110">
    <ele>143.8</ele>
    <time>2021-11-15T23:31:54Z</time>
   </trkpt>
   <trkpt lat="47.3807610" lon="-122.0420010">
    <ele>143.8</ele>
    <time>2021-11-15T23:31:55Z</time>
   </trkpt>
   <trkpt lat="47.3807590" lon="-122.0419910">
    <ele>143.8</ele>
    <time>2021-11-15T23:31:56Z</time>
   </trkpt>
   <trkpt lat="47.3807560" lon="-122.0419750">
    <ele>143.8</ele>
    <time>2021-11-15T23:31:57Z</time>
   </trkpt>
   <trkpt lat="47.3807530" lon="-122.0419630">
    <ele>143.8</ele>
    <time>2021-11-15T23:31:58Z</time>
   </trkpt>
   <trkpt lat="47.3807520" lon="-122.0419500">
    <ele>143.8</ele>
    <time>2021-11-15T23:31:59Z</time>
   </trkpt>
   <trkpt lat="47.3807550" lon="-122.0419200">
    <ele>143.8</ele>
    <time>2021-11-15T23:32:00Z</time>
   </trkpt>
   <trkpt lat="47.3807570" lon="-122.0419090">
    <ele>143.8</ele>
    <time>2021-11-15T23:32:01Z</time>
   </trkpt>
   <trkpt lat="47.3807590" lon="-122.0418970">
    <ele>143.8</ele>
    <time>2021-11-15T23:32:02Z</time>
   </trkpt>
   <trkpt lat="47.3807570" lon="-122.0418630">
    <ele>143.8</ele>
    <time>2021-11-15T23:32:03Z</time>
   </trkpt>
   <trkpt lat="47.3807590" lon="-122.0418420">
    <ele>143.8</ele>
    <time>2021-11-15T23:32:04Z</time>
   </trkpt>
   <trkpt lat="47.3807590" lon="-122.0418140">
    <ele>143.8</ele>
    <time>2021-11-15T23:32:05Z</time>
   </trkpt>
   <trkpt lat="47.3807540" lon="-122.0417910">
    <ele>143.8</ele>
    <time>2021-11-15T23:32:06Z</time>
   </trkpt>
   <trkpt lat="47.3807500" lon="-122.0417460">
    <ele>143.8</ele>
    <time>2021-11-15T23:32:07Z</time>
   </trkpt>
   <trkpt lat="47.3807490" lon="-122.0417290">
    <ele>143.8</ele>
    <time>2021-11-15T23:32:08Z</time>
   </trkpt>
   <trkpt lat="47.3807470" lon="-122.0417040">
    <ele>143.8</ele>
    <time>2021-11-15T23:32:09Z</time>
   </trkpt>
   <trkpt lat="47.3807450" lon="-122.0416810">
    <ele>143.8</ele>
    <time>2021-11-15T23:32:10Z</time>
   </trkpt>
   <trkpt lat="47.3807390" lon="-122.0416640">
    <ele>143.9</ele>
    <time>2021-11-15T23:32:11Z</time>
   </trkpt>
   <trkpt lat="47.3807350" lon="-122.0416470">
    <ele>143.9</ele>
    <time>2021-11-15T23:32:12Z</time>
   </trkpt>
   <trkpt lat="47.3807320" lon="-122.0416350">
    <ele>143.9</ele>
    <time>2021-11-15T23:32:13Z</time>
   </trkpt>
   <trkpt lat="47.3807270" lon="-122.0416180">
    <ele>143.9</ele>
    <time>2021-11-15T23:32:14Z</time>
   </trkpt>
   <trkpt lat="47.3807230" lon="-122.0416080">
    <ele>143.9</ele>
    <time>2021-11-15T23:32:15Z</time>
   </trkpt>
   <trkpt lat="47.3807170" lon="-122.0415960">
    <ele>143.9</ele>
    <time>2021-11-15T23:32:16Z</time>
   </trkpt>
   <trkpt lat="47.3807100" lon="-122.0415770">
    <ele>143.9</ele>
    <time>2021-11-15T23:32:17Z</time>
   </trkpt>
   <trkpt lat="47.3807050" lon="-122.0415670">
    <ele>143.9</ele>
    <time>2021-11-15T23:32:18Z</time>
   </trkpt>
   <trkpt lat="47.3807020" lon="-122.0415560">
    <ele>143.9</ele>
    <time>2021-11-15T23:32:19Z</time>
   </trkpt>
   <trkpt lat="47.3806970" lon="-122.0415460">
    <ele>143.9</ele>
    <time>2021-11-15T23:32:20Z</time>
   </trkpt>
   <trkpt lat="47.3806960" lon="-122.0415340">
    <ele>143.9</ele>
    <time>2021-11-15T23:32:21Z</time>
   </trkpt>
   <trkpt lat="47.3806890" lon="-122.0415130">
    <ele>143.9</ele>
    <time>2021-11-15T23:32:22Z</time>
   </trkpt>
   <trkpt lat="47.3806780" lon="-122.0414870">
    <ele>143.9</ele>
    <time>2021-11-15T23:32:23Z</time>
   </trkpt>
   <trkpt lat="47.3806740" lon="-122.0414770">
    <ele>144.0</ele>
    <time>2021-11-15T23:32:24Z</time>
   </trkpt>
   <trkpt lat="47.3806700" lon="-122.0414680">
    <ele>144.0</ele>
    <time>2021-11-15T23:32:25Z</time>
   </trkpt>
   <trkpt lat="47.3806690" lon="-122.0414360">
    <ele>144.0</ele>
    <time>2021-11-15T23:32:26Z</time>
   </trkpt>
   <trkpt lat="47.3806700" lon="-122.0414290">
    <ele>144.0</ele>
    <time>2021-11-15T23:32:27Z</time>
   </trkpt>
   <trkpt lat="47.3806710" lon="-122.0414220">
    <ele>144.0</ele>
    <time>2021-11-15T23:32:28Z</time>
   </trkpt>
   <trkpt lat="47.3806720" lon="-122.0414160">
    <ele>144.0</ele>
    <time>2021-11-15T23:32:29Z</time>
   </trkpt>
   <trkpt lat="47.3806730" lon="-122.0414090">
    <ele>144.0</ele>
    <time>2021-11-15T23:32:30Z</time>
   </trkpt>
   <trkpt lat="47.3806740" lon="-122.0414030">
    <ele>144.0</ele>
    <time>2021-11-15T23:32:31Z</time>
   </trkpt>
   <trkpt lat="47.3806750" lon="-122.0413960">
    <ele>144.0</ele>
    <time>2021-11-15T23:32:32Z</time>
   </trkpt>
   <trkpt lat="47.3806760" lon="-122.0413890">
    <ele>144.0</ele>
    <time>2021-11-15T23:32:33Z</time>
   </trkpt>
   <trkpt lat="47.3806770" lon="-122.0413830">
    <ele>144.0</ele>
    <time>2021-11-15T23:32:34Z</time>
   </trkpt>
   <trkpt lat="47.3806780" lon="-122.0413760">
    <ele>144.0</ele>
    <time>2021-11-15T23:32:35Z</time>
   </trkpt>
   <trkpt lat="47.3806790" lon="-122.0413690">
    <ele>144.0</ele>
    <time>2021-11-15T23:32:36Z</time>
   </trkpt>
   <trkpt lat="47.3806800" lon="-122.0413630">
    <ele>144.0</ele>
    <time>2021-11-15T23:32:37Z</time>
   </trkpt>
   <trkpt lat="47.3806810" lon="-122.0413560">
    <ele>144.0</ele>
    <time>2021-11-15T23:32:38Z</time>
   </trkpt>
   <trkpt lat="47.3806860" lon="-122.0413480">
    <ele>144.0</ele>
    <time>2021-11-15T23:32:39Z</time>
   </trkpt>
   <trkpt lat="47.3806800" lon="-122.0413370">
    <ele>144.0</ele>
    <time>2021-11-15T23:32:40Z</time>
   </trkpt>
   <trkpt lat="47.3806770" lon="-122.0413240">
    <ele>144.1</ele>
    <time>2021-11-15T23:32:41Z</time>
   </trkpt>
   <trkpt lat="47.3806770" lon="-122.0413160">
    <ele>144.1</ele>
    <time>2021-11-15T23:32:42Z</time>
   </trkpt>
   <trkpt lat="47.3806770" lon="-122.0412970">
    <ele>144.1</ele>
    <time>2021-11-15T23:32:43Z</time>
   </trkpt>
   <trkpt lat="47.3806750" lon="-122.0412860">
    <ele>144.1</ele>
    <time>2021-11-15T23:32:44Z</time>
   </trkpt>
   <trkpt lat="47.3806770" lon="-122.0412740">
    <ele>144.1</ele>
    <time>2021-11-15T23:32:45Z</time>
   </trkpt>
   <trkpt lat="47.3806790" lon="-122.0412570">
    <ele>144.1</ele>
    <time>2021-11-15T23:32:46Z</time>
   </trkpt>
   <trkpt lat="47.3806790" lon="-122.0412370">
    <ele>144.1</ele>
    <time>2021-11-15T23:32:47Z</time>
   </trkpt>
   <trkpt lat="47.3806790" lon="-122.0412260">
    <ele>144.1</ele>
    <time>2021-11-15T23:32:48Z</time>
   </trkpt>
   <trkpt lat="47.3806820" lon="-122.0412130">
    <ele>144.1</ele>
    <time>2021-11-15T23:32:49Z</time>
   </trkpt>
   <trkpt lat="47.3806830" lon="-122.0411970">
    <ele>144.1</ele>
    <time>2021-11-15T23:32:50Z</time>
   </trkpt>
   <trkpt lat="47.3806810" lon="-122.0411900">
    <ele>144.1</ele>
    <time>2021-11-15T23:32:51Z</time>
   </trkpt>
   <trkpt lat="47.3806790" lon="-122.0411790">
    <ele>144.1</ele>
    <time>2021-11-15T23:32:52Z</time>
   </trkpt>
   <trkpt lat="47.3806800" lon="-122.0411650">
    <ele>144.2</ele>
    <time>2021-11-15T23:32:53Z</time>
   </trkpt>
   <trkpt lat="47.3806760" lon="-122.0411450">
    <ele>144.2</ele>
    <time>2021-11-15T23:32:54Z</time>
   </trkpt>
   <trkpt lat="47.3806730" lon="-122.0411330">
    <ele>144.2</ele>
    <time>2021-11-15T23:32:55Z</time>
   </trkpt>
   <trkpt lat="47.3806730" lon="-122.0411230">
    <ele>144.2</ele>
    <time>2021-11-15T23:32:56Z</time>
   </trkpt>
   <trkpt lat="47.3806740" lon="-122.0411120">
    <ele>144.2</ele>
    <time>2021-11-15T23:32:57Z</time>
   </trkpt>
   <trkpt lat="47.3806780" lon="-122.0410990">
    <ele>144.2</ele>
    <time>2021-11-15T23:32:58Z</time>
   </trkpt>
   <trkpt lat="47.3806760" lon="-122.0410870">
    <ele>144.2</ele>
    <time>2021-11-15T23:32:59Z</time>
   </trkpt>
   <trkpt lat="47.3806740" lon="-122.0410700">
    <ele>144.2</ele>
    <time>2021-11-15T23:33:00Z</time>
   </trkpt>
   <trkpt lat="47.3806760" lon="-122.0410510">
    <ele>144.2</ele>
    <time>2021-11-15T23:33:01Z</time>
   </trkpt>
   <trkpt lat="47.3806800" lon="-122.0410350">
    <ele>144.2</ele>
    <time>2021-11-15T23:33:02Z</time>
   </trkpt>
   <trkpt lat="47.3806840" lon="-122.0410260">
    <ele>144.2</ele>
    <time>2021-11-15T23:33:03Z</time>
   </trkpt>
   <trkpt lat="47.3806840" lon="-122.0410140">
    <ele>144.2</ele>
    <time>2021-11-15T23:33:04Z</time>
   </trkpt>
   <trkpt lat="47.3806860" lon="-122.0410060">
    <ele>144.2</ele>
    <time>2021-11-15T23:33:05Z</time>
   </trkpt>
   <trkpt lat="47.3806860" lon="-122.0409900">
    <ele>144.3</ele>
    <time>2021-11-15T23:33:06Z</time>
   </trkpt>
   <trkpt lat="47.3806850" lon="-122.0409840">
    <ele>144.3</ele>
    <time>2021-11-15T23:33:07Z</time>
   </trkpt>
   <trkpt lat="47.3806800" lon="-122.0409640">
    <ele>144.3</ele>
    <time>2021-11-15T23:33:08Z</time>
   </trkpt>
   <trkpt lat="47.3806770" lon="-122.0409510">
    <ele>144.3</ele>
    <time>2021-11-15T23:33:09Z</time>
   </trkpt>
   <trkpt lat="47.3806870" lon="-122.0409190">
    <ele>144.3</ele>
    <time>2021-11-15T23:33:10Z</time>
   </trkpt>
   <trkpt lat="47.3806940" lon="-122.0409040">
    <ele>144.3</ele>
    <time>2021-11-15T23:33:11Z</time>
   </trkpt>
   <trkpt lat="47.3807000" lon="-122.0408820">
    <ele>144.3</ele>
    <time>2021-11-15T23:33:12Z</time>
   </trkpt>
   <trkpt lat="47.3807070" lon="-122.0408580">
    <ele>144.3</ele>
    <time>2021-11-15T23:33:13Z</time>
   </trkpt>
   <trkpt lat="47.3807090" lon="-122.0408090">
    <ele>144.3</ele>
    <time>2021-11-15T23:33:14Z</time>
   </trkpt>
   <trkpt lat="47.3807120" lon="-122.0407950">
    <ele>144.4</ele>
    <time>2021-11-15T23:33:15Z</time>
   </trkpt>
   <trkpt lat="47.3807060" lon="-122.0407770">
    <ele>144.4</ele>
    <time>2021-11-15T23:33:16Z</time>
   </trkpt>
   <trkpt lat="47.3807080" lon="-122.0407610">
    <ele>144.4</ele>
    <time>2021-11-15T23:33:17Z</time>
   </trkpt>
   <trkpt lat="47.3807110" lon="-122.0407480">
    <ele>144.4</ele>
    <time>2021-11-15T23:33:18Z</time>
   </trkpt>
   <trkpt lat="47.3807200" lon="-122.0407230">
    <ele>144.4</ele>
    <time>2021-11-15T23:33:19Z</time>
   </trkpt>
   <trkpt lat="47.3807260" lon="-122.0407010">
    <ele>144.4</ele>
    <time>2021-11-15T23:33:20Z</time>
   </trkpt>
   <trkpt lat="47.3807270" lon="-122.0406930">
    <ele>144.4</ele>
    <time>2021-11-15T23:33:21Z</time>
   </trkpt>
   <trkpt lat="47.3807250" lon="-122.0406780">
    <ele>144.4</ele>
    <time>2021-11-15T23:33:22Z</time>
   </trkpt>
   <trkpt lat="47.3807280" lon="-122.0406520">
    <ele>144.4</ele>
    <time>2021-11-15T23:33:23Z</time>
   </trkpt>
   <trkpt lat="47.3807330" lon="-122.0406240">
    <ele>144.4</ele>
    <time>2021-11-15T23:33:24Z</time>
   </trkpt>
   <trkpt lat="47.3807330" lon="-122.0406100">
    <ele>144.5</ele>
    <time>2021-11-15T23:33:25Z</time>
   </trkpt>
   <trkpt lat="47.3807340" lon="-122.0405970">
    <ele>144.5</ele>
    <time>2021-11-15T23:33:26Z</time>
   </trkpt>
   <trkpt lat="47.3807340" lon="-122.0405830">
    <ele>144.5</ele>
    <time>2021-11-15T23:33:27Z</time>
   </trkpt>
   <trkpt lat="47.3807350" lon="-122.0405690">
    <ele>144.5</ele>
    <time>2021-11-15T23:33:29Z</time>
   </trkpt>
   <trkpt lat="47.3807350" lon="-122.0405560">
    <ele>144.5</ele>
    <time>2021-11-15T23:33:30Z</time>
   </trkpt>
   <trkpt lat="47.3807360" lon="-122.0405330">
    <ele>144.5</ele>
    <time>2021-11-15T23:33:31Z</time>
   </trkpt>
   <trkpt lat="47.3807370" lon="-122.0405150">
    <ele>144.5</ele>
    <time>2021-11-15T23:33:32Z</time>
   </trkpt>
   <trkpt lat="47.3807380" lon="-122.0404900">
    <ele>144.5</ele>
    <time>2021-11-15T23:33:33Z</time>
   </trkpt>
   <trkpt lat="47.3807380" lon="-122.0404790">
    <ele>144.5</ele>
    <time>2021-11-15T23:33:34Z</time>
   </trkpt>
   <trkpt lat="47.3807380" lon="-122.0404680">
    <ele>144.5</ele>
    <time>2021-11-15T23:33:35Z</time>
   </trkpt>
   <trkpt lat="47.3807370" lon="-122.0404570">
    <ele>144.5</ele>
    <time>2021-11-15T23:33:36Z</time>
   </trkpt>
   <trkpt lat="47.3807370" lon="-122.0404460">
    <ele>144.5</ele>
    <time>2021-11-15T23:33:37Z</time>
   </trkpt>
   <trkpt lat="47.3807430" lon="-122.0404240">
    <ele>144.6</ele>
    <time>2021-11-15T23:33:38Z</time>
   </trkpt>
   <trkpt lat="47.3807420" lon="-122.0404170">
    <ele>144.6</ele>
    <time>2021-11-15T23:33:39Z</time>
   </trkpt>
   <trkpt lat="47.3807450" lon="-122.0404100">
    <ele>144.6</ele>
    <time>2021-11-15T23:33:40Z</time>
   </trkpt>
   <trkpt lat="47.3807490" lon="-122.0403970">
    <ele>144.6</ele>
    <time>2021-11-15T23:33:41Z</time>
   </trkpt>
   <trkpt lat="47.3807500" lon="-122.0403730">
    <ele>144.6</ele>
    <time>2021-11-15T23:33:42Z</time>
   </trkpt>
   <trkpt lat="47.3807500" lon="-122.0403490">
    <ele>144.6</ele>
    <time>2021-11-15T23:33:43Z</time>
   </trkpt>
   <trkpt lat="47.3807470" lon="-122.0403310">
    <ele>144.5</ele>
    <time>2021-11-15T23:33:44Z</time>
   </trkpt>
   <trkpt lat="47.3807450" lon="-122.0403060">
    <ele>144.5</ele>
    <time>2021-11-15T23:33:45Z</time>
   </trkpt>
   <trkpt lat="47.3807310" lon="-122.0402820">
    <ele>144.4</ele>
    <time>2021-11-15T23:33:46Z</time>
   </trkpt>
   <trkpt lat="47.3807250" lon="-122.0402680">
    <ele>144.4</ele>
    <time>2021-11-15T23:33:47Z</time>
   </trkpt>
   <trkpt lat="47.3807180" lon="-122.0402360">
    <ele>144.3</ele>
    <time>2021-11-15T23:33:48Z</time>
   </trkpt>
   <trkpt lat="47.3807170" lon="-122.0402200">
    <ele>144.3</ele>
    <time>2021-11-15T23:33:49Z</time>
   </trkpt>
   <trkpt lat="47.3807160" lon="-122.0402040">
    <ele>144.3</ele>
    <time>2021-11-15T23:33:50Z</time>
   </trkpt>
   <trkpt lat="47.3807150" lon="-122.0401890">
    <ele>144.2</ele>
    <time>2021-11-15T23:33:51Z</time>
   </trkpt>
   <trkpt lat="47.3807130" lon="-122.0401730">
    <ele>144.2</ele>
    <time>2021-11-15T23:33:52Z</time>
   </trkpt>
   <trkpt lat="47.3807060" lon="-122.0401550">
    <ele>144.2</ele>
    <time>2021-11-15T23:33:53Z</time>
   </trkpt>
   <trkpt lat="47.3807030" lon="-122.0401290">
    <ele>144.1</ele>
    <time>2021-11-15T23:33:54Z</time>
   </trkpt>
   <trkpt lat="47.3806930" lon="-122.0401130">
    <ele>144.1</ele>
    <time>2021-11-15T23:33:55Z</time>
   </trkpt>
   <trkpt lat="47.3806910" lon="-122.0400970">
    <ele>144.1</ele>
    <time>2021-11-15T23:33:56Z</time>
   </trkpt>
   <trkpt lat="47.3806900" lon="-122.0400820">
    <ele>144.1</ele>
    <time>2021-11-15T23:33:57Z</time>
   </trkpt>
   <trkpt lat="47.3806760" lon="-122.0400460">
    <ele>144.0</ele>
    <time>2021-11-15T23:33:58Z</time>
   </trkpt>
   <trkpt lat="47.3806730" lon="-122.0400340">
    <ele>144.0</ele>
    <time>2021-11-15T23:33:59Z</time>
   </trkpt>
   <trkpt lat="47.3806610" lon="-122.0400060">
    <ele>144.0</ele>
    <time>2021-11-15T23:34:00Z</time>
   </trkpt>
   <trkpt lat="47.3806580" lon="-122.0399950">
    <ele>144.0</ele>
    <time>2021-11-15T23:34:01Z</time>
   </trkpt>
   <trkpt lat="47.3806550" lon="-122.0399830">
    <ele>144.0</ele>
    <time>2021-11-15T23:34:02Z</time>
   </trkpt>
   <trkpt lat="47.3806550" lon="-122.0399470">
    <ele>144.0</ele>
    <time>2021-11-15T23:34:03Z</time>
   </trkpt>
   <trkpt lat="47.3806550" lon="-122.0399340">
    <ele>143.9</ele>
    <time>2021-11-15T23:34:04Z</time>
   </trkpt>
   <trkpt lat="47.3806540" lon="-122.0399200">
    <ele>143.9</ele>
    <time>2021-11-15T23:34:05Z</time>
   </trkpt>
   <trkpt lat="47.3806470" lon="-122.0398820">
    <ele>143.9</ele>
    <time>2021-11-15T23:34:06Z</time>
   </trkpt>
   <trkpt lat="47.3806450" lon="-122.0398660">
    <ele>143.9</ele>
    <time>2021-11-15T23:34:07Z</time>
   </trkpt>
   <trkpt lat="47.3806330" lon="-122.0398250">
    <ele>143.9</ele>
    <time>2021-11-15T23:34:08Z</time>
   </trkpt>
   <trkpt lat="47.3806300" lon="-122.0398140">
    <ele>143.9</ele>
    <time>2021-11-15T23:34:09Z</time>
   </trkpt>
   <trkpt lat="47.3806250" lon="-122.0397990">
    <ele>143.9</ele>
    <time>2021-11-15T23:34:10Z</time>
   </trkpt>
   <trkpt lat="47.3806190" lon="-122.0397870">
    <ele>143.9</ele>
    <time>2021-11-15T23:34:11Z</time>
   </trkpt>
   <trkpt lat="47.3806090" lon="-122.0397750">
    <ele>143.9</ele>
    <time>2021-11-15T23:34:12Z</time>
   </trkpt>
   <trkpt lat="47.3805960" lon="-122.0397540">
    <ele>143.9</ele>
    <time>2021-11-15T23:34:13Z</time>
   </trkpt>
   <trkpt lat="47.3805900" lon="-122.0397360">
    <ele>143.9</ele>
    <time>2021-11-15T23:34:14Z</time>
   </trkpt>
   <trkpt lat="47.3805800" lon="-122.0397030">
    <ele>143.9</ele>
    <time>2021-11-15T23:34:15Z</time>
   </trkpt>
   <trkpt lat="47.3805750" lon="-122.0396890">
    <ele>143.9</ele>
    <time>2021-11-15T23:34:16Z</time>
   </trkpt>
   <trkpt lat="47.3805700" lon="-122.0396760">
    <ele>143.9</ele>
    <time>2021-11-15T23:34:17Z</time>
   </trkpt>
   <trkpt lat="47.3805620" lon="-122.0396480">
    <ele>143.8</ele>
    <time>2021-11-15T23:34:18Z</time>
   </trkpt>
   <trkpt lat="47.3805590" lon="-122.0396350">
    <ele>143.8</ele>
    <time>2021-11-15T23:34:19Z</time>
   </trkpt>
   <trkpt lat="47.3805560" lon="-122.0396230">
    <ele>143.8</ele>
    <time>2021-11-15T23:34:20Z</time>
   </trkpt>
   <trkpt lat="47.3805530" lon="-122.0396090">
    <ele>143.8</ele>
    <time>2021-11-15T23:34:21Z</time>
   </trkpt>
   <trkpt lat="47.3805470" lon="-122.0395960">
    <ele>143.8</ele>
    <time>2021-11-15T23:34:22Z</time>
   </trkpt>
   <trkpt lat="47.3805360" lon="-122.0395860">
    <ele>143.8</ele>
    <time>2021-11-15T23:34:23Z</time>
   </trkpt>
   <trkpt lat="47.3805250" lon="-122.0395770">
    <ele>143.8</ele>
    <time>2021-11-15T23:34:24Z</time>
   </trkpt>
   <trkpt lat="47.3805150" lon="-122.0395620">
    <ele>143.8</ele>
    <time>2021-11-15T23:34:25Z</time>
   </trkpt>
   <trkpt lat="47.3805130" lon="-122.0395570">
    <ele>143.8</ele>
    <time>2021-11-15T23:34:26Z</time>
   </trkpt>
   <trkpt lat="47.3805100" lon="-122.0395460">
    <ele>143.8</ele>
    <time>2021-11-15T23:34:27Z</time>
   </trkpt>
   <trkpt lat="47.3805050" lon="-122.0395350">
    <ele>143.8</ele>
    <time>2021-11-15T23:34:28Z</time>
   </trkpt>
   <trkpt lat="47.3805010" lon="-122.0395270">
    <ele>143.8</ele>
    <time>2021-11-15T23:34:29Z</time>
   </trkpt>
   <trkpt lat="47.3804960" lon="-122.0395200">
    <ele>143.8</ele>
    <time>2021-11-15T23:34:30Z</time>
   </trkpt>
   <trkpt lat="47.3804760" lon="-122.0395060">
    <ele>143.8</ele>
    <time>2021-11-15T23:34:31Z</time>
   </trkpt>
   <trkpt lat="47.3804690" lon="-122.0395010">
    <ele>143.8</ele>
    <time>2021-11-15T23:34:32Z</time>
   </trkpt>
   <trkpt lat="47.3804610" lon="-122.0394950">
    <ele>143.7</ele>
    <time>2021-11-15T23:34:33Z</time>
   </trkpt>
   <trkpt lat="47.3804540" lon="-122.0394920">
    <ele>143.7</ele>
    <time>2021-11-15T23:34:34Z</time>
   </trkpt>
   <trkpt lat="47.3804460" lon="-122.0394780">
    <ele>143.7</ele>
    <time>2021-11-15T23:34:35Z</time>
   </trkpt>
   <trkpt lat="47.3804410" lon="-122.0394620">
    <ele>143.7</ele>
    <time>2021-11-15T23:34:36Z</time>
   </trkpt>
   <trkpt lat="47.3804240" lon="-122.0394320">
    <ele>143.7</ele>
    <time>2021-11-15T23:34:37Z</time>
   </trkpt>
   <trkpt lat="47.3804120" lon="-122.0394160">
    <ele>143.7</ele>
    <time>2021-11-15T23:34:38Z</time>
   </trkpt>
   <trkpt lat="47.3803990" lon="-122.0394000">
    <ele>143.7</ele>
    <time>2021-11-15T23:34:39Z</time>
   </trkpt>
   <trkpt lat="47.3803880" lon="-122.0393840">
    <ele>143.7</ele>
    <time>2021-11-15T23:34:40Z</time>
   </trkpt>
   <trkpt lat="47.3803740" lon="-122.0393600">
    <ele>143.7</ele>
    <time>2021-11-15T23:34:41Z</time>
   </trkpt>
   <trkpt lat="47.3803690" lon="-122.0393520">
    <ele>143.7</ele>
    <time>2021-11-15T23:34:42Z</time>
   </trkpt>
   <trkpt lat="47.3803640" lon="-122.0393440">
    <ele>143.7</ele>
    <time>2021-11-15T23:34:43Z</time>
   </trkpt>
   <trkpt lat="47.3803540" lon="-122.0393310">
    <ele>143.6</ele>
    <time>2021-11-15T23:34:44Z</time>
   </trkpt>
   <trkpt lat="47.3803430" lon="-122.0393120">
    <ele>143.6</ele>
    <time>2021-11-15T23:34:45Z</time>
   </trkpt>
   <trkpt lat="47.3803230" lon="-122.0392960">
    <ele>143.6</ele>
    <time>2021-11-15T23:34:46Z</time>
   </trkpt>
   <trkpt lat="47.3803150" lon="-122.0392840">
    <ele>143.6</ele>
    <time>2021-11-15T23:34:47Z</time>
   </trkpt>
   <trkpt lat="47.3803070" lon="-122.0392720">
    <ele>143.6</ele>
    <time>2021-11-15T23:34:48Z</time>
   </trkpt>
   <trkpt lat="47.3802970" lon="-122.0392580">
    <ele>143.6</ele>
    <time>2021-11-15T23:34:49Z</time>
   </trkpt>
   <trkpt lat="47.3802860" lon="-122.0392440">
    <ele>143.5</ele>
    <time>2021-11-15T23:34:50Z</time>
   </trkpt>
   <trkpt lat="47.3802720" lon="-122.0392150">
    <ele>143.5</ele>
    <time>2021-11-15T23:34:51Z</time>
   </trkpt>
   <trkpt lat="47.3802690" lon="-122.0392050">
    <ele>143.5</ele>
    <time>2021-11-15T23:34:52Z</time>
   </trkpt>
   <trkpt lat="47.3802660" lon="-122.0391950">
    <ele>143.5</ele>
    <time>2021-11-15T23:34:53Z</time>
   </trkpt>
   <trkpt lat="47.3802590" lon="-122.0391770">
    <ele>143.4</ele>
    <time>2021-11-15T23:34:54Z</time>
   </trkpt>
   <trkpt lat="47.3802560" lon="-122.0391570">
    <ele>143.4</ele>
    <time>2021-11-15T23:34:55Z</time>
   </trkpt>
   <trkpt lat="47.3802540" lon="-122.0391260">
    <ele>143.4</ele>
    <time>2021-11-15T23:34:56Z</time>
   </trkpt>
   <trkpt lat="47.3802510" lon="-122.0391130">
    <ele>143.4</ele>
    <time>2021-11-15T23:34:57Z</time>
   </trkpt>
   <trkpt lat="47.3802340" lon="-122.0390680">
    <ele>143.4</ele>
    <time>2021-11-15T23:34:58Z</time>
   </trkpt>
   <trkpt lat="47.3802270" lon="-122.0390510">
    <ele>143.3</ele>
    <time>2021-11-15T23:34:59Z</time>
   </trkpt>
   <trkpt lat="47.3802200" lon="-122.0390340">
    <ele>143.3</ele>
    <time>2021-11-15T23:35:00Z</time>
   </trkpt>
   <trkpt lat="47.3802000" lon="-122.0390020">
    <ele>143.3</ele>
    <time>2021-11-15T23:35:01Z</time>
   </trkpt>
   <trkpt lat="47.3801940" lon="-122.0389950">
    <ele>143.3</ele>
    <time>2021-11-15T23:35:02Z</time>
   </trkpt>
   <trkpt lat="47.3801800" lon="-122.0389650">
    <ele>143.3</ele>
    <time>2021-11-15T23:35:03Z</time>
   </trkpt>
   <trkpt lat="47.3801780" lon="-122.0389500">
    <ele>143.3</ele>
    <time>2021-11-15T23:35:04Z</time>
   </trkpt>
   <trkpt lat="47.3801770" lon="-122.0389350">
    <ele>143.2</ele>
    <time>2021-11-15T23:35:05Z</time>
   </trkpt>
   <trkpt lat="47.3801630" lon="-122.0389180">
    <ele>143.2</ele>
    <time>2021-11-15T23:35:06Z</time>
   </trkpt>
   <trkpt lat="47.3801530" lon="-122.0389020">
    <ele>143.2</ele>
    <time>2021-11-15T23:35:07Z</time>
   </trkpt>
   <trkpt lat="47.3801500" lon="-122.0388880">
    <ele>143.2</ele>
    <time>2021-11-15T23:35:08Z</time>
   </trkpt>
   <trkpt lat="47.3801480" lon="-122.0388820">
    <ele>143.2</ele>
    <time>2021-11-15T23:35:09Z</time>
   </trkpt>
   <trkpt lat="47.3801470" lon="-122.0388710">
    <ele>143.2</ele>
    <time>2021-11-15T23:35:10Z</time>
   </trkpt>
   <trkpt lat="47.3801490" lon="-122.0388530">
    <ele>143.2</ele>
    <time>2021-11-15T23:35:11Z</time>
   </trkpt>
   <trkpt lat="47.3801530" lon="-122.0388210">
    <ele>143.1</ele>
    <time>2021-11-15T23:35:12Z</time>
   </trkpt>
   <trkpt lat="47.3801510" lon="-122.0388080">
    <ele>143.1</ele>
    <time>2021-11-15T23:35:13Z</time>
   </trkpt>
   <trkpt lat="47.3801500" lon="-122.0387960">
    <ele>143.1</ele>
    <time>2021-11-15T23:35:14Z</time>
   </trkpt>
   <trkpt lat="47.3801600" lon="-122.0387750">
    <ele>143.3</ele>
    <time>2021-11-15T23:35:15Z</time>
   </trkpt>
   <trkpt lat="47.3801650" lon="-122.0387640">
    <ele>143.3</ele>
    <time>2021-11-15T23:35:16Z</time>
   </trkpt>
   <trkpt lat="47.3801700" lon="-122.0387520">
    <ele>143.3</ele>
    <time>2021-11-15T23:35:17Z</time>
   </trkpt>
   <trkpt lat="47.3801740" lon="-122.0387380">
    <ele>143.4</ele>
    <time>2021-11-15T23:35:18Z</time>
   </trkpt>
   <trkpt lat="47.3801860" lon="-122.0387270">
    <ele>143.4</ele>
    <time>2021-11-15T23:35:19Z</time>
   </trkpt>
   <trkpt lat="47.3801960" lon="-122.0387180">
    <ele>143.5</ele>
    <time>2021-11-15T23:35:20Z</time>
   </trkpt>
   <trkpt lat="47.3802020" lon="-122.0387000">
    <ele>143.5</ele>
    <time>2021-11-15T23:35:21Z</time>
   </trkpt>
   <trkpt lat="47.3802110" lon="-122.0386890">
    <ele>143.6</ele>
    <time>2021-11-15T23:35:22Z</time>
   </trkpt>
   <trkpt lat="47.3802170" lon="-122.0386790">
    <ele>143.6</ele>
    <time>2021-11-15T23:35:23Z</time>
   </trkpt>
   <trkpt lat="47.3802190" lon="-122.0386710">
    <ele>143.6</ele>
    <time>2021-11-15T23:35:24Z</time>
   </trkpt>
   <trkpt lat="47.3802330" lon="-122.0386560">
    <ele>143.7</ele>
    <time>2021-11-15T23:35:25Z</time>
   </trkpt>
   <trkpt lat="47.3802380" lon="-122.0386450">
    <ele>143.8</ele>
    <time>2021-11-15T23:35:26Z</time>
   </trkpt>
   <trkpt lat="47.3802580" lon="-122.0386270">
    <ele>143.9</ele>
    <time>2021-11-15T23:35:27Z</time>
   </trkpt>
   <trkpt lat="47.3802650" lon="-122.0386150">
    <ele>144.0</ele>
    <time>2021-11-15T23:35:28Z</time>
   </trkpt>
   <trkpt lat="47.3802720" lon="-122.0386060">
    <ele>144.0</ele>
    <time>2021-11-15T23:35:29Z</time>
   </trkpt>
   <trkpt lat="47.3802840" lon="-122.0385830">
    <ele>144.2</ele>
    <time>2021-11-15T23:35:30Z</time>
   </trkpt>
   <trkpt lat="47.3802900" lon="-122.0385740">
    <ele>144.2</ele>
    <time>2021-11-15T23:35:31Z</time>
   </trkpt>
   <trkpt lat="47.3802940" lon="-122.0385670">
    <ele>144.3</ele>
    <time>2021-11-15T23:35:32Z</time>
   </trkpt>
   <trkpt lat="47.3803050" lon="-122.0385460">
    <ele>144.4</ele>
    <time>2021-11-15T23:35:33Z</time>
   </trkpt>
   <trkpt lat="47.3803220" lon="-122.0385320">
    <ele>144.6</ele>
    <time>2021-11-15T23:35:35Z</time>
   </trkpt>
   <trkpt lat="47.3803250" lon="-122.0385230">
    <ele>144.7</ele>
    <time>2021-11-15T23:35:36Z</time>
   </trkpt>
   <trkpt lat="47.3803280" lon="-122.0385140">
    <ele>144.8</ele>
    <time>2021-11-15T23:35:37Z</time>
   </trkpt>
   <trkpt lat="47.3803310" lon="-122.0385050">
    <ele>144.8</ele>
    <time>2021-11-15T23:35:38Z</time>
   </trkpt>
   <trkpt lat="47.3803340" lon="-122.0384970">
    <ele>144.9</ele>
    <time>2021-11-15T23:35:39Z</time>
   </trkpt>
   <trkpt lat="47.3803370" lon="-122.0384800">
    <ele>145.0</ele>
    <time>2021-11-15T23:35:40Z</time>
   </trkpt>
   <trkpt lat="47.3803380" lon="-122.0384740">
    <ele>145.1</ele>
    <time>2021-11-15T23:35:41Z</time>
   </trkpt>
   <trkpt lat="47.3803390" lon="-122.0384680">
    <ele>145.2</ele>
    <time>2021-11-15T23:35:42Z</time>
   </trkpt>
   <trkpt lat="47.3803410" lon="-122.0384620">
    <ele>145.2</ele>
    <time>2021-11-15T23:35:43Z</time>
   </trkpt>
   <trkpt lat="47.3803420" lon="-122.0384560">
    <ele>145.3</ele>
    <time>2021-11-15T23:35:44Z</time>
   </trkpt>
   <trkpt lat="47.3803430" lon="-122.0384500">
    <ele>145.3</ele>
    <time>2021-11-15T23:35:45Z</time>
   </trkpt>
   <trkpt lat="47.3803440" lon="-122.0384430">
    <ele>145.4</ele>
    <time>2021-11-15T23:35:46Z</time>
   </trkpt>
   <trkpt lat="47.3803440" lon="-122.0384320">
    <ele>145.5</ele>
    <time>2021-11-15T23:35:47Z</time>
   </trkpt>
   <trkpt lat="47.3803460" lon="-122.0384140">
    <ele>145.7</ele>
    <time>2021-11-15T23:35:48Z</time>
   </trkpt>
   <trkpt lat="47.3803490" lon="-122.0384110">
    <ele>145.7</ele>
    <time>2021-11-15T23:35:49Z</time>
   </trkpt>
   <trkpt lat="47.3803490" lon="-122.0383980">
    <ele>145.9</ele>
    <time>2021-11-15T23:35:50Z</time>
   </trkpt>
   <trkpt lat="47.3803510" lon="-122.0383780">
    <ele>146.1</ele>
    <time>2021-11-15T23:35:51Z</time>
   </trkpt>
   <trkpt lat="47.3803540" lon="-122.0383680">
    <ele>146.2</ele>
    <time>2021-11-15T23:35:52Z</time>
   </trkpt>
   <trkpt lat="47.3803560" lon="-122.0383570">
    <ele>146.3</ele>
    <time>2021-11-15T23:35:53Z</time>
   </trkpt>
   <trkpt lat="47.3803580" lon="-122.0383460">
    <ele>146.5</ele>
    <time>2021-11-15T23:35:54Z</time>
   </trkpt>
   <trkpt lat="47.3803690" lon="-122.0383340">
    <ele>146.7</ele>
    <time>2021-11-15T23:35:55Z</time>
   </trkpt>
   <trkpt lat="47.3803720" lon="-122.0383250">
    <ele>146.9</ele>
    <time>2021-11-15T23:35:56Z</time>
   </trkpt>
   <trkpt lat="47.3803750" lon="-122.0383170">
    <ele>147.0</ele>
    <time>2021-11-15T23:35:57Z</time>
   </trkpt>
   <trkpt lat="47.3803780" lon="-122.0383090">
    <ele>147.1</ele>
    <time>2021-11-15T23:35:58Z</time>
   </trkpt>
   <trkpt lat="47.3803810" lon="-122.0383000">
    <ele>147.2</ele>
    <time>2021-11-15T23:35:59Z</time>
   </trkpt>
   <trkpt lat="47.3803840" lon="-122.0382840">
    <ele>147.4</ele>
    <time>2021-11-15T23:36:00Z</time>
   </trkpt>
   <trkpt lat="47.3803880" lon="-122.0382530">
    <ele>147.9</ele>
    <time>2021-11-15T23:36:01Z</time>
   </trkpt>
   <trkpt lat="47.3803960" lon="-122.0382370">
    <ele>148.2</ele>
    <time>2021-11-15T23:36:02Z</time>
   </trkpt>
   <trkpt lat="47.3804010" lon="-122.0382350">
    <ele>148.3</ele>
    <time>2021-11-15T23:36:03Z</time>
   </trkpt>
   <trkpt lat="47.3804060" lon="-122.0382340">
    <ele>148.4</ele>
    <time>2021-11-15T23:36:04Z</time>
   </trkpt>
   <trkpt lat="47.3804110" lon="-122.0382330">
    <ele>148.5</ele>
    <time>2021-11-15T23:36:05Z</time>
   </trkpt>
   <trkpt lat="47.3804160" lon="-122.0382310">
    <ele>148.6</ele>
    <time>2021-11-15T23:36:06Z</time>
   </trkpt>
   <trkpt lat="47.3804210" lon="-122.0382300">
    <ele>148.7</ele>
    <time>2021-11-15T23:36:07Z</time>
   </trkpt>
   <trkpt lat="47.3804350" lon="-122.0382440">
    <ele>149.1</ele>
    <time>2021-11-15T23:36:08Z</time>
   </trkpt>
   <trkpt lat="47.3804440" lon="-122.0382530">
    <ele>149.3</ele>
    <time>2021-11-15T23:36:09Z</time>
   </trkpt>
   <trkpt lat="47.3804520" lon="-122.0382610">
    <ele>149.3</ele>
    <time>2021-11-15T23:36:10Z</time>
   </trkpt>
   <trkpt lat="47.3804550" lon="-122.0382690">
    <ele>149.3</ele>
    <time>2021-11-15T23:36:11Z</time>
   </trkpt>
   <trkpt lat="47.3804600" lon="-122.0382830">
    <ele>149.2</ele>
    <time>2021-11-15T23:36:12Z</time>
   </trkpt>
   <trkpt lat="47.3804670" lon="-122.0382920">
    <ele>149.2</ele>
    <time>2021-11-15T23:36:13Z</time>
   </trkpt>
   <trkpt lat="47.3804740" lon="-122.0383010">
    <ele>149.2</ele>
    <time>2021-11-15T23:36:14Z</time>
   </trkpt>
   <trkpt lat="47.3804800" lon="-122.0383210">
    <ele>149.2</ele>
    <time>2021-11-15T23:36:15Z</time>
   </trkpt>
   <trkpt lat="47.3804780" lon="-122.0383330">
    <ele>149.2</ele>
    <time>2021-11-15T23:36:16Z</time>
   </trkpt>
   <trkpt lat="47.3804750" lon="-122.0383440">
    <ele>149.1</ele>
    <time>2021-11-15T23:36:17Z</time>
   </trkpt>
   <trkpt lat="47.3804720" lon="-122.0383560">
    <ele>149.1</ele>
    <time>2021-11-15T23:36:18Z</time>
   </trkpt>
   <trkpt lat="47.3804700" lon="-122.0383790">
    <ele>149.1</ele>
    <time>2021-11-15T23:36:19Z</time>
   </trkpt>
   <trkpt lat="47.3804770" lon="-122.0384010">
    <ele>149.1</ele>
    <time>2021-11-15T23:36:20Z</time>
   </trkpt>
   <trkpt lat="47.3804930" lon="-122.0384200">
    <ele>149.0</ele>
    <time>2021-11-15T23:36:21Z</time>
   </trkpt>
   <trkpt lat="47.3805000" lon="-122.0384300">
    <ele>149.0</ele>
    <time>2021-11-15T23:36:22Z</time>
   </trkpt>
   <trkpt lat="47.3805060" lon="-122.0384400">
    <ele>149.0</ele>
    <time>2021-11-15T23:36:23Z</time>
   </trkpt>
   <trkpt lat="47.3805130" lon="-122.0384500">
    <ele>149.0</ele>
    <time>2021-11-15T23:36:24Z</time>
   </trkpt>
   <trkpt lat="47.3805200" lon="-122.0384980">
    <ele>148.9</ele>
    <time>2021-11-15T23:36:25Z</time>
   </trkpt>
   <trkpt lat="47.3805200" lon="-122.0385100">
    <ele>148.9</ele>
    <time>2021-11-15T23:36:26Z</time>
   </trkpt>
   <trkpt lat="47.3805230" lon="-122.0385510">
    <ele>148.8</ele>
    <time>2021-11-15T23:36:27Z</time>
   </trkpt>
   <trkpt lat="47.3805250" lon="-122.0385660">
    <ele>148.8</ele>
    <time>2021-11-15T23:36:28Z</time>
   </trkpt>
   <trkpt lat="47.3805270" lon="-122.0385740">
    <ele>148.8</ele>
    <time>2021-11-15T23:36:29Z</time>
   </trkpt>
   <trkpt lat="47.3805260" lon="-122.0385940">
    <ele>148.8</ele>
    <time>2021-11-15T23:36:30Z</time>
   </trkpt>
   <trkpt lat="47.3805360" lon="-122.0386160">
    <ele>148.8</ele>
    <time>2021-11-15T23:36:31Z</time>
   </trkpt>
   <trkpt lat="47.3805410" lon="-122.0386360">
    <ele>148.7</ele>
    <time>2021-11-15T23:36:32Z</time>
   </trkpt>
   <trkpt lat="47.3805420" lon="-122.0386580">
    <ele>148.7</ele>
    <time>2021-11-15T23:36:33Z</time>
   </trkpt>
   <trkpt lat="47.3805480" lon="-122.0386850">
    <ele>148.7</ele>
    <time>2021-11-15T23:36:34Z</time>
   </trkpt>
   <trkpt lat="47.3805500" lon="-122.0386980">
    <ele>148.7</ele>
    <time>2021-11-15T23:36:35Z</time>
   </trkpt>
   <trkpt lat="47.3805520" lon="-122.0387120">
    <ele>148.6</ele>
    <time>2021-11-15T23:36:36Z</time>
   </trkpt>
   <trkpt lat="47.3805590" lon="-122.0387370">
    <ele>148.6</ele>
    <time>2021-11-15T23:36:37Z</time>
   </trkpt>
   <trkpt lat="47.3805620" lon="-122.0387600">
    <ele>148.6</ele>
    <time>2021-11-15T23:36:38Z</time>
   </trkpt>
   <trkpt lat="47.3805650" lon="-122.0387820">
    <ele>148.6</ele>
    <time>2021-11-15T23:36:39Z</time>
   </trkpt>
   <trkpt lat="47.3805620" lon="-122.0387850">
    <ele>148.6</ele>
    <time>2021-11-15T23:36:40Z</time>
   </trkpt>
   <trkpt lat="47.3805690" lon="-122.0388040">
    <ele>148.5</ele>
    <time>2021-11-15T23:36:41Z</time>
   </trkpt>
   <trkpt lat="47.3805730" lon="-122.0388360">
    <ele>148.5</ele>
    <time>2021-11-15T23:36:42Z</time>
   </trkpt>
   <trkpt lat="47.3805880" lon="-122.0388680">
    <ele>148.5</ele>
    <time>2021-11-15T23:36:44Z</time>
   </trkpt>
   <trkpt lat="47.3805970" lon="-122.0388850">
    <ele>148.4</ele>
    <time>2021-11-15T23:36:45Z</time>
   </trkpt>
   <trkpt lat="47.3805960" lon="-122.0389200">
    <ele>148.4</ele>
    <time>2021-11-15T23:36:46Z</time>
   </trkpt>
   <trkpt lat="47.3805960" lon="-122.0389300">
    <ele>148.4</ele>
    <time>2021-11-15T23:36:47Z</time>
   </trkpt>
   <trkpt lat="47.3805960" lon="-122.0389400">
    <ele>148.4</ele>
    <time>2021-11-15T23:36:48Z</time>
   </trkpt>
   <trkpt lat="47.3805990" lon="-122.0389600">
    <ele>148.4</ele>
    <time>2021-11-15T23:36:49Z</time>
   </trkpt>
   <trkpt lat="47.3806040" lon="-122.0389780">
    <ele>148.3</ele>
    <time>2021-11-15T23:36:50Z</time>
   </trkpt>
   <trkpt lat="47.3806070" lon="-122.0389850">
    <ele>148.3</ele>
    <time>2021-11-15T23:36:51Z</time>
   </trkpt>
   <trkpt lat="47.3806110" lon="-122.0389920">
    <ele>148.3</ele>
    <time>2021-11-15T23:36:52Z</time>
   </trkpt>
   <trkpt lat="47.3806140" lon="-122.0390060">
    <ele>148.3</ele>
    <time>2021-11-15T23:36:53Z</time>
   </trkpt>
   <trkpt lat="47.3806220" lon="-122.0390180">
    <ele>148.3</ele>
    <time>2021-11-15T23:36:54Z</time>
   </trkpt>
   <trkpt lat="47.3806290" lon="-122.0390390">
    <ele>148.3</ele>
    <time>2021-11-15T23:36:55Z</time>
   </trkpt>
   <trkpt lat="47.3806380" lon="-122.0390570">
    <ele>148.2</ele>
    <time>2021-11-15T23:36:56Z</time>
   </trkpt>
   <trkpt lat="47.3806450" lon="-122.0390690">
    <ele>148.2</ele>
    <time>2021-11-15T23:36:57Z</time>
   </trkpt>
   <trkpt lat="47.3806470" lon="-122.0390840">
    <ele>148.2</ele>
    <time>2021-11-15T23:36:58Z</time>
   </trkpt>
   <trkpt lat="47.3806460" lon="-122.0391010">
    <ele>148.2</ele>
    <time>2021-11-15T23:36:59Z</time>
   </trkpt>
   <trkpt lat="47.3806550" lon="-122.0391300">
    <ele>148.2</ele>
    <time>2021-11-15T23:37:00Z</time>
   </trkpt>
   <trkpt lat="47.3806590" lon="-122.0391400">
    <ele>148.2</ele>
    <time>2021-11-15T23:37:01Z</time>
   </trkpt>
   <trkpt lat="47.3806620" lon="-122.0391500">
    <ele>148.1</ele>
    <time>2021-11-15T23:37:02Z</time>
   </trkpt>
   <trkpt lat="47.3806700" lon="-122.0391630">
    <ele>148.1</ele>
    <time>2021-11-15T23:37:03Z</time>
   </trkpt>
   <trkpt lat="47.3806720" lon="-122.0391900">
    <ele>148.1</ele>
    <time>2021-11-15T23:37:04Z</time>
   </trkpt>
   <trkpt lat="47.3806670" lon="-122.0392040">
    <ele>148.1</ele>
    <time>2021-11-15T23:37:05Z</time>
   </trkpt>
   <trkpt lat="47.3806620" lon="-122.0392200">
    <ele>148.1</ele>
    <time>2021-11-15T23:37:06Z</time>
   </trkpt>
   <trkpt lat="47.3806660" lon="-122.0392280">
    <ele>148.1</ele>
    <time>2021-11-15T23:37:07Z</time>
   </trkpt>
   <trkpt lat="47.3806740" lon="-122.0392420">
    <ele>148.0</ele>
    <time>2021-11-15T23:37:08Z</time>
   </trkpt>
   <trkpt lat="47.3806810" lon="-122.0392580">
    <ele>148.0</ele>
    <time>2021-11-15T23:37:09Z</time>
   </trkpt>
   <trkpt lat="47.3806840" lon="-122.0392720">
    <ele>148.0</ele>
    <time>2021-11-15T23:37:10Z</time>
   </trkpt>
   <trkpt lat="47.3806860" lon="-122.0392800">
    <ele>148.0</ele>
    <time>2021-11-15T23:37:11Z</time>
   </trkpt>
   <trkpt lat="47.3806920" lon="-122.0392940">
    <ele>148.0</ele>
    <time>2021-11-15T23:37:12Z</time>
   </trkpt>
   <trkpt lat="47.3806950" lon="-122.0393190">
    <ele>148.0</ele>
    <time>2021-11-15T23:37:13Z</time>
   </trkpt>
   <trkpt lat="47.3807000" lon="-122.0393370">
    <ele>147.9</ele>
    <time>2021-11-15T23:37:14Z</time>
   </trkpt>
   <trkpt lat="47.3807080" lon="-122.0393630">
    <ele>147.9</ele>
    <time>2021-11-15T23:37:15Z</time>
   </trkpt>
   <trkpt lat="47.3807140" lon="-122.0394130">
    <ele>147.8</ele>
    <time>2021-11-15T23:37:16Z</time>
   </trkpt>
   <trkpt lat="47.3807170" lon="-122.0394320">
    <ele>147.8</ele>
    <time>2021-11-15T23:37:17Z</time>
   </trkpt>
   <trkpt lat="47.3807250" lon="-122.0394670">
    <ele>147.8</ele>
    <time>2021-11-15T23:37:18Z</time>
   </trkpt>
   <trkpt lat="47.3807260" lon="-122.0394850">
    <ele>147.8</ele>
    <time>2021-11-15T23:37:19Z</time>
   </trkpt>
   <trkpt lat="47.3807310" lon="-122.0395050">
    <ele>147.7</ele>
    <time>2021-11-15T23:37:20Z</time>
   </trkpt>
   <trkpt lat="47.3807360" lon="-122.0395300">
    <ele>147.7</ele>
    <time>2021-11-15T23:37:21Z</time>
   </trkpt>
   <trkpt lat="47.3807440" lon="-122.0395700">
    <ele>147.7</ele>
    <time>2021-11-15T23:37:22Z</time>
   </trkpt>
   <trkpt lat="47.3807480" lon="-122.0395890">
    <ele>147.7</ele>
    <time>2021-11-15T23:37:23Z</time>
   </trkpt>
   <trkpt lat="47.3807520" lon="-122.0396330">
    <ele>147.6</ele>
    <time>2021-11-15T23:37:24Z</time>
   </trkpt>
   <trkpt lat="47.3807550" lon="-122.0396530">
    <ele>147.6</ele>
    <time>2021-11-15T23:37:25Z</time>
   </trkpt>
   <trkpt lat="47.3807590" lon="-122.0396760">
    <ele>147.6</ele>
    <time>2021-11-15T23:37:26Z</time>
   </trkpt>
   <trkpt lat="47.3807610" lon="-122.0396950">
    <ele>147.6</ele>
    <time>2021-11-15T23:37:27Z</time>
   </trkpt>
   <trkpt lat="47.3807580" lon="-122.0397120">
    <ele>147.5</ele>
    <time>2021-11-15T23:37:28Z</time>
   </trkpt>
   <trkpt lat="47.3807590" lon="-122.0397270">
    <ele>147.5</ele>
    <time>2021-11-15T23:37:29Z</time>
   </trkpt>
   <trkpt lat="47.3807690" lon="-122.0397440">
    <ele>147.5</ele>
    <time>2021-11-15T23:37:30Z</time>
   </trkpt>
   <trkpt lat="47.3807760" lon="-122.0397750">
    <ele>147.5</ele>
    <time>2021-11-15T23:37:31Z</time>
   </trkpt>
   <trkpt lat="47.3807780" lon="-122.0397900">
    <ele>147.5</ele>
    <time>2021-11-15T23:37:32Z</time>
   </trkpt>
   <trkpt lat="47.3807800" lon="-122.0398050">
    <ele>147.4</ele>
    <time>2021-11-15T23:37:33Z</time>
   </trkpt>
   <trkpt lat="47.3807850" lon="-122.0398250">
    <ele>147.4</ele>
    <time>2021-11-15T23:37:34Z</time>
   </trkpt>
   <trkpt lat="47.3807830" lon="-122.0398510">
    <ele>147.4</ele>
    <time>2021-11-15T23:37:35Z</time>
   </trkpt>
   <trkpt lat="47.3807910" lon="-122.0398690">
    <ele>147.4</ele>
    <time>2021-11-15T23:37:36Z</time>
   </trkpt>
   <trkpt lat="47.3807890" lon="-122.0398920">
    <ele>147.4</ele>
    <time>2021-11-15T23:37:37Z</time>
   </trkpt>
   <trkpt lat="47.3807870" lon="-122.0399100">
    <ele>147.4</ele>
    <time>2021-11-15T23:37:38Z</time>
   </trkpt>
   <trkpt lat="47.3807900" lon="-122.0399310">
    <ele>147.3</ele>
    <time>2021-11-15T23:37:39Z</time>
   </trkpt>
   <trkpt lat="47.3807950" lon="-122.0399430">
    <ele>147.3</ele>
    <time>2021-11-15T23:37:41Z</time>
   </trkpt>
   <trkpt lat="47.3807960" lon="-122.0399670">
    <ele>147.3</ele>
    <time>2021-11-15T23:37:42Z</time>
   </trkpt>
   <trkpt lat="47.3807940" lon="-122.0399880">
    <ele>147.3</ele>
    <time>2021-11-15T23:37:43Z</time>
   </trkpt>
   <trkpt lat="47.3807930" lon="-122.0400060">
    <ele>147.3</ele>
    <time>2021-11-15T23:37:44Z</time>
   </trkpt>
   <trkpt lat="47.3807950" lon="-122.0400330">
    <ele>147.2</ele>
    <time>2021-11-15T23:37:45Z</time>
   </trkpt>
   <trkpt lat="47.3807960" lon="-122.0400520">
    <ele>147.2</ele>
    <time>2021-11-15T23:37:46Z</time>
   </trkpt>
   <trkpt lat="47.3808030" lon="-122.0400760">
    <ele>147.2</ele>
    <time>2021-11-15T23:37:47Z</time>
   </trkpt>
   <trkpt lat="47.3808070" lon="-122.0400970">
    <ele>147.2</ele>
    <time>2021-11-15T23:37:48Z</time>
   </trkpt>
   <trkpt lat="47.3808100" lon="-122.0401280">
    <ele>147.1</ele>
    <time>2021-11-15T23:37:49Z</time>
   </trkpt>
   <trkpt lat="47.3808100" lon="-122.0401450">
    <ele>147.1</ele>
    <time>2021-11-15T23:37:50Z</time>
   </trkpt>
   <trkpt lat="47.3808040" lon="-122.0401700">
    <ele>147.1</ele>
    <time>2021-11-15T23:37:51Z</time>
   </trkpt>
   <trkpt lat="47.3808060" lon="-122.0401940">
    <ele>147.1</ele>
    <time>2021-11-15T23:37:52Z</time>
   </trkpt>
   <trkpt lat="47.3808160" lon="-122.0402110">
    <ele>147.1</ele>
    <time>2021-11-15T23:37:53Z</time>
   </trkpt>
   <trkpt lat="47.3808230" lon="-122.0402320">
    <ele>147.0</ele>
    <time>2021-11-15T23:37:54Z</time>
   </trkpt>
   <trkpt lat="47.3808250" lon="-122.0402510">
    <ele>147.0</ele>
    <time>2021-11-15T23:37:55Z</time>
   </trkpt>
   <trkpt lat="47.3808300" lon="-122.0402670">
    <ele>147.0</ele>
    <time>2021-11-15T23:37:56Z</time>
   </trkpt>
   <trkpt lat="47.3808300" lon="-122.0402920">
    <ele>147.0</ele>
    <time>2021-11-15T23:37:57Z</time>
   </trkpt>
   <trkpt lat="47.3808300" lon="-122.0403110">
    <ele>146.9</ele>
    <time>2021-11-15T23:37:58Z</time>
   </trkpt>
   <trkpt lat="47.3808390" lon="-122.0403290">
    <ele>146.9</ele>
    <time>2021-11-15T23:37:59Z</time>
   </trkpt>
   <trkpt lat="47.3808450" lon="-122.0403550">
    <ele>146.9</ele>
    <time>2021-11-15T23:38:00Z</time>
   </trkpt>
   <trkpt lat="47.3808430" lon="-122.0403650">
    <ele>146.9</ele>
    <time>2021-11-15T23:38:01Z</time>
   </trkpt>
   <trkpt lat="47.3808430" lon="-122.0403820">
    <ele>146.9</ele>
    <time>2021-11-15T23:38:02Z</time>
   </trkpt>
   <trkpt lat="47.3808470" lon="-122.0404310">
    <ele>146.9</ele>
    <time>2021-11-15T23:38:03Z</time>
   </trkpt>
   <trkpt lat="47.3808490" lon="-122.0404480">
    <ele>146.9</ele>
    <time>2021-11-15T23:38:04Z</time>
   </trkpt>
   <trkpt lat="47.3808450" lon="-122.0404880">
    <ele>146.9</ele>
    <time>2021-11-15T23:38:05Z</time>
   </trkpt>
   <trkpt lat="47.3808440" lon="-122.0405040">
    <ele>146.9</ele>
    <time>2021-11-15T23:38:06Z</time>
   </trkpt>
   <trkpt lat="47.3808460" lon="-122.0405320">
    <ele>146.9</ele>
    <time>2021-11-15T23:38:07Z</time>
   </trkpt>
   <trkpt lat="47.3808530" lon="-122.0405540">
    <ele>146.9</ele>
    <time>2021-11-15T23:38:08Z</time>
   </trkpt>
   <trkpt lat="47.3808490" lon="-122.0405830">
    <ele>146.8</ele>
    <time>2021-11-15T23:38:09Z</time>
   </trkpt>
   <trkpt lat="47.3808470" lon="-122.0406000">
    <ele>146.8</ele>
    <time>2021-11-15T23:38:10Z</time>
   </trkpt>
   <trkpt lat="47.3808400" lon="-122.0406280">
    <ele>146.8</ele>
    <time>2021-11-15T23:38:11Z</time>
   </trkpt>
   <trkpt lat="47.3808380" lon="-122.0406410">
    <ele>146.8</ele>
    <time>2021-11-15T23:38:12Z</time>
   </trkpt>
   <trkpt lat="47.3808350" lon="-122.0406540">
    <ele>146.8</ele>
    <time>2021-11-15T23:38:13Z</time>
   </trkpt>
   <trkpt lat="47.3808340" lon="-122.0406920">
    <ele>146.8</ele>
    <time>2021-11-15T23:38:14Z</time>
   </trkpt>
   <trkpt lat="47.3808330" lon="-122.0407080">
    <ele>146.8</ele>
    <time>2021-11-15T23:38:15Z</time>
   </trkpt>
   <trkpt lat="47.3808320" lon="-122.0407260">
    <ele>146.8</ele>
    <time>2021-11-15T23:38:16Z</time>
   </trkpt>
   <trkpt lat="47.3808360" lon="-122.0407460">
    <ele>146.8</ele>
    <time>2021-11-15T23:38:17Z</time>
   </trkpt>
   <trkpt lat="47.3808370" lon="-122.0407570">
    <ele>146.8</ele>
    <time>2021-11-15T23:38:18Z</time>
   </trkpt>
   <trkpt lat="47.3808380" lon="-122.0407750">
    <ele>146.8</ele>
    <time>2021-11-15T23:38:19Z</time>
   </trkpt>
   <trkpt lat="47.3808380" lon="-122.0407890">
    <ele>146.8</ele>
    <time>2021-11-15T23:38:20Z</time>
   </trkpt>
   <trkpt lat="47.3808340" lon="-122.0408060">
    <ele>146.8</ele>
    <time>2021-11-15T23:38:21Z</time>
   </trkpt>
   <trkpt lat="47.3808340" lon="-122.0408160">
    <ele>146.8</ele>
    <time>2021-11-15T23:38:22Z</time>
   </trkpt>
   <trkpt lat="47.3808290" lon="-122.0408530">
    <ele>146.8</ele>
    <time>2021-11-15T23:38:23Z</time>
   </trkpt>
   <trkpt lat="47.3808230" lon="-122.0408970">
    <ele>146.8</ele>
    <time>2021-11-15T23:38:24Z</time>
   </trkpt>
   <trkpt lat="47.3808220" lon="-122.0409110">
    <ele>146.8</ele>
    <time>2021-11-15T23:38:25Z</time>
   </trkpt>
   <trkpt lat="47.3808230" lon="-122.0409230">
    <ele>146.8</ele>
    <time>2021-11-15T23:38:26Z</time>
   </trkpt>
   <trkpt lat="47.3808250" lon="-122.0409420">
    <ele>146.8</ele>
    <time>2021-11-15T23:38:27Z</time>
   </trkpt>
   <trkpt lat="47.3808270" lon="-122.0409610">
    <ele>146.8</ele>
    <time>2021-11-15T23:38:28Z</time>
   </trkpt>
   <trkpt lat="47.3808270" lon="-122.0409720">
    <ele>146.7</ele>
    <time>2021-11-15T23:38:29Z</time>
   </trkpt>
   <trkpt lat="47.3808240" lon="-122.0409860">
    <ele>146.7</ele>
    <time>2021-11-15T23:38:30Z</time>
   </trkpt>
   <trkpt lat="47.3808280" lon="-122.0410130">
    <ele>146.7</ele>
    <time>2021-11-15T23:38:31Z</time>
   </trkpt>
   <trkpt lat="47.3808260" lon="-122.0410450">
    <ele>146.7</ele>
    <time>2021-11-15T23:38:32Z</time>
   </trkpt>
   <trkpt lat="47.3808250" lon="-122.0410650">
    <ele>146.7</ele>
    <time>2021-11-15T23:38:33Z</time>
   </trkpt>
   <trkpt lat="47.3808250" lon="-122.0410880">
    <ele>146.7</ele>
    <time>2021-11-15T23:38:34Z</time>
   </trkpt>
   <trkpt lat="47.3808260" lon="-122.0411080">
    <ele>146.7</ele>
    <time>2021-11-15T23:38:35Z</time>
   </trkpt>
   <trkpt lat="47.3808210" lon="-122.0411360">
    <ele>146.7</ele>
    <time>2021-11-15T23:38:36Z</time>
   </trkpt>
   <trkpt lat="47.3808170" lon="-122.0411450">
    <ele>146.7</ele>
    <time>2021-11-15T23:38:37Z</time>
   </trkpt>
   <trkpt lat="47.3808130" lon="-122.0411530">
    <ele>146.7</ele>
    <time>2021-11-15T23:38:38Z</time>
   </trkpt>
   <trkpt lat="47.3808090" lon="-122.0411610">
    <ele>146.7</ele>
    <time>2021-11-15T23:38:39Z</time>
   </trkpt>
   <trkpt lat="47.3808080" lon="-122.0411870">
    <ele>146.7</ele>
    <time>2021-11-15T23:38:40Z</time>
   </trkpt>
   <trkpt lat="47.3808090" lon="-122.0412090">
    <ele>146.7</ele>
    <time>2021-11-15T23:38:41Z</time>
   </trkpt>
   <trkpt lat="47.3808090" lon="-122.0412300">
    <ele>146.7</ele>
    <time>2021-11-15T23:38:42Z</time>
   </trkpt>
   <trkpt lat="47.3808050" lon="-122.0412710">
    <ele>146.6</ele>
    <time>2021-11-15T23:38:43Z</time>
   </trkpt>
   <trkpt lat="47.3808050" lon="-122.0413120">
    <ele>146.6</ele>
    <time>2021-11-15T23:38:44Z</time>
   </trkpt>
   <trkpt lat="47.3808030" lon="-122.0413250">
    <ele>146.6</ele>
    <time>2021-11-15T23:38:45Z</time>
   </trkpt>
   <trkpt lat="47.3808000" lon="-122.0413380">
    <ele>146.6</ele>
    <time>2021-11-15T23:38:46Z</time>
   </trkpt>
   <trkpt lat="47.3807990" lon="-122.0413800">
    <ele>146.6</ele>
    <time>2021-11-15T23:38:47Z</time>
   </trkpt>
   <trkpt lat="47.3807980" lon="-122.0413920">
    <ele>146.6</ele>
    <time>2021-11-15T23:38:48Z</time>
   </trkpt>
   <trkpt lat="47.3807990" lon="-122.0414140">
    <ele>146.6</ele>
    <time>2021-11-15T23:38:49Z</time>
   </trkpt>
   <trkpt lat="47.3808040" lon="-122.0414350">
    <ele>146.6</ele>
    <time>2021-11-15T23:38:50Z</time>
   </trkpt>
   <trkpt lat="47.3808080" lon="-122.0414500">
    <ele>146.5</ele>
    <time>2021-11-15T23:38:51Z</time>
   </trkpt>
   <trkpt lat="47.3808180" lon="-122.0415050">
    <ele>146.5</ele>
    <time>2021-11-15T23:38:52Z</time>
   </trkpt>
   <trkpt lat="47.3808270" lon="-122.0415260">
    <ele>146.5</ele>
    <time>2021-11-15T23:38:53Z</time>
   </trkpt>
   <trkpt lat="47.3808270" lon="-122.0415450">
    <ele>146.5</ele>
    <time>2021-11-15T23:38:54Z</time>
   </trkpt>
   <trkpt lat="47.3808360" lon="-122.0415660">
    <ele>146.5</ele>
    <time>2021-11-15T23:38:55Z</time>
   </trkpt>
   <trkpt lat="47.3808360" lon="-122.0415870">
    <ele>146.5</ele>
    <time>2021-11-15T23:38:56Z</time>
   </trkpt>
   <trkpt lat="47.3808380" lon="-122.0416150">
    <ele>146.4</ele>
    <time>2021-11-15T23:38:57Z</time>
   </trkpt>
   <trkpt lat="47.3808370" lon="-122.0416570">
    <ele>146.4</ele>
    <time>2021-11-15T23:38:58Z</time>
   </trkpt>
   <trkpt lat="47.3808380" lon="-122.0416710">
    <ele>146.4</ele>
    <time>2021-11-15T23:38:59Z</time>
   </trkpt>
   <trkpt lat="47.3808390" lon="-122.0417100">
    <ele>146.4</ele>
    <time>2021-11-15T23:39:00Z</time>
   </trkpt>
   <trkpt lat="47.3808420" lon="-122.0417250">
    <ele>146.4</ele>
    <time>2021-11-15T23:39:01Z</time>
   </trkpt>
   <trkpt lat="47.3808380" lon="-122.0417330">
    <ele>146.4</ele>
    <time>2021-11-15T23:39:02Z</time>
   </trkpt>
   <trkpt lat="47.3808340" lon="-122.0417600">
    <ele>146.3</ele>
    <time>2021-11-15T23:39:03Z</time>
   </trkpt>
   <trkpt lat="47.3808330" lon="-122.0417760">
    <ele>146.3</ele>
    <time>2021-11-15T23:39:04Z</time>
   </trkpt>
   <trkpt lat="47.3808320" lon="-122.0417870">
    <ele>146.3</ele>
    <time>2021-11-15T23:39:05Z</time>
   </trkpt>
   <trkpt lat="47.3808350" lon="-122.0418010">
    <ele>146.3</ele>
    <time>2021-11-15T23:39:06Z</time>
   </trkpt>
   <trkpt lat="47.3808350" lon="-122.0418250">
    <ele>146.3</ele>
    <time>2021-11-15T23:39:07Z</time>
   </trkpt>
   <trkpt lat="47.3808350" lon="-122.0418480">
    <ele>146.3</ele>
    <time>2021-11-15T23:39:08Z</time>
   </trkpt>
   <trkpt lat="47.3808390" lon="-122.0418710">
    <ele>146.3</ele>
    <time>2021-11-15T23:39:09Z</time>
   </trkpt>
   <trkpt lat="47.3808440" lon="-122.0419050">
    <ele>146.2</ele>
    <time>2021-11-15T23:39:10Z</time>
   </trkpt>
   <trkpt lat="47.3808480" lon="-122.0419160">
    <ele>146.2</ele>
    <time>2021-11-15T23:39:11Z</time>
   </trkpt>
   <trkpt lat="47.3808520" lon="-122.0419270">
    <ele>146.2</ele>
    <time>2021-11-15T23:39:12Z</time>
   </trkpt>
   <trkpt lat="47.3808560" lon="-122.0419410">
    <ele>146.2</ele>
    <time>2021-11-15T23:39:13Z</time>
   </trkpt>
   <trkpt lat="47.3808600" lon="-122.0419530">
    <ele>146.2</ele>
    <time>2021-11-15T23:39:14Z</time>
   </trkpt>
   <trkpt lat="47.3808660" lon="-122.0419670">
    <ele>146.2</ele>
    <time>2021-11-15T23:39:15Z</time>
   </trkpt>
   <trkpt lat="47.3808720" lon="-122.0419810">
    <ele>146.2</ele>
    <time>2021-11-15T23:39:16Z</time>
   </trkpt>
   <trkpt lat="47.3808760" lon="-122.0419990">
    <ele>146.1</ele>
    <time>2021-11-15T23:39:17Z</time>
   </trkpt>
   <trkpt lat="47.3808800" lon="-122.0420110">
    <ele>146.1</ele>
    <time>2021-11-15T23:39:18Z</time>
   </trkpt>
   <trkpt lat="47.3808860" lon="-122.0420380">
    <ele>146.1</ele>
    <time>2021-11-15T23:39:19Z</time>
   </trkpt>
   <trkpt lat="47.3808890" lon="-122.0420520">
    <ele>146.1</ele>
    <time>2021-11-15T23:39:20Z</time>
   </trkpt>
   <trkpt lat="47.3808930" lon="-122.0420670">
    <ele>146.1</ele>
    <time>2021-11-15T23:39:21Z</time>
   </trkpt>
   <trkpt lat="47.3808950" lon="-122.0420850">
    <ele>146.1</ele>
    <time>2021-11-15T23:39:22Z</time>
   </trkpt>
   <trkpt lat="47.3808940" lon="-122.0421120">
    <ele>146.0</ele>
    <time>2021-11-15T23:39:23Z</time>
   </trkpt>
   <trkpt lat="47.3808910" lon="-122.0421310">
    <ele>146.0</ele>
    <time>2021-11-15T23:39:24Z</time>
   </trkpt>
   <trkpt lat="47.3808930" lon="-122.0421500">
    <ele>146.0</ele>
    <time>2021-11-15T23:39:25Z</time>
   </trkpt>
   <trkpt lat="47.3809040" lon="-122.0421600">
    <ele>146.0</ele>
    <time>2021-11-15T23:39:26Z</time>
   </trkpt>
   <trkpt lat="47.3809080" lon="-122.0421760">
    <ele>146.0</ele>
    <time>2021-11-15T23:39:27Z</time>
   </trkpt>
   <trkpt lat="47.3809180" lon="-122.0421980">
    <ele>146.0</ele>
    <time>2021-11-15T23:39:28Z</time>
   </trkpt>
   <trkpt lat="47.3809130" lon="-122.0422300">
    <ele>145.9</ele>
    <time>2021-11-15T23:39:29Z</time>
   </trkpt>
   <trkpt lat="47.3809080" lon="-122.0422480">
    <ele>145.9</ele>
    <time>2021-11-15T23:39:30Z</time>
   </trkpt>
   <trkpt lat="47.3809120" lon="-122.0422670">
    <ele>145.9</ele>
    <time>2021-11-15T23:39:31Z</time>
   </trkpt>
   <trkpt lat="47.3809170" lon="-122.0422890">
    <ele>145.9</ele>
    <time>2021-11-15T23:39:32Z</time>
   </trkpt>
   <trkpt lat="47.3809210" lon="-122.0423150">
    <ele>145.9</ele>
    <time>2021-11-15T23:39:33Z</time>
   </trkpt>
   <trkpt lat="47.3809220" lon="-122.0423380">
    <ele>145.8</ele>
    <time>2021-11-15T23:39:34Z</time>
   </trkpt>
   <trkpt lat="47.3809290" lon="-122.0423590">
    <ele>145.8</ele>
    <time>2021-11-15T23:39:35Z</time>
   </trkpt>
   <trkpt lat="47.3809300" lon="-122.0423800">
    <ele>145.8</ele>
    <time>2021-11-15T23:39:36Z</time>
   </trkpt>
   <trkpt lat="47.3809270" lon="-122.0423980">
    <ele>145.8</ele>
    <time>2021-11-15T23:39:37Z</time>
   </trkpt>
   <trkpt lat="47.3809250" lon="-122.0424140">
    <ele>145.8</ele>
    <time>2021-11-15T23:39:38Z</time>
   </trkpt>
   <trkpt lat="47.3809260" lon="-122.0424260">
    <ele>145.8</ele>
    <time>2021-11-15T23:39:39Z</time>
   </trkpt>
   <trkpt lat="47.3809250" lon="-122.0424650">
    <ele>145.7</ele>
    <time>2021-11-15T23:39:40Z</time>
   </trkpt>
   <trkpt lat="47.3809250" lon="-122.0424800">
    <ele>145.7</ele>
    <time>2021-11-15T23:39:41Z</time>
   </trkpt>
   <trkpt lat="47.3809240" lon="-122.0424970">
    <ele>145.7</ele>
    <time>2021-11-15T23:39:42Z</time>
   </trkpt>
   <trkpt lat="47.3809250" lon="-122.0425250">
    <ele>145.7</ele>
    <time>2021-11-15T23:39:43Z</time>
   </trkpt>
   <trkpt lat="47.3809120" lon="-122.0425680">
    <ele>145.7</ele>
    <time>2021-11-15T23:39:44Z</time>
   </trkpt>
   <trkpt lat="47.3809080" lon="-122.0425820">
    <ele>145.7</ele>
    <time>2021-11-15T23:39:45Z</time>
   </trkpt>
   <trkpt lat="47.3809040" lon="-122.0426070">
    <ele>145.7</ele>
    <time>2021-11-15T23:39:47Z</time>
   </trkpt>
   <trkpt lat="47.3809070" lon="-122.0426230">
    <ele>145.7</ele>
    <time>2021-11-15T23:39:48Z</time>
   </trkpt>
   <trkpt lat="47.3809100" lon="-122.0426510">
    <ele>145.7</ele>
    <time>2021-11-15T23:39:49Z</time>
   </trkpt>
   <trkpt lat="47.3809110" lon="-122.0426670">
    <ele>145.7</ele>
    <time>2021-11-15T23:39:50Z</time>
   </trkpt>
   <trkpt lat="47.3809130" lon="-122.0426830">
    <ele>145.6</ele>
    <time>2021-11-15T23:39:51Z</time>
   </trkpt>
   <trkpt lat="47.3809070" lon="-122.0427000">
    <ele>145.6</ele>
    <time>2021-11-15T23:39:52Z</time>
   </trkpt>
   <trkpt lat="47.3809090" lon="-122.0427120">
    <ele>145.6</ele>
    <time>2021-11-15T23:39:53Z</time>
   </trkpt>
   <trkpt lat="47.3809150" lon="-122.0427250">
    <ele>145.6</ele>
    <time>2021-11-15T23:39:54Z</time>
   </trkpt>
   <trkpt lat="47.3809130" lon="-122.0427650">
    <ele>145.6</ele>
    <time>2021-11-15T23:39:55Z</time>
   </trkpt>
   <trkpt lat="47.3809080" lon="-122.0427830">
    <ele>145.6</ele>
    <time>2021-11-15T23:39:56Z</time>
   </trkpt>
   <trkpt lat="47.3809080" lon="-122.0428350">
    <ele>145.6</ele>
    <time>2021-11-15T23:39:57Z</time>
   </trkpt>
   <trkpt lat="47.3809060" lon="-122.0428510">
    <ele>145.6</ele>
    <time>2021-11-15T23:39:58Z</time>
   </trkpt>
   <trkpt lat="47.3809030" lon="-122.0428970">
    <ele>145.6</ele>
    <time>2021-11-15T23:39:59Z</time>
   </trkpt>
   <trkpt lat="47.3809010" lon="-122.0429160">
    <ele>145.5</ele>
    <time>2021-11-15T23:40:00Z</time>
   </trkpt>
   <trkpt lat="47.3808930" lon="-122.0429620">
    <ele>145.5</ele>
    <time>2021-11-15T23:40:01Z</time>
   </trkpt>
   <trkpt lat="47.3808920" lon="-122.0429730">
    <ele>145.5</ele>
    <time>2021-11-15T23:40:02Z</time>
   </trkpt>
   <trkpt lat="47.3808980" lon="-122.0430090">
    <ele>145.5</ele>
    <time>2021-11-15T23:40:03Z</time>
   </trkpt>
   <trkpt lat="47.3809020" lon="-122.0430260">
    <ele>145.5</ele>
    <time>2021-11-15T23:40:04Z</time>
   </trkpt>
   <trkpt lat="47.3808980" lon="-122.0430460">
    <ele>145.5</ele>
    <time>2021-11-15T23:40:05Z</time>
   </trkpt>
   <trkpt lat="47.3809030" lon="-122.0430660">
    <ele>145.5</ele>
    <time>2021-11-15T23:40:06Z</time>
   </trkpt>
   <trkpt lat="47.3809070" lon="-122.0430860">
    <ele>145.5</ele>
    <time>2021-11-15T23:40:07Z</time>
   </trkpt>
   <trkpt lat="47.3809070" lon="-122.0431000">
    <ele>145.5</ele>
    <time>2021-11-15T23:40:08Z</time>
   </trkpt>
   <trkpt lat="47.3809070" lon="-122.0431140">
    <ele>145.5</ele>
    <time>2021-11-15T23:40:09Z</time>
   </trkpt>
   <trkpt lat="47.3809070" lon="-122.0431280">
    <ele>145.5</ele>
    <time>2021-11-15T23:40:10Z</time>
   </trkpt>
   <trkpt lat="47.3809140" lon="-122.0431470">
    <ele>145.5</ele>
    <time>2021-11-15T23:40:11Z</time>
   </trkpt>
   <trkpt lat="47.3809150" lon="-122.0431690">
    <ele>145.4</ele>
    <time>2021-11-15T23:40:12Z</time>
   </trkpt>
   <trkpt lat="47.3809220" lon="-122.0432010">
    <ele>145.4</ele>
    <time>2021-11-15T23:40:13Z</time>
   </trkpt>
   <trkpt lat="47.3809260" lon="-122.0432130">
    <ele>145.4</ele>
    <time>2021-11-15T23:40:14Z</time>
   </trkpt>
   <trkpt lat="47.3809290" lon="-122.0432250">
    <ele>145.4</ele>
    <time>2021-11-15T23:40:15Z</time>
   </trkpt>
   <trkpt lat="47.3809330" lon="-122.0432540">
    <ele>145.4</ele>
    <time>2021-11-15T23:40:16Z</time>
   </trkpt>
   <trkpt lat="47.3809330" lon="-122.0432660">
    <ele>145.4</ele>
    <time>2021-11-15T23:40:17Z</time>
   </trkpt>
   <trkpt lat="47.3809340" lon="-122.0432790">
    <ele>145.4</ele>
    <time>2021-11-15T23:40:18Z</time>
   </trkpt>
   <trkpt lat="47.3809390" lon="-122.0433080">
    <ele>145.3</ele>
    <time>2021-11-15T23:40:19Z</time>
   </trkpt>
   <trkpt lat="47.3809380" lon="-122.0433280">
    <ele>145.3</ele>
    <time>2021-11-15T23:40:20Z</time>
   </trkpt>
   <trkpt lat="47.3809420" lon="-122.0433510">
    <ele>145.3</ele>
    <time>2021-11-15T23:40:21Z</time>
   </trkpt>
   <trkpt lat="47.3809440" lon="-122.0433760">
    <ele>145.3</ele>
    <time>2021-11-15T23:40:22Z</time>
   </trkpt>
   <trkpt lat="47.3809400" lon="-122.0433980">
    <ele>145.3</ele>
    <time>2021-11-15T23:40:23Z</time>
   </trkpt>
   <trkpt lat="47.3809400" lon="-122.0434240">
    <ele>145.2</ele>
    <time>2021-11-15T23:40:24Z</time>
   </trkpt>
   <trkpt lat="47.3809370" lon="-122.0434480">
    <ele>145.2</ele>
    <time>2021-11-15T23:40:25Z</time>
   </trkpt>
   <trkpt lat="47.3809310" lon="-122.0434750">
    <ele>145.2</ele>
    <time>2021-11-15T23:40:26Z</time>
   </trkpt>
   <trkpt lat="47.3809390" lon="-122.0435060">
    <ele>145.2</ele>
    <time>2021-11-15T23:40:27Z</time>
   </trkpt>
   <trkpt lat="47.3809410" lon="-122.0435170">
    <ele>145.2</ele>
    <time>2021-11-15T23:40:28Z</time>
   </trkpt>
   <trkpt lat="47.3809420" lon="-122.0435280">
    <ele>145.1</ele>
    <time>2021-11-15T23:40:29Z</time>
   </trkpt>
   <trkpt lat="47.3809420" lon="-122.0435600">
    <ele>145.1</ele>
    <time>2021-11-15T23:40:30Z</time>
   </trkpt>
   <trkpt lat="47.3809440" lon="-122.0435720">
    <ele>145.1</ele>
    <time>2021-11-15T23:40:31Z</time>
   </trkpt>
   <trkpt lat="47.3809450" lon="-122.0435830">
    <ele>145.1</ele>
    <time>2021-11-15T23:40:32Z</time>
   </trkpt>
   <trkpt lat="47.3809420" lon="-122.0436040">
    <ele>145.1</ele>
    <time>2021-11-15T23:40:33Z</time>
   </trkpt>
   <trkpt lat="47.3809410" lon="-122.0436340">
    <ele>145.1</ele>
    <time>2021-11-15T23:40:34Z</time>
   </trkpt>
   <trkpt lat="47.3809330" lon="-122.0436760">
    <ele>145.0</ele>
    <time>2021-11-15T23:40:35Z</time>
   </trkpt>
   <trkpt lat="47.3809310" lon="-122.0436850">
    <ele>145.0</ele>
    <time>2021-11-15T23:40:36Z</time>
   </trkpt>
   <trkpt lat="47.3809300" lon="-122.0437160">
    <ele>145.0</ele>
    <time>2021-11-15T23:40:37Z</time>
   </trkpt>
   <trkpt lat="47.3809350" lon="-122.0437290">
    <ele>145.0</ele>
    <time>2021-11-15T23:40:38Z</time>
   </trkpt>
   <trkpt lat="47.3809390" lon="-122.0437420">
    <ele>145.0</ele>
    <time>2021-11-15T23:40:39Z</time>
   </trkpt>
   <trkpt lat="47.3809270" lon="-122.0437710">
    <ele>144.9</ele>
    <time>2021-11-15T23:40:40Z</time>
   </trkpt>
   <trkpt lat="47.3809230" lon="-122.0437830">
    <ele>144.9</ele>
    <time>2021-11-15T23:40:41Z</time>
   </trkpt>
   <trkpt lat="47.3809190" lon="-122.0437950">
    <ele>144.9</ele>
    <time>2021-11-15T23:40:42Z</time>
   </trkpt>
   <trkpt lat="47.3809190" lon="-122.0438130">
    <ele>144.9</ele>
    <time>2021-11-15T23:40:43Z</time>
   </trkpt>
   <trkpt lat="47.3809180" lon="-122.0438380">
    <ele>144.9</ele>
    <time>2021-11-15T23:40:44Z</time>
   </trkpt>
   <trkpt lat="47.3809210" lon="-122.0438680">
    <ele>144.8</ele>
    <time>2021-11-15T23:40:45Z</time>
   </trkpt>
   <trkpt lat="47.3809210" lon="-122.0438810">
    <ele>144.8</ele>
    <time>2021-11-15T23:40:46Z</time>
   </trkpt>
   <trkpt lat="47.3809210" lon="-122.0438940">
    <ele>144.8</ele>
    <time>2021-11-15T23:40:47Z</time>
   </trkpt>
   <trkpt lat="47.3809200" lon="-122.0439190">
    <ele>144.8</ele>
    <time>2021-11-15T23:40:48Z</time>
   </trkpt>
   <trkpt lat="47.3809220" lon="-122.0439410">
    <ele>144.8</ele>
    <time>2021-11-15T23:40:49Z</time>
   </trkpt>
   <trkpt lat="47.3809230" lon="-122.0439750">
    <ele>144.8</ele>
    <time>2021-11-15T23:40:50Z</time>
   </trkpt>
   <trkpt lat="47.3809230" lon="-122.0439920">
    <ele>144.7</ele>
    <time>2021-11-15T23:40:51Z</time>
   </trkpt>
   <trkpt lat="47.3809230" lon="-122.0440080">
    <ele>144.7</ele>
    <time>2021-11-15T23:40:52Z</time>
   </trkpt>
   <trkpt lat="47.3809200" lon="-122.0440420">
    <ele>144.7</ele>
    <time>2021-11-15T23:40:53Z</time>
   </trkpt>
   <trkpt lat="47.3809190" lon="-122.0440530">
    <ele>144.7</ele>
    <time>2021-11-15T23:40:54Z</time>
   </trkpt>
   <trkpt lat="47.3809180" lon="-122.0440630">
    <ele>144.7</ele>
    <time>2021-11-15T23:40:55Z</time>
   </trkpt>
   <trkpt lat="47.3809080" lon="-122.0441030">
    <ele>144.6</ele>
    <time>2021-11-15T23:40:56Z</time>
   </trkpt>
   <trkpt lat="47.3809060" lon="-122.0441190">
    <ele>144.6</ele>
    <time>2021-11-15T23:40:57Z</time>
   </trkpt>
   <trkpt lat="47.3809080" lon="-122.0441360">
    <ele>144.6</ele>
    <time>2021-11-15T23:40:58Z</time>
   </trkpt>
   <trkpt lat="47.3809130" lon="-122.0441520">
    <ele>144.6</ele>
    <time>2021-11-15T23:40:59Z</time>
   </trkpt>
   <trkpt lat="47.3809110" lon="-122.0441620">
    <ele>144.6</ele>
    <time>2021-11-15T23:41:00Z</time>
   </trkpt>
   <trkpt lat="47.3809110" lon="-122.0441720">
    <ele>144.6</ele>
    <time>2021-11-15T23:41:01Z</time>
   </trkpt>
   <trkpt lat="47.3809090" lon="-122.0441840">
    <ele>144.5</ele>
    <time>2021-11-15T23:41:02Z</time>
   </trkpt>
   <trkpt lat="47.3809060" lon="-122.0441980">
    <ele>144.5</ele>
    <time>2021-11-15T23:41:03Z</time>
   </trkpt>
   <trkpt lat="47.3809010" lon="-122.0442140">
    <ele>144.5</ele>
    <time>2021-11-15T23:41:04Z</time>
   </trkpt>
   <trkpt lat="47.3809000" lon="-122.0442340">
    <ele>144.5</ele>
    <time>2021-11-15T23:41:05Z</time>
   </trkpt>
   <trkpt lat="47.3809010" lon="-122.0442460">
    <ele>144.5</ele>
    <time>2021-11-15T23:41:06Z</time>
   </trkpt>
   <trkpt lat="47.3809020" lon="-122.0442790">
    <ele>144.4</ele>
    <time>2021-11-15T23:41:07Z</time>
   </trkpt>
   <trkpt lat="47.3809020" lon="-122.0442950">
    <ele>144.4</ele>
    <time>2021-11-15T23:41:08Z</time>
   </trkpt>
   <trkpt lat="47.3809030" lon="-122.0443120">
    <ele>144.4</ele>
    <time>2021-11-15T23:41:09Z</time>
   </trkpt>
   <trkpt lat="47.3809000" lon="-122.0443310">
    <ele>144.4</ele>
    <time>2021-11-15T23:41:10Z</time>
   </trkpt>
   <trkpt lat="47.3808930" lon="-122.0443600">
    <ele>144.3</ele>
    <time>2021-11-15T23:41:11Z</time>
   </trkpt>
   <trkpt lat="47.3808900" lon="-122.0443830">
    <ele>144.3</ele>
    <time>2021-11-15T23:41:12Z</time>
   </trkpt>
   <trkpt lat="47.3808890" lon="-122.0444080">
    <ele>144.3</ele>
    <time>2021-11-15T23:41:13Z</time>
   </trkpt>
   <trkpt lat="47.3808930" lon="-122.0444360">
    <ele>144.3</ele>
    <time>2021-11-15T23:41:14Z</time>
   </trkpt>
   <trkpt lat="47.3808950" lon="-122.0444500">
    <ele>144.2</ele>
    <time>2021-11-15T23:41:15Z</time>
   </trkpt>
   <trkpt lat="47.3808970" lon="-122.0444640">
    <ele>144.2</ele>
    <time>2021-11-15T23:41:16Z</time>
   </trkpt>
   <trkpt lat="47.3808920" lon="-122.0445000">
    <ele>144.2</ele>
    <time>2021-11-15T23:41:17Z</time>
   </trkpt>
   <trkpt lat="47.3808880" lon="-122.0445160">
    <ele>144.2</ele>
    <time>2021-11-15T23:41:18Z</time>
   </trkpt>
   <trkpt lat="47.3808890" lon="-122.0445460">
    <ele>144.1</ele>
    <time>2021-11-15T23:41:19Z</time>
   </trkpt>
   <trkpt lat="47.3808900" lon="-122.0445590">
    <ele>144.1</ele>
    <time>2021-11-15T23:41:20Z</time>
   </trkpt>
   <trkpt lat="47.3808920" lon="-122.0445720">
    <ele>144.1</ele>
    <time>2021-11-15T23:41:21Z</time>
   </trkpt>
   <trkpt lat="47.3808900" lon="-122.0446010">
    <ele>144.1</ele>
    <time>2021-11-15T23:41:22Z</time>
   </trkpt>
   <trkpt lat="47.3808910" lon="-122.0446240">
    <ele>144.1</ele>
    <time>2021-11-15T23:41:23Z</time>
   </trkpt>
   <trkpt lat="47.3808950" lon="-122.0446520">
    <ele>144.1</ele>
    <time>2021-11-15T23:41:24Z</time>
   </trkpt>
   <trkpt lat="47.3808950" lon="-122.0446750">
    <ele>144.0</ele>
    <time>2021-11-15T23:41:25Z</time>
   </trkpt>
   <trkpt lat="47.3808960" lon="-122.0446990">
    <ele>144.0</ele>
    <time>2021-11-15T23:41:26Z</time>
   </trkpt>
   <trkpt lat="47.3809000" lon="-122.0447200">
    <ele>144.0</ele>
    <time>2021-11-15T23:41:27Z</time>
   </trkpt>
   <trkpt lat="47.3809060" lon="-122.0447570">
    <ele>144.0</ele>
    <time>2021-11-15T23:41:28Z</time>
   </trkpt>
   <trkpt lat="47.3809070" lon="-122.0447720">
    <ele>144.0</ele>
    <time>2021-11-15T23:41:29Z</time>
   </trkpt>
   <trkpt lat="47.3809110" lon="-122.0448050">
    <ele>143.9</ele>
    <time>2021-11-15T23:41:30Z</time>
   </trkpt>
   <trkpt lat="47.3809130" lon="-122.0448160">
    <ele>143.9</ele>
    <time>2021-11-15T23:41:31Z</time>
   </trkpt>
   <trkpt lat="47.3809150" lon="-122.0448280">
    <ele>143.9</ele>
    <time>2021-11-15T23:41:32Z</time>
   </trkpt>
   <trkpt lat="47.3809310" lon="-122.0448620">
    <ele>143.9</ele>
    <time>2021-11-15T23:41:33Z</time>
   </trkpt>
   <trkpt lat="47.3809340" lon="-122.0448730">
    <ele>143.9</ele>
    <time>2021-11-15T23:41:34Z</time>
   </trkpt>
   <trkpt lat="47.3809370" lon="-122.0449010">
    <ele>143.8</ele>
    <time>2021-11-15T23:41:35Z</time>
   </trkpt>
   <trkpt lat="47.3809380" lon="-122.0449210">
    <ele>143.8</ele>
    <time>2021-11-15T23:41:36Z</time>
   </trkpt>
   <trkpt lat="47.3809460" lon="-122.0449490">
    <ele>143.8</ele>
    <time>2021-11-15T23:41:37Z</time>
   </trkpt>
   <trkpt lat="47.3809490" lon="-122.0449620">
    <ele>143.8</ele>
    <time>2021-11-15T23:41:38Z</time>
   </trkpt>
   <trkpt lat="47.3809520" lon="-122.0449750">
    <ele>143.8</ele>
    <time>2021-11-15T23:41:39Z</time>
   </trkpt>
   <trkpt lat="47.3809600" lon="-122.0449930">
    <ele>143.8</ele>
    <time>2021-11-15T23:41:40Z</time>
   </trkpt>
   <trkpt lat="47.3809590" lon="-122.0450160">
    <ele>143.7</ele>
    <time>2021-11-15T23:41:41Z</time>
   </trkpt>
   <trkpt lat="47.3809600" lon="-122.0450650">
    <ele>143.7</ele>
    <time>2021-11-15T23:41:42Z</time>
   </trkpt>
   <trkpt lat="47.3809600" lon="-122.0450800">
    <ele>143.7</ele>
    <time>2021-11-15T23:41:43Z</time>
   </trkpt>
   <trkpt lat="47.3809550" lon="-122.0450940">
    <ele>143.7</ele>
    <time>2021-11-15T23:41:44Z</time>
   </trkpt>
   <trkpt lat="47.3809590" lon="-122.0451210">
    <ele>143.7</ele>
    <time>2021-11-15T23:41:45Z</time>
   </trkpt>
   <trkpt lat="47.3809670" lon="-122.0451500">
    <ele>143.6</ele>
    <time>2021-11-15T23:41:46Z</time>
   </trkpt>
   <trkpt lat="47.3809720" lon="-122.0451620">
    <ele>143.6</ele>
    <time>2021-11-15T23:41:47Z</time>
   </trkpt>
   <trkpt lat="47.3809770" lon="-122.0451750">
    <ele>143.6</ele>
    <time>2021-11-15T23:41:48Z</time>
   </trkpt>
   <trkpt lat="47.3809860" lon="-122.0452050">
    <ele>143.6</ele>
    <time>2021-11-15T23:41:49Z</time>
   </trkpt>
   <trkpt lat="47.3809910" lon="-122.0452170">
    <ele>143.6</ele>
    <time>2021-11-15T23:41:50Z</time>
   </trkpt>
   <trkpt lat="47.3809960" lon="-122.0452300">
    <ele>143.6</ele>
    <time>2021-11-15T23:41:51Z</time>
   </trkpt>
   <trkpt lat="47.3810060" lon="-122.0452400">
    <ele>143.5</ele>
    <time>2021-11-15T23:41:53Z</time>
   </trkpt>
   <trkpt lat="47.3810160" lon="-122.0452500">
    <ele>143.5</ele>
    <time>2021-11-15T23:41:54Z</time>
   </trkpt>
   <trkpt lat="47.3810230" lon="-122.0452640">
    <ele>143.5</ele>
    <time>2021-11-15T23:41:55Z</time>
   </trkpt>
   <trkpt lat="47.3810270" lon="-122.0452820">
    <ele>143.5</ele>
    <time>2021-11-15T23:41:56Z</time>
   </trkpt>
   <trkpt lat="47.3810270" lon="-122.0452970">
    <ele>143.5</ele>
    <time>2021-11-15T23:41:57Z</time>
   </trkpt>
   <trkpt lat="47.3810260" lon="-122.0453100">
    <ele>143.5</ele>
    <time>2021-11-15T23:41:58Z</time>
   </trkpt>
   <trkpt lat="47.3810300" lon="-122.0453410">
    <ele>143.4</ele>
    <time>2021-11-15T23:41:59Z</time>
   </trkpt>
   <trkpt lat="47.3810340" lon="-122.0453540">
    <ele>143.4</ele>
    <time>2021-11-15T23:42:00Z</time>
   </trkpt>
   <trkpt lat="47.3810370" lon="-122.0453660">
    <ele>143.4</ele>
    <time>2021-11-15T23:42:01Z</time>
   </trkpt>
   <trkpt lat="47.3810430" lon="-122.0453910">
    <ele>143.4</ele>
    <time>2021-11-15T23:42:02Z</time>
   </trkpt>
   <trkpt lat="47.3810440" lon="-122.0454170">
    <ele>143.4</ele>
    <time>2021-11-15T23:42:03Z</time>
   </trkpt>
   <trkpt lat="47.3810520" lon="-122.0454410">
    <ele>143.4</ele>
    <time>2021-11-15T23:42:04Z</time>
   </trkpt>
   <trkpt lat="47.3810550" lon="-122.0454600">
    <ele>143.3</ele>
    <time>2021-11-15T23:42:05Z</time>
   </trkpt>
   <trkpt lat="47.3810660" lon="-122.0454750">
    <ele>143.3</ele>
    <time>2021-11-15T23:42:06Z</time>
   </trkpt>
   <trkpt lat="47.3810720" lon="-122.0454970">
    <ele>143.3</ele>
    <time>2021-11-15T23:42:07Z</time>
   </trkpt>
   <trkpt lat="47.3810730" lon="-122.0455190">
    <ele>143.3</ele>
    <time>2021-11-15T23:42:08Z</time>
   </trkpt>
   <trkpt lat="47.3810740" lon="-122.0455440">
    <ele>143.3</ele>
    <time>2021-11-15T23:42:09Z</time>
   </trkpt>
   <trkpt lat="47.3810780" lon="-122.0455770">
    <ele>143.2</ele>
    <time>2021-11-15T23:42:10Z</time>
   </trkpt>
   <trkpt lat="47.3810810" lon="-122.0455890">
    <ele>143.2</ele>
    <time>2021-11-15T23:42:11Z</time>
   </trkpt>
   <trkpt lat="47.3810840" lon="-122.0456020">
    <ele>143.2</ele>
    <time>2021-11-15T23:42:12Z</time>
   </trkpt>
   <trkpt lat="47.3810900" lon="-122.0456200">
    <ele>143.2</ele>
    <time>2021-11-15T23:42:13Z</time>
   </trkpt>
   <trkpt lat="47.3810910" lon="-122.0456410">
    <ele>143.2</ele>
    <time>2021-11-15T23:42:14Z</time>
   </trkpt>
   <trkpt lat="47.3810950" lon="-122.0456590">
    <ele>143.1</ele>
    <time>2021-11-15T23:42:15Z</time>
   </trkpt>
   <trkpt lat="47.3810960" lon="-122.0456720">
    <ele>143.1</ele>
    <time>2021-11-15T23:42:16Z</time>
   </trkpt>
   <trkpt lat="47.3810990" lon="-122.0456880">
    <ele>143.1</ele>
    <time>2021-11-15T23:42:17Z</time>
   </trkpt>
   <trkpt lat="47.3811010" lon="-122.0457020">
    <ele>143.1</ele>
    <time>2021-11-15T23:42:18Z</time>
   </trkpt>
   <trkpt lat="47.3811070" lon="-122.0457140">
    <ele>143.1</ele>
    <time>2021-11-15T23:42:19Z</time>
   </trkpt>
   <trkpt lat="47.3811140" lon="-122.0457270">
    <ele>143.1</ele>
    <time>2021-11-15T23:42:20Z</time>
   </trkpt>
   <trkpt lat="47.3811180" lon="-122.0457560">
    <ele>143.0</ele>
    <time>2021-11-15T23:42:21Z</time>
   </trkpt>
   <trkpt lat="47.3811200" lon="-122.0457690">
    <ele>143.0</ele>
    <time>2021-11-15T23:42:22Z</time>
   </trkpt>
   <trkpt lat="47.3811210" lon="-122.0457820">
    <ele>143.0</ele>
    <time>2021-11-15T23:42:23Z</time>
   </trkpt>
   <trkpt lat="47.3811210" lon="-122.0458140">
    <ele>143.0</ele>
    <time>2021-11-15T23:42:24Z</time>
   </trkpt>
   <trkpt lat="47.3811240" lon="-122.0458250">
    <ele>142.9</ele>
    <time>2021-11-15T23:42:25Z</time>
   </trkpt>
   <trkpt lat="47.3811260" lon="-122.0458350">
    <ele>142.9</ele>
    <time>2021-11-15T23:42:26Z</time>
   </trkpt>
   <trkpt lat="47.3811310" lon="-122.0458550">
    <ele>142.9</ele>
    <time>2021-11-15T23:42:27Z</time>
   </trkpt>
   <trkpt lat="47.3811360" lon="-122.0458750">
    <ele>142.9</ele>
    <time>2021-11-15T23:42:28Z</time>
   </trkpt>
   <trkpt lat="47.3811340" lon="-122.0458960">
    <ele>142.9</ele>
    <time>2021-11-15T23:42:29Z</time>
   </trkpt>
   <trkpt lat="47.3811380" lon="-122.0459160">
    <ele>142.9</ele>
    <time>2021-11-15T23:42:30Z</time>
   </trkpt>
   <trkpt lat="47.3811430" lon="-122.0459340">
    <ele>142.8</ele>
    <time>2021-11-15T23:42:31Z</time>
   </trkpt>
   <trkpt lat="47.3811470" lon="-122.0459460">
    <ele>142.8</ele>
    <time>2021-11-15T23:42:32Z</time>
   </trkpt>
   <trkpt lat="47.3811530" lon="-122.0459600">
    <ele>142.8</ele>
    <time>2021-11-15T23:42:33Z</time>
   </trkpt>
   <trkpt lat="47.3811610" lon="-122.0459910">
    <ele>142.8</ele>
    <time>2021-11-15T23:42:34Z</time>
   </trkpt>
   <trkpt lat="47.3811630" lon="-122.0460050">
    <ele>142.8</ele>
    <time>2021-11-15T23:42:35Z</time>
   </trkpt>
   <trkpt lat="47.3811640" lon="-122.0460180">
    <ele>142.8</ele>
    <time>2021-11-15T23:42:36Z</time>
   </trkpt>
   <trkpt lat="47.3811720" lon="-122.0460470">
    <ele>142.7</ele>
    <time>2021-11-15T23:42:37Z</time>
   </trkpt>
   <trkpt lat="47.3811750" lon="-122.0460590">
    <ele>142.7</ele>
    <time>2021-11-15T23:42:38Z</time>
   </trkpt>
   <trkpt lat="47.3811770" lon="-122.0460710">
    <ele>142.7</ele>
    <time>2021-11-15T23:42:39Z</time>
   </trkpt>
   <trkpt lat="47.3811790" lon="-122.0460860">
    <ele>142.7</ele>
    <time>2021-11-15T23:42:40Z</time>
   </trkpt>
   <trkpt lat="47.3811790" lon="-122.0461120">
    <ele>142.7</ele>
    <time>2021-11-15T23:42:41Z</time>
   </trkpt>
   <trkpt lat="47.3811840" lon="-122.0461280">
    <ele>142.7</ele>
    <time>2021-11-15T23:42:42Z</time>
   </trkpt>
   <trkpt lat="47.3811930" lon="-122.0461490">
    <ele>142.7</ele>
    <time>2021-11-15T23:42:43Z</time>
   </trkpt>
   <trkpt lat="47.3812040" lon="-122.0461860">
    <ele>142.7</ele>
    <time>2021-11-15T23:42:44Z</time>
   </trkpt>
   <trkpt lat="47.3812060" lon="-122.0462040">
    <ele>142.7</ele>
    <time>2021-11-15T23:42:45Z</time>
   </trkpt>
   <trkpt lat="47.3812110" lon="-122.0462350">
    <ele>142.6</ele>
    <time>2021-11-15T23:42:46Z</time>
   </trkpt>
   <trkpt lat="47.3812130" lon="-122.0462450">
    <ele>142.6</ele>
    <time>2021-11-15T23:42:47Z</time>
   </trkpt>
   <trkpt lat="47.3812160" lon="-122.0462560">
    <ele>142.6</ele>
    <time>2021-11-15T23:42:48Z</time>
   </trkpt>
   <trkpt lat="47.3812140" lon="-122.0462690">
    <ele>142.6</ele>
    <time>2021-11-15T23:42:49Z</time>
   </trkpt>
   <trkpt lat="47.3812160" lon="-122.0462930">
    <ele>142.6</ele>
    <time>2021-11-15T23:42:50Z</time>
   </trkpt>
   <trkpt lat="47.3812230" lon="-122.0463060">
    <ele>142.6</ele>
    <time>2021-11-15T23:42:51Z</time>
   </trkpt>
   <trkpt lat="47.3812220" lon="-122.0463330">
    <ele>142.6</ele>
    <time>2021-11-15T23:42:52Z</time>
   </trkpt>
   <trkpt lat="47.3823240" lon="-122.0484370">
    <ele>141.1</ele>
    <time>2021-11-15T23:49:31Z</time>
   </trkpt>
   <trkpt lat="47.3823430" lon="-122.0484620">
    <ele>141.1</ele>
    <time>2021-11-15T23:49:32Z</time>
   </trkpt>
   <trkpt lat="47.3823540" lon="-122.0484740">
    <ele>141.0</ele>
    <time>2021-11-15T23:49:33Z</time>
   </trkpt>
   <trkpt lat="47.3823680" lon="-122.0485120">
    <ele>141.0</ele>
    <time>2021-11-15T23:49:34Z</time>
   </trkpt>
   <trkpt lat="47.3823800" lon="-122.0485020">
    <ele>141.0</ele>
    <time>2021-11-15T23:49:35Z</time>
   </trkpt>
   <trkpt lat="47.3823880" lon="-122.0485100">
    <ele>140.9</ele>
    <time>2021-11-15T23:49:36Z</time>
   </trkpt>
   <trkpt lat="47.3823970" lon="-122.0485190">
    <ele>140.9</ele>
    <time>2021-11-15T23:49:37Z</time>
   </trkpt>
   <trkpt lat="47.3824050" lon="-122.0485270">
    <ele>140.9</ele>
    <time>2021-11-15T23:49:38Z</time>
   </trkpt>
   <trkpt lat="47.3824140" lon="-122.0485420">
    <ele>140.9</ele>
    <time>2021-11-15T23:49:39Z</time>
   </trkpt>
   <trkpt lat="47.3824270" lon="-122.0485500">
    <ele>140.8</ele>
    <time>2021-11-15T23:49:40Z</time>
   </trkpt>
   <trkpt lat="47.3824380" lon="-122.0485490">
    <ele>140.8</ele>
    <time>2021-11-15T23:49:41Z</time>
   </trkpt>
   <trkpt lat="47.3824520" lon="-122.0485550">
    <ele>140.8</ele>
    <time>2021-11-15T23:49:42Z</time>
   </trkpt>
   <trkpt lat="47.3824670" lon="-122.0485590">
    <ele>140.8</ele>
    <time>2021-11-15T23:49:43Z</time>
   </trkpt>
   <trkpt lat="47.3824850" lon="-122.0485560">
    <ele>140.7</ele>
    <time>2021-11-15T23:49:44Z</time>
   </trkpt>
   <trkpt lat="47.3824970" lon="-122.0485630">
    <ele>140.7</ele>
    <time>2021-11-15T23:49:45Z</time>
   </trkpt>
   <trkpt lat="47.3825030" lon="-122.0485790">
    <ele>140.7</ele>
    <time>2021-11-15T23:49:46Z</time>
   </trkpt>
   <trkpt lat="47.3825090" lon="-122.0485890">
    <ele>140.7</ele>
    <time>2021-11-15T23:49:47Z</time>
   </trkpt>
   <trkpt lat="47.3825220" lon="-122.0485930">
    <ele>140.6</ele>
    <time>2021-11-15T23:49:48Z</time>
   </trkpt>
   <trkpt lat="47.3825370" lon="-122.0486120">
    <ele>140.6</ele>
    <time>2021-11-15T23:49:49Z</time>
   </trkpt>
   <trkpt lat="47.3825450" lon="-122.0486180">
    <ele>140.6</ele>
    <time>2021-11-15T23:49:50Z</time>
   </trkpt>
   <trkpt lat="47.3825520" lon="-122.0486240">
    <ele>140.6</ele>
    <time>2021-11-15T23:49:51Z</time>
   </trkpt>
   <trkpt lat="47.3825630" lon="-122.0486490">
    <ele>140.6</ele>
    <time>2021-11-15T23:49:52Z</time>
   </trkpt>
   <trkpt lat="47.3825680" lon="-122.0486590">
    <ele>140.6</ele>
    <time>2021-11-15T23:49:53Z</time>
   </trkpt>
   <trkpt lat="47.3825720" lon="-122.0486690">
    <ele>140.5</ele>
    <time>2021-11-15T23:49:54Z</time>
   </trkpt>
   <trkpt lat="47.3825890" lon="-122.0486850">
    <ele>140.5</ele>
    <time>2021-11-15T23:49:55Z</time>
   </trkpt>
   <trkpt lat="47.3825960" lon="-122.0486980">
    <ele>140.5</ele>
    <time>2021-11-15T23:49:56Z</time>
   </trkpt>
   <trkpt lat="47.3826020" lon="-122.0487110">
    <ele>140.5</ele>
    <time>2021-11-15T23:49:57Z</time>
   </trkpt>
   <trkpt lat="47.3826100" lon="-122.0487240">
    <ele>140.5</ele>
    <time>2021-11-15T23:49:58Z</time>
   </trkpt>
   <trkpt lat="47.3826170" lon="-122.0487330">
    <ele>140.5</ele>
    <time>2021-11-15T23:49:59Z</time>
   </trkpt>
   <trkpt lat="47.3826270" lon="-122.0487440">
    <ele>140.5</ele>
    <time>2021-11-15T23:50:00Z</time>
   </trkpt>
   <trkpt lat="47.3826420" lon="-122.0487650">
    <ele>140.4</ele>
    <time>2021-11-15T23:50:01Z</time>
   </trkpt>
   <trkpt lat="47.3826470" lon="-122.0487700">
    <ele>140.4</ele>
    <time>2021-11-15T23:50:02Z</time>
   </trkpt>
   <trkpt lat="47.3826510" lon="-122.0487740">
    <ele>140.4</ele>
    <time>2021-11-15T23:50:03Z</time>
   </trkpt>
   <trkpt lat="47.3826560" lon="-122.0487790">
    <ele>140.4</ele>
    <time>2021-11-15T23:50:04Z</time>
   </trkpt>
   <trkpt lat="47.3826610" lon="-122.0487840">
    <ele>140.4</ele>
    <time>2021-11-15T23:50:05Z</time>
   </trkpt>
   <trkpt lat="47.3826660" lon="-122.0487890">
    <ele>140.4</ele>
    <time>2021-11-15T23:50:06Z</time>
   </trkpt>
   <trkpt lat="47.3826770" lon="-122.0487980">
    <ele>140.4</ele>
    <time>2021-11-15T23:50:07Z</time>
   </trkpt>
   <trkpt lat="47.3826860" lon="-122.0488140">
    <ele>140.4</ele>
    <time>2021-11-15T23:50:08Z</time>
   </trkpt>
   <trkpt lat="47.3826930" lon="-122.0488230">
    <ele>140.4</ele>
    <time>2021-11-15T23:50:09Z</time>
   </trkpt>
   <trkpt lat="47.3827010" lon="-122.0488340">
    <ele>140.4</ele>
    <time>2021-11-15T23:50:10Z</time>
   </trkpt>
   <trkpt lat="47.3827030" lon="-122.0488420">
    <ele>140.4</ele>
    <time>2021-11-15T23:50:11Z</time>
   </trkpt>
   <trkpt lat="47.3827150" lon="-122.0488560">
    <ele>140.3</ele>
    <time>2021-11-15T23:50:12Z</time>
   </trkpt>
   <trkpt lat="47.3827220" lon="-122.0488570">
    <ele>140.3</ele>
    <time>2021-11-15T23:50:13Z</time>
   </trkpt>
   <trkpt lat="47.3827330" lon="-122.0488620">
    <ele>140.3</ele>
    <time>2021-11-15T23:50:14Z</time>
   </trkpt>
   <trkpt lat="47.3827400" lon="-122.0488730">
    <ele>140.3</ele>
    <time>2021-11-15T23:50:15Z</time>
   </trkpt>
   <trkpt lat="47.3827570" lon="-122.0488720">
    <ele>140.3</ele>
    <time>2021-11-15T23:50:17Z</time>
   </trkpt>
   <trkpt lat="47.3827650" lon="-122.0488810">
    <ele>140.3</ele>
    <time>2021-11-15T23:50:18Z</time>
   </trkpt>
   <trkpt lat="47.3827720" lon="-122.0488910">
    <ele>140.3</ele>
    <time>2021-11-15T23:50:19Z</time>
   </trkpt>
   <trkpt lat="47.3827850" lon="-122.0489010">
    <ele>140.2</ele>
    <time>2021-11-15T23:50:20Z</time>
   </trkpt>
   <trkpt lat="47.3827950" lon="-122.0489150">
    <ele>140.2</ele>
    <time>2021-11-15T23:50:21Z</time>
   </trkpt>
   <trkpt lat="47.3828080" lon="-122.0489340">
    <ele>140.2</ele>
    <time>2021-11-15T23:50:22Z</time>
   </trkpt>
   <trkpt lat="47.3828210" lon="-122.0489470">
    <ele>140.2</ele>
    <time>2021-11-15T23:50:23Z</time>
   </trkpt>
   <trkpt lat="47.3828310" lon="-122.0489610">
    <ele>140.2</ele>
    <time>2021-11-15T23:50:24Z</time>
   </trkpt>
   <trkpt lat="47.3828400" lon="-122.0489710">
    <ele>140.1</ele>
    <time>2021-11-15T23:50:25Z</time>
   </trkpt>
   <trkpt lat="47.3828460" lon="-122.0489800">
    <ele>140.1</ele>
    <time>2021-11-15T23:50:26Z</time>
   </trkpt>
   <trkpt lat="47.3828580" lon="-122.0489960">
    <ele>140.1</ele>
    <time>2021-11-15T23:50:27Z</time>
   </trkpt>
   <trkpt lat="47.3828710" lon="-122.0490100">
    <ele>140.1</ele>
    <time>2021-11-15T23:50:28Z</time>
   </trkpt>
   <trkpt lat="47.3828890" lon="-122.0490290">
    <ele>140.1</ele>
    <time>2021-11-15T23:50:29Z</time>
   </trkpt>
   <trkpt lat="47.3828970" lon="-122.0490340">
    <ele>140.1</ele>
    <time>2021-11-15T23:50:30Z</time>
   </trkpt>
   <trkpt lat="47.3829040" lon="-122.0490380">
    <ele>140.1</ele>
    <time>2021-11-15T23:50:31Z</time>
   </trkpt>
   <trkpt lat="47.3829130" lon="-122.0490470">
    <ele>140.0</ele>
    <time>2021-11-15T23:50:32Z</time>
   </trkpt>
   <trkpt lat="47.3829210" lon="-122.0490550">
    <ele>140.0</ele>
    <time>2021-11-15T23:50:33Z</time>
   </trkpt>
   <trkpt lat="47.3829300" lon="-122.0490610">
    <ele>140.0</ele>
    <time>2021-11-15T23:50:34Z</time>
   </trkpt>
   <trkpt lat="47.3829390" lon="-122.0490720">
    <ele>140.0</ele>
    <time>2021-11-15T23:50:35Z</time>
   </trkpt>
   <trkpt lat="47.3829460" lon="-122.0490790">
    <ele>140.0</ele>
    <time>2021-11-15T23:50:36Z</time>
   </trkpt>
   <trkpt lat="47.3829530" lon="-122.0490870">
    <ele>140.0</ele>
    <time>2021-11-15T23:50:37Z</time>
   </trkpt>
   <trkpt lat="47.3829600" lon="-122.0490950">
    <ele>139.9</ele>
    <time>2021-11-15T23:50:38Z</time>
   </trkpt>
   <trkpt lat="47.3829690" lon="-122.0490980">
    <ele>139.9</ele>
    <time>2021-11-15T23:50:39Z</time>
   </trkpt>
   <trkpt lat="47.3829760" lon="-122.0491060">
    <ele>139.9</ele>
    <time>2021-11-15T23:50:40Z</time>
   </trkpt>
   <trkpt lat="47.3829840" lon="-122.0491130">
    <ele>139.9</ele>
    <time>2021-11-15T23:50:41Z</time>
   </trkpt>
   <trkpt lat="47.3829910" lon="-122.0491200">
    <ele>139.9</ele>
    <time>2021-11-15T23:50:42Z</time>
   </trkpt>
   <trkpt lat="47.3830010" lon="-122.0491230">
    <ele>139.9</ele>
    <time>2021-11-15T23:50:43Z</time>
   </trkpt>
   <trkpt lat="47.3830100" lon="-122.0491360">
    <ele>139.8</ele>
    <time>2021-11-15T23:50:44Z</time>
   </trkpt>
   <trkpt lat="47.3830190" lon="-122.0491490">
    <ele>139.8</ele>
    <time>2021-11-15T23:50:45Z</time>
   </trkpt>
   <trkpt lat="47.3830290" lon="-122.0491560">
    <ele>139.8</ele>
    <time>2021-11-15T23:50:46Z</time>
   </trkpt>
   <trkpt lat="47.3830400" lon="-122.0491670">
    <ele>139.8</ele>
    <time>2021-11-15T23:50:47Z</time>
   </trkpt>
   <trkpt lat="47.3830480" lon="-122.0491750">
    <ele>139.8</ele>
    <time>2021-11-15T23:50:48Z</time>
   </trkpt>
   <trkpt lat="47.3830660" lon="-122.0491900">
    <ele>139.7</ele>
    <time>2021-11-15T23:50:49Z</time>
   </trkpt>
   <trkpt lat="47.3830730" lon="-122.0491970">
    <ele>139.7</ele>
    <time>2021-11-15T23:50:50Z</time>
   </trkpt>
   <trkpt lat="47.3830810" lon="-122.0492040">
    <ele>139.7</ele>
    <time>2021-11-15T23:50:51Z</time>
   </trkpt>
   <trkpt lat="47.3830940" lon="-122.0492210">
    <ele>139.7</ele>
    <time>2021-11-15T23:50:52Z</time>
   </trkpt>
   <trkpt lat="47.3831020" lon="-122.0492290">
    <ele>139.6</ele>
    <time>2021-11-15T23:50:53Z</time>
   </trkpt>
   <trkpt lat="47.3831090" lon="-122.0492370">
    <ele>139.6</ele>
    <time>2021-11-15T23:50:54Z</time>
   </trkpt>
   <trkpt lat="47.3831130" lon="-122.0492450">
    <ele>139.6</ele>
    <time>2021-11-15T23:50:55Z</time>
   </trkpt>
   <trkpt lat="47.3831250" lon="-122.0492510">
    <ele>139.6</ele>
    <time>2021-11-15T23:50:56Z</time>
   </trkpt>
   <trkpt lat="47.3831370" lon="-122.0492570">
    <ele>139.6</ele>
    <time>2021-11-15T23:50:57Z</time>
   </trkpt>
   <trkpt lat="47.3831440" lon="-122.0492690">
    <ele>139.5</ele>
    <time>2021-11-15T23:50:58Z</time>
   </trkpt>
   <trkpt lat="47.3831550" lon="-122.0492770">
    <ele>139.5</ele>
    <time>2021-11-15T23:50:59Z</time>
   </trkpt>
   <trkpt lat="47.3831650" lon="-122.0492790">
    <ele>139.5</ele>
    <time>2021-11-15T23:51:00Z</time>
   </trkpt>
   <trkpt lat="47.3831840" lon="-122.0492900">
    <ele>139.5</ele>
    <time>2021-11-15T23:51:01Z</time>
   </trkpt>
   <trkpt lat="47.3831940" lon="-122.0492930">
    <ele>139.5</ele>
    <time>2021-11-15T23:51:02Z</time>
   </trkpt>
   <trkpt lat="47.3832160" lon="-122.0493040">
    <ele>139.4</ele>
    <time>2021-11-15T23:51:03Z</time>
   </trkpt>
   <trkpt lat="47.3832250" lon="-122.0493130">
    <ele>139.4</ele>
    <time>2021-11-15T23:51:04Z</time>
   </trkpt>
   <trkpt lat="47.3832350" lon="-122.0493220">
    <ele>139.4</ele>
    <time>2021-11-15T23:51:05Z</time>
   </trkpt>
   <trkpt lat="47.3832430" lon="-122.0493350">
    <ele>139.4</ele>
    <time>2021-11-15T23:51:06Z</time>
   </trkpt>
   <trkpt lat="47.3832520" lon="-122.0493420">
    <ele>139.4</ele>
    <time>2021-11-15T23:51:07Z</time>
   </trkpt>
   <trkpt lat="47.3832620" lon="-122.0493530">
    <ele>139.3</ele>
    <time>2021-11-15T23:51:08Z</time>
   </trkpt>
   <trkpt lat="47.3832790" lon="-122.0493640">
    <ele>139.3</ele>
    <time>2021-11-15T23:51:09Z</time>
   </trkpt>
   <trkpt lat="47.3832880" lon="-122.0493720">
    <ele>139.3</ele>
    <time>2021-11-15T23:51:10Z</time>
   </trkpt>
   <trkpt lat="47.3832960" lon="-122.0493860">
    <ele>139.3</ele>
    <time>2021-11-15T23:51:11Z</time>
   </trkpt>
   <trkpt lat="47.3833100" lon="-122.0494010">
    <ele>139.2</ele>
    <time>2021-11-15T23:51:12Z</time>
   </trkpt>
   <trkpt lat="47.3833240" lon="-122.0494240">
    <ele>139.2</ele>
    <time>2021-11-15T23:51:13Z</time>
   </trkpt>
   <trkpt lat="47.3833300" lon="-122.0494330">
    <ele>139.2</ele>
    <time>2021-11-15T23:51:14Z</time>
   </trkpt>
   <trkpt lat="47.3833360" lon="-122.0494410">
    <ele>139.2</ele>
    <time>2021-11-15T23:51:15Z</time>
   </trkpt>
   <trkpt lat="47.3833480" lon="-122.0494480">
    <ele>139.2</ele>
    <time>2021-11-15T23:51:16Z</time>
   </trkpt>
   <trkpt lat="47.3833600" lon="-122.0494610">
    <ele>139.1</ele>
    <time>2021-11-15T23:51:17Z</time>
   </trkpt>
   <trkpt lat="47.3833710" lon="-122.0494660">
    <ele>139.1</ele>
    <time>2021-11-15T23:51:18Z</time>
   </trkpt>
   <trkpt lat="47.3833810" lon="-122.0494690">
    <ele>139.1</ele>
    <time>2021-11-15T23:51:19Z</time>
   </trkpt>
   <trkpt lat="47.3833930" lon="-122.0494780">
    <ele>139.1</ele>
    <time>2021-11-15T23:51:20Z</time>
   </trkpt>
   <trkpt lat="47.3834090" lon="-122.0494890">
    <ele>139.1</ele>
    <time>2021-11-15T23:51:21Z</time>
   </trkpt>
   <trkpt lat="47.3834170" lon="-122.0494980">
    <ele>139.1</ele>
    <time>2021-11-15T23:51:22Z</time>
   </trkpt>
   <trkpt lat="47.3834250" lon="-122.0495070">
    <ele>139.1</ele>
    <time>2021-11-15T23:51:23Z</time>
   </trkpt>
   <trkpt lat="47.3834440" lon="-122.0495130">
    <ele>139.0</ele>
    <time>2021-11-15T23:51:24Z</time>
   </trkpt>
   <trkpt lat="47.3834570" lon="-122.0495220">
    <ele>139.0</ele>
    <time>2021-11-15T23:51:25Z</time>
   </trkpt>
   <trkpt lat="47.3834690" lon="-122.0495270">
    <ele>139.0</ele>
    <time>2021-11-15T23:51:26Z</time>
   </trkpt>
   <trkpt lat="47.3834860" lon="-122.0495340">
    <ele>139.0</ele>
    <time>2021-11-15T23:51:27Z</time>
   </trkpt>
   <trkpt lat="47.3834980" lon="-122.0495430">
    <ele>139.0</ele>
    <time>2021-11-15T23:51:28Z</time>
   </trkpt>
   <trkpt lat="47.3835130" lon="-122.0495450">
    <ele>139.0</ele>
    <time>2021-11-15T23:51:29Z</time>
   </trkpt>
   <trkpt lat="47.3835380" lon="-122.0495590">
    <ele>138.9</ele>
    <time>2021-11-15T23:51:30Z</time>
   </trkpt>
   <trkpt lat="47.3835590" lon="-122.0495600">
    <ele>138.9</ele>
    <time>2021-11-15T23:51:31Z</time>
   </trkpt>
   <trkpt lat="47.3835690" lon="-122.0495650">
    <ele>138.9</ele>
    <time>2021-11-15T23:51:32Z</time>
   </trkpt>
   <trkpt lat="47.3835790" lon="-122.0495700">
    <ele>138.9</ele>
    <time>2021-11-15T23:51:33Z</time>
   </trkpt>
   <trkpt lat="47.3835860" lon="-122.0495820">
    <ele>138.9</ele>
    <time>2021-11-15T23:51:34Z</time>
   </trkpt>
   <trkpt lat="47.3835890" lon="-122.0495880">
    <ele>138.9</ele>
    <time>2021-11-15T23:51:35Z</time>
   </trkpt>
   <trkpt lat="47.3835960" lon="-122.0496050">
    <ele>138.8</ele>
    <time>2021-11-15T23:51:36Z</time>
   </trkpt>
   <trkpt lat="47.3836060" lon="-122.0496140">
    <ele>138.8</ele>
    <time>2021-11-15T23:51:37Z</time>
   </trkpt>
   <trkpt lat="47.3836200" lon="-122.0496270">
    <ele>138.8</ele>
    <time>2021-11-15T23:51:38Z</time>
   </trkpt>
   <trkpt lat="47.3836320" lon="-122.0496370">
    <ele>138.8</ele>
    <time>2021-11-15T23:51:39Z</time>
   </trkpt>
   <trkpt lat="47.3836410" lon="-122.0496400">
    <ele>138.8</ele>
    <time>2021-11-15T23:51:40Z</time>
   </trkpt>
   <trkpt lat="47.3836520" lon="-122.0496420">
    <ele>138.7</ele>
    <time>2021-11-15T23:51:41Z</time>
   </trkpt>
   <trkpt lat="47.3836630" lon="-122.0496430">
    <ele>138.7</ele>
    <time>2021-11-15T23:51:42Z</time>
   </trkpt>
   <trkpt lat="47.3836700" lon="-122.0496460">
    <ele>138.7</ele>
    <time>2021-11-15T23:51:43Z</time>
   </trkpt>
   <trkpt lat="47.3836790" lon="-122.0496510">
    <ele>138.7</ele>
    <time>2021-11-15T23:51:44Z</time>
   </trkpt>
   <trkpt lat="47.3836920" lon="-122.0496580">
    <ele>138.7</ele>
    <time>2021-11-15T23:51:45Z</time>
   </trkpt>
   <trkpt lat="47.3837000" lon="-122.0496620">
    <ele>138.7</ele>
    <time>2021-11-15T23:51:46Z</time>
   </trkpt>
   <trkpt lat="47.3837110" lon="-122.0496640">
    <ele>138.6</ele>
    <time>2021-11-15T23:51:47Z</time>
   </trkpt>
   <trkpt lat="47.3837290" lon="-122.0496750">
    <ele>138.6</ele>
    <time>2021-11-15T23:51:48Z</time>
   </trkpt>
   <trkpt lat="47.3837360" lon="-122.0496800">
    <ele>138.6</ele>
    <time>2021-11-15T23:51:49Z</time>
   </trkpt>
   <trkpt lat="47.3837440" lon="-122.0496850">
    <ele>138.6</ele>
    <time>2021-11-15T23:51:50Z</time>
   </trkpt>
   <trkpt lat="47.3837540" lon="-122.0496920">
    <ele>138.5</ele>
    <time>2021-11-15T23:51:51Z</time>
   </trkpt>
   <trkpt lat="47.3837660" lon="-122.0496870">
    <ele>138.5</ele>
    <time>2021-11-15T23:51:52Z</time>
   </trkpt>
   <trkpt lat="47.3837750" lon="-122.0496870">
    <ele>138.5</ele>
    <time>2021-11-15T23:51:53Z</time>
   </trkpt>
   <trkpt lat="47.3837810" lon="-122.0496910">
    <ele>138.5</ele>
    <time>2021-11-15T23:51:54Z</time>
   </trkpt>
   <trkpt lat="47.3837900" lon="-122.0496980">
    <ele>138.5</ele>
    <time>2021-11-15T23:51:55Z</time>
   </trkpt>
   <trkpt lat="47.3837950" lon="-122.0497080">
    <ele>138.4</ele>
    <time>2021-11-15T23:51:56Z</time>
   </trkpt>
   <trkpt lat="47.3838040" lon="-122.0497130">
    <ele>138.4</ele>
    <time>2021-11-15T23:51:57Z</time>
   </trkpt>
   <trkpt lat="47.3838130" lon="-122.0497140">
    <ele>138.4</ele>
    <time>2021-11-15T23:51:58Z</time>
   </trkpt>
   <trkpt lat="47.3838320" lon="-122.0497210">
    <ele>138.4</ele>
    <time>2021-11-15T23:51:59Z</time>
   </trkpt>
   <trkpt lat="47.3838410" lon="-122.0497250">
    <ele>138.3</ele>
    <time>2021-11-15T23:52:00Z</time>
   </trkpt>
   <trkpt lat="47.3838480" lon="-122.0497280">
    <ele>138.3</ele>
    <time>2021-11-15T23:52:01Z</time>
   </trkpt>
   <trkpt lat="47.3838550" lon="-122.0497300">
    <ele>138.3</ele>
    <time>2021-11-15T23:52:02Z</time>
   </trkpt>
   <trkpt lat="47.3838620" lon="-122.0497320">
    <ele>138.3</ele>
    <time>2021-11-15T23:52:03Z</time>
   </trkpt>
   <trkpt lat="47.3838700" lon="-122.0497350">
    <ele>138.3</ele>
    <time>2021-11-15T23:52:04Z</time>
   </trkpt>
   <trkpt lat="47.3838740" lon="-122.0497390">
    <ele>138.3</ele>
    <time>2021-11-15T23:52:05Z</time>
   </trkpt>
   <trkpt lat="47.3838820" lon="-122.0497450">
    <ele>138.2</ele>
    <time>2021-11-15T23:52:06Z</time>
   </trkpt>
   <trkpt lat="47.3838960" lon="-122.0497560">
    <ele>138.2</ele>
    <time>2021-11-15T23:52:07Z</time>
   </trkpt>
   <trkpt lat="47.3839080" lon="-122.0497720">
    <ele>138.2</ele>
    <time>2021-11-15T23:52:08Z</time>
   </trkpt>
   <trkpt lat="47.3839190" lon="-122.0497760">
    <ele>138.1</ele>
    <time>2021-11-15T23:52:09Z</time>
   </trkpt>
   <trkpt lat="47.3839300" lon="-122.0497800">
    <ele>138.1</ele>
    <time>2021-11-15T23:52:10Z</time>
   </trkpt>
   <trkpt lat="47.3839430" lon="-122.0497880">
    <ele>138.1</ele>
    <time>2021-11-15T23:52:11Z</time>
   </trkpt>
   <trkpt lat="47.3839560" lon="-122.0497920">
    <ele>138.1</ele>
    <time>2021-11-15T23:52:12Z</time>
   </trkpt>
   <trkpt lat="47.3839640" lon="-122.0497950">
    <ele>138.0</ele>
    <time>2021-11-15T23:52:13Z</time>
   </trkpt>
   <trkpt lat="47.3839670" lon="-122.0497960">
    <ele>138.0</ele>
    <time>2021-11-15T23:52:14Z</time>
   </trkpt>
   <trkpt lat="47.3839760" lon="-122.0497930">
    <ele>138.0</ele>
    <time>2021-11-15T23:52:15Z</time>
   </trkpt>
   <trkpt lat="47.3839790" lon="-122.0497880">
    <ele>138.0</ele>
    <time>2021-11-15T23:52:16Z</time>
   </trkpt>
   <trkpt lat="47.3839770" lon="-122.0497900">
    <ele>138.0</ele>
    <time>2021-11-15T23:52:17Z</time>
   </trkpt>
   <trkpt lat="47.3839770" lon="-122.0497900">
    <ele>138.0</ele>
    <time>2021-11-15T23:52:18Z</time>
   </trkpt>
   <trkpt lat="47.3839730" lon="-122.0497910">
    <ele>138.0</ele>
    <time>2021-11-15T23:52:19Z</time>
   </trkpt>
   <trkpt lat="47.3839760" lon="-122.0497930">
    <ele>138.0</ele>
    <time>2021-11-15T23:52:20Z</time>
   </trkpt>
   <trkpt lat="47.3839800" lon="-122.0497930">
    <ele>138.0</ele>
    <time>2021-11-15T23:52:21Z</time>
   </trkpt>
   <trkpt lat="47.3839940" lon="-122.0497990">
    <ele>137.9</ele>
    <time>2021-11-15T23:52:23Z</time>
   </trkpt>
   <trkpt lat="47.3840110" lon="-122.0497960">
    <ele>137.9</ele>
    <time>2021-11-15T23:52:24Z</time>
   </trkpt>
   <trkpt lat="47.3840260" lon="-122.0497960">
    <ele>137.9</ele>
    <time>2021-11-15T23:52:25Z</time>
   </trkpt>
   <trkpt lat="47.3840340" lon="-122.0497930">
    <ele>137.8</ele>
    <time>2021-11-15T23:52:26Z</time>
   </trkpt>
   <trkpt lat="47.3840500" lon="-122.0498020">
    <ele>137.8</ele>
    <time>2021-11-15T23:52:27Z</time>
   </trkpt>
   <trkpt lat="47.3840590" lon="-122.0498080">
    <ele>137.8</ele>
    <time>2021-11-15T23:52:28Z</time>
   </trkpt>
   <trkpt lat="47.3840760" lon="-122.0498030">
    <ele>137.7</ele>
    <time>2021-11-15T23:52:29Z</time>
   </trkpt>
   <trkpt lat="47.3840830" lon="-122.0497860">
    <ele>137.7</ele>
    <time>2021-11-15T23:52:30Z</time>
   </trkpt>
   <trkpt lat="47.3840990" lon="-122.0497740">
    <ele>137.7</ele>
    <time>2021-11-15T23:52:31Z</time>
   </trkpt>
   <trkpt lat="47.3842020" lon="-122.0494000">
    <ele>137.4</ele>
    <time>2021-11-15T23:56:01Z</time>
   </trkpt>
   <trkpt lat="47.3841990" lon="-122.0494180">
    <ele>137.4</ele>
    <time>2021-11-15T23:56:02Z</time>
   </trkpt>
   <trkpt lat="47.3842020" lon="-122.0494310">
    <ele>137.4</ele>
    <time>2021-11-15T23:56:03Z</time>
   </trkpt>
   <trkpt lat="47.3842050" lon="-122.0494450">
    <ele>137.4</ele>
    <time>2021-11-15T23:56:04Z</time>
   </trkpt>
   <trkpt lat="47.3842100" lon="-122.0494620">
    <ele>137.4</ele>
    <time>2021-11-15T23:56:05Z</time>
   </trkpt>
   <trkpt lat="47.3842160" lon="-122.0494880">
    <ele>137.4</ele>
    <time>2021-11-15T23:56:06Z</time>
   </trkpt>
   <trkpt lat="47.3842160" lon="-122.0495020">
    <ele>137.4</ele>
    <time>2021-11-15T23:56:07Z</time>
   </trkpt>
   <trkpt lat="47.3842170" lon="-122.0495150">
    <ele>137.4</ele>
    <time>2021-11-15T23:56:08Z</time>
   </trkpt>
   <trkpt lat="47.3842170" lon="-122.0495290">
    <ele>137.4</ele>
    <time>2021-11-15T23:56:09Z</time>
   </trkpt>
   <trkpt lat="47.3842180" lon="-122.0495420">
    <ele>137.4</ele>
    <time>2021-11-15T23:56:10Z</time>
   </trkpt>
   <trkpt lat="47.3842150" lon="-122.0495650">
    <ele>137.4</ele>
    <time>2021-11-15T23:56:11Z</time>
   </trkpt>
   <trkpt lat="47.3842120" lon="-122.0495740">
    <ele>137.3</ele>
    <time>2021-11-15T23:56:12Z</time>
   </trkpt>
   <trkpt lat="47.3842100" lon="-122.0495820">
    <ele>137.3</ele>
    <time>2021-11-15T23:56:13Z</time>
   </trkpt>
   <trkpt lat="47.3842080" lon="-122.0495910">
    <ele>137.3</ele>
    <time>2021-11-15T23:56:14Z</time>
   </trkpt>
   <trkpt lat="47.3842050" lon="-122.0496000">
    <ele>137.3</ele>
    <time>2021-11-15T23:56:15Z</time>
   </trkpt>
   <trkpt lat="47.3841950" lon="-122.0496170">
    <ele>137.3</ele>
    <time>2021-11-15T23:56:16Z</time>
   </trkpt>
   <trkpt lat="47.3841930" lon="-122.0496300">
    <ele>137.3</ele>
    <time>2021-11-15T23:56:17Z</time>
   </trkpt>
   <trkpt lat="47.3841930" lon="-122.0496450">
    <ele>137.3</ele>
    <time>2021-11-15T23:56:18Z</time>
   </trkpt>
   <trkpt lat="47.3842030" lon="-122.0496480">
    <ele>137.3</ele>
    <time>2021-11-15T23:56:19Z</time>
   </trkpt>
   <trkpt lat="47.3842070" lon="-122.0496600">
    <ele>137.3</ele>
    <time>2021-11-15T23:56:20Z</time>
   </trkpt>
   <trkpt lat="47.3842120" lon="-122.0496790">
    <ele>137.3</ele>
    <time>2021-11-15T23:56:21Z</time>
   </trkpt>
   <trkpt lat="47.3842180" lon="-122.0496930">
    <ele>137.3</ele>
    <time>2021-11-15T23:56:22Z</time>
   </trkpt>
   <trkpt lat="47.3842240" lon="-122.0496990">
    <ele>137.3</ele>
    <time>2021-11-15T23:56:23Z</time>
   </trkpt>
   <trkpt lat="47.3842310" lon="-122.0497110">
    <ele>137.3</ele>
    <time>2021-11-15T23:56:24Z</time>
   </trkpt>
   <trkpt lat="47.3842430" lon="-122.0497240">
    <ele>137.2</ele>
    <time>2021-11-15T23:56:25Z</time>
   </trkpt>
   <trkpt lat="47.3842490" lon="-122.0497330">
    <ele>137.2</ele>
    <time>2021-11-15T23:56:26Z</time>
   </trkpt>
   <trkpt lat="47.3842530" lon="-122.0497320">
    <ele>137.2</ele>
    <time>2021-11-15T23:56:27Z</time>
   </trkpt>
   <trkpt lat="47.3842600" lon="-122.0497380">
    <ele>137.2</ele>
    <time>2021-11-15T23:56:28Z</time>
   </trkpt>
   <trkpt lat="47.3842790" lon="-122.0497510">
    <ele>137.2</ele>
    <time>2021-11-15T23:56:29Z</time>
   </trkpt>
   <trkpt lat="47.3842870" lon="-122.0497570">
    <ele>137.2</ele>
    <time>2021-11-15T23:56:30Z</time>
   </trkpt>
   <trkpt lat="47.3842940" lon="-122.0497630">
    <ele>137.2</ele>
    <time>2021-11-15T23:56:31Z</time>
   </trkpt>
   <trkpt lat="47.3843010" lon="-122.0497720">
    <ele>137.2</ele>
    <time>2021-11-15T23:56:32Z</time>
   </trkpt>
   <trkpt lat="47.3843070" lon="-122.0497780">
    <ele>137.2</ele>
    <time>2021-11-15T23:56:33Z</time>
   </trkpt>
   <trkpt lat="47.3843140" lon="-122.0497800">
    <ele>137.2</ele>
    <time>2021-11-15T23:56:34Z</time>
   </trkpt>
   <trkpt lat="47.3843200" lon="-122.0497870">
    <ele>137.2</ele>
    <time>2021-11-15T23:56:35Z</time>
   </trkpt>
   <trkpt lat="47.3843280" lon="-122.0497900">
    <ele>137.2</ele>
    <time>2021-11-15T23:56:36Z</time>
   </trkpt>
   <trkpt lat="47.3843340" lon="-122.0498040">
    <ele>137.2</ele>
    <time>2021-11-15T23:56:37Z</time>
   </trkpt>
   <trkpt lat="47.3843500" lon="-122.0498130">
    <ele>137.1</ele>
    <time>2021-11-15T23:56:38Z</time>
   </trkpt>
   <trkpt lat="47.3843800" lon="-122.0498180">
    <ele>137.1</ele>
    <time>2021-11-15T23:56:39Z</time>
   </trkpt>
   <trkpt lat="47.3843910" lon="-122.0498190">
    <ele>137.1</ele>
    <time>2021-11-15T23:56:40Z</time>
   </trkpt>
   <trkpt lat="47.3844010" lon="-122.0498260">
    <ele>137.1</ele>
    <time>2021-11-15T23:56:41Z</time>
   </trkpt>
   <trkpt lat="47.3844200" lon="-122.0498250">
    <ele>137.1</ele>
    <time>2021-11-15T23:56:42Z</time>
   </trkpt>
   <trkpt lat="47.3844350" lon="-122.0498390">
    <ele>137.1</ele>
    <time>2021-11-15T23:56:43Z</time>
   </trkpt>
   <trkpt lat="47.3844440" lon="-122.0498490">
    <ele>137.1</ele>
    <time>2021-11-15T23:56:44Z</time>
   </trkpt>
   <trkpt lat="47.3844640" lon="-122.0498620">
    <ele>137.1</ele>
    <time>2021-11-15T23:56:45Z</time>
   </trkpt>
   <trkpt lat="47.3844720" lon="-122.0498650">
    <ele>137.0</ele>
    <time>2021-11-15T23:56:46Z</time>
   </trkpt>
   <trkpt lat="47.3844790" lon="-122.0498690">
    <ele>137.0</ele>
    <time>2021-11-15T23:56:47Z</time>
   </trkpt>
   <trkpt lat="47.3844950" lon="-122.0498810">
    <ele>137.0</ele>
    <time>2021-11-15T23:56:48Z</time>
   </trkpt>
   <trkpt lat="47.3845000" lon="-122.0498860">
    <ele>137.0</ele>
    <time>2021-11-15T23:56:49Z</time>
   </trkpt>
   <trkpt lat="47.3845060" lon="-122.0498900">
    <ele>137.0</ele>
    <time>2021-11-15T23:56:50Z</time>
   </trkpt>
   <trkpt lat="47.3845120" lon="-122.0498940">
    <ele>137.0</ele>
    <time>2021-11-15T23:56:51Z</time>
   </trkpt>
   <trkpt lat="47.3845240" lon="-122.0499000">
    <ele>137.0</ele>
    <time>2021-11-15T23:56:52Z</time>
   </trkpt>
   <trkpt lat="47.3845430" lon="-122.0499040">
    <ele>137.0</ele>
    <time>2021-11-15T23:56:53Z</time>
   </trkpt>
   <trkpt lat="47.3845550" lon="-122.0499010">
    <ele>137.0</ele>
    <time>2021-11-15T23:56:54Z</time>
   </trkpt>
   <trkpt lat="47.3845580" lon="-122.0498970">
    <ele>137.0</ele>
    <time>2021-11-15T23:56:55Z</time>
   </trkpt>
   <trkpt lat="47.3845620" lon="-122.0498940">
    <ele>137.0</ele>
    <time>2021-11-15T23:56:56Z</time>
   </trkpt>
   <trkpt lat="47.3845610" lon="-122.0498930">
    <ele>137.0</ele>
    <time>2021-11-15T23:56:57Z</time>
   </trkpt>
   <trkpt lat="47.3845640" lon="-122.0498920">
    <ele>137.0</ele>
    <time>2021-11-15T23:56:58Z</time>
   </trkpt>
   <trkpt lat="47.3845680" lon="-122.0498930">
    <ele>137.0</ele>
    <time>2021-11-15T23:56:59Z</time>
   </trkpt>
   <trkpt lat="47.3845750" lon="-122.0498990">
    <ele>137.0</ele>
    <time>2021-11-15T23:57:00Z</time>
   </trkpt>
   <trkpt lat="47.3845830" lon="-122.0499040">
    <ele>137.0</ele>
    <time>2021-11-15T23:57:01Z</time>
   </trkpt>
   <trkpt lat="47.3845890" lon="-122.0499100">
    <ele>136.9</ele>
    <time>2021-11-15T23:57:02Z</time>
   </trkpt>
   <trkpt lat="47.3845920" lon="-122.0499120">
    <ele>136.9</ele>
    <time>2021-11-15T23:57:03Z</time>
   </trkpt>
   <trkpt lat="47.3845940" lon="-122.0499060">
    <ele>136.9</ele>
    <time>2021-11-15T23:57:05Z</time>
   </trkpt>
   <trkpt lat="47.3845960" lon="-122.0499070">
    <ele>136.9</ele>
    <time>2021-11-15T23:57:06Z</time>
   </trkpt>
   <trkpt lat="47.3846030" lon="-122.0499240">
    <ele>136.9</ele>
    <time>2021-11-15T23:57:07Z</time>
   </trkpt>
   <trkpt lat="47.3846110" lon="-122.0499240">
    <ele>136.9</ele>
    <time>2021-11-15T23:57:08Z</time>
   </trkpt>
   <trkpt lat="47.3846200" lon="-122.0499500">
    <ele>136.9</ele>
    <time>2021-11-15T23:57:09Z</time>
   </trkpt>
   <trkpt lat="47.3846250" lon="-122.0499600">
    <ele>136.9</ele>
    <time>2021-11-15T23:57:10Z</time>
   </trkpt>
   <trkpt lat="47.3846310" lon="-122.0499660">
    <ele>136.9</ele>
    <time>2021-11-15T23:57:11Z</time>
   </trkpt>
   <trkpt lat="47.3846350" lon="-122.0499730">
    <ele>136.9</ele>
    <time>2021-11-15T23:57:12Z</time>
   </trkpt>
   <trkpt lat="47.3846350" lon="-122.0499660">
    <ele>136.9</ele>
    <time>2021-11-15T23:57:13Z</time>
   </trkpt>
   <trkpt lat="47.3846520" lon="-122.0499570">
    <ele>136.9</ele>
    <time>2021-11-15T23:57:14Z</time>
   </trkpt>
   <trkpt lat="47.3846500" lon="-122.0499590">
    <ele>136.8</ele>
    <time>2021-11-15T23:57:15Z</time>
   </trkpt>
   <trkpt lat="47.3846560" lon="-122.0499630">
    <ele>136.8</ele>
    <time>2021-11-15T23:57:16Z</time>
   </trkpt>
   <trkpt lat="47.3846590" lon="-122.0499600">
    <ele>136.8</ele>
    <time>2021-11-15T23:57:17Z</time>
   </trkpt>
   <trkpt lat="47.3846610" lon="-122.0499590">
    <ele>136.8</ele>
    <time>2021-11-15T23:57:18Z</time>
   </trkpt>
   <trkpt lat="47.3846630" lon="-122.0499630">
    <ele>136.8</ele>
    <time>2021-11-15T23:57:19Z</time>
   </trkpt>
   <trkpt lat="47.3846630" lon="-122.0499640">
    <ele>136.8</ele>
    <time>2021-11-15T23:57:20Z</time>
   </trkpt>
   <trkpt lat="47.3846650" lon="-122.0499640">
    <ele>136.8</ele>
    <time>2021-11-15T23:57:21Z</time>
   </trkpt>
   <trkpt lat="47.3846670" lon="-122.0499670">
    <ele>136.8</ele>
    <time>2021-11-15T23:57:22Z</time>
   </trkpt>
   <trkpt lat="47.3846670" lon="-122.0499650">
    <ele>136.8</ele>
    <time>2021-11-15T23:57:23Z</time>
   </trkpt>
   <trkpt lat="47.3846710" lon="-122.0499640">
    <ele>136.8</ele>
    <time>2021-11-15T23:57:24Z</time>
   </trkpt>
   <trkpt lat="47.3846760" lon="-122.0499630">
    <ele>136.8</ele>
    <time>2021-11-15T23:57:25Z</time>
   </trkpt>
   <trkpt lat="47.3846800" lon="-122.0499620">
    <ele>136.8</ele>
    <time>2021-11-15T23:57:26Z</time>
   </trkpt>
   <trkpt lat="47.3846920" lon="-122.0499590">
    <ele>136.8</ele>
    <time>2021-11-15T23:57:27Z</time>
   </trkpt>
   <trkpt lat="47.3847020" lon="-122.0499550">
    <ele>136.8</ele>
    <time>2021-11-15T23:57:28Z</time>
   </trkpt>
   <trkpt lat="47.3847030" lon="-122.0499540">
    <ele>136.7</ele>
    <time>2021-11-15T23:57:29Z</time>
   </trkpt>
   <trkpt lat="47.3847080" lon="-122.0499590">
    <ele>136.7</ele>
    <time>2021-11-15T23:57:30Z</time>
   </trkpt>
   <trkpt lat="47.3847140" lon="-122.0499570">
    <ele>136.7</ele>
    <time>2021-11-15T23:57:31Z</time>
   </trkpt>
   <trkpt lat="47.3847200" lon="-122.0499560">
    <ele>136.7</ele>
    <time>2021-11-15T23:57:32Z</time>
   </trkpt>
   <trkpt lat="47.3847190" lon="-122.0499490">
    <ele>136.7</ele>
    <time>2021-11-15T23:57:33Z</time>
   </trkpt>
   <trkpt lat="47.3847240" lon="-122.0499470">
    <ele>136.7</ele>
    <time>2021-11-15T23:57:34Z</time>
   </trkpt>
   <trkpt lat="47.3847340" lon="-122.0499450">
    <ele>136.7</ele>
    <time>2021-11-15T23:57:35Z</time>
   </trkpt>
   <trkpt lat="47.3847400" lon="-122.0499500">
    <ele>136.7</ele>
    <time>2021-11-15T23:57:36Z</time>
   </trkpt>
   <trkpt lat="47.3847500" lon="-122.0499470">
    <ele>136.7</ele>
    <time>2021-11-15T23:57:37Z</time>
   </trkpt>
   <trkpt lat="47.3847580" lon="-122.0499440">
    <ele>136.6</ele>
    <time>2021-11-15T23:57:38Z</time>
   </trkpt>
   <trkpt lat="47.3847650" lon="-122.0499460">
    <ele>136.6</ele>
    <time>2021-11-15T23:57:39Z</time>
   </trkpt>
   <trkpt lat="47.3847730" lon="-122.0499450">
    <ele>136.6</ele>
    <time>2021-11-15T23:57:40Z</time>
   </trkpt>
   <trkpt lat="47.3847790" lon="-122.0499420">
    <ele>136.6</ele>
    <time>2021-11-15T23:57:41Z</time>
   </trkpt>
   <trkpt lat="47.3847880" lon="-122.0499410">
    <ele>136.6</ele>
    <time>2021-11-15T23:57:42Z</time>
   </trkpt>
   <trkpt lat="47.3847940" lon="-122.0499460">
    <ele>136.6</ele>
    <time>2021-11-15T23:57:43Z</time>
   </trkpt>
   <trkpt lat="47.3848070" lon="-122.0499490">
    <ele>136.5</ele>
    <time>2021-11-15T23:57:44Z</time>
   </trkpt>
   <trkpt lat="47.3848110" lon="-122.0499480">
    <ele>136.5</ele>
    <time>2021-11-15T23:57:45Z</time>
   </trkpt>
   <trkpt lat="47.3848120" lon="-122.0499490">
    <ele>136.5</ele>
    <time>2021-11-15T23:57:46Z</time>
   </trkpt>
   <trkpt lat="47.3848220" lon="-122.0499480">
    <ele>136.5</ele>
    <time>2021-11-15T23:57:47Z</time>
   </trkpt>
   <trkpt lat="47.3848360" lon="-122.0499510">
    <ele>136.5</ele>
    <time>2021-11-15T23:57:48Z</time>
   </trkpt>
   <trkpt lat="47.3848510" lon="-122.0499530">
    <ele>136.4</ele>
    <time>2021-11-15T23:57:49Z</time>
   </trkpt>
   <trkpt lat="47.3848600" lon="-122.0499590">
    <ele>136.4</ele>
    <time>2021-11-15T23:57:50Z</time>
   </trkpt>
   <trkpt lat="47.3848710" lon="-122.0499520">
    <ele>136.4</ele>
    <time>2021-11-15T23:57:51Z</time>
   </trkpt>
   <trkpt lat="47.3848850" lon="-122.0499550">
    <ele>136.4</ele>
    <time>2021-11-15T23:57:52Z</time>
   </trkpt>
   <trkpt lat="47.3848930" lon="-122.0499570">
    <ele>136.4</ele>
    <time>2021-11-15T23:57:53Z</time>
   </trkpt>
   <trkpt lat="47.3849050" lon="-122.0499550">
    <ele>136.3</ele>
    <time>2021-11-15T23:57:54Z</time>
   </trkpt>
   <trkpt lat="47.3849150" lon="-122.0499500">
    <ele>136.3</ele>
    <time>2021-11-15T23:57:55Z</time>
   </trkpt>
   <trkpt lat="47.3849210" lon="-122.0499430">
    <ele>136.3</ele>
    <time>2021-11-15T23:57:56Z</time>
   </trkpt>
   <trkpt lat="47.3849240" lon="-122.0499410">
    <ele>136.3</ele>
    <time>2021-11-15T23:57:57Z</time>
   </trkpt>
   <trkpt lat="47.3849400" lon="-122.0499340">
    <ele>136.3</ele>
    <time>2021-11-15T23:57:58Z</time>
   </trkpt>
   <trkpt lat="47.3849450" lon="-122.0499330">
    <ele>136.3</ele>
    <time>2021-11-15T23:57:59Z</time>
   </trkpt>
   <trkpt lat="47.3849570" lon="-122.0499340">
    <ele>136.2</ele>
    <time>2021-11-15T23:58:00Z</time>
   </trkpt>
   <trkpt lat="47.3849620" lon="-122.0499350">
    <ele>136.2</ele>
    <time>2021-11-15T23:58:01Z</time>
   </trkpt>
   <trkpt lat="47.3849700" lon="-122.0499430">
    <ele>136.2</ele>
    <time>2021-11-15T23:58:02Z</time>
   </trkpt>
   <trkpt lat="47.3849900" lon="-122.0499450">
    <ele>136.2</ele>
    <time>2021-11-15T23:58:03Z</time>
   </trkpt>
   <trkpt lat="47.3849980" lon="-122.0499460">
    <ele>136.2</ele>
    <time>2021-11-15T23:58:04Z</time>
   </trkpt>
   <trkpt lat="47.3850070" lon="-122.0499470">
    <ele>136.2</ele>
    <time>2021-11-15T23:58:05Z</time>
   </trkpt>
   <trkpt lat="47.3850230" lon="-122.0499440">
    <ele>136.1</ele>
    <time>2021-11-15T23:58:06Z</time>
   </trkpt>
   <trkpt lat="47.3850340" lon="-122.0499400">
    <ele>136.1</ele>
    <time>2021-11-15T23:58:07Z</time>
   </trkpt>
   <trkpt lat="47.3850400" lon="-122.0499410">
    <ele>136.1</ele>
    <time>2021-11-15T23:58:08Z</time>
   </trkpt>
   <trkpt lat="47.3850490" lon="-122.0499420">
    <ele>136.1</ele>
    <time>2021-11-15T23:58:09Z</time>
   </trkpt>
   <trkpt lat="47.3850600" lon="-122.0499500">
    <ele>136.1</ele>
    <time>2021-11-15T23:58:10Z</time>
   </trkpt>
   <trkpt lat="47.3850700" lon="-122.0499470">
    <ele>136.0</ele>
    <time>2021-11-15T23:58:11Z</time>
   </trkpt>
   <trkpt lat="47.3851030" lon="-122.0499410">
    <ele>136.0</ele>
    <time>2021-11-15T23:58:12Z</time>
   </trkpt>
   <trkpt lat="47.3851110" lon="-122.0499420">
    <ele>136.0</ele>
    <time>2021-11-15T23:58:13Z</time>
   </trkpt>
   <trkpt lat="47.3851290" lon="-122.0499370">
    <ele>135.9</ele>
    <time>2021-11-15T23:58:14Z</time>
   </trkpt>
   <trkpt lat="47.3851380" lon="-122.0499380">
    <ele>135.9</ele>
    <time>2021-11-15T23:58:15Z</time>
   </trkpt>
   <trkpt lat="47.3851470" lon="-122.0499390">
    <ele>135.9</ele>
    <time>2021-11-15T23:58:16Z</time>
   </trkpt>
   <trkpt lat="47.3851600" lon="-122.0499420">
    <ele>135.9</ele>
    <time>2021-11-15T23:58:17Z</time>
   </trkpt>
   <trkpt lat="47.3851650" lon="-122.0499470">
    <ele>135.9</ele>
    <time>2021-11-15T23:58:18Z</time>
   </trkpt>
   <trkpt lat="47.3851690" lon="-122.0499460">
    <ele>135.9</ele>
    <time>2021-11-15T23:58:19Z</time>
   </trkpt>
   <trkpt lat="47.3851800" lon="-122.0499460">
    <ele>135.8</ele>
    <time>2021-11-15T23:58:20Z</time>
   </trkpt>
   <trkpt lat="47.3851870" lon="-122.0499500">
    <ele>135.8</ele>
    <time>2021-11-15T23:58:21Z</time>
   </trkpt>
   <trkpt lat="47.3851980" lon="-122.0499590">
    <ele>135.8</ele>
    <time>2021-11-15T23:58:22Z</time>
   </trkpt>
   <trkpt lat="47.3852010" lon="-122.0499640">
    <ele>135.8</ele>
    <time>2021-11-15T23:58:23Z</time>
   </trkpt>
   <trkpt lat="47.3852090" lon="-122.0499710">
    <ele>135.8</ele>
    <time>2021-11-15T23:58:24Z</time>
   </trkpt>
   <trkpt lat="47.3852260" lon="-122.0499730">
    <ele>135.7</ele>
    <time>2021-11-15T23:58:25Z</time>
   </trkpt>
   <trkpt lat="47.3852380" lon="-122.0499770">
    <ele>135.7</ele>
    <time>2021-11-15T23:58:26Z</time>
   </trkpt>
   <trkpt lat="47.3852440" lon="-122.0499820">
    <ele>135.7</ele>
    <time>2021-11-15T23:58:27Z</time>
   </trkpt>
   <trkpt lat="47.3852410" lon="-122.0499840">
    <ele>135.7</ele>
    <time>2021-11-15T23:58:28Z</time>
   </trkpt>
   <trkpt lat="47.3852370" lon="-122.0499850">
    <ele>135.7</ele>
    <time>2021-11-15T23:58:29Z</time>
   </trkpt>
   <trkpt lat="47.3852520" lon="-122.0499890">
    <ele>135.7</ele>
    <time>2021-11-15T23:58:30Z</time>
   </trkpt>
   <trkpt lat="47.3852660" lon="-122.0499920">
    <ele>135.7</ele>
    <time>2021-11-15T23:58:31Z</time>
   </trkpt>
   <trkpt lat="47.3852700" lon="-122.0499940">
    <ele>135.7</ele>
    <time>2021-11-15T23:58:32Z</time>
   </trkpt>
   <trkpt lat="47.3852870" lon="-122.0499950">
    <ele>135.6</ele>
    <time>2021-11-15T23:58:33Z</time>
   </trkpt>
   <trkpt lat="47.3853000" lon="-122.0500020">
    <ele>135.6</ele>
    <time>2021-11-15T23:58:34Z</time>
   </trkpt>
   <trkpt lat="47.3853200" lon="-122.0500050">
    <ele>135.6</ele>
    <time>2021-11-15T23:58:35Z</time>
   </trkpt>
   <trkpt lat="47.3853280" lon="-122.0500060">
    <ele>135.6</ele>
    <time>2021-11-15T23:58:36Z</time>
   </trkpt>
   <trkpt lat="47.3853370" lon="-122.0500080">
    <ele>135.5</ele>
    <time>2021-11-15T23:58:37Z</time>
   </trkpt>
   <trkpt lat="47.3853450" lon="-122.0500010">
    <ele>135.5</ele>
    <time>2021-11-15T23:58:38Z</time>
   </trkpt>
   <trkpt lat="47.3853520" lon="-122.0500020">
    <ele>135.5</ele>
    <time>2021-11-15T23:58:39Z</time>
   </trkpt>
   <trkpt lat="47.3853660" lon="-122.0499970">
    <ele>135.5</ele>
    <time>2021-11-15T23:58:40Z</time>
   </trkpt>
   <trkpt lat="47.3853760" lon="-122.0499950">
    <ele>135.5</ele>
    <time>2021-11-15T23:58:41Z</time>
   </trkpt>
   <trkpt lat="47.3853830" lon="-122.0499910">
    <ele>135.5</ele>
    <time>2021-11-15T23:58:42Z</time>
   </trkpt>
   <trkpt lat="47.3853940" lon="-122.0499850">
    <ele>135.5</ele>
    <time>2021-11-15T23:58:43Z</time>
   </trkpt>
   <trkpt lat="47.3854150" lon="-122.0499740">
    <ele>135.4</ele>
    <time>2021-11-15T23:58:44Z</time>
   </trkpt>
   <trkpt lat="47.3854250" lon="-122.0499720">
    <ele>135.4</ele>
    <time>2021-11-15T23:58:45Z</time>
   </trkpt>
   <trkpt lat="47.3854340" lon="-122.0499710">
    <ele>135.4</ele>
    <time>2021-11-15T23:58:46Z</time>
   </trkpt>
   <trkpt lat="47.3854460" lon="-122.0499730">
    <ele>135.4</ele>
    <time>2021-11-15T23:58:47Z</time>
   </trkpt>
   <trkpt lat="47.3854520" lon="-122.0499720">
    <ele>135.4</ele>
    <time>2021-11-15T23:58:48Z</time>
   </trkpt>
   <trkpt lat="47.3854650" lon="-122.0499650">
    <ele>135.4</ele>
    <time>2021-11-15T23:58:49Z</time>
   </trkpt>
   <trkpt lat="47.3854770" lon="-122.0499630">
    <ele>135.4</ele>
    <time>2021-11-15T23:58:50Z</time>
   </trkpt>
   <trkpt lat="47.3854880" lon="-122.0499580">
    <ele>135.4</ele>
    <time>2021-11-15T23:58:51Z</time>
   </trkpt>
   <trkpt lat="47.3854960" lon="-122.0499540">
    <ele>135.3</ele>
    <time>2021-11-15T23:58:52Z</time>
   </trkpt>
   <trkpt lat="47.3855100" lon="-122.0499460">
    <ele>135.3</ele>
    <time>2021-11-15T23:58:53Z</time>
   </trkpt>
   <trkpt lat="47.3855180" lon="-122.0499440">
    <ele>135.3</ele>
    <time>2021-11-15T23:58:54Z</time>
   </trkpt>
   <trkpt lat="47.3855250" lon="-122.0499430">
    <ele>135.3</ele>
    <time>2021-11-15T23:58:55Z</time>
   </trkpt>
   <trkpt lat="47.3855330" lon="-122.0499410">
    <ele>135.3</ele>
    <time>2021-11-15T23:58:56Z</time>
   </trkpt>
   <trkpt lat="47.3855470" lon="-122.0499360">
    <ele>135.3</ele>
    <time>2021-11-15T23:58:57Z</time>
   </trkpt>
   <trkpt lat="47.3855510" lon="-122.0499320">
    <ele>135.3</ele>
    <time>2021-11-15T23:58:58Z</time>
   </trkpt>
   <trkpt lat="47.3855580" lon="-122.0499310">
    <ele>135.3</ele>
    <time>2021-11-15T23:58:59Z</time>
   </trkpt>
   <trkpt lat="47.3855680" lon="-122.0499310">
    <ele>135.2</ele>
    <time>2021-11-15T23:59:00Z</time>
   </trkpt>
   <trkpt lat="47.3855880" lon="-122.0499280">
    <ele>135.2</ele>
    <time>2021-11-15T23:59:01Z</time>
   </trkpt>
   <trkpt lat="47.3855960" lon="-122.0499310">
    <ele>135.2</ele>
    <time>2021-11-15T23:59:02Z</time>
   </trkpt>
   <trkpt lat="47.3856040" lon="-122.0499350">
    <ele>135.2</ele>
    <time>2021-11-15T23:59:03Z</time>
   </trkpt>
   <trkpt lat="47.3856180" lon="-122.0499300">
    <ele>135.2</ele>
    <time>2021-11-15T23:59:04Z</time>
   </trkpt>
   <trkpt lat="47.3856220" lon="-122.0499290">
    <ele>135.2</ele>
    <time>2021-11-15T23:59:05Z</time>
   </trkpt>
   <trkpt lat="47.3856350" lon="-122.0499280">
    <ele>135.2</ele>
    <time>2021-11-15T23:59:06Z</time>
   </trkpt>
   <trkpt lat="47.3856560" lon="-122.0499210">
    <ele>135.1</ele>
    <time>2021-11-15T23:59:07Z</time>
   </trkpt>
   <trkpt lat="47.3856630" lon="-122.0499180">
    <ele>135.1</ele>
    <time>2021-11-15T23:59:08Z</time>
   </trkpt>
   <trkpt lat="47.3856700" lon="-122.0499150">
    <ele>135.1</ele>
    <time>2021-11-15T23:59:09Z</time>
   </trkpt>
   <trkpt lat="47.3856770" lon="-122.0499160">
    <ele>135.1</ele>
    <time>2021-11-15T23:59:11Z</time>
   </trkpt>
   <trkpt lat="47.3856860" lon="-122.0499150">
    <ele>135.1</ele>
    <time>2021-11-15T23:59:12Z</time>
   </trkpt>
   <trkpt lat="47.3856950" lon="-122.0499120">
    <ele>135.1</ele>
    <time>2021-11-15T23:59:13Z</time>
   </trkpt>
   <trkpt lat="47.3857050" lon="-122.0499100">
    <ele>135.1</ele>
    <time>2021-11-15T23:59:14Z</time>
   </trkpt>
   <trkpt lat="47.3857170" lon="-122.0499130">
    <ele>135.1</ele>
    <time>2021-11-15T23:59:15Z</time>
   </trkpt>
   <trkpt lat="47.3857260" lon="-122.0499100">
    <ele>135.1</ele>
    <time>2021-11-15T23:59:16Z</time>
   </trkpt>
   <trkpt lat="47.3857370" lon="-122.0499090">
    <ele>135.0</ele>
    <time>2021-11-15T23:59:17Z</time>
   </trkpt>
   <trkpt lat="47.3857560" lon="-122.0499070">
    <ele>135.0</ele>
    <time>2021-11-15T23:59:18Z</time>
   </trkpt>
   <trkpt lat="47.3857650" lon="-122.0499060">
    <ele>135.0</ele>
    <time>2021-11-15T23:59:19Z</time>
   </trkpt>
   <trkpt lat="47.3857730" lon="-122.0499050">
    <ele>135.0</ele>
    <time>2021-11-15T23:59:20Z</time>
   </trkpt>
   <trkpt lat="47.3857870" lon="-122.0499110">
    <ele>135.0</ele>
    <time>2021-11-15T23:59:21Z</time>
   </trkpt>
   <trkpt lat="47.3857960" lon="-122.0499080">
    <ele>135.0</ele>
    <time>2021-11-15T23:59:22Z</time>
   </trkpt>
   <trkpt lat="47.3858070" lon="-122.0499120">
    <ele>135.0</ele>
    <time>2021-11-15T23:59:23Z</time>
   </trkpt>
   <trkpt lat="47.3858210" lon="-122.0499070">
    <ele>134.9</ele>
    <time>2021-11-15T23:59:24Z</time>
   </trkpt>
   <trkpt lat="47.3858360" lon="-122.0499020">
    <ele>134.9</ele>
    <time>2021-11-15T23:59:25Z</time>
   </trkpt>
   <trkpt lat="47.3858450" lon="-122.0499010">
    <ele>134.9</ele>
    <time>2021-11-15T23:59:26Z</time>
   </trkpt>
   <trkpt lat="47.3858560" lon="-122.0498930">
    <ele>134.9</ele>
    <time>2021-11-15T23:59:27Z</time>
   </trkpt>
   <trkpt lat="47.3858710" lon="-122.0498920">
    <ele>134.9</ele>
    <time>2021-11-15T23:59:28Z</time>
   </trkpt>
   <trkpt lat="47.3858790" lon="-122.0498910">
    <ele>134.9</ele>
    <time>2021-11-15T23:59:29Z</time>
   </trkpt>
   <trkpt lat="47.3858920" lon="-122.0498890">
    <ele>134.9</ele>
    <time>2021-11-15T23:59:30Z</time>
   </trkpt>
   <trkpt lat="47.3859000" lon="-122.0498920">
    <ele>134.8</ele>
    <time>2021-11-15T23:59:31Z</time>
   </trkpt>
   <trkpt lat="47.3859190" lon="-122.0498870">
    <ele>134.8</ele>
    <time>2021-11-15T23:59:32Z</time>
   </trkpt>
   <trkpt lat="47.3859290" lon="-122.0498870">
    <ele>134.8</ele>
    <time>2021-11-15T23:59:33Z</time>
   </trkpt>
   <trkpt lat="47.3859390" lon="-122.0498860">
    <ele>134.8</ele>
    <time>2021-11-15T23:59:34Z</time>
   </trkpt>
   <trkpt lat="47.3859490" lon="-122.0498920">
    <ele>134.8</ele>
    <time>2021-11-15T23:59:35Z</time>
   </trkpt>
   <trkpt lat="47.3859530" lon="-122.0498910">
    <ele>134.8</ele>
    <time>2021-11-15T23:59:36Z</time>
   </trkpt>
   <trkpt lat="47.3859590" lon="-122.0498800">
    <ele>134.8</ele>
    <time>2021-11-15T23:59:37Z</time>
   </trkpt>
   <trkpt lat="47.3859720" lon="-122.0498720">
    <ele>134.8</ele>
    <time>2021-11-15T23:59:38Z</time>
   </trkpt>
   <trkpt lat="47.3859770" lon="-122.0498650">
    <ele>134.7</ele>
    <time>2021-11-15T23:59:39Z</time>
   </trkpt>
   <trkpt lat="47.3859850" lon="-122.0498640">
    <ele>134.7</ele>
    <time>2021-11-15T23:59:40Z</time>
   </trkpt>
   <trkpt lat="47.3859940" lon="-122.0498630">
    <ele>134.7</ele>
    <time>2021-11-15T23:59:41Z</time>
   </trkpt>
   <trkpt lat="47.3860060" lon="-122.0498670">
    <ele>134.7</ele>
    <time>2021-11-15T23:59:42Z</time>
   </trkpt>
   <trkpt lat="47.3860270" lon="-122.0498600">
    <ele>134.7</ele>
    <time>2021-11-15T23:59:43Z</time>
   </trkpt>
   <trkpt lat="47.3860350" lon="-122.0498600">
    <ele>134.7</ele>
    <time>2021-11-15T23:59:44Z</time>
   </trkpt>
   <trkpt lat="47.3860430" lon="-122.0498610">
    <ele>134.7</ele>
    <time>2021-11-15T23:59:45Z</time>
   </trkpt>
   <trkpt lat="47.3860550" lon="-122.0498600">
    <ele>134.7</ele>
    <time>2021-11-15T23:59:46Z</time>
   </trkpt>
   <trkpt lat="47.3860640" lon="-122.0498530">
    <ele>134.7</ele>
    <time>2021-11-15T23:59:47Z</time>
   </trkpt>
   <trkpt lat="47.3860750" lon="-122.0498470">
    <ele>134.6</ele>
    <time>2021-11-15T23:59:48Z</time>
   </trkpt>
   <trkpt lat="47.3860910" lon="-122.0498390">
    <ele>134.6</ele>
    <time>2021-11-15T23:59:49Z</time>
   </trkpt>
   <trkpt lat="47.3861050" lon="-122.0498340">
    <ele>134.6</ele>
    <time>2021-11-15T23:59:50Z</time>
   </trkpt>
   <trkpt lat="47.3861200" lon="-122.0498340">
    <ele>134.6</ele>
    <time>2021-11-15T23:59:51Z</time>
   </trkpt>
   <trkpt lat="47.3861300" lon="-122.0498310">
    <ele>134.6</ele>
    <time>2021-11-15T23:59:52Z</time>
   </trkpt>
   <trkpt lat="47.3861360" lon="-122.0498260">
    <ele>134.6</ele>
    <time>2021-11-15T23:59:53Z</time>
   </trkpt>
   <trkpt lat="47.3861510" lon="-122.0498110">
    <ele>134.6</ele>
    <time>2021-11-15T23:59:54Z</time>
   </trkpt>
   <trkpt lat="47.3861610" lon="-122.0498070">
    <ele>134.6</ele>
    <time>2021-11-15T23:59:55Z</time>
   </trkpt>
   <trkpt lat="47.3861710" lon="-122.0498030">
    <ele>134.6</ele>
    <time>2021-11-15T23:59:56Z</time>
   </trkpt>
   <trkpt lat="47.3861880" lon="-122.0498010">
    <ele>134.6</ele>
    <time>2021-11-15T23:59:57Z</time>
   </trkpt>
   <trkpt lat="47.3861940" lon="-122.0498050">
    <ele>134.6</ele>
    <time>2021-11-15T23:59:58Z</time>
   </trkpt>
   <trkpt lat="47.3862020" lon="-122.0498050">
    <ele>134.6</ele>
    <time>2021-11-15T23:59:59Z</time>
   </trkpt>
   <trkpt lat="47.3862160" lon="-122.0498000">
    <ele>134.6</ele>
    <time>2021-11-16T00:00:00Z</time>
   </trkpt>
   <trkpt lat="47.3862270" lon="-122.0497950">
    <ele>134.6</ele>
    <time>2021-11-16T00:00:01Z</time>
   </trkpt>
   <trkpt lat="47.3862370" lon="-122.0497980">
    <ele>134.6</ele>
    <time>2021-11-16T00:00:02Z</time>
   </trkpt>
   <trkpt lat="47.3862570" lon="-122.0497890">
    <ele>134.5</ele>
    <time>2021-11-16T00:00:03Z</time>
   </trkpt>
   <trkpt lat="47.3862660" lon="-122.0497860">
    <ele>134.5</ele>
    <time>2021-11-16T00:00:04Z</time>
   </trkpt>
   <trkpt lat="47.3862750" lon="-122.0497830">
    <ele>134.5</ele>
    <time>2021-11-16T00:00:05Z</time>
   </trkpt>
   <trkpt lat="47.3862970" lon="-122.0497750">
    <ele>134.5</ele>
    <time>2021-11-16T00:00:06Z</time>
   </trkpt>
   <trkpt lat="47.3863050" lon="-122.0497720">
    <ele>134.5</ele>
    <time>2021-11-16T00:00:07Z</time>
   </trkpt>
   <trkpt lat="47.3863130" lon="-122.0497680">
    <ele>134.5</ele>
    <time>2021-11-16T00:00:08Z</time>
   </trkpt>
   <trkpt lat="47.3863260" lon="-122.0497610">
    <ele>134.5</ele>
    <time>2021-11-16T00:00:09Z</time>
   </trkpt>
   <trkpt lat="47.3863430" lon="-122.0497500">
    <ele>134.5</ele>
    <time>2021-11-16T00:00:10Z</time>
   </trkpt>
   <trkpt lat="47.3863540" lon="-122.0497400">
    <ele>134.5</ele>
    <time>2021-11-16T00:00:11Z</time>
   </trkpt>
   <trkpt lat="47.3863620" lon="-122.0497350">
    <ele>134.5</ele>
    <time>2021-11-16T00:00:12Z</time>
   </trkpt>
   <trkpt lat="47.3863690" lon="-122.0497360">
    <ele>134.5</ele>
    <time>2021-11-16T00:00:13Z</time>
   </trkpt>
   <trkpt lat="47.3863820" lon="-122.0497320">
    <ele>134.5</ele>
    <time>2021-11-16T00:00:14Z</time>
   </trkpt>
   <trkpt lat="47.3863930" lon="-122.0497290">
    <ele>134.5</ele>
    <time>2021-11-16T00:00:15Z</time>
   </trkpt>
   <trkpt lat="47.3864160" lon="-122.0497210">
    <ele>134.5</ele>
    <time>2021-11-16T00:00:16Z</time>
   </trkpt>
   <trkpt lat="47.3864330" lon="-122.0497140">
    <ele>134.4</ele>
    <time>2021-11-16T00:00:17Z</time>
   </trkpt>
   <trkpt lat="47.3864550" lon="-122.0497050">
    <ele>134.4</ele>
    <time>2021-11-16T00:00:18Z</time>
   </trkpt>
   <trkpt lat="47.3864640" lon="-122.0497010">
    <ele>134.4</ele>
    <time>2021-11-16T00:00:19Z</time>
   </trkpt>
   <trkpt lat="47.3864720" lon="-122.0496960">
    <ele>134.4</ele>
    <time>2021-11-16T00:00:20Z</time>
   </trkpt>
   <trkpt lat="47.3864890" lon="-122.0496890">
    <ele>134.4</ele>
    <time>2021-11-16T00:00:21Z</time>
   </trkpt>
   <trkpt lat="47.3865010" lon="-122.0496820">
    <ele>134.4</ele>
    <time>2021-11-16T00:00:22Z</time>
   </trkpt>
   <trkpt lat="47.3865210" lon="-122.0496720">
    <ele>134.4</ele>
    <time>2021-11-16T00:00:23Z</time>
   </trkpt>
   <trkpt lat="47.3865290" lon="-122.0496680">
    <ele>134.4</ele>
    <time>2021-11-16T00:00:24Z</time>
   </trkpt>
   <trkpt lat="47.3865370" lon="-122.0496640">
    <ele>134.4</ele>
    <time>2021-11-16T00:00:25Z</time>
   </trkpt>
   <trkpt lat="47.3865580" lon="-122.0496640">
    <ele>134.4</ele>
    <time>2021-11-16T00:00:26Z</time>
   </trkpt>
   <trkpt lat="47.3865720" lon="-122.0496610">
    <ele>134.4</ele>
    <time>2021-11-16T00:00:27Z</time>
   </trkpt>
   <trkpt lat="47.3865860" lon="-122.0496580">
    <ele>134.3</ele>
    <time>2021-11-16T00:00:28Z</time>
   </trkpt>
   <trkpt lat="47.3866070" lon="-122.0496500">
    <ele>134.3</ele>
    <time>2021-11-16T00:00:29Z</time>
   </trkpt>
   <trkpt lat="47.3866140" lon="-122.0496490">
    <ele>134.3</ele>
    <time>2021-11-16T00:00:30Z</time>
   </trkpt>
   <trkpt lat="47.3866220" lon="-122.0496480">
    <ele>134.3</ele>
    <time>2021-11-16T00:00:31Z</time>
   </trkpt>
   <trkpt lat="47.3866330" lon="-122.0496440">
    <ele>134.3</ele>
    <time>2021-11-16T00:00:32Z</time>
   </trkpt>
   <trkpt lat="47.3866380" lon="-122.0496430">
    <ele>134.3</ele>
    <time>2021-11-16T00:00:33Z</time>
   </trkpt>
   <trkpt lat="47.3866460" lon="-122.0496320">
    <ele>134.3</ele>
    <time>2021-11-16T00:00:34Z</time>
   </trkpt>
   <trkpt lat="47.3866560" lon="-122.0496320">
    <ele>134.3</ele>
    <time>2021-11-16T00:00:35Z</time>
   </trkpt>
   <trkpt lat="47.3866620" lon="-122.0496270">
    <ele>134.3</ele>
    <time>2021-11-16T00:00:36Z</time>
   </trkpt>
   <trkpt lat="47.3866680" lon="-122.0496240">
    <ele>134.3</ele>
    <time>2021-11-16T00:00:37Z</time>
   </trkpt>
   <trkpt lat="47.3866850" lon="-122.0496170">
    <ele>134.3</ele>
    <time>2021-11-16T00:00:38Z</time>
   </trkpt>
   <trkpt lat="47.3866950" lon="-122.0496200">
    <ele>134.3</ele>
    <time>2021-11-16T00:00:39Z</time>
   </trkpt>
   <trkpt lat="47.3867120" lon="-122.0496210">
    <ele>134.3</ele>
    <time>2021-11-16T00:00:40Z</time>
   </trkpt>
   <trkpt lat="47.3867230" lon="-122.0496170">
    <ele>134.3</ele>
    <time>2021-11-16T00:00:41Z</time>
   </trkpt>
   <trkpt lat="47.3867380" lon="-122.0496070">
    <ele>134.2</ele>
    <time>2021-11-16T00:00:42Z</time>
   </trkpt>
   <trkpt lat="47.3867540" lon="-122.0495970">
    <ele>134.2</ele>
    <time>2021-11-16T00:00:43Z</time>
   </trkpt>
   <trkpt lat="47.3867670" lon="-122.0495890">
    <ele>134.2</ele>
    <time>2021-11-16T00:00:44Z</time>
   </trkpt>
   <trkpt lat="47.3867790" lon="-122.0495750">
    <ele>134.2</ele>
    <time>2021-11-16T00:00:45Z</time>
   </trkpt>
   <trkpt lat="47.3867920" lon="-122.0495630">
    <ele>134.2</ele>
    <time>2021-11-16T00:00:46Z</time>
   </trkpt>
   <trkpt lat="47.3868070" lon="-122.0495580">
    <ele>134.2</ele>
    <time>2021-11-16T00:00:47Z</time>
   </trkpt>
   <trkpt lat="47.3868220" lon="-122.0495500">
    <ele>134.2</ele>
    <time>2021-11-16T00:00:48Z</time>
   </trkpt>
   <trkpt lat="47.3868340" lon="-122.0495430">
    <ele>134.2</ele>
    <time>2021-11-16T00:00:49Z</time>
   </trkpt>
   <trkpt lat="47.3868410" lon="-122.0495420">
    <ele>134.2</ele>
    <time>2021-11-16T00:00:50Z</time>
   </trkpt>
   <trkpt lat="47.3868550" lon="-122.0495310">
    <ele>134.2</ele>
    <time>2021-11-16T00:00:51Z</time>
   </trkpt>
   <trkpt lat="47.3868700" lon="-122.0495220">
    <ele>134.2</ele>
    <time>2021-11-16T00:00:52Z</time>
   </trkpt>
   <trkpt lat="47.3868750" lon="-122.0495140">
    <ele>134.2</ele>
    <time>2021-11-16T00:00:53Z</time>
   </trkpt>
   <trkpt lat="47.3868810" lon="-122.0495060">
    <ele>134.1</ele>
    <time>2021-11-16T00:00:54Z</time>
   </trkpt>
   <trkpt lat="47.3868890" lon="-122.0494990">
    <ele>134.1</ele>
    <time>2021-11-16T00:00:55Z</time>
   </trkpt>
   <trkpt lat="47.3868990" lon="-122.0494930">
    <ele>134.1</ele>
    <time>2021-11-16T00:00:56Z</time>
   </trkpt>
   <trkpt lat="47.3869130" lon="-122.0494860">
    <ele>134.1</ele>
    <time>2021-11-16T00:00:57Z</time>
   </trkpt>
   <trkpt lat="47.3869270" lon="-122.0494770">
    <ele>134.1</ele>
    <time>2021-11-16T00:00:58Z</time>
   </trkpt>
   <trkpt lat="47.3869390" lon="-122.0494650">
    <ele>134.1</ele>
    <time>2021-11-16T00:00:59Z</time>
   </trkpt>
   <trkpt lat="47.3869570" lon="-122.0494540">
    <ele>134.0</ele>
    <time>2021-11-16T00:01:00Z</time>
   </trkpt>
   <trkpt lat="47.3869660" lon="-122.0494480">
    <ele>134.0</ele>
    <time>2021-11-16T00:01:01Z</time>
   </trkpt>
   <trkpt lat="47.3869750" lon="-122.0494420">
    <ele>134.0</ele>
    <time>2021-11-16T00:01:02Z</time>
   </trkpt>
   <trkpt lat="47.3869890" lon="-122.0494240">
    <ele>134.0</ele>
    <time>2021-11-16T00:01:03Z</time>
   </trkpt>
   <trkpt lat="47.3869970" lon="-122.0494170">
    <ele>134.0</ele>
    <time>2021-11-16T00:01:04Z</time>
   </trkpt>
   <trkpt lat="47.3870050" lon="-122.0494090">
    <ele>134.0</ele>
    <time>2021-11-16T00:01:05Z</time>
   </trkpt>
   <trkpt lat="47.3870110" lon="-122.0494070">
    <ele>134.0</ele>
    <time>2021-11-16T00:01:06Z</time>
   </trkpt>
   <trkpt lat="47.3870230" lon="-122.0493940">
    <ele>133.9</ele>
    <time>2021-11-16T00:01:07Z</time>
   </trkpt>
   <trkpt lat="47.3870390" lon="-122.0493940">
    <ele>133.9</ele>
    <time>2021-11-16T00:01:08Z</time>
   </trkpt>
   <trkpt lat="47.3870580" lon="-122.0493850">
    <ele>133.9</ele>
    <time>2021-11-16T00:01:09Z</time>
   </trkpt>
   <trkpt lat="47.3870680" lon="-122.0493800">
    <ele>133.9</ele>
    <time>2021-11-16T00:01:10Z</time>
   </trkpt>
   <trkpt lat="47.3870790" lon="-122.0493750">
    <ele>133.9</ele>
    <time>2021-11-16T00:01:11Z</time>
   </trkpt>
   <trkpt lat="47.3870950" lon="-122.0493600">
    <ele>133.8</ele>
    <time>2021-11-16T00:01:12Z</time>
   </trkpt>
   <trkpt lat="47.3871080" lon="-122.0493470">
    <ele>133.8</ele>
    <time>2021-11-16T00:01:13Z</time>
   </trkpt>
   <trkpt lat="47.3871220" lon="-122.0493370">
    <ele>133.8</ele>
    <time>2021-11-16T00:01:14Z</time>
   </trkpt>
   <trkpt lat="47.3871320" lon="-122.0493330">
    <ele>133.8</ele>
    <time>2021-11-16T00:01:15Z</time>
   </trkpt>
   <trkpt lat="47.3871450" lon="-122.0493170">
    <ele>133.7</ele>
    <time>2021-11-16T00:01:17Z</time>
   </trkpt>
   <trkpt lat="47.3871530" lon="-122.0493170">
    <ele>133.7</ele>
    <time>2021-11-16T00:01:18Z</time>
   </trkpt>
   <trkpt lat="47.3871610" lon="-122.0493110">
    <ele>133.7</ele>
    <time>2021-11-16T00:01:19Z</time>
   </trkpt>
   <trkpt lat="47.3871730" lon="-122.0493020">
    <ele>133.7</ele>
    <time>2021-11-16T00:01:20Z</time>
   </trkpt>
   <trkpt lat="47.3871940" lon="-122.0492860">
    <ele>133.7</ele>
    <time>2021-11-16T00:01:21Z</time>
   </trkpt>
   <trkpt lat="47.3872010" lon="-122.0492810">
    <ele>133.6</ele>
    <time>2021-11-16T00:01:22Z</time>
   </trkpt>
   <trkpt lat="47.3872080" lon="-122.0492760">
    <ele>133.6</ele>
    <time>2021-11-16T00:01:23Z</time>
   </trkpt>
   <trkpt lat="47.3872250" lon="-122.0492630">
    <ele>133.6</ele>
    <time>2021-11-16T00:01:24Z</time>
   </trkpt>
   <trkpt lat="47.3872330" lon="-122.0492550">
    <ele>133.6</ele>
    <time>2021-11-16T00:01:25Z</time>
   </trkpt>
   <trkpt lat="47.3872400" lon="-122.0492480">
    <ele>133.6</ele>
    <time>2021-11-16T00:01:26Z</time>
   </trkpt>
   <trkpt lat="47.3872590" lon="-122.0492270">
    <ele>133.5</ele>
    <time>2021-11-16T00:01:27Z</time>
   </trkpt>
   <trkpt lat="47.3872650" lon="-122.0492220">
    <ele>133.5</ele>
    <time>2021-11-16T00:01:28Z</time>
   </trkpt>
   <trkpt lat="47.3872710" lon="-122.0492180">
    <ele>133.5</ele>
    <time>2021-11-16T00:01:29Z</time>
   </trkpt>
   <trkpt lat="47.3872910" lon="-122.0492030">
    <ele>133.5</ele>
    <time>2021-11-16T00:01:30Z</time>
   </trkpt>
   <trkpt lat="47.3873020" lon="-122.0491960">
    <ele>133.4</ele>
    <time>2021-11-16T00:01:31Z</time>
   </trkpt>
   <trkpt lat="47.3873130" lon="-122.0491900">
    <ele>133.4</ele>
    <time>2021-11-16T00:01:32Z</time>
   </trkpt>
   <trkpt lat="47.3873230" lon="-122.0491840">
    <ele>133.4</ele>
    <time>2021-11-16T00:01:33Z</time>
   </trkpt>
   <trkpt lat="47.3873370" lon="-122.0491700">
    <ele>133.4</ele>
    <time>2021-11-16T00:01:34Z</time>
   </trkpt>
   <trkpt lat="47.3873520" lon="-122.0491630">
    <ele>133.3</ele>
    <time>2021-11-16T00:01:35Z</time>
   </trkpt>
   <trkpt lat="47.3873690" lon="-122.0491510">
    <ele>133.3</ele>
    <time>2021-11-16T00:01:36Z</time>
   </trkpt>
   <trkpt lat="47.3873830" lon="-122.0491390">
    <ele>133.3</ele>
    <time>2021-11-16T00:01:37Z</time>
   </trkpt>
   <trkpt lat="47.3874010" lon="-122.0491320">
    <ele>133.3</ele>
    <time>2021-11-16T00:01:38Z</time>
   </trkpt>
   <trkpt lat="47.3874130" lon="-122.0491230">
    <ele>133.2</ele>
    <time>2021-11-16T00:01:39Z</time>
   </trkpt>
   <trkpt lat="47.3874270" lon="-122.0491190">
    <ele>133.2</ele>
    <time>2021-11-16T00:01:40Z</time>
   </trkpt>
   <trkpt lat="47.3874440" lon="-122.0491020">
    <ele>133.2</ele>
    <time>2021-11-16T00:01:41Z</time>
   </trkpt>
   <trkpt lat="47.3874560" lon="-122.0490870">
    <ele>133.1</ele>
    <time>2021-11-16T00:01:42Z</time>
   </trkpt>
   <trkpt lat="47.3874730" lon="-122.0490680">
    <ele>133.1</ele>
    <time>2021-11-16T00:01:43Z</time>
   </trkpt>
   <trkpt lat="47.3874850" lon="-122.0490600">
    <ele>133.1</ele>
    <time>2021-11-16T00:01:44Z</time>
   </trkpt>
   <trkpt lat="47.3874990" lon="-122.0490470">
    <ele>133.0</ele>
    <time>2021-11-16T00:01:45Z</time>
   </trkpt>
   <trkpt lat="47.3875120" lon="-122.0490340">
    <ele>133.0</ele>
    <time>2021-11-16T00:01:46Z</time>
   </trkpt>
   <trkpt lat="47.3875260" lon="-122.0490230">
    <ele>133.0</ele>
    <time>2021-11-16T00:01:47Z</time>
   </trkpt>
   <trkpt lat="47.3875370" lon="-122.0490080">
    <ele>133.0</ele>
    <time>2021-11-16T00:01:48Z</time>
   </trkpt>
   <trkpt lat="47.3875530" lon="-122.0490010">
    <ele>132.9</ele>
    <time>2021-11-16T00:01:49Z</time>
   </trkpt>
   <trkpt lat="47.3875690" lon="-122.0489930">
    <ele>132.9</ele>
    <time>2021-11-16T00:01:50Z</time>
   </trkpt>
   <trkpt lat="47.3875800" lon="-122.0489860">
    <ele>132.9</ele>
    <time>2021-11-16T00:01:51Z</time>
   </trkpt>
   <trkpt lat="47.3875860" lon="-122.0489820">
    <ele>132.9</ele>
    <time>2021-11-16T00:01:52Z</time>
   </trkpt>
   <trkpt lat="47.3875940" lon="-122.0489740">
    <ele>132.8</ele>
    <time>2021-11-16T00:01:53Z</time>
   </trkpt>
   <trkpt lat="47.3876040" lon="-122.0489620">
    <ele>132.8</ele>
    <time>2021-11-16T00:01:54Z</time>
   </trkpt>
   <trkpt lat="47.3876190" lon="-122.0489470">
    <ele>132.8</ele>
    <time>2021-11-16T00:01:55Z</time>
   </trkpt>
   <trkpt lat="47.3876350" lon="-122.0489300">
    <ele>132.7</ele>
    <time>2021-11-16T00:01:56Z</time>
   </trkpt>
   <trkpt lat="47.3876490" lon="-122.0489180">
    <ele>132.7</ele>
    <time>2021-11-16T00:01:57Z</time>
   </trkpt>
   <trkpt lat="47.3876570" lon="-122.0489100">
    <ele>132.7</ele>
    <time>2021-11-16T00:01:58Z</time>
   </trkpt>
   <trkpt lat="47.3876760" lon="-122.0488930">
    <ele>132.6</ele>
    <time>2021-11-16T00:01:59Z</time>
   </trkpt>
   <trkpt lat="47.3876920" lon="-122.0488800">
    <ele>132.6</ele>
    <time>2021-11-16T00:02:00Z</time>
   </trkpt>
   <trkpt lat="47.3877010" lon="-122.0488720">
    <ele>132.5</ele>
    <time>2021-11-16T00:02:01Z</time>
   </trkpt>
   <trkpt lat="47.3877090" lon="-122.0488650">
    <ele>132.5</ele>
    <time>2021-11-16T00:02:02Z</time>
   </trkpt>
   <trkpt lat="47.3877210" lon="-122.0488480">
    <ele>132.5</ele>
    <time>2021-11-16T00:02:03Z</time>
   </trkpt>
   <trkpt lat="47.3877360" lon="-122.0488420">
    <ele>132.5</ele>
    <time>2021-11-16T00:02:04Z</time>
   </trkpt>
   <trkpt lat="47.3877480" lon="-122.0488260">
    <ele>132.4</ele>
    <time>2021-11-16T00:02:05Z</time>
   </trkpt>
   <trkpt lat="47.3877590" lon="-122.0488110">
    <ele>132.4</ele>
    <time>2021-11-16T00:02:06Z</time>
   </trkpt>
   <trkpt lat="47.3877730" lon="-122.0487950">
    <ele>132.4</ele>
    <time>2021-11-16T00:02:07Z</time>
   </trkpt>
   <trkpt lat="47.3877860" lon="-122.0487810">
    <ele>132.3</ele>
    <time>2021-11-16T00:02:08Z</time>
   </trkpt>
   <trkpt lat="47.3878120" lon="-122.0487590">
    <ele>132.2</ele>
    <time>2021-11-16T00:02:09Z</time>
   </trkpt>
   <trkpt lat="47.3878200" lon="-122.0487450">
    <ele>132.2</ele>
    <time>2021-11-16T00:02:10Z</time>
   </trkpt>
   <trkpt lat="47.3878390" lon="-122.0487380">
    <ele>132.2</ele>
    <time>2021-11-16T00:02:11Z</time>
   </trkpt>
   <trkpt lat="47.3878510" lon="-122.0487170">
    <ele>132.1</ele>
    <time>2021-11-16T00:02:12Z</time>
   </trkpt>
   <trkpt lat="47.3878640" lon="-122.0487000">
    <ele>132.1</ele>
    <time>2021-11-16T00:02:13Z</time>
   </trkpt>
   <trkpt lat="47.3878770" lon="-122.0486870">
    <ele>132.1</ele>
    <time>2021-11-16T00:02:14Z</time>
   </trkpt>
   <trkpt lat="47.3878870" lon="-122.0486720">
    <ele>132.0</ele>
    <time>2021-11-16T00:02:15Z</time>
   </trkpt>
   <trkpt lat="47.3879010" lon="-122.0486610">
    <ele>132.0</ele>
    <time>2021-11-16T00:02:16Z</time>
   </trkpt>
   <trkpt lat="47.3879130" lon="-122.0486520">
    <ele>132.0</ele>
    <time>2021-11-16T00:02:17Z</time>
   </trkpt>
   <trkpt lat="47.3879310" lon="-122.0486350">
    <ele>131.9</ele>
    <time>2021-11-16T00:02:18Z</time>
   </trkpt>
   <trkpt lat="47.3879410" lon="-122.0486280">
    <ele>131.9</ele>
    <time>2021-11-16T00:02:19Z</time>
   </trkpt>
   <trkpt lat="47.3879510" lon="-122.0486210">
    <ele>131.9</ele>
    <time>2021-11-16T00:02:20Z</time>
   </trkpt>
   <trkpt lat="47.3879670" lon="-122.0486130">
    <ele>131.9</ele>
    <time>2021-11-16T00:02:21Z</time>
   </trkpt>
   <trkpt lat="47.3879760" lon="-122.0486060">
    <ele>131.9</ele>
    <time>2021-11-16T00:02:22Z</time>
   </trkpt>
   <trkpt lat="47.3879850" lon="-122.0486000">
    <ele>131.9</ele>
    <time>2021-11-16T00:02:23Z</time>
   </trkpt>
   <trkpt lat="47.3879990" lon="-122.0485870">
    <ele>131.8</ele>
    <time>2021-11-16T00:02:24Z</time>
   </trkpt>
   <trkpt lat="47.3880130" lon="-122.0485750">
    <ele>131.8</ele>
    <time>2021-11-16T00:02:25Z</time>
   </trkpt>
   <trkpt lat="47.3880320" lon="-122.0485550">
    <ele>131.8</ele>
    <time>2021-11-16T00:02:26Z</time>
   </trkpt>
   <trkpt lat="47.3880380" lon="-122.0485480">
    <ele>131.7</ele>
    <time>2021-11-16T00:02:27Z</time>
   </trkpt>
   <trkpt lat="47.3880450" lon="-122.0485400">
    <ele>131.7</ele>
    <time>2021-11-16T00:02:28Z</time>
   </trkpt>
   <trkpt lat="47.3880600" lon="-122.0485300">
    <ele>131.7</ele>
    <time>2021-11-16T00:02:29Z</time>
   </trkpt>
   <trkpt lat="47.3880680" lon="-122.0485150">
    <ele>131.7</ele>
    <time>2021-11-16T00:02:30Z</time>
   </trkpt>
   <trkpt lat="47.3880780" lon="-122.0485010">
    <ele>131.7</ele>
    <time>2021-11-16T00:02:31Z</time>
   </trkpt>
   <trkpt lat="47.3880880" lon="-122.0484850">
    <ele>131.6</ele>
    <time>2021-11-16T00:02:32Z</time>
   </trkpt>
   <trkpt lat="47.3881070" lon="-122.0484710">
    <ele>131.6</ele>
    <time>2021-11-16T00:02:33Z</time>
   </trkpt>
   <trkpt lat="47.3881160" lon="-122.0484640">
    <ele>131.6</ele>
    <time>2021-11-16T00:02:34Z</time>
   </trkpt>
   <trkpt lat="47.3881240" lon="-122.0484580">
    <ele>131.6</ele>
    <time>2021-11-16T00:02:35Z</time>
   </trkpt>
   <trkpt lat="47.3881310" lon="-122.0484500">
    <ele>131.6</ele>
    <time>2021-11-16T00:02:36Z</time>
   </trkpt>
   <trkpt lat="47.3881350" lon="-122.0484380">
    <ele>131.5</ele>
    <time>2021-11-16T00:02:37Z</time>
   </trkpt>
   <trkpt lat="47.3881480" lon="-122.0484200">
    <ele>131.5</ele>
    <time>2021-11-16T00:02:38Z</time>
   </trkpt>
   <trkpt lat="47.3881650" lon="-122.0484020">
    <ele>131.5</ele>
    <time>2021-11-16T00:02:39Z</time>
   </trkpt>
   <trkpt lat="47.3881720" lon="-122.0483920">
    <ele>131.5</ele>
    <time>2021-11-16T00:02:40Z</time>
   </trkpt>
   <trkpt lat="47.3881780" lon="-122.0483810">
    <ele>131.5</ele>
    <time>2021-11-16T00:02:41Z</time>
   </trkpt>
   <trkpt lat="47.3881840" lon="-122.0483710">
    <ele>131.4</ele>
    <time>2021-11-16T00:02:42Z</time>
   </trkpt>
   <trkpt lat="47.3881970" lon="-122.0483530">
    <ele>131.4</ele>
    <time>2021-11-16T00:02:43Z</time>
   </trkpt>
   <trkpt lat="47.3882100" lon="-122.0483390">
    <ele>131.4</ele>
    <time>2021-11-16T00:02:44Z</time>
   </trkpt>
   <trkpt lat="47.3882190" lon="-122.0483240">
    <ele>131.4</ele>
    <time>2021-11-16T00:02:45Z</time>
   </trkpt>
   <trkpt lat="47.3882250" lon="-122.0483170">
    <ele>131.3</ele>
    <time>2021-11-16T00:02:46Z</time>
   </trkpt>
   <trkpt lat="47.3882310" lon="-122.0483100">
    <ele>131.3</ele>
    <time>2021-11-16T00:02:47Z</time>
   </trkpt>
   <trkpt lat="47.3882370" lon="-122.0483030">
    <ele>131.3</ele>
    <time>2021-11-16T00:02:48Z</time>
   </trkpt>
   <trkpt lat="47.3882420" lon="-122.0482960">
    <ele>131.3</ele>
    <time>2021-11-16T00:02:49Z</time>
   </trkpt>
   <trkpt lat="47.3882630" lon="-122.0482760">
    <ele>131.2</ele>
    <time>2021-11-16T00:02:50Z</time>
   </trkpt>
   <trkpt lat="47.3882740" lon="-122.0482680">
    <ele>131.2</ele>
    <time>2021-11-16T00:02:51Z</time>
   </trkpt>
   <trkpt lat="47.3882880" lon="-122.0482520">
    <ele>131.2</ele>
    <time>2021-11-16T00:02:52Z</time>
   </trkpt>
   <trkpt lat="47.3883020" lon="-122.0482400">
    <ele>131.2</ele>
    <time>2021-11-16T00:02:53Z</time>
   </trkpt>
   <trkpt lat="47.3883110" lon="-122.0482310">
    <ele>131.1</ele>
    <time>2021-11-16T00:02:54Z</time>
   </trkpt>
   <trkpt lat="47.3883200" lon="-122.0482290">
    <ele>131.1</ele>
    <time>2021-11-16T00:02:55Z</time>
   </trkpt>
   <trkpt lat="47.3883310" lon="-122.0482290">
    <ele>131.1</ele>
    <time>2021-11-16T00:02:56Z</time>
   </trkpt>
   <trkpt lat="47.3883480" lon="-122.0482130">
    <ele>131.1</ele>
    <time>2021-11-16T00:02:57Z</time>
   </trkpt>
   <trkpt lat="47.3883530" lon="-122.0482020">
    <ele>131.0</ele>
    <time>2021-11-16T00:02:58Z</time>
   </trkpt>
   <trkpt lat="47.3883570" lon="-122.0481920">
    <ele>131.0</ele>
    <time>2021-11-16T00:02:59Z</time>
   </trkpt>
   <trkpt lat="47.3883650" lon="-122.0481830">
    <ele>131.0</ele>
    <time>2021-11-16T00:03:00Z</time>
   </trkpt>
   <trkpt lat="47.3883730" lon="-122.0481710">
    <ele>131.0</ele>
    <time>2021-11-16T00:03:01Z</time>
   </trkpt>
   <trkpt lat="47.3883710" lon="-122.0481630">
    <ele>131.0</ele>
    <time>2021-11-16T00:03:02Z</time>
   </trkpt>
   <trkpt lat="47.3883790" lon="-122.0481560">
    <ele>131.0</ele>
    <time>2021-11-16T00:03:03Z</time>
   </trkpt>
   <trkpt lat="47.3883870" lon="-122.0481470">
    <ele>131.0</ele>
    <time>2021-11-16T00:03:04Z</time>
   </trkpt>
   <trkpt lat="47.3883920" lon="-122.0481410">
    <ele>130.9</ele>
    <time>2021-11-16T00:03:05Z</time>
   </trkpt>
   <trkpt lat="47.3884020" lon="-122.0481340">
    <ele>130.9</ele>
    <time>2021-11-16T00:03:06Z</time>
   </trkpt>
   <trkpt lat="47.3884190" lon="-122.0481210">
    <ele>130.9</ele>
    <time>2021-11-16T00:03:07Z</time>
   </trkpt>
   <trkpt lat="47.3884270" lon="-122.0481120">
    <ele>130.9</ele>
    <time>2021-11-16T00:03:08Z</time>
   </trkpt>
   <trkpt lat="47.3884340" lon="-122.0481020">
    <ele>130.9</ele>
    <time>2021-11-16T00:03:09Z</time>
   </trkpt>
   <trkpt lat="47.3884460" lon="-122.0480900">
    <ele>130.8</ele>
    <time>2021-11-16T00:03:10Z</time>
   </trkpt>
   <trkpt lat="47.3884570" lon="-122.0480800">
    <ele>130.8</ele>
    <time>2021-11-16T00:03:11Z</time>
   </trkpt>
   <trkpt lat="47.3884660" lon="-122.0480750">
    <ele>130.8</ele>
    <time>2021-11-16T00:03:12Z</time>
   </trkpt>
   <trkpt lat="47.3884790" lon="-122.0480630">
    <ele>130.8</ele>
    <time>2021-11-16T00:03:13Z</time>
   </trkpt>
   <trkpt lat="47.3884860" lon="-122.0480510">
    <ele>130.8</ele>
    <time>2021-11-16T00:03:14Z</time>
   </trkpt>
   <trkpt lat="47.3885040" lon="-122.0480300">
    <ele>130.7</ele>
    <time>2021-11-16T00:03:15Z</time>
   </trkpt>
   <trkpt lat="47.3885100" lon="-122.0480220">
    <ele>130.7</ele>
    <time>2021-11-16T00:03:16Z</time>
   </trkpt>
   <trkpt lat="47.3885160" lon="-122.0480140">
    <ele>130.7</ele>
    <time>2021-11-16T00:03:17Z</time>
   </trkpt>
   <trkpt lat="47.3885230" lon="-122.0480020">
    <ele>130.7</ele>
    <time>2021-11-16T00:03:18Z</time>
   </trkpt>
   <trkpt lat="47.3885300" lon="-122.0479870">
    <ele>130.7</ele>
    <time>2021-11-16T00:03:19Z</time>
   </trkpt>
   <trkpt lat="47.3885390" lon="-122.0479740">
    <ele>130.6</ele>
    <time>2021-11-16T00:03:20Z</time>
   </trkpt>
   <trkpt lat="47.3885550" lon="-122.0479540">
    <ele>130.6</ele>
    <time>2021-11-16T00:03:21Z</time>
   </trkpt>
   <trkpt lat="47.3885620" lon="-122.0479440">
    <ele>130.6</ele>
    <time>2021-11-16T00:03:23Z</time>
   </trkpt>
   <trkpt lat="47.3885690" lon="-122.0479340">
    <ele>130.6</ele>
    <time>2021-11-16T00:03:24Z</time>
   </trkpt>
   <trkpt lat="47.3885760" lon="-122.0479240">
    <ele>130.6</ele>
    <time>2021-11-16T00:03:25Z</time>
   </trkpt>
   <trkpt lat="47.3885830" lon="-122.0479140">
    <ele>130.5</ele>
    <time>2021-11-16T00:03:26Z</time>
   </trkpt>
   <trkpt lat="47.3885900" lon="-122.0479040">
    <ele>130.5</ele>
    <time>2021-11-16T00:03:27Z</time>
   </trkpt>
   <trkpt lat="47.3885970" lon="-122.0478940">
    <ele>130.5</ele>
    <time>2021-11-16T00:03:28Z</time>
   </trkpt>
   <trkpt lat="47.3886120" lon="-122.0478810">
    <ele>130.5</ele>
    <time>2021-11-16T00:03:29Z</time>
   </trkpt>
   <trkpt lat="47.3886230" lon="-122.0478720">
    <ele>130.5</ele>
    <time>2021-11-16T00:03:30Z</time>
   </trkpt>
   <trkpt lat="47.3886410" lon="-122.0478500">
    <ele>130.4</ele>
    <time>2021-11-16T00:03:31Z</time>
   </trkpt>
   <trkpt lat="47.3886490" lon="-122.0478430">
    <ele>130.4</ele>
    <time>2021-11-16T00:03:32Z</time>
   </trkpt>
   <trkpt lat="47.3886560" lon="-122.0478350">
    <ele>130.4</ele>
    <time>2021-11-16T00:03:33Z</time>
   </trkpt>
   <trkpt lat="47.3886660" lon="-122.0478190">
    <ele>130.4</ele>
    <time>2021-11-16T00:03:34Z</time>
   </trkpt>
   <trkpt lat="47.3886770" lon="-122.0478090">
    <ele>130.4</ele>
    <time>2021-11-16T00:03:35Z</time>
   </trkpt>
   <trkpt lat="47.3886860" lon="-122.0478030">
    <ele>130.3</ele>
    <time>2021-11-16T00:03:36Z</time>
   </trkpt>
   <trkpt lat="47.3886990" lon="-122.0477920">
    <ele>130.3</ele>
    <time>2021-11-16T00:03:37Z</time>
   </trkpt>
   <trkpt lat="47.3887060" lon="-122.0477820">
    <ele>130.3</ele>
    <time>2021-11-16T00:03:38Z</time>
   </trkpt>
   <trkpt lat="47.3887200" lon="-122.0477690">
    <ele>130.3</ele>
    <time>2021-11-16T00:03:39Z</time>
   </trkpt>
   <trkpt lat="47.3887230" lon="-122.0477630">
    <ele>130.3</ele>
    <time>2021-11-16T00:03:40Z</time>
   </trkpt>
   <trkpt lat="47.3887270" lon="-122.0477570">
    <ele>130.3</ele>
    <time>2021-11-16T00:03:41Z</time>
   </trkpt>
   <trkpt lat="47.3887300" lon="-122.0477510">
    <ele>130.3</ele>
    <time>2021-11-16T00:03:42Z</time>
   </trkpt>
   <trkpt lat="47.3887340" lon="-122.0477450">
    <ele>130.2</ele>
    <time>2021-11-16T00:03:43Z</time>
   </trkpt>
   <trkpt lat="47.3887530" lon="-122.0477220">
    <ele>130.2</ele>
    <time>2021-11-16T00:03:44Z</time>
   </trkpt>
   <trkpt lat="47.3887580" lon="-122.0477140">
    <ele>130.2</ele>
    <time>2021-11-16T00:03:45Z</time>
   </trkpt>
   <trkpt lat="47.3887630" lon="-122.0477070">
    <ele>130.2</ele>
    <time>2021-11-16T00:03:46Z</time>
   </trkpt>
   <trkpt lat="47.3887750" lon="-122.0476950">
    <ele>130.2</ele>
    <time>2021-11-16T00:03:47Z</time>
   </trkpt>
   <trkpt lat="47.3887850" lon="-122.0476820">
    <ele>130.1</ele>
    <time>2021-11-16T00:03:48Z</time>
   </trkpt>
   <trkpt lat="47.3888050" lon="-122.0476640">
    <ele>130.1</ele>
    <time>2021-11-16T00:03:49Z</time>
   </trkpt>
   <trkpt lat="47.3888130" lon="-122.0476560">
    <ele>130.1</ele>
    <time>2021-11-16T00:03:50Z</time>
   </trkpt>
   <trkpt lat="47.3888220" lon="-122.0476480">
    <ele>130.1</ele>
    <time>2021-11-16T00:03:51Z</time>
   </trkpt>
   <trkpt lat="47.3888390" lon="-122.0476390">
    <ele>130.0</ele>
    <time>2021-11-16T00:03:52Z</time>
   </trkpt>
   <trkpt lat="47.3888500" lon="-122.0476260">
    <ele>130.0</ele>
    <time>2021-11-16T00:03:53Z</time>
   </trkpt>
   <trkpt lat="47.3888590" lon="-122.0476110">
    <ele>130.0</ele>
    <time>2021-11-16T00:03:54Z</time>
   </trkpt>
   <trkpt lat="47.3888640" lon="-122.0476050">
    <ele>130.0</ele>
    <time>2021-11-16T00:03:55Z</time>
   </trkpt>
   <trkpt lat="47.3888740" lon="-122.0475960">
    <ele>130.0</ele>
    <time>2021-11-16T00:03:56Z</time>
   </trkpt>
   <trkpt lat="47.3888840" lon="-122.0475850">
    <ele>130.0</ele>
    <time>2021-11-16T00:03:57Z</time>
   </trkpt>
   <trkpt lat="47.3888930" lon="-122.0475790">
    <ele>129.9</ele>
    <time>2021-11-16T00:03:58Z</time>
   </trkpt>
   <trkpt lat="47.3889020" lon="-122.0475740">
    <ele>129.9</ele>
    <time>2021-11-16T00:03:59Z</time>
   </trkpt>
   <trkpt lat="47.3889110" lon="-122.0475680">
    <ele>129.9</ele>
    <time>2021-11-16T00:04:00Z</time>
   </trkpt>
   <trkpt lat="47.3889240" lon="-122.0475500">
    <ele>129.9</ele>
    <time>2021-11-16T00:04:01Z</time>
   </trkpt>
   <trkpt lat="47.3889370" lon="-122.0475320">
    <ele>129.9</ele>
    <time>2021-11-16T00:04:02Z</time>
   </trkpt>
   <trkpt lat="47.3889460" lon="-122.0475180">
    <ele>129.9</ele>
    <time>2021-11-16T00:04:03Z</time>
   </trkpt>
   <trkpt lat="47.3889580" lon="-122.0475000">
    <ele>129.8</ele>
    <time>2021-11-16T00:04:04Z</time>
   </trkpt>
   <trkpt lat="47.3889700" lon="-122.0474830">
    <ele>129.8</ele>
    <time>2021-11-16T00:04:05Z</time>
   </trkpt>
   <trkpt lat="47.3889790" lon="-122.0474700">
    <ele>129.8</ele>
    <time>2021-11-16T00:04:06Z</time>
   </trkpt>
   <trkpt lat="47.3889980" lon="-122.0474500">
    <ele>129.8</ele>
    <time>2021-11-16T00:04:07Z</time>
   </trkpt>
   <trkpt lat="47.3890070" lon="-122.0474420">
    <ele>129.8</ele>
    <time>2021-11-16T00:04:08Z</time>
   </trkpt>
   <trkpt lat="47.3890150" lon="-122.0474340">
    <ele>129.8</ele>
    <time>2021-11-16T00:04:09Z</time>
   </trkpt>
   <trkpt lat="47.3890310" lon="-122.0474200">
    <ele>129.8</ele>
    <time>2021-11-16T00:04:10Z</time>
   </trkpt>
   <trkpt lat="47.3890400" lon="-122.0474130">
    <ele>129.8</ele>
    <time>2021-11-16T00:04:11Z</time>
   </trkpt>
   <trkpt lat="47.3890480" lon="-122.0474070">
    <ele>129.8</ele>
    <time>2021-11-16T00:04:12Z</time>
   </trkpt>
   <trkpt lat="47.3890650" lon="-122.0473870">
    <ele>129.7</ele>
    <time>2021-11-16T00:04:13Z</time>
   </trkpt>
   <trkpt lat="47.3890720" lon="-122.0473780">
    <ele>129.7</ele>
    <time>2021-11-16T00:04:14Z</time>
   </trkpt>
   <trkpt lat="47.3890780" lon="-122.0473690">
    <ele>129.7</ele>
    <time>2021-11-16T00:04:15Z</time>
   </trkpt>
   <trkpt lat="47.3890960" lon="-122.0473510">
    <ele>129.7</ele>
    <time>2021-11-16T00:04:16Z</time>
   </trkpt>
   <trkpt lat="47.3891050" lon="-122.0473410">
    <ele>129.7</ele>
    <time>2021-11-16T00:04:17Z</time>
   </trkpt>
   <trkpt lat="47.3891140" lon="-122.0473310">
    <ele>129.7</ele>
    <time>2021-11-16T00:04:18Z</time>
   </trkpt>
   <trkpt lat="47.3891290" lon="-122.0473170">
    <ele>129.7</ele>
    <time>2021-11-16T00:04:19Z</time>
   </trkpt>
   <trkpt lat="47.3891410" lon="-122.0473080">
    <ele>129.7</ele>
    <time>2021-11-16T00:04:20Z</time>
   </trkpt>
   <trkpt lat="47.3891490" lon="-122.0472980">
    <ele>129.7</ele>
    <time>2021-11-16T00:04:21Z</time>
   </trkpt>
   <trkpt lat="47.3891580" lon="-122.0472880">
    <ele>129.7</ele>
    <time>2021-11-16T00:04:22Z</time>
   </trkpt>
   <trkpt lat="47.3891660" lon="-122.0472760">
    <ele>129.7</ele>
    <time>2021-11-16T00:04:23Z</time>
   </trkpt>
   <trkpt lat="47.3891730" lon="-122.0472610">
    <ele>129.7</ele>
    <time>2021-11-16T00:04:24Z</time>
   </trkpt>
   <trkpt lat="47.3891880" lon="-122.0472350">
    <ele>129.7</ele>
    <time>2021-11-16T00:04:25Z</time>
   </trkpt>
   <trkpt lat="47.3891980" lon="-122.0472220">
    <ele>129.7</ele>
    <time>2021-11-16T00:04:26Z</time>
   </trkpt>
   <trkpt lat="47.3892050" lon="-122.0472110">
    <ele>129.7</ele>
    <time>2021-11-16T00:04:27Z</time>
   </trkpt>
   <trkpt lat="47.3892120" lon="-122.0471990">
    <ele>129.7</ele>
    <time>2021-11-16T00:04:28Z</time>
   </trkpt>
   <trkpt lat="47.3892250" lon="-122.0471840">
    <ele>129.7</ele>
    <time>2021-11-16T00:04:29Z</time>
   </trkpt>
   <trkpt lat="47.3892350" lon="-122.0471770">
    <ele>129.7</ele>
    <time>2021-11-16T00:04:30Z</time>
   </trkpt>
   <trkpt lat="47.3892450" lon="-122.0471640">
    <ele>129.7</ele>
    <time>2021-11-16T00:04:31Z</time>
   </trkpt>
   <trkpt lat="47.3892590" lon="-122.0471480">
    <ele>129.7</ele>
    <time>2021-11-16T00:04:32Z</time>
   </trkpt>
   <trkpt lat="47.3892760" lon="-122.0471310">
    <ele>129.7</ele>
    <time>2021-11-16T00:04:33Z</time>
   </trkpt>
   <trkpt lat="47.3892850" lon="-122.0471240">
    <ele>129.7</ele>
    <time>2021-11-16T00:04:34Z</time>
   </trkpt>
   <trkpt lat="47.3892950" lon="-122.0471170">
    <ele>129.7</ele>
    <time>2021-11-16T00:04:35Z</time>
   </trkpt>
   <trkpt lat="47.3893160" lon="-122.0470910">
    <ele>129.7</ele>
    <time>2021-11-16T00:04:36Z</time>
   </trkpt>
   <trkpt lat="47.3893250" lon="-122.0470830">
    <ele>129.7</ele>
    <time>2021-11-16T00:04:37Z</time>
   </trkpt>
   <trkpt lat="47.3893380" lon="-122.0470680">
    <ele>129.7</ele>
    <time>2021-11-16T00:04:38Z</time>
   </trkpt>
   <trkpt lat="47.3893520" lon="-122.0470570">
    <ele>129.7</ele>
    <time>2021-11-16T00:04:39Z</time>
   </trkpt>
   <trkpt lat="47.3893690" lon="-122.0470400">
    <ele>129.7</ele>
    <time>2021-11-16T00:04:40Z</time>
   </trkpt>
   <trkpt lat="47.3893790" lon="-122.0470230">
    <ele>129.7</ele>
    <time>2021-11-16T00:04:41Z</time>
   </trkpt>
   <trkpt lat="47.3893940" lon="-122.0470080">
    <ele>129.6</ele>
    <time>2021-11-16T00:04:42Z</time>
   </trkpt>
   <trkpt lat="47.3894040" lon="-122.0469960">
    <ele>129.6</ele>
    <time>2021-11-16T00:04:43Z</time>
   </trkpt>
   <trkpt lat="47.3894140" lon="-122.0469840">
    <ele>129.6</ele>
    <time>2021-11-16T00:04:44Z</time>
   </trkpt>
   <trkpt lat="47.3894260" lon="-122.0469730">
    <ele>129.6</ele>
    <time>2021-11-16T00:04:45Z</time>
   </trkpt>
   <trkpt lat="47.3894400" lon="-122.0469670">
    <ele>129.6</ele>
    <time>2021-11-16T00:04:46Z</time>
   </trkpt>
   <trkpt lat="47.3894520" lon="-122.0469560">
    <ele>129.6</ele>
    <time>2021-11-16T00:04:47Z</time>
   </trkpt>
   <trkpt lat="47.3894570" lon="-122.0469430">
    <ele>129.6</ele>
    <time>2021-11-16T00:04:48Z</time>
   </trkpt>
   <trkpt lat="47.3894650" lon="-122.0469410">
    <ele>129.5</ele>
    <time>2021-11-16T00:04:49Z</time>
   </trkpt>
   <trkpt lat="47.3894820" lon="-122.0469290">
    <ele>129.5</ele>
    <time>2021-11-16T00:04:50Z</time>
   </trkpt>
   <trkpt lat="47.3894980" lon="-122.0469170">
    <ele>129.5</ele>
    <time>2021-11-16T00:04:51Z</time>
   </trkpt>
   <trkpt lat="47.3895070" lon="-122.0469120">
    <ele>129.5</ele>
    <time>2021-11-16T00:04:52Z</time>
   </trkpt>
   <trkpt lat="47.3895160" lon="-122.0469070">
    <ele>129.5</ele>
    <time>2021-11-16T00:04:53Z</time>
   </trkpt>
   <trkpt lat="47.3895350" lon="-122.0468870">
    <ele>129.4</ele>
    <time>2021-11-16T00:04:54Z</time>
   </trkpt>
   <trkpt lat="47.3895440" lon="-122.0468770">
    <ele>129.4</ele>
    <time>2021-11-16T00:04:55Z</time>
   </trkpt>
   <trkpt lat="47.3895530" lon="-122.0468670">
    <ele>129.4</ele>
    <time>2021-11-16T00:04:56Z</time>
   </trkpt>
   <trkpt lat="47.3895560" lon="-122.0468580">
    <ele>129.4</ele>
    <time>2021-11-16T00:04:57Z</time>
   </trkpt>
   <trkpt lat="47.3895690" lon="-122.0468440">
    <ele>129.4</ele>
    <time>2021-11-16T00:04:58Z</time>
   </trkpt>
   <trkpt lat="47.3895810" lon="-122.0468360">
    <ele>129.4</ele>
    <time>2021-11-16T00:04:59Z</time>
   </trkpt>
   <trkpt lat="47.3895980" lon="-122.0468180">
    <ele>129.3</ele>
    <time>2021-11-16T00:05:00Z</time>
   </trkpt>
   <trkpt lat="47.3896050" lon="-122.0468120">
    <ele>129.3</ele>
    <time>2021-11-16T00:05:01Z</time>
   </trkpt>
   <trkpt lat="47.3896120" lon="-122.0468050">
    <ele>129.3</ele>
    <time>2021-11-16T00:05:02Z</time>
   </trkpt>
   <trkpt lat="47.3896310" lon="-122.0467840">
    <ele>129.3</ele>
    <time>2021-11-16T00:05:03Z</time>
   </trkpt>
   <trkpt lat="47.3896370" lon="-122.0467790">
    <ele>129.3</ele>
    <time>2021-11-16T00:05:04Z</time>
   </trkpt>
   <trkpt lat="47.3896430" lon="-122.0467730">
    <ele>129.3</ele>
    <time>2021-11-16T00:05:05Z</time>
   </trkpt>
   <trkpt lat="47.3896630" lon="-122.0467590">
    <ele>129.3</ele>
    <time>2021-11-16T00:05:06Z</time>
   </trkpt>
   <trkpt lat="47.3896700" lon="-122.0467530">
    <ele>129.3</ele>
    <time>2021-11-16T00:05:07Z</time>
   </trkpt>
   <trkpt lat="47.3896760" lon="-122.0467480">
    <ele>129.3</ele>
    <time>2021-11-16T00:05:08Z</time>
   </trkpt>
   <trkpt lat="47.3896900" lon="-122.0467370">
    <ele>129.2</ele>
    <time>2021-11-16T00:05:09Z</time>
   </trkpt>
   <trkpt lat="47.3897000" lon="-122.0467290">
    <ele>129.2</ele>
    <time>2021-11-16T00:05:10Z</time>
   </trkpt>
   <trkpt lat="47.3897040" lon="-122.0467190">
    <ele>129.2</ele>
    <time>2021-11-16T00:05:11Z</time>
   </trkpt>
   <trkpt lat="47.3897150" lon="-122.0466940">
    <ele>129.2</ele>
    <time>2021-11-16T00:05:12Z</time>
   </trkpt>
   <trkpt lat="47.3897240" lon="-122.0466810">
    <ele>129.2</ele>
    <time>2021-11-16T00:05:13Z</time>
   </trkpt>
   <trkpt lat="47.3897350" lon="-122.0466590">
    <ele>129.2</ele>
    <time>2021-11-16T00:05:14Z</time>
   </trkpt>
   <trkpt lat="47.3897430" lon="-122.0466510">
    <ele>129.2</ele>
    <time>2021-11-16T00:05:15Z</time>
   </trkpt>
   <trkpt lat="47.3897500" lon="-122.0466370">
    <ele>129.2</ele>
    <time>2021-11-16T00:05:16Z</time>
   </trkpt>
   <trkpt lat="47.3897540" lon="-122.0466250">
    <ele>129.1</ele>
    <time>2021-11-16T00:05:17Z</time>
   </trkpt>
   <trkpt lat="47.3897610" lon="-122.0466150">
    <ele>129.1</ele>
    <time>2021-11-16T00:05:18Z</time>
   </trkpt>
   <trkpt lat="47.3897690" lon="-122.0466020">
    <ele>129.1</ele>
    <time>2021-11-16T00:05:19Z</time>
   </trkpt>
   <trkpt lat="47.3897780" lon="-122.0465910">
    <ele>129.1</ele>
    <time>2021-11-16T00:05:20Z</time>
   </trkpt>
   <trkpt lat="47.3897880" lon="-122.0465830">
    <ele>129.1</ele>
    <time>2021-11-16T00:05:21Z</time>
   </trkpt>
   <trkpt lat="47.3898000" lon="-122.0465740">
    <ele>129.1</ele>
    <time>2021-11-16T00:05:22Z</time>
   </trkpt>
   <trkpt lat="47.3898160" lon="-122.0465560">
    <ele>129.1</ele>
    <time>2021-11-16T00:05:23Z</time>
   </trkpt>
   <trkpt lat="47.3898290" lon="-122.0465440">
    <ele>129.0</ele>
    <time>2021-11-16T00:05:24Z</time>
   </trkpt>
   <trkpt lat="47.3898420" lon="-122.0465340">
    <ele>129.0</ele>
    <time>2021-11-16T00:05:25Z</time>
   </trkpt>
   <trkpt lat="47.3898550" lon="-122.0465260">
    <ele>129.0</ele>
    <time>2021-11-16T00:05:26Z</time>
   </trkpt>
   <trkpt lat="47.3898700" lon="-122.0465120">
    <ele>129.0</ele>
    <time>2021-11-16T00:05:27Z</time>
   </trkpt>
   <trkpt lat="47.3898750" lon="-122.0465080">
    <ele>129.0</ele>
    <time>2021-11-16T00:05:29Z</time>
   </trkpt>
   <trkpt lat="47.3898790" lon="-122.0464970">
    <ele>128.9</ele>
    <time>2021-11-16T00:05:30Z</time>
   </trkpt>
   <trkpt lat="47.3898920" lon="-122.0464820">
    <ele>128.9</ele>
    <time>2021-11-16T00:05:31Z</time>
   </trkpt>
   <trkpt lat="47.3898990" lon="-122.0464660">
    <ele>128.9</ele>
    <time>2021-11-16T00:05:32Z</time>
   </trkpt>
   <trkpt lat="47.3899130" lon="-122.0464500">
    <ele>128.9</ele>
    <time>2021-11-16T00:05:33Z</time>
   </trkpt>
   <trkpt lat="47.3899210" lon="-122.0464410">
    <ele>128.9</ele>
    <time>2021-11-16T00:05:34Z</time>
   </trkpt>
   <trkpt lat="47.3899270" lon="-122.0464340">
    <ele>128.9</ele>
    <time>2021-11-16T00:05:35Z</time>
   </trkpt>
   <trkpt lat="47.3899350" lon="-122.0464250">
    <ele>128.8</ele>
    <time>2021-11-16T00:05:36Z</time>
   </trkpt>
   <trkpt lat="47.3899500" lon="-122.0464180">
    <ele>128.8</ele>
    <time>2021-11-16T00:05:37Z</time>
   </trkpt>
   <trkpt lat="47.3899660" lon="-122.0464000">
    <ele>128.8</ele>
    <time>2021-11-16T00:05:38Z</time>
   </trkpt>
   <trkpt lat="47.3899830" lon="-122.0463900">
    <ele>128.8</ele>
    <time>2021-11-16T00:05:39Z</time>
   </trkpt>
   <trkpt lat="47.3899940" lon="-122.0463770">
    <ele>128.7</ele>
    <time>2021-11-16T00:05:40Z</time>
   </trkpt>
   <trkpt lat="47.3900080" lon="-122.0463680">
    <ele>128.7</ele>
    <time>2021-11-16T00:05:41Z</time>
   </trkpt>
   <trkpt lat="47.3900230" lon="-122.0463500">
    <ele>128.7</ele>
    <time>2021-11-16T00:05:42Z</time>
   </trkpt>
   <trkpt lat="47.3900370" lon="-122.0463410">
    <ele>128.7</ele>
    <time>2021-11-16T00:05:43Z</time>
   </trkpt>
   <trkpt lat="47.3900540" lon="-122.0463310">
    <ele>128.6</ele>
    <time>2021-11-16T00:05:44Z</time>
   </trkpt>
   <trkpt lat="47.3900660" lon="-122.0463170">
    <ele>128.6</ele>
    <time>2021-11-16T00:05:45Z</time>
   </trkpt>
   <trkpt lat="47.3900790" lon="-122.0463120">
    <ele>128.6</ele>
    <time>2021-11-16T00:05:46Z</time>
   </trkpt>
   <trkpt lat="47.3900890" lon="-122.0462960">
    <ele>128.6</ele>
    <time>2021-11-16T00:05:47Z</time>
   </trkpt>
   <trkpt lat="47.3900930" lon="-122.0462860">
    <ele>128.5</ele>
    <time>2021-11-16T00:05:48Z</time>
   </trkpt>
   <trkpt lat="47.3900980" lon="-122.0462750">
    <ele>128.5</ele>
    <time>2021-11-16T00:05:49Z</time>
   </trkpt>
   <trkpt lat="47.3901020" lon="-122.0462650">
    <ele>128.5</ele>
    <time>2021-11-16T00:05:50Z</time>
   </trkpt>
   <trkpt lat="47.3901200" lon="-122.0462470">
    <ele>128.5</ele>
    <time>2021-11-16T00:05:51Z</time>
   </trkpt>
   <trkpt lat="47.3901260" lon="-122.0462400">
    <ele>128.5</ele>
    <time>2021-11-16T00:05:52Z</time>
   </trkpt>
   <trkpt lat="47.3901320" lon="-122.0462320">
    <ele>128.5</ele>
    <time>2021-11-16T00:05:53Z</time>
   </trkpt>
   <trkpt lat="47.3901400" lon="-122.0462190">
    <ele>128.4</ele>
    <time>2021-11-16T00:05:54Z</time>
   </trkpt>
   <trkpt lat="47.3901490" lon="-122.0462100">
    <ele>128.4</ele>
    <time>2021-11-16T00:05:55Z</time>
   </trkpt>
   <trkpt lat="47.3901560" lon="-122.0462020">
    <ele>128.4</ele>
    <time>2021-11-16T00:05:56Z</time>
   </trkpt>
   <trkpt lat="47.3901690" lon="-122.0461930">
    <ele>128.4</ele>
    <time>2021-11-16T00:05:57Z</time>
   </trkpt>
   <trkpt lat="47.3901720" lon="-122.0461910">
    <ele>128.4</ele>
    <time>2021-11-16T00:05:58Z</time>
   </trkpt>
   <trkpt lat="47.3901740" lon="-122.0461900">
    <ele>128.4</ele>
    <time>2021-11-16T00:05:59Z</time>
   </trkpt>
   <trkpt lat="47.3901770" lon="-122.0461880">
    <ele>128.4</ele>
    <time>2021-11-16T00:06:00Z</time>
   </trkpt>
   <trkpt lat="47.3901790" lon="-122.0461870">
    <ele>128.4</ele>
    <time>2021-11-16T00:06:01Z</time>
   </trkpt>
   <trkpt lat="47.3901810" lon="-122.0461850">
    <ele>128.4</ele>
    <time>2021-11-16T00:06:02Z</time>
   </trkpt>
   <trkpt lat="47.3901840" lon="-122.0461830">
    <ele>128.4</ele>
    <time>2021-11-16T00:06:03Z</time>
   </trkpt>
   <trkpt lat="47.3901860" lon="-122.0461820">
    <ele>128.4</ele>
    <time>2021-11-16T00:06:04Z</time>
   </trkpt>
   <trkpt lat="47.3901890" lon="-122.0461800">
    <ele>128.3</ele>
    <time>2021-11-16T00:06:05Z</time>
   </trkpt>
   <trkpt lat="47.3901910" lon="-122.0461780">
    <ele>128.3</ele>
    <time>2021-11-16T00:06:06Z</time>
   </trkpt>
   <trkpt lat="47.3901930" lon="-122.0461770">
    <ele>128.3</ele>
    <time>2021-11-16T00:06:07Z</time>
   </trkpt>
   <trkpt lat="47.3901960" lon="-122.0461750">
    <ele>128.3</ele>
    <time>2021-11-16T00:06:08Z</time>
   </trkpt>
   <trkpt lat="47.3901980" lon="-122.0461740">
    <ele>128.3</ele>
    <time>2021-11-16T00:06:09Z</time>
   </trkpt>
   <trkpt lat="47.3902010" lon="-122.0461720">
    <ele>128.3</ele>
    <time>2021-11-16T00:06:10Z</time>
   </trkpt>
   <trkpt lat="47.3902030" lon="-122.0461700">
    <ele>128.3</ele>
    <time>2021-11-16T00:06:11Z</time>
   </trkpt>
   <trkpt lat="47.3902050" lon="-122.0461690">
    <ele>128.3</ele>
    <time>2021-11-16T00:06:12Z</time>
   </trkpt>
   <trkpt lat="47.3902080" lon="-122.0461670">
    <ele>128.3</ele>
    <time>2021-11-16T00:06:13Z</time>
   </trkpt>
   <trkpt lat="47.3902100" lon="-122.0461650">
    <ele>128.3</ele>
    <time>2021-11-16T00:06:14Z</time>
   </trkpt>
   <trkpt lat="47.3902130" lon="-122.0461640">
    <ele>128.3</ele>
    <time>2021-11-16T00:06:15Z</time>
   </trkpt>
   <trkpt lat="47.3902150" lon="-122.0461620">
    <ele>128.3</ele>
    <time>2021-11-16T00:06:16Z</time>
   </trkpt>
   <trkpt lat="47.3902170" lon="-122.0461610">
    <ele>128.3</ele>
    <time>2021-11-16T00:06:17Z</time>
   </trkpt>
   <trkpt lat="47.3902200" lon="-122.0461590">
    <ele>128.3</ele>
    <time>2021-11-16T00:06:18Z</time>
   </trkpt>
   <trkpt lat="47.3902260" lon="-122.0461480">
    <ele>128.3</ele>
    <time>2021-11-16T00:06:19Z</time>
   </trkpt>
   <trkpt lat="47.3902320" lon="-122.0461380">
    <ele>128.3</ele>
    <time>2021-11-16T00:06:20Z</time>
   </trkpt>
   <trkpt lat="47.3902350" lon="-122.0461330">
    <ele>128.3</ele>
    <time>2021-11-16T00:06:21Z</time>
   </trkpt>
   <trkpt lat="47.3909840" lon="-122.0453500">
    <ele>127.2</ele>
    <time>2021-11-16T00:10:05Z</time>
   </trkpt>
   <trkpt lat="47.3910100" lon="-122.0453340">
    <ele>127.2</ele>
    <time>2021-11-16T00:10:06Z</time>
   </trkpt>
   <trkpt lat="47.3910140" lon="-122.0453250">
    <ele>127.2</ele>
    <time>2021-11-16T00:10:07Z</time>
   </trkpt>
   <trkpt lat="47.3910180" lon="-122.0453200">
    <ele>127.2</ele>
    <time>2021-11-16T00:10:08Z</time>
   </trkpt>
   <trkpt lat="47.3910210" lon="-122.0453180">
    <ele>127.2</ele>
    <time>2021-11-16T00:10:09Z</time>
   </trkpt>
   <trkpt lat="47.3910230" lon="-122.0453170">
    <ele>127.2</ele>
    <time>2021-11-16T00:10:10Z</time>
   </trkpt>
   <trkpt lat="47.3909970" lon="-122.0453430">
    <ele>127.1</ele>
    <time>2021-11-16T00:10:11Z</time>
   </trkpt>
   <trkpt lat="47.3909980" lon="-122.0453520">
    <ele>127.1</ele>
    <time>2021-11-16T00:10:12Z</time>
   </trkpt>
   <trkpt lat="47.3909940" lon="-122.0453620">
    <ele>127.1</ele>
    <time>2021-11-16T00:10:13Z</time>
   </trkpt>
   <trkpt lat="47.3909920" lon="-122.0453720">
    <ele>127.1</ele>
    <time>2021-11-16T00:10:14Z</time>
   </trkpt>
   <trkpt lat="47.3909960" lon="-122.0453860">
    <ele>127.1</ele>
    <time>2021-11-16T00:10:15Z</time>
   </trkpt>
   <trkpt lat="47.3909940" lon="-122.0453850">
    <ele>127.1</ele>
    <time>2021-11-16T00:10:16Z</time>
   </trkpt>
   <trkpt lat="47.3910030" lon="-122.0453920">
    <ele>127.1</ele>
    <time>2021-11-16T00:10:17Z</time>
   </trkpt>
   <trkpt lat="47.3910080" lon="-122.0453880">
    <ele>127.1</ele>
    <time>2021-11-16T00:10:18Z</time>
   </trkpt>
   <trkpt lat="47.3910050" lon="-122.0453790">
    <ele>127.1</ele>
    <time>2021-11-16T00:10:19Z</time>
   </trkpt>
   <trkpt lat="47.3910000" lon="-122.0453820">
    <ele>127.1</ele>
    <time>2021-11-16T00:10:20Z</time>
   </trkpt>
   <trkpt lat="47.3910010" lon="-122.0453830">
    <ele>127.1</ele>
    <time>2021-11-16T00:10:21Z</time>
   </trkpt>
   <trkpt lat="47.3909960" lon="-122.0453840">
    <ele>127.1</ele>
    <time>2021-11-16T00:10:22Z</time>
   </trkpt>
   <trkpt lat="47.3909760" lon="-122.0453750">
    <ele>127.1</ele>
    <time>2021-11-16T00:10:23Z</time>
   </trkpt>
   <trkpt lat="47.3909650" lon="-122.0453690">
    <ele>127.1</ele>
    <time>2021-11-16T00:10:24Z</time>
   </trkpt>
   <trkpt lat="47.3909600" lon="-122.0453670">
    <ele>127.1</ele>
    <time>2021-11-16T00:10:25Z</time>
   </trkpt>
   <trkpt lat="47.3909570" lon="-122.0453710">
    <ele>127.1</ele>
    <time>2021-11-16T00:10:26Z</time>
   </trkpt>
   <trkpt lat="47.3909520" lon="-122.0453780">
    <ele>127.1</ele>
    <time>2021-11-16T00:10:27Z</time>
   </trkpt>
   <trkpt lat="47.3909500" lon="-122.0453890">
    <ele>127.1</ele>
    <time>2021-11-16T00:10:28Z</time>
   </trkpt>
   <trkpt lat="47.3909420" lon="-122.0453970">
    <ele>127.1</ele>
    <time>2021-11-16T00:10:29Z</time>
   </trkpt>
   <trkpt lat="47.3909340" lon="-122.0454080">
    <ele>127.1</ele>
    <time>2021-11-16T00:10:30Z</time>
   </trkpt>
   <trkpt lat="47.3909230" lon="-122.0454200">
    <ele>127.1</ele>
    <time>2021-11-16T00:10:31Z</time>
   </trkpt>
   <trkpt lat="47.3909150" lon="-122.0454290">
    <ele>127.1</ele>
    <time>2021-11-16T00:10:32Z</time>
   </trkpt>
   <trkpt lat="47.3909170" lon="-122.0454280">
    <ele>127.1</ele>
    <time>2021-11-16T00:10:33Z</time>
   </trkpt>
   <trkpt lat="47.3909170" lon="-122.0454270">
    <ele>127.1</ele>
    <time>2021-11-16T00:10:34Z</time>
   </trkpt>
   <trkpt lat="47.3909150" lon="-122.0454290">
    <ele>127.1</ele>
    <time>2021-11-16T00:10:35Z</time>
   </trkpt>
   <trkpt lat="47.3909120" lon="-122.0454310">
    <ele>127.1</ele>
    <time>2021-11-16T00:10:36Z</time>
   </trkpt>
   <trkpt lat="47.3909120" lon="-122.0454300">
    <ele>127.1</ele>
    <time>2021-11-16T00:10:37Z</time>
   </trkpt>
   <trkpt lat="47.3909090" lon="-122.0454280">
    <ele>127.1</ele>
    <time>2021-11-16T00:10:38Z</time>
   </trkpt>
   <trkpt lat="47.3909060" lon="-122.0454280">
    <ele>127.1</ele>
    <time>2021-11-16T00:10:39Z</time>
   </trkpt>
   <trkpt lat="47.3909020" lon="-122.0454280">
    <ele>127.1</ele>
    <time>2021-11-16T00:10:40Z</time>
   </trkpt>
   <trkpt lat="47.3908970" lon="-122.0454290">
    <ele>127.1</ele>
    <time>2021-11-16T00:10:41Z</time>
   </trkpt>
   <trkpt lat="47.3908900" lon="-122.0454290">
    <ele>127.1</ele>
    <time>2021-11-16T00:10:42Z</time>
   </trkpt>
   <trkpt lat="47.3908820" lon="-122.0454240">
    <ele>127.1</ele>
    <time>2021-11-16T00:10:43Z</time>
   </trkpt>
   <trkpt lat="47.3908670" lon="-122.0454200">
    <ele>127.1</ele>
    <time>2021-11-16T00:10:44Z</time>
   </trkpt>
   <trkpt lat="47.3908560" lon="-122.0454150">
    <ele>127.1</ele>
    <time>2021-11-16T00:10:45Z</time>
   </trkpt>
   <trkpt lat="47.3908520" lon="-122.0454080">
    <ele>127.1</ele>
    <time>2021-11-16T00:10:46Z</time>
   </trkpt>
   <trkpt lat="47.3908430" lon="-122.0454020">
    <ele>127.1</ele>
    <time>2021-11-16T00:10:47Z</time>
   </trkpt>
   <trkpt lat="47.3908380" lon="-122.0454030">
    <ele>127.1</ele>
    <time>2021-11-16T00:10:48Z</time>
   </trkpt>
   <trkpt lat="47.3908370" lon="-122.0454080">
    <ele>127.1</ele>
    <time>2021-11-16T00:10:49Z</time>
   </trkpt>
   <trkpt lat="47.3908330" lon="-122.0453990">
    <ele>127.1</ele>
    <time>2021-11-16T00:10:50Z</time>
   </trkpt>
   <trkpt lat="47.3908390" lon="-122.0453880">
    <ele>127.0</ele>
    <time>2021-11-16T00:10:51Z</time>
   </trkpt>
   <trkpt lat="47.3908390" lon="-122.0453780">
    <ele>127.0</ele>
    <time>2021-11-16T00:10:52Z</time>
   </trkpt>
   <trkpt lat="47.3908420" lon="-122.0453630">
    <ele>127.0</ele>
    <time>2021-11-16T00:10:53Z</time>
   </trkpt>
   <trkpt lat="47.3908440" lon="-122.0453480">
    <ele>127.0</ele>
    <time>2021-11-16T00:10:54Z</time>
   </trkpt>
   <trkpt lat="47.3908410" lon="-122.0453370">
    <ele>127.0</ele>
    <time>2021-11-16T00:10:55Z</time>
   </trkpt>
   <trkpt lat="47.3908430" lon="-122.0453300">
    <ele>127.0</ele>
    <time>2021-11-16T00:10:56Z</time>
   </trkpt>
   <trkpt lat="47.3908430" lon="-122.0453250">
    <ele>127.0</ele>
    <time>2021-11-16T00:10:57Z</time>
   </trkpt>
   <trkpt lat="47.3908470" lon="-122.0453220">
    <ele>127.0</ele>
    <time>2021-11-16T00:10:58Z</time>
   </trkpt>
   <trkpt lat="47.3908480" lon="-122.0453160">
    <ele>127.0</ele>
    <time>2021-11-16T00:10:59Z</time>
   </trkpt>
   <trkpt lat="47.3908500" lon="-122.0453080">
    <ele>127.0</ele>
    <time>2021-11-16T00:11:00Z</time>
   </trkpt>
   <trkpt lat="47.3908510" lon="-122.0453020">
    <ele>127.0</ele>
    <time>2021-11-16T00:11:01Z</time>
   </trkpt>
   <trkpt lat="47.3908470" lon="-122.0452980">
    <ele>127.0</ele>
    <time>2021-11-16T00:11:02Z</time>
   </trkpt>
   <trkpt lat="47.3908450" lon="-122.0452960">
    <ele>127.0</ele>
    <time>2021-11-16T00:11:03Z</time>
   </trkpt>
   <trkpt lat="47.3908470" lon="-122.0452930">
    <ele>127.0</ele>
    <time>2021-11-16T00:11:04Z</time>
   </trkpt>
   <trkpt lat="47.3908470" lon="-122.0452900">
    <ele>127.0</ele>
    <time>2021-11-16T00:11:05Z</time>
   </trkpt>
   <trkpt lat="47.3908500" lon="-122.0452860">
    <ele>127.0</ele>
    <time>2021-11-16T00:11:06Z</time>
   </trkpt>
   <trkpt lat="47.3908480" lon="-122.0452790">
    <ele>127.0</ele>
    <time>2021-11-16T00:11:07Z</time>
   </trkpt>
   <trkpt lat="47.3908480" lon="-122.0452720">
    <ele>127.0</ele>
    <time>2021-11-16T00:11:08Z</time>
   </trkpt>
   <trkpt lat="47.3908470" lon="-122.0452710">
    <ele>127.0</ele>
    <time>2021-11-16T00:11:09Z</time>
   </trkpt>
   <trkpt lat="47.3908510" lon="-122.0452730">
    <ele>127.0</ele>
    <time>2021-11-16T00:11:10Z</time>
   </trkpt>
   <trkpt lat="47.3908510" lon="-122.0452720">
    <ele>127.0</ele>
    <time>2021-11-16T00:11:11Z</time>
   </trkpt>
   <trkpt lat="47.3908490" lon="-122.0452890">
    <ele>127.0</ele>
    <time>2021-11-16T00:11:12Z</time>
   </trkpt>
   <trkpt lat="47.3908490" lon="-122.0453050">
    <ele>127.0</ele>
    <time>2021-11-16T00:11:13Z</time>
   </trkpt>
   <trkpt lat="47.3908450" lon="-122.0453180">
    <ele>127.0</ele>
    <time>2021-11-16T00:11:14Z</time>
   </trkpt>
   <trkpt lat="47.3908410" lon="-122.0453310">
    <ele>127.0</ele>
    <time>2021-11-16T00:11:15Z</time>
   </trkpt>
   <trkpt lat="47.3908440" lon="-122.0453450">
    <ele>127.0</ele>
    <time>2021-11-16T00:11:16Z</time>
   </trkpt>
   <trkpt lat="47.3908470" lon="-122.0453490">
    <ele>127.0</ele>
    <time>2021-11-16T00:11:17Z</time>
   </trkpt>
   <trkpt lat="47.3908500" lon="-122.0453540">
    <ele>127.0</ele>
    <time>2021-11-16T00:11:18Z</time>
   </trkpt>
   <trkpt lat="47.3908530" lon="-122.0453590">
    <ele>127.0</ele>
    <time>2021-11-16T00:11:19Z</time>
   </trkpt>
   <trkpt lat="47.3908560" lon="-122.0453640">
    <ele>127.0</ele>
    <time>2021-11-16T00:11:20Z</time>
   </trkpt>
   <trkpt lat="47.3908590" lon="-122.0453680">
    <ele>127.0</ele>
    <time>2021-11-16T00:11:21Z</time>
   </trkpt>
   <trkpt lat="47.3908620" lon="-122.0453730">
    <ele>127.0</ele>
    <time>2021-11-16T00:11:22Z</time>
   </trkpt>
   <trkpt lat="47.3908740" lon="-122.0453750">
    <ele>127.0</ele>
    <time>2021-11-16T00:11:23Z</time>
   </trkpt>
   <trkpt lat="47.3908910" lon="-122.0453770">
    <ele>127.0</ele>
    <time>2021-11-16T00:11:24Z</time>
   </trkpt>
   <trkpt lat="47.3909120" lon="-122.0453830">
    <ele>127.0</ele>
    <time>2021-11-16T00:11:25Z</time>
   </trkpt>
   <trkpt lat="47.3909210" lon="-122.0453840">
    <ele>127.0</ele>
    <time>2021-11-16T00:11:26Z</time>
   </trkpt>
   <trkpt lat="47.3909300" lon="-122.0453850">
    <ele>127.0</ele>
    <time>2021-11-16T00:11:27Z</time>
   </trkpt>
   <trkpt lat="47.3909400" lon="-122.0453890">
    <ele>127.0</ele>
    <time>2021-11-16T00:11:28Z</time>
   </trkpt>
   <trkpt lat="47.3909520" lon="-122.0453900">
    <ele>127.0</ele>
    <time>2021-11-16T00:11:29Z</time>
   </trkpt>
   <trkpt lat="47.3909580" lon="-122.0453900">
    <ele>127.0</ele>
    <time>2021-11-16T00:11:30Z</time>
   </trkpt>
   <trkpt lat="47.3909830" lon="-122.0453870">
    <ele>126.9</ele>
    <time>2021-11-16T00:11:31Z</time>
   </trkpt>
   <trkpt lat="47.3909980" lon="-122.0453840">
    <ele>126.9</ele>
    <time>2021-11-16T00:11:32Z</time>
   </trkpt>
   <trkpt lat="47.3910130" lon="-122.0453810">
    <ele>126.9</ele>
    <time>2021-11-16T00:11:33Z</time>
   </trkpt>
   <trkpt lat="47.3909890" lon="-122.0453740">
    <ele>126.9</ele>
    <time>2021-11-16T00:11:34Z</time>
   </trkpt>
   <trkpt lat="47.3909990" lon="-122.0453690">
    <ele>126.9</ele>
    <time>2021-11-16T00:11:35Z</time>
   </trkpt>
   <trkpt lat="47.3910080" lon="-122.0453630">
    <ele>126.9</ele>
    <time>2021-11-16T00:11:36Z</time>
   </trkpt>
   <trkpt lat="47.3910140" lon="-122.0453630">
    <ele>126.9</ele>
    <time>2021-11-16T00:11:37Z</time>
   </trkpt>
   <trkpt lat="47.3910220" lon="-122.0453620">
    <ele>126.9</ele>
    <time>2021-11-16T00:11:38Z</time>
   </trkpt>
   <trkpt lat="47.3910310" lon="-122.0453570">
    <ele>126.9</ele>
    <time>2021-11-16T00:11:39Z</time>
   </trkpt>
   <trkpt lat="47.3910420" lon="-122.0453590">
    <ele>126.9</ele>
    <time>2021-11-16T00:11:40Z</time>
   </trkpt>
   <trkpt lat="47.3910480" lon="-122.0453540">
    <ele>126.9</ele>
    <time>2021-11-16T00:11:41Z</time>
   </trkpt>
   <trkpt lat="47.3910570" lon="-122.0453480">
    <ele>126.9</ele>
    <time>2021-11-16T00:11:42Z</time>
   </trkpt>
   <trkpt lat="47.3910650" lon="-122.0453380">
    <ele>126.9</ele>
    <time>2021-11-16T00:11:43Z</time>
   </trkpt>
   <trkpt lat="47.3910770" lon="-122.0453340">
    <ele>126.9</ele>
    <time>2021-11-16T00:11:44Z</time>
   </trkpt>
   <trkpt lat="47.3910860" lon="-122.0453320">
    <ele>126.9</ele>
    <time>2021-11-16T00:11:45Z</time>
   </trkpt>
   <trkpt lat="47.3910950" lon="-122.0453300">
    <ele>126.9</ele>
    <time>2021-11-16T00:11:46Z</time>
   </trkpt>
   <trkpt lat="47.3911150" lon="-122.0453250">
    <ele>126.9</ele>
    <time>2021-11-16T00:11:47Z</time>
   </trkpt>
   <trkpt lat="47.3911240" lon="-122.0453180">
    <ele>126.9</ele>
    <time>2021-11-16T00:11:48Z</time>
   </trkpt>
   <trkpt lat="47.3911350" lon="-122.0453150">
    <ele>126.9</ele>
    <time>2021-11-16T00:11:49Z</time>
   </trkpt>
   <trkpt lat="47.3911450" lon="-122.0453080">
    <ele>126.9</ele>
    <time>2021-11-16T00:11:50Z</time>
   </trkpt>
   <trkpt lat="47.3911570" lon="-122.0453060">
    <ele>126.9</ele>
    <time>2021-11-16T00:11:51Z</time>
   </trkpt>
   <trkpt lat="47.3911680" lon="-122.0453040">
    <ele>126.9</ele>
    <time>2021-11-16T00:11:52Z</time>
   </trkpt>
   <trkpt lat="47.3911760" lon="-122.0453010">
    <ele>126.9</ele>
    <time>2021-11-16T00:11:53Z</time>
   </trkpt>
   <trkpt lat="47.3911870" lon="-122.0452950">
    <ele>126.9</ele>
    <time>2021-11-16T00:11:54Z</time>
   </trkpt>
   <trkpt lat="47.3911950" lon="-122.0452820">
    <ele>126.9</ele>
    <time>2021-11-16T00:11:55Z</time>
   </trkpt>
   <trkpt lat="47.3912050" lon="-122.0452740">
    <ele>126.9</ele>
    <time>2021-11-16T00:11:56Z</time>
   </trkpt>
   <trkpt lat="47.3912140" lon="-122.0452680">
    <ele>126.9</ele>
    <time>2021-11-16T00:11:57Z</time>
   </trkpt>
   <trkpt lat="47.3912240" lon="-122.0452640">
    <ele>126.9</ele>
    <time>2021-11-16T00:11:58Z</time>
   </trkpt>
   <trkpt lat="47.3912340" lon="-122.0452570">
    <ele>126.9</ele>
    <time>2021-11-16T00:11:59Z</time>
   </trkpt>
   <trkpt lat="47.3912450" lon="-122.0452480">
    <ele>126.8</ele>
    <time>2021-11-16T00:12:00Z</time>
   </trkpt>
   <trkpt lat="47.3912530" lon="-122.0452400">
    <ele>126.8</ele>
    <time>2021-11-16T00:12:01Z</time>
   </trkpt>
   <trkpt lat="47.3912650" lon="-122.0452360">
    <ele>126.8</ele>
    <time>2021-11-16T00:12:02Z</time>
   </trkpt>
   <trkpt lat="47.3912750" lon="-122.0452310">
    <ele>126.8</ele>
    <time>2021-11-16T00:12:03Z</time>
   </trkpt>
   <trkpt lat="47.3912880" lon="-122.0452220">
    <ele>126.8</ele>
    <time>2021-11-16T00:12:04Z</time>
   </trkpt>
   <trkpt lat="47.3913000" lon="-122.0452140">
    <ele>126.8</ele>
    <time>2021-11-16T00:12:05Z</time>
   </trkpt>
   <trkpt lat="47.3913110" lon="-122.0452040">
    <ele>126.8</ele>
    <time>2021-11-16T00:12:06Z</time>
   </trkpt>
   <trkpt lat="47.3913210" lon="-122.0451930">
    <ele>126.8</ele>
    <time>2021-11-16T00:12:07Z</time>
   </trkpt>
   <trkpt lat="47.3913300" lon="-122.0451830">
    <ele>126.8</ele>
    <time>2021-11-16T00:12:08Z</time>
   </trkpt>
   <trkpt lat="47.3913360" lon="-122.0451750">
    <ele>126.8</ele>
    <time>2021-11-16T00:12:09Z</time>
   </trkpt>
   <trkpt lat="47.3913440" lon="-122.0451600">
    <ele>126.8</ele>
    <time>2021-11-16T00:12:10Z</time>
   </trkpt>
   <trkpt lat="47.3913500" lon="-122.0451540">
    <ele>126.8</ele>
    <time>2021-11-16T00:12:11Z</time>
   </trkpt>
   <trkpt lat="47.3913520" lon="-122.0451560">
    <ele>126.8</ele>
    <time>2021-11-16T00:12:12Z</time>
   </trkpt>
   <trkpt lat="47.3913570" lon="-122.0451470">
    <ele>126.8</ele>
    <time>2021-11-16T00:12:13Z</time>
   </trkpt>
   <trkpt lat="47.3913690" lon="-122.0451370">
    <ele>126.8</ele>
    <time>2021-11-16T00:12:14Z</time>
   </trkpt>
   <trkpt lat="47.3913760" lon="-122.0451330">
    <ele>126.8</ele>
    <time>2021-11-16T00:12:15Z</time>
   </trkpt>
   <trkpt lat="47.3913800" lon="-122.0451240">
    <ele>126.8</ele>
    <time>2021-11-16T00:12:16Z</time>
   </trkpt>
   <trkpt lat="47.3913830" lon="-122.0451190">
    <ele>126.8</ele>
    <time>2021-11-16T00:12:17Z</time>
   </trkpt>
   <trkpt lat="47.3913850" lon="-122.0451070">
    <ele>126.8</ele>
    <time>2021-11-16T00:12:18Z</time>
   </trkpt>
   <trkpt lat="47.3913920" lon="-122.0450970">
    <ele>126.8</ele>
    <time>2021-11-16T00:12:19Z</time>
   </trkpt>
   <trkpt lat="47.3913990" lon="-122.0450900">
    <ele>126.7</ele>
    <time>2021-11-16T00:12:20Z</time>
   </trkpt>
   <trkpt lat="47.3914060" lon="-122.0450860">
    <ele>126.7</ele>
    <time>2021-11-16T00:12:21Z</time>
   </trkpt>
   <trkpt lat="47.3914150" lon="-122.0450770">
    <ele>126.7</ele>
    <time>2021-11-16T00:12:22Z</time>
   </trkpt>
   <trkpt lat="47.3914210" lon="-122.0450730">
    <ele>126.7</ele>
    <time>2021-11-16T00:12:23Z</time>
   </trkpt>
   <trkpt lat="47.3914270" lon="-122.0450640">
    <ele>126.7</ele>
    <time>2021-11-16T00:12:24Z</time>
   </trkpt>
   <trkpt lat="47.3914350" lon="-122.0450550">
    <ele>126.7</ele>
    <time>2021-11-16T00:12:25Z</time>
   </trkpt>
   <trkpt lat="47.3914410" lon="-122.0450440">
    <ele>126.7</ele>
    <time>2021-11-16T00:12:26Z</time>
   </trkpt>
   <trkpt lat="47.3914600" lon="-122.0450300">
    <ele>126.7</ele>
    <time>2021-11-16T00:12:27Z</time>
   </trkpt>
   <trkpt lat="47.3914690" lon="-122.0450260">
    <ele>126.7</ele>
    <time>2021-11-16T00:12:28Z</time>
   </trkpt>
   <trkpt lat="47.3914780" lon="-122.0450210">
    <ele>126.7</ele>
    <time>2021-11-16T00:12:29Z</time>
   </trkpt>
   <trkpt lat="47.3914940" lon="-122.0450130">
    <ele>126.6</ele>
    <time>2021-11-16T00:12:30Z</time>
   </trkpt>
   <trkpt lat="47.3915090" lon="-122.0450060">
    <ele>126.6</ele>
    <time>2021-11-16T00:12:31Z</time>
   </trkpt>
   <trkpt lat="47.3915240" lon="-122.0449970">
    <ele>126.6</ele>
    <time>2021-11-16T00:12:32Z</time>
   </trkpt>
   <trkpt lat="47.3915370" lon="-122.0449930">
    <ele>126.6</ele>
    <time>2021-11-16T00:12:33Z</time>
   </trkpt>
   <trkpt lat="47.3915490" lon="-122.0449850">
    <ele>126.6</ele>
    <time>2021-11-16T00:12:34Z</time>
   </trkpt>
   <trkpt lat="47.3915580" lon="-122.0449810">
    <ele>126.6</ele>
    <time>2021-11-16T00:12:35Z</time>
   </trkpt>
   <trkpt lat="47.3915660" lon="-122.0449720">
    <ele>126.6</ele>
    <time>2021-11-16T00:12:36Z</time>
   </trkpt>
   <trkpt lat="47.3915780" lon="-122.0449610">
    <ele>126.6</ele>
    <time>2021-11-16T00:12:37Z</time>
   </trkpt>
   <trkpt lat="47.3915870" lon="-122.0449530">
    <ele>126.6</ele>
    <time>2021-11-16T00:12:38Z</time>
   </trkpt>
   <trkpt lat="47.3915940" lon="-122.0449470">
    <ele>126.6</ele>
    <time>2021-11-16T00:12:39Z</time>
   </trkpt>
   <trkpt lat="47.3916060" lon="-122.0449410">
    <ele>126.5</ele>
    <time>2021-11-16T00:12:40Z</time>
   </trkpt>
   <trkpt lat="47.3916230" lon="-122.0449300">
    <ele>126.5</ele>
    <time>2021-11-16T00:12:41Z</time>
   </trkpt>
   <trkpt lat="47.3916480" lon="-122.0449180">
    <ele>126.5</ele>
    <time>2021-11-16T00:12:42Z</time>
   </trkpt>
   <trkpt lat="47.3916580" lon="-122.0449130">
    <ele>126.5</ele>
    <time>2021-11-16T00:12:43Z</time>
   </trkpt>
   <trkpt lat="47.3916750" lon="-122.0449010">
    <ele>126.5</ele>
    <time>2021-11-16T00:12:44Z</time>
   </trkpt>
   <trkpt lat="47.3916830" lon="-122.0448970">
    <ele>126.5</ele>
    <time>2021-11-16T00:12:45Z</time>
   </trkpt>
   <trkpt lat="47.3916920" lon="-122.0448920">
    <ele>126.5</ele>
    <time>2021-11-16T00:12:46Z</time>
   </trkpt>
   <trkpt lat="47.3917110" lon="-122.0448790">
    <ele>126.5</ele>
    <time>2021-11-16T00:12:47Z</time>
   </trkpt>
   <trkpt lat="47.3917180" lon="-122.0448740">
    <ele>126.5</ele>
    <time>2021-11-16T00:12:48Z</time>
   </trkpt>
   <trkpt lat="47.3917250" lon="-122.0448690">
    <ele>126.4</ele>
    <time>2021-11-16T00:12:49Z</time>
   </trkpt>
   <trkpt lat="47.3917330" lon="-122.0448600">
    <ele>126.4</ele>
    <time>2021-11-16T00:12:50Z</time>
   </trkpt>
   <trkpt lat="47.3917470" lon="-122.0448440">
    <ele>126.4</ele>
    <time>2021-11-16T00:12:51Z</time>
   </trkpt>
   <trkpt lat="47.3917650" lon="-122.0448310">
    <ele>126.4</ele>
    <time>2021-11-16T00:12:52Z</time>
   </trkpt>
   <trkpt lat="47.3917730" lon="-122.0448300">
    <ele>126.4</ele>
    <time>2021-11-16T00:12:53Z</time>
   </trkpt>
   <trkpt lat="47.3917870" lon="-122.0448200">
    <ele>126.4</ele>
    <time>2021-11-16T00:12:54Z</time>
   </trkpt>
   <trkpt lat="47.3917980" lon="-122.0448120">
    <ele>126.4</ele>
    <time>2021-11-16T00:12:55Z</time>
   </trkpt>
   <trkpt lat="47.3918130" lon="-122.0447980">
    <ele>126.4</ele>
    <time>2021-11-16T00:12:56Z</time>
   </trkpt>
   <trkpt lat="47.3918220" lon="-122.0447900">
    <ele>126.4</ele>
    <time>2021-11-16T00:12:57Z</time>
   </trkpt>
   <trkpt lat="47.3918320" lon="-122.0447760">
    <ele>126.4</ele>
    <time>2021-11-16T00:12:58Z</time>
   </trkpt>
   <trkpt lat="47.3918450" lon="-122.0447640">
    <ele>126.3</ele>
    <time>2021-11-16T00:12:59Z</time>
   </trkpt>
   <trkpt lat="47.3918580" lon="-122.0447570">
    <ele>126.3</ele>
    <time>2021-11-16T00:13:00Z</time>
   </trkpt>
   <trkpt lat="47.3918730" lon="-122.0447500">
    <ele>126.3</ele>
    <time>2021-11-16T00:13:01Z</time>
   </trkpt>
   <trkpt lat="47.3918890" lon="-122.0447390">
    <ele>126.3</ele>
    <time>2021-11-16T00:13:02Z</time>
   </trkpt>
   <trkpt lat="47.3919030" lon="-122.0447340">
    <ele>126.3</ele>
    <time>2021-11-16T00:13:03Z</time>
   </trkpt>
   <trkpt lat="47.3919110" lon="-122.0447330">
    <ele>126.3</ele>
    <time>2021-11-16T00:13:04Z</time>
   </trkpt>
   <trkpt lat="47.3919210" lon="-122.0447250">
    <ele>126.3</ele>
    <time>2021-11-16T00:13:05Z</time>
   </trkpt>
   <trkpt lat="47.3919310" lon="-122.0447170">
    <ele>126.3</ele>
    <time>2021-11-16T00:13:06Z</time>
   </trkpt>
   <trkpt lat="47.3919480" lon="-122.0447040">
    <ele>126.3</ele>
    <time>2021-11-16T00:13:07Z</time>
   </trkpt>
   <trkpt lat="47.3919570" lon="-122.0446960">
    <ele>126.3</ele>
    <time>2021-11-16T00:13:08Z</time>
   </trkpt>
   <trkpt lat="47.3919670" lon="-122.0446880">
    <ele>126.3</ele>
    <time>2021-11-16T00:13:09Z</time>
   </trkpt>
   <trkpt lat="47.3919750" lon="-122.0446800">
    <ele>126.3</ele>
    <time>2021-11-16T00:13:10Z</time>
   </trkpt>
   <trkpt lat="47.3919940" lon="-122.0446690">
    <ele>126.3</ele>
    <time>2021-11-16T00:13:11Z</time>
   </trkpt>
   <trkpt lat="47.3920030" lon="-122.0446600">
    <ele>126.3</ele>
    <time>2021-11-16T00:13:12Z</time>
   </trkpt>
   <trkpt lat="47.3920140" lon="-122.0446540">
    <ele>126.3</ele>
    <time>2021-11-16T00:13:13Z</time>
   </trkpt>
   <trkpt lat="47.3920190" lon="-122.0446510">
    <ele>126.2</ele>
    <time>2021-11-16T00:13:14Z</time>
   </trkpt>
   <trkpt lat="47.3920370" lon="-122.0446410">
    <ele>126.2</ele>
    <time>2021-11-16T00:13:15Z</time>
   </trkpt>
   <trkpt lat="47.3920460" lon="-122.0446350">
    <ele>126.2</ele>
    <time>2021-11-16T00:13:16Z</time>
   </trkpt>
   <trkpt lat="47.3920550" lon="-122.0446280">
    <ele>126.2</ele>
    <time>2021-11-16T00:13:17Z</time>
   </trkpt>
   <trkpt lat="47.3920660" lon="-122.0446220">
    <ele>126.2</ele>
    <time>2021-11-16T00:13:18Z</time>
   </trkpt>
   <trkpt lat="47.3920740" lon="-122.0446200">
    <ele>126.2</ele>
    <time>2021-11-16T00:13:19Z</time>
   </trkpt>
   <trkpt lat="47.3920810" lon="-122.0446130">
    <ele>126.2</ele>
    <time>2021-11-16T00:13:20Z</time>
   </trkpt>
   <trkpt lat="47.3921000" lon="-122.0445980">
    <ele>126.2</ele>
    <time>2021-11-16T00:13:21Z</time>
   </trkpt>
   <trkpt lat="47.3921130" lon="-122.0445930">
    <ele>126.2</ele>
    <time>2021-11-16T00:13:22Z</time>
   </trkpt>
   <trkpt lat="47.3921270" lon="-122.0445870">
    <ele>126.2</ele>
    <time>2021-11-16T00:13:23Z</time>
   </trkpt>
   <trkpt lat="47.3921380" lon="-122.0445800">
    <ele>126.2</ele>
    <time>2021-11-16T00:13:24Z</time>
   </trkpt>
   <trkpt lat="47.3921550" lon="-122.0445750">
    <ele>126.1</ele>
    <time>2021-11-16T00:13:25Z</time>
   </trkpt>
   <trkpt lat="47.3921740" lon="-122.0445640">
    <ele>126.1</ele>
    <time>2021-11-16T00:13:26Z</time>
   </trkpt>
   <trkpt lat="47.3921810" lon="-122.0445590">
    <ele>126.1</ele>
    <time>2021-11-16T00:13:27Z</time>
   </trkpt>
   <trkpt lat="47.3921890" lon="-122.0445530">
    <ele>126.1</ele>
    <time>2021-11-16T00:13:28Z</time>
   </trkpt>
   <trkpt lat="47.3922060" lon="-122.0445460">
    <ele>126.1</ele>
    <time>2021-11-16T00:13:29Z</time>
   </trkpt>
   <trkpt lat="47.3922170" lon="-122.0445390">
    <ele>126.1</ele>
    <time>2021-11-16T00:13:30Z</time>
   </trkpt>
   <trkpt lat="47.3922360" lon="-122.0445300">
    <ele>126.0</ele>
    <time>2021-11-16T00:13:31Z</time>
   </trkpt>
   <trkpt lat="47.3922490" lon="-122.0445230">
    <ele>126.0</ele>
    <time>2021-11-16T00:13:32Z</time>
   </trkpt>
   <trkpt lat="47.3922640" lon="-122.0445150">
    <ele>126.0</ele>
    <time>2021-11-16T00:13:33Z</time>
   </trkpt>
   <trkpt lat="47.3922750" lon="-122.0445050">
    <ele>126.0</ele>
    <time>2021-11-16T00:13:34Z</time>
   </trkpt>
   <trkpt lat="47.3922770" lon="-122.0444930">
    <ele>126.0</ele>
    <time>2021-11-16T00:13:35Z</time>
   </trkpt>
   <trkpt lat="47.3922870" lon="-122.0444810">
    <ele>125.9</ele>
    <time>2021-11-16T00:13:36Z</time>
   </trkpt>
   <trkpt lat="47.3922950" lon="-122.0444730">
    <ele>125.9</ele>
    <time>2021-11-16T00:13:37Z</time>
   </trkpt>
   <trkpt lat="47.3923070" lon="-122.0444680">
    <ele>125.9</ele>
    <time>2021-11-16T00:13:38Z</time>
   </trkpt>
   <trkpt lat="47.3923190" lon="-122.0444560">
    <ele>125.9</ele>
    <time>2021-11-16T00:13:39Z</time>
   </trkpt>
   <trkpt lat="47.3923280" lon="-122.0444530">
    <ele>125.9</ele>
    <time>2021-11-16T00:13:40Z</time>
   </trkpt>
   <trkpt lat="47.3923430" lon="-122.0444420">
    <ele>125.8</ele>
    <time>2021-11-16T00:13:41Z</time>
   </trkpt>
   <trkpt lat="47.3923600" lon="-122.0444310">
    <ele>125.8</ele>
    <time>2021-11-16T00:13:42Z</time>
   </trkpt>
   <trkpt lat="47.3923790" lon="-122.0444250">
    <ele>125.8</ele>
    <time>2021-11-16T00:13:43Z</time>
   </trkpt>
   <trkpt lat="47.3923860" lon="-122.0444140">
    <ele>125.8</ele>
    <time>2021-11-16T00:13:44Z</time>
   </trkpt>
   <trkpt lat="47.3924000" lon="-122.0444010">
    <ele>125.8</ele>
    <time>2021-11-16T00:13:45Z</time>
   </trkpt>
   <trkpt lat="47.3924150" lon="-122.0443890">
    <ele>125.7</ele>
    <time>2021-11-16T00:13:46Z</time>
   </trkpt>
   <trkpt lat="47.3924300" lon="-122.0443770">
    <ele>125.7</ele>
    <time>2021-11-16T00:13:47Z</time>
   </trkpt>
   <trkpt lat="47.3924450" lon="-122.0443700">
    <ele>125.7</ele>
    <time>2021-11-16T00:13:48Z</time>
   </trkpt>
   <trkpt lat="47.3924610" lon="-122.0443600">
    <ele>125.7</ele>
    <time>2021-11-16T00:13:49Z</time>
   </trkpt>
   <trkpt lat="47.3924770" lon="-122.0443510">
    <ele>125.6</ele>
    <time>2021-11-16T00:13:50Z</time>
   </trkpt>
   <trkpt lat="47.3924970" lon="-122.0443370">
    <ele>125.6</ele>
    <time>2021-11-16T00:13:51Z</time>
   </trkpt>
   <trkpt lat="47.3925050" lon="-122.0443300">
    <ele>125.6</ele>
    <time>2021-11-16T00:13:52Z</time>
   </trkpt>
   <trkpt lat="47.3925130" lon="-122.0443230">
    <ele>125.6</ele>
    <time>2021-11-16T00:13:53Z</time>
   </trkpt>
   <trkpt lat="47.3925240" lon="-122.0443170">
    <ele>125.6</ele>
    <time>2021-11-16T00:13:54Z</time>
   </trkpt>
   <trkpt lat="47.3925280" lon="-122.0443140">
    <ele>125.5</ele>
    <time>2021-11-16T00:13:55Z</time>
   </trkpt>
   <trkpt lat="47.3925390" lon="-122.0443100">
    <ele>125.5</ele>
    <time>2021-11-16T00:13:56Z</time>
   </trkpt>
   <trkpt lat="47.3925540" lon="-122.0443020">
    <ele>125.5</ele>
    <time>2021-11-16T00:13:57Z</time>
   </trkpt>
   <trkpt lat="47.3925690" lon="-122.0442940">
    <ele>125.5</ele>
    <time>2021-11-16T00:13:58Z</time>
   </trkpt>
   <trkpt lat="47.3925850" lon="-122.0442830">
    <ele>125.4</ele>
    <time>2021-11-16T00:13:59Z</time>
   </trkpt>
   <trkpt lat="47.3926000" lon="-122.0442800">
    <ele>125.4</ele>
    <time>2021-11-16T00:14:00Z</time>
   </trkpt>
   <trkpt lat="47.3926150" lon="-122.0442660">
    <ele>125.4</ele>
    <time>2021-11-16T00:14:01Z</time>
   </trkpt>
   <trkpt lat="47.3926280" lon="-122.0442590">
    <ele>125.4</ele>
    <time>2021-11-16T00:14:02Z</time>
   </trkpt>
   <trkpt lat="47.3926510" lon="-122.0442350">
    <ele>125.3</ele>
    <time>2021-11-16T00:14:03Z</time>
   </trkpt>
   <trkpt lat="47.3926570" lon="-122.0442250">
    <ele>125.3</ele>
    <time>2021-11-16T00:14:04Z</time>
   </trkpt>
   <trkpt lat="47.3926770" lon="-122.0442190">
    <ele>125.3</ele>
    <time>2021-11-16T00:14:05Z</time>
   </trkpt>
   <trkpt lat="47.3926850" lon="-122.0442160">
    <ele>125.2</ele>
    <time>2021-11-16T00:14:06Z</time>
   </trkpt>
   <trkpt lat="47.3926940" lon="-122.0442130">
    <ele>125.2</ele>
    <time>2021-11-16T00:14:07Z</time>
   </trkpt>
   <trkpt lat="47.3927030" lon="-122.0442050">
    <ele>125.2</ele>
    <time>2021-11-16T00:14:08Z</time>
   </trkpt>
   <trkpt lat="47.3927100" lon="-122.0441960">
    <ele>125.2</ele>
    <time>2021-11-16T00:14:09Z</time>
   </trkpt>
   <trkpt lat="47.3927190" lon="-122.0441920">
    <ele>125.2</ele>
    <time>2021-11-16T00:14:10Z</time>
   </trkpt>
   <trkpt lat="47.3927390" lon="-122.0441840">
    <ele>125.1</ele>
    <time>2021-11-16T00:14:11Z</time>
   </trkpt>
   <trkpt lat="47.3927470" lon="-122.0441800">
    <ele>125.1</ele>
    <time>2021-11-16T00:14:12Z</time>
   </trkpt>
   <trkpt lat="47.3927550" lon="-122.0441770">
    <ele>125.1</ele>
    <time>2021-11-16T00:14:13Z</time>
   </trkpt>
   <trkpt lat="47.3927730" lon="-122.0441620">
    <ele>125.0</ele>
    <time>2021-11-16T00:14:14Z</time>
   </trkpt>
   <trkpt lat="47.3927810" lon="-122.0441580">
    <ele>125.0</ele>
    <time>2021-11-16T00:14:15Z</time>
   </trkpt>
   <trkpt lat="47.3927880" lon="-122.0441530">
    <ele>125.0</ele>
    <time>2021-11-16T00:14:16Z</time>
   </trkpt>
   <trkpt lat="47.3927990" lon="-122.0441470">
    <ele>125.0</ele>
    <time>2021-11-16T00:14:17Z</time>
   </trkpt>
   <trkpt lat="47.3928060" lon="-122.0441400">
    <ele>125.0</ele>
    <time>2021-11-16T00:14:18Z</time>
   </trkpt>
   <trkpt lat="47.3928140" lon="-122.0441350">
    <ele>125.0</ele>
    <time>2021-11-16T00:14:19Z</time>
   </trkpt>
   <trkpt lat="47.3928300" lon="-122.0441280">
    <ele>124.9</ele>
    <time>2021-11-16T00:14:20Z</time>
   </trkpt>
   <trkpt lat="47.3928400" lon="-122.0441220">
    <ele>124.9</ele>
    <time>2021-11-16T00:14:21Z</time>
   </trkpt>
   <trkpt lat="47.3928610" lon="-122.0441110">
    <ele>124.9</ele>
    <time>2021-11-16T00:14:22Z</time>
   </trkpt>
   <trkpt lat="47.3928690" lon="-122.0441080">
    <ele>124.9</ele>
    <time>2021-11-16T00:14:23Z</time>
   </trkpt>
   <trkpt lat="47.3928760" lon="-122.0441050">
    <ele>124.8</ele>
    <time>2021-11-16T00:14:24Z</time>
   </trkpt>
   <trkpt lat="47.3928890" lon="-122.0440980">
    <ele>124.8</ele>
    <time>2021-11-16T00:14:25Z</time>
   </trkpt>
   <trkpt lat="47.3929010" lon="-122.0440920">
    <ele>124.8</ele>
    <time>2021-11-16T00:14:26Z</time>
   </trkpt>
   <trkpt lat="47.3929070" lon="-122.0440860">
    <ele>124.8</ele>
    <time>2021-11-16T00:14:27Z</time>
   </trkpt>
   <trkpt lat="47.3929160" lon="-122.0440750">
    <ele>124.8</ele>
    <time>2021-11-16T00:14:28Z</time>
   </trkpt>
   <trkpt lat="47.3929270" lon="-122.0440700">
    <ele>124.8</ele>
    <time>2021-11-16T00:14:29Z</time>
   </trkpt>
   <trkpt lat="47.3929380" lon="-122.0440670">
    <ele>124.7</ele>
    <time>2021-11-16T00:14:30Z</time>
   </trkpt>
   <trkpt lat="47.3929580" lon="-122.0440540">
    <ele>124.7</ele>
    <time>2021-11-16T00:14:31Z</time>
   </trkpt>
   <trkpt lat="47.3929670" lon="-122.0440510">
    <ele>124.7</ele>
    <time>2021-11-16T00:14:32Z</time>
   </trkpt>
   <trkpt lat="47.3929760" lon="-122.0440480">
    <ele>124.7</ele>
    <time>2021-11-16T00:14:33Z</time>
   </trkpt>
   <trkpt lat="47.3929910" lon="-122.0440430">
    <ele>124.7</ele>
    <time>2021-11-16T00:14:34Z</time>
   </trkpt>
   <trkpt lat="47.3930020" lon="-122.0440340">
    <ele>124.6</ele>
    <time>2021-11-16T00:14:35Z</time>
   </trkpt>
   <trkpt lat="47.3930160" lon="-122.0440240">
    <ele>124.6</ele>
    <time>2021-11-16T00:14:36Z</time>
   </trkpt>
   <trkpt lat="47.3930230" lon="-122.0440160">
    <ele>124.6</ele>
    <time>2021-11-16T00:14:37Z</time>
   </trkpt>
   <trkpt lat="47.3930270" lon="-122.0440130">
    <ele>124.6</ele>
    <time>2021-11-16T00:14:38Z</time>
   </trkpt>
   <trkpt lat="47.3930510" lon="-122.0439970">
    <ele>124.6</ele>
    <time>2021-11-16T00:14:39Z</time>
   </trkpt>
   <trkpt lat="47.3930610" lon="-122.0439900">
    <ele>124.6</ele>
    <time>2021-11-16T00:14:40Z</time>
   </trkpt>
   <trkpt lat="47.3930700" lon="-122.0439830">
    <ele>124.6</ele>
    <time>2021-11-16T00:14:41Z</time>
   </trkpt>
   <trkpt lat="47.3930840" lon="-122.0439760">
    <ele>124.5</ele>
    <time>2021-11-16T00:14:42Z</time>
   </trkpt>
   <trkpt lat="47.3930970" lon="-122.0439630">
    <ele>124.5</ele>
    <time>2021-11-16T00:14:43Z</time>
   </trkpt>
   <trkpt lat="47.3931060" lon="-122.0439560">
    <ele>124.5</ele>
    <time>2021-11-16T00:14:44Z</time>
   </trkpt>
   <trkpt lat="47.3931190" lon="-122.0439490">
    <ele>124.5</ele>
    <time>2021-11-16T00:14:45Z</time>
   </trkpt>
   <trkpt lat="47.3931250" lon="-122.0439490">
    <ele>124.5</ele>
    <time>2021-11-16T00:14:46Z</time>
   </trkpt>
   <trkpt lat="47.3931340" lon="-122.0439440">
    <ele>124.5</ele>
    <time>2021-11-16T00:14:47Z</time>
   </trkpt>
   <trkpt lat="47.3931430" lon="-122.0439450">
    <ele>124.5</ele>
    <time>2021-11-16T00:14:48Z</time>
   </trkpt>
   <trkpt lat="47.4050930" lon="-122.0386400">
    <ele>102.6</ele>
    <time>2021-11-16T00:31:28Z</time>
   </trkpt>
  </trkseg>
 </trk>
</gpx>
