<?xml version="1.0" encoding="UTF-8"?>
<gpx creator="StravaGPX" version="1.1" xmlns="http://www.topografix.com/GPX/1/1" xmlns:xsi="http://www.w3.org/2001/XMLSchema-instance" xsi:schemaLocation="http://www.topografix.com/GPX/1/1 http://www.topografix.com/GPX/1/1/gpx.xsd">
 <metadata>
  <time>2022-03-06T23:01:50Z</time>
 </metadata>
 <trk>
  <name>Phone Call Walk</name>
  <type>walking</type>
  <trkseg>
   <trkpt lat="47.3817300" lon="-122.0463410">
    <ele>143.1</ele>
    <time>2022-03-06T23:01:50Z</time>
   </trkpt>
   <trkpt lat="47.3816560" lon="-122.0462730">
    <ele>143.2</ele>
    <time>2022-03-06T23:01:51Z</time>
   </trkpt>
   <trkpt lat="47.3815800" lon="-122.0462040">
    <ele>143.3</ele>
    <time>2022-03-06T23:01:52Z</time>
   </trkpt>
   <trkpt lat="47.3815040" lon="-122.0461350">
    <ele>143.4</ele>
    <time>2022-03-06T23:01:53Z</time>
   </trkpt>
   <trkpt lat="47.3814630" lon="-122.0461030">
    <ele>143.4</ele>
    <time>2022-03-06T23:01:54Z</time>
   </trkpt>
   <trkpt lat="47.3813990" lon="-122.0460710">
    <ele>143.5</ele>
    <time>2022-03-06T23:01:55Z</time>
   </trkpt>
   <trkpt lat="47.3813540" lon="-122.0460280">
    <ele>143.5</ele>
    <time>2022-03-06T23:01:56Z</time>
   </trkpt>
   <trkpt lat="47.3813240" lon="-122.0459770">
    <ele>143.6</ele>
    <time>2022-03-06T23:01:57Z</time>
   </trkpt>
   <trkpt lat="47.3813060" lon="-122.0459100">
    <ele>143.7</ele>
    <time>2022-03-06T23:01:58Z</time>
   </trkpt>
   <trkpt lat="47.3812850" lon="-122.0458660">
    <ele>143.7</ele>
    <time>2022-03-06T23:01:59Z</time>
   </trkpt>
   <trkpt lat="47.3812570" lon="-122.0458300">
    <ele>143.8</ele>
    <time>2022-03-06T23:02:00Z</time>
   </trkpt>
   <trkpt lat="47.3812450" lon="-122.0458210">
    <ele>143.8</ele>
    <time>2022-03-06T23:02:01Z</time>
   </trkpt>
   <trkpt lat="47.3812260" lon="-122.0458030">
    <ele>143.8</ele>
    <time>2022-03-06T23:02:02Z</time>
   </trkpt>
   <trkpt lat="47.3812190" lon="-122.0457910">
    <ele>143.8</ele>
    <time>2022-03-06T23:02:03Z</time>
   </trkpt>
   <trkpt lat="47.3812130" lon="-122.0457790">
    <ele>143.9</ele>
    <time>2022-03-06T23:02:04Z</time>
   </trkpt>
   <trkpt lat="47.3811990" lon="-122.0457660">
    <ele>143.9</ele>
    <time>2022-03-06T23:02:05Z</time>
   </trkpt>
   <trkpt lat="47.3811940" lon="-122.0457520">
    <ele>143.9</ele>
    <time>2022-03-06T23:02:06Z</time>
   </trkpt>
   <trkpt lat="47.3811880" lon="-122.0457380">
    <ele>143.9</ele>
    <time>2022-03-06T23:02:07Z</time>
   </trkpt>
   <trkpt lat="47.3811810" lon="-122.0457110">
    <ele>144.0</ele>
    <time>2022-03-06T23:02:08Z</time>
   </trkpt>
   <trkpt lat="47.3811750" lon="-122.0456960">
    <ele>144.0</ele>
    <time>2022-03-06T23:02:09Z</time>
   </trkpt>
   <trkpt lat="47.3811770" lon="-122.0456820">
    <ele>144.0</ele>
    <time>2022-03-06T23:02:10Z</time>
   </trkpt>
   <trkpt lat="47.3811730" lon="-122.0456690">
    <ele>144.0</ele>
    <time>2022-03-06T23:02:11Z</time>
   </trkpt>
   <trkpt lat="47.3811660" lon="-122.0456550">
    <ele>144.0</ele>
    <time>2022-03-06T23:02:12Z</time>
   </trkpt>
   <trkpt lat="47.3811640" lon="-122.0456490">
    <ele>144.0</ele>
    <time>2022-03-06T23:02:13Z</time>
   </trkpt>
   <trkpt lat="47.3811620" lon="-122.0456330">
    <ele>144.0</ele>
    <time>2022-03-06T23:02:14Z</time>
   </trkpt>
   <trkpt lat="47.3811540" lon="-122.0456150">
    <ele>144.0</ele>
    <time>2022-03-06T23:02:15Z</time>
   </trkpt>
   <trkpt lat="47.3811430" lon="-122.0455920">
    <ele>144.1</ele>
    <time>2022-03-06T23:02:16Z</time>
   </trkpt>
   <trkpt lat="47.3811380" lon="-122.0455850">
    <ele>144.1</ele>
    <time>2022-03-06T23:02:17Z</time>
   </trkpt>
   <trkpt lat="47.3811330" lon="-122.0455770">
    <ele>144.1</ele>
    <time>2022-03-06T23:02:18Z</time>
   </trkpt>
   <trkpt lat="47.3811280" lon="-122.0455690">
    <ele>144.1</ele>
    <time>2022-03-06T23:02:19Z</time>
   </trkpt>
   <trkpt lat="47.3811080" lon="-122.0455520">
    <ele>144.1</ele>
    <time>2022-03-06T23:02:20Z</time>
   </trkpt>
   <trkpt lat="47.3811030" lon="-122.0455300">
    <ele>144.1</ele>
    <time>2022-03-06T23:02:21Z</time>
   </trkpt>
   <trkpt lat="47.3810970" lon="-122.0455070">
    <ele>144.2</ele>
    <time>2022-03-06T23:02:22Z</time>
   </trkpt>
   <trkpt lat="47.3810920" lon="-122.0454840">
    <ele>144.2</ele>
    <time>2022-03-06T23:02:23Z</time>
   </trkpt>
   <trkpt lat="47.3810870" lon="-122.0454560">
    <ele>144.2</ele>
    <time>2022-03-06T23:02:24Z</time>
   </trkpt>
   <trkpt lat="47.3810850" lon="-122.0454370">
    <ele>144.2</ele>
    <time>2022-03-06T23:02:25Z</time>
   </trkpt>
   <trkpt lat="47.3810820" lon="-122.0454190">
    <ele>144.2</ele>
    <time>2022-03-06T23:02:26Z</time>
   </trkpt>
   <trkpt lat="47.3810750" lon="-122.0453780">
    <ele>144.3</ele>
    <time>2022-03-06T23:02:27Z</time>
   </trkpt>
   <trkpt lat="47.3810770" lon="-122.0453640">
    <ele>144.3</ele>
    <time>2022-03-06T23:02:28Z</time>
   </trkpt>
   <trkpt lat="47.3810790" lon="-122.0453510">
    <ele>144.3</ele>
    <time>2022-03-06T23:02:29Z</time>
   </trkpt>
   <trkpt lat="47.3810760" lon="-122.0453320">
    <ele>144.3</ele>
    <time>2022-03-06T23:02:30Z</time>
   </trkpt>
   <trkpt lat="47.3810720" lon="-122.0453220">
    <ele>144.3</ele>
    <time>2022-03-06T23:02:31Z</time>
   </trkpt>
   <trkpt lat="47.3810680" lon="-122.0453120">
    <ele>144.3</ele>
    <time>2022-03-06T23:02:32Z</time>
   </trkpt>
   <trkpt lat="47.3810630" lon="-122.0453020">
    <ele>144.3</ele>
    <time>2022-03-06T23:02:33Z</time>
   </trkpt>
   <trkpt lat="47.3810590" lon="-122.0452920">
    <ele>144.3</ele>
    <time>2022-03-06T23:02:34Z</time>
   </trkpt>
   <trkpt lat="47.3810560" lon="-122.0452610">
    <ele>144.4</ele>
    <time>2022-03-06T23:02:35Z</time>
   </trkpt>
   <trkpt lat="47.3810550" lon="-122.0452460">
    <ele>144.4</ele>
    <time>2022-03-06T23:02:36Z</time>
   </trkpt>
   <trkpt lat="47.3810530" lon="-122.0452310">
    <ele>144.4</ele>
    <time>2022-03-06T23:02:37Z</time>
   </trkpt>
   <trkpt lat="47.3810470" lon="-122.0452000">
    <ele>144.4</ele>
    <time>2022-03-06T23:02:38Z</time>
   </trkpt>
   <trkpt lat="47.3810470" lon="-122.0451860">
    <ele>144.4</ele>
    <time>2022-03-06T23:02:39Z</time>
   </trkpt>
   <trkpt lat="47.3810460" lon="-122.0451710">
    <ele>144.4</ele>
    <time>2022-03-06T23:02:40Z</time>
   </trkpt>
   <trkpt lat="47.3810410" lon="-122.0451500">
    <ele>144.5</ele>
    <time>2022-03-06T23:02:41Z</time>
   </trkpt>
   <trkpt lat="47.3810340" lon="-122.0451310">
    <ele>144.5</ele>
    <time>2022-03-06T23:02:42Z</time>
   </trkpt>
   <trkpt lat="47.3810230" lon="-122.0451070">
    <ele>144.5</ele>
    <time>2022-03-06T23:02:43Z</time>
   </trkpt>
   <trkpt lat="47.3810200" lon="-122.0450960">
    <ele>144.5</ele>
    <time>2022-03-06T23:02:44Z</time>
   </trkpt>
   <trkpt lat="47.3810170" lon="-122.0450840">
    <ele>144.5</ele>
    <time>2022-03-06T23:02:45Z</time>
   </trkpt>
   <trkpt lat="47.3810160" lon="-122.0450730">
    <ele>144.5</ele>
    <time>2022-03-06T23:02:46Z</time>
   </trkpt>
   <trkpt lat="47.3810110" lon="-122.0450340">
    <ele>144.6</ele>
    <time>2022-03-06T23:02:47Z</time>
   </trkpt>
   <trkpt lat="47.3810090" lon="-122.0450220">
    <ele>144.6</ele>
    <time>2022-03-06T23:02:48Z</time>
   </trkpt>
   <trkpt lat="47.3810100" lon="-122.0450000">
    <ele>144.6</ele>
    <time>2022-03-06T23:02:49Z</time>
   </trkpt>
   <trkpt lat="47.3810110" lon="-122.0449830">
    <ele>144.6</ele>
    <time>2022-03-06T23:02:50Z</time>
   </trkpt>
   <trkpt lat="47.3810090" lon="-122.0449720">
    <ele>144.6</ele>
    <time>2022-03-06T23:02:51Z</time>
   </trkpt>
   <trkpt lat="47.3810070" lon="-122.0449570">
    <ele>144.6</ele>
    <time>2022-03-06T23:02:52Z</time>
   </trkpt>
   <trkpt lat="47.3810030" lon="-122.0449380">
    <ele>144.7</ele>
    <time>2022-03-06T23:02:53Z</time>
   </trkpt>
   <trkpt lat="47.3809980" lon="-122.0449180">
    <ele>144.7</ele>
    <time>2022-03-06T23:02:54Z</time>
   </trkpt>
   <trkpt lat="47.3809910" lon="-122.0449100">
    <ele>144.7</ele>
    <time>2022-03-06T23:02:55Z</time>
   </trkpt>
   <trkpt lat="47.3809910" lon="-122.0449010">
    <ele>144.7</ele>
    <time>2022-03-06T23:02:56Z</time>
   </trkpt>
   <trkpt lat="47.3809860" lon="-122.0448750">
    <ele>144.7</ele>
    <time>2022-03-06T23:02:57Z</time>
   </trkpt>
   <trkpt lat="47.3809830" lon="-122.0448620">
    <ele>144.7</ele>
    <time>2022-03-06T23:02:58Z</time>
   </trkpt>
   <trkpt lat="47.3809810" lon="-122.0448490">
    <ele>144.7</ele>
    <time>2022-03-06T23:02:59Z</time>
   </trkpt>
   <trkpt lat="47.3809750" lon="-122.0448330">
    <ele>144.8</ele>
    <time>2022-03-06T23:03:00Z</time>
   </trkpt>
   <trkpt lat="47.3809740" lon="-122.0448220">
    <ele>144.8</ele>
    <time>2022-03-06T23:03:01Z</time>
   </trkpt>
   <trkpt lat="47.3809730" lon="-122.0448070">
    <ele>144.8</ele>
    <time>2022-03-06T23:03:02Z</time>
   </trkpt>
   <trkpt lat="47.3809740" lon="-122.0447880">
    <ele>144.8</ele>
    <time>2022-03-06T23:03:03Z</time>
   </trkpt>
   <trkpt lat="47.3809660" lon="-122.0447720">
    <ele>144.8</ele>
    <time>2022-03-06T23:03:04Z</time>
   </trkpt>
   <trkpt lat="47.3809720" lon="-122.0447550">
    <ele>144.8</ele>
    <time>2022-03-06T23:03:05Z</time>
   </trkpt>
   <trkpt lat="47.3809740" lon="-122.0447390">
    <ele>144.8</ele>
    <time>2022-03-06T23:03:06Z</time>
   </trkpt>
   <trkpt lat="47.3809710" lon="-122.0447250">
    <ele>144.9</ele>
    <time>2022-03-06T23:03:07Z</time>
   </trkpt>
   <trkpt lat="47.3809650" lon="-122.0447160">
    <ele>144.9</ele>
    <time>2022-03-06T23:03:08Z</time>
   </trkpt>
   <trkpt lat="47.3809660" lon="-122.0447000">
    <ele>144.9</ele>
    <time>2022-03-06T23:03:09Z</time>
   </trkpt>
   <trkpt lat="47.3809640" lon="-122.0446720">
    <ele>144.9</ele>
    <time>2022-03-06T23:03:10Z</time>
   </trkpt>
   <trkpt lat="47.3809660" lon="-122.0446420">
    <ele>144.9</ele>
    <time>2022-03-06T23:03:11Z</time>
   </trkpt>
   <trkpt lat="47.3809630" lon="-122.0446250">
    <ele>144.9</ele>
    <time>2022-03-06T23:03:12Z</time>
   </trkpt>
   <trkpt lat="47.3809540" lon="-122.0445950">
    <ele>145.0</ele>
    <time>2022-03-06T23:03:13Z</time>
   </trkpt>
   <trkpt lat="47.3809530" lon="-122.0445820">
    <ele>145.0</ele>
    <time>2022-03-06T23:03:14Z</time>
   </trkpt>
   <trkpt lat="47.3809520" lon="-122.0445690">
    <ele>145.0</ele>
    <time>2022-03-06T23:03:15Z</time>
   </trkpt>
   <trkpt lat="47.3809520" lon="-122.0445480">
    <ele>145.0</ele>
    <time>2022-03-06T23:03:16Z</time>
   </trkpt>
   <trkpt lat="47.3809530" lon="-122.0445340">
    <ele>145.0</ele>
    <time>2022-03-06T23:03:17Z</time>
   </trkpt>
   <trkpt lat="47.3809520" lon="-122.0445210">
    <ele>145.0</ele>
    <time>2022-03-06T23:03:18Z</time>
   </trkpt>
   <trkpt lat="47.3809470" lon="-122.0444850">
    <ele>145.1</ele>
    <time>2022-03-06T23:03:19Z</time>
   </trkpt>
   <trkpt lat="47.3809460" lon="-122.0444720">
    <ele>145.1</ele>
    <time>2022-03-06T23:03:20Z</time>
   </trkpt>
   <trkpt lat="47.3809450" lon="-122.0444600">
    <ele>145.1</ele>
    <time>2022-03-06T23:03:21Z</time>
   </trkpt>
   <trkpt lat="47.3809470" lon="-122.0444460">
    <ele>145.1</ele>
    <time>2022-03-06T23:03:22Z</time>
   </trkpt>
   <trkpt lat="47.3809460" lon="-122.0444230">
    <ele>145.1</ele>
    <time>2022-03-06T23:03:23Z</time>
   </trkpt>
   <trkpt lat="47.3809470" lon="-122.0444110">
    <ele>145.1</ele>
    <time>2022-03-06T23:03:24Z</time>
   </trkpt>
   <trkpt lat="47.3809450" lon="-122.0443770">
    <ele>145.2</ele>
    <time>2022-03-06T23:03:25Z</time>
   </trkpt>
   <trkpt lat="47.3809450" lon="-122.0443670">
    <ele>145.2</ele>
    <time>2022-03-06T23:03:26Z</time>
   </trkpt>
   <trkpt lat="47.3809450" lon="-122.0443570">
    <ele>145.2</ele>
    <time>2022-03-06T23:03:27Z</time>
   </trkpt>
   <trkpt lat="47.3809460" lon="-122.0443490">
    <ele>145.2</ele>
    <time>2022-03-06T23:03:28Z</time>
   </trkpt>
   <trkpt lat="47.3809450" lon="-122.0443310">
    <ele>145.2</ele>
    <time>2022-03-06T23:03:29Z</time>
   </trkpt>
   <trkpt lat="47.3809520" lon="-122.0443170">
    <ele>145.2</ele>
    <time>2022-03-06T23:03:30Z</time>
   </trkpt>
   <trkpt lat="47.3809540" lon="-122.0442950">
    <ele>145.2</ele>
    <time>2022-03-06T23:03:31Z</time>
   </trkpt>
   <trkpt lat="47.3809480" lon="-122.0442720">
    <ele>145.3</ele>
    <time>2022-03-06T23:03:32Z</time>
   </trkpt>
   <trkpt lat="47.3809460" lon="-122.0442400">
    <ele>145.3</ele>
    <time>2022-03-06T23:03:33Z</time>
   </trkpt>
   <trkpt lat="47.3809430" lon="-122.0442220">
    <ele>145.3</ele>
    <time>2022-03-06T23:03:34Z</time>
   </trkpt>
   <trkpt lat="47.3809400" lon="-122.0442040">
    <ele>145.3</ele>
    <time>2022-03-06T23:03:35Z</time>
   </trkpt>
   <trkpt lat="47.3809450" lon="-122.0441850">
    <ele>145.3</ele>
    <time>2022-03-06T23:03:36Z</time>
   </trkpt>
   <trkpt lat="47.3809440" lon="-122.0441640">
    <ele>145.4</ele>
    <time>2022-03-06T23:03:37Z</time>
   </trkpt>
   <trkpt lat="47.3809480" lon="-122.0441330">
    <ele>145.4</ele>
    <time>2022-03-06T23:03:38Z</time>
   </trkpt>
   <trkpt lat="47.3809460" lon="-122.0441200">
    <ele>145.4</ele>
    <time>2022-03-06T23:03:39Z</time>
   </trkpt>
   <trkpt lat="47.3809450" lon="-122.0441070">
    <ele>145.4</ele>
    <time>2022-03-06T23:03:40Z</time>
   </trkpt>
   <trkpt lat="47.3809380" lon="-122.0440870">
    <ele>145.4</ele>
    <time>2022-03-06T23:03:41Z</time>
   </trkpt>
   <trkpt lat="47.3809370" lon="-122.0440740">
    <ele>145.4</ele>
    <time>2022-03-06T23:03:42Z</time>
   </trkpt>
   <trkpt lat="47.3809370" lon="-122.0440620">
    <ele>145.4</ele>
    <time>2022-03-06T23:03:43Z</time>
   </trkpt>
   <trkpt lat="47.3809390" lon="-122.0440480">
    <ele>145.5</ele>
    <time>2022-03-06T23:03:44Z</time>
   </trkpt>
   <trkpt lat="47.3809370" lon="-122.0440310">
    <ele>145.5</ele>
    <time>2022-03-06T23:03:45Z</time>
   </trkpt>
   <trkpt lat="47.3809360" lon="-122.0440100">
    <ele>145.5</ele>
    <time>2022-03-06T23:03:46Z</time>
   </trkpt>
   <trkpt lat="47.3809320" lon="-122.0439890">
    <ele>145.5</ele>
    <time>2022-03-06T23:03:47Z</time>
   </trkpt>
   <trkpt lat="47.3809250" lon="-122.0439720">
    <ele>145.5</ele>
    <time>2022-03-06T23:03:48Z</time>
   </trkpt>
   <trkpt lat="47.3809230" lon="-122.0439520">
    <ele>145.6</ele>
    <time>2022-03-06T23:03:49Z</time>
   </trkpt>
   <trkpt lat="47.3809230" lon="-122.0439380">
    <ele>145.6</ele>
    <time>2022-03-06T23:03:50Z</time>
   </trkpt>
   <trkpt lat="47.3809260" lon="-122.0439260">
    <ele>145.6</ele>
    <time>2022-03-06T23:03:51Z</time>
   </trkpt>
   <trkpt lat="47.3809340" lon="-122.0438990">
    <ele>145.6</ele>
    <time>2022-03-06T23:03:52Z</time>
   </trkpt>
   <trkpt lat="47.3809390" lon="-122.0438870">
    <ele>145.6</ele>
    <time>2022-03-06T23:03:53Z</time>
   </trkpt>
   <trkpt lat="47.3809440" lon="-122.0438750">
    <ele>145.6</ele>
    <time>2022-03-06T23:03:54Z</time>
   </trkpt>
   <trkpt lat="47.3809500" lon="-122.0438580">
    <ele>145.6</ele>
    <time>2022-03-06T23:03:55Z</time>
   </trkpt>
   <trkpt lat="47.3809480" lon="-122.0438340">
    <ele>145.7</ele>
    <time>2022-03-06T23:03:56Z</time>
   </trkpt>
   <trkpt lat="47.3809410" lon="-122.0437940">
    <ele>145.7</ele>
    <time>2022-03-06T23:03:57Z</time>
   </trkpt>
   <trkpt lat="47.3809400" lon="-122.0437820">
    <ele>145.7</ele>
    <time>2022-03-06T23:03:58Z</time>
   </trkpt>
   <trkpt lat="47.3809410" lon="-122.0437600">
    <ele>145.7</ele>
    <time>2022-03-06T23:03:59Z</time>
   </trkpt>
   <trkpt lat="47.3809380" lon="-122.0437430">
    <ele>145.7</ele>
    <time>2022-03-06T23:04:00Z</time>
   </trkpt>
   <trkpt lat="47.3809400" lon="-122.0437330">
    <ele>145.8</ele>
    <time>2022-03-06T23:04:01Z</time>
   </trkpt>
   <trkpt lat="47.3809410" lon="-122.0437030">
    <ele>145.8</ele>
    <time>2022-03-06T23:04:02Z</time>
   </trkpt>
   <trkpt lat="47.3809400" lon="-122.0436910">
    <ele>145.8</ele>
    <time>2022-03-06T23:04:03Z</time>
   </trkpt>
   <trkpt lat="47.3809390" lon="-122.0436790">
    <ele>145.8</ele>
    <time>2022-03-06T23:04:04Z</time>
   </trkpt>
   <trkpt lat="47.3809470" lon="-122.0436390">
    <ele>145.9</ele>
    <time>2022-03-06T23:04:05Z</time>
   </trkpt>
   <trkpt lat="47.3809510" lon="-122.0436200">
    <ele>145.9</ele>
    <time>2022-03-06T23:04:06Z</time>
   </trkpt>
   <trkpt lat="47.3809560" lon="-122.0435920">
    <ele>145.9</ele>
    <time>2022-03-06T23:04:07Z</time>
   </trkpt>
   <trkpt lat="47.3809540" lon="-122.0435690">
    <ele>145.9</ele>
    <time>2022-03-06T23:04:08Z</time>
   </trkpt>
   <trkpt lat="47.3809510" lon="-122.0435440">
    <ele>145.9</ele>
    <time>2022-03-06T23:04:09Z</time>
   </trkpt>
   <trkpt lat="47.3809500" lon="-122.0435190">
    <ele>146.0</ele>
    <time>2022-03-06T23:04:10Z</time>
   </trkpt>
   <trkpt lat="47.3809470" lon="-122.0435070">
    <ele>146.0</ele>
    <time>2022-03-06T23:04:11Z</time>
   </trkpt>
   <trkpt lat="47.3809470" lon="-122.0434950">
    <ele>146.0</ele>
    <time>2022-03-06T23:04:12Z</time>
   </trkpt>
   <trkpt lat="47.3809500" lon="-122.0434810">
    <ele>146.0</ele>
    <time>2022-03-06T23:04:13Z</time>
   </trkpt>
   <trkpt lat="47.3809490" lon="-122.0434660">
    <ele>146.0</ele>
    <time>2022-03-06T23:04:14Z</time>
   </trkpt>
   <trkpt lat="47.3809510" lon="-122.0434450">
    <ele>146.0</ele>
    <time>2022-03-06T23:04:15Z</time>
   </trkpt>
   <trkpt lat="47.3809460" lon="-122.0434210">
    <ele>146.1</ele>
    <time>2022-03-06T23:04:16Z</time>
   </trkpt>
   <trkpt lat="47.3809470" lon="-122.0433890">
    <ele>146.1</ele>
    <time>2022-03-06T23:04:17Z</time>
   </trkpt>
   <trkpt lat="47.3809490" lon="-122.0433750">
    <ele>146.1</ele>
    <time>2022-03-06T23:04:18Z</time>
   </trkpt>
   <trkpt lat="47.3809510" lon="-122.0433610">
    <ele>146.1</ele>
    <time>2022-03-06T23:04:19Z</time>
   </trkpt>
   <trkpt lat="47.3809630" lon="-122.0433360">
    <ele>146.1</ele>
    <time>2022-03-06T23:04:20Z</time>
   </trkpt>
   <trkpt lat="47.3809710" lon="-122.0433230">
    <ele>146.1</ele>
    <time>2022-03-06T23:04:21Z</time>
   </trkpt>
   <trkpt lat="47.3809640" lon="-122.0433050">
    <ele>146.1</ele>
    <time>2022-03-06T23:04:22Z</time>
   </trkpt>
   <trkpt lat="47.3809600" lon="-122.0432950">
    <ele>146.2</ele>
    <time>2022-03-06T23:04:23Z</time>
   </trkpt>
   <trkpt lat="47.3809560" lon="-122.0432860">
    <ele>146.2</ele>
    <time>2022-03-06T23:04:24Z</time>
   </trkpt>
   <trkpt lat="47.3809520" lon="-122.0432760">
    <ele>146.2</ele>
    <time>2022-03-06T23:04:25Z</time>
   </trkpt>
   <trkpt lat="47.3809560" lon="-122.0432560">
    <ele>146.2</ele>
    <time>2022-03-06T23:04:26Z</time>
   </trkpt>
   <trkpt lat="47.3809500" lon="-122.0432410">
    <ele>146.2</ele>
    <time>2022-03-06T23:04:27Z</time>
   </trkpt>
   <trkpt lat="47.3809490" lon="-122.0432280">
    <ele>146.2</ele>
    <time>2022-03-06T23:04:28Z</time>
   </trkpt>
   <trkpt lat="47.3809520" lon="-122.0432250">
    <ele>146.2</ele>
    <time>2022-03-06T23:04:29Z</time>
   </trkpt>
   <trkpt lat="47.3809490" lon="-122.0432190">
    <ele>146.2</ele>
    <time>2022-03-06T23:04:30Z</time>
   </trkpt>
   <trkpt lat="47.3809500" lon="-122.0432050">
    <ele>146.2</ele>
    <time>2022-03-06T23:04:31Z</time>
   </trkpt>
   <trkpt lat="47.3809480" lon="-122.0432000">
    <ele>146.2</ele>
    <time>2022-03-06T23:04:32Z</time>
   </trkpt>
   <trkpt lat="47.3809470" lon="-122.0431890">
    <ele>146.2</ele>
    <time>2022-03-06T23:04:33Z</time>
   </trkpt>
   <trkpt lat="47.3809400" lon="-122.0431810">
    <ele>146.2</ele>
    <time>2022-03-06T23:04:34Z</time>
   </trkpt>
   <trkpt lat="47.3809420" lon="-122.0431650">
    <ele>146.2</ele>
    <time>2022-03-06T23:04:35Z</time>
   </trkpt>
   <trkpt lat="47.3809400" lon="-122.0431480">
    <ele>146.2</ele>
    <time>2022-03-06T23:04:36Z</time>
   </trkpt>
   <trkpt lat="47.3809450" lon="-122.0431400">
    <ele>146.2</ele>
    <time>2022-03-06T23:04:37Z</time>
   </trkpt>
   <trkpt lat="47.3809490" lon="-122.0431080">
    <ele>146.3</ele>
    <time>2022-03-06T23:04:38Z</time>
   </trkpt>
   <trkpt lat="47.3809480" lon="-122.0430960">
    <ele>146.3</ele>
    <time>2022-03-06T23:04:39Z</time>
   </trkpt>
   <trkpt lat="47.3809470" lon="-122.0430830">
    <ele>146.3</ele>
    <time>2022-03-06T23:04:40Z</time>
   </trkpt>
   <trkpt lat="47.3809390" lon="-122.0430550">
    <ele>146.3</ele>
    <time>2022-03-06T23:04:41Z</time>
   </trkpt>
   <trkpt lat="47.3809370" lon="-122.0430430">
    <ele>146.3</ele>
    <time>2022-03-06T23:04:42Z</time>
   </trkpt>
   <trkpt lat="47.3809340" lon="-122.0430310">
    <ele>146.3</ele>
    <time>2022-03-06T23:04:43Z</time>
   </trkpt>
   <trkpt lat="47.3809290" lon="-122.0430180">
    <ele>146.3</ele>
    <time>2022-03-06T23:04:44Z</time>
   </trkpt>
   <trkpt lat="47.3809250" lon="-122.0430020">
    <ele>146.3</ele>
    <time>2022-03-06T23:04:45Z</time>
   </trkpt>
   <trkpt lat="47.3809210" lon="-122.0429880">
    <ele>146.3</ele>
    <time>2022-03-06T23:04:46Z</time>
   </trkpt>
   <trkpt lat="47.3809160" lon="-122.0429690">
    <ele>146.3</ele>
    <time>2022-03-06T23:04:47Z</time>
   </trkpt>
   <trkpt lat="47.3809110" lon="-122.0429550">
    <ele>146.3</ele>
    <time>2022-03-06T23:04:48Z</time>
   </trkpt>
   <trkpt lat="47.3809120" lon="-122.0429410">
    <ele>146.3</ele>
    <time>2022-03-06T23:04:49Z</time>
   </trkpt>
   <trkpt lat="47.3809070" lon="-122.0429160">
    <ele>146.3</ele>
    <time>2022-03-06T23:04:50Z</time>
   </trkpt>
   <trkpt lat="47.3809040" lon="-122.0429060">
    <ele>146.3</ele>
    <time>2022-03-06T23:04:51Z</time>
   </trkpt>
   <trkpt lat="47.3809020" lon="-122.0428920">
    <ele>146.3</ele>
    <time>2022-03-06T23:04:52Z</time>
   </trkpt>
   <trkpt lat="47.3809030" lon="-122.0428720">
    <ele>146.3</ele>
    <time>2022-03-06T23:04:53Z</time>
   </trkpt>
   <trkpt lat="47.3809030" lon="-122.0428520">
    <ele>146.3</ele>
    <time>2022-03-06T23:04:54Z</time>
   </trkpt>
   <trkpt lat="47.3809010" lon="-122.0428390">
    <ele>146.3</ele>
    <time>2022-03-06T23:04:55Z</time>
   </trkpt>
   <trkpt lat="47.3809070" lon="-122.0428330">
    <ele>146.3</ele>
    <time>2022-03-06T23:04:56Z</time>
   </trkpt>
   <trkpt lat="47.3809180" lon="-122.0428180">
    <ele>146.3</ele>
    <time>2022-03-06T23:04:57Z</time>
   </trkpt>
   <trkpt lat="47.3809170" lon="-122.0427870">
    <ele>146.4</ele>
    <time>2022-03-06T23:04:58Z</time>
   </trkpt>
   <trkpt lat="47.3809170" lon="-122.0427740">
    <ele>146.4</ele>
    <time>2022-03-06T23:04:59Z</time>
   </trkpt>
   <trkpt lat="47.3809160" lon="-122.0427600">
    <ele>146.4</ele>
    <time>2022-03-06T23:05:00Z</time>
   </trkpt>
   <trkpt lat="47.3809110" lon="-122.0427350">
    <ele>146.4</ele>
    <time>2022-03-06T23:05:01Z</time>
   </trkpt>
   <trkpt lat="47.3809130" lon="-122.0427190">
    <ele>146.4</ele>
    <time>2022-03-06T23:05:02Z</time>
   </trkpt>
   <trkpt lat="47.3809150" lon="-122.0426880">
    <ele>146.4</ele>
    <time>2022-03-06T23:05:03Z</time>
   </trkpt>
   <trkpt lat="47.3809170" lon="-122.0426770">
    <ele>146.4</ele>
    <time>2022-03-06T23:05:04Z</time>
   </trkpt>
   <trkpt lat="47.3809180" lon="-122.0426660">
    <ele>146.4</ele>
    <time>2022-03-06T23:05:05Z</time>
   </trkpt>
   <trkpt lat="47.3809230" lon="-122.0426230">
    <ele>146.4</ele>
    <time>2022-03-06T23:05:06Z</time>
   </trkpt>
   <trkpt lat="47.3809220" lon="-122.0426030">
    <ele>146.4</ele>
    <time>2022-03-06T23:05:07Z</time>
   </trkpt>
   <trkpt lat="47.3809220" lon="-122.0425910">
    <ele>146.4</ele>
    <time>2022-03-06T23:05:08Z</time>
   </trkpt>
   <trkpt lat="47.3809220" lon="-122.0425760">
    <ele>146.4</ele>
    <time>2022-03-06T23:05:09Z</time>
   </trkpt>
   <trkpt lat="47.3809150" lon="-122.0425650">
    <ele>146.4</ele>
    <time>2022-03-06T23:05:10Z</time>
   </trkpt>
   <trkpt lat="47.3809110" lon="-122.0425580">
    <ele>146.4</ele>
    <time>2022-03-06T23:05:11Z</time>
   </trkpt>
   <trkpt lat="47.3809080" lon="-122.0425520">
    <ele>146.4</ele>
    <time>2022-03-06T23:05:12Z</time>
   </trkpt>
   <trkpt lat="47.3809050" lon="-122.0425450">
    <ele>146.4</ele>
    <time>2022-03-06T23:05:13Z</time>
   </trkpt>
   <trkpt lat="47.3809020" lon="-122.0425390">
    <ele>146.4</ele>
    <time>2022-03-06T23:05:14Z</time>
   </trkpt>
   <trkpt lat="47.3808990" lon="-122.0425330">
    <ele>146.3</ele>
    <time>2022-03-06T23:05:15Z</time>
   </trkpt>
   <trkpt lat="47.3808940" lon="-122.0425240">
    <ele>146.2</ele>
    <time>2022-03-06T23:05:16Z</time>
   </trkpt>
   <trkpt lat="47.3808870" lon="-122.0425170">
    <ele>146.0</ele>
    <time>2022-03-06T23:05:17Z</time>
   </trkpt>
   <trkpt lat="47.3808750" lon="-122.0425060">
    <ele>145.8</ele>
    <time>2022-03-06T23:05:18Z</time>
   </trkpt>
   <trkpt lat="47.3808740" lon="-122.0424970">
    <ele>145.7</ele>
    <time>2022-03-06T23:05:19Z</time>
   </trkpt>
   <trkpt lat="47.3808700" lon="-122.0424900">
    <ele>145.6</ele>
    <time>2022-03-06T23:05:20Z</time>
   </trkpt>
   <trkpt lat="47.3808630" lon="-122.0424880">
    <ele>145.5</ele>
    <time>2022-03-06T23:05:21Z</time>
   </trkpt>
   <trkpt lat="47.3808520" lon="-122.0424880">
    <ele>145.3</ele>
    <time>2022-03-06T23:05:22Z</time>
   </trkpt>
   <trkpt lat="47.3808440" lon="-122.0424850">
    <ele>145.2</ele>
    <time>2022-03-06T23:05:23Z</time>
   </trkpt>
   <trkpt lat="47.3808330" lon="-122.0424770">
    <ele>145.0</ele>
    <time>2022-03-06T23:05:24Z</time>
   </trkpt>
   <trkpt lat="47.3808200" lon="-122.0424800">
    <ele>144.8</ele>
    <time>2022-03-06T23:05:25Z</time>
   </trkpt>
   <trkpt lat="47.3808100" lon="-122.0424820">
    <ele>144.7</ele>
    <time>2022-03-06T23:05:26Z</time>
   </trkpt>
   <trkpt lat="47.3808030" lon="-122.0424810">
    <ele>144.5</ele>
    <time>2022-03-06T23:05:27Z</time>
   </trkpt>
   <trkpt lat="47.3808000" lon="-122.0424820">
    <ele>144.5</ele>
    <time>2022-03-06T23:05:28Z</time>
   </trkpt>
   <trkpt lat="47.3808000" lon="-122.0424790">
    <ele>144.5</ele>
    <time>2022-03-06T23:05:29Z</time>
   </trkpt>
   <trkpt lat="47.3807920" lon="-122.0424680">
    <ele>144.3</ele>
    <time>2022-03-06T23:05:30Z</time>
   </trkpt>
   <trkpt lat="47.3807870" lon="-122.0424730">
    <ele>144.2</ele>
    <time>2022-03-06T23:05:31Z</time>
   </trkpt>
   <trkpt lat="47.3807780" lon="-122.0424650">
    <ele>144.0</ele>
    <time>2022-03-06T23:05:32Z</time>
   </trkpt>
   <trkpt lat="47.3807690" lon="-122.0424690">
    <ele>143.9</ele>
    <time>2022-03-06T23:05:33Z</time>
   </trkpt>
   <trkpt lat="47.3807670" lon="-122.0424650">
    <ele>143.8</ele>
    <time>2022-03-06T23:05:34Z</time>
   </trkpt>
   <trkpt lat="47.3807620" lon="-122.0424660">
    <ele>143.8</ele>
    <time>2022-03-06T23:05:35Z</time>
   </trkpt>
   <trkpt lat="47.3807580" lon="-122.0424660">
    <ele>143.7</ele>
    <time>2022-03-06T23:05:36Z</time>
   </trkpt>
   <trkpt lat="47.3807470" lon="-122.0424700">
    <ele>143.5</ele>
    <time>2022-03-06T23:05:37Z</time>
   </trkpt>
   <trkpt lat="47.3807440" lon="-122.0425030">
    <ele>142.8</ele>
    <time>2022-03-06T23:05:38Z</time>
   </trkpt>
   <trkpt lat="47.3807400" lon="-122.0425140">
    <ele>142.8</ele>
    <time>2022-03-06T23:05:39Z</time>
   </trkpt>
   <trkpt lat="47.3807370" lon="-122.0425260">
    <ele>142.8</ele>
    <time>2022-03-06T23:05:40Z</time>
   </trkpt>
   <trkpt lat="47.3807330" lon="-122.0425290">
    <ele>142.8</ele>
    <time>2022-03-06T23:05:41Z</time>
   </trkpt>
   <trkpt lat="47.3807270" lon="-122.0425310">
    <ele>142.8</ele>
    <time>2022-03-06T23:05:42Z</time>
   </trkpt>
   <trkpt lat="47.3807240" lon="-122.0425340">
    <ele>142.9</ele>
    <time>2022-03-06T23:05:43Z</time>
   </trkpt>
   <trkpt lat="47.3807170" lon="-122.0425320">
    <ele>142.9</ele>
    <time>2022-03-06T23:05:44Z</time>
   </trkpt>
   <trkpt lat="47.3807090" lon="-122.0425410">
    <ele>142.9</ele>
    <time>2022-03-06T23:05:45Z</time>
   </trkpt>
   <trkpt lat="47.3807000" lon="-122.0425480">
    <ele>142.9</ele>
    <time>2022-03-06T23:05:46Z</time>
   </trkpt>
   <trkpt lat="47.3806830" lon="-122.0425660">
    <ele>142.9</ele>
    <time>2022-03-06T23:05:47Z</time>
   </trkpt>
   <trkpt lat="47.3806700" lon="-122.0425750">
    <ele>143.0</ele>
    <time>2022-03-06T23:05:48Z</time>
   </trkpt>
   <trkpt lat="47.3806660" lon="-122.0425800">
    <ele>143.0</ele>
    <time>2022-03-06T23:05:49Z</time>
   </trkpt>
   <trkpt lat="47.3806520" lon="-122.0425780">
    <ele>143.0</ele>
    <time>2022-03-06T23:05:50Z</time>
   </trkpt>
   <trkpt lat="47.3806360" lon="-122.0425860">
    <ele>143.0</ele>
    <time>2022-03-06T23:05:51Z</time>
   </trkpt>
   <trkpt lat="47.3806260" lon="-122.0425910">
    <ele>143.0</ele>
    <time>2022-03-06T23:05:52Z</time>
   </trkpt>
   <trkpt lat="47.3806160" lon="-122.0425950">
    <ele>143.1</ele>
    <time>2022-03-06T23:05:53Z</time>
   </trkpt>
   <trkpt lat="47.3805920" lon="-122.0426100">
    <ele>143.1</ele>
    <time>2022-03-06T23:05:54Z</time>
   </trkpt>
   <trkpt lat="47.3806000" lon="-122.0426240">
    <ele>143.1</ele>
    <time>2022-03-06T23:05:55Z</time>
   </trkpt>
   <trkpt lat="47.3805850" lon="-122.0426190">
    <ele>143.1</ele>
    <time>2022-03-06T23:05:56Z</time>
   </trkpt>
   <trkpt lat="47.3805720" lon="-122.0426200">
    <ele>143.2</ele>
    <time>2022-03-06T23:05:57Z</time>
   </trkpt>
   <trkpt lat="47.3805640" lon="-122.0426260">
    <ele>143.2</ele>
    <time>2022-03-06T23:05:58Z</time>
   </trkpt>
   <trkpt lat="47.3805560" lon="-122.0426300">
    <ele>143.2</ele>
    <time>2022-03-06T23:05:59Z</time>
   </trkpt>
   <trkpt lat="47.3805470" lon="-122.0426320">
    <ele>143.2</ele>
    <time>2022-03-06T23:06:00Z</time>
   </trkpt>
   <trkpt lat="47.3805390" lon="-122.0426330">
    <ele>143.2</ele>
    <time>2022-03-06T23:06:01Z</time>
   </trkpt>
   <trkpt lat="47.3805220" lon="-122.0426410">
    <ele>143.2</ele>
    <time>2022-03-06T23:06:02Z</time>
   </trkpt>
   <trkpt lat="47.3805010" lon="-122.0426570">
    <ele>143.2</ele>
    <time>2022-03-06T23:06:03Z</time>
   </trkpt>
   <trkpt lat="47.3804920" lon="-122.0426600">
    <ele>143.2</ele>
    <time>2022-03-06T23:06:04Z</time>
   </trkpt>
   <trkpt lat="47.3804830" lon="-122.0426640">
    <ele>143.2</ele>
    <time>2022-03-06T23:06:05Z</time>
   </trkpt>
   <trkpt lat="47.3804680" lon="-122.0426700">
    <ele>143.3</ele>
    <time>2022-03-06T23:06:06Z</time>
   </trkpt>
   <trkpt lat="47.3804610" lon="-122.0426700">
    <ele>143.3</ele>
    <time>2022-03-06T23:06:07Z</time>
   </trkpt>
   <trkpt lat="47.3804490" lon="-122.0426810">
    <ele>143.3</ele>
    <time>2022-03-06T23:06:08Z</time>
   </trkpt>
   <trkpt lat="47.3804330" lon="-122.0426900">
    <ele>143.3</ele>
    <time>2022-03-06T23:06:09Z</time>
   </trkpt>
   <trkpt lat="47.3804200" lon="-122.0427000">
    <ele>143.3</ele>
    <time>2022-03-06T23:06:10Z</time>
   </trkpt>
   <trkpt lat="47.3804100" lon="-122.0426950">
    <ele>143.3</ele>
    <time>2022-03-06T23:06:11Z</time>
   </trkpt>
   <trkpt lat="47.3804050" lon="-122.0426910">
    <ele>143.3</ele>
    <time>2022-03-06T23:06:12Z</time>
   </trkpt>
   <trkpt lat="47.3803910" lon="-122.0426910">
    <ele>143.3</ele>
    <time>2022-03-06T23:06:13Z</time>
   </trkpt>
   <trkpt lat="47.3803690" lon="-122.0426930">
    <ele>143.3</ele>
    <time>2022-03-06T23:06:14Z</time>
   </trkpt>
   <trkpt lat="47.3803590" lon="-122.0426930">
    <ele>143.3</ele>
    <time>2022-03-06T23:06:15Z</time>
   </trkpt>
   <trkpt lat="47.3803490" lon="-122.0426920">
    <ele>143.3</ele>
    <time>2022-03-06T23:06:16Z</time>
   </trkpt>
   <trkpt lat="47.3803370" lon="-122.0426960">
    <ele>143.3</ele>
    <time>2022-03-06T23:06:17Z</time>
   </trkpt>
   <trkpt lat="47.3803280" lon="-122.0426950">
    <ele>143.3</ele>
    <time>2022-03-06T23:06:18Z</time>
   </trkpt>
   <trkpt lat="47.3803140" lon="-122.0426970">
    <ele>143.3</ele>
    <time>2022-03-06T23:06:19Z</time>
   </trkpt>
   <trkpt lat="47.3802990" lon="-122.0426940">
    <ele>143.3</ele>
    <time>2022-03-06T23:06:20Z</time>
   </trkpt>
   <trkpt lat="47.3802900" lon="-122.0426910">
    <ele>143.3</ele>
    <time>2022-03-06T23:06:21Z</time>
   </trkpt>
   <trkpt lat="47.3802810" lon="-122.0426890">
    <ele>143.3</ele>
    <time>2022-03-06T23:06:22Z</time>
   </trkpt>
   <trkpt lat="47.3802710" lon="-122.0426840">
    <ele>143.3</ele>
    <time>2022-03-06T23:06:23Z</time>
   </trkpt>
   <trkpt lat="47.3802700" lon="-122.0426790">
    <ele>143.3</ele>
    <time>2022-03-06T23:06:24Z</time>
   </trkpt>
   <trkpt lat="47.3802690" lon="-122.0426750">
    <ele>143.2</ele>
    <time>2022-03-06T23:06:25Z</time>
   </trkpt>
   <trkpt lat="47.3802600" lon="-122.0426640">
    <ele>143.2</ele>
    <time>2022-03-06T23:06:26Z</time>
   </trkpt>
   <trkpt lat="47.3802470" lon="-122.0426520">
    <ele>143.2</ele>
    <time>2022-03-06T23:06:27Z</time>
   </trkpt>
   <trkpt lat="47.3802380" lon="-122.0426450">
    <ele>143.2</ele>
    <time>2022-03-06T23:06:28Z</time>
   </trkpt>
   <trkpt lat="47.3802320" lon="-122.0426390">
    <ele>143.2</ele>
    <time>2022-03-06T23:06:29Z</time>
   </trkpt>
   <trkpt lat="47.3802120" lon="-122.0426340">
    <ele>143.2</ele>
    <time>2022-03-06T23:06:30Z</time>
   </trkpt>
   <trkpt lat="47.3802020" lon="-122.0426330">
    <ele>143.2</ele>
    <time>2022-03-06T23:06:31Z</time>
   </trkpt>
   <trkpt lat="47.3801930" lon="-122.0426330">
    <ele>143.2</ele>
    <time>2022-03-06T23:06:32Z</time>
   </trkpt>
   <trkpt lat="47.3801720" lon="-122.0426230">
    <ele>143.2</ele>
    <time>2022-03-06T23:06:33Z</time>
   </trkpt>
   <trkpt lat="47.3801610" lon="-122.0426200">
    <ele>143.2</ele>
    <time>2022-03-06T23:06:34Z</time>
   </trkpt>
   <trkpt lat="47.3801490" lon="-122.0426160">
    <ele>143.1</ele>
    <time>2022-03-06T23:06:35Z</time>
   </trkpt>
   <trkpt lat="47.3801410" lon="-122.0426020">
    <ele>143.1</ele>
    <time>2022-03-06T23:06:36Z</time>
   </trkpt>
   <trkpt lat="47.3801320" lon="-122.0425980">
    <ele>143.1</ele>
    <time>2022-03-06T23:06:37Z</time>
   </trkpt>
   <trkpt lat="47.3801260" lon="-122.0425880">
    <ele>143.1</ele>
    <time>2022-03-06T23:06:38Z</time>
   </trkpt>
   <trkpt lat="47.3801190" lon="-122.0425790">
    <ele>143.1</ele>
    <time>2022-03-06T23:06:39Z</time>
   </trkpt>
   <trkpt lat="47.3801110" lon="-122.0425750">
    <ele>143.1</ele>
    <time>2022-03-06T23:06:40Z</time>
   </trkpt>
   <trkpt lat="47.3801030" lon="-122.0425670">
    <ele>143.1</ele>
    <time>2022-03-06T23:06:41Z</time>
   </trkpt>
   <trkpt lat="47.3800970" lon="-122.0425450">
    <ele>143.1</ele>
    <time>2022-03-06T23:06:42Z</time>
   </trkpt>
   <trkpt lat="47.3800870" lon="-122.0425340">
    <ele>143.1</ele>
    <time>2022-03-06T23:06:43Z</time>
   </trkpt>
   <trkpt lat="47.3800700" lon="-122.0425310">
    <ele>143.1</ele>
    <time>2022-03-06T23:06:44Z</time>
   </trkpt>
   <trkpt lat="47.3800630" lon="-122.0425270">
    <ele>143.1</ele>
    <time>2022-03-06T23:06:45Z</time>
   </trkpt>
   <trkpt lat="47.3800540" lon="-122.0425160">
    <ele>143.1</ele>
    <time>2022-03-06T23:06:46Z</time>
   </trkpt>
   <trkpt lat="47.3800390" lon="-122.0425010">
    <ele>143.1</ele>
    <time>2022-03-06T23:06:47Z</time>
   </trkpt>
   <trkpt lat="47.3800230" lon="-122.0424900">
    <ele>143.1</ele>
    <time>2022-03-06T23:06:48Z</time>
   </trkpt>
   <trkpt lat="47.3800110" lon="-122.0424680">
    <ele>143.0</ele>
    <time>2022-03-06T23:06:49Z</time>
   </trkpt>
   <trkpt lat="47.3800020" lon="-122.0424490">
    <ele>143.0</ele>
    <time>2022-03-06T23:06:50Z</time>
   </trkpt>
   <trkpt lat="47.3799950" lon="-122.0424250">
    <ele>143.0</ele>
    <time>2022-03-06T23:06:51Z</time>
   </trkpt>
   <trkpt lat="47.3799880" lon="-122.0424050">
    <ele>143.0</ele>
    <time>2022-03-06T23:06:52Z</time>
   </trkpt>
   <trkpt lat="47.3799800" lon="-122.0423750">
    <ele>143.0</ele>
    <time>2022-03-06T23:06:53Z</time>
   </trkpt>
   <trkpt lat="47.3799770" lon="-122.0423620">
    <ele>143.0</ele>
    <time>2022-03-06T23:06:54Z</time>
   </trkpt>
   <trkpt lat="47.3799740" lon="-122.0423500">
    <ele>143.0</ele>
    <time>2022-03-06T23:06:55Z</time>
   </trkpt>
   <trkpt lat="47.3799670" lon="-122.0423320">
    <ele>143.0</ele>
    <time>2022-03-06T23:06:56Z</time>
   </trkpt>
   <trkpt lat="47.3799610" lon="-122.0423100">
    <ele>143.0</ele>
    <time>2022-03-06T23:06:57Z</time>
   </trkpt>
   <trkpt lat="47.3799520" lon="-122.0422850">
    <ele>143.0</ele>
    <time>2022-03-06T23:06:58Z</time>
   </trkpt>
   <trkpt lat="47.3799450" lon="-122.0422710">
    <ele>143.0</ele>
    <time>2022-03-06T23:06:59Z</time>
   </trkpt>
   <trkpt lat="47.3799420" lon="-122.0422500">
    <ele>143.0</ele>
    <time>2022-03-06T23:07:00Z</time>
   </trkpt>
   <trkpt lat="47.3799310" lon="-122.0422320">
    <ele>143.0</ele>
    <time>2022-03-06T23:07:01Z</time>
   </trkpt>
   <trkpt lat="47.3799220" lon="-122.0422150">
    <ele>142.9</ele>
    <time>2022-03-06T23:07:02Z</time>
   </trkpt>
   <trkpt lat="47.3799120" lon="-122.0421990">
    <ele>142.9</ele>
    <time>2022-03-06T23:07:03Z</time>
   </trkpt>
   <trkpt lat="47.3799030" lon="-122.0421830">
    <ele>142.9</ele>
    <time>2022-03-06T23:07:04Z</time>
   </trkpt>
   <trkpt lat="47.3798940" lon="-122.0421670">
    <ele>142.9</ele>
    <time>2022-03-06T23:07:05Z</time>
   </trkpt>
   <trkpt lat="47.3798880" lon="-122.0421500">
    <ele>142.9</ele>
    <time>2022-03-06T23:07:06Z</time>
   </trkpt>
   <trkpt lat="47.3798790" lon="-122.0421360">
    <ele>142.9</ele>
    <time>2022-03-06T23:07:07Z</time>
   </trkpt>
   <trkpt lat="47.3798720" lon="-122.0421380">
    <ele>142.9</ele>
    <time>2022-03-06T23:07:08Z</time>
   </trkpt>
   <trkpt lat="47.3798540" lon="-122.0421390">
    <ele>142.9</ele>
    <time>2022-03-06T23:07:09Z</time>
   </trkpt>
   <trkpt lat="47.3798450" lon="-122.0421160">
    <ele>142.9</ele>
    <time>2022-03-06T23:07:10Z</time>
   </trkpt>
   <trkpt lat="47.3798270" lon="-122.0420990">
    <ele>142.9</ele>
    <time>2022-03-06T23:07:11Z</time>
   </trkpt>
   <trkpt lat="47.3798190" lon="-122.0420930">
    <ele>142.9</ele>
    <time>2022-03-06T23:07:12Z</time>
   </trkpt>
   <trkpt lat="47.3798110" lon="-122.0420870">
    <ele>142.9</ele>
    <time>2022-03-06T23:07:13Z</time>
   </trkpt>
   <trkpt lat="47.3797830" lon="-122.0420620">
    <ele>142.9</ele>
    <time>2022-03-06T23:07:14Z</time>
   </trkpt>
   <trkpt lat="47.3797720" lon="-122.0420570">
    <ele>142.9</ele>
    <time>2022-03-06T23:07:15Z</time>
   </trkpt>
   <trkpt lat="47.3797650" lon="-122.0420430">
    <ele>142.9</ele>
    <time>2022-03-06T23:07:16Z</time>
   </trkpt>
   <trkpt lat="47.3797540" lon="-122.0420260">
    <ele>142.9</ele>
    <time>2022-03-06T23:07:17Z</time>
   </trkpt>
   <trkpt lat="47.3797410" lon="-122.0420120">
    <ele>142.9</ele>
    <time>2022-03-06T23:07:18Z</time>
   </trkpt>
   <trkpt lat="47.3797330" lon="-122.0419950">
    <ele>142.9</ele>
    <time>2022-03-06T23:07:19Z</time>
   </trkpt>
   <trkpt lat="47.3797190" lon="-122.0419870">
    <ele>142.9</ele>
    <time>2022-03-06T23:07:20Z</time>
   </trkpt>
   <trkpt lat="47.3797160" lon="-122.0419830">
    <ele>142.9</ele>
    <time>2022-03-06T23:07:21Z</time>
   </trkpt>
   <trkpt lat="47.3797070" lon="-122.0419680">
    <ele>142.9</ele>
    <time>2022-03-06T23:07:22Z</time>
   </trkpt>
   <trkpt lat="47.3796900" lon="-122.0419590">
    <ele>142.9</ele>
    <time>2022-03-06T23:07:23Z</time>
   </trkpt>
   <trkpt lat="47.3796790" lon="-122.0419440">
    <ele>142.9</ele>
    <time>2022-03-06T23:07:24Z</time>
   </trkpt>
   <trkpt lat="47.3796790" lon="-122.0419390">
    <ele>142.9</ele>
    <time>2022-03-06T23:07:25Z</time>
   </trkpt>
   <trkpt lat="47.3796670" lon="-122.0419280">
    <ele>142.9</ele>
    <time>2022-03-06T23:07:26Z</time>
   </trkpt>
   <trkpt lat="47.3796590" lon="-122.0419130">
    <ele>142.9</ele>
    <time>2022-03-06T23:07:27Z</time>
   </trkpt>
   <trkpt lat="47.3796600" lon="-122.0419050">
    <ele>142.9</ele>
    <time>2022-03-06T23:07:28Z</time>
   </trkpt>
   <trkpt lat="47.3796590" lon="-122.0418930">
    <ele>142.9</ele>
    <time>2022-03-06T23:07:29Z</time>
   </trkpt>
   <trkpt lat="47.3796560" lon="-122.0418780">
    <ele>142.9</ele>
    <time>2022-03-06T23:07:30Z</time>
   </trkpt>
   <trkpt lat="47.3796590" lon="-122.0418770">
    <ele>142.9</ele>
    <time>2022-03-06T23:07:31Z</time>
   </trkpt>
   <trkpt lat="47.3796540" lon="-122.0418680">
    <ele>142.9</ele>
    <time>2022-03-06T23:07:32Z</time>
   </trkpt>
   <trkpt lat="47.3796580" lon="-122.0418420">
    <ele>142.9</ele>
    <time>2022-03-06T23:07:33Z</time>
   </trkpt>
   <trkpt lat="47.3796580" lon="-122.0418260">
    <ele>142.9</ele>
    <time>2022-03-06T23:07:34Z</time>
   </trkpt>
   <trkpt lat="47.3796600" lon="-122.0418170">
    <ele>142.9</ele>
    <time>2022-03-06T23:07:35Z</time>
   </trkpt>
   <trkpt lat="47.3796670" lon="-122.0418060">
    <ele>142.9</ele>
    <time>2022-03-06T23:07:36Z</time>
   </trkpt>
   <trkpt lat="47.3796680" lon="-122.0417880">
    <ele>142.9</ele>
    <time>2022-03-06T23:07:37Z</time>
   </trkpt>
   <trkpt lat="47.3796590" lon="-122.0417700">
    <ele>142.9</ele>
    <time>2022-03-06T23:07:38Z</time>
   </trkpt>
   <trkpt lat="47.3796550" lon="-122.0417540">
    <ele>142.9</ele>
    <time>2022-03-06T23:07:39Z</time>
   </trkpt>
   <trkpt lat="47.3796540" lon="-122.0417280">
    <ele>142.9</ele>
    <time>2022-03-06T23:07:40Z</time>
   </trkpt>
   <trkpt lat="47.3796550" lon="-122.0417110">
    <ele>142.9</ele>
    <time>2022-03-06T23:07:41Z</time>
   </trkpt>
   <trkpt lat="47.3796590" lon="-122.0416950">
    <ele>142.9</ele>
    <time>2022-03-06T23:07:42Z</time>
   </trkpt>
   <trkpt lat="47.3796630" lon="-122.0416720">
    <ele>142.9</ele>
    <time>2022-03-06T23:07:43Z</time>
   </trkpt>
   <trkpt lat="47.3796630" lon="-122.0416510">
    <ele>142.9</ele>
    <time>2022-03-06T23:07:44Z</time>
   </trkpt>
   <trkpt lat="47.3796620" lon="-122.0416390">
    <ele>142.9</ele>
    <time>2022-03-06T23:07:45Z</time>
   </trkpt>
   <trkpt lat="47.3796680" lon="-122.0416220">
    <ele>142.9</ele>
    <time>2022-03-06T23:07:46Z</time>
   </trkpt>
   <trkpt lat="47.3796690" lon="-122.0415900">
    <ele>142.9</ele>
    <time>2022-03-06T23:07:47Z</time>
   </trkpt>
   <trkpt lat="47.3796720" lon="-122.0415790">
    <ele>142.9</ele>
    <time>2022-03-06T23:07:48Z</time>
   </trkpt>
   <trkpt lat="47.3796750" lon="-122.0415690">
    <ele>142.9</ele>
    <time>2022-03-06T23:07:49Z</time>
   </trkpt>
   <trkpt lat="47.3796770" lon="-122.0415580">
    <ele>142.9</ele>
    <time>2022-03-06T23:07:50Z</time>
   </trkpt>
   <trkpt lat="47.3796790" lon="-122.0415410">
    <ele>142.9</ele>
    <time>2022-03-06T23:07:51Z</time>
   </trkpt>
   <trkpt lat="47.3796790" lon="-122.0415200">
    <ele>143.0</ele>
    <time>2022-03-06T23:07:52Z</time>
   </trkpt>
   <trkpt lat="47.3796770" lon="-122.0415090">
    <ele>143.0</ele>
    <time>2022-03-06T23:07:53Z</time>
   </trkpt>
   <trkpt lat="47.3796810" lon="-122.0414980">
    <ele>143.0</ele>
    <time>2022-03-06T23:07:54Z</time>
   </trkpt>
   <trkpt lat="47.3796840" lon="-122.0414810">
    <ele>143.0</ele>
    <time>2022-03-06T23:07:55Z</time>
   </trkpt>
   <trkpt lat="47.3796810" lon="-122.0414650">
    <ele>143.0</ele>
    <time>2022-03-06T23:07:56Z</time>
   </trkpt>
   <trkpt lat="47.3796870" lon="-122.0414450">
    <ele>143.0</ele>
    <time>2022-03-06T23:07:57Z</time>
   </trkpt>
   <trkpt lat="47.3796910" lon="-122.0414240">
    <ele>143.0</ele>
    <time>2022-03-06T23:07:58Z</time>
   </trkpt>
   <trkpt lat="47.3796930" lon="-122.0414070">
    <ele>143.0</ele>
    <time>2022-03-06T23:07:59Z</time>
   </trkpt>
   <trkpt lat="47.3796930" lon="-122.0413820">
    <ele>143.0</ele>
    <time>2022-03-06T23:08:00Z</time>
   </trkpt>
   <trkpt lat="47.3796990" lon="-122.0413660">
    <ele>143.0</ele>
    <time>2022-03-06T23:08:01Z</time>
   </trkpt>
   <trkpt lat="47.3797030" lon="-122.0413490">
    <ele>143.0</ele>
    <time>2022-03-06T23:08:02Z</time>
   </trkpt>
   <trkpt lat="47.3797070" lon="-122.0413330">
    <ele>143.0</ele>
    <time>2022-03-06T23:08:03Z</time>
   </trkpt>
   <trkpt lat="47.3797070" lon="-122.0412970">
    <ele>143.1</ele>
    <time>2022-03-06T23:08:04Z</time>
   </trkpt>
   <trkpt lat="47.3797040" lon="-122.0412890">
    <ele>143.1</ele>
    <time>2022-03-06T23:08:05Z</time>
   </trkpt>
   <trkpt lat="47.3797020" lon="-122.0412800">
    <ele>143.1</ele>
    <time>2022-03-06T23:08:06Z</time>
   </trkpt>
   <trkpt lat="47.3797030" lon="-122.0412500">
    <ele>143.1</ele>
    <time>2022-03-06T23:08:07Z</time>
   </trkpt>
   <trkpt lat="47.3797000" lon="-122.0412320">
    <ele>143.1</ele>
    <time>2022-03-06T23:08:08Z</time>
   </trkpt>
   <trkpt lat="47.3796970" lon="-122.0412130">
    <ele>143.1</ele>
    <time>2022-03-06T23:08:09Z</time>
   </trkpt>
   <trkpt lat="47.3796890" lon="-122.0411870">
    <ele>143.1</ele>
    <time>2022-03-06T23:08:10Z</time>
   </trkpt>
   <trkpt lat="47.3796820" lon="-122.0411700">
    <ele>143.1</ele>
    <time>2022-03-06T23:08:11Z</time>
   </trkpt>
   <trkpt lat="47.3796800" lon="-122.0411360">
    <ele>143.1</ele>
    <time>2022-03-06T23:08:12Z</time>
   </trkpt>
   <trkpt lat="47.3796800" lon="-122.0411220">
    <ele>143.1</ele>
    <time>2022-03-06T23:08:13Z</time>
   </trkpt>
   <trkpt lat="47.3796790" lon="-122.0411080">
    <ele>143.1</ele>
    <time>2022-03-06T23:08:14Z</time>
   </trkpt>
   <trkpt lat="47.3796790" lon="-122.0410900">
    <ele>143.1</ele>
    <time>2022-03-06T23:08:15Z</time>
   </trkpt>
   <trkpt lat="47.3796750" lon="-122.0410610">
    <ele>143.1</ele>
    <time>2022-03-06T23:08:16Z</time>
   </trkpt>
   <trkpt lat="47.3796680" lon="-122.0410440">
    <ele>143.1</ele>
    <time>2022-03-06T23:08:17Z</time>
   </trkpt>
   <trkpt lat="47.3796730" lon="-122.0410280">
    <ele>143.2</ele>
    <time>2022-03-06T23:08:18Z</time>
   </trkpt>
   <trkpt lat="47.3796750" lon="-122.0410100">
    <ele>143.2</ele>
    <time>2022-03-06T23:08:19Z</time>
   </trkpt>
   <trkpt lat="47.3796740" lon="-122.0409970">
    <ele>143.2</ele>
    <time>2022-03-06T23:08:20Z</time>
   </trkpt>
   <trkpt lat="47.3796710" lon="-122.0409850">
    <ele>143.2</ele>
    <time>2022-03-06T23:08:21Z</time>
   </trkpt>
   <trkpt lat="47.3796660" lon="-122.0409650">
    <ele>143.2</ele>
    <time>2022-03-06T23:08:22Z</time>
   </trkpt>
   <trkpt lat="47.3796610" lon="-122.0409220">
    <ele>143.2</ele>
    <time>2022-03-06T23:08:23Z</time>
   </trkpt>
   <trkpt lat="47.3796610" lon="-122.0409080">
    <ele>143.2</ele>
    <time>2022-03-06T23:08:24Z</time>
   </trkpt>
   <trkpt lat="47.3796550" lon="-122.0408850">
    <ele>143.2</ele>
    <time>2022-03-06T23:08:25Z</time>
   </trkpt>
   <trkpt lat="47.3796540" lon="-122.0408670">
    <ele>143.2</ele>
    <time>2022-03-06T23:08:26Z</time>
   </trkpt>
   <trkpt lat="47.3796470" lon="-122.0408580">
    <ele>143.2</ele>
    <time>2022-03-06T23:08:27Z</time>
   </trkpt>
   <trkpt lat="47.3796420" lon="-122.0408420">
    <ele>143.2</ele>
    <time>2022-03-06T23:08:28Z</time>
   </trkpt>
   <trkpt lat="47.3796380" lon="-122.0408200">
    <ele>143.2</ele>
    <time>2022-03-06T23:08:29Z</time>
   </trkpt>
   <trkpt lat="47.3796450" lon="-122.0407940">
    <ele>143.2</ele>
    <time>2022-03-06T23:08:30Z</time>
   </trkpt>
   <trkpt lat="47.3796450" lon="-122.0407750">
    <ele>143.2</ele>
    <time>2022-03-06T23:08:31Z</time>
   </trkpt>
   <trkpt lat="47.3796430" lon="-122.0407480">
    <ele>143.2</ele>
    <time>2022-03-06T23:08:32Z</time>
   </trkpt>
   <trkpt lat="47.3796440" lon="-122.0407230">
    <ele>143.2</ele>
    <time>2022-03-06T23:08:33Z</time>
   </trkpt>
   <trkpt lat="47.3796480" lon="-122.0406960">
    <ele>143.2</ele>
    <time>2022-03-06T23:08:34Z</time>
   </trkpt>
   <trkpt lat="47.3796510" lon="-122.0406810">
    <ele>143.3</ele>
    <time>2022-03-06T23:08:35Z</time>
   </trkpt>
   <trkpt lat="47.3796540" lon="-122.0406650">
    <ele>143.3</ele>
    <time>2022-03-06T23:08:36Z</time>
   </trkpt>
   <trkpt lat="47.3796570" lon="-122.0406520">
    <ele>143.3</ele>
    <time>2022-03-06T23:08:37Z</time>
   </trkpt>
   <trkpt lat="47.3796600" lon="-122.0406320">
    <ele>143.3</ele>
    <time>2022-03-06T23:08:38Z</time>
   </trkpt>
   <trkpt lat="47.3796590" lon="-122.0406190">
    <ele>143.3</ele>
    <time>2022-03-06T23:08:39Z</time>
   </trkpt>
   <trkpt lat="47.3796610" lon="-122.0405980">
    <ele>143.3</ele>
    <time>2022-03-06T23:08:40Z</time>
   </trkpt>
   <trkpt lat="47.3796610" lon="-122.0405790">
    <ele>143.3</ele>
    <time>2022-03-06T23:08:41Z</time>
   </trkpt>
   <trkpt lat="47.3796700" lon="-122.0405690">
    <ele>143.3</ele>
    <time>2022-03-06T23:08:42Z</time>
   </trkpt>
   <trkpt lat="47.3796690" lon="-122.0405430">
    <ele>143.3</ele>
    <time>2022-03-06T23:08:43Z</time>
   </trkpt>
   <trkpt lat="47.3796710" lon="-122.0405280">
    <ele>143.3</ele>
    <time>2022-03-06T23:08:44Z</time>
   </trkpt>
   <trkpt lat="47.3796760" lon="-122.0405090">
    <ele>143.3</ele>
    <time>2022-03-06T23:08:45Z</time>
   </trkpt>
   <trkpt lat="47.3796780" lon="-122.0404980">
    <ele>143.3</ele>
    <time>2022-03-06T23:08:46Z</time>
   </trkpt>
   <trkpt lat="47.3796810" lon="-122.0404830">
    <ele>143.3</ele>
    <time>2022-03-06T23:08:47Z</time>
   </trkpt>
   <trkpt lat="47.3796880" lon="-122.0404670">
    <ele>143.3</ele>
    <time>2022-03-06T23:08:48Z</time>
   </trkpt>
   <trkpt lat="47.3796870" lon="-122.0404530">
    <ele>143.3</ele>
    <time>2022-03-06T23:08:49Z</time>
   </trkpt>
   <trkpt lat="47.3796820" lon="-122.0404380">
    <ele>143.3</ele>
    <time>2022-03-06T23:08:50Z</time>
   </trkpt>
   <trkpt lat="47.3796810" lon="-122.0404070">
    <ele>143.3</ele>
    <time>2022-03-06T23:08:51Z</time>
   </trkpt>
   <trkpt lat="47.3796810" lon="-122.0403950">
    <ele>143.3</ele>
    <time>2022-03-06T23:08:52Z</time>
   </trkpt>
   <trkpt lat="47.3796820" lon="-122.0403820">
    <ele>143.3</ele>
    <time>2022-03-06T23:08:53Z</time>
   </trkpt>
   <trkpt lat="47.3796810" lon="-122.0403750">
    <ele>143.3</ele>
    <time>2022-03-06T23:08:54Z</time>
   </trkpt>
   <trkpt lat="47.3796820" lon="-122.0403800">
    <ele>143.3</ele>
    <time>2022-03-06T23:08:55Z</time>
   </trkpt>
   <trkpt lat="47.3796860" lon="-122.0403440">
    <ele>143.3</ele>
    <time>2022-03-06T23:08:56Z</time>
   </trkpt>
   <trkpt lat="47.3796880" lon="-122.0403320">
    <ele>143.3</ele>
    <time>2022-03-06T23:08:57Z</time>
   </trkpt>
   <trkpt lat="47.3796840" lon="-122.0403000">
    <ele>143.3</ele>
    <time>2022-03-06T23:08:58Z</time>
   </trkpt>
   <trkpt lat="47.3796810" lon="-122.0402880">
    <ele>143.3</ele>
    <time>2022-03-06T23:08:59Z</time>
   </trkpt>
   <trkpt lat="47.3796780" lon="-122.0402760">
    <ele>143.3</ele>
    <time>2022-03-06T23:09:00Z</time>
   </trkpt>
   <trkpt lat="47.3796760" lon="-122.0402700">
    <ele>143.3</ele>
    <time>2022-03-06T23:09:01Z</time>
   </trkpt>
   <trkpt lat="47.3796770" lon="-122.0402510">
    <ele>143.3</ele>
    <time>2022-03-06T23:09:02Z</time>
   </trkpt>
   <trkpt lat="47.3796770" lon="-122.0402310">
    <ele>143.3</ele>
    <time>2022-03-06T23:09:03Z</time>
   </trkpt>
   <trkpt lat="47.3796820" lon="-122.0402030">
    <ele>143.3</ele>
    <time>2022-03-06T23:09:04Z</time>
   </trkpt>
   <trkpt lat="47.3796850" lon="-122.0401900">
    <ele>143.2</ele>
    <time>2022-03-06T23:09:05Z</time>
   </trkpt>
   <trkpt lat="47.3796870" lon="-122.0401720">
    <ele>143.2</ele>
    <time>2022-03-06T23:09:06Z</time>
   </trkpt>
   <trkpt lat="47.3796940" lon="-122.0401500">
    <ele>143.2</ele>
    <time>2022-03-06T23:09:07Z</time>
   </trkpt>
   <trkpt lat="47.3796950" lon="-122.0401340">
    <ele>143.2</ele>
    <time>2022-03-06T23:09:08Z</time>
   </trkpt>
   <trkpt lat="47.3796900" lon="-122.0401160">
    <ele>143.2</ele>
    <time>2022-03-06T23:09:09Z</time>
   </trkpt>
   <trkpt lat="47.3796830" lon="-122.0401130">
    <ele>143.2</ele>
    <time>2022-03-06T23:09:10Z</time>
   </trkpt>
   <trkpt lat="47.3796770" lon="-122.0400800">
    <ele>143.2</ele>
    <time>2022-03-06T23:09:11Z</time>
   </trkpt>
   <trkpt lat="47.3796740" lon="-122.0400690">
    <ele>143.2</ele>
    <time>2022-03-06T23:09:12Z</time>
   </trkpt>
   <trkpt lat="47.3796700" lon="-122.0400570">
    <ele>143.2</ele>
    <time>2022-03-06T23:09:13Z</time>
   </trkpt>
   <trkpt lat="47.3796630" lon="-122.0400430">
    <ele>143.2</ele>
    <time>2022-03-06T23:09:14Z</time>
   </trkpt>
   <trkpt lat="47.3796660" lon="-122.0400320">
    <ele>143.2</ele>
    <time>2022-03-06T23:09:15Z</time>
   </trkpt>
   <trkpt lat="47.3796740" lon="-122.0400220">
    <ele>143.2</ele>
    <time>2022-03-06T23:09:16Z</time>
   </trkpt>
   <trkpt lat="47.3796720" lon="-122.0400080">
    <ele>143.2</ele>
    <time>2022-03-06T23:09:17Z</time>
   </trkpt>
   <trkpt lat="47.3796760" lon="-122.0399950">
    <ele>143.2</ele>
    <time>2022-03-06T23:09:18Z</time>
   </trkpt>
   <trkpt lat="47.3796810" lon="-122.0399920">
    <ele>143.2</ele>
    <time>2022-03-06T23:09:19Z</time>
   </trkpt>
   <trkpt lat="47.3796860" lon="-122.0399720">
    <ele>143.2</ele>
    <time>2022-03-06T23:09:20Z</time>
   </trkpt>
   <trkpt lat="47.3796910" lon="-122.0399550">
    <ele>143.2</ele>
    <time>2022-03-06T23:09:21Z</time>
   </trkpt>
   <trkpt lat="47.3797060" lon="-122.0399400">
    <ele>143.2</ele>
    <time>2022-03-06T23:09:22Z</time>
   </trkpt>
   <trkpt lat="47.3797100" lon="-122.0399210">
    <ele>143.2</ele>
    <time>2022-03-06T23:09:23Z</time>
   </trkpt>
   <trkpt lat="47.3797090" lon="-122.0399080">
    <ele>143.2</ele>
    <time>2022-03-06T23:09:24Z</time>
   </trkpt>
   <trkpt lat="47.3797110" lon="-122.0398980">
    <ele>143.2</ele>
    <time>2022-03-06T23:09:25Z</time>
   </trkpt>
   <trkpt lat="47.3797210" lon="-122.0398720">
    <ele>143.2</ele>
    <time>2022-03-06T23:09:26Z</time>
   </trkpt>
   <trkpt lat="47.3797270" lon="-122.0398600">
    <ele>143.2</ele>
    <time>2022-03-06T23:09:27Z</time>
   </trkpt>
   <trkpt lat="47.3797340" lon="-122.0398480">
    <ele>143.2</ele>
    <time>2022-03-06T23:09:28Z</time>
   </trkpt>
   <trkpt lat="47.3797380" lon="-122.0398140">
    <ele>143.2</ele>
    <time>2022-03-06T23:09:29Z</time>
   </trkpt>
   <trkpt lat="47.3797360" lon="-122.0398010">
    <ele>143.2</ele>
    <time>2022-03-06T23:09:30Z</time>
   </trkpt>
   <trkpt lat="47.3797340" lon="-122.0397880">
    <ele>143.2</ele>
    <time>2022-03-06T23:09:31Z</time>
   </trkpt>
   <trkpt lat="47.3797370" lon="-122.0397740">
    <ele>143.2</ele>
    <time>2022-03-06T23:09:32Z</time>
   </trkpt>
   <trkpt lat="47.3797440" lon="-122.0397500">
    <ele>143.2</ele>
    <time>2022-03-06T23:09:33Z</time>
   </trkpt>
   <trkpt lat="47.3797450" lon="-122.0397150">
    <ele>143.2</ele>
    <time>2022-03-06T23:09:34Z</time>
   </trkpt>
   <trkpt lat="47.3797470" lon="-122.0397020">
    <ele>143.2</ele>
    <time>2022-03-06T23:09:35Z</time>
   </trkpt>
   <trkpt lat="47.3797480" lon="-122.0396890">
    <ele>143.2</ele>
    <time>2022-03-06T23:09:36Z</time>
   </trkpt>
   <trkpt lat="47.3797540" lon="-122.0396760">
    <ele>143.2</ele>
    <time>2022-03-06T23:09:37Z</time>
   </trkpt>
   <trkpt lat="47.3797620" lon="-122.0396550">
    <ele>143.2</ele>
    <time>2022-03-06T23:09:38Z</time>
   </trkpt>
   <trkpt lat="47.3797640" lon="-122.0396280">
    <ele>143.2</ele>
    <time>2022-03-06T23:09:39Z</time>
   </trkpt>
   <trkpt lat="47.3797650" lon="-122.0396170">
    <ele>143.2</ele>
    <time>2022-03-06T23:09:40Z</time>
   </trkpt>
   <trkpt lat="47.3797660" lon="-122.0396050">
    <ele>143.2</ele>
    <time>2022-03-06T23:09:41Z</time>
   </trkpt>
   <trkpt lat="47.3797670" lon="-122.0395940">
    <ele>143.2</ele>
    <time>2022-03-06T23:09:42Z</time>
   </trkpt>
   <trkpt lat="47.3797690" lon="-122.0395800">
    <ele>143.2</ele>
    <time>2022-03-06T23:09:43Z</time>
   </trkpt>
   <trkpt lat="47.3797730" lon="-122.0395620">
    <ele>143.2</ele>
    <time>2022-03-06T23:09:44Z</time>
   </trkpt>
   <trkpt lat="47.3797790" lon="-122.0395440">
    <ele>143.2</ele>
    <time>2022-03-06T23:09:45Z</time>
   </trkpt>
   <trkpt lat="47.3797790" lon="-122.0395320">
    <ele>143.2</ele>
    <time>2022-03-06T23:09:46Z</time>
   </trkpt>
   <trkpt lat="47.3797800" lon="-122.0395210">
    <ele>143.2</ele>
    <time>2022-03-06T23:09:47Z</time>
   </trkpt>
   <trkpt lat="47.3797800" lon="-122.0395120">
    <ele>143.2</ele>
    <time>2022-03-06T23:09:48Z</time>
   </trkpt>
   <trkpt lat="47.3797810" lon="-122.0395090">
    <ele>143.2</ele>
    <time>2022-03-06T23:09:49Z</time>
   </trkpt>
   <trkpt lat="47.3797800" lon="-122.0394940">
    <ele>143.2</ele>
    <time>2022-03-06T23:09:50Z</time>
   </trkpt>
   <trkpt lat="47.3797850" lon="-122.0394680">
    <ele>143.2</ele>
    <time>2022-03-06T23:09:51Z</time>
   </trkpt>
   <trkpt lat="47.3797870" lon="-122.0394540">
    <ele>143.2</ele>
    <time>2022-03-06T23:09:52Z</time>
   </trkpt>
   <trkpt lat="47.3797900" lon="-122.0394400">
    <ele>143.2</ele>
    <time>2022-03-06T23:09:53Z</time>
   </trkpt>
   <trkpt lat="47.3798050" lon="-122.0394080">
    <ele>143.2</ele>
    <time>2022-03-06T23:09:54Z</time>
   </trkpt>
   <trkpt lat="47.3798130" lon="-122.0393950">
    <ele>143.3</ele>
    <time>2022-03-06T23:09:55Z</time>
   </trkpt>
   <trkpt lat="47.3798230" lon="-122.0393790">
    <ele>143.3</ele>
    <time>2022-03-06T23:09:56Z</time>
   </trkpt>
   <trkpt lat="47.3798240" lon="-122.0393550">
    <ele>143.3</ele>
    <time>2022-03-06T23:09:57Z</time>
   </trkpt>
   <trkpt lat="47.3798320" lon="-122.0393350">
    <ele>143.3</ele>
    <time>2022-03-06T23:09:58Z</time>
   </trkpt>
   <trkpt lat="47.3798380" lon="-122.0393150">
    <ele>143.3</ele>
    <time>2022-03-06T23:09:59Z</time>
   </trkpt>
   <trkpt lat="47.3798460" lon="-122.0393080">
    <ele>143.3</ele>
    <time>2022-03-06T23:10:00Z</time>
   </trkpt>
   <trkpt lat="47.3798530" lon="-122.0392890">
    <ele>143.3</ele>
    <time>2022-03-06T23:10:01Z</time>
   </trkpt>
   <trkpt lat="47.3798610" lon="-122.0392760">
    <ele>143.3</ele>
    <time>2022-03-06T23:10:02Z</time>
   </trkpt>
   <trkpt lat="47.3798710" lon="-122.0392510">
    <ele>143.3</ele>
    <time>2022-03-06T23:10:03Z</time>
   </trkpt>
   <trkpt lat="47.3798760" lon="-122.0392400">
    <ele>143.3</ele>
    <time>2022-03-06T23:10:04Z</time>
   </trkpt>
   <trkpt lat="47.3798800" lon="-122.0392290">
    <ele>143.3</ele>
    <time>2022-03-06T23:10:05Z</time>
   </trkpt>
   <trkpt lat="47.3798850" lon="-122.0392180">
    <ele>143.3</ele>
    <time>2022-03-06T23:10:06Z</time>
   </trkpt>
   <trkpt lat="47.3798900" lon="-122.0391980">
    <ele>143.3</ele>
    <time>2022-03-06T23:10:07Z</time>
   </trkpt>
   <trkpt lat="47.3798950" lon="-122.0391930">
    <ele>143.3</ele>
    <time>2022-03-06T23:10:08Z</time>
   </trkpt>
   <trkpt lat="47.3798980" lon="-122.0391820">
    <ele>143.3</ele>
    <time>2022-03-06T23:10:09Z</time>
   </trkpt>
   <trkpt lat="47.3799020" lon="-122.0391790">
    <ele>143.3</ele>
    <time>2022-03-06T23:10:10Z</time>
   </trkpt>
   <trkpt lat="47.3799060" lon="-122.0391720">
    <ele>143.3</ele>
    <time>2022-03-06T23:10:11Z</time>
   </trkpt>
   <trkpt lat="47.3799160" lon="-122.0391600">
    <ele>143.3</ele>
    <time>2022-03-06T23:10:12Z</time>
   </trkpt>
   <trkpt lat="47.3799270" lon="-122.0391390">
    <ele>143.4</ele>
    <time>2022-03-06T23:10:13Z</time>
   </trkpt>
   <trkpt lat="47.3799380" lon="-122.0391310">
    <ele>143.5</ele>
    <time>2022-03-06T23:10:14Z</time>
   </trkpt>
   <trkpt lat="47.3799470" lon="-122.0391090">
    <ele>143.5</ele>
    <time>2022-03-06T23:10:15Z</time>
   </trkpt>
   <trkpt lat="47.3799550" lon="-122.0391040">
    <ele>143.6</ele>
    <time>2022-03-06T23:10:16Z</time>
   </trkpt>
   <trkpt lat="47.3799610" lon="-122.0390900">
    <ele>143.6</ele>
    <time>2022-03-06T23:10:17Z</time>
   </trkpt>
   <trkpt lat="47.3799710" lon="-122.0390840">
    <ele>143.6</ele>
    <time>2022-03-06T23:10:18Z</time>
   </trkpt>
   <trkpt lat="47.3799770" lon="-122.0390800">
    <ele>143.7</ele>
    <time>2022-03-06T23:10:19Z</time>
   </trkpt>
   <trkpt lat="47.3799850" lon="-122.0390770">
    <ele>143.7</ele>
    <time>2022-03-06T23:10:20Z</time>
   </trkpt>
   <trkpt lat="47.3799900" lon="-122.0390660">
    <ele>143.7</ele>
    <time>2022-03-06T23:10:21Z</time>
   </trkpt>
   <trkpt lat="47.3800120" lon="-122.0390420">
    <ele>143.7</ele>
    <time>2022-03-06T23:10:22Z</time>
   </trkpt>
   <trkpt lat="47.3800200" lon="-122.0390300">
    <ele>143.7</ele>
    <time>2022-03-06T23:10:23Z</time>
   </trkpt>
   <trkpt lat="47.3800350" lon="-122.0390070">
    <ele>143.7</ele>
    <time>2022-03-06T23:10:24Z</time>
   </trkpt>
   <trkpt lat="47.3800410" lon="-122.0389970">
    <ele>143.7</ele>
    <time>2022-03-06T23:10:25Z</time>
   </trkpt>
   <trkpt lat="47.3800470" lon="-122.0389880">
    <ele>143.7</ele>
    <time>2022-03-06T23:10:26Z</time>
   </trkpt>
   <trkpt lat="47.3800570" lon="-122.0389730">
    <ele>143.6</ele>
    <time>2022-03-06T23:10:27Z</time>
   </trkpt>
   <trkpt lat="47.3800640" lon="-122.0389630">
    <ele>143.6</ele>
    <time>2022-03-06T23:10:28Z</time>
   </trkpt>
   <trkpt lat="47.3800700" lon="-122.0389510">
    <ele>143.6</ele>
    <time>2022-03-06T23:10:29Z</time>
   </trkpt>
   <trkpt lat="47.3800750" lon="-122.0389320">
    <ele>143.6</ele>
    <time>2022-03-06T23:10:30Z</time>
   </trkpt>
   <trkpt lat="47.3800810" lon="-122.0389170">
    <ele>143.6</ele>
    <time>2022-03-06T23:10:31Z</time>
   </trkpt>
   <trkpt lat="47.3800900" lon="-122.0389100">
    <ele>143.6</ele>
    <time>2022-03-06T23:10:32Z</time>
   </trkpt>
   <trkpt lat="47.3801000" lon="-122.0388900">
    <ele>143.6</ele>
    <time>2022-03-06T23:10:33Z</time>
   </trkpt>
   <trkpt lat="47.3801040" lon="-122.0388670">
    <ele>143.6</ele>
    <time>2022-03-06T23:10:34Z</time>
   </trkpt>
   <trkpt lat="47.3801190" lon="-122.0388480">
    <ele>143.6</ele>
    <time>2022-03-06T23:10:35Z</time>
   </trkpt>
   <trkpt lat="47.3801260" lon="-122.0388400">
    <ele>143.5</ele>
    <time>2022-03-06T23:10:36Z</time>
   </trkpt>
   <trkpt lat="47.3801320" lon="-122.0388320">
    <ele>143.5</ele>
    <time>2022-03-06T23:10:37Z</time>
   </trkpt>
   <trkpt lat="47.3801400" lon="-122.0388230">
    <ele>143.5</ele>
    <time>2022-03-06T23:10:38Z</time>
   </trkpt>
   <trkpt lat="47.3801540" lon="-122.0388090">
    <ele>143.6</ele>
    <time>2022-03-06T23:10:39Z</time>
   </trkpt>
   <trkpt lat="47.3801550" lon="-122.0388030">
    <ele>143.6</ele>
    <time>2022-03-06T23:10:40Z</time>
   </trkpt>
   <trkpt lat="47.3801580" lon="-122.0387870">
    <ele>143.6</ele>
    <time>2022-03-06T23:10:41Z</time>
   </trkpt>
   <trkpt lat="47.3801640" lon="-122.0387730">
    <ele>143.7</ele>
    <time>2022-03-06T23:10:42Z</time>
   </trkpt>
   <trkpt lat="47.3801680" lon="-122.0387580">
    <ele>143.7</ele>
    <time>2022-03-06T23:10:43Z</time>
   </trkpt>
   <trkpt lat="47.3801730" lon="-122.0387500">
    <ele>143.7</ele>
    <time>2022-03-06T23:10:44Z</time>
   </trkpt>
   <trkpt lat="47.3801770" lon="-122.0387420">
    <ele>143.8</ele>
    <time>2022-03-06T23:10:45Z</time>
   </trkpt>
   <trkpt lat="47.3801900" lon="-122.0387250">
    <ele>143.8</ele>
    <time>2022-03-06T23:10:46Z</time>
   </trkpt>
   <trkpt lat="47.3802060" lon="-122.0387010">
    <ele>143.9</ele>
    <time>2022-03-06T23:10:47Z</time>
   </trkpt>
   <trkpt lat="47.3802110" lon="-122.0386860">
    <ele>144.0</ele>
    <time>2022-03-06T23:10:48Z</time>
   </trkpt>
   <trkpt lat="47.3802170" lon="-122.0386710">
    <ele>144.0</ele>
    <time>2022-03-06T23:10:49Z</time>
   </trkpt>
   <trkpt lat="47.3802330" lon="-122.0386620">
    <ele>144.1</ele>
    <time>2022-03-06T23:10:50Z</time>
   </trkpt>
   <trkpt lat="47.3802460" lon="-122.0386510">
    <ele>144.2</ele>
    <time>2022-03-06T23:10:51Z</time>
   </trkpt>
   <trkpt lat="47.3802560" lon="-122.0386390">
    <ele>144.3</ele>
    <time>2022-03-06T23:10:52Z</time>
   </trkpt>
   <trkpt lat="47.3802630" lon="-122.0386350">
    <ele>144.4</ele>
    <time>2022-03-06T23:10:53Z</time>
   </trkpt>
   <trkpt lat="47.3802710" lon="-122.0386230">
    <ele>144.5</ele>
    <time>2022-03-06T23:10:54Z</time>
   </trkpt>
   <trkpt lat="47.3802720" lon="-122.0386180">
    <ele>144.5</ele>
    <time>2022-03-06T23:10:55Z</time>
   </trkpt>
   <trkpt lat="47.3802760" lon="-122.0386100">
    <ele>144.5</ele>
    <time>2022-03-06T23:10:56Z</time>
   </trkpt>
   <trkpt lat="47.3802790" lon="-122.0386000">
    <ele>144.6</ele>
    <time>2022-03-06T23:10:57Z</time>
   </trkpt>
   <trkpt lat="47.3802780" lon="-122.0385840">
    <ele>144.7</ele>
    <time>2022-03-06T23:10:58Z</time>
   </trkpt>
   <trkpt lat="47.3802760" lon="-122.0385670">
    <ele>144.8</ele>
    <time>2022-03-06T23:10:59Z</time>
   </trkpt>
   <trkpt lat="47.3802870" lon="-122.0385320">
    <ele>145.1</ele>
    <time>2022-03-06T23:11:00Z</time>
   </trkpt>
   <trkpt lat="47.3802950" lon="-122.0385250">
    <ele>145.2</ele>
    <time>2022-03-06T23:11:01Z</time>
   </trkpt>
   <trkpt lat="47.3803070" lon="-122.0385270">
    <ele>145.3</ele>
    <time>2022-03-06T23:11:02Z</time>
   </trkpt>
   <trkpt lat="47.3803120" lon="-122.0385300">
    <ele>145.4</ele>
    <time>2022-03-06T23:11:03Z</time>
   </trkpt>
   <trkpt lat="47.3803180" lon="-122.0385240">
    <ele>145.5</ele>
    <time>2022-03-06T23:11:04Z</time>
   </trkpt>
   <trkpt lat="47.3803270" lon="-122.0385210">
    <ele>145.7</ele>
    <time>2022-03-06T23:11:05Z</time>
   </trkpt>
   <trkpt lat="47.3803330" lon="-122.0385070">
    <ele>145.8</ele>
    <time>2022-03-06T23:11:06Z</time>
   </trkpt>
   <trkpt lat="47.3803300" lon="-122.0384920">
    <ele>146.0</ele>
    <time>2022-03-06T23:11:07Z</time>
   </trkpt>
   <trkpt lat="47.3803290" lon="-122.0384790">
    <ele>146.1</ele>
    <time>2022-03-06T23:11:08Z</time>
   </trkpt>
   <trkpt lat="47.3803330" lon="-122.0384560">
    <ele>146.4</ele>
    <time>2022-03-06T23:11:09Z</time>
   </trkpt>
   <trkpt lat="47.3803350" lon="-122.0384420">
    <ele>146.6</ele>
    <time>2022-03-06T23:11:10Z</time>
   </trkpt>
   <trkpt lat="47.3803380" lon="-122.0384270">
    <ele>146.8</ele>
    <time>2022-03-06T23:11:11Z</time>
   </trkpt>
   <trkpt lat="47.3803440" lon="-122.0384110">
    <ele>147.0</ele>
    <time>2022-03-06T23:11:12Z</time>
   </trkpt>
   <trkpt lat="47.3803560" lon="-122.0383910">
    <ele>147.4</ele>
    <time>2022-03-06T23:11:13Z</time>
   </trkpt>
   <trkpt lat="47.3803670" lon="-122.0383680">
    <ele>147.8</ele>
    <time>2022-03-06T23:11:14Z</time>
   </trkpt>
   <trkpt lat="47.3803720" lon="-122.0383560">
    <ele>148.1</ele>
    <time>2022-03-06T23:11:15Z</time>
   </trkpt>
   <trkpt lat="47.3803770" lon="-122.0383440">
    <ele>148.3</ele>
    <time>2022-03-06T23:11:16Z</time>
   </trkpt>
   <trkpt lat="47.3803810" lon="-122.0383330">
    <ele>148.5</ele>
    <time>2022-03-06T23:11:17Z</time>
   </trkpt>
   <trkpt lat="47.3803860" lon="-122.0383210">
    <ele>148.7</ele>
    <time>2022-03-06T23:11:18Z</time>
   </trkpt>
   <trkpt lat="47.3803900" lon="-122.0383090">
    <ele>148.9</ele>
    <time>2022-03-06T23:11:19Z</time>
   </trkpt>
   <trkpt lat="47.3803950" lon="-122.0382970">
    <ele>149.1</ele>
    <time>2022-03-06T23:11:20Z</time>
   </trkpt>
   <trkpt lat="47.3804020" lon="-122.0382800">
    <ele>149.4</ele>
    <time>2022-03-06T23:11:21Z</time>
   </trkpt>
   <trkpt lat="47.3804050" lon="-122.0382680">
    <ele>149.6</ele>
    <time>2022-03-06T23:11:22Z</time>
   </trkpt>
   <trkpt lat="47.3804040" lon="-122.0382480">
    <ele>149.9</ele>
    <time>2022-03-06T23:11:23Z</time>
   </trkpt>
   <trkpt lat="47.3804040" lon="-122.0382250">
    <ele>149.9</ele>
    <time>2022-03-06T23:11:24Z</time>
   </trkpt>
   <trkpt lat="47.3804010" lon="-122.0381990">
    <ele>149.9</ele>
    <time>2022-03-06T23:11:25Z</time>
   </trkpt>
   <trkpt lat="47.3803980" lon="-122.0381730">
    <ele>149.9</ele>
    <time>2022-03-06T23:11:26Z</time>
   </trkpt>
   <trkpt lat="47.3803950" lon="-122.0381600">
    <ele>150.0</ele>
    <time>2022-03-06T23:11:27Z</time>
   </trkpt>
   <trkpt lat="47.3803920" lon="-122.0381470">
    <ele>150.0</ele>
    <time>2022-03-06T23:11:28Z</time>
   </trkpt>
   <trkpt lat="47.3803860" lon="-122.0381220">
    <ele>150.0</ele>
    <time>2022-03-06T23:11:29Z</time>
   </trkpt>
   <trkpt lat="47.3803830" lon="-122.0381060">
    <ele>150.0</ele>
    <time>2022-03-06T23:11:30Z</time>
   </trkpt>
   <trkpt lat="47.3803810" lon="-122.0380830">
    <ele>150.1</ele>
    <time>2022-03-06T23:11:31Z</time>
   </trkpt>
   <trkpt lat="47.3803640" lon="-122.0380690">
    <ele>150.1</ele>
    <time>2022-03-06T23:11:32Z</time>
   </trkpt>
   <trkpt lat="47.3803580" lon="-122.0380550">
    <ele>150.1</ele>
    <time>2022-03-06T23:11:33Z</time>
   </trkpt>
   <trkpt lat="47.3803510" lon="-122.0380330">
    <ele>150.1</ele>
    <time>2022-03-06T23:11:34Z</time>
   </trkpt>
   <trkpt lat="47.3803400" lon="-122.0380150">
    <ele>150.1</ele>
    <time>2022-03-06T23:11:35Z</time>
   </trkpt>
   <trkpt lat="47.3803350" lon="-122.0379950">
    <ele>150.2</ele>
    <time>2022-03-06T23:11:36Z</time>
   </trkpt>
   <trkpt lat="47.3803330" lon="-122.0379840">
    <ele>150.2</ele>
    <time>2022-03-06T23:11:37Z</time>
   </trkpt>
   <trkpt lat="47.3803280" lon="-122.0379660">
    <ele>150.2</ele>
    <time>2022-03-06T23:11:38Z</time>
   </trkpt>
   <trkpt lat="47.3803250" lon="-122.0379530">
    <ele>150.2</ele>
    <time>2022-03-06T23:11:39Z</time>
   </trkpt>
   <trkpt lat="47.3803150" lon="-122.0379370">
    <ele>150.2</ele>
    <time>2022-03-06T23:11:40Z</time>
   </trkpt>
   <trkpt lat="47.3803080" lon="-122.0379220">
    <ele>150.2</ele>
    <time>2022-03-06T23:11:41Z</time>
   </trkpt>
   <trkpt lat="47.3803030" lon="-122.0379100">
    <ele>150.3</ele>
    <time>2022-03-06T23:11:42Z</time>
   </trkpt>
   <trkpt lat="47.3802940" lon="-122.0378970">
    <ele>150.3</ele>
    <time>2022-03-06T23:11:43Z</time>
   </trkpt>
   <trkpt lat="47.3802880" lon="-122.0378840">
    <ele>150.3</ele>
    <time>2022-03-06T23:11:44Z</time>
   </trkpt>
   <trkpt lat="47.3802780" lon="-122.0378730">
    <ele>150.3</ele>
    <time>2022-03-06T23:11:45Z</time>
   </trkpt>
   <trkpt lat="47.3802740" lon="-122.0378620">
    <ele>150.3</ele>
    <time>2022-03-06T23:11:46Z</time>
   </trkpt>
   <trkpt lat="47.3802710" lon="-122.0378420">
    <ele>150.3</ele>
    <time>2022-03-06T23:11:47Z</time>
   </trkpt>
   <trkpt lat="47.3802580" lon="-122.0378230">
    <ele>150.3</ele>
    <time>2022-03-06T23:11:48Z</time>
   </trkpt>
   <trkpt lat="47.3802550" lon="-122.0378130">
    <ele>150.3</ele>
    <time>2022-03-06T23:11:49Z</time>
   </trkpt>
   <trkpt lat="47.3802520" lon="-122.0378040">
    <ele>150.3</ele>
    <time>2022-03-06T23:11:50Z</time>
   </trkpt>
   <trkpt lat="47.3802480" lon="-122.0377950">
    <ele>150.3</ele>
    <time>2022-03-06T23:11:51Z</time>
   </trkpt>
   <trkpt lat="47.3802400" lon="-122.0377810">
    <ele>150.4</ele>
    <time>2022-03-06T23:11:52Z</time>
   </trkpt>
   <trkpt lat="47.3802320" lon="-122.0377620">
    <ele>150.4</ele>
    <time>2022-03-06T23:11:53Z</time>
   </trkpt>
   <trkpt lat="47.3802220" lon="-122.0377490">
    <ele>150.4</ele>
    <time>2022-03-06T23:11:54Z</time>
   </trkpt>
   <trkpt lat="47.3802120" lon="-122.0377370">
    <ele>150.4</ele>
    <time>2022-03-06T23:11:55Z</time>
   </trkpt>
   <trkpt lat="47.3802070" lon="-122.0377250">
    <ele>150.4</ele>
    <time>2022-03-06T23:11:56Z</time>
   </trkpt>
   <trkpt lat="47.3802010" lon="-122.0377210">
    <ele>150.4</ele>
    <time>2022-03-06T23:11:57Z</time>
   </trkpt>
   <trkpt lat="47.3802000" lon="-122.0377010">
    <ele>150.4</ele>
    <time>2022-03-06T23:11:58Z</time>
   </trkpt>
   <trkpt lat="47.3801940" lon="-122.0376790">
    <ele>150.4</ele>
    <time>2022-03-06T23:11:59Z</time>
   </trkpt>
   <trkpt lat="47.3801830" lon="-122.0376500">
    <ele>150.4</ele>
    <time>2022-03-06T23:12:00Z</time>
   </trkpt>
   <trkpt lat="47.3801810" lon="-122.0376390">
    <ele>150.4</ele>
    <time>2022-03-06T23:12:01Z</time>
   </trkpt>
   <trkpt lat="47.3801790" lon="-122.0376280">
    <ele>150.4</ele>
    <time>2022-03-06T23:12:02Z</time>
   </trkpt>
   <trkpt lat="47.3801700" lon="-122.0376070">
    <ele>150.4</ele>
    <time>2022-03-06T23:12:03Z</time>
   </trkpt>
   <trkpt lat="47.3801610" lon="-122.0375830">
    <ele>150.5</ele>
    <time>2022-03-06T23:12:04Z</time>
   </trkpt>
   <trkpt lat="47.3801450" lon="-122.0375720">
    <ele>150.5</ele>
    <time>2022-03-06T23:12:05Z</time>
   </trkpt>
   <trkpt lat="47.3801390" lon="-122.0375590">
    <ele>150.5</ele>
    <time>2022-03-06T23:12:06Z</time>
   </trkpt>
   <trkpt lat="47.3801430" lon="-122.0375380">
    <ele>150.5</ele>
    <time>2022-03-06T23:12:07Z</time>
   </trkpt>
   <trkpt lat="47.3801370" lon="-122.0375320">
    <ele>150.5</ele>
    <time>2022-03-06T23:12:08Z</time>
   </trkpt>
   <trkpt lat="47.3801260" lon="-122.0375150">
    <ele>150.5</ele>
    <time>2022-03-06T23:12:09Z</time>
   </trkpt>
   <trkpt lat="47.3801180" lon="-122.0374860">
    <ele>150.5</ele>
    <time>2022-03-06T23:12:10Z</time>
   </trkpt>
   <trkpt lat="47.3801140" lon="-122.0374750">
    <ele>150.5</ele>
    <time>2022-03-06T23:12:11Z</time>
   </trkpt>
   <trkpt lat="47.3801090" lon="-122.0374630">
    <ele>150.6</ele>
    <time>2022-03-06T23:12:12Z</time>
   </trkpt>
   <trkpt lat="47.3801050" lon="-122.0374450">
    <ele>150.6</ele>
    <time>2022-03-06T23:12:13Z</time>
   </trkpt>
   <trkpt lat="47.3800920" lon="-122.0374300">
    <ele>150.6</ele>
    <time>2022-03-06T23:12:14Z</time>
   </trkpt>
   <trkpt lat="47.3800860" lon="-122.0374130">
    <ele>150.6</ele>
    <time>2022-03-06T23:12:15Z</time>
   </trkpt>
   <trkpt lat="47.3800760" lon="-122.0374050">
    <ele>150.6</ele>
    <time>2022-03-06T23:12:16Z</time>
   </trkpt>
   <trkpt lat="47.3800690" lon="-122.0373980">
    <ele>150.6</ele>
    <time>2022-03-06T23:12:17Z</time>
   </trkpt>
   <trkpt lat="47.3800600" lon="-122.0373780">
    <ele>150.6</ele>
    <time>2022-03-06T23:12:18Z</time>
   </trkpt>
   <trkpt lat="47.3800560" lon="-122.0373660">
    <ele>150.7</ele>
    <time>2022-03-06T23:12:19Z</time>
   </trkpt>
   <trkpt lat="47.3800510" lon="-122.0373610">
    <ele>150.7</ele>
    <time>2022-03-06T23:12:20Z</time>
   </trkpt>
   <trkpt lat="47.3800440" lon="-122.0373460">
    <ele>150.7</ele>
    <time>2022-03-06T23:12:21Z</time>
   </trkpt>
   <trkpt lat="47.3800360" lon="-122.0373330">
    <ele>150.7</ele>
    <time>2022-03-06T23:12:22Z</time>
   </trkpt>
   <trkpt lat="47.3800290" lon="-122.0373230">
    <ele>150.7</ele>
    <time>2022-03-06T23:12:23Z</time>
   </trkpt>
   <trkpt lat="47.3800190" lon="-122.0373030">
    <ele>150.7</ele>
    <time>2022-03-06T23:12:24Z</time>
   </trkpt>
   <trkpt lat="47.3800170" lon="-122.0372930">
    <ele>150.7</ele>
    <time>2022-03-06T23:12:25Z</time>
   </trkpt>
   <trkpt lat="47.3800130" lon="-122.0372800">
    <ele>150.8</ele>
    <time>2022-03-06T23:12:26Z</time>
   </trkpt>
   <trkpt lat="47.3800090" lon="-122.0372750">
    <ele>150.8</ele>
    <time>2022-03-06T23:12:27Z</time>
   </trkpt>
   <trkpt lat="47.3799930" lon="-122.0372510">
    <ele>150.8</ele>
    <time>2022-03-06T23:12:28Z</time>
   </trkpt>
   <trkpt lat="47.3799850" lon="-122.0372210">
    <ele>150.8</ele>
    <time>2022-03-06T23:12:29Z</time>
   </trkpt>
   <trkpt lat="47.3799790" lon="-122.0372080">
    <ele>150.9</ele>
    <time>2022-03-06T23:12:30Z</time>
   </trkpt>
   <trkpt lat="47.3799730" lon="-122.0371950">
    <ele>150.9</ele>
    <time>2022-03-06T23:12:31Z</time>
   </trkpt>
   <trkpt lat="47.3799740" lon="-122.0371860">
    <ele>150.9</ele>
    <time>2022-03-06T23:12:32Z</time>
   </trkpt>
   <trkpt lat="47.3799710" lon="-122.0371690">
    <ele>150.9</ele>
    <time>2022-03-06T23:12:33Z</time>
   </trkpt>
   <trkpt lat="47.3799600" lon="-122.0371470">
    <ele>150.9</ele>
    <time>2022-03-06T23:12:34Z</time>
   </trkpt>
   <trkpt lat="47.3799560" lon="-122.0371340">
    <ele>150.9</ele>
    <time>2022-03-06T23:12:35Z</time>
   </trkpt>
   <trkpt lat="47.3799540" lon="-122.0371070">
    <ele>151.0</ele>
    <time>2022-03-06T23:12:36Z</time>
   </trkpt>
   <trkpt lat="47.3799500" lon="-122.0370880">
    <ele>151.0</ele>
    <time>2022-03-06T23:12:37Z</time>
   </trkpt>
   <trkpt lat="47.3799470" lon="-122.0370650">
    <ele>151.0</ele>
    <time>2022-03-06T23:12:38Z</time>
   </trkpt>
   <trkpt lat="47.3799360" lon="-122.0370500">
    <ele>151.0</ele>
    <time>2022-03-06T23:12:39Z</time>
   </trkpt>
   <trkpt lat="47.3799190" lon="-122.0370380">
    <ele>151.1</ele>
    <time>2022-03-06T23:12:40Z</time>
   </trkpt>
   <trkpt lat="47.3799060" lon="-122.0370240">
    <ele>151.1</ele>
    <time>2022-03-06T23:12:41Z</time>
   </trkpt>
   <trkpt lat="47.3798910" lon="-122.0370100">
    <ele>151.1</ele>
    <time>2022-03-06T23:12:42Z</time>
   </trkpt>
   <trkpt lat="47.3798790" lon="-122.0369930">
    <ele>151.1</ele>
    <time>2022-03-06T23:12:43Z</time>
   </trkpt>
   <trkpt lat="47.3798760" lon="-122.0369870">
    <ele>151.1</ele>
    <time>2022-03-06T23:12:44Z</time>
   </trkpt>
   <trkpt lat="47.3798660" lon="-122.0369730">
    <ele>151.2</ele>
    <time>2022-03-06T23:12:45Z</time>
   </trkpt>
   <trkpt lat="47.3798530" lon="-122.0369490">
    <ele>151.2</ele>
    <time>2022-03-06T23:12:46Z</time>
   </trkpt>
   <trkpt lat="47.3798480" lon="-122.0369390">
    <ele>151.2</ele>
    <time>2022-03-06T23:12:47Z</time>
   </trkpt>
   <trkpt lat="47.3798430" lon="-122.0369290">
    <ele>151.2</ele>
    <time>2022-03-06T23:12:48Z</time>
   </trkpt>
   <trkpt lat="47.3798280" lon="-122.0369080">
    <ele>151.2</ele>
    <time>2022-03-06T23:12:49Z</time>
   </trkpt>
   <trkpt lat="47.3798170" lon="-122.0368950">
    <ele>151.3</ele>
    <time>2022-03-06T23:12:50Z</time>
   </trkpt>
   <trkpt lat="47.3798020" lon="-122.0368770">
    <ele>151.3</ele>
    <time>2022-03-06T23:12:51Z</time>
   </trkpt>
   <trkpt lat="47.3797960" lon="-122.0368690">
    <ele>151.3</ele>
    <time>2022-03-06T23:12:52Z</time>
   </trkpt>
   <trkpt lat="47.3797900" lon="-122.0368600">
    <ele>151.3</ele>
    <time>2022-03-06T23:12:53Z</time>
   </trkpt>
   <trkpt lat="47.3797830" lon="-122.0368500">
    <ele>151.3</ele>
    <time>2022-03-06T23:12:54Z</time>
   </trkpt>
   <trkpt lat="47.3797760" lon="-122.0368390">
    <ele>151.3</ele>
    <time>2022-03-06T23:12:55Z</time>
   </trkpt>
   <trkpt lat="47.3797670" lon="-122.0368220">
    <ele>151.4</ele>
    <time>2022-03-06T23:12:56Z</time>
   </trkpt>
   <trkpt lat="47.3797520" lon="-122.0368090">
    <ele>151.4</ele>
    <time>2022-03-06T23:12:57Z</time>
   </trkpt>
   <trkpt lat="47.3797390" lon="-122.0367980">
    <ele>151.4</ele>
    <time>2022-03-06T23:12:58Z</time>
   </trkpt>
   <trkpt lat="47.3797330" lon="-122.0367950">
    <ele>151.4</ele>
    <time>2022-03-06T23:12:59Z</time>
   </trkpt>
   <trkpt lat="47.3797320" lon="-122.0367900">
    <ele>151.4</ele>
    <time>2022-03-06T23:13:00Z</time>
   </trkpt>
   <trkpt lat="47.3797240" lon="-122.0367930">
    <ele>151.4</ele>
    <time>2022-03-06T23:13:01Z</time>
   </trkpt>
   <trkpt lat="47.3797150" lon="-122.0367760">
    <ele>151.4</ele>
    <time>2022-03-06T23:13:02Z</time>
   </trkpt>
   <trkpt lat="47.3797070" lon="-122.0367540">
    <ele>151.5</ele>
    <time>2022-03-06T23:13:03Z</time>
   </trkpt>
   <trkpt lat="47.3796930" lon="-122.0367380">
    <ele>151.5</ele>
    <time>2022-03-06T23:13:04Z</time>
   </trkpt>
   <trkpt lat="47.3796840" lon="-122.0367300">
    <ele>151.5</ele>
    <time>2022-03-06T23:13:05Z</time>
   </trkpt>
   <trkpt lat="47.3796800" lon="-122.0367250">
    <ele>151.5</ele>
    <time>2022-03-06T23:13:06Z</time>
   </trkpt>
   <trkpt lat="47.3796690" lon="-122.0367160">
    <ele>151.5</ele>
    <time>2022-03-06T23:13:07Z</time>
   </trkpt>
   <trkpt lat="47.3796590" lon="-122.0367060">
    <ele>151.5</ele>
    <time>2022-03-06T23:13:08Z</time>
   </trkpt>
   <trkpt lat="47.3796480" lon="-122.0366940">
    <ele>151.5</ele>
    <time>2022-03-06T23:13:09Z</time>
   </trkpt>
   <trkpt lat="47.3796410" lon="-122.0366890">
    <ele>151.5</ele>
    <time>2022-03-06T23:13:10Z</time>
   </trkpt>
   <trkpt lat="47.3796350" lon="-122.0366750">
    <ele>151.5</ele>
    <time>2022-03-06T23:13:11Z</time>
   </trkpt>
   <trkpt lat="47.3796250" lon="-122.0366660">
    <ele>151.6</ele>
    <time>2022-03-06T23:13:12Z</time>
   </trkpt>
   <trkpt lat="47.3796150" lon="-122.0366550">
    <ele>151.6</ele>
    <time>2022-03-06T23:13:13Z</time>
   </trkpt>
   <trkpt lat="47.3796050" lon="-122.0366460">
    <ele>151.6</ele>
    <time>2022-03-06T23:13:14Z</time>
   </trkpt>
   <trkpt lat="47.3795950" lon="-122.0366370">
    <ele>151.6</ele>
    <time>2022-03-06T23:13:15Z</time>
   </trkpt>
   <trkpt lat="47.3795940" lon="-122.0366290">
    <ele>151.6</ele>
    <time>2022-03-06T23:13:16Z</time>
   </trkpt>
   <trkpt lat="47.3795820" lon="-122.0366110">
    <ele>151.6</ele>
    <time>2022-03-06T23:13:17Z</time>
   </trkpt>
   <trkpt lat="47.3795770" lon="-122.0366000">
    <ele>151.6</ele>
    <time>2022-03-06T23:13:18Z</time>
   </trkpt>
   <trkpt lat="47.3795720" lon="-122.0365890">
    <ele>151.6</ele>
    <time>2022-03-06T23:13:19Z</time>
   </trkpt>
   <trkpt lat="47.3795670" lon="-122.0365780">
    <ele>151.6</ele>
    <time>2022-03-06T23:13:20Z</time>
   </trkpt>
   <trkpt lat="47.3795610" lon="-122.0365500">
    <ele>151.7</ele>
    <time>2022-03-06T23:13:21Z</time>
   </trkpt>
   <trkpt lat="47.3795540" lon="-122.0365400">
    <ele>151.7</ele>
    <time>2022-03-06T23:13:22Z</time>
   </trkpt>
   <trkpt lat="47.3795520" lon="-122.0365270">
    <ele>151.7</ele>
    <time>2022-03-06T23:13:23Z</time>
   </trkpt>
   <trkpt lat="47.3795450" lon="-122.0365110">
    <ele>151.7</ele>
    <time>2022-03-06T23:13:24Z</time>
   </trkpt>
   <trkpt lat="47.3795380" lon="-122.0364970">
    <ele>151.7</ele>
    <time>2022-03-06T23:13:25Z</time>
   </trkpt>
   <trkpt lat="47.3795300" lon="-122.0364830">
    <ele>151.7</ele>
    <time>2022-03-06T23:13:26Z</time>
   </trkpt>
   <trkpt lat="47.3795210" lon="-122.0364670">
    <ele>151.7</ele>
    <time>2022-03-06T23:13:27Z</time>
   </trkpt>
   <trkpt lat="47.3795180" lon="-122.0364600">
    <ele>151.7</ele>
    <time>2022-03-06T23:13:28Z</time>
   </trkpt>
   <trkpt lat="47.3795200" lon="-122.0364530">
    <ele>151.7</ele>
    <time>2022-03-06T23:13:29Z</time>
   </trkpt>
   <trkpt lat="47.3795110" lon="-122.0364410">
    <ele>151.8</ele>
    <time>2022-03-06T23:13:30Z</time>
   </trkpt>
   <trkpt lat="47.3795020" lon="-122.0364260">
    <ele>151.8</ele>
    <time>2022-03-06T23:13:31Z</time>
   </trkpt>
   <trkpt lat="47.3794810" lon="-122.0364090">
    <ele>151.8</ele>
    <time>2022-03-06T23:13:32Z</time>
   </trkpt>
   <trkpt lat="47.3794740" lon="-122.0364020">
    <ele>151.8</ele>
    <time>2022-03-06T23:13:33Z</time>
   </trkpt>
   <trkpt lat="47.3794630" lon="-122.0363970">
    <ele>151.8</ele>
    <time>2022-03-06T23:13:34Z</time>
   </trkpt>
   <trkpt lat="47.3794570" lon="-122.0363880">
    <ele>151.8</ele>
    <time>2022-03-06T23:13:35Z</time>
   </trkpt>
   <trkpt lat="47.3794470" lon="-122.0363810">
    <ele>151.8</ele>
    <time>2022-03-06T23:13:36Z</time>
   </trkpt>
   <trkpt lat="47.3794300" lon="-122.0363600">
    <ele>151.8</ele>
    <time>2022-03-06T23:13:37Z</time>
   </trkpt>
   <trkpt lat="47.3794250" lon="-122.0363520">
    <ele>151.9</ele>
    <time>2022-03-06T23:13:38Z</time>
   </trkpt>
   <trkpt lat="47.3794200" lon="-122.0363430">
    <ele>151.9</ele>
    <time>2022-03-06T23:13:39Z</time>
   </trkpt>
   <trkpt lat="47.3794140" lon="-122.0363350">
    <ele>151.9</ele>
    <time>2022-03-06T23:13:40Z</time>
   </trkpt>
   <trkpt lat="47.3793950" lon="-122.0363070">
    <ele>151.9</ele>
    <time>2022-03-06T23:13:41Z</time>
   </trkpt>
   <trkpt lat="47.3793730" lon="-122.0362880">
    <ele>151.9</ele>
    <time>2022-03-06T23:13:42Z</time>
   </trkpt>
   <trkpt lat="47.3793610" lon="-122.0362780">
    <ele>152.0</ele>
    <time>2022-03-06T23:13:43Z</time>
   </trkpt>
   <trkpt lat="47.3793550" lon="-122.0362630">
    <ele>152.0</ele>
    <time>2022-03-06T23:13:44Z</time>
   </trkpt>
   <trkpt lat="47.3793400" lon="-122.0362500">
    <ele>152.0</ele>
    <time>2022-03-06T23:13:45Z</time>
   </trkpt>
   <trkpt lat="47.3793240" lon="-122.0362320">
    <ele>152.0</ele>
    <time>2022-03-06T23:13:46Z</time>
   </trkpt>
   <trkpt lat="47.3793170" lon="-122.0362220">
    <ele>152.0</ele>
    <time>2022-03-06T23:13:47Z</time>
   </trkpt>
   <trkpt lat="47.3793100" lon="-122.0362130">
    <ele>152.1</ele>
    <time>2022-03-06T23:13:48Z</time>
   </trkpt>
   <trkpt lat="47.3793000" lon="-122.0362140">
    <ele>152.1</ele>
    <time>2022-03-06T23:13:49Z</time>
   </trkpt>
   <trkpt lat="47.3792910" lon="-122.0361970">
    <ele>152.1</ele>
    <time>2022-03-06T23:13:50Z</time>
   </trkpt>
   <trkpt lat="47.3792810" lon="-122.0361870">
    <ele>152.1</ele>
    <time>2022-03-06T23:13:51Z</time>
   </trkpt>
   <trkpt lat="47.3792680" lon="-122.0361600">
    <ele>152.2</ele>
    <time>2022-03-06T23:13:52Z</time>
   </trkpt>
   <trkpt lat="47.3792610" lon="-122.0361460">
    <ele>152.2</ele>
    <time>2022-03-06T23:13:53Z</time>
   </trkpt>
   <trkpt lat="47.3792540" lon="-122.0361330">
    <ele>152.2</ele>
    <time>2022-03-06T23:13:54Z</time>
   </trkpt>
   <trkpt lat="47.3792350" lon="-122.0361190">
    <ele>152.2</ele>
    <time>2022-03-06T23:13:55Z</time>
   </trkpt>
   <trkpt lat="47.3792230" lon="-122.0361080">
    <ele>152.2</ele>
    <time>2022-03-06T23:13:56Z</time>
   </trkpt>
   <trkpt lat="47.3792140" lon="-122.0360950">
    <ele>152.3</ele>
    <time>2022-03-06T23:13:57Z</time>
   </trkpt>
   <trkpt lat="47.3792030" lon="-122.0360830">
    <ele>152.3</ele>
    <time>2022-03-06T23:13:58Z</time>
   </trkpt>
   <trkpt lat="47.3791960" lon="-122.0360770">
    <ele>152.3</ele>
    <time>2022-03-06T23:13:59Z</time>
   </trkpt>
   <trkpt lat="47.3791840" lon="-122.0360630">
    <ele>152.3</ele>
    <time>2022-03-06T23:14:00Z</time>
   </trkpt>
   <trkpt lat="47.3791740" lon="-122.0360600">
    <ele>152.3</ele>
    <time>2022-03-06T23:14:01Z</time>
   </trkpt>
   <trkpt lat="47.3791660" lon="-122.0360500">
    <ele>152.3</ele>
    <time>2022-03-06T23:14:02Z</time>
   </trkpt>
   <trkpt lat="47.3791600" lon="-122.0360350">
    <ele>152.4</ele>
    <time>2022-03-06T23:14:03Z</time>
   </trkpt>
   <trkpt lat="47.3791500" lon="-122.0360290">
    <ele>152.4</ele>
    <time>2022-03-06T23:14:04Z</time>
   </trkpt>
   <trkpt lat="47.3791400" lon="-122.0360170">
    <ele>152.4</ele>
    <time>2022-03-06T23:14:05Z</time>
   </trkpt>
   <trkpt lat="47.3791220" lon="-122.0360040">
    <ele>152.4</ele>
    <time>2022-03-06T23:14:06Z</time>
   </trkpt>
   <trkpt lat="47.3791140" lon="-122.0359970">
    <ele>152.4</ele>
    <time>2022-03-06T23:14:07Z</time>
   </trkpt>
   <trkpt lat="47.3791070" lon="-122.0359900">
    <ele>152.5</ele>
    <time>2022-03-06T23:14:08Z</time>
   </trkpt>
   <trkpt lat="47.3790950" lon="-122.0359700">
    <ele>152.5</ele>
    <time>2022-03-06T23:14:09Z</time>
   </trkpt>
   <trkpt lat="47.3790870" lon="-122.0359630">
    <ele>152.5</ele>
    <time>2022-03-06T23:14:10Z</time>
   </trkpt>
   <trkpt lat="47.3790780" lon="-122.0359570">
    <ele>152.5</ele>
    <time>2022-03-06T23:14:11Z</time>
   </trkpt>
   <trkpt lat="47.3790630" lon="-122.0359410">
    <ele>152.5</ele>
    <time>2022-03-06T23:14:12Z</time>
   </trkpt>
   <trkpt lat="47.3790550" lon="-122.0359300">
    <ele>152.6</ele>
    <time>2022-03-06T23:14:13Z</time>
   </trkpt>
   <trkpt lat="47.3790480" lon="-122.0359190">
    <ele>152.6</ele>
    <time>2022-03-06T23:14:14Z</time>
   </trkpt>
   <trkpt lat="47.3790320" lon="-122.0359010">
    <ele>152.6</ele>
    <time>2022-03-06T23:14:15Z</time>
   </trkpt>
   <trkpt lat="47.3790250" lon="-122.0358940">
    <ele>152.6</ele>
    <time>2022-03-06T23:14:16Z</time>
   </trkpt>
   <trkpt lat="47.3790180" lon="-122.0358870">
    <ele>152.7</ele>
    <time>2022-03-06T23:14:17Z</time>
   </trkpt>
   <trkpt lat="47.3790070" lon="-122.0358790">
    <ele>152.7</ele>
    <time>2022-03-06T23:14:18Z</time>
   </trkpt>
   <trkpt lat="47.3790010" lon="-122.0358660">
    <ele>152.7</ele>
    <time>2022-03-06T23:14:19Z</time>
   </trkpt>
   <trkpt lat="47.3789930" lon="-122.0358490">
    <ele>152.7</ele>
    <time>2022-03-06T23:14:20Z</time>
   </trkpt>
   <trkpt lat="47.3789770" lon="-122.0358270">
    <ele>152.8</ele>
    <time>2022-03-06T23:14:21Z</time>
   </trkpt>
   <trkpt lat="47.3789710" lon="-122.0358170">
    <ele>152.8</ele>
    <time>2022-03-06T23:14:22Z</time>
   </trkpt>
   <trkpt lat="47.3789650" lon="-122.0358070">
    <ele>152.8</ele>
    <time>2022-03-06T23:14:23Z</time>
   </trkpt>
   <trkpt lat="47.3789570" lon="-122.0357950">
    <ele>152.8</ele>
    <time>2022-03-06T23:14:24Z</time>
   </trkpt>
   <trkpt lat="47.3789480" lon="-122.0357890">
    <ele>152.9</ele>
    <time>2022-03-06T23:14:25Z</time>
   </trkpt>
   <trkpt lat="47.3789360" lon="-122.0357760">
    <ele>152.9</ele>
    <time>2022-03-06T23:14:26Z</time>
   </trkpt>
   <trkpt lat="47.3789190" lon="-122.0357620">
    <ele>152.9</ele>
    <time>2022-03-06T23:14:27Z</time>
   </trkpt>
   <trkpt lat="47.3789110" lon="-122.0357530">
    <ele>153.0</ele>
    <time>2022-03-06T23:14:28Z</time>
   </trkpt>
   <trkpt lat="47.3789030" lon="-122.0357440">
    <ele>153.0</ele>
    <time>2022-03-06T23:14:29Z</time>
   </trkpt>
   <trkpt lat="47.3788800" lon="-122.0357230">
    <ele>153.0</ele>
    <time>2022-03-06T23:14:30Z</time>
   </trkpt>
   <trkpt lat="47.3788720" lon="-122.0357160">
    <ele>153.1</ele>
    <time>2022-03-06T23:14:31Z</time>
   </trkpt>
   <trkpt lat="47.3788660" lon="-122.0357040">
    <ele>153.1</ele>
    <time>2022-03-06T23:14:32Z</time>
   </trkpt>
   <trkpt lat="47.3788550" lon="-122.0357030">
    <ele>153.1</ele>
    <time>2022-03-06T23:14:33Z</time>
   </trkpt>
   <trkpt lat="47.3788500" lon="-122.0357000">
    <ele>153.1</ele>
    <time>2022-03-06T23:14:34Z</time>
   </trkpt>
   <trkpt lat="47.3788440" lon="-122.0356890">
    <ele>153.1</ele>
    <time>2022-03-06T23:14:35Z</time>
   </trkpt>
   <trkpt lat="47.3788460" lon="-122.0356780">
    <ele>153.1</ele>
    <time>2022-03-06T23:14:36Z</time>
   </trkpt>
   <trkpt lat="47.3788470" lon="-122.0356770">
    <ele>153.1</ele>
    <time>2022-03-06T23:14:37Z</time>
   </trkpt>
   <trkpt lat="47.3788470" lon="-122.0356660">
    <ele>153.1</ele>
    <time>2022-03-06T23:14:38Z</time>
   </trkpt>
   <trkpt lat="47.3788380" lon="-122.0356560">
    <ele>153.2</ele>
    <time>2022-03-06T23:14:39Z</time>
   </trkpt>
   <trkpt lat="47.3788280" lon="-122.0356420">
    <ele>153.2</ele>
    <time>2022-03-06T23:14:40Z</time>
   </trkpt>
   <trkpt lat="47.3788120" lon="-122.0356190">
    <ele>153.2</ele>
    <time>2022-03-06T23:14:41Z</time>
   </trkpt>
   <trkpt lat="47.3788030" lon="-122.0356100">
    <ele>153.2</ele>
    <time>2022-03-06T23:14:42Z</time>
   </trkpt>
   <trkpt lat="47.3787940" lon="-122.0356010">
    <ele>153.2</ele>
    <time>2022-03-06T23:14:43Z</time>
   </trkpt>
   <trkpt lat="47.3787690" lon="-122.0355830">
    <ele>153.3</ele>
    <time>2022-03-06T23:14:44Z</time>
   </trkpt>
   <trkpt lat="47.3787610" lon="-122.0355730">
    <ele>153.3</ele>
    <time>2022-03-06T23:14:45Z</time>
   </trkpt>
   <trkpt lat="47.3787520" lon="-122.0355710">
    <ele>153.3</ele>
    <time>2022-03-06T23:14:46Z</time>
   </trkpt>
   <trkpt lat="47.3787470" lon="-122.0355580">
    <ele>153.3</ele>
    <time>2022-03-06T23:14:47Z</time>
   </trkpt>
   <trkpt lat="47.3787350" lon="-122.0355560">
    <ele>153.3</ele>
    <time>2022-03-06T23:14:48Z</time>
   </trkpt>
   <trkpt lat="47.3787240" lon="-122.0355430">
    <ele>153.3</ele>
    <time>2022-03-06T23:14:49Z</time>
   </trkpt>
   <trkpt lat="47.3787080" lon="-122.0355310">
    <ele>153.3</ele>
    <time>2022-03-06T23:14:50Z</time>
   </trkpt>
   <trkpt lat="47.3786870" lon="-122.0355190">
    <ele>153.4</ele>
    <time>2022-03-06T23:14:51Z</time>
   </trkpt>
   <trkpt lat="47.3786800" lon="-122.0355160">
    <ele>153.4</ele>
    <time>2022-03-06T23:14:52Z</time>
   </trkpt>
   <trkpt lat="47.3786720" lon="-122.0355120">
    <ele>153.4</ele>
    <time>2022-03-06T23:14:53Z</time>
   </trkpt>
   <trkpt lat="47.3786550" lon="-122.0354930">
    <ele>153.4</ele>
    <time>2022-03-06T23:14:54Z</time>
   </trkpt>
   <trkpt lat="47.3786480" lon="-122.0354830">
    <ele>153.4</ele>
    <time>2022-03-06T23:14:55Z</time>
   </trkpt>
   <trkpt lat="47.3786420" lon="-122.0354720">
    <ele>153.4</ele>
    <time>2022-03-06T23:14:56Z</time>
   </trkpt>
   <trkpt lat="47.3786350" lon="-122.0354610">
    <ele>153.4</ele>
    <time>2022-03-06T23:14:57Z</time>
   </trkpt>
   <trkpt lat="47.3786180" lon="-122.0354390">
    <ele>153.4</ele>
    <time>2022-03-06T23:14:58Z</time>
   </trkpt>
   <trkpt lat="47.3786130" lon="-122.0354330">
    <ele>153.4</ele>
    <time>2022-03-06T23:14:59Z</time>
   </trkpt>
   <trkpt lat="47.3786070" lon="-122.0354270">
    <ele>153.4</ele>
    <time>2022-03-06T23:15:00Z</time>
   </trkpt>
   <trkpt lat="47.3785920" lon="-122.0354140">
    <ele>153.5</ele>
    <time>2022-03-06T23:15:01Z</time>
   </trkpt>
   <trkpt lat="47.3785850" lon="-122.0354040">
    <ele>153.5</ele>
    <time>2022-03-06T23:15:02Z</time>
   </trkpt>
   <trkpt lat="47.3785620" lon="-122.0353990">
    <ele>153.5</ele>
    <time>2022-03-06T23:15:03Z</time>
   </trkpt>
   <trkpt lat="47.3785540" lon="-122.0353960">
    <ele>153.5</ele>
    <time>2022-03-06T23:15:04Z</time>
   </trkpt>
   <trkpt lat="47.3785460" lon="-122.0353920">
    <ele>153.5</ele>
    <time>2022-03-06T23:15:05Z</time>
   </trkpt>
   <trkpt lat="47.3785390" lon="-122.0353900">
    <ele>153.5</ele>
    <time>2022-03-06T23:15:06Z</time>
   </trkpt>
   <trkpt lat="47.3785280" lon="-122.0353850">
    <ele>153.5</ele>
    <time>2022-03-06T23:15:07Z</time>
   </trkpt>
   <trkpt lat="47.3785170" lon="-122.0353800">
    <ele>153.6</ele>
    <time>2022-03-06T23:15:08Z</time>
   </trkpt>
   <trkpt lat="47.3785030" lon="-122.0353610">
    <ele>153.6</ele>
    <time>2022-03-06T23:15:09Z</time>
   </trkpt>
   <trkpt lat="47.3784970" lon="-122.0353520">
    <ele>153.6</ele>
    <time>2022-03-06T23:15:10Z</time>
   </trkpt>
   <trkpt lat="47.3784910" lon="-122.0353430">
    <ele>153.6</ele>
    <time>2022-03-06T23:15:11Z</time>
   </trkpt>
   <trkpt lat="47.3784810" lon="-122.0353300">
    <ele>153.6</ele>
    <time>2022-03-06T23:15:12Z</time>
   </trkpt>
   <trkpt lat="47.3784750" lon="-122.0353180">
    <ele>153.6</ele>
    <time>2022-03-06T23:15:13Z</time>
   </trkpt>
   <trkpt lat="47.3784710" lon="-122.0353120">
    <ele>153.6</ele>
    <time>2022-03-06T23:15:14Z</time>
   </trkpt>
   <trkpt lat="47.3784540" lon="-122.0353030">
    <ele>153.7</ele>
    <time>2022-03-06T23:15:15Z</time>
   </trkpt>
   <trkpt lat="47.3784430" lon="-122.0352950">
    <ele>153.7</ele>
    <time>2022-03-06T23:15:16Z</time>
   </trkpt>
   <trkpt lat="47.3784330" lon="-122.0352880">
    <ele>153.7</ele>
    <time>2022-03-06T23:15:17Z</time>
   </trkpt>
   <trkpt lat="47.3784220" lon="-122.0352810">
    <ele>153.7</ele>
    <time>2022-03-06T23:15:18Z</time>
   </trkpt>
   <trkpt lat="47.3784110" lon="-122.0352740">
    <ele>153.7</ele>
    <time>2022-03-06T23:15:19Z</time>
   </trkpt>
   <trkpt lat="47.3783930" lon="-122.0352640">
    <ele>153.7</ele>
    <time>2022-03-06T23:15:20Z</time>
   </trkpt>
   <trkpt lat="47.3783880" lon="-122.0352570">
    <ele>153.7</ele>
    <time>2022-03-06T23:15:21Z</time>
   </trkpt>
   <trkpt lat="47.3783840" lon="-122.0352510">
    <ele>153.7</ele>
    <time>2022-03-06T23:15:22Z</time>
   </trkpt>
   <trkpt lat="47.3783800" lon="-122.0352440">
    <ele>153.7</ele>
    <time>2022-03-06T23:15:23Z</time>
   </trkpt>
   <trkpt lat="47.3783760" lon="-122.0352380">
    <ele>153.7</ele>
    <time>2022-03-06T23:15:24Z</time>
   </trkpt>
   <trkpt lat="47.3783710" lon="-122.0352300">
    <ele>153.8</ele>
    <time>2022-03-06T23:15:25Z</time>
   </trkpt>
   <trkpt lat="47.3783590" lon="-122.0352220">
    <ele>153.8</ele>
    <time>2022-03-06T23:15:26Z</time>
   </trkpt>
   <trkpt lat="47.3783520" lon="-122.0352150">
    <ele>153.8</ele>
    <time>2022-03-06T23:15:27Z</time>
   </trkpt>
   <trkpt lat="47.3783430" lon="-122.0352120">
    <ele>153.8</ele>
    <time>2022-03-06T23:15:28Z</time>
   </trkpt>
   <trkpt lat="47.3783340" lon="-122.0352080">
    <ele>153.8</ele>
    <time>2022-03-06T23:15:29Z</time>
   </trkpt>
   <trkpt lat="47.3783270" lon="-122.0352010">
    <ele>153.8</ele>
    <time>2022-03-06T23:15:30Z</time>
   </trkpt>
   <trkpt lat="47.3783210" lon="-122.0351960">
    <ele>153.8</ele>
    <time>2022-03-06T23:15:31Z</time>
   </trkpt>
   <trkpt lat="47.3783070" lon="-122.0351820">
    <ele>153.8</ele>
    <time>2022-03-06T23:15:32Z</time>
   </trkpt>
   <trkpt lat="47.3783070" lon="-122.0351770">
    <ele>153.8</ele>
    <time>2022-03-06T23:15:33Z</time>
   </trkpt>
   <trkpt lat="47.3782950" lon="-122.0351670">
    <ele>153.8</ele>
    <time>2022-03-06T23:15:34Z</time>
   </trkpt>
   <trkpt lat="47.3782750" lon="-122.0351610">
    <ele>153.9</ele>
    <time>2022-03-06T23:15:35Z</time>
   </trkpt>
   <trkpt lat="47.3782660" lon="-122.0351620">
    <ele>153.9</ele>
    <time>2022-03-06T23:15:36Z</time>
   </trkpt>
   <trkpt lat="47.3782580" lon="-122.0351620">
    <ele>153.9</ele>
    <time>2022-03-06T23:15:37Z</time>
   </trkpt>
   <trkpt lat="47.3782310" lon="-122.0351470">
    <ele>153.9</ele>
    <time>2022-03-06T23:15:38Z</time>
   </trkpt>
   <trkpt lat="47.3782200" lon="-122.0351410">
    <ele>153.9</ele>
    <time>2022-03-06T23:15:39Z</time>
   </trkpt>
   <trkpt lat="47.3782170" lon="-122.0351360">
    <ele>153.9</ele>
    <time>2022-03-06T23:15:40Z</time>
   </trkpt>
   <trkpt lat="47.3782040" lon="-122.0351280">
    <ele>153.9</ele>
    <time>2022-03-06T23:15:41Z</time>
   </trkpt>
   <trkpt lat="47.3781930" lon="-122.0351220">
    <ele>154.0</ele>
    <time>2022-03-06T23:15:42Z</time>
   </trkpt>
   <trkpt lat="47.3781810" lon="-122.0351030">
    <ele>154.0</ele>
    <time>2022-03-06T23:15:43Z</time>
   </trkpt>
   <trkpt lat="47.3781720" lon="-122.0350850">
    <ele>154.0</ele>
    <time>2022-03-06T23:15:44Z</time>
   </trkpt>
   <trkpt lat="47.3781540" lon="-122.0350700">
    <ele>154.0</ele>
    <time>2022-03-06T23:15:45Z</time>
   </trkpt>
   <trkpt lat="47.3781480" lon="-122.0350590">
    <ele>154.0</ele>
    <time>2022-03-06T23:15:46Z</time>
   </trkpt>
   <trkpt lat="47.3781430" lon="-122.0350440">
    <ele>154.0</ele>
    <time>2022-03-06T23:15:47Z</time>
   </trkpt>
   <trkpt lat="47.3781380" lon="-122.0350390">
    <ele>154.0</ele>
    <time>2022-03-06T23:15:48Z</time>
   </trkpt>
   <trkpt lat="47.3781260" lon="-122.0350290">
    <ele>154.1</ele>
    <time>2022-03-06T23:15:49Z</time>
   </trkpt>
   <trkpt lat="47.3781130" lon="-122.0350200">
    <ele>154.1</ele>
    <time>2022-03-06T23:15:50Z</time>
   </trkpt>
   <trkpt lat="47.3780980" lon="-122.0350070">
    <ele>154.1</ele>
    <time>2022-03-06T23:15:51Z</time>
   </trkpt>
   <trkpt lat="47.3780890" lon="-122.0349930">
    <ele>154.1</ele>
    <time>2022-03-06T23:15:52Z</time>
   </trkpt>
   <trkpt lat="47.3780850" lon="-122.0349870">
    <ele>154.1</ele>
    <time>2022-03-06T23:15:53Z</time>
   </trkpt>
   <trkpt lat="47.3780800" lon="-122.0349810">
    <ele>154.1</ele>
    <time>2022-03-06T23:15:54Z</time>
   </trkpt>
   <trkpt lat="47.3780750" lon="-122.0349750">
    <ele>154.1</ele>
    <time>2022-03-06T23:15:55Z</time>
   </trkpt>
   <trkpt lat="47.3780700" lon="-122.0349690">
    <ele>154.1</ele>
    <time>2022-03-06T23:15:56Z</time>
   </trkpt>
   <trkpt lat="47.3780600" lon="-122.0349550">
    <ele>154.1</ele>
    <time>2022-03-06T23:15:57Z</time>
   </trkpt>
   <trkpt lat="47.3780490" lon="-122.0349390">
    <ele>154.2</ele>
    <time>2022-03-06T23:15:58Z</time>
   </trkpt>
   <trkpt lat="47.3780460" lon="-122.0349360">
    <ele>154.2</ele>
    <time>2022-03-06T23:15:59Z</time>
   </trkpt>
   <trkpt lat="47.3780350" lon="-122.0349300">
    <ele>154.2</ele>
    <time>2022-03-06T23:16:00Z</time>
   </trkpt>
   <trkpt lat="47.3780310" lon="-122.0349210">
    <ele>154.2</ele>
    <time>2022-03-06T23:16:01Z</time>
   </trkpt>
   <trkpt lat="47.3780220" lon="-122.0349210">
    <ele>154.2</ele>
    <time>2022-03-06T23:16:02Z</time>
   </trkpt>
   <trkpt lat="47.3780060" lon="-122.0349110">
    <ele>154.2</ele>
    <time>2022-03-06T23:16:03Z</time>
   </trkpt>
   <trkpt lat="47.3779960" lon="-122.0349040">
    <ele>154.2</ele>
    <time>2022-03-06T23:16:04Z</time>
   </trkpt>
   <trkpt lat="47.3779860" lon="-122.0348970">
    <ele>154.3</ele>
    <time>2022-03-06T23:16:05Z</time>
   </trkpt>
   <trkpt lat="47.3779760" lon="-122.0348890">
    <ele>154.3</ele>
    <time>2022-03-06T23:16:06Z</time>
   </trkpt>
   <trkpt lat="47.3779710" lon="-122.0348870">
    <ele>154.3</ele>
    <time>2022-03-06T23:16:07Z</time>
   </trkpt>
   <trkpt lat="47.3779710" lon="-122.0348800">
    <ele>154.3</ele>
    <time>2022-03-06T23:16:08Z</time>
   </trkpt>
   <trkpt lat="47.3779680" lon="-122.0348760">
    <ele>154.3</ele>
    <time>2022-03-06T23:16:09Z</time>
   </trkpt>
   <trkpt lat="47.3779590" lon="-122.0348720">
    <ele>154.3</ele>
    <time>2022-03-06T23:16:10Z</time>
   </trkpt>
   <trkpt lat="47.3779500" lon="-122.0348630">
    <ele>154.3</ele>
    <time>2022-03-06T23:16:11Z</time>
   </trkpt>
   <trkpt lat="47.3779420" lon="-122.0348530">
    <ele>154.3</ele>
    <time>2022-03-06T23:16:12Z</time>
   </trkpt>
   <trkpt lat="47.3779310" lon="-122.0348390">
    <ele>154.4</ele>
    <time>2022-03-06T23:16:13Z</time>
   </trkpt>
   <trkpt lat="47.3779220" lon="-122.0348260">
    <ele>154.4</ele>
    <time>2022-03-06T23:16:14Z</time>
   </trkpt>
   <trkpt lat="47.3779080" lon="-122.0348080">
    <ele>154.4</ele>
    <time>2022-03-06T23:16:15Z</time>
   </trkpt>
   <trkpt lat="47.3778910" lon="-122.0347950">
    <ele>154.4</ele>
    <time>2022-03-06T23:16:16Z</time>
   </trkpt>
   <trkpt lat="47.3778810" lon="-122.0347870">
    <ele>154.4</ele>
    <time>2022-03-06T23:16:17Z</time>
   </trkpt>
   <trkpt lat="47.3778700" lon="-122.0347790">
    <ele>154.5</ele>
    <time>2022-03-06T23:16:18Z</time>
   </trkpt>
   <trkpt lat="47.3778600" lon="-122.0347720">
    <ele>154.5</ele>
    <time>2022-03-06T23:16:19Z</time>
   </trkpt>
   <trkpt lat="47.3778450" lon="-122.0347650">
    <ele>154.5</ele>
    <time>2022-03-06T23:16:20Z</time>
   </trkpt>
   <trkpt lat="47.3778310" lon="-122.0347610">
    <ele>154.5</ele>
    <time>2022-03-06T23:16:21Z</time>
   </trkpt>
   <trkpt lat="47.3778200" lon="-122.0347490">
    <ele>154.6</ele>
    <time>2022-03-06T23:16:22Z</time>
   </trkpt>
   <trkpt lat="47.3778020" lon="-122.0347340">
    <ele>154.6</ele>
    <time>2022-03-06T23:16:23Z</time>
   </trkpt>
   <trkpt lat="47.3777880" lon="-122.0347230">
    <ele>154.6</ele>
    <time>2022-03-06T23:16:24Z</time>
   </trkpt>
   <trkpt lat="47.3777750" lon="-122.0347170">
    <ele>154.6</ele>
    <time>2022-03-06T23:16:25Z</time>
   </trkpt>
   <trkpt lat="47.3777560" lon="-122.0347070">
    <ele>154.7</ele>
    <time>2022-03-06T23:16:26Z</time>
   </trkpt>
   <trkpt lat="47.3777440" lon="-122.0347010">
    <ele>154.7</ele>
    <time>2022-03-06T23:16:27Z</time>
   </trkpt>
   <trkpt lat="47.3777320" lon="-122.0346960">
    <ele>154.7</ele>
    <time>2022-03-06T23:16:28Z</time>
   </trkpt>
   <trkpt lat="47.3777180" lon="-122.0346900">
    <ele>154.7</ele>
    <time>2022-03-06T23:16:29Z</time>
   </trkpt>
   <trkpt lat="47.3777050" lon="-122.0346780">
    <ele>154.8</ele>
    <time>2022-03-06T23:16:30Z</time>
   </trkpt>
   <trkpt lat="47.3776980" lon="-122.0346600">
    <ele>154.8</ele>
    <time>2022-03-06T23:16:31Z</time>
   </trkpt>
   <trkpt lat="47.3776840" lon="-122.0346490">
    <ele>154.8</ele>
    <time>2022-03-06T23:16:32Z</time>
   </trkpt>
   <trkpt lat="47.3776810" lon="-122.0346450">
    <ele>154.8</ele>
    <time>2022-03-06T23:16:33Z</time>
   </trkpt>
   <trkpt lat="47.3776730" lon="-122.0346280">
    <ele>154.8</ele>
    <time>2022-03-06T23:16:34Z</time>
   </trkpt>
   <trkpt lat="47.3776590" lon="-122.0346160">
    <ele>154.9</ele>
    <time>2022-03-06T23:16:35Z</time>
   </trkpt>
   <trkpt lat="47.3776500" lon="-122.0345980">
    <ele>154.9</ele>
    <time>2022-03-06T23:16:36Z</time>
   </trkpt>
   <trkpt lat="47.3776400" lon="-122.0345840">
    <ele>154.9</ele>
    <time>2022-03-06T23:16:37Z</time>
   </trkpt>
   <trkpt lat="47.3776290" lon="-122.0345660">
    <ele>154.9</ele>
    <time>2022-03-06T23:16:38Z</time>
   </trkpt>
   <trkpt lat="47.3776180" lon="-122.0345550">
    <ele>155.0</ele>
    <time>2022-03-06T23:16:39Z</time>
   </trkpt>
   <trkpt lat="47.3775940" lon="-122.0345480">
    <ele>155.0</ele>
    <time>2022-03-06T23:16:40Z</time>
   </trkpt>
   <trkpt lat="47.3775870" lon="-122.0345400">
    <ele>155.0</ele>
    <time>2022-03-06T23:16:41Z</time>
   </trkpt>
   <trkpt lat="47.3775800" lon="-122.0345330">
    <ele>155.0</ele>
    <time>2022-03-06T23:16:42Z</time>
   </trkpt>
   <trkpt lat="47.3775660" lon="-122.0345270">
    <ele>155.0</ele>
    <time>2022-03-06T23:16:43Z</time>
   </trkpt>
   <trkpt lat="47.3775570" lon="-122.0345070">
    <ele>155.1</ele>
    <time>2022-03-06T23:16:44Z</time>
   </trkpt>
   <trkpt lat="47.3775440" lon="-122.0344950">
    <ele>155.1</ele>
    <time>2022-03-06T23:16:45Z</time>
   </trkpt>
   <trkpt lat="47.3775390" lon="-122.0344830">
    <ele>155.1</ele>
    <time>2022-03-06T23:16:46Z</time>
   </trkpt>
   <trkpt lat="47.3775280" lon="-122.0344780">
    <ele>155.1</ele>
    <time>2022-03-06T23:16:47Z</time>
   </trkpt>
   <trkpt lat="47.3775100" lon="-122.0344750">
    <ele>155.1</ele>
    <time>2022-03-06T23:16:48Z</time>
   </trkpt>
   <trkpt lat="47.3775010" lon="-122.0344550">
    <ele>155.2</ele>
    <time>2022-03-06T23:16:49Z</time>
   </trkpt>
   <trkpt lat="47.3774900" lon="-122.0344330">
    <ele>155.2</ele>
    <time>2022-03-06T23:16:50Z</time>
   </trkpt>
   <trkpt lat="47.3774770" lon="-122.0344140">
    <ele>155.2</ele>
    <time>2022-03-06T23:16:51Z</time>
   </trkpt>
   <trkpt lat="47.3774690" lon="-122.0344060">
    <ele>155.2</ele>
    <time>2022-03-06T23:16:52Z</time>
   </trkpt>
   <trkpt lat="47.3774650" lon="-122.0343900">
    <ele>155.2</ele>
    <time>2022-03-06T23:16:53Z</time>
   </trkpt>
   <trkpt lat="47.3774540" lon="-122.0343790">
    <ele>155.2</ele>
    <time>2022-03-06T23:16:54Z</time>
   </trkpt>
   <trkpt lat="47.3774500" lon="-122.0343680">
    <ele>155.3</ele>
    <time>2022-03-06T23:16:55Z</time>
   </trkpt>
   <trkpt lat="47.3774420" lon="-122.0343580">
    <ele>155.3</ele>
    <time>2022-03-06T23:16:56Z</time>
   </trkpt>
   <trkpt lat="47.3774350" lon="-122.0343480">
    <ele>155.3</ele>
    <time>2022-03-06T23:16:57Z</time>
   </trkpt>
   <trkpt lat="47.3774310" lon="-122.0343490">
    <ele>155.3</ele>
    <time>2022-03-06T23:16:58Z</time>
   </trkpt>
   <trkpt lat="47.3774270" lon="-122.0343410">
    <ele>155.3</ele>
    <time>2022-03-06T23:16:59Z</time>
   </trkpt>
   <trkpt lat="47.3774170" lon="-122.0343360">
    <ele>155.3</ele>
    <time>2022-03-06T23:17:00Z</time>
   </trkpt>
   <trkpt lat="47.3774040" lon="-122.0343310">
    <ele>155.3</ele>
    <time>2022-03-06T23:17:01Z</time>
   </trkpt>
   <trkpt lat="47.3773770" lon="-122.0342990">
    <ele>155.4</ele>
    <time>2022-03-06T23:17:02Z</time>
   </trkpt>
   <trkpt lat="47.3773700" lon="-122.0342890">
    <ele>155.4</ele>
    <time>2022-03-06T23:17:03Z</time>
   </trkpt>
   <trkpt lat="47.3773630" lon="-122.0342780">
    <ele>155.4</ele>
    <time>2022-03-06T23:17:04Z</time>
   </trkpt>
   <trkpt lat="47.3773560" lon="-122.0342670">
    <ele>155.4</ele>
    <time>2022-03-06T23:17:05Z</time>
   </trkpt>
   <trkpt lat="47.3773490" lon="-122.0342570">
    <ele>155.5</ele>
    <time>2022-03-06T23:17:06Z</time>
   </trkpt>
   <trkpt lat="47.3773410" lon="-122.0342490">
    <ele>155.5</ele>
    <time>2022-03-06T23:17:07Z</time>
   </trkpt>
   <trkpt lat="47.3773280" lon="-122.0342440">
    <ele>155.5</ele>
    <time>2022-03-06T23:17:08Z</time>
   </trkpt>
   <trkpt lat="47.3773200" lon="-122.0342320">
    <ele>155.5</ele>
    <time>2022-03-06T23:17:09Z</time>
   </trkpt>
   <trkpt lat="47.3773220" lon="-122.0342290">
    <ele>155.5</ele>
    <time>2022-03-06T23:17:10Z</time>
   </trkpt>
   <trkpt lat="47.3773190" lon="-122.0342240">
    <ele>155.5</ele>
    <time>2022-03-06T23:17:11Z</time>
   </trkpt>
   <trkpt lat="47.3773150" lon="-122.0342200">
    <ele>155.5</ele>
    <time>2022-03-06T23:17:12Z</time>
   </trkpt>
   <trkpt lat="47.3773070" lon="-122.0342120">
    <ele>155.5</ele>
    <time>2022-03-06T23:17:13Z</time>
   </trkpt>
   <trkpt lat="47.3773010" lon="-122.0341900">
    <ele>155.6</ele>
    <time>2022-03-06T23:17:14Z</time>
   </trkpt>
   <trkpt lat="47.3772920" lon="-122.0341830">
    <ele>155.6</ele>
    <time>2022-03-06T23:17:15Z</time>
   </trkpt>
   <trkpt lat="47.3772830" lon="-122.0341750">
    <ele>155.6</ele>
    <time>2022-03-06T23:17:16Z</time>
   </trkpt>
   <trkpt lat="47.3772720" lon="-122.0341480">
    <ele>155.6</ele>
    <time>2022-03-06T23:17:17Z</time>
   </trkpt>
   <trkpt lat="47.3772690" lon="-122.0341380">
    <ele>155.6</ele>
    <time>2022-03-06T23:17:18Z</time>
   </trkpt>
   <trkpt lat="47.3772660" lon="-122.0341280">
    <ele>155.7</ele>
    <time>2022-03-06T23:17:19Z</time>
   </trkpt>
   <trkpt lat="47.3772550" lon="-122.0341100">
    <ele>155.7</ele>
    <time>2022-03-06T23:17:20Z</time>
   </trkpt>
   <trkpt lat="47.3772460" lon="-122.0340980">
    <ele>155.7</ele>
    <time>2022-03-06T23:17:21Z</time>
   </trkpt>
   <trkpt lat="47.3772330" lon="-122.0340820">
    <ele>155.7</ele>
    <time>2022-03-06T23:17:22Z</time>
   </trkpt>
   <trkpt lat="47.3772210" lon="-122.0340700">
    <ele>155.8</ele>
    <time>2022-03-06T23:17:23Z</time>
   </trkpt>
   <trkpt lat="47.3772100" lon="-122.0340440">
    <ele>155.8</ele>
    <time>2022-03-06T23:17:24Z</time>
   </trkpt>
   <trkpt lat="47.3772040" lon="-122.0340320">
    <ele>155.8</ele>
    <time>2022-03-06T23:17:25Z</time>
   </trkpt>
   <trkpt lat="47.3771990" lon="-122.0340200">
    <ele>155.8</ele>
    <time>2022-03-06T23:17:26Z</time>
   </trkpt>
   <trkpt lat="47.3771870" lon="-122.0340060">
    <ele>155.8</ele>
    <time>2022-03-06T23:17:27Z</time>
   </trkpt>
   <trkpt lat="47.3771720" lon="-122.0339900">
    <ele>155.8</ele>
    <time>2022-03-06T23:17:28Z</time>
   </trkpt>
   <trkpt lat="47.3771590" lon="-122.0339730">
    <ele>155.9</ele>
    <time>2022-03-06T23:17:29Z</time>
   </trkpt>
   <trkpt lat="47.3771550" lon="-122.0339650">
    <ele>155.9</ele>
    <time>2022-03-06T23:17:30Z</time>
   </trkpt>
   <trkpt lat="47.3771500" lon="-122.0339570">
    <ele>155.9</ele>
    <time>2022-03-06T23:17:31Z</time>
   </trkpt>
   <trkpt lat="47.3771450" lon="-122.0339490">
    <ele>155.9</ele>
    <time>2022-03-06T23:17:32Z</time>
   </trkpt>
   <trkpt lat="47.3771240" lon="-122.0339410">
    <ele>155.9</ele>
    <time>2022-03-06T23:17:33Z</time>
   </trkpt>
   <trkpt lat="47.3771140" lon="-122.0339270">
    <ele>155.9</ele>
    <time>2022-03-06T23:17:34Z</time>
   </trkpt>
   <trkpt lat="47.3771050" lon="-122.0339270">
    <ele>155.9</ele>
    <time>2022-03-06T23:17:35Z</time>
   </trkpt>
   <trkpt lat="47.3770950" lon="-122.0339110">
    <ele>155.9</ele>
    <time>2022-03-06T23:17:36Z</time>
   </trkpt>
   <trkpt lat="47.3770930" lon="-122.0339000">
    <ele>156.0</ele>
    <time>2022-03-06T23:17:37Z</time>
   </trkpt>
   <trkpt lat="47.3770850" lon="-122.0338940">
    <ele>156.0</ele>
    <time>2022-03-06T23:17:38Z</time>
   </trkpt>
   <trkpt lat="47.3770830" lon="-122.0338820">
    <ele>156.0</ele>
    <time>2022-03-06T23:17:39Z</time>
   </trkpt>
   <trkpt lat="47.3770790" lon="-122.0338660">
    <ele>156.0</ele>
    <time>2022-03-06T23:17:40Z</time>
   </trkpt>
   <trkpt lat="47.3770770" lon="-122.0338600">
    <ele>156.0</ele>
    <time>2022-03-06T23:17:41Z</time>
   </trkpt>
   <trkpt lat="47.3770740" lon="-122.0338530">
    <ele>156.0</ele>
    <time>2022-03-06T23:17:42Z</time>
   </trkpt>
   <trkpt lat="47.3770650" lon="-122.0338390">
    <ele>156.0</ele>
    <time>2022-03-06T23:17:43Z</time>
   </trkpt>
   <trkpt lat="47.3770590" lon="-122.0338320">
    <ele>156.0</ele>
    <time>2022-03-06T23:17:44Z</time>
   </trkpt>
   <trkpt lat="47.3770570" lon="-122.0338170">
    <ele>156.0</ele>
    <time>2022-03-06T23:17:45Z</time>
   </trkpt>
   <trkpt lat="47.3770540" lon="-122.0338100">
    <ele>156.0</ele>
    <time>2022-03-06T23:17:46Z</time>
   </trkpt>
   <trkpt lat="47.3770520" lon="-122.0337930">
    <ele>156.0</ele>
    <time>2022-03-06T23:17:47Z</time>
   </trkpt>
   <trkpt lat="47.3770450" lon="-122.0337850">
    <ele>156.0</ele>
    <time>2022-03-06T23:17:48Z</time>
   </trkpt>
   <trkpt lat="47.3770320" lon="-122.0337740">
    <ele>156.1</ele>
    <time>2022-03-06T23:17:49Z</time>
   </trkpt>
   <trkpt lat="47.3770290" lon="-122.0337690">
    <ele>156.1</ele>
    <time>2022-03-06T23:17:50Z</time>
   </trkpt>
   <trkpt lat="47.3770250" lon="-122.0337510">
    <ele>156.1</ele>
    <time>2022-03-06T23:17:51Z</time>
   </trkpt>
   <trkpt lat="47.3770260" lon="-122.0337370">
    <ele>156.1</ele>
    <time>2022-03-06T23:17:52Z</time>
   </trkpt>
   <trkpt lat="47.3770150" lon="-122.0337270">
    <ele>156.1</ele>
    <time>2022-03-06T23:17:53Z</time>
   </trkpt>
   <trkpt lat="47.3769990" lon="-122.0337060">
    <ele>156.1</ele>
    <time>2022-03-06T23:17:54Z</time>
   </trkpt>
   <trkpt lat="47.3769920" lon="-122.0336980">
    <ele>156.1</ele>
    <time>2022-03-06T23:17:55Z</time>
   </trkpt>
   <trkpt lat="47.3769850" lon="-122.0336890">
    <ele>156.1</ele>
    <time>2022-03-06T23:17:56Z</time>
   </trkpt>
   <trkpt lat="47.3769780" lon="-122.0336810">
    <ele>156.2</ele>
    <time>2022-03-06T23:17:57Z</time>
   </trkpt>
   <trkpt lat="47.3769740" lon="-122.0336710">
    <ele>156.2</ele>
    <time>2022-03-06T23:17:58Z</time>
   </trkpt>
   <trkpt lat="47.3769670" lon="-122.0336630">
    <ele>156.2</ele>
    <time>2022-03-06T23:17:59Z</time>
   </trkpt>
   <trkpt lat="47.3769620" lon="-122.0336600">
    <ele>156.2</ele>
    <time>2022-03-06T23:18:00Z</time>
   </trkpt>
   <trkpt lat="47.3769560" lon="-122.0336510">
    <ele>156.2</ele>
    <time>2022-03-06T23:18:01Z</time>
   </trkpt>
   <trkpt lat="47.3769480" lon="-122.0336460">
    <ele>156.2</ele>
    <time>2022-03-06T23:18:02Z</time>
   </trkpt>
   <trkpt lat="47.3769390" lon="-122.0336390">
    <ele>156.2</ele>
    <time>2022-03-06T23:18:03Z</time>
   </trkpt>
   <trkpt lat="47.3769340" lon="-122.0336310">
    <ele>156.2</ele>
    <time>2022-03-06T23:18:04Z</time>
   </trkpt>
   <trkpt lat="47.3769290" lon="-122.0336250">
    <ele>156.2</ele>
    <time>2022-03-06T23:18:05Z</time>
   </trkpt>
   <trkpt lat="47.3769240" lon="-122.0336180">
    <ele>156.2</ele>
    <time>2022-03-06T23:18:06Z</time>
   </trkpt>
   <trkpt lat="47.3769170" lon="-122.0336020">
    <ele>156.2</ele>
    <time>2022-03-06T23:18:07Z</time>
   </trkpt>
   <trkpt lat="47.3769080" lon="-122.0335840">
    <ele>156.2</ele>
    <time>2022-03-06T23:18:08Z</time>
   </trkpt>
   <trkpt lat="47.3769030" lon="-122.0335670">
    <ele>156.3</ele>
    <time>2022-03-06T23:18:09Z</time>
   </trkpt>
   <trkpt lat="47.3768940" lon="-122.0335520">
    <ele>156.3</ele>
    <time>2022-03-06T23:18:10Z</time>
   </trkpt>
   <trkpt lat="47.3768920" lon="-122.0335520">
    <ele>156.3</ele>
    <time>2022-03-06T23:18:11Z</time>
   </trkpt>
   <trkpt lat="47.3768810" lon="-122.0335460">
    <ele>156.3</ele>
    <time>2022-03-06T23:18:12Z</time>
   </trkpt>
   <trkpt lat="47.3768700" lon="-122.0335390">
    <ele>156.3</ele>
    <time>2022-03-06T23:18:13Z</time>
   </trkpt>
   <trkpt lat="47.3768630" lon="-122.0335340">
    <ele>156.3</ele>
    <time>2022-03-06T23:18:14Z</time>
   </trkpt>
   <trkpt lat="47.3768570" lon="-122.0335310">
    <ele>156.3</ele>
    <time>2022-03-06T23:18:15Z</time>
   </trkpt>
   <trkpt lat="47.3768500" lon="-122.0335260">
    <ele>156.3</ele>
    <time>2022-03-06T23:18:16Z</time>
   </trkpt>
   <trkpt lat="47.3768350" lon="-122.0335170">
    <ele>156.3</ele>
    <time>2022-03-06T23:18:17Z</time>
   </trkpt>
   <trkpt lat="47.3768150" lon="-122.0334900">
    <ele>156.4</ele>
    <time>2022-03-06T23:18:18Z</time>
   </trkpt>
   <trkpt lat="47.3768040" lon="-122.0334850">
    <ele>156.4</ele>
    <time>2022-03-06T23:18:19Z</time>
   </trkpt>
   <trkpt lat="47.3767940" lon="-122.0334790">
    <ele>156.4</ele>
    <time>2022-03-06T23:18:20Z</time>
   </trkpt>
   <trkpt lat="47.3767840" lon="-122.0334740">
    <ele>156.4</ele>
    <time>2022-03-06T23:18:21Z</time>
   </trkpt>
   <trkpt lat="47.3767740" lon="-122.0334690">
    <ele>156.4</ele>
    <time>2022-03-06T23:18:22Z</time>
   </trkpt>
   <trkpt lat="47.3767670" lon="-122.0334620">
    <ele>156.4</ele>
    <time>2022-03-06T23:18:23Z</time>
   </trkpt>
   <trkpt lat="47.3767550" lon="-122.0334520">
    <ele>156.4</ele>
    <time>2022-03-06T23:18:24Z</time>
   </trkpt>
   <trkpt lat="47.3767470" lon="-122.0334440">
    <ele>156.4</ele>
    <time>2022-03-06T23:18:25Z</time>
   </trkpt>
   <trkpt lat="47.3767410" lon="-122.0334370">
    <ele>156.5</ele>
    <time>2022-03-06T23:18:26Z</time>
   </trkpt>
   <trkpt lat="47.3767390" lon="-122.0334250">
    <ele>156.5</ele>
    <time>2022-03-06T23:18:27Z</time>
   </trkpt>
   <trkpt lat="47.3767300" lon="-122.0334150">
    <ele>156.5</ele>
    <time>2022-03-06T23:18:28Z</time>
   </trkpt>
   <trkpt lat="47.3767270" lon="-122.0334020">
    <ele>156.5</ele>
    <time>2022-03-06T23:18:29Z</time>
   </trkpt>
   <trkpt lat="47.3767170" lon="-122.0333940">
    <ele>156.5</ele>
    <time>2022-03-06T23:18:30Z</time>
   </trkpt>
   <trkpt lat="47.3767110" lon="-122.0333870">
    <ele>156.5</ele>
    <time>2022-03-06T23:18:31Z</time>
   </trkpt>
   <trkpt lat="47.3767050" lon="-122.0333730">
    <ele>156.5</ele>
    <time>2022-03-06T23:18:32Z</time>
   </trkpt>
   <trkpt lat="47.3766930" lon="-122.0333500">
    <ele>156.6</ele>
    <time>2022-03-06T23:18:33Z</time>
   </trkpt>
   <trkpt lat="47.3766810" lon="-122.0333380">
    <ele>156.6</ele>
    <time>2022-03-06T23:18:34Z</time>
   </trkpt>
   <trkpt lat="47.3766640" lon="-122.0333260">
    <ele>156.6</ele>
    <time>2022-03-06T23:18:35Z</time>
   </trkpt>
   <trkpt lat="47.3766550" lon="-122.0333210">
    <ele>156.6</ele>
    <time>2022-03-06T23:18:36Z</time>
   </trkpt>
   <trkpt lat="47.3766460" lon="-122.0333160">
    <ele>156.7</ele>
    <time>2022-03-06T23:18:37Z</time>
   </trkpt>
   <trkpt lat="47.3766190" lon="-122.0332970">
    <ele>156.7</ele>
    <time>2022-03-06T23:18:38Z</time>
   </trkpt>
   <trkpt lat="47.3766080" lon="-122.0332900">
    <ele>156.7</ele>
    <time>2022-03-06T23:18:39Z</time>
   </trkpt>
   <trkpt lat="47.3766100" lon="-122.0332790">
    <ele>156.7</ele>
    <time>2022-03-06T23:18:40Z</time>
   </trkpt>
   <trkpt lat="47.3766000" lon="-122.0332570">
    <ele>156.7</ele>
    <time>2022-03-06T23:18:41Z</time>
   </trkpt>
   <trkpt lat="47.3766030" lon="-122.0332490">
    <ele>156.7</ele>
    <time>2022-03-06T23:18:42Z</time>
   </trkpt>
   <trkpt lat="47.3766150" lon="-122.0332480">
    <ele>156.7</ele>
    <time>2022-03-06T23:18:43Z</time>
   </trkpt>
   <trkpt lat="47.3766280" lon="-122.0332480">
    <ele>156.6</ele>
    <time>2022-03-06T23:18:44Z</time>
   </trkpt>
   <trkpt lat="47.3766330" lon="-122.0332500">
    <ele>156.6</ele>
    <time>2022-03-06T23:18:45Z</time>
   </trkpt>
   <trkpt lat="47.3766390" lon="-122.0332580">
    <ele>156.6</ele>
    <time>2022-03-06T23:18:46Z</time>
   </trkpt>
   <trkpt lat="47.3766440" lon="-122.0332730">
    <ele>156.6</ele>
    <time>2022-03-06T23:18:47Z</time>
   </trkpt>
   <trkpt lat="47.3766510" lon="-122.0333010">
    <ele>156.6</ele>
    <time>2022-03-06T23:18:48Z</time>
   </trkpt>
   <trkpt lat="47.3766550" lon="-122.0333110">
    <ele>156.6</ele>
    <time>2022-03-06T23:18:49Z</time>
   </trkpt>
   <trkpt lat="47.3766600" lon="-122.0333210">
    <ele>156.5</ele>
    <time>2022-03-06T23:18:50Z</time>
   </trkpt>
   <trkpt lat="47.3766730" lon="-122.0333450">
    <ele>156.5</ele>
    <time>2022-03-06T23:18:51Z</time>
   </trkpt>
   <trkpt lat="47.3766800" lon="-122.0333530">
    <ele>156.5</ele>
    <time>2022-03-06T23:18:52Z</time>
   </trkpt>
   <trkpt lat="47.3766880" lon="-122.0333620">
    <ele>156.5</ele>
    <time>2022-03-06T23:18:53Z</time>
   </trkpt>
   <trkpt lat="47.3766930" lon="-122.0333790">
    <ele>156.5</ele>
    <time>2022-03-06T23:18:54Z</time>
   </trkpt>
   <trkpt lat="47.3767000" lon="-122.0334030">
    <ele>156.4</ele>
    <time>2022-03-06T23:18:55Z</time>
   </trkpt>
   <trkpt lat="47.3767010" lon="-122.0334110">
    <ele>156.4</ele>
    <time>2022-03-06T23:18:56Z</time>
   </trkpt>
   <trkpt lat="47.3767090" lon="-122.0334290">
    <ele>156.4</ele>
    <time>2022-03-06T23:18:57Z</time>
   </trkpt>
   <trkpt lat="47.3767110" lon="-122.0334380">
    <ele>156.4</ele>
    <time>2022-03-06T23:18:58Z</time>
   </trkpt>
   <trkpt lat="47.3767150" lon="-122.0334470">
    <ele>156.4</ele>
    <time>2022-03-06T23:18:59Z</time>
   </trkpt>
   <trkpt lat="47.3767210" lon="-122.0334540">
    <ele>156.4</ele>
    <time>2022-03-06T23:19:00Z</time>
   </trkpt>
   <trkpt lat="47.3767340" lon="-122.0334570">
    <ele>156.4</ele>
    <time>2022-03-06T23:19:01Z</time>
   </trkpt>
   <trkpt lat="47.3767460" lon="-122.0334680">
    <ele>156.4</ele>
    <time>2022-03-06T23:19:02Z</time>
   </trkpt>
   <trkpt lat="47.3767520" lon="-122.0334810">
    <ele>156.4</ele>
    <time>2022-03-06T23:19:03Z</time>
   </trkpt>
   <trkpt lat="47.3767660" lon="-122.0335010">
    <ele>156.3</ele>
    <time>2022-03-06T23:19:04Z</time>
   </trkpt>
   <trkpt lat="47.3767750" lon="-122.0335150">
    <ele>156.3</ele>
    <time>2022-03-06T23:19:05Z</time>
   </trkpt>
   <trkpt lat="47.3767840" lon="-122.0335290">
    <ele>156.3</ele>
    <time>2022-03-06T23:19:06Z</time>
   </trkpt>
   <trkpt lat="47.3767840" lon="-122.0335450">
    <ele>156.3</ele>
    <time>2022-03-06T23:19:07Z</time>
   </trkpt>
   <trkpt lat="47.3768010" lon="-122.0335620">
    <ele>156.3</ele>
    <time>2022-03-06T23:19:08Z</time>
   </trkpt>
   <trkpt lat="47.3768100" lon="-122.0335690">
    <ele>156.3</ele>
    <time>2022-03-06T23:19:09Z</time>
   </trkpt>
   <trkpt lat="47.3768190" lon="-122.0335750">
    <ele>156.3</ele>
    <time>2022-03-06T23:19:10Z</time>
   </trkpt>
   <trkpt lat="47.3768320" lon="-122.0335880">
    <ele>156.3</ele>
    <time>2022-03-06T23:19:11Z</time>
   </trkpt>
   <trkpt lat="47.3768460" lon="-122.0336020">
    <ele>156.2</ele>
    <time>2022-03-06T23:19:12Z</time>
   </trkpt>
   <trkpt lat="47.3768470" lon="-122.0336100">
    <ele>156.2</ele>
    <time>2022-03-06T23:19:13Z</time>
   </trkpt>
   <trkpt lat="47.3768500" lon="-122.0336130">
    <ele>156.2</ele>
    <time>2022-03-06T23:19:14Z</time>
   </trkpt>
   <trkpt lat="47.3768560" lon="-122.0336200">
    <ele>156.2</ele>
    <time>2022-03-06T23:19:15Z</time>
   </trkpt>
   <trkpt lat="47.3768570" lon="-122.0336320">
    <ele>156.2</ele>
    <time>2022-03-06T23:19:16Z</time>
   </trkpt>
   <trkpt lat="47.3768590" lon="-122.0336370">
    <ele>156.2</ele>
    <time>2022-03-06T23:19:17Z</time>
   </trkpt>
   <trkpt lat="47.3768780" lon="-122.0336440">
    <ele>156.2</ele>
    <time>2022-03-06T23:19:18Z</time>
   </trkpt>
   <trkpt lat="47.3768870" lon="-122.0336530">
    <ele>156.2</ele>
    <time>2022-03-06T23:19:19Z</time>
   </trkpt>
   <trkpt lat="47.3768960" lon="-122.0336610">
    <ele>156.2</ele>
    <time>2022-03-06T23:19:20Z</time>
   </trkpt>
   <trkpt lat="47.3769130" lon="-122.0336770">
    <ele>156.1</ele>
    <time>2022-03-06T23:19:21Z</time>
   </trkpt>
   <trkpt lat="47.3769220" lon="-122.0336850">
    <ele>156.1</ele>
    <time>2022-03-06T23:19:22Z</time>
   </trkpt>
   <trkpt lat="47.3769310" lon="-122.0336930">
    <ele>156.1</ele>
    <time>2022-03-06T23:19:23Z</time>
   </trkpt>
   <trkpt lat="47.3769570" lon="-122.0337290">
    <ele>156.1</ele>
    <time>2022-03-06T23:19:24Z</time>
   </trkpt>
   <trkpt lat="47.3769650" lon="-122.0337390">
    <ele>156.1</ele>
    <time>2022-03-06T23:19:25Z</time>
   </trkpt>
   <trkpt lat="47.3769700" lon="-122.0337510">
    <ele>156.1</ele>
    <time>2022-03-06T23:19:26Z</time>
   </trkpt>
   <trkpt lat="47.3769790" lon="-122.0337610">
    <ele>156.1</ele>
    <time>2022-03-06T23:19:27Z</time>
   </trkpt>
   <trkpt lat="47.3769850" lon="-122.0337720">
    <ele>156.0</ele>
    <time>2022-03-06T23:19:28Z</time>
   </trkpt>
   <trkpt lat="47.3770070" lon="-122.0337970">
    <ele>156.0</ele>
    <time>2022-03-06T23:19:29Z</time>
   </trkpt>
   <trkpt lat="47.3770160" lon="-122.0338030">
    <ele>156.0</ele>
    <time>2022-03-06T23:19:30Z</time>
   </trkpt>
   <trkpt lat="47.3770260" lon="-122.0338080">
    <ele>156.0</ele>
    <time>2022-03-06T23:19:31Z</time>
   </trkpt>
   <trkpt lat="47.3770330" lon="-122.0338180">
    <ele>156.0</ele>
    <time>2022-03-06T23:19:32Z</time>
   </trkpt>
   <trkpt lat="47.3770350" lon="-122.0338220">
    <ele>156.0</ele>
    <time>2022-03-06T23:19:33Z</time>
   </trkpt>
   <trkpt lat="47.3770380" lon="-122.0338370">
    <ele>156.0</ele>
    <time>2022-03-06T23:19:34Z</time>
   </trkpt>
   <trkpt lat="47.3770460" lon="-122.0338470">
    <ele>156.0</ele>
    <time>2022-03-06T23:19:35Z</time>
   </trkpt>
   <trkpt lat="47.3770620" lon="-122.0338730">
    <ele>155.9</ele>
    <time>2022-03-06T23:19:36Z</time>
   </trkpt>
   <trkpt lat="47.3770680" lon="-122.0338800">
    <ele>155.9</ele>
    <time>2022-03-06T23:19:37Z</time>
   </trkpt>
   <trkpt lat="47.3770740" lon="-122.0338870">
    <ele>155.9</ele>
    <time>2022-03-06T23:19:38Z</time>
   </trkpt>
   <trkpt lat="47.3770890" lon="-122.0339020">
    <ele>155.9</ele>
    <time>2022-03-06T23:19:39Z</time>
   </trkpt>
   <trkpt lat="47.3770970" lon="-122.0339100">
    <ele>155.9</ele>
    <time>2022-03-06T23:19:40Z</time>
   </trkpt>
   <trkpt lat="47.3771050" lon="-122.0339180">
    <ele>155.9</ele>
    <time>2022-03-06T23:19:41Z</time>
   </trkpt>
   <trkpt lat="47.3771150" lon="-122.0339400">
    <ele>155.9</ele>
    <time>2022-03-06T23:19:42Z</time>
   </trkpt>
   <trkpt lat="47.3771210" lon="-122.0339600">
    <ele>155.9</ele>
    <time>2022-03-06T23:19:43Z</time>
   </trkpt>
   <trkpt lat="47.3771270" lon="-122.0339760">
    <ele>155.8</ele>
    <time>2022-03-06T23:19:44Z</time>
   </trkpt>
   <trkpt lat="47.3771400" lon="-122.0339970">
    <ele>155.8</ele>
    <time>2022-03-06T23:19:45Z</time>
   </trkpt>
   <trkpt lat="47.3771520" lon="-122.0340170">
    <ele>155.8</ele>
    <time>2022-03-06T23:19:46Z</time>
   </trkpt>
   <trkpt lat="47.3771560" lon="-122.0340250">
    <ele>155.8</ele>
    <time>2022-03-06T23:19:47Z</time>
   </trkpt>
   <trkpt lat="47.3771610" lon="-122.0340340">
    <ele>155.8</ele>
    <time>2022-03-06T23:19:48Z</time>
   </trkpt>
   <trkpt lat="47.3771650" lon="-122.0340420">
    <ele>155.8</ele>
    <time>2022-03-06T23:19:49Z</time>
   </trkpt>
   <trkpt lat="47.3771690" lon="-122.0340500">
    <ele>155.8</ele>
    <time>2022-03-06T23:19:50Z</time>
   </trkpt>
   <trkpt lat="47.3771910" lon="-122.0340790">
    <ele>155.7</ele>
    <time>2022-03-06T23:19:51Z</time>
   </trkpt>
   <trkpt lat="47.3771990" lon="-122.0340880">
    <ele>155.7</ele>
    <time>2022-03-06T23:19:52Z</time>
   </trkpt>
   <trkpt lat="47.3772260" lon="-122.0341130">
    <ele>155.7</ele>
    <time>2022-03-06T23:19:53Z</time>
   </trkpt>
   <trkpt lat="47.3772320" lon="-122.0341170">
    <ele>155.6</ele>
    <time>2022-03-06T23:19:54Z</time>
   </trkpt>
   <trkpt lat="47.3772450" lon="-122.0341360">
    <ele>155.6</ele>
    <time>2022-03-06T23:19:55Z</time>
   </trkpt>
   <trkpt lat="47.3772530" lon="-122.0341450">
    <ele>155.6</ele>
    <time>2022-03-06T23:19:56Z</time>
   </trkpt>
   <trkpt lat="47.3772620" lon="-122.0341700">
    <ele>155.6</ele>
    <time>2022-03-06T23:19:57Z</time>
   </trkpt>
   <trkpt lat="47.3772670" lon="-122.0341820">
    <ele>155.6</ele>
    <time>2022-03-06T23:19:58Z</time>
   </trkpt>
   <trkpt lat="47.3772720" lon="-122.0341950">
    <ele>155.5</ele>
    <time>2022-03-06T23:19:59Z</time>
   </trkpt>
   <trkpt lat="47.3772770" lon="-122.0342070">
    <ele>155.5</ele>
    <time>2022-03-06T23:20:00Z</time>
   </trkpt>
   <trkpt lat="47.3772900" lon="-122.0342260">
    <ele>155.5</ele>
    <time>2022-03-06T23:20:01Z</time>
   </trkpt>
   <trkpt lat="47.3772960" lon="-122.0342460">
    <ele>155.5</ele>
    <time>2022-03-06T23:20:02Z</time>
   </trkpt>
   <trkpt lat="47.3773070" lon="-122.0342740">
    <ele>155.4</ele>
    <time>2022-03-06T23:20:03Z</time>
   </trkpt>
   <trkpt lat="47.3773100" lon="-122.0342840">
    <ele>155.4</ele>
    <time>2022-03-06T23:20:04Z</time>
   </trkpt>
   <trkpt lat="47.3773140" lon="-122.0342930">
    <ele>155.4</ele>
    <time>2022-03-06T23:20:05Z</time>
   </trkpt>
   <trkpt lat="47.3773200" lon="-122.0343040">
    <ele>155.4</ele>
    <time>2022-03-06T23:20:06Z</time>
   </trkpt>
   <trkpt lat="47.3773260" lon="-122.0343180">
    <ele>155.4</ele>
    <time>2022-03-06T23:20:07Z</time>
   </trkpt>
   <trkpt lat="47.3773350" lon="-122.0343270">
    <ele>155.4</ele>
    <time>2022-03-06T23:20:08Z</time>
   </trkpt>
   <trkpt lat="47.3773520" lon="-122.0343410">
    <ele>155.3</ele>
    <time>2022-03-06T23:20:09Z</time>
   </trkpt>
   <trkpt lat="47.3773580" lon="-122.0343490">
    <ele>155.3</ele>
    <time>2022-03-06T23:20:10Z</time>
   </trkpt>
   <trkpt lat="47.3773590" lon="-122.0343640">
    <ele>155.3</ele>
    <time>2022-03-06T23:20:11Z</time>
   </trkpt>
   <trkpt lat="47.3773690" lon="-122.0343870">
    <ele>155.3</ele>
    <time>2022-03-06T23:20:12Z</time>
   </trkpt>
   <trkpt lat="47.3773870" lon="-122.0344110">
    <ele>155.2</ele>
    <time>2022-03-06T23:20:13Z</time>
   </trkpt>
   <trkpt lat="47.3773950" lon="-122.0344190">
    <ele>155.2</ele>
    <time>2022-03-06T23:20:14Z</time>
   </trkpt>
   <trkpt lat="47.3774020" lon="-122.0344270">
    <ele>155.2</ele>
    <time>2022-03-06T23:20:15Z</time>
   </trkpt>
   <trkpt lat="47.3774310" lon="-122.0344420">
    <ele>155.2</ele>
    <time>2022-03-06T23:20:16Z</time>
   </trkpt>
   <trkpt lat="47.3774370" lon="-122.0344450">
    <ele>155.2</ele>
    <time>2022-03-06T23:20:17Z</time>
   </trkpt>
   <trkpt lat="47.3774440" lon="-122.0344550">
    <ele>155.2</ele>
    <time>2022-03-06T23:20:18Z</time>
   </trkpt>
   <trkpt lat="47.3774530" lon="-122.0344690">
    <ele>155.2</ele>
    <time>2022-03-06T23:20:19Z</time>
   </trkpt>
   <trkpt lat="47.3774610" lon="-122.0344810">
    <ele>155.1</ele>
    <time>2022-03-06T23:20:20Z</time>
   </trkpt>
   <trkpt lat="47.3774740" lon="-122.0344930">
    <ele>155.1</ele>
    <time>2022-03-06T23:20:21Z</time>
   </trkpt>
   <trkpt lat="47.3774830" lon="-122.0345070">
    <ele>155.1</ele>
    <time>2022-03-06T23:20:22Z</time>
   </trkpt>
   <trkpt lat="47.3774910" lon="-122.0345140">
    <ele>155.1</ele>
    <time>2022-03-06T23:20:23Z</time>
   </trkpt>
   <trkpt lat="47.3774990" lon="-122.0345230">
    <ele>155.1</ele>
    <time>2022-03-06T23:20:24Z</time>
   </trkpt>
   <trkpt lat="47.3775090" lon="-122.0345360">
    <ele>155.1</ele>
    <time>2022-03-06T23:20:25Z</time>
   </trkpt>
   <trkpt lat="47.3775160" lon="-122.0345370">
    <ele>155.1</ele>
    <time>2022-03-06T23:20:26Z</time>
   </trkpt>
   <trkpt lat="47.3775270" lon="-122.0345530">
    <ele>155.0</ele>
    <time>2022-03-06T23:20:27Z</time>
   </trkpt>
   <trkpt lat="47.3775380" lon="-122.0345580">
    <ele>155.0</ele>
    <time>2022-03-06T23:20:28Z</time>
   </trkpt>
   <trkpt lat="47.3775480" lon="-122.0345740">
    <ele>155.0</ele>
    <time>2022-03-06T23:20:29Z</time>
   </trkpt>
   <trkpt lat="47.3775610" lon="-122.0345870">
    <ele>155.0</ele>
    <time>2022-03-06T23:20:30Z</time>
   </trkpt>
   <trkpt lat="47.3775680" lon="-122.0345990">
    <ele>155.0</ele>
    <time>2022-03-06T23:20:31Z</time>
   </trkpt>
   <trkpt lat="47.3775730" lon="-122.0346120">
    <ele>154.9</ele>
    <time>2022-03-06T23:20:32Z</time>
   </trkpt>
   <trkpt lat="47.3775830" lon="-122.0346270">
    <ele>154.9</ele>
    <time>2022-03-06T23:20:33Z</time>
   </trkpt>
   <trkpt lat="47.3775960" lon="-122.0346450">
    <ele>154.9</ele>
    <time>2022-03-06T23:20:34Z</time>
   </trkpt>
   <trkpt lat="47.3776010" lon="-122.0346690">
    <ele>154.9</ele>
    <time>2022-03-06T23:20:35Z</time>
   </trkpt>
   <trkpt lat="47.3776170" lon="-122.0346810">
    <ele>154.8</ele>
    <time>2022-03-06T23:20:36Z</time>
   </trkpt>
   <trkpt lat="47.3776270" lon="-122.0346880">
    <ele>154.8</ele>
    <time>2022-03-06T23:20:37Z</time>
   </trkpt>
   <trkpt lat="47.3776370" lon="-122.0346950">
    <ele>154.8</ele>
    <time>2022-03-06T23:20:38Z</time>
   </trkpt>
   <trkpt lat="47.3776550" lon="-122.0347190">
    <ele>154.8</ele>
    <time>2022-03-06T23:20:39Z</time>
   </trkpt>
   <trkpt lat="47.3776620" lon="-122.0347260">
    <ele>154.7</ele>
    <time>2022-03-06T23:20:40Z</time>
   </trkpt>
   <trkpt lat="47.3776690" lon="-122.0347340">
    <ele>154.7</ele>
    <time>2022-03-06T23:20:41Z</time>
   </trkpt>
   <trkpt lat="47.3776850" lon="-122.0347530">
    <ele>154.7</ele>
    <time>2022-03-06T23:20:42Z</time>
   </trkpt>
   <trkpt lat="47.3776920" lon="-122.0347610">
    <ele>154.7</ele>
    <time>2022-03-06T23:20:43Z</time>
   </trkpt>
   <trkpt lat="47.3777000" lon="-122.0347690">
    <ele>154.7</ele>
    <time>2022-03-06T23:20:44Z</time>
   </trkpt>
   <trkpt lat="47.3777050" lon="-122.0347700">
    <ele>154.7</ele>
    <time>2022-03-06T23:20:45Z</time>
   </trkpt>
   <trkpt lat="47.3777130" lon="-122.0347760">
    <ele>154.6</ele>
    <time>2022-03-06T23:20:46Z</time>
   </trkpt>
   <trkpt lat="47.3777270" lon="-122.0347900">
    <ele>154.6</ele>
    <time>2022-03-06T23:20:47Z</time>
   </trkpt>
   <trkpt lat="47.3777480" lon="-122.0347890">
    <ele>154.6</ele>
    <time>2022-03-06T23:20:48Z</time>
   </trkpt>
   <trkpt lat="47.3777570" lon="-122.0347910">
    <ele>154.6</ele>
    <time>2022-03-06T23:20:49Z</time>
   </trkpt>
   <trkpt lat="47.3777660" lon="-122.0347940">
    <ele>154.5</ele>
    <time>2022-03-06T23:20:50Z</time>
   </trkpt>
   <trkpt lat="47.3777940" lon="-122.0348130">
    <ele>154.5</ele>
    <time>2022-03-06T23:20:51Z</time>
   </trkpt>
   <trkpt lat="47.3777990" lon="-122.0348160">
    <ele>154.5</ele>
    <time>2022-03-06T23:20:52Z</time>
   </trkpt>
   <trkpt lat="47.3778040" lon="-122.0348180">
    <ele>154.5</ele>
    <time>2022-03-06T23:20:53Z</time>
   </trkpt>
   <trkpt lat="47.3778220" lon="-122.0348250">
    <ele>154.5</ele>
    <time>2022-03-06T23:20:54Z</time>
   </trkpt>
   <trkpt lat="47.3778310" lon="-122.0348310">
    <ele>154.4</ele>
    <time>2022-03-06T23:20:55Z</time>
   </trkpt>
   <trkpt lat="47.3778390" lon="-122.0348360">
    <ele>154.4</ele>
    <time>2022-03-06T23:20:56Z</time>
   </trkpt>
   <trkpt lat="47.3778570" lon="-122.0348490">
    <ele>154.4</ele>
    <time>2022-03-06T23:20:57Z</time>
   </trkpt>
   <trkpt lat="47.3778640" lon="-122.0348550">
    <ele>154.4</ele>
    <time>2022-03-06T23:20:58Z</time>
   </trkpt>
   <trkpt lat="47.3778710" lon="-122.0348600">
    <ele>154.4</ele>
    <time>2022-03-06T23:20:59Z</time>
   </trkpt>
   <trkpt lat="47.3778890" lon="-122.0348790">
    <ele>154.3</ele>
    <time>2022-03-06T23:21:00Z</time>
   </trkpt>
   <trkpt lat="47.3778950" lon="-122.0348890">
    <ele>154.3</ele>
    <time>2022-03-06T23:21:01Z</time>
   </trkpt>
   <trkpt lat="47.3779020" lon="-122.0349000">
    <ele>154.3</ele>
    <time>2022-03-06T23:21:02Z</time>
   </trkpt>
   <trkpt lat="47.3779180" lon="-122.0349090">
    <ele>154.3</ele>
    <time>2022-03-06T23:21:03Z</time>
   </trkpt>
   <trkpt lat="47.3779330" lon="-122.0349010">
    <ele>154.3</ele>
    <time>2022-03-06T23:21:04Z</time>
   </trkpt>
   <trkpt lat="47.3779520" lon="-122.0349130">
    <ele>154.2</ele>
    <time>2022-03-06T23:21:05Z</time>
   </trkpt>
   <trkpt lat="47.3779580" lon="-122.0349160">
    <ele>154.2</ele>
    <time>2022-03-06T23:21:06Z</time>
   </trkpt>
   <trkpt lat="47.3779650" lon="-122.0349190">
    <ele>154.2</ele>
    <time>2022-03-06T23:21:07Z</time>
   </trkpt>
   <trkpt lat="47.3779710" lon="-122.0349220">
    <ele>154.2</ele>
    <time>2022-03-06T23:21:08Z</time>
   </trkpt>
   <trkpt lat="47.3779840" lon="-122.0349300">
    <ele>154.2</ele>
    <time>2022-03-06T23:21:09Z</time>
   </trkpt>
   <trkpt lat="47.3780010" lon="-122.0349370">
    <ele>154.2</ele>
    <time>2022-03-06T23:21:10Z</time>
   </trkpt>
   <trkpt lat="47.3780120" lon="-122.0349460">
    <ele>154.2</ele>
    <time>2022-03-06T23:21:11Z</time>
   </trkpt>
   <trkpt lat="47.3780220" lon="-122.0349510">
    <ele>154.1</ele>
    <time>2022-03-06T23:21:12Z</time>
   </trkpt>
   <trkpt lat="47.3780250" lon="-122.0349630">
    <ele>154.1</ele>
    <time>2022-03-06T23:21:13Z</time>
   </trkpt>
   <trkpt lat="47.3780380" lon="-122.0349750">
    <ele>154.1</ele>
    <time>2022-03-06T23:21:14Z</time>
   </trkpt>
   <trkpt lat="47.3780490" lon="-122.0349830">
    <ele>154.1</ele>
    <time>2022-03-06T23:21:15Z</time>
   </trkpt>
   <trkpt lat="47.3780540" lon="-122.0349780">
    <ele>154.1</ele>
    <time>2022-03-06T23:21:16Z</time>
   </trkpt>
   <trkpt lat="47.3780640" lon="-122.0349790">
    <ele>154.1</ele>
    <time>2022-03-06T23:21:17Z</time>
   </trkpt>
   <trkpt lat="47.3780770" lon="-122.0349930">
    <ele>154.1</ele>
    <time>2022-03-06T23:21:18Z</time>
   </trkpt>
   <trkpt lat="47.3780800" lon="-122.0350060">
    <ele>154.1</ele>
    <time>2022-03-06T23:21:19Z</time>
   </trkpt>
   <trkpt lat="47.3780890" lon="-122.0350170">
    <ele>154.0</ele>
    <time>2022-03-06T23:21:20Z</time>
   </trkpt>
   <trkpt lat="47.3781030" lon="-122.0350260">
    <ele>154.0</ele>
    <time>2022-03-06T23:21:21Z</time>
   </trkpt>
   <trkpt lat="47.3781220" lon="-122.0350450">
    <ele>154.0</ele>
    <time>2022-03-06T23:21:22Z</time>
   </trkpt>
   <trkpt lat="47.3781290" lon="-122.0350510">
    <ele>154.0</ele>
    <time>2022-03-06T23:21:23Z</time>
   </trkpt>
   <trkpt lat="47.3781370" lon="-122.0350580">
    <ele>154.0</ele>
    <time>2022-03-06T23:21:24Z</time>
   </trkpt>
   <trkpt lat="47.3781520" lon="-122.0350670">
    <ele>154.0</ele>
    <time>2022-03-06T23:21:25Z</time>
   </trkpt>
   <trkpt lat="47.3781610" lon="-122.0350800">
    <ele>154.0</ele>
    <time>2022-03-06T23:21:26Z</time>
   </trkpt>
   <trkpt lat="47.3781730" lon="-122.0350960">
    <ele>153.9</ele>
    <time>2022-03-06T23:21:27Z</time>
   </trkpt>
   <trkpt lat="47.3781890" lon="-122.0351070">
    <ele>153.9</ele>
    <time>2022-03-06T23:21:28Z</time>
   </trkpt>
   <trkpt lat="47.3782060" lon="-122.0351180">
    <ele>153.9</ele>
    <time>2022-03-06T23:21:29Z</time>
   </trkpt>
   <trkpt lat="47.3782170" lon="-122.0351220">
    <ele>153.9</ele>
    <time>2022-03-06T23:21:30Z</time>
   </trkpt>
   <trkpt lat="47.3782280" lon="-122.0351270">
    <ele>153.9</ele>
    <time>2022-03-06T23:21:31Z</time>
   </trkpt>
   <trkpt lat="47.3782390" lon="-122.0351320">
    <ele>153.9</ele>
    <time>2022-03-06T23:21:32Z</time>
   </trkpt>
   <trkpt lat="47.3782590" lon="-122.0351320">
    <ele>153.9</ele>
    <time>2022-03-06T23:21:33Z</time>
   </trkpt>
   <trkpt lat="47.3782640" lon="-122.0351510">
    <ele>153.8</ele>
    <time>2022-03-06T23:21:34Z</time>
   </trkpt>
   <trkpt lat="47.3782700" lon="-122.0351610">
    <ele>153.8</ele>
    <time>2022-03-06T23:21:35Z</time>
   </trkpt>
   <trkpt lat="47.3782800" lon="-122.0351860">
    <ele>153.8</ele>
    <time>2022-03-06T23:21:36Z</time>
   </trkpt>
   <trkpt lat="47.3782870" lon="-122.0351980">
    <ele>153.8</ele>
    <time>2022-03-06T23:21:37Z</time>
   </trkpt>
   <trkpt lat="47.3782950" lon="-122.0352140">
    <ele>153.8</ele>
    <time>2022-03-06T23:21:38Z</time>
   </trkpt>
   <trkpt lat="47.3783080" lon="-122.0352190">
    <ele>153.8</ele>
    <time>2022-03-06T23:21:39Z</time>
   </trkpt>
   <trkpt lat="47.3783140" lon="-122.0352350">
    <ele>153.8</ele>
    <time>2022-03-06T23:21:40Z</time>
   </trkpt>
   <trkpt lat="47.3783210" lon="-122.0352400">
    <ele>153.8</ele>
    <time>2022-03-06T23:21:41Z</time>
   </trkpt>
   <trkpt lat="47.3783290" lon="-122.0352480">
    <ele>153.7</ele>
    <time>2022-03-06T23:21:42Z</time>
   </trkpt>
   <trkpt lat="47.3783390" lon="-122.0352600">
    <ele>153.7</ele>
    <time>2022-03-06T23:21:43Z</time>
   </trkpt>
   <trkpt lat="47.3783460" lon="-122.0352810">
    <ele>153.7</ele>
    <time>2022-03-06T23:21:44Z</time>
   </trkpt>
   <trkpt lat="47.3783640" lon="-122.0353040">
    <ele>153.7</ele>
    <time>2022-03-06T23:21:45Z</time>
   </trkpt>
   <trkpt lat="47.3783680" lon="-122.0353130">
    <ele>153.7</ele>
    <time>2022-03-06T23:21:46Z</time>
   </trkpt>
   <trkpt lat="47.3783730" lon="-122.0353230">
    <ele>153.7</ele>
    <time>2022-03-06T23:21:47Z</time>
   </trkpt>
   <trkpt lat="47.3783960" lon="-122.0353490">
    <ele>153.6</ele>
    <time>2022-03-06T23:21:48Z</time>
   </trkpt>
   <trkpt lat="47.3784080" lon="-122.0353560">
    <ele>153.6</ele>
    <time>2022-03-06T23:21:49Z</time>
   </trkpt>
   <trkpt lat="47.3784200" lon="-122.0353620">
    <ele>153.6</ele>
    <time>2022-03-06T23:21:50Z</time>
   </trkpt>
   <trkpt lat="47.3784340" lon="-122.0353710">
    <ele>153.6</ele>
    <time>2022-03-06T23:21:51Z</time>
   </trkpt>
   <trkpt lat="47.3784490" lon="-122.0353830">
    <ele>153.6</ele>
    <time>2022-03-06T23:21:52Z</time>
   </trkpt>
   <trkpt lat="47.3784550" lon="-122.0353860">
    <ele>153.6</ele>
    <time>2022-03-06T23:21:53Z</time>
   </trkpt>
   <trkpt lat="47.3784620" lon="-122.0353890">
    <ele>153.6</ele>
    <time>2022-03-06T23:21:54Z</time>
   </trkpt>
   <trkpt lat="47.3784690" lon="-122.0353920">
    <ele>153.5</ele>
    <time>2022-03-06T23:21:55Z</time>
   </trkpt>
   <trkpt lat="47.3784750" lon="-122.0353950">
    <ele>153.5</ele>
    <time>2022-03-06T23:21:56Z</time>
   </trkpt>
   <trkpt lat="47.3784880" lon="-122.0354060">
    <ele>153.5</ele>
    <time>2022-03-06T23:21:57Z</time>
   </trkpt>
   <trkpt lat="47.3785020" lon="-122.0354240">
    <ele>153.5</ele>
    <time>2022-03-06T23:21:58Z</time>
   </trkpt>
   <trkpt lat="47.3785130" lon="-122.0354470">
    <ele>153.5</ele>
    <time>2022-03-06T23:21:59Z</time>
   </trkpt>
   <trkpt lat="47.3785190" lon="-122.0354600">
    <ele>153.5</ele>
    <time>2022-03-06T23:22:00Z</time>
   </trkpt>
   <trkpt lat="47.3785240" lon="-122.0354730">
    <ele>153.5</ele>
    <time>2022-03-06T23:22:01Z</time>
   </trkpt>
   <trkpt lat="47.3785300" lon="-122.0354800">
    <ele>153.4</ele>
    <time>2022-03-06T23:22:02Z</time>
   </trkpt>
   <trkpt lat="47.3785390" lon="-122.0354900">
    <ele>153.4</ele>
    <time>2022-03-06T23:22:03Z</time>
   </trkpt>
   <trkpt lat="47.3785520" lon="-122.0354970">
    <ele>153.4</ele>
    <time>2022-03-06T23:22:04Z</time>
   </trkpt>
   <trkpt lat="47.3785570" lon="-122.0355100">
    <ele>153.4</ele>
    <time>2022-03-06T23:22:05Z</time>
   </trkpt>
   <trkpt lat="47.3785690" lon="-122.0355160">
    <ele>153.4</ele>
    <time>2022-03-06T23:22:06Z</time>
   </trkpt>
   <trkpt lat="47.3785790" lon="-122.0355190">
    <ele>153.4</ele>
    <time>2022-03-06T23:22:07Z</time>
   </trkpt>
   <trkpt lat="47.3785850" lon="-122.0355220">
    <ele>153.4</ele>
    <time>2022-03-06T23:22:08Z</time>
   </trkpt>
   <trkpt lat="47.3785960" lon="-122.0355300">
    <ele>153.4</ele>
    <time>2022-03-06T23:22:09Z</time>
   </trkpt>
   <trkpt lat="47.3786090" lon="-122.0355340">
    <ele>153.4</ele>
    <time>2022-03-06T23:22:10Z</time>
   </trkpt>
   <trkpt lat="47.3786260" lon="-122.0355420">
    <ele>153.4</ele>
    <time>2022-03-06T23:22:11Z</time>
   </trkpt>
   <trkpt lat="47.3786420" lon="-122.0355440">
    <ele>153.3</ele>
    <time>2022-03-06T23:22:12Z</time>
   </trkpt>
   <trkpt lat="47.3786650" lon="-122.0355510">
    <ele>153.3</ele>
    <time>2022-03-06T23:22:13Z</time>
   </trkpt>
   <trkpt lat="47.3786710" lon="-122.0355580">
    <ele>153.3</ele>
    <time>2022-03-06T23:22:14Z</time>
   </trkpt>
   <trkpt lat="47.3786890" lon="-122.0355610">
    <ele>153.3</ele>
    <time>2022-03-06T23:22:15Z</time>
   </trkpt>
   <trkpt lat="47.3786970" lon="-122.0355720">
    <ele>153.3</ele>
    <time>2022-03-06T23:22:16Z</time>
   </trkpt>
   <trkpt lat="47.3787090" lon="-122.0355790">
    <ele>153.3</ele>
    <time>2022-03-06T23:22:17Z</time>
   </trkpt>
   <trkpt lat="47.3787150" lon="-122.0355920">
    <ele>153.3</ele>
    <time>2022-03-06T23:22:18Z</time>
   </trkpt>
   <trkpt lat="47.3787260" lon="-122.0356020">
    <ele>153.3</ele>
    <time>2022-03-06T23:22:19Z</time>
   </trkpt>
   <trkpt lat="47.3787390" lon="-122.0356070">
    <ele>153.2</ele>
    <time>2022-03-06T23:22:20Z</time>
   </trkpt>
   <trkpt lat="47.3787480" lon="-122.0356200">
    <ele>153.2</ele>
    <time>2022-03-06T23:22:21Z</time>
   </trkpt>
   <trkpt lat="47.3787540" lon="-122.0356260">
    <ele>153.2</ele>
    <time>2022-03-06T23:22:22Z</time>
   </trkpt>
   <trkpt lat="47.3787620" lon="-122.0356350">
    <ele>153.2</ele>
    <time>2022-03-06T23:22:23Z</time>
   </trkpt>
   <trkpt lat="47.3787740" lon="-122.0356480">
    <ele>153.2</ele>
    <time>2022-03-06T23:22:24Z</time>
   </trkpt>
   <trkpt lat="47.3787840" lon="-122.0356540">
    <ele>153.2</ele>
    <time>2022-03-06T23:22:25Z</time>
   </trkpt>
   <trkpt lat="47.3788000" lon="-122.0356720">
    <ele>153.1</ele>
    <time>2022-03-06T23:22:26Z</time>
   </trkpt>
   <trkpt lat="47.3788080" lon="-122.0356830">
    <ele>153.1</ele>
    <time>2022-03-06T23:22:27Z</time>
   </trkpt>
   <trkpt lat="47.3788170" lon="-122.0356940">
    <ele>153.1</ele>
    <time>2022-03-06T23:22:28Z</time>
   </trkpt>
   <trkpt lat="47.3788300" lon="-122.0357170">
    <ele>153.1</ele>
    <time>2022-03-06T23:22:29Z</time>
   </trkpt>
   <trkpt lat="47.3788380" lon="-122.0357230">
    <ele>153.0</ele>
    <time>2022-03-06T23:22:30Z</time>
   </trkpt>
   <trkpt lat="47.3788460" lon="-122.0357280">
    <ele>153.0</ele>
    <time>2022-03-06T23:22:31Z</time>
   </trkpt>
   <trkpt lat="47.3788590" lon="-122.0357330">
    <ele>153.0</ele>
    <time>2022-03-06T23:22:32Z</time>
   </trkpt>
   <trkpt lat="47.3788700" lon="-122.0357400">
    <ele>153.0</ele>
    <time>2022-03-06T23:22:33Z</time>
   </trkpt>
   <trkpt lat="47.3788770" lon="-122.0357500">
    <ele>153.0</ele>
    <time>2022-03-06T23:22:34Z</time>
   </trkpt>
   <trkpt lat="47.3788840" lon="-122.0357560">
    <ele>152.9</ele>
    <time>2022-03-06T23:22:35Z</time>
   </trkpt>
   <trkpt lat="47.3788980" lon="-122.0357640">
    <ele>152.9</ele>
    <time>2022-03-06T23:22:36Z</time>
   </trkpt>
   <trkpt lat="47.3789030" lon="-122.0357740">
    <ele>152.9</ele>
    <time>2022-03-06T23:22:37Z</time>
   </trkpt>
   <trkpt lat="47.3789120" lon="-122.0357820">
    <ele>152.9</ele>
    <time>2022-03-06T23:22:38Z</time>
   </trkpt>
   <trkpt lat="47.3789190" lon="-122.0357970">
    <ele>152.8</ele>
    <time>2022-03-06T23:22:39Z</time>
   </trkpt>
   <trkpt lat="47.3789250" lon="-122.0358110">
    <ele>152.8</ele>
    <time>2022-03-06T23:22:40Z</time>
   </trkpt>
   <trkpt lat="47.3789330" lon="-122.0358200">
    <ele>152.8</ele>
    <time>2022-03-06T23:22:41Z</time>
   </trkpt>
   <trkpt lat="47.3789420" lon="-122.0358310">
    <ele>152.8</ele>
    <time>2022-03-06T23:22:42Z</time>
   </trkpt>
   <trkpt lat="47.3789440" lon="-122.0358300">
    <ele>152.8</ele>
    <time>2022-03-06T23:22:43Z</time>
   </trkpt>
   <trkpt lat="47.3789490" lon="-122.0358330">
    <ele>152.8</ele>
    <time>2022-03-06T23:22:44Z</time>
   </trkpt>
   <trkpt lat="47.3789540" lon="-122.0358470">
    <ele>152.7</ele>
    <time>2022-03-06T23:22:45Z</time>
   </trkpt>
   <trkpt lat="47.3789700" lon="-122.0358610">
    <ele>152.7</ele>
    <time>2022-03-06T23:22:46Z</time>
   </trkpt>
   <trkpt lat="47.3789850" lon="-122.0358690">
    <ele>152.7</ele>
    <time>2022-03-06T23:22:47Z</time>
   </trkpt>
   <trkpt lat="47.3789890" lon="-122.0358720">
    <ele>152.7</ele>
    <time>2022-03-06T23:22:48Z</time>
   </trkpt>
   <trkpt lat="47.3789980" lon="-122.0358860">
    <ele>152.6</ele>
    <time>2022-03-06T23:22:49Z</time>
   </trkpt>
   <trkpt lat="47.3790060" lon="-122.0358880">
    <ele>152.6</ele>
    <time>2022-03-06T23:22:50Z</time>
   </trkpt>
   <trkpt lat="47.3790200" lon="-122.0359060">
    <ele>152.6</ele>
    <time>2022-03-06T23:22:51Z</time>
   </trkpt>
   <trkpt lat="47.3790280" lon="-122.0359130">
    <ele>152.6</ele>
    <time>2022-03-06T23:22:52Z</time>
   </trkpt>
   <trkpt lat="47.3790360" lon="-122.0359230">
    <ele>152.5</ele>
    <time>2022-03-06T23:22:53Z</time>
   </trkpt>
   <trkpt lat="47.3790410" lon="-122.0359330">
    <ele>152.5</ele>
    <time>2022-03-06T23:22:54Z</time>
   </trkpt>
   <trkpt lat="47.3790450" lon="-122.0359480">
    <ele>152.5</ele>
    <time>2022-03-06T23:22:55Z</time>
   </trkpt>
   <trkpt lat="47.3790600" lon="-122.0359710">
    <ele>152.5</ele>
    <time>2022-03-06T23:22:56Z</time>
   </trkpt>
   <trkpt lat="47.3790660" lon="-122.0359800">
    <ele>152.5</ele>
    <time>2022-03-06T23:22:57Z</time>
   </trkpt>
   <trkpt lat="47.3790720" lon="-122.0359890">
    <ele>152.4</ele>
    <time>2022-03-06T23:22:58Z</time>
   </trkpt>
   <trkpt lat="47.3790850" lon="-122.0360030">
    <ele>152.4</ele>
    <time>2022-03-06T23:22:59Z</time>
   </trkpt>
   <trkpt lat="47.3790990" lon="-122.0360120">
    <ele>152.4</ele>
    <time>2022-03-06T23:23:00Z</time>
   </trkpt>
   <trkpt lat="47.3791180" lon="-122.0360270">
    <ele>152.4</ele>
    <time>2022-03-06T23:23:01Z</time>
   </trkpt>
   <trkpt lat="47.3791240" lon="-122.0360370">
    <ele>152.4</ele>
    <time>2022-03-06T23:23:02Z</time>
   </trkpt>
   <trkpt lat="47.3791300" lon="-122.0360470">
    <ele>152.3</ele>
    <time>2022-03-06T23:23:03Z</time>
   </trkpt>
   <trkpt lat="47.3791460" lon="-122.0360570">
    <ele>152.3</ele>
    <time>2022-03-06T23:23:04Z</time>
   </trkpt>
   <trkpt lat="47.3791530" lon="-122.0360690">
    <ele>152.3</ele>
    <time>2022-03-06T23:23:05Z</time>
   </trkpt>
   <trkpt lat="47.3791620" lon="-122.0360750">
    <ele>152.3</ele>
    <time>2022-03-06T23:23:06Z</time>
   </trkpt>
   <trkpt lat="47.3791680" lon="-122.0360860">
    <ele>152.3</ele>
    <time>2022-03-06T23:23:07Z</time>
   </trkpt>
   <trkpt lat="47.3791770" lon="-122.0360980">
    <ele>152.3</ele>
    <time>2022-03-06T23:23:08Z</time>
   </trkpt>
   <trkpt lat="47.3791870" lon="-122.0361170">
    <ele>152.2</ele>
    <time>2022-03-06T23:23:09Z</time>
   </trkpt>
   <trkpt lat="47.3791930" lon="-122.0361260">
    <ele>152.2</ele>
    <time>2022-03-06T23:23:10Z</time>
   </trkpt>
   <trkpt lat="47.3791980" lon="-122.0361370">
    <ele>152.2</ele>
    <time>2022-03-06T23:23:11Z</time>
   </trkpt>
   <trkpt lat="47.3792070" lon="-122.0361470">
    <ele>152.2</ele>
    <time>2022-03-06T23:23:12Z</time>
   </trkpt>
   <trkpt lat="47.3792210" lon="-122.0361610">
    <ele>152.2</ele>
    <time>2022-03-06T23:23:13Z</time>
   </trkpt>
   <trkpt lat="47.3792440" lon="-122.0361880">
    <ele>152.1</ele>
    <time>2022-03-06T23:23:14Z</time>
   </trkpt>
   <trkpt lat="47.3792540" lon="-122.0361970">
    <ele>152.1</ele>
    <time>2022-03-06T23:23:15Z</time>
   </trkpt>
   <trkpt lat="47.3792660" lon="-122.0362070">
    <ele>152.1</ele>
    <time>2022-03-06T23:23:16Z</time>
   </trkpt>
   <trkpt lat="47.3792730" lon="-122.0362210">
    <ele>152.1</ele>
    <time>2022-03-06T23:23:17Z</time>
   </trkpt>
   <trkpt lat="47.3792800" lon="-122.0362280">
    <ele>152.0</ele>
    <time>2022-03-06T23:23:18Z</time>
   </trkpt>
   <trkpt lat="47.3792910" lon="-122.0362430">
    <ele>152.0</ele>
    <time>2022-03-06T23:23:19Z</time>
   </trkpt>
   <trkpt lat="47.3792970" lon="-122.0362450">
    <ele>152.0</ele>
    <time>2022-03-06T23:23:20Z</time>
   </trkpt>
   <trkpt lat="47.3793040" lon="-122.0362520">
    <ele>152.0</ele>
    <time>2022-03-06T23:23:21Z</time>
   </trkpt>
   <trkpt lat="47.3793100" lon="-122.0362650">
    <ele>152.0</ele>
    <time>2022-03-06T23:23:22Z</time>
   </trkpt>
   <trkpt lat="47.3793210" lon="-122.0362670">
    <ele>152.0</ele>
    <time>2022-03-06T23:23:23Z</time>
   </trkpt>
   <trkpt lat="47.3793280" lon="-122.0362790">
    <ele>152.0</ele>
    <time>2022-03-06T23:23:24Z</time>
   </trkpt>
   <trkpt lat="47.3793410" lon="-122.0362970">
    <ele>151.9</ele>
    <time>2022-03-06T23:23:25Z</time>
   </trkpt>
   <trkpt lat="47.3793480" lon="-122.0363060">
    <ele>151.9</ele>
    <time>2022-03-06T23:23:26Z</time>
   </trkpt>
   <trkpt lat="47.3793550" lon="-122.0363160">
    <ele>151.9</ele>
    <time>2022-03-06T23:23:27Z</time>
   </trkpt>
   <trkpt lat="47.3793610" lon="-122.0363330">
    <ele>151.9</ele>
    <time>2022-03-06T23:23:28Z</time>
   </trkpt>
   <trkpt lat="47.3793660" lon="-122.0363440">
    <ele>151.9</ele>
    <time>2022-03-06T23:23:29Z</time>
   </trkpt>
   <trkpt lat="47.3793790" lon="-122.0363530">
    <ele>151.9</ele>
    <time>2022-03-06T23:23:30Z</time>
   </trkpt>
   <trkpt lat="47.3793970" lon="-122.0363620">
    <ele>151.8</ele>
    <time>2022-03-06T23:23:31Z</time>
   </trkpt>
   <trkpt lat="47.3794050" lon="-122.0363760">
    <ele>151.8</ele>
    <time>2022-03-06T23:23:32Z</time>
   </trkpt>
   <trkpt lat="47.3794260" lon="-122.0364050">
    <ele>151.8</ele>
    <time>2022-03-06T23:23:33Z</time>
   </trkpt>
   <trkpt lat="47.3794320" lon="-122.0364180">
    <ele>151.8</ele>
    <time>2022-03-06T23:23:34Z</time>
   </trkpt>
   <trkpt lat="47.3794410" lon="-122.0364320">
    <ele>151.8</ele>
    <time>2022-03-06T23:23:35Z</time>
   </trkpt>
   <trkpt lat="47.3794460" lon="-122.0364480">
    <ele>151.8</ele>
    <time>2022-03-06T23:23:36Z</time>
   </trkpt>
   <trkpt lat="47.3794520" lon="-122.0364550">
    <ele>151.8</ele>
    <time>2022-03-06T23:23:37Z</time>
   </trkpt>
   <trkpt lat="47.3794640" lon="-122.0364820">
    <ele>151.7</ele>
    <time>2022-03-06T23:23:38Z</time>
   </trkpt>
   <trkpt lat="47.3794700" lon="-122.0364920">
    <ele>151.7</ele>
    <time>2022-03-06T23:23:39Z</time>
   </trkpt>
   <trkpt lat="47.3794760" lon="-122.0365030">
    <ele>151.7</ele>
    <time>2022-03-06T23:23:40Z</time>
   </trkpt>
   <trkpt lat="47.3794960" lon="-122.0365240">
    <ele>151.7</ele>
    <time>2022-03-06T23:23:41Z</time>
   </trkpt>
   <trkpt lat="47.3795060" lon="-122.0365320">
    <ele>151.7</ele>
    <time>2022-03-06T23:23:42Z</time>
   </trkpt>
   <trkpt lat="47.3795150" lon="-122.0365410">
    <ele>151.7</ele>
    <time>2022-03-06T23:23:43Z</time>
   </trkpt>
   <trkpt lat="47.3795360" lon="-122.0365570">
    <ele>151.7</ele>
    <time>2022-03-06T23:23:44Z</time>
   </trkpt>
   <trkpt lat="47.3795420" lon="-122.0365610">
    <ele>151.7</ele>
    <time>2022-03-06T23:23:45Z</time>
   </trkpt>
   <trkpt lat="47.3795480" lon="-122.0365650">
    <ele>151.6</ele>
    <time>2022-03-06T23:23:46Z</time>
   </trkpt>
   <trkpt lat="47.3795510" lon="-122.0365750">
    <ele>151.6</ele>
    <time>2022-03-06T23:23:47Z</time>
   </trkpt>
   <trkpt lat="47.3795570" lon="-122.0365850">
    <ele>151.6</ele>
    <time>2022-03-06T23:23:48Z</time>
   </trkpt>
   <trkpt lat="47.3795710" lon="-122.0366050">
    <ele>151.6</ele>
    <time>2022-03-06T23:23:49Z</time>
   </trkpt>
   <trkpt lat="47.3795790" lon="-122.0366300">
    <ele>151.6</ele>
    <time>2022-03-06T23:23:50Z</time>
   </trkpt>
   <trkpt lat="47.3795850" lon="-122.0366330">
    <ele>151.6</ele>
    <time>2022-03-06T23:23:51Z</time>
   </trkpt>
   <trkpt lat="47.3795940" lon="-122.0366420">
    <ele>151.6</ele>
    <time>2022-03-06T23:23:52Z</time>
   </trkpt>
   <trkpt lat="47.3796120" lon="-122.0366600">
    <ele>151.6</ele>
    <time>2022-03-06T23:23:53Z</time>
   </trkpt>
   <trkpt lat="47.3796170" lon="-122.0366770">
    <ele>151.5</ele>
    <time>2022-03-06T23:23:54Z</time>
   </trkpt>
   <trkpt lat="47.3796250" lon="-122.0366990">
    <ele>151.5</ele>
    <time>2022-03-06T23:23:55Z</time>
   </trkpt>
   <trkpt lat="47.3796310" lon="-122.0367060">
    <ele>151.5</ele>
    <time>2022-03-06T23:23:56Z</time>
   </trkpt>
   <trkpt lat="47.3796370" lon="-122.0367120">
    <ele>151.5</ele>
    <time>2022-03-06T23:23:57Z</time>
   </trkpt>
   <trkpt lat="47.3796430" lon="-122.0367190">
    <ele>151.5</ele>
    <time>2022-03-06T23:23:58Z</time>
   </trkpt>
   <trkpt lat="47.3796550" lon="-122.0367370">
    <ele>151.5</ele>
    <time>2022-03-06T23:23:59Z</time>
   </trkpt>
   <trkpt lat="47.3796630" lon="-122.0367490">
    <ele>151.5</ele>
    <time>2022-03-06T23:24:00Z</time>
   </trkpt>
   <trkpt lat="47.3796710" lon="-122.0367600">
    <ele>151.5</ele>
    <time>2022-03-06T23:24:01Z</time>
   </trkpt>
   <trkpt lat="47.3796860" lon="-122.0367850">
    <ele>151.4</ele>
    <time>2022-03-06T23:24:02Z</time>
   </trkpt>
   <trkpt lat="47.3796920" lon="-122.0367930">
    <ele>151.4</ele>
    <time>2022-03-06T23:24:03Z</time>
   </trkpt>
   <trkpt lat="47.3796980" lon="-122.0368020">
    <ele>151.4</ele>
    <time>2022-03-06T23:24:04Z</time>
   </trkpt>
   <trkpt lat="47.3796990" lon="-122.0368080">
    <ele>151.4</ele>
    <time>2022-03-06T23:24:05Z</time>
   </trkpt>
   <trkpt lat="47.3797040" lon="-122.0368220">
    <ele>151.4</ele>
    <time>2022-03-06T23:24:06Z</time>
   </trkpt>
   <trkpt lat="47.3797100" lon="-122.0368280">
    <ele>151.4</ele>
    <time>2022-03-06T23:24:07Z</time>
   </trkpt>
   <trkpt lat="47.3797170" lon="-122.0368360">
    <ele>151.4</ele>
    <time>2022-03-06T23:24:08Z</time>
   </trkpt>
   <trkpt lat="47.3797320" lon="-122.0368580">
    <ele>151.4</ele>
    <time>2022-03-06T23:24:09Z</time>
   </trkpt>
   <trkpt lat="47.3797410" lon="-122.0368660">
    <ele>151.3</ele>
    <time>2022-03-06T23:24:10Z</time>
   </trkpt>
   <trkpt lat="47.3797490" lon="-122.0368750">
    <ele>151.3</ele>
    <time>2022-03-06T23:24:11Z</time>
   </trkpt>
   <trkpt lat="47.3797650" lon="-122.0368950">
    <ele>151.3</ele>
    <time>2022-03-06T23:24:12Z</time>
   </trkpt>
   <trkpt lat="47.3797750" lon="-122.0369060">
    <ele>151.3</ele>
    <time>2022-03-06T23:24:13Z</time>
   </trkpt>
   <trkpt lat="47.3797860" lon="-122.0369160">
    <ele>151.3</ele>
    <time>2022-03-06T23:24:14Z</time>
   </trkpt>
   <trkpt lat="47.3797970" lon="-122.0369410">
    <ele>151.2</ele>
    <time>2022-03-06T23:24:15Z</time>
   </trkpt>
   <trkpt lat="47.3798090" lon="-122.0369570">
    <ele>151.2</ele>
    <time>2022-03-06T23:24:16Z</time>
   </trkpt>
   <trkpt lat="47.3798190" lon="-122.0369680">
    <ele>151.2</ele>
    <time>2022-03-06T23:24:17Z</time>
   </trkpt>
   <trkpt lat="47.3798360" lon="-122.0369850">
    <ele>151.2</ele>
    <time>2022-03-06T23:24:18Z</time>
   </trkpt>
   <trkpt lat="47.3798470" lon="-122.0370020">
    <ele>151.1</ele>
    <time>2022-03-06T23:24:19Z</time>
   </trkpt>
   <trkpt lat="47.3798550" lon="-122.0370180">
    <ele>151.1</ele>
    <time>2022-03-06T23:24:20Z</time>
   </trkpt>
   <trkpt lat="47.3798630" lon="-122.0370300">
    <ele>151.1</ele>
    <time>2022-03-06T23:24:21Z</time>
   </trkpt>
   <trkpt lat="47.3798700" lon="-122.0370460">
    <ele>151.1</ele>
    <time>2022-03-06T23:24:22Z</time>
   </trkpt>
   <trkpt lat="47.3798760" lon="-122.0370570">
    <ele>151.1</ele>
    <time>2022-03-06T23:24:23Z</time>
   </trkpt>
   <trkpt lat="47.3798940" lon="-122.0370680">
    <ele>151.0</ele>
    <time>2022-03-06T23:24:24Z</time>
   </trkpt>
   <trkpt lat="47.3799020" lon="-122.0370730">
    <ele>151.0</ele>
    <time>2022-03-06T23:24:25Z</time>
   </trkpt>
   <trkpt lat="47.3799100" lon="-122.0370780">
    <ele>151.0</ele>
    <time>2022-03-06T23:24:26Z</time>
   </trkpt>
   <trkpt lat="47.3799220" lon="-122.0370860">
    <ele>151.0</ele>
    <time>2022-03-06T23:24:27Z</time>
   </trkpt>
   <trkpt lat="47.3799320" lon="-122.0371040">
    <ele>151.0</ele>
    <time>2022-03-06T23:24:28Z</time>
   </trkpt>
   <trkpt lat="47.3799400" lon="-122.0371070">
    <ele>151.0</ele>
    <time>2022-03-06T23:24:29Z</time>
   </trkpt>
   <trkpt lat="47.3799430" lon="-122.0371200">
    <ele>151.0</ele>
    <time>2022-03-06T23:24:30Z</time>
   </trkpt>
   <trkpt lat="47.3799490" lon="-122.0371360">
    <ele>150.9</ele>
    <time>2022-03-06T23:24:31Z</time>
   </trkpt>
   <trkpt lat="47.3799570" lon="-122.0371620">
    <ele>150.9</ele>
    <time>2022-03-06T23:24:32Z</time>
   </trkpt>
   <trkpt lat="47.3799620" lon="-122.0371750">
    <ele>150.9</ele>
    <time>2022-03-06T23:24:33Z</time>
   </trkpt>
   <trkpt lat="47.3799740" lon="-122.0372060">
    <ele>150.9</ele>
    <time>2022-03-06T23:24:34Z</time>
   </trkpt>
   <trkpt lat="47.3799800" lon="-122.0372180">
    <ele>150.8</ele>
    <time>2022-03-06T23:24:35Z</time>
   </trkpt>
   <trkpt lat="47.3799850" lon="-122.0372300">
    <ele>150.8</ele>
    <time>2022-03-06T23:24:36Z</time>
   </trkpt>
   <trkpt lat="47.3799980" lon="-122.0372440">
    <ele>150.8</ele>
    <time>2022-03-06T23:24:37Z</time>
   </trkpt>
   <trkpt lat="47.3800080" lon="-122.0372610">
    <ele>150.8</ele>
    <time>2022-03-06T23:24:38Z</time>
   </trkpt>
   <trkpt lat="47.3800200" lon="-122.0372840">
    <ele>150.8</ele>
    <time>2022-03-06T23:24:39Z</time>
   </trkpt>
   <trkpt lat="47.3800260" lon="-122.0372960">
    <ele>150.7</ele>
    <time>2022-03-06T23:24:40Z</time>
   </trkpt>
   <trkpt lat="47.3800310" lon="-122.0373090">
    <ele>150.7</ele>
    <time>2022-03-06T23:24:41Z</time>
   </trkpt>
   <trkpt lat="47.3800390" lon="-122.0373340">
    <ele>150.7</ele>
    <time>2022-03-06T23:24:42Z</time>
   </trkpt>
   <trkpt lat="47.3800460" lon="-122.0373450">
    <ele>150.7</ele>
    <time>2022-03-06T23:24:43Z</time>
   </trkpt>
   <trkpt lat="47.3800490" lon="-122.0373600">
    <ele>150.7</ele>
    <time>2022-03-06T23:24:44Z</time>
   </trkpt>
   <trkpt lat="47.3800570" lon="-122.0373740">
    <ele>150.7</ele>
    <time>2022-03-06T23:24:45Z</time>
   </trkpt>
   <trkpt lat="47.3800600" lon="-122.0373930">
    <ele>150.6</ele>
    <time>2022-03-06T23:24:46Z</time>
   </trkpt>
   <trkpt lat="47.3800650" lon="-122.0374060">
    <ele>150.6</ele>
    <time>2022-03-06T23:24:47Z</time>
   </trkpt>
   <trkpt lat="47.3800700" lon="-122.0374220">
    <ele>150.6</ele>
    <time>2022-03-06T23:24:48Z</time>
   </trkpt>
   <trkpt lat="47.3800760" lon="-122.0374380">
    <ele>150.6</ele>
    <time>2022-03-06T23:24:49Z</time>
   </trkpt>
   <trkpt lat="47.3800870" lon="-122.0374560">
    <ele>150.6</ele>
    <time>2022-03-06T23:24:50Z</time>
   </trkpt>
   <trkpt lat="47.3800980" lon="-122.0374760">
    <ele>150.6</ele>
    <time>2022-03-06T23:24:51Z</time>
   </trkpt>
   <trkpt lat="47.3801000" lon="-122.0374880">
    <ele>150.5</ele>
    <time>2022-03-06T23:24:52Z</time>
   </trkpt>
   <trkpt lat="47.3801030" lon="-122.0375030">
    <ele>150.5</ele>
    <time>2022-03-06T23:24:53Z</time>
   </trkpt>
   <trkpt lat="47.3801080" lon="-122.0375140">
    <ele>150.5</ele>
    <time>2022-03-06T23:24:54Z</time>
   </trkpt>
   <trkpt lat="47.3801180" lon="-122.0375230">
    <ele>150.5</ele>
    <time>2022-03-06T23:24:55Z</time>
   </trkpt>
   <trkpt lat="47.3801240" lon="-122.0375310">
    <ele>150.5</ele>
    <time>2022-03-06T23:24:56Z</time>
   </trkpt>
   <trkpt lat="47.3801320" lon="-122.0375410">
    <ele>150.5</ele>
    <time>2022-03-06T23:24:57Z</time>
   </trkpt>
   <trkpt lat="47.3801430" lon="-122.0375690">
    <ele>150.5</ele>
    <time>2022-03-06T23:24:58Z</time>
   </trkpt>
   <trkpt lat="47.3801490" lon="-122.0375820">
    <ele>150.5</ele>
    <time>2022-03-06T23:24:59Z</time>
   </trkpt>
   <trkpt lat="47.3801540" lon="-122.0375940">
    <ele>150.5</ele>
    <time>2022-03-06T23:25:00Z</time>
   </trkpt>
   <trkpt lat="47.3801590" lon="-122.0376040">
    <ele>150.5</ele>
    <time>2022-03-06T23:25:01Z</time>
   </trkpt>
   <trkpt lat="47.3801690" lon="-122.0376230">
    <ele>150.4</ele>
    <time>2022-03-06T23:25:02Z</time>
   </trkpt>
   <trkpt lat="47.3801730" lon="-122.0376290">
    <ele>150.4</ele>
    <time>2022-03-06T23:25:03Z</time>
   </trkpt>
   <trkpt lat="47.3801800" lon="-122.0376460">
    <ele>150.4</ele>
    <time>2022-03-06T23:25:04Z</time>
   </trkpt>
   <trkpt lat="47.3801860" lon="-122.0376590">
    <ele>150.4</ele>
    <time>2022-03-06T23:25:05Z</time>
   </trkpt>
   <trkpt lat="47.3801920" lon="-122.0376710">
    <ele>150.4</ele>
    <time>2022-03-06T23:25:06Z</time>
   </trkpt>
   <trkpt lat="47.3801980" lon="-122.0376830">
    <ele>150.4</ele>
    <time>2022-03-06T23:25:07Z</time>
   </trkpt>
   <trkpt lat="47.3802040" lon="-122.0377040">
    <ele>150.4</ele>
    <time>2022-03-06T23:25:08Z</time>
   </trkpt>
   <trkpt lat="47.3802110" lon="-122.0377230">
    <ele>150.4</ele>
    <time>2022-03-06T23:25:09Z</time>
   </trkpt>
   <trkpt lat="47.3802190" lon="-122.0377380">
    <ele>150.4</ele>
    <time>2022-03-06T23:25:10Z</time>
   </trkpt>
   <trkpt lat="47.3802190" lon="-122.0377450">
    <ele>150.4</ele>
    <time>2022-03-06T23:25:11Z</time>
   </trkpt>
   <trkpt lat="47.3802250" lon="-122.0377500">
    <ele>150.4</ele>
    <time>2022-03-06T23:25:12Z</time>
   </trkpt>
   <trkpt lat="47.3802270" lon="-122.0377550">
    <ele>150.4</ele>
    <time>2022-03-06T23:25:13Z</time>
   </trkpt>
   <trkpt lat="47.3802340" lon="-122.0377640">
    <ele>150.4</ele>
    <time>2022-03-06T23:25:14Z</time>
   </trkpt>
   <trkpt lat="47.3802410" lon="-122.0377820">
    <ele>150.4</ele>
    <time>2022-03-06T23:25:15Z</time>
   </trkpt>
   <trkpt lat="47.3802490" lon="-122.0377930">
    <ele>150.4</ele>
    <time>2022-03-06T23:25:16Z</time>
   </trkpt>
   <trkpt lat="47.3802540" lon="-122.0378020">
    <ele>150.3</ele>
    <time>2022-03-06T23:25:17Z</time>
   </trkpt>
   <trkpt lat="47.3802590" lon="-122.0378130">
    <ele>150.3</ele>
    <time>2022-03-06T23:25:18Z</time>
   </trkpt>
   <trkpt lat="47.3802650" lon="-122.0378240">
    <ele>150.3</ele>
    <time>2022-03-06T23:25:19Z</time>
   </trkpt>
   <trkpt lat="47.3802720" lon="-122.0378370">
    <ele>150.3</ele>
    <time>2022-03-06T23:25:20Z</time>
   </trkpt>
   <trkpt lat="47.3802820" lon="-122.0378580">
    <ele>150.3</ele>
    <time>2022-03-06T23:25:21Z</time>
   </trkpt>
   <trkpt lat="47.3802870" lon="-122.0378700">
    <ele>150.3</ele>
    <time>2022-03-06T23:25:22Z</time>
   </trkpt>
   <trkpt lat="47.3802910" lon="-122.0378810">
    <ele>150.3</ele>
    <time>2022-03-06T23:25:23Z</time>
   </trkpt>
   <trkpt lat="47.3802980" lon="-122.0379010">
    <ele>150.3</ele>
    <time>2022-03-06T23:25:24Z</time>
   </trkpt>
   <trkpt lat="47.3803050" lon="-122.0379090">
    <ele>150.3</ele>
    <time>2022-03-06T23:25:25Z</time>
   </trkpt>
   <trkpt lat="47.3803100" lon="-122.0379260">
    <ele>150.2</ele>
    <time>2022-03-06T23:25:26Z</time>
   </trkpt>
   <trkpt lat="47.3803140" lon="-122.0379430">
    <ele>150.2</ele>
    <time>2022-03-06T23:25:27Z</time>
   </trkpt>
   <trkpt lat="47.3803220" lon="-122.0379550">
    <ele>150.2</ele>
    <time>2022-03-06T23:25:28Z</time>
   </trkpt>
   <trkpt lat="47.3803290" lon="-122.0379680">
    <ele>150.2</ele>
    <time>2022-03-06T23:25:29Z</time>
   </trkpt>
   <trkpt lat="47.3803280" lon="-122.0379780">
    <ele>150.2</ele>
    <time>2022-03-06T23:25:30Z</time>
   </trkpt>
   <trkpt lat="47.3803320" lon="-122.0379920">
    <ele>150.2</ele>
    <time>2022-03-06T23:25:31Z</time>
   </trkpt>
   <trkpt lat="47.3803430" lon="-122.0380020">
    <ele>150.2</ele>
    <time>2022-03-06T23:25:32Z</time>
   </trkpt>
   <trkpt lat="47.3803510" lon="-122.0380150">
    <ele>150.1</ele>
    <time>2022-03-06T23:25:33Z</time>
   </trkpt>
   <trkpt lat="47.3803540" lon="-122.0380320">
    <ele>150.1</ele>
    <time>2022-03-06T23:25:34Z</time>
   </trkpt>
   <trkpt lat="47.3803560" lon="-122.0380360">
    <ele>150.1</ele>
    <time>2022-03-06T23:25:35Z</time>
   </trkpt>
   <trkpt lat="47.3803590" lon="-122.0380440">
    <ele>150.1</ele>
    <time>2022-03-06T23:25:36Z</time>
   </trkpt>
   <trkpt lat="47.3803630" lon="-122.0380610">
    <ele>150.1</ele>
    <time>2022-03-06T23:25:37Z</time>
   </trkpt>
   <trkpt lat="47.3803710" lon="-122.0380810">
    <ele>150.1</ele>
    <time>2022-03-06T23:25:38Z</time>
   </trkpt>
   <trkpt lat="47.3803740" lon="-122.0380950">
    <ele>150.1</ele>
    <time>2022-03-06T23:25:39Z</time>
   </trkpt>
   <trkpt lat="47.3803850" lon="-122.0381080">
    <ele>150.0</ele>
    <time>2022-03-06T23:25:40Z</time>
   </trkpt>
   <trkpt lat="47.3803940" lon="-122.0381200">
    <ele>150.0</ele>
    <time>2022-03-06T23:25:41Z</time>
   </trkpt>
   <trkpt lat="47.3804070" lon="-122.0381390">
    <ele>150.0</ele>
    <time>2022-03-06T23:25:42Z</time>
   </trkpt>
   <trkpt lat="47.3804170" lon="-122.0381540">
    <ele>150.0</ele>
    <time>2022-03-06T23:25:43Z</time>
   </trkpt>
   <trkpt lat="47.3804220" lon="-122.0381520">
    <ele>149.9</ele>
    <time>2022-03-06T23:25:44Z</time>
   </trkpt>
   <trkpt lat="47.3804250" lon="-122.0381630">
    <ele>149.9</ele>
    <time>2022-03-06T23:25:45Z</time>
   </trkpt>
   <trkpt lat="47.3804310" lon="-122.0381700">
    <ele>149.9</ele>
    <time>2022-03-06T23:25:46Z</time>
   </trkpt>
   <trkpt lat="47.3804340" lon="-122.0381800">
    <ele>149.9</ele>
    <time>2022-03-06T23:25:47Z</time>
   </trkpt>
   <trkpt lat="47.3804380" lon="-122.0381900">
    <ele>149.9</ele>
    <time>2022-03-06T23:25:48Z</time>
   </trkpt>
   <trkpt lat="47.3804450" lon="-122.0382170">
    <ele>149.9</ele>
    <time>2022-03-06T23:25:49Z</time>
   </trkpt>
   <trkpt lat="47.3804480" lon="-122.0382290">
    <ele>149.8</ele>
    <time>2022-03-06T23:25:50Z</time>
   </trkpt>
   <trkpt lat="47.3804500" lon="-122.0382410">
    <ele>149.8</ele>
    <time>2022-03-06T23:25:51Z</time>
   </trkpt>
   <trkpt lat="47.3804480" lon="-122.0382580">
    <ele>149.8</ele>
    <time>2022-03-06T23:25:52Z</time>
   </trkpt>
   <trkpt lat="47.3804490" lon="-122.0382820">
    <ele>149.8</ele>
    <time>2022-03-06T23:25:53Z</time>
   </trkpt>
   <trkpt lat="47.3804480" lon="-122.0383130">
    <ele>149.7</ele>
    <time>2022-03-06T23:25:54Z</time>
   </trkpt>
   <trkpt lat="47.3804480" lon="-122.0383280">
    <ele>149.7</ele>
    <time>2022-03-06T23:25:55Z</time>
   </trkpt>
   <trkpt lat="47.3804480" lon="-122.0383430">
    <ele>149.7</ele>
    <time>2022-03-06T23:25:56Z</time>
   </trkpt>
   <trkpt lat="47.3804530" lon="-122.0383540">
    <ele>149.7</ele>
    <time>2022-03-06T23:25:57Z</time>
   </trkpt>
   <trkpt lat="47.3804540" lon="-122.0383650">
    <ele>149.6</ele>
    <time>2022-03-06T23:25:58Z</time>
   </trkpt>
   <trkpt lat="47.3804540" lon="-122.0383850">
    <ele>149.6</ele>
    <time>2022-03-06T23:25:59Z</time>
   </trkpt>
   <trkpt lat="47.3804560" lon="-122.0384190">
    <ele>149.6</ele>
    <time>2022-03-06T23:26:00Z</time>
   </trkpt>
   <trkpt lat="47.3804630" lon="-122.0384380">
    <ele>149.5</ele>
    <time>2022-03-06T23:26:01Z</time>
   </trkpt>
   <trkpt lat="47.3804700" lon="-122.0384560">
    <ele>149.5</ele>
    <time>2022-03-06T23:26:02Z</time>
   </trkpt>
   <trkpt lat="47.3804710" lon="-122.0384870">
    <ele>149.5</ele>
    <time>2022-03-06T23:26:03Z</time>
   </trkpt>
   <trkpt lat="47.3804720" lon="-122.0384990">
    <ele>149.4</ele>
    <time>2022-03-06T23:26:04Z</time>
   </trkpt>
   <trkpt lat="47.3804720" lon="-122.0385110">
    <ele>149.4</ele>
    <time>2022-03-06T23:26:05Z</time>
   </trkpt>
   <trkpt lat="47.3804790" lon="-122.0385420">
    <ele>149.4</ele>
    <time>2022-03-06T23:26:06Z</time>
   </trkpt>
   <trkpt lat="47.3804810" lon="-122.0385560">
    <ele>149.4</ele>
    <time>2022-03-06T23:26:07Z</time>
   </trkpt>
   <trkpt lat="47.3804820" lon="-122.0385690">
    <ele>149.3</ele>
    <time>2022-03-06T23:26:08Z</time>
   </trkpt>
   <trkpt lat="47.3804890" lon="-122.0385950">
    <ele>149.3</ele>
    <time>2022-03-06T23:26:09Z</time>
   </trkpt>
   <trkpt lat="47.3804910" lon="-122.0386090">
    <ele>149.3</ele>
    <time>2022-03-06T23:26:10Z</time>
   </trkpt>
   <trkpt lat="47.3804850" lon="-122.0386480">
    <ele>149.3</ele>
    <time>2022-03-06T23:26:11Z</time>
   </trkpt>
   <trkpt lat="47.3804840" lon="-122.0386620">
    <ele>149.2</ele>
    <time>2022-03-06T23:26:12Z</time>
   </trkpt>
   <trkpt lat="47.3804940" lon="-122.0386980">
    <ele>149.2</ele>
    <time>2022-03-06T23:26:13Z</time>
   </trkpt>
   <trkpt lat="47.3804980" lon="-122.0387110">
    <ele>149.2</ele>
    <time>2022-03-06T23:26:14Z</time>
   </trkpt>
   <trkpt lat="47.3805060" lon="-122.0387230">
    <ele>149.2</ele>
    <time>2022-03-06T23:26:15Z</time>
   </trkpt>
   <trkpt lat="47.3805180" lon="-122.0387550">
    <ele>149.1</ele>
    <time>2022-03-06T23:26:16Z</time>
   </trkpt>
   <trkpt lat="47.3805280" lon="-122.0387650">
    <ele>149.1</ele>
    <time>2022-03-06T23:26:17Z</time>
   </trkpt>
   <trkpt lat="47.3805370" lon="-122.0387750">
    <ele>149.1</ele>
    <time>2022-03-06T23:26:18Z</time>
   </trkpt>
   <trkpt lat="47.3805400" lon="-122.0387790">
    <ele>149.1</ele>
    <time>2022-03-06T23:26:19Z</time>
   </trkpt>
   <trkpt lat="47.3805460" lon="-122.0387850">
    <ele>149.1</ele>
    <time>2022-03-06T23:26:20Z</time>
   </trkpt>
   <trkpt lat="47.3805550" lon="-122.0388060">
    <ele>149.0</ele>
    <time>2022-03-06T23:26:21Z</time>
   </trkpt>
   <trkpt lat="47.3805600" lon="-122.0388170">
    <ele>149.0</ele>
    <time>2022-03-06T23:26:22Z</time>
   </trkpt>
   <trkpt lat="47.3805630" lon="-122.0388430">
    <ele>149.0</ele>
    <time>2022-03-06T23:26:23Z</time>
   </trkpt>
   <trkpt lat="47.3805630" lon="-122.0388510">
    <ele>149.0</ele>
    <time>2022-03-06T23:26:24Z</time>
   </trkpt>
   <trkpt lat="47.3805660" lon="-122.0388490">
    <ele>149.0</ele>
    <time>2022-03-06T23:26:25Z</time>
   </trkpt>
   <trkpt lat="47.3805640" lon="-122.0388580">
    <ele>149.0</ele>
    <time>2022-03-06T23:26:26Z</time>
   </trkpt>
   <trkpt lat="47.3805570" lon="-122.0388690">
    <ele>149.0</ele>
    <time>2022-03-06T23:26:27Z</time>
   </trkpt>
   <trkpt lat="47.3805510" lon="-122.0388760">
    <ele>148.9</ele>
    <time>2022-03-06T23:26:28Z</time>
   </trkpt>
   <trkpt lat="47.3805540" lon="-122.0388930">
    <ele>148.9</ele>
    <time>2022-03-06T23:26:29Z</time>
   </trkpt>
   <trkpt lat="47.3805550" lon="-122.0389040">
    <ele>148.9</ele>
    <time>2022-03-06T23:26:30Z</time>
   </trkpt>
   <trkpt lat="47.3805590" lon="-122.0389220">
    <ele>148.9</ele>
    <time>2022-03-06T23:26:31Z</time>
   </trkpt>
   <trkpt lat="47.3805630" lon="-122.0389320">
    <ele>148.9</ele>
    <time>2022-03-06T23:26:32Z</time>
   </trkpt>
   <trkpt lat="47.3805670" lon="-122.0389420">
    <ele>148.9</ele>
    <time>2022-03-06T23:26:33Z</time>
   </trkpt>
   <trkpt lat="47.3805710" lon="-122.0389530">
    <ele>148.9</ele>
    <time>2022-03-06T23:26:34Z</time>
   </trkpt>
   <trkpt lat="47.3805810" lon="-122.0389660">
    <ele>148.8</ele>
    <time>2022-03-06T23:26:35Z</time>
   </trkpt>
   <trkpt lat="47.3805870" lon="-122.0389780">
    <ele>148.8</ele>
    <time>2022-03-06T23:26:36Z</time>
   </trkpt>
   <trkpt lat="47.3805930" lon="-122.0389900">
    <ele>148.8</ele>
    <time>2022-03-06T23:26:37Z</time>
   </trkpt>
   <trkpt lat="47.3805980" lon="-122.0390090">
    <ele>148.8</ele>
    <time>2022-03-06T23:26:38Z</time>
   </trkpt>
   <trkpt lat="47.3806010" lon="-122.0390220">
    <ele>148.8</ele>
    <time>2022-03-06T23:26:39Z</time>
   </trkpt>
   <trkpt lat="47.3806030" lon="-122.0390340">
    <ele>148.8</ele>
    <time>2022-03-06T23:26:40Z</time>
   </trkpt>
   <trkpt lat="47.3806060" lon="-122.0390460">
    <ele>148.7</ele>
    <time>2022-03-06T23:26:41Z</time>
   </trkpt>
   <trkpt lat="47.3806110" lon="-122.0390630">
    <ele>148.7</ele>
    <time>2022-03-06T23:26:42Z</time>
   </trkpt>
   <trkpt lat="47.3806160" lon="-122.0390770">
    <ele>148.7</ele>
    <time>2022-03-06T23:26:43Z</time>
   </trkpt>
   <trkpt lat="47.3806180" lon="-122.0390890">
    <ele>148.7</ele>
    <time>2022-03-06T23:26:44Z</time>
   </trkpt>
   <trkpt lat="47.3806260" lon="-122.0390970">
    <ele>148.7</ele>
    <time>2022-03-06T23:26:45Z</time>
   </trkpt>
   <trkpt lat="47.3806300" lon="-122.0391100">
    <ele>148.7</ele>
    <time>2022-03-06T23:26:46Z</time>
   </trkpt>
   <trkpt lat="47.3806340" lon="-122.0391230">
    <ele>148.7</ele>
    <time>2022-03-06T23:26:47Z</time>
   </trkpt>
   <trkpt lat="47.3806360" lon="-122.0391380">
    <ele>148.7</ele>
    <time>2022-03-06T23:26:48Z</time>
   </trkpt>
   <trkpt lat="47.3806370" lon="-122.0391520">
    <ele>148.7</ele>
    <time>2022-03-06T23:26:49Z</time>
   </trkpt>
   <trkpt lat="47.3806450" lon="-122.0391630">
    <ele>148.6</ele>
    <time>2022-03-06T23:26:50Z</time>
   </trkpt>
   <trkpt lat="47.3806510" lon="-122.0391830">
    <ele>148.6</ele>
    <time>2022-03-06T23:26:51Z</time>
   </trkpt>
   <trkpt lat="47.3806550" lon="-122.0392020">
    <ele>148.6</ele>
    <time>2022-03-06T23:26:52Z</time>
   </trkpt>
   <trkpt lat="47.3806670" lon="-122.0392200">
    <ele>148.6</ele>
    <time>2022-03-06T23:26:53Z</time>
   </trkpt>
   <trkpt lat="47.3806740" lon="-122.0392380">
    <ele>148.6</ele>
    <time>2022-03-06T23:26:54Z</time>
   </trkpt>
   <trkpt lat="47.3806810" lon="-122.0392630">
    <ele>148.6</ele>
    <time>2022-03-06T23:26:55Z</time>
   </trkpt>
   <trkpt lat="47.3806850" lon="-122.0392800">
    <ele>148.5</ele>
    <time>2022-03-06T23:26:56Z</time>
   </trkpt>
   <trkpt lat="47.3806870" lon="-122.0393000">
    <ele>148.5</ele>
    <time>2022-03-06T23:26:57Z</time>
   </trkpt>
   <trkpt lat="47.3806890" lon="-122.0393100">
    <ele>148.5</ele>
    <time>2022-03-06T23:26:58Z</time>
   </trkpt>
   <trkpt lat="47.3806860" lon="-122.0393180">
    <ele>148.5</ele>
    <time>2022-03-06T23:26:59Z</time>
   </trkpt>
   <trkpt lat="47.3806860" lon="-122.0393280">
    <ele>148.5</ele>
    <time>2022-03-06T23:27:00Z</time>
   </trkpt>
   <trkpt lat="47.3806890" lon="-122.0393350">
    <ele>148.5</ele>
    <time>2022-03-06T23:27:01Z</time>
   </trkpt>
   <trkpt lat="47.3806890" lon="-122.0393540">
    <ele>148.5</ele>
    <time>2022-03-06T23:27:02Z</time>
   </trkpt>
   <trkpt lat="47.3806950" lon="-122.0393680">
    <ele>148.5</ele>
    <time>2022-03-06T23:27:03Z</time>
   </trkpt>
   <trkpt lat="47.3806980" lon="-122.0393780">
    <ele>148.5</ele>
    <time>2022-03-06T23:27:04Z</time>
   </trkpt>
   <trkpt lat="47.3807060" lon="-122.0393910">
    <ele>148.4</ele>
    <time>2022-03-06T23:27:05Z</time>
   </trkpt>
   <trkpt lat="47.3807090" lon="-122.0394050">
    <ele>148.4</ele>
    <time>2022-03-06T23:27:06Z</time>
   </trkpt>
   <trkpt lat="47.3807110" lon="-122.0394220">
    <ele>148.4</ele>
    <time>2022-03-06T23:27:07Z</time>
   </trkpt>
   <trkpt lat="47.3807120" lon="-122.0394500">
    <ele>148.4</ele>
    <time>2022-03-06T23:27:08Z</time>
   </trkpt>
   <trkpt lat="47.3807170" lon="-122.0394810">
    <ele>148.4</ele>
    <time>2022-03-06T23:27:09Z</time>
   </trkpt>
   <trkpt lat="47.3807150" lon="-122.0394940">
    <ele>148.4</ele>
    <time>2022-03-06T23:27:10Z</time>
   </trkpt>
   <trkpt lat="47.3807130" lon="-122.0395070">
    <ele>148.3</ele>
    <time>2022-03-06T23:27:11Z</time>
   </trkpt>
   <trkpt lat="47.3807100" lon="-122.0395180">
    <ele>148.3</ele>
    <time>2022-03-06T23:27:12Z</time>
   </trkpt>
   <trkpt lat="47.3807120" lon="-122.0395260">
    <ele>148.3</ele>
    <time>2022-03-06T23:27:13Z</time>
   </trkpt>
   <trkpt lat="47.3807130" lon="-122.0395430">
    <ele>148.3</ele>
    <time>2022-03-06T23:27:14Z</time>
   </trkpt>
   <trkpt lat="47.3807150" lon="-122.0395590">
    <ele>148.3</ele>
    <time>2022-03-06T23:27:15Z</time>
   </trkpt>
   <trkpt lat="47.3807220" lon="-122.0395900">
    <ele>148.3</ele>
    <time>2022-03-06T23:27:16Z</time>
   </trkpt>
   <trkpt lat="47.3807250" lon="-122.0396040">
    <ele>148.2</ele>
    <time>2022-03-06T23:27:17Z</time>
   </trkpt>
   <trkpt lat="47.3807270" lon="-122.0396180">
    <ele>148.2</ele>
    <time>2022-03-06T23:27:18Z</time>
   </trkpt>
   <trkpt lat="47.3807360" lon="-122.0396550">
    <ele>148.2</ele>
    <time>2022-03-06T23:27:19Z</time>
   </trkpt>
   <trkpt lat="47.3807380" lon="-122.0396650">
    <ele>148.2</ele>
    <time>2022-03-06T23:27:20Z</time>
   </trkpt>
   <trkpt lat="47.3807410" lon="-122.0396740">
    <ele>148.2</ele>
    <time>2022-03-06T23:27:21Z</time>
   </trkpt>
   <trkpt lat="47.3807480" lon="-122.0397040">
    <ele>148.2</ele>
    <time>2022-03-06T23:27:22Z</time>
   </trkpt>
   <trkpt lat="47.3807520" lon="-122.0397160">
    <ele>148.1</ele>
    <time>2022-03-06T23:27:23Z</time>
   </trkpt>
   <trkpt lat="47.3807550" lon="-122.0397270">
    <ele>148.1</ele>
    <time>2022-03-06T23:27:24Z</time>
   </trkpt>
   <trkpt lat="47.3807590" lon="-122.0397440">
    <ele>148.1</ele>
    <time>2022-03-06T23:27:25Z</time>
   </trkpt>
   <trkpt lat="47.3807660" lon="-122.0397670">
    <ele>148.1</ele>
    <time>2022-03-06T23:27:26Z</time>
   </trkpt>
   <trkpt lat="47.3807700" lon="-122.0398000">
    <ele>148.1</ele>
    <time>2022-03-06T23:27:27Z</time>
   </trkpt>
   <trkpt lat="47.3807730" lon="-122.0398160">
    <ele>148.1</ele>
    <time>2022-03-06T23:27:28Z</time>
   </trkpt>
   <trkpt lat="47.3807750" lon="-122.0398330">
    <ele>148.0</ele>
    <time>2022-03-06T23:27:29Z</time>
   </trkpt>
   <trkpt lat="47.3807780" lon="-122.0398480">
    <ele>148.0</ele>
    <time>2022-03-06T23:27:30Z</time>
   </trkpt>
   <trkpt lat="47.3807820" lon="-122.0398530">
    <ele>148.0</ele>
    <time>2022-03-06T23:27:31Z</time>
   </trkpt>
   <trkpt lat="47.3807820" lon="-122.0398740">
    <ele>148.0</ele>
    <time>2022-03-06T23:27:32Z</time>
   </trkpt>
   <trkpt lat="47.3807870" lon="-122.0399000">
    <ele>148.0</ele>
    <time>2022-03-06T23:27:33Z</time>
   </trkpt>
   <trkpt lat="47.3807890" lon="-122.0399200">
    <ele>148.0</ele>
    <time>2022-03-06T23:27:34Z</time>
   </trkpt>
   <trkpt lat="47.3807910" lon="-122.0399400">
    <ele>147.9</ele>
    <time>2022-03-06T23:27:35Z</time>
   </trkpt>
   <trkpt lat="47.3807980" lon="-122.0399800">
    <ele>147.9</ele>
    <time>2022-03-06T23:27:36Z</time>
   </trkpt>
   <trkpt lat="47.3807990" lon="-122.0399930">
    <ele>147.9</ele>
    <time>2022-03-06T23:27:37Z</time>
   </trkpt>
   <trkpt lat="47.3808050" lon="-122.0400190">
    <ele>147.9</ele>
    <time>2022-03-06T23:27:38Z</time>
   </trkpt>
   <trkpt lat="47.3808010" lon="-122.0400350">
    <ele>147.9</ele>
    <time>2022-03-06T23:27:39Z</time>
   </trkpt>
   <trkpt lat="47.3808040" lon="-122.0400540">
    <ele>147.8</ele>
    <time>2022-03-06T23:27:40Z</time>
   </trkpt>
   <trkpt lat="47.3808030" lon="-122.0400690">
    <ele>147.8</ele>
    <time>2022-03-06T23:27:41Z</time>
   </trkpt>
   <trkpt lat="47.3808010" lon="-122.0400830">
    <ele>147.8</ele>
    <time>2022-03-06T23:27:42Z</time>
   </trkpt>
   <trkpt lat="47.3808010" lon="-122.0400860">
    <ele>147.8</ele>
    <time>2022-03-06T23:27:43Z</time>
   </trkpt>
   <trkpt lat="47.3808010" lon="-122.0401100">
    <ele>147.8</ele>
    <time>2022-03-06T23:27:44Z</time>
   </trkpt>
   <trkpt lat="47.3808010" lon="-122.0401200">
    <ele>147.8</ele>
    <time>2022-03-06T23:27:45Z</time>
   </trkpt>
   <trkpt lat="47.3808000" lon="-122.0401350">
    <ele>147.7</ele>
    <time>2022-03-06T23:27:46Z</time>
   </trkpt>
   <trkpt lat="47.3808010" lon="-122.0401510">
    <ele>147.7</ele>
    <time>2022-03-06T23:27:47Z</time>
   </trkpt>
   <trkpt lat="47.3808040" lon="-122.0401600">
    <ele>147.7</ele>
    <time>2022-03-06T23:27:48Z</time>
   </trkpt>
   <trkpt lat="47.3808070" lon="-122.0401690">
    <ele>147.7</ele>
    <time>2022-03-06T23:27:49Z</time>
   </trkpt>
   <trkpt lat="47.3808110" lon="-122.0401780">
    <ele>147.7</ele>
    <time>2022-03-06T23:27:50Z</time>
   </trkpt>
   <trkpt lat="47.3808140" lon="-122.0401870">
    <ele>147.7</ele>
    <time>2022-03-06T23:27:51Z</time>
   </trkpt>
   <trkpt lat="47.3808070" lon="-122.0402020">
    <ele>147.6</ele>
    <time>2022-03-06T23:27:52Z</time>
   </trkpt>
   <trkpt lat="47.3808060" lon="-122.0402170">
    <ele>147.6</ele>
    <time>2022-03-06T23:27:53Z</time>
   </trkpt>
   <trkpt lat="47.3808050" lon="-122.0402310">
    <ele>147.6</ele>
    <time>2022-03-06T23:27:54Z</time>
   </trkpt>
   <trkpt lat="47.3808020" lon="-122.0402430">
    <ele>147.6</ele>
    <time>2022-03-06T23:27:55Z</time>
   </trkpt>
   <trkpt lat="47.3808110" lon="-122.0402730">
    <ele>147.5</ele>
    <time>2022-03-06T23:27:56Z</time>
   </trkpt>
   <trkpt lat="47.3808240" lon="-122.0403130">
    <ele>147.5</ele>
    <time>2022-03-06T23:27:57Z</time>
   </trkpt>
   <trkpt lat="47.3808160" lon="-122.0403490">
    <ele>147.4</ele>
    <time>2022-03-06T23:27:58Z</time>
   </trkpt>
   <trkpt lat="47.3808140" lon="-122.0403650">
    <ele>147.4</ele>
    <time>2022-03-06T23:27:59Z</time>
   </trkpt>
   <trkpt lat="47.3808120" lon="-122.0403800">
    <ele>147.4</ele>
    <time>2022-03-06T23:28:00Z</time>
   </trkpt>
   <trkpt lat="47.3808080" lon="-122.0404150">
    <ele>147.4</ele>
    <time>2022-03-06T23:28:01Z</time>
   </trkpt>
   <trkpt lat="47.3808070" lon="-122.0404290">
    <ele>147.4</ele>
    <time>2022-03-06T23:28:02Z</time>
   </trkpt>
   <trkpt lat="47.3808070" lon="-122.0404420">
    <ele>147.4</ele>
    <time>2022-03-06T23:28:03Z</time>
   </trkpt>
   <trkpt lat="47.3808060" lon="-122.0404560">
    <ele>147.4</ele>
    <time>2022-03-06T23:28:04Z</time>
   </trkpt>
   <trkpt lat="47.3808050" lon="-122.0404700">
    <ele>147.4</ele>
    <time>2022-03-06T23:28:05Z</time>
   </trkpt>
   <trkpt lat="47.3808050" lon="-122.0404840">
    <ele>147.4</ele>
    <time>2022-03-06T23:28:06Z</time>
   </trkpt>
   <trkpt lat="47.3808010" lon="-122.0405180">
    <ele>147.4</ele>
    <time>2022-03-06T23:28:07Z</time>
   </trkpt>
   <trkpt lat="47.3808020" lon="-122.0405280">
    <ele>147.4</ele>
    <time>2022-03-06T23:28:08Z</time>
   </trkpt>
   <trkpt lat="47.3808030" lon="-122.0405380">
    <ele>147.4</ele>
    <time>2022-03-06T23:28:09Z</time>
   </trkpt>
   <trkpt lat="47.3808030" lon="-122.0405480">
    <ele>147.4</ele>
    <time>2022-03-06T23:28:10Z</time>
   </trkpt>
   <trkpt lat="47.3808090" lon="-122.0405860">
    <ele>147.4</ele>
    <time>2022-03-06T23:28:11Z</time>
   </trkpt>
   <trkpt lat="47.3808110" lon="-122.0405970">
    <ele>147.4</ele>
    <time>2022-03-06T23:28:12Z</time>
   </trkpt>
   <trkpt lat="47.3808130" lon="-122.0406090">
    <ele>147.4</ele>
    <time>2022-03-06T23:28:13Z</time>
   </trkpt>
   <trkpt lat="47.3808170" lon="-122.0406310">
    <ele>147.4</ele>
    <time>2022-03-06T23:28:14Z</time>
   </trkpt>
   <trkpt lat="47.3808150" lon="-122.0406560">
    <ele>147.4</ele>
    <time>2022-03-06T23:28:15Z</time>
   </trkpt>
   <trkpt lat="47.3808130" lon="-122.0406850">
    <ele>147.4</ele>
    <time>2022-03-06T23:28:16Z</time>
   </trkpt>
   <trkpt lat="47.3808090" lon="-122.0406930">
    <ele>147.4</ele>
    <time>2022-03-06T23:28:17Z</time>
   </trkpt>
   <trkpt lat="47.3808060" lon="-122.0407010">
    <ele>147.4</ele>
    <time>2022-03-06T23:28:18Z</time>
   </trkpt>
   <trkpt lat="47.3808020" lon="-122.0407090">
    <ele>147.4</ele>
    <time>2022-03-06T23:28:19Z</time>
   </trkpt>
   <trkpt lat="47.3808010" lon="-122.0407310">
    <ele>147.4</ele>
    <time>2022-03-06T23:28:20Z</time>
   </trkpt>
   <trkpt lat="47.3808010" lon="-122.0407420">
    <ele>147.4</ele>
    <time>2022-03-06T23:28:21Z</time>
   </trkpt>
   <trkpt lat="47.3808020" lon="-122.0407530">
    <ele>147.4</ele>
    <time>2022-03-06T23:28:22Z</time>
   </trkpt>
   <trkpt lat="47.3808030" lon="-122.0407640">
    <ele>147.4</ele>
    <time>2022-03-06T23:28:23Z</time>
   </trkpt>
   <trkpt lat="47.3808010" lon="-122.0407830">
    <ele>147.4</ele>
    <time>2022-03-06T23:28:24Z</time>
   </trkpt>
   <trkpt lat="47.3808000" lon="-122.0408060">
    <ele>147.4</ele>
    <time>2022-03-06T23:28:25Z</time>
   </trkpt>
   <trkpt lat="47.3808030" lon="-122.0408170">
    <ele>147.4</ele>
    <time>2022-03-06T23:28:26Z</time>
   </trkpt>
   <trkpt lat="47.3808060" lon="-122.0408470">
    <ele>147.4</ele>
    <time>2022-03-06T23:28:27Z</time>
   </trkpt>
   <trkpt lat="47.3808070" lon="-122.0408910">
    <ele>147.4</ele>
    <time>2022-03-06T23:28:28Z</time>
   </trkpt>
   <trkpt lat="47.3808050" lon="-122.0409030">
    <ele>147.4</ele>
    <time>2022-03-06T23:28:29Z</time>
   </trkpt>
   <trkpt lat="47.3808100" lon="-122.0409190">
    <ele>147.4</ele>
    <time>2022-03-06T23:28:30Z</time>
   </trkpt>
   <trkpt lat="47.3808150" lon="-122.0409360">
    <ele>147.4</ele>
    <time>2022-03-06T23:28:31Z</time>
   </trkpt>
   <trkpt lat="47.3808180" lon="-122.0409440">
    <ele>147.4</ele>
    <time>2022-03-06T23:28:32Z</time>
   </trkpt>
   <trkpt lat="47.3808230" lon="-122.0409690">
    <ele>147.4</ele>
    <time>2022-03-06T23:28:33Z</time>
   </trkpt>
   <trkpt lat="47.3808240" lon="-122.0409830">
    <ele>147.4</ele>
    <time>2022-03-06T23:28:34Z</time>
   </trkpt>
   <trkpt lat="47.3808260" lon="-122.0409960">
    <ele>147.4</ele>
    <time>2022-03-06T23:28:35Z</time>
   </trkpt>
   <trkpt lat="47.3808250" lon="-122.0410190">
    <ele>147.4</ele>
    <time>2022-03-06T23:28:36Z</time>
   </trkpt>
   <trkpt lat="47.3808320" lon="-122.0410420">
    <ele>147.4</ele>
    <time>2022-03-06T23:28:37Z</time>
   </trkpt>
   <trkpt lat="47.3808360" lon="-122.0410830">
    <ele>147.4</ele>
    <time>2022-03-06T23:28:38Z</time>
   </trkpt>
   <trkpt lat="47.3808410" lon="-122.0411030">
    <ele>147.4</ele>
    <time>2022-03-06T23:28:39Z</time>
   </trkpt>
   <trkpt lat="47.3808460" lon="-122.0411250">
    <ele>147.4</ele>
    <time>2022-03-06T23:28:40Z</time>
   </trkpt>
   <trkpt lat="47.3808470" lon="-122.0411550">
    <ele>147.4</ele>
    <time>2022-03-06T23:28:41Z</time>
   </trkpt>
   <trkpt lat="47.3808480" lon="-122.0411680">
    <ele>147.4</ele>
    <time>2022-03-06T23:28:42Z</time>
   </trkpt>
   <trkpt lat="47.3808480" lon="-122.0411800">
    <ele>147.4</ele>
    <time>2022-03-06T23:28:43Z</time>
   </trkpt>
   <trkpt lat="47.3808460" lon="-122.0412090">
    <ele>147.4</ele>
    <time>2022-03-06T23:28:44Z</time>
   </trkpt>
   <trkpt lat="47.3808480" lon="-122.0412230">
    <ele>147.4</ele>
    <time>2022-03-06T23:28:45Z</time>
   </trkpt>
   <trkpt lat="47.3808490" lon="-122.0412360">
    <ele>147.4</ele>
    <time>2022-03-06T23:28:46Z</time>
   </trkpt>
   <trkpt lat="47.3808470" lon="-122.0412640">
    <ele>147.4</ele>
    <time>2022-03-06T23:28:47Z</time>
   </trkpt>
   <trkpt lat="47.3808450" lon="-122.0412800">
    <ele>147.4</ele>
    <time>2022-03-06T23:28:48Z</time>
   </trkpt>
   <trkpt lat="47.3808420" lon="-122.0412950">
    <ele>147.4</ele>
    <time>2022-03-06T23:28:49Z</time>
   </trkpt>
   <trkpt lat="47.3808390" lon="-122.0413100">
    <ele>147.4</ele>
    <time>2022-03-06T23:28:50Z</time>
   </trkpt>
   <trkpt lat="47.3808400" lon="-122.0413230">
    <ele>147.4</ele>
    <time>2022-03-06T23:28:51Z</time>
   </trkpt>
   <trkpt lat="47.3808410" lon="-122.0413420">
    <ele>147.4</ele>
    <time>2022-03-06T23:28:52Z</time>
   </trkpt>
   <trkpt lat="47.3808430" lon="-122.0413740">
    <ele>147.4</ele>
    <time>2022-03-06T23:28:53Z</time>
   </trkpt>
   <trkpt lat="47.3808430" lon="-122.0413860">
    <ele>147.4</ele>
    <time>2022-03-06T23:28:54Z</time>
   </trkpt>
   <trkpt lat="47.3808430" lon="-122.0413990">
    <ele>147.4</ele>
    <time>2022-03-06T23:28:55Z</time>
   </trkpt>
   <trkpt lat="47.3808450" lon="-122.0414000">
    <ele>147.4</ele>
    <time>2022-03-06T23:28:56Z</time>
   </trkpt>
   <trkpt lat="47.3808440" lon="-122.0414150">
    <ele>147.4</ele>
    <time>2022-03-06T23:28:57Z</time>
   </trkpt>
   <trkpt lat="47.3808490" lon="-122.0414410">
    <ele>147.4</ele>
    <time>2022-03-06T23:28:58Z</time>
   </trkpt>
   <trkpt lat="47.3808540" lon="-122.0414730">
    <ele>147.4</ele>
    <time>2022-03-06T23:28:59Z</time>
   </trkpt>
   <trkpt lat="47.3808560" lon="-122.0414850">
    <ele>147.4</ele>
    <time>2022-03-06T23:29:00Z</time>
   </trkpt>
   <trkpt lat="47.3808580" lon="-122.0414980">
    <ele>147.4</ele>
    <time>2022-03-06T23:29:01Z</time>
   </trkpt>
   <trkpt lat="47.3808590" lon="-122.0415290">
    <ele>147.3</ele>
    <time>2022-03-06T23:29:02Z</time>
   </trkpt>
   <trkpt lat="47.3808590" lon="-122.0415400">
    <ele>147.3</ele>
    <time>2022-03-06T23:29:03Z</time>
   </trkpt>
   <trkpt lat="47.3808590" lon="-122.0415520">
    <ele>147.3</ele>
    <time>2022-03-06T23:29:04Z</time>
   </trkpt>
   <trkpt lat="47.3808650" lon="-122.0415940">
    <ele>147.3</ele>
    <time>2022-03-06T23:29:05Z</time>
   </trkpt>
   <trkpt lat="47.3808690" lon="-122.0416070">
    <ele>147.3</ele>
    <time>2022-03-06T23:29:06Z</time>
   </trkpt>
   <trkpt lat="47.3808730" lon="-122.0416320">
    <ele>147.3</ele>
    <time>2022-03-06T23:29:07Z</time>
   </trkpt>
   <trkpt lat="47.3808720" lon="-122.0416570">
    <ele>147.3</ele>
    <time>2022-03-06T23:29:08Z</time>
   </trkpt>
   <trkpt lat="47.3808780" lon="-122.0416890">
    <ele>147.3</ele>
    <time>2022-03-06T23:29:09Z</time>
   </trkpt>
   <trkpt lat="47.3808810" lon="-122.0417000">
    <ele>147.3</ele>
    <time>2022-03-06T23:29:10Z</time>
   </trkpt>
   <trkpt lat="47.3808850" lon="-122.0417110">
    <ele>147.3</ele>
    <time>2022-03-06T23:29:11Z</time>
   </trkpt>
   <trkpt lat="47.3808840" lon="-122.0417370">
    <ele>147.3</ele>
    <time>2022-03-06T23:29:12Z</time>
   </trkpt>
   <trkpt lat="47.3808890" lon="-122.0417560">
    <ele>147.3</ele>
    <time>2022-03-06T23:29:13Z</time>
   </trkpt>
   <trkpt lat="47.3808930" lon="-122.0417620">
    <ele>147.3</ele>
    <time>2022-03-06T23:29:14Z</time>
   </trkpt>
   <trkpt lat="47.3808990" lon="-122.0417740">
    <ele>147.3</ele>
    <time>2022-03-06T23:29:15Z</time>
   </trkpt>
   <trkpt lat="47.3809000" lon="-122.0417860">
    <ele>147.3</ele>
    <time>2022-03-06T23:29:16Z</time>
   </trkpt>
   <trkpt lat="47.3808990" lon="-122.0417960">
    <ele>147.3</ele>
    <time>2022-03-06T23:29:17Z</time>
   </trkpt>
   <trkpt lat="47.3808950" lon="-122.0418150">
    <ele>147.3</ele>
    <time>2022-03-06T23:29:18Z</time>
   </trkpt>
   <trkpt lat="47.3808910" lon="-122.0418410">
    <ele>147.3</ele>
    <time>2022-03-06T23:29:19Z</time>
   </trkpt>
   <trkpt lat="47.3808930" lon="-122.0418600">
    <ele>147.2</ele>
    <time>2022-03-06T23:29:20Z</time>
   </trkpt>
   <trkpt lat="47.3808920" lon="-122.0418820">
    <ele>147.2</ele>
    <time>2022-03-06T23:29:21Z</time>
   </trkpt>
   <trkpt lat="47.3808930" lon="-122.0419100">
    <ele>147.2</ele>
    <time>2022-03-06T23:29:22Z</time>
   </trkpt>
   <trkpt lat="47.3808930" lon="-122.0419240">
    <ele>147.1</ele>
    <time>2022-03-06T23:29:23Z</time>
   </trkpt>
   <trkpt lat="47.3808940" lon="-122.0419380">
    <ele>147.1</ele>
    <time>2022-03-06T23:29:24Z</time>
   </trkpt>
   <trkpt lat="47.3808990" lon="-122.0419600">
    <ele>147.1</ele>
    <time>2022-03-06T23:29:25Z</time>
   </trkpt>
   <trkpt lat="47.3809020" lon="-122.0419830">
    <ele>147.1</ele>
    <time>2022-03-06T23:29:26Z</time>
   </trkpt>
   <trkpt lat="47.3809070" lon="-122.0420280">
    <ele>147.0</ele>
    <time>2022-03-06T23:29:27Z</time>
   </trkpt>
   <trkpt lat="47.3809080" lon="-122.0420390">
    <ele>147.0</ele>
    <time>2022-03-06T23:29:28Z</time>
   </trkpt>
   <trkpt lat="47.3809150" lon="-122.0420680">
    <ele>146.9</ele>
    <time>2022-03-06T23:29:29Z</time>
   </trkpt>
   <trkpt lat="47.3809170" lon="-122.0420790">
    <ele>146.9</ele>
    <time>2022-03-06T23:29:30Z</time>
   </trkpt>
   <trkpt lat="47.3809190" lon="-122.0420900">
    <ele>146.9</ele>
    <time>2022-03-06T23:29:31Z</time>
   </trkpt>
   <trkpt lat="47.3809230" lon="-122.0421220">
    <ele>146.9</ele>
    <time>2022-03-06T23:29:32Z</time>
   </trkpt>
   <trkpt lat="47.3809260" lon="-122.0421380">
    <ele>146.9</ele>
    <time>2022-03-06T23:29:33Z</time>
   </trkpt>
   <trkpt lat="47.3809290" lon="-122.0421540">
    <ele>146.8</ele>
    <time>2022-03-06T23:29:34Z</time>
   </trkpt>
   <trkpt lat="47.3809270" lon="-122.0421830">
    <ele>146.8</ele>
    <time>2022-03-06T23:29:35Z</time>
   </trkpt>
   <trkpt lat="47.3809340" lon="-122.0422040">
    <ele>146.8</ele>
    <time>2022-03-06T23:29:36Z</time>
   </trkpt>
   <trkpt lat="47.3809410" lon="-122.0422300">
    <ele>146.7</ele>
    <time>2022-03-06T23:29:37Z</time>
   </trkpt>
   <trkpt lat="47.3809440" lon="-122.0422450">
    <ele>146.7</ele>
    <time>2022-03-06T23:29:38Z</time>
   </trkpt>
   <trkpt lat="47.3809470" lon="-122.0422590">
    <ele>146.7</ele>
    <time>2022-03-06T23:29:39Z</time>
   </trkpt>
   <trkpt lat="47.3809450" lon="-122.0422730">
    <ele>146.7</ele>
    <time>2022-03-06T23:29:40Z</time>
   </trkpt>
   <trkpt lat="47.3809420" lon="-122.0422780">
    <ele>146.7</ele>
    <time>2022-03-06T23:29:41Z</time>
   </trkpt>
   <trkpt lat="47.3809390" lon="-122.0423030">
    <ele>146.6</ele>
    <time>2022-03-06T23:29:42Z</time>
   </trkpt>
   <trkpt lat="47.3809390" lon="-122.0423340">
    <ele>146.6</ele>
    <time>2022-03-06T23:29:43Z</time>
   </trkpt>
   <trkpt lat="47.3809380" lon="-122.0423470">
    <ele>146.6</ele>
    <time>2022-03-06T23:29:44Z</time>
   </trkpt>
   <trkpt lat="47.3809370" lon="-122.0423610">
    <ele>146.6</ele>
    <time>2022-03-06T23:29:45Z</time>
   </trkpt>
   <trkpt lat="47.3809380" lon="-122.0423870">
    <ele>146.5</ele>
    <time>2022-03-06T23:29:46Z</time>
   </trkpt>
   <trkpt lat="47.3809370" lon="-122.0424090">
    <ele>146.5</ele>
    <time>2022-03-06T23:29:47Z</time>
   </trkpt>
   <trkpt lat="47.3809400" lon="-122.0424360">
    <ele>146.5</ele>
    <time>2022-03-06T23:29:48Z</time>
   </trkpt>
   <trkpt lat="47.3809340" lon="-122.0424520">
    <ele>146.5</ele>
    <time>2022-03-06T23:29:49Z</time>
   </trkpt>
   <trkpt lat="47.3809290" lon="-122.0424720">
    <ele>146.4</ele>
    <time>2022-03-06T23:29:50Z</time>
   </trkpt>
   <trkpt lat="47.3809340" lon="-122.0424890">
    <ele>146.4</ele>
    <time>2022-03-06T23:29:51Z</time>
   </trkpt>
   <trkpt lat="47.3809390" lon="-122.0425000">
    <ele>146.4</ele>
    <time>2022-03-06T23:29:52Z</time>
   </trkpt>
   <trkpt lat="47.3809430" lon="-122.0425090">
    <ele>146.4</ele>
    <time>2022-03-06T23:29:53Z</time>
   </trkpt>
   <trkpt lat="47.3809440" lon="-122.0425210">
    <ele>146.4</ele>
    <time>2022-03-06T23:29:54Z</time>
   </trkpt>
   <trkpt lat="47.3809420" lon="-122.0425370">
    <ele>146.4</ele>
    <time>2022-03-06T23:29:55Z</time>
   </trkpt>
   <trkpt lat="47.3809410" lon="-122.0425500">
    <ele>146.4</ele>
    <time>2022-03-06T23:29:56Z</time>
   </trkpt>
   <trkpt lat="47.3809350" lon="-122.0425570">
    <ele>146.4</ele>
    <time>2022-03-06T23:29:57Z</time>
   </trkpt>
   <trkpt lat="47.3809300" lon="-122.0425640">
    <ele>146.4</ele>
    <time>2022-03-06T23:29:58Z</time>
   </trkpt>
   <trkpt lat="47.3809250" lon="-122.0425760">
    <ele>146.4</ele>
    <time>2022-03-06T23:29:59Z</time>
   </trkpt>
   <trkpt lat="47.3809210" lon="-122.0425840">
    <ele>146.4</ele>
    <time>2022-03-06T23:30:00Z</time>
   </trkpt>
   <trkpt lat="47.3809180" lon="-122.0425970">
    <ele>146.4</ele>
    <time>2022-03-06T23:30:01Z</time>
   </trkpt>
   <trkpt lat="47.3809170" lon="-122.0426150">
    <ele>146.4</ele>
    <time>2022-03-06T23:30:02Z</time>
   </trkpt>
   <trkpt lat="47.3809210" lon="-122.0426310">
    <ele>146.4</ele>
    <time>2022-03-06T23:30:03Z</time>
   </trkpt>
   <trkpt lat="47.3809180" lon="-122.0426540">
    <ele>146.4</ele>
    <time>2022-03-06T23:30:04Z</time>
   </trkpt>
   <trkpt lat="47.3809170" lon="-122.0426640">
    <ele>146.4</ele>
    <time>2022-03-06T23:30:05Z</time>
   </trkpt>
   <trkpt lat="47.3809150" lon="-122.0426740">
    <ele>146.4</ele>
    <time>2022-03-06T23:30:06Z</time>
   </trkpt>
   <trkpt lat="47.3809140" lon="-122.0426830">
    <ele>146.4</ele>
    <time>2022-03-06T23:30:07Z</time>
   </trkpt>
   <trkpt lat="47.3809100" lon="-122.0427000">
    <ele>146.4</ele>
    <time>2022-03-06T23:30:08Z</time>
   </trkpt>
   <trkpt lat="47.3809060" lon="-122.0427130">
    <ele>146.4</ele>
    <time>2022-03-06T23:30:09Z</time>
   </trkpt>
   <trkpt lat="47.3809040" lon="-122.0427210">
    <ele>146.4</ele>
    <time>2022-03-06T23:30:10Z</time>
   </trkpt>
   <trkpt lat="47.3809030" lon="-122.0427250">
    <ele>146.4</ele>
    <time>2022-03-06T23:30:11Z</time>
   </trkpt>
   <trkpt lat="47.3808980" lon="-122.0427290">
    <ele>146.4</ele>
    <time>2022-03-06T23:30:12Z</time>
   </trkpt>
   <trkpt lat="47.3809010" lon="-122.0427450">
    <ele>146.4</ele>
    <time>2022-03-06T23:30:13Z</time>
   </trkpt>
   <trkpt lat="47.3808990" lon="-122.0427610">
    <ele>146.4</ele>
    <time>2022-03-06T23:30:14Z</time>
   </trkpt>
   <trkpt lat="47.3808970" lon="-122.0427850">
    <ele>146.3</ele>
    <time>2022-03-06T23:30:15Z</time>
   </trkpt>
   <trkpt lat="47.3808960" lon="-122.0428000">
    <ele>146.3</ele>
    <time>2022-03-06T23:30:16Z</time>
   </trkpt>
   <trkpt lat="47.3808950" lon="-122.0428150">
    <ele>146.3</ele>
    <time>2022-03-06T23:30:17Z</time>
   </trkpt>
   <trkpt lat="47.3808970" lon="-122.0428400">
    <ele>146.3</ele>
    <time>2022-03-06T23:30:18Z</time>
   </trkpt>
   <trkpt lat="47.3809000" lon="-122.0428560">
    <ele>146.3</ele>
    <time>2022-03-06T23:30:19Z</time>
   </trkpt>
   <trkpt lat="47.3809030" lon="-122.0428710">
    <ele>146.3</ele>
    <time>2022-03-06T23:30:20Z</time>
   </trkpt>
   <trkpt lat="47.3809020" lon="-122.0429120">
    <ele>146.3</ele>
    <time>2022-03-06T23:30:21Z</time>
   </trkpt>
   <trkpt lat="47.3808990" lon="-122.0429250">
    <ele>146.3</ele>
    <time>2022-03-06T23:30:22Z</time>
   </trkpt>
   <trkpt lat="47.3809010" lon="-122.0429760">
    <ele>146.3</ele>
    <time>2022-03-06T23:30:23Z</time>
   </trkpt>
   <trkpt lat="47.3809040" lon="-122.0429900">
    <ele>146.3</ele>
    <time>2022-03-06T23:30:24Z</time>
   </trkpt>
   <trkpt lat="47.3809190" lon="-122.0430300">
    <ele>146.3</ele>
    <time>2022-03-06T23:30:25Z</time>
   </trkpt>
   <trkpt lat="47.3809260" lon="-122.0430460">
    <ele>146.3</ele>
    <time>2022-03-06T23:30:26Z</time>
   </trkpt>
   <trkpt lat="47.3809290" lon="-122.0430750">
    <ele>146.3</ele>
    <time>2022-03-06T23:30:27Z</time>
   </trkpt>
   <trkpt lat="47.3809280" lon="-122.0430880">
    <ele>146.3</ele>
    <time>2022-03-06T23:30:28Z</time>
   </trkpt>
   <trkpt lat="47.3809330" lon="-122.0431130">
    <ele>146.2</ele>
    <time>2022-03-06T23:30:29Z</time>
   </trkpt>
   <trkpt lat="47.3809320" lon="-122.0431240">
    <ele>146.2</ele>
    <time>2022-03-06T23:30:30Z</time>
   </trkpt>
   <trkpt lat="47.3809310" lon="-122.0431360">
    <ele>146.2</ele>
    <time>2022-03-06T23:30:31Z</time>
   </trkpt>
   <trkpt lat="47.3809300" lon="-122.0431480">
    <ele>146.2</ele>
    <time>2022-03-06T23:30:32Z</time>
   </trkpt>
   <trkpt lat="47.3809290" lon="-122.0431600">
    <ele>146.2</ele>
    <time>2022-03-06T23:30:33Z</time>
   </trkpt>
   <trkpt lat="47.3809310" lon="-122.0431800">
    <ele>146.2</ele>
    <time>2022-03-06T23:30:34Z</time>
   </trkpt>
   <trkpt lat="47.3809260" lon="-122.0431900">
    <ele>146.2</ele>
    <time>2022-03-06T23:30:35Z</time>
   </trkpt>
   <trkpt lat="47.3809260" lon="-122.0432100">
    <ele>146.2</ele>
    <time>2022-03-06T23:30:36Z</time>
   </trkpt>
   <trkpt lat="47.3809270" lon="-122.0432350">
    <ele>146.2</ele>
    <time>2022-03-06T23:30:37Z</time>
   </trkpt>
   <trkpt lat="47.3809270" lon="-122.0432450">
    <ele>146.2</ele>
    <time>2022-03-06T23:30:38Z</time>
   </trkpt>
   <trkpt lat="47.3809280" lon="-122.0432550">
    <ele>146.2</ele>
    <time>2022-03-06T23:30:39Z</time>
   </trkpt>
   <trkpt lat="47.3809280" lon="-122.0432650">
    <ele>146.2</ele>
    <time>2022-03-06T23:30:40Z</time>
   </trkpt>
   <trkpt lat="47.3809260" lon="-122.0432730">
    <ele>146.2</ele>
    <time>2022-03-06T23:30:41Z</time>
   </trkpt>
   <trkpt lat="47.3809180" lon="-122.0432870">
    <ele>146.2</ele>
    <time>2022-03-06T23:30:42Z</time>
   </trkpt>
   <trkpt lat="47.3809170" lon="-122.0433010">
    <ele>146.2</ele>
    <time>2022-03-06T23:30:43Z</time>
   </trkpt>
   <trkpt lat="47.3809110" lon="-122.0433100">
    <ele>146.1</ele>
    <time>2022-03-06T23:30:44Z</time>
   </trkpt>
   <trkpt lat="47.3809130" lon="-122.0433390">
    <ele>146.1</ele>
    <time>2022-03-06T23:30:45Z</time>
   </trkpt>
   <trkpt lat="47.3809150" lon="-122.0433590">
    <ele>146.1</ele>
    <time>2022-03-06T23:30:46Z</time>
   </trkpt>
   <trkpt lat="47.3809150" lon="-122.0433840">
    <ele>146.1</ele>
    <time>2022-03-06T23:30:47Z</time>
   </trkpt>
   <trkpt lat="47.3809160" lon="-122.0433950">
    <ele>146.1</ele>
    <time>2022-03-06T23:30:48Z</time>
   </trkpt>
   <trkpt lat="47.3809170" lon="-122.0434050">
    <ele>146.1</ele>
    <time>2022-03-06T23:30:49Z</time>
   </trkpt>
   <trkpt lat="47.3809190" lon="-122.0434150">
    <ele>146.1</ele>
    <time>2022-03-06T23:30:50Z</time>
   </trkpt>
   <trkpt lat="47.3809250" lon="-122.0434480">
    <ele>146.1</ele>
    <time>2022-03-06T23:30:51Z</time>
   </trkpt>
   <trkpt lat="47.3809230" lon="-122.0434650">
    <ele>146.0</ele>
    <time>2022-03-06T23:30:52Z</time>
   </trkpt>
   <trkpt lat="47.3809210" lon="-122.0434820">
    <ele>146.0</ele>
    <time>2022-03-06T23:30:53Z</time>
   </trkpt>
   <trkpt lat="47.3809250" lon="-122.0434980">
    <ele>146.0</ele>
    <time>2022-03-06T23:30:54Z</time>
   </trkpt>
   <trkpt lat="47.3809250" lon="-122.0435150">
    <ele>146.0</ele>
    <time>2022-03-06T23:30:55Z</time>
   </trkpt>
   <trkpt lat="47.3809250" lon="-122.0435240">
    <ele>146.0</ele>
    <time>2022-03-06T23:30:56Z</time>
   </trkpt>
   <trkpt lat="47.3809390" lon="-122.0435690">
    <ele>145.9</ele>
    <time>2022-03-06T23:30:57Z</time>
   </trkpt>
   <trkpt lat="47.3809420" lon="-122.0435810">
    <ele>145.9</ele>
    <time>2022-03-06T23:30:58Z</time>
   </trkpt>
   <trkpt lat="47.3809420" lon="-122.0435980">
    <ele>145.9</ele>
    <time>2022-03-06T23:30:59Z</time>
   </trkpt>
   <trkpt lat="47.3809420" lon="-122.0436080">
    <ele>145.9</ele>
    <time>2022-03-06T23:31:00Z</time>
   </trkpt>
   <trkpt lat="47.3809400" lon="-122.0436070">
    <ele>145.9</ele>
    <time>2022-03-06T23:31:01Z</time>
   </trkpt>
   <trkpt lat="47.3809410" lon="-122.0436200">
    <ele>145.9</ele>
    <time>2022-03-06T23:31:02Z</time>
   </trkpt>
   <trkpt lat="47.3809350" lon="-122.0436320">
    <ele>145.9</ele>
    <time>2022-03-06T23:31:03Z</time>
   </trkpt>
   <trkpt lat="47.3809300" lon="-122.0436440">
    <ele>145.9</ele>
    <time>2022-03-06T23:31:04Z</time>
   </trkpt>
   <trkpt lat="47.3809270" lon="-122.0436540">
    <ele>145.8</ele>
    <time>2022-03-06T23:31:05Z</time>
   </trkpt>
   <trkpt lat="47.3809200" lon="-122.0436550">
    <ele>145.8</ele>
    <time>2022-03-06T23:31:06Z</time>
   </trkpt>
   <trkpt lat="47.3809180" lon="-122.0436760">
    <ele>145.8</ele>
    <time>2022-03-06T23:31:07Z</time>
   </trkpt>
   <trkpt lat="47.3809160" lon="-122.0437020">
    <ele>145.8</ele>
    <time>2022-03-06T23:31:08Z</time>
   </trkpt>
   <trkpt lat="47.3809180" lon="-122.0437190">
    <ele>145.8</ele>
    <time>2022-03-06T23:31:09Z</time>
   </trkpt>
   <trkpt lat="47.3809230" lon="-122.0437380">
    <ele>145.8</ele>
    <time>2022-03-06T23:31:10Z</time>
   </trkpt>
   <trkpt lat="47.3809220" lon="-122.0437590">
    <ele>145.7</ele>
    <time>2022-03-06T23:31:11Z</time>
   </trkpt>
   <trkpt lat="47.3809360" lon="-122.0437960">
    <ele>145.7</ele>
    <time>2022-03-06T23:31:12Z</time>
   </trkpt>
   <trkpt lat="47.3809420" lon="-122.0438040">
    <ele>145.7</ele>
    <time>2022-03-06T23:31:13Z</time>
   </trkpt>
   <trkpt lat="47.3809450" lon="-122.0438220">
    <ele>145.7</ele>
    <time>2022-03-06T23:31:14Z</time>
   </trkpt>
   <trkpt lat="47.3809510" lon="-122.0438370">
    <ele>145.7</ele>
    <time>2022-03-06T23:31:15Z</time>
   </trkpt>
   <trkpt lat="47.3809480" lon="-122.0438450">
    <ele>145.6</ele>
    <time>2022-03-06T23:31:16Z</time>
   </trkpt>
   <trkpt lat="47.3809470" lon="-122.0438690">
    <ele>145.6</ele>
    <time>2022-03-06T23:31:17Z</time>
   </trkpt>
   <trkpt lat="47.3809460" lon="-122.0438770">
    <ele>145.6</ele>
    <time>2022-03-06T23:31:18Z</time>
   </trkpt>
   <trkpt lat="47.3809440" lon="-122.0438850">
    <ele>145.6</ele>
    <time>2022-03-06T23:31:19Z</time>
   </trkpt>
   <trkpt lat="47.3809420" lon="-122.0438930">
    <ele>145.6</ele>
    <time>2022-03-06T23:31:20Z</time>
   </trkpt>
   <trkpt lat="47.3809410" lon="-122.0439020">
    <ele>145.6</ele>
    <time>2022-03-06T23:31:21Z</time>
   </trkpt>
   <trkpt lat="47.3809400" lon="-122.0439170">
    <ele>145.6</ele>
    <time>2022-03-06T23:31:22Z</time>
   </trkpt>
   <trkpt lat="47.3809360" lon="-122.0439310">
    <ele>145.6</ele>
    <time>2022-03-06T23:31:23Z</time>
   </trkpt>
   <trkpt lat="47.3809320" lon="-122.0439430">
    <ele>145.6</ele>
    <time>2022-03-06T23:31:24Z</time>
   </trkpt>
   <trkpt lat="47.3809260" lon="-122.0439510">
    <ele>145.5</ele>
    <time>2022-03-06T23:31:25Z</time>
   </trkpt>
   <trkpt lat="47.3809250" lon="-122.0439700">
    <ele>145.5</ele>
    <time>2022-03-06T23:31:26Z</time>
   </trkpt>
   <trkpt lat="47.3809220" lon="-122.0439850">
    <ele>145.5</ele>
    <time>2022-03-06T23:31:27Z</time>
   </trkpt>
   <trkpt lat="47.3809230" lon="-122.0439900">
    <ele>145.5</ele>
    <time>2022-03-06T23:31:28Z</time>
   </trkpt>
   <trkpt lat="47.3809210" lon="-122.0440050">
    <ele>145.5</ele>
    <time>2022-03-06T23:31:29Z</time>
   </trkpt>
   <trkpt lat="47.3809220" lon="-122.0440170">
    <ele>145.5</ele>
    <time>2022-03-06T23:31:30Z</time>
   </trkpt>
   <trkpt lat="47.3809220" lon="-122.0440220">
    <ele>145.5</ele>
    <time>2022-03-06T23:31:31Z</time>
   </trkpt>
   <trkpt lat="47.3809190" lon="-122.0440320">
    <ele>145.5</ele>
    <time>2022-03-06T23:31:32Z</time>
   </trkpt>
   <trkpt lat="47.3809160" lon="-122.0440450">
    <ele>145.5</ele>
    <time>2022-03-06T23:31:33Z</time>
   </trkpt>
   <trkpt lat="47.3809180" lon="-122.0440740">
    <ele>145.4</ele>
    <time>2022-03-06T23:31:34Z</time>
   </trkpt>
   <trkpt lat="47.3809180" lon="-122.0440960">
    <ele>145.4</ele>
    <time>2022-03-06T23:31:35Z</time>
   </trkpt>
   <trkpt lat="47.3809220" lon="-122.0441230">
    <ele>145.4</ele>
    <time>2022-03-06T23:31:36Z</time>
   </trkpt>
   <trkpt lat="47.3809260" lon="-122.0441670">
    <ele>145.4</ele>
    <time>2022-03-06T23:31:37Z</time>
   </trkpt>
   <trkpt lat="47.3809290" lon="-122.0441800">
    <ele>145.3</ele>
    <time>2022-03-06T23:31:38Z</time>
   </trkpt>
   <trkpt lat="47.3809170" lon="-122.0442270">
    <ele>145.3</ele>
    <time>2022-03-06T23:31:39Z</time>
   </trkpt>
   <trkpt lat="47.3809180" lon="-122.0442450">
    <ele>145.3</ele>
    <time>2022-03-06T23:31:40Z</time>
   </trkpt>
   <trkpt lat="47.3809190" lon="-122.0442640">
    <ele>145.3</ele>
    <time>2022-03-06T23:31:41Z</time>
   </trkpt>
   <trkpt lat="47.3809230" lon="-122.0443070">
    <ele>145.2</ele>
    <time>2022-03-06T23:31:42Z</time>
   </trkpt>
   <trkpt lat="47.3809230" lon="-122.0443190">
    <ele>145.2</ele>
    <time>2022-03-06T23:31:43Z</time>
   </trkpt>
   <trkpt lat="47.3809300" lon="-122.0443330">
    <ele>145.2</ele>
    <time>2022-03-06T23:31:44Z</time>
   </trkpt>
   <trkpt lat="47.3809340" lon="-122.0443410">
    <ele>145.2</ele>
    <time>2022-03-06T23:31:45Z</time>
   </trkpt>
   <trkpt lat="47.3809390" lon="-122.0443560">
    <ele>145.2</ele>
    <time>2022-03-06T23:31:46Z</time>
   </trkpt>
   <trkpt lat="47.3809380" lon="-122.0443700">
    <ele>145.2</ele>
    <time>2022-03-06T23:31:47Z</time>
   </trkpt>
   <trkpt lat="47.3809380" lon="-122.0443880">
    <ele>145.1</ele>
    <time>2022-03-06T23:31:48Z</time>
   </trkpt>
   <trkpt lat="47.3809380" lon="-122.0444030">
    <ele>145.1</ele>
    <time>2022-03-06T23:31:49Z</time>
   </trkpt>
   <trkpt lat="47.3809330" lon="-122.0444130">
    <ele>145.1</ele>
    <time>2022-03-06T23:31:50Z</time>
   </trkpt>
   <trkpt lat="47.3809320" lon="-122.0444310">
    <ele>145.1</ele>
    <time>2022-03-06T23:31:51Z</time>
   </trkpt>
   <trkpt lat="47.3809310" lon="-122.0444490">
    <ele>145.1</ele>
    <time>2022-03-06T23:31:52Z</time>
   </trkpt>
   <trkpt lat="47.3809300" lon="-122.0444760">
    <ele>145.1</ele>
    <time>2022-03-06T23:31:53Z</time>
   </trkpt>
   <trkpt lat="47.3809300" lon="-122.0444900">
    <ele>145.1</ele>
    <time>2022-03-06T23:31:54Z</time>
   </trkpt>
   <trkpt lat="47.3809310" lon="-122.0445040">
    <ele>145.0</ele>
    <time>2022-03-06T23:31:55Z</time>
   </trkpt>
   <trkpt lat="47.3809320" lon="-122.0445190">
    <ele>145.0</ele>
    <time>2022-03-06T23:31:56Z</time>
   </trkpt>
   <trkpt lat="47.3809330" lon="-122.0445600">
    <ele>145.0</ele>
    <time>2022-03-06T23:31:57Z</time>
   </trkpt>
   <trkpt lat="47.3809320" lon="-122.0445710">
    <ele>145.0</ele>
    <time>2022-03-06T23:31:58Z</time>
   </trkpt>
   <trkpt lat="47.3809300" lon="-122.0445820">
    <ele>145.0</ele>
    <time>2022-03-06T23:31:59Z</time>
   </trkpt>
   <trkpt lat="47.3809310" lon="-122.0445990">
    <ele>145.0</ele>
    <time>2022-03-06T23:32:00Z</time>
   </trkpt>
   <trkpt lat="47.3809320" lon="-122.0446150">
    <ele>144.9</ele>
    <time>2022-03-06T23:32:01Z</time>
   </trkpt>
   <trkpt lat="47.3809310" lon="-122.0446260">
    <ele>144.9</ele>
    <time>2022-03-06T23:32:02Z</time>
   </trkpt>
   <trkpt lat="47.3809400" lon="-122.0446580">
    <ele>144.9</ele>
    <time>2022-03-06T23:32:03Z</time>
   </trkpt>
   <trkpt lat="47.3809450" lon="-122.0446680">
    <ele>144.9</ele>
    <time>2022-03-06T23:32:04Z</time>
   </trkpt>
   <trkpt lat="47.3809490" lon="-122.0446770">
    <ele>144.9</ele>
    <time>2022-03-06T23:32:05Z</time>
   </trkpt>
   <trkpt lat="47.3809470" lon="-122.0446930">
    <ele>144.9</ele>
    <time>2022-03-06T23:32:06Z</time>
   </trkpt>
   <trkpt lat="47.3809460" lon="-122.0447060">
    <ele>144.9</ele>
    <time>2022-03-06T23:32:07Z</time>
   </trkpt>
   <trkpt lat="47.3809460" lon="-122.0447240">
    <ele>144.9</ele>
    <time>2022-03-06T23:32:08Z</time>
   </trkpt>
   <trkpt lat="47.3809460" lon="-122.0447440">
    <ele>144.8</ele>
    <time>2022-03-06T23:32:09Z</time>
   </trkpt>
   <trkpt lat="47.3809440" lon="-122.0447580">
    <ele>144.8</ele>
    <time>2022-03-06T23:32:10Z</time>
   </trkpt>
   <trkpt lat="47.3809490" lon="-122.0447750">
    <ele>144.8</ele>
    <time>2022-03-06T23:32:11Z</time>
   </trkpt>
   <trkpt lat="47.3809440" lon="-122.0448080">
    <ele>144.8</ele>
    <time>2022-03-06T23:32:12Z</time>
   </trkpt>
   <trkpt lat="47.3809440" lon="-122.0448190">
    <ele>144.8</ele>
    <time>2022-03-06T23:32:13Z</time>
   </trkpt>
   <trkpt lat="47.3809430" lon="-122.0448300">
    <ele>144.8</ele>
    <time>2022-03-06T23:32:14Z</time>
   </trkpt>
   <trkpt lat="47.3809410" lon="-122.0448370">
    <ele>144.8</ele>
    <time>2022-03-06T23:32:15Z</time>
   </trkpt>
   <trkpt lat="47.3809500" lon="-122.0448710">
    <ele>144.7</ele>
    <time>2022-03-06T23:32:16Z</time>
   </trkpt>
   <trkpt lat="47.3809560" lon="-122.0449010">
    <ele>144.7</ele>
    <time>2022-03-06T23:32:17Z</time>
   </trkpt>
   <trkpt lat="47.3809590" lon="-122.0449110">
    <ele>144.7</ele>
    <time>2022-03-06T23:32:18Z</time>
   </trkpt>
   <trkpt lat="47.3809620" lon="-122.0449210">
    <ele>144.7</ele>
    <time>2022-03-06T23:32:19Z</time>
   </trkpt>
   <trkpt lat="47.3809690" lon="-122.0449470">
    <ele>144.7</ele>
    <time>2022-03-06T23:32:20Z</time>
   </trkpt>
   <trkpt lat="47.3809720" lon="-122.0449620">
    <ele>144.6</ele>
    <time>2022-03-06T23:32:21Z</time>
   </trkpt>
   <trkpt lat="47.3809760" lon="-122.0449890">
    <ele>144.6</ele>
    <time>2022-03-06T23:32:22Z</time>
   </trkpt>
   <trkpt lat="47.3809790" lon="-122.0450100">
    <ele>144.6</ele>
    <time>2022-03-06T23:32:23Z</time>
   </trkpt>
   <trkpt lat="47.3809900" lon="-122.0450390">
    <ele>144.6</ele>
    <time>2022-03-06T23:32:24Z</time>
   </trkpt>
   <trkpt lat="47.3809950" lon="-122.0450480">
    <ele>144.6</ele>
    <time>2022-03-06T23:32:25Z</time>
   </trkpt>
   <trkpt lat="47.3810010" lon="-122.0450580">
    <ele>144.5</ele>
    <time>2022-03-06T23:32:26Z</time>
   </trkpt>
   <trkpt lat="47.3810010" lon="-122.0450920">
    <ele>144.5</ele>
    <time>2022-03-06T23:32:27Z</time>
   </trkpt>
   <trkpt lat="47.3810000" lon="-122.0451020">
    <ele>144.5</ele>
    <time>2022-03-06T23:32:28Z</time>
   </trkpt>
   <trkpt lat="47.3810000" lon="-122.0451130">
    <ele>144.5</ele>
    <time>2022-03-06T23:32:29Z</time>
   </trkpt>
   <trkpt lat="47.3810050" lon="-122.0451300">
    <ele>144.5</ele>
    <time>2022-03-06T23:32:30Z</time>
   </trkpt>
   <trkpt lat="47.3810090" lon="-122.0451630">
    <ele>144.5</ele>
    <time>2022-03-06T23:32:31Z</time>
   </trkpt>
   <trkpt lat="47.3810230" lon="-122.0451890">
    <ele>144.4</ele>
    <time>2022-03-06T23:32:32Z</time>
   </trkpt>
   <trkpt lat="47.3810280" lon="-122.0451950">
    <ele>144.4</ele>
    <time>2022-03-06T23:32:33Z</time>
   </trkpt>
   <trkpt lat="47.3810340" lon="-122.0452020">
    <ele>144.4</ele>
    <time>2022-03-06T23:32:34Z</time>
   </trkpt>
   <trkpt lat="47.3810350" lon="-122.0452230">
    <ele>144.4</ele>
    <time>2022-03-06T23:32:35Z</time>
   </trkpt>
   <trkpt lat="47.3810370" lon="-122.0452440">
    <ele>144.4</ele>
    <time>2022-03-06T23:32:36Z</time>
   </trkpt>
   <trkpt lat="47.3810380" lon="-122.0452610">
    <ele>144.4</ele>
    <time>2022-03-06T23:32:37Z</time>
   </trkpt>
   <trkpt lat="47.3810400" lon="-122.0452720">
    <ele>144.3</ele>
    <time>2022-03-06T23:32:38Z</time>
   </trkpt>
   <trkpt lat="47.3810460" lon="-122.0452850">
    <ele>144.3</ele>
    <time>2022-03-06T23:32:39Z</time>
   </trkpt>
   <trkpt lat="47.3810420" lon="-122.0452890">
    <ele>144.3</ele>
    <time>2022-03-06T23:32:40Z</time>
   </trkpt>
   <trkpt lat="47.3810390" lon="-122.0453140">
    <ele>144.3</ele>
    <time>2022-03-06T23:32:41Z</time>
   </trkpt>
   <trkpt lat="47.3810350" lon="-122.0453260">
    <ele>144.3</ele>
    <time>2022-03-06T23:32:42Z</time>
   </trkpt>
   <trkpt lat="47.3810340" lon="-122.0453430">
    <ele>144.3</ele>
    <time>2022-03-06T23:32:43Z</time>
   </trkpt>
   <trkpt lat="47.3810370" lon="-122.0453600">
    <ele>144.3</ele>
    <time>2022-03-06T23:32:44Z</time>
   </trkpt>
   <trkpt lat="47.3810400" lon="-122.0453760">
    <ele>144.3</ele>
    <time>2022-03-06T23:32:45Z</time>
   </trkpt>
   <trkpt lat="47.3810400" lon="-122.0454040">
    <ele>144.2</ele>
    <time>2022-03-06T23:32:46Z</time>
   </trkpt>
   <trkpt lat="47.3810460" lon="-122.0454200">
    <ele>144.2</ele>
    <time>2022-03-06T23:32:47Z</time>
   </trkpt>
   <trkpt lat="47.3810490" lon="-122.0454430">
    <ele>144.2</ele>
    <time>2022-03-06T23:32:48Z</time>
   </trkpt>
   <trkpt lat="47.3810570" lon="-122.0454600">
    <ele>144.2</ele>
    <time>2022-03-06T23:32:49Z</time>
   </trkpt>
   <trkpt lat="47.3810590" lon="-122.0454940">
    <ele>144.2</ele>
    <time>2022-03-06T23:32:50Z</time>
   </trkpt>
   <trkpt lat="47.3810640" lon="-122.0455050">
    <ele>144.1</ele>
    <time>2022-03-06T23:32:51Z</time>
   </trkpt>
   <trkpt lat="47.3810690" lon="-122.0455170">
    <ele>144.1</ele>
    <time>2022-03-06T23:32:52Z</time>
   </trkpt>
   <trkpt lat="47.3810740" lon="-122.0455340">
    <ele>144.1</ele>
    <time>2022-03-06T23:32:53Z</time>
   </trkpt>
   <trkpt lat="47.3810810" lon="-122.0455570">
    <ele>144.1</ele>
    <time>2022-03-06T23:32:54Z</time>
   </trkpt>
   <trkpt lat="47.3810760" lon="-122.0455730">
    <ele>144.1</ele>
    <time>2022-03-06T23:32:55Z</time>
   </trkpt>
   <trkpt lat="47.3810810" lon="-122.0455930">
    <ele>144.1</ele>
    <time>2022-03-06T23:32:56Z</time>
   </trkpt>
   <trkpt lat="47.3810750" lon="-122.0456070">
    <ele>144.1</ele>
    <time>2022-03-06T23:32:57Z</time>
   </trkpt>
   <trkpt lat="47.3810710" lon="-122.0456280">
    <ele>144.0</ele>
    <time>2022-03-06T23:32:58Z</time>
   </trkpt>
   <trkpt lat="47.3810770" lon="-122.0456490">
    <ele>144.0</ele>
    <time>2022-03-06T23:32:59Z</time>
   </trkpt>
   <trkpt lat="47.3810890" lon="-122.0456750">
    <ele>144.0</ele>
    <time>2022-03-06T23:33:00Z</time>
   </trkpt>
   <trkpt lat="47.3810960" lon="-122.0456890">
    <ele>144.0</ele>
    <time>2022-03-06T23:33:01Z</time>
   </trkpt>
   <trkpt lat="47.3811060" lon="-122.0457030">
    <ele>144.0</ele>
    <time>2022-03-06T23:33:02Z</time>
   </trkpt>
   <trkpt lat="47.3811110" lon="-122.0457200">
    <ele>144.0</ele>
    <time>2022-03-06T23:33:03Z</time>
   </trkpt>
   <trkpt lat="47.3811090" lon="-122.0457370">
    <ele>143.9</ele>
    <time>2022-03-06T23:33:04Z</time>
   </trkpt>
   <trkpt lat="47.3811140" lon="-122.0457610">
    <ele>143.9</ele>
    <time>2022-03-06T23:33:05Z</time>
   </trkpt>
   <trkpt lat="47.3811200" lon="-122.0457770">
    <ele>143.9</ele>
    <time>2022-03-06T23:33:06Z</time>
   </trkpt>
   <trkpt lat="47.3811230" lon="-122.0458060">
    <ele>143.9</ele>
    <time>2022-03-06T23:33:07Z</time>
   </trkpt>
   <trkpt lat="47.3811230" lon="-122.0458170">
    <ele>143.8</ele>
    <time>2022-03-06T23:33:08Z</time>
   </trkpt>
   <trkpt lat="47.3811230" lon="-122.0458280">
    <ele>143.8</ele>
    <time>2022-03-06T23:33:09Z</time>
   </trkpt>
   <trkpt lat="47.3811240" lon="-122.0458390">
    <ele>143.8</ele>
    <time>2022-03-06T23:33:10Z</time>
   </trkpt>
   <trkpt lat="47.3811240" lon="-122.0458500">
    <ele>143.8</ele>
    <time>2022-03-06T23:33:11Z</time>
   </trkpt>
   <trkpt lat="47.3811240" lon="-122.0458610">
    <ele>143.8</ele>
    <time>2022-03-06T23:33:12Z</time>
   </trkpt>
   <trkpt lat="47.3811240" lon="-122.0458720">
    <ele>143.8</ele>
    <time>2022-03-06T23:33:13Z</time>
   </trkpt>
   <trkpt lat="47.3811380" lon="-122.0459130">
    <ele>143.7</ele>
    <time>2022-03-06T23:33:14Z</time>
   </trkpt>
   <trkpt lat="47.3811430" lon="-122.0459290">
    <ele>143.7</ele>
    <time>2022-03-06T23:33:15Z</time>
   </trkpt>
   <trkpt lat="47.3811510" lon="-122.0459560">
    <ele>143.7</ele>
    <time>2022-03-06T23:33:16Z</time>
   </trkpt>
   <trkpt lat="47.3811550" lon="-122.0459670">
    <ele>143.7</ele>
    <time>2022-03-06T23:33:17Z</time>
   </trkpt>
   <trkpt lat="47.3811590" lon="-122.0459780">
    <ele>143.7</ele>
    <time>2022-03-06T23:33:18Z</time>
   </trkpt>
   <trkpt lat="47.3811670" lon="-122.0460010">
    <ele>143.6</ele>
    <time>2022-03-06T23:33:19Z</time>
   </trkpt>
   <trkpt lat="47.3811640" lon="-122.0460190">
    <ele>143.6</ele>
    <time>2022-03-06T23:33:20Z</time>
   </trkpt>
   <trkpt lat="47.3811710" lon="-122.0460500">
    <ele>143.6</ele>
    <time>2022-03-06T23:33:21Z</time>
   </trkpt>
   <trkpt lat="47.3811720" lon="-122.0460610">
    <ele>143.6</ele>
    <time>2022-03-06T23:33:22Z</time>
   </trkpt>
   <trkpt lat="47.3811820" lon="-122.0460850">
    <ele>143.6</ele>
    <time>2022-03-06T23:33:23Z</time>
   </trkpt>
   <trkpt lat="47.3811900" lon="-122.0461010">
    <ele>143.5</ele>
    <time>2022-03-06T23:33:24Z</time>
   </trkpt>
   <trkpt lat="47.3811960" lon="-122.0461140">
    <ele>143.5</ele>
    <time>2022-03-06T23:33:25Z</time>
   </trkpt>
   <trkpt lat="47.3812010" lon="-122.0461420">
    <ele>143.5</ele>
    <time>2022-03-06T23:33:26Z</time>
   </trkpt>
   <trkpt lat="47.3812030" lon="-122.0461690">
    <ele>143.5</ele>
    <time>2022-03-06T23:33:27Z</time>
   </trkpt>
   <trkpt lat="47.3812080" lon="-122.0461870">
    <ele>143.5</ele>
    <time>2022-03-06T23:33:28Z</time>
   </trkpt>
   <trkpt lat="47.3812130" lon="-122.0462050">
    <ele>143.5</ele>
    <time>2022-03-06T23:33:29Z</time>
   </trkpt>
   <trkpt lat="47.3812150" lon="-122.0462250">
    <ele>143.4</ele>
    <time>2022-03-06T23:33:30Z</time>
   </trkpt>
   <trkpt lat="47.3812220" lon="-122.0462360">
    <ele>143.4</ele>
    <time>2022-03-06T23:33:31Z</time>
   </trkpt>
   <trkpt lat="47.3812280" lon="-122.0462440">
    <ele>143.4</ele>
    <time>2022-03-06T23:33:32Z</time>
   </trkpt>
   <trkpt lat="47.3812470" lon="-122.0462800">
    <ele>143.4</ele>
    <time>2022-03-06T23:33:33Z</time>
   </trkpt>
   <trkpt lat="47.3812540" lon="-122.0462920">
    <ele>143.4</ele>
    <time>2022-03-06T23:33:34Z</time>
   </trkpt>
   <trkpt lat="47.3812630" lon="-122.0463110">
    <ele>143.4</ele>
    <time>2022-03-06T23:33:35Z</time>
   </trkpt>
   <trkpt lat="47.3812720" lon="-122.0463350">
    <ele>143.3</ele>
    <time>2022-03-06T23:33:36Z</time>
   </trkpt>
   <trkpt lat="47.3812720" lon="-122.0463520">
    <ele>143.3</ele>
    <time>2022-03-06T23:33:37Z</time>
   </trkpt>
   <trkpt lat="47.3812790" lon="-122.0463660">
    <ele>143.3</ele>
    <time>2022-03-06T23:33:38Z</time>
   </trkpt>
   <trkpt lat="47.3812740" lon="-122.0463810">
    <ele>143.3</ele>
    <time>2022-03-06T23:33:39Z</time>
   </trkpt>
   <trkpt lat="47.3812810" lon="-122.0463970">
    <ele>143.3</ele>
    <time>2022-03-06T23:33:40Z</time>
   </trkpt>
   <trkpt lat="47.3812870" lon="-122.0464200">
    <ele>143.3</ele>
    <time>2022-03-06T23:33:41Z</time>
   </trkpt>
   <trkpt lat="47.3812980" lon="-122.0464410">
    <ele>143.3</ele>
    <time>2022-03-06T23:33:42Z</time>
   </trkpt>
   <trkpt lat="47.3813090" lon="-122.0464580">
    <ele>143.2</ele>
    <time>2022-03-06T23:33:43Z</time>
   </trkpt>
   <trkpt lat="47.3813150" lon="-122.0464850">
    <ele>143.2</ele>
    <time>2022-03-06T23:33:44Z</time>
   </trkpt>
   <trkpt lat="47.3813160" lon="-122.0464970">
    <ele>143.2</ele>
    <time>2022-03-06T23:33:45Z</time>
   </trkpt>
   <trkpt lat="47.3813170" lon="-122.0465100">
    <ele>143.2</ele>
    <time>2022-03-06T23:33:46Z</time>
   </trkpt>
   <trkpt lat="47.3813300" lon="-122.0465360">
    <ele>143.2</ele>
    <time>2022-03-06T23:33:47Z</time>
   </trkpt>
   <trkpt lat="47.3813350" lon="-122.0465440">
    <ele>143.2</ele>
    <time>2022-03-06T23:33:48Z</time>
   </trkpt>
   <trkpt lat="47.3813390" lon="-122.0465530">
    <ele>143.1</ele>
    <time>2022-03-06T23:33:49Z</time>
   </trkpt>
   <trkpt lat="47.3813490" lon="-122.0465620">
    <ele>143.1</ele>
    <time>2022-03-06T23:33:50Z</time>
   </trkpt>
   <trkpt lat="47.3813560" lon="-122.0465790">
    <ele>143.1</ele>
    <time>2022-03-06T23:33:51Z</time>
   </trkpt>
   <trkpt lat="47.3813590" lon="-122.0465850">
    <ele>143.1</ele>
    <time>2022-03-06T23:33:52Z</time>
   </trkpt>
   <trkpt lat="47.3813680" lon="-122.0466140">
    <ele>143.1</ele>
    <time>2022-03-06T23:33:53Z</time>
   </trkpt>
   <trkpt lat="47.3813730" lon="-122.0466260">
    <ele>143.1</ele>
    <time>2022-03-06T23:33:54Z</time>
   </trkpt>
   <trkpt lat="47.3813780" lon="-122.0466380">
    <ele>143.1</ele>
    <time>2022-03-06T23:33:55Z</time>
   </trkpt>
   <trkpt lat="47.3813800" lon="-122.0466480">
    <ele>143.0</ele>
    <time>2022-03-06T23:33:56Z</time>
   </trkpt>
   <trkpt lat="47.3813860" lon="-122.0466580">
    <ele>143.0</ele>
    <time>2022-03-06T23:33:57Z</time>
   </trkpt>
   <trkpt lat="47.3813990" lon="-122.0466760">
    <ele>143.0</ele>
    <time>2022-03-06T23:33:58Z</time>
   </trkpt>
   <trkpt lat="47.3814090" lon="-122.0466890">
    <ele>143.0</ele>
    <time>2022-03-06T23:33:59Z</time>
   </trkpt>
   <trkpt lat="47.3814120" lon="-122.0467000">
    <ele>143.0</ele>
    <time>2022-03-06T23:34:00Z</time>
   </trkpt>
   <trkpt lat="47.3814210" lon="-122.0467120">
    <ele>143.0</ele>
    <time>2022-03-06T23:34:01Z</time>
   </trkpt>
   <trkpt lat="47.3814300" lon="-122.0467420">
    <ele>142.9</ele>
    <time>2022-03-06T23:34:02Z</time>
   </trkpt>
   <trkpt lat="47.3814320" lon="-122.0467530">
    <ele>142.9</ele>
    <time>2022-03-06T23:34:03Z</time>
   </trkpt>
   <trkpt lat="47.3814350" lon="-122.0467640">
    <ele>142.9</ele>
    <time>2022-03-06T23:34:04Z</time>
   </trkpt>
   <trkpt lat="47.3814380" lon="-122.0467800">
    <ele>142.9</ele>
    <time>2022-03-06T23:34:05Z</time>
   </trkpt>
   <trkpt lat="47.3814430" lon="-122.0468020">
    <ele>142.9</ele>
    <time>2022-03-06T23:34:06Z</time>
   </trkpt>
   <trkpt lat="47.3814540" lon="-122.0468230">
    <ele>142.9</ele>
    <time>2022-03-06T23:34:07Z</time>
   </trkpt>
   <trkpt lat="47.3814620" lon="-122.0468350">
    <ele>142.9</ele>
    <time>2022-03-06T23:34:08Z</time>
   </trkpt>
   <trkpt lat="47.3814750" lon="-122.0468720">
    <ele>142.8</ele>
    <time>2022-03-06T23:34:09Z</time>
   </trkpt>
   <trkpt lat="47.3814790" lon="-122.0468860">
    <ele>142.8</ele>
    <time>2022-03-06T23:34:10Z</time>
   </trkpt>
   <trkpt lat="47.3814810" lon="-122.0469030">
    <ele>142.8</ele>
    <time>2022-03-06T23:34:11Z</time>
   </trkpt>
   <trkpt lat="47.3814920" lon="-122.0469280">
    <ele>142.8</ele>
    <time>2022-03-06T23:34:12Z</time>
   </trkpt>
   <trkpt lat="47.3815010" lon="-122.0469440">
    <ele>142.7</ele>
    <time>2022-03-06T23:34:13Z</time>
   </trkpt>
   <trkpt lat="47.3815060" lon="-122.0469650">
    <ele>142.7</ele>
    <time>2022-03-06T23:34:14Z</time>
   </trkpt>
   <trkpt lat="47.3815150" lon="-122.0469820">
    <ele>142.7</ele>
    <time>2022-03-06T23:34:15Z</time>
   </trkpt>
   <trkpt lat="47.3815170" lon="-122.0469910">
    <ele>142.7</ele>
    <time>2022-03-06T23:34:16Z</time>
   </trkpt>
   <trkpt lat="47.3815220" lon="-122.0469980">
    <ele>142.7</ele>
    <time>2022-03-06T23:34:17Z</time>
   </trkpt>
   <trkpt lat="47.3815290" lon="-122.0470090">
    <ele>142.7</ele>
    <time>2022-03-06T23:34:18Z</time>
   </trkpt>
   <trkpt lat="47.3815330" lon="-122.0470260">
    <ele>142.7</ele>
    <time>2022-03-06T23:34:19Z</time>
   </trkpt>
   <trkpt lat="47.3815390" lon="-122.0470430">
    <ele>142.6</ele>
    <time>2022-03-06T23:34:20Z</time>
   </trkpt>
   <trkpt lat="47.3815530" lon="-122.0470760">
    <ele>142.6</ele>
    <time>2022-03-06T23:34:21Z</time>
   </trkpt>
   <trkpt lat="47.3815580" lon="-122.0470900">
    <ele>142.6</ele>
    <time>2022-03-06T23:34:22Z</time>
   </trkpt>
   <trkpt lat="47.3815610" lon="-122.0471050">
    <ele>142.6</ele>
    <time>2022-03-06T23:34:23Z</time>
   </trkpt>
   <trkpt lat="47.3815640" lon="-122.0471340">
    <ele>142.6</ele>
    <time>2022-03-06T23:34:24Z</time>
   </trkpt>
   <trkpt lat="47.3815710" lon="-122.0471510">
    <ele>142.5</ele>
    <time>2022-03-06T23:34:25Z</time>
   </trkpt>
   <trkpt lat="47.3815710" lon="-122.0471630">
    <ele>142.5</ele>
    <time>2022-03-06T23:34:26Z</time>
   </trkpt>
   <trkpt lat="47.3815710" lon="-122.0471760">
    <ele>142.5</ele>
    <time>2022-03-06T23:34:27Z</time>
   </trkpt>
   <trkpt lat="47.3815900" lon="-122.0472080">
    <ele>142.5</ele>
    <time>2022-03-06T23:34:28Z</time>
   </trkpt>
   <trkpt lat="47.3816000" lon="-122.0472210">
    <ele>142.5</ele>
    <time>2022-03-06T23:34:29Z</time>
   </trkpt>
   <trkpt lat="47.3816060" lon="-122.0472420">
    <ele>142.5</ele>
    <time>2022-03-06T23:34:30Z</time>
   </trkpt>
   <trkpt lat="47.3816130" lon="-122.0472600">
    <ele>142.5</ele>
    <time>2022-03-06T23:34:31Z</time>
   </trkpt>
   <trkpt lat="47.3816210" lon="-122.0472790">
    <ele>142.5</ele>
    <time>2022-03-06T23:34:32Z</time>
   </trkpt>
   <trkpt lat="47.3816340" lon="-122.0473030">
    <ele>142.5</ele>
    <time>2022-03-06T23:34:33Z</time>
   </trkpt>
   <trkpt lat="47.3816520" lon="-122.0473370">
    <ele>142.4</ele>
    <time>2022-03-06T23:34:34Z</time>
   </trkpt>
   <trkpt lat="47.3816560" lon="-122.0473470">
    <ele>142.4</ele>
    <time>2022-03-06T23:34:35Z</time>
   </trkpt>
   <trkpt lat="47.3816610" lon="-122.0473640">
    <ele>142.4</ele>
    <time>2022-03-06T23:34:36Z</time>
   </trkpt>
   <trkpt lat="47.3816680" lon="-122.0473840">
    <ele>142.4</ele>
    <time>2022-03-06T23:34:37Z</time>
   </trkpt>
   <trkpt lat="47.3816780" lon="-122.0474010">
    <ele>142.4</ele>
    <time>2022-03-06T23:34:38Z</time>
   </trkpt>
   <trkpt lat="47.3816840" lon="-122.0474180">
    <ele>142.4</ele>
    <time>2022-03-06T23:34:39Z</time>
   </trkpt>
   <trkpt lat="47.3816970" lon="-122.0474340">
    <ele>142.4</ele>
    <time>2022-03-06T23:34:40Z</time>
   </trkpt>
   <trkpt lat="47.3816990" lon="-122.0474500">
    <ele>142.4</ele>
    <time>2022-03-06T23:34:41Z</time>
   </trkpt>
   <trkpt lat="47.3816990" lon="-122.0474540">
    <ele>142.4</ele>
    <time>2022-03-06T23:34:42Z</time>
   </trkpt>
   <trkpt lat="47.3817050" lon="-122.0474730">
    <ele>142.4</ele>
    <time>2022-03-06T23:34:43Z</time>
   </trkpt>
   <trkpt lat="47.3817150" lon="-122.0474900">
    <ele>142.4</ele>
    <time>2022-03-06T23:34:44Z</time>
   </trkpt>
   <trkpt lat="47.3817170" lon="-122.0475040">
    <ele>142.4</ele>
    <time>2022-03-06T23:34:45Z</time>
   </trkpt>
   <trkpt lat="47.3817260" lon="-122.0475170">
    <ele>142.4</ele>
    <time>2022-03-06T23:34:46Z</time>
   </trkpt>
   <trkpt lat="47.3817300" lon="-122.0475190">
    <ele>142.4</ele>
    <time>2022-03-06T23:34:47Z</time>
   </trkpt>
   <trkpt lat="47.3817370" lon="-122.0475310">
    <ele>142.4</ele>
    <time>2022-03-06T23:34:48Z</time>
   </trkpt>
   <trkpt lat="47.3817410" lon="-122.0475480">
    <ele>142.4</ele>
    <time>2022-03-06T23:34:49Z</time>
   </trkpt>
   <trkpt lat="47.3817430" lon="-122.0475590">
    <ele>142.4</ele>
    <time>2022-03-06T23:34:50Z</time>
   </trkpt>
   <trkpt lat="47.3817400" lon="-122.0475720">
    <ele>142.4</ele>
    <time>2022-03-06T23:34:51Z</time>
   </trkpt>
   <trkpt lat="47.3817310" lon="-122.0475770">
    <ele>142.4</ele>
    <time>2022-03-06T23:34:52Z</time>
   </trkpt>
   <trkpt lat="47.3817250" lon="-122.0475680">
    <ele>142.4</ele>
    <time>2022-03-06T23:34:53Z</time>
   </trkpt>
   <trkpt lat="47.3817230" lon="-122.0475530">
    <ele>142.4</ele>
    <time>2022-03-06T23:34:54Z</time>
   </trkpt>
   <trkpt lat="47.3817170" lon="-122.0475390">
    <ele>142.4</ele>
    <time>2022-03-06T23:34:55Z</time>
   </trkpt>
   <trkpt lat="47.3817180" lon="-122.0475260">
    <ele>142.4</ele>
    <time>2022-03-06T23:34:56Z</time>
   </trkpt>
   <trkpt lat="47.3817060" lon="-122.0475090">
    <ele>142.4</ele>
    <time>2022-03-06T23:34:57Z</time>
   </trkpt>
   <trkpt lat="47.3817090" lon="-122.0474900">
    <ele>142.4</ele>
    <time>2022-03-06T23:34:58Z</time>
   </trkpt>
   <trkpt lat="47.3817010" lon="-122.0474770">
    <ele>142.4</ele>
    <time>2022-03-06T23:34:59Z</time>
   </trkpt>
   <trkpt lat="47.3817000" lon="-122.0474640">
    <ele>142.4</ele>
    <time>2022-03-06T23:35:00Z</time>
   </trkpt>
   <trkpt lat="47.3816970" lon="-122.0474440">
    <ele>142.4</ele>
    <time>2022-03-06T23:35:01Z</time>
   </trkpt>
   <trkpt lat="47.3816910" lon="-122.0474270">
    <ele>142.5</ele>
    <time>2022-03-06T23:35:02Z</time>
   </trkpt>
   <trkpt lat="47.3816880" lon="-122.0474160">
    <ele>142.5</ele>
    <time>2022-03-06T23:35:03Z</time>
   </trkpt>
   <trkpt lat="47.3816860" lon="-122.0474050">
    <ele>142.5</ele>
    <time>2022-03-06T23:35:04Z</time>
   </trkpt>
   <trkpt lat="47.3816830" lon="-122.0473940">
    <ele>142.5</ele>
    <time>2022-03-06T23:35:05Z</time>
   </trkpt>
   <trkpt lat="47.3816780" lon="-122.0473860">
    <ele>142.5</ele>
    <time>2022-03-06T23:35:06Z</time>
   </trkpt>
   <trkpt lat="47.3816750" lon="-122.0473730">
    <ele>142.5</ele>
    <time>2022-03-06T23:35:07Z</time>
   </trkpt>
   <trkpt lat="47.3816690" lon="-122.0473560">
    <ele>142.5</ele>
    <time>2022-03-06T23:35:08Z</time>
   </trkpt>
   <trkpt lat="47.3816610" lon="-122.0473390">
    <ele>142.5</ele>
    <time>2022-03-06T23:35:09Z</time>
   </trkpt>
   <trkpt lat="47.3816450" lon="-122.0473170">
    <ele>142.5</ele>
    <time>2022-03-06T23:35:10Z</time>
   </trkpt>
   <trkpt lat="47.3816320" lon="-122.0473090">
    <ele>142.5</ele>
    <time>2022-03-06T23:35:11Z</time>
   </trkpt>
   <trkpt lat="47.3816150" lon="-122.0472970">
    <ele>142.5</ele>
    <time>2022-03-06T23:35:12Z</time>
   </trkpt>
   <trkpt lat="47.3816030" lon="-122.0472590">
    <ele>142.5</ele>
    <time>2022-03-06T23:35:13Z</time>
   </trkpt>
   <trkpt lat="47.3816000" lon="-122.0472480">
    <ele>142.5</ele>
    <time>2022-03-06T23:35:14Z</time>
   </trkpt>
   <trkpt lat="47.3815930" lon="-122.0472380">
    <ele>142.5</ele>
    <time>2022-03-06T23:35:15Z</time>
   </trkpt>
   <trkpt lat="47.3815820" lon="-122.0472270">
    <ele>142.5</ele>
    <time>2022-03-06T23:35:16Z</time>
   </trkpt>
   <trkpt lat="47.3815770" lon="-122.0472110">
    <ele>142.5</ele>
    <time>2022-03-06T23:35:17Z</time>
   </trkpt>
   <trkpt lat="47.3815660" lon="-122.0471990">
    <ele>142.5</ele>
    <time>2022-03-06T23:35:18Z</time>
   </trkpt>
   <trkpt lat="47.3815570" lon="-122.0471710">
    <ele>142.5</ele>
    <time>2022-03-06T23:35:19Z</time>
   </trkpt>
   <trkpt lat="47.3815500" lon="-122.0471440">
    <ele>142.6</ele>
    <time>2022-03-06T23:35:20Z</time>
   </trkpt>
   <trkpt lat="47.3815450" lon="-122.0471220">
    <ele>142.6</ele>
    <time>2022-03-06T23:35:21Z</time>
   </trkpt>
   <trkpt lat="47.3815380" lon="-122.0470930">
    <ele>142.6</ele>
    <time>2022-03-06T23:35:22Z</time>
   </trkpt>
   <trkpt lat="47.3815390" lon="-122.0470800">
    <ele>142.6</ele>
    <time>2022-03-06T23:35:23Z</time>
   </trkpt>
   <trkpt lat="47.3815390" lon="-122.0470680">
    <ele>142.6</ele>
    <time>2022-03-06T23:35:24Z</time>
   </trkpt>
   <trkpt lat="47.3815350" lon="-122.0470560">
    <ele>142.6</ele>
    <time>2022-03-06T23:35:25Z</time>
   </trkpt>
   <trkpt lat="47.3815330" lon="-122.0470470">
    <ele>142.7</ele>
    <time>2022-03-06T23:35:26Z</time>
   </trkpt>
   <trkpt lat="47.3815240" lon="-122.0470280">
    <ele>142.7</ele>
    <time>2022-03-06T23:35:27Z</time>
   </trkpt>
   <trkpt lat="47.3815190" lon="-122.0470130">
    <ele>142.7</ele>
    <time>2022-03-06T23:35:28Z</time>
   </trkpt>
   <trkpt lat="47.3815110" lon="-122.0469950">
    <ele>142.7</ele>
    <time>2022-03-06T23:35:29Z</time>
   </trkpt>
   <trkpt lat="47.3815100" lon="-122.0469860">
    <ele>142.7</ele>
    <time>2022-03-06T23:35:30Z</time>
   </trkpt>
   <trkpt lat="47.3815060" lon="-122.0469740">
    <ele>142.7</ele>
    <time>2022-03-06T23:35:31Z</time>
   </trkpt>
   <trkpt lat="47.3814990" lon="-122.0469640">
    <ele>142.7</ele>
    <time>2022-03-06T23:35:32Z</time>
   </trkpt>
   <trkpt lat="47.3814970" lon="-122.0469480">
    <ele>142.7</ele>
    <time>2022-03-06T23:35:33Z</time>
   </trkpt>
   <trkpt lat="47.3814990" lon="-122.0469410">
    <ele>142.8</ele>
    <time>2022-03-06T23:35:34Z</time>
   </trkpt>
   <trkpt lat="47.3815010" lon="-122.0469280">
    <ele>142.8</ele>
    <time>2022-03-06T23:35:35Z</time>
   </trkpt>
   <trkpt lat="47.3814990" lon="-122.0469060">
    <ele>142.8</ele>
    <time>2022-03-06T23:35:36Z</time>
   </trkpt>
   <trkpt lat="47.3814890" lon="-122.0468910">
    <ele>142.8</ele>
    <time>2022-03-06T23:35:37Z</time>
   </trkpt>
   <trkpt lat="47.3814850" lon="-122.0468720">
    <ele>142.8</ele>
    <time>2022-03-06T23:35:38Z</time>
   </trkpt>
   <trkpt lat="47.3814770" lon="-122.0468560">
    <ele>142.8</ele>
    <time>2022-03-06T23:35:39Z</time>
   </trkpt>
   <trkpt lat="47.3814720" lon="-122.0468280">
    <ele>142.9</ele>
    <time>2022-03-06T23:35:40Z</time>
   </trkpt>
   <trkpt lat="47.3814640" lon="-122.0467920">
    <ele>142.9</ele>
    <time>2022-03-06T23:35:41Z</time>
   </trkpt>
   <trkpt lat="47.3814600" lon="-122.0467680">
    <ele>142.9</ele>
    <time>2022-03-06T23:35:42Z</time>
   </trkpt>
   <trkpt lat="47.3814560" lon="-122.0467530">
    <ele>142.9</ele>
    <time>2022-03-06T23:35:43Z</time>
   </trkpt>
   <trkpt lat="47.3814490" lon="-122.0467310">
    <ele>143.0</ele>
    <time>2022-03-06T23:35:44Z</time>
   </trkpt>
   <trkpt lat="47.3814400" lon="-122.0467130">
    <ele>143.0</ele>
    <time>2022-03-06T23:35:45Z</time>
   </trkpt>
   <trkpt lat="47.3814300" lon="-122.0466980">
    <ele>143.0</ele>
    <time>2022-03-06T23:35:46Z</time>
   </trkpt>
   <trkpt lat="47.3814250" lon="-122.0466790">
    <ele>143.0</ele>
    <time>2022-03-06T23:35:47Z</time>
   </trkpt>
   <trkpt lat="47.3814190" lon="-122.0466680">
    <ele>143.0</ele>
    <time>2022-03-06T23:35:48Z</time>
   </trkpt>
   <trkpt lat="47.3814140" lon="-122.0466570">
    <ele>143.0</ele>
    <time>2022-03-06T23:35:49Z</time>
   </trkpt>
   <trkpt lat="47.3814080" lon="-122.0466460">
    <ele>143.0</ele>
    <time>2022-03-06T23:35:50Z</time>
   </trkpt>
   <trkpt lat="47.3814020" lon="-122.0466350">
    <ele>143.1</ele>
    <time>2022-03-06T23:35:51Z</time>
   </trkpt>
   <trkpt lat="47.3813970" lon="-122.0466240">
    <ele>143.1</ele>
    <time>2022-03-06T23:35:52Z</time>
   </trkpt>
   <trkpt lat="47.3813960" lon="-122.0466100">
    <ele>143.1</ele>
    <time>2022-03-06T23:35:53Z</time>
   </trkpt>
   <trkpt lat="47.3813920" lon="-122.0465880">
    <ele>143.1</ele>
    <time>2022-03-06T23:35:54Z</time>
   </trkpt>
   <trkpt lat="47.3813850" lon="-122.0465760">
    <ele>143.1</ele>
    <time>2022-03-06T23:35:55Z</time>
   </trkpt>
   <trkpt lat="47.3813810" lon="-122.0465610">
    <ele>143.1</ele>
    <time>2022-03-06T23:35:56Z</time>
   </trkpt>
   <trkpt lat="47.3813780" lon="-122.0465500">
    <ele>143.1</ele>
    <time>2022-03-06T23:35:57Z</time>
   </trkpt>
   <trkpt lat="47.3813740" lon="-122.0465350">
    <ele>143.1</ele>
    <time>2022-03-06T23:35:58Z</time>
   </trkpt>
   <trkpt lat="47.3813670" lon="-122.0465170">
    <ele>143.2</ele>
    <time>2022-03-06T23:35:59Z</time>
   </trkpt>
   <trkpt lat="47.3813570" lon="-122.0464930">
    <ele>143.2</ele>
    <time>2022-03-06T23:36:00Z</time>
   </trkpt>
   <trkpt lat="47.3813460" lon="-122.0464820">
    <ele>143.2</ele>
    <time>2022-03-06T23:36:01Z</time>
   </trkpt>
   <trkpt lat="47.3813380" lon="-122.0464530">
    <ele>143.2</ele>
    <time>2022-03-06T23:36:02Z</time>
   </trkpt>
   <trkpt lat="47.3813290" lon="-122.0464210">
    <ele>143.3</ele>
    <time>2022-03-06T23:36:03Z</time>
   </trkpt>
   <trkpt lat="47.3813330" lon="-122.0464020">
    <ele>143.3</ele>
    <time>2022-03-06T23:36:04Z</time>
   </trkpt>
   <trkpt lat="47.3813160" lon="-122.0463770">
    <ele>143.3</ele>
    <time>2022-03-06T23:36:05Z</time>
   </trkpt>
   <trkpt lat="47.3813140" lon="-122.0463620">
    <ele>143.3</ele>
    <time>2022-03-06T23:36:06Z</time>
   </trkpt>
   <trkpt lat="47.3813080" lon="-122.0463440">
    <ele>143.3</ele>
    <time>2022-03-06T23:36:07Z</time>
   </trkpt>
   <trkpt lat="47.3813040" lon="-122.0463310">
    <ele>143.3</ele>
    <time>2022-03-06T23:36:08Z</time>
   </trkpt>
   <trkpt lat="47.3813070" lon="-122.0463180">
    <ele>143.3</ele>
    <time>2022-03-06T23:36:09Z</time>
   </trkpt>
   <trkpt lat="47.3813030" lon="-122.0463100">
    <ele>143.4</ele>
    <time>2022-03-06T23:36:10Z</time>
   </trkpt>
   <trkpt lat="47.3812980" lon="-122.0462980">
    <ele>143.4</ele>
    <time>2022-03-06T23:36:11Z</time>
   </trkpt>
   <trkpt lat="47.3812850" lon="-122.0462790">
    <ele>143.4</ele>
    <time>2022-03-06T23:36:12Z</time>
   </trkpt>
   <trkpt lat="47.3812800" lon="-122.0462820">
    <ele>143.4</ele>
    <time>2022-03-06T23:36:13Z</time>
   </trkpt>
   <trkpt lat="47.3812740" lon="-122.0462700">
    <ele>143.4</ele>
    <time>2022-03-06T23:36:14Z</time>
   </trkpt>
   <trkpt lat="47.3812680" lon="-122.0462490">
    <ele>143.4</ele>
    <time>2022-03-06T23:36:15Z</time>
   </trkpt>
   <trkpt lat="47.3812710" lon="-122.0462360">
    <ele>143.4</ele>
    <time>2022-03-06T23:36:16Z</time>
   </trkpt>
   <trkpt lat="47.3812650" lon="-122.0462070">
    <ele>143.4</ele>
    <time>2022-03-06T23:36:17Z</time>
   </trkpt>
   <trkpt lat="47.3812600" lon="-122.0461930">
    <ele>143.5</ele>
    <time>2022-03-06T23:36:18Z</time>
   </trkpt>
   <trkpt lat="47.3812550" lon="-122.0461800">
    <ele>143.5</ele>
    <time>2022-03-06T23:36:19Z</time>
   </trkpt>
   <trkpt lat="47.3812500" lon="-122.0461530">
    <ele>143.5</ele>
    <time>2022-03-06T23:36:20Z</time>
   </trkpt>
   <trkpt lat="47.3812490" lon="-122.0461320">
    <ele>143.5</ele>
    <time>2022-03-06T23:36:21Z</time>
   </trkpt>
   <trkpt lat="47.3812410" lon="-122.0461020">
    <ele>143.5</ele>
    <time>2022-03-06T23:36:22Z</time>
   </trkpt>
   <trkpt lat="47.3812360" lon="-122.0460910">
    <ele>143.5</ele>
    <time>2022-03-06T23:36:23Z</time>
   </trkpt>
   <trkpt lat="47.3812310" lon="-122.0460800">
    <ele>143.5</ele>
    <time>2022-03-06T23:36:24Z</time>
   </trkpt>
   <trkpt lat="47.3812270" lon="-122.0460700">
    <ele>143.6</ele>
    <time>2022-03-06T23:36:25Z</time>
   </trkpt>
   <trkpt lat="47.3812150" lon="-122.0460460">
    <ele>143.6</ele>
    <time>2022-03-06T23:36:26Z</time>
   </trkpt>
   <trkpt lat="47.3812100" lon="-122.0460340">
    <ele>143.6</ele>
    <time>2022-03-06T23:36:27Z</time>
   </trkpt>
   <trkpt lat="47.3812060" lon="-122.0460220">
    <ele>143.6</ele>
    <time>2022-03-06T23:36:28Z</time>
   </trkpt>
   <trkpt lat="47.3811960" lon="-122.0459970">
    <ele>143.6</ele>
    <time>2022-03-06T23:36:29Z</time>
   </trkpt>
   <trkpt lat="47.3811910" lon="-122.0459860">
    <ele>143.7</ele>
    <time>2022-03-06T23:36:30Z</time>
   </trkpt>
   <trkpt lat="47.3811860" lon="-122.0459750">
    <ele>143.7</ele>
    <time>2022-03-06T23:36:31Z</time>
   </trkpt>
   <trkpt lat="47.3811780" lon="-122.0459570">
    <ele>143.7</ele>
    <time>2022-03-06T23:36:32Z</time>
   </trkpt>
   <trkpt lat="47.3811750" lon="-122.0459470">
    <ele>143.7</ele>
    <time>2022-03-06T23:36:33Z</time>
   </trkpt>
   <trkpt lat="47.3811720" lon="-122.0459370">
    <ele>143.7</ele>
    <time>2022-03-06T23:36:34Z</time>
   </trkpt>
   <trkpt lat="47.3811690" lon="-122.0459270">
    <ele>143.7</ele>
    <time>2022-03-06T23:36:35Z</time>
   </trkpt>
   <trkpt lat="47.3811620" lon="-122.0459060">
    <ele>143.7</ele>
    <time>2022-03-06T23:36:36Z</time>
   </trkpt>
   <trkpt lat="47.3811580" lon="-122.0458900">
    <ele>143.8</ele>
    <time>2022-03-06T23:36:37Z</time>
   </trkpt>
   <trkpt lat="47.3811570" lon="-122.0458720">
    <ele>143.8</ele>
    <time>2022-03-06T23:36:38Z</time>
   </trkpt>
   <trkpt lat="47.3811540" lon="-122.0458610">
    <ele>143.8</ele>
    <time>2022-03-06T23:36:39Z</time>
   </trkpt>
   <trkpt lat="47.3811510" lon="-122.0458440">
    <ele>143.8</ele>
    <time>2022-03-06T23:36:40Z</time>
   </trkpt>
   <trkpt lat="47.3811440" lon="-122.0458160">
    <ele>143.8</ele>
    <time>2022-03-06T23:36:41Z</time>
   </trkpt>
   <trkpt lat="47.3811390" lon="-122.0458000">
    <ele>143.9</ele>
    <time>2022-03-06T23:36:42Z</time>
   </trkpt>
   <trkpt lat="47.3811340" lon="-122.0457850">
    <ele>143.9</ele>
    <time>2022-03-06T23:36:43Z</time>
   </trkpt>
   <trkpt lat="47.3811380" lon="-122.0457600">
    <ele>143.9</ele>
    <time>2022-03-06T23:36:44Z</time>
   </trkpt>
   <trkpt lat="47.3811370" lon="-122.0457320">
    <ele>143.9</ele>
    <time>2022-03-06T23:36:45Z</time>
   </trkpt>
   <trkpt lat="47.3811340" lon="-122.0457040">
    <ele>144.0</ele>
    <time>2022-03-06T23:36:46Z</time>
   </trkpt>
   <trkpt lat="47.3811300" lon="-122.0456930">
    <ele>144.0</ele>
    <time>2022-03-06T23:36:47Z</time>
   </trkpt>
   <trkpt lat="47.3811250" lon="-122.0456810">
    <ele>144.0</ele>
    <time>2022-03-06T23:36:48Z</time>
   </trkpt>
   <trkpt lat="47.3811210" lon="-122.0456610">
    <ele>144.0</ele>
    <time>2022-03-06T23:36:49Z</time>
   </trkpt>
   <trkpt lat="47.3811190" lon="-122.0456490">
    <ele>144.0</ele>
    <time>2022-03-06T23:36:50Z</time>
   </trkpt>
   <trkpt lat="47.3811180" lon="-122.0456380">
    <ele>144.0</ele>
    <time>2022-03-06T23:36:51Z</time>
   </trkpt>
   <trkpt lat="47.3811160" lon="-122.0456260">
    <ele>144.0</ele>
    <time>2022-03-06T23:36:52Z</time>
   </trkpt>
   <trkpt lat="47.3811130" lon="-122.0455900">
    <ele>144.1</ele>
    <time>2022-03-06T23:36:53Z</time>
   </trkpt>
   <trkpt lat="47.3811130" lon="-122.0455760">
    <ele>144.1</ele>
    <time>2022-03-06T23:36:54Z</time>
   </trkpt>
   <trkpt lat="47.3811130" lon="-122.0455630">
    <ele>144.1</ele>
    <time>2022-03-06T23:36:55Z</time>
   </trkpt>
   <trkpt lat="47.3811080" lon="-122.0455590">
    <ele>144.1</ele>
    <time>2022-03-06T23:36:56Z</time>
   </trkpt>
   <trkpt lat="47.3811030" lon="-122.0455460">
    <ele>144.1</ele>
    <time>2022-03-06T23:36:57Z</time>
   </trkpt>
   <trkpt lat="47.3810950" lon="-122.0455200">
    <ele>144.1</ele>
    <time>2022-03-06T23:36:58Z</time>
   </trkpt>
   <trkpt lat="47.3810940" lon="-122.0455070">
    <ele>144.1</ele>
    <time>2022-03-06T23:36:59Z</time>
   </trkpt>
   <trkpt lat="47.3810900" lon="-122.0454910">
    <ele>144.1</ele>
    <time>2022-03-06T23:37:00Z</time>
   </trkpt>
   <trkpt lat="47.3810840" lon="-122.0454750">
    <ele>144.2</ele>
    <time>2022-03-06T23:37:01Z</time>
   </trkpt>
   <trkpt lat="47.3810760" lon="-122.0454600">
    <ele>144.2</ele>
    <time>2022-03-06T23:37:02Z</time>
   </trkpt>
   <trkpt lat="47.3810680" lon="-122.0454340">
    <ele>144.2</ele>
    <time>2022-03-06T23:37:03Z</time>
   </trkpt>
   <trkpt lat="47.3810640" lon="-122.0453880">
    <ele>144.2</ele>
    <time>2022-03-06T23:37:04Z</time>
   </trkpt>
   <trkpt lat="47.3810640" lon="-122.0453760">
    <ele>144.2</ele>
    <time>2022-03-06T23:37:05Z</time>
   </trkpt>
   <trkpt lat="47.3810550" lon="-122.0453460">
    <ele>144.3</ele>
    <time>2022-03-06T23:37:06Z</time>
   </trkpt>
   <trkpt lat="47.3810500" lon="-122.0453340">
    <ele>144.3</ele>
    <time>2022-03-06T23:37:07Z</time>
   </trkpt>
   <trkpt lat="47.3810440" lon="-122.0453230">
    <ele>144.3</ele>
    <time>2022-03-06T23:37:08Z</time>
   </trkpt>
   <trkpt lat="47.3810400" lon="-122.0452930">
    <ele>144.3</ele>
    <time>2022-03-06T23:37:09Z</time>
   </trkpt>
   <trkpt lat="47.3810400" lon="-122.0452810">
    <ele>144.3</ele>
    <time>2022-03-06T23:37:10Z</time>
   </trkpt>
   <trkpt lat="47.3810400" lon="-122.0452680">
    <ele>144.3</ele>
    <time>2022-03-06T23:37:11Z</time>
   </trkpt>
   <trkpt lat="47.3810390" lon="-122.0452450">
    <ele>144.3</ele>
    <time>2022-03-06T23:37:12Z</time>
   </trkpt>
   <trkpt lat="47.3810390" lon="-122.0452290">
    <ele>144.4</ele>
    <time>2022-03-06T23:37:13Z</time>
   </trkpt>
   <trkpt lat="47.3810350" lon="-122.0452170">
    <ele>144.4</ele>
    <time>2022-03-06T23:37:14Z</time>
   </trkpt>
   <trkpt lat="47.3810320" lon="-122.0452010">
    <ele>144.4</ele>
    <time>2022-03-06T23:37:15Z</time>
   </trkpt>
   <trkpt lat="47.3810290" lon="-122.0451920">
    <ele>144.4</ele>
    <time>2022-03-06T23:37:16Z</time>
   </trkpt>
   <trkpt lat="47.3810250" lon="-122.0451710">
    <ele>144.4</ele>
    <time>2022-03-06T23:37:17Z</time>
   </trkpt>
   <trkpt lat="47.3810230" lon="-122.0451630">
    <ele>144.4</ele>
    <time>2022-03-06T23:37:18Z</time>
   </trkpt>
   <trkpt lat="47.3810210" lon="-122.0451370">
    <ele>144.5</ele>
    <time>2022-03-06T23:37:19Z</time>
   </trkpt>
   <trkpt lat="47.3810180" lon="-122.0451230">
    <ele>144.5</ele>
    <time>2022-03-06T23:37:20Z</time>
   </trkpt>
   <trkpt lat="47.3810270" lon="-122.0451010">
    <ele>144.5</ele>
    <time>2022-03-06T23:37:21Z</time>
   </trkpt>
   <trkpt lat="47.3810250" lon="-122.0450880">
    <ele>144.5</ele>
    <time>2022-03-06T23:37:22Z</time>
   </trkpt>
   <trkpt lat="47.3810240" lon="-122.0450760">
    <ele>144.5</ele>
    <time>2022-03-06T23:37:23Z</time>
   </trkpt>
   <trkpt lat="47.3810230" lon="-122.0450630">
    <ele>144.5</ele>
    <time>2022-03-06T23:37:24Z</time>
   </trkpt>
   <trkpt lat="47.3810170" lon="-122.0450230">
    <ele>144.6</ele>
    <time>2022-03-06T23:37:25Z</time>
   </trkpt>
   <trkpt lat="47.3810120" lon="-122.0450080">
    <ele>144.6</ele>
    <time>2022-03-06T23:37:26Z</time>
   </trkpt>
   <trkpt lat="47.3810020" lon="-122.0449700">
    <ele>144.6</ele>
    <time>2022-03-06T23:37:27Z</time>
   </trkpt>
   <trkpt lat="47.3810000" lon="-122.0449590">
    <ele>144.6</ele>
    <time>2022-03-06T23:37:28Z</time>
   </trkpt>
   <trkpt lat="47.3809900" lon="-122.0449270">
    <ele>144.7</ele>
    <time>2022-03-06T23:37:29Z</time>
   </trkpt>
   <trkpt lat="47.3809870" lon="-122.0449150">
    <ele>144.7</ele>
    <time>2022-03-06T23:37:30Z</time>
   </trkpt>
   <trkpt lat="47.3809850" lon="-122.0449020">
    <ele>144.7</ele>
    <time>2022-03-06T23:37:31Z</time>
   </trkpt>
   <trkpt lat="47.3809800" lon="-122.0448710">
    <ele>144.7</ele>
    <time>2022-03-06T23:37:32Z</time>
   </trkpt>
   <trkpt lat="47.3809780" lon="-122.0448550">
    <ele>144.7</ele>
    <time>2022-03-06T23:37:33Z</time>
   </trkpt>
   <trkpt lat="47.3809760" lon="-122.0448390">
    <ele>144.7</ele>
    <time>2022-03-06T23:37:34Z</time>
   </trkpt>
   <trkpt lat="47.3809720" lon="-122.0448130">
    <ele>144.8</ele>
    <time>2022-03-06T23:37:35Z</time>
   </trkpt>
   <trkpt lat="47.3809690" lon="-122.0447980">
    <ele>144.8</ele>
    <time>2022-03-06T23:37:36Z</time>
   </trkpt>
   <trkpt lat="47.3809620" lon="-122.0447730">
    <ele>144.8</ele>
    <time>2022-03-06T23:37:37Z</time>
   </trkpt>
   <trkpt lat="47.3809610" lon="-122.0447500">
    <ele>144.8</ele>
    <time>2022-03-06T23:37:38Z</time>
   </trkpt>
   <trkpt lat="47.3809580" lon="-122.0447200">
    <ele>144.8</ele>
    <time>2022-03-06T23:37:39Z</time>
   </trkpt>
   <trkpt lat="47.3809580" lon="-122.0447060">
    <ele>144.8</ele>
    <time>2022-03-06T23:37:40Z</time>
   </trkpt>
   <trkpt lat="47.3809570" lon="-122.0446920">
    <ele>144.9</ele>
    <time>2022-03-06T23:37:41Z</time>
   </trkpt>
   <trkpt lat="47.3809560" lon="-122.0446700">
    <ele>144.9</ele>
    <time>2022-03-06T23:37:42Z</time>
   </trkpt>
   <trkpt lat="47.3809550" lon="-122.0446450">
    <ele>144.9</ele>
    <time>2022-03-06T23:37:43Z</time>
   </trkpt>
   <trkpt lat="47.3809570" lon="-122.0445980">
    <ele>144.9</ele>
    <time>2022-03-06T23:37:44Z</time>
   </trkpt>
   <trkpt lat="47.3809550" lon="-122.0445890">
    <ele>144.9</ele>
    <time>2022-03-06T23:37:45Z</time>
   </trkpt>
   <trkpt lat="47.3809520" lon="-122.0445660">
    <ele>145.0</ele>
    <time>2022-03-06T23:37:46Z</time>
   </trkpt>
   <trkpt lat="47.3809530" lon="-122.0445550">
    <ele>145.0</ele>
    <time>2022-03-06T23:37:47Z</time>
   </trkpt>
   <trkpt lat="47.3809530" lon="-122.0445430">
    <ele>145.0</ele>
    <time>2022-03-06T23:37:48Z</time>
   </trkpt>
   <trkpt lat="47.3809530" lon="-122.0445310">
    <ele>145.0</ele>
    <time>2022-03-06T23:37:49Z</time>
   </trkpt>
   <trkpt lat="47.3809560" lon="-122.0445030">
    <ele>145.0</ele>
    <time>2022-03-06T23:37:50Z</time>
   </trkpt>
   <trkpt lat="47.3809510" lon="-122.0444820">
    <ele>145.0</ele>
    <time>2022-03-06T23:37:51Z</time>
   </trkpt>
   <trkpt lat="47.3809460" lon="-122.0444480">
    <ele>145.1</ele>
    <time>2022-03-06T23:37:52Z</time>
   </trkpt>
   <trkpt lat="47.3809460" lon="-122.0444370">
    <ele>145.1</ele>
    <time>2022-03-06T23:37:53Z</time>
   </trkpt>
   <trkpt lat="47.3809450" lon="-122.0444260">
    <ele>145.1</ele>
    <time>2022-03-06T23:37:54Z</time>
   </trkpt>
   <trkpt lat="47.3809430" lon="-122.0444090">
    <ele>145.1</ele>
    <time>2022-03-06T23:37:55Z</time>
   </trkpt>
   <trkpt lat="47.3809470" lon="-122.0443950">
    <ele>145.1</ele>
    <time>2022-03-06T23:37:56Z</time>
   </trkpt>
   <trkpt lat="47.3809480" lon="-122.0443810">
    <ele>145.1</ele>
    <time>2022-03-06T23:37:57Z</time>
   </trkpt>
   <trkpt lat="47.3809430" lon="-122.0443770">
    <ele>145.1</ele>
    <time>2022-03-06T23:37:58Z</time>
   </trkpt>
   <trkpt lat="47.3809440" lon="-122.0443530">
    <ele>145.2</ele>
    <time>2022-03-06T23:37:59Z</time>
   </trkpt>
   <trkpt lat="47.3809470" lon="-122.0443410">
    <ele>145.2</ele>
    <time>2022-03-06T23:38:00Z</time>
   </trkpt>
   <trkpt lat="47.3809480" lon="-122.0443310">
    <ele>145.2</ele>
    <time>2022-03-06T23:38:01Z</time>
   </trkpt>
   <trkpt lat="47.3809480" lon="-122.0443210">
    <ele>145.2</ele>
    <time>2022-03-06T23:38:02Z</time>
   </trkpt>
   <trkpt lat="47.3809450" lon="-122.0443010">
    <ele>145.2</ele>
    <time>2022-03-06T23:38:03Z</time>
   </trkpt>
   <trkpt lat="47.3809420" lon="-122.0442890">
    <ele>145.2</ele>
    <time>2022-03-06T23:38:04Z</time>
   </trkpt>
   <trkpt lat="47.3809450" lon="-122.0442740">
    <ele>145.2</ele>
    <time>2022-03-06T23:38:05Z</time>
   </trkpt>
   <trkpt lat="47.3809460" lon="-122.0442500">
    <ele>145.3</ele>
    <time>2022-03-06T23:38:06Z</time>
   </trkpt>
   <trkpt lat="47.3809450" lon="-122.0442380">
    <ele>145.3</ele>
    <time>2022-03-06T23:38:07Z</time>
   </trkpt>
   <trkpt lat="47.3809520" lon="-122.0442240">
    <ele>145.3</ele>
    <time>2022-03-06T23:38:08Z</time>
   </trkpt>
   <trkpt lat="47.3809510" lon="-122.0442070">
    <ele>145.3</ele>
    <time>2022-03-06T23:38:09Z</time>
   </trkpt>
   <trkpt lat="47.3809560" lon="-122.0441980">
    <ele>145.3</ele>
    <time>2022-03-06T23:38:10Z</time>
   </trkpt>
   <trkpt lat="47.3809550" lon="-122.0441860">
    <ele>145.3</ele>
    <time>2022-03-06T23:38:11Z</time>
   </trkpt>
   <trkpt lat="47.3809530" lon="-122.0441670">
    <ele>145.3</ele>
    <time>2022-03-06T23:38:12Z</time>
   </trkpt>
   <trkpt lat="47.3809540" lon="-122.0441390">
    <ele>145.4</ele>
    <time>2022-03-06T23:38:13Z</time>
   </trkpt>
   <trkpt lat="47.3809510" lon="-122.0441220">
    <ele>145.4</ele>
    <time>2022-03-06T23:38:14Z</time>
   </trkpt>
   <trkpt lat="47.3809490" lon="-122.0441030">
    <ele>145.4</ele>
    <time>2022-03-06T23:38:15Z</time>
   </trkpt>
   <trkpt lat="47.3809490" lon="-122.0440880">
    <ele>145.4</ele>
    <time>2022-03-06T23:38:16Z</time>
   </trkpt>
   <trkpt lat="47.3809510" lon="-122.0440710">
    <ele>145.4</ele>
    <time>2022-03-06T23:38:17Z</time>
   </trkpt>
   <trkpt lat="47.3809520" lon="-122.0440740">
    <ele>145.4</ele>
    <time>2022-03-06T23:38:18Z</time>
   </trkpt>
   <trkpt lat="47.3809530" lon="-122.0440660">
    <ele>145.4</ele>
    <time>2022-03-06T23:38:19Z</time>
   </trkpt>
   <trkpt lat="47.3809450" lon="-122.0440450">
    <ele>145.4</ele>
    <time>2022-03-06T23:38:20Z</time>
   </trkpt>
   <trkpt lat="47.3809400" lon="-122.0440260">
    <ele>145.5</ele>
    <time>2022-03-06T23:38:21Z</time>
   </trkpt>
   <trkpt lat="47.3809460" lon="-122.0439970">
    <ele>145.5</ele>
    <time>2022-03-06T23:38:22Z</time>
   </trkpt>
   <trkpt lat="47.3809450" lon="-122.0439790">
    <ele>145.5</ele>
    <time>2022-03-06T23:38:23Z</time>
   </trkpt>
   <trkpt lat="47.3809440" lon="-122.0439610">
    <ele>145.5</ele>
    <time>2022-03-06T23:38:24Z</time>
   </trkpt>
   <trkpt lat="47.3809420" lon="-122.0439150">
    <ele>145.6</ele>
    <time>2022-03-06T23:38:25Z</time>
   </trkpt>
   <trkpt lat="47.3809380" lon="-122.0439030">
    <ele>145.6</ele>
    <time>2022-03-06T23:38:26Z</time>
   </trkpt>
   <trkpt lat="47.3809490" lon="-122.0438610">
    <ele>145.6</ele>
    <time>2022-03-06T23:38:27Z</time>
   </trkpt>
   <trkpt lat="47.3809520" lon="-122.0438440">
    <ele>145.6</ele>
    <time>2022-03-06T23:38:28Z</time>
   </trkpt>
   <trkpt lat="47.3809540" lon="-122.0438270">
    <ele>145.6</ele>
    <time>2022-03-06T23:38:29Z</time>
   </trkpt>
   <trkpt lat="47.3809520" lon="-122.0437960">
    <ele>145.7</ele>
    <time>2022-03-06T23:38:30Z</time>
   </trkpt>
   <trkpt lat="47.3809460" lon="-122.0437800">
    <ele>145.7</ele>
    <time>2022-03-06T23:38:31Z</time>
   </trkpt>
   <trkpt lat="47.3809430" lon="-122.0437680">
    <ele>145.7</ele>
    <time>2022-03-06T23:38:32Z</time>
   </trkpt>
   <trkpt lat="47.3809480" lon="-122.0437500">
    <ele>145.7</ele>
    <time>2022-03-06T23:38:33Z</time>
   </trkpt>
   <trkpt lat="47.3809490" lon="-122.0437450">
    <ele>145.7</ele>
    <time>2022-03-06T23:38:34Z</time>
   </trkpt>
   <trkpt lat="47.3809480" lon="-122.0437320">
    <ele>145.7</ele>
    <time>2022-03-06T23:38:35Z</time>
   </trkpt>
   <trkpt lat="47.3809530" lon="-122.0437230">
    <ele>145.7</ele>
    <time>2022-03-06T23:38:36Z</time>
   </trkpt>
   <trkpt lat="47.3809550" lon="-122.0437120">
    <ele>145.8</ele>
    <time>2022-03-06T23:38:37Z</time>
   </trkpt>
   <trkpt lat="47.3809580" lon="-122.0437010">
    <ele>145.8</ele>
    <time>2022-03-06T23:38:38Z</time>
   </trkpt>
   <trkpt lat="47.3809600" lon="-122.0436900">
    <ele>145.8</ele>
    <time>2022-03-06T23:38:39Z</time>
   </trkpt>
   <trkpt lat="47.3809630" lon="-122.0436790">
    <ele>145.8</ele>
    <time>2022-03-06T23:38:40Z</time>
   </trkpt>
   <trkpt lat="47.3809590" lon="-122.0436650">
    <ele>145.8</ele>
    <time>2022-03-06T23:38:41Z</time>
   </trkpt>
   <trkpt lat="47.3809580" lon="-122.0436590">
    <ele>145.8</ele>
    <time>2022-03-06T23:38:42Z</time>
   </trkpt>
   <trkpt lat="47.3809520" lon="-122.0436570">
    <ele>145.8</ele>
    <time>2022-03-06T23:38:43Z</time>
   </trkpt>
   <trkpt lat="47.3809460" lon="-122.0436340">
    <ele>145.8</ele>
    <time>2022-03-06T23:38:44Z</time>
   </trkpt>
   <trkpt lat="47.3809440" lon="-122.0436120">
    <ele>145.9</ele>
    <time>2022-03-06T23:38:45Z</time>
   </trkpt>
   <trkpt lat="47.3809390" lon="-122.0436000">
    <ele>145.9</ele>
    <time>2022-03-06T23:38:46Z</time>
   </trkpt>
   <trkpt lat="47.3809380" lon="-122.0435820">
    <ele>145.9</ele>
    <time>2022-03-06T23:38:47Z</time>
   </trkpt>
   <trkpt lat="47.3809450" lon="-122.0435630">
    <ele>145.9</ele>
    <time>2022-03-06T23:38:48Z</time>
   </trkpt>
   <trkpt lat="47.3809500" lon="-122.0435530">
    <ele>145.9</ele>
    <time>2022-03-06T23:38:49Z</time>
   </trkpt>
   <trkpt lat="47.3809560" lon="-122.0435380">
    <ele>146.0</ele>
    <time>2022-03-06T23:38:50Z</time>
   </trkpt>
   <trkpt lat="47.3809540" lon="-122.0435280">
    <ele>146.0</ele>
    <time>2022-03-06T23:38:51Z</time>
   </trkpt>
   <trkpt lat="47.3809470" lon="-122.0435160">
    <ele>146.0</ele>
    <time>2022-03-06T23:38:52Z</time>
   </trkpt>
   <trkpt lat="47.3809440" lon="-122.0435060">
    <ele>146.0</ele>
    <time>2022-03-06T23:38:53Z</time>
   </trkpt>
   <trkpt lat="47.3809520" lon="-122.0434920">
    <ele>146.0</ele>
    <time>2022-03-06T23:38:54Z</time>
   </trkpt>
   <trkpt lat="47.3809560" lon="-122.0434830">
    <ele>146.0</ele>
    <time>2022-03-06T23:38:55Z</time>
   </trkpt>
   <trkpt lat="47.3809560" lon="-122.0434770">
    <ele>146.0</ele>
    <time>2022-03-06T23:38:56Z</time>
   </trkpt>
   <trkpt lat="47.3809500" lon="-122.0434600">
    <ele>146.0</ele>
    <time>2022-03-06T23:38:57Z</time>
   </trkpt>
   <trkpt lat="47.3809430" lon="-122.0434470">
    <ele>146.1</ele>
    <time>2022-03-06T23:38:58Z</time>
   </trkpt>
   <trkpt lat="47.3809490" lon="-122.0434400">
    <ele>146.1</ele>
    <time>2022-03-06T23:38:59Z</time>
   </trkpt>
   <trkpt lat="47.3809440" lon="-122.0434210">
    <ele>146.1</ele>
    <time>2022-03-06T23:39:00Z</time>
   </trkpt>
   <trkpt lat="47.3809420" lon="-122.0434000">
    <ele>146.1</ele>
    <time>2022-03-06T23:39:01Z</time>
   </trkpt>
   <trkpt lat="47.3809440" lon="-122.0433830">
    <ele>146.1</ele>
    <time>2022-03-06T23:39:02Z</time>
   </trkpt>
   <trkpt lat="47.3809400" lon="-122.0433500">
    <ele>146.1</ele>
    <time>2022-03-06T23:39:03Z</time>
   </trkpt>
   <trkpt lat="47.3809410" lon="-122.0433320">
    <ele>146.1</ele>
    <time>2022-03-06T23:39:04Z</time>
   </trkpt>
   <trkpt lat="47.3809440" lon="-122.0433100">
    <ele>146.1</ele>
    <time>2022-03-06T23:39:05Z</time>
   </trkpt>
   <trkpt lat="47.3809510" lon="-122.0432940">
    <ele>146.2</ele>
    <time>2022-03-06T23:39:06Z</time>
   </trkpt>
   <trkpt lat="47.3809510" lon="-122.0432680">
    <ele>146.2</ele>
    <time>2022-03-06T23:39:07Z</time>
   </trkpt>
   <trkpt lat="47.3809580" lon="-122.0432480">
    <ele>146.2</ele>
    <time>2022-03-06T23:39:08Z</time>
   </trkpt>
   <trkpt lat="47.3809560" lon="-122.0432350">
    <ele>146.2</ele>
    <time>2022-03-06T23:39:09Z</time>
   </trkpt>
   <trkpt lat="47.3809540" lon="-122.0432220">
    <ele>146.2</ele>
    <time>2022-03-06T23:39:10Z</time>
   </trkpt>
   <trkpt lat="47.3809530" lon="-122.0432100">
    <ele>146.2</ele>
    <time>2022-03-06T23:39:11Z</time>
   </trkpt>
   <trkpt lat="47.3809510" lon="-122.0431850">
    <ele>146.2</ele>
    <time>2022-03-06T23:39:12Z</time>
   </trkpt>
   <trkpt lat="47.3809520" lon="-122.0431760">
    <ele>146.2</ele>
    <time>2022-03-06T23:39:13Z</time>
   </trkpt>
   <trkpt lat="47.3809530" lon="-122.0431660">
    <ele>146.2</ele>
    <time>2022-03-06T23:39:14Z</time>
   </trkpt>
   <trkpt lat="47.3809540" lon="-122.0431570">
    <ele>146.2</ele>
    <time>2022-03-06T23:39:15Z</time>
   </trkpt>
   <trkpt lat="47.3809480" lon="-122.0431260">
    <ele>146.2</ele>
    <time>2022-03-06T23:39:16Z</time>
   </trkpt>
   <trkpt lat="47.3809490" lon="-122.0431060">
    <ele>146.3</ele>
    <time>2022-03-06T23:39:17Z</time>
   </trkpt>
   <trkpt lat="47.3809480" lon="-122.0430870">
    <ele>146.3</ele>
    <time>2022-03-06T23:39:18Z</time>
   </trkpt>
   <trkpt lat="47.3809420" lon="-122.0430610">
    <ele>146.3</ele>
    <time>2022-03-06T23:39:19Z</time>
   </trkpt>
   <trkpt lat="47.3809470" lon="-122.0430310">
    <ele>146.3</ele>
    <time>2022-03-06T23:39:20Z</time>
   </trkpt>
   <trkpt lat="47.3809470" lon="-122.0430160">
    <ele>146.3</ele>
    <time>2022-03-06T23:39:21Z</time>
   </trkpt>
   <trkpt lat="47.3809480" lon="-122.0430010">
    <ele>146.3</ele>
    <time>2022-03-06T23:39:22Z</time>
   </trkpt>
   <trkpt lat="47.3809410" lon="-122.0429860">
    <ele>146.3</ele>
    <time>2022-03-06T23:39:23Z</time>
   </trkpt>
   <trkpt lat="47.3809390" lon="-122.0429570">
    <ele>146.3</ele>
    <time>2022-03-06T23:39:24Z</time>
   </trkpt>
   <trkpt lat="47.3809360" lon="-122.0429350">
    <ele>146.3</ele>
    <time>2022-03-06T23:39:25Z</time>
   </trkpt>
   <trkpt lat="47.3809310" lon="-122.0429120">
    <ele>146.3</ele>
    <time>2022-03-06T23:39:26Z</time>
   </trkpt>
   <trkpt lat="47.3809330" lon="-122.0428940">
    <ele>146.3</ele>
    <time>2022-03-06T23:39:27Z</time>
   </trkpt>
   <trkpt lat="47.3809320" lon="-122.0428680">
    <ele>146.3</ele>
    <time>2022-03-06T23:39:28Z</time>
   </trkpt>
   <trkpt lat="47.3809350" lon="-122.0428350">
    <ele>146.3</ele>
    <time>2022-03-06T23:39:29Z</time>
   </trkpt>
   <trkpt lat="47.3809330" lon="-122.0428230">
    <ele>146.3</ele>
    <time>2022-03-06T23:39:30Z</time>
   </trkpt>
   <trkpt lat="47.3809360" lon="-122.0427860">
    <ele>146.3</ele>
    <time>2022-03-06T23:39:31Z</time>
   </trkpt>
   <trkpt lat="47.3809340" lon="-122.0427760">
    <ele>146.4</ele>
    <time>2022-03-06T23:39:32Z</time>
   </trkpt>
   <trkpt lat="47.3809330" lon="-122.0427660">
    <ele>146.4</ele>
    <time>2022-03-06T23:39:33Z</time>
   </trkpt>
   <trkpt lat="47.3809300" lon="-122.0427420">
    <ele>146.4</ele>
    <time>2022-03-06T23:39:34Z</time>
   </trkpt>
   <trkpt lat="47.3809280" lon="-122.0427310">
    <ele>146.4</ele>
    <time>2022-03-06T23:39:35Z</time>
   </trkpt>
   <trkpt lat="47.3809260" lon="-122.0427210">
    <ele>146.4</ele>
    <time>2022-03-06T23:39:36Z</time>
   </trkpt>
   <trkpt lat="47.3809230" lon="-122.0427110">
    <ele>146.4</ele>
    <time>2022-03-06T23:39:37Z</time>
   </trkpt>
   <trkpt lat="47.3809190" lon="-122.0426810">
    <ele>146.4</ele>
    <time>2022-03-06T23:39:38Z</time>
   </trkpt>
   <trkpt lat="47.3809170" lon="-122.0426670">
    <ele>146.4</ele>
    <time>2022-03-06T23:39:39Z</time>
   </trkpt>
   <trkpt lat="47.3809110" lon="-122.0426470">
    <ele>146.4</ele>
    <time>2022-03-06T23:39:40Z</time>
   </trkpt>
   <trkpt lat="47.3809070" lon="-122.0426380">
    <ele>146.4</ele>
    <time>2022-03-06T23:39:41Z</time>
   </trkpt>
   <trkpt lat="47.3809030" lon="-122.0426290">
    <ele>146.4</ele>
    <time>2022-03-06T23:39:42Z</time>
   </trkpt>
   <trkpt lat="47.3808980" lon="-122.0426200">
    <ele>146.4</ele>
    <time>2022-03-06T23:39:43Z</time>
   </trkpt>
   <trkpt lat="47.3808940" lon="-122.0426120">
    <ele>146.4</ele>
    <time>2022-03-06T23:39:44Z</time>
   </trkpt>
   <trkpt lat="47.3808900" lon="-122.0426030">
    <ele>146.3</ele>
    <time>2022-03-06T23:39:45Z</time>
   </trkpt>
   <trkpt lat="47.3808860" lon="-122.0425940">
    <ele>146.2</ele>
    <time>2022-03-06T23:39:46Z</time>
   </trkpt>
   <trkpt lat="47.3808810" lon="-122.0425850">
    <ele>146.1</ele>
    <time>2022-03-06T23:39:47Z</time>
   </trkpt>
   <trkpt lat="47.3808770" lon="-122.0425760">
    <ele>146.0</ele>
    <time>2022-03-06T23:39:48Z</time>
   </trkpt>
   <trkpt lat="47.3808630" lon="-122.0425660">
    <ele>145.8</ele>
    <time>2022-03-06T23:39:49Z</time>
   </trkpt>
   <trkpt lat="47.3808510" lon="-122.0425640">
    <ele>145.6</ele>
    <time>2022-03-06T23:39:50Z</time>
   </trkpt>
   <trkpt lat="47.3808390" lon="-122.0425620">
    <ele>145.5</ele>
    <time>2022-03-06T23:39:51Z</time>
   </trkpt>
   <trkpt lat="47.3808230" lon="-122.0425660">
    <ele>145.3</ele>
    <time>2022-03-06T23:39:52Z</time>
   </trkpt>
   <trkpt lat="47.3808190" lon="-122.0425710">
    <ele>145.2</ele>
    <time>2022-03-06T23:39:53Z</time>
   </trkpt>
   <trkpt lat="47.3808050" lon="-122.0425700">
    <ele>145.0</ele>
    <time>2022-03-06T23:39:54Z</time>
   </trkpt>
   <trkpt lat="47.3807980" lon="-122.0425590">
    <ele>144.9</ele>
    <time>2022-03-06T23:39:55Z</time>
   </trkpt>
   <trkpt lat="47.3807900" lon="-122.0425540">
    <ele>144.7</ele>
    <time>2022-03-06T23:39:56Z</time>
   </trkpt>
   <trkpt lat="47.3807780" lon="-122.0425510">
    <ele>144.6</ele>
    <time>2022-03-06T23:39:57Z</time>
   </trkpt>
   <trkpt lat="47.3807690" lon="-122.0425490">
    <ele>144.4</ele>
    <time>2022-03-06T23:39:58Z</time>
   </trkpt>
   <trkpt lat="47.3807640" lon="-122.0425550">
    <ele>144.3</ele>
    <time>2022-03-06T23:39:59Z</time>
   </trkpt>
   <trkpt lat="47.3807540" lon="-122.0425520">
    <ele>142.8</ele>
    <time>2022-03-06T23:40:00Z</time>
   </trkpt>
   <trkpt lat="47.3807420" lon="-122.0425570">
    <ele>142.9</ele>
    <time>2022-03-06T23:40:01Z</time>
   </trkpt>
   <trkpt lat="47.3807300" lon="-122.0425730">
    <ele>142.9</ele>
    <time>2022-03-06T23:40:02Z</time>
   </trkpt>
   <trkpt lat="47.3807190" lon="-122.0425780">
    <ele>142.9</ele>
    <time>2022-03-06T23:40:03Z</time>
   </trkpt>
   <trkpt lat="47.3807080" lon="-122.0425830">
    <ele>142.9</ele>
    <time>2022-03-06T23:40:04Z</time>
   </trkpt>
   <trkpt lat="47.3806980" lon="-122.0425910">
    <ele>143.0</ele>
    <time>2022-03-06T23:40:05Z</time>
   </trkpt>
   <trkpt lat="47.3806920" lon="-122.0426040">
    <ele>143.0</ele>
    <time>2022-03-06T23:40:06Z</time>
   </trkpt>
   <trkpt lat="47.3806840" lon="-122.0426150">
    <ele>143.0</ele>
    <time>2022-03-06T23:40:07Z</time>
   </trkpt>
   <trkpt lat="47.3806590" lon="-122.0426300">
    <ele>143.0</ele>
    <time>2022-03-06T23:40:08Z</time>
   </trkpt>
   <trkpt lat="47.3806530" lon="-122.0426300">
    <ele>143.0</ele>
    <time>2022-03-06T23:40:09Z</time>
   </trkpt>
   <trkpt lat="47.3806480" lon="-122.0426310">
    <ele>143.0</ele>
    <time>2022-03-06T23:40:10Z</time>
   </trkpt>
   <trkpt lat="47.3806320" lon="-122.0426430">
    <ele>143.1</ele>
    <time>2022-03-06T23:40:11Z</time>
   </trkpt>
   <trkpt lat="47.3806200" lon="-122.0426630">
    <ele>143.1</ele>
    <time>2022-03-06T23:40:12Z</time>
   </trkpt>
   <trkpt lat="47.3806000" lon="-122.0426830">
    <ele>143.1</ele>
    <time>2022-03-06T23:40:13Z</time>
   </trkpt>
   <trkpt lat="47.3805890" lon="-122.0426870">
    <ele>143.1</ele>
    <time>2022-03-06T23:40:14Z</time>
   </trkpt>
   <trkpt lat="47.3805700" lon="-122.0426890">
    <ele>143.2</ele>
    <time>2022-03-06T23:40:15Z</time>
   </trkpt>
   <trkpt lat="47.3805590" lon="-122.0426820">
    <ele>143.2</ele>
    <time>2022-03-06T23:40:16Z</time>
   </trkpt>
   <trkpt lat="47.3805480" lon="-122.0426840">
    <ele>143.2</ele>
    <time>2022-03-06T23:40:17Z</time>
   </trkpt>
   <trkpt lat="47.3805330" lon="-122.0426940">
    <ele>143.2</ele>
    <time>2022-03-06T23:40:18Z</time>
   </trkpt>
   <trkpt lat="47.3805270" lon="-122.0426910">
    <ele>143.2</ele>
    <time>2022-03-06T23:40:19Z</time>
   </trkpt>
   <trkpt lat="47.3805230" lon="-122.0426960">
    <ele>143.2</ele>
    <time>2022-03-06T23:40:20Z</time>
   </trkpt>
   <trkpt lat="47.3805150" lon="-122.0427030">
    <ele>143.2</ele>
    <time>2022-03-06T23:40:21Z</time>
   </trkpt>
   <trkpt lat="47.3805090" lon="-122.0427160">
    <ele>143.2</ele>
    <time>2022-03-06T23:40:22Z</time>
   </trkpt>
   <trkpt lat="47.3804990" lon="-122.0427220">
    <ele>143.2</ele>
    <time>2022-03-06T23:40:23Z</time>
   </trkpt>
   <trkpt lat="47.3804920" lon="-122.0427250">
    <ele>143.2</ele>
    <time>2022-03-06T23:40:24Z</time>
   </trkpt>
   <trkpt lat="47.3804780" lon="-122.0427140">
    <ele>143.3</ele>
    <time>2022-03-06T23:40:25Z</time>
   </trkpt>
   <trkpt lat="47.3804490" lon="-122.0427090">
    <ele>143.3</ele>
    <time>2022-03-06T23:40:26Z</time>
   </trkpt>
   <trkpt lat="47.3804400" lon="-122.0427070">
    <ele>143.3</ele>
    <time>2022-03-06T23:40:27Z</time>
   </trkpt>
   <trkpt lat="47.3804230" lon="-122.0427070">
    <ele>143.3</ele>
    <time>2022-03-06T23:40:28Z</time>
   </trkpt>
   <trkpt lat="47.3804170" lon="-122.0427080">
    <ele>143.3</ele>
    <time>2022-03-06T23:40:29Z</time>
   </trkpt>
   <trkpt lat="47.3804120" lon="-122.0427090">
    <ele>143.3</ele>
    <time>2022-03-06T23:40:30Z</time>
   </trkpt>
   <trkpt lat="47.3804060" lon="-122.0427100">
    <ele>143.3</ele>
    <time>2022-03-06T23:40:31Z</time>
   </trkpt>
   <trkpt lat="47.3804000" lon="-122.0427120">
    <ele>143.3</ele>
    <time>2022-03-06T23:40:32Z</time>
   </trkpt>
   <trkpt lat="47.3803830" lon="-122.0427030">
    <ele>143.3</ele>
    <time>2022-03-06T23:40:33Z</time>
   </trkpt>
   <trkpt lat="47.3803660" lon="-122.0426960">
    <ele>143.3</ele>
    <time>2022-03-06T23:40:34Z</time>
   </trkpt>
   <trkpt lat="47.3803500" lon="-122.0426950">
    <ele>143.3</ele>
    <time>2022-03-06T23:40:35Z</time>
   </trkpt>
   <trkpt lat="47.3803430" lon="-122.0426860">
    <ele>143.3</ele>
    <time>2022-03-06T23:40:36Z</time>
   </trkpt>
   <trkpt lat="47.3803400" lon="-122.0426790">
    <ele>143.3</ele>
    <time>2022-03-06T23:40:37Z</time>
   </trkpt>
   <trkpt lat="47.3803250" lon="-122.0426710">
    <ele>143.3</ele>
    <time>2022-03-06T23:40:38Z</time>
   </trkpt>
   <trkpt lat="47.3803180" lon="-122.0426690">
    <ele>143.3</ele>
    <time>2022-03-06T23:40:39Z</time>
   </trkpt>
   <trkpt lat="47.3803120" lon="-122.0426660">
    <ele>143.3</ele>
    <time>2022-03-06T23:40:40Z</time>
   </trkpt>
   <trkpt lat="47.3803050" lon="-122.0426630">
    <ele>143.3</ele>
    <time>2022-03-06T23:40:41Z</time>
   </trkpt>
   <trkpt lat="47.3802890" lon="-122.0426560">
    <ele>143.3</ele>
    <time>2022-03-06T23:40:42Z</time>
   </trkpt>
   <trkpt lat="47.3802780" lon="-122.0426500">
    <ele>143.3</ele>
    <time>2022-03-06T23:40:43Z</time>
   </trkpt>
   <trkpt lat="47.3802670" lon="-122.0426440">
    <ele>143.2</ele>
    <time>2022-03-06T23:40:44Z</time>
   </trkpt>
   <trkpt lat="47.3802530" lon="-122.0426360">
    <ele>143.2</ele>
    <time>2022-03-06T23:40:45Z</time>
   </trkpt>
   <trkpt lat="47.3802400" lon="-122.0426390">
    <ele>143.2</ele>
    <time>2022-03-06T23:40:46Z</time>
   </trkpt>
   <trkpt lat="47.3802150" lon="-122.0426270">
    <ele>143.2</ele>
    <time>2022-03-06T23:40:47Z</time>
   </trkpt>
   <trkpt lat="47.3802050" lon="-122.0426230">
    <ele>143.2</ele>
    <time>2022-03-06T23:40:48Z</time>
   </trkpt>
   <trkpt lat="47.3801860" lon="-122.0426060">
    <ele>143.2</ele>
    <time>2022-03-06T23:40:49Z</time>
   </trkpt>
   <trkpt lat="47.3801780" lon="-122.0425940">
    <ele>143.2</ele>
    <time>2022-03-06T23:40:50Z</time>
   </trkpt>
   <trkpt lat="47.3801690" lon="-122.0425830">
    <ele>143.2</ele>
    <time>2022-03-06T23:40:51Z</time>
   </trkpt>
   <trkpt lat="47.3801620" lon="-122.0425570">
    <ele>143.1</ele>
    <time>2022-03-06T23:40:52Z</time>
   </trkpt>
   <trkpt lat="47.3801540" lon="-122.0425470">
    <ele>143.1</ele>
    <time>2022-03-06T23:40:53Z</time>
   </trkpt>
   <trkpt lat="47.3801400" lon="-122.0425340">
    <ele>143.1</ele>
    <time>2022-03-06T23:40:54Z</time>
   </trkpt>
   <trkpt lat="47.3801260" lon="-122.0425190">
    <ele>143.1</ele>
    <time>2022-03-06T23:40:55Z</time>
   </trkpt>
   <trkpt lat="47.3801100" lon="-122.0425110">
    <ele>143.1</ele>
    <time>2022-03-06T23:40:56Z</time>
   </trkpt>
   <trkpt lat="47.3800960" lon="-122.0424950">
    <ele>143.1</ele>
    <time>2022-03-06T23:40:57Z</time>
   </trkpt>
   <trkpt lat="47.3800790" lon="-122.0424820">
    <ele>143.1</ele>
    <time>2022-03-06T23:40:58Z</time>
   </trkpt>
   <trkpt lat="47.3800670" lon="-122.0424760">
    <ele>143.1</ele>
    <time>2022-03-06T23:40:59Z</time>
   </trkpt>
   <trkpt lat="47.3800540" lon="-122.0424710">
    <ele>143.1</ele>
    <time>2022-03-06T23:41:00Z</time>
   </trkpt>
   <trkpt lat="47.3800290" lon="-122.0424500">
    <ele>143.0</ele>
    <time>2022-03-06T23:41:01Z</time>
   </trkpt>
   <trkpt lat="47.3800200" lon="-122.0424430">
    <ele>143.0</ele>
    <time>2022-03-06T23:41:02Z</time>
   </trkpt>
   <trkpt lat="47.3800020" lon="-122.0424260">
    <ele>143.0</ele>
    <time>2022-03-06T23:41:03Z</time>
   </trkpt>
   <trkpt lat="47.3799950" lon="-122.0424150">
    <ele>143.0</ele>
    <time>2022-03-06T23:41:04Z</time>
   </trkpt>
   <trkpt lat="47.3799880" lon="-122.0424030">
    <ele>143.0</ele>
    <time>2022-03-06T23:41:05Z</time>
   </trkpt>
   <trkpt lat="47.3799810" lon="-122.0423870">
    <ele>143.0</ele>
    <time>2022-03-06T23:41:06Z</time>
   </trkpt>
   <trkpt lat="47.3799730" lon="-122.0423790">
    <ele>143.0</ele>
    <time>2022-03-06T23:41:07Z</time>
   </trkpt>
   <trkpt lat="47.3799690" lon="-122.0423710">
    <ele>143.0</ele>
    <time>2022-03-06T23:41:08Z</time>
   </trkpt>
   <trkpt lat="47.3799600" lon="-122.0423370">
    <ele>143.0</ele>
    <time>2022-03-06T23:41:09Z</time>
   </trkpt>
   <trkpt lat="47.3799570" lon="-122.0423230">
    <ele>143.0</ele>
    <time>2022-03-06T23:41:10Z</time>
   </trkpt>
   <trkpt lat="47.3799530" lon="-122.0423090">
    <ele>143.0</ele>
    <time>2022-03-06T23:41:11Z</time>
   </trkpt>
   <trkpt lat="47.3799490" lon="-122.0422900">
    <ele>143.0</ele>
    <time>2022-03-06T23:41:12Z</time>
   </trkpt>
   <trkpt lat="47.3799340" lon="-122.0422740">
    <ele>143.0</ele>
    <time>2022-03-06T23:41:13Z</time>
   </trkpt>
   <trkpt lat="47.3799190" lon="-122.0422490">
    <ele>143.0</ele>
    <time>2022-03-06T23:41:14Z</time>
   </trkpt>
   <trkpt lat="47.3799130" lon="-122.0422400">
    <ele>142.9</ele>
    <time>2022-03-06T23:41:15Z</time>
   </trkpt>
   <trkpt lat="47.3799070" lon="-122.0422310">
    <ele>142.9</ele>
    <time>2022-03-06T23:41:16Z</time>
   </trkpt>
   <trkpt lat="47.3799010" lon="-122.0422160">
    <ele>142.9</ele>
    <time>2022-03-06T23:41:17Z</time>
   </trkpt>
   <trkpt lat="47.3798860" lon="-122.0421920">
    <ele>142.9</ele>
    <time>2022-03-06T23:41:18Z</time>
   </trkpt>
   <trkpt lat="47.3798650" lon="-122.0421590">
    <ele>142.9</ele>
    <time>2022-03-06T23:41:19Z</time>
   </trkpt>
   <trkpt lat="47.3798620" lon="-122.0421510">
    <ele>142.9</ele>
    <time>2022-03-06T23:41:20Z</time>
   </trkpt>
   <trkpt lat="47.3798460" lon="-122.0421240">
    <ele>142.9</ele>
    <time>2022-03-06T23:41:21Z</time>
   </trkpt>
   <trkpt lat="47.3798390" lon="-122.0421100">
    <ele>142.9</ele>
    <time>2022-03-06T23:41:22Z</time>
   </trkpt>
   <trkpt lat="47.3798310" lon="-122.0420970">
    <ele>142.9</ele>
    <time>2022-03-06T23:41:23Z</time>
   </trkpt>
   <trkpt lat="47.3798080" lon="-122.0420800">
    <ele>142.9</ele>
    <time>2022-03-06T23:41:24Z</time>
   </trkpt>
   <trkpt lat="47.3797950" lon="-122.0420740">
    <ele>142.9</ele>
    <time>2022-03-06T23:41:25Z</time>
   </trkpt>
   <trkpt lat="47.3797830" lon="-122.0420680">
    <ele>142.9</ele>
    <time>2022-03-06T23:41:26Z</time>
   </trkpt>
   <trkpt lat="47.3797550" lon="-122.0420460">
    <ele>142.9</ele>
    <time>2022-03-06T23:41:27Z</time>
   </trkpt>
   <trkpt lat="47.3797480" lon="-122.0420420">
    <ele>142.9</ele>
    <time>2022-03-06T23:41:28Z</time>
   </trkpt>
   <trkpt lat="47.3797400" lon="-122.0420400">
    <ele>142.9</ele>
    <time>2022-03-06T23:41:29Z</time>
   </trkpt>
   <trkpt lat="47.3797340" lon="-122.0420250">
    <ele>142.9</ele>
    <time>2022-03-06T23:41:30Z</time>
   </trkpt>
   <trkpt lat="47.3797270" lon="-122.0420100">
    <ele>142.9</ele>
    <time>2022-03-06T23:41:31Z</time>
   </trkpt>
   <trkpt lat="47.3797220" lon="-122.0419950">
    <ele>142.9</ele>
    <time>2022-03-06T23:41:32Z</time>
   </trkpt>
   <trkpt lat="47.3797180" lon="-122.0419740">
    <ele>142.9</ele>
    <time>2022-03-06T23:41:33Z</time>
   </trkpt>
   <trkpt lat="47.3797110" lon="-122.0419760">
    <ele>142.9</ele>
    <time>2022-03-06T23:41:34Z</time>
   </trkpt>
   <trkpt lat="47.3797020" lon="-122.0419720">
    <ele>142.9</ele>
    <time>2022-03-06T23:41:35Z</time>
   </trkpt>
   <trkpt lat="47.3796880" lon="-122.0419570">
    <ele>142.9</ele>
    <time>2022-03-06T23:41:36Z</time>
   </trkpt>
   <trkpt lat="47.3796880" lon="-122.0419640">
    <ele>142.9</ele>
    <time>2022-03-06T23:41:37Z</time>
   </trkpt>
   <trkpt lat="47.3796850" lon="-122.0419600">
    <ele>142.9</ele>
    <time>2022-03-06T23:41:38Z</time>
   </trkpt>
   <trkpt lat="47.3796750" lon="-122.0419470">
    <ele>142.9</ele>
    <time>2022-03-06T23:41:39Z</time>
   </trkpt>
   <trkpt lat="47.3796720" lon="-122.0419340">
    <ele>142.9</ele>
    <time>2022-03-06T23:41:40Z</time>
   </trkpt>
   <trkpt lat="47.3796680" lon="-122.0419200">
    <ele>142.9</ele>
    <time>2022-03-06T23:41:41Z</time>
   </trkpt>
   <trkpt lat="47.3796650" lon="-122.0419070">
    <ele>142.9</ele>
    <time>2022-03-06T23:41:42Z</time>
   </trkpt>
   <trkpt lat="47.3796550" lon="-122.0418790">
    <ele>142.9</ele>
    <time>2022-03-06T23:41:43Z</time>
   </trkpt>
   <trkpt lat="47.3796520" lon="-122.0418680">
    <ele>142.9</ele>
    <time>2022-03-06T23:41:44Z</time>
   </trkpt>
   <trkpt lat="47.3796480" lon="-122.0418560">
    <ele>142.9</ele>
    <time>2022-03-06T23:41:45Z</time>
   </trkpt>
   <trkpt lat="47.3796510" lon="-122.0418340">
    <ele>142.9</ele>
    <time>2022-03-06T23:41:46Z</time>
   </trkpt>
   <trkpt lat="47.3796510" lon="-122.0418230">
    <ele>142.9</ele>
    <time>2022-03-06T23:41:47Z</time>
   </trkpt>
   <trkpt lat="47.3796520" lon="-122.0418120">
    <ele>142.9</ele>
    <time>2022-03-06T23:41:48Z</time>
   </trkpt>
   <trkpt lat="47.3796520" lon="-122.0418010">
    <ele>142.9</ele>
    <time>2022-03-06T23:41:49Z</time>
   </trkpt>
   <trkpt lat="47.3796530" lon="-122.0417910">
    <ele>142.9</ele>
    <time>2022-03-06T23:41:50Z</time>
   </trkpt>
   <trkpt lat="47.3796570" lon="-122.0417710">
    <ele>142.9</ele>
    <time>2022-03-06T23:41:51Z</time>
   </trkpt>
   <trkpt lat="47.3796530" lon="-122.0417480">
    <ele>142.9</ele>
    <time>2022-03-06T23:41:52Z</time>
   </trkpt>
   <trkpt lat="47.3796520" lon="-122.0417330">
    <ele>142.9</ele>
    <time>2022-03-06T23:41:53Z</time>
   </trkpt>
   <trkpt lat="47.3796550" lon="-122.0417180">
    <ele>142.9</ele>
    <time>2022-03-06T23:41:54Z</time>
   </trkpt>
   <trkpt lat="47.3796600" lon="-122.0417000">
    <ele>142.9</ele>
    <time>2022-03-06T23:41:55Z</time>
   </trkpt>
   <trkpt lat="47.3796640" lon="-122.0416740">
    <ele>142.9</ele>
    <time>2022-03-06T23:41:56Z</time>
   </trkpt>
   <trkpt lat="47.3796590" lon="-122.0416560">
    <ele>142.9</ele>
    <time>2022-03-06T23:41:57Z</time>
   </trkpt>
   <trkpt lat="47.3796570" lon="-122.0416410">
    <ele>142.9</ele>
    <time>2022-03-06T23:41:58Z</time>
   </trkpt>
   <trkpt lat="47.3796530" lon="-122.0416340">
    <ele>142.9</ele>
    <time>2022-03-06T23:41:59Z</time>
   </trkpt>
   <trkpt lat="47.3796520" lon="-122.0416090">
    <ele>142.9</ele>
    <time>2022-03-06T23:42:00Z</time>
   </trkpt>
   <trkpt lat="47.3796570" lon="-122.0416050">
    <ele>142.9</ele>
    <time>2022-03-06T23:42:01Z</time>
   </trkpt>
   <trkpt lat="47.3796610" lon="-122.0415900">
    <ele>142.9</ele>
    <time>2022-03-06T23:42:02Z</time>
   </trkpt>
   <trkpt lat="47.3796630" lon="-122.0415650">
    <ele>142.9</ele>
    <time>2022-03-06T23:42:03Z</time>
   </trkpt>
   <trkpt lat="47.3796680" lon="-122.0415140">
    <ele>143.0</ele>
    <time>2022-03-06T23:42:04Z</time>
   </trkpt>
   <trkpt lat="47.3796700" lon="-122.0415000">
    <ele>143.0</ele>
    <time>2022-03-06T23:42:05Z</time>
   </trkpt>
   <trkpt lat="47.3796700" lon="-122.0414810">
    <ele>143.0</ele>
    <time>2022-03-06T23:42:06Z</time>
   </trkpt>
   <trkpt lat="47.3796610" lon="-122.0414730">
    <ele>143.0</ele>
    <time>2022-03-06T23:42:07Z</time>
   </trkpt>
   <trkpt lat="47.3796620" lon="-122.0414570">
    <ele>143.0</ele>
    <time>2022-03-06T23:42:08Z</time>
   </trkpt>
   <trkpt lat="47.3796580" lon="-122.0414360">
    <ele>143.0</ele>
    <time>2022-03-06T23:42:09Z</time>
   </trkpt>
   <trkpt lat="47.3796680" lon="-122.0414050">
    <ele>143.0</ele>
    <time>2022-03-06T23:42:10Z</time>
   </trkpt>
   <trkpt lat="47.3796720" lon="-122.0413870">
    <ele>143.0</ele>
    <time>2022-03-06T23:42:11Z</time>
   </trkpt>
   <trkpt lat="47.3796730" lon="-122.0413750">
    <ele>143.0</ele>
    <time>2022-03-06T23:42:12Z</time>
   </trkpt>
   <trkpt lat="47.3796730" lon="-122.0413720">
    <ele>143.0</ele>
    <time>2022-03-06T23:42:13Z</time>
   </trkpt>
   <trkpt lat="47.3796760" lon="-122.0413590">
    <ele>143.0</ele>
    <time>2022-03-06T23:42:14Z</time>
   </trkpt>
   <trkpt lat="47.3796770" lon="-122.0413510">
    <ele>143.0</ele>
    <time>2022-03-06T23:42:15Z</time>
   </trkpt>
   <trkpt lat="47.3796800" lon="-122.0413370">
    <ele>143.0</ele>
    <time>2022-03-06T23:42:16Z</time>
   </trkpt>
   <trkpt lat="47.3796810" lon="-122.0413180">
    <ele>143.0</ele>
    <time>2022-03-06T23:42:17Z</time>
   </trkpt>
   <trkpt lat="47.3796760" lon="-122.0412730">
    <ele>143.1</ele>
    <time>2022-03-06T23:42:18Z</time>
   </trkpt>
   <trkpt lat="47.3796780" lon="-122.0412580">
    <ele>143.1</ele>
    <time>2022-03-06T23:42:19Z</time>
   </trkpt>
   <trkpt lat="47.3796760" lon="-122.0412220">
    <ele>143.1</ele>
    <time>2022-03-06T23:42:20Z</time>
   </trkpt>
   <trkpt lat="47.3796750" lon="-122.0412070">
    <ele>143.1</ele>
    <time>2022-03-06T23:42:21Z</time>
   </trkpt>
   <trkpt lat="47.3796740" lon="-122.0411920">
    <ele>143.1</ele>
    <time>2022-03-06T23:42:22Z</time>
   </trkpt>
   <trkpt lat="47.3796700" lon="-122.0411610">
    <ele>143.1</ele>
    <time>2022-03-06T23:42:23Z</time>
   </trkpt>
   <trkpt lat="47.3796690" lon="-122.0411500">
    <ele>143.1</ele>
    <time>2022-03-06T23:42:24Z</time>
   </trkpt>
   <trkpt lat="47.3796680" lon="-122.0411380">
    <ele>143.1</ele>
    <time>2022-03-06T23:42:25Z</time>
   </trkpt>
   <trkpt lat="47.3796610" lon="-122.0411340">
    <ele>143.1</ele>
    <time>2022-03-06T23:42:26Z</time>
   </trkpt>
   <trkpt lat="47.3796700" lon="-122.0411230">
    <ele>143.1</ele>
    <time>2022-03-06T23:42:27Z</time>
   </trkpt>
   <trkpt lat="47.3796690" lon="-122.0411120">
    <ele>143.1</ele>
    <time>2022-03-06T23:42:28Z</time>
   </trkpt>
   <trkpt lat="47.3796720" lon="-122.0410910">
    <ele>143.1</ele>
    <time>2022-03-06T23:42:29Z</time>
   </trkpt>
   <trkpt lat="47.3796740" lon="-122.0410680">
    <ele>143.1</ele>
    <time>2022-03-06T23:42:30Z</time>
   </trkpt>
   <trkpt lat="47.3796730" lon="-122.0410560">
    <ele>143.1</ele>
    <time>2022-03-06T23:42:31Z</time>
   </trkpt>
   <trkpt lat="47.3796720" lon="-122.0410440">
    <ele>143.1</ele>
    <time>2022-03-06T23:42:32Z</time>
   </trkpt>
   <trkpt lat="47.3796720" lon="-122.0410320">
    <ele>143.2</ele>
    <time>2022-03-06T23:42:33Z</time>
   </trkpt>
   <trkpt lat="47.3796690" lon="-122.0409990">
    <ele>143.2</ele>
    <time>2022-03-06T23:42:34Z</time>
   </trkpt>
   <trkpt lat="47.3796700" lon="-122.0409880">
    <ele>143.2</ele>
    <time>2022-03-06T23:42:35Z</time>
   </trkpt>
   <trkpt lat="47.3796700" lon="-122.0409770">
    <ele>143.2</ele>
    <time>2022-03-06T23:42:36Z</time>
   </trkpt>
   <trkpt lat="47.3796680" lon="-122.0409410">
    <ele>143.2</ele>
    <time>2022-03-06T23:42:37Z</time>
   </trkpt>
   <trkpt lat="47.3796670" lon="-122.0409230">
    <ele>143.2</ele>
    <time>2022-03-06T23:42:38Z</time>
   </trkpt>
   <trkpt lat="47.3796660" lon="-122.0409050">
    <ele>143.2</ele>
    <time>2022-03-06T23:42:39Z</time>
   </trkpt>
   <trkpt lat="47.3796680" lon="-122.0408860">
    <ele>143.2</ele>
    <time>2022-03-06T23:42:40Z</time>
   </trkpt>
   <trkpt lat="47.3796780" lon="-122.0408590">
    <ele>143.2</ele>
    <time>2022-03-06T23:42:41Z</time>
   </trkpt>
   <trkpt lat="47.3796890" lon="-122.0408360">
    <ele>143.2</ele>
    <time>2022-03-06T23:42:42Z</time>
   </trkpt>
   <trkpt lat="47.3796890" lon="-122.0408140">
    <ele>143.2</ele>
    <time>2022-03-06T23:42:43Z</time>
   </trkpt>
   <trkpt lat="47.3796920" lon="-122.0407850">
    <ele>143.2</ele>
    <time>2022-03-06T23:42:44Z</time>
   </trkpt>
   <trkpt lat="47.3796930" lon="-122.0407720">
    <ele>143.2</ele>
    <time>2022-03-06T23:42:45Z</time>
   </trkpt>
   <trkpt lat="47.3796930" lon="-122.0407590">
    <ele>143.2</ele>
    <time>2022-03-06T23:42:46Z</time>
   </trkpt>
   <trkpt lat="47.3796960" lon="-122.0407340">
    <ele>143.2</ele>
    <time>2022-03-06T23:42:47Z</time>
   </trkpt>
   <trkpt lat="47.3796970" lon="-122.0407250">
    <ele>143.2</ele>
    <time>2022-03-06T23:42:48Z</time>
   </trkpt>
   <trkpt lat="47.3796980" lon="-122.0407130">
    <ele>143.2</ele>
    <time>2022-03-06T23:42:49Z</time>
   </trkpt>
   <trkpt lat="47.3797040" lon="-122.0406970">
    <ele>143.2</ele>
    <time>2022-03-06T23:42:50Z</time>
   </trkpt>
   <trkpt lat="47.3797150" lon="-122.0406910">
    <ele>143.3</ele>
    <time>2022-03-06T23:42:51Z</time>
   </trkpt>
   <trkpt lat="47.3797120" lon="-122.0406810">
    <ele>143.3</ele>
    <time>2022-03-06T23:42:52Z</time>
   </trkpt>
   <trkpt lat="47.3797090" lon="-122.0406660">
    <ele>143.3</ele>
    <time>2022-03-06T23:42:53Z</time>
   </trkpt>
   <trkpt lat="47.3797080" lon="-122.0406490">
    <ele>143.3</ele>
    <time>2022-03-06T23:42:54Z</time>
   </trkpt>
   <trkpt lat="47.3797000" lon="-122.0406320">
    <ele>143.3</ele>
    <time>2022-03-06T23:42:55Z</time>
   </trkpt>
   <trkpt lat="47.3796970" lon="-122.0406180">
    <ele>143.3</ele>
    <time>2022-03-06T23:42:56Z</time>
   </trkpt>
   <trkpt lat="47.3797030" lon="-122.0405990">
    <ele>143.3</ele>
    <time>2022-03-06T23:42:57Z</time>
   </trkpt>
   <trkpt lat="47.3797020" lon="-122.0405760">
    <ele>143.3</ele>
    <time>2022-03-06T23:42:58Z</time>
   </trkpt>
   <trkpt lat="47.3797000" lon="-122.0405540">
    <ele>143.3</ele>
    <time>2022-03-06T23:42:59Z</time>
   </trkpt>
   <trkpt lat="47.3797020" lon="-122.0405340">
    <ele>143.3</ele>
    <time>2022-03-06T23:43:00Z</time>
   </trkpt>
   <trkpt lat="47.3797100" lon="-122.0405090">
    <ele>143.3</ele>
    <time>2022-03-06T23:43:01Z</time>
   </trkpt>
   <trkpt lat="47.3797100" lon="-122.0404860">
    <ele>143.3</ele>
    <time>2022-03-06T23:43:02Z</time>
   </trkpt>
   <trkpt lat="47.3796940" lon="-122.0404670">
    <ele>143.3</ele>
    <time>2022-03-06T23:43:03Z</time>
   </trkpt>
   <trkpt lat="47.3796840" lon="-122.0404520">
    <ele>143.3</ele>
    <time>2022-03-06T23:43:04Z</time>
   </trkpt>
   <trkpt lat="47.3796790" lon="-122.0404350">
    <ele>143.3</ele>
    <time>2022-03-06T23:43:05Z</time>
   </trkpt>
   <trkpt lat="47.3796780" lon="-122.0404180">
    <ele>143.3</ele>
    <time>2022-03-06T23:43:06Z</time>
   </trkpt>
   <trkpt lat="47.3796760" lon="-122.0404020">
    <ele>143.3</ele>
    <time>2022-03-06T23:43:07Z</time>
   </trkpt>
   <trkpt lat="47.3796820" lon="-122.0403740">
    <ele>143.3</ele>
    <time>2022-03-06T23:43:08Z</time>
   </trkpt>
   <trkpt lat="47.3796790" lon="-122.0403580">
    <ele>143.3</ele>
    <time>2022-03-06T23:43:09Z</time>
   </trkpt>
   <trkpt lat="47.3796900" lon="-122.0403360">
    <ele>143.3</ele>
    <time>2022-03-06T23:43:10Z</time>
   </trkpt>
   <trkpt lat="47.3796910" lon="-122.0403280">
    <ele>143.3</ele>
    <time>2022-03-06T23:43:11Z</time>
   </trkpt>
   <trkpt lat="47.3796780" lon="-122.0403170">
    <ele>143.3</ele>
    <time>2022-03-06T23:43:12Z</time>
   </trkpt>
   <trkpt lat="47.3796750" lon="-122.0403030">
    <ele>143.3</ele>
    <time>2022-03-06T23:43:13Z</time>
   </trkpt>
   <trkpt lat="47.3796750" lon="-122.0402910">
    <ele>143.3</ele>
    <time>2022-03-06T23:43:14Z</time>
   </trkpt>
   <trkpt lat="47.3796770" lon="-122.0402670">
    <ele>143.3</ele>
    <time>2022-03-06T23:43:15Z</time>
   </trkpt>
   <trkpt lat="47.3796770" lon="-122.0402450">
    <ele>143.3</ele>
    <time>2022-03-06T23:43:16Z</time>
   </trkpt>
   <trkpt lat="47.3796770" lon="-122.0402310">
    <ele>143.3</ele>
    <time>2022-03-06T23:43:17Z</time>
   </trkpt>
   <trkpt lat="47.3796770" lon="-122.0402160">
    <ele>143.3</ele>
    <time>2022-03-06T23:43:18Z</time>
   </trkpt>
   <trkpt lat="47.3796740" lon="-122.0401840">
    <ele>143.2</ele>
    <time>2022-03-06T23:43:19Z</time>
   </trkpt>
   <trkpt lat="47.3796750" lon="-122.0401690">
    <ele>143.2</ele>
    <time>2022-03-06T23:43:20Z</time>
   </trkpt>
   <trkpt lat="47.3796750" lon="-122.0401540">
    <ele>143.2</ele>
    <time>2022-03-06T23:43:21Z</time>
   </trkpt>
   <trkpt lat="47.3796740" lon="-122.0401430">
    <ele>143.2</ele>
    <time>2022-03-06T23:43:22Z</time>
   </trkpt>
   <trkpt lat="47.3796750" lon="-122.0401280">
    <ele>143.2</ele>
    <time>2022-03-06T23:43:23Z</time>
   </trkpt>
   <trkpt lat="47.3796680" lon="-122.0401120">
    <ele>143.2</ele>
    <time>2022-03-06T23:43:24Z</time>
   </trkpt>
   <trkpt lat="47.3796640" lon="-122.0400780">
    <ele>143.2</ele>
    <time>2022-03-06T23:43:25Z</time>
   </trkpt>
   <trkpt lat="47.3796620" lon="-122.0400630">
    <ele>143.2</ele>
    <time>2022-03-06T23:43:26Z</time>
   </trkpt>
   <trkpt lat="47.3796600" lon="-122.0400490">
    <ele>143.2</ele>
    <time>2022-03-06T23:43:27Z</time>
   </trkpt>
   <trkpt lat="47.3796610" lon="-122.0400330">
    <ele>143.2</ele>
    <time>2022-03-06T23:43:28Z</time>
   </trkpt>
   <trkpt lat="47.3796620" lon="-122.0400240">
    <ele>143.2</ele>
    <time>2022-03-06T23:43:29Z</time>
   </trkpt>
   <trkpt lat="47.3796660" lon="-122.0400170">
    <ele>143.2</ele>
    <time>2022-03-06T23:43:30Z</time>
   </trkpt>
   <trkpt lat="47.3796740" lon="-122.0400070">
    <ele>143.2</ele>
    <time>2022-03-06T23:43:31Z</time>
   </trkpt>
   <trkpt lat="47.3796810" lon="-122.0399870">
    <ele>143.2</ele>
    <time>2022-03-06T23:43:32Z</time>
   </trkpt>
   <trkpt lat="47.3796830" lon="-122.0399710">
    <ele>143.2</ele>
    <time>2022-03-06T23:43:33Z</time>
   </trkpt>
   <trkpt lat="47.3796850" lon="-122.0399630">
    <ele>143.2</ele>
    <time>2022-03-06T23:43:34Z</time>
   </trkpt>
   <trkpt lat="47.3796920" lon="-122.0399500">
    <ele>143.2</ele>
    <time>2022-03-06T23:43:35Z</time>
   </trkpt>
   <trkpt lat="47.3796950" lon="-122.0399370">
    <ele>143.2</ele>
    <time>2022-03-06T23:43:36Z</time>
   </trkpt>
   <trkpt lat="47.3796970" lon="-122.0399240">
    <ele>143.2</ele>
    <time>2022-03-06T23:43:37Z</time>
   </trkpt>
   <trkpt lat="47.3797000" lon="-122.0399120">
    <ele>143.2</ele>
    <time>2022-03-06T23:43:38Z</time>
   </trkpt>
   <trkpt lat="47.3797110" lon="-122.0398810">
    <ele>143.2</ele>
    <time>2022-03-06T23:43:39Z</time>
   </trkpt>
   <trkpt lat="47.3797160" lon="-122.0398720">
    <ele>143.2</ele>
    <time>2022-03-06T23:43:40Z</time>
   </trkpt>
   <trkpt lat="47.3797210" lon="-122.0398640">
    <ele>143.2</ele>
    <time>2022-03-06T23:43:41Z</time>
   </trkpt>
   <trkpt lat="47.3797230" lon="-122.0398460">
    <ele>143.2</ele>
    <time>2022-03-06T23:43:42Z</time>
   </trkpt>
   <trkpt lat="47.3797290" lon="-122.0398190">
    <ele>143.2</ele>
    <time>2022-03-06T23:43:43Z</time>
   </trkpt>
   <trkpt lat="47.3797340" lon="-122.0398010">
    <ele>143.2</ele>
    <time>2022-03-06T23:43:44Z</time>
   </trkpt>
   <trkpt lat="47.3797380" lon="-122.0397780">
    <ele>143.2</ele>
    <time>2022-03-06T23:43:45Z</time>
   </trkpt>
   <trkpt lat="47.3797380" lon="-122.0397580">
    <ele>143.2</ele>
    <time>2022-03-06T23:43:46Z</time>
   </trkpt>
   <trkpt lat="47.3797420" lon="-122.0397370">
    <ele>143.2</ele>
    <time>2022-03-06T23:43:47Z</time>
   </trkpt>
   <trkpt lat="47.3797490" lon="-122.0397120">
    <ele>143.2</ele>
    <time>2022-03-06T23:43:48Z</time>
   </trkpt>
   <trkpt lat="47.3797510" lon="-122.0396980">
    <ele>143.2</ele>
    <time>2022-03-06T23:43:49Z</time>
   </trkpt>
   <trkpt lat="47.3797540" lon="-122.0396840">
    <ele>143.2</ele>
    <time>2022-03-06T23:43:50Z</time>
   </trkpt>
   <trkpt lat="47.3797590" lon="-122.0396670">
    <ele>143.2</ele>
    <time>2022-03-06T23:43:51Z</time>
   </trkpt>
   <trkpt lat="47.3797650" lon="-122.0396570">
    <ele>143.2</ele>
    <time>2022-03-06T23:43:52Z</time>
   </trkpt>
   <trkpt lat="47.3797630" lon="-122.0396550">
    <ele>143.2</ele>
    <time>2022-03-06T23:43:53Z</time>
   </trkpt>
   <trkpt lat="47.3797660" lon="-122.0396450">
    <ele>143.2</ele>
    <time>2022-03-06T23:43:54Z</time>
   </trkpt>
   <trkpt lat="47.3797700" lon="-122.0396410">
    <ele>143.2</ele>
    <time>2022-03-06T23:43:55Z</time>
   </trkpt>
   <trkpt lat="47.3797760" lon="-122.0396150">
    <ele>143.2</ele>
    <time>2022-03-06T23:43:56Z</time>
   </trkpt>
   <trkpt lat="47.3797810" lon="-122.0395950">
    <ele>143.2</ele>
    <time>2022-03-06T23:43:57Z</time>
   </trkpt>
   <trkpt lat="47.3797860" lon="-122.0395770">
    <ele>143.2</ele>
    <time>2022-03-06T23:43:58Z</time>
   </trkpt>
   <trkpt lat="47.3797920" lon="-122.0395540">
    <ele>143.2</ele>
    <time>2022-03-06T23:43:59Z</time>
   </trkpt>
   <trkpt lat="47.3798070" lon="-122.0395170">
    <ele>143.2</ele>
    <time>2022-03-06T23:44:00Z</time>
   </trkpt>
   <trkpt lat="47.3798140" lon="-122.0395080">
    <ele>143.2</ele>
    <time>2022-03-06T23:44:01Z</time>
   </trkpt>
   <trkpt lat="47.3798210" lon="-122.0394900">
    <ele>143.2</ele>
    <time>2022-03-06T23:44:02Z</time>
   </trkpt>
   <trkpt lat="47.3798260" lon="-122.0394860">
    <ele>143.2</ele>
    <time>2022-03-06T23:44:03Z</time>
   </trkpt>
   <trkpt lat="47.3798330" lon="-122.0394820">
    <ele>143.2</ele>
    <time>2022-03-06T23:44:04Z</time>
   </trkpt>
   <trkpt lat="47.3798310" lon="-122.0394720">
    <ele>143.2</ele>
    <time>2022-03-06T23:44:05Z</time>
   </trkpt>
   <trkpt lat="47.3798330" lon="-122.0394490">
    <ele>143.2</ele>
    <time>2022-03-06T23:44:06Z</time>
   </trkpt>
   <trkpt lat="47.3798230" lon="-122.0394390">
    <ele>143.2</ele>
    <time>2022-03-06T23:44:07Z</time>
   </trkpt>
   <trkpt lat="47.3798150" lon="-122.0394290">
    <ele>143.2</ele>
    <time>2022-03-06T23:44:08Z</time>
   </trkpt>
   <trkpt lat="47.3798130" lon="-122.0394100">
    <ele>143.2</ele>
    <time>2022-03-06T23:44:09Z</time>
   </trkpt>
   <trkpt lat="47.3798190" lon="-122.0393870">
    <ele>143.3</ele>
    <time>2022-03-06T23:44:10Z</time>
   </trkpt>
   <trkpt lat="47.3798190" lon="-122.0393750">
    <ele>143.3</ele>
    <time>2022-03-06T23:44:11Z</time>
   </trkpt>
   <trkpt lat="47.3798260" lon="-122.0393640">
    <ele>143.3</ele>
    <time>2022-03-06T23:44:12Z</time>
   </trkpt>
   <trkpt lat="47.3798330" lon="-122.0393450">
    <ele>143.3</ele>
    <time>2022-03-06T23:44:13Z</time>
   </trkpt>
   <trkpt lat="47.3798460" lon="-122.0393230">
    <ele>143.3</ele>
    <time>2022-03-06T23:44:14Z</time>
   </trkpt>
   <trkpt lat="47.3798560" lon="-122.0393100">
    <ele>143.3</ele>
    <time>2022-03-06T23:44:15Z</time>
   </trkpt>
   <trkpt lat="47.3798650" lon="-122.0392950">
    <ele>143.3</ele>
    <time>2022-03-06T23:44:16Z</time>
   </trkpt>
   <trkpt lat="47.3798770" lon="-122.0392780">
    <ele>143.3</ele>
    <time>2022-03-06T23:44:17Z</time>
   </trkpt>
   <trkpt lat="47.3798840" lon="-122.0392590">
    <ele>143.3</ele>
    <time>2022-03-06T23:44:18Z</time>
   </trkpt>
   <trkpt lat="47.3798860" lon="-122.0392390">
    <ele>143.3</ele>
    <time>2022-03-06T23:44:19Z</time>
   </trkpt>
   <trkpt lat="47.3798890" lon="-122.0392270">
    <ele>143.3</ele>
    <time>2022-03-06T23:44:20Z</time>
   </trkpt>
   <trkpt lat="47.3798790" lon="-122.0392150">
    <ele>143.3</ele>
    <time>2022-03-06T23:44:21Z</time>
   </trkpt>
   <trkpt lat="47.3798810" lon="-122.0391990">
    <ele>143.3</ele>
    <time>2022-03-06T23:44:22Z</time>
   </trkpt>
   <trkpt lat="47.3798980" lon="-122.0391810">
    <ele>143.3</ele>
    <time>2022-03-06T23:44:23Z</time>
   </trkpt>
   <trkpt lat="47.3799050" lon="-122.0391750">
    <ele>143.3</ele>
    <time>2022-03-06T23:44:24Z</time>
   </trkpt>
   <trkpt lat="47.3799110" lon="-122.0391690">
    <ele>143.3</ele>
    <time>2022-03-06T23:44:25Z</time>
   </trkpt>
   <trkpt lat="47.3799210" lon="-122.0391540">
    <ele>143.3</ele>
    <time>2022-03-06T23:44:26Z</time>
   </trkpt>
   <trkpt lat="47.3799280" lon="-122.0391400">
    <ele>143.4</ele>
    <time>2022-03-06T23:44:27Z</time>
   </trkpt>
   <trkpt lat="47.3799330" lon="-122.0391380">
    <ele>143.4</ele>
    <time>2022-03-06T23:44:28Z</time>
   </trkpt>
   <trkpt lat="47.3799380" lon="-122.0391400">
    <ele>143.4</ele>
    <time>2022-03-06T23:44:29Z</time>
   </trkpt>
   <trkpt lat="47.3799410" lon="-122.0391350">
    <ele>143.5</ele>
    <time>2022-03-06T23:44:30Z</time>
   </trkpt>
   <trkpt lat="47.3799500" lon="-122.0391260">
    <ele>143.5</ele>
    <time>2022-03-06T23:44:31Z</time>
   </trkpt>
   <trkpt lat="47.3799570" lon="-122.0391170">
    <ele>143.5</ele>
    <time>2022-03-06T23:44:32Z</time>
   </trkpt>
   <trkpt lat="47.3799650" lon="-122.0391020">
    <ele>143.6</ele>
    <time>2022-03-06T23:44:33Z</time>
   </trkpt>
   <trkpt lat="47.3799680" lon="-122.0391000">
    <ele>143.6</ele>
    <time>2022-03-06T23:44:34Z</time>
   </trkpt>
   <trkpt lat="47.3799650" lon="-122.0391050">
    <ele>143.6</ele>
    <time>2022-03-06T23:44:35Z</time>
   </trkpt>
   <trkpt lat="47.3799650" lon="-122.0391100">
    <ele>143.6</ele>
    <time>2022-03-06T23:44:36Z</time>
   </trkpt>
   <trkpt lat="47.3799790" lon="-122.0391080">
    <ele>143.7</ele>
    <time>2022-03-06T23:44:37Z</time>
   </trkpt>
   <trkpt lat="47.3799870" lon="-122.0391090">
    <ele>143.7</ele>
    <time>2022-03-06T23:44:38Z</time>
   </trkpt>
   <trkpt lat="47.3799860" lon="-122.0390980">
    <ele>143.8</ele>
    <time>2022-03-06T23:44:39Z</time>
   </trkpt>
   <trkpt lat="47.3799870" lon="-122.0390990">
    <ele>143.8</ele>
    <time>2022-03-06T23:44:40Z</time>
   </trkpt>
   <trkpt lat="47.3800050" lon="-122.0390980">
    <ele>143.8</ele>
    <time>2022-03-06T23:44:41Z</time>
   </trkpt>
   <trkpt lat="47.3800030" lon="-122.0390920">
    <ele>143.8</ele>
    <time>2022-03-06T23:44:42Z</time>
   </trkpt>
   <trkpt lat="47.3800120" lon="-122.0390870">
    <ele>143.8</ele>
    <time>2022-03-06T23:44:43Z</time>
   </trkpt>
   <trkpt lat="47.3800170" lon="-122.0390900">
    <ele>143.8</ele>
    <time>2022-03-06T23:44:44Z</time>
   </trkpt>
   <trkpt lat="47.3800220" lon="-122.0390920">
    <ele>143.8</ele>
    <time>2022-03-06T23:44:45Z</time>
   </trkpt>
   <trkpt lat="47.3800320" lon="-122.0390890">
    <ele>143.9</ele>
    <time>2022-03-06T23:44:46Z</time>
   </trkpt>
   <trkpt lat="47.3800410" lon="-122.0390960">
    <ele>143.9</ele>
    <time>2022-03-06T23:44:47Z</time>
   </trkpt>
   <trkpt lat="47.3800510" lon="-122.0390930">
    <ele>143.9</ele>
    <time>2022-03-06T23:44:48Z</time>
   </trkpt>
   <trkpt lat="47.3800610" lon="-122.0390950">
    <ele>143.9</ele>
    <time>2022-03-06T23:44:49Z</time>
   </trkpt>
   <trkpt lat="47.3800700" lon="-122.0391050">
    <ele>143.9</ele>
    <time>2022-03-06T23:44:50Z</time>
   </trkpt>
   <trkpt lat="47.3800870" lon="-122.0391140">
    <ele>144.0</ele>
    <time>2022-03-06T23:44:51Z</time>
   </trkpt>
   <trkpt lat="47.3800940" lon="-122.0391190">
    <ele>144.0</ele>
    <time>2022-03-06T23:44:52Z</time>
   </trkpt>
   <trkpt lat="47.3801010" lon="-122.0391240">
    <ele>144.0</ele>
    <time>2022-03-06T23:44:53Z</time>
   </trkpt>
   <trkpt lat="47.3801090" lon="-122.0391290">
    <ele>144.0</ele>
    <time>2022-03-06T23:44:54Z</time>
   </trkpt>
   <trkpt lat="47.3801160" lon="-122.0391260">
    <ele>144.0</ele>
    <time>2022-03-06T23:44:55Z</time>
   </trkpt>
   <trkpt lat="47.3801190" lon="-122.0391190">
    <ele>144.0</ele>
    <time>2022-03-06T23:44:56Z</time>
   </trkpt>
   <trkpt lat="47.3801410" lon="-122.0391210">
    <ele>144.1</ele>
    <time>2022-03-06T23:44:57Z</time>
   </trkpt>
   <trkpt lat="47.3801640" lon="-122.0391470">
    <ele>144.1</ele>
    <time>2022-03-06T23:44:58Z</time>
   </trkpt>
   <trkpt lat="47.3801710" lon="-122.0391560">
    <ele>144.1</ele>
    <time>2022-03-06T23:44:59Z</time>
   </trkpt>
   <trkpt lat="47.3801840" lon="-122.0391680">
    <ele>144.1</ele>
    <time>2022-03-06T23:45:00Z</time>
   </trkpt>
   <trkpt lat="47.3801860" lon="-122.0391740">
    <ele>144.1</ele>
    <time>2022-03-06T23:45:01Z</time>
   </trkpt>
   <trkpt lat="47.3801970" lon="-122.0391910">
    <ele>144.2</ele>
    <time>2022-03-06T23:45:02Z</time>
   </trkpt>
   <trkpt lat="47.3802170" lon="-122.0392200">
    <ele>144.2</ele>
    <time>2022-03-06T23:45:03Z</time>
   </trkpt>
   <trkpt lat="47.3802240" lon="-122.0392300">
    <ele>144.2</ele>
    <time>2022-03-06T23:45:04Z</time>
   </trkpt>
   <trkpt lat="47.3802270" lon="-122.0392550">
    <ele>144.2</ele>
    <time>2022-03-06T23:45:05Z</time>
   </trkpt>
   <trkpt lat="47.3802310" lon="-122.0392660">
    <ele>144.2</ele>
    <time>2022-03-06T23:45:06Z</time>
   </trkpt>
   <trkpt lat="47.3802360" lon="-122.0392690">
    <ele>144.3</ele>
    <time>2022-03-06T23:45:07Z</time>
   </trkpt>
   <trkpt lat="47.3802400" lon="-122.0392670">
    <ele>144.3</ele>
    <time>2022-03-06T23:45:08Z</time>
   </trkpt>
   <trkpt lat="47.3802490" lon="-122.0392790">
    <ele>144.3</ele>
    <time>2022-03-06T23:45:09Z</time>
   </trkpt>
   <trkpt lat="47.3802560" lon="-122.0392880">
    <ele>144.3</ele>
    <time>2022-03-06T23:45:10Z</time>
   </trkpt>
   <trkpt lat="47.3802600" lon="-122.0393020">
    <ele>144.3</ele>
    <time>2022-03-06T23:45:11Z</time>
   </trkpt>
   <trkpt lat="47.3802730" lon="-122.0393180">
    <ele>144.4</ele>
    <time>2022-03-06T23:45:12Z</time>
   </trkpt>
   <trkpt lat="47.3802780" lon="-122.0393290">
    <ele>144.4</ele>
    <time>2022-03-06T23:45:13Z</time>
   </trkpt>
   <trkpt lat="47.3802830" lon="-122.0393390">
    <ele>144.4</ele>
    <time>2022-03-06T23:45:14Z</time>
   </trkpt>
   <trkpt lat="47.3802880" lon="-122.0393490">
    <ele>144.4</ele>
    <time>2022-03-06T23:45:15Z</time>
   </trkpt>
   <trkpt lat="47.3803100" lon="-122.0393870">
    <ele>144.4</ele>
    <time>2022-03-06T23:45:16Z</time>
   </trkpt>
   <trkpt lat="47.3803210" lon="-122.0394020">
    <ele>144.4</ele>
    <time>2022-03-06T23:45:17Z</time>
   </trkpt>
   <trkpt lat="47.3803280" lon="-122.0394100">
    <ele>144.4</ele>
    <time>2022-03-06T23:45:18Z</time>
   </trkpt>
   <trkpt lat="47.3803470" lon="-122.0394320">
    <ele>144.4</ele>
    <time>2022-03-06T23:45:19Z</time>
   </trkpt>
   <trkpt lat="47.3803590" lon="-122.0394440">
    <ele>144.4</ele>
    <time>2022-03-06T23:45:20Z</time>
   </trkpt>
   <trkpt lat="47.3803700" lon="-122.0394470">
    <ele>144.4</ele>
    <time>2022-03-06T23:45:21Z</time>
   </trkpt>
   <trkpt lat="47.3803750" lon="-122.0394640">
    <ele>144.4</ele>
    <time>2022-03-06T23:45:22Z</time>
   </trkpt>
   <trkpt lat="47.3803920" lon="-122.0394700">
    <ele>144.4</ele>
    <time>2022-03-06T23:45:23Z</time>
   </trkpt>
   <trkpt lat="47.3804020" lon="-122.0394840">
    <ele>144.4</ele>
    <time>2022-03-06T23:45:24Z</time>
   </trkpt>
   <trkpt lat="47.3804150" lon="-122.0395070">
    <ele>144.4</ele>
    <time>2022-03-06T23:45:25Z</time>
   </trkpt>
   <trkpt lat="47.3804230" lon="-122.0395160">
    <ele>144.4</ele>
    <time>2022-03-06T23:45:26Z</time>
   </trkpt>
   <trkpt lat="47.3804310" lon="-122.0395250">
    <ele>144.4</ele>
    <time>2022-03-06T23:45:27Z</time>
   </trkpt>
   <trkpt lat="47.3804470" lon="-122.0395480">
    <ele>144.4</ele>
    <time>2022-03-06T23:45:28Z</time>
   </trkpt>
   <trkpt lat="47.3804530" lon="-122.0395620">
    <ele>144.3</ele>
    <time>2022-03-06T23:45:29Z</time>
   </trkpt>
   <trkpt lat="47.3804590" lon="-122.0395750">
    <ele>144.3</ele>
    <time>2022-03-06T23:45:30Z</time>
   </trkpt>
   <trkpt lat="47.3804650" lon="-122.0395890">
    <ele>144.3</ele>
    <time>2022-03-06T23:45:31Z</time>
   </trkpt>
   <trkpt lat="47.3804730" lon="-122.0395840">
    <ele>144.3</ele>
    <time>2022-03-06T23:45:32Z</time>
   </trkpt>
   <trkpt lat="47.3804850" lon="-122.0395880">
    <ele>144.3</ele>
    <time>2022-03-06T23:45:33Z</time>
   </trkpt>
   <trkpt lat="47.3804920" lon="-122.0395930">
    <ele>144.3</ele>
    <time>2022-03-06T23:45:34Z</time>
   </trkpt>
   <trkpt lat="47.3804970" lon="-122.0396020">
    <ele>144.3</ele>
    <time>2022-03-06T23:45:35Z</time>
   </trkpt>
   <trkpt lat="47.3804990" lon="-122.0396110">
    <ele>144.3</ele>
    <time>2022-03-06T23:45:36Z</time>
   </trkpt>
   <trkpt lat="47.3804960" lon="-122.0396300">
    <ele>144.3</ele>
    <time>2022-03-06T23:45:37Z</time>
   </trkpt>
   <trkpt lat="47.3805020" lon="-122.0396520">
    <ele>144.3</ele>
    <time>2022-03-06T23:45:38Z</time>
   </trkpt>
   <trkpt lat="47.3805080" lon="-122.0396610">
    <ele>144.3</ele>
    <time>2022-03-06T23:45:39Z</time>
   </trkpt>
   <trkpt lat="47.3805130" lon="-122.0396700">
    <ele>144.3</ele>
    <time>2022-03-06T23:45:40Z</time>
   </trkpt>
   <trkpt lat="47.3805190" lon="-122.0396790">
    <ele>144.3</ele>
    <time>2022-03-06T23:45:41Z</time>
   </trkpt>
   <trkpt lat="47.3805310" lon="-122.0396940">
    <ele>144.3</ele>
    <time>2022-03-06T23:45:42Z</time>
   </trkpt>
   <trkpt lat="47.3805390" lon="-122.0397130">
    <ele>144.3</ele>
    <time>2022-03-06T23:45:43Z</time>
   </trkpt>
   <trkpt lat="47.3805600" lon="-122.0397560">
    <ele>144.3</ele>
    <time>2022-03-06T23:45:44Z</time>
   </trkpt>
   <trkpt lat="47.3805660" lon="-122.0397670">
    <ele>144.3</ele>
    <time>2022-03-06T23:45:45Z</time>
   </trkpt>
   <trkpt lat="47.3805730" lon="-122.0397940">
    <ele>144.3</ele>
    <time>2022-03-06T23:45:46Z</time>
   </trkpt>
   <trkpt lat="47.3805770" lon="-122.0398120">
    <ele>144.3</ele>
    <time>2022-03-06T23:45:47Z</time>
   </trkpt>
   <trkpt lat="47.3805860" lon="-122.0398300">
    <ele>144.3</ele>
    <time>2022-03-06T23:45:48Z</time>
   </trkpt>
   <trkpt lat="47.3805910" lon="-122.0398450">
    <ele>144.3</ele>
    <time>2022-03-06T23:45:49Z</time>
   </trkpt>
   <trkpt lat="47.3805900" lon="-122.0398490">
    <ele>144.3</ele>
    <time>2022-03-06T23:45:50Z</time>
   </trkpt>
   <trkpt lat="47.3805950" lon="-122.0398690">
    <ele>144.3</ele>
    <time>2022-03-06T23:45:51Z</time>
   </trkpt>
   <trkpt lat="47.3805970" lon="-122.0398790">
    <ele>144.3</ele>
    <time>2022-03-06T23:45:52Z</time>
   </trkpt>
   <trkpt lat="47.3805990" lon="-122.0398970">
    <ele>144.3</ele>
    <time>2022-03-06T23:45:53Z</time>
   </trkpt>
   <trkpt lat="47.3806020" lon="-122.0399040">
    <ele>144.3</ele>
    <time>2022-03-06T23:45:54Z</time>
   </trkpt>
   <trkpt lat="47.3806030" lon="-122.0399180">
    <ele>144.3</ele>
    <time>2022-03-06T23:45:55Z</time>
   </trkpt>
   <trkpt lat="47.3806050" lon="-122.0399360">
    <ele>144.3</ele>
    <time>2022-03-06T23:45:56Z</time>
   </trkpt>
   <trkpt lat="47.3806060" lon="-122.0399490">
    <ele>144.3</ele>
    <time>2022-03-06T23:45:57Z</time>
   </trkpt>
   <trkpt lat="47.3806060" lon="-122.0399580">
    <ele>144.3</ele>
    <time>2022-03-06T23:45:58Z</time>
   </trkpt>
   <trkpt lat="47.3806050" lon="-122.0399780">
    <ele>144.3</ele>
    <time>2022-03-06T23:45:59Z</time>
   </trkpt>
   <trkpt lat="47.3806060" lon="-122.0400070">
    <ele>144.3</ele>
    <time>2022-03-06T23:46:00Z</time>
   </trkpt>
   <trkpt lat="47.3806070" lon="-122.0400220">
    <ele>144.3</ele>
    <time>2022-03-06T23:46:01Z</time>
   </trkpt>
   <trkpt lat="47.3806080" lon="-122.0400370">
    <ele>144.3</ele>
    <time>2022-03-06T23:46:02Z</time>
   </trkpt>
   <trkpt lat="47.3806190" lon="-122.0400770">
    <ele>144.3</ele>
    <time>2022-03-06T23:46:03Z</time>
   </trkpt>
   <trkpt lat="47.3806240" lon="-122.0400930">
    <ele>144.3</ele>
    <time>2022-03-06T23:46:04Z</time>
   </trkpt>
   <trkpt lat="47.3806260" lon="-122.0401160">
    <ele>144.3</ele>
    <time>2022-03-06T23:46:05Z</time>
   </trkpt>
   <trkpt lat="47.3806370" lon="-122.0401320">
    <ele>144.3</ele>
    <time>2022-03-06T23:46:06Z</time>
   </trkpt>
   <trkpt lat="47.3806460" lon="-122.0401520">
    <ele>144.4</ele>
    <time>2022-03-06T23:46:07Z</time>
   </trkpt>
   <trkpt lat="47.3806510" lon="-122.0401650">
    <ele>144.4</ele>
    <time>2022-03-06T23:46:08Z</time>
   </trkpt>
   <trkpt lat="47.3806550" lon="-122.0401750">
    <ele>144.4</ele>
    <time>2022-03-06T23:46:09Z</time>
   </trkpt>
   <trkpt lat="47.3806600" lon="-122.0401920">
    <ele>144.4</ele>
    <time>2022-03-06T23:46:10Z</time>
   </trkpt>
   <trkpt lat="47.3806580" lon="-122.0402110">
    <ele>144.4</ele>
    <time>2022-03-06T23:46:11Z</time>
   </trkpt>
   <trkpt lat="47.3806570" lon="-122.0402210">
    <ele>144.4</ele>
    <time>2022-03-06T23:46:12Z</time>
   </trkpt>
   <trkpt lat="47.3806660" lon="-122.0402360">
    <ele>144.4</ele>
    <time>2022-03-06T23:46:13Z</time>
   </trkpt>
   <trkpt lat="47.3806680" lon="-122.0402530">
    <ele>144.5</ele>
    <time>2022-03-06T23:46:14Z</time>
   </trkpt>
   <trkpt lat="47.3806660" lon="-122.0402690">
    <ele>144.5</ele>
    <time>2022-03-06T23:46:15Z</time>
   </trkpt>
   <trkpt lat="47.3806580" lon="-122.0402780">
    <ele>144.5</ele>
    <time>2022-03-06T23:46:16Z</time>
   </trkpt>
   <trkpt lat="47.3806560" lon="-122.0402920">
    <ele>144.5</ele>
    <time>2022-03-06T23:46:17Z</time>
   </trkpt>
   <trkpt lat="47.3806530" lon="-122.0403070">
    <ele>144.5</ele>
    <time>2022-03-06T23:46:18Z</time>
   </trkpt>
   <trkpt lat="47.3806510" lon="-122.0403340">
    <ele>144.5</ele>
    <time>2022-03-06T23:46:19Z</time>
   </trkpt>
   <trkpt lat="47.3806510" lon="-122.0403460">
    <ele>144.6</ele>
    <time>2022-03-06T23:46:20Z</time>
   </trkpt>
   <trkpt lat="47.3806510" lon="-122.0403590">
    <ele>144.6</ele>
    <time>2022-03-06T23:46:21Z</time>
   </trkpt>
   <trkpt lat="47.3806510" lon="-122.0403710">
    <ele>144.6</ele>
    <time>2022-03-06T23:46:22Z</time>
   </trkpt>
   <trkpt lat="47.3806570" lon="-122.0404160">
    <ele>144.5</ele>
    <time>2022-03-06T23:46:23Z</time>
   </trkpt>
   <trkpt lat="47.3806600" lon="-122.0404270">
    <ele>144.5</ele>
    <time>2022-03-06T23:46:24Z</time>
   </trkpt>
   <trkpt lat="47.3806670" lon="-122.0404480">
    <ele>144.5</ele>
    <time>2022-03-06T23:46:25Z</time>
   </trkpt>
   <trkpt lat="47.3806660" lon="-122.0404640">
    <ele>144.4</ele>
    <time>2022-03-06T23:46:26Z</time>
   </trkpt>
   <trkpt lat="47.3806710" lon="-122.0404760">
    <ele>144.4</ele>
    <time>2022-03-06T23:46:27Z</time>
   </trkpt>
   <trkpt lat="47.3806760" lon="-122.0405050">
    <ele>144.4</ele>
    <time>2022-03-06T23:46:28Z</time>
   </trkpt>
   <trkpt lat="47.3806800" lon="-122.0405220">
    <ele>144.3</ele>
    <time>2022-03-06T23:46:29Z</time>
   </trkpt>
   <trkpt lat="47.3806860" lon="-122.0405330">
    <ele>144.3</ele>
    <time>2022-03-06T23:46:30Z</time>
   </trkpt>
   <trkpt lat="47.3806840" lon="-122.0405460">
    <ele>144.3</ele>
    <time>2022-03-06T23:46:31Z</time>
   </trkpt>
   <trkpt lat="47.3806870" lon="-122.0405670">
    <ele>144.2</ele>
    <time>2022-03-06T23:46:32Z</time>
   </trkpt>
   <trkpt lat="47.3806830" lon="-122.0405830">
    <ele>144.2</ele>
    <time>2022-03-06T23:46:33Z</time>
   </trkpt>
   <trkpt lat="47.3806830" lon="-122.0405970">
    <ele>144.1</ele>
    <time>2022-03-06T23:46:34Z</time>
   </trkpt>
   <trkpt lat="47.3806830" lon="-122.0406130">
    <ele>144.1</ele>
    <time>2022-03-06T23:46:35Z</time>
   </trkpt>
   <trkpt lat="47.3806770" lon="-122.0406260">
    <ele>144.1</ele>
    <time>2022-03-06T23:46:36Z</time>
   </trkpt>
   <trkpt lat="47.3806750" lon="-122.0406430">
    <ele>144.0</ele>
    <time>2022-03-06T23:46:37Z</time>
   </trkpt>
   <trkpt lat="47.3806760" lon="-122.0406530">
    <ele>144.0</ele>
    <time>2022-03-06T23:46:38Z</time>
   </trkpt>
   <trkpt lat="47.3806710" lon="-122.0406720">
    <ele>144.0</ele>
    <time>2022-03-06T23:46:39Z</time>
   </trkpt>
   <trkpt lat="47.3806640" lon="-122.0406870">
    <ele>143.9</ele>
    <time>2022-03-06T23:46:40Z</time>
   </trkpt>
   <trkpt lat="47.3806600" lon="-122.0406990">
    <ele>143.9</ele>
    <time>2022-03-06T23:46:41Z</time>
   </trkpt>
   <trkpt lat="47.3806520" lon="-122.0407220">
    <ele>143.9</ele>
    <time>2022-03-06T23:46:42Z</time>
   </trkpt>
   <trkpt lat="47.3806510" lon="-122.0407310">
    <ele>143.9</ele>
    <time>2022-03-06T23:46:43Z</time>
   </trkpt>
   <trkpt lat="47.3806500" lon="-122.0407410">
    <ele>143.8</ele>
    <time>2022-03-06T23:46:44Z</time>
   </trkpt>
   <trkpt lat="47.3806490" lon="-122.0407500">
    <ele>143.8</ele>
    <time>2022-03-06T23:46:45Z</time>
   </trkpt>
   <trkpt lat="47.3806500" lon="-122.0407820">
    <ele>143.8</ele>
    <time>2022-03-06T23:46:46Z</time>
   </trkpt>
   <trkpt lat="47.3806500" lon="-122.0407940">
    <ele>143.7</ele>
    <time>2022-03-06T23:46:47Z</time>
   </trkpt>
   <trkpt lat="47.3806500" lon="-122.0408060">
    <ele>143.7</ele>
    <time>2022-03-06T23:46:48Z</time>
   </trkpt>
   <trkpt lat="47.3806510" lon="-122.0408170">
    <ele>143.7</ele>
    <time>2022-03-06T23:46:49Z</time>
   </trkpt>
   <trkpt lat="47.3806470" lon="-122.0408360">
    <ele>143.7</ele>
    <time>2022-03-06T23:46:50Z</time>
   </trkpt>
   <trkpt lat="47.3806420" lon="-122.0408530">
    <ele>143.6</ele>
    <time>2022-03-06T23:46:51Z</time>
   </trkpt>
   <trkpt lat="47.3806430" lon="-122.0408810">
    <ele>143.6</ele>
    <time>2022-03-06T23:46:52Z</time>
   </trkpt>
   <trkpt lat="47.3806410" lon="-122.0408930">
    <ele>143.6</ele>
    <time>2022-03-06T23:46:53Z</time>
   </trkpt>
   <trkpt lat="47.3806420" lon="-122.0409110">
    <ele>143.6</ele>
    <time>2022-03-06T23:46:54Z</time>
   </trkpt>
   <trkpt lat="47.3806460" lon="-122.0409350">
    <ele>143.5</ele>
    <time>2022-03-06T23:46:55Z</time>
   </trkpt>
   <trkpt lat="47.3806400" lon="-122.0409820">
    <ele>143.5</ele>
    <time>2022-03-06T23:46:56Z</time>
   </trkpt>
   <trkpt lat="47.3806370" lon="-122.0410020">
    <ele>143.5</ele>
    <time>2022-03-06T23:46:57Z</time>
   </trkpt>
   <trkpt lat="47.3806340" lon="-122.0410220">
    <ele>143.4</ele>
    <time>2022-03-06T23:46:58Z</time>
   </trkpt>
   <trkpt lat="47.3806320" lon="-122.0410420">
    <ele>143.4</ele>
    <time>2022-03-06T23:46:59Z</time>
   </trkpt>
   <trkpt lat="47.3806330" lon="-122.0410550">
    <ele>143.4</ele>
    <time>2022-03-06T23:47:00Z</time>
   </trkpt>
   <trkpt lat="47.3806270" lon="-122.0410760">
    <ele>143.4</ele>
    <time>2022-03-06T23:47:01Z</time>
   </trkpt>
   <trkpt lat="47.3806260" lon="-122.0410900">
    <ele>143.4</ele>
    <time>2022-03-06T23:47:02Z</time>
   </trkpt>
   <trkpt lat="47.3806240" lon="-122.0411030">
    <ele>143.3</ele>
    <time>2022-03-06T23:47:03Z</time>
   </trkpt>
   <trkpt lat="47.3806250" lon="-122.0411180">
    <ele>143.3</ele>
    <time>2022-03-06T23:47:04Z</time>
   </trkpt>
   <trkpt lat="47.3806270" lon="-122.0411320">
    <ele>143.3</ele>
    <time>2022-03-06T23:47:05Z</time>
   </trkpt>
   <trkpt lat="47.3806230" lon="-122.0411450">
    <ele>143.3</ele>
    <time>2022-03-06T23:47:06Z</time>
   </trkpt>
   <trkpt lat="47.3806250" lon="-122.0411610">
    <ele>143.3</ele>
    <time>2022-03-06T23:47:07Z</time>
   </trkpt>
   <trkpt lat="47.3806270" lon="-122.0411760">
    <ele>143.3</ele>
    <time>2022-03-06T23:47:08Z</time>
   </trkpt>
   <trkpt lat="47.3806280" lon="-122.0412010">
    <ele>143.2</ele>
    <time>2022-03-06T23:47:09Z</time>
   </trkpt>
   <trkpt lat="47.3806300" lon="-122.0412170">
    <ele>143.2</ele>
    <time>2022-03-06T23:47:10Z</time>
   </trkpt>
   <trkpt lat="47.3806320" lon="-122.0412320">
    <ele>143.2</ele>
    <time>2022-03-06T23:47:11Z</time>
   </trkpt>
   <trkpt lat="47.3806340" lon="-122.0412480">
    <ele>143.2</ele>
    <time>2022-03-06T23:47:12Z</time>
   </trkpt>
   <trkpt lat="47.3806360" lon="-122.0412640">
    <ele>143.2</ele>
    <time>2022-03-06T23:47:13Z</time>
   </trkpt>
   <trkpt lat="47.3806430" lon="-122.0412720">
    <ele>143.1</ele>
    <time>2022-03-06T23:47:14Z</time>
   </trkpt>
   <trkpt lat="47.3806360" lon="-122.0412920">
    <ele>143.1</ele>
    <time>2022-03-06T23:47:15Z</time>
   </trkpt>
   <trkpt lat="47.3806320" lon="-122.0413030">
    <ele>143.1</ele>
    <time>2022-03-06T23:47:16Z</time>
   </trkpt>
   <trkpt lat="47.3806300" lon="-122.0413280">
    <ele>143.0</ele>
    <time>2022-03-06T23:47:17Z</time>
   </trkpt>
   <trkpt lat="47.3806290" lon="-122.0413380">
    <ele>143.0</ele>
    <time>2022-03-06T23:47:18Z</time>
   </trkpt>
   <trkpt lat="47.3806280" lon="-122.0413480">
    <ele>143.0</ele>
    <time>2022-03-06T23:47:19Z</time>
   </trkpt>
   <trkpt lat="47.3806270" lon="-122.0413580">
    <ele>143.0</ele>
    <time>2022-03-06T23:47:20Z</time>
   </trkpt>
   <trkpt lat="47.3806260" lon="-122.0413670">
    <ele>143.0</ele>
    <time>2022-03-06T23:47:21Z</time>
   </trkpt>
   <trkpt lat="47.3806250" lon="-122.0413770">
    <ele>143.0</ele>
    <time>2022-03-06T23:47:22Z</time>
   </trkpt>
   <trkpt lat="47.3806280" lon="-122.0414230">
    <ele>142.9</ele>
    <time>2022-03-06T23:47:23Z</time>
   </trkpt>
   <trkpt lat="47.3806300" lon="-122.0414380">
    <ele>142.8</ele>
    <time>2022-03-06T23:47:24Z</time>
   </trkpt>
   <trkpt lat="47.3806340" lon="-122.0414780">
    <ele>142.8</ele>
    <time>2022-03-06T23:47:25Z</time>
   </trkpt>
   <trkpt lat="47.3806370" lon="-122.0414910">
    <ele>142.7</ele>
    <time>2022-03-06T23:47:26Z</time>
   </trkpt>
   <trkpt lat="47.3806410" lon="-122.0415090">
    <ele>142.7</ele>
    <time>2022-03-06T23:47:27Z</time>
   </trkpt>
   <trkpt lat="47.3806500" lon="-122.0415300">
    <ele>142.6</ele>
    <time>2022-03-06T23:47:28Z</time>
   </trkpt>
   <trkpt lat="47.3806570" lon="-122.0415720">
    <ele>142.6</ele>
    <time>2022-03-06T23:47:29Z</time>
   </trkpt>
   <trkpt lat="47.3806600" lon="-122.0415860">
    <ele>142.5</ele>
    <time>2022-03-06T23:47:30Z</time>
   </trkpt>
   <trkpt lat="47.3806610" lon="-122.0416030">
    <ele>142.5</ele>
    <time>2022-03-06T23:47:31Z</time>
   </trkpt>
   <trkpt lat="47.3806610" lon="-122.0416170">
    <ele>142.5</ele>
    <time>2022-03-06T23:47:32Z</time>
   </trkpt>
   <trkpt lat="47.3806610" lon="-122.0416350">
    <ele>142.5</ele>
    <time>2022-03-06T23:47:33Z</time>
   </trkpt>
   <trkpt lat="47.3806670" lon="-122.0416430">
    <ele>142.4</ele>
    <time>2022-03-06T23:47:34Z</time>
   </trkpt>
   <trkpt lat="47.3806680" lon="-122.0416670">
    <ele>142.4</ele>
    <time>2022-03-06T23:47:35Z</time>
   </trkpt>
   <trkpt lat="47.3806670" lon="-122.0416810">
    <ele>142.4</ele>
    <time>2022-03-06T23:47:36Z</time>
   </trkpt>
   <trkpt lat="47.3806660" lon="-122.0417000">
    <ele>142.4</ele>
    <time>2022-03-06T23:47:37Z</time>
   </trkpt>
   <trkpt lat="47.3806690" lon="-122.0417150">
    <ele>142.3</ele>
    <time>2022-03-06T23:47:38Z</time>
   </trkpt>
   <trkpt lat="47.3806710" lon="-122.0417330">
    <ele>142.3</ele>
    <time>2022-03-06T23:47:39Z</time>
   </trkpt>
   <trkpt lat="47.3806780" lon="-122.0417480">
    <ele>142.3</ele>
    <time>2022-03-06T23:47:40Z</time>
   </trkpt>
   <trkpt lat="47.3806800" lon="-122.0417560">
    <ele>142.3</ele>
    <time>2022-03-06T23:47:41Z</time>
   </trkpt>
   <trkpt lat="47.3806830" lon="-122.0417710">
    <ele>142.2</ele>
    <time>2022-03-06T23:47:42Z</time>
   </trkpt>
   <trkpt lat="47.3806880" lon="-122.0417860">
    <ele>142.2</ele>
    <time>2022-03-06T23:47:43Z</time>
   </trkpt>
   <trkpt lat="47.3806890" lon="-122.0417990">
    <ele>142.2</ele>
    <time>2022-03-06T23:47:44Z</time>
   </trkpt>
   <trkpt lat="47.3806970" lon="-122.0418140">
    <ele>142.2</ele>
    <time>2022-03-06T23:47:45Z</time>
   </trkpt>
   <trkpt lat="47.3806960" lon="-122.0418370">
    <ele>142.1</ele>
    <time>2022-03-06T23:47:46Z</time>
   </trkpt>
   <trkpt lat="47.3806910" lon="-122.0418510">
    <ele>142.1</ele>
    <time>2022-03-06T23:47:47Z</time>
   </trkpt>
   <trkpt lat="47.3806880" lon="-122.0418590">
    <ele>142.1</ele>
    <time>2022-03-06T23:47:48Z</time>
   </trkpt>
   <trkpt lat="47.3806940" lon="-122.0418740">
    <ele>142.2</ele>
    <time>2022-03-06T23:47:49Z</time>
   </trkpt>
   <trkpt lat="47.3806980" lon="-122.0418860">
    <ele>142.2</ele>
    <time>2022-03-06T23:47:50Z</time>
   </trkpt>
   <trkpt lat="47.3807030" lon="-122.0418980">
    <ele>142.2</ele>
    <time>2022-03-06T23:47:51Z</time>
   </trkpt>
   <trkpt lat="47.3807070" lon="-122.0419100">
    <ele>142.2</ele>
    <time>2022-03-06T23:47:52Z</time>
   </trkpt>
   <trkpt lat="47.3807110" lon="-122.0419250">
    <ele>142.2</ele>
    <time>2022-03-06T23:47:53Z</time>
   </trkpt>
   <trkpt lat="47.3807020" lon="-122.0419260">
    <ele>142.2</ele>
    <time>2022-03-06T23:47:54Z</time>
   </trkpt>
   <trkpt lat="47.3806970" lon="-122.0419440">
    <ele>142.2</ele>
    <time>2022-03-06T23:47:55Z</time>
   </trkpt>
   <trkpt lat="47.3806910" lon="-122.0419570">
    <ele>142.2</ele>
    <time>2022-03-06T23:47:56Z</time>
   </trkpt>
   <trkpt lat="47.3806830" lon="-122.0419910">
    <ele>142.2</ele>
    <time>2022-03-06T23:47:57Z</time>
   </trkpt>
   <trkpt lat="47.3806810" lon="-122.0420110">
    <ele>142.2</ele>
    <time>2022-03-06T23:47:58Z</time>
   </trkpt>
   <trkpt lat="47.3806680" lon="-122.0420550">
    <ele>142.2</ele>
    <time>2022-03-06T23:47:59Z</time>
   </trkpt>
   <trkpt lat="47.3806580" lon="-122.0420780">
    <ele>142.3</ele>
    <time>2022-03-06T23:48:00Z</time>
   </trkpt>
   <trkpt lat="47.3806560" lon="-122.0420910">
    <ele>142.3</ele>
    <time>2022-03-06T23:48:01Z</time>
   </trkpt>
   <trkpt lat="47.3806560" lon="-122.0420930">
    <ele>142.3</ele>
    <time>2022-03-06T23:48:02Z</time>
   </trkpt>
   <trkpt lat="47.3806580" lon="-122.0420950">
    <ele>142.3</ele>
    <time>2022-03-06T23:48:03Z</time>
   </trkpt>
   <trkpt lat="47.3806600" lon="-122.0420950">
    <ele>142.3</ele>
    <time>2022-03-06T23:48:04Z</time>
   </trkpt>
   <trkpt lat="47.3806670" lon="-122.0420930">
    <ele>142.3</ele>
    <time>2022-03-06T23:48:05Z</time>
   </trkpt>
   <trkpt lat="47.3806730" lon="-122.0420950">
    <ele>142.3</ele>
    <time>2022-03-06T23:48:06Z</time>
   </trkpt>
   <trkpt lat="47.3806780" lon="-122.0420940">
    <ele>142.3</ele>
    <time>2022-03-06T23:48:07Z</time>
   </trkpt>
   <trkpt lat="47.3806800" lon="-122.0420780">
    <ele>142.3</ele>
    <time>2022-03-06T23:48:08Z</time>
   </trkpt>
   <trkpt lat="47.3806800" lon="-122.0420780">
    <ele>142.3</ele>
    <time>2022-03-06T23:48:09Z</time>
   </trkpt>
   <trkpt lat="47.3806810" lon="-122.0420800">
    <ele>142.3</ele>
    <time>2022-03-06T23:48:10Z</time>
   </trkpt>
   <trkpt lat="47.3806810" lon="-122.0420800">
    <ele>142.3</ele>
    <time>2022-03-06T23:48:11Z</time>
   </trkpt>
  </trkseg>
 </trk>
</gpx>
