<?xml version="1.0" encoding="UTF-8"?>
<gpx creator="StravaGPX" version="1.1" xmlns="http://www.topografix.com/GPX/1/1" xmlns:xsi="http://www.w3.org/2001/XMLSchema-instance" xsi:schemaLocation="http://www.topografix.com/GPX/1/1 http://www.topografix.com/GPX/1/1/gpx.xsd">
 <metadata>
  <time>2022-04-20T01:04:30Z</time>
 </metadata>
 <trk>
  <name>After work walk</name>
  <type>walking</type>
  <trkseg>
   <trkpt lat="47.3797970" lon="-122.0390870">
    <ele>143.6</ele>
    <time>2022-04-20T01:04:30Z</time>
   </trkpt>
   <trkpt lat="47.3798120" lon="-122.0390990">
    <ele>143.6</ele>
    <time>2022-04-20T01:04:31Z</time>
   </trkpt>
   <trkpt lat="47.3798210" lon="-122.0391050">
    <ele>143.6</ele>
    <time>2022-04-20T01:04:32Z</time>
   </trkpt>
   <trkpt lat="47.3798300" lon="-122.0391110">
    <ele>143.6</ele>
    <time>2022-04-20T01:04:33Z</time>
   </trkpt>
   <trkpt lat="47.3798390" lon="-122.0391100">
    <ele>143.6</ele>
    <time>2022-04-20T01:04:34Z</time>
   </trkpt>
   <trkpt lat="47.3798640" lon="-122.0391080">
    <ele>143.6</ele>
    <time>2022-04-20T01:04:35Z</time>
   </trkpt>
   <trkpt lat="47.3798960" lon="-122.0390980">
    <ele>143.7</ele>
    <time>2022-04-20T01:04:36Z</time>
   </trkpt>
   <trkpt lat="47.3799080" lon="-122.0390970">
    <ele>143.7</ele>
    <time>2022-04-20T01:04:37Z</time>
   </trkpt>
   <trkpt lat="47.3799260" lon="-122.0391040">
    <ele>143.7</ele>
    <time>2022-04-20T01:04:38Z</time>
   </trkpt>
   <trkpt lat="47.3799400" lon="-122.0391100">
    <ele>143.7</ele>
    <time>2022-04-20T01:04:39Z</time>
   </trkpt>
   <trkpt lat="47.3799560" lon="-122.0391170">
    <ele>143.7</ele>
    <time>2022-04-20T01:04:40Z</time>
   </trkpt>
   <trkpt lat="47.3799600" lon="-122.0391220">
    <ele>143.7</ele>
    <time>2022-04-20T01:04:41Z</time>
   </trkpt>
   <trkpt lat="47.3799690" lon="-122.0391260">
    <ele>143.7</ele>
    <time>2022-04-20T01:04:42Z</time>
   </trkpt>
   <trkpt lat="47.3799740" lon="-122.0391260">
    <ele>143.7</ele>
    <time>2022-04-20T01:04:43Z</time>
   </trkpt>
   <trkpt lat="47.3799850" lon="-122.0391270">
    <ele>143.7</ele>
    <time>2022-04-20T01:04:44Z</time>
   </trkpt>
   <trkpt lat="47.3800010" lon="-122.0391380">
    <ele>143.8</ele>
    <time>2022-04-20T01:04:45Z</time>
   </trkpt>
   <trkpt lat="47.3800170" lon="-122.0391250">
    <ele>143.8</ele>
    <time>2022-04-20T01:04:46Z</time>
   </trkpt>
   <trkpt lat="47.3800260" lon="-122.0391200">
    <ele>143.8</ele>
    <time>2022-04-20T01:04:47Z</time>
   </trkpt>
   <trkpt lat="47.3800360" lon="-122.0391140">
    <ele>143.9</ele>
    <time>2022-04-20T01:04:48Z</time>
   </trkpt>
   <trkpt lat="47.3800470" lon="-122.0391130">
    <ele>143.9</ele>
    <time>2022-04-20T01:04:49Z</time>
   </trkpt>
   <trkpt lat="47.3800520" lon="-122.0391190">
    <ele>143.9</ele>
    <time>2022-04-20T01:04:50Z</time>
   </trkpt>
   <trkpt lat="47.3800670" lon="-122.0391200">
    <ele>143.9</ele>
    <time>2022-04-20T01:04:51Z</time>
   </trkpt>
   <trkpt lat="47.3800760" lon="-122.0391260">
    <ele>143.9</ele>
    <time>2022-04-20T01:04:52Z</time>
   </trkpt>
   <trkpt lat="47.3800940" lon="-122.0391500">
    <ele>144.0</ele>
    <time>2022-04-20T01:04:53Z</time>
   </trkpt>
   <trkpt lat="47.3801000" lon="-122.0391550">
    <ele>144.0</ele>
    <time>2022-04-20T01:04:54Z</time>
   </trkpt>
   <trkpt lat="47.3801080" lon="-122.0391560">
    <ele>144.0</ele>
    <time>2022-04-20T01:04:55Z</time>
   </trkpt>
   <trkpt lat="47.3801150" lon="-122.0391570">
    <ele>144.0</ele>
    <time>2022-04-20T01:04:56Z</time>
   </trkpt>
   <trkpt lat="47.3801230" lon="-122.0391550">
    <ele>144.0</ele>
    <time>2022-04-20T01:04:57Z</time>
   </trkpt>
   <trkpt lat="47.3801290" lon="-122.0391520">
    <ele>144.0</ele>
    <time>2022-04-20T01:04:58Z</time>
   </trkpt>
   <trkpt lat="47.3801400" lon="-122.0391560">
    <ele>144.1</ele>
    <time>2022-04-20T01:04:59Z</time>
   </trkpt>
   <trkpt lat="47.3801520" lon="-122.0391620">
    <ele>144.1</ele>
    <time>2022-04-20T01:05:00Z</time>
   </trkpt>
   <trkpt lat="47.3801630" lon="-122.0391620">
    <ele>144.1</ele>
    <time>2022-04-20T01:05:01Z</time>
   </trkpt>
   <trkpt lat="47.3801700" lon="-122.0391570">
    <ele>144.1</ele>
    <time>2022-04-20T01:05:02Z</time>
   </trkpt>
   <trkpt lat="47.3801800" lon="-122.0391560">
    <ele>144.1</ele>
    <time>2022-04-20T01:05:03Z</time>
   </trkpt>
   <trkpt lat="47.3801920" lon="-122.0391510">
    <ele>144.1</ele>
    <time>2022-04-20T01:05:04Z</time>
   </trkpt>
   <trkpt lat="47.3802080" lon="-122.0391440">
    <ele>144.2</ele>
    <time>2022-04-20T01:05:05Z</time>
   </trkpt>
   <trkpt lat="47.3802210" lon="-122.0391370">
    <ele>144.2</ele>
    <time>2022-04-20T01:05:06Z</time>
   </trkpt>
   <trkpt lat="47.3802250" lon="-122.0391340">
    <ele>144.2</ele>
    <time>2022-04-20T01:05:07Z</time>
   </trkpt>
   <trkpt lat="47.3802350" lon="-122.0391480">
    <ele>144.2</ele>
    <time>2022-04-20T01:05:08Z</time>
   </trkpt>
   <trkpt lat="47.3802290" lon="-122.0392940">
    <ele>144.3</ele>
    <time>2022-04-20T01:05:09Z</time>
   </trkpt>
   <trkpt lat="47.3802760" lon="-122.0393290">
    <ele>144.4</ele>
    <time>2022-04-20T01:05:10Z</time>
   </trkpt>
   <trkpt lat="47.3803020" lon="-122.0393380">
    <ele>144.4</ele>
    <time>2022-04-20T01:05:11Z</time>
   </trkpt>
   <trkpt lat="47.3803100" lon="-122.0393510">
    <ele>144.4</ele>
    <time>2022-04-20T01:05:12Z</time>
   </trkpt>
   <trkpt lat="47.3803150" lon="-122.0393640">
    <ele>144.4</ele>
    <time>2022-04-20T01:05:13Z</time>
   </trkpt>
   <trkpt lat="47.3803160" lon="-122.0393730">
    <ele>144.4</ele>
    <time>2022-04-20T01:05:14Z</time>
   </trkpt>
   <trkpt lat="47.3803170" lon="-122.0393810">
    <ele>144.4</ele>
    <time>2022-04-20T01:05:15Z</time>
   </trkpt>
   <trkpt lat="47.3803190" lon="-122.0393890">
    <ele>144.4</ele>
    <time>2022-04-20T01:05:16Z</time>
   </trkpt>
   <trkpt lat="47.3803200" lon="-122.0393970">
    <ele>144.4</ele>
    <time>2022-04-20T01:05:17Z</time>
   </trkpt>
   <trkpt lat="47.3803210" lon="-122.0394060">
    <ele>144.4</ele>
    <time>2022-04-20T01:05:18Z</time>
   </trkpt>
   <trkpt lat="47.3803230" lon="-122.0394140">
    <ele>144.4</ele>
    <time>2022-04-20T01:05:19Z</time>
   </trkpt>
   <trkpt lat="47.3803330" lon="-122.0394210">
    <ele>144.4</ele>
    <time>2022-04-20T01:05:20Z</time>
   </trkpt>
   <trkpt lat="47.3803370" lon="-122.0394240">
    <ele>144.4</ele>
    <time>2022-04-20T01:05:21Z</time>
   </trkpt>
   <trkpt lat="47.3803420" lon="-122.0394280">
    <ele>144.4</ele>
    <time>2022-04-20T01:05:22Z</time>
   </trkpt>
   <trkpt lat="47.3803460" lon="-122.0394320">
    <ele>144.4</ele>
    <time>2022-04-20T01:05:23Z</time>
   </trkpt>
   <trkpt lat="47.3803500" lon="-122.0394350">
    <ele>144.4</ele>
    <time>2022-04-20T01:05:24Z</time>
   </trkpt>
   <trkpt lat="47.3803540" lon="-122.0394390">
    <ele>144.4</ele>
    <time>2022-04-20T01:05:25Z</time>
   </trkpt>
   <trkpt lat="47.3803580" lon="-122.0394430">
    <ele>144.4</ele>
    <time>2022-04-20T01:05:26Z</time>
   </trkpt>
   <trkpt lat="47.3803620" lon="-122.0394460">
    <ele>144.4</ele>
    <time>2022-04-20T01:05:27Z</time>
   </trkpt>
   <trkpt lat="47.3803660" lon="-122.0394500">
    <ele>144.4</ele>
    <time>2022-04-20T01:05:28Z</time>
   </trkpt>
   <trkpt lat="47.3803780" lon="-122.0394680">
    <ele>144.4</ele>
    <time>2022-04-20T01:05:29Z</time>
   </trkpt>
   <trkpt lat="47.3803820" lon="-122.0394740">
    <ele>144.4</ele>
    <time>2022-04-20T01:05:30Z</time>
   </trkpt>
   <trkpt lat="47.3803860" lon="-122.0394800">
    <ele>144.4</ele>
    <time>2022-04-20T01:05:31Z</time>
   </trkpt>
   <trkpt lat="47.3803900" lon="-122.0394870">
    <ele>144.4</ele>
    <time>2022-04-20T01:05:32Z</time>
   </trkpt>
   <trkpt lat="47.3803950" lon="-122.0394930">
    <ele>144.4</ele>
    <time>2022-04-20T01:05:33Z</time>
   </trkpt>
   <trkpt lat="47.3803990" lon="-122.0394990">
    <ele>144.4</ele>
    <time>2022-04-20T01:05:34Z</time>
   </trkpt>
   <trkpt lat="47.3804140" lon="-122.0395000">
    <ele>144.4</ele>
    <time>2022-04-20T01:05:35Z</time>
   </trkpt>
   <trkpt lat="47.3804250" lon="-122.0395080">
    <ele>144.4</ele>
    <time>2022-04-20T01:05:36Z</time>
   </trkpt>
   <trkpt lat="47.3804320" lon="-122.0395180">
    <ele>144.4</ele>
    <time>2022-04-20T01:05:37Z</time>
   </trkpt>
   <trkpt lat="47.3804390" lon="-122.0395250">
    <ele>144.4</ele>
    <time>2022-04-20T01:05:38Z</time>
   </trkpt>
   <trkpt lat="47.3804430" lon="-122.0395320">
    <ele>144.4</ele>
    <time>2022-04-20T01:05:39Z</time>
   </trkpt>
   <trkpt lat="47.3804400" lon="-122.0395310">
    <ele>144.4</ele>
    <time>2022-04-20T01:05:40Z</time>
   </trkpt>
   <trkpt lat="47.3804460" lon="-122.0395400">
    <ele>144.4</ele>
    <time>2022-04-20T01:05:41Z</time>
   </trkpt>
   <trkpt lat="47.3804460" lon="-122.0395490">
    <ele>144.3</ele>
    <time>2022-04-20T01:05:42Z</time>
   </trkpt>
   <trkpt lat="47.3804510" lon="-122.0395560">
    <ele>144.3</ele>
    <time>2022-04-20T01:05:43Z</time>
   </trkpt>
   <trkpt lat="47.3804540" lon="-122.0395570">
    <ele>144.3</ele>
    <time>2022-04-20T01:05:44Z</time>
   </trkpt>
   <trkpt lat="47.3804540" lon="-122.0395640">
    <ele>144.3</ele>
    <time>2022-04-20T01:05:45Z</time>
   </trkpt>
   <trkpt lat="47.3804640" lon="-122.0395770">
    <ele>144.3</ele>
    <time>2022-04-20T01:05:46Z</time>
   </trkpt>
   <trkpt lat="47.3804680" lon="-122.0395830">
    <ele>144.3</ele>
    <time>2022-04-20T01:05:47Z</time>
   </trkpt>
   <trkpt lat="47.3804720" lon="-122.0395850">
    <ele>144.3</ele>
    <time>2022-04-20T01:05:48Z</time>
   </trkpt>
   <trkpt lat="47.3804780" lon="-122.0395950">
    <ele>144.3</ele>
    <time>2022-04-20T01:05:49Z</time>
   </trkpt>
   <trkpt lat="47.3804830" lon="-122.0395990">
    <ele>144.3</ele>
    <time>2022-04-20T01:05:50Z</time>
   </trkpt>
   <trkpt lat="47.3804860" lon="-122.0396070">
    <ele>144.3</ele>
    <time>2022-04-20T01:05:51Z</time>
   </trkpt>
   <trkpt lat="47.3804920" lon="-122.0396150">
    <ele>144.3</ele>
    <time>2022-04-20T01:05:52Z</time>
   </trkpt>
   <trkpt lat="47.3804980" lon="-122.0396180">
    <ele>144.3</ele>
    <time>2022-04-20T01:05:53Z</time>
   </trkpt>
   <trkpt lat="47.3805010" lon="-122.0396200">
    <ele>144.3</ele>
    <time>2022-04-20T01:05:54Z</time>
   </trkpt>
   <trkpt lat="47.3805040" lon="-122.0396290">
    <ele>144.3</ele>
    <time>2022-04-20T01:05:55Z</time>
   </trkpt>
   <trkpt lat="47.3804990" lon="-122.0396350">
    <ele>144.3</ele>
    <time>2022-04-20T01:05:56Z</time>
   </trkpt>
   <trkpt lat="47.3805000" lon="-122.0396440">
    <ele>144.3</ele>
    <time>2022-04-20T01:05:57Z</time>
   </trkpt>
   <trkpt lat="47.3805010" lon="-122.0396600">
    <ele>144.3</ele>
    <time>2022-04-20T01:05:58Z</time>
   </trkpt>
   <trkpt lat="47.3805050" lon="-122.0396760">
    <ele>144.3</ele>
    <time>2022-04-20T01:05:59Z</time>
   </trkpt>
   <trkpt lat="47.3805070" lon="-122.0396820">
    <ele>144.3</ele>
    <time>2022-04-20T01:06:00Z</time>
   </trkpt>
   <trkpt lat="47.3805080" lon="-122.0396870">
    <ele>144.3</ele>
    <time>2022-04-20T01:06:01Z</time>
   </trkpt>
   <trkpt lat="47.3805090" lon="-122.0396890">
    <ele>144.3</ele>
    <time>2022-04-20T01:06:02Z</time>
   </trkpt>
   <trkpt lat="47.3805130" lon="-122.0397000">
    <ele>144.3</ele>
    <time>2022-04-20T01:06:03Z</time>
   </trkpt>
   <trkpt lat="47.3805160" lon="-122.0397080">
    <ele>144.3</ele>
    <time>2022-04-20T01:06:04Z</time>
   </trkpt>
   <trkpt lat="47.3805180" lon="-122.0397030">
    <ele>144.3</ele>
    <time>2022-04-20T01:06:05Z</time>
   </trkpt>
   <trkpt lat="47.3805230" lon="-122.0397060">
    <ele>144.3</ele>
    <time>2022-04-20T01:06:06Z</time>
   </trkpt>
   <trkpt lat="47.3805340" lon="-122.0397230">
    <ele>144.3</ele>
    <time>2022-04-20T01:06:07Z</time>
   </trkpt>
   <trkpt lat="47.3805340" lon="-122.0397250">
    <ele>144.3</ele>
    <time>2022-04-20T01:06:08Z</time>
   </trkpt>
   <trkpt lat="47.3805330" lon="-122.0397340">
    <ele>144.3</ele>
    <time>2022-04-20T01:06:09Z</time>
   </trkpt>
   <trkpt lat="47.3805320" lon="-122.0397430">
    <ele>144.3</ele>
    <time>2022-04-20T01:06:10Z</time>
   </trkpt>
   <trkpt lat="47.3805300" lon="-122.0397520">
    <ele>144.3</ele>
    <time>2022-04-20T01:06:11Z</time>
   </trkpt>
   <trkpt lat="47.3805290" lon="-122.0397610">
    <ele>144.3</ele>
    <time>2022-04-20T01:06:12Z</time>
   </trkpt>
   <trkpt lat="47.3805280" lon="-122.0397700">
    <ele>144.3</ele>
    <time>2022-04-20T01:06:13Z</time>
   </trkpt>
   <trkpt lat="47.3805260" lon="-122.0397800">
    <ele>144.3</ele>
    <time>2022-04-20T01:06:14Z</time>
   </trkpt>
   <trkpt lat="47.3805340" lon="-122.0397860">
    <ele>144.3</ele>
    <time>2022-04-20T01:06:15Z</time>
   </trkpt>
   <trkpt lat="47.3805390" lon="-122.0397920">
    <ele>144.3</ele>
    <time>2022-04-20T01:06:16Z</time>
   </trkpt>
   <trkpt lat="47.3805430" lon="-122.0397980">
    <ele>144.3</ele>
    <time>2022-04-20T01:06:17Z</time>
   </trkpt>
   <trkpt lat="47.3805470" lon="-122.0398040">
    <ele>144.3</ele>
    <time>2022-04-20T01:06:18Z</time>
   </trkpt>
   <trkpt lat="47.3805510" lon="-122.0398100">
    <ele>144.3</ele>
    <time>2022-04-20T01:06:19Z</time>
   </trkpt>
   <trkpt lat="47.3805550" lon="-122.0398160">
    <ele>144.3</ele>
    <time>2022-04-20T01:06:20Z</time>
   </trkpt>
   <trkpt lat="47.3805590" lon="-122.0398220">
    <ele>144.3</ele>
    <time>2022-04-20T01:06:21Z</time>
   </trkpt>
   <trkpt lat="47.3805640" lon="-122.0398280">
    <ele>144.3</ele>
    <time>2022-04-20T01:06:22Z</time>
   </trkpt>
   <trkpt lat="47.3805680" lon="-122.0398340">
    <ele>144.3</ele>
    <time>2022-04-20T01:06:23Z</time>
   </trkpt>
   <trkpt lat="47.3805720" lon="-122.0398400">
    <ele>144.3</ele>
    <time>2022-04-20T01:06:24Z</time>
   </trkpt>
   <trkpt lat="47.3805760" lon="-122.0398450">
    <ele>144.3</ele>
    <time>2022-04-20T01:06:25Z</time>
   </trkpt>
   <trkpt lat="47.3805870" lon="-122.0398610">
    <ele>144.3</ele>
    <time>2022-04-20T01:06:26Z</time>
   </trkpt>
   <trkpt lat="47.3805930" lon="-122.0398710">
    <ele>144.3</ele>
    <time>2022-04-20T01:06:27Z</time>
   </trkpt>
   <trkpt lat="47.3805940" lon="-122.0398750">
    <ele>144.3</ele>
    <time>2022-04-20T01:06:28Z</time>
   </trkpt>
   <trkpt lat="47.3805970" lon="-122.0398880">
    <ele>144.3</ele>
    <time>2022-04-20T01:06:29Z</time>
   </trkpt>
   <trkpt lat="47.3805980" lon="-122.0398920">
    <ele>144.3</ele>
    <time>2022-04-20T01:06:30Z</time>
   </trkpt>
   <trkpt lat="47.3805990" lon="-122.0398960">
    <ele>144.3</ele>
    <time>2022-04-20T01:06:31Z</time>
   </trkpt>
   <trkpt lat="47.3805990" lon="-122.0399000">
    <ele>144.3</ele>
    <time>2022-04-20T01:06:32Z</time>
   </trkpt>
   <trkpt lat="47.3806000" lon="-122.0399050">
    <ele>144.3</ele>
    <time>2022-04-20T01:06:33Z</time>
   </trkpt>
   <trkpt lat="47.3806000" lon="-122.0399090">
    <ele>144.3</ele>
    <time>2022-04-20T01:06:34Z</time>
   </trkpt>
   <trkpt lat="47.3806010" lon="-122.0399130">
    <ele>144.3</ele>
    <time>2022-04-20T01:06:35Z</time>
   </trkpt>
   <trkpt lat="47.3806010" lon="-122.0399170">
    <ele>144.3</ele>
    <time>2022-04-20T01:06:36Z</time>
   </trkpt>
   <trkpt lat="47.3806020" lon="-122.0399220">
    <ele>144.3</ele>
    <time>2022-04-20T01:06:37Z</time>
   </trkpt>
   <trkpt lat="47.3806020" lon="-122.0399260">
    <ele>144.3</ele>
    <time>2022-04-20T01:06:38Z</time>
   </trkpt>
   <trkpt lat="47.3806030" lon="-122.0399300">
    <ele>144.3</ele>
    <time>2022-04-20T01:06:39Z</time>
   </trkpt>
   <trkpt lat="47.3806040" lon="-122.0399340">
    <ele>144.3</ele>
    <time>2022-04-20T01:06:40Z</time>
   </trkpt>
   <trkpt lat="47.3806040" lon="-122.0399390">
    <ele>144.3</ele>
    <time>2022-04-20T01:06:41Z</time>
   </trkpt>
   <trkpt lat="47.3806050" lon="-122.0399430">
    <ele>144.3</ele>
    <time>2022-04-20T01:06:42Z</time>
   </trkpt>
   <trkpt lat="47.3806050" lon="-122.0399470">
    <ele>144.3</ele>
    <time>2022-04-20T01:06:43Z</time>
   </trkpt>
   <trkpt lat="47.3806060" lon="-122.0399510">
    <ele>144.3</ele>
    <time>2022-04-20T01:06:44Z</time>
   </trkpt>
   <trkpt lat="47.3806060" lon="-122.0399560">
    <ele>144.3</ele>
    <time>2022-04-20T01:06:45Z</time>
   </trkpt>
   <trkpt lat="47.3806070" lon="-122.0399600">
    <ele>144.3</ele>
    <time>2022-04-20T01:06:46Z</time>
   </trkpt>
   <trkpt lat="47.3806070" lon="-122.0399700">
    <ele>144.3</ele>
    <time>2022-04-20T01:06:47Z</time>
   </trkpt>
   <trkpt lat="47.3806090" lon="-122.0399750">
    <ele>144.3</ele>
    <time>2022-04-20T01:06:48Z</time>
   </trkpt>
   <trkpt lat="47.3806110" lon="-122.0399790">
    <ele>144.3</ele>
    <time>2022-04-20T01:06:49Z</time>
   </trkpt>
   <trkpt lat="47.3806120" lon="-122.0399840">
    <ele>144.3</ele>
    <time>2022-04-20T01:06:50Z</time>
   </trkpt>
   <trkpt lat="47.3806140" lon="-122.0399890">
    <ele>144.3</ele>
    <time>2022-04-20T01:06:51Z</time>
   </trkpt>
   <trkpt lat="47.3806160" lon="-122.0399940">
    <ele>144.3</ele>
    <time>2022-04-20T01:06:52Z</time>
   </trkpt>
   <trkpt lat="47.3806180" lon="-122.0399990">
    <ele>144.3</ele>
    <time>2022-04-20T01:06:53Z</time>
   </trkpt>
   <trkpt lat="47.3806200" lon="-122.0400030">
    <ele>144.3</ele>
    <time>2022-04-20T01:06:54Z</time>
   </trkpt>
   <trkpt lat="47.3806220" lon="-122.0400080">
    <ele>144.3</ele>
    <time>2022-04-20T01:06:55Z</time>
   </trkpt>
   <trkpt lat="47.3806230" lon="-122.0400130">
    <ele>144.3</ele>
    <time>2022-04-20T01:06:56Z</time>
   </trkpt>
   <trkpt lat="47.3806250" lon="-122.0400180">
    <ele>144.3</ele>
    <time>2022-04-20T01:06:57Z</time>
   </trkpt>
   <trkpt lat="47.3806270" lon="-122.0400230">
    <ele>144.3</ele>
    <time>2022-04-20T01:06:58Z</time>
   </trkpt>
   <trkpt lat="47.3806290" lon="-122.0400280">
    <ele>144.3</ele>
    <time>2022-04-20T01:06:59Z</time>
   </trkpt>
   <trkpt lat="47.3806360" lon="-122.0400500">
    <ele>144.3</ele>
    <time>2022-04-20T01:07:00Z</time>
   </trkpt>
   <trkpt lat="47.3806380" lon="-122.0400660">
    <ele>144.3</ele>
    <time>2022-04-20T01:07:01Z</time>
   </trkpt>
   <trkpt lat="47.3806350" lon="-122.0400860">
    <ele>144.3</ele>
    <time>2022-04-20T01:07:02Z</time>
   </trkpt>
   <trkpt lat="47.3806330" lon="-122.0401000">
    <ele>144.3</ele>
    <time>2022-04-20T01:07:03Z</time>
   </trkpt>
   <trkpt lat="47.3806320" lon="-122.0401120">
    <ele>144.3</ele>
    <time>2022-04-20T01:07:04Z</time>
   </trkpt>
   <trkpt lat="47.3806360" lon="-122.0401220">
    <ele>144.3</ele>
    <time>2022-04-20T01:07:05Z</time>
   </trkpt>
   <trkpt lat="47.3806420" lon="-122.0401140">
    <ele>144.3</ele>
    <time>2022-04-20T01:07:06Z</time>
   </trkpt>
   <trkpt lat="47.3806480" lon="-122.0401140">
    <ele>144.3</ele>
    <time>2022-04-20T01:07:07Z</time>
   </trkpt>
   <trkpt lat="47.3806530" lon="-122.0401230">
    <ele>144.4</ele>
    <time>2022-04-20T01:07:08Z</time>
   </trkpt>
   <trkpt lat="47.3806520" lon="-122.0401450">
    <ele>144.4</ele>
    <time>2022-04-20T01:07:09Z</time>
   </trkpt>
   <trkpt lat="47.3806580" lon="-122.0401610">
    <ele>144.4</ele>
    <time>2022-04-20T01:07:10Z</time>
   </trkpt>
   <trkpt lat="47.3806590" lon="-122.0401680">
    <ele>144.4</ele>
    <time>2022-04-20T01:07:11Z</time>
   </trkpt>
   <trkpt lat="47.3806600" lon="-122.0401750">
    <ele>144.4</ele>
    <time>2022-04-20T01:07:12Z</time>
   </trkpt>
   <trkpt lat="47.3806610" lon="-122.0401820">
    <ele>144.4</ele>
    <time>2022-04-20T01:07:13Z</time>
   </trkpt>
   <trkpt lat="47.3806620" lon="-122.0401890">
    <ele>144.4</ele>
    <time>2022-04-20T01:07:14Z</time>
   </trkpt>
   <trkpt lat="47.3806630" lon="-122.0401960">
    <ele>144.4</ele>
    <time>2022-04-20T01:07:15Z</time>
   </trkpt>
   <trkpt lat="47.3806590" lon="-122.0402050">
    <ele>144.4</ele>
    <time>2022-04-20T01:07:16Z</time>
   </trkpt>
   <trkpt lat="47.3806690" lon="-122.0402250">
    <ele>144.4</ele>
    <time>2022-04-20T01:07:17Z</time>
   </trkpt>
   <trkpt lat="47.3806710" lon="-122.0402310">
    <ele>144.5</ele>
    <time>2022-04-20T01:07:18Z</time>
   </trkpt>
   <trkpt lat="47.3806730" lon="-122.0402380">
    <ele>144.5</ele>
    <time>2022-04-20T01:07:19Z</time>
   </trkpt>
   <trkpt lat="47.3806800" lon="-122.0402690">
    <ele>144.5</ele>
    <time>2022-04-20T01:07:20Z</time>
   </trkpt>
   <trkpt lat="47.3806820" lon="-122.0402770">
    <ele>144.5</ele>
    <time>2022-04-20T01:07:21Z</time>
   </trkpt>
   <trkpt lat="47.3806840" lon="-122.0402850">
    <ele>144.5</ele>
    <time>2022-04-20T01:07:22Z</time>
   </trkpt>
   <trkpt lat="47.3806860" lon="-122.0402930">
    <ele>144.5</ele>
    <time>2022-04-20T01:07:23Z</time>
   </trkpt>
   <trkpt lat="47.3806940" lon="-122.0403150">
    <ele>144.5</ele>
    <time>2022-04-20T01:07:24Z</time>
   </trkpt>
   <trkpt lat="47.3806990" lon="-122.0403260">
    <ele>144.5</ele>
    <time>2022-04-20T01:07:25Z</time>
   </trkpt>
   <trkpt lat="47.3807040" lon="-122.0403360">
    <ele>144.6</ele>
    <time>2022-04-20T01:07:26Z</time>
   </trkpt>
   <trkpt lat="47.3807080" lon="-122.0403470">
    <ele>144.6</ele>
    <time>2022-04-20T01:07:27Z</time>
   </trkpt>
   <trkpt lat="47.3807050" lon="-122.0403580">
    <ele>144.6</ele>
    <time>2022-04-20T01:07:28Z</time>
   </trkpt>
   <trkpt lat="47.3807020" lon="-122.0403820">
    <ele>144.6</ele>
    <time>2022-04-20T01:07:29Z</time>
   </trkpt>
   <trkpt lat="47.3807010" lon="-122.0403970">
    <ele>144.6</ele>
    <time>2022-04-20T01:07:30Z</time>
   </trkpt>
   <trkpt lat="47.3807060" lon="-122.0404190">
    <ele>144.5</ele>
    <time>2022-04-20T01:07:31Z</time>
   </trkpt>
   <trkpt lat="47.3807070" lon="-122.0404370">
    <ele>144.5</ele>
    <time>2022-04-20T01:07:32Z</time>
   </trkpt>
   <trkpt lat="47.3807130" lon="-122.0404560">
    <ele>144.4</ele>
    <time>2022-04-20T01:07:33Z</time>
   </trkpt>
   <trkpt lat="47.3807160" lon="-122.0404760">
    <ele>144.4</ele>
    <time>2022-04-20T01:07:34Z</time>
   </trkpt>
   <trkpt lat="47.3807170" lon="-122.0404950">
    <ele>144.4</ele>
    <time>2022-04-20T01:07:35Z</time>
   </trkpt>
   <trkpt lat="47.3807170" lon="-122.0405040">
    <ele>144.4</ele>
    <time>2022-04-20T01:07:36Z</time>
   </trkpt>
   <trkpt lat="47.3807120" lon="-122.0405200">
    <ele>144.3</ele>
    <time>2022-04-20T01:07:37Z</time>
   </trkpt>
   <trkpt lat="47.3807060" lon="-122.0405260">
    <ele>144.3</ele>
    <time>2022-04-20T01:07:38Z</time>
   </trkpt>
   <trkpt lat="47.3807020" lon="-122.0405360">
    <ele>144.3</ele>
    <time>2022-04-20T01:07:39Z</time>
   </trkpt>
   <trkpt lat="47.3807030" lon="-122.0405430">
    <ele>144.3</ele>
    <time>2022-04-20T01:07:40Z</time>
   </trkpt>
   <trkpt lat="47.3807040" lon="-122.0405530">
    <ele>144.2</ele>
    <time>2022-04-20T01:07:41Z</time>
   </trkpt>
   <trkpt lat="47.3807010" lon="-122.0405590">
    <ele>144.2</ele>
    <time>2022-04-20T01:07:42Z</time>
   </trkpt>
   <trkpt lat="47.3807090" lon="-122.0405700">
    <ele>144.2</ele>
    <time>2022-04-20T01:07:43Z</time>
   </trkpt>
   <trkpt lat="47.3807090" lon="-122.0405870">
    <ele>144.2</ele>
    <time>2022-04-20T01:07:44Z</time>
   </trkpt>
   <trkpt lat="47.3807090" lon="-122.0406070">
    <ele>144.1</ele>
    <time>2022-04-20T01:07:45Z</time>
   </trkpt>
   <trkpt lat="47.3807090" lon="-122.0406220">
    <ele>144.1</ele>
    <time>2022-04-20T01:07:46Z</time>
   </trkpt>
   <trkpt lat="47.3807120" lon="-122.0406370">
    <ele>144.1</ele>
    <time>2022-04-20T01:07:47Z</time>
   </trkpt>
   <trkpt lat="47.3807130" lon="-122.0406410">
    <ele>144.1</ele>
    <time>2022-04-20T01:07:48Z</time>
   </trkpt>
   <trkpt lat="47.3807120" lon="-122.0406560">
    <ele>144.0</ele>
    <time>2022-04-20T01:07:49Z</time>
   </trkpt>
   <trkpt lat="47.3807100" lon="-122.0406680">
    <ele>144.0</ele>
    <time>2022-04-20T01:07:50Z</time>
   </trkpt>
   <trkpt lat="47.3807110" lon="-122.0406920">
    <ele>143.9</ele>
    <time>2022-04-20T01:07:51Z</time>
   </trkpt>
   <trkpt lat="47.3807140" lon="-122.0407080">
    <ele>143.9</ele>
    <time>2022-04-20T01:07:52Z</time>
   </trkpt>
   <trkpt lat="47.3807080" lon="-122.0407290">
    <ele>143.9</ele>
    <time>2022-04-20T01:07:53Z</time>
   </trkpt>
   <trkpt lat="47.3807070" lon="-122.0407380">
    <ele>143.9</ele>
    <time>2022-04-20T01:07:54Z</time>
   </trkpt>
   <trkpt lat="47.3807100" lon="-122.0407570">
    <ele>143.8</ele>
    <time>2022-04-20T01:07:55Z</time>
   </trkpt>
   <trkpt lat="47.3807080" lon="-122.0407680">
    <ele>143.8</ele>
    <time>2022-04-20T01:07:56Z</time>
   </trkpt>
   <trkpt lat="47.3807080" lon="-122.0407850">
    <ele>143.8</ele>
    <time>2022-04-20T01:07:57Z</time>
   </trkpt>
   <trkpt lat="47.3807060" lon="-122.0407980">
    <ele>143.8</ele>
    <time>2022-04-20T01:07:58Z</time>
   </trkpt>
   <trkpt lat="47.3806990" lon="-122.0408190">
    <ele>143.7</ele>
    <time>2022-04-20T01:07:59Z</time>
   </trkpt>
   <trkpt lat="47.3806970" lon="-122.0408280">
    <ele>143.7</ele>
    <time>2022-04-20T01:08:00Z</time>
   </trkpt>
   <trkpt lat="47.3806940" lon="-122.0408380">
    <ele>143.7</ele>
    <time>2022-04-20T01:08:01Z</time>
   </trkpt>
   <trkpt lat="47.3806920" lon="-122.0408470">
    <ele>143.7</ele>
    <time>2022-04-20T01:08:02Z</time>
   </trkpt>
   <trkpt lat="47.3806820" lon="-122.0408750">
    <ele>143.6</ele>
    <time>2022-04-20T01:08:03Z</time>
   </trkpt>
   <trkpt lat="47.3806780" lon="-122.0408860">
    <ele>143.6</ele>
    <time>2022-04-20T01:08:04Z</time>
   </trkpt>
   <trkpt lat="47.3806740" lon="-122.0408970">
    <ele>143.6</ele>
    <time>2022-04-20T01:08:05Z</time>
   </trkpt>
   <trkpt lat="47.3806710" lon="-122.0409020">
    <ele>143.6</ele>
    <time>2022-04-20T01:08:06Z</time>
   </trkpt>
   <trkpt lat="47.3806690" lon="-122.0409130">
    <ele>143.6</ele>
    <time>2022-04-20T01:08:07Z</time>
   </trkpt>
   <trkpt lat="47.3806640" lon="-122.0409260">
    <ele>143.6</ele>
    <time>2022-04-20T01:08:08Z</time>
   </trkpt>
   <trkpt lat="47.3806610" lon="-122.0409390">
    <ele>143.5</ele>
    <time>2022-04-20T01:08:09Z</time>
   </trkpt>
   <trkpt lat="47.3806550" lon="-122.0409520">
    <ele>143.5</ele>
    <time>2022-04-20T01:08:10Z</time>
   </trkpt>
   <trkpt lat="47.3806530" lon="-122.0409600">
    <ele>143.5</ele>
    <time>2022-04-20T01:08:11Z</time>
   </trkpt>
   <trkpt lat="47.3806530" lon="-122.0409740">
    <ele>143.5</ele>
    <time>2022-04-20T01:08:12Z</time>
   </trkpt>
   <trkpt lat="47.3806560" lon="-122.0409830">
    <ele>143.5</ele>
    <time>2022-04-20T01:08:13Z</time>
   </trkpt>
   <trkpt lat="47.3806560" lon="-122.0409930">
    <ele>143.5</ele>
    <time>2022-04-20T01:08:14Z</time>
   </trkpt>
   <trkpt lat="47.3806530" lon="-122.0410150">
    <ele>143.4</ele>
    <time>2022-04-20T01:08:15Z</time>
   </trkpt>
   <trkpt lat="47.3806500" lon="-122.0410290">
    <ele>143.4</ele>
    <time>2022-04-20T01:08:16Z</time>
   </trkpt>
   <trkpt lat="47.3806480" lon="-122.0410420">
    <ele>143.4</ele>
    <time>2022-04-20T01:08:17Z</time>
   </trkpt>
   <trkpt lat="47.3806510" lon="-122.0410650">
    <ele>143.4</ele>
    <time>2022-04-20T01:08:18Z</time>
   </trkpt>
   <trkpt lat="47.3806520" lon="-122.0410760">
    <ele>143.4</ele>
    <time>2022-04-20T01:08:19Z</time>
   </trkpt>
   <trkpt lat="47.3806490" lon="-122.0410910">
    <ele>143.4</ele>
    <time>2022-04-20T01:08:20Z</time>
   </trkpt>
   <trkpt lat="47.3806500" lon="-122.0410990">
    <ele>143.4</ele>
    <time>2022-04-20T01:08:21Z</time>
   </trkpt>
   <trkpt lat="47.3806500" lon="-122.0411080">
    <ele>143.3</ele>
    <time>2022-04-20T01:08:22Z</time>
   </trkpt>
   <trkpt lat="47.3806540" lon="-122.0411230">
    <ele>143.3</ele>
    <time>2022-04-20T01:08:23Z</time>
   </trkpt>
   <trkpt lat="47.3806510" lon="-122.0411400">
    <ele>143.3</ele>
    <time>2022-04-20T01:08:24Z</time>
   </trkpt>
   <trkpt lat="47.3806430" lon="-122.0411560">
    <ele>143.3</ele>
    <time>2022-04-20T01:08:25Z</time>
   </trkpt>
   <trkpt lat="47.3806420" lon="-122.0411710">
    <ele>143.3</ele>
    <time>2022-04-20T01:08:26Z</time>
   </trkpt>
   <trkpt lat="47.3806420" lon="-122.0411940">
    <ele>143.2</ele>
    <time>2022-04-20T01:08:27Z</time>
   </trkpt>
   <trkpt lat="47.3806450" lon="-122.0412100">
    <ele>143.2</ele>
    <time>2022-04-20T01:08:28Z</time>
   </trkpt>
   <trkpt lat="47.3806390" lon="-122.0412210">
    <ele>143.2</ele>
    <time>2022-04-20T01:08:29Z</time>
   </trkpt>
   <trkpt lat="47.3806300" lon="-122.0412430">
    <ele>143.2</ele>
    <time>2022-04-20T01:08:30Z</time>
   </trkpt>
   <trkpt lat="47.3806290" lon="-122.0412550">
    <ele>143.2</ele>
    <time>2022-04-20T01:08:31Z</time>
   </trkpt>
   <trkpt lat="47.3806250" lon="-122.0412770">
    <ele>143.1</ele>
    <time>2022-04-20T01:08:32Z</time>
   </trkpt>
   <trkpt lat="47.3806300" lon="-122.0412970">
    <ele>143.1</ele>
    <time>2022-04-20T01:08:33Z</time>
   </trkpt>
   <trkpt lat="47.3806340" lon="-122.0413160">
    <ele>143.1</ele>
    <time>2022-04-20T01:08:34Z</time>
   </trkpt>
   <trkpt lat="47.3806380" lon="-122.0413280">
    <ele>143.0</ele>
    <time>2022-04-20T01:08:35Z</time>
   </trkpt>
   <trkpt lat="47.3806460" lon="-122.0413440">
    <ele>143.0</ele>
    <time>2022-04-20T01:08:36Z</time>
   </trkpt>
   <trkpt lat="47.3806400" lon="-122.0413620">
    <ele>143.0</ele>
    <time>2022-04-20T01:08:37Z</time>
   </trkpt>
   <trkpt lat="47.3806410" lon="-122.0413730">
    <ele>143.0</ele>
    <time>2022-04-20T01:08:38Z</time>
   </trkpt>
   <trkpt lat="47.3806410" lon="-122.0413900">
    <ele>142.9</ele>
    <time>2022-04-20T01:08:39Z</time>
   </trkpt>
   <trkpt lat="47.3806510" lon="-122.0414310">
    <ele>142.9</ele>
    <time>2022-04-20T01:08:40Z</time>
   </trkpt>
   <trkpt lat="47.3806520" lon="-122.0414440">
    <ele>142.8</ele>
    <time>2022-04-20T01:08:41Z</time>
   </trkpt>
   <trkpt lat="47.3806570" lon="-122.0414740">
    <ele>142.8</ele>
    <time>2022-04-20T01:08:42Z</time>
   </trkpt>
   <trkpt lat="47.3806610" lon="-122.0414890">
    <ele>142.7</ele>
    <time>2022-04-20T01:08:43Z</time>
   </trkpt>
   <trkpt lat="47.3806640" lon="-122.0415030">
    <ele>142.7</ele>
    <time>2022-04-20T01:08:44Z</time>
   </trkpt>
   <trkpt lat="47.3806640" lon="-122.0415220">
    <ele>142.7</ele>
    <time>2022-04-20T01:08:45Z</time>
   </trkpt>
   <trkpt lat="47.3806670" lon="-122.0415390">
    <ele>142.6</ele>
    <time>2022-04-20T01:08:46Z</time>
   </trkpt>
   <trkpt lat="47.3806640" lon="-122.0415550">
    <ele>142.6</ele>
    <time>2022-04-20T01:08:47Z</time>
   </trkpt>
   <trkpt lat="47.3806650" lon="-122.0415730">
    <ele>142.6</ele>
    <time>2022-04-20T01:08:48Z</time>
   </trkpt>
   <trkpt lat="47.3806690" lon="-122.0415810">
    <ele>142.6</ele>
    <time>2022-04-20T01:08:49Z</time>
   </trkpt>
   <trkpt lat="47.3806720" lon="-122.0415870">
    <ele>142.5</ele>
    <time>2022-04-20T01:08:50Z</time>
   </trkpt>
   <trkpt lat="47.3806720" lon="-122.0416010">
    <ele>142.5</ele>
    <time>2022-04-20T01:08:51Z</time>
   </trkpt>
   <trkpt lat="47.3806700" lon="-122.0416190">
    <ele>142.5</ele>
    <time>2022-04-20T01:08:52Z</time>
   </trkpt>
   <trkpt lat="47.3806740" lon="-122.0416460">
    <ele>142.4</ele>
    <time>2022-04-20T01:08:53Z</time>
   </trkpt>
   <trkpt lat="47.3806790" lon="-122.0416640">
    <ele>142.4</ele>
    <time>2022-04-20T01:08:54Z</time>
   </trkpt>
   <trkpt lat="47.3806850" lon="-122.0416760">
    <ele>142.4</ele>
    <time>2022-04-20T01:08:55Z</time>
   </trkpt>
   <trkpt lat="47.3806900" lon="-122.0416900">
    <ele>142.4</ele>
    <time>2022-04-20T01:08:56Z</time>
   </trkpt>
   <trkpt lat="47.3807000" lon="-122.0417060">
    <ele>142.3</ele>
    <time>2022-04-20T01:08:57Z</time>
   </trkpt>
   <trkpt lat="47.3807050" lon="-122.0417200">
    <ele>142.3</ele>
    <time>2022-04-20T01:08:58Z</time>
   </trkpt>
   <trkpt lat="47.3807050" lon="-122.0417300">
    <ele>142.3</ele>
    <time>2022-04-20T01:08:59Z</time>
   </trkpt>
   <trkpt lat="47.3807070" lon="-122.0417360">
    <ele>142.3</ele>
    <time>2022-04-20T01:09:00Z</time>
   </trkpt>
   <trkpt lat="47.3807070" lon="-122.0417450">
    <ele>142.3</ele>
    <time>2022-04-20T01:09:01Z</time>
   </trkpt>
   <trkpt lat="47.3807140" lon="-122.0417530">
    <ele>142.3</ele>
    <time>2022-04-20T01:09:02Z</time>
   </trkpt>
   <trkpt lat="47.3807200" lon="-122.0417670">
    <ele>142.2</ele>
    <time>2022-04-20T01:09:03Z</time>
   </trkpt>
   <trkpt lat="47.3807250" lon="-122.0417840">
    <ele>142.2</ele>
    <time>2022-04-20T01:09:04Z</time>
   </trkpt>
   <trkpt lat="47.3807290" lon="-122.0418030">
    <ele>142.2</ele>
    <time>2022-04-20T01:09:05Z</time>
   </trkpt>
   <trkpt lat="47.3807260" lon="-122.0418160">
    <ele>142.2</ele>
    <time>2022-04-20T01:09:06Z</time>
   </trkpt>
   <trkpt lat="47.3807270" lon="-122.0418590">
    <ele>142.1</ele>
    <time>2022-04-20T01:09:07Z</time>
   </trkpt>
   <trkpt lat="47.3807270" lon="-122.0418750">
    <ele>142.2</ele>
    <time>2022-04-20T01:09:08Z</time>
   </trkpt>
   <trkpt lat="47.3807280" lon="-122.0419020">
    <ele>142.2</ele>
    <time>2022-04-20T01:09:09Z</time>
   </trkpt>
   <trkpt lat="47.3807390" lon="-122.0419240">
    <ele>142.2</ele>
    <time>2022-04-20T01:09:10Z</time>
   </trkpt>
   <trkpt lat="47.3807450" lon="-122.0419370">
    <ele>142.2</ele>
    <time>2022-04-20T01:09:11Z</time>
   </trkpt>
   <trkpt lat="47.3807450" lon="-122.0419520">
    <ele>142.2</ele>
    <time>2022-04-20T01:09:12Z</time>
   </trkpt>
   <trkpt lat="47.3807450" lon="-122.0419690">
    <ele>142.2</ele>
    <time>2022-04-20T01:09:13Z</time>
   </trkpt>
   <trkpt lat="47.3807460" lon="-122.0419940">
    <ele>142.2</ele>
    <time>2022-04-20T01:09:14Z</time>
   </trkpt>
   <trkpt lat="47.3807480" lon="-122.0420040">
    <ele>142.2</ele>
    <time>2022-04-20T01:09:15Z</time>
   </trkpt>
   <trkpt lat="47.3807500" lon="-122.0420130">
    <ele>142.2</ele>
    <time>2022-04-20T01:09:16Z</time>
   </trkpt>
   <trkpt lat="47.3807520" lon="-122.0420230">
    <ele>142.2</ele>
    <time>2022-04-20T01:09:17Z</time>
   </trkpt>
   <trkpt lat="47.3807510" lon="-122.0420440">
    <ele>142.3</ele>
    <time>2022-04-20T01:09:18Z</time>
   </trkpt>
   <trkpt lat="47.3807530" lon="-122.0420740">
    <ele>142.3</ele>
    <time>2022-04-20T01:09:19Z</time>
   </trkpt>
   <trkpt lat="47.3807540" lon="-122.0420960">
    <ele>142.3</ele>
    <time>2022-04-20T01:09:20Z</time>
   </trkpt>
   <trkpt lat="47.3807550" lon="-122.0421030">
    <ele>142.3</ele>
    <time>2022-04-20T01:09:21Z</time>
   </trkpt>
   <trkpt lat="47.3807570" lon="-122.0421110">
    <ele>142.3</ele>
    <time>2022-04-20T01:09:22Z</time>
   </trkpt>
   <trkpt lat="47.3807590" lon="-122.0421190">
    <ele>142.3</ele>
    <time>2022-04-20T01:09:23Z</time>
   </trkpt>
   <trkpt lat="47.3807610" lon="-122.0421260">
    <ele>142.3</ele>
    <time>2022-04-20T01:09:24Z</time>
   </trkpt>
   <trkpt lat="47.3807660" lon="-122.0421350">
    <ele>142.3</ele>
    <time>2022-04-20T01:09:25Z</time>
   </trkpt>
   <trkpt lat="47.3807700" lon="-122.0421400">
    <ele>142.3</ele>
    <time>2022-04-20T01:09:26Z</time>
   </trkpt>
   <trkpt lat="47.3807730" lon="-122.0421520">
    <ele>142.4</ele>
    <time>2022-04-20T01:09:27Z</time>
   </trkpt>
   <trkpt lat="47.3807690" lon="-122.0421630">
    <ele>142.4</ele>
    <time>2022-04-20T01:09:28Z</time>
   </trkpt>
   <trkpt lat="47.3807640" lon="-122.0421780">
    <ele>142.4</ele>
    <time>2022-04-20T01:09:29Z</time>
   </trkpt>
   <trkpt lat="47.3807700" lon="-122.0422020">
    <ele>142.4</ele>
    <time>2022-04-20T01:09:30Z</time>
   </trkpt>
   <trkpt lat="47.3807660" lon="-122.0422130">
    <ele>142.4</ele>
    <time>2022-04-20T01:09:31Z</time>
   </trkpt>
   <trkpt lat="47.3807600" lon="-122.0422210">
    <ele>142.4</ele>
    <time>2022-04-20T01:09:32Z</time>
   </trkpt>
   <trkpt lat="47.3807510" lon="-122.0422520">
    <ele>142.5</ele>
    <time>2022-04-20T01:09:33Z</time>
   </trkpt>
   <trkpt lat="47.3807450" lon="-122.0422640">
    <ele>142.5</ele>
    <time>2022-04-20T01:09:34Z</time>
   </trkpt>
   <trkpt lat="47.3807390" lon="-122.0422750">
    <ele>142.5</ele>
    <time>2022-04-20T01:09:35Z</time>
   </trkpt>
   <trkpt lat="47.3807330" lon="-122.0422840">
    <ele>142.5</ele>
    <time>2022-04-20T01:09:36Z</time>
   </trkpt>
   <trkpt lat="47.3807240" lon="-122.0422990">
    <ele>142.6</ele>
    <time>2022-04-20T01:09:37Z</time>
   </trkpt>
   <trkpt lat="47.3807230" lon="-122.0423170">
    <ele>142.6</ele>
    <time>2022-04-20T01:09:38Z</time>
   </trkpt>
   <trkpt lat="47.3807200" lon="-122.0423400">
    <ele>142.6</ele>
    <time>2022-04-20T01:09:39Z</time>
   </trkpt>
   <trkpt lat="47.3807180" lon="-122.0423560">
    <ele>142.6</ele>
    <time>2022-04-20T01:09:40Z</time>
   </trkpt>
   <trkpt lat="47.3807160" lon="-122.0423720">
    <ele>142.6</ele>
    <time>2022-04-20T01:09:41Z</time>
   </trkpt>
   <trkpt lat="47.3807180" lon="-122.0424050">
    <ele>142.7</ele>
    <time>2022-04-20T01:09:42Z</time>
   </trkpt>
   <trkpt lat="47.3807180" lon="-122.0424170">
    <ele>142.7</ele>
    <time>2022-04-20T01:09:43Z</time>
   </trkpt>
   <trkpt lat="47.3807190" lon="-122.0424280">
    <ele>142.7</ele>
    <time>2022-04-20T01:09:44Z</time>
   </trkpt>
   <trkpt lat="47.3807260" lon="-122.0424670">
    <ele>142.8</ele>
    <time>2022-04-20T01:09:45Z</time>
   </trkpt>
   <trkpt lat="47.3807270" lon="-122.0424830">
    <ele>142.8</ele>
    <time>2022-04-20T01:09:46Z</time>
   </trkpt>
   <trkpt lat="47.3807300" lon="-122.0424960">
    <ele>142.8</ele>
    <time>2022-04-20T01:09:47Z</time>
   </trkpt>
   <trkpt lat="47.3807280" lon="-122.0425160">
    <ele>142.8</ele>
    <time>2022-04-20T01:09:48Z</time>
   </trkpt>
   <trkpt lat="47.3807180" lon="-122.0425340">
    <ele>142.9</ele>
    <time>2022-04-20T01:09:49Z</time>
   </trkpt>
   <trkpt lat="47.3807090" lon="-122.0425470">
    <ele>142.9</ele>
    <time>2022-04-20T01:09:50Z</time>
   </trkpt>
   <trkpt lat="47.3807020" lon="-122.0425550">
    <ele>142.9</ele>
    <time>2022-04-20T01:09:51Z</time>
   </trkpt>
   <trkpt lat="47.3806950" lon="-122.0425620">
    <ele>142.9</ele>
    <time>2022-04-20T01:09:52Z</time>
   </trkpt>
   <trkpt lat="47.3806790" lon="-122.0425790">
    <ele>143.0</ele>
    <time>2022-04-20T01:09:53Z</time>
   </trkpt>
   <trkpt lat="47.3806710" lon="-122.0425860">
    <ele>143.0</ele>
    <time>2022-04-20T01:09:54Z</time>
   </trkpt>
   <trkpt lat="47.3806630" lon="-122.0425930">
    <ele>143.0</ele>
    <time>2022-04-20T01:09:55Z</time>
   </trkpt>
   <trkpt lat="47.3806550" lon="-122.0426060">
    <ele>143.0</ele>
    <time>2022-04-20T01:09:56Z</time>
   </trkpt>
   <trkpt lat="47.3806430" lon="-122.0426210">
    <ele>143.0</ele>
    <time>2022-04-20T01:09:57Z</time>
   </trkpt>
   <trkpt lat="47.3806340" lon="-122.0426320">
    <ele>143.0</ele>
    <time>2022-04-20T01:09:58Z</time>
   </trkpt>
   <trkpt lat="47.3806240" lon="-122.0426400">
    <ele>143.1</ele>
    <time>2022-04-20T01:09:59Z</time>
   </trkpt>
   <trkpt lat="47.3806150" lon="-122.0426500">
    <ele>143.1</ele>
    <time>2022-04-20T01:10:00Z</time>
   </trkpt>
   <trkpt lat="47.3805990" lon="-122.0426670">
    <ele>143.1</ele>
    <time>2022-04-20T01:10:01Z</time>
   </trkpt>
   <trkpt lat="47.3805930" lon="-122.0426750">
    <ele>143.1</ele>
    <time>2022-04-20T01:10:02Z</time>
   </trkpt>
   <trkpt lat="47.3805860" lon="-122.0426820">
    <ele>143.1</ele>
    <time>2022-04-20T01:10:03Z</time>
   </trkpt>
   <trkpt lat="47.3805730" lon="-122.0426870">
    <ele>143.1</ele>
    <time>2022-04-20T01:10:04Z</time>
   </trkpt>
   <trkpt lat="47.3805660" lon="-122.0426930">
    <ele>143.2</ele>
    <time>2022-04-20T01:10:05Z</time>
   </trkpt>
   <trkpt lat="47.3805580" lon="-122.0427010">
    <ele>143.2</ele>
    <time>2022-04-20T01:10:06Z</time>
   </trkpt>
   <trkpt lat="47.3805500" lon="-122.0427090">
    <ele>143.2</ele>
    <time>2022-04-20T01:10:07Z</time>
   </trkpt>
   <trkpt lat="47.3805430" lon="-122.0427150">
    <ele>143.2</ele>
    <time>2022-04-20T01:10:08Z</time>
   </trkpt>
   <trkpt lat="47.3805390" lon="-122.0427250">
    <ele>143.2</ele>
    <time>2022-04-20T01:10:09Z</time>
   </trkpt>
   <trkpt lat="47.3805340" lon="-122.0427320">
    <ele>143.2</ele>
    <time>2022-04-20T01:10:10Z</time>
   </trkpt>
   <trkpt lat="47.3805260" lon="-122.0427350">
    <ele>143.2</ele>
    <time>2022-04-20T01:10:11Z</time>
   </trkpt>
   <trkpt lat="47.3805060" lon="-122.0427410">
    <ele>143.2</ele>
    <time>2022-04-20T01:10:12Z</time>
   </trkpt>
   <trkpt lat="47.3804930" lon="-122.0427400">
    <ele>143.2</ele>
    <time>2022-04-20T01:10:13Z</time>
   </trkpt>
   <trkpt lat="47.3804820" lon="-122.0427450">
    <ele>143.2</ele>
    <time>2022-04-20T01:10:14Z</time>
   </trkpt>
   <trkpt lat="47.3804760" lon="-122.0427470">
    <ele>143.3</ele>
    <time>2022-04-20T01:10:15Z</time>
   </trkpt>
   <trkpt lat="47.3804660" lon="-122.0427500">
    <ele>143.3</ele>
    <time>2022-04-20T01:10:16Z</time>
   </trkpt>
   <trkpt lat="47.3804530" lon="-122.0427510">
    <ele>143.3</ele>
    <time>2022-04-20T01:10:17Z</time>
   </trkpt>
   <trkpt lat="47.3804440" lon="-122.0427550">
    <ele>143.3</ele>
    <time>2022-04-20T01:10:18Z</time>
   </trkpt>
   <trkpt lat="47.3804340" lon="-122.0427520">
    <ele>143.3</ele>
    <time>2022-04-20T01:10:19Z</time>
   </trkpt>
   <trkpt lat="47.3804240" lon="-122.0427570">
    <ele>143.3</ele>
    <time>2022-04-20T01:10:20Z</time>
   </trkpt>
   <trkpt lat="47.3804110" lon="-122.0427560">
    <ele>143.3</ele>
    <time>2022-04-20T01:10:21Z</time>
   </trkpt>
   <trkpt lat="47.3804000" lon="-122.0427510">
    <ele>143.3</ele>
    <time>2022-04-20T01:10:22Z</time>
   </trkpt>
   <trkpt lat="47.3803970" lon="-122.0427500">
    <ele>143.3</ele>
    <time>2022-04-20T01:10:23Z</time>
   </trkpt>
   <trkpt lat="47.3803890" lon="-122.0427450">
    <ele>143.3</ele>
    <time>2022-04-20T01:10:24Z</time>
   </trkpt>
   <trkpt lat="47.3803810" lon="-122.0427390">
    <ele>143.3</ele>
    <time>2022-04-20T01:10:25Z</time>
   </trkpt>
   <trkpt lat="47.3803740" lon="-122.0427330">
    <ele>143.3</ele>
    <time>2022-04-20T01:10:26Z</time>
   </trkpt>
   <trkpt lat="47.3803630" lon="-122.0427280">
    <ele>143.3</ele>
    <time>2022-04-20T01:10:27Z</time>
   </trkpt>
   <trkpt lat="47.3803530" lon="-122.0427170">
    <ele>143.4</ele>
    <time>2022-04-20T01:10:28Z</time>
   </trkpt>
   <trkpt lat="47.3803320" lon="-122.0427040">
    <ele>143.3</ele>
    <time>2022-04-20T01:10:29Z</time>
   </trkpt>
   <trkpt lat="47.3803240" lon="-122.0427020">
    <ele>143.3</ele>
    <time>2022-04-20T01:10:30Z</time>
   </trkpt>
   <trkpt lat="47.3803160" lon="-122.0427000">
    <ele>143.3</ele>
    <time>2022-04-20T01:10:31Z</time>
   </trkpt>
   <trkpt lat="47.3802940" lon="-122.0427010">
    <ele>143.3</ele>
    <time>2022-04-20T01:10:32Z</time>
   </trkpt>
   <trkpt lat="47.3802840" lon="-122.0427010">
    <ele>143.3</ele>
    <time>2022-04-20T01:10:33Z</time>
   </trkpt>
   <trkpt lat="47.3802750" lon="-122.0427010">
    <ele>143.3</ele>
    <time>2022-04-20T01:10:34Z</time>
   </trkpt>
   <trkpt lat="47.3802670" lon="-122.0426950">
    <ele>143.3</ele>
    <time>2022-04-20T01:10:35Z</time>
   </trkpt>
   <trkpt lat="47.3802610" lon="-122.0426890">
    <ele>143.2</ele>
    <time>2022-04-20T01:10:36Z</time>
   </trkpt>
   <trkpt lat="47.3802560" lon="-122.0426850">
    <ele>143.2</ele>
    <time>2022-04-20T01:10:37Z</time>
   </trkpt>
   <trkpt lat="47.3802500" lon="-122.0426830">
    <ele>143.2</ele>
    <time>2022-04-20T01:10:38Z</time>
   </trkpt>
   <trkpt lat="47.3802450" lon="-122.0426820">
    <ele>143.2</ele>
    <time>2022-04-20T01:10:39Z</time>
   </trkpt>
   <trkpt lat="47.3802360" lon="-122.0426710">
    <ele>143.2</ele>
    <time>2022-04-20T01:10:40Z</time>
   </trkpt>
   <trkpt lat="47.3802240" lon="-122.0426620">
    <ele>143.2</ele>
    <time>2022-04-20T01:10:41Z</time>
   </trkpt>
   <trkpt lat="47.3802170" lon="-122.0426500">
    <ele>143.2</ele>
    <time>2022-04-20T01:10:42Z</time>
   </trkpt>
   <trkpt lat="47.3802140" lon="-122.0426440">
    <ele>143.2</ele>
    <time>2022-04-20T01:10:43Z</time>
   </trkpt>
   <trkpt lat="47.3802110" lon="-122.0426370">
    <ele>143.2</ele>
    <time>2022-04-20T01:10:44Z</time>
   </trkpt>
   <trkpt lat="47.3802090" lon="-122.0426310">
    <ele>143.2</ele>
    <time>2022-04-20T01:10:45Z</time>
   </trkpt>
   <trkpt lat="47.3802060" lon="-122.0426250">
    <ele>143.2</ele>
    <time>2022-04-20T01:10:46Z</time>
   </trkpt>
   <trkpt lat="47.3802040" lon="-122.0426180">
    <ele>143.2</ele>
    <time>2022-04-20T01:10:47Z</time>
   </trkpt>
   <trkpt lat="47.3802010" lon="-122.0426120">
    <ele>143.2</ele>
    <time>2022-04-20T01:10:48Z</time>
   </trkpt>
   <trkpt lat="47.3801960" lon="-122.0426020">
    <ele>143.2</ele>
    <time>2022-04-20T01:10:49Z</time>
   </trkpt>
   <trkpt lat="47.3801890" lon="-122.0425880">
    <ele>143.2</ele>
    <time>2022-04-20T01:10:50Z</time>
   </trkpt>
   <trkpt lat="47.3801820" lon="-122.0425820">
    <ele>143.2</ele>
    <time>2022-04-20T01:10:51Z</time>
   </trkpt>
   <trkpt lat="47.3801760" lon="-122.0425770">
    <ele>143.2</ele>
    <time>2022-04-20T01:10:52Z</time>
   </trkpt>
   <trkpt lat="47.3801700" lon="-122.0425640">
    <ele>143.1</ele>
    <time>2022-04-20T01:10:53Z</time>
   </trkpt>
   <trkpt lat="47.3801650" lon="-122.0425500">
    <ele>143.1</ele>
    <time>2022-04-20T01:10:54Z</time>
   </trkpt>
   <trkpt lat="47.3801610" lon="-122.0425300">
    <ele>143.1</ele>
    <time>2022-04-20T01:10:55Z</time>
   </trkpt>
   <trkpt lat="47.3801560" lon="-122.0425200">
    <ele>143.1</ele>
    <time>2022-04-20T01:10:56Z</time>
   </trkpt>
   <trkpt lat="47.3801500" lon="-122.0425100">
    <ele>143.1</ele>
    <time>2022-04-20T01:10:57Z</time>
   </trkpt>
   <trkpt lat="47.3801450" lon="-122.0424990">
    <ele>143.1</ele>
    <time>2022-04-20T01:10:58Z</time>
   </trkpt>
   <trkpt lat="47.3801340" lon="-122.0424900">
    <ele>143.1</ele>
    <time>2022-04-20T01:10:59Z</time>
   </trkpt>
   <trkpt lat="47.3801290" lon="-122.0424770">
    <ele>143.1</ele>
    <time>2022-04-20T01:11:00Z</time>
   </trkpt>
   <trkpt lat="47.3801260" lon="-122.0424610">
    <ele>143.1</ele>
    <time>2022-04-20T01:11:01Z</time>
   </trkpt>
   <trkpt lat="47.3801210" lon="-122.0424450">
    <ele>143.1</ele>
    <time>2022-04-20T01:11:02Z</time>
   </trkpt>
   <trkpt lat="47.3801150" lon="-122.0424370">
    <ele>143.1</ele>
    <time>2022-04-20T01:11:03Z</time>
   </trkpt>
   <trkpt lat="47.3801110" lon="-122.0424310">
    <ele>143.1</ele>
    <time>2022-04-20T01:11:04Z</time>
   </trkpt>
   <trkpt lat="47.3801040" lon="-122.0424230">
    <ele>143.1</ele>
    <time>2022-04-20T01:11:05Z</time>
   </trkpt>
   <trkpt lat="47.3800970" lon="-122.0424110">
    <ele>143.1</ele>
    <time>2022-04-20T01:11:06Z</time>
   </trkpt>
   <trkpt lat="47.3800910" lon="-122.0424060">
    <ele>143.1</ele>
    <time>2022-04-20T01:11:07Z</time>
   </trkpt>
   <trkpt lat="47.3800850" lon="-122.0424020">
    <ele>143.1</ele>
    <time>2022-04-20T01:11:08Z</time>
   </trkpt>
   <trkpt lat="47.3800790" lon="-122.0423860">
    <ele>143.0</ele>
    <time>2022-04-20T01:11:09Z</time>
   </trkpt>
   <trkpt lat="47.3800700" lon="-122.0423750">
    <ele>143.0</ele>
    <time>2022-04-20T01:11:10Z</time>
   </trkpt>
   <trkpt lat="47.3800670" lon="-122.0423620">
    <ele>143.0</ele>
    <time>2022-04-20T01:11:11Z</time>
   </trkpt>
   <trkpt lat="47.3800650" lon="-122.0423470">
    <ele>143.0</ele>
    <time>2022-04-20T01:11:12Z</time>
   </trkpt>
   <trkpt lat="47.3800590" lon="-122.0423340">
    <ele>143.0</ele>
    <time>2022-04-20T01:11:13Z</time>
   </trkpt>
   <trkpt lat="47.3800540" lon="-122.0423290">
    <ele>143.0</ele>
    <time>2022-04-20T01:11:14Z</time>
   </trkpt>
   <trkpt lat="47.3800550" lon="-122.0423140">
    <ele>143.0</ele>
    <time>2022-04-20T01:11:15Z</time>
   </trkpt>
   <trkpt lat="47.3800500" lon="-122.0423100">
    <ele>143.0</ele>
    <time>2022-04-20T01:11:16Z</time>
   </trkpt>
   <trkpt lat="47.3800480" lon="-122.0422870">
    <ele>143.0</ele>
    <time>2022-04-20T01:11:17Z</time>
   </trkpt>
   <trkpt lat="47.3800440" lon="-122.0422690">
    <ele>143.0</ele>
    <time>2022-04-20T01:11:18Z</time>
   </trkpt>
   <trkpt lat="47.3800390" lon="-122.0422500">
    <ele>143.0</ele>
    <time>2022-04-20T01:11:19Z</time>
   </trkpt>
   <trkpt lat="47.3800360" lon="-122.0422290">
    <ele>143.0</ele>
    <time>2022-04-20T01:11:20Z</time>
   </trkpt>
   <trkpt lat="47.3800370" lon="-122.0422210">
    <ele>143.0</ele>
    <time>2022-04-20T01:11:21Z</time>
   </trkpt>
   <trkpt lat="47.3800380" lon="-122.0422120">
    <ele>143.0</ele>
    <time>2022-04-20T01:11:22Z</time>
   </trkpt>
   <trkpt lat="47.3800390" lon="-122.0422040">
    <ele>143.0</ele>
    <time>2022-04-20T01:11:23Z</time>
   </trkpt>
   <trkpt lat="47.3800400" lon="-122.0421950">
    <ele>143.1</ele>
    <time>2022-04-20T01:11:24Z</time>
   </trkpt>
   <trkpt lat="47.3800410" lon="-122.0421870">
    <ele>143.1</ele>
    <time>2022-04-20T01:11:25Z</time>
   </trkpt>
   <trkpt lat="47.3800440" lon="-122.0421740">
    <ele>143.1</ele>
    <time>2022-04-20T01:11:26Z</time>
   </trkpt>
   <trkpt lat="47.3800490" lon="-122.0421600">
    <ele>143.1</ele>
    <time>2022-04-20T01:11:27Z</time>
   </trkpt>
   <trkpt lat="47.3800490" lon="-122.0421490">
    <ele>143.1</ele>
    <time>2022-04-20T01:11:28Z</time>
   </trkpt>
   <trkpt lat="47.3800490" lon="-122.0421300">
    <ele>143.1</ele>
    <time>2022-04-20T01:11:29Z</time>
   </trkpt>
   <trkpt lat="47.3800500" lon="-122.0421200">
    <ele>143.1</ele>
    <time>2022-04-20T01:11:30Z</time>
   </trkpt>
   <trkpt lat="47.3800510" lon="-122.0421110">
    <ele>143.1</ele>
    <time>2022-04-20T01:11:31Z</time>
   </trkpt>
   <trkpt lat="47.3800510" lon="-122.0421020">
    <ele>143.1</ele>
    <time>2022-04-20T01:11:32Z</time>
   </trkpt>
   <trkpt lat="47.3800520" lon="-122.0420930">
    <ele>143.1</ele>
    <time>2022-04-20T01:11:33Z</time>
   </trkpt>
   <trkpt lat="47.3800530" lon="-122.0420840">
    <ele>143.1</ele>
    <time>2022-04-20T01:11:34Z</time>
   </trkpt>
   <trkpt lat="47.3800540" lon="-122.0420750">
    <ele>143.1</ele>
    <time>2022-04-20T01:11:35Z</time>
   </trkpt>
   <trkpt lat="47.3800590" lon="-122.0420660">
    <ele>143.1</ele>
    <time>2022-04-20T01:11:36Z</time>
   </trkpt>
   <trkpt lat="47.3800570" lon="-122.0420550">
    <ele>143.1</ele>
    <time>2022-04-20T01:11:37Z</time>
   </trkpt>
   <trkpt lat="47.3800540" lon="-122.0420410">
    <ele>143.1</ele>
    <time>2022-04-20T01:11:38Z</time>
   </trkpt>
   <trkpt lat="47.3800520" lon="-122.0420240">
    <ele>143.1</ele>
    <time>2022-04-20T01:11:39Z</time>
   </trkpt>
   <trkpt lat="47.3800430" lon="-122.0420050">
    <ele>143.1</ele>
    <time>2022-04-20T01:11:40Z</time>
   </trkpt>
   <trkpt lat="47.3800380" lon="-122.0419970">
    <ele>143.1</ele>
    <time>2022-04-20T01:11:41Z</time>
   </trkpt>
   <trkpt lat="47.3800330" lon="-122.0419890">
    <ele>143.1</ele>
    <time>2022-04-20T01:11:42Z</time>
   </trkpt>
   <trkpt lat="47.3800280" lon="-122.0419800">
    <ele>143.1</ele>
    <time>2022-04-20T01:11:43Z</time>
   </trkpt>
   <trkpt lat="47.3800240" lon="-122.0419720">
    <ele>143.0</ele>
    <time>2022-04-20T01:11:44Z</time>
   </trkpt>
   <trkpt lat="47.3800170" lon="-122.0419520">
    <ele>143.0</ele>
    <time>2022-04-20T01:11:45Z</time>
   </trkpt>
   <trkpt lat="47.3800170" lon="-122.0419460">
    <ele>143.0</ele>
    <time>2022-04-20T01:11:46Z</time>
   </trkpt>
   <trkpt lat="47.3799990" lon="-122.0419450">
    <ele>143.0</ele>
    <time>2022-04-20T01:11:47Z</time>
   </trkpt>
   <trkpt lat="47.3799730" lon="-122.0419520">
    <ele>143.0</ele>
    <time>2022-04-20T01:11:48Z</time>
   </trkpt>
   <trkpt lat="47.3799600" lon="-122.0419550">
    <ele>143.0</ele>
    <time>2022-04-20T01:11:49Z</time>
   </trkpt>
   <trkpt lat="47.3799280" lon="-122.0419590">
    <ele>143.0</ele>
    <time>2022-04-20T01:11:50Z</time>
   </trkpt>
   <trkpt lat="47.3799190" lon="-122.0419570">
    <ele>143.0</ele>
    <time>2022-04-20T01:11:51Z</time>
   </trkpt>
   <trkpt lat="47.3799080" lon="-122.0419430">
    <ele>143.0</ele>
    <time>2022-04-20T01:11:52Z</time>
   </trkpt>
   <trkpt lat="47.3799080" lon="-122.0419340">
    <ele>143.0</ele>
    <time>2022-04-20T01:11:53Z</time>
   </trkpt>
   <trkpt lat="47.3799040" lon="-122.0419170">
    <ele>143.0</ele>
    <time>2022-04-20T01:11:54Z</time>
   </trkpt>
   <trkpt lat="47.3798950" lon="-122.0418990">
    <ele>143.0</ele>
    <time>2022-04-20T01:11:55Z</time>
   </trkpt>
   <trkpt lat="47.3798850" lon="-122.0418890">
    <ele>143.0</ele>
    <time>2022-04-20T01:11:56Z</time>
   </trkpt>
   <trkpt lat="47.3798760" lon="-122.0418800">
    <ele>143.0</ele>
    <time>2022-04-20T01:11:57Z</time>
   </trkpt>
   <trkpt lat="47.3798620" lon="-122.0418740">
    <ele>143.0</ele>
    <time>2022-04-20T01:11:58Z</time>
   </trkpt>
   <trkpt lat="47.3798480" lon="-122.0418740">
    <ele>142.9</ele>
    <time>2022-04-20T01:11:59Z</time>
   </trkpt>
   <trkpt lat="47.3798310" lon="-122.0418720">
    <ele>142.9</ele>
    <time>2022-04-20T01:12:00Z</time>
   </trkpt>
   <trkpt lat="47.3798190" lon="-122.0418690">
    <ele>142.9</ele>
    <time>2022-04-20T01:12:01Z</time>
   </trkpt>
   <trkpt lat="47.3798030" lon="-122.0418570">
    <ele>142.9</ele>
    <time>2022-04-20T01:12:02Z</time>
   </trkpt>
   <trkpt lat="47.3797960" lon="-122.0418490">
    <ele>142.9</ele>
    <time>2022-04-20T01:12:03Z</time>
   </trkpt>
   <trkpt lat="47.3797850" lon="-122.0418360">
    <ele>142.9</ele>
    <time>2022-04-20T01:12:04Z</time>
   </trkpt>
   <trkpt lat="47.3797790" lon="-122.0418290">
    <ele>142.9</ele>
    <time>2022-04-20T01:12:05Z</time>
   </trkpt>
   <trkpt lat="47.3797710" lon="-122.0418290">
    <ele>142.9</ele>
    <time>2022-04-20T01:12:06Z</time>
   </trkpt>
   <trkpt lat="47.3797540" lon="-122.0418150">
    <ele>142.9</ele>
    <time>2022-04-20T01:12:07Z</time>
   </trkpt>
   <trkpt lat="47.3797470" lon="-122.0417990">
    <ele>142.9</ele>
    <time>2022-04-20T01:12:08Z</time>
   </trkpt>
   <trkpt lat="47.3797360" lon="-122.0417910">
    <ele>142.9</ele>
    <time>2022-04-20T01:12:09Z</time>
   </trkpt>
   <trkpt lat="47.3797190" lon="-122.0417920">
    <ele>142.9</ele>
    <time>2022-04-20T01:12:10Z</time>
   </trkpt>
   <trkpt lat="47.3797070" lon="-122.0417950">
    <ele>142.9</ele>
    <time>2022-04-20T01:12:11Z</time>
   </trkpt>
   <trkpt lat="47.3796970" lon="-122.0417960">
    <ele>142.9</ele>
    <time>2022-04-20T01:12:12Z</time>
   </trkpt>
   <trkpt lat="47.3796870" lon="-122.0417950">
    <ele>142.9</ele>
    <time>2022-04-20T01:12:13Z</time>
   </trkpt>
   <trkpt lat="47.3796730" lon="-122.0417910">
    <ele>142.9</ele>
    <time>2022-04-20T01:12:14Z</time>
   </trkpt>
   <trkpt lat="47.3796680" lon="-122.0417790">
    <ele>142.9</ele>
    <time>2022-04-20T01:12:15Z</time>
   </trkpt>
   <trkpt lat="47.3796640" lon="-122.0417660">
    <ele>142.9</ele>
    <time>2022-04-20T01:12:16Z</time>
   </trkpt>
   <trkpt lat="47.3796590" lon="-122.0417430">
    <ele>142.9</ele>
    <time>2022-04-20T01:12:17Z</time>
   </trkpt>
   <trkpt lat="47.3796560" lon="-122.0417200">
    <ele>142.9</ele>
    <time>2022-04-20T01:12:18Z</time>
   </trkpt>
   <trkpt lat="47.3796520" lon="-122.0417090">
    <ele>142.9</ele>
    <time>2022-04-20T01:12:19Z</time>
   </trkpt>
   <trkpt lat="47.3796490" lon="-122.0416950">
    <ele>142.9</ele>
    <time>2022-04-20T01:12:20Z</time>
   </trkpt>
   <trkpt lat="47.3796480" lon="-122.0416740">
    <ele>142.9</ele>
    <time>2022-04-20T01:12:21Z</time>
   </trkpt>
   <trkpt lat="47.3796490" lon="-122.0416590">
    <ele>142.9</ele>
    <time>2022-04-20T01:12:22Z</time>
   </trkpt>
   <trkpt lat="47.3796480" lon="-122.0416490">
    <ele>142.9</ele>
    <time>2022-04-20T01:12:23Z</time>
   </trkpt>
   <trkpt lat="47.3796460" lon="-122.0416290">
    <ele>142.9</ele>
    <time>2022-04-20T01:12:24Z</time>
   </trkpt>
   <trkpt lat="47.3796480" lon="-122.0416060">
    <ele>142.9</ele>
    <time>2022-04-20T01:12:25Z</time>
   </trkpt>
   <trkpt lat="47.3796510" lon="-122.0415890">
    <ele>142.9</ele>
    <time>2022-04-20T01:12:26Z</time>
   </trkpt>
   <trkpt lat="47.3796510" lon="-122.0415640">
    <ele>142.9</ele>
    <time>2022-04-20T01:12:27Z</time>
   </trkpt>
   <trkpt lat="47.3796500" lon="-122.0415520">
    <ele>142.9</ele>
    <time>2022-04-20T01:12:28Z</time>
   </trkpt>
   <trkpt lat="47.3796500" lon="-122.0415410">
    <ele>142.9</ele>
    <time>2022-04-20T01:12:29Z</time>
   </trkpt>
   <trkpt lat="47.3796500" lon="-122.0415300">
    <ele>142.9</ele>
    <time>2022-04-20T01:12:30Z</time>
   </trkpt>
   <trkpt lat="47.3796480" lon="-122.0414990">
    <ele>142.9</ele>
    <time>2022-04-20T01:12:31Z</time>
   </trkpt>
   <trkpt lat="47.3796500" lon="-122.0414870">
    <ele>142.9</ele>
    <time>2022-04-20T01:12:32Z</time>
   </trkpt>
   <trkpt lat="47.3796530" lon="-122.0414760">
    <ele>143.0</ele>
    <time>2022-04-20T01:12:33Z</time>
   </trkpt>
   <trkpt lat="47.3796540" lon="-122.0414520">
    <ele>143.0</ele>
    <time>2022-04-20T01:12:34Z</time>
   </trkpt>
   <trkpt lat="47.3796540" lon="-122.0414410">
    <ele>143.0</ele>
    <time>2022-04-20T01:12:35Z</time>
   </trkpt>
   <trkpt lat="47.3796550" lon="-122.0414310">
    <ele>143.0</ele>
    <time>2022-04-20T01:12:36Z</time>
   </trkpt>
   <trkpt lat="47.3796550" lon="-122.0414200">
    <ele>143.0</ele>
    <time>2022-04-20T01:12:37Z</time>
   </trkpt>
   <trkpt lat="47.3796600" lon="-122.0414070">
    <ele>143.0</ele>
    <time>2022-04-20T01:12:38Z</time>
   </trkpt>
   <trkpt lat="47.3796630" lon="-122.0413910">
    <ele>143.0</ele>
    <time>2022-04-20T01:12:39Z</time>
   </trkpt>
   <trkpt lat="47.3796660" lon="-122.0413810">
    <ele>143.0</ele>
    <time>2022-04-20T01:12:40Z</time>
   </trkpt>
   <trkpt lat="47.3796760" lon="-122.0413670">
    <ele>143.0</ele>
    <time>2022-04-20T01:12:41Z</time>
   </trkpt>
   <trkpt lat="47.3796760" lon="-122.0413510">
    <ele>143.0</ele>
    <time>2022-04-20T01:12:42Z</time>
   </trkpt>
   <trkpt lat="47.3796720" lon="-122.0413320">
    <ele>143.0</ele>
    <time>2022-04-20T01:12:43Z</time>
   </trkpt>
   <trkpt lat="47.3796700" lon="-122.0413110">
    <ele>143.0</ele>
    <time>2022-04-20T01:12:44Z</time>
   </trkpt>
   <trkpt lat="47.3796730" lon="-122.0412970">
    <ele>143.1</ele>
    <time>2022-04-20T01:12:45Z</time>
   </trkpt>
   <trkpt lat="47.3796770" lon="-122.0412860">
    <ele>143.1</ele>
    <time>2022-04-20T01:12:46Z</time>
   </trkpt>
   <trkpt lat="47.3796760" lon="-122.0412540">
    <ele>143.1</ele>
    <time>2022-04-20T01:12:47Z</time>
   </trkpt>
   <trkpt lat="47.3796720" lon="-122.0412410">
    <ele>143.1</ele>
    <time>2022-04-20T01:12:48Z</time>
   </trkpt>
   <trkpt lat="47.3796690" lon="-122.0412280">
    <ele>143.1</ele>
    <time>2022-04-20T01:12:49Z</time>
   </trkpt>
   <trkpt lat="47.3796670" lon="-122.0412060">
    <ele>143.1</ele>
    <time>2022-04-20T01:12:50Z</time>
   </trkpt>
   <trkpt lat="47.3796700" lon="-122.0411880">
    <ele>143.1</ele>
    <time>2022-04-20T01:12:51Z</time>
   </trkpt>
   <trkpt lat="47.3796750" lon="-122.0411570">
    <ele>143.1</ele>
    <time>2022-04-20T01:12:52Z</time>
   </trkpt>
   <trkpt lat="47.3796740" lon="-122.0411450">
    <ele>143.1</ele>
    <time>2022-04-20T01:12:53Z</time>
   </trkpt>
   <trkpt lat="47.3796730" lon="-122.0411340">
    <ele>143.1</ele>
    <time>2022-04-20T01:12:54Z</time>
   </trkpt>
   <trkpt lat="47.3796680" lon="-122.0411050">
    <ele>143.1</ele>
    <time>2022-04-20T01:12:55Z</time>
   </trkpt>
   <trkpt lat="47.3796680" lon="-122.0410920">
    <ele>143.1</ele>
    <time>2022-04-20T01:12:56Z</time>
   </trkpt>
   <trkpt lat="47.3796680" lon="-122.0410790">
    <ele>143.1</ele>
    <time>2022-04-20T01:12:57Z</time>
   </trkpt>
   <trkpt lat="47.3796700" lon="-122.0410590">
    <ele>143.1</ele>
    <time>2022-04-20T01:12:58Z</time>
   </trkpt>
   <trkpt lat="47.3796710" lon="-122.0410380">
    <ele>143.1</ele>
    <time>2022-04-20T01:12:59Z</time>
   </trkpt>
   <trkpt lat="47.3796670" lon="-122.0410070">
    <ele>143.2</ele>
    <time>2022-04-20T01:13:00Z</time>
   </trkpt>
   <trkpt lat="47.3796650" lon="-122.0409920">
    <ele>143.2</ele>
    <time>2022-04-20T01:13:01Z</time>
   </trkpt>
   <trkpt lat="47.3796640" lon="-122.0409780">
    <ele>143.2</ele>
    <time>2022-04-20T01:13:02Z</time>
   </trkpt>
   <trkpt lat="47.3796600" lon="-122.0409500">
    <ele>143.2</ele>
    <time>2022-04-20T01:13:03Z</time>
   </trkpt>
   <trkpt lat="47.3796580" lon="-122.0409370">
    <ele>143.2</ele>
    <time>2022-04-20T01:13:04Z</time>
   </trkpt>
   <trkpt lat="47.3796550" lon="-122.0409230">
    <ele>143.2</ele>
    <time>2022-04-20T01:13:05Z</time>
   </trkpt>
   <trkpt lat="47.3796550" lon="-122.0409100">
    <ele>143.2</ele>
    <time>2022-04-20T01:13:06Z</time>
   </trkpt>
   <trkpt lat="47.3796540" lon="-122.0408900">
    <ele>143.2</ele>
    <time>2022-04-20T01:13:07Z</time>
   </trkpt>
   <trkpt lat="47.3796550" lon="-122.0408710">
    <ele>143.2</ele>
    <time>2022-04-20T01:13:08Z</time>
   </trkpt>
   <trkpt lat="47.3796540" lon="-122.0408510">
    <ele>143.2</ele>
    <time>2022-04-20T01:13:09Z</time>
   </trkpt>
   <trkpt lat="47.3796600" lon="-122.0408410">
    <ele>143.2</ele>
    <time>2022-04-20T01:13:10Z</time>
   </trkpt>
   <trkpt lat="47.3796610" lon="-122.0408290">
    <ele>143.2</ele>
    <time>2022-04-20T01:13:11Z</time>
   </trkpt>
   <trkpt lat="47.3796630" lon="-122.0408140">
    <ele>143.2</ele>
    <time>2022-04-20T01:13:12Z</time>
   </trkpt>
   <trkpt lat="47.3796630" lon="-122.0407960">
    <ele>143.2</ele>
    <time>2022-04-20T01:13:13Z</time>
   </trkpt>
   <trkpt lat="47.3796580" lon="-122.0407860">
    <ele>143.2</ele>
    <time>2022-04-20T01:13:14Z</time>
   </trkpt>
   <trkpt lat="47.3796580" lon="-122.0407680">
    <ele>143.2</ele>
    <time>2022-04-20T01:13:15Z</time>
   </trkpt>
   <trkpt lat="47.3796590" lon="-122.0407480">
    <ele>143.2</ele>
    <time>2022-04-20T01:13:16Z</time>
   </trkpt>
   <trkpt lat="47.3796620" lon="-122.0407380">
    <ele>143.2</ele>
    <time>2022-04-20T01:13:17Z</time>
   </trkpt>
   <trkpt lat="47.3796680" lon="-122.0407160">
    <ele>143.2</ele>
    <time>2022-04-20T01:13:18Z</time>
   </trkpt>
   <trkpt lat="47.3796800" lon="-122.0406970">
    <ele>143.2</ele>
    <time>2022-04-20T01:13:19Z</time>
   </trkpt>
   <trkpt lat="47.3796870" lon="-122.0406850">
    <ele>143.3</ele>
    <time>2022-04-20T01:13:20Z</time>
   </trkpt>
   <trkpt lat="47.3796890" lon="-122.0406740">
    <ele>143.3</ele>
    <time>2022-04-20T01:13:21Z</time>
   </trkpt>
   <trkpt lat="47.3796880" lon="-122.0406580">
    <ele>143.3</ele>
    <time>2022-04-20T01:13:22Z</time>
   </trkpt>
   <trkpt lat="47.3796890" lon="-122.0406460">
    <ele>143.3</ele>
    <time>2022-04-20T01:13:23Z</time>
   </trkpt>
   <trkpt lat="47.3796880" lon="-122.0406340">
    <ele>143.3</ele>
    <time>2022-04-20T01:13:24Z</time>
   </trkpt>
   <trkpt lat="47.3796870" lon="-122.0406150">
    <ele>143.3</ele>
    <time>2022-04-20T01:13:25Z</time>
   </trkpt>
   <trkpt lat="47.3796860" lon="-122.0405990">
    <ele>143.3</ele>
    <time>2022-04-20T01:13:26Z</time>
   </trkpt>
   <trkpt lat="47.3796820" lon="-122.0405860">
    <ele>143.3</ele>
    <time>2022-04-20T01:13:27Z</time>
   </trkpt>
   <trkpt lat="47.3796790" lon="-122.0405730">
    <ele>143.3</ele>
    <time>2022-04-20T01:13:28Z</time>
   </trkpt>
   <trkpt lat="47.3796730" lon="-122.0405520">
    <ele>143.3</ele>
    <time>2022-04-20T01:13:29Z</time>
   </trkpt>
   <trkpt lat="47.3796710" lon="-122.0405340">
    <ele>143.3</ele>
    <time>2022-04-20T01:13:30Z</time>
   </trkpt>
   <trkpt lat="47.3796720" lon="-122.0405240">
    <ele>143.3</ele>
    <time>2022-04-20T01:13:31Z</time>
   </trkpt>
   <trkpt lat="47.3796680" lon="-122.0405060">
    <ele>143.3</ele>
    <time>2022-04-20T01:13:32Z</time>
   </trkpt>
   <trkpt lat="47.3796710" lon="-122.0404890">
    <ele>143.3</ele>
    <time>2022-04-20T01:13:33Z</time>
   </trkpt>
   <trkpt lat="47.3796720" lon="-122.0404710">
    <ele>143.3</ele>
    <time>2022-04-20T01:13:34Z</time>
   </trkpt>
   <trkpt lat="47.3796720" lon="-122.0404590">
    <ele>143.3</ele>
    <time>2022-04-20T01:13:35Z</time>
   </trkpt>
   <trkpt lat="47.3796760" lon="-122.0404470">
    <ele>143.3</ele>
    <time>2022-04-20T01:13:36Z</time>
   </trkpt>
   <trkpt lat="47.3796800" lon="-122.0404300">
    <ele>143.3</ele>
    <time>2022-04-20T01:13:37Z</time>
   </trkpt>
   <trkpt lat="47.3796870" lon="-122.0404090">
    <ele>143.3</ele>
    <time>2022-04-20T01:13:38Z</time>
   </trkpt>
   <trkpt lat="47.3796900" lon="-122.0403960">
    <ele>143.3</ele>
    <time>2022-04-20T01:13:39Z</time>
   </trkpt>
   <trkpt lat="47.3796850" lon="-122.0403810">
    <ele>143.3</ele>
    <time>2022-04-20T01:13:40Z</time>
   </trkpt>
   <trkpt lat="47.3796790" lon="-122.0403650">
    <ele>143.3</ele>
    <time>2022-04-20T01:13:41Z</time>
   </trkpt>
   <trkpt lat="47.3796710" lon="-122.0403360">
    <ele>143.3</ele>
    <time>2022-04-20T01:13:42Z</time>
   </trkpt>
   <trkpt lat="47.3796700" lon="-122.0403250">
    <ele>143.3</ele>
    <time>2022-04-20T01:13:43Z</time>
   </trkpt>
   <trkpt lat="47.3796680" lon="-122.0403130">
    <ele>143.3</ele>
    <time>2022-04-20T01:13:44Z</time>
   </trkpt>
   <trkpt lat="47.3796670" lon="-122.0402940">
    <ele>143.3</ele>
    <time>2022-04-20T01:13:45Z</time>
   </trkpt>
   <trkpt lat="47.3796650" lon="-122.0402740">
    <ele>143.3</ele>
    <time>2022-04-20T01:13:46Z</time>
   </trkpt>
   <trkpt lat="47.3796640" lon="-122.0402620">
    <ele>143.3</ele>
    <time>2022-04-20T01:13:47Z</time>
   </trkpt>
   <trkpt lat="47.3796590" lon="-122.0402350">
    <ele>143.3</ele>
    <time>2022-04-20T01:13:48Z</time>
   </trkpt>
   <trkpt lat="47.3796560" lon="-122.0402220">
    <ele>143.3</ele>
    <time>2022-04-20T01:13:49Z</time>
   </trkpt>
   <trkpt lat="47.3796530" lon="-122.0402100">
    <ele>143.3</ele>
    <time>2022-04-20T01:13:50Z</time>
   </trkpt>
   <trkpt lat="47.3796490" lon="-122.0401770">
    <ele>143.2</ele>
    <time>2022-04-20T01:13:51Z</time>
   </trkpt>
   <trkpt lat="47.3796470" lon="-122.0401640">
    <ele>143.2</ele>
    <time>2022-04-20T01:13:52Z</time>
   </trkpt>
   <trkpt lat="47.3796450" lon="-122.0401510">
    <ele>143.2</ele>
    <time>2022-04-20T01:13:53Z</time>
   </trkpt>
   <trkpt lat="47.3796480" lon="-122.0401330">
    <ele>143.2</ele>
    <time>2022-04-20T01:13:54Z</time>
   </trkpt>
   <trkpt lat="47.3796500" lon="-122.0401180">
    <ele>143.2</ele>
    <time>2022-04-20T01:13:55Z</time>
   </trkpt>
   <trkpt lat="47.3796510" lon="-122.0401010">
    <ele>143.2</ele>
    <time>2022-04-20T01:13:56Z</time>
   </trkpt>
   <trkpt lat="47.3796430" lon="-122.0400900">
    <ele>143.2</ele>
    <time>2022-04-20T01:13:57Z</time>
   </trkpt>
   <trkpt lat="47.3796430" lon="-122.0400730">
    <ele>143.2</ele>
    <time>2022-04-20T01:13:58Z</time>
   </trkpt>
   <trkpt lat="47.3796410" lon="-122.0400580">
    <ele>143.2</ele>
    <time>2022-04-20T01:13:59Z</time>
   </trkpt>
   <trkpt lat="47.3796460" lon="-122.0400400">
    <ele>143.2</ele>
    <time>2022-04-20T01:14:00Z</time>
   </trkpt>
   <trkpt lat="47.3796490" lon="-122.0400230">
    <ele>143.2</ele>
    <time>2022-04-20T01:14:01Z</time>
   </trkpt>
   <trkpt lat="47.3796520" lon="-122.0400120">
    <ele>143.2</ele>
    <time>2022-04-20T01:14:02Z</time>
   </trkpt>
   <trkpt lat="47.3796630" lon="-122.0399920">
    <ele>143.2</ele>
    <time>2022-04-20T01:14:03Z</time>
   </trkpt>
   <trkpt lat="47.3796720" lon="-122.0399840">
    <ele>143.2</ele>
    <time>2022-04-20T01:14:04Z</time>
   </trkpt>
   <trkpt lat="47.3796800" lon="-122.0399590">
    <ele>143.2</ele>
    <time>2022-04-20T01:14:05Z</time>
   </trkpt>
   <trkpt lat="47.3796840" lon="-122.0399460">
    <ele>143.2</ele>
    <time>2022-04-20T01:14:06Z</time>
   </trkpt>
   <trkpt lat="47.3796880" lon="-122.0399330">
    <ele>143.2</ele>
    <time>2022-04-20T01:14:07Z</time>
   </trkpt>
   <trkpt lat="47.3796960" lon="-122.0399180">
    <ele>143.2</ele>
    <time>2022-04-20T01:14:08Z</time>
   </trkpt>
   <trkpt lat="47.3797070" lon="-122.0399010">
    <ele>143.2</ele>
    <time>2022-04-20T01:14:09Z</time>
   </trkpt>
   <trkpt lat="47.3797110" lon="-122.0398820">
    <ele>143.2</ele>
    <time>2022-04-20T01:14:10Z</time>
   </trkpt>
   <trkpt lat="47.3797120" lon="-122.0398670">
    <ele>143.2</ele>
    <time>2022-04-20T01:14:11Z</time>
   </trkpt>
   <trkpt lat="47.3797120" lon="-122.0398520">
    <ele>143.2</ele>
    <time>2022-04-20T01:14:12Z</time>
   </trkpt>
   <trkpt lat="47.3797190" lon="-122.0398330">
    <ele>143.2</ele>
    <time>2022-04-20T01:14:13Z</time>
   </trkpt>
   <trkpt lat="47.3797330" lon="-122.0398140">
    <ele>143.2</ele>
    <time>2022-04-20T01:14:14Z</time>
   </trkpt>
   <trkpt lat="47.3797390" lon="-122.0397840">
    <ele>143.2</ele>
    <time>2022-04-20T01:14:15Z</time>
   </trkpt>
   <trkpt lat="47.3797400" lon="-122.0397690">
    <ele>143.2</ele>
    <time>2022-04-20T01:14:16Z</time>
   </trkpt>
   <trkpt lat="47.3797420" lon="-122.0397530">
    <ele>143.2</ele>
    <time>2022-04-20T01:14:17Z</time>
   </trkpt>
   <trkpt lat="47.3797440" lon="-122.0397430">
    <ele>143.2</ele>
    <time>2022-04-20T01:14:18Z</time>
   </trkpt>
   <trkpt lat="47.3797490" lon="-122.0397280">
    <ele>143.2</ele>
    <time>2022-04-20T01:14:19Z</time>
   </trkpt>
   <trkpt lat="47.3797560" lon="-122.0397170">
    <ele>143.2</ele>
    <time>2022-04-20T01:14:20Z</time>
   </trkpt>
   <trkpt lat="47.3797640" lon="-122.0397070">
    <ele>143.2</ele>
    <time>2022-04-20T01:14:21Z</time>
   </trkpt>
   <trkpt lat="47.3797670" lon="-122.0397010">
    <ele>143.2</ele>
    <time>2022-04-20T01:14:22Z</time>
   </trkpt>
   <trkpt lat="47.3797700" lon="-122.0396920">
    <ele>143.2</ele>
    <time>2022-04-20T01:14:23Z</time>
   </trkpt>
   <trkpt lat="47.3797750" lon="-122.0396780">
    <ele>143.2</ele>
    <time>2022-04-20T01:14:24Z</time>
   </trkpt>
   <trkpt lat="47.3797780" lon="-122.0396710">
    <ele>143.2</ele>
    <time>2022-04-20T01:14:25Z</time>
   </trkpt>
   <trkpt lat="47.3797840" lon="-122.0396560">
    <ele>143.2</ele>
    <time>2022-04-20T01:14:26Z</time>
   </trkpt>
   <trkpt lat="47.3797890" lon="-122.0396360">
    <ele>143.2</ele>
    <time>2022-04-20T01:14:27Z</time>
   </trkpt>
   <trkpt lat="47.3797910" lon="-122.0396220">
    <ele>143.2</ele>
    <time>2022-04-20T01:14:28Z</time>
   </trkpt>
   <trkpt lat="47.3797960" lon="-122.0396050">
    <ele>143.2</ele>
    <time>2022-04-20T01:14:29Z</time>
   </trkpt>
   <trkpt lat="47.3798010" lon="-122.0395900">
    <ele>143.2</ele>
    <time>2022-04-20T01:14:30Z</time>
   </trkpt>
   <trkpt lat="47.3798010" lon="-122.0395650">
    <ele>143.2</ele>
    <time>2022-04-20T01:14:31Z</time>
   </trkpt>
   <trkpt lat="47.3797970" lon="-122.0395500">
    <ele>143.2</ele>
    <time>2022-04-20T01:14:32Z</time>
   </trkpt>
   <trkpt lat="47.3797920" lon="-122.0395350">
    <ele>143.2</ele>
    <time>2022-04-20T01:14:33Z</time>
   </trkpt>
   <trkpt lat="47.3797980" lon="-122.0395190">
    <ele>143.2</ele>
    <time>2022-04-20T01:14:34Z</time>
   </trkpt>
   <trkpt lat="47.3798020" lon="-122.0394930">
    <ele>143.2</ele>
    <time>2022-04-20T01:14:35Z</time>
   </trkpt>
   <trkpt lat="47.3798050" lon="-122.0394780">
    <ele>143.2</ele>
    <time>2022-04-20T01:14:36Z</time>
   </trkpt>
   <trkpt lat="47.3798090" lon="-122.0394670">
    <ele>143.2</ele>
    <time>2022-04-20T01:14:37Z</time>
   </trkpt>
   <trkpt lat="47.3798130" lon="-122.0394490">
    <ele>143.2</ele>
    <time>2022-04-20T01:14:38Z</time>
   </trkpt>
   <trkpt lat="47.3798190" lon="-122.0394330">
    <ele>143.2</ele>
    <time>2022-04-20T01:14:39Z</time>
   </trkpt>
   <trkpt lat="47.3798270" lon="-122.0394080">
    <ele>143.2</ele>
    <time>2022-04-20T01:14:40Z</time>
   </trkpt>
   <trkpt lat="47.3798330" lon="-122.0394010">
    <ele>143.3</ele>
    <time>2022-04-20T01:14:41Z</time>
   </trkpt>
   <trkpt lat="47.3798400" lon="-122.0393880">
    <ele>143.3</ele>
    <time>2022-04-20T01:14:42Z</time>
   </trkpt>
   <trkpt lat="47.3798410" lon="-122.0393790">
    <ele>143.3</ele>
    <time>2022-04-20T01:14:43Z</time>
   </trkpt>
   <trkpt lat="47.3798440" lon="-122.0393690">
    <ele>143.3</ele>
    <time>2022-04-20T01:14:44Z</time>
   </trkpt>
   <trkpt lat="47.3798450" lon="-122.0393580">
    <ele>143.3</ele>
    <time>2022-04-20T01:14:45Z</time>
   </trkpt>
   <trkpt lat="47.3798430" lon="-122.0393500">
    <ele>143.3</ele>
    <time>2022-04-20T01:14:46Z</time>
   </trkpt>
   <trkpt lat="47.3798400" lon="-122.0393380">
    <ele>143.3</ele>
    <time>2022-04-20T01:14:47Z</time>
   </trkpt>
   <trkpt lat="47.3798400" lon="-122.0393230">
    <ele>143.3</ele>
    <time>2022-04-20T01:14:48Z</time>
   </trkpt>
   <trkpt lat="47.3798410" lon="-122.0393090">
    <ele>143.3</ele>
    <time>2022-04-20T01:14:49Z</time>
   </trkpt>
   <trkpt lat="47.3798460" lon="-122.0392960">
    <ele>143.3</ele>
    <time>2022-04-20T01:14:50Z</time>
   </trkpt>
   <trkpt lat="47.3798490" lon="-122.0392840">
    <ele>143.3</ele>
    <time>2022-04-20T01:14:51Z</time>
   </trkpt>
   <trkpt lat="47.3798540" lon="-122.0392690">
    <ele>143.3</ele>
    <time>2022-04-20T01:14:52Z</time>
   </trkpt>
   <trkpt lat="47.3798610" lon="-122.0392560">
    <ele>143.3</ele>
    <time>2022-04-20T01:14:53Z</time>
   </trkpt>
   <trkpt lat="47.3798660" lon="-122.0392470">
    <ele>143.3</ele>
    <time>2022-04-20T01:14:54Z</time>
   </trkpt>
   <trkpt lat="47.3798700" lon="-122.0392410">
    <ele>143.3</ele>
    <time>2022-04-20T01:14:55Z</time>
   </trkpt>
   <trkpt lat="47.3798740" lon="-122.0392330">
    <ele>143.3</ele>
    <time>2022-04-20T01:14:56Z</time>
   </trkpt>
   <trkpt lat="47.3798770" lon="-122.0392180">
    <ele>143.3</ele>
    <time>2022-04-20T01:14:57Z</time>
   </trkpt>
   <trkpt lat="47.3798780" lon="-122.0392110">
    <ele>143.3</ele>
    <time>2022-04-20T01:14:58Z</time>
   </trkpt>
   <trkpt lat="47.3798820" lon="-122.0392040">
    <ele>143.3</ele>
    <time>2022-04-20T01:14:59Z</time>
   </trkpt>
   <trkpt lat="47.3798920" lon="-122.0391960">
    <ele>143.3</ele>
    <time>2022-04-20T01:15:00Z</time>
   </trkpt>
   <trkpt lat="47.3798910" lon="-122.0391830">
    <ele>143.3</ele>
    <time>2022-04-20T01:15:01Z</time>
   </trkpt>
   <trkpt lat="47.3798910" lon="-122.0391760">
    <ele>143.3</ele>
    <time>2022-04-20T01:15:02Z</time>
   </trkpt>
   <trkpt lat="47.3798950" lon="-122.0391700">
    <ele>143.3</ele>
    <time>2022-04-20T01:15:03Z</time>
   </trkpt>
   <trkpt lat="47.3798980" lon="-122.0391630">
    <ele>143.4</ele>
    <time>2022-04-20T01:15:04Z</time>
   </trkpt>
   <trkpt lat="47.3799020" lon="-122.0391580">
    <ele>143.4</ele>
    <time>2022-04-20T01:15:05Z</time>
   </trkpt>
   <trkpt lat="47.3799110" lon="-122.0391470">
    <ele>143.4</ele>
    <time>2022-04-20T01:15:06Z</time>
   </trkpt>
   <trkpt lat="47.3799140" lon="-122.0391450">
    <ele>143.4</ele>
    <time>2022-04-20T01:15:07Z</time>
   </trkpt>
   <trkpt lat="47.3799170" lon="-122.0391460">
    <ele>143.4</ele>
    <time>2022-04-20T01:15:08Z</time>
   </trkpt>
   <trkpt lat="47.3799190" lon="-122.0391480">
    <ele>143.4</ele>
    <time>2022-04-20T01:15:09Z</time>
   </trkpt>
   <trkpt lat="47.3799280" lon="-122.0391460">
    <ele>143.4</ele>
    <time>2022-04-20T01:15:10Z</time>
   </trkpt>
   <trkpt lat="47.3799450" lon="-122.0391540">
    <ele>143.5</ele>
    <time>2022-04-20T01:15:12Z</time>
   </trkpt>
   <trkpt lat="47.3799560" lon="-122.0391630">
    <ele>143.5</ele>
    <time>2022-04-20T01:15:14Z</time>
   </trkpt>
   <trkpt lat="47.3799830" lon="-122.0391740">
    <ele>143.8</ele>
    <time>2022-04-20T01:15:16Z</time>
   </trkpt>
   <trkpt lat="47.3799990" lon="-122.0391740">
    <ele>143.8</ele>
    <time>2022-04-20T01:15:17Z</time>
   </trkpt>
   <trkpt lat="47.3800030" lon="-122.0391810">
    <ele>143.8</ele>
    <time>2022-04-20T01:15:18Z</time>
   </trkpt>
   <trkpt lat="47.3800110" lon="-122.0391860">
    <ele>143.8</ele>
    <time>2022-04-20T01:15:19Z</time>
   </trkpt>
   <trkpt lat="47.3800210" lon="-122.0391910">
    <ele>143.8</ele>
    <time>2022-04-20T01:15:20Z</time>
   </trkpt>
   <trkpt lat="47.3800240" lon="-122.0391930">
    <ele>143.9</ele>
    <time>2022-04-20T01:15:21Z</time>
   </trkpt>
   <trkpt lat="47.3800340" lon="-122.0391970">
    <ele>143.9</ele>
    <time>2022-04-20T01:15:22Z</time>
   </trkpt>
   <trkpt lat="47.3800420" lon="-122.0391970">
    <ele>143.9</ele>
    <time>2022-04-20T01:15:23Z</time>
   </trkpt>
   <trkpt lat="47.3800490" lon="-122.0392030">
    <ele>143.9</ele>
    <time>2022-04-20T01:15:24Z</time>
   </trkpt>
   <trkpt lat="47.3800600" lon="-122.0392020">
    <ele>143.9</ele>
    <time>2022-04-20T01:15:25Z</time>
   </trkpt>
   <trkpt lat="47.3800740" lon="-122.0392040">
    <ele>144.0</ele>
    <time>2022-04-20T01:15:26Z</time>
   </trkpt>
   <trkpt lat="47.3800830" lon="-122.0391980">
    <ele>144.0</ele>
    <time>2022-04-20T01:15:27Z</time>
   </trkpt>
   <trkpt lat="47.3800890" lon="-122.0391990">
    <ele>144.0</ele>
    <time>2022-04-20T01:15:28Z</time>
   </trkpt>
   <trkpt lat="47.3800960" lon="-122.0392020">
    <ele>144.0</ele>
    <time>2022-04-20T01:15:29Z</time>
   </trkpt>
   <trkpt lat="47.3801030" lon="-122.0392030">
    <ele>144.0</ele>
    <time>2022-04-20T01:15:30Z</time>
   </trkpt>
   <trkpt lat="47.3801140" lon="-122.0392090">
    <ele>144.0</ele>
    <time>2022-04-20T01:15:31Z</time>
   </trkpt>
   <trkpt lat="47.3801250" lon="-122.0392130">
    <ele>144.1</ele>
    <time>2022-04-20T01:15:32Z</time>
   </trkpt>
   <trkpt lat="47.3801360" lon="-122.0392170">
    <ele>144.1</ele>
    <time>2022-04-20T01:15:33Z</time>
   </trkpt>
   <trkpt lat="47.3801430" lon="-122.0392200">
    <ele>144.1</ele>
    <time>2022-04-20T01:15:34Z</time>
   </trkpt>
   <trkpt lat="47.3801530" lon="-122.0392260">
    <ele>144.1</ele>
    <time>2022-04-20T01:15:35Z</time>
   </trkpt>
   <trkpt lat="47.3801650" lon="-122.0392310">
    <ele>144.1</ele>
    <time>2022-04-20T01:15:36Z</time>
   </trkpt>
   <trkpt lat="47.3801740" lon="-122.0392360">
    <ele>144.2</ele>
    <time>2022-04-20T01:15:37Z</time>
   </trkpt>
   <trkpt lat="47.3801830" lon="-122.0392480">
    <ele>144.2</ele>
    <time>2022-04-20T01:15:38Z</time>
   </trkpt>
   <trkpt lat="47.3801950" lon="-122.0392570">
    <ele>144.2</ele>
    <time>2022-04-20T01:15:39Z</time>
   </trkpt>
   <trkpt lat="47.3802010" lon="-122.0392620">
    <ele>144.2</ele>
    <time>2022-04-20T01:15:40Z</time>
   </trkpt>
   <trkpt lat="47.3802110" lon="-122.0392770">
    <ele>144.2</ele>
    <time>2022-04-20T01:15:41Z</time>
   </trkpt>
   <trkpt lat="47.3802160" lon="-122.0392890">
    <ele>144.2</ele>
    <time>2022-04-20T01:15:42Z</time>
   </trkpt>
   <trkpt lat="47.3802500" lon="-122.0393230">
    <ele>144.3</ele>
    <time>2022-04-20T01:15:43Z</time>
   </trkpt>
   <trkpt lat="47.3802630" lon="-122.0393340">
    <ele>144.4</ele>
    <time>2022-04-20T01:15:44Z</time>
   </trkpt>
   <trkpt lat="47.3802790" lon="-122.0393540">
    <ele>144.4</ele>
    <time>2022-04-20T01:15:45Z</time>
   </trkpt>
   <trkpt lat="47.3802870" lon="-122.0393650">
    <ele>144.4</ele>
    <time>2022-04-20T01:15:46Z</time>
   </trkpt>
   <trkpt lat="47.3802970" lon="-122.0393840">
    <ele>144.4</ele>
    <time>2022-04-20T01:15:47Z</time>
   </trkpt>
   <trkpt lat="47.3803040" lon="-122.0393950">
    <ele>144.4</ele>
    <time>2022-04-20T01:15:48Z</time>
   </trkpt>
   <trkpt lat="47.3803080" lon="-122.0394030">
    <ele>144.4</ele>
    <time>2022-04-20T01:15:49Z</time>
   </trkpt>
   <trkpt lat="47.3803170" lon="-122.0394090">
    <ele>144.4</ele>
    <time>2022-04-20T01:15:50Z</time>
   </trkpt>
   <trkpt lat="47.3803220" lon="-122.0394170">
    <ele>144.4</ele>
    <time>2022-04-20T01:15:51Z</time>
   </trkpt>
   <trkpt lat="47.3803280" lon="-122.0394250">
    <ele>144.4</ele>
    <time>2022-04-20T01:15:52Z</time>
   </trkpt>
   <trkpt lat="47.3803340" lon="-122.0394410">
    <ele>144.4</ele>
    <time>2022-04-20T01:15:53Z</time>
   </trkpt>
   <trkpt lat="47.3803410" lon="-122.0394540">
    <ele>144.4</ele>
    <time>2022-04-20T01:15:54Z</time>
   </trkpt>
   <trkpt lat="47.3803480" lon="-122.0394680">
    <ele>144.4</ele>
    <time>2022-04-20T01:15:55Z</time>
   </trkpt>
   <trkpt lat="47.3803610" lon="-122.0394770">
    <ele>144.4</ele>
    <time>2022-04-20T01:15:56Z</time>
   </trkpt>
   <trkpt lat="47.3803770" lon="-122.0394980">
    <ele>144.4</ele>
    <time>2022-04-20T01:15:57Z</time>
   </trkpt>
   <trkpt lat="47.3803950" lon="-122.0395030">
    <ele>144.4</ele>
    <time>2022-04-20T01:15:58Z</time>
   </trkpt>
   <trkpt lat="47.3804080" lon="-122.0395130">
    <ele>144.4</ele>
    <time>2022-04-20T01:15:59Z</time>
   </trkpt>
   <trkpt lat="47.3804230" lon="-122.0395140">
    <ele>144.4</ele>
    <time>2022-04-20T01:16:00Z</time>
   </trkpt>
   <trkpt lat="47.3804350" lon="-122.0395220">
    <ele>144.4</ele>
    <time>2022-04-20T01:16:01Z</time>
   </trkpt>
   <trkpt lat="47.3804460" lon="-122.0395310">
    <ele>144.4</ele>
    <time>2022-04-20T01:16:02Z</time>
   </trkpt>
   <trkpt lat="47.3804520" lon="-122.0395430">
    <ele>144.3</ele>
    <time>2022-04-20T01:16:03Z</time>
   </trkpt>
   <trkpt lat="47.3804580" lon="-122.0395500">
    <ele>144.3</ele>
    <time>2022-04-20T01:16:04Z</time>
   </trkpt>
   <trkpt lat="47.3804630" lon="-122.0395640">
    <ele>144.3</ele>
    <time>2022-04-20T01:16:05Z</time>
   </trkpt>
   <trkpt lat="47.3804750" lon="-122.0395710">
    <ele>144.3</ele>
    <time>2022-04-20T01:16:06Z</time>
   </trkpt>
   <trkpt lat="47.3804810" lon="-122.0395800">
    <ele>144.3</ele>
    <time>2022-04-20T01:16:07Z</time>
   </trkpt>
   <trkpt lat="47.3804830" lon="-122.0395910">
    <ele>144.3</ele>
    <time>2022-04-20T01:16:08Z</time>
   </trkpt>
   <trkpt lat="47.3804950" lon="-122.0396040">
    <ele>144.3</ele>
    <time>2022-04-20T01:16:09Z</time>
   </trkpt>
   <trkpt lat="47.3805040" lon="-122.0396200">
    <ele>144.3</ele>
    <time>2022-04-20T01:16:10Z</time>
   </trkpt>
   <trkpt lat="47.3805150" lon="-122.0396410">
    <ele>144.3</ele>
    <time>2022-04-20T01:16:11Z</time>
   </trkpt>
   <trkpt lat="47.3805190" lon="-122.0396500">
    <ele>144.3</ele>
    <time>2022-04-20T01:16:12Z</time>
   </trkpt>
   <trkpt lat="47.3805220" lon="-122.0396580">
    <ele>144.3</ele>
    <time>2022-04-20T01:16:13Z</time>
   </trkpt>
   <trkpt lat="47.3805260" lon="-122.0396660">
    <ele>144.3</ele>
    <time>2022-04-20T01:16:14Z</time>
   </trkpt>
   <trkpt lat="47.3805290" lon="-122.0396750">
    <ele>144.3</ele>
    <time>2022-04-20T01:16:15Z</time>
   </trkpt>
   <trkpt lat="47.3805360" lon="-122.0396990">
    <ele>144.3</ele>
    <time>2022-04-20T01:16:16Z</time>
   </trkpt>
   <trkpt lat="47.3805380" lon="-122.0397070">
    <ele>144.3</ele>
    <time>2022-04-20T01:16:17Z</time>
   </trkpt>
   <trkpt lat="47.3805410" lon="-122.0397150">
    <ele>144.3</ele>
    <time>2022-04-20T01:16:18Z</time>
   </trkpt>
   <trkpt lat="47.3805440" lon="-122.0397230">
    <ele>144.3</ele>
    <time>2022-04-20T01:16:19Z</time>
   </trkpt>
   <trkpt lat="47.3805450" lon="-122.0397440">
    <ele>144.3</ele>
    <time>2022-04-20T01:16:20Z</time>
   </trkpt>
   <trkpt lat="47.3805470" lon="-122.0397560">
    <ele>144.3</ele>
    <time>2022-04-20T01:16:21Z</time>
   </trkpt>
   <trkpt lat="47.3805500" lon="-122.0397690">
    <ele>144.3</ele>
    <time>2022-04-20T01:16:22Z</time>
   </trkpt>
   <trkpt lat="47.3805520" lon="-122.0397810">
    <ele>144.3</ele>
    <time>2022-04-20T01:16:23Z</time>
   </trkpt>
   <trkpt lat="47.3805560" lon="-122.0397950">
    <ele>144.3</ele>
    <time>2022-04-20T01:16:24Z</time>
   </trkpt>
   <trkpt lat="47.3805600" lon="-122.0398040">
    <ele>144.3</ele>
    <time>2022-04-20T01:16:25Z</time>
   </trkpt>
   <trkpt lat="47.3805670" lon="-122.0398220">
    <ele>144.3</ele>
    <time>2022-04-20T01:16:26Z</time>
   </trkpt>
   <trkpt lat="47.3805730" lon="-122.0398480">
    <ele>144.3</ele>
    <time>2022-04-20T01:16:27Z</time>
   </trkpt>
   <trkpt lat="47.3805810" lon="-122.0398690">
    <ele>144.3</ele>
    <time>2022-04-20T01:16:28Z</time>
   </trkpt>
   <trkpt lat="47.3805870" lon="-122.0398850">
    <ele>144.3</ele>
    <time>2022-04-20T01:16:29Z</time>
   </trkpt>
   <trkpt lat="47.3805930" lon="-122.0399050">
    <ele>144.3</ele>
    <time>2022-04-20T01:16:30Z</time>
   </trkpt>
   <trkpt lat="47.3805950" lon="-122.0399340">
    <ele>144.3</ele>
    <time>2022-04-20T01:16:31Z</time>
   </trkpt>
   <trkpt lat="47.3805950" lon="-122.0399470">
    <ele>144.3</ele>
    <time>2022-04-20T01:16:32Z</time>
   </trkpt>
   <trkpt lat="47.3805950" lon="-122.0399600">
    <ele>144.3</ele>
    <time>2022-04-20T01:16:33Z</time>
   </trkpt>
   <trkpt lat="47.3806040" lon="-122.0399870">
    <ele>144.3</ele>
    <time>2022-04-20T01:16:34Z</time>
   </trkpt>
   <trkpt lat="47.3806070" lon="-122.0400040">
    <ele>144.3</ele>
    <time>2022-04-20T01:16:35Z</time>
   </trkpt>
   <trkpt lat="47.3806130" lon="-122.0400300">
    <ele>144.3</ele>
    <time>2022-04-20T01:16:36Z</time>
   </trkpt>
   <trkpt lat="47.3806160" lon="-122.0400430">
    <ele>144.3</ele>
    <time>2022-04-20T01:16:37Z</time>
   </trkpt>
   <trkpt lat="47.3806180" lon="-122.0400560">
    <ele>144.3</ele>
    <time>2022-04-20T01:16:38Z</time>
   </trkpt>
   <trkpt lat="47.3806310" lon="-122.0400830">
    <ele>144.3</ele>
    <time>2022-04-20T01:16:39Z</time>
   </trkpt>
   <trkpt lat="47.3806350" lon="-122.0400970">
    <ele>144.3</ele>
    <time>2022-04-20T01:16:40Z</time>
   </trkpt>
   <trkpt lat="47.3806390" lon="-122.0401100">
    <ele>144.3</ele>
    <time>2022-04-20T01:16:41Z</time>
   </trkpt>
   <trkpt lat="47.3806410" lon="-122.0401410">
    <ele>144.3</ele>
    <time>2022-04-20T01:16:42Z</time>
   </trkpt>
   <trkpt lat="47.3806450" lon="-122.0401540">
    <ele>144.4</ele>
    <time>2022-04-20T01:16:43Z</time>
   </trkpt>
   <trkpt lat="47.3806480" lon="-122.0401680">
    <ele>144.4</ele>
    <time>2022-04-20T01:16:44Z</time>
   </trkpt>
   <trkpt lat="47.3806550" lon="-122.0401840">
    <ele>144.4</ele>
    <time>2022-04-20T01:16:45Z</time>
   </trkpt>
   <trkpt lat="47.3806530" lon="-122.0401970">
    <ele>144.4</ele>
    <time>2022-04-20T01:16:46Z</time>
   </trkpt>
   <trkpt lat="47.3806570" lon="-122.0402080">
    <ele>144.4</ele>
    <time>2022-04-20T01:16:47Z</time>
   </trkpt>
   <trkpt lat="47.3806600" lon="-122.0402210">
    <ele>144.4</ele>
    <time>2022-04-20T01:16:48Z</time>
   </trkpt>
   <trkpt lat="47.3806640" lon="-122.0402360">
    <ele>144.4</ele>
    <time>2022-04-20T01:16:49Z</time>
   </trkpt>
   <trkpt lat="47.3806670" lon="-122.0402560">
    <ele>144.4</ele>
    <time>2022-04-20T01:16:50Z</time>
   </trkpt>
   <trkpt lat="47.3806740" lon="-122.0402680">
    <ele>144.5</ele>
    <time>2022-04-20T01:16:51Z</time>
   </trkpt>
   <trkpt lat="47.3806760" lon="-122.0402830">
    <ele>144.5</ele>
    <time>2022-04-20T01:16:52Z</time>
   </trkpt>
   <trkpt lat="47.3806850" lon="-122.0403020">
    <ele>144.5</ele>
    <time>2022-04-20T01:16:53Z</time>
   </trkpt>
   <trkpt lat="47.3806880" lon="-122.0403180">
    <ele>144.5</ele>
    <time>2022-04-20T01:16:54Z</time>
   </trkpt>
   <trkpt lat="47.3806820" lon="-122.0403490">
    <ele>144.5</ele>
    <time>2022-04-20T01:16:55Z</time>
   </trkpt>
   <trkpt lat="47.3806900" lon="-122.0403690">
    <ele>144.6</ele>
    <time>2022-04-20T01:16:56Z</time>
   </trkpt>
   <trkpt lat="47.3806990" lon="-122.0403910">
    <ele>144.6</ele>
    <time>2022-04-20T01:16:57Z</time>
   </trkpt>
   <trkpt lat="47.3807060" lon="-122.0404090">
    <ele>144.9</ele>
    <time>2022-04-20T01:16:58Z</time>
   </trkpt>
   <trkpt lat="47.3807120" lon="-122.0404160">
    <ele>145.0</ele>
    <time>2022-04-20T01:16:59Z</time>
   </trkpt>
   <trkpt lat="47.3807170" lon="-122.0404250">
    <ele>145.2</ele>
    <time>2022-04-20T01:17:00Z</time>
   </trkpt>
   <trkpt lat="47.3807290" lon="-122.0404350">
    <ele>145.4</ele>
    <time>2022-04-20T01:17:01Z</time>
   </trkpt>
   <trkpt lat="47.3807370" lon="-122.0404360">
    <ele>145.6</ele>
    <time>2022-04-20T01:17:02Z</time>
   </trkpt>
   <trkpt lat="47.3807440" lon="-122.0404380">
    <ele>145.7</ele>
    <time>2022-04-20T01:17:03Z</time>
   </trkpt>
   <trkpt lat="47.3807520" lon="-122.0404400">
    <ele>145.8</ele>
    <time>2022-04-20T01:17:04Z</time>
   </trkpt>
   <trkpt lat="47.3807610" lon="-122.0404430">
    <ele>146.0</ele>
    <time>2022-04-20T01:17:05Z</time>
   </trkpt>
   <trkpt lat="47.3807690" lon="-122.0404410">
    <ele>146.1</ele>
    <time>2022-04-20T01:17:06Z</time>
   </trkpt>
   <trkpt lat="47.3807790" lon="-122.0404410">
    <ele>146.3</ele>
    <time>2022-04-20T01:17:07Z</time>
   </trkpt>
   <trkpt lat="47.3807910" lon="-122.0404360">
    <ele>146.5</ele>
    <time>2022-04-20T01:17:08Z</time>
   </trkpt>
   <trkpt lat="47.3808020" lon="-122.0404340">
    <ele>146.7</ele>
    <time>2022-04-20T01:17:09Z</time>
   </trkpt>
   <trkpt lat="47.3808100" lon="-122.0404400">
    <ele>146.9</ele>
    <time>2022-04-20T01:17:10Z</time>
   </trkpt>
   <trkpt lat="47.3808210" lon="-122.0404410">
    <ele>147.1</ele>
    <time>2022-04-20T01:17:12Z</time>
   </trkpt>
   <trkpt lat="47.3808310" lon="-122.0404490">
    <ele>147.3</ele>
    <time>2022-04-20T01:17:13Z</time>
   </trkpt>
   <trkpt lat="47.3808350" lon="-122.0404530">
    <ele>147.4</ele>
    <time>2022-04-20T01:17:14Z</time>
   </trkpt>
   <trkpt lat="47.3808370" lon="-122.0404550">
    <ele>147.4</ele>
    <time>2022-04-20T01:17:15Z</time>
   </trkpt>
   <trkpt lat="47.3808480" lon="-122.0404590">
    <ele>147.2</ele>
    <time>2022-04-20T01:17:16Z</time>
   </trkpt>
   <trkpt lat="47.3808560" lon="-122.0404580">
    <ele>147.0</ele>
    <time>2022-04-20T01:17:17Z</time>
   </trkpt>
   <trkpt lat="47.3808700" lon="-122.0404520">
    <ele>146.8</ele>
    <time>2022-04-20T01:17:18Z</time>
   </trkpt>
   <trkpt lat="47.3809010" lon="-122.0404530">
    <ele>146.2</ele>
    <time>2022-04-20T01:17:20Z</time>
   </trkpt>
   <trkpt lat="47.3809210" lon="-122.0404560">
    <ele>145.8</ele>
    <time>2022-04-20T01:17:22Z</time>
   </trkpt>
   <trkpt lat="47.3809250" lon="-122.0404630">
    <ele>145.7</ele>
    <time>2022-04-20T01:17:23Z</time>
   </trkpt>
   <trkpt lat="47.3809340" lon="-122.0404680">
    <ele>145.5</ele>
    <time>2022-04-20T01:17:24Z</time>
   </trkpt>
   <trkpt lat="47.3809490" lon="-122.0404660">
    <ele>145.2</ele>
    <time>2022-04-20T01:17:25Z</time>
   </trkpt>
   <trkpt lat="47.3809570" lon="-122.0404600">
    <ele>145.1</ele>
    <time>2022-04-20T01:17:26Z</time>
   </trkpt>
   <trkpt lat="47.3809640" lon="-122.0404510">
    <ele>144.9</ele>
    <time>2022-04-20T01:17:27Z</time>
   </trkpt>
   <trkpt lat="47.3809860" lon="-122.0404430">
    <ele>144.5</ele>
    <time>2022-04-20T01:17:29Z</time>
   </trkpt>
   <trkpt lat="47.3809990" lon="-122.0404320">
    <ele>144.3</ele>
    <time>2022-04-20T01:17:30Z</time>
   </trkpt>
   <trkpt lat="47.3810070" lon="-122.0404200">
    <ele>144.3</ele>
    <time>2022-04-20T01:17:31Z</time>
   </trkpt>
   <trkpt lat="47.3810170" lon="-122.0404150">
    <ele>144.3</ele>
    <time>2022-04-20T01:17:32Z</time>
   </trkpt>
   <trkpt lat="47.3810350" lon="-122.0404000">
    <ele>144.3</ele>
    <time>2022-04-20T01:17:33Z</time>
   </trkpt>
   <trkpt lat="47.3810530" lon="-122.0403830">
    <ele>144.3</ele>
    <time>2022-04-20T01:17:34Z</time>
   </trkpt>
   <trkpt lat="47.3810580" lon="-122.0403750">
    <ele>144.3</ele>
    <time>2022-04-20T01:17:35Z</time>
   </trkpt>
   <trkpt lat="47.3810640" lon="-122.0403670">
    <ele>144.3</ele>
    <time>2022-04-20T01:17:36Z</time>
   </trkpt>
   <trkpt lat="47.3810800" lon="-122.0403550">
    <ele>144.3</ele>
    <time>2022-04-20T01:17:37Z</time>
   </trkpt>
   <trkpt lat="47.3810880" lon="-122.0403470">
    <ele>144.3</ele>
    <time>2022-04-20T01:17:38Z</time>
   </trkpt>
   <trkpt lat="47.3811140" lon="-122.0403340">
    <ele>144.3</ele>
    <time>2022-04-20T01:17:39Z</time>
   </trkpt>
   <trkpt lat="47.3811230" lon="-122.0403310">
    <ele>144.3</ele>
    <time>2022-04-20T01:17:40Z</time>
   </trkpt>
   <trkpt lat="47.3811380" lon="-122.0403230">
    <ele>144.3</ele>
    <time>2022-04-20T01:17:41Z</time>
   </trkpt>
   <trkpt lat="47.3811420" lon="-122.0403210">
    <ele>144.3</ele>
    <time>2022-04-20T01:17:42Z</time>
   </trkpt>
   <trkpt lat="47.3811460" lon="-122.0403190">
    <ele>144.3</ele>
    <time>2022-04-20T01:17:43Z</time>
   </trkpt>
   <trkpt lat="47.3811500" lon="-122.0403170">
    <ele>144.3</ele>
    <time>2022-04-20T01:17:44Z</time>
   </trkpt>
   <trkpt lat="47.3811540" lon="-122.0403150">
    <ele>144.3</ele>
    <time>2022-04-20T01:17:45Z</time>
   </trkpt>
   <trkpt lat="47.3811580" lon="-122.0403130">
    <ele>144.3</ele>
    <time>2022-04-20T01:17:46Z</time>
   </trkpt>
   <trkpt lat="47.3811620" lon="-122.0403110">
    <ele>144.3</ele>
    <time>2022-04-20T01:17:47Z</time>
   </trkpt>
   <trkpt lat="47.3811660" lon="-122.0403090">
    <ele>144.3</ele>
    <time>2022-04-20T01:17:48Z</time>
   </trkpt>
   <trkpt lat="47.3811700" lon="-122.0403070">
    <ele>144.3</ele>
    <time>2022-04-20T01:17:49Z</time>
   </trkpt>
   <trkpt lat="47.3811740" lon="-122.0403050">
    <ele>144.3</ele>
    <time>2022-04-20T01:17:50Z</time>
   </trkpt>
   <trkpt lat="47.3811780" lon="-122.0403030">
    <ele>144.3</ele>
    <time>2022-04-20T01:17:51Z</time>
   </trkpt>
   <trkpt lat="47.3811820" lon="-122.0403010">
    <ele>144.3</ele>
    <time>2022-04-20T01:17:52Z</time>
   </trkpt>
   <trkpt lat="47.3811860" lon="-122.0402990">
    <ele>144.3</ele>
    <time>2022-04-20T01:17:53Z</time>
   </trkpt>
   <trkpt lat="47.3811900" lon="-122.0402970">
    <ele>144.3</ele>
    <time>2022-04-20T01:17:54Z</time>
   </trkpt>
   <trkpt lat="47.3811940" lon="-122.0402950">
    <ele>144.3</ele>
    <time>2022-04-20T01:17:55Z</time>
   </trkpt>
   <trkpt lat="47.3811990" lon="-122.0402930">
    <ele>144.3</ele>
    <time>2022-04-20T01:17:56Z</time>
   </trkpt>
   <trkpt lat="47.3812030" lon="-122.0402900">
    <ele>144.3</ele>
    <time>2022-04-20T01:17:57Z</time>
   </trkpt>
   <trkpt lat="47.3812070" lon="-122.0402880">
    <ele>144.3</ele>
    <time>2022-04-20T01:17:58Z</time>
   </trkpt>
   <trkpt lat="47.3812110" lon="-122.0402860">
    <ele>144.3</ele>
    <time>2022-04-20T01:17:59Z</time>
   </trkpt>
   <trkpt lat="47.3812150" lon="-122.0402840">
    <ele>144.3</ele>
    <time>2022-04-20T01:18:00Z</time>
   </trkpt>
   <trkpt lat="47.3812190" lon="-122.0402820">
    <ele>144.3</ele>
    <time>2022-04-20T01:18:01Z</time>
   </trkpt>
   <trkpt lat="47.3811880" lon="-122.0402840">
    <ele>144.3</ele>
    <time>2022-04-20T01:18:02Z</time>
   </trkpt>
   <trkpt lat="47.3811800" lon="-122.0402800">
    <ele>144.3</ele>
    <time>2022-04-20T01:18:03Z</time>
   </trkpt>
   <trkpt lat="47.3811640" lon="-122.0402880">
    <ele>144.3</ele>
    <time>2022-04-20T01:18:04Z</time>
   </trkpt>
   <trkpt lat="47.3811540" lon="-122.0402900">
    <ele>144.3</ele>
    <time>2022-04-20T01:18:05Z</time>
   </trkpt>
   <trkpt lat="47.3811450" lon="-122.0402930">
    <ele>144.3</ele>
    <time>2022-04-20T01:18:06Z</time>
   </trkpt>
   <trkpt lat="47.3811360" lon="-122.0402950">
    <ele>144.3</ele>
    <time>2022-04-20T01:18:07Z</time>
   </trkpt>
   <trkpt lat="47.3811270" lon="-122.0402980">
    <ele>144.3</ele>
    <time>2022-04-20T01:18:08Z</time>
   </trkpt>
   <trkpt lat="47.3811180" lon="-122.0403000">
    <ele>144.3</ele>
    <time>2022-04-20T01:18:09Z</time>
   </trkpt>
   <trkpt lat="47.3811040" lon="-122.0403080">
    <ele>144.3</ele>
    <time>2022-04-20T01:18:10Z</time>
   </trkpt>
   <trkpt lat="47.3810940" lon="-122.0403100">
    <ele>144.3</ele>
    <time>2022-04-20T01:18:11Z</time>
   </trkpt>
   <trkpt lat="47.3810920" lon="-122.0403110">
    <ele>144.3</ele>
    <time>2022-04-20T01:18:12Z</time>
   </trkpt>
   <trkpt lat="47.3810890" lon="-122.0403150">
    <ele>144.3</ele>
    <time>2022-04-20T01:18:13Z</time>
   </trkpt>
   <trkpt lat="47.3810730" lon="-122.0403280">
    <ele>144.3</ele>
    <time>2022-04-20T01:18:14Z</time>
   </trkpt>
   <trkpt lat="47.3810650" lon="-122.0403360">
    <ele>144.3</ele>
    <time>2022-04-20T01:18:15Z</time>
   </trkpt>
   <trkpt lat="47.3810580" lon="-122.0403450">
    <ele>144.3</ele>
    <time>2022-04-20T01:18:16Z</time>
   </trkpt>
   <trkpt lat="47.3810490" lon="-122.0403620">
    <ele>144.3</ele>
    <time>2022-04-20T01:18:17Z</time>
   </trkpt>
   <trkpt lat="47.3810330" lon="-122.0403770">
    <ele>144.3</ele>
    <time>2022-04-20T01:18:18Z</time>
   </trkpt>
   <trkpt lat="47.3810220" lon="-122.0403840">
    <ele>144.3</ele>
    <time>2022-04-20T01:18:19Z</time>
   </trkpt>
   <trkpt lat="47.3810060" lon="-122.0403870">
    <ele>144.3</ele>
    <time>2022-04-20T01:18:20Z</time>
   </trkpt>
   <trkpt lat="47.3809980" lon="-122.0403930">
    <ele>144.3</ele>
    <time>2022-04-20T01:18:21Z</time>
   </trkpt>
   <trkpt lat="47.3809910" lon="-122.0403950">
    <ele>144.3</ele>
    <time>2022-04-20T01:18:22Z</time>
   </trkpt>
   <trkpt lat="47.3809850" lon="-122.0403980">
    <ele>144.4</ele>
    <time>2022-04-20T01:18:23Z</time>
   </trkpt>
   <trkpt lat="47.3809820" lon="-122.0404030">
    <ele>144.5</ele>
    <time>2022-04-20T01:18:24Z</time>
   </trkpt>
   <trkpt lat="47.3809620" lon="-122.0404080">
    <ele>144.8</ele>
    <time>2022-04-20T01:18:25Z</time>
   </trkpt>
   <trkpt lat="47.3809550" lon="-122.0404070">
    <ele>145.0</ele>
    <time>2022-04-20T01:18:26Z</time>
   </trkpt>
   <trkpt lat="47.3809480" lon="-122.0404070">
    <ele>145.1</ele>
    <time>2022-04-20T01:18:27Z</time>
   </trkpt>
   <trkpt lat="47.3809410" lon="-122.0404060">
    <ele>145.2</ele>
    <time>2022-04-20T01:18:28Z</time>
   </trkpt>
   <trkpt lat="47.3809330" lon="-122.0404050">
    <ele>145.4</ele>
    <time>2022-04-20T01:18:29Z</time>
   </trkpt>
   <trkpt lat="47.3809260" lon="-122.0404050">
    <ele>145.5</ele>
    <time>2022-04-20T01:18:30Z</time>
   </trkpt>
   <trkpt lat="47.3809190" lon="-122.0404110">
    <ele>145.6</ele>
    <time>2022-04-20T01:18:31Z</time>
   </trkpt>
   <trkpt lat="47.3809110" lon="-122.0404150">
    <ele>145.8</ele>
    <time>2022-04-20T01:18:32Z</time>
   </trkpt>
   <trkpt lat="47.3809000" lon="-122.0404380">
    <ele>146.1</ele>
    <time>2022-04-20T01:18:33Z</time>
   </trkpt>
   <trkpt lat="47.3808950" lon="-122.0404530">
    <ele>147.4</ele>
    <time>2022-04-20T01:18:34Z</time>
   </trkpt>
   <trkpt lat="47.3808950" lon="-122.0404660">
    <ele>147.4</ele>
    <time>2022-04-20T01:18:35Z</time>
   </trkpt>
   <trkpt lat="47.3808890" lon="-122.0404710">
    <ele>147.4</ele>
    <time>2022-04-20T01:18:36Z</time>
   </trkpt>
   <trkpt lat="47.3808830" lon="-122.0404810">
    <ele>147.4</ele>
    <time>2022-04-20T01:18:37Z</time>
   </trkpt>
   <trkpt lat="47.3808820" lon="-122.0404910">
    <ele>147.4</ele>
    <time>2022-04-20T01:18:38Z</time>
   </trkpt>
   <trkpt lat="47.3808800" lon="-122.0405060">
    <ele>147.4</ele>
    <time>2022-04-20T01:18:39Z</time>
   </trkpt>
   <trkpt lat="47.3808830" lon="-122.0405330">
    <ele>147.4</ele>
    <time>2022-04-20T01:18:40Z</time>
   </trkpt>
   <trkpt lat="47.3808800" lon="-122.0405640">
    <ele>147.4</ele>
    <time>2022-04-20T01:18:41Z</time>
   </trkpt>
   <trkpt lat="47.3808780" lon="-122.0405760">
    <ele>147.4</ele>
    <time>2022-04-20T01:18:42Z</time>
   </trkpt>
   <trkpt lat="47.3808750" lon="-122.0405870">
    <ele>147.4</ele>
    <time>2022-04-20T01:18:43Z</time>
   </trkpt>
   <trkpt lat="47.3808700" lon="-122.0405980">
    <ele>147.4</ele>
    <time>2022-04-20T01:18:44Z</time>
   </trkpt>
   <trkpt lat="47.3808660" lon="-122.0406110">
    <ele>147.4</ele>
    <time>2022-04-20T01:18:45Z</time>
   </trkpt>
   <trkpt lat="47.3808690" lon="-122.0406290">
    <ele>147.4</ele>
    <time>2022-04-20T01:18:46Z</time>
   </trkpt>
   <trkpt lat="47.3808660" lon="-122.0406470">
    <ele>147.4</ele>
    <time>2022-04-20T01:18:47Z</time>
   </trkpt>
   <trkpt lat="47.3808670" lon="-122.0406600">
    <ele>147.4</ele>
    <time>2022-04-20T01:18:48Z</time>
   </trkpt>
   <trkpt lat="47.3808630" lon="-122.0406730">
    <ele>147.4</ele>
    <time>2022-04-20T01:18:49Z</time>
   </trkpt>
   <trkpt lat="47.3808630" lon="-122.0406900">
    <ele>147.4</ele>
    <time>2022-04-20T01:18:50Z</time>
   </trkpt>
   <trkpt lat="47.3808610" lon="-122.0407050">
    <ele>147.4</ele>
    <time>2022-04-20T01:18:51Z</time>
   </trkpt>
   <trkpt lat="47.3808630" lon="-122.0407160">
    <ele>147.4</ele>
    <time>2022-04-20T01:18:52Z</time>
   </trkpt>
   <trkpt lat="47.3808630" lon="-122.0407270">
    <ele>147.4</ele>
    <time>2022-04-20T01:18:53Z</time>
   </trkpt>
   <trkpt lat="47.3808590" lon="-122.0407370">
    <ele>147.4</ele>
    <time>2022-04-20T01:18:54Z</time>
   </trkpt>
   <trkpt lat="47.3808500" lon="-122.0407470">
    <ele>147.4</ele>
    <time>2022-04-20T01:18:55Z</time>
   </trkpt>
   <trkpt lat="47.3808490" lon="-122.0407630">
    <ele>147.4</ele>
    <time>2022-04-20T01:18:56Z</time>
   </trkpt>
   <trkpt lat="47.3808490" lon="-122.0407800">
    <ele>147.4</ele>
    <time>2022-04-20T01:18:57Z</time>
   </trkpt>
   <trkpt lat="47.3808520" lon="-122.0407910">
    <ele>147.4</ele>
    <time>2022-04-20T01:18:58Z</time>
   </trkpt>
   <trkpt lat="47.3808510" lon="-122.0408100">
    <ele>147.4</ele>
    <time>2022-04-20T01:18:59Z</time>
   </trkpt>
   <trkpt lat="47.3808510" lon="-122.0408300">
    <ele>147.4</ele>
    <time>2022-04-20T01:19:00Z</time>
   </trkpt>
   <trkpt lat="47.3808480" lon="-122.0408440">
    <ele>147.4</ele>
    <time>2022-04-20T01:19:01Z</time>
   </trkpt>
   <trkpt lat="47.3808470" lon="-122.0408620">
    <ele>147.4</ele>
    <time>2022-04-20T01:19:02Z</time>
   </trkpt>
   <trkpt lat="47.3808500" lon="-122.0408870">
    <ele>147.4</ele>
    <time>2022-04-20T01:19:03Z</time>
   </trkpt>
   <trkpt lat="47.3808500" lon="-122.0408990">
    <ele>147.4</ele>
    <time>2022-04-20T01:19:04Z</time>
   </trkpt>
   <trkpt lat="47.3808450" lon="-122.0409070">
    <ele>147.4</ele>
    <time>2022-04-20T01:19:05Z</time>
   </trkpt>
   <trkpt lat="47.3808450" lon="-122.0409220">
    <ele>147.4</ele>
    <time>2022-04-20T01:19:06Z</time>
   </trkpt>
   <trkpt lat="47.3808460" lon="-122.0409390">
    <ele>147.4</ele>
    <time>2022-04-20T01:19:07Z</time>
   </trkpt>
   <trkpt lat="47.3808390" lon="-122.0409540">
    <ele>147.4</ele>
    <time>2022-04-20T01:19:08Z</time>
   </trkpt>
   <trkpt lat="47.3808430" lon="-122.0409630">
    <ele>147.4</ele>
    <time>2022-04-20T01:19:09Z</time>
   </trkpt>
   <trkpt lat="47.3808370" lon="-122.0409780">
    <ele>147.4</ele>
    <time>2022-04-20T01:19:10Z</time>
   </trkpt>
   <trkpt lat="47.3808370" lon="-122.0409860">
    <ele>147.4</ele>
    <time>2022-04-20T01:19:11Z</time>
   </trkpt>
   <trkpt lat="47.3808340" lon="-122.0410000">
    <ele>147.4</ele>
    <time>2022-04-20T01:19:12Z</time>
   </trkpt>
   <trkpt lat="47.3808330" lon="-122.0410220">
    <ele>147.4</ele>
    <time>2022-04-20T01:19:13Z</time>
   </trkpt>
   <trkpt lat="47.3808320" lon="-122.0410310">
    <ele>147.4</ele>
    <time>2022-04-20T01:19:14Z</time>
   </trkpt>
   <trkpt lat="47.3808330" lon="-122.0410470">
    <ele>147.4</ele>
    <time>2022-04-20T01:19:15Z</time>
   </trkpt>
   <trkpt lat="47.3808340" lon="-122.0410590">
    <ele>147.4</ele>
    <time>2022-04-20T01:19:16Z</time>
   </trkpt>
   <trkpt lat="47.3808330" lon="-122.0410770">
    <ele>147.4</ele>
    <time>2022-04-20T01:19:17Z</time>
   </trkpt>
   <trkpt lat="47.3808370" lon="-122.0410960">
    <ele>147.4</ele>
    <time>2022-04-20T01:19:18Z</time>
   </trkpt>
   <trkpt lat="47.3808310" lon="-122.0411080">
    <ele>147.4</ele>
    <time>2022-04-20T01:19:19Z</time>
   </trkpt>
   <trkpt lat="47.3808320" lon="-122.0411240">
    <ele>147.4</ele>
    <time>2022-04-20T01:19:20Z</time>
   </trkpt>
   <trkpt lat="47.3808340" lon="-122.0411430">
    <ele>147.4</ele>
    <time>2022-04-20T01:19:21Z</time>
   </trkpt>
   <trkpt lat="47.3808410" lon="-122.0411720">
    <ele>147.4</ele>
    <time>2022-04-20T01:19:22Z</time>
   </trkpt>
   <trkpt lat="47.3808440" lon="-122.0411860">
    <ele>147.4</ele>
    <time>2022-04-20T01:19:23Z</time>
   </trkpt>
   <trkpt lat="47.3808460" lon="-122.0412000">
    <ele>147.4</ele>
    <time>2022-04-20T01:19:24Z</time>
   </trkpt>
   <trkpt lat="47.3808470" lon="-122.0412230">
    <ele>147.4</ele>
    <time>2022-04-20T01:19:25Z</time>
   </trkpt>
   <trkpt lat="47.3808500" lon="-122.0412350">
    <ele>147.4</ele>
    <time>2022-04-20T01:19:26Z</time>
   </trkpt>
   <trkpt lat="47.3808540" lon="-122.0412460">
    <ele>147.4</ele>
    <time>2022-04-20T01:19:27Z</time>
   </trkpt>
   <trkpt lat="47.3808570" lon="-122.0412580">
    <ele>147.4</ele>
    <time>2022-04-20T01:19:28Z</time>
   </trkpt>
   <trkpt lat="47.3808590" lon="-122.0412870">
    <ele>147.4</ele>
    <time>2022-04-20T01:19:29Z</time>
   </trkpt>
   <trkpt lat="47.3808580" lon="-122.0413000">
    <ele>147.4</ele>
    <time>2022-04-20T01:19:30Z</time>
   </trkpt>
   <trkpt lat="47.3808570" lon="-122.0413120">
    <ele>147.4</ele>
    <time>2022-04-20T01:19:31Z</time>
   </trkpt>
   <trkpt lat="47.3808550" lon="-122.0413210">
    <ele>147.4</ele>
    <time>2022-04-20T01:19:32Z</time>
   </trkpt>
   <trkpt lat="47.3808610" lon="-122.0413340">
    <ele>147.4</ele>
    <time>2022-04-20T01:19:33Z</time>
   </trkpt>
   <trkpt lat="47.3808650" lon="-122.0413470">
    <ele>147.4</ele>
    <time>2022-04-20T01:19:34Z</time>
   </trkpt>
   <trkpt lat="47.3808630" lon="-122.0413600">
    <ele>147.4</ele>
    <time>2022-04-20T01:19:35Z</time>
   </trkpt>
   <trkpt lat="47.3808670" lon="-122.0413880">
    <ele>147.4</ele>
    <time>2022-04-20T01:19:36Z</time>
   </trkpt>
   <trkpt lat="47.3808640" lon="-122.0414110">
    <ele>147.4</ele>
    <time>2022-04-20T01:19:37Z</time>
   </trkpt>
   <trkpt lat="47.3808640" lon="-122.0414320">
    <ele>147.4</ele>
    <time>2022-04-20T01:19:38Z</time>
   </trkpt>
   <trkpt lat="47.3808610" lon="-122.0414540">
    <ele>147.4</ele>
    <time>2022-04-20T01:19:39Z</time>
   </trkpt>
   <trkpt lat="47.3808620" lon="-122.0414830">
    <ele>147.4</ele>
    <time>2022-04-20T01:19:40Z</time>
   </trkpt>
   <trkpt lat="47.3808630" lon="-122.0415050">
    <ele>147.4</ele>
    <time>2022-04-20T01:19:41Z</time>
   </trkpt>
   <trkpt lat="47.3808620" lon="-122.0415370">
    <ele>147.4</ele>
    <time>2022-04-20T01:19:42Z</time>
   </trkpt>
   <trkpt lat="47.3808610" lon="-122.0415490">
    <ele>147.4</ele>
    <time>2022-04-20T01:19:43Z</time>
   </trkpt>
   <trkpt lat="47.3808600" lon="-122.0415620">
    <ele>147.4</ele>
    <time>2022-04-20T01:19:44Z</time>
   </trkpt>
   <trkpt lat="47.3808570" lon="-122.0415850">
    <ele>147.3</ele>
    <time>2022-04-20T01:19:45Z</time>
   </trkpt>
   <trkpt lat="47.3808620" lon="-122.0416040">
    <ele>147.3</ele>
    <time>2022-04-20T01:19:46Z</time>
   </trkpt>
   <trkpt lat="47.3808580" lon="-122.0416120">
    <ele>147.3</ele>
    <time>2022-04-20T01:19:47Z</time>
   </trkpt>
   <trkpt lat="47.3808550" lon="-122.0416250">
    <ele>147.3</ele>
    <time>2022-04-20T01:19:48Z</time>
   </trkpt>
   <trkpt lat="47.3808620" lon="-122.0416530">
    <ele>147.3</ele>
    <time>2022-04-20T01:19:49Z</time>
   </trkpt>
   <trkpt lat="47.3808670" lon="-122.0416830">
    <ele>147.3</ele>
    <time>2022-04-20T01:19:50Z</time>
   </trkpt>
   <trkpt lat="47.3808720" lon="-122.0417000">
    <ele>147.3</ele>
    <time>2022-04-20T01:19:51Z</time>
   </trkpt>
   <trkpt lat="47.3808680" lon="-122.0417060">
    <ele>147.3</ele>
    <time>2022-04-20T01:19:52Z</time>
   </trkpt>
   <trkpt lat="47.3808650" lon="-122.0417120">
    <ele>147.3</ele>
    <time>2022-04-20T01:19:53Z</time>
   </trkpt>
   <trkpt lat="47.3808660" lon="-122.0417120">
    <ele>147.3</ele>
    <time>2022-04-20T01:19:54Z</time>
   </trkpt>
   <trkpt lat="47.3808680" lon="-122.0417080">
    <ele>147.3</ele>
    <time>2022-04-20T01:19:55Z</time>
   </trkpt>
   <trkpt lat="47.3808660" lon="-122.0417140">
    <ele>147.3</ele>
    <time>2022-04-20T01:19:56Z</time>
   </trkpt>
   <trkpt lat="47.3808740" lon="-122.0417200">
    <ele>147.3</ele>
    <time>2022-04-20T01:19:57Z</time>
   </trkpt>
   <trkpt lat="47.3808800" lon="-122.0417310">
    <ele>147.3</ele>
    <time>2022-04-20T01:19:58Z</time>
   </trkpt>
   <trkpt lat="47.3808820" lon="-122.0417360">
    <ele>147.3</ele>
    <time>2022-04-20T01:19:59Z</time>
   </trkpt>
   <trkpt lat="47.3808880" lon="-122.0417340">
    <ele>147.3</ele>
    <time>2022-04-20T01:20:00Z</time>
   </trkpt>
   <trkpt lat="47.3808910" lon="-122.0417370">
    <ele>147.3</ele>
    <time>2022-04-20T01:20:01Z</time>
   </trkpt>
   <trkpt lat="47.3808950" lon="-122.0417390">
    <ele>147.3</ele>
    <time>2022-04-20T01:20:02Z</time>
   </trkpt>
   <trkpt lat="47.3808890" lon="-122.0417430">
    <ele>147.3</ele>
    <time>2022-04-20T01:20:03Z</time>
   </trkpt>
   <trkpt lat="47.3808890" lon="-122.0417460">
    <ele>147.3</ele>
    <time>2022-04-20T01:20:04Z</time>
   </trkpt>
   <trkpt lat="47.3808820" lon="-122.0417480">
    <ele>147.3</ele>
    <time>2022-04-20T01:20:05Z</time>
   </trkpt>
   <trkpt lat="47.3808830" lon="-122.0417460">
    <ele>147.3</ele>
    <time>2022-04-20T01:20:06Z</time>
   </trkpt>
   <trkpt lat="47.3808790" lon="-122.0417490">
    <ele>147.3</ele>
    <time>2022-04-20T01:20:07Z</time>
   </trkpt>
   <trkpt lat="47.3808790" lon="-122.0417600">
    <ele>147.3</ele>
    <time>2022-04-20T01:20:08Z</time>
   </trkpt>
   <trkpt lat="47.3808860" lon="-122.0417740">
    <ele>147.3</ele>
    <time>2022-04-20T01:20:09Z</time>
   </trkpt>
   <trkpt lat="47.3808970" lon="-122.0417840">
    <ele>147.3</ele>
    <time>2022-04-20T01:20:10Z</time>
   </trkpt>
   <trkpt lat="47.3808890" lon="-122.0417970">
    <ele>147.3</ele>
    <time>2022-04-20T01:20:11Z</time>
   </trkpt>
   <trkpt lat="47.3808770" lon="-122.0418010">
    <ele>147.3</ele>
    <time>2022-04-20T01:20:12Z</time>
   </trkpt>
   <trkpt lat="47.3808760" lon="-122.0418010">
    <ele>147.3</ele>
    <time>2022-04-20T01:20:13Z</time>
   </trkpt>
   <trkpt lat="47.3808740" lon="-122.0418110">
    <ele>147.3</ele>
    <time>2022-04-20T01:20:14Z</time>
   </trkpt>
   <trkpt lat="47.3808710" lon="-122.0418160">
    <ele>147.3</ele>
    <time>2022-04-20T01:20:15Z</time>
   </trkpt>
   <trkpt lat="47.3808730" lon="-122.0418230">
    <ele>147.3</ele>
    <time>2022-04-20T01:20:16Z</time>
   </trkpt>
   <trkpt lat="47.3808690" lon="-122.0418370">
    <ele>147.3</ele>
    <time>2022-04-20T01:20:17Z</time>
   </trkpt>
   <trkpt lat="47.3808670" lon="-122.0418470">
    <ele>147.3</ele>
    <time>2022-04-20T01:20:18Z</time>
   </trkpt>
   <trkpt lat="47.3808710" lon="-122.0418590">
    <ele>147.2</ele>
    <time>2022-04-20T01:20:19Z</time>
   </trkpt>
   <trkpt lat="47.3808730" lon="-122.0418690">
    <ele>147.2</ele>
    <time>2022-04-20T01:20:20Z</time>
   </trkpt>
   <trkpt lat="47.3808720" lon="-122.0418830">
    <ele>147.2</ele>
    <time>2022-04-20T01:20:21Z</time>
   </trkpt>
   <trkpt lat="47.3808720" lon="-122.0418950">
    <ele>147.2</ele>
    <time>2022-04-20T01:20:22Z</time>
   </trkpt>
   <trkpt lat="47.3808730" lon="-122.0419110">
    <ele>147.2</ele>
    <time>2022-04-20T01:20:23Z</time>
   </trkpt>
   <trkpt lat="47.3808790" lon="-122.0419370">
    <ele>147.1</ele>
    <time>2022-04-20T01:20:24Z</time>
   </trkpt>
   <trkpt lat="47.3808820" lon="-122.0419470">
    <ele>147.1</ele>
    <time>2022-04-20T01:20:25Z</time>
   </trkpt>
   <trkpt lat="47.3808860" lon="-122.0419560">
    <ele>147.1</ele>
    <time>2022-04-20T01:20:26Z</time>
   </trkpt>
   <trkpt lat="47.3808890" lon="-122.0419650">
    <ele>147.1</ele>
    <time>2022-04-20T01:20:27Z</time>
   </trkpt>
   <trkpt lat="47.3808950" lon="-122.0419770">
    <ele>147.1</ele>
    <time>2022-04-20T01:20:28Z</time>
   </trkpt>
   <trkpt lat="47.3808980" lon="-122.0419880">
    <ele>147.0</ele>
    <time>2022-04-20T01:20:29Z</time>
   </trkpt>
   <trkpt lat="47.3809040" lon="-122.0420060">
    <ele>147.0</ele>
    <time>2022-04-20T01:20:30Z</time>
   </trkpt>
   <trkpt lat="47.3809050" lon="-122.0420350">
    <ele>147.0</ele>
    <time>2022-04-20T01:20:31Z</time>
   </trkpt>
   <trkpt lat="47.3809050" lon="-122.0420480">
    <ele>147.0</ele>
    <time>2022-04-20T01:20:32Z</time>
   </trkpt>
   <trkpt lat="47.3809040" lon="-122.0420610">
    <ele>146.9</ele>
    <time>2022-04-20T01:20:33Z</time>
   </trkpt>
   <trkpt lat="47.3809030" lon="-122.0420820">
    <ele>146.9</ele>
    <time>2022-04-20T01:20:34Z</time>
   </trkpt>
   <trkpt lat="47.3809050" lon="-122.0421000">
    <ele>146.9</ele>
    <time>2022-04-20T01:20:35Z</time>
   </trkpt>
   <trkpt lat="47.3809060" lon="-122.0421080">
    <ele>146.9</ele>
    <time>2022-04-20T01:20:36Z</time>
   </trkpt>
   <trkpt lat="47.3809080" lon="-122.0421280">
    <ele>146.9</ele>
    <time>2022-04-20T01:20:37Z</time>
   </trkpt>
   <trkpt lat="47.3809120" lon="-122.0421520">
    <ele>146.8</ele>
    <time>2022-04-20T01:20:38Z</time>
   </trkpt>
   <trkpt lat="47.3809100" lon="-122.0421820">
    <ele>146.8</ele>
    <time>2022-04-20T01:20:39Z</time>
   </trkpt>
   <trkpt lat="47.3809090" lon="-122.0421930">
    <ele>146.8</ele>
    <time>2022-04-20T01:20:40Z</time>
   </trkpt>
   <trkpt lat="47.3809090" lon="-122.0422050">
    <ele>146.8</ele>
    <time>2022-04-20T01:20:41Z</time>
   </trkpt>
   <trkpt lat="47.3809100" lon="-122.0422170">
    <ele>146.7</ele>
    <time>2022-04-20T01:20:42Z</time>
   </trkpt>
   <trkpt lat="47.3809100" lon="-122.0422330">
    <ele>146.7</ele>
    <time>2022-04-20T01:20:43Z</time>
   </trkpt>
   <trkpt lat="47.3809070" lon="-122.0422500">
    <ele>146.7</ele>
    <time>2022-04-20T01:20:44Z</time>
   </trkpt>
   <trkpt lat="47.3809110" lon="-122.0422820">
    <ele>146.7</ele>
    <time>2022-04-20T01:20:45Z</time>
   </trkpt>
   <trkpt lat="47.3809120" lon="-122.0422960">
    <ele>146.6</ele>
    <time>2022-04-20T01:20:46Z</time>
   </trkpt>
   <trkpt lat="47.3809130" lon="-122.0423100">
    <ele>146.6</ele>
    <time>2022-04-20T01:20:47Z</time>
   </trkpt>
   <trkpt lat="47.3809140" lon="-122.0423240">
    <ele>146.6</ele>
    <time>2022-04-20T01:20:48Z</time>
   </trkpt>
   <trkpt lat="47.3809100" lon="-122.0423490">
    <ele>146.6</ele>
    <time>2022-04-20T01:20:49Z</time>
   </trkpt>
   <trkpt lat="47.3809090" lon="-122.0423660">
    <ele>146.6</ele>
    <time>2022-04-20T01:20:50Z</time>
   </trkpt>
   <trkpt lat="47.3809150" lon="-122.0423980">
    <ele>146.5</ele>
    <time>2022-04-20T01:20:51Z</time>
   </trkpt>
   <trkpt lat="47.3809170" lon="-122.0424080">
    <ele>146.5</ele>
    <time>2022-04-20T01:20:52Z</time>
   </trkpt>
   <trkpt lat="47.3809190" lon="-122.0424180">
    <ele>146.5</ele>
    <time>2022-04-20T01:20:53Z</time>
   </trkpt>
   <trkpt lat="47.3809240" lon="-122.0424490">
    <ele>146.5</ele>
    <time>2022-04-20T01:20:54Z</time>
   </trkpt>
   <trkpt lat="47.3809260" lon="-122.0424610">
    <ele>146.5</ele>
    <time>2022-04-20T01:20:55Z</time>
   </trkpt>
   <trkpt lat="47.3809280" lon="-122.0424730">
    <ele>146.4</ele>
    <time>2022-04-20T01:20:56Z</time>
   </trkpt>
   <trkpt lat="47.3809300" lon="-122.0425010">
    <ele>146.4</ele>
    <time>2022-04-20T01:20:57Z</time>
   </trkpt>
   <trkpt lat="47.3809290" lon="-122.0425180">
    <ele>146.4</ele>
    <time>2022-04-20T01:20:58Z</time>
   </trkpt>
   <trkpt lat="47.3809280" lon="-122.0425360">
    <ele>146.4</ele>
    <time>2022-04-20T01:20:59Z</time>
   </trkpt>
   <trkpt lat="47.3809250" lon="-122.0425670">
    <ele>146.4</ele>
    <time>2022-04-20T01:21:00Z</time>
   </trkpt>
   <trkpt lat="47.3809230" lon="-122.0425790">
    <ele>146.4</ele>
    <time>2022-04-20T01:21:01Z</time>
   </trkpt>
   <trkpt lat="47.3809220" lon="-122.0425900">
    <ele>146.4</ele>
    <time>2022-04-20T01:21:02Z</time>
   </trkpt>
   <trkpt lat="47.3809210" lon="-122.0426050">
    <ele>146.4</ele>
    <time>2022-04-20T01:21:03Z</time>
   </trkpt>
   <trkpt lat="47.3809230" lon="-122.0426180">
    <ele>146.4</ele>
    <time>2022-04-20T01:21:04Z</time>
   </trkpt>
   <trkpt lat="47.3809230" lon="-122.0426330">
    <ele>146.4</ele>
    <time>2022-04-20T01:21:05Z</time>
   </trkpt>
   <trkpt lat="47.3809210" lon="-122.0426590">
    <ele>146.4</ele>
    <time>2022-04-20T01:21:06Z</time>
   </trkpt>
   <trkpt lat="47.3809210" lon="-122.0426720">
    <ele>146.4</ele>
    <time>2022-04-20T01:21:07Z</time>
   </trkpt>
   <trkpt lat="47.3809220" lon="-122.0426860">
    <ele>146.4</ele>
    <time>2022-04-20T01:21:08Z</time>
   </trkpt>
   <trkpt lat="47.3809280" lon="-122.0427160">
    <ele>146.4</ele>
    <time>2022-04-20T01:21:09Z</time>
   </trkpt>
   <trkpt lat="47.3809290" lon="-122.0427300">
    <ele>146.4</ele>
    <time>2022-04-20T01:21:10Z</time>
   </trkpt>
   <trkpt lat="47.3809300" lon="-122.0427450">
    <ele>146.4</ele>
    <time>2022-04-20T01:21:11Z</time>
   </trkpt>
   <trkpt lat="47.3809300" lon="-122.0427790">
    <ele>146.4</ele>
    <time>2022-04-20T01:21:12Z</time>
   </trkpt>
   <trkpt lat="47.3809280" lon="-122.0427890">
    <ele>146.3</ele>
    <time>2022-04-20T01:21:13Z</time>
   </trkpt>
   <trkpt lat="47.3809260" lon="-122.0427990">
    <ele>146.3</ele>
    <time>2022-04-20T01:21:14Z</time>
   </trkpt>
   <trkpt lat="47.3809270" lon="-122.0428170">
    <ele>146.3</ele>
    <time>2022-04-20T01:21:15Z</time>
   </trkpt>
   <trkpt lat="47.3809290" lon="-122.0428510">
    <ele>146.3</ele>
    <time>2022-04-20T01:21:16Z</time>
   </trkpt>
   <trkpt lat="47.3809260" lon="-122.0428750">
    <ele>146.3</ele>
    <time>2022-04-20T01:21:17Z</time>
   </trkpt>
   <trkpt lat="47.3809260" lon="-122.0428930">
    <ele>146.3</ele>
    <time>2022-04-20T01:21:18Z</time>
   </trkpt>
   <trkpt lat="47.3809220" lon="-122.0429160">
    <ele>146.3</ele>
    <time>2022-04-20T01:21:19Z</time>
   </trkpt>
   <trkpt lat="47.3809220" lon="-122.0429340">
    <ele>146.3</ele>
    <time>2022-04-20T01:21:20Z</time>
   </trkpt>
   <trkpt lat="47.3809300" lon="-122.0429510">
    <ele>146.3</ele>
    <time>2022-04-20T01:21:21Z</time>
   </trkpt>
   <trkpt lat="47.3809400" lon="-122.0429760">
    <ele>146.3</ele>
    <time>2022-04-20T01:21:22Z</time>
   </trkpt>
   <trkpt lat="47.3809460" lon="-122.0430070">
    <ele>146.3</ele>
    <time>2022-04-20T01:21:23Z</time>
   </trkpt>
   <trkpt lat="47.3809470" lon="-122.0430200">
    <ele>146.3</ele>
    <time>2022-04-20T01:21:24Z</time>
   </trkpt>
   <trkpt lat="47.3809490" lon="-122.0430330">
    <ele>146.3</ele>
    <time>2022-04-20T01:21:25Z</time>
   </trkpt>
   <trkpt lat="47.3809500" lon="-122.0430460">
    <ele>146.3</ele>
    <time>2022-04-20T01:21:26Z</time>
   </trkpt>
   <trkpt lat="47.3809520" lon="-122.0430590">
    <ele>146.3</ele>
    <time>2022-04-20T01:21:27Z</time>
   </trkpt>
   <trkpt lat="47.3809530" lon="-122.0430890">
    <ele>146.3</ele>
    <time>2022-04-20T01:21:28Z</time>
   </trkpt>
   <trkpt lat="47.3809530" lon="-122.0431020">
    <ele>146.3</ele>
    <time>2022-04-20T01:21:29Z</time>
   </trkpt>
   <trkpt lat="47.3809520" lon="-122.0431140">
    <ele>146.2</ele>
    <time>2022-04-20T01:21:30Z</time>
   </trkpt>
   <trkpt lat="47.3809540" lon="-122.0431290">
    <ele>146.2</ele>
    <time>2022-04-20T01:21:31Z</time>
   </trkpt>
   <trkpt lat="47.3809560" lon="-122.0431470">
    <ele>146.2</ele>
    <time>2022-04-20T01:21:32Z</time>
   </trkpt>
   <trkpt lat="47.3809560" lon="-122.0431640">
    <ele>146.2</ele>
    <time>2022-04-20T01:21:33Z</time>
   </trkpt>
   <trkpt lat="47.3809530" lon="-122.0431820">
    <ele>146.2</ele>
    <time>2022-04-20T01:21:34Z</time>
   </trkpt>
   <trkpt lat="47.3809550" lon="-122.0432070">
    <ele>146.2</ele>
    <time>2022-04-20T01:21:35Z</time>
   </trkpt>
   <trkpt lat="47.3809520" lon="-122.0432400">
    <ele>146.2</ele>
    <time>2022-04-20T01:21:36Z</time>
   </trkpt>
   <trkpt lat="47.3809510" lon="-122.0432540">
    <ele>146.2</ele>
    <time>2022-04-20T01:21:37Z</time>
   </trkpt>
   <trkpt lat="47.3809510" lon="-122.0432670">
    <ele>146.2</ele>
    <time>2022-04-20T01:21:38Z</time>
   </trkpt>
   <trkpt lat="47.3809550" lon="-122.0432870">
    <ele>146.2</ele>
    <time>2022-04-20T01:21:39Z</time>
   </trkpt>
   <trkpt lat="47.3809530" lon="-122.0432960">
    <ele>146.2</ele>
    <time>2022-04-20T01:21:40Z</time>
   </trkpt>
   <trkpt lat="47.3809530" lon="-122.0433150">
    <ele>146.1</ele>
    <time>2022-04-20T01:21:41Z</time>
   </trkpt>
   <trkpt lat="47.3809490" lon="-122.0433380">
    <ele>146.1</ele>
    <time>2022-04-20T01:21:42Z</time>
   </trkpt>
   <trkpt lat="47.3809480" lon="-122.0433520">
    <ele>146.1</ele>
    <time>2022-04-20T01:21:43Z</time>
   </trkpt>
   <trkpt lat="47.3809460" lon="-122.0433630">
    <ele>146.1</ele>
    <time>2022-04-20T01:21:44Z</time>
   </trkpt>
   <trkpt lat="47.3809370" lon="-122.0433870">
    <ele>146.1</ele>
    <time>2022-04-20T01:21:45Z</time>
   </trkpt>
   <trkpt lat="47.3809330" lon="-122.0434010">
    <ele>146.1</ele>
    <time>2022-04-20T01:21:46Z</time>
   </trkpt>
   <trkpt lat="47.3809300" lon="-122.0434150">
    <ele>146.1</ele>
    <time>2022-04-20T01:21:47Z</time>
   </trkpt>
   <trkpt lat="47.3809260" lon="-122.0434280">
    <ele>146.1</ele>
    <time>2022-04-20T01:21:48Z</time>
   </trkpt>
   <trkpt lat="47.3809230" lon="-122.0434500">
    <ele>146.0</ele>
    <time>2022-04-20T01:21:49Z</time>
   </trkpt>
   <trkpt lat="47.3809250" lon="-122.0434770">
    <ele>146.0</ele>
    <time>2022-04-20T01:21:50Z</time>
   </trkpt>
   <trkpt lat="47.3809330" lon="-122.0435040">
    <ele>146.0</ele>
    <time>2022-04-20T01:21:51Z</time>
   </trkpt>
   <trkpt lat="47.3809410" lon="-122.0435250">
    <ele>146.0</ele>
    <time>2022-04-20T01:21:52Z</time>
   </trkpt>
   <trkpt lat="47.3809410" lon="-122.0435540">
    <ele>145.9</ele>
    <time>2022-04-20T01:21:53Z</time>
   </trkpt>
   <trkpt lat="47.3809420" lon="-122.0435670">
    <ele>145.9</ele>
    <time>2022-04-20T01:21:54Z</time>
   </trkpt>
   <trkpt lat="47.3809430" lon="-122.0435810">
    <ele>145.9</ele>
    <time>2022-04-20T01:21:55Z</time>
   </trkpt>
   <trkpt lat="47.3809420" lon="-122.0436040">
    <ele>145.9</ele>
    <time>2022-04-20T01:21:56Z</time>
   </trkpt>
   <trkpt lat="47.3809440" lon="-122.0436240">
    <ele>145.9</ele>
    <time>2022-04-20T01:21:57Z</time>
   </trkpt>
   <trkpt lat="47.3809470" lon="-122.0436480">
    <ele>145.8</ele>
    <time>2022-04-20T01:21:58Z</time>
   </trkpt>
   <trkpt lat="47.3809440" lon="-122.0436730">
    <ele>145.8</ele>
    <time>2022-04-20T01:21:59Z</time>
   </trkpt>
   <trkpt lat="47.3809400" lon="-122.0436880">
    <ele>145.8</ele>
    <time>2022-04-20T01:22:00Z</time>
   </trkpt>
   <trkpt lat="47.3809360" lon="-122.0437010">
    <ele>145.8</ele>
    <time>2022-04-20T01:22:01Z</time>
   </trkpt>
   <trkpt lat="47.3809330" lon="-122.0437130">
    <ele>145.8</ele>
    <time>2022-04-20T01:22:02Z</time>
   </trkpt>
   <trkpt lat="47.3809380" lon="-122.0437410">
    <ele>145.8</ele>
    <time>2022-04-20T01:22:03Z</time>
   </trkpt>
   <trkpt lat="47.3809420" lon="-122.0437520">
    <ele>145.7</ele>
    <time>2022-04-20T01:22:04Z</time>
   </trkpt>
   <trkpt lat="47.3809470" lon="-122.0437630">
    <ele>145.7</ele>
    <time>2022-04-20T01:22:05Z</time>
   </trkpt>
   <trkpt lat="47.3809440" lon="-122.0437790">
    <ele>145.7</ele>
    <time>2022-04-20T01:22:06Z</time>
   </trkpt>
   <trkpt lat="47.3809450" lon="-122.0437990">
    <ele>145.7</ele>
    <time>2022-04-20T01:22:07Z</time>
   </trkpt>
   <trkpt lat="47.3809470" lon="-122.0438100">
    <ele>145.7</ele>
    <time>2022-04-20T01:22:08Z</time>
   </trkpt>
   <trkpt lat="47.3809470" lon="-122.0438420">
    <ele>145.7</ele>
    <time>2022-04-20T01:22:09Z</time>
   </trkpt>
   <trkpt lat="47.3809480" lon="-122.0438560">
    <ele>145.6</ele>
    <time>2022-04-20T01:22:10Z</time>
   </trkpt>
   <trkpt lat="47.3809480" lon="-122.0438700">
    <ele>145.6</ele>
    <time>2022-04-20T01:22:11Z</time>
   </trkpt>
   <trkpt lat="47.3809500" lon="-122.0438950">
    <ele>145.6</ele>
    <time>2022-04-20T01:22:12Z</time>
   </trkpt>
   <trkpt lat="47.3809490" lon="-122.0439090">
    <ele>145.6</ele>
    <time>2022-04-20T01:22:13Z</time>
   </trkpt>
   <trkpt lat="47.3809500" lon="-122.0439230">
    <ele>145.6</ele>
    <time>2022-04-20T01:22:14Z</time>
   </trkpt>
   <trkpt lat="47.3809520" lon="-122.0439330">
    <ele>145.6</ele>
    <time>2022-04-20T01:22:15Z</time>
   </trkpt>
   <trkpt lat="47.3809520" lon="-122.0439540">
    <ele>145.5</ele>
    <time>2022-04-20T01:22:16Z</time>
   </trkpt>
   <trkpt lat="47.3809510" lon="-122.0439690">
    <ele>145.5</ele>
    <time>2022-04-20T01:22:17Z</time>
   </trkpt>
   <trkpt lat="47.3809490" lon="-122.0439800">
    <ele>145.5</ele>
    <time>2022-04-20T01:22:18Z</time>
   </trkpt>
   <trkpt lat="47.3809440" lon="-122.0439970">
    <ele>145.5</ele>
    <time>2022-04-20T01:22:19Z</time>
   </trkpt>
   <trkpt lat="47.3809440" lon="-122.0440130">
    <ele>145.5</ele>
    <time>2022-04-20T01:22:20Z</time>
   </trkpt>
   <trkpt lat="47.3809430" lon="-122.0440240">
    <ele>145.5</ele>
    <time>2022-04-20T01:22:21Z</time>
   </trkpt>
   <trkpt lat="47.3809470" lon="-122.0440360">
    <ele>145.5</ele>
    <time>2022-04-20T01:22:22Z</time>
   </trkpt>
   <trkpt lat="47.3809510" lon="-122.0440520">
    <ele>145.5</ele>
    <time>2022-04-20T01:22:23Z</time>
   </trkpt>
   <trkpt lat="47.3809560" lon="-122.0440730">
    <ele>145.4</ele>
    <time>2022-04-20T01:22:24Z</time>
   </trkpt>
   <trkpt lat="47.3809560" lon="-122.0440940">
    <ele>145.4</ele>
    <time>2022-04-20T01:22:25Z</time>
   </trkpt>
   <trkpt lat="47.3809570" lon="-122.0441230">
    <ele>145.4</ele>
    <time>2022-04-20T01:22:26Z</time>
   </trkpt>
   <trkpt lat="47.3809570" lon="-122.0441360">
    <ele>145.4</ele>
    <time>2022-04-20T01:22:27Z</time>
   </trkpt>
   <trkpt lat="47.3809570" lon="-122.0441480">
    <ele>145.4</ele>
    <time>2022-04-20T01:22:28Z</time>
   </trkpt>
   <trkpt lat="47.3809580" lon="-122.0441700">
    <ele>145.3</ele>
    <time>2022-04-20T01:22:29Z</time>
   </trkpt>
   <trkpt lat="47.3809630" lon="-122.0441960">
    <ele>145.3</ele>
    <time>2022-04-20T01:22:30Z</time>
   </trkpt>
   <trkpt lat="47.3809640" lon="-122.0442260">
    <ele>145.3</ele>
    <time>2022-04-20T01:22:31Z</time>
   </trkpt>
   <trkpt lat="47.3809640" lon="-122.0442380">
    <ele>145.3</ele>
    <time>2022-04-20T01:22:32Z</time>
   </trkpt>
   <trkpt lat="47.3809650" lon="-122.0442510">
    <ele>145.3</ele>
    <time>2022-04-20T01:22:33Z</time>
   </trkpt>
   <trkpt lat="47.3809670" lon="-122.0442820">
    <ele>145.2</ele>
    <time>2022-04-20T01:22:34Z</time>
   </trkpt>
   <trkpt lat="47.3809670" lon="-122.0442950">
    <ele>145.2</ele>
    <time>2022-04-20T01:22:35Z</time>
   </trkpt>
   <trkpt lat="47.3809670" lon="-122.0443070">
    <ele>145.2</ele>
    <time>2022-04-20T01:22:36Z</time>
   </trkpt>
   <trkpt lat="47.3809660" lon="-122.0443270">
    <ele>145.2</ele>
    <time>2022-04-20T01:22:37Z</time>
   </trkpt>
   <trkpt lat="47.3809630" lon="-122.0443410">
    <ele>145.2</ele>
    <time>2022-04-20T01:22:38Z</time>
   </trkpt>
   <trkpt lat="47.3809610" lon="-122.0443580">
    <ele>145.2</ele>
    <time>2022-04-20T01:22:39Z</time>
   </trkpt>
   <trkpt lat="47.3809610" lon="-122.0443750">
    <ele>145.2</ele>
    <time>2022-04-20T01:22:40Z</time>
   </trkpt>
   <trkpt lat="47.3809650" lon="-122.0443980">
    <ele>145.1</ele>
    <time>2022-04-20T01:22:41Z</time>
   </trkpt>
   <trkpt lat="47.3809660" lon="-122.0444180">
    <ele>145.1</ele>
    <time>2022-04-20T01:22:42Z</time>
   </trkpt>
   <trkpt lat="47.3809670" lon="-122.0444390">
    <ele>145.1</ele>
    <time>2022-04-20T01:22:43Z</time>
   </trkpt>
   <trkpt lat="47.3809630" lon="-122.0444510">
    <ele>145.1</ele>
    <time>2022-04-20T01:22:44Z</time>
   </trkpt>
   <trkpt lat="47.3809650" lon="-122.0444710">
    <ele>145.1</ele>
    <time>2022-04-20T01:22:45Z</time>
   </trkpt>
   <trkpt lat="47.3809630" lon="-122.0444890">
    <ele>145.1</ele>
    <time>2022-04-20T01:22:46Z</time>
   </trkpt>
   <trkpt lat="47.3809610" lon="-122.0445050">
    <ele>145.0</ele>
    <time>2022-04-20T01:22:47Z</time>
   </trkpt>
   <trkpt lat="47.3809560" lon="-122.0445200">
    <ele>145.0</ele>
    <time>2022-04-20T01:22:48Z</time>
   </trkpt>
   <trkpt lat="47.3809520" lon="-122.0445390">
    <ele>145.0</ele>
    <time>2022-04-20T01:22:49Z</time>
   </trkpt>
   <trkpt lat="47.3809510" lon="-122.0445480">
    <ele>145.0</ele>
    <time>2022-04-20T01:22:50Z</time>
   </trkpt>
   <trkpt lat="47.3809470" lon="-122.0445640">
    <ele>145.0</ele>
    <time>2022-04-20T01:22:51Z</time>
   </trkpt>
   <trkpt lat="47.3809460" lon="-122.0445800">
    <ele>145.0</ele>
    <time>2022-04-20T01:22:52Z</time>
   </trkpt>
   <trkpt lat="47.3809460" lon="-122.0445980">
    <ele>145.0</ele>
    <time>2022-04-20T01:22:53Z</time>
   </trkpt>
   <trkpt lat="47.3809470" lon="-122.0446080">
    <ele>144.9</ele>
    <time>2022-04-20T01:22:54Z</time>
   </trkpt>
   <trkpt lat="47.3809490" lon="-122.0446290">
    <ele>144.9</ele>
    <time>2022-04-20T01:22:55Z</time>
   </trkpt>
   <trkpt lat="47.3809500" lon="-122.0446490">
    <ele>144.9</ele>
    <time>2022-04-20T01:22:56Z</time>
   </trkpt>
   <trkpt lat="47.3809480" lon="-122.0446630">
    <ele>144.9</ele>
    <time>2022-04-20T01:22:57Z</time>
   </trkpt>
   <trkpt lat="47.3809480" lon="-122.0446750">
    <ele>144.9</ele>
    <time>2022-04-20T01:22:58Z</time>
   </trkpt>
   <trkpt lat="47.3809490" lon="-122.0446970">
    <ele>144.9</ele>
    <time>2022-04-20T01:22:59Z</time>
   </trkpt>
   <trkpt lat="47.3809500" lon="-122.0447160">
    <ele>144.9</ele>
    <time>2022-04-20T01:23:00Z</time>
   </trkpt>
   <trkpt lat="47.3809520" lon="-122.0447460">
    <ele>144.8</ele>
    <time>2022-04-20T01:23:01Z</time>
   </trkpt>
   <trkpt lat="47.3809530" lon="-122.0447580">
    <ele>144.8</ele>
    <time>2022-04-20T01:23:02Z</time>
   </trkpt>
   <trkpt lat="47.3809540" lon="-122.0447710">
    <ele>144.8</ele>
    <time>2022-04-20T01:23:03Z</time>
   </trkpt>
   <trkpt lat="47.3809560" lon="-122.0448020">
    <ele>144.8</ele>
    <time>2022-04-20T01:23:04Z</time>
   </trkpt>
   <trkpt lat="47.3809580" lon="-122.0448150">
    <ele>144.8</ele>
    <time>2022-04-20T01:23:05Z</time>
   </trkpt>
   <trkpt lat="47.3809590" lon="-122.0448280">
    <ele>144.8</ele>
    <time>2022-04-20T01:23:06Z</time>
   </trkpt>
   <trkpt lat="47.3809620" lon="-122.0448460">
    <ele>144.7</ele>
    <time>2022-04-20T01:23:07Z</time>
   </trkpt>
   <trkpt lat="47.3809700" lon="-122.0448710">
    <ele>144.7</ele>
    <time>2022-04-20T01:23:08Z</time>
   </trkpt>
   <trkpt lat="47.3809740" lon="-122.0448930">
    <ele>144.7</ele>
    <time>2022-04-20T01:23:09Z</time>
   </trkpt>
   <trkpt lat="47.3809770" lon="-122.0449140">
    <ele>144.7</ele>
    <time>2022-04-20T01:23:10Z</time>
   </trkpt>
   <trkpt lat="47.3809860" lon="-122.0449430">
    <ele>144.7</ele>
    <time>2022-04-20T01:23:11Z</time>
   </trkpt>
   <trkpt lat="47.3809910" lon="-122.0449580">
    <ele>144.6</ele>
    <time>2022-04-20T01:23:12Z</time>
   </trkpt>
   <trkpt lat="47.3809960" lon="-122.0449730">
    <ele>144.6</ele>
    <time>2022-04-20T01:23:13Z</time>
   </trkpt>
   <trkpt lat="47.3810040" lon="-122.0449920">
    <ele>144.6</ele>
    <time>2022-04-20T01:23:14Z</time>
   </trkpt>
   <trkpt lat="47.3810100" lon="-122.0450100">
    <ele>144.6</ele>
    <time>2022-04-20T01:23:15Z</time>
   </trkpt>
   <trkpt lat="47.3810120" lon="-122.0450230">
    <ele>144.6</ele>
    <time>2022-04-20T01:23:16Z</time>
   </trkpt>
   <trkpt lat="47.3810190" lon="-122.0450380">
    <ele>144.6</ele>
    <time>2022-04-20T01:23:17Z</time>
   </trkpt>
   <trkpt lat="47.3810230" lon="-122.0450510">
    <ele>144.5</ele>
    <time>2022-04-20T01:23:18Z</time>
   </trkpt>
   <trkpt lat="47.3810230" lon="-122.0450720">
    <ele>144.5</ele>
    <time>2022-04-20T01:23:19Z</time>
   </trkpt>
   <trkpt lat="47.3810300" lon="-122.0450940">
    <ele>144.5</ele>
    <time>2022-04-20T01:23:20Z</time>
   </trkpt>
   <trkpt lat="47.3810390" lon="-122.0451110">
    <ele>144.5</ele>
    <time>2022-04-20T01:23:21Z</time>
   </trkpt>
   <trkpt lat="47.3810450" lon="-122.0451290">
    <ele>144.5</ele>
    <time>2022-04-20T01:23:22Z</time>
   </trkpt>
   <trkpt lat="47.3810540" lon="-122.0451560">
    <ele>144.4</ele>
    <time>2022-04-20T01:23:23Z</time>
   </trkpt>
   <trkpt lat="47.3810580" lon="-122.0451700">
    <ele>144.4</ele>
    <time>2022-04-20T01:23:24Z</time>
   </trkpt>
   <trkpt lat="47.3810620" lon="-122.0451830">
    <ele>144.4</ele>
    <time>2022-04-20T01:23:25Z</time>
   </trkpt>
   <trkpt lat="47.3810680" lon="-122.0452030">
    <ele>144.4</ele>
    <time>2022-04-20T01:23:26Z</time>
   </trkpt>
   <trkpt lat="47.3810730" lon="-122.0452210">
    <ele>144.4</ele>
    <time>2022-04-20T01:23:27Z</time>
   </trkpt>
   <trkpt lat="47.3810800" lon="-122.0452480">
    <ele>144.3</ele>
    <time>2022-04-20T01:23:28Z</time>
   </trkpt>
   <trkpt lat="47.3810830" lon="-122.0452610">
    <ele>144.3</ele>
    <time>2022-04-20T01:23:29Z</time>
   </trkpt>
   <trkpt lat="47.3810860" lon="-122.0452740">
    <ele>144.3</ele>
    <time>2022-04-20T01:23:30Z</time>
   </trkpt>
   <trkpt lat="47.3810900" lon="-122.0452940">
    <ele>144.3</ele>
    <time>2022-04-20T01:23:31Z</time>
   </trkpt>
   <trkpt lat="47.3810950" lon="-122.0453210">
    <ele>144.3</ele>
    <time>2022-04-20T01:23:32Z</time>
   </trkpt>
   <trkpt lat="47.3811020" lon="-122.0453450">
    <ele>144.3</ele>
    <time>2022-04-20T01:23:33Z</time>
   </trkpt>
   <trkpt lat="47.3811060" lon="-122.0453590">
    <ele>144.2</ele>
    <time>2022-04-20T01:23:34Z</time>
   </trkpt>
   <trkpt lat="47.3811090" lon="-122.0453900">
    <ele>144.2</ele>
    <time>2022-04-20T01:23:35Z</time>
   </trkpt>
   <trkpt lat="47.3811090" lon="-122.0454030">
    <ele>144.2</ele>
    <time>2022-04-20T01:23:36Z</time>
   </trkpt>
   <trkpt lat="47.3811090" lon="-122.0454160">
    <ele>144.2</ele>
    <time>2022-04-20T01:23:37Z</time>
   </trkpt>
   <trkpt lat="47.3811110" lon="-122.0454360">
    <ele>144.2</ele>
    <time>2022-04-20T01:23:38Z</time>
   </trkpt>
   <trkpt lat="47.3811110" lon="-122.0454650">
    <ele>144.2</ele>
    <time>2022-04-20T01:23:39Z</time>
   </trkpt>
   <trkpt lat="47.3811140" lon="-122.0454800">
    <ele>144.1</ele>
    <time>2022-04-20T01:23:40Z</time>
   </trkpt>
   <trkpt lat="47.3811190" lon="-122.0454980">
    <ele>144.1</ele>
    <time>2022-04-20T01:23:41Z</time>
   </trkpt>
   <trkpt lat="47.3811190" lon="-122.0455150">
    <ele>144.1</ele>
    <time>2022-04-20T01:23:42Z</time>
   </trkpt>
   <trkpt lat="47.3811210" lon="-122.0455320">
    <ele>144.1</ele>
    <time>2022-04-20T01:23:43Z</time>
   </trkpt>
   <trkpt lat="47.3811270" lon="-122.0455540">
    <ele>144.1</ele>
    <time>2022-04-20T01:23:44Z</time>
   </trkpt>
   <trkpt lat="47.3811300" lon="-122.0455840">
    <ele>144.1</ele>
    <time>2022-04-20T01:23:45Z</time>
   </trkpt>
   <trkpt lat="47.3811340" lon="-122.0455980">
    <ele>144.1</ele>
    <time>2022-04-20T01:23:46Z</time>
   </trkpt>
   <trkpt lat="47.3811390" lon="-122.0456130">
    <ele>144.0</ele>
    <time>2022-04-20T01:23:47Z</time>
   </trkpt>
   <trkpt lat="47.3811450" lon="-122.0456440">
    <ele>144.0</ele>
    <time>2022-04-20T01:23:48Z</time>
   </trkpt>
   <trkpt lat="47.3811480" lon="-122.0456550">
    <ele>144.0</ele>
    <time>2022-04-20T01:23:49Z</time>
   </trkpt>
   <trkpt lat="47.3811510" lon="-122.0456650">
    <ele>144.0</ele>
    <time>2022-04-20T01:23:50Z</time>
   </trkpt>
   <trkpt lat="47.3811530" lon="-122.0456840">
    <ele>144.0</ele>
    <time>2022-04-20T01:23:51Z</time>
   </trkpt>
   <trkpt lat="47.3811530" lon="-122.0457060">
    <ele>144.0</ele>
    <time>2022-04-20T01:23:52Z</time>
   </trkpt>
   <trkpt lat="47.3811570" lon="-122.0457280">
    <ele>143.9</ele>
    <time>2022-04-20T01:23:53Z</time>
   </trkpt>
   <trkpt lat="47.3811580" lon="-122.0457520">
    <ele>143.9</ele>
    <time>2022-04-20T01:23:54Z</time>
   </trkpt>
   <trkpt lat="47.3811610" lon="-122.0457650">
    <ele>143.9</ele>
    <time>2022-04-20T01:23:55Z</time>
   </trkpt>
   <trkpt lat="47.3811690" lon="-122.0457760">
    <ele>143.9</ele>
    <time>2022-04-20T01:23:56Z</time>
   </trkpt>
   <trkpt lat="47.3811720" lon="-122.0457940">
    <ele>143.9</ele>
    <time>2022-04-20T01:23:57Z</time>
   </trkpt>
   <trkpt lat="47.3811760" lon="-122.0458170">
    <ele>143.8</ele>
    <time>2022-04-20T01:23:58Z</time>
   </trkpt>
   <trkpt lat="47.3811810" lon="-122.0458390">
    <ele>143.8</ele>
    <time>2022-04-20T01:23:59Z</time>
   </trkpt>
   <trkpt lat="47.3811800" lon="-122.0458520">
    <ele>143.8</ele>
    <time>2022-04-20T01:24:00Z</time>
   </trkpt>
   <trkpt lat="47.3811850" lon="-122.0458690">
    <ele>143.8</ele>
    <time>2022-04-20T01:24:01Z</time>
   </trkpt>
   <trkpt lat="47.3811850" lon="-122.0458850">
    <ele>143.8</ele>
    <time>2022-04-20T01:24:02Z</time>
   </trkpt>
   <trkpt lat="47.3811850" lon="-122.0459010">
    <ele>143.7</ele>
    <time>2022-04-20T01:24:03Z</time>
   </trkpt>
   <trkpt lat="47.3811890" lon="-122.0459150">
    <ele>143.7</ele>
    <time>2022-04-20T01:24:04Z</time>
   </trkpt>
   <trkpt lat="47.3811950" lon="-122.0459250">
    <ele>143.7</ele>
    <time>2022-04-20T01:24:05Z</time>
   </trkpt>
   <trkpt lat="47.3811980" lon="-122.0459410">
    <ele>143.7</ele>
    <time>2022-04-20T01:24:06Z</time>
   </trkpt>
   <trkpt lat="47.3811980" lon="-122.0459610">
    <ele>143.7</ele>
    <time>2022-04-20T01:24:07Z</time>
   </trkpt>
   <trkpt lat="47.3812010" lon="-122.0459770">
    <ele>143.7</ele>
    <time>2022-04-20T01:24:08Z</time>
   </trkpt>
   <trkpt lat="47.3812020" lon="-122.0459880">
    <ele>143.6</ele>
    <time>2022-04-20T01:24:09Z</time>
   </trkpt>
   <trkpt lat="47.3812110" lon="-122.0460030">
    <ele>143.6</ele>
    <time>2022-04-20T01:24:10Z</time>
   </trkpt>
   <trkpt lat="47.3812160" lon="-122.0460150">
    <ele>143.6</ele>
    <time>2022-04-20T01:24:11Z</time>
   </trkpt>
   <trkpt lat="47.3812200" lon="-122.0460440">
    <ele>143.6</ele>
    <time>2022-04-20T01:24:12Z</time>
   </trkpt>
   <trkpt lat="47.3812230" lon="-122.0460590">
    <ele>143.6</ele>
    <time>2022-04-20T01:24:13Z</time>
   </trkpt>
   <trkpt lat="47.3812250" lon="-122.0460740">
    <ele>143.5</ele>
    <time>2022-04-20T01:24:14Z</time>
   </trkpt>
   <trkpt lat="47.3812320" lon="-122.0460960">
    <ele>143.5</ele>
    <time>2022-04-20T01:24:15Z</time>
   </trkpt>
   <trkpt lat="47.3812390" lon="-122.0461120">
    <ele>143.5</ele>
    <time>2022-04-20T01:24:16Z</time>
   </trkpt>
   <trkpt lat="47.3812450" lon="-122.0461430">
    <ele>143.5</ele>
    <time>2022-04-20T01:24:17Z</time>
   </trkpt>
   <trkpt lat="47.3812470" lon="-122.0461530">
    <ele>143.5</ele>
    <time>2022-04-20T01:24:18Z</time>
   </trkpt>
   <trkpt lat="47.3812490" lon="-122.0461630">
    <ele>143.5</ele>
    <time>2022-04-20T01:24:19Z</time>
   </trkpt>
   <trkpt lat="47.3812520" lon="-122.0461800">
    <ele>143.5</ele>
    <time>2022-04-20T01:24:20Z</time>
   </trkpt>
   <trkpt lat="47.3812560" lon="-122.0461980">
    <ele>143.4</ele>
    <time>2022-04-20T01:24:21Z</time>
   </trkpt>
   <trkpt lat="47.3812580" lon="-122.0462120">
    <ele>143.4</ele>
    <time>2022-04-20T01:24:22Z</time>
   </trkpt>
   <trkpt lat="47.3812580" lon="-122.0462250">
    <ele>143.4</ele>
    <time>2022-04-20T01:24:23Z</time>
   </trkpt>
   <trkpt lat="47.3812630" lon="-122.0462370">
    <ele>143.4</ele>
    <time>2022-04-20T01:24:24Z</time>
   </trkpt>
   <trkpt lat="47.3812670" lon="-122.0462560">
    <ele>143.4</ele>
    <time>2022-04-20T01:24:25Z</time>
   </trkpt>
   <trkpt lat="47.3812770" lon="-122.0462750">
    <ele>143.4</ele>
    <time>2022-04-20T01:24:26Z</time>
   </trkpt>
   <trkpt lat="47.3812880" lon="-122.0462890">
    <ele>143.4</ele>
    <time>2022-04-20T01:24:27Z</time>
   </trkpt>
   <trkpt lat="47.3812950" lon="-122.0463080">
    <ele>143.4</ele>
    <time>2022-04-20T01:24:28Z</time>
   </trkpt>
   <trkpt lat="47.3812980" lon="-122.0463190">
    <ele>143.3</ele>
    <time>2022-04-20T01:24:29Z</time>
   </trkpt>
   <trkpt lat="47.3813010" lon="-122.0463300">
    <ele>143.3</ele>
    <time>2022-04-20T01:24:30Z</time>
   </trkpt>
   <trkpt lat="47.3813040" lon="-122.0463400">
    <ele>143.3</ele>
    <time>2022-04-20T01:24:31Z</time>
   </trkpt>
   <trkpt lat="47.3813080" lon="-122.0463540">
    <ele>143.3</ele>
    <time>2022-04-20T01:24:32Z</time>
   </trkpt>
   <trkpt lat="47.3813130" lon="-122.0463710">
    <ele>143.3</ele>
    <time>2022-04-20T01:24:33Z</time>
   </trkpt>
   <trkpt lat="47.3813160" lon="-122.0463900">
    <ele>143.3</ele>
    <time>2022-04-20T01:24:34Z</time>
   </trkpt>
   <trkpt lat="47.3813220" lon="-122.0464110">
    <ele>143.3</ele>
    <time>2022-04-20T01:24:35Z</time>
   </trkpt>
   <trkpt lat="47.3813280" lon="-122.0464290">
    <ele>143.3</ele>
    <time>2022-04-20T01:24:36Z</time>
   </trkpt>
   <trkpt lat="47.3813340" lon="-122.0464440">
    <ele>143.2</ele>
    <time>2022-04-20T01:24:37Z</time>
   </trkpt>
   <trkpt lat="47.3813380" lon="-122.0464590">
    <ele>143.2</ele>
    <time>2022-04-20T01:24:38Z</time>
   </trkpt>
   <trkpt lat="47.3813400" lon="-122.0464710">
    <ele>143.2</ele>
    <time>2022-04-20T01:24:39Z</time>
   </trkpt>
   <trkpt lat="47.3813410" lon="-122.0464870">
    <ele>143.2</ele>
    <time>2022-04-20T01:24:40Z</time>
   </trkpt>
   <trkpt lat="47.3813460" lon="-122.0465010">
    <ele>143.2</ele>
    <time>2022-04-20T01:24:41Z</time>
   </trkpt>
   <trkpt lat="47.3813500" lon="-122.0465190">
    <ele>143.2</ele>
    <time>2022-04-20T01:24:42Z</time>
   </trkpt>
   <trkpt lat="47.3813610" lon="-122.0465460">
    <ele>143.1</ele>
    <time>2022-04-20T01:24:43Z</time>
   </trkpt>
   <trkpt lat="47.3813670" lon="-122.0465600">
    <ele>143.1</ele>
    <time>2022-04-20T01:24:44Z</time>
   </trkpt>
   <trkpt lat="47.3813720" lon="-122.0465730">
    <ele>143.1</ele>
    <time>2022-04-20T01:24:45Z</time>
   </trkpt>
   <trkpt lat="47.3813920" lon="-122.0466140">
    <ele>143.1</ele>
    <time>2022-04-20T01:24:46Z</time>
   </trkpt>
   <trkpt lat="47.3813980" lon="-122.0466280">
    <ele>143.1</ele>
    <time>2022-04-20T01:24:47Z</time>
   </trkpt>
   <trkpt lat="47.3814080" lon="-122.0466560">
    <ele>143.0</ele>
    <time>2022-04-20T01:24:48Z</time>
   </trkpt>
   <trkpt lat="47.3814120" lon="-122.0466670">
    <ele>143.0</ele>
    <time>2022-04-20T01:24:49Z</time>
   </trkpt>
   <trkpt lat="47.3814160" lon="-122.0466780">
    <ele>143.0</ele>
    <time>2022-04-20T01:24:50Z</time>
   </trkpt>
   <trkpt lat="47.3814220" lon="-122.0466890">
    <ele>143.0</ele>
    <time>2022-04-20T01:24:51Z</time>
   </trkpt>
   <trkpt lat="47.3814230" lon="-122.0467060">
    <ele>143.0</ele>
    <time>2022-04-20T01:24:52Z</time>
   </trkpt>
   <trkpt lat="47.3814320" lon="-122.0467250">
    <ele>143.0</ele>
    <time>2022-04-20T01:24:53Z</time>
   </trkpt>
   <trkpt lat="47.3814410" lon="-122.0467460">
    <ele>142.9</ele>
    <time>2022-04-20T01:24:54Z</time>
   </trkpt>
   <trkpt lat="47.3814490" lon="-122.0467690">
    <ele>142.9</ele>
    <time>2022-04-20T01:24:55Z</time>
   </trkpt>
   <trkpt lat="47.3814560" lon="-122.0467830">
    <ele>142.9</ele>
    <time>2022-04-20T01:24:56Z</time>
   </trkpt>
   <trkpt lat="47.3814590" lon="-122.0467960">
    <ele>142.9</ele>
    <time>2022-04-20T01:24:57Z</time>
   </trkpt>
   <trkpt lat="47.3814650" lon="-122.0468090">
    <ele>142.9</ele>
    <time>2022-04-20T01:24:58Z</time>
   </trkpt>
   <trkpt lat="47.3814800" lon="-122.0468430">
    <ele>142.8</ele>
    <time>2022-04-20T01:24:59Z</time>
   </trkpt>
   <trkpt lat="47.3814880" lon="-122.0468550">
    <ele>142.8</ele>
    <time>2022-04-20T01:25:00Z</time>
   </trkpt>
   <trkpt lat="47.3815070" lon="-122.0468890">
    <ele>142.8</ele>
    <time>2022-04-20T01:25:01Z</time>
   </trkpt>
   <trkpt lat="47.3815110" lon="-122.0469000">
    <ele>142.8</ele>
    <time>2022-04-20T01:25:02Z</time>
   </trkpt>
   <trkpt lat="47.3815220" lon="-122.0469240">
    <ele>142.7</ele>
    <time>2022-04-20T01:25:03Z</time>
   </trkpt>
   <trkpt lat="47.3815270" lon="-122.0469390">
    <ele>142.7</ele>
    <time>2022-04-20T01:25:04Z</time>
   </trkpt>
   <trkpt lat="47.3815320" lon="-122.0469530">
    <ele>142.7</ele>
    <time>2022-04-20T01:25:05Z</time>
   </trkpt>
   <trkpt lat="47.3815400" lon="-122.0469620">
    <ele>142.7</ele>
    <time>2022-04-20T01:25:06Z</time>
   </trkpt>
   <trkpt lat="47.3815430" lon="-122.0469760">
    <ele>142.7</ele>
    <time>2022-04-20T01:25:07Z</time>
   </trkpt>
   <trkpt lat="47.3815410" lon="-122.0469930">
    <ele>142.7</ele>
    <time>2022-04-20T01:25:08Z</time>
   </trkpt>
   <trkpt lat="47.3815510" lon="-122.0470150">
    <ele>142.7</ele>
    <time>2022-04-20T01:25:09Z</time>
   </trkpt>
   <trkpt lat="47.3815610" lon="-122.0470340">
    <ele>142.6</ele>
    <time>2022-04-20T01:25:10Z</time>
   </trkpt>
   <trkpt lat="47.3815680" lon="-122.0470600">
    <ele>142.6</ele>
    <time>2022-04-20T01:25:11Z</time>
   </trkpt>
   <trkpt lat="47.3815750" lon="-122.0470730">
    <ele>142.6</ele>
    <time>2022-04-20T01:25:12Z</time>
   </trkpt>
   <trkpt lat="47.3815770" lon="-122.0470770">
    <ele>142.6</ele>
    <time>2022-04-20T01:25:13Z</time>
   </trkpt>
   <trkpt lat="47.3815810" lon="-122.0470900">
    <ele>142.6</ele>
    <time>2022-04-20T01:25:14Z</time>
   </trkpt>
   <trkpt lat="47.3815800" lon="-122.0471010">
    <ele>142.6</ele>
    <time>2022-04-20T01:25:15Z</time>
   </trkpt>
   <trkpt lat="47.3815920" lon="-122.0471240">
    <ele>142.5</ele>
    <time>2022-04-20T01:25:16Z</time>
   </trkpt>
   <trkpt lat="47.3815990" lon="-122.0471350">
    <ele>142.5</ele>
    <time>2022-04-20T01:25:17Z</time>
   </trkpt>
   <trkpt lat="47.3816050" lon="-122.0471460">
    <ele>142.5</ele>
    <time>2022-04-20T01:25:18Z</time>
   </trkpt>
   <trkpt lat="47.3816170" lon="-122.0471740">
    <ele>142.5</ele>
    <time>2022-04-20T01:25:19Z</time>
   </trkpt>
   <trkpt lat="47.3816220" lon="-122.0471840">
    <ele>142.5</ele>
    <time>2022-04-20T01:25:20Z</time>
   </trkpt>
   <trkpt lat="47.3816260" lon="-122.0471940">
    <ele>142.5</ele>
    <time>2022-04-20T01:25:21Z</time>
   </trkpt>
   <trkpt lat="47.3816250" lon="-122.0472110">
    <ele>142.5</ele>
    <time>2022-04-20T01:25:22Z</time>
   </trkpt>
   <trkpt lat="47.3816260" lon="-122.0472300">
    <ele>142.5</ele>
    <time>2022-04-20T01:25:23Z</time>
   </trkpt>
   <trkpt lat="47.3816330" lon="-122.0472450">
    <ele>142.5</ele>
    <time>2022-04-20T01:25:24Z</time>
   </trkpt>
   <trkpt lat="47.3816380" lon="-122.0472600">
    <ele>142.4</ele>
    <time>2022-04-20T01:25:25Z</time>
   </trkpt>
   <trkpt lat="47.3816360" lon="-122.0472720">
    <ele>142.4</ele>
    <time>2022-04-20T01:25:26Z</time>
   </trkpt>
   <trkpt lat="47.3816390" lon="-122.0472790">
    <ele>142.4</ele>
    <time>2022-04-20T01:25:27Z</time>
   </trkpt>
   <trkpt lat="47.3816340" lon="-122.0472760">
    <ele>142.4</ele>
    <time>2022-04-20T01:25:28Z</time>
   </trkpt>
   <trkpt lat="47.3816260" lon="-122.0472750">
    <ele>142.4</ele>
    <time>2022-04-20T01:25:29Z</time>
   </trkpt>
   <trkpt lat="47.3816150" lon="-122.0472710">
    <ele>142.4</ele>
    <time>2022-04-20T01:25:30Z</time>
   </trkpt>
   <trkpt lat="47.3816120" lon="-122.0472740">
    <ele>142.4</ele>
    <time>2022-04-20T01:25:31Z</time>
   </trkpt>
   <trkpt lat="47.3816040" lon="-122.0472770">
    <ele>142.4</ele>
    <time>2022-04-20T01:25:32Z</time>
   </trkpt>
   <trkpt lat="47.3815920" lon="-122.0472740">
    <ele>142.4</ele>
    <time>2022-04-20T01:25:33Z</time>
   </trkpt>
   <trkpt lat="47.3815860" lon="-122.0472720">
    <ele>142.4</ele>
    <time>2022-04-20T01:25:34Z</time>
   </trkpt>
   <trkpt lat="47.3815790" lon="-122.0472710">
    <ele>142.4</ele>
    <time>2022-04-20T01:25:35Z</time>
   </trkpt>
   <trkpt lat="47.3815780" lon="-122.0472740">
    <ele>142.4</ele>
    <time>2022-04-20T01:25:36Z</time>
   </trkpt>
   <trkpt lat="47.3815760" lon="-122.0472700">
    <ele>142.4</ele>
    <time>2022-04-20T01:25:37Z</time>
   </trkpt>
   <trkpt lat="47.3815730" lon="-122.0472660">
    <ele>142.4</ele>
    <time>2022-04-20T01:25:38Z</time>
   </trkpt>
   <trkpt lat="47.3815650" lon="-122.0472610">
    <ele>142.4</ele>
    <time>2022-04-20T01:25:39Z</time>
   </trkpt>
   <trkpt lat="47.3815600" lon="-122.0472570">
    <ele>142.4</ele>
    <time>2022-04-20T01:25:40Z</time>
   </trkpt>
   <trkpt lat="47.3815500" lon="-122.0472540">
    <ele>142.4</ele>
    <time>2022-04-20T01:25:41Z</time>
   </trkpt>
   <trkpt lat="47.3815320" lon="-122.0472560">
    <ele>142.4</ele>
    <time>2022-04-20T01:25:42Z</time>
   </trkpt>
   <trkpt lat="47.3815230" lon="-122.0472590">
    <ele>142.4</ele>
    <time>2022-04-20T01:25:43Z</time>
   </trkpt>
   <trkpt lat="47.3815140" lon="-122.0472620">
    <ele>142.4</ele>
    <time>2022-04-20T01:25:44Z</time>
   </trkpt>
   <trkpt lat="47.3815010" lon="-122.0472610">
    <ele>142.4</ele>
    <time>2022-04-20T01:25:45Z</time>
   </trkpt>
   <trkpt lat="47.3814910" lon="-122.0472620">
    <ele>142.4</ele>
    <time>2022-04-20T01:25:46Z</time>
   </trkpt>
   <trkpt lat="47.3814810" lon="-122.0472630">
    <ele>142.3</ele>
    <time>2022-04-20T01:25:47Z</time>
   </trkpt>
   <trkpt lat="47.3814710" lon="-122.0472640">
    <ele>142.3</ele>
    <time>2022-04-20T01:25:48Z</time>
   </trkpt>
   <trkpt lat="47.3814600" lon="-122.0472650">
    <ele>142.3</ele>
    <time>2022-04-20T01:25:49Z</time>
   </trkpt>
   <trkpt lat="47.3814470" lon="-122.0472690">
    <ele>142.3</ele>
    <time>2022-04-20T01:25:50Z</time>
   </trkpt>
   <trkpt lat="47.3814390" lon="-122.0472650">
    <ele>142.3</ele>
    <time>2022-04-20T01:25:51Z</time>
   </trkpt>
   <trkpt lat="47.3814290" lon="-122.0472720">
    <ele>142.3</ele>
    <time>2022-04-20T01:25:52Z</time>
   </trkpt>
   <trkpt lat="47.3814200" lon="-122.0472880">
    <ele>142.3</ele>
    <time>2022-04-20T01:25:53Z</time>
   </trkpt>
   <trkpt lat="47.3814190" lon="-122.0472970">
    <ele>142.3</ele>
    <time>2022-04-20T01:25:54Z</time>
   </trkpt>
   <trkpt lat="47.3814180" lon="-122.0473050">
    <ele>142.3</ele>
    <time>2022-04-20T01:25:55Z</time>
   </trkpt>
   <trkpt lat="47.3814170" lon="-122.0473140">
    <ele>142.3</ele>
    <time>2022-04-20T01:25:56Z</time>
   </trkpt>
   <trkpt lat="47.3814160" lon="-122.0473230">
    <ele>142.3</ele>
    <time>2022-04-20T01:25:57Z</time>
   </trkpt>
   <trkpt lat="47.3814150" lon="-122.0473310">
    <ele>142.3</ele>
    <time>2022-04-20T01:25:58Z</time>
   </trkpt>
   <trkpt lat="47.3814110" lon="-122.0473490">
    <ele>142.3</ele>
    <time>2022-04-20T01:25:59Z</time>
   </trkpt>
   <trkpt lat="47.3814020" lon="-122.0473740">
    <ele>142.3</ele>
    <time>2022-04-20T01:26:00Z</time>
   </trkpt>
   <trkpt lat="47.3813910" lon="-122.0473850">
    <ele>142.2</ele>
    <time>2022-04-20T01:26:01Z</time>
   </trkpt>
   <trkpt lat="47.3813810" lon="-122.0474010">
    <ele>142.2</ele>
    <time>2022-04-20T01:26:02Z</time>
   </trkpt>
   <trkpt lat="47.3813780" lon="-122.0474120">
    <ele>142.2</ele>
    <time>2022-04-20T01:26:03Z</time>
   </trkpt>
   <trkpt lat="47.3813710" lon="-122.0474230">
    <ele>142.2</ele>
    <time>2022-04-20T01:26:04Z</time>
   </trkpt>
   <trkpt lat="47.3813610" lon="-122.0474310">
    <ele>142.3</ele>
    <time>2022-04-20T01:26:05Z</time>
   </trkpt>
   <trkpt lat="47.3813540" lon="-122.0474300">
    <ele>142.3</ele>
    <time>2022-04-20T01:26:06Z</time>
   </trkpt>
   <trkpt lat="47.3813470" lon="-122.0474320">
    <ele>142.3</ele>
    <time>2022-04-20T01:26:07Z</time>
   </trkpt>
   <trkpt lat="47.3813420" lon="-122.0474390">
    <ele>142.3</ele>
    <time>2022-04-20T01:26:08Z</time>
   </trkpt>
   <trkpt lat="47.3813380" lon="-122.0474430">
    <ele>142.3</ele>
    <time>2022-04-20T01:26:09Z</time>
   </trkpt>
   <trkpt lat="47.3813330" lon="-122.0474500">
    <ele>142.3</ele>
    <time>2022-04-20T01:26:10Z</time>
   </trkpt>
   <trkpt lat="47.3813260" lon="-122.0474610">
    <ele>142.3</ele>
    <time>2022-04-20T01:26:11Z</time>
   </trkpt>
   <trkpt lat="47.3813170" lon="-122.0474650">
    <ele>142.3</ele>
    <time>2022-04-20T01:26:12Z</time>
   </trkpt>
   <trkpt lat="47.3813100" lon="-122.0474720">
    <ele>142.3</ele>
    <time>2022-04-20T01:26:13Z</time>
   </trkpt>
   <trkpt lat="47.3813080" lon="-122.0474730">
    <ele>142.3</ele>
    <time>2022-04-20T01:26:14Z</time>
   </trkpt>
   <trkpt lat="47.3812960" lon="-122.0474750">
    <ele>142.3</ele>
    <time>2022-04-20T01:26:15Z</time>
   </trkpt>
   <trkpt lat="47.3812830" lon="-122.0474770">
    <ele>142.3</ele>
    <time>2022-04-20T01:26:16Z</time>
   </trkpt>
   <trkpt lat="47.3812770" lon="-122.0474730">
    <ele>142.3</ele>
    <time>2022-04-20T01:26:17Z</time>
   </trkpt>
   <trkpt lat="47.3812720" lon="-122.0474710">
    <ele>142.3</ele>
    <time>2022-04-20T01:26:18Z</time>
   </trkpt>
   <trkpt lat="47.3812660" lon="-122.0474680">
    <ele>142.3</ele>
    <time>2022-04-20T01:26:19Z</time>
   </trkpt>
   <trkpt lat="47.3812620" lon="-122.0474680">
    <ele>142.3</ele>
    <time>2022-04-20T01:26:20Z</time>
   </trkpt>
   <trkpt lat="47.3812560" lon="-122.0474640">
    <ele>142.3</ele>
    <time>2022-04-20T01:26:21Z</time>
   </trkpt>
   <trkpt lat="47.3812410" lon="-122.0474650">
    <ele>142.3</ele>
    <time>2022-04-20T01:26:22Z</time>
   </trkpt>
   <trkpt lat="47.3812250" lon="-122.0474600">
    <ele>142.2</ele>
    <time>2022-04-20T01:26:23Z</time>
   </trkpt>
   <trkpt lat="47.3812060" lon="-122.0474580">
    <ele>142.2</ele>
    <time>2022-04-20T01:26:24Z</time>
   </trkpt>
   <trkpt lat="47.3811970" lon="-122.0474580">
    <ele>142.2</ele>
    <time>2022-04-20T01:26:25Z</time>
   </trkpt>
   <trkpt lat="47.3811880" lon="-122.0474590">
    <ele>142.2</ele>
    <time>2022-04-20T01:26:26Z</time>
   </trkpt>
   <trkpt lat="47.3811750" lon="-122.0474630">
    <ele>142.2</ele>
    <time>2022-04-20T01:26:27Z</time>
   </trkpt>
   <trkpt lat="47.3811550" lon="-122.0474660">
    <ele>142.2</ele>
    <time>2022-04-20T01:26:28Z</time>
   </trkpt>
   <trkpt lat="47.3811400" lon="-122.0474720">
    <ele>142.2</ele>
    <time>2022-04-20T01:26:29Z</time>
   </trkpt>
   <trkpt lat="47.3811340" lon="-122.0474760">
    <ele>142.2</ele>
    <time>2022-04-20T01:26:30Z</time>
   </trkpt>
   <trkpt lat="47.3811280" lon="-122.0474760">
    <ele>142.2</ele>
    <time>2022-04-20T01:26:31Z</time>
   </trkpt>
   <trkpt lat="47.3811250" lon="-122.0474800">
    <ele>142.2</ele>
    <time>2022-04-20T01:26:32Z</time>
   </trkpt>
   <trkpt lat="47.3811200" lon="-122.0474870">
    <ele>142.2</ele>
    <time>2022-04-20T01:26:33Z</time>
   </trkpt>
   <trkpt lat="47.3811090" lon="-122.0474990">
    <ele>142.2</ele>
    <time>2022-04-20T01:26:34Z</time>
   </trkpt>
   <trkpt lat="47.3811080" lon="-122.0475050">
    <ele>142.2</ele>
    <time>2022-04-20T01:26:35Z</time>
   </trkpt>
   <trkpt lat="47.3810990" lon="-122.0474990">
    <ele>142.2</ele>
    <time>2022-04-20T01:26:36Z</time>
   </trkpt>
   <trkpt lat="47.3810860" lon="-122.0474930">
    <ele>142.2</ele>
    <time>2022-04-20T01:26:37Z</time>
   </trkpt>
   <trkpt lat="47.3810780" lon="-122.0474970">
    <ele>142.2</ele>
    <time>2022-04-20T01:26:38Z</time>
   </trkpt>
   <trkpt lat="47.3810710" lon="-122.0474950">
    <ele>142.2</ele>
    <time>2022-04-20T01:26:39Z</time>
   </trkpt>
   <trkpt lat="47.3810730" lon="-122.0474870">
    <ele>142.2</ele>
    <time>2022-04-20T01:26:40Z</time>
   </trkpt>
   <trkpt lat="47.3810730" lon="-122.0474830">
    <ele>142.2</ele>
    <time>2022-04-20T01:26:41Z</time>
   </trkpt>
   <trkpt lat="47.3810740" lon="-122.0474770">
    <ele>142.2</ele>
    <time>2022-04-20T01:26:42Z</time>
   </trkpt>
   <trkpt lat="47.3810670" lon="-122.0474730">
    <ele>142.2</ele>
    <time>2022-04-20T01:26:43Z</time>
   </trkpt>
   <trkpt lat="47.3810510" lon="-122.0474690">
    <ele>142.2</ele>
    <time>2022-04-20T01:26:44Z</time>
   </trkpt>
   <trkpt lat="47.3810460" lon="-122.0474620">
    <ele>142.2</ele>
    <time>2022-04-20T01:26:45Z</time>
   </trkpt>
   <trkpt lat="47.3810320" lon="-122.0474560">
    <ele>142.2</ele>
    <time>2022-04-20T01:26:46Z</time>
   </trkpt>
   <trkpt lat="47.3810330" lon="-122.0474490">
    <ele>142.2</ele>
    <time>2022-04-20T01:26:47Z</time>
   </trkpt>
   <trkpt lat="47.3810290" lon="-122.0474370">
    <ele>142.2</ele>
    <time>2022-04-20T01:26:48Z</time>
   </trkpt>
   <trkpt lat="47.3810240" lon="-122.0474300">
    <ele>142.2</ele>
    <time>2022-04-20T01:26:49Z</time>
   </trkpt>
   <trkpt lat="47.3810250" lon="-122.0474290">
    <ele>142.2</ele>
    <time>2022-04-20T01:26:50Z</time>
   </trkpt>
   <trkpt lat="47.3810260" lon="-122.0474230">
    <ele>142.2</ele>
    <time>2022-04-20T01:26:51Z</time>
   </trkpt>
   <trkpt lat="47.3810340" lon="-122.0474130">
    <ele>142.2</ele>
    <time>2022-04-20T01:26:52Z</time>
   </trkpt>
   <trkpt lat="47.3810360" lon="-122.0474120">
    <ele>142.2</ele>
    <time>2022-04-20T01:26:53Z</time>
   </trkpt>
   <trkpt lat="47.3810470" lon="-122.0474060">
    <ele>142.1</ele>
    <time>2022-04-20T01:26:54Z</time>
   </trkpt>
   <trkpt lat="47.3810490" lon="-122.0473960">
    <ele>142.1</ele>
    <time>2022-04-20T01:26:55Z</time>
   </trkpt>
   <trkpt lat="47.3810530" lon="-122.0474010">
    <ele>142.1</ele>
    <time>2022-04-20T01:26:56Z</time>
   </trkpt>
   <trkpt lat="47.3810730" lon="-122.0473940">
    <ele>142.1</ele>
    <time>2022-04-20T01:26:57Z</time>
   </trkpt>
   <trkpt lat="47.3810820" lon="-122.0473960">
    <ele>142.1</ele>
    <time>2022-04-20T01:26:58Z</time>
   </trkpt>
   <trkpt lat="47.3810920" lon="-122.0473970">
    <ele>142.1</ele>
    <time>2022-04-20T01:26:59Z</time>
   </trkpt>
   <trkpt lat="47.3810980" lon="-122.0473920">
    <ele>142.1</ele>
    <time>2022-04-20T01:27:00Z</time>
   </trkpt>
   <trkpt lat="47.3811080" lon="-122.0473900">
    <ele>142.1</ele>
    <time>2022-04-20T01:27:01Z</time>
   </trkpt>
   <trkpt lat="47.3811140" lon="-122.0473940">
    <ele>142.1</ele>
    <time>2022-04-20T01:27:02Z</time>
   </trkpt>
   <trkpt lat="47.3811190" lon="-122.0473930">
    <ele>142.1</ele>
    <time>2022-04-20T01:27:03Z</time>
   </trkpt>
   <trkpt lat="47.3811250" lon="-122.0473920">
    <ele>142.1</ele>
    <time>2022-04-20T01:27:04Z</time>
   </trkpt>
   <trkpt lat="47.3811310" lon="-122.0473910">
    <ele>142.1</ele>
    <time>2022-04-20T01:27:05Z</time>
   </trkpt>
   <trkpt lat="47.3811370" lon="-122.0473900">
    <ele>142.1</ele>
    <time>2022-04-20T01:27:06Z</time>
   </trkpt>
   <trkpt lat="47.3811420" lon="-122.0473890">
    <ele>142.1</ele>
    <time>2022-04-20T01:27:07Z</time>
   </trkpt>
   <trkpt lat="47.3811480" lon="-122.0473880">
    <ele>142.1</ele>
    <time>2022-04-20T01:27:08Z</time>
   </trkpt>
   <trkpt lat="47.3811530" lon="-122.0473830">
    <ele>142.1</ele>
    <time>2022-04-20T01:27:09Z</time>
   </trkpt>
   <trkpt lat="47.3811540" lon="-122.0473780">
    <ele>142.1</ele>
    <time>2022-04-20T01:27:10Z</time>
   </trkpt>
   <trkpt lat="47.3811550" lon="-122.0473730">
    <ele>142.1</ele>
    <time>2022-04-20T01:27:11Z</time>
   </trkpt>
   <trkpt lat="47.3811550" lon="-122.0473670">
    <ele>142.1</ele>
    <time>2022-04-20T01:27:12Z</time>
   </trkpt>
   <trkpt lat="47.3811560" lon="-122.0473620">
    <ele>142.1</ele>
    <time>2022-04-20T01:27:13Z</time>
   </trkpt>
   <trkpt lat="47.3811570" lon="-122.0473570">
    <ele>142.1</ele>
    <time>2022-04-20T01:27:14Z</time>
   </trkpt>
   <trkpt lat="47.3811570" lon="-122.0473520">
    <ele>142.1</ele>
    <time>2022-04-20T01:27:15Z</time>
   </trkpt>
   <trkpt lat="47.3811580" lon="-122.0473470">
    <ele>142.1</ele>
    <time>2022-04-20T01:27:16Z</time>
   </trkpt>
   <trkpt lat="47.3811590" lon="-122.0473420">
    <ele>142.1</ele>
    <time>2022-04-20T01:27:17Z</time>
   </trkpt>
   <trkpt lat="47.3811590" lon="-122.0473370">
    <ele>142.1</ele>
    <time>2022-04-20T01:27:18Z</time>
   </trkpt>
   <trkpt lat="47.3811600" lon="-122.0473310">
    <ele>142.1</ele>
    <time>2022-04-20T01:27:19Z</time>
   </trkpt>
   <trkpt lat="47.3811600" lon="-122.0473260">
    <ele>142.1</ele>
    <time>2022-04-20T01:27:20Z</time>
   </trkpt>
   <trkpt lat="47.3811660" lon="-122.0473110">
    <ele>142.1</ele>
    <time>2022-04-20T01:27:21Z</time>
   </trkpt>
   <trkpt lat="47.3811750" lon="-122.0472980">
    <ele>142.1</ele>
    <time>2022-04-20T01:27:22Z</time>
   </trkpt>
   <trkpt lat="47.3811700" lon="-122.0472790">
    <ele>142.1</ele>
    <time>2022-04-20T01:27:23Z</time>
   </trkpt>
   <trkpt lat="47.3811720" lon="-122.0472600">
    <ele>142.1</ele>
    <time>2022-04-20T01:27:24Z</time>
   </trkpt>
   <trkpt lat="47.3811700" lon="-122.0472390">
    <ele>142.1</ele>
    <time>2022-04-20T01:27:25Z</time>
   </trkpt>
   <trkpt lat="47.3811690" lon="-122.0472050">
    <ele>142.1</ele>
    <time>2022-04-20T01:27:26Z</time>
   </trkpt>
   <trkpt lat="47.3811690" lon="-122.0471940">
    <ele>142.1</ele>
    <time>2022-04-20T01:27:27Z</time>
   </trkpt>
   <trkpt lat="47.3811680" lon="-122.0471820">
    <ele>142.1</ele>
    <time>2022-04-20T01:27:28Z</time>
   </trkpt>
   <trkpt lat="47.3811720" lon="-122.0471610">
    <ele>142.1</ele>
    <time>2022-04-20T01:27:29Z</time>
   </trkpt>
   <trkpt lat="47.3811730" lon="-122.0471530">
    <ele>142.1</ele>
    <time>2022-04-20T01:27:30Z</time>
   </trkpt>
   <trkpt lat="47.3811760" lon="-122.0471460">
    <ele>142.1</ele>
    <time>2022-04-20T01:27:31Z</time>
   </trkpt>
   <trkpt lat="47.3811810" lon="-122.0471440">
    <ele>142.1</ele>
    <time>2022-04-20T01:27:32Z</time>
   </trkpt>
   <trkpt lat="47.3811980" lon="-122.0471600">
    <ele>142.2</ele>
    <time>2022-04-20T01:27:33Z</time>
   </trkpt>
   <trkpt lat="47.3812070" lon="-122.0471710">
    <ele>142.2</ele>
    <time>2022-04-20T01:27:34Z</time>
   </trkpt>
   <trkpt lat="47.3812160" lon="-122.0471830">
    <ele>142.2</ele>
    <time>2022-04-20T01:27:35Z</time>
   </trkpt>
   <trkpt lat="47.3812180" lon="-122.0472000">
    <ele>142.2</ele>
    <time>2022-04-20T01:27:36Z</time>
   </trkpt>
   <trkpt lat="47.3812170" lon="-122.0472200">
    <ele>142.2</ele>
    <time>2022-04-20T01:27:37Z</time>
   </trkpt>
   <trkpt lat="47.3812150" lon="-122.0472300">
    <ele>142.2</ele>
    <time>2022-04-20T01:27:38Z</time>
   </trkpt>
   <trkpt lat="47.3812140" lon="-122.0472460">
    <ele>142.2</ele>
    <time>2022-04-20T01:27:39Z</time>
   </trkpt>
   <trkpt lat="47.3812140" lon="-122.0472550">
    <ele>142.2</ele>
    <time>2022-04-20T01:27:40Z</time>
   </trkpt>
   <trkpt lat="47.3812140" lon="-122.0472640">
    <ele>142.2</ele>
    <time>2022-04-20T01:27:41Z</time>
   </trkpt>
   <trkpt lat="47.3812150" lon="-122.0472730">
    <ele>142.2</ele>
    <time>2022-04-20T01:27:42Z</time>
   </trkpt>
   <trkpt lat="47.3812150" lon="-122.0472820">
    <ele>142.2</ele>
    <time>2022-04-20T01:27:43Z</time>
   </trkpt>
   <trkpt lat="47.3812160" lon="-122.0472910">
    <ele>142.2</ele>
    <time>2022-04-20T01:27:44Z</time>
   </trkpt>
   <trkpt lat="47.3812160" lon="-122.0472930">
    <ele>142.2</ele>
    <time>2022-04-20T01:27:45Z</time>
   </trkpt>
   <trkpt lat="47.3812140" lon="-122.0472920">
    <ele>142.2</ele>
    <time>2022-04-20T01:27:46Z</time>
   </trkpt>
   <trkpt lat="47.3812210" lon="-122.0472980">
    <ele>142.2</ele>
    <time>2022-04-20T01:27:47Z</time>
   </trkpt>
   <trkpt lat="47.3812280" lon="-122.0472990">
    <ele>142.2</ele>
    <time>2022-04-20T01:27:48Z</time>
   </trkpt>
   <trkpt lat="47.3812310" lon="-122.0472950">
    <ele>142.2</ele>
    <time>2022-04-20T01:27:49Z</time>
   </trkpt>
   <trkpt lat="47.3812350" lon="-122.0472920">
    <ele>142.2</ele>
    <time>2022-04-20T01:27:50Z</time>
   </trkpt>
   <trkpt lat="47.3812380" lon="-122.0472840">
    <ele>142.2</ele>
    <time>2022-04-20T01:27:51Z</time>
   </trkpt>
   <trkpt lat="47.3812460" lon="-122.0472810">
    <ele>142.2</ele>
    <time>2022-04-20T01:27:52Z</time>
   </trkpt>
   <trkpt lat="47.3812620" lon="-122.0472660">
    <ele>142.2</ele>
    <time>2022-04-20T01:27:53Z</time>
   </trkpt>
   <trkpt lat="47.3812700" lon="-122.0472590">
    <ele>142.2</ele>
    <time>2022-04-20T01:27:54Z</time>
   </trkpt>
   <trkpt lat="47.3812780" lon="-122.0472530">
    <ele>142.2</ele>
    <time>2022-04-20T01:27:55Z</time>
   </trkpt>
   <trkpt lat="47.3812900" lon="-122.0472270">
    <ele>142.2</ele>
    <time>2022-04-20T01:27:56Z</time>
   </trkpt>
   <trkpt lat="47.3812960" lon="-122.0472140">
    <ele>142.2</ele>
    <time>2022-04-20T01:27:57Z</time>
   </trkpt>
   <trkpt lat="47.3813010" lon="-122.0472020">
    <ele>142.2</ele>
    <time>2022-04-20T01:27:58Z</time>
   </trkpt>
   <trkpt lat="47.3813060" lon="-122.0471920">
    <ele>142.2</ele>
    <time>2022-04-20T01:27:59Z</time>
   </trkpt>
   <trkpt lat="47.3813100" lon="-122.0471780">
    <ele>142.2</ele>
    <time>2022-04-20T01:28:00Z</time>
   </trkpt>
   <trkpt lat="47.3813160" lon="-122.0471740">
    <ele>142.2</ele>
    <time>2022-04-20T01:28:01Z</time>
   </trkpt>
   <trkpt lat="47.3813180" lon="-122.0471720">
    <ele>142.2</ele>
    <time>2022-04-20T01:28:02Z</time>
   </trkpt>
   <trkpt lat="47.3813220" lon="-122.0471690">
    <ele>142.2</ele>
    <time>2022-04-20T01:28:03Z</time>
   </trkpt>
   <trkpt lat="47.3813310" lon="-122.0471650">
    <ele>142.2</ele>
    <time>2022-04-20T01:28:04Z</time>
   </trkpt>
   <trkpt lat="47.3813300" lon="-122.0471700">
    <ele>142.2</ele>
    <time>2022-04-20T01:28:05Z</time>
   </trkpt>
   <trkpt lat="47.3813300" lon="-122.0471760">
    <ele>142.2</ele>
    <time>2022-04-20T01:28:06Z</time>
   </trkpt>
   <trkpt lat="47.3813290" lon="-122.0471810">
    <ele>142.2</ele>
    <time>2022-04-20T01:28:07Z</time>
   </trkpt>
   <trkpt lat="47.3813280" lon="-122.0471870">
    <ele>142.2</ele>
    <time>2022-04-20T01:28:08Z</time>
   </trkpt>
   <trkpt lat="47.3813280" lon="-122.0471920">
    <ele>142.2</ele>
    <time>2022-04-20T01:28:09Z</time>
   </trkpt>
   <trkpt lat="47.3813270" lon="-122.0471980">
    <ele>142.2</ele>
    <time>2022-04-20T01:28:10Z</time>
   </trkpt>
   <trkpt lat="47.3813260" lon="-122.0472040">
    <ele>142.2</ele>
    <time>2022-04-20T01:28:11Z</time>
   </trkpt>
   <trkpt lat="47.3813260" lon="-122.0472090">
    <ele>142.2</ele>
    <time>2022-04-20T01:28:12Z</time>
   </trkpt>
   <trkpt lat="47.3813250" lon="-122.0472150">
    <ele>142.2</ele>
    <time>2022-04-20T01:28:13Z</time>
   </trkpt>
   <trkpt lat="47.3813240" lon="-122.0472200">
    <ele>142.2</ele>
    <time>2022-04-20T01:28:14Z</time>
   </trkpt>
   <trkpt lat="47.3813240" lon="-122.0472260">
    <ele>142.2</ele>
    <time>2022-04-20T01:28:15Z</time>
   </trkpt>
   <trkpt lat="47.3813230" lon="-122.0472310">
    <ele>142.2</ele>
    <time>2022-04-20T01:28:16Z</time>
   </trkpt>
   <trkpt lat="47.3813240" lon="-122.0472400">
    <ele>142.2</ele>
    <time>2022-04-20T01:28:17Z</time>
   </trkpt>
   <trkpt lat="47.3813250" lon="-122.0472410">
    <ele>142.2</ele>
    <time>2022-04-20T01:28:18Z</time>
   </trkpt>
   <trkpt lat="47.3813310" lon="-122.0472540">
    <ele>142.2</ele>
    <time>2022-04-20T01:28:19Z</time>
   </trkpt>
   <trkpt lat="47.3813320" lon="-122.0472660">
    <ele>142.2</ele>
    <time>2022-04-20T01:28:20Z</time>
   </trkpt>
   <trkpt lat="47.3813390" lon="-122.0472760">
    <ele>142.2</ele>
    <time>2022-04-20T01:28:21Z</time>
   </trkpt>
   <trkpt lat="47.3813420" lon="-122.0472720">
    <ele>142.2</ele>
    <time>2022-04-20T01:28:22Z</time>
   </trkpt>
   <trkpt lat="47.3813450" lon="-122.0472730">
    <ele>142.2</ele>
    <time>2022-04-20T01:28:23Z</time>
   </trkpt>
   <trkpt lat="47.3813480" lon="-122.0472740">
    <ele>142.2</ele>
    <time>2022-04-20T01:28:24Z</time>
   </trkpt>
   <trkpt lat="47.3813560" lon="-122.0472740">
    <ele>142.2</ele>
    <time>2022-04-20T01:28:25Z</time>
   </trkpt>
   <trkpt lat="47.3813650" lon="-122.0472810">
    <ele>142.2</ele>
    <time>2022-04-20T01:28:26Z</time>
   </trkpt>
   <trkpt lat="47.3813710" lon="-122.0472890">
    <ele>142.2</ele>
    <time>2022-04-20T01:28:27Z</time>
   </trkpt>
   <trkpt lat="47.3813830" lon="-122.0473020">
    <ele>142.3</ele>
    <time>2022-04-20T01:28:28Z</time>
   </trkpt>
   <trkpt lat="47.3813940" lon="-122.0473080">
    <ele>142.3</ele>
    <time>2022-04-20T01:28:29Z</time>
   </trkpt>
   <trkpt lat="47.3814010" lon="-122.0473120">
    <ele>142.3</ele>
    <time>2022-04-20T01:28:30Z</time>
   </trkpt>
   <trkpt lat="47.3814180" lon="-122.0473030">
    <ele>142.3</ele>
    <time>2022-04-20T01:28:31Z</time>
   </trkpt>
   <trkpt lat="47.3814260" lon="-122.0472980">
    <ele>142.3</ele>
    <time>2022-04-20T01:28:32Z</time>
   </trkpt>
   <trkpt lat="47.3814340" lon="-122.0472930">
    <ele>142.3</ele>
    <time>2022-04-20T01:28:33Z</time>
   </trkpt>
   <trkpt lat="47.3814420" lon="-122.0472880">
    <ele>142.3</ele>
    <time>2022-04-20T01:28:34Z</time>
   </trkpt>
   <trkpt lat="47.3814500" lon="-122.0472830">
    <ele>142.3</ele>
    <time>2022-04-20T01:28:35Z</time>
   </trkpt>
   <trkpt lat="47.3814580" lon="-122.0472780">
    <ele>142.3</ele>
    <time>2022-04-20T01:28:36Z</time>
   </trkpt>
   <trkpt lat="47.3814750" lon="-122.0472820">
    <ele>142.3</ele>
    <time>2022-04-20T01:28:37Z</time>
   </trkpt>
   <trkpt lat="47.3814810" lon="-122.0472840">
    <ele>142.3</ele>
    <time>2022-04-20T01:28:38Z</time>
   </trkpt>
   <trkpt lat="47.3814880" lon="-122.0472860">
    <ele>142.4</ele>
    <time>2022-04-20T01:28:39Z</time>
   </trkpt>
   <trkpt lat="47.3814950" lon="-122.0472880">
    <ele>142.4</ele>
    <time>2022-04-20T01:28:40Z</time>
   </trkpt>
   <trkpt lat="47.3815010" lon="-122.0472900">
    <ele>142.4</ele>
    <time>2022-04-20T01:28:41Z</time>
   </trkpt>
   <trkpt lat="47.3815080" lon="-122.0472920">
    <ele>142.4</ele>
    <time>2022-04-20T01:28:42Z</time>
   </trkpt>
   <trkpt lat="47.3815140" lon="-122.0472930">
    <ele>142.4</ele>
    <time>2022-04-20T01:28:43Z</time>
   </trkpt>
   <trkpt lat="47.3815210" lon="-122.0472950">
    <ele>142.4</ele>
    <time>2022-04-20T01:28:44Z</time>
   </trkpt>
   <trkpt lat="47.3815270" lon="-122.0472970">
    <ele>142.4</ele>
    <time>2022-04-20T01:28:45Z</time>
   </trkpt>
   <trkpt lat="47.3815340" lon="-122.0472990">
    <ele>142.4</ele>
    <time>2022-04-20T01:28:46Z</time>
   </trkpt>
   <trkpt lat="47.3815410" lon="-122.0473010">
    <ele>142.4</ele>
    <time>2022-04-20T01:28:47Z</time>
   </trkpt>
   <trkpt lat="47.3815480" lon="-122.0472930">
    <ele>142.4</ele>
    <time>2022-04-20T01:28:48Z</time>
   </trkpt>
   <trkpt lat="47.3815580" lon="-122.0472930">
    <ele>142.4</ele>
    <time>2022-04-20T01:28:49Z</time>
   </trkpt>
   <trkpt lat="47.3815590" lon="-122.0472960">
    <ele>142.4</ele>
    <time>2022-04-20T01:28:50Z</time>
   </trkpt>
   <trkpt lat="47.3815670" lon="-122.0472970">
    <ele>142.4</ele>
    <time>2022-04-20T01:28:51Z</time>
   </trkpt>
   <trkpt lat="47.3815720" lon="-122.0472960">
    <ele>142.4</ele>
    <time>2022-04-20T01:28:52Z</time>
   </trkpt>
   <trkpt lat="47.3815870" lon="-122.0472980">
    <ele>142.4</ele>
    <time>2022-04-20T01:28:53Z</time>
   </trkpt>
   <trkpt lat="47.3815950" lon="-122.0473000">
    <ele>142.4</ele>
    <time>2022-04-20T01:28:54Z</time>
   </trkpt>
   <trkpt lat="47.3816020" lon="-122.0473020">
    <ele>142.4</ele>
    <time>2022-04-20T01:28:55Z</time>
   </trkpt>
   <trkpt lat="47.3816090" lon="-122.0473050">
    <ele>142.4</ele>
    <time>2022-04-20T01:28:56Z</time>
   </trkpt>
   <trkpt lat="47.3816170" lon="-122.0473070">
    <ele>142.4</ele>
    <time>2022-04-20T01:28:57Z</time>
   </trkpt>
   <trkpt lat="47.3816330" lon="-122.0473040">
    <ele>142.5</ele>
    <time>2022-04-20T01:28:58Z</time>
   </trkpt>
   <trkpt lat="47.3816390" lon="-122.0473000">
    <ele>142.5</ele>
    <time>2022-04-20T01:28:59Z</time>
   </trkpt>
   <trkpt lat="47.3816440" lon="-122.0472960">
    <ele>142.5</ele>
    <time>2022-04-20T01:29:00Z</time>
   </trkpt>
   <trkpt lat="47.3816500" lon="-122.0472920">
    <ele>142.5</ele>
    <time>2022-04-20T01:29:01Z</time>
   </trkpt>
   <trkpt lat="47.3816550" lon="-122.0472880">
    <ele>142.5</ele>
    <time>2022-04-20T01:29:02Z</time>
   </trkpt>
   <trkpt lat="47.3816610" lon="-122.0472830">
    <ele>142.5</ele>
    <time>2022-04-20T01:29:03Z</time>
   </trkpt>
   <trkpt lat="47.3816610" lon="-122.0472690">
    <ele>142.5</ele>
    <time>2022-04-20T01:29:04Z</time>
   </trkpt>
   <trkpt lat="47.3816600" lon="-122.0472550">
    <ele>142.5</ele>
    <time>2022-04-20T01:29:05Z</time>
   </trkpt>
   <trkpt lat="47.3816560" lon="-122.0472410">
    <ele>142.5</ele>
    <time>2022-04-20T01:29:06Z</time>
   </trkpt>
   <trkpt lat="47.3816530" lon="-122.0472410">
    <ele>142.5</ele>
    <time>2022-04-20T01:29:07Z</time>
   </trkpt>
   <trkpt lat="47.3816490" lon="-122.0472330">
    <ele>142.5</ele>
    <time>2022-04-20T01:29:08Z</time>
   </trkpt>
   <trkpt lat="47.3816470" lon="-122.0472110">
    <ele>142.5</ele>
    <time>2022-04-20T01:29:09Z</time>
   </trkpt>
   <trkpt lat="47.3816450" lon="-122.0471920">
    <ele>142.5</ele>
    <time>2022-04-20T01:29:10Z</time>
   </trkpt>
   <trkpt lat="47.3816380" lon="-122.0471800">
    <ele>142.6</ele>
    <time>2022-04-20T01:29:11Z</time>
   </trkpt>
   <trkpt lat="47.3816280" lon="-122.0471690">
    <ele>142.6</ele>
    <time>2022-04-20T01:29:12Z</time>
   </trkpt>
   <trkpt lat="47.3816220" lon="-122.0471530">
    <ele>142.6</ele>
    <time>2022-04-20T01:29:13Z</time>
   </trkpt>
   <trkpt lat="47.3816160" lon="-122.0471430">
    <ele>142.6</ele>
    <time>2022-04-20T01:29:14Z</time>
   </trkpt>
   <trkpt lat="47.3816110" lon="-122.0471280">
    <ele>142.6</ele>
    <time>2022-04-20T01:29:15Z</time>
   </trkpt>
   <trkpt lat="47.3816100" lon="-122.0471190">
    <ele>142.6</ele>
    <time>2022-04-20T01:29:16Z</time>
   </trkpt>
   <trkpt lat="47.3816080" lon="-122.0471090">
    <ele>142.6</ele>
    <time>2022-04-20T01:29:17Z</time>
   </trkpt>
   <trkpt lat="47.3816070" lon="-122.0470970">
    <ele>142.6</ele>
    <time>2022-04-20T01:29:18Z</time>
   </trkpt>
   <trkpt lat="47.3816050" lon="-122.0470860">
    <ele>142.6</ele>
    <time>2022-04-20T01:29:19Z</time>
   </trkpt>
   <trkpt lat="47.3816010" lon="-122.0470660">
    <ele>142.7</ele>
    <time>2022-04-20T01:29:20Z</time>
   </trkpt>
   <trkpt lat="47.3815980" lon="-122.0470610">
    <ele>142.7</ele>
    <time>2022-04-20T01:29:21Z</time>
   </trkpt>
   <trkpt lat="47.3815940" lon="-122.0470480">
    <ele>142.7</ele>
    <time>2022-04-20T01:29:22Z</time>
   </trkpt>
   <trkpt lat="47.3815920" lon="-122.0470420">
    <ele>142.7</ele>
    <time>2022-04-20T01:29:23Z</time>
   </trkpt>
   <trkpt lat="47.3815850" lon="-122.0470340">
    <ele>142.7</ele>
    <time>2022-04-20T01:29:24Z</time>
   </trkpt>
   <trkpt lat="47.3815760" lon="-122.0470220">
    <ele>142.7</ele>
    <time>2022-04-20T01:29:25Z</time>
   </trkpt>
   <trkpt lat="47.3815710" lon="-122.0470060">
    <ele>142.7</ele>
    <time>2022-04-20T01:29:26Z</time>
   </trkpt>
   <trkpt lat="47.3815660" lon="-122.0469950">
    <ele>142.7</ele>
    <time>2022-04-20T01:29:27Z</time>
   </trkpt>
   <trkpt lat="47.3815580" lon="-122.0469810">
    <ele>142.7</ele>
    <time>2022-04-20T01:29:28Z</time>
   </trkpt>
   <trkpt lat="47.3815560" lon="-122.0469660">
    <ele>142.8</ele>
    <time>2022-04-20T01:29:29Z</time>
   </trkpt>
   <trkpt lat="47.3815520" lon="-122.0469510">
    <ele>142.8</ele>
    <time>2022-04-20T01:29:30Z</time>
   </trkpt>
   <trkpt lat="47.3815510" lon="-122.0469410">
    <ele>142.8</ele>
    <time>2022-04-20T01:29:31Z</time>
   </trkpt>
   <trkpt lat="47.3815420" lon="-122.0469290">
    <ele>142.8</ele>
    <time>2022-04-20T01:29:32Z</time>
   </trkpt>
   <trkpt lat="47.3815330" lon="-122.0469120">
    <ele>142.8</ele>
    <time>2022-04-20T01:29:33Z</time>
   </trkpt>
   <trkpt lat="47.3815200" lon="-122.0468860">
    <ele>142.8</ele>
    <time>2022-04-20T01:29:34Z</time>
   </trkpt>
   <trkpt lat="47.3815150" lon="-122.0468780">
    <ele>142.8</ele>
    <time>2022-04-20T01:29:35Z</time>
   </trkpt>
   <trkpt lat="47.3815110" lon="-122.0468690">
    <ele>142.9</ele>
    <time>2022-04-20T01:29:36Z</time>
   </trkpt>
   <trkpt lat="47.3815030" lon="-122.0468570">
    <ele>142.9</ele>
    <time>2022-04-20T01:29:37Z</time>
   </trkpt>
   <trkpt lat="47.3814920" lon="-122.0468380">
    <ele>142.9</ele>
    <time>2022-04-20T01:29:38Z</time>
   </trkpt>
   <trkpt lat="47.3814830" lon="-122.0468270">
    <ele>142.9</ele>
    <time>2022-04-20T01:29:39Z</time>
   </trkpt>
   <trkpt lat="47.3814750" lon="-122.0468150">
    <ele>142.9</ele>
    <time>2022-04-20T01:29:40Z</time>
   </trkpt>
   <trkpt lat="47.3814700" lon="-122.0468050">
    <ele>142.9</ele>
    <time>2022-04-20T01:29:41Z</time>
   </trkpt>
   <trkpt lat="47.3814660" lon="-122.0467820">
    <ele>142.9</ele>
    <time>2022-04-20T01:29:42Z</time>
   </trkpt>
   <trkpt lat="47.3814650" lon="-122.0467720">
    <ele>143.0</ele>
    <time>2022-04-20T01:29:43Z</time>
   </trkpt>
   <trkpt lat="47.3814640" lon="-122.0467620">
    <ele>143.0</ele>
    <time>2022-04-20T01:29:44Z</time>
   </trkpt>
   <trkpt lat="47.3814620" lon="-122.0467520">
    <ele>143.0</ele>
    <time>2022-04-20T01:29:45Z</time>
   </trkpt>
   <trkpt lat="47.3814570" lon="-122.0467310">
    <ele>143.0</ele>
    <time>2022-04-20T01:29:46Z</time>
   </trkpt>
   <trkpt lat="47.3814540" lon="-122.0467210">
    <ele>143.0</ele>
    <time>2022-04-20T01:29:47Z</time>
   </trkpt>
   <trkpt lat="47.3814510" lon="-122.0467110">
    <ele>143.0</ele>
    <time>2022-04-20T01:29:48Z</time>
   </trkpt>
   <trkpt lat="47.3814480" lon="-122.0467010">
    <ele>143.0</ele>
    <time>2022-04-20T01:29:49Z</time>
   </trkpt>
   <trkpt lat="47.3814410" lon="-122.0466810">
    <ele>143.0</ele>
    <time>2022-04-20T01:29:50Z</time>
   </trkpt>
   <trkpt lat="47.3814330" lon="-122.0466640">
    <ele>143.0</ele>
    <time>2022-04-20T01:29:51Z</time>
   </trkpt>
   <trkpt lat="47.3814210" lon="-122.0466520">
    <ele>143.1</ele>
    <time>2022-04-20T01:29:52Z</time>
   </trkpt>
   <trkpt lat="47.3814090" lon="-122.0466350">
    <ele>143.1</ele>
    <time>2022-04-20T01:29:53Z</time>
   </trkpt>
   <trkpt lat="47.3814010" lon="-122.0466180">
    <ele>143.1</ele>
    <time>2022-04-20T01:29:54Z</time>
   </trkpt>
   <trkpt lat="47.3813940" lon="-122.0466060">
    <ele>143.1</ele>
    <time>2022-04-20T01:29:55Z</time>
   </trkpt>
   <trkpt lat="47.3813870" lon="-122.0465930">
    <ele>143.1</ele>
    <time>2022-04-20T01:29:56Z</time>
   </trkpt>
   <trkpt lat="47.3813780" lon="-122.0465760">
    <ele>143.1</ele>
    <time>2022-04-20T01:29:57Z</time>
   </trkpt>
   <trkpt lat="47.3813700" lon="-122.0465660">
    <ele>143.2</ele>
    <time>2022-04-20T01:29:58Z</time>
   </trkpt>
   <trkpt lat="47.3813660" lon="-122.0465520">
    <ele>143.2</ele>
    <time>2022-04-20T01:29:59Z</time>
   </trkpt>
   <trkpt lat="47.3813660" lon="-122.0465410">
    <ele>143.2</ele>
    <time>2022-04-20T01:30:00Z</time>
   </trkpt>
   <trkpt lat="47.3813560" lon="-122.0465280">
    <ele>143.2</ele>
    <time>2022-04-20T01:30:01Z</time>
   </trkpt>
   <trkpt lat="47.3813550" lon="-122.0465050">
    <ele>143.2</ele>
    <time>2022-04-20T01:30:02Z</time>
   </trkpt>
   <trkpt lat="47.3813510" lon="-122.0464920">
    <ele>143.2</ele>
    <time>2022-04-20T01:30:03Z</time>
   </trkpt>
   <trkpt lat="47.3813500" lon="-122.0464810">
    <ele>143.2</ele>
    <time>2022-04-20T01:30:04Z</time>
   </trkpt>
   <trkpt lat="47.3813450" lon="-122.0464650">
    <ele>143.2</ele>
    <time>2022-04-20T01:30:05Z</time>
   </trkpt>
   <trkpt lat="47.3813340" lon="-122.0464570">
    <ele>143.3</ele>
    <time>2022-04-20T01:30:06Z</time>
   </trkpt>
   <trkpt lat="47.3813330" lon="-122.0464410">
    <ele>143.3</ele>
    <time>2022-04-20T01:30:07Z</time>
   </trkpt>
   <trkpt lat="47.3813310" lon="-122.0464230">
    <ele>143.3</ele>
    <time>2022-04-20T01:30:08Z</time>
   </trkpt>
   <trkpt lat="47.3813210" lon="-122.0464080">
    <ele>143.3</ele>
    <time>2022-04-20T01:30:09Z</time>
   </trkpt>
   <trkpt lat="47.3813240" lon="-122.0463910">
    <ele>143.3</ele>
    <time>2022-04-20T01:30:10Z</time>
   </trkpt>
   <trkpt lat="47.3813240" lon="-122.0463790">
    <ele>143.3</ele>
    <time>2022-04-20T01:30:11Z</time>
   </trkpt>
   <trkpt lat="47.3813170" lon="-122.0463460">
    <ele>143.3</ele>
    <time>2022-04-20T01:30:12Z</time>
   </trkpt>
   <trkpt lat="47.3813120" lon="-122.0463330">
    <ele>143.3</ele>
    <time>2022-04-20T01:30:13Z</time>
   </trkpt>
   <trkpt lat="47.3813080" lon="-122.0463200">
    <ele>143.4</ele>
    <time>2022-04-20T01:30:14Z</time>
   </trkpt>
   <trkpt lat="47.3813030" lon="-122.0462880">
    <ele>143.4</ele>
    <time>2022-04-20T01:30:15Z</time>
   </trkpt>
   <trkpt lat="47.3812980" lon="-122.0462780">
    <ele>143.4</ele>
    <time>2022-04-20T01:30:16Z</time>
   </trkpt>
   <trkpt lat="47.3812930" lon="-122.0462670">
    <ele>143.4</ele>
    <time>2022-04-20T01:30:17Z</time>
   </trkpt>
   <trkpt lat="47.3812780" lon="-122.0462430">
    <ele>143.4</ele>
    <time>2022-04-20T01:30:18Z</time>
   </trkpt>
   <trkpt lat="47.3812730" lon="-122.0462320">
    <ele>143.4</ele>
    <time>2022-04-20T01:30:19Z</time>
   </trkpt>
   <trkpt lat="47.3812690" lon="-122.0462210">
    <ele>143.4</ele>
    <time>2022-04-20T01:30:20Z</time>
   </trkpt>
   <trkpt lat="47.3812450" lon="-122.0461950">
    <ele>143.5</ele>
    <time>2022-04-20T01:30:21Z</time>
   </trkpt>
   <trkpt lat="47.3812340" lon="-122.0461880">
    <ele>143.5</ele>
    <time>2022-04-20T01:30:22Z</time>
   </trkpt>
   <trkpt lat="47.3812200" lon="-122.0461640">
    <ele>143.5</ele>
    <time>2022-04-20T01:30:23Z</time>
   </trkpt>
   <trkpt lat="47.3812170" lon="-122.0461510">
    <ele>143.5</ele>
    <time>2022-04-20T01:30:24Z</time>
   </trkpt>
   <trkpt lat="47.3812140" lon="-122.0461380">
    <ele>143.5</ele>
    <time>2022-04-20T01:30:25Z</time>
   </trkpt>
   <trkpt lat="47.3812110" lon="-122.0461200">
    <ele>143.5</ele>
    <time>2022-04-20T01:30:26Z</time>
   </trkpt>
   <trkpt lat="47.3812110" lon="-122.0461050">
    <ele>143.5</ele>
    <time>2022-04-20T01:30:27Z</time>
   </trkpt>
   <trkpt lat="47.3812100" lon="-122.0460860">
    <ele>143.5</ele>
    <time>2022-04-20T01:30:28Z</time>
   </trkpt>
   <trkpt lat="47.3812130" lon="-122.0460760">
    <ele>143.6</ele>
    <time>2022-04-20T01:30:29Z</time>
   </trkpt>
   <trkpt lat="47.3812150" lon="-122.0460650">
    <ele>143.6</ele>
    <time>2022-04-20T01:30:30Z</time>
   </trkpt>
   <trkpt lat="47.3812170" lon="-122.0460530">
    <ele>143.6</ele>
    <time>2022-04-20T01:30:31Z</time>
   </trkpt>
   <trkpt lat="47.3812120" lon="-122.0460400">
    <ele>143.6</ele>
    <time>2022-04-20T01:30:32Z</time>
   </trkpt>
   <trkpt lat="47.3812080" lon="-122.0460170">
    <ele>143.6</ele>
    <time>2022-04-20T01:30:33Z</time>
   </trkpt>
   <trkpt lat="47.3812080" lon="-122.0460040">
    <ele>143.6</ele>
    <time>2022-04-20T01:30:34Z</time>
   </trkpt>
   <trkpt lat="47.3812070" lon="-122.0459900">
    <ele>143.6</ele>
    <time>2022-04-20T01:30:35Z</time>
   </trkpt>
   <trkpt lat="47.3812060" lon="-122.0459770">
    <ele>143.7</ele>
    <time>2022-04-20T01:30:36Z</time>
   </trkpt>
   <trkpt lat="47.3811990" lon="-122.0459520">
    <ele>143.7</ele>
    <time>2022-04-20T01:30:37Z</time>
   </trkpt>
   <trkpt lat="47.3811900" lon="-122.0459350">
    <ele>143.7</ele>
    <time>2022-04-20T01:30:38Z</time>
   </trkpt>
   <trkpt lat="47.3811790" lon="-122.0459100">
    <ele>143.7</ele>
    <time>2022-04-20T01:30:39Z</time>
   </trkpt>
   <trkpt lat="47.3811720" lon="-122.0459010">
    <ele>143.7</ele>
    <time>2022-04-20T01:30:40Z</time>
   </trkpt>
   <trkpt lat="47.3811650" lon="-122.0458910">
    <ele>143.8</ele>
    <time>2022-04-20T01:30:41Z</time>
   </trkpt>
   <trkpt lat="47.3811590" lon="-122.0458860">
    <ele>143.8</ele>
    <time>2022-04-20T01:30:42Z</time>
   </trkpt>
   <trkpt lat="47.3811550" lon="-122.0458670">
    <ele>143.8</ele>
    <time>2022-04-20T01:30:43Z</time>
   </trkpt>
   <trkpt lat="47.3811450" lon="-122.0458500">
    <ele>143.8</ele>
    <time>2022-04-20T01:30:44Z</time>
   </trkpt>
   <trkpt lat="47.3811390" lon="-122.0458250">
    <ele>143.8</ele>
    <time>2022-04-20T01:30:45Z</time>
   </trkpt>
   <trkpt lat="47.3811350" lon="-122.0458110">
    <ele>143.9</ele>
    <time>2022-04-20T01:30:46Z</time>
   </trkpt>
   <trkpt lat="47.3811300" lon="-122.0457980">
    <ele>143.9</ele>
    <time>2022-04-20T01:30:47Z</time>
   </trkpt>
   <trkpt lat="47.3811250" lon="-122.0457840">
    <ele>143.9</ele>
    <time>2022-04-20T01:30:48Z</time>
   </trkpt>
   <trkpt lat="47.3811190" lon="-122.0457650">
    <ele>143.9</ele>
    <time>2022-04-20T01:30:49Z</time>
   </trkpt>
   <trkpt lat="47.3811210" lon="-122.0457520">
    <ele>143.9</ele>
    <time>2022-04-20T01:30:50Z</time>
   </trkpt>
   <trkpt lat="47.3811160" lon="-122.0457430">
    <ele>143.9</ele>
    <time>2022-04-20T01:30:51Z</time>
   </trkpt>
   <trkpt lat="47.3811170" lon="-122.0457210">
    <ele>144.0</ele>
    <time>2022-04-20T01:30:52Z</time>
   </trkpt>
   <trkpt lat="47.3811160" lon="-122.0457110">
    <ele>144.0</ele>
    <time>2022-04-20T01:30:53Z</time>
   </trkpt>
   <trkpt lat="47.3811270" lon="-122.0456890">
    <ele>144.0</ele>
    <time>2022-04-20T01:30:54Z</time>
   </trkpt>
   <trkpt lat="47.3811280" lon="-122.0456790">
    <ele>144.0</ele>
    <time>2022-04-20T01:30:55Z</time>
   </trkpt>
   <trkpt lat="47.3811300" lon="-122.0456690">
    <ele>144.0</ele>
    <time>2022-04-20T01:30:56Z</time>
   </trkpt>
   <trkpt lat="47.3811320" lon="-122.0456590">
    <ele>144.0</ele>
    <time>2022-04-20T01:30:57Z</time>
   </trkpt>
   <trkpt lat="47.3811300" lon="-122.0456470">
    <ele>144.0</ele>
    <time>2022-04-20T01:30:58Z</time>
   </trkpt>
   <trkpt lat="47.3811320" lon="-122.0456460">
    <ele>144.0</ele>
    <time>2022-04-20T01:30:59Z</time>
   </trkpt>
   <trkpt lat="47.3811300" lon="-122.0456390">
    <ele>144.0</ele>
    <time>2022-04-20T01:31:00Z</time>
   </trkpt>
   <trkpt lat="47.3811300" lon="-122.0456300">
    <ele>144.0</ele>
    <time>2022-04-20T01:31:01Z</time>
   </trkpt>
   <trkpt lat="47.3811240" lon="-122.0456190">
    <ele>144.1</ele>
    <time>2022-04-20T01:31:02Z</time>
   </trkpt>
   <trkpt lat="47.3811160" lon="-122.0456080">
    <ele>144.1</ele>
    <time>2022-04-20T01:31:03Z</time>
   </trkpt>
   <trkpt lat="47.3811140" lon="-122.0455940">
    <ele>144.1</ele>
    <time>2022-04-20T01:31:04Z</time>
   </trkpt>
   <trkpt lat="47.3811090" lon="-122.0455800">
    <ele>144.1</ele>
    <time>2022-04-20T01:31:05Z</time>
   </trkpt>
   <trkpt lat="47.3811060" lon="-122.0455640">
    <ele>144.1</ele>
    <time>2022-04-20T01:31:06Z</time>
   </trkpt>
   <trkpt lat="47.3811070" lon="-122.0455530">
    <ele>144.1</ele>
    <time>2022-04-20T01:31:07Z</time>
   </trkpt>
   <trkpt lat="47.3811040" lon="-122.0455400">
    <ele>144.1</ele>
    <time>2022-04-20T01:31:08Z</time>
   </trkpt>
   <trkpt lat="47.3811020" lon="-122.0455180">
    <ele>144.1</ele>
    <time>2022-04-20T01:31:09Z</time>
   </trkpt>
   <trkpt lat="47.3811030" lon="-122.0455090">
    <ele>144.1</ele>
    <time>2022-04-20T01:31:10Z</time>
   </trkpt>
   <trkpt lat="47.3811030" lon="-122.0455010">
    <ele>144.2</ele>
    <time>2022-04-20T01:31:11Z</time>
   </trkpt>
   <trkpt lat="47.3811040" lon="-122.0454920">
    <ele>144.2</ele>
    <time>2022-04-20T01:31:12Z</time>
   </trkpt>
   <trkpt lat="47.3811050" lon="-122.0454840">
    <ele>144.2</ele>
    <time>2022-04-20T01:31:13Z</time>
   </trkpt>
   <trkpt lat="47.3811000" lon="-122.0454720">
    <ele>144.2</ele>
    <time>2022-04-20T01:31:14Z</time>
   </trkpt>
   <trkpt lat="47.3810950" lon="-122.0454570">
    <ele>144.2</ele>
    <time>2022-04-20T01:31:15Z</time>
   </trkpt>
   <trkpt lat="47.3810910" lon="-122.0454440">
    <ele>144.2</ele>
    <time>2022-04-20T01:31:16Z</time>
   </trkpt>
   <trkpt lat="47.3810920" lon="-122.0454300">
    <ele>144.2</ele>
    <time>2022-04-20T01:31:17Z</time>
   </trkpt>
   <trkpt lat="47.3810890" lon="-122.0454130">
    <ele>144.2</ele>
    <time>2022-04-20T01:31:18Z</time>
   </trkpt>
   <trkpt lat="47.3810890" lon="-122.0453980">
    <ele>144.2</ele>
    <time>2022-04-20T01:31:19Z</time>
   </trkpt>
   <trkpt lat="47.3810900" lon="-122.0453920">
    <ele>144.2</ele>
    <time>2022-04-20T01:31:20Z</time>
   </trkpt>
   <trkpt lat="47.3810890" lon="-122.0453770">
    <ele>144.3</ele>
    <time>2022-04-20T01:31:21Z</time>
   </trkpt>
   <trkpt lat="47.3810920" lon="-122.0453640">
    <ele>144.3</ele>
    <time>2022-04-20T01:31:22Z</time>
   </trkpt>
   <trkpt lat="47.3810860" lon="-122.0453500">
    <ele>144.3</ele>
    <time>2022-04-20T01:31:23Z</time>
   </trkpt>
   <trkpt lat="47.3810830" lon="-122.0453350">
    <ele>144.3</ele>
    <time>2022-04-20T01:31:24Z</time>
   </trkpt>
   <trkpt lat="47.3810820" lon="-122.0453200">
    <ele>144.3</ele>
    <time>2022-04-20T01:31:25Z</time>
   </trkpt>
   <trkpt lat="47.3810770" lon="-122.0453020">
    <ele>144.3</ele>
    <time>2022-04-20T01:31:26Z</time>
   </trkpt>
   <trkpt lat="47.3810760" lon="-122.0452820">
    <ele>144.3</ele>
    <time>2022-04-20T01:31:27Z</time>
   </trkpt>
   <trkpt lat="47.3810680" lon="-122.0452630">
    <ele>144.4</ele>
    <time>2022-04-20T01:31:28Z</time>
   </trkpt>
   <trkpt lat="47.3810630" lon="-122.0452420">
    <ele>144.4</ele>
    <time>2022-04-20T01:31:29Z</time>
   </trkpt>
   <trkpt lat="47.3810580" lon="-122.0452190">
    <ele>144.4</ele>
    <time>2022-04-20T01:31:30Z</time>
   </trkpt>
   <trkpt lat="47.3810530" lon="-122.0452020">
    <ele>144.4</ele>
    <time>2022-04-20T01:31:31Z</time>
   </trkpt>
   <trkpt lat="47.3810510" lon="-122.0451950">
    <ele>144.4</ele>
    <time>2022-04-20T01:31:32Z</time>
   </trkpt>
   <trkpt lat="47.3810480" lon="-122.0451800">
    <ele>144.4</ele>
    <time>2022-04-20T01:31:33Z</time>
   </trkpt>
   <trkpt lat="47.3810430" lon="-122.0451630">
    <ele>144.4</ele>
    <time>2022-04-20T01:31:34Z</time>
   </trkpt>
   <trkpt lat="47.3810440" lon="-122.0451520">
    <ele>144.5</ele>
    <time>2022-04-20T01:31:35Z</time>
   </trkpt>
   <trkpt lat="47.3810400" lon="-122.0451380">
    <ele>144.5</ele>
    <time>2022-04-20T01:31:36Z</time>
   </trkpt>
   <trkpt lat="47.3810330" lon="-122.0451330">
    <ele>144.5</ele>
    <time>2022-04-20T01:31:37Z</time>
   </trkpt>
   <trkpt lat="47.3810260" lon="-122.0451250">
    <ele>144.5</ele>
    <time>2022-04-20T01:31:38Z</time>
   </trkpt>
   <trkpt lat="47.3810190" lon="-122.0451080">
    <ele>144.5</ele>
    <time>2022-04-20T01:31:39Z</time>
   </trkpt>
   <trkpt lat="47.3810210" lon="-122.0450900">
    <ele>144.5</ele>
    <time>2022-04-20T01:31:40Z</time>
   </trkpt>
   <trkpt lat="47.3810090" lon="-122.0450690">
    <ele>144.6</ele>
    <time>2022-04-20T01:31:41Z</time>
   </trkpt>
   <trkpt lat="47.3810090" lon="-122.0450510">
    <ele>144.6</ele>
    <time>2022-04-20T01:31:42Z</time>
   </trkpt>
   <trkpt lat="47.3810060" lon="-122.0450340">
    <ele>144.6</ele>
    <time>2022-04-20T01:31:43Z</time>
   </trkpt>
   <trkpt lat="47.3810050" lon="-122.0450200">
    <ele>144.6</ele>
    <time>2022-04-20T01:31:44Z</time>
   </trkpt>
   <trkpt lat="47.3809960" lon="-122.0449970">
    <ele>144.6</ele>
    <time>2022-04-20T01:31:45Z</time>
   </trkpt>
   <trkpt lat="47.3809870" lon="-122.0449840">
    <ele>144.6</ele>
    <time>2022-04-20T01:31:46Z</time>
   </trkpt>
   <trkpt lat="47.3809870" lon="-122.0449690">
    <ele>144.7</ele>
    <time>2022-04-20T01:31:47Z</time>
   </trkpt>
   <trkpt lat="47.3809870" lon="-122.0449540">
    <ele>144.7</ele>
    <time>2022-04-20T01:31:48Z</time>
   </trkpt>
   <trkpt lat="47.3809870" lon="-122.0449390">
    <ele>144.7</ele>
    <time>2022-04-20T01:31:49Z</time>
   </trkpt>
   <trkpt lat="47.3809890" lon="-122.0449260">
    <ele>144.7</ele>
    <time>2022-04-20T01:31:50Z</time>
   </trkpt>
   <trkpt lat="47.3809880" lon="-122.0449070">
    <ele>144.7</ele>
    <time>2022-04-20T01:31:51Z</time>
   </trkpt>
   <trkpt lat="47.3809840" lon="-122.0448890">
    <ele>144.7</ele>
    <time>2022-04-20T01:31:52Z</time>
   </trkpt>
   <trkpt lat="47.3809890" lon="-122.0448710">
    <ele>144.7</ele>
    <time>2022-04-20T01:31:53Z</time>
   </trkpt>
   <trkpt lat="47.3809900" lon="-122.0448590">
    <ele>144.7</ele>
    <time>2022-04-20T01:31:54Z</time>
   </trkpt>
   <trkpt lat="47.3809880" lon="-122.0448400">
    <ele>144.8</ele>
    <time>2022-04-20T01:31:55Z</time>
   </trkpt>
   <trkpt lat="47.3809850" lon="-122.0448270">
    <ele>144.8</ele>
    <time>2022-04-20T01:31:56Z</time>
   </trkpt>
   <trkpt lat="47.3809820" lon="-122.0448150">
    <ele>144.8</ele>
    <time>2022-04-20T01:31:57Z</time>
   </trkpt>
   <trkpt lat="47.3809820" lon="-122.0448000">
    <ele>144.8</ele>
    <time>2022-04-20T01:31:58Z</time>
   </trkpt>
   <trkpt lat="47.3809840" lon="-122.0447770">
    <ele>144.8</ele>
    <time>2022-04-20T01:31:59Z</time>
   </trkpt>
   <trkpt lat="47.3809810" lon="-122.0447630">
    <ele>144.8</ele>
    <time>2022-04-20T01:32:00Z</time>
   </trkpt>
   <trkpt lat="47.3809790" lon="-122.0447470">
    <ele>144.8</ele>
    <time>2022-04-20T01:32:01Z</time>
   </trkpt>
   <trkpt lat="47.3809720" lon="-122.0447140">
    <ele>144.9</ele>
    <time>2022-04-20T01:32:02Z</time>
   </trkpt>
   <trkpt lat="47.3809710" lon="-122.0447030">
    <ele>144.9</ele>
    <time>2022-04-20T01:32:03Z</time>
   </trkpt>
   <trkpt lat="47.3809700" lon="-122.0446930">
    <ele>144.9</ele>
    <time>2022-04-20T01:32:04Z</time>
   </trkpt>
   <trkpt lat="47.3809660" lon="-122.0446830">
    <ele>144.9</ele>
    <time>2022-04-20T01:32:05Z</time>
   </trkpt>
   <trkpt lat="47.3809670" lon="-122.0446660">
    <ele>144.9</ele>
    <time>2022-04-20T01:32:06Z</time>
   </trkpt>
   <trkpt lat="47.3809620" lon="-122.0446480">
    <ele>144.9</ele>
    <time>2022-04-20T01:32:07Z</time>
   </trkpt>
   <trkpt lat="47.3809610" lon="-122.0446200">
    <ele>145.0</ele>
    <time>2022-04-20T01:32:08Z</time>
   </trkpt>
   <trkpt lat="47.3809610" lon="-122.0446070">
    <ele>145.0</ele>
    <time>2022-04-20T01:32:09Z</time>
   </trkpt>
   <trkpt lat="47.3809620" lon="-122.0445940">
    <ele>145.0</ele>
    <time>2022-04-20T01:32:10Z</time>
   </trkpt>
   <trkpt lat="47.3809620" lon="-122.0445690">
    <ele>145.0</ele>
    <time>2022-04-20T01:32:11Z</time>
   </trkpt>
   <trkpt lat="47.3809610" lon="-122.0445570">
    <ele>145.0</ele>
    <time>2022-04-20T01:32:12Z</time>
   </trkpt>
   <trkpt lat="47.3809600" lon="-122.0445450">
    <ele>145.0</ele>
    <time>2022-04-20T01:32:13Z</time>
   </trkpt>
   <trkpt lat="47.3809600" lon="-122.0445330">
    <ele>145.0</ele>
    <time>2022-04-20T01:32:14Z</time>
   </trkpt>
   <trkpt lat="47.3809590" lon="-122.0445210">
    <ele>145.0</ele>
    <time>2022-04-20T01:32:15Z</time>
   </trkpt>
   <trkpt lat="47.3809580" lon="-122.0445090">
    <ele>145.1</ele>
    <time>2022-04-20T01:32:16Z</time>
   </trkpt>
   <trkpt lat="47.3809580" lon="-122.0444970">
    <ele>145.1</ele>
    <time>2022-04-20T01:32:17Z</time>
   </trkpt>
   <trkpt lat="47.3809570" lon="-122.0444850">
    <ele>145.1</ele>
    <time>2022-04-20T01:32:18Z</time>
   </trkpt>
   <trkpt lat="47.3809560" lon="-122.0444680">
    <ele>145.1</ele>
    <time>2022-04-20T01:32:19Z</time>
   </trkpt>
   <trkpt lat="47.3809530" lon="-122.0444510">
    <ele>145.1</ele>
    <time>2022-04-20T01:32:20Z</time>
   </trkpt>
   <trkpt lat="47.3809490" lon="-122.0444310">
    <ele>145.1</ele>
    <time>2022-04-20T01:32:21Z</time>
   </trkpt>
   <trkpt lat="47.3809480" lon="-122.0444100">
    <ele>145.1</ele>
    <time>2022-04-20T01:32:22Z</time>
   </trkpt>
   <trkpt lat="47.3809440" lon="-122.0443900">
    <ele>145.2</ele>
    <time>2022-04-20T01:32:23Z</time>
   </trkpt>
   <trkpt lat="47.3809420" lon="-122.0443710">
    <ele>145.2</ele>
    <time>2022-04-20T01:32:24Z</time>
   </trkpt>
   <trkpt lat="47.3809420" lon="-122.0443540">
    <ele>145.2</ele>
    <time>2022-04-20T01:32:25Z</time>
   </trkpt>
   <trkpt lat="47.3809430" lon="-122.0443380">
    <ele>145.2</ele>
    <time>2022-04-20T01:32:26Z</time>
   </trkpt>
   <trkpt lat="47.3809430" lon="-122.0443210">
    <ele>145.2</ele>
    <time>2022-04-20T01:32:27Z</time>
   </trkpt>
   <trkpt lat="47.3809370" lon="-122.0443030">
    <ele>145.2</ele>
    <time>2022-04-20T01:32:28Z</time>
   </trkpt>
   <trkpt lat="47.3809370" lon="-122.0442900">
    <ele>145.3</ele>
    <time>2022-04-20T01:32:29Z</time>
   </trkpt>
   <trkpt lat="47.3809410" lon="-122.0442730">
    <ele>145.3</ele>
    <time>2022-04-20T01:32:30Z</time>
   </trkpt>
   <trkpt lat="47.3809410" lon="-122.0442570">
    <ele>145.3</ele>
    <time>2022-04-20T01:32:31Z</time>
   </trkpt>
   <trkpt lat="47.3809410" lon="-122.0442450">
    <ele>145.3</ele>
    <time>2022-04-20T01:32:32Z</time>
   </trkpt>
   <trkpt lat="47.3809430" lon="-122.0442250">
    <ele>145.3</ele>
    <time>2022-04-20T01:32:33Z</time>
   </trkpt>
   <trkpt lat="47.3809440" lon="-122.0442070">
    <ele>145.3</ele>
    <time>2022-04-20T01:32:34Z</time>
   </trkpt>
   <trkpt lat="47.3809460" lon="-122.0441920">
    <ele>145.3</ele>
    <time>2022-04-20T01:32:35Z</time>
   </trkpt>
   <trkpt lat="47.3809510" lon="-122.0441780">
    <ele>145.4</ele>
    <time>2022-04-20T01:32:36Z</time>
   </trkpt>
   <trkpt lat="47.3809540" lon="-122.0441610">
    <ele>145.4</ele>
    <time>2022-04-20T01:32:37Z</time>
   </trkpt>
   <trkpt lat="47.3809540" lon="-122.0441460">
    <ele>145.4</ele>
    <time>2022-04-20T01:32:38Z</time>
   </trkpt>
   <trkpt lat="47.3809550" lon="-122.0441330">
    <ele>145.4</ele>
    <time>2022-04-20T01:32:39Z</time>
   </trkpt>
   <trkpt lat="47.3809580" lon="-122.0441160">
    <ele>145.4</ele>
    <time>2022-04-20T01:32:40Z</time>
   </trkpt>
   <trkpt lat="47.3809540" lon="-122.0441050">
    <ele>145.4</ele>
    <time>2022-04-20T01:32:41Z</time>
   </trkpt>
   <trkpt lat="47.3809530" lon="-122.0440900">
    <ele>145.4</ele>
    <time>2022-04-20T01:32:42Z</time>
   </trkpt>
   <trkpt lat="47.3809480" lon="-122.0440760">
    <ele>145.4</ele>
    <time>2022-04-20T01:32:43Z</time>
   </trkpt>
   <trkpt lat="47.3809460" lon="-122.0440630">
    <ele>145.5</ele>
    <time>2022-04-20T01:32:44Z</time>
   </trkpt>
   <trkpt lat="47.3809430" lon="-122.0440480">
    <ele>145.5</ele>
    <time>2022-04-20T01:32:45Z</time>
   </trkpt>
   <trkpt lat="47.3809370" lon="-122.0440330">
    <ele>145.5</ele>
    <time>2022-04-20T01:32:46Z</time>
   </trkpt>
   <trkpt lat="47.3809450" lon="-122.0440210">
    <ele>145.5</ele>
    <time>2022-04-20T01:32:47Z</time>
   </trkpt>
   <trkpt lat="47.3809430" lon="-122.0439970">
    <ele>145.5</ele>
    <time>2022-04-20T01:32:48Z</time>
   </trkpt>
   <trkpt lat="47.3809410" lon="-122.0439730">
    <ele>145.5</ele>
    <time>2022-04-20T01:32:49Z</time>
   </trkpt>
   <trkpt lat="47.3809440" lon="-122.0439520">
    <ele>145.6</ele>
    <time>2022-04-20T01:32:50Z</time>
   </trkpt>
   <trkpt lat="47.3809440" lon="-122.0439220">
    <ele>145.6</ele>
    <time>2022-04-20T01:32:51Z</time>
   </trkpt>
   <trkpt lat="47.3809410" lon="-122.0439100">
    <ele>145.6</ele>
    <time>2022-04-20T01:32:52Z</time>
   </trkpt>
   <trkpt lat="47.3809390" lon="-122.0438990">
    <ele>145.6</ele>
    <time>2022-04-20T01:32:53Z</time>
   </trkpt>
   <trkpt lat="47.3809350" lon="-122.0438780">
    <ele>145.6</ele>
    <time>2022-04-20T01:32:54Z</time>
   </trkpt>
   <trkpt lat="47.3809360" lon="-122.0438640">
    <ele>145.6</ele>
    <time>2022-04-20T01:32:55Z</time>
   </trkpt>
   <trkpt lat="47.3809290" lon="-122.0438490">
    <ele>145.7</ele>
    <time>2022-04-20T01:32:56Z</time>
   </trkpt>
   <trkpt lat="47.3809250" lon="-122.0438320">
    <ele>145.7</ele>
    <time>2022-04-20T01:32:57Z</time>
   </trkpt>
   <trkpt lat="47.3809230" lon="-122.0438210">
    <ele>145.7</ele>
    <time>2022-04-20T01:32:58Z</time>
   </trkpt>
   <trkpt lat="47.3809220" lon="-122.0438040">
    <ele>145.7</ele>
    <time>2022-04-20T01:32:59Z</time>
   </trkpt>
   <trkpt lat="47.3809190" lon="-122.0437860">
    <ele>145.7</ele>
    <time>2022-04-20T01:33:00Z</time>
   </trkpt>
   <trkpt lat="47.3809220" lon="-122.0437730">
    <ele>145.7</ele>
    <time>2022-04-20T01:33:01Z</time>
   </trkpt>
   <trkpt lat="47.3809260" lon="-122.0437600">
    <ele>145.7</ele>
    <time>2022-04-20T01:33:02Z</time>
   </trkpt>
   <trkpt lat="47.3809270" lon="-122.0437460">
    <ele>145.8</ele>
    <time>2022-04-20T01:33:03Z</time>
   </trkpt>
   <trkpt lat="47.3809290" lon="-122.0437350">
    <ele>145.8</ele>
    <time>2022-04-20T01:33:04Z</time>
   </trkpt>
   <trkpt lat="47.3809300" lon="-122.0437160">
    <ele>145.8</ele>
    <time>2022-04-20T01:33:05Z</time>
   </trkpt>
   <trkpt lat="47.3809350" lon="-122.0437100">
    <ele>145.8</ele>
    <time>2022-04-20T01:33:06Z</time>
   </trkpt>
   <trkpt lat="47.3809350" lon="-122.0436870">
    <ele>145.8</ele>
    <time>2022-04-20T01:33:07Z</time>
   </trkpt>
   <trkpt lat="47.3809340" lon="-122.0436740">
    <ele>145.8</ele>
    <time>2022-04-20T01:33:08Z</time>
   </trkpt>
   <trkpt lat="47.3809280" lon="-122.0436530">
    <ele>145.9</ele>
    <time>2022-04-20T01:33:09Z</time>
   </trkpt>
   <trkpt lat="47.3809280" lon="-122.0436430">
    <ele>145.9</ele>
    <time>2022-04-20T01:33:10Z</time>
   </trkpt>
   <trkpt lat="47.3809310" lon="-122.0436310">
    <ele>145.9</ele>
    <time>2022-04-20T01:33:11Z</time>
   </trkpt>
   <trkpt lat="47.3809300" lon="-122.0436070">
    <ele>145.9</ele>
    <time>2022-04-20T01:33:12Z</time>
   </trkpt>
   <trkpt lat="47.3809340" lon="-122.0435980">
    <ele>145.9</ele>
    <time>2022-04-20T01:33:13Z</time>
   </trkpt>
   <trkpt lat="47.3809400" lon="-122.0435890">
    <ele>145.9</ele>
    <time>2022-04-20T01:33:14Z</time>
   </trkpt>
   <trkpt lat="47.3809390" lon="-122.0435730">
    <ele>145.9</ele>
    <time>2022-04-20T01:33:15Z</time>
   </trkpt>
   <trkpt lat="47.3809400" lon="-122.0435620">
    <ele>146.0</ele>
    <time>2022-04-20T01:33:16Z</time>
   </trkpt>
   <trkpt lat="47.3809410" lon="-122.0435470">
    <ele>146.0</ele>
    <time>2022-04-20T01:33:17Z</time>
   </trkpt>
   <trkpt lat="47.3809410" lon="-122.0435220">
    <ele>146.0</ele>
    <time>2022-04-20T01:33:18Z</time>
   </trkpt>
   <trkpt lat="47.3809410" lon="-122.0435030">
    <ele>146.0</ele>
    <time>2022-04-20T01:33:19Z</time>
   </trkpt>
   <trkpt lat="47.3809420" lon="-122.0434900">
    <ele>146.0</ele>
    <time>2022-04-20T01:33:20Z</time>
   </trkpt>
   <trkpt lat="47.3809440" lon="-122.0434700">
    <ele>146.0</ele>
    <time>2022-04-20T01:33:21Z</time>
   </trkpt>
   <trkpt lat="47.3809430" lon="-122.0434610">
    <ele>146.0</ele>
    <time>2022-04-20T01:33:22Z</time>
   </trkpt>
   <trkpt lat="47.3809390" lon="-122.0434250">
    <ele>146.1</ele>
    <time>2022-04-20T01:33:23Z</time>
   </trkpt>
   <trkpt lat="47.3809370" lon="-122.0434170">
    <ele>146.1</ele>
    <time>2022-04-20T01:33:24Z</time>
   </trkpt>
   <trkpt lat="47.3809350" lon="-122.0434090">
    <ele>146.1</ele>
    <time>2022-04-20T01:33:25Z</time>
   </trkpt>
   <trkpt lat="47.3809360" lon="-122.0433950">
    <ele>146.1</ele>
    <time>2022-04-20T01:33:26Z</time>
   </trkpt>
   <trkpt lat="47.3809390" lon="-122.0433740">
    <ele>146.1</ele>
    <time>2022-04-20T01:33:27Z</time>
   </trkpt>
   <trkpt lat="47.3809400" lon="-122.0433620">
    <ele>146.1</ele>
    <time>2022-04-20T01:33:28Z</time>
   </trkpt>
   <trkpt lat="47.3809360" lon="-122.0433390">
    <ele>146.1</ele>
    <time>2022-04-20T01:33:29Z</time>
   </trkpt>
   <trkpt lat="47.3809350" lon="-122.0433160">
    <ele>146.1</ele>
    <time>2022-04-20T01:33:30Z</time>
   </trkpt>
   <trkpt lat="47.3809360" lon="-122.0432990">
    <ele>146.2</ele>
    <time>2022-04-20T01:33:31Z</time>
   </trkpt>
   <trkpt lat="47.3809360" lon="-122.0432730">
    <ele>146.2</ele>
    <time>2022-04-20T01:33:32Z</time>
   </trkpt>
   <trkpt lat="47.3809320" lon="-122.0432510">
    <ele>146.2</ele>
    <time>2022-04-20T01:33:33Z</time>
   </trkpt>
   <trkpt lat="47.3809290" lon="-122.0432320">
    <ele>146.2</ele>
    <time>2022-04-20T01:33:34Z</time>
   </trkpt>
   <trkpt lat="47.3809300" lon="-122.0432050">
    <ele>146.2</ele>
    <time>2022-04-20T01:33:35Z</time>
   </trkpt>
   <trkpt lat="47.3809340" lon="-122.0431910">
    <ele>146.2</ele>
    <time>2022-04-20T01:33:36Z</time>
   </trkpt>
   <trkpt lat="47.3809380" lon="-122.0431770">
    <ele>146.2</ele>
    <time>2022-04-20T01:33:37Z</time>
   </trkpt>
   <trkpt lat="47.3809390" lon="-122.0431560">
    <ele>146.2</ele>
    <time>2022-04-20T01:33:38Z</time>
   </trkpt>
   <trkpt lat="47.3809390" lon="-122.0431430">
    <ele>146.2</ele>
    <time>2022-04-20T01:33:39Z</time>
   </trkpt>
   <trkpt lat="47.3809390" lon="-122.0431300">
    <ele>146.2</ele>
    <time>2022-04-20T01:33:40Z</time>
   </trkpt>
   <trkpt lat="47.3809390" lon="-122.0431160">
    <ele>146.2</ele>
    <time>2022-04-20T01:33:41Z</time>
   </trkpt>
   <trkpt lat="47.3809350" lon="-122.0431010">
    <ele>146.3</ele>
    <time>2022-04-20T01:33:42Z</time>
   </trkpt>
   <trkpt lat="47.3809340" lon="-122.0430860">
    <ele>146.3</ele>
    <time>2022-04-20T01:33:43Z</time>
   </trkpt>
   <trkpt lat="47.3809370" lon="-122.0430660">
    <ele>146.3</ele>
    <time>2022-04-20T01:33:44Z</time>
   </trkpt>
   <trkpt lat="47.3809390" lon="-122.0430530">
    <ele>146.3</ele>
    <time>2022-04-20T01:33:45Z</time>
   </trkpt>
   <trkpt lat="47.3809410" lon="-122.0430410">
    <ele>146.3</ele>
    <time>2022-04-20T01:33:46Z</time>
   </trkpt>
   <trkpt lat="47.3809400" lon="-122.0430210">
    <ele>146.3</ele>
    <time>2022-04-20T01:33:47Z</time>
   </trkpt>
   <trkpt lat="47.3809410" lon="-122.0430000">
    <ele>146.3</ele>
    <time>2022-04-20T01:33:48Z</time>
   </trkpt>
   <trkpt lat="47.3809450" lon="-122.0429770">
    <ele>146.3</ele>
    <time>2022-04-20T01:33:49Z</time>
   </trkpt>
   <trkpt lat="47.3809530" lon="-122.0429610">
    <ele>146.3</ele>
    <time>2022-04-20T01:33:50Z</time>
   </trkpt>
   <trkpt lat="47.3809550" lon="-122.0429400">
    <ele>146.3</ele>
    <time>2022-04-20T01:33:51Z</time>
   </trkpt>
   <trkpt lat="47.3809540" lon="-122.0429260">
    <ele>146.3</ele>
    <time>2022-04-20T01:33:52Z</time>
   </trkpt>
   <trkpt lat="47.3809580" lon="-122.0429080">
    <ele>146.3</ele>
    <time>2022-04-20T01:33:53Z</time>
   </trkpt>
   <trkpt lat="47.3809590" lon="-122.0428900">
    <ele>146.3</ele>
    <time>2022-04-20T01:33:54Z</time>
   </trkpt>
   <trkpt lat="47.3809620" lon="-122.0428730">
    <ele>146.3</ele>
    <time>2022-04-20T01:33:55Z</time>
   </trkpt>
   <trkpt lat="47.3809550" lon="-122.0428600">
    <ele>146.3</ele>
    <time>2022-04-20T01:33:56Z</time>
   </trkpt>
   <trkpt lat="47.3809540" lon="-122.0428410">
    <ele>146.3</ele>
    <time>2022-04-20T01:33:57Z</time>
   </trkpt>
   <trkpt lat="47.3809510" lon="-122.0428280">
    <ele>146.3</ele>
    <time>2022-04-20T01:33:58Z</time>
   </trkpt>
   <trkpt lat="47.3809510" lon="-122.0428130">
    <ele>146.3</ele>
    <time>2022-04-20T01:33:59Z</time>
   </trkpt>
   <trkpt lat="47.3809570" lon="-122.0427940">
    <ele>146.3</ele>
    <time>2022-04-20T01:34:00Z</time>
   </trkpt>
   <trkpt lat="47.3809570" lon="-122.0427770">
    <ele>146.4</ele>
    <time>2022-04-20T01:34:01Z</time>
   </trkpt>
   <trkpt lat="47.3809520" lon="-122.0427630">
    <ele>146.4</ele>
    <time>2022-04-20T01:34:02Z</time>
   </trkpt>
   <trkpt lat="47.3809490" lon="-122.0427520">
    <ele>146.4</ele>
    <time>2022-04-20T01:34:03Z</time>
   </trkpt>
   <trkpt lat="47.3809490" lon="-122.0427380">
    <ele>146.4</ele>
    <time>2022-04-20T01:34:04Z</time>
   </trkpt>
   <trkpt lat="47.3809510" lon="-122.0427210">
    <ele>146.4</ele>
    <time>2022-04-20T01:34:05Z</time>
   </trkpt>
   <trkpt lat="47.3809530" lon="-122.0427080">
    <ele>146.4</ele>
    <time>2022-04-20T01:34:06Z</time>
   </trkpt>
   <trkpt lat="47.3809560" lon="-122.0426900">
    <ele>146.4</ele>
    <time>2022-04-20T01:34:07Z</time>
   </trkpt>
   <trkpt lat="47.3809580" lon="-122.0426710">
    <ele>146.4</ele>
    <time>2022-04-20T01:34:08Z</time>
   </trkpt>
   <trkpt lat="47.3809550" lon="-122.0426610">
    <ele>146.4</ele>
    <time>2022-04-20T01:34:09Z</time>
   </trkpt>
   <trkpt lat="47.3809560" lon="-122.0426440">
    <ele>146.4</ele>
    <time>2022-04-20T01:34:10Z</time>
   </trkpt>
   <trkpt lat="47.3809610" lon="-122.0426370">
    <ele>146.4</ele>
    <time>2022-04-20T01:34:11Z</time>
   </trkpt>
   <trkpt lat="47.3809600" lon="-122.0426220">
    <ele>146.4</ele>
    <time>2022-04-20T01:34:12Z</time>
   </trkpt>
   <trkpt lat="47.3809640" lon="-122.0426040">
    <ele>146.4</ele>
    <time>2022-04-20T01:34:13Z</time>
   </trkpt>
   <trkpt lat="47.3809640" lon="-122.0425940">
    <ele>146.4</ele>
    <time>2022-04-20T01:34:14Z</time>
   </trkpt>
   <trkpt lat="47.3809620" lon="-122.0425770">
    <ele>146.4</ele>
    <time>2022-04-20T01:34:15Z</time>
   </trkpt>
   <trkpt lat="47.3809600" lon="-122.0425650">
    <ele>146.4</ele>
    <time>2022-04-20T01:34:16Z</time>
   </trkpt>
   <trkpt lat="47.3809520" lon="-122.0425460">
    <ele>146.4</ele>
    <time>2022-04-20T01:34:17Z</time>
   </trkpt>
   <trkpt lat="47.3809450" lon="-122.0425420">
    <ele>146.4</ele>
    <time>2022-04-20T01:34:18Z</time>
   </trkpt>
   <trkpt lat="47.3809420" lon="-122.0425370">
    <ele>146.4</ele>
    <time>2022-04-20T01:34:19Z</time>
   </trkpt>
   <trkpt lat="47.3809400" lon="-122.0425330">
    <ele>146.4</ele>
    <time>2022-04-20T01:34:20Z</time>
   </trkpt>
   <trkpt lat="47.3809310" lon="-122.0425270">
    <ele>146.4</ele>
    <time>2022-04-20T01:34:21Z</time>
   </trkpt>
   <trkpt lat="47.3809140" lon="-122.0425260">
    <ele>146.4</ele>
    <time>2022-04-20T01:34:22Z</time>
   </trkpt>
   <trkpt lat="47.3809060" lon="-122.0425210">
    <ele>146.4</ele>
    <time>2022-04-20T01:34:23Z</time>
   </trkpt>
   <trkpt lat="47.3809000" lon="-122.0425150">
    <ele>146.4</ele>
    <time>2022-04-20T01:34:24Z</time>
   </trkpt>
   <trkpt lat="47.3808870" lon="-122.0425210">
    <ele>146.4</ele>
    <time>2022-04-20T01:34:25Z</time>
   </trkpt>
   <trkpt lat="47.3808720" lon="-122.0425180">
    <ele>146.0</ele>
    <time>2022-04-20T01:34:26Z</time>
   </trkpt>
   <trkpt lat="47.3808660" lon="-122.0425160">
    <ele>145.9</ele>
    <time>2022-04-20T01:34:27Z</time>
   </trkpt>
   <trkpt lat="47.3808600" lon="-122.0425140">
    <ele>145.8</ele>
    <time>2022-04-20T01:34:28Z</time>
   </trkpt>
   <trkpt lat="47.3808530" lon="-122.0425120">
    <ele>145.7</ele>
    <time>2022-04-20T01:34:29Z</time>
   </trkpt>
   <trkpt lat="47.3808470" lon="-122.0425100">
    <ele>145.5</ele>
    <time>2022-04-20T01:34:30Z</time>
   </trkpt>
   <trkpt lat="47.3808410" lon="-122.0425080">
    <ele>145.4</ele>
    <time>2022-04-20T01:34:31Z</time>
   </trkpt>
   <trkpt lat="47.3808350" lon="-122.0425060">
    <ele>145.3</ele>
    <time>2022-04-20T01:34:32Z</time>
   </trkpt>
   <trkpt lat="47.3808290" lon="-122.0425040">
    <ele>145.2</ele>
    <time>2022-04-20T01:34:33Z</time>
   </trkpt>
   <trkpt lat="47.3808200" lon="-122.0425040">
    <ele>145.1</ele>
    <time>2022-04-20T01:34:34Z</time>
   </trkpt>
   <trkpt lat="47.3808090" lon="-122.0424980">
    <ele>144.9</ele>
    <time>2022-04-20T01:34:35Z</time>
   </trkpt>
   <trkpt lat="47.3807960" lon="-122.0424990">
    <ele>144.6</ele>
    <time>2022-04-20T01:34:36Z</time>
   </trkpt>
   <trkpt lat="47.3807820" lon="-122.0425020">
    <ele>144.4</ele>
    <time>2022-04-20T01:34:37Z</time>
   </trkpt>
   <trkpt lat="47.3807670" lon="-122.0425010">
    <ele>144.1</ele>
    <time>2022-04-20T01:34:38Z</time>
   </trkpt>
   <trkpt lat="47.3807610" lon="-122.0425040">
    <ele>144.0</ele>
    <time>2022-04-20T01:34:39Z</time>
   </trkpt>
   <trkpt lat="47.3807510" lon="-122.0425080">
    <ele>143.8</ele>
    <time>2022-04-20T01:34:40Z</time>
   </trkpt>
   <trkpt lat="47.3807450" lon="-122.0425090">
    <ele>142.8</ele>
    <time>2022-04-20T01:34:41Z</time>
   </trkpt>
   <trkpt lat="47.3807380" lon="-122.0425090">
    <ele>142.8</ele>
    <time>2022-04-20T01:34:42Z</time>
   </trkpt>
   <trkpt lat="47.3807330" lon="-122.0425080">
    <ele>142.8</ele>
    <time>2022-04-20T01:34:43Z</time>
   </trkpt>
   <trkpt lat="47.3807270" lon="-122.0425100">
    <ele>142.8</ele>
    <time>2022-04-20T01:34:44Z</time>
   </trkpt>
   <trkpt lat="47.3807220" lon="-122.0425240">
    <ele>142.9</ele>
    <time>2022-04-20T01:34:45Z</time>
   </trkpt>
   <trkpt lat="47.3807220" lon="-122.0425300">
    <ele>142.9</ele>
    <time>2022-04-20T01:34:46Z</time>
   </trkpt>
   <trkpt lat="47.3807120" lon="-122.0425390">
    <ele>142.9</ele>
    <time>2022-04-20T01:34:47Z</time>
   </trkpt>
   <trkpt lat="47.3807040" lon="-122.0425480">
    <ele>142.9</ele>
    <time>2022-04-20T01:34:48Z</time>
   </trkpt>
   <trkpt lat="47.3806980" lon="-122.0425520">
    <ele>142.9</ele>
    <time>2022-04-20T01:34:49Z</time>
   </trkpt>
   <trkpt lat="47.3806850" lon="-122.0425580">
    <ele>142.9</ele>
    <time>2022-04-20T01:34:50Z</time>
   </trkpt>
   <trkpt lat="47.3806680" lon="-122.0425720">
    <ele>143.0</ele>
    <time>2022-04-20T01:34:51Z</time>
   </trkpt>
   <trkpt lat="47.3806590" lon="-122.0425820">
    <ele>143.0</ele>
    <time>2022-04-20T01:34:52Z</time>
   </trkpt>
   <trkpt lat="47.3806490" lon="-122.0425910">
    <ele>143.0</ele>
    <time>2022-04-20T01:34:53Z</time>
   </trkpt>
   <trkpt lat="47.3806320" lon="-122.0426000">
    <ele>143.0</ele>
    <time>2022-04-20T01:34:54Z</time>
   </trkpt>
   <trkpt lat="47.3806180" lon="-122.0426120">
    <ele>143.1</ele>
    <time>2022-04-20T01:34:55Z</time>
   </trkpt>
   <trkpt lat="47.3806010" lon="-122.0426370">
    <ele>143.1</ele>
    <time>2022-04-20T01:34:56Z</time>
   </trkpt>
   <trkpt lat="47.3805960" lon="-122.0426480">
    <ele>143.1</ele>
    <time>2022-04-20T01:34:57Z</time>
   </trkpt>
   <trkpt lat="47.3805910" lon="-122.0426590">
    <ele>143.1</ele>
    <time>2022-04-20T01:34:58Z</time>
   </trkpt>
   <trkpt lat="47.3805830" lon="-122.0426620">
    <ele>143.1</ele>
    <time>2022-04-20T01:34:59Z</time>
   </trkpt>
   <trkpt lat="47.3805750" lon="-122.0426670">
    <ele>143.2</ele>
    <time>2022-04-20T01:35:00Z</time>
   </trkpt>
   <trkpt lat="47.3805650" lon="-122.0426740">
    <ele>143.2</ele>
    <time>2022-04-20T01:35:01Z</time>
   </trkpt>
   <trkpt lat="47.3805570" lon="-122.0426800">
    <ele>143.2</ele>
    <time>2022-04-20T01:35:02Z</time>
   </trkpt>
   <trkpt lat="47.3805510" lon="-122.0426810">
    <ele>143.2</ele>
    <time>2022-04-20T01:35:03Z</time>
   </trkpt>
   <trkpt lat="47.3805350" lon="-122.0426860">
    <ele>143.2</ele>
    <time>2022-04-20T01:35:04Z</time>
   </trkpt>
   <trkpt lat="47.3805290" lon="-122.0426850">
    <ele>143.2</ele>
    <time>2022-04-20T01:35:05Z</time>
   </trkpt>
   <trkpt lat="47.3805170" lon="-122.0426840">
    <ele>143.2</ele>
    <time>2022-04-20T01:35:06Z</time>
   </trkpt>
   <trkpt lat="47.3805070" lon="-122.0426880">
    <ele>143.2</ele>
    <time>2022-04-20T01:35:07Z</time>
   </trkpt>
   <trkpt lat="47.3805010" lon="-122.0426880">
    <ele>143.2</ele>
    <time>2022-04-20T01:35:08Z</time>
   </trkpt>
   <trkpt lat="47.3804890" lon="-122.0426860">
    <ele>143.2</ele>
    <time>2022-04-20T01:35:09Z</time>
   </trkpt>
   <trkpt lat="47.3804800" lon="-122.0426900">
    <ele>143.2</ele>
    <time>2022-04-20T01:35:10Z</time>
   </trkpt>
   <trkpt lat="47.3804710" lon="-122.0426850">
    <ele>143.3</ele>
    <time>2022-04-20T01:35:11Z</time>
   </trkpt>
   <trkpt lat="47.3804600" lon="-122.0426850">
    <ele>143.3</ele>
    <time>2022-04-20T01:35:12Z</time>
   </trkpt>
   <trkpt lat="47.3804490" lon="-122.0426860">
    <ele>143.3</ele>
    <time>2022-04-20T01:35:13Z</time>
   </trkpt>
   <trkpt lat="47.3804400" lon="-122.0426890">
    <ele>143.3</ele>
    <time>2022-04-20T01:35:14Z</time>
   </trkpt>
   <trkpt lat="47.3804290" lon="-122.0427010">
    <ele>143.3</ele>
    <time>2022-04-20T01:35:15Z</time>
   </trkpt>
   <trkpt lat="47.3804200" lon="-122.0427080">
    <ele>143.3</ele>
    <time>2022-04-20T01:35:16Z</time>
   </trkpt>
   <trkpt lat="47.3804140" lon="-122.0427110">
    <ele>143.3</ele>
    <time>2022-04-20T01:35:17Z</time>
   </trkpt>
   <trkpt lat="47.3803880" lon="-122.0427160">
    <ele>143.3</ele>
    <time>2022-04-20T01:35:18Z</time>
   </trkpt>
   <trkpt lat="47.3803780" lon="-122.0427150">
    <ele>143.3</ele>
    <time>2022-04-20T01:35:19Z</time>
   </trkpt>
   <trkpt lat="47.3803690" lon="-122.0427140">
    <ele>143.3</ele>
    <time>2022-04-20T01:35:20Z</time>
   </trkpt>
   <trkpt lat="47.3803590" lon="-122.0427130">
    <ele>143.3</ele>
    <time>2022-04-20T01:35:21Z</time>
   </trkpt>
   <trkpt lat="47.3803490" lon="-122.0427120">
    <ele>143.3</ele>
    <time>2022-04-20T01:35:22Z</time>
   </trkpt>
   <trkpt lat="47.3803400" lon="-122.0427110">
    <ele>143.3</ele>
    <time>2022-04-20T01:35:23Z</time>
   </trkpt>
   <trkpt lat="47.3803250" lon="-122.0427000">
    <ele>143.3</ele>
    <time>2022-04-20T01:35:24Z</time>
   </trkpt>
   <trkpt lat="47.3803170" lon="-122.0427000">
    <ele>143.3</ele>
    <time>2022-04-20T01:35:25Z</time>
   </trkpt>
   <trkpt lat="47.3803080" lon="-122.0426990">
    <ele>143.3</ele>
    <time>2022-04-20T01:35:26Z</time>
   </trkpt>
   <trkpt lat="47.3802960" lon="-122.0426960">
    <ele>143.3</ele>
    <time>2022-04-20T01:35:27Z</time>
   </trkpt>
   <trkpt lat="47.3802920" lon="-122.0426970">
    <ele>143.3</ele>
    <time>2022-04-20T01:35:28Z</time>
   </trkpt>
   <trkpt lat="47.3802830" lon="-122.0426990">
    <ele>143.3</ele>
    <time>2022-04-20T01:35:29Z</time>
   </trkpt>
   <trkpt lat="47.3802760" lon="-122.0426970">
    <ele>143.3</ele>
    <time>2022-04-20T01:35:30Z</time>
   </trkpt>
   <trkpt lat="47.3802630" lon="-122.0426790">
    <ele>143.2</ele>
    <time>2022-04-20T01:35:31Z</time>
   </trkpt>
   <trkpt lat="47.3802550" lon="-122.0426710">
    <ele>143.2</ele>
    <time>2022-04-20T01:35:32Z</time>
   </trkpt>
   <trkpt lat="47.3802480" lon="-122.0426620">
    <ele>143.2</ele>
    <time>2022-04-20T01:35:33Z</time>
   </trkpt>
   <trkpt lat="47.3802340" lon="-122.0426530">
    <ele>143.2</ele>
    <time>2022-04-20T01:35:34Z</time>
   </trkpt>
   <trkpt lat="47.3802220" lon="-122.0426430">
    <ele>143.2</ele>
    <time>2022-04-20T01:35:35Z</time>
   </trkpt>
   <trkpt lat="47.3802110" lon="-122.0426380">
    <ele>143.2</ele>
    <time>2022-04-20T01:35:36Z</time>
   </trkpt>
   <trkpt lat="47.3802050" lon="-122.0426300">
    <ele>143.2</ele>
    <time>2022-04-20T01:35:37Z</time>
   </trkpt>
   <trkpt lat="47.3802030" lon="-122.0426210">
    <ele>143.2</ele>
    <time>2022-04-20T01:35:38Z</time>
   </trkpt>
   <trkpt lat="47.3802040" lon="-122.0426130">
    <ele>143.2</ele>
    <time>2022-04-20T01:35:39Z</time>
   </trkpt>
   <trkpt lat="47.3801920" lon="-122.0426030">
    <ele>143.2</ele>
    <time>2022-04-20T01:35:40Z</time>
   </trkpt>
   <trkpt lat="47.3801780" lon="-122.0425950">
    <ele>143.2</ele>
    <time>2022-04-20T01:35:41Z</time>
   </trkpt>
   <trkpt lat="47.3801500" lon="-122.0425800">
    <ele>143.1</ele>
    <time>2022-04-20T01:35:42Z</time>
   </trkpt>
   <trkpt lat="47.3801400" lon="-122.0425750">
    <ele>143.1</ele>
    <time>2022-04-20T01:35:43Z</time>
   </trkpt>
   <trkpt lat="47.3801290" lon="-122.0425630">
    <ele>143.1</ele>
    <time>2022-04-20T01:35:44Z</time>
   </trkpt>
   <trkpt lat="47.3801180" lon="-122.0425560">
    <ele>143.1</ele>
    <time>2022-04-20T01:35:45Z</time>
   </trkpt>
   <trkpt lat="47.3801090" lon="-122.0425500">
    <ele>143.1</ele>
    <time>2022-04-20T01:35:46Z</time>
   </trkpt>
   <trkpt lat="47.3800990" lon="-122.0425320">
    <ele>143.1</ele>
    <time>2022-04-20T01:35:47Z</time>
   </trkpt>
   <trkpt lat="47.3800910" lon="-122.0425250">
    <ele>143.1</ele>
    <time>2022-04-20T01:35:48Z</time>
   </trkpt>
   <trkpt lat="47.3800840" lon="-122.0425180">
    <ele>143.1</ele>
    <time>2022-04-20T01:35:49Z</time>
   </trkpt>
   <trkpt lat="47.3800770" lon="-122.0425110">
    <ele>143.1</ele>
    <time>2022-04-20T01:35:50Z</time>
   </trkpt>
   <trkpt lat="47.3800670" lon="-122.0425040">
    <ele>143.1</ele>
    <time>2022-04-20T01:35:51Z</time>
   </trkpt>
   <trkpt lat="47.3800540" lon="-122.0424980">
    <ele>143.1</ele>
    <time>2022-04-20T01:35:52Z</time>
   </trkpt>
   <trkpt lat="47.3800490" lon="-122.0424950">
    <ele>143.1</ele>
    <time>2022-04-20T01:35:53Z</time>
   </trkpt>
   <trkpt lat="47.3800360" lon="-122.0424830">
    <ele>143.1</ele>
    <time>2022-04-20T01:35:54Z</time>
   </trkpt>
   <trkpt lat="47.3800290" lon="-122.0424800">
    <ele>143.1</ele>
    <time>2022-04-20T01:35:55Z</time>
   </trkpt>
   <trkpt lat="47.3800210" lon="-122.0424760">
    <ele>143.1</ele>
    <time>2022-04-20T01:35:56Z</time>
   </trkpt>
   <trkpt lat="47.3800140" lon="-122.0424730">
    <ele>143.0</ele>
    <time>2022-04-20T01:35:57Z</time>
   </trkpt>
   <trkpt lat="47.3799950" lon="-122.0424630">
    <ele>143.0</ele>
    <time>2022-04-20T01:35:58Z</time>
   </trkpt>
   <trkpt lat="47.3799840" lon="-122.0424490">
    <ele>143.0</ele>
    <time>2022-04-20T01:35:59Z</time>
   </trkpt>
   <trkpt lat="47.3799750" lon="-122.0424390">
    <ele>143.0</ele>
    <time>2022-04-20T01:36:00Z</time>
   </trkpt>
   <trkpt lat="47.3799700" lon="-122.0424320">
    <ele>143.0</ele>
    <time>2022-04-20T01:36:01Z</time>
   </trkpt>
   <trkpt lat="47.3799610" lon="-122.0424230">
    <ele>143.0</ele>
    <time>2022-04-20T01:36:02Z</time>
   </trkpt>
   <trkpt lat="47.3799530" lon="-122.0424050">
    <ele>143.0</ele>
    <time>2022-04-20T01:36:03Z</time>
   </trkpt>
   <trkpt lat="47.3799480" lon="-122.0423940">
    <ele>143.0</ele>
    <time>2022-04-20T01:36:04Z</time>
   </trkpt>
   <trkpt lat="47.3799430" lon="-122.0423820">
    <ele>143.0</ele>
    <time>2022-04-20T01:36:05Z</time>
   </trkpt>
   <trkpt lat="47.3799380" lon="-122.0423700">
    <ele>143.0</ele>
    <time>2022-04-20T01:36:06Z</time>
   </trkpt>
   <trkpt lat="47.3799330" lon="-122.0423590">
    <ele>143.0</ele>
    <time>2022-04-20T01:36:07Z</time>
   </trkpt>
   <trkpt lat="47.3799160" lon="-122.0423260">
    <ele>143.0</ele>
    <time>2022-04-20T01:36:08Z</time>
   </trkpt>
   <trkpt lat="47.3799110" lon="-122.0423140">
    <ele>143.0</ele>
    <time>2022-04-20T01:36:09Z</time>
   </trkpt>
   <trkpt lat="47.3799100" lon="-122.0423010">
    <ele>143.0</ele>
    <time>2022-04-20T01:36:10Z</time>
   </trkpt>
   <trkpt lat="47.3799040" lon="-122.0422890">
    <ele>143.0</ele>
    <time>2022-04-20T01:36:11Z</time>
   </trkpt>
   <trkpt lat="47.3798910" lon="-122.0422740">
    <ele>142.9</ele>
    <time>2022-04-20T01:36:12Z</time>
   </trkpt>
   <trkpt lat="47.3798800" lon="-122.0422510">
    <ele>142.9</ele>
    <time>2022-04-20T01:36:13Z</time>
   </trkpt>
   <trkpt lat="47.3798750" lon="-122.0422410">
    <ele>142.9</ele>
    <time>2022-04-20T01:36:14Z</time>
   </trkpt>
   <trkpt lat="47.3798690" lon="-122.0422310">
    <ele>142.9</ele>
    <time>2022-04-20T01:36:15Z</time>
   </trkpt>
   <trkpt lat="47.3798560" lon="-122.0422120">
    <ele>142.9</ele>
    <time>2022-04-20T01:36:16Z</time>
   </trkpt>
   <trkpt lat="47.3798470" lon="-122.0422040">
    <ele>142.9</ele>
    <time>2022-04-20T01:36:17Z</time>
   </trkpt>
   <trkpt lat="47.3798340" lon="-122.0421960">
    <ele>142.9</ele>
    <time>2022-04-20T01:36:18Z</time>
   </trkpt>
   <trkpt lat="47.3798210" lon="-122.0421830">
    <ele>142.9</ele>
    <time>2022-04-20T01:36:19Z</time>
   </trkpt>
   <trkpt lat="47.3798060" lon="-122.0421630">
    <ele>142.9</ele>
    <time>2022-04-20T01:36:20Z</time>
   </trkpt>
   <trkpt lat="47.3798050" lon="-122.0421620">
    <ele>142.9</ele>
    <time>2022-04-20T01:36:21Z</time>
   </trkpt>
   <trkpt lat="47.3797990" lon="-122.0421570">
    <ele>142.9</ele>
    <time>2022-04-20T01:36:22Z</time>
   </trkpt>
   <trkpt lat="47.3797890" lon="-122.0421430">
    <ele>142.9</ele>
    <time>2022-04-20T01:36:23Z</time>
   </trkpt>
   <trkpt lat="47.3797810" lon="-122.0421310">
    <ele>142.9</ele>
    <time>2022-04-20T01:36:24Z</time>
   </trkpt>
   <trkpt lat="47.3797730" lon="-122.0421230">
    <ele>142.9</ele>
    <time>2022-04-20T01:36:25Z</time>
   </trkpt>
   <trkpt lat="47.3797580" lon="-122.0420980">
    <ele>142.9</ele>
    <time>2022-04-20T01:36:26Z</time>
   </trkpt>
   <trkpt lat="47.3797490" lon="-122.0420910">
    <ele>142.9</ele>
    <time>2022-04-20T01:36:27Z</time>
   </trkpt>
   <trkpt lat="47.3797400" lon="-122.0420840">
    <ele>142.9</ele>
    <time>2022-04-20T01:36:28Z</time>
   </trkpt>
   <trkpt lat="47.3797300" lon="-122.0420840">
    <ele>142.9</ele>
    <time>2022-04-20T01:36:29Z</time>
   </trkpt>
   <trkpt lat="47.3797220" lon="-122.0420720">
    <ele>142.9</ele>
    <time>2022-04-20T01:36:30Z</time>
   </trkpt>
   <trkpt lat="47.3797110" lon="-122.0420660">
    <ele>142.9</ele>
    <time>2022-04-20T01:36:31Z</time>
   </trkpt>
   <trkpt lat="47.3797050" lon="-122.0420590">
    <ele>142.9</ele>
    <time>2022-04-20T01:36:32Z</time>
   </trkpt>
   <trkpt lat="47.3797020" lon="-122.0420520">
    <ele>142.9</ele>
    <time>2022-04-20T01:36:33Z</time>
   </trkpt>
   <trkpt lat="47.3796980" lon="-122.0420460">
    <ele>142.9</ele>
    <time>2022-04-20T01:36:34Z</time>
   </trkpt>
   <trkpt lat="47.3796890" lon="-122.0420350">
    <ele>142.9</ele>
    <time>2022-04-20T01:36:35Z</time>
   </trkpt>
   <trkpt lat="47.3796750" lon="-122.0420220">
    <ele>142.9</ele>
    <time>2022-04-20T01:36:36Z</time>
   </trkpt>
   <trkpt lat="47.3796630" lon="-122.0420150">
    <ele>142.9</ele>
    <time>2022-04-20T01:36:37Z</time>
   </trkpt>
   <trkpt lat="47.3796500" lon="-122.0419900">
    <ele>142.9</ele>
    <time>2022-04-20T01:36:38Z</time>
   </trkpt>
   <trkpt lat="47.3796470" lon="-122.0419780">
    <ele>142.9</ele>
    <time>2022-04-20T01:36:39Z</time>
   </trkpt>
   <trkpt lat="47.3796450" lon="-122.0419650">
    <ele>142.9</ele>
    <time>2022-04-20T01:36:40Z</time>
   </trkpt>
   <trkpt lat="47.3796400" lon="-122.0419420">
    <ele>142.9</ele>
    <time>2022-04-20T01:36:41Z</time>
   </trkpt>
   <trkpt lat="47.3796370" lon="-122.0419300">
    <ele>142.9</ele>
    <time>2022-04-20T01:36:42Z</time>
   </trkpt>
   <trkpt lat="47.3796380" lon="-122.0419140">
    <ele>142.9</ele>
    <time>2022-04-20T01:36:43Z</time>
   </trkpt>
   <trkpt lat="47.3796330" lon="-122.0418810">
    <ele>142.9</ele>
    <time>2022-04-20T01:36:44Z</time>
   </trkpt>
   <trkpt lat="47.3796330" lon="-122.0418710">
    <ele>142.9</ele>
    <time>2022-04-20T01:36:45Z</time>
   </trkpt>
   <trkpt lat="47.3796320" lon="-122.0418610">
    <ele>142.9</ele>
    <time>2022-04-20T01:36:46Z</time>
   </trkpt>
   <trkpt lat="47.3796310" lon="-122.0418450">
    <ele>142.9</ele>
    <time>2022-04-20T01:36:47Z</time>
   </trkpt>
   <trkpt lat="47.3796320" lon="-122.0418250">
    <ele>142.9</ele>
    <time>2022-04-20T01:36:48Z</time>
   </trkpt>
   <trkpt lat="47.3796320" lon="-122.0418160">
    <ele>142.9</ele>
    <time>2022-04-20T01:36:49Z</time>
   </trkpt>
   <trkpt lat="47.3796310" lon="-122.0418060">
    <ele>142.9</ele>
    <time>2022-04-20T01:36:50Z</time>
   </trkpt>
   <trkpt lat="47.3796400" lon="-122.0417970">
    <ele>142.9</ele>
    <time>2022-04-20T01:36:51Z</time>
   </trkpt>
   <trkpt lat="47.3796440" lon="-122.0417880">
    <ele>142.9</ele>
    <time>2022-04-20T01:36:52Z</time>
   </trkpt>
   <trkpt lat="47.3796480" lon="-122.0417750">
    <ele>142.9</ele>
    <time>2022-04-20T01:36:53Z</time>
   </trkpt>
   <trkpt lat="47.3796500" lon="-122.0417730">
    <ele>142.9</ele>
    <time>2022-04-20T01:36:54Z</time>
   </trkpt>
   <trkpt lat="47.3796500" lon="-122.0417600">
    <ele>142.9</ele>
    <time>2022-04-20T01:36:55Z</time>
   </trkpt>
   <trkpt lat="47.3796470" lon="-122.0417450">
    <ele>142.9</ele>
    <time>2022-04-20T01:36:56Z</time>
   </trkpt>
   <trkpt lat="47.3796470" lon="-122.0417390">
    <ele>142.9</ele>
    <time>2022-04-20T01:36:57Z</time>
   </trkpt>
   <trkpt lat="47.3796500" lon="-122.0417270">
    <ele>142.9</ele>
    <time>2022-04-20T01:36:58Z</time>
   </trkpt>
   <trkpt lat="47.3796470" lon="-122.0417130">
    <ele>142.9</ele>
    <time>2022-04-20T01:36:59Z</time>
   </trkpt>
   <trkpt lat="47.3796560" lon="-122.0417040">
    <ele>142.9</ele>
    <time>2022-04-20T01:37:00Z</time>
   </trkpt>
   <trkpt lat="47.3796590" lon="-122.0416920">
    <ele>142.9</ele>
    <time>2022-04-20T01:37:01Z</time>
   </trkpt>
   <trkpt lat="47.3796620" lon="-122.0416780">
    <ele>142.9</ele>
    <time>2022-04-20T01:37:02Z</time>
   </trkpt>
   <trkpt lat="47.3796610" lon="-122.0416680">
    <ele>142.9</ele>
    <time>2022-04-20T01:37:03Z</time>
   </trkpt>
   <trkpt lat="47.3796590" lon="-122.0416520">
    <ele>142.9</ele>
    <time>2022-04-20T01:37:04Z</time>
   </trkpt>
   <trkpt lat="47.3796590" lon="-122.0416360">
    <ele>142.9</ele>
    <time>2022-04-20T01:37:05Z</time>
   </trkpt>
   <trkpt lat="47.3796560" lon="-122.0416160">
    <ele>142.9</ele>
    <time>2022-04-20T01:37:06Z</time>
   </trkpt>
   <trkpt lat="47.3796550" lon="-122.0415990">
    <ele>142.9</ele>
    <time>2022-04-20T01:37:07Z</time>
   </trkpt>
   <trkpt lat="47.3796530" lon="-122.0415880">
    <ele>142.9</ele>
    <time>2022-04-20T01:37:08Z</time>
   </trkpt>
   <trkpt lat="47.3796540" lon="-122.0415770">
    <ele>142.9</ele>
    <time>2022-04-20T01:37:09Z</time>
   </trkpt>
   <trkpt lat="47.3796480" lon="-122.0415730">
    <ele>142.9</ele>
    <time>2022-04-20T01:37:10Z</time>
   </trkpt>
   <trkpt lat="47.3796470" lon="-122.0415560">
    <ele>142.9</ele>
    <time>2022-04-20T01:37:11Z</time>
   </trkpt>
   <trkpt lat="47.3796470" lon="-122.0415380">
    <ele>142.9</ele>
    <time>2022-04-20T01:37:12Z</time>
   </trkpt>
   <trkpt lat="47.3796500" lon="-122.0415180">
    <ele>143.0</ele>
    <time>2022-04-20T01:37:13Z</time>
   </trkpt>
   <trkpt lat="47.3796490" lon="-122.0415010">
    <ele>143.0</ele>
    <time>2022-04-20T01:37:14Z</time>
   </trkpt>
   <trkpt lat="47.3796520" lon="-122.0414880">
    <ele>143.0</ele>
    <time>2022-04-20T01:37:15Z</time>
   </trkpt>
   <trkpt lat="47.3796540" lon="-122.0414680">
    <ele>143.0</ele>
    <time>2022-04-20T01:37:16Z</time>
   </trkpt>
   <trkpt lat="47.3796540" lon="-122.0414570">
    <ele>143.0</ele>
    <time>2022-04-20T01:37:17Z</time>
   </trkpt>
   <trkpt lat="47.3796540" lon="-122.0414460">
    <ele>143.0</ele>
    <time>2022-04-20T01:37:18Z</time>
   </trkpt>
   <trkpt lat="47.3796550" lon="-122.0414350">
    <ele>143.0</ele>
    <time>2022-04-20T01:37:19Z</time>
   </trkpt>
   <trkpt lat="47.3796530" lon="-122.0414200">
    <ele>143.0</ele>
    <time>2022-04-20T01:37:20Z</time>
   </trkpt>
   <trkpt lat="47.3796510" lon="-122.0414060">
    <ele>143.0</ele>
    <time>2022-04-20T01:37:21Z</time>
   </trkpt>
   <trkpt lat="47.3796520" lon="-122.0413870">
    <ele>143.0</ele>
    <time>2022-04-20T01:37:22Z</time>
   </trkpt>
   <trkpt lat="47.3796530" lon="-122.0413640">
    <ele>143.0</ele>
    <time>2022-04-20T01:37:23Z</time>
   </trkpt>
   <trkpt lat="47.3796550" lon="-122.0413430">
    <ele>143.0</ele>
    <time>2022-04-20T01:37:24Z</time>
   </trkpt>
   <trkpt lat="47.3796560" lon="-122.0413250">
    <ele>143.0</ele>
    <time>2022-04-20T01:37:25Z</time>
   </trkpt>
   <trkpt lat="47.3796530" lon="-122.0413110">
    <ele>143.0</ele>
    <time>2022-04-20T01:37:26Z</time>
   </trkpt>
   <trkpt lat="47.3796540" lon="-122.0413090">
    <ele>143.0</ele>
    <time>2022-04-20T01:37:27Z</time>
   </trkpt>
   <trkpt lat="47.3796560" lon="-122.0412940">
    <ele>143.1</ele>
    <time>2022-04-20T01:37:28Z</time>
   </trkpt>
   <trkpt lat="47.3796560" lon="-122.0412660">
    <ele>143.1</ele>
    <time>2022-04-20T01:37:29Z</time>
   </trkpt>
   <trkpt lat="47.3796540" lon="-122.0412570">
    <ele>143.1</ele>
    <time>2022-04-20T01:37:30Z</time>
   </trkpt>
   <trkpt lat="47.3796530" lon="-122.0412480">
    <ele>143.1</ele>
    <time>2022-04-20T01:37:31Z</time>
   </trkpt>
   <trkpt lat="47.3796510" lon="-122.0412380">
    <ele>143.1</ele>
    <time>2022-04-20T01:37:32Z</time>
   </trkpt>
   <trkpt lat="47.3796520" lon="-122.0412200">
    <ele>143.1</ele>
    <time>2022-04-20T01:37:33Z</time>
   </trkpt>
   <trkpt lat="47.3796560" lon="-122.0412040">
    <ele>143.1</ele>
    <time>2022-04-20T01:37:34Z</time>
   </trkpt>
   <trkpt lat="47.3796610" lon="-122.0411920">
    <ele>143.1</ele>
    <time>2022-04-20T01:37:35Z</time>
   </trkpt>
   <trkpt lat="47.3796660" lon="-122.0411870">
    <ele>143.1</ele>
    <time>2022-04-20T01:37:36Z</time>
   </trkpt>
   <trkpt lat="47.3796730" lon="-122.0411700">
    <ele>143.1</ele>
    <time>2022-04-20T01:37:37Z</time>
   </trkpt>
   <trkpt lat="47.3796750" lon="-122.0411520">
    <ele>143.1</ele>
    <time>2022-04-20T01:37:38Z</time>
   </trkpt>
   <trkpt lat="47.3796790" lon="-122.0411220">
    <ele>143.1</ele>
    <time>2022-04-20T01:37:39Z</time>
   </trkpt>
   <trkpt lat="47.3796810" lon="-122.0411110">
    <ele>143.1</ele>
    <time>2022-04-20T01:37:40Z</time>
   </trkpt>
   <trkpt lat="47.3796830" lon="-122.0410990">
    <ele>143.1</ele>
    <time>2022-04-20T01:37:41Z</time>
   </trkpt>
   <trkpt lat="47.3796870" lon="-122.0410720">
    <ele>143.1</ele>
    <time>2022-04-20T01:37:42Z</time>
   </trkpt>
   <trkpt lat="47.3796870" lon="-122.0410510">
    <ele>143.1</ele>
    <time>2022-04-20T01:37:43Z</time>
   </trkpt>
   <trkpt lat="47.3796880" lon="-122.0410340">
    <ele>143.1</ele>
    <time>2022-04-20T01:37:44Z</time>
   </trkpt>
   <trkpt lat="47.3796860" lon="-122.0410260">
    <ele>143.2</ele>
    <time>2022-04-20T01:37:45Z</time>
   </trkpt>
   <trkpt lat="47.3796910" lon="-122.0410110">
    <ele>143.2</ele>
    <time>2022-04-20T01:37:46Z</time>
   </trkpt>
   <trkpt lat="47.3796910" lon="-122.0409990">
    <ele>143.2</ele>
    <time>2022-04-20T01:37:47Z</time>
   </trkpt>
   <trkpt lat="47.3796900" lon="-122.0409800">
    <ele>143.2</ele>
    <time>2022-04-20T01:37:48Z</time>
   </trkpt>
   <trkpt lat="47.3796900" lon="-122.0409650">
    <ele>143.2</ele>
    <time>2022-04-20T01:37:49Z</time>
   </trkpt>
   <trkpt lat="47.3796890" lon="-122.0409460">
    <ele>143.2</ele>
    <time>2022-04-20T01:37:50Z</time>
   </trkpt>
   <trkpt lat="47.3796900" lon="-122.0409310">
    <ele>143.2</ele>
    <time>2022-04-20T01:37:51Z</time>
   </trkpt>
   <trkpt lat="47.3796910" lon="-122.0409120">
    <ele>143.2</ele>
    <time>2022-04-20T01:37:52Z</time>
   </trkpt>
   <trkpt lat="47.3796960" lon="-122.0408990">
    <ele>143.2</ele>
    <time>2022-04-20T01:37:53Z</time>
   </trkpt>
   <trkpt lat="47.3796970" lon="-122.0408860">
    <ele>143.2</ele>
    <time>2022-04-20T01:37:54Z</time>
   </trkpt>
   <trkpt lat="47.3796990" lon="-122.0408650">
    <ele>143.2</ele>
    <time>2022-04-20T01:37:55Z</time>
   </trkpt>
   <trkpt lat="47.3796960" lon="-122.0408500">
    <ele>143.2</ele>
    <time>2022-04-20T01:37:56Z</time>
   </trkpt>
   <trkpt lat="47.3796990" lon="-122.0408340">
    <ele>143.2</ele>
    <time>2022-04-20T01:37:57Z</time>
   </trkpt>
   <trkpt lat="47.3796990" lon="-122.0408200">
    <ele>143.2</ele>
    <time>2022-04-20T01:37:58Z</time>
   </trkpt>
   <trkpt lat="47.3796910" lon="-122.0408050">
    <ele>143.2</ele>
    <time>2022-04-20T01:37:59Z</time>
   </trkpt>
   <trkpt lat="47.3796910" lon="-122.0407890">
    <ele>143.2</ele>
    <time>2022-04-20T01:38:00Z</time>
   </trkpt>
   <trkpt lat="47.3796880" lon="-122.0407700">
    <ele>143.2</ele>
    <time>2022-04-20T01:38:01Z</time>
   </trkpt>
   <trkpt lat="47.3796860" lon="-122.0407540">
    <ele>143.2</ele>
    <time>2022-04-20T01:38:02Z</time>
   </trkpt>
   <trkpt lat="47.3796810" lon="-122.0407410">
    <ele>143.2</ele>
    <time>2022-04-20T01:38:03Z</time>
   </trkpt>
   <trkpt lat="47.3796830" lon="-122.0407240">
    <ele>143.2</ele>
    <time>2022-04-20T01:38:04Z</time>
   </trkpt>
   <trkpt lat="47.3796890" lon="-122.0406910">
    <ele>143.3</ele>
    <time>2022-04-20T01:38:05Z</time>
   </trkpt>
   <trkpt lat="47.3796900" lon="-122.0406810">
    <ele>143.3</ele>
    <time>2022-04-20T01:38:06Z</time>
   </trkpt>
   <trkpt lat="47.3796910" lon="-122.0406720">
    <ele>143.3</ele>
    <time>2022-04-20T01:38:07Z</time>
   </trkpt>
   <trkpt lat="47.3796910" lon="-122.0406580">
    <ele>143.3</ele>
    <time>2022-04-20T01:38:08Z</time>
   </trkpt>
   <trkpt lat="47.3796920" lon="-122.0406410">
    <ele>143.3</ele>
    <time>2022-04-20T01:38:09Z</time>
   </trkpt>
   <trkpt lat="47.3796940" lon="-122.0406220">
    <ele>143.3</ele>
    <time>2022-04-20T01:38:10Z</time>
   </trkpt>
   <trkpt lat="47.3796910" lon="-122.0406060">
    <ele>143.3</ele>
    <time>2022-04-20T01:38:11Z</time>
   </trkpt>
   <trkpt lat="47.3796890" lon="-122.0405950">
    <ele>143.3</ele>
    <time>2022-04-20T01:38:12Z</time>
   </trkpt>
   <trkpt lat="47.3796880" lon="-122.0405830">
    <ele>143.3</ele>
    <time>2022-04-20T01:38:13Z</time>
   </trkpt>
   <trkpt lat="47.3796840" lon="-122.0405520">
    <ele>143.3</ele>
    <time>2022-04-20T01:38:14Z</time>
   </trkpt>
   <trkpt lat="47.3796830" lon="-122.0405390">
    <ele>143.3</ele>
    <time>2022-04-20T01:38:15Z</time>
   </trkpt>
   <trkpt lat="47.3796830" lon="-122.0405260">
    <ele>143.3</ele>
    <time>2022-04-20T01:38:16Z</time>
   </trkpt>
   <trkpt lat="47.3796810" lon="-122.0405110">
    <ele>143.3</ele>
    <time>2022-04-20T01:38:17Z</time>
   </trkpt>
   <trkpt lat="47.3796750" lon="-122.0404960">
    <ele>143.3</ele>
    <time>2022-04-20T01:38:18Z</time>
   </trkpt>
   <trkpt lat="47.3796730" lon="-122.0404770">
    <ele>143.3</ele>
    <time>2022-04-20T01:38:19Z</time>
   </trkpt>
   <trkpt lat="47.3796690" lon="-122.0404690">
    <ele>143.3</ele>
    <time>2022-04-20T01:38:20Z</time>
   </trkpt>
   <trkpt lat="47.3796650" lon="-122.0404540">
    <ele>143.3</ele>
    <time>2022-04-20T01:38:21Z</time>
   </trkpt>
   <trkpt lat="47.3796580" lon="-122.0404440">
    <ele>143.3</ele>
    <time>2022-04-20T01:38:22Z</time>
   </trkpt>
   <trkpt lat="47.3796530" lon="-122.0404250">
    <ele>143.3</ele>
    <time>2022-04-20T01:38:23Z</time>
   </trkpt>
   <trkpt lat="47.3796540" lon="-122.0404120">
    <ele>143.3</ele>
    <time>2022-04-20T01:38:24Z</time>
   </trkpt>
   <trkpt lat="47.3796570" lon="-122.0403990">
    <ele>143.3</ele>
    <time>2022-04-20T01:38:25Z</time>
   </trkpt>
   <trkpt lat="47.3796520" lon="-122.0403880">
    <ele>143.3</ele>
    <time>2022-04-20T01:38:26Z</time>
   </trkpt>
   <trkpt lat="47.3796460" lon="-122.0403820">
    <ele>143.3</ele>
    <time>2022-04-20T01:38:27Z</time>
   </trkpt>
   <trkpt lat="47.3796490" lon="-122.0403590">
    <ele>143.3</ele>
    <time>2022-04-20T01:38:28Z</time>
   </trkpt>
   <trkpt lat="47.3796470" lon="-122.0403420">
    <ele>143.3</ele>
    <time>2022-04-20T01:38:29Z</time>
   </trkpt>
   <trkpt lat="47.3796490" lon="-122.0403300">
    <ele>143.3</ele>
    <time>2022-04-20T01:38:30Z</time>
   </trkpt>
   <trkpt lat="47.3796500" lon="-122.0403170">
    <ele>143.3</ele>
    <time>2022-04-20T01:38:31Z</time>
   </trkpt>
   <trkpt lat="47.3796520" lon="-122.0403040">
    <ele>143.3</ele>
    <time>2022-04-20T01:38:32Z</time>
   </trkpt>
   <trkpt lat="47.3796510" lon="-122.0402820">
    <ele>143.3</ele>
    <time>2022-04-20T01:38:33Z</time>
   </trkpt>
   <trkpt lat="47.3796440" lon="-122.0402690">
    <ele>143.3</ele>
    <time>2022-04-20T01:38:34Z</time>
   </trkpt>
   <trkpt lat="47.3796500" lon="-122.0402540">
    <ele>143.3</ele>
    <time>2022-04-20T01:38:35Z</time>
   </trkpt>
   <trkpt lat="47.3796470" lon="-122.0402430">
    <ele>143.3</ele>
    <time>2022-04-20T01:38:36Z</time>
   </trkpt>
   <trkpt lat="47.3796440" lon="-122.0402260">
    <ele>143.3</ele>
    <time>2022-04-20T01:38:37Z</time>
   </trkpt>
   <trkpt lat="47.3796420" lon="-122.0402120">
    <ele>143.3</ele>
    <time>2022-04-20T01:38:38Z</time>
   </trkpt>
   <trkpt lat="47.3796370" lon="-122.0402060">
    <ele>143.3</ele>
    <time>2022-04-20T01:38:39Z</time>
   </trkpt>
   <trkpt lat="47.3796320" lon="-122.0401910">
    <ele>143.2</ele>
    <time>2022-04-20T01:38:40Z</time>
   </trkpt>
   <trkpt lat="47.3796270" lon="-122.0401700">
    <ele>143.2</ele>
    <time>2022-04-20T01:38:41Z</time>
   </trkpt>
   <trkpt lat="47.3796250" lon="-122.0401450">
    <ele>143.2</ele>
    <time>2022-04-20T01:38:42Z</time>
   </trkpt>
   <trkpt lat="47.3796220" lon="-122.0401270">
    <ele>143.2</ele>
    <time>2022-04-20T01:38:43Z</time>
   </trkpt>
   <trkpt lat="47.3796200" lon="-122.0401150">
    <ele>143.2</ele>
    <time>2022-04-20T01:38:44Z</time>
   </trkpt>
   <trkpt lat="47.3796240" lon="-122.0401020">
    <ele>143.2</ele>
    <time>2022-04-20T01:38:45Z</time>
   </trkpt>
   <trkpt lat="47.3796270" lon="-122.0400870">
    <ele>143.2</ele>
    <time>2022-04-20T01:38:46Z</time>
   </trkpt>
   <trkpt lat="47.3796320" lon="-122.0400690">
    <ele>143.2</ele>
    <time>2022-04-20T01:38:47Z</time>
   </trkpt>
   <trkpt lat="47.3796370" lon="-122.0400580">
    <ele>143.2</ele>
    <time>2022-04-20T01:38:48Z</time>
   </trkpt>
   <trkpt lat="47.3796420" lon="-122.0400460">
    <ele>143.2</ele>
    <time>2022-04-20T01:38:49Z</time>
   </trkpt>
   <trkpt lat="47.3796470" lon="-122.0400340">
    <ele>143.2</ele>
    <time>2022-04-20T01:38:50Z</time>
   </trkpt>
   <trkpt lat="47.3796500" lon="-122.0400100">
    <ele>143.2</ele>
    <time>2022-04-20T01:38:51Z</time>
   </trkpt>
   <trkpt lat="47.3796580" lon="-122.0399970">
    <ele>143.2</ele>
    <time>2022-04-20T01:38:52Z</time>
   </trkpt>
   <trkpt lat="47.3796610" lon="-122.0399800">
    <ele>143.2</ele>
    <time>2022-04-20T01:38:53Z</time>
   </trkpt>
   <trkpt lat="47.3796650" lon="-122.0399580">
    <ele>143.2</ele>
    <time>2022-04-20T01:38:54Z</time>
   </trkpt>
   <trkpt lat="47.3796780" lon="-122.0399330">
    <ele>143.2</ele>
    <time>2022-04-20T01:38:55Z</time>
   </trkpt>
   <trkpt lat="47.3796810" lon="-122.0399210">
    <ele>143.2</ele>
    <time>2022-04-20T01:38:56Z</time>
   </trkpt>
   <trkpt lat="47.3796830" lon="-122.0399090">
    <ele>143.2</ele>
    <time>2022-04-20T01:38:57Z</time>
   </trkpt>
   <trkpt lat="47.3796840" lon="-122.0398930">
    <ele>143.2</ele>
    <time>2022-04-20T01:38:58Z</time>
   </trkpt>
   <trkpt lat="47.3796850" lon="-122.0398780">
    <ele>143.2</ele>
    <time>2022-04-20T01:38:59Z</time>
   </trkpt>
   <trkpt lat="47.3796830" lon="-122.0398580">
    <ele>143.2</ele>
    <time>2022-04-20T01:39:00Z</time>
   </trkpt>
   <trkpt lat="47.3796810" lon="-122.0398390">
    <ele>143.2</ele>
    <time>2022-04-20T01:39:01Z</time>
   </trkpt>
   <trkpt lat="47.3796900" lon="-122.0398200">
    <ele>143.2</ele>
    <time>2022-04-20T01:39:02Z</time>
   </trkpt>
   <trkpt lat="47.3797040" lon="-122.0397940">
    <ele>143.2</ele>
    <time>2022-04-20T01:39:03Z</time>
   </trkpt>
   <trkpt lat="47.3797140" lon="-122.0397830">
    <ele>143.2</ele>
    <time>2022-04-20T01:39:04Z</time>
   </trkpt>
   <trkpt lat="47.3797250" lon="-122.0397760">
    <ele>143.2</ele>
    <time>2022-04-20T01:39:05Z</time>
   </trkpt>
   <trkpt lat="47.3797300" lon="-122.0397630">
    <ele>143.2</ele>
    <time>2022-04-20T01:39:06Z</time>
   </trkpt>
   <trkpt lat="47.3797340" lon="-122.0397450">
    <ele>143.2</ele>
    <time>2022-04-20T01:39:07Z</time>
   </trkpt>
   <trkpt lat="47.3797380" lon="-122.0397380">
    <ele>143.2</ele>
    <time>2022-04-20T01:39:08Z</time>
   </trkpt>
   <trkpt lat="47.3797480" lon="-122.0397100">
    <ele>143.2</ele>
    <time>2022-04-20T01:39:09Z</time>
   </trkpt>
   <trkpt lat="47.3797570" lon="-122.0396940">
    <ele>143.2</ele>
    <time>2022-04-20T01:39:10Z</time>
   </trkpt>
   <trkpt lat="47.3797620" lon="-122.0396750">
    <ele>143.2</ele>
    <time>2022-04-20T01:39:11Z</time>
   </trkpt>
   <trkpt lat="47.3797610" lon="-122.0396610">
    <ele>143.2</ele>
    <time>2022-04-20T01:39:12Z</time>
   </trkpt>
   <trkpt lat="47.3797610" lon="-122.0396470">
    <ele>143.2</ele>
    <time>2022-04-20T01:39:13Z</time>
   </trkpt>
   <trkpt lat="47.3797620" lon="-122.0396350">
    <ele>143.2</ele>
    <time>2022-04-20T01:39:14Z</time>
   </trkpt>
   <trkpt lat="47.3797660" lon="-122.0396270">
    <ele>143.2</ele>
    <time>2022-04-20T01:39:15Z</time>
   </trkpt>
   <trkpt lat="47.3797660" lon="-122.0396080">
    <ele>143.2</ele>
    <time>2022-04-20T01:39:16Z</time>
   </trkpt>
   <trkpt lat="47.3797750" lon="-122.0395900">
    <ele>143.2</ele>
    <time>2022-04-20T01:39:17Z</time>
   </trkpt>
   <trkpt lat="47.3797810" lon="-122.0395830">
    <ele>143.2</ele>
    <time>2022-04-20T01:39:18Z</time>
   </trkpt>
   <trkpt lat="47.3797830" lon="-122.0395730">
    <ele>143.2</ele>
    <time>2022-04-20T01:39:19Z</time>
   </trkpt>
   <trkpt lat="47.3797810" lon="-122.0395600">
    <ele>143.2</ele>
    <time>2022-04-20T01:39:20Z</time>
   </trkpt>
   <trkpt lat="47.3797830" lon="-122.0395490">
    <ele>143.2</ele>
    <time>2022-04-20T01:39:21Z</time>
   </trkpt>
   <trkpt lat="47.3797870" lon="-122.0395330">
    <ele>143.2</ele>
    <time>2022-04-20T01:39:22Z</time>
   </trkpt>
   <trkpt lat="47.3797900" lon="-122.0395180">
    <ele>143.2</ele>
    <time>2022-04-20T01:39:23Z</time>
   </trkpt>
   <trkpt lat="47.3797920" lon="-122.0395080">
    <ele>143.2</ele>
    <time>2022-04-20T01:39:24Z</time>
   </trkpt>
   <trkpt lat="47.3797960" lon="-122.0394890">
    <ele>143.2</ele>
    <time>2022-04-20T01:39:25Z</time>
   </trkpt>
   <trkpt lat="47.3798000" lon="-122.0394710">
    <ele>143.2</ele>
    <time>2022-04-20T01:39:26Z</time>
   </trkpt>
   <trkpt lat="47.3798030" lon="-122.0394590">
    <ele>143.2</ele>
    <time>2022-04-20T01:39:27Z</time>
   </trkpt>
   <trkpt lat="47.3798070" lon="-122.0394470">
    <ele>143.2</ele>
    <time>2022-04-20T01:39:28Z</time>
   </trkpt>
   <trkpt lat="47.3798110" lon="-122.0394270">
    <ele>143.2</ele>
    <time>2022-04-20T01:39:29Z</time>
   </trkpt>
   <trkpt lat="47.3798140" lon="-122.0394120">
    <ele>143.2</ele>
    <time>2022-04-20T01:39:30Z</time>
   </trkpt>
   <trkpt lat="47.3798190" lon="-122.0393970">
    <ele>143.3</ele>
    <time>2022-04-20T01:39:31Z</time>
   </trkpt>
   <trkpt lat="47.3798330" lon="-122.0393790">
    <ele>143.3</ele>
    <time>2022-04-20T01:39:32Z</time>
   </trkpt>
   <trkpt lat="47.3798350" lon="-122.0393700">
    <ele>143.3</ele>
    <time>2022-04-20T01:39:33Z</time>
   </trkpt>
   <trkpt lat="47.3798380" lon="-122.0393570">
    <ele>143.3</ele>
    <time>2022-04-20T01:39:34Z</time>
   </trkpt>
   <trkpt lat="47.3798380" lon="-122.0393380">
    <ele>143.3</ele>
    <time>2022-04-20T01:39:35Z</time>
   </trkpt>
   <trkpt lat="47.3798410" lon="-122.0393230">
    <ele>143.3</ele>
    <time>2022-04-20T01:39:36Z</time>
   </trkpt>
   <trkpt lat="47.3798470" lon="-122.0393060">
    <ele>143.3</ele>
    <time>2022-04-20T01:39:37Z</time>
   </trkpt>
   <trkpt lat="47.3798510" lon="-122.0392980">
    <ele>143.3</ele>
    <time>2022-04-20T01:39:38Z</time>
   </trkpt>
   <trkpt lat="47.3798590" lon="-122.0392870">
    <ele>143.3</ele>
    <time>2022-04-20T01:39:39Z</time>
   </trkpt>
   <trkpt lat="47.3798640" lon="-122.0392670">
    <ele>143.3</ele>
    <time>2022-04-20T01:39:40Z</time>
   </trkpt>
   <trkpt lat="47.3798680" lon="-122.0392550">
    <ele>143.3</ele>
    <time>2022-04-20T01:39:41Z</time>
   </trkpt>
   <trkpt lat="47.3798820" lon="-122.0392340">
    <ele>143.3</ele>
    <time>2022-04-20T01:39:42Z</time>
   </trkpt>
   <trkpt lat="47.3798880" lon="-122.0392250">
    <ele>143.3</ele>
    <time>2022-04-20T01:39:43Z</time>
   </trkpt>
   <trkpt lat="47.3798940" lon="-122.0392160">
    <ele>143.3</ele>
    <time>2022-04-20T01:39:44Z</time>
   </trkpt>
   <trkpt lat="47.3799030" lon="-122.0391950">
    <ele>143.3</ele>
    <time>2022-04-20T01:39:45Z</time>
   </trkpt>
   <trkpt lat="47.3799120" lon="-122.0391760">
    <ele>143.3</ele>
    <time>2022-04-20T01:39:46Z</time>
   </trkpt>
   <trkpt lat="47.3799230" lon="-122.0391570">
    <ele>143.3</ele>
    <time>2022-04-20T01:39:47Z</time>
   </trkpt>
   <trkpt lat="47.3799290" lon="-122.0391510">
    <ele>143.4</ele>
    <time>2022-04-20T01:39:48Z</time>
   </trkpt>
   <trkpt lat="47.3799350" lon="-122.0391460">
    <ele>143.4</ele>
    <time>2022-04-20T01:39:49Z</time>
   </trkpt>
   <trkpt lat="47.3799410" lon="-122.0391400">
    <ele>143.5</ele>
    <time>2022-04-20T01:39:50Z</time>
   </trkpt>
   <trkpt lat="47.3799510" lon="-122.0391350">
    <ele>143.5</ele>
    <time>2022-04-20T01:39:51Z</time>
   </trkpt>
   <trkpt lat="47.3799570" lon="-122.0391210">
    <ele>143.5</ele>
    <time>2022-04-20T01:39:52Z</time>
   </trkpt>
   <trkpt lat="47.3799600" lon="-122.0391170">
    <ele>143.6</ele>
    <time>2022-04-20T01:39:53Z</time>
   </trkpt>
   <trkpt lat="47.3799660" lon="-122.0391230">
    <ele>143.6</ele>
    <time>2022-04-20T01:39:54Z</time>
   </trkpt>
   <trkpt lat="47.3799740" lon="-122.0391220">
    <ele>143.6</ele>
    <time>2022-04-20T01:39:55Z</time>
   </trkpt>
   <trkpt lat="47.3799810" lon="-122.0391250">
    <ele>143.7</ele>
    <time>2022-04-20T01:39:56Z</time>
   </trkpt>
   <trkpt lat="47.3799880" lon="-122.0391260">
    <ele>143.8</ele>
    <time>2022-04-20T01:39:57Z</time>
   </trkpt>
   <trkpt lat="47.3799960" lon="-122.0391280">
    <ele>143.8</ele>
    <time>2022-04-20T01:39:58Z</time>
   </trkpt>
   <trkpt lat="47.3800030" lon="-122.0391280">
    <ele>143.8</ele>
    <time>2022-04-20T01:39:59Z</time>
   </trkpt>
   <trkpt lat="47.3800090" lon="-122.0391270">
    <ele>143.8</ele>
    <time>2022-04-20T01:40:00Z</time>
   </trkpt>
   <trkpt lat="47.3800200" lon="-122.0391290">
    <ele>143.8</ele>
    <time>2022-04-20T01:40:01Z</time>
   </trkpt>
   <trkpt lat="47.3800290" lon="-122.0391300">
    <ele>143.8</ele>
    <time>2022-04-20T01:40:02Z</time>
   </trkpt>
   <trkpt lat="47.3800340" lon="-122.0391320">
    <ele>143.8</ele>
    <time>2022-04-20T01:40:03Z</time>
   </trkpt>
   <trkpt lat="47.3800430" lon="-122.0391400">
    <ele>143.9</ele>
    <time>2022-04-20T01:40:04Z</time>
   </trkpt>
   <trkpt lat="47.3800520" lon="-122.0391480">
    <ele>143.9</ele>
    <time>2022-04-20T01:40:05Z</time>
   </trkpt>
   <trkpt lat="47.3800590" lon="-122.0391540">
    <ele>143.9</ele>
    <time>2022-04-20T01:40:06Z</time>
   </trkpt>
   <trkpt lat="47.3800690" lon="-122.0391590">
    <ele>143.9</ele>
    <time>2022-04-20T01:40:07Z</time>
   </trkpt>
   <trkpt lat="47.3800750" lon="-122.0391670">
    <ele>143.9</ele>
    <time>2022-04-20T01:40:08Z</time>
   </trkpt>
   <trkpt lat="47.3800790" lon="-122.0391700">
    <ele>143.9</ele>
    <time>2022-04-20T01:40:09Z</time>
   </trkpt>
   <trkpt lat="47.3800870" lon="-122.0391760">
    <ele>144.0</ele>
    <time>2022-04-20T01:40:10Z</time>
   </trkpt>
   <trkpt lat="47.3800940" lon="-122.0391820">
    <ele>144.0</ele>
    <time>2022-04-20T01:40:11Z</time>
   </trkpt>
   <trkpt lat="47.3800990" lon="-122.0391860">
    <ele>144.0</ele>
    <time>2022-04-20T01:40:12Z</time>
   </trkpt>
   <trkpt lat="47.3801050" lon="-122.0391890">
    <ele>144.0</ele>
    <time>2022-04-20T01:40:13Z</time>
   </trkpt>
   <trkpt lat="47.3801100" lon="-122.0391930">
    <ele>144.0</ele>
    <time>2022-04-20T01:40:14Z</time>
   </trkpt>
   <trkpt lat="47.3801160" lon="-122.0391970">
    <ele>144.0</ele>
    <time>2022-04-20T01:40:15Z</time>
   </trkpt>
   <trkpt lat="47.3801210" lon="-122.0392010">
    <ele>144.0</ele>
    <time>2022-04-20T01:40:16Z</time>
   </trkpt>
   <trkpt lat="47.3801290" lon="-122.0392120">
    <ele>144.1</ele>
    <time>2022-04-20T01:40:17Z</time>
   </trkpt>
   <trkpt lat="47.3801420" lon="-122.0392200">
    <ele>144.1</ele>
    <time>2022-04-20T01:40:18Z</time>
   </trkpt>
   <trkpt lat="47.3801510" lon="-122.0392200">
    <ele>144.1</ele>
    <time>2022-04-20T01:40:19Z</time>
   </trkpt>
   <trkpt lat="47.3801660" lon="-122.0392150">
    <ele>144.1</ele>
    <time>2022-04-20T01:40:20Z</time>
   </trkpt>
   <trkpt lat="47.3801730" lon="-122.0392140">
    <ele>144.1</ele>
    <time>2022-04-20T01:40:21Z</time>
   </trkpt>
   <trkpt lat="47.3801820" lon="-122.0392150">
    <ele>144.2</ele>
    <time>2022-04-20T01:40:22Z</time>
   </trkpt>
   <trkpt lat="47.3801910" lon="-122.0392130">
    <ele>144.2</ele>
    <time>2022-04-20T01:40:23Z</time>
   </trkpt>
   <trkpt lat="47.3802100" lon="-122.0392170">
    <ele>144.2</ele>
    <time>2022-04-20T01:40:24Z</time>
   </trkpt>
   <trkpt lat="47.3802180" lon="-122.0392240">
    <ele>144.2</ele>
    <time>2022-04-20T01:40:25Z</time>
   </trkpt>
   <trkpt lat="47.3802280" lon="-122.0392340">
    <ele>144.2</ele>
    <time>2022-04-20T01:40:26Z</time>
   </trkpt>
   <trkpt lat="47.3802380" lon="-122.0392390">
    <ele>144.2</ele>
    <time>2022-04-20T01:40:27Z</time>
   </trkpt>
   <trkpt lat="47.3802510" lon="-122.0392510">
    <ele>144.3</ele>
    <time>2022-04-20T01:40:28Z</time>
   </trkpt>
   <trkpt lat="47.3802580" lon="-122.0392610">
    <ele>144.3</ele>
    <time>2022-04-20T01:40:29Z</time>
   </trkpt>
   <trkpt lat="47.3802660" lon="-122.0392640">
    <ele>144.3</ele>
    <time>2022-04-20T01:40:30Z</time>
   </trkpt>
   <trkpt lat="47.3802710" lon="-122.0392820">
    <ele>144.3</ele>
    <time>2022-04-20T01:40:31Z</time>
   </trkpt>
   <trkpt lat="47.3802780" lon="-122.0392930">
    <ele>144.3</ele>
    <time>2022-04-20T01:40:32Z</time>
   </trkpt>
   <trkpt lat="47.3802860" lon="-122.0393030">
    <ele>144.4</ele>
    <time>2022-04-20T01:40:33Z</time>
   </trkpt>
   <trkpt lat="47.3802930" lon="-122.0393140">
    <ele>144.4</ele>
    <time>2022-04-20T01:40:34Z</time>
   </trkpt>
   <trkpt lat="47.3802970" lon="-122.0393250">
    <ele>144.4</ele>
    <time>2022-04-20T01:40:35Z</time>
   </trkpt>
   <trkpt lat="47.3803090" lon="-122.0393360">
    <ele>144.4</ele>
    <time>2022-04-20T01:40:36Z</time>
   </trkpt>
   <trkpt lat="47.3803130" lon="-122.0393500">
    <ele>144.4</ele>
    <time>2022-04-20T01:40:37Z</time>
   </trkpt>
   <trkpt lat="47.3803210" lon="-122.0393600">
    <ele>144.4</ele>
    <time>2022-04-20T01:40:38Z</time>
   </trkpt>
   <trkpt lat="47.3803220" lon="-122.0393700">
    <ele>144.4</ele>
    <time>2022-04-20T01:40:39Z</time>
   </trkpt>
   <trkpt lat="47.3803190" lon="-122.0393740">
    <ele>144.4</ele>
    <time>2022-04-20T01:40:40Z</time>
   </trkpt>
   <trkpt lat="47.3803250" lon="-122.0393930">
    <ele>144.4</ele>
    <time>2022-04-20T01:40:41Z</time>
   </trkpt>
   <trkpt lat="47.3803420" lon="-122.0394050">
    <ele>144.4</ele>
    <time>2022-04-20T01:40:42Z</time>
   </trkpt>
   <trkpt lat="47.3803480" lon="-122.0394080">
    <ele>144.4</ele>
    <time>2022-04-20T01:40:43Z</time>
   </trkpt>
   <trkpt lat="47.3803540" lon="-122.0394190">
    <ele>144.4</ele>
    <time>2022-04-20T01:40:44Z</time>
   </trkpt>
   <trkpt lat="47.3803610" lon="-122.0394360">
    <ele>144.4</ele>
    <time>2022-04-20T01:40:45Z</time>
   </trkpt>
   <trkpt lat="47.3803660" lon="-122.0394410">
    <ele>144.4</ele>
    <time>2022-04-20T01:40:46Z</time>
   </trkpt>
   <trkpt lat="47.3803710" lon="-122.0394460">
    <ele>144.4</ele>
    <time>2022-04-20T01:40:47Z</time>
   </trkpt>
   <trkpt lat="47.3803740" lon="-122.0394590">
    <ele>144.4</ele>
    <time>2022-04-20T01:40:48Z</time>
   </trkpt>
   <trkpt lat="47.3803810" lon="-122.0394690">
    <ele>144.4</ele>
    <time>2022-04-20T01:40:49Z</time>
   </trkpt>
   <trkpt lat="47.3803890" lon="-122.0394790">
    <ele>144.4</ele>
    <time>2022-04-20T01:40:50Z</time>
   </trkpt>
   <trkpt lat="47.3803940" lon="-122.0394860">
    <ele>144.4</ele>
    <time>2022-04-20T01:40:51Z</time>
   </trkpt>
   <trkpt lat="47.3803990" lon="-122.0394860">
    <ele>144.4</ele>
    <time>2022-04-20T01:40:52Z</time>
   </trkpt>
   <trkpt lat="47.3804060" lon="-122.0394920">
    <ele>144.4</ele>
    <time>2022-04-20T01:40:53Z</time>
   </trkpt>
   <trkpt lat="47.3804090" lon="-122.0395000">
    <ele>144.4</ele>
    <time>2022-04-20T01:40:54Z</time>
   </trkpt>
   <trkpt lat="47.3804180" lon="-122.0395070">
    <ele>144.4</ele>
    <time>2022-04-20T01:40:55Z</time>
   </trkpt>
   <trkpt lat="47.3804230" lon="-122.0395170">
    <ele>144.4</ele>
    <time>2022-04-20T01:40:56Z</time>
   </trkpt>
   <trkpt lat="47.3804280" lon="-122.0395270">
    <ele>144.4</ele>
    <time>2022-04-20T01:40:57Z</time>
   </trkpt>
   <trkpt lat="47.3804320" lon="-122.0395430">
    <ele>144.4</ele>
    <time>2022-04-20T01:40:58Z</time>
   </trkpt>
   <trkpt lat="47.3804400" lon="-122.0395510">
    <ele>144.3</ele>
    <time>2022-04-20T01:40:59Z</time>
   </trkpt>
   <trkpt lat="47.3804470" lon="-122.0395640">
    <ele>144.3</ele>
    <time>2022-04-20T01:41:00Z</time>
   </trkpt>
   <trkpt lat="47.3804460" lon="-122.0395730">
    <ele>144.3</ele>
    <time>2022-04-20T01:41:01Z</time>
   </trkpt>
   <trkpt lat="47.3804510" lon="-122.0395780">
    <ele>144.3</ele>
    <time>2022-04-20T01:41:02Z</time>
   </trkpt>
   <trkpt lat="47.3804560" lon="-122.0395900">
    <ele>144.3</ele>
    <time>2022-04-20T01:41:03Z</time>
   </trkpt>
   <trkpt lat="47.3804600" lon="-122.0395970">
    <ele>144.3</ele>
    <time>2022-04-20T01:41:04Z</time>
   </trkpt>
   <trkpt lat="47.3804730" lon="-122.0396080">
    <ele>144.3</ele>
    <time>2022-04-20T01:41:05Z</time>
   </trkpt>
   <trkpt lat="47.3804850" lon="-122.0396210">
    <ele>144.3</ele>
    <time>2022-04-20T01:41:06Z</time>
   </trkpt>
   <trkpt lat="47.3804950" lon="-122.0396330">
    <ele>144.3</ele>
    <time>2022-04-20T01:41:07Z</time>
   </trkpt>
   <trkpt lat="47.3805090" lon="-122.0396470">
    <ele>144.3</ele>
    <time>2022-04-20T01:41:08Z</time>
   </trkpt>
   <trkpt lat="47.3805160" lon="-122.0396540">
    <ele>144.3</ele>
    <time>2022-04-20T01:41:09Z</time>
   </trkpt>
   <trkpt lat="47.3805230" lon="-122.0396610">
    <ele>144.3</ele>
    <time>2022-04-20T01:41:10Z</time>
   </trkpt>
   <trkpt lat="47.3805310" lon="-122.0396670">
    <ele>144.3</ele>
    <time>2022-04-20T01:41:11Z</time>
   </trkpt>
   <trkpt lat="47.3805450" lon="-122.0396880">
    <ele>144.3</ele>
    <time>2022-04-20T01:41:12Z</time>
   </trkpt>
   <trkpt lat="47.3805490" lon="-122.0396980">
    <ele>144.3</ele>
    <time>2022-04-20T01:41:13Z</time>
   </trkpt>
   <trkpt lat="47.3805530" lon="-122.0397080">
    <ele>144.3</ele>
    <time>2022-04-20T01:41:14Z</time>
   </trkpt>
   <trkpt lat="47.3805570" lon="-122.0397190">
    <ele>144.3</ele>
    <time>2022-04-20T01:41:15Z</time>
   </trkpt>
   <trkpt lat="47.3805610" lon="-122.0397290">
    <ele>144.3</ele>
    <time>2022-04-20T01:41:16Z</time>
   </trkpt>
   <trkpt lat="47.3805660" lon="-122.0397410">
    <ele>144.3</ele>
    <time>2022-04-20T01:41:17Z</time>
   </trkpt>
   <trkpt lat="47.3805660" lon="-122.0397580">
    <ele>144.3</ele>
    <time>2022-04-20T01:41:18Z</time>
   </trkpt>
   <trkpt lat="47.3805690" lon="-122.0397730">
    <ele>144.3</ele>
    <time>2022-04-20T01:41:19Z</time>
   </trkpt>
   <trkpt lat="47.3805730" lon="-122.0397860">
    <ele>144.3</ele>
    <time>2022-04-20T01:41:20Z</time>
   </trkpt>
   <trkpt lat="47.3805700" lon="-122.0397950">
    <ele>144.3</ele>
    <time>2022-04-20T01:41:21Z</time>
   </trkpt>
   <trkpt lat="47.3805720" lon="-122.0397990">
    <ele>144.3</ele>
    <time>2022-04-20T01:41:22Z</time>
   </trkpt>
   <trkpt lat="47.3805770" lon="-122.0398150">
    <ele>144.3</ele>
    <time>2022-04-20T01:41:23Z</time>
   </trkpt>
   <trkpt lat="47.3805870" lon="-122.0398270">
    <ele>144.3</ele>
    <time>2022-04-20T01:41:24Z</time>
   </trkpt>
   <trkpt lat="47.3805900" lon="-122.0398430">
    <ele>144.3</ele>
    <time>2022-04-20T01:41:25Z</time>
   </trkpt>
   <trkpt lat="47.3805940" lon="-122.0398570">
    <ele>144.3</ele>
    <time>2022-04-20T01:41:26Z</time>
   </trkpt>
   <trkpt lat="47.3806100" lon="-122.0398730">
    <ele>144.3</ele>
    <time>2022-04-20T01:41:27Z</time>
   </trkpt>
   <trkpt lat="47.3806180" lon="-122.0398810">
    <ele>144.3</ele>
    <time>2022-04-20T01:41:28Z</time>
   </trkpt>
   <trkpt lat="47.3806260" lon="-122.0398900">
    <ele>144.3</ele>
    <time>2022-04-20T01:41:29Z</time>
   </trkpt>
   <trkpt lat="47.3806300" lon="-122.0399080">
    <ele>144.3</ele>
    <time>2022-04-20T01:41:30Z</time>
   </trkpt>
   <trkpt lat="47.3806350" lon="-122.0399250">
    <ele>144.3</ele>
    <time>2022-04-20T01:41:31Z</time>
   </trkpt>
   <trkpt lat="47.3806380" lon="-122.0399350">
    <ele>144.3</ele>
    <time>2022-04-20T01:41:32Z</time>
   </trkpt>
   <trkpt lat="47.3806410" lon="-122.0399600">
    <ele>144.3</ele>
    <time>2022-04-20T01:41:33Z</time>
   </trkpt>
   <trkpt lat="47.3806410" lon="-122.0399740">
    <ele>144.3</ele>
    <time>2022-04-20T01:41:34Z</time>
   </trkpt>
   <trkpt lat="47.3806410" lon="-122.0399880">
    <ele>144.3</ele>
    <time>2022-04-20T01:41:35Z</time>
   </trkpt>
   <trkpt lat="47.3806540" lon="-122.0400290">
    <ele>144.3</ele>
    <time>2022-04-20T01:41:36Z</time>
   </trkpt>
   <trkpt lat="47.3806570" lon="-122.0400450">
    <ele>144.3</ele>
    <time>2022-04-20T01:41:37Z</time>
   </trkpt>
   <trkpt lat="47.3806610" lon="-122.0400620">
    <ele>144.3</ele>
    <time>2022-04-20T01:41:38Z</time>
   </trkpt>
   <trkpt lat="47.3806630" lon="-122.0400820">
    <ele>144.3</ele>
    <time>2022-04-20T01:41:39Z</time>
   </trkpt>
   <trkpt lat="47.3806640" lon="-122.0401040">
    <ele>144.3</ele>
    <time>2022-04-20T01:41:40Z</time>
   </trkpt>
   <trkpt lat="47.3806680" lon="-122.0401220">
    <ele>144.4</ele>
    <time>2022-04-20T01:41:41Z</time>
   </trkpt>
   <trkpt lat="47.3806740" lon="-122.0401430">
    <ele>144.4</ele>
    <time>2022-04-20T01:41:42Z</time>
   </trkpt>
   <trkpt lat="47.3806680" lon="-122.0401570">
    <ele>144.4</ele>
    <time>2022-04-20T01:41:43Z</time>
   </trkpt>
   <trkpt lat="47.3806680" lon="-122.0401690">
    <ele>144.4</ele>
    <time>2022-04-20T01:41:44Z</time>
   </trkpt>
   <trkpt lat="47.3806690" lon="-122.0401790">
    <ele>144.4</ele>
    <time>2022-04-20T01:41:45Z</time>
   </trkpt>
   <trkpt lat="47.3806720" lon="-122.0401960">
    <ele>144.4</ele>
    <time>2022-04-20T01:41:46Z</time>
   </trkpt>
   <trkpt lat="47.3806750" lon="-122.0402100">
    <ele>144.4</ele>
    <time>2022-04-20T01:41:47Z</time>
   </trkpt>
   <trkpt lat="47.3806720" lon="-122.0402310">
    <ele>144.4</ele>
    <time>2022-04-20T01:41:48Z</time>
   </trkpt>
   <trkpt lat="47.3806780" lon="-122.0402400">
    <ele>144.5</ele>
    <time>2022-04-20T01:41:49Z</time>
   </trkpt>
   <trkpt lat="47.3806800" lon="-122.0402640">
    <ele>144.5</ele>
    <time>2022-04-20T01:41:50Z</time>
   </trkpt>
   <trkpt lat="47.3806790" lon="-122.0402740">
    <ele>144.5</ele>
    <time>2022-04-20T01:41:51Z</time>
   </trkpt>
   <trkpt lat="47.3806790" lon="-122.0402840">
    <ele>144.5</ele>
    <time>2022-04-20T01:41:52Z</time>
   </trkpt>
   <trkpt lat="47.3806780" lon="-122.0402940">
    <ele>144.5</ele>
    <time>2022-04-20T01:41:53Z</time>
   </trkpt>
   <trkpt lat="47.3806800" lon="-122.0403070">
    <ele>144.5</ele>
    <time>2022-04-20T01:41:54Z</time>
   </trkpt>
   <trkpt lat="47.3806800" lon="-122.0403260">
    <ele>144.5</ele>
    <time>2022-04-20T01:41:55Z</time>
   </trkpt>
   <trkpt lat="47.3806820" lon="-122.0403400">
    <ele>144.6</ele>
    <time>2022-04-20T01:41:56Z</time>
   </trkpt>
   <trkpt lat="47.3806800" lon="-122.0403600">
    <ele>144.6</ele>
    <time>2022-04-20T01:41:57Z</time>
   </trkpt>
   <trkpt lat="47.3806820" lon="-122.0403720">
    <ele>144.6</ele>
    <time>2022-04-20T01:41:58Z</time>
   </trkpt>
   <trkpt lat="47.3806780" lon="-122.0403920">
    <ele>144.6</ele>
    <time>2022-04-20T01:41:59Z</time>
   </trkpt>
   <trkpt lat="47.3806730" lon="-122.0404120">
    <ele>144.7</ele>
    <time>2022-04-20T01:42:00Z</time>
   </trkpt>
   <trkpt lat="47.3806800" lon="-122.0404300">
    <ele>144.9</ele>
    <time>2022-04-20T01:42:01Z</time>
   </trkpt>
   <trkpt lat="47.3806850" lon="-122.0404410">
    <ele>145.0</ele>
    <time>2022-04-20T01:42:02Z</time>
   </trkpt>
   <trkpt lat="47.3806980" lon="-122.0404480">
    <ele>145.1</ele>
    <time>2022-04-20T01:42:03Z</time>
   </trkpt>
   <trkpt lat="47.3807090" lon="-122.0404600">
    <ele>145.3</ele>
    <time>2022-04-20T01:42:04Z</time>
   </trkpt>
   <trkpt lat="47.3807320" lon="-122.0404630">
    <ele>145.5</ele>
    <time>2022-04-20T01:42:05Z</time>
   </trkpt>
   <trkpt lat="47.3807410" lon="-122.0404590">
    <ele>145.6</ele>
    <time>2022-04-20T01:42:06Z</time>
   </trkpt>
   <trkpt lat="47.3807500" lon="-122.0404560">
    <ele>145.7</ele>
    <time>2022-04-20T01:42:07Z</time>
   </trkpt>
   <trkpt lat="47.3807620" lon="-122.0404500">
    <ele>145.8</ele>
    <time>2022-04-20T01:42:08Z</time>
   </trkpt>
   <trkpt lat="47.3807670" lon="-122.0404450">
    <ele>145.9</ele>
    <time>2022-04-20T01:42:09Z</time>
   </trkpt>
   <trkpt lat="47.3807720" lon="-122.0404410">
    <ele>145.9</ele>
    <time>2022-04-20T01:42:10Z</time>
   </trkpt>
   <trkpt lat="47.3807760" lon="-122.0404370">
    <ele>146.0</ele>
    <time>2022-04-20T01:42:11Z</time>
   </trkpt>
   <trkpt lat="47.3807810" lon="-122.0404330">
    <ele>146.0</ele>
    <time>2022-04-20T01:42:12Z</time>
   </trkpt>
   <trkpt lat="47.3807860" lon="-122.0404290">
    <ele>146.1</ele>
    <time>2022-04-20T01:42:13Z</time>
   </trkpt>
   <trkpt lat="47.3808010" lon="-122.0404180">
    <ele>146.3</ele>
    <time>2022-04-20T01:42:14Z</time>
   </trkpt>
   <trkpt lat="47.3808050" lon="-122.0404120">
    <ele>146.3</ele>
    <time>2022-04-20T01:42:15Z</time>
   </trkpt>
   <trkpt lat="47.3808100" lon="-122.0404050">
    <ele>146.4</ele>
    <time>2022-04-20T01:42:16Z</time>
   </trkpt>
   <trkpt lat="47.3808140" lon="-122.0403990">
    <ele>146.4</ele>
    <time>2022-04-20T01:42:17Z</time>
   </trkpt>
   <trkpt lat="47.3808190" lon="-122.0403930">
    <ele>146.5</ele>
    <time>2022-04-20T01:42:18Z</time>
   </trkpt>
   <trkpt lat="47.3808210" lon="-122.0403760">
    <ele>146.6</ele>
    <time>2022-04-20T01:42:19Z</time>
   </trkpt>
   <trkpt lat="47.3808160" lon="-122.0403670">
    <ele>146.7</ele>
    <time>2022-04-20T01:42:20Z</time>
   </trkpt>
   <trkpt lat="47.3808090" lon="-122.0403500">
    <ele>146.8</ele>
    <time>2022-04-20T01:42:21Z</time>
   </trkpt>
   <trkpt lat="47.3808050" lon="-122.0403380">
    <ele>146.9</ele>
    <time>2022-04-20T01:42:22Z</time>
   </trkpt>
   <trkpt lat="47.3808090" lon="-122.0403210">
    <ele>147.4</ele>
    <time>2022-04-20T01:42:23Z</time>
   </trkpt>
   <trkpt lat="47.3808100" lon="-122.0403070">
    <ele>147.5</ele>
    <time>2022-04-20T01:42:24Z</time>
   </trkpt>
   <trkpt lat="47.3808090" lon="-122.0402950">
    <ele>147.5</ele>
    <time>2022-04-20T01:42:25Z</time>
   </trkpt>
   <trkpt lat="47.3808010" lon="-122.0402770">
    <ele>147.5</ele>
    <time>2022-04-20T01:42:26Z</time>
   </trkpt>
   <trkpt lat="47.3807970" lon="-122.0402630">
    <ele>147.5</ele>
    <time>2022-04-20T01:42:27Z</time>
   </trkpt>
   <trkpt lat="47.3807940" lon="-122.0402490">
    <ele>147.6</ele>
    <time>2022-04-20T01:42:28Z</time>
   </trkpt>
   <trkpt lat="47.3807960" lon="-122.0402390">
    <ele>147.6</ele>
    <time>2022-04-20T01:42:29Z</time>
   </trkpt>
   <trkpt lat="47.3807980" lon="-122.0402290">
    <ele>147.6</ele>
    <time>2022-04-20T01:42:30Z</time>
   </trkpt>
   <trkpt lat="47.3807930" lon="-122.0402150">
    <ele>147.6</ele>
    <time>2022-04-20T01:42:31Z</time>
   </trkpt>
   <trkpt lat="47.3807900" lon="-122.0401910">
    <ele>147.7</ele>
    <time>2022-04-20T01:42:32Z</time>
   </trkpt>
   <trkpt lat="47.3807950" lon="-122.0401770">
    <ele>147.7</ele>
    <time>2022-04-20T01:42:33Z</time>
   </trkpt>
   <trkpt lat="47.3807960" lon="-122.0401630">
    <ele>147.7</ele>
    <time>2022-04-20T01:42:34Z</time>
   </trkpt>
   <trkpt lat="47.3807930" lon="-122.0401430">
    <ele>147.7</ele>
    <time>2022-04-20T01:42:35Z</time>
   </trkpt>
   <trkpt lat="47.3807950" lon="-122.0401210">
    <ele>147.8</ele>
    <time>2022-04-20T01:42:36Z</time>
   </trkpt>
   <trkpt lat="47.3807980" lon="-122.0401020">
    <ele>147.8</ele>
    <time>2022-04-20T01:42:37Z</time>
   </trkpt>
   <trkpt lat="47.3808020" lon="-122.0400870">
    <ele>147.8</ele>
    <time>2022-04-20T01:42:38Z</time>
   </trkpt>
   <trkpt lat="47.3808010" lon="-122.0400760">
    <ele>147.8</ele>
    <time>2022-04-20T01:42:39Z</time>
   </trkpt>
   <trkpt lat="47.3808110" lon="-122.0400450">
    <ele>147.9</ele>
    <time>2022-04-20T01:42:40Z</time>
   </trkpt>
   <trkpt lat="47.3808080" lon="-122.0400280">
    <ele>147.9</ele>
    <time>2022-04-20T01:42:41Z</time>
   </trkpt>
   <trkpt lat="47.3808100" lon="-122.0400040">
    <ele>147.9</ele>
    <time>2022-04-20T01:42:42Z</time>
   </trkpt>
   <trkpt lat="47.3808140" lon="-122.0399940">
    <ele>147.9</ele>
    <time>2022-04-20T01:42:43Z</time>
   </trkpt>
   <trkpt lat="47.3808190" lon="-122.0399850">
    <ele>147.9</ele>
    <time>2022-04-20T01:42:44Z</time>
   </trkpt>
   <trkpt lat="47.3808230" lon="-122.0399750">
    <ele>147.9</ele>
    <time>2022-04-20T01:42:45Z</time>
   </trkpt>
   <trkpt lat="47.3808200" lon="-122.0399410">
    <ele>147.9</ele>
    <time>2022-04-20T01:42:46Z</time>
   </trkpt>
   <trkpt lat="47.3808170" lon="-122.0399300">
    <ele>148.0</ele>
    <time>2022-04-20T01:42:47Z</time>
   </trkpt>
   <trkpt lat="47.3808140" lon="-122.0399190">
    <ele>148.0</ele>
    <time>2022-04-20T01:42:48Z</time>
   </trkpt>
   <trkpt lat="47.3808070" lon="-122.0398900">
    <ele>148.0</ele>
    <time>2022-04-20T01:42:49Z</time>
   </trkpt>
   <trkpt lat="47.3808040" lon="-122.0398780">
    <ele>148.0</ele>
    <time>2022-04-20T01:42:50Z</time>
   </trkpt>
   <trkpt lat="47.3808010" lon="-122.0398650">
    <ele>148.0</ele>
    <time>2022-04-20T01:42:51Z</time>
   </trkpt>
   <trkpt lat="47.3807990" lon="-122.0398420">
    <ele>148.0</ele>
    <time>2022-04-20T01:42:52Z</time>
   </trkpt>
   <trkpt lat="47.3807970" lon="-122.0398200">
    <ele>148.1</ele>
    <time>2022-04-20T01:42:53Z</time>
   </trkpt>
   <trkpt lat="47.3807900" lon="-122.0398060">
    <ele>148.1</ele>
    <time>2022-04-20T01:42:54Z</time>
   </trkpt>
   <trkpt lat="47.3807880" lon="-122.0397910">
    <ele>148.1</ele>
    <time>2022-04-20T01:42:55Z</time>
   </trkpt>
   <trkpt lat="47.3807820" lon="-122.0397750">
    <ele>148.1</ele>
    <time>2022-04-20T01:42:56Z</time>
   </trkpt>
   <trkpt lat="47.3807760" lon="-122.0397600">
    <ele>148.1</ele>
    <time>2022-04-20T01:42:57Z</time>
   </trkpt>
   <trkpt lat="47.3807750" lon="-122.0397350">
    <ele>148.1</ele>
    <time>2022-04-20T01:42:58Z</time>
   </trkpt>
   <trkpt lat="47.3807730" lon="-122.0397060">
    <ele>148.2</ele>
    <time>2022-04-20T01:42:59Z</time>
   </trkpt>
   <trkpt lat="47.3807700" lon="-122.0396860">
    <ele>148.2</ele>
    <time>2022-04-20T01:43:00Z</time>
   </trkpt>
   <trkpt lat="47.3807620" lon="-122.0396600">
    <ele>148.2</ele>
    <time>2022-04-20T01:43:01Z</time>
   </trkpt>
   <trkpt lat="47.3807610" lon="-122.0396470">
    <ele>148.2</ele>
    <time>2022-04-20T01:43:02Z</time>
   </trkpt>
   <trkpt lat="47.3807590" lon="-122.0396340">
    <ele>148.2</ele>
    <time>2022-04-20T01:43:03Z</time>
   </trkpt>
   <trkpt lat="47.3807570" lon="-122.0396180">
    <ele>148.2</ele>
    <time>2022-04-20T01:43:04Z</time>
   </trkpt>
   <trkpt lat="47.3807480" lon="-122.0395920">
    <ele>148.3</ele>
    <time>2022-04-20T01:43:05Z</time>
   </trkpt>
   <trkpt lat="47.3807480" lon="-122.0395780">
    <ele>148.3</ele>
    <time>2022-04-20T01:43:06Z</time>
   </trkpt>
   <trkpt lat="47.3807500" lon="-122.0395660">
    <ele>148.3</ele>
    <time>2022-04-20T01:43:07Z</time>
   </trkpt>
   <trkpt lat="47.3807480" lon="-122.0395470">
    <ele>148.3</ele>
    <time>2022-04-20T01:43:08Z</time>
   </trkpt>
   <trkpt lat="47.3807550" lon="-122.0395280">
    <ele>148.3</ele>
    <time>2022-04-20T01:43:09Z</time>
   </trkpt>
   <trkpt lat="47.3807540" lon="-122.0395160">
    <ele>148.3</ele>
    <time>2022-04-20T01:43:10Z</time>
   </trkpt>
   <trkpt lat="47.3807500" lon="-122.0394960">
    <ele>148.4</ele>
    <time>2022-04-20T01:43:11Z</time>
   </trkpt>
   <trkpt lat="47.3807420" lon="-122.0394750">
    <ele>148.4</ele>
    <time>2022-04-20T01:43:12Z</time>
   </trkpt>
   <trkpt lat="47.3807380" lon="-122.0394570">
    <ele>148.4</ele>
    <time>2022-04-20T01:43:13Z</time>
   </trkpt>
   <trkpt lat="47.3807320" lon="-122.0394290">
    <ele>148.4</ele>
    <time>2022-04-20T01:43:14Z</time>
   </trkpt>
   <trkpt lat="47.3807290" lon="-122.0394140">
    <ele>148.4</ele>
    <time>2022-04-20T01:43:15Z</time>
   </trkpt>
   <trkpt lat="47.3807260" lon="-122.0394000">
    <ele>148.5</ele>
    <time>2022-04-20T01:43:16Z</time>
   </trkpt>
   <trkpt lat="47.3807200" lon="-122.0393760">
    <ele>148.5</ele>
    <time>2022-04-20T01:43:17Z</time>
   </trkpt>
   <trkpt lat="47.3807130" lon="-122.0393620">
    <ele>148.5</ele>
    <time>2022-04-20T01:43:18Z</time>
   </trkpt>
   <trkpt lat="47.3807070" lon="-122.0393410">
    <ele>148.5</ele>
    <time>2022-04-20T01:43:19Z</time>
   </trkpt>
   <trkpt lat="47.3806980" lon="-122.0393270">
    <ele>148.5</ele>
    <time>2022-04-20T01:43:20Z</time>
   </trkpt>
   <trkpt lat="47.3806900" lon="-122.0393070">
    <ele>148.5</ele>
    <time>2022-04-20T01:43:21Z</time>
   </trkpt>
   <trkpt lat="47.3806830" lon="-122.0392950">
    <ele>148.6</ele>
    <time>2022-04-20T01:43:22Z</time>
   </trkpt>
   <trkpt lat="47.3806760" lon="-122.0392830">
    <ele>148.6</ele>
    <time>2022-04-20T01:43:23Z</time>
   </trkpt>
   <trkpt lat="47.3806680" lon="-122.0392620">
    <ele>148.6</ele>
    <time>2022-04-20T01:43:24Z</time>
   </trkpt>
   <trkpt lat="47.3806600" lon="-122.0392420">
    <ele>148.6</ele>
    <time>2022-04-20T01:43:25Z</time>
   </trkpt>
   <trkpt lat="47.3806580" lon="-122.0392130">
    <ele>148.6</ele>
    <time>2022-04-20T01:43:26Z</time>
   </trkpt>
   <trkpt lat="47.3806560" lon="-122.0391990">
    <ele>148.6</ele>
    <time>2022-04-20T01:43:27Z</time>
   </trkpt>
   <trkpt lat="47.3806530" lon="-122.0391850">
    <ele>148.6</ele>
    <time>2022-04-20T01:43:28Z</time>
   </trkpt>
   <trkpt lat="47.3806520" lon="-122.0391700">
    <ele>148.7</ele>
    <time>2022-04-20T01:43:29Z</time>
   </trkpt>
   <trkpt lat="47.3806530" lon="-122.0391530">
    <ele>148.7</ele>
    <time>2022-04-20T01:43:30Z</time>
   </trkpt>
   <trkpt lat="47.3806520" lon="-122.0391330">
    <ele>148.7</ele>
    <time>2022-04-20T01:43:31Z</time>
   </trkpt>
   <trkpt lat="47.3806590" lon="-122.0391310">
    <ele>148.7</ele>
    <time>2022-04-20T01:43:32Z</time>
   </trkpt>
   <trkpt lat="47.3806600" lon="-122.0391100">
    <ele>148.7</ele>
    <time>2022-04-20T01:43:33Z</time>
   </trkpt>
   <trkpt lat="47.3806540" lon="-122.0390860">
    <ele>148.7</ele>
    <time>2022-04-20T01:43:34Z</time>
   </trkpt>
   <trkpt lat="47.3806500" lon="-122.0390660">
    <ele>148.7</ele>
    <time>2022-04-20T01:43:35Z</time>
   </trkpt>
   <trkpt lat="47.3806430" lon="-122.0390570">
    <ele>148.8</ele>
    <time>2022-04-20T01:43:36Z</time>
   </trkpt>
   <trkpt lat="47.3806350" lon="-122.0390430">
    <ele>148.8</ele>
    <time>2022-04-20T01:43:37Z</time>
   </trkpt>
   <trkpt lat="47.3806330" lon="-122.0390350">
    <ele>148.8</ele>
    <time>2022-04-20T01:43:38Z</time>
   </trkpt>
   <trkpt lat="47.3806360" lon="-122.0390210">
    <ele>148.8</ele>
    <time>2022-04-20T01:43:39Z</time>
   </trkpt>
   <trkpt lat="47.3806360" lon="-122.0390020">
    <ele>148.8</ele>
    <time>2022-04-20T01:43:40Z</time>
   </trkpt>
   <trkpt lat="47.3806300" lon="-122.0389720">
    <ele>148.8</ele>
    <time>2022-04-20T01:43:41Z</time>
   </trkpt>
   <trkpt lat="47.3806290" lon="-122.0389580">
    <ele>148.9</ele>
    <time>2022-04-20T01:43:42Z</time>
   </trkpt>
   <trkpt lat="47.3806280" lon="-122.0389430">
    <ele>148.9</ele>
    <time>2022-04-20T01:43:43Z</time>
   </trkpt>
   <trkpt lat="47.3806180" lon="-122.0389300">
    <ele>148.9</ele>
    <time>2022-04-20T01:43:44Z</time>
   </trkpt>
   <trkpt lat="47.3806030" lon="-122.0389120">
    <ele>148.9</ele>
    <time>2022-04-20T01:43:45Z</time>
   </trkpt>
   <trkpt lat="47.3805880" lon="-122.0388990">
    <ele>149.0</ele>
    <time>2022-04-20T01:43:46Z</time>
   </trkpt>
   <trkpt lat="47.3805840" lon="-122.0388770">
    <ele>149.0</ele>
    <time>2022-04-20T01:43:47Z</time>
   </trkpt>
   <trkpt lat="47.3805820" lon="-122.0388550">
    <ele>149.0</ele>
    <time>2022-04-20T01:43:48Z</time>
   </trkpt>
   <trkpt lat="47.3805790" lon="-122.0388330">
    <ele>149.0</ele>
    <time>2022-04-20T01:43:49Z</time>
   </trkpt>
   <trkpt lat="47.3805700" lon="-122.0388130">
    <ele>149.0</ele>
    <time>2022-04-20T01:43:50Z</time>
   </trkpt>
   <trkpt lat="47.3805610" lon="-122.0387950">
    <ele>149.1</ele>
    <time>2022-04-20T01:43:51Z</time>
   </trkpt>
   <trkpt lat="47.3805530" lon="-122.0387780">
    <ele>149.1</ele>
    <time>2022-04-20T01:43:52Z</time>
   </trkpt>
   <trkpt lat="47.3805490" lon="-122.0387650">
    <ele>149.1</ele>
    <time>2022-04-20T01:43:53Z</time>
   </trkpt>
   <trkpt lat="47.3805420" lon="-122.0387520">
    <ele>149.1</ele>
    <time>2022-04-20T01:43:54Z</time>
   </trkpt>
   <trkpt lat="47.3805390" lon="-122.0387370">
    <ele>149.1</ele>
    <time>2022-04-20T01:43:55Z</time>
   </trkpt>
   <trkpt lat="47.3805340" lon="-122.0387270">
    <ele>149.2</ele>
    <time>2022-04-20T01:43:56Z</time>
   </trkpt>
   <trkpt lat="47.3805290" lon="-122.0387140">
    <ele>149.2</ele>
    <time>2022-04-20T01:43:57Z</time>
   </trkpt>
   <trkpt lat="47.3805250" lon="-122.0386870">
    <ele>149.2</ele>
    <time>2022-04-20T01:43:58Z</time>
   </trkpt>
   <trkpt lat="47.3805220" lon="-122.0386740">
    <ele>149.2</ele>
    <time>2022-04-20T01:43:59Z</time>
   </trkpt>
   <trkpt lat="47.3805180" lon="-122.0386610">
    <ele>149.2</ele>
    <time>2022-04-20T01:44:00Z</time>
   </trkpt>
   <trkpt lat="47.3805120" lon="-122.0386390">
    <ele>149.3</ele>
    <time>2022-04-20T01:44:01Z</time>
   </trkpt>
   <trkpt lat="47.3805070" lon="-122.0386150">
    <ele>149.3</ele>
    <time>2022-04-20T01:44:02Z</time>
   </trkpt>
   <trkpt lat="47.3805020" lon="-122.0386020">
    <ele>149.3</ele>
    <time>2022-04-20T01:44:03Z</time>
   </trkpt>
   <trkpt lat="47.3804950" lon="-122.0385880">
    <ele>149.3</ele>
    <time>2022-04-20T01:44:04Z</time>
   </trkpt>
   <trkpt lat="47.3804930" lon="-122.0385750">
    <ele>149.4</ele>
    <time>2022-04-20T01:44:05Z</time>
   </trkpt>
   <trkpt lat="47.3804890" lon="-122.0385530">
    <ele>149.4</ele>
    <time>2022-04-20T01:44:06Z</time>
   </trkpt>
   <trkpt lat="47.3804840" lon="-122.0385350">
    <ele>149.4</ele>
    <time>2022-04-20T01:44:07Z</time>
   </trkpt>
   <trkpt lat="47.3804780" lon="-122.0385120">
    <ele>149.4</ele>
    <time>2022-04-20T01:44:08Z</time>
   </trkpt>
   <trkpt lat="47.3804720" lon="-122.0384950">
    <ele>149.5</ele>
    <time>2022-04-20T01:44:09Z</time>
   </trkpt>
   <trkpt lat="47.3804680" lon="-122.0384770">
    <ele>149.5</ele>
    <time>2022-04-20T01:44:10Z</time>
   </trkpt>
   <trkpt lat="47.3804600" lon="-122.0384560">
    <ele>149.5</ele>
    <time>2022-04-20T01:44:11Z</time>
   </trkpt>
   <trkpt lat="47.3804540" lon="-122.0384470">
    <ele>149.5</ele>
    <time>2022-04-20T01:44:12Z</time>
   </trkpt>
   <trkpt lat="47.3804510" lon="-122.0384300">
    <ele>149.6</ele>
    <time>2022-04-20T01:44:13Z</time>
   </trkpt>
   <trkpt lat="47.3804530" lon="-122.0384210">
    <ele>149.6</ele>
    <time>2022-04-20T01:44:14Z</time>
   </trkpt>
   <trkpt lat="47.3804490" lon="-122.0384110">
    <ele>149.6</ele>
    <time>2022-04-20T01:44:15Z</time>
   </trkpt>
   <trkpt lat="47.3804440" lon="-122.0383860">
    <ele>149.6</ele>
    <time>2022-04-20T01:44:16Z</time>
   </trkpt>
   <trkpt lat="47.3804380" lon="-122.0383670">
    <ele>149.7</ele>
    <time>2022-04-20T01:44:17Z</time>
   </trkpt>
   <trkpt lat="47.3804260" lon="-122.0383420">
    <ele>149.7</ele>
    <time>2022-04-20T01:44:18Z</time>
   </trkpt>
   <trkpt lat="47.3804240" lon="-122.0383300">
    <ele>149.7</ele>
    <time>2022-04-20T01:44:19Z</time>
   </trkpt>
   <trkpt lat="47.3804210" lon="-122.0383170">
    <ele>149.7</ele>
    <time>2022-04-20T01:44:20Z</time>
   </trkpt>
   <trkpt lat="47.3804200" lon="-122.0382850">
    <ele>149.8</ele>
    <time>2022-04-20T01:44:21Z</time>
   </trkpt>
   <trkpt lat="47.3804180" lon="-122.0382720">
    <ele>149.8</ele>
    <time>2022-04-20T01:44:22Z</time>
   </trkpt>
   <trkpt lat="47.3804150" lon="-122.0382590">
    <ele>149.8</ele>
    <time>2022-04-20T01:44:23Z</time>
   </trkpt>
   <trkpt lat="47.3804130" lon="-122.0382360">
    <ele>149.9</ele>
    <time>2022-04-20T01:44:24Z</time>
   </trkpt>
   <trkpt lat="47.3804090" lon="-122.0382190">
    <ele>149.9</ele>
    <time>2022-04-20T01:44:25Z</time>
   </trkpt>
   <trkpt lat="47.3804020" lon="-122.0381970">
    <ele>149.9</ele>
    <time>2022-04-20T01:44:26Z</time>
   </trkpt>
   <trkpt lat="47.3803970" lon="-122.0381840">
    <ele>149.9</ele>
    <time>2022-04-20T01:44:27Z</time>
   </trkpt>
   <trkpt lat="47.3803920" lon="-122.0381710">
    <ele>149.9</ele>
    <time>2022-04-20T01:44:28Z</time>
   </trkpt>
   <trkpt lat="47.3803850" lon="-122.0381520">
    <ele>150.0</ele>
    <time>2022-04-20T01:44:29Z</time>
   </trkpt>
   <trkpt lat="47.3803840" lon="-122.0381360">
    <ele>150.0</ele>
    <time>2022-04-20T01:44:30Z</time>
   </trkpt>
   <trkpt lat="47.3803850" lon="-122.0381220">
    <ele>150.0</ele>
    <time>2022-04-20T01:44:31Z</time>
   </trkpt>
   <trkpt lat="47.3803720" lon="-122.0380970">
    <ele>150.0</ele>
    <time>2022-04-20T01:44:32Z</time>
   </trkpt>
   <trkpt lat="47.3803670" lon="-122.0380850">
    <ele>150.1</ele>
    <time>2022-04-20T01:44:33Z</time>
   </trkpt>
   <trkpt lat="47.3803620" lon="-122.0380730">
    <ele>150.1</ele>
    <time>2022-04-20T01:44:34Z</time>
   </trkpt>
   <trkpt lat="47.3803520" lon="-122.0380490">
    <ele>150.1</ele>
    <time>2022-04-20T01:44:35Z</time>
   </trkpt>
   <trkpt lat="47.3803440" lon="-122.0380400">
    <ele>150.1</ele>
    <time>2022-04-20T01:44:36Z</time>
   </trkpt>
   <trkpt lat="47.3803370" lon="-122.0380300">
    <ele>150.1</ele>
    <time>2022-04-20T01:44:37Z</time>
   </trkpt>
   <trkpt lat="47.3803330" lon="-122.0380120">
    <ele>150.1</ele>
    <time>2022-04-20T01:44:38Z</time>
   </trkpt>
   <trkpt lat="47.3803280" lon="-122.0379910">
    <ele>150.2</ele>
    <time>2022-04-20T01:44:39Z</time>
   </trkpt>
   <trkpt lat="47.3803220" lon="-122.0379760">
    <ele>150.2</ele>
    <time>2022-04-20T01:44:40Z</time>
   </trkpt>
   <trkpt lat="47.3803200" lon="-122.0379640">
    <ele>150.2</ele>
    <time>2022-04-20T01:44:41Z</time>
   </trkpt>
   <trkpt lat="47.3803160" lon="-122.0379430">
    <ele>150.2</ele>
    <time>2022-04-20T01:44:42Z</time>
   </trkpt>
   <trkpt lat="47.3803110" lon="-122.0379380">
    <ele>150.2</ele>
    <time>2022-04-20T01:44:43Z</time>
   </trkpt>
   <trkpt lat="47.3803070" lon="-122.0379240">
    <ele>150.2</ele>
    <time>2022-04-20T01:44:44Z</time>
   </trkpt>
   <trkpt lat="47.3802970" lon="-122.0379090">
    <ele>150.3</ele>
    <time>2022-04-20T01:44:45Z</time>
   </trkpt>
   <trkpt lat="47.3802860" lon="-122.0378900">
    <ele>150.3</ele>
    <time>2022-04-20T01:44:46Z</time>
   </trkpt>
   <trkpt lat="47.3802750" lon="-122.0378680">
    <ele>150.3</ele>
    <time>2022-04-20T01:44:47Z</time>
   </trkpt>
   <trkpt lat="47.3802670" lon="-122.0378520">
    <ele>150.3</ele>
    <time>2022-04-20T01:44:48Z</time>
   </trkpt>
   <trkpt lat="47.3802610" lon="-122.0378410">
    <ele>150.3</ele>
    <time>2022-04-20T01:44:49Z</time>
   </trkpt>
   <trkpt lat="47.3802540" lon="-122.0378360">
    <ele>150.3</ele>
    <time>2022-04-20T01:44:50Z</time>
   </trkpt>
   <trkpt lat="47.3802480" lon="-122.0378250">
    <ele>150.3</ele>
    <time>2022-04-20T01:44:51Z</time>
   </trkpt>
   <trkpt lat="47.3802400" lon="-122.0378170">
    <ele>150.3</ele>
    <time>2022-04-20T01:44:52Z</time>
   </trkpt>
   <trkpt lat="47.3802320" lon="-122.0378070">
    <ele>150.3</ele>
    <time>2022-04-20T01:44:53Z</time>
   </trkpt>
   <trkpt lat="47.3802220" lon="-122.0377960">
    <ele>150.4</ele>
    <time>2022-04-20T01:44:54Z</time>
   </trkpt>
   <trkpt lat="47.3802150" lon="-122.0377870">
    <ele>150.4</ele>
    <time>2022-04-20T01:44:55Z</time>
   </trkpt>
   <trkpt lat="47.3802060" lon="-122.0377750">
    <ele>150.4</ele>
    <time>2022-04-20T01:44:56Z</time>
   </trkpt>
   <trkpt lat="47.3801980" lon="-122.0377710">
    <ele>150.4</ele>
    <time>2022-04-20T01:44:57Z</time>
   </trkpt>
   <trkpt lat="47.3801880" lon="-122.0377630">
    <ele>150.4</ele>
    <time>2022-04-20T01:44:58Z</time>
   </trkpt>
   <trkpt lat="47.3801780" lon="-122.0377560">
    <ele>150.4</ele>
    <time>2022-04-20T01:44:59Z</time>
   </trkpt>
   <trkpt lat="47.3801760" lon="-122.0377490">
    <ele>150.4</ele>
    <time>2022-04-20T01:45:00Z</time>
   </trkpt>
   <trkpt lat="47.3801680" lon="-122.0377400">
    <ele>150.4</ele>
    <time>2022-04-20T01:45:01Z</time>
   </trkpt>
   <trkpt lat="47.3801610" lon="-122.0377340">
    <ele>150.4</ele>
    <time>2022-04-20T01:45:02Z</time>
   </trkpt>
   <trkpt lat="47.3801560" lon="-122.0377250">
    <ele>150.4</ele>
    <time>2022-04-20T01:45:03Z</time>
   </trkpt>
   <trkpt lat="47.3801420" lon="-122.0376910">
    <ele>150.4</ele>
    <time>2022-04-20T01:45:04Z</time>
   </trkpt>
   <trkpt lat="47.3801380" lon="-122.0376780">
    <ele>150.4</ele>
    <time>2022-04-20T01:45:05Z</time>
   </trkpt>
   <trkpt lat="47.3801420" lon="-122.0376220">
    <ele>150.5</ele>
    <time>2022-04-20T01:45:06Z</time>
   </trkpt>
   <trkpt lat="47.3801420" lon="-122.0376040">
    <ele>150.5</ele>
    <time>2022-04-20T01:45:07Z</time>
   </trkpt>
   <trkpt lat="47.3801380" lon="-122.0375840">
    <ele>150.5</ele>
    <time>2022-04-20T01:45:08Z</time>
   </trkpt>
   <trkpt lat="47.3801390" lon="-122.0375670">
    <ele>150.5</ele>
    <time>2022-04-20T01:45:09Z</time>
   </trkpt>
   <trkpt lat="47.3801390" lon="-122.0375590">
    <ele>150.5</ele>
    <time>2022-04-20T01:45:10Z</time>
   </trkpt>
   <trkpt lat="47.3801360" lon="-122.0375520">
    <ele>150.5</ele>
    <time>2022-04-20T01:45:11Z</time>
   </trkpt>
   <trkpt lat="47.3801320" lon="-122.0375370">
    <ele>150.5</ele>
    <time>2022-04-20T01:45:12Z</time>
   </trkpt>
   <trkpt lat="47.3801240" lon="-122.0375210">
    <ele>150.5</ele>
    <time>2022-04-20T01:45:13Z</time>
   </trkpt>
   <trkpt lat="47.3801210" lon="-122.0375010">
    <ele>150.5</ele>
    <time>2022-04-20T01:45:14Z</time>
   </trkpt>
   <trkpt lat="47.3801130" lon="-122.0374890">
    <ele>150.5</ele>
    <time>2022-04-20T01:45:15Z</time>
   </trkpt>
   <trkpt lat="47.3801060" lon="-122.0374780">
    <ele>150.5</ele>
    <time>2022-04-20T01:45:16Z</time>
   </trkpt>
   <trkpt lat="47.3801020" lon="-122.0374710">
    <ele>150.6</ele>
    <time>2022-04-20T01:45:17Z</time>
   </trkpt>
   <trkpt lat="47.3801000" lon="-122.0374680">
    <ele>150.6</ele>
    <time>2022-04-20T01:45:18Z</time>
   </trkpt>
   <trkpt lat="47.3800970" lon="-122.0374610">
    <ele>150.6</ele>
    <time>2022-04-20T01:45:19Z</time>
   </trkpt>
   <trkpt lat="47.3800900" lon="-122.0374430">
    <ele>150.6</ele>
    <time>2022-04-20T01:45:20Z</time>
   </trkpt>
   <trkpt lat="47.3800800" lon="-122.0374360">
    <ele>150.6</ele>
    <time>2022-04-20T01:45:21Z</time>
   </trkpt>
   <trkpt lat="47.3800720" lon="-122.0374240">
    <ele>150.6</ele>
    <time>2022-04-20T01:45:22Z</time>
   </trkpt>
   <trkpt lat="47.3800690" lon="-122.0374160">
    <ele>150.6</ele>
    <time>2022-04-20T01:45:23Z</time>
   </trkpt>
   <trkpt lat="47.3800650" lon="-122.0374100">
    <ele>150.6</ele>
    <time>2022-04-20T01:45:24Z</time>
   </trkpt>
   <trkpt lat="47.3800600" lon="-122.0374030">
    <ele>150.6</ele>
    <time>2022-04-20T01:45:25Z</time>
   </trkpt>
   <trkpt lat="47.3800570" lon="-122.0373970">
    <ele>150.6</ele>
    <time>2022-04-20T01:45:26Z</time>
   </trkpt>
   <trkpt lat="47.3800520" lon="-122.0373850">
    <ele>150.6</ele>
    <time>2022-04-20T01:45:27Z</time>
   </trkpt>
   <trkpt lat="47.3800480" lon="-122.0373700">
    <ele>150.7</ele>
    <time>2022-04-20T01:45:28Z</time>
   </trkpt>
   <trkpt lat="47.3800410" lon="-122.0373520">
    <ele>150.7</ele>
    <time>2022-04-20T01:45:29Z</time>
   </trkpt>
   <trkpt lat="47.3800370" lon="-122.0373380">
    <ele>150.7</ele>
    <time>2022-04-20T01:45:30Z</time>
   </trkpt>
   <trkpt lat="47.3800290" lon="-122.0373230">
    <ele>150.7</ele>
    <time>2022-04-20T01:45:31Z</time>
   </trkpt>
   <trkpt lat="47.3800240" lon="-122.0373140">
    <ele>150.7</ele>
    <time>2022-04-20T01:45:32Z</time>
   </trkpt>
   <trkpt lat="47.3800200" lon="-122.0373040">
    <ele>150.7</ele>
    <time>2022-04-20T01:45:33Z</time>
   </trkpt>
   <trkpt lat="47.3800150" lon="-122.0372950">
    <ele>150.7</ele>
    <time>2022-04-20T01:45:34Z</time>
   </trkpt>
   <trkpt lat="47.3800110" lon="-122.0372850">
    <ele>150.7</ele>
    <time>2022-04-20T01:45:35Z</time>
   </trkpt>
   <trkpt lat="47.3800060" lon="-122.0372760">
    <ele>150.7</ele>
    <time>2022-04-20T01:45:36Z</time>
   </trkpt>
   <trkpt lat="47.3799980" lon="-122.0372710">
    <ele>150.7</ele>
    <time>2022-04-20T01:45:37Z</time>
   </trkpt>
   <trkpt lat="47.3799930" lon="-122.0372760">
    <ele>150.7</ele>
    <time>2022-04-20T01:45:38Z</time>
   </trkpt>
   <trkpt lat="47.3799880" lon="-122.0372820">
    <ele>150.7</ele>
    <time>2022-04-20T01:45:39Z</time>
   </trkpt>
   <trkpt lat="47.3799830" lon="-122.0372880">
    <ele>150.7</ele>
    <time>2022-04-20T01:45:40Z</time>
   </trkpt>
   <trkpt lat="47.3799790" lon="-122.0372930">
    <ele>150.7</ele>
    <time>2022-04-20T01:45:41Z</time>
   </trkpt>
   <trkpt lat="47.3799740" lon="-122.0372990">
    <ele>150.7</ele>
    <time>2022-04-20T01:45:42Z</time>
   </trkpt>
   <trkpt lat="47.3799690" lon="-122.0373040">
    <ele>150.7</ele>
    <time>2022-04-20T01:45:43Z</time>
   </trkpt>
   <trkpt lat="47.3799650" lon="-122.0373100">
    <ele>150.7</ele>
    <time>2022-04-20T01:45:44Z</time>
   </trkpt>
   <trkpt lat="47.3799600" lon="-122.0373160">
    <ele>150.7</ele>
    <time>2022-04-20T01:45:45Z</time>
   </trkpt>
   <trkpt lat="47.3799550" lon="-122.0373210">
    <ele>150.7</ele>
    <time>2022-04-20T01:45:46Z</time>
   </trkpt>
   <trkpt lat="47.3799510" lon="-122.0373270">
    <ele>150.7</ele>
    <time>2022-04-20T01:45:47Z</time>
   </trkpt>
   <trkpt lat="47.3799460" lon="-122.0373330">
    <ele>150.7</ele>
    <time>2022-04-20T01:45:48Z</time>
   </trkpt>
   <trkpt lat="47.3799410" lon="-122.0373380">
    <ele>150.7</ele>
    <time>2022-04-20T01:45:49Z</time>
   </trkpt>
   <trkpt lat="47.3799300" lon="-122.0373410">
    <ele>150.7</ele>
    <time>2022-04-20T01:45:50Z</time>
   </trkpt>
   <trkpt lat="47.3799300" lon="-122.0373510">
    <ele>150.7</ele>
    <time>2022-04-20T01:45:51Z</time>
   </trkpt>
   <trkpt lat="47.3799270" lon="-122.0373540">
    <ele>150.7</ele>
    <time>2022-04-20T01:45:52Z</time>
   </trkpt>
   <trkpt lat="47.3799290" lon="-122.0373570">
    <ele>150.7</ele>
    <time>2022-04-20T01:45:53Z</time>
   </trkpt>
   <trkpt lat="47.3799280" lon="-122.0373690">
    <ele>150.7</ele>
    <time>2022-04-20T01:45:54Z</time>
   </trkpt>
   <trkpt lat="47.3799220" lon="-122.0373800">
    <ele>150.6</ele>
    <time>2022-04-20T01:45:55Z</time>
   </trkpt>
   <trkpt lat="47.3799220" lon="-122.0373920">
    <ele>150.6</ele>
    <time>2022-04-20T01:45:56Z</time>
   </trkpt>
   <trkpt lat="47.3799210" lon="-122.0374010">
    <ele>150.6</ele>
    <time>2022-04-20T01:45:57Z</time>
   </trkpt>
   <trkpt lat="47.3799190" lon="-122.0374100">
    <ele>150.6</ele>
    <time>2022-04-20T01:45:58Z</time>
   </trkpt>
   <trkpt lat="47.3799180" lon="-122.0374180">
    <ele>150.6</ele>
    <time>2022-04-20T01:45:59Z</time>
   </trkpt>
   <trkpt lat="47.3799160" lon="-122.0374270">
    <ele>150.7</ele>
    <time>2022-04-20T01:46:00Z</time>
   </trkpt>
   <trkpt lat="47.3799140" lon="-122.0374360">
    <ele>150.7</ele>
    <time>2022-04-20T01:46:01Z</time>
   </trkpt>
   <trkpt lat="47.3799130" lon="-122.0374450">
    <ele>150.8</ele>
    <time>2022-04-20T01:46:02Z</time>
   </trkpt>
   <trkpt lat="47.3799110" lon="-122.0374540">
    <ele>150.9</ele>
    <time>2022-04-20T01:46:03Z</time>
   </trkpt>
   <trkpt lat="47.3799100" lon="-122.0374630">
    <ele>150.9</ele>
    <time>2022-04-20T01:46:04Z</time>
   </trkpt>
   <trkpt lat="47.3799080" lon="-122.0374710">
    <ele>151.0</ele>
    <time>2022-04-20T01:46:05Z</time>
   </trkpt>
   <trkpt lat="47.3799100" lon="-122.0374870">
    <ele>151.1</ele>
    <time>2022-04-20T01:46:06Z</time>
   </trkpt>
   <trkpt lat="47.3799100" lon="-122.0374980">
    <ele>151.2</ele>
    <time>2022-04-20T01:46:07Z</time>
   </trkpt>
   <trkpt lat="47.3799030" lon="-122.0374980">
    <ele>151.2</ele>
    <time>2022-04-20T01:46:08Z</time>
   </trkpt>
   <trkpt lat="47.3799020" lon="-122.0374990">
    <ele>151.2</ele>
    <time>2022-04-20T01:46:09Z</time>
   </trkpt>
   <trkpt lat="47.3798990" lon="-122.0375050">
    <ele>151.3</ele>
    <time>2022-04-20T01:46:10Z</time>
   </trkpt>
   <trkpt lat="47.3799040" lon="-122.0375160">
    <ele>151.4</ele>
    <time>2022-04-20T01:46:11Z</time>
   </trkpt>
   <trkpt lat="47.3799160" lon="-122.0375370">
    <ele>151.6</ele>
    <time>2022-04-20T01:46:12Z</time>
   </trkpt>
   <trkpt lat="47.3799250" lon="-122.0375540">
    <ele>151.7</ele>
    <time>2022-04-20T01:46:13Z</time>
   </trkpt>
   <trkpt lat="47.3799230" lon="-122.0375730">
    <ele>151.8</ele>
    <time>2022-04-20T01:46:14Z</time>
   </trkpt>
   <trkpt lat="47.3799240" lon="-122.0375940">
    <ele>151.9</ele>
    <time>2022-04-20T01:46:15Z</time>
   </trkpt>
   <trkpt lat="47.3799260" lon="-122.0376090">
    <ele>152.0</ele>
    <time>2022-04-20T01:46:16Z</time>
   </trkpt>
   <trkpt lat="47.3799300" lon="-122.0376220">
    <ele>152.1</ele>
    <time>2022-04-20T01:46:17Z</time>
   </trkpt>
   <trkpt lat="47.3799320" lon="-122.0376380">
    <ele>152.2</ele>
    <time>2022-04-20T01:46:18Z</time>
   </trkpt>
   <trkpt lat="47.3799260" lon="-122.0376530">
    <ele>152.3</ele>
    <time>2022-04-20T01:46:19Z</time>
   </trkpt>
   <trkpt lat="47.3799290" lon="-122.0376610">
    <ele>152.3</ele>
    <time>2022-04-20T01:46:20Z</time>
   </trkpt>
   <trkpt lat="47.3799260" lon="-122.0376710">
    <ele>152.4</ele>
    <time>2022-04-20T01:46:21Z</time>
   </trkpt>
   <trkpt lat="47.3799230" lon="-122.0376820">
    <ele>152.4</ele>
    <time>2022-04-20T01:46:22Z</time>
   </trkpt>
   <trkpt lat="47.3799180" lon="-122.0376920">
    <ele>152.5</ele>
    <time>2022-04-20T01:46:23Z</time>
   </trkpt>
   <trkpt lat="47.3799190" lon="-122.0376960">
    <ele>152.5</ele>
    <time>2022-04-20T01:46:24Z</time>
   </trkpt>
   <trkpt lat="47.3799150" lon="-122.0377090">
    <ele>152.6</ele>
    <time>2022-04-20T01:46:25Z</time>
   </trkpt>
   <trkpt lat="47.3799100" lon="-122.0377220">
    <ele>152.6</ele>
    <time>2022-04-20T01:46:26Z</time>
   </trkpt>
   <trkpt lat="47.3799030" lon="-122.0377310">
    <ele>152.7</ele>
    <time>2022-04-20T01:46:27Z</time>
   </trkpt>
   <trkpt lat="47.3799000" lon="-122.0377390">
    <ele>152.7</ele>
    <time>2022-04-20T01:46:28Z</time>
   </trkpt>
   <trkpt lat="47.3798890" lon="-122.0377480">
    <ele>152.8</ele>
    <time>2022-04-20T01:46:29Z</time>
   </trkpt>
   <trkpt lat="47.3798800" lon="-122.0377590">
    <ele>152.8</ele>
    <time>2022-04-20T01:46:30Z</time>
   </trkpt>
   <trkpt lat="47.3798700" lon="-122.0377650">
    <ele>152.9</ele>
    <time>2022-04-20T01:46:31Z</time>
   </trkpt>
   <trkpt lat="47.3798640" lon="-122.0377690">
    <ele>152.9</ele>
    <time>2022-04-20T01:46:32Z</time>
   </trkpt>
   <trkpt lat="47.3798530" lon="-122.0377850">
    <ele>153.0</ele>
    <time>2022-04-20T01:46:33Z</time>
   </trkpt>
   <trkpt lat="47.3798470" lon="-122.0377910">
    <ele>153.0</ele>
    <time>2022-04-20T01:46:34Z</time>
   </trkpt>
   <trkpt lat="47.3798410" lon="-122.0377960">
    <ele>153.0</ele>
    <time>2022-04-20T01:46:35Z</time>
   </trkpt>
   <trkpt lat="47.3798350" lon="-122.0378010">
    <ele>153.1</ele>
    <time>2022-04-20T01:46:36Z</time>
   </trkpt>
   <trkpt lat="47.3798290" lon="-122.0378060">
    <ele>153.1</ele>
    <time>2022-04-20T01:46:37Z</time>
   </trkpt>
   <trkpt lat="47.3798230" lon="-122.0378120">
    <ele>153.1</ele>
    <time>2022-04-20T01:46:38Z</time>
   </trkpt>
   <trkpt lat="47.3798170" lon="-122.0378170">
    <ele>153.1</ele>
    <time>2022-04-20T01:46:39Z</time>
   </trkpt>
   <trkpt lat="47.3797990" lon="-122.0378330">
    <ele>153.2</ele>
    <time>2022-04-20T01:46:40Z</time>
   </trkpt>
   <trkpt lat="47.3797880" lon="-122.0378410">
    <ele>153.3</ele>
    <time>2022-04-20T01:46:41Z</time>
   </trkpt>
   <trkpt lat="47.3797830" lon="-122.0378490">
    <ele>153.3</ele>
    <time>2022-04-20T01:46:42Z</time>
   </trkpt>
   <trkpt lat="47.3797730" lon="-122.0378540">
    <ele>153.3</ele>
    <time>2022-04-20T01:46:43Z</time>
   </trkpt>
   <trkpt lat="47.3797640" lon="-122.0378580">
    <ele>153.3</ele>
    <time>2022-04-20T01:46:44Z</time>
   </trkpt>
   <trkpt lat="47.3797650" lon="-122.0378650">
    <ele>153.4</ele>
    <time>2022-04-20T01:46:45Z</time>
   </trkpt>
   <trkpt lat="47.3797630" lon="-122.0378720">
    <ele>153.4</ele>
    <time>2022-04-20T01:46:46Z</time>
   </trkpt>
   <trkpt lat="47.3797510" lon="-122.0378880">
    <ele>153.4</ele>
    <time>2022-04-20T01:46:47Z</time>
   </trkpt>
   <trkpt lat="47.3797480" lon="-122.0379050">
    <ele>153.4</ele>
    <time>2022-04-20T01:46:48Z</time>
   </trkpt>
   <trkpt lat="47.3797420" lon="-122.0379120">
    <ele>153.4</ele>
    <time>2022-04-20T01:46:49Z</time>
   </trkpt>
   <trkpt lat="47.3797380" lon="-122.0379190">
    <ele>153.5</ele>
    <time>2022-04-20T01:46:50Z</time>
   </trkpt>
   <trkpt lat="47.3797300" lon="-122.0379230">
    <ele>153.5</ele>
    <time>2022-04-20T01:46:51Z</time>
   </trkpt>
  </trkseg>
 </trk>
</gpx>
