<?xml version="1.0" encoding="UTF-8"?>
<gpx creator="StravaGPX" version="1.1" xmlns="http://www.topografix.com/GPX/1/1" xmlns:xsi="http://www.w3.org/2001/XMLSchema-instance" xsi:schemaLocation="http://www.topografix.com/GPX/1/1 http://www.topografix.com/GPX/1/1/gpx.xsd">
 <metadata>
  <time>2022-08-23T01:16:59Z</time>
 </metadata>
 <trk>
  <name>Evening walk </name>
  <type>walking</type>
  <trkseg>
   <trkpt lat="39.6786910" lon="-104.9624160">
    <ele>1634.3</ele>
    <time>2022-08-23T01:16:59Z</time>
   </trkpt>
   <trkpt lat="39.6786760" lon="-104.9623990">
    <ele>1634.4</ele>
    <time>2022-08-23T01:17:00Z</time>
   </trkpt>
   <trkpt lat="39.6786630" lon="-104.9623930">
    <ele>1634.4</ele>
    <time>2022-08-23T01:17:01Z</time>
   </trkpt>
   <trkpt lat="39.6786500" lon="-104.9623820">
    <ele>1634.4</ele>
    <time>2022-08-23T01:17:02Z</time>
   </trkpt>
   <trkpt lat="39.6786370" lon="-104.9623780">
    <ele>1634.5</ele>
    <time>2022-08-23T01:17:03Z</time>
   </trkpt>
   <trkpt lat="39.6786250" lon="-104.9623770">
    <ele>1634.5</ele>
    <time>2022-08-23T01:17:04Z</time>
   </trkpt>
   <trkpt lat="39.6786120" lon="-104.9623800">
    <ele>1634.5</ele>
    <time>2022-08-23T01:17:05Z</time>
   </trkpt>
   <trkpt lat="39.6786060" lon="-104.9623840">
    <ele>1634.5</ele>
    <time>2022-08-23T01:17:06Z</time>
   </trkpt>
   <trkpt lat="39.6785880" lon="-104.9623800">
    <ele>1634.6</ele>
    <time>2022-08-23T01:17:07Z</time>
   </trkpt>
   <trkpt lat="39.6785780" lon="-104.9623780">
    <ele>1634.7</ele>
    <time>2022-08-23T01:17:08Z</time>
   </trkpt>
   <trkpt lat="39.6785670" lon="-104.9623750">
    <ele>1634.7</ele>
    <time>2022-08-23T01:17:09Z</time>
   </trkpt>
   <trkpt lat="39.6785520" lon="-104.9623740">
    <ele>1634.7</ele>
    <time>2022-08-23T01:17:10Z</time>
   </trkpt>
   <trkpt lat="39.6785390" lon="-104.9623720">
    <ele>1634.7</ele>
    <time>2022-08-23T01:17:11Z</time>
   </trkpt>
   <trkpt lat="39.6785340" lon="-104.9623550">
    <ele>1634.7</ele>
    <time>2022-08-23T01:17:12Z</time>
   </trkpt>
   <trkpt lat="39.6785330" lon="-104.9623410">
    <ele>1634.7</ele>
    <time>2022-08-23T01:17:13Z</time>
   </trkpt>
   <trkpt lat="39.6785320" lon="-104.9623260">
    <ele>1634.7</ele>
    <time>2022-08-23T01:17:14Z</time>
   </trkpt>
   <trkpt lat="39.6785320" lon="-104.9623040">
    <ele>1634.7</ele>
    <time>2022-08-23T01:17:15Z</time>
   </trkpt>
   <trkpt lat="39.6785280" lon="-104.9622930">
    <ele>1634.7</ele>
    <time>2022-08-23T01:17:16Z</time>
   </trkpt>
   <trkpt lat="39.6785250" lon="-104.9622990">
    <ele>1634.7</ele>
    <time>2022-08-23T01:17:17Z</time>
   </trkpt>
   <trkpt lat="39.6785330" lon="-104.9623090">
    <ele>1634.7</ele>
    <time>2022-08-23T01:17:18Z</time>
   </trkpt>
   <trkpt lat="39.6785370" lon="-104.9623100">
    <ele>1634.8</ele>
    <time>2022-08-23T01:17:19Z</time>
   </trkpt>
   <trkpt lat="39.6785370" lon="-104.9623140">
    <ele>1634.8</ele>
    <time>2022-08-23T01:17:20Z</time>
   </trkpt>
   <trkpt lat="39.6785320" lon="-104.9623170">
    <ele>1634.8</ele>
    <time>2022-08-23T01:17:21Z</time>
   </trkpt>
   <trkpt lat="39.6785310" lon="-104.9623220">
    <ele>1634.8</ele>
    <time>2022-08-23T01:17:22Z</time>
   </trkpt>
   <trkpt lat="39.6785280" lon="-104.9623250">
    <ele>1634.8</ele>
    <time>2022-08-23T01:17:23Z</time>
   </trkpt>
   <trkpt lat="39.6785260" lon="-104.9623240">
    <ele>1634.8</ele>
    <time>2022-08-23T01:17:24Z</time>
   </trkpt>
   <trkpt lat="39.6785290" lon="-104.9623200">
    <ele>1634.8</ele>
    <time>2022-08-23T01:17:25Z</time>
   </trkpt>
   <trkpt lat="39.6785260" lon="-104.9623180">
    <ele>1634.8</ele>
    <time>2022-08-23T01:17:26Z</time>
   </trkpt>
   <trkpt lat="39.6785320" lon="-104.9623110">
    <ele>1634.8</ele>
    <time>2022-08-23T01:17:27Z</time>
   </trkpt>
   <trkpt lat="39.6785340" lon="-104.9623090">
    <ele>1634.8</ele>
    <time>2022-08-23T01:17:28Z</time>
   </trkpt>
   <trkpt lat="39.6785350" lon="-104.9623060">
    <ele>1634.8</ele>
    <time>2022-08-23T01:17:29Z</time>
   </trkpt>
   <trkpt lat="39.6785390" lon="-104.9623060">
    <ele>1634.8</ele>
    <time>2022-08-23T01:17:30Z</time>
   </trkpt>
   <trkpt lat="39.6785340" lon="-104.9623050">
    <ele>1634.8</ele>
    <time>2022-08-23T01:17:31Z</time>
   </trkpt>
   <trkpt lat="39.6785330" lon="-104.9623060">
    <ele>1634.8</ele>
    <time>2022-08-23T01:17:32Z</time>
   </trkpt>
   <trkpt lat="39.6785270" lon="-104.9623070">
    <ele>1634.8</ele>
    <time>2022-08-23T01:17:33Z</time>
   </trkpt>
   <trkpt lat="39.6785270" lon="-104.9623080">
    <ele>1634.8</ele>
    <time>2022-08-23T01:17:34Z</time>
   </trkpt>
   <trkpt lat="39.6785240" lon="-104.9623130">
    <ele>1634.8</ele>
    <time>2022-08-23T01:17:35Z</time>
   </trkpt>
   <trkpt lat="39.6785030" lon="-104.9623280">
    <ele>1634.8</ele>
    <time>2022-08-23T01:17:36Z</time>
   </trkpt>
   <trkpt lat="39.6784710" lon="-104.9623380">
    <ele>1634.9</ele>
    <time>2022-08-23T01:17:37Z</time>
   </trkpt>
   <trkpt lat="39.6784630" lon="-104.9623420">
    <ele>1634.9</ele>
    <time>2022-08-23T01:17:38Z</time>
   </trkpt>
   <trkpt lat="39.6784400" lon="-104.9623470">
    <ele>1634.9</ele>
    <time>2022-08-23T01:17:39Z</time>
   </trkpt>
   <trkpt lat="39.6784310" lon="-104.9623520">
    <ele>1634.9</ele>
    <time>2022-08-23T01:17:40Z</time>
   </trkpt>
   <trkpt lat="39.6784220" lon="-104.9623560">
    <ele>1634.9</ele>
    <time>2022-08-23T01:17:41Z</time>
   </trkpt>
   <trkpt lat="39.6784010" lon="-104.9623610">
    <ele>1635.0</ele>
    <time>2022-08-23T01:17:42Z</time>
   </trkpt>
   <trkpt lat="39.6783930" lon="-104.9623620">
    <ele>1635.0</ele>
    <time>2022-08-23T01:17:43Z</time>
   </trkpt>
   <trkpt lat="39.6783840" lon="-104.9623620">
    <ele>1635.0</ele>
    <time>2022-08-23T01:17:44Z</time>
   </trkpt>
   <trkpt lat="39.6783710" lon="-104.9623640">
    <ele>1635.0</ele>
    <time>2022-08-23T01:17:45Z</time>
   </trkpt>
   <trkpt lat="39.6783530" lon="-104.9623640">
    <ele>1635.0</ele>
    <time>2022-08-23T01:17:46Z</time>
   </trkpt>
   <trkpt lat="39.6783320" lon="-104.9623710">
    <ele>1635.1</ele>
    <time>2022-08-23T01:17:47Z</time>
   </trkpt>
   <trkpt lat="39.6783250" lon="-104.9623770">
    <ele>1635.1</ele>
    <time>2022-08-23T01:17:48Z</time>
   </trkpt>
   <trkpt lat="39.6783170" lon="-104.9623830">
    <ele>1635.1</ele>
    <time>2022-08-23T01:17:49Z</time>
   </trkpt>
   <trkpt lat="39.6783100" lon="-104.9623920">
    <ele>1635.1</ele>
    <time>2022-08-23T01:17:50Z</time>
   </trkpt>
   <trkpt lat="39.6783030" lon="-104.9623920">
    <ele>1635.1</ele>
    <time>2022-08-23T01:17:51Z</time>
   </trkpt>
   <trkpt lat="39.6782960" lon="-104.9623930">
    <ele>1635.2</ele>
    <time>2022-08-23T01:17:52Z</time>
   </trkpt>
   <trkpt lat="39.6782890" lon="-104.9623930">
    <ele>1635.2</ele>
    <time>2022-08-23T01:17:53Z</time>
   </trkpt>
   <trkpt lat="39.6782820" lon="-104.9623930">
    <ele>1635.2</ele>
    <time>2022-08-23T01:17:54Z</time>
   </trkpt>
   <trkpt lat="39.6782750" lon="-104.9623910">
    <ele>1635.2</ele>
    <time>2022-08-23T01:17:55Z</time>
   </trkpt>
   <trkpt lat="39.6782660" lon="-104.9624020">
    <ele>1635.3</ele>
    <time>2022-08-23T01:17:56Z</time>
   </trkpt>
   <trkpt lat="39.6782550" lon="-104.9624190">
    <ele>1635.3</ele>
    <time>2022-08-23T01:17:57Z</time>
   </trkpt>
   <trkpt lat="39.6782340" lon="-104.9624450">
    <ele>1635.4</ele>
    <time>2022-08-23T01:17:58Z</time>
   </trkpt>
   <trkpt lat="39.6782280" lon="-104.9624530">
    <ele>1635.5</ele>
    <time>2022-08-23T01:17:59Z</time>
   </trkpt>
   <trkpt lat="39.6782150" lon="-104.9624850">
    <ele>1635.6</ele>
    <time>2022-08-23T01:18:00Z</time>
   </trkpt>
   <trkpt lat="39.6782110" lon="-104.9625000">
    <ele>1635.6</ele>
    <time>2022-08-23T01:18:01Z</time>
   </trkpt>
   <trkpt lat="39.6782060" lon="-104.9625140">
    <ele>1635.6</ele>
    <time>2022-08-23T01:18:02Z</time>
   </trkpt>
   <trkpt lat="39.6781920" lon="-104.9625320">
    <ele>1635.7</ele>
    <time>2022-08-23T01:18:03Z</time>
   </trkpt>
   <trkpt lat="39.6781770" lon="-104.9625610">
    <ele>1635.8</ele>
    <time>2022-08-23T01:18:04Z</time>
   </trkpt>
   <trkpt lat="39.6781720" lon="-104.9625730">
    <ele>1635.8</ele>
    <time>2022-08-23T01:18:05Z</time>
   </trkpt>
   <trkpt lat="39.6781590" lon="-104.9625860">
    <ele>1635.9</ele>
    <time>2022-08-23T01:18:06Z</time>
   </trkpt>
   <trkpt lat="39.6781510" lon="-104.9626010">
    <ele>1635.9</ele>
    <time>2022-08-23T01:18:07Z</time>
   </trkpt>
   <trkpt lat="39.6781330" lon="-104.9626190">
    <ele>1635.9</ele>
    <time>2022-08-23T01:18:08Z</time>
   </trkpt>
   <trkpt lat="39.6781310" lon="-104.9626300">
    <ele>1636.0</ele>
    <time>2022-08-23T01:18:09Z</time>
   </trkpt>
   <trkpt lat="39.6781280" lon="-104.9626430">
    <ele>1636.0</ele>
    <time>2022-08-23T01:18:10Z</time>
   </trkpt>
   <trkpt lat="39.6781170" lon="-104.9626650">
    <ele>1636.1</ele>
    <time>2022-08-23T01:18:11Z</time>
   </trkpt>
   <trkpt lat="39.6781070" lon="-104.9626810">
    <ele>1636.1</ele>
    <time>2022-08-23T01:18:12Z</time>
   </trkpt>
   <trkpt lat="39.6780940" lon="-104.9626940">
    <ele>1636.1</ele>
    <time>2022-08-23T01:18:13Z</time>
   </trkpt>
   <trkpt lat="39.6780820" lon="-104.9627040">
    <ele>1636.2</ele>
    <time>2022-08-23T01:18:14Z</time>
   </trkpt>
   <trkpt lat="39.6780720" lon="-104.9627160">
    <ele>1636.2</ele>
    <time>2022-08-23T01:18:15Z</time>
   </trkpt>
   <trkpt lat="39.6780580" lon="-104.9627280">
    <ele>1636.2</ele>
    <time>2022-08-23T01:18:16Z</time>
   </trkpt>
   <trkpt lat="39.6780410" lon="-104.9627460">
    <ele>1636.3</ele>
    <time>2022-08-23T01:18:18Z</time>
   </trkpt>
   <trkpt lat="39.6780320" lon="-104.9627550">
    <ele>1636.3</ele>
    <time>2022-08-23T01:18:19Z</time>
   </trkpt>
   <trkpt lat="39.6780290" lon="-104.9627680">
    <ele>1636.3</ele>
    <time>2022-08-23T01:18:20Z</time>
   </trkpt>
   <trkpt lat="39.6780220" lon="-104.9627790">
    <ele>1636.4</ele>
    <time>2022-08-23T01:18:21Z</time>
   </trkpt>
   <trkpt lat="39.6780130" lon="-104.9627900">
    <ele>1636.4</ele>
    <time>2022-08-23T01:18:22Z</time>
   </trkpt>
   <trkpt lat="39.6780030" lon="-104.9627940">
    <ele>1636.4</ele>
    <time>2022-08-23T01:18:23Z</time>
   </trkpt>
   <trkpt lat="39.6779930" lon="-104.9627990">
    <ele>1636.4</ele>
    <time>2022-08-23T01:18:24Z</time>
   </trkpt>
   <trkpt lat="39.6779800" lon="-104.9628090">
    <ele>1636.5</ele>
    <time>2022-08-23T01:18:25Z</time>
   </trkpt>
   <trkpt lat="39.6779690" lon="-104.9628160">
    <ele>1636.5</ele>
    <time>2022-08-23T01:18:26Z</time>
   </trkpt>
   <trkpt lat="39.6779580" lon="-104.9628220">
    <ele>1636.5</ele>
    <time>2022-08-23T01:18:27Z</time>
   </trkpt>
   <trkpt lat="39.6779490" lon="-104.9628250">
    <ele>1636.6</ele>
    <time>2022-08-23T01:18:28Z</time>
   </trkpt>
   <trkpt lat="39.6779380" lon="-104.9628310">
    <ele>1636.6</ele>
    <time>2022-08-23T01:18:29Z</time>
   </trkpt>
   <trkpt lat="39.6779270" lon="-104.9628370">
    <ele>1636.6</ele>
    <time>2022-08-23T01:18:30Z</time>
   </trkpt>
   <trkpt lat="39.6779210" lon="-104.9628380">
    <ele>1636.6</ele>
    <time>2022-08-23T01:18:31Z</time>
   </trkpt>
   <trkpt lat="39.6778960" lon="-104.9628450">
    <ele>1636.7</ele>
    <time>2022-08-23T01:18:32Z</time>
   </trkpt>
   <trkpt lat="39.6778670" lon="-104.9628440">
    <ele>1636.8</ele>
    <time>2022-08-23T01:18:34Z</time>
   </trkpt>
   <trkpt lat="39.6778530" lon="-104.9628430">
    <ele>1636.8</ele>
    <time>2022-08-23T01:18:35Z</time>
   </trkpt>
   <trkpt lat="39.6778420" lon="-104.9628420">
    <ele>1636.8</ele>
    <time>2022-08-23T01:18:36Z</time>
   </trkpt>
   <trkpt lat="39.6778330" lon="-104.9628430">
    <ele>1636.8</ele>
    <time>2022-08-23T01:18:37Z</time>
   </trkpt>
   <trkpt lat="39.6778200" lon="-104.9628400">
    <ele>1636.9</ele>
    <time>2022-08-23T01:18:38Z</time>
   </trkpt>
   <trkpt lat="39.6778100" lon="-104.9628390">
    <ele>1636.9</ele>
    <time>2022-08-23T01:18:39Z</time>
   </trkpt>
   <trkpt lat="39.6777920" lon="-104.9628370">
    <ele>1636.9</ele>
    <time>2022-08-23T01:18:40Z</time>
   </trkpt>
   <trkpt lat="39.6777680" lon="-104.9628320">
    <ele>1637.0</ele>
    <time>2022-08-23T01:18:41Z</time>
   </trkpt>
   <trkpt lat="39.6777580" lon="-104.9628300">
    <ele>1637.0</ele>
    <time>2022-08-23T01:18:43Z</time>
   </trkpt>
   <trkpt lat="39.6777480" lon="-104.9628270">
    <ele>1637.1</ele>
    <time>2022-08-23T01:18:44Z</time>
   </trkpt>
   <trkpt lat="39.6777370" lon="-104.9628250">
    <ele>1637.1</ele>
    <time>2022-08-23T01:18:45Z</time>
   </trkpt>
   <trkpt lat="39.6777270" lon="-104.9628230">
    <ele>1637.1</ele>
    <time>2022-08-23T01:18:46Z</time>
   </trkpt>
   <trkpt lat="39.6777090" lon="-104.9628260">
    <ele>1637.2</ele>
    <time>2022-08-23T01:18:47Z</time>
   </trkpt>
   <trkpt lat="39.6776990" lon="-104.9628270">
    <ele>1637.2</ele>
    <time>2022-08-23T01:18:48Z</time>
   </trkpt>
   <trkpt lat="39.6776670" lon="-104.9628250">
    <ele>1637.3</ele>
    <time>2022-08-23T01:18:49Z</time>
   </trkpt>
   <trkpt lat="39.6776560" lon="-104.9628240">
    <ele>1637.4</ele>
    <time>2022-08-23T01:18:50Z</time>
   </trkpt>
   <trkpt lat="39.6776390" lon="-104.9628330">
    <ele>1637.4</ele>
    <time>2022-08-23T01:18:51Z</time>
   </trkpt>
   <trkpt lat="39.6776270" lon="-104.9628370">
    <ele>1637.5</ele>
    <time>2022-08-23T01:18:52Z</time>
   </trkpt>
   <trkpt lat="39.6776120" lon="-104.9628370">
    <ele>1637.6</ele>
    <time>2022-08-23T01:18:53Z</time>
   </trkpt>
   <trkpt lat="39.6776040" lon="-104.9628350">
    <ele>1637.6</ele>
    <time>2022-08-23T01:18:54Z</time>
   </trkpt>
   <trkpt lat="39.6775930" lon="-104.9628320">
    <ele>1637.6</ele>
    <time>2022-08-23T01:18:55Z</time>
   </trkpt>
   <trkpt lat="39.6775790" lon="-104.9628380">
    <ele>1637.6</ele>
    <time>2022-08-23T01:18:56Z</time>
   </trkpt>
   <trkpt lat="39.6775660" lon="-104.9628420">
    <ele>1637.6</ele>
    <time>2022-08-23T01:18:57Z</time>
   </trkpt>
   <trkpt lat="39.6775500" lon="-104.9628520">
    <ele>1637.7</ele>
    <time>2022-08-23T01:18:58Z</time>
   </trkpt>
   <trkpt lat="39.6775330" lon="-104.9628510">
    <ele>1637.7</ele>
    <time>2022-08-23T01:18:59Z</time>
   </trkpt>
   <trkpt lat="39.6775150" lon="-104.9628500">
    <ele>1637.7</ele>
    <time>2022-08-23T01:19:00Z</time>
   </trkpt>
   <trkpt lat="39.6775030" lon="-104.9628480">
    <ele>1637.8</ele>
    <time>2022-08-23T01:19:01Z</time>
   </trkpt>
   <trkpt lat="39.6774890" lon="-104.9628420">
    <ele>1637.8</ele>
    <time>2022-08-23T01:19:02Z</time>
   </trkpt>
   <trkpt lat="39.6774810" lon="-104.9628520">
    <ele>1637.8</ele>
    <time>2022-08-23T01:19:03Z</time>
   </trkpt>
   <trkpt lat="39.6774780" lon="-104.9628680">
    <ele>1637.8</ele>
    <time>2022-08-23T01:19:04Z</time>
   </trkpt>
   <trkpt lat="39.6774640" lon="-104.9628580">
    <ele>1637.9</ele>
    <time>2022-08-23T01:19:05Z</time>
   </trkpt>
   <trkpt lat="39.6774470" lon="-104.9628560">
    <ele>1637.9</ele>
    <time>2022-08-23T01:19:06Z</time>
   </trkpt>
   <trkpt lat="39.6774380" lon="-104.9628620">
    <ele>1637.9</ele>
    <time>2022-08-23T01:19:07Z</time>
   </trkpt>
   <trkpt lat="39.6774280" lon="-104.9628620">
    <ele>1637.9</ele>
    <time>2022-08-23T01:19:08Z</time>
   </trkpt>
   <trkpt lat="39.6774180" lon="-104.9628540">
    <ele>1638.0</ele>
    <time>2022-08-23T01:19:09Z</time>
   </trkpt>
   <trkpt lat="39.6774140" lon="-104.9628480">
    <ele>1638.0</ele>
    <time>2022-08-23T01:19:10Z</time>
   </trkpt>
   <trkpt lat="39.6774060" lon="-104.9628360">
    <ele>1638.0</ele>
    <time>2022-08-23T01:19:11Z</time>
   </trkpt>
   <trkpt lat="39.6773980" lon="-104.9628160">
    <ele>1638.0</ele>
    <time>2022-08-23T01:19:12Z</time>
   </trkpt>
   <trkpt lat="39.6773910" lon="-104.9628010">
    <ele>1638.1</ele>
    <time>2022-08-23T01:19:13Z</time>
   </trkpt>
   <trkpt lat="39.6773780" lon="-104.9627790">
    <ele>1638.1</ele>
    <time>2022-08-23T01:19:14Z</time>
   </trkpt>
   <trkpt lat="39.6773620" lon="-104.9627720">
    <ele>1638.2</ele>
    <time>2022-08-23T01:19:15Z</time>
   </trkpt>
   <trkpt lat="39.6773530" lon="-104.9627670">
    <ele>1638.2</ele>
    <time>2022-08-23T01:19:16Z</time>
   </trkpt>
   <trkpt lat="39.6773430" lon="-104.9627610">
    <ele>1638.2</ele>
    <time>2022-08-23T01:19:17Z</time>
   </trkpt>
   <trkpt lat="39.6773300" lon="-104.9627470">
    <ele>1638.3</ele>
    <time>2022-08-23T01:19:18Z</time>
   </trkpt>
   <trkpt lat="39.6773190" lon="-104.9627300">
    <ele>1638.3</ele>
    <time>2022-08-23T01:19:19Z</time>
   </trkpt>
   <trkpt lat="39.6773080" lon="-104.9627150">
    <ele>1638.3</ele>
    <time>2022-08-23T01:19:20Z</time>
   </trkpt>
   <trkpt lat="39.6773030" lon="-104.9626920">
    <ele>1638.4</ele>
    <time>2022-08-23T01:19:21Z</time>
   </trkpt>
   <trkpt lat="39.6772950" lon="-104.9626710">
    <ele>1638.4</ele>
    <time>2022-08-23T01:19:22Z</time>
   </trkpt>
   <trkpt lat="39.6772910" lon="-104.9626630">
    <ele>1638.4</ele>
    <time>2022-08-23T01:19:23Z</time>
   </trkpt>
   <trkpt lat="39.6772790" lon="-104.9626600">
    <ele>1638.5</ele>
    <time>2022-08-23T01:19:24Z</time>
   </trkpt>
   <trkpt lat="39.6772690" lon="-104.9626390">
    <ele>1638.5</ele>
    <time>2022-08-23T01:19:25Z</time>
   </trkpt>
   <trkpt lat="39.6772590" lon="-104.9626240">
    <ele>1638.6</ele>
    <time>2022-08-23T01:19:26Z</time>
   </trkpt>
   <trkpt lat="39.6772450" lon="-104.9626030">
    <ele>1638.6</ele>
    <time>2022-08-23T01:19:27Z</time>
   </trkpt>
   <trkpt lat="39.6772390" lon="-104.9625870">
    <ele>1638.7</ele>
    <time>2022-08-23T01:19:28Z</time>
   </trkpt>
   <trkpt lat="39.6772290" lon="-104.9625640">
    <ele>1638.7</ele>
    <time>2022-08-23T01:19:29Z</time>
   </trkpt>
   <trkpt lat="39.6772230" lon="-104.9625520">
    <ele>1638.8</ele>
    <time>2022-08-23T01:19:30Z</time>
   </trkpt>
   <trkpt lat="39.6772170" lon="-104.9625410">
    <ele>1638.8</ele>
    <time>2022-08-23T01:19:31Z</time>
   </trkpt>
   <trkpt lat="39.6772050" lon="-104.9625050">
    <ele>1638.9</ele>
    <time>2022-08-23T01:19:32Z</time>
   </trkpt>
   <trkpt lat="39.6771950" lon="-104.9624810">
    <ele>1639.0</ele>
    <time>2022-08-23T01:19:33Z</time>
   </trkpt>
   <trkpt lat="39.6771910" lon="-104.9624720">
    <ele>1639.0</ele>
    <time>2022-08-23T01:19:34Z</time>
   </trkpt>
   <trkpt lat="39.6771860" lon="-104.9624630">
    <ele>1639.1</ele>
    <time>2022-08-23T01:19:35Z</time>
   </trkpt>
   <trkpt lat="39.6771750" lon="-104.9624400">
    <ele>1639.1</ele>
    <time>2022-08-23T01:19:36Z</time>
   </trkpt>
   <trkpt lat="39.6771700" lon="-104.9624300">
    <ele>1639.2</ele>
    <time>2022-08-23T01:19:37Z</time>
   </trkpt>
   <trkpt lat="39.6771660" lon="-104.9624200">
    <ele>1639.2</ele>
    <time>2022-08-23T01:19:38Z</time>
   </trkpt>
   <trkpt lat="39.6771610" lon="-104.9624050">
    <ele>1639.3</ele>
    <time>2022-08-23T01:19:39Z</time>
   </trkpt>
   <trkpt lat="39.6771550" lon="-104.9623900">
    <ele>1639.3</ele>
    <time>2022-08-23T01:19:40Z</time>
   </trkpt>
   <trkpt lat="39.6771510" lon="-104.9623770">
    <ele>1639.3</ele>
    <time>2022-08-23T01:19:41Z</time>
   </trkpt>
   <trkpt lat="39.6771460" lon="-104.9623570">
    <ele>1639.4</ele>
    <time>2022-08-23T01:19:42Z</time>
   </trkpt>
   <trkpt lat="39.6771390" lon="-104.9623380">
    <ele>1639.4</ele>
    <time>2022-08-23T01:19:43Z</time>
   </trkpt>
   <trkpt lat="39.6771330" lon="-104.9623120">
    <ele>1639.5</ele>
    <time>2022-08-23T01:19:44Z</time>
   </trkpt>
   <trkpt lat="39.6771310" lon="-104.9623020">
    <ele>1639.5</ele>
    <time>2022-08-23T01:19:45Z</time>
   </trkpt>
   <trkpt lat="39.6771290" lon="-104.9622910">
    <ele>1639.5</ele>
    <time>2022-08-23T01:19:46Z</time>
   </trkpt>
   <trkpt lat="39.6771270" lon="-104.9622730">
    <ele>1639.5</ele>
    <time>2022-08-23T01:19:47Z</time>
   </trkpt>
   <trkpt lat="39.6771290" lon="-104.9622560">
    <ele>1639.5</ele>
    <time>2022-08-23T01:19:48Z</time>
   </trkpt>
   <trkpt lat="39.6771310" lon="-104.9622410">
    <ele>1639.5</ele>
    <time>2022-08-23T01:19:49Z</time>
   </trkpt>
   <trkpt lat="39.6771330" lon="-104.9622170">
    <ele>1639.6</ele>
    <time>2022-08-23T01:19:50Z</time>
   </trkpt>
   <trkpt lat="39.6771320" lon="-104.9622000">
    <ele>1639.6</ele>
    <time>2022-08-23T01:19:51Z</time>
   </trkpt>
   <trkpt lat="39.6771380" lon="-104.9621800">
    <ele>1639.7</ele>
    <time>2022-08-23T01:19:52Z</time>
   </trkpt>
   <trkpt lat="39.6771360" lon="-104.9621600">
    <ele>1639.8</ele>
    <time>2022-08-23T01:19:53Z</time>
   </trkpt>
   <trkpt lat="39.6771380" lon="-104.9621420">
    <ele>1639.8</ele>
    <time>2022-08-23T01:19:54Z</time>
   </trkpt>
   <trkpt lat="39.6771410" lon="-104.9621130">
    <ele>1639.9</ele>
    <time>2022-08-23T01:19:55Z</time>
   </trkpt>
   <trkpt lat="39.6771410" lon="-104.9620990">
    <ele>1640.0</ele>
    <time>2022-08-23T01:19:56Z</time>
   </trkpt>
   <trkpt lat="39.6771410" lon="-104.9620840">
    <ele>1640.0</ele>
    <time>2022-08-23T01:19:57Z</time>
   </trkpt>
   <trkpt lat="39.6771340" lon="-104.9620610">
    <ele>1640.1</ele>
    <time>2022-08-23T01:19:58Z</time>
   </trkpt>
   <trkpt lat="39.6771310" lon="-104.9620500">
    <ele>1640.1</ele>
    <time>2022-08-23T01:19:59Z</time>
   </trkpt>
   <trkpt lat="39.6771270" lon="-104.9620400">
    <ele>1640.2</ele>
    <time>2022-08-23T01:20:00Z</time>
   </trkpt>
   <trkpt lat="39.6771230" lon="-104.9620110">
    <ele>1640.3</ele>
    <time>2022-08-23T01:20:01Z</time>
   </trkpt>
   <trkpt lat="39.6771230" lon="-104.9619990">
    <ele>1640.3</ele>
    <time>2022-08-23T01:20:02Z</time>
   </trkpt>
   <trkpt lat="39.6771240" lon="-104.9619880">
    <ele>1640.3</ele>
    <time>2022-08-23T01:20:03Z</time>
   </trkpt>
   <trkpt lat="39.6771250" lon="-104.9619670">
    <ele>1640.4</ele>
    <time>2022-08-23T01:20:04Z</time>
   </trkpt>
   <trkpt lat="39.6771220" lon="-104.9619530">
    <ele>1640.5</ele>
    <time>2022-08-23T01:20:05Z</time>
   </trkpt>
   <trkpt lat="39.6771240" lon="-104.9619340">
    <ele>1640.5</ele>
    <time>2022-08-23T01:20:06Z</time>
   </trkpt>
   <trkpt lat="39.6771230" lon="-104.9619150">
    <ele>1640.6</ele>
    <time>2022-08-23T01:20:07Z</time>
   </trkpt>
   <trkpt lat="39.6771160" lon="-104.9618910">
    <ele>1640.6</ele>
    <time>2022-08-23T01:20:08Z</time>
   </trkpt>
   <trkpt lat="39.6771130" lon="-104.9618810">
    <ele>1640.7</ele>
    <time>2022-08-23T01:20:09Z</time>
   </trkpt>
   <trkpt lat="39.6771100" lon="-104.9618710">
    <ele>1640.7</ele>
    <time>2022-08-23T01:20:10Z</time>
   </trkpt>
   <trkpt lat="39.6771020" lon="-104.9618510">
    <ele>1640.8</ele>
    <time>2022-08-23T01:20:11Z</time>
   </trkpt>
   <trkpt lat="39.6770990" lon="-104.9618370">
    <ele>1640.8</ele>
    <time>2022-08-23T01:20:12Z</time>
   </trkpt>
   <trkpt lat="39.6770970" lon="-104.9618050">
    <ele>1640.9</ele>
    <time>2022-08-23T01:20:13Z</time>
   </trkpt>
   <trkpt lat="39.6770970" lon="-104.9617940">
    <ele>1640.9</ele>
    <time>2022-08-23T01:20:14Z</time>
   </trkpt>
   <trkpt lat="39.6770980" lon="-104.9617820">
    <ele>1641.0</ele>
    <time>2022-08-23T01:20:15Z</time>
   </trkpt>
   <trkpt lat="39.6771020" lon="-104.9617630">
    <ele>1641.0</ele>
    <time>2022-08-23T01:20:16Z</time>
   </trkpt>
   <trkpt lat="39.6771050" lon="-104.9617470">
    <ele>1641.0</ele>
    <time>2022-08-23T01:20:17Z</time>
   </trkpt>
   <trkpt lat="39.6771090" lon="-104.9617310">
    <ele>1641.1</ele>
    <time>2022-08-23T01:20:18Z</time>
   </trkpt>
   <trkpt lat="39.6771130" lon="-104.9617140">
    <ele>1641.1</ele>
    <time>2022-08-23T01:20:19Z</time>
   </trkpt>
   <trkpt lat="39.6771140" lon="-104.9617030">
    <ele>1641.2</ele>
    <time>2022-08-23T01:20:20Z</time>
   </trkpt>
   <trkpt lat="39.6771200" lon="-104.9616950">
    <ele>1641.2</ele>
    <time>2022-08-23T01:20:21Z</time>
   </trkpt>
   <trkpt lat="39.6771160" lon="-104.9616800">
    <ele>1641.2</ele>
    <time>2022-08-23T01:20:22Z</time>
   </trkpt>
   <trkpt lat="39.6771120" lon="-104.9616570">
    <ele>1641.3</ele>
    <time>2022-08-23T01:20:24Z</time>
   </trkpt>
   <trkpt lat="39.6771120" lon="-104.9616420">
    <ele>1641.3</ele>
    <time>2022-08-23T01:20:25Z</time>
   </trkpt>
   <trkpt lat="39.6771160" lon="-104.9616180">
    <ele>1641.4</ele>
    <time>2022-08-23T01:20:26Z</time>
   </trkpt>
   <trkpt lat="39.6771120" lon="-104.9616070">
    <ele>1641.4</ele>
    <time>2022-08-23T01:20:27Z</time>
   </trkpt>
   <trkpt lat="39.6771100" lon="-104.9615890">
    <ele>1641.4</ele>
    <time>2022-08-23T01:20:28Z</time>
   </trkpt>
   <trkpt lat="39.6771080" lon="-104.9615730">
    <ele>1641.5</ele>
    <time>2022-08-23T01:20:29Z</time>
   </trkpt>
   <trkpt lat="39.6771070" lon="-104.9615550">
    <ele>1641.5</ele>
    <time>2022-08-23T01:20:30Z</time>
   </trkpt>
   <trkpt lat="39.6771110" lon="-104.9615450">
    <ele>1641.5</ele>
    <time>2022-08-23T01:20:31Z</time>
   </trkpt>
   <trkpt lat="39.6771140" lon="-104.9615350">
    <ele>1641.5</ele>
    <time>2022-08-23T01:20:32Z</time>
   </trkpt>
   <trkpt lat="39.6771180" lon="-104.9615260">
    <ele>1641.6</ele>
    <time>2022-08-23T01:20:33Z</time>
   </trkpt>
   <trkpt lat="39.6771250" lon="-104.9615050">
    <ele>1641.6</ele>
    <time>2022-08-23T01:20:34Z</time>
   </trkpt>
   <trkpt lat="39.6771250" lon="-104.9614860">
    <ele>1641.7</ele>
    <time>2022-08-23T01:20:35Z</time>
   </trkpt>
   <trkpt lat="39.6771280" lon="-104.9614630">
    <ele>1641.7</ele>
    <time>2022-08-23T01:20:36Z</time>
   </trkpt>
   <trkpt lat="39.6771260" lon="-104.9614450">
    <ele>1641.7</ele>
    <time>2022-08-23T01:20:37Z</time>
   </trkpt>
   <trkpt lat="39.6771280" lon="-104.9614310">
    <ele>1641.8</ele>
    <time>2022-08-23T01:20:38Z</time>
   </trkpt>
   <trkpt lat="39.6771420" lon="-104.9614070">
    <ele>1641.8</ele>
    <time>2022-08-23T01:20:39Z</time>
   </trkpt>
   <trkpt lat="39.6771530" lon="-104.9613870">
    <ele>1641.9</ele>
    <time>2022-08-23T01:20:40Z</time>
   </trkpt>
   <trkpt lat="39.6771580" lon="-104.9613750">
    <ele>1641.9</ele>
    <time>2022-08-23T01:20:41Z</time>
   </trkpt>
   <trkpt lat="39.6771620" lon="-104.9613640">
    <ele>1641.9</ele>
    <time>2022-08-23T01:20:42Z</time>
   </trkpt>
   <trkpt lat="39.6771700" lon="-104.9613450">
    <ele>1642.0</ele>
    <time>2022-08-23T01:20:43Z</time>
   </trkpt>
   <trkpt lat="39.6771800" lon="-104.9613250">
    <ele>1642.0</ele>
    <time>2022-08-23T01:20:44Z</time>
   </trkpt>
   <trkpt lat="39.6771930" lon="-104.9613090">
    <ele>1642.1</ele>
    <time>2022-08-23T01:20:45Z</time>
   </trkpt>
   <trkpt lat="39.6772000" lon="-104.9612860">
    <ele>1642.1</ele>
    <time>2022-08-23T01:20:46Z</time>
   </trkpt>
   <trkpt lat="39.6772050" lon="-104.9612600">
    <ele>1642.2</ele>
    <time>2022-08-23T01:20:47Z</time>
   </trkpt>
   <trkpt lat="39.6772050" lon="-104.9612490">
    <ele>1642.2</ele>
    <time>2022-08-23T01:20:48Z</time>
   </trkpt>
   <trkpt lat="39.6772050" lon="-104.9612380">
    <ele>1642.2</ele>
    <time>2022-08-23T01:20:49Z</time>
   </trkpt>
   <trkpt lat="39.6772120" lon="-104.9612140">
    <ele>1642.3</ele>
    <time>2022-08-23T01:20:50Z</time>
   </trkpt>
   <trkpt lat="39.6772180" lon="-104.9612030">
    <ele>1642.3</ele>
    <time>2022-08-23T01:20:51Z</time>
   </trkpt>
   <trkpt lat="39.6772240" lon="-104.9611920">
    <ele>1642.3</ele>
    <time>2022-08-23T01:20:52Z</time>
   </trkpt>
   <trkpt lat="39.6772340" lon="-104.9611760">
    <ele>1642.4</ele>
    <time>2022-08-23T01:20:53Z</time>
   </trkpt>
   <trkpt lat="39.6772400" lon="-104.9611610">
    <ele>1642.4</ele>
    <time>2022-08-23T01:20:54Z</time>
   </trkpt>
   <trkpt lat="39.6772500" lon="-104.9611370">
    <ele>1642.4</ele>
    <time>2022-08-23T01:20:55Z</time>
   </trkpt>
   <trkpt lat="39.6772540" lon="-104.9611280">
    <ele>1642.4</ele>
    <time>2022-08-23T01:20:56Z</time>
   </trkpt>
   <trkpt lat="39.6772580" lon="-104.9611190">
    <ele>1642.3</ele>
    <time>2022-08-23T01:20:57Z</time>
   </trkpt>
   <trkpt lat="39.6772700" lon="-104.9610980">
    <ele>1642.3</ele>
    <time>2022-08-23T01:20:58Z</time>
   </trkpt>
   <trkpt lat="39.6772730" lon="-104.9610880">
    <ele>1642.3</ele>
    <time>2022-08-23T01:20:59Z</time>
   </trkpt>
   <trkpt lat="39.6772760" lon="-104.9610780">
    <ele>1642.3</ele>
    <time>2022-08-23T01:21:00Z</time>
   </trkpt>
   <trkpt lat="39.6772880" lon="-104.9610580">
    <ele>1642.3</ele>
    <time>2022-08-23T01:21:01Z</time>
   </trkpt>
   <trkpt lat="39.6772920" lon="-104.9610490">
    <ele>1642.2</ele>
    <time>2022-08-23T01:21:02Z</time>
   </trkpt>
   <trkpt lat="39.6772970" lon="-104.9610400">
    <ele>1642.2</ele>
    <time>2022-08-23T01:21:03Z</time>
   </trkpt>
   <trkpt lat="39.6773060" lon="-104.9610290">
    <ele>1642.2</ele>
    <time>2022-08-23T01:21:04Z</time>
   </trkpt>
   <trkpt lat="39.6773150" lon="-104.9610180">
    <ele>1642.2</ele>
    <time>2022-08-23T01:21:05Z</time>
   </trkpt>
   <trkpt lat="39.6773220" lon="-104.9610070">
    <ele>1642.2</ele>
    <time>2022-08-23T01:21:06Z</time>
   </trkpt>
   <trkpt lat="39.6773360" lon="-104.9609960">
    <ele>1641.8</ele>
    <time>2022-08-23T01:21:07Z</time>
   </trkpt>
   <trkpt lat="39.6773460" lon="-104.9609820">
    <ele>1641.8</ele>
    <time>2022-08-23T01:21:08Z</time>
   </trkpt>
   <trkpt lat="39.6773550" lon="-104.9609630">
    <ele>1641.8</ele>
    <time>2022-08-23T01:21:09Z</time>
   </trkpt>
   <trkpt lat="39.6773630" lon="-104.9609530">
    <ele>1641.8</ele>
    <time>2022-08-23T01:21:10Z</time>
   </trkpt>
   <trkpt lat="39.6773690" lon="-104.9609420">
    <ele>1641.8</ele>
    <time>2022-08-23T01:21:11Z</time>
   </trkpt>
   <trkpt lat="39.6773800" lon="-104.9609330">
    <ele>1641.8</ele>
    <time>2022-08-23T01:21:12Z</time>
   </trkpt>
   <trkpt lat="39.6773880" lon="-104.9609200">
    <ele>1641.8</ele>
    <time>2022-08-23T01:21:13Z</time>
   </trkpt>
   <trkpt lat="39.6773990" lon="-104.9609070">
    <ele>1641.8</ele>
    <time>2022-08-23T01:21:14Z</time>
   </trkpt>
   <trkpt lat="39.6774100" lon="-104.9608890">
    <ele>1641.8</ele>
    <time>2022-08-23T01:21:15Z</time>
   </trkpt>
   <trkpt lat="39.6774060" lon="-104.9608870">
    <ele>1641.7</ele>
    <time>2022-08-23T01:21:16Z</time>
   </trkpt>
   <trkpt lat="39.6774080" lon="-104.9608830">
    <ele>1641.7</ele>
    <time>2022-08-23T01:21:17Z</time>
   </trkpt>
   <trkpt lat="39.6774230" lon="-104.9608750">
    <ele>1641.7</ele>
    <time>2022-08-23T01:21:18Z</time>
   </trkpt>
   <trkpt lat="39.6774340" lon="-104.9608650">
    <ele>1641.7</ele>
    <time>2022-08-23T01:21:19Z</time>
   </trkpt>
   <trkpt lat="39.6774480" lon="-104.9608570">
    <ele>1641.7</ele>
    <time>2022-08-23T01:21:20Z</time>
   </trkpt>
   <trkpt lat="39.6774620" lon="-104.9608460">
    <ele>1641.7</ele>
    <time>2022-08-23T01:21:21Z</time>
   </trkpt>
   <trkpt lat="39.6774680" lon="-104.9608340">
    <ele>1641.6</ele>
    <time>2022-08-23T01:21:22Z</time>
   </trkpt>
   <trkpt lat="39.6774730" lon="-104.9608160">
    <ele>1641.6</ele>
    <time>2022-08-23T01:21:23Z</time>
   </trkpt>
   <trkpt lat="39.6774730" lon="-104.9608040">
    <ele>1641.6</ele>
    <time>2022-08-23T01:21:24Z</time>
   </trkpt>
   <trkpt lat="39.6774780" lon="-104.9607810">
    <ele>1641.6</ele>
    <time>2022-08-23T01:21:25Z</time>
   </trkpt>
   <trkpt lat="39.6774800" lon="-104.9607620">
    <ele>1641.6</ele>
    <time>2022-08-23T01:21:26Z</time>
   </trkpt>
   <trkpt lat="39.6774740" lon="-104.9607350">
    <ele>1641.7</ele>
    <time>2022-08-23T01:21:27Z</time>
   </trkpt>
   <trkpt lat="39.6774740" lon="-104.9607230">
    <ele>1641.7</ele>
    <time>2022-08-23T01:21:28Z</time>
   </trkpt>
   <trkpt lat="39.6774730" lon="-104.9607110">
    <ele>1641.7</ele>
    <time>2022-08-23T01:21:29Z</time>
   </trkpt>
   <trkpt lat="39.6774700" lon="-104.9606890">
    <ele>1641.8</ele>
    <time>2022-08-23T01:21:30Z</time>
   </trkpt>
   <trkpt lat="39.6774700" lon="-104.9606730">
    <ele>1641.8</ele>
    <time>2022-08-23T01:21:31Z</time>
   </trkpt>
   <trkpt lat="39.6774690" lon="-104.9606530">
    <ele>1641.9</ele>
    <time>2022-08-23T01:21:32Z</time>
   </trkpt>
   <trkpt lat="39.6774660" lon="-104.9606340">
    <ele>1641.9</ele>
    <time>2022-08-23T01:21:33Z</time>
   </trkpt>
   <trkpt lat="39.6774670" lon="-104.9606170">
    <ele>1642.0</ele>
    <time>2022-08-23T01:21:34Z</time>
   </trkpt>
   <trkpt lat="39.6774690" lon="-104.9606020">
    <ele>1642.0</ele>
    <time>2022-08-23T01:21:35Z</time>
   </trkpt>
   <trkpt lat="39.6774680" lon="-104.9605900">
    <ele>1642.0</ele>
    <time>2022-08-23T01:21:36Z</time>
   </trkpt>
   <trkpt lat="39.6774700" lon="-104.9605740">
    <ele>1642.1</ele>
    <time>2022-08-23T01:21:37Z</time>
   </trkpt>
   <trkpt lat="39.6774800" lon="-104.9605550">
    <ele>1642.1</ele>
    <time>2022-08-23T01:21:38Z</time>
   </trkpt>
   <trkpt lat="39.6774880" lon="-104.9605370">
    <ele>1642.2</ele>
    <time>2022-08-23T01:21:39Z</time>
   </trkpt>
   <trkpt lat="39.6774940" lon="-104.9605220">
    <ele>1642.2</ele>
    <time>2022-08-23T01:21:40Z</time>
   </trkpt>
   <trkpt lat="39.6775000" lon="-104.9605030">
    <ele>1642.2</ele>
    <time>2022-08-23T01:21:41Z</time>
   </trkpt>
   <trkpt lat="39.6775180" lon="-104.9604930">
    <ele>1642.1</ele>
    <time>2022-08-23T01:21:42Z</time>
   </trkpt>
   <trkpt lat="39.6775330" lon="-104.9604840">
    <ele>1642.1</ele>
    <time>2022-08-23T01:21:43Z</time>
   </trkpt>
   <trkpt lat="39.6775480" lon="-104.9604760">
    <ele>1642.0</ele>
    <time>2022-08-23T01:21:44Z</time>
   </trkpt>
   <trkpt lat="39.6775610" lon="-104.9604700">
    <ele>1642.0</ele>
    <time>2022-08-23T01:21:45Z</time>
   </trkpt>
   <trkpt lat="39.6775680" lon="-104.9604650">
    <ele>1641.9</ele>
    <time>2022-08-23T01:21:46Z</time>
   </trkpt>
   <trkpt lat="39.6775780" lon="-104.9604610">
    <ele>1641.9</ele>
    <time>2022-08-23T01:21:47Z</time>
   </trkpt>
   <trkpt lat="39.6776070" lon="-104.9604380">
    <ele>1641.8</ele>
    <time>2022-08-23T01:21:48Z</time>
   </trkpt>
   <trkpt lat="39.6776120" lon="-104.9604320">
    <ele>1641.8</ele>
    <time>2022-08-23T01:21:49Z</time>
   </trkpt>
   <trkpt lat="39.6776260" lon="-104.9604210">
    <ele>1641.7</ele>
    <time>2022-08-23T01:21:50Z</time>
   </trkpt>
   <trkpt lat="39.6776390" lon="-104.9604120">
    <ele>1641.7</ele>
    <time>2022-08-23T01:21:51Z</time>
   </trkpt>
   <trkpt lat="39.6776470" lon="-104.9603990">
    <ele>1641.6</ele>
    <time>2022-08-23T01:21:52Z</time>
   </trkpt>
   <trkpt lat="39.6776540" lon="-104.9603860">
    <ele>1641.6</ele>
    <time>2022-08-23T01:21:53Z</time>
   </trkpt>
   <trkpt lat="39.6776600" lon="-104.9603740">
    <ele>1641.5</ele>
    <time>2022-08-23T01:21:54Z</time>
   </trkpt>
   <trkpt lat="39.6776740" lon="-104.9603530">
    <ele>1641.5</ele>
    <time>2022-08-23T01:21:55Z</time>
   </trkpt>
   <trkpt lat="39.6776810" lon="-104.9603440">
    <ele>1641.4</ele>
    <time>2022-08-23T01:21:56Z</time>
   </trkpt>
   <trkpt lat="39.6776880" lon="-104.9603360">
    <ele>1641.4</ele>
    <time>2022-08-23T01:21:57Z</time>
   </trkpt>
   <trkpt lat="39.6777090" lon="-104.9603110">
    <ele>1641.3</ele>
    <time>2022-08-23T01:21:58Z</time>
   </trkpt>
   <trkpt lat="39.6777150" lon="-104.9603020">
    <ele>1641.3</ele>
    <time>2022-08-23T01:21:59Z</time>
   </trkpt>
   <trkpt lat="39.6777300" lon="-104.9602950">
    <ele>1641.2</ele>
    <time>2022-08-23T01:22:00Z</time>
   </trkpt>
   <trkpt lat="39.6777410" lon="-104.9602820">
    <ele>1641.2</ele>
    <time>2022-08-23T01:22:01Z</time>
   </trkpt>
   <trkpt lat="39.6777580" lon="-104.9602670">
    <ele>1641.1</ele>
    <time>2022-08-23T01:22:02Z</time>
   </trkpt>
   <trkpt lat="39.6777660" lon="-104.9602600">
    <ele>1641.0</ele>
    <time>2022-08-23T01:22:03Z</time>
   </trkpt>
   <trkpt lat="39.6777740" lon="-104.9602530">
    <ele>1641.0</ele>
    <time>2022-08-23T01:22:04Z</time>
   </trkpt>
   <trkpt lat="39.6777890" lon="-104.9602490">
    <ele>1641.0</ele>
    <time>2022-08-23T01:22:05Z</time>
   </trkpt>
   <trkpt lat="39.6778000" lon="-104.9602400">
    <ele>1641.0</ele>
    <time>2022-08-23T01:22:06Z</time>
   </trkpt>
   <trkpt lat="39.6778140" lon="-104.9602310">
    <ele>1641.0</ele>
    <time>2022-08-23T01:22:07Z</time>
   </trkpt>
   <trkpt lat="39.6778220" lon="-104.9602170">
    <ele>1640.9</ele>
    <time>2022-08-23T01:22:08Z</time>
   </trkpt>
   <trkpt lat="39.6778360" lon="-104.9602020">
    <ele>1640.9</ele>
    <time>2022-08-23T01:22:09Z</time>
   </trkpt>
   <trkpt lat="39.6778430" lon="-104.9601850">
    <ele>1640.9</ele>
    <time>2022-08-23T01:22:10Z</time>
   </trkpt>
   <trkpt lat="39.6778550" lon="-104.9601610">
    <ele>1640.9</ele>
    <time>2022-08-23T01:22:11Z</time>
   </trkpt>
   <trkpt lat="39.6778620" lon="-104.9601510">
    <ele>1640.9</ele>
    <time>2022-08-23T01:22:12Z</time>
   </trkpt>
   <trkpt lat="39.6778680" lon="-104.9601410">
    <ele>1640.8</ele>
    <time>2022-08-23T01:22:13Z</time>
   </trkpt>
   <trkpt lat="39.6778740" lon="-104.9601260">
    <ele>1640.8</ele>
    <time>2022-08-23T01:22:14Z</time>
   </trkpt>
   <trkpt lat="39.6778770" lon="-104.9601150">
    <ele>1640.8</ele>
    <time>2022-08-23T01:22:15Z</time>
   </trkpt>
   <trkpt lat="39.6778850" lon="-104.9601040">
    <ele>1640.8</ele>
    <time>2022-08-23T01:22:16Z</time>
   </trkpt>
   <trkpt lat="39.6778980" lon="-104.9600850">
    <ele>1640.8</ele>
    <time>2022-08-23T01:22:17Z</time>
   </trkpt>
   <trkpt lat="39.6779030" lon="-104.9600770">
    <ele>1640.7</ele>
    <time>2022-08-23T01:22:18Z</time>
   </trkpt>
   <trkpt lat="39.6779090" lon="-104.9600690">
    <ele>1640.7</ele>
    <time>2022-08-23T01:22:19Z</time>
   </trkpt>
   <trkpt lat="39.6779140" lon="-104.9600600">
    <ele>1640.7</ele>
    <time>2022-08-23T01:22:20Z</time>
   </trkpt>
   <trkpt lat="39.6779210" lon="-104.9600490">
    <ele>1640.7</ele>
    <time>2022-08-23T01:22:21Z</time>
   </trkpt>
   <trkpt lat="39.6779290" lon="-104.9600410">
    <ele>1640.7</ele>
    <time>2022-08-23T01:22:22Z</time>
   </trkpt>
   <trkpt lat="39.6779370" lon="-104.9600290">
    <ele>1640.7</ele>
    <time>2022-08-23T01:22:23Z</time>
   </trkpt>
   <trkpt lat="39.6779480" lon="-104.9600110">
    <ele>1640.6</ele>
    <time>2022-08-23T01:22:24Z</time>
   </trkpt>
   <trkpt lat="39.6779620" lon="-104.9599910">
    <ele>1640.6</ele>
    <time>2022-08-23T01:22:25Z</time>
   </trkpt>
   <trkpt lat="39.6779670" lon="-104.9599830">
    <ele>1640.6</ele>
    <time>2022-08-23T01:22:26Z</time>
   </trkpt>
   <trkpt lat="39.6779730" lon="-104.9599750">
    <ele>1640.6</ele>
    <time>2022-08-23T01:22:27Z</time>
   </trkpt>
   <trkpt lat="39.6779870" lon="-104.9599520">
    <ele>1640.6</ele>
    <time>2022-08-23T01:22:28Z</time>
   </trkpt>
   <trkpt lat="39.6779910" lon="-104.9599420">
    <ele>1640.6</ele>
    <time>2022-08-23T01:22:30Z</time>
   </trkpt>
   <trkpt lat="39.6779950" lon="-104.9599320">
    <ele>1640.6</ele>
    <time>2022-08-23T01:22:31Z</time>
   </trkpt>
   <trkpt lat="39.6779990" lon="-104.9599140">
    <ele>1640.5</ele>
    <time>2022-08-23T01:22:32Z</time>
   </trkpt>
   <trkpt lat="39.6780100" lon="-104.9599000">
    <ele>1640.5</ele>
    <time>2022-08-23T01:22:33Z</time>
   </trkpt>
   <trkpt lat="39.6780290" lon="-104.9598830">
    <ele>1640.5</ele>
    <time>2022-08-23T01:22:34Z</time>
   </trkpt>
   <trkpt lat="39.6780370" lon="-104.9598760">
    <ele>1640.4</ele>
    <time>2022-08-23T01:22:35Z</time>
   </trkpt>
   <trkpt lat="39.6780460" lon="-104.9598670">
    <ele>1640.4</ele>
    <time>2022-08-23T01:22:36Z</time>
   </trkpt>
   <trkpt lat="39.6780610" lon="-104.9598580">
    <ele>1640.4</ele>
    <time>2022-08-23T01:22:37Z</time>
   </trkpt>
   <trkpt lat="39.6780800" lon="-104.9598400">
    <ele>1640.3</ele>
    <time>2022-08-23T01:22:38Z</time>
   </trkpt>
   <trkpt lat="39.6780860" lon="-104.9598350">
    <ele>1640.3</ele>
    <time>2022-08-23T01:22:39Z</time>
   </trkpt>
   <trkpt lat="39.6780930" lon="-104.9598290">
    <ele>1640.3</ele>
    <time>2022-08-23T01:22:40Z</time>
   </trkpt>
   <trkpt lat="39.6781070" lon="-104.9598020">
    <ele>1640.2</ele>
    <time>2022-08-23T01:22:41Z</time>
   </trkpt>
   <trkpt lat="39.6781120" lon="-104.9597890">
    <ele>1640.2</ele>
    <time>2022-08-23T01:22:42Z</time>
   </trkpt>
   <trkpt lat="39.6781250" lon="-104.9597680">
    <ele>1640.2</ele>
    <time>2022-08-23T01:22:43Z</time>
   </trkpt>
   <trkpt lat="39.6781350" lon="-104.9597550">
    <ele>1640.1</ele>
    <time>2022-08-23T01:22:44Z</time>
   </trkpt>
   <trkpt lat="39.6781470" lon="-104.9597330">
    <ele>1640.1</ele>
    <time>2022-08-23T01:22:45Z</time>
   </trkpt>
   <trkpt lat="39.6781520" lon="-104.9597240">
    <ele>1640.1</ele>
    <time>2022-08-23T01:22:46Z</time>
   </trkpt>
   <trkpt lat="39.6781570" lon="-104.9597150">
    <ele>1640.0</ele>
    <time>2022-08-23T01:22:47Z</time>
   </trkpt>
   <trkpt lat="39.6781650" lon="-104.9596950">
    <ele>1640.0</ele>
    <time>2022-08-23T01:22:48Z</time>
   </trkpt>
   <trkpt lat="39.6781740" lon="-104.9596770">
    <ele>1640.0</ele>
    <time>2022-08-23T01:22:49Z</time>
   </trkpt>
   <trkpt lat="39.6781870" lon="-104.9596540">
    <ele>1639.9</ele>
    <time>2022-08-23T01:22:50Z</time>
   </trkpt>
   <trkpt lat="39.6781930" lon="-104.9596470">
    <ele>1639.9</ele>
    <time>2022-08-23T01:22:51Z</time>
   </trkpt>
   <trkpt lat="39.6782000" lon="-104.9596410">
    <ele>1639.9</ele>
    <time>2022-08-23T01:22:52Z</time>
   </trkpt>
   <trkpt lat="39.6782070" lon="-104.9596310">
    <ele>1639.8</ele>
    <time>2022-08-23T01:22:53Z</time>
   </trkpt>
   <trkpt lat="39.6782200" lon="-104.9596230">
    <ele>1639.8</ele>
    <time>2022-08-23T01:22:54Z</time>
   </trkpt>
   <trkpt lat="39.6782300" lon="-104.9596160">
    <ele>1639.8</ele>
    <time>2022-08-23T01:22:55Z</time>
   </trkpt>
   <trkpt lat="39.6782390" lon="-104.9596020">
    <ele>1639.7</ele>
    <time>2022-08-23T01:22:56Z</time>
   </trkpt>
   <trkpt lat="39.6782480" lon="-104.9595900">
    <ele>1639.7</ele>
    <time>2022-08-23T01:22:57Z</time>
   </trkpt>
   <trkpt lat="39.6782540" lon="-104.9595740">
    <ele>1639.7</ele>
    <time>2022-08-23T01:22:58Z</time>
   </trkpt>
   <trkpt lat="39.6782680" lon="-104.9595510">
    <ele>1639.6</ele>
    <time>2022-08-23T01:22:59Z</time>
   </trkpt>
   <trkpt lat="39.6782930" lon="-104.9595360">
    <ele>1639.6</ele>
    <time>2022-08-23T01:23:00Z</time>
   </trkpt>
   <trkpt lat="39.6783100" lon="-104.9595240">
    <ele>1639.5</ele>
    <time>2022-08-23T01:23:01Z</time>
   </trkpt>
   <trkpt lat="39.6783260" lon="-104.9595190">
    <ele>1639.5</ele>
    <time>2022-08-23T01:23:02Z</time>
   </trkpt>
   <trkpt lat="39.6783550" lon="-104.9595060">
    <ele>1639.3</ele>
    <time>2022-08-23T01:23:03Z</time>
   </trkpt>
   <trkpt lat="39.6783680" lon="-104.9595050">
    <ele>1639.3</ele>
    <time>2022-08-23T01:23:04Z</time>
   </trkpt>
   <trkpt lat="39.6783830" lon="-104.9595000">
    <ele>1639.3</ele>
    <time>2022-08-23T01:23:05Z</time>
   </trkpt>
   <trkpt lat="39.6783990" lon="-104.9594960">
    <ele>1639.2</ele>
    <time>2022-08-23T01:23:06Z</time>
   </trkpt>
   <trkpt lat="39.6784270" lon="-104.9594800">
    <ele>1639.1</ele>
    <time>2022-08-23T01:23:07Z</time>
   </trkpt>
   <trkpt lat="39.6784390" lon="-104.9594740">
    <ele>1639.0</ele>
    <time>2022-08-23T01:23:08Z</time>
   </trkpt>
   <trkpt lat="39.6784680" lon="-104.9594720">
    <ele>1639.0</ele>
    <time>2022-08-23T01:23:09Z</time>
   </trkpt>
   <trkpt lat="39.6784790" lon="-104.9594720">
    <ele>1639.0</ele>
    <time>2022-08-23T01:23:10Z</time>
   </trkpt>
   <trkpt lat="39.6784960" lon="-104.9594750">
    <ele>1639.0</ele>
    <time>2022-08-23T01:23:11Z</time>
   </trkpt>
   <trkpt lat="39.6785110" lon="-104.9594790">
    <ele>1638.9</ele>
    <time>2022-08-23T01:23:12Z</time>
   </trkpt>
   <trkpt lat="39.6785250" lon="-104.9594860">
    <ele>1638.9</ele>
    <time>2022-08-23T01:23:13Z</time>
   </trkpt>
   <trkpt lat="39.6785380" lon="-104.9594910">
    <ele>1638.9</ele>
    <time>2022-08-23T01:23:14Z</time>
   </trkpt>
   <trkpt lat="39.6785550" lon="-104.9594890">
    <ele>1638.9</ele>
    <time>2022-08-23T01:23:15Z</time>
   </trkpt>
   <trkpt lat="39.6785620" lon="-104.9594830">
    <ele>1638.9</ele>
    <time>2022-08-23T01:23:16Z</time>
   </trkpt>
   <trkpt lat="39.6785690" lon="-104.9594780">
    <ele>1638.8</ele>
    <time>2022-08-23T01:23:17Z</time>
   </trkpt>
   <trkpt lat="39.6785760" lon="-104.9594720">
    <ele>1638.8</ele>
    <time>2022-08-23T01:23:18Z</time>
   </trkpt>
   <trkpt lat="39.6785830" lon="-104.9594650">
    <ele>1638.8</ele>
    <time>2022-08-23T01:23:19Z</time>
   </trkpt>
   <trkpt lat="39.6785950" lon="-104.9594500">
    <ele>1638.8</ele>
    <time>2022-08-23T01:23:20Z</time>
   </trkpt>
   <trkpt lat="39.6786000" lon="-104.9594390">
    <ele>1638.8</ele>
    <time>2022-08-23T01:23:21Z</time>
   </trkpt>
   <trkpt lat="39.6786140" lon="-104.9594170">
    <ele>1638.8</ele>
    <time>2022-08-23T01:23:22Z</time>
   </trkpt>
   <trkpt lat="39.6786210" lon="-104.9594070">
    <ele>1638.7</ele>
    <time>2022-08-23T01:23:23Z</time>
   </trkpt>
   <trkpt lat="39.6786280" lon="-104.9593960">
    <ele>1638.7</ele>
    <time>2022-08-23T01:23:24Z</time>
   </trkpt>
   <trkpt lat="39.6786400" lon="-104.9593900">
    <ele>1638.7</ele>
    <time>2022-08-23T01:23:25Z</time>
   </trkpt>
   <trkpt lat="39.6786580" lon="-104.9593830">
    <ele>1638.7</ele>
    <time>2022-08-23T01:23:26Z</time>
   </trkpt>
   <trkpt lat="39.6786650" lon="-104.9593720">
    <ele>1638.7</ele>
    <time>2022-08-23T01:23:27Z</time>
   </trkpt>
   <trkpt lat="39.6786810" lon="-104.9593620">
    <ele>1638.6</ele>
    <time>2022-08-23T01:23:28Z</time>
   </trkpt>
   <trkpt lat="39.6786960" lon="-104.9593580">
    <ele>1638.6</ele>
    <time>2022-08-23T01:23:29Z</time>
   </trkpt>
   <trkpt lat="39.6787100" lon="-104.9593790">
    <ele>1638.5</ele>
    <time>2022-08-23T01:23:30Z</time>
   </trkpt>
   <trkpt lat="39.6787350" lon="-104.9594060">
    <ele>1638.5</ele>
    <time>2022-08-23T01:23:31Z</time>
   </trkpt>
   <trkpt lat="39.6787450" lon="-104.9594100">
    <ele>1638.5</ele>
    <time>2022-08-23T01:23:32Z</time>
   </trkpt>
   <trkpt lat="39.6787750" lon="-104.9594250">
    <ele>1638.4</ele>
    <time>2022-08-23T01:23:33Z</time>
   </trkpt>
   <trkpt lat="39.6787890" lon="-104.9594300">
    <ele>1638.3</ele>
    <time>2022-08-23T01:23:34Z</time>
   </trkpt>
   <trkpt lat="39.6788100" lon="-104.9594380">
    <ele>1638.3</ele>
    <time>2022-08-23T01:23:35Z</time>
   </trkpt>
   <trkpt lat="39.6788220" lon="-104.9594390">
    <ele>1638.3</ele>
    <time>2022-08-23T01:23:36Z</time>
   </trkpt>
   <trkpt lat="39.6788340" lon="-104.9594390">
    <ele>1638.2</ele>
    <time>2022-08-23T01:23:37Z</time>
   </trkpt>
   <trkpt lat="39.6788680" lon="-104.9594490">
    <ele>1638.1</ele>
    <time>2022-08-23T01:23:38Z</time>
   </trkpt>
   <trkpt lat="39.6788750" lon="-104.9594550">
    <ele>1638.1</ele>
    <time>2022-08-23T01:23:39Z</time>
   </trkpt>
   <trkpt lat="39.6788910" lon="-104.9594520">
    <ele>1638.1</ele>
    <time>2022-08-23T01:23:40Z</time>
   </trkpt>
   <trkpt lat="39.6789060" lon="-104.9594430">
    <ele>1638.1</ele>
    <time>2022-08-23T01:23:41Z</time>
   </trkpt>
   <trkpt lat="39.6789180" lon="-104.9594440">
    <ele>1638.0</ele>
    <time>2022-08-23T01:23:42Z</time>
   </trkpt>
   <trkpt lat="39.6789360" lon="-104.9594480">
    <ele>1638.0</ele>
    <time>2022-08-23T01:23:43Z</time>
   </trkpt>
   <trkpt lat="39.6789510" lon="-104.9594450">
    <ele>1637.9</ele>
    <time>2022-08-23T01:23:44Z</time>
   </trkpt>
   <trkpt lat="39.6789700" lon="-104.9594460">
    <ele>1637.9</ele>
    <time>2022-08-23T01:23:45Z</time>
   </trkpt>
   <trkpt lat="39.6789850" lon="-104.9594450">
    <ele>1637.9</ele>
    <time>2022-08-23T01:23:46Z</time>
   </trkpt>
   <trkpt lat="39.6790020" lon="-104.9594490">
    <ele>1637.8</ele>
    <time>2022-08-23T01:23:47Z</time>
   </trkpt>
   <trkpt lat="39.6790350" lon="-104.9594580">
    <ele>1637.8</ele>
    <time>2022-08-23T01:23:48Z</time>
   </trkpt>
   <trkpt lat="39.6790460" lon="-104.9594580">
    <ele>1637.7</ele>
    <time>2022-08-23T01:23:49Z</time>
   </trkpt>
   <trkpt lat="39.6790810" lon="-104.9594660">
    <ele>1637.7</ele>
    <time>2022-08-23T01:23:50Z</time>
   </trkpt>
   <trkpt lat="39.6790920" lon="-104.9594690">
    <ele>1637.6</ele>
    <time>2022-08-23T01:23:51Z</time>
   </trkpt>
   <trkpt lat="39.6791230" lon="-104.9594760">
    <ele>1637.6</ele>
    <time>2022-08-23T01:23:52Z</time>
   </trkpt>
   <trkpt lat="39.6791340" lon="-104.9594780">
    <ele>1637.6</ele>
    <time>2022-08-23T01:23:53Z</time>
   </trkpt>
   <trkpt lat="39.6791520" lon="-104.9594850">
    <ele>1637.5</ele>
    <time>2022-08-23T01:23:54Z</time>
   </trkpt>
   <trkpt lat="39.6791680" lon="-104.9594890">
    <ele>1637.5</ele>
    <time>2022-08-23T01:23:55Z</time>
   </trkpt>
   <trkpt lat="39.6791820" lon="-104.9594940">
    <ele>1637.5</ele>
    <time>2022-08-23T01:23:56Z</time>
   </trkpt>
   <trkpt lat="39.6791880" lon="-104.9594990">
    <ele>1637.4</ele>
    <time>2022-08-23T01:23:57Z</time>
   </trkpt>
   <trkpt lat="39.6791890" lon="-104.9595040">
    <ele>1637.4</ele>
    <time>2022-08-23T01:23:58Z</time>
   </trkpt>
   <trkpt lat="39.6791900" lon="-104.9595100">
    <ele>1637.4</ele>
    <time>2022-08-23T01:23:59Z</time>
   </trkpt>
   <trkpt lat="39.6792040" lon="-104.9595210">
    <ele>1637.4</ele>
    <time>2022-08-23T01:24:00Z</time>
   </trkpt>
   <trkpt lat="39.6792100" lon="-104.9595250">
    <ele>1637.4</ele>
    <time>2022-08-23T01:24:01Z</time>
   </trkpt>
   <trkpt lat="39.6792160" lon="-104.9595290">
    <ele>1637.4</ele>
    <time>2022-08-23T01:24:02Z</time>
   </trkpt>
   <trkpt lat="39.6792220" lon="-104.9595330">
    <ele>1637.3</ele>
    <time>2022-08-23T01:24:03Z</time>
   </trkpt>
   <trkpt lat="39.6792410" lon="-104.9595380">
    <ele>1637.3</ele>
    <time>2022-08-23T01:24:04Z</time>
   </trkpt>
   <trkpt lat="39.6792500" lon="-104.9595360">
    <ele>1637.3</ele>
    <time>2022-08-23T01:24:05Z</time>
   </trkpt>
   <trkpt lat="39.6792600" lon="-104.9595350">
    <ele>1637.2</ele>
    <time>2022-08-23T01:24:06Z</time>
   </trkpt>
   <trkpt lat="39.6792690" lon="-104.9595330">
    <ele>1637.2</ele>
    <time>2022-08-23T01:24:07Z</time>
   </trkpt>
   <trkpt lat="39.6792790" lon="-104.9595320">
    <ele>1637.2</ele>
    <time>2022-08-23T01:24:08Z</time>
   </trkpt>
   <trkpt lat="39.6792920" lon="-104.9595310">
    <ele>1637.2</ele>
    <time>2022-08-23T01:24:09Z</time>
   </trkpt>
   <trkpt lat="39.6793090" lon="-104.9595320">
    <ele>1637.1</ele>
    <time>2022-08-23T01:24:10Z</time>
   </trkpt>
   <trkpt lat="39.6793150" lon="-104.9595310">
    <ele>1637.1</ele>
    <time>2022-08-23T01:24:11Z</time>
   </trkpt>
   <trkpt lat="39.6793220" lon="-104.9595300">
    <ele>1637.1</ele>
    <time>2022-08-23T01:24:12Z</time>
   </trkpt>
   <trkpt lat="39.6793280" lon="-104.9595280">
    <ele>1637.1</ele>
    <time>2022-08-23T01:24:13Z</time>
   </trkpt>
   <trkpt lat="39.6793540" lon="-104.9595210">
    <ele>1637.0</ele>
    <time>2022-08-23T01:24:14Z</time>
   </trkpt>
   <trkpt lat="39.6793630" lon="-104.9595160">
    <ele>1637.0</ele>
    <time>2022-08-23T01:24:15Z</time>
   </trkpt>
   <trkpt lat="39.6793730" lon="-104.9595110">
    <ele>1637.0</ele>
    <time>2022-08-23T01:24:16Z</time>
   </trkpt>
   <trkpt lat="39.6793870" lon="-104.9595000">
    <ele>1636.9</ele>
    <time>2022-08-23T01:24:17Z</time>
   </trkpt>
   <trkpt lat="39.6794030" lon="-104.9594940">
    <ele>1636.9</ele>
    <time>2022-08-23T01:24:18Z</time>
   </trkpt>
   <trkpt lat="39.6794300" lon="-104.9594880">
    <ele>1636.8</ele>
    <time>2022-08-23T01:24:19Z</time>
   </trkpt>
   <trkpt lat="39.6794410" lon="-104.9594870">
    <ele>1636.8</ele>
    <time>2022-08-23T01:24:20Z</time>
   </trkpt>
   <trkpt lat="39.6794580" lon="-104.9594830">
    <ele>1636.7</ele>
    <time>2022-08-23T01:24:21Z</time>
   </trkpt>
   <trkpt lat="39.6794730" lon="-104.9594820">
    <ele>1636.7</ele>
    <time>2022-08-23T01:24:22Z</time>
   </trkpt>
   <trkpt lat="39.6794940" lon="-104.9594810">
    <ele>1636.6</ele>
    <time>2022-08-23T01:24:23Z</time>
   </trkpt>
   <trkpt lat="39.6795020" lon="-104.9594810">
    <ele>1636.6</ele>
    <time>2022-08-23T01:24:24Z</time>
   </trkpt>
   <trkpt lat="39.6795110" lon="-104.9594810">
    <ele>1636.6</ele>
    <time>2022-08-23T01:24:25Z</time>
   </trkpt>
   <trkpt lat="39.6795190" lon="-104.9594690">
    <ele>1636.6</ele>
    <time>2022-08-23T01:24:26Z</time>
   </trkpt>
   <trkpt lat="39.6795250" lon="-104.9594700">
    <ele>1636.5</ele>
    <time>2022-08-23T01:24:27Z</time>
   </trkpt>
   <trkpt lat="39.6795360" lon="-104.9594670">
    <ele>1636.5</ele>
    <time>2022-08-23T01:24:28Z</time>
   </trkpt>
   <trkpt lat="39.6795530" lon="-104.9594560">
    <ele>1636.5</ele>
    <time>2022-08-23T01:24:29Z</time>
   </trkpt>
   <trkpt lat="39.6795610" lon="-104.9594500">
    <ele>1636.4</ele>
    <time>2022-08-23T01:24:30Z</time>
   </trkpt>
   <trkpt lat="39.6795690" lon="-104.9594430">
    <ele>1636.4</ele>
    <time>2022-08-23T01:24:31Z</time>
   </trkpt>
   <trkpt lat="39.6795930" lon="-104.9594370">
    <ele>1636.4</ele>
    <time>2022-08-23T01:24:32Z</time>
   </trkpt>
   <trkpt lat="39.6796000" lon="-104.9594300">
    <ele>1636.3</ele>
    <time>2022-08-23T01:24:33Z</time>
   </trkpt>
   <trkpt lat="39.6796060" lon="-104.9594230">
    <ele>1636.3</ele>
    <time>2022-08-23T01:24:34Z</time>
   </trkpt>
   <trkpt lat="39.6796170" lon="-104.9594200">
    <ele>1636.3</ele>
    <time>2022-08-23T01:24:36Z</time>
   </trkpt>
   <trkpt lat="39.6796320" lon="-104.9594100">
    <ele>1636.3</ele>
    <time>2022-08-23T01:24:37Z</time>
   </trkpt>
   <trkpt lat="39.6796460" lon="-104.9594000">
    <ele>1636.2</ele>
    <time>2022-08-23T01:24:38Z</time>
   </trkpt>
   <trkpt lat="39.6796540" lon="-104.9593940">
    <ele>1636.2</ele>
    <time>2022-08-23T01:24:39Z</time>
   </trkpt>
   <trkpt lat="39.6796590" lon="-104.9593870">
    <ele>1636.2</ele>
    <time>2022-08-23T01:24:40Z</time>
   </trkpt>
   <trkpt lat="39.6796710" lon="-104.9593800">
    <ele>1636.1</ele>
    <time>2022-08-23T01:24:41Z</time>
   </trkpt>
   <trkpt lat="39.6796880" lon="-104.9593700">
    <ele>1636.1</ele>
    <time>2022-08-23T01:24:42Z</time>
   </trkpt>
   <trkpt lat="39.6797070" lon="-104.9593670">
    <ele>1636.1</ele>
    <time>2022-08-23T01:24:43Z</time>
   </trkpt>
   <trkpt lat="39.6797210" lon="-104.9593630">
    <ele>1636.0</ele>
    <time>2022-08-23T01:24:44Z</time>
   </trkpt>
   <trkpt lat="39.6797390" lon="-104.9593580">
    <ele>1636.0</ele>
    <time>2022-08-23T01:24:45Z</time>
   </trkpt>
   <trkpt lat="39.6797540" lon="-104.9593520">
    <ele>1636.0</ele>
    <time>2022-08-23T01:24:46Z</time>
   </trkpt>
   <trkpt lat="39.6797730" lon="-104.9593510">
    <ele>1635.9</ele>
    <time>2022-08-23T01:24:47Z</time>
   </trkpt>
   <trkpt lat="39.6797900" lon="-104.9593500">
    <ele>1635.9</ele>
    <time>2022-08-23T01:24:48Z</time>
   </trkpt>
   <trkpt lat="39.6798170" lon="-104.9593800">
    <ele>1635.8</ele>
    <time>2022-08-23T01:24:49Z</time>
   </trkpt>
   <trkpt lat="39.6798290" lon="-104.9594010">
    <ele>1635.7</ele>
    <time>2022-08-23T01:24:50Z</time>
   </trkpt>
   <trkpt lat="39.6798460" lon="-104.9594340">
    <ele>1635.6</ele>
    <time>2022-08-23T01:24:51Z</time>
   </trkpt>
   <trkpt lat="39.6798800" lon="-104.9594330">
    <ele>1635.6</ele>
    <time>2022-08-23T01:24:52Z</time>
   </trkpt>
   <trkpt lat="39.6798910" lon="-104.9594310">
    <ele>1635.5</ele>
    <time>2022-08-23T01:24:53Z</time>
   </trkpt>
   <trkpt lat="39.6799190" lon="-104.9594340">
    <ele>1635.5</ele>
    <time>2022-08-23T01:24:54Z</time>
   </trkpt>
   <trkpt lat="39.6799260" lon="-104.9594350">
    <ele>1635.4</ele>
    <time>2022-08-23T01:24:55Z</time>
   </trkpt>
   <trkpt lat="39.6799290" lon="-104.9594490">
    <ele>1635.4</ele>
    <time>2022-08-23T01:24:56Z</time>
   </trkpt>
   <trkpt lat="39.6799300" lon="-104.9594690">
    <ele>1635.4</ele>
    <time>2022-08-23T01:24:57Z</time>
   </trkpt>
   <trkpt lat="39.6799420" lon="-104.9594860">
    <ele>1635.4</ele>
    <time>2022-08-23T01:24:58Z</time>
   </trkpt>
   <trkpt lat="39.6799500" lon="-104.9594990">
    <ele>1635.4</ele>
    <time>2022-08-23T01:24:59Z</time>
   </trkpt>
   <trkpt lat="39.6799720" lon="-104.9595030">
    <ele>1635.3</ele>
    <time>2022-08-23T01:25:00Z</time>
   </trkpt>
   <trkpt lat="39.6799810" lon="-104.9595050">
    <ele>1635.3</ele>
    <time>2022-08-23T01:25:01Z</time>
   </trkpt>
   <trkpt lat="39.6799890" lon="-104.9595070">
    <ele>1635.3</ele>
    <time>2022-08-23T01:25:02Z</time>
   </trkpt>
   <trkpt lat="39.6800110" lon="-104.9595160">
    <ele>1635.3</ele>
    <time>2022-08-23T01:25:03Z</time>
   </trkpt>
   <trkpt lat="39.6800240" lon="-104.9595190">
    <ele>1635.2</ele>
    <time>2022-08-23T01:25:04Z</time>
   </trkpt>
   <trkpt lat="39.6800310" lon="-104.9595260">
    <ele>1635.2</ele>
    <time>2022-08-23T01:25:05Z</time>
   </trkpt>
   <trkpt lat="39.6800410" lon="-104.9595290">
    <ele>1635.2</ele>
    <time>2022-08-23T01:25:06Z</time>
   </trkpt>
   <trkpt lat="39.6800500" lon="-104.9595330">
    <ele>1635.2</ele>
    <time>2022-08-23T01:25:07Z</time>
   </trkpt>
   <trkpt lat="39.6800600" lon="-104.9595360">
    <ele>1635.2</ele>
    <time>2022-08-23T01:25:08Z</time>
   </trkpt>
   <trkpt lat="39.6800950" lon="-104.9595420">
    <ele>1635.1</ele>
    <time>2022-08-23T01:25:09Z</time>
   </trkpt>
   <trkpt lat="39.6801090" lon="-104.9595420">
    <ele>1635.1</ele>
    <time>2022-08-23T01:25:10Z</time>
   </trkpt>
   <trkpt lat="39.6801380" lon="-104.9595380">
    <ele>1635.0</ele>
    <time>2022-08-23T01:25:11Z</time>
   </trkpt>
   <trkpt lat="39.6801460" lon="-104.9595360">
    <ele>1635.0</ele>
    <time>2022-08-23T01:25:12Z</time>
   </trkpt>
   <trkpt lat="39.6801750" lon="-104.9595390">
    <ele>1635.0</ele>
    <time>2022-08-23T01:25:13Z</time>
   </trkpt>
   <trkpt lat="39.6801860" lon="-104.9595380">
    <ele>1635.0</ele>
    <time>2022-08-23T01:25:14Z</time>
   </trkpt>
   <trkpt lat="39.6801980" lon="-104.9595350">
    <ele>1635.0</ele>
    <time>2022-08-23T01:25:15Z</time>
   </trkpt>
   <trkpt lat="39.6802160" lon="-104.9595270">
    <ele>1634.9</ele>
    <time>2022-08-23T01:25:16Z</time>
   </trkpt>
   <trkpt lat="39.6802290" lon="-104.9595320">
    <ele>1634.9</ele>
    <time>2022-08-23T01:25:17Z</time>
   </trkpt>
   <trkpt lat="39.6802470" lon="-104.9595270">
    <ele>1634.9</ele>
    <time>2022-08-23T01:25:18Z</time>
   </trkpt>
   <trkpt lat="39.6802610" lon="-104.9595310">
    <ele>1634.9</ele>
    <time>2022-08-23T01:25:19Z</time>
   </trkpt>
   <trkpt lat="39.6802770" lon="-104.9595260">
    <ele>1634.5</ele>
    <time>2022-08-23T01:25:20Z</time>
   </trkpt>
   <trkpt lat="39.6802900" lon="-104.9595200">
    <ele>1634.5</ele>
    <time>2022-08-23T01:25:21Z</time>
   </trkpt>
   <trkpt lat="39.6803040" lon="-104.9595190">
    <ele>1634.5</ele>
    <time>2022-08-23T01:25:22Z</time>
   </trkpt>
   <trkpt lat="39.6803220" lon="-104.9595110">
    <ele>1634.5</ele>
    <time>2022-08-23T01:25:23Z</time>
   </trkpt>
   <trkpt lat="39.6803310" lon="-104.9595050">
    <ele>1634.5</ele>
    <time>2022-08-23T01:25:24Z</time>
   </trkpt>
   <trkpt lat="39.6803390" lon="-104.9594990">
    <ele>1634.5</ele>
    <time>2022-08-23T01:25:25Z</time>
   </trkpt>
   <trkpt lat="39.6803480" lon="-104.9594940">
    <ele>1634.5</ele>
    <time>2022-08-23T01:25:26Z</time>
   </trkpt>
   <trkpt lat="39.6803570" lon="-104.9594880">
    <ele>1634.5</ele>
    <time>2022-08-23T01:25:27Z</time>
   </trkpt>
   <trkpt lat="39.6803550" lon="-104.9594790">
    <ele>1634.5</ele>
    <time>2022-08-23T01:25:28Z</time>
   </trkpt>
   <trkpt lat="39.6803210" lon="-104.9594930">
    <ele>1634.6</ele>
    <time>2022-08-23T01:25:29Z</time>
   </trkpt>
   <trkpt lat="39.6803190" lon="-104.9594820">
    <ele>1634.6</ele>
    <time>2022-08-23T01:25:30Z</time>
   </trkpt>
   <trkpt lat="39.6803190" lon="-104.9594800">
    <ele>1634.6</ele>
    <time>2022-08-23T01:25:31Z</time>
   </trkpt>
   <trkpt lat="39.6803190" lon="-104.9594790">
    <ele>1634.6</ele>
    <time>2022-08-23T01:25:32Z</time>
   </trkpt>
   <trkpt lat="39.6803180" lon="-104.9594770">
    <ele>1634.6</ele>
    <time>2022-08-23T01:25:33Z</time>
   </trkpt>
   <trkpt lat="39.6803180" lon="-104.9594750">
    <ele>1634.6</ele>
    <time>2022-08-23T01:25:34Z</time>
   </trkpt>
   <trkpt lat="39.6803180" lon="-104.9594730">
    <ele>1634.6</ele>
    <time>2022-08-23T01:25:35Z</time>
   </trkpt>
   <trkpt lat="39.6803170" lon="-104.9594720">
    <ele>1634.6</ele>
    <time>2022-08-23T01:25:36Z</time>
   </trkpt>
   <trkpt lat="39.6803170" lon="-104.9594700">
    <ele>1634.6</ele>
    <time>2022-08-23T01:25:37Z</time>
   </trkpt>
   <trkpt lat="39.6803170" lon="-104.9594680">
    <ele>1634.6</ele>
    <time>2022-08-23T01:25:38Z</time>
   </trkpt>
   <trkpt lat="39.6803170" lon="-104.9594660">
    <ele>1634.6</ele>
    <time>2022-08-23T01:25:39Z</time>
   </trkpt>
   <trkpt lat="39.6803160" lon="-104.9594650">
    <ele>1634.6</ele>
    <time>2022-08-23T01:25:40Z</time>
   </trkpt>
   <trkpt lat="39.6803160" lon="-104.9594630">
    <ele>1634.6</ele>
    <time>2022-08-23T01:25:41Z</time>
   </trkpt>
   <trkpt lat="39.6803160" lon="-104.9594610">
    <ele>1634.6</ele>
    <time>2022-08-23T01:25:42Z</time>
   </trkpt>
   <trkpt lat="39.6803160" lon="-104.9594590">
    <ele>1634.6</ele>
    <time>2022-08-23T01:25:43Z</time>
   </trkpt>
   <trkpt lat="39.6803150" lon="-104.9594580">
    <ele>1634.6</ele>
    <time>2022-08-23T01:25:44Z</time>
   </trkpt>
   <trkpt lat="39.6803150" lon="-104.9594560">
    <ele>1634.6</ele>
    <time>2022-08-23T01:25:45Z</time>
   </trkpt>
   <trkpt lat="39.6803150" lon="-104.9594540">
    <ele>1634.6</ele>
    <time>2022-08-23T01:25:46Z</time>
   </trkpt>
   <trkpt lat="39.6803150" lon="-104.9594520">
    <ele>1634.6</ele>
    <time>2022-08-23T01:25:47Z</time>
   </trkpt>
   <trkpt lat="39.6803140" lon="-104.9594500">
    <ele>1634.6</ele>
    <time>2022-08-23T01:25:48Z</time>
   </trkpt>
   <trkpt lat="39.6803140" lon="-104.9594490">
    <ele>1634.6</ele>
    <time>2022-08-23T01:25:49Z</time>
   </trkpt>
   <trkpt lat="39.6803140" lon="-104.9594470">
    <ele>1634.6</ele>
    <time>2022-08-23T01:25:50Z</time>
   </trkpt>
   <trkpt lat="39.6803140" lon="-104.9594450">
    <ele>1634.6</ele>
    <time>2022-08-23T01:25:51Z</time>
   </trkpt>
   <trkpt lat="39.6803130" lon="-104.9594430">
    <ele>1634.6</ele>
    <time>2022-08-23T01:25:52Z</time>
   </trkpt>
   <trkpt lat="39.6803130" lon="-104.9594420">
    <ele>1634.6</ele>
    <time>2022-08-23T01:25:53Z</time>
   </trkpt>
   <trkpt lat="39.6803130" lon="-104.9594400">
    <ele>1634.6</ele>
    <time>2022-08-23T01:25:54Z</time>
   </trkpt>
   <trkpt lat="39.6803120" lon="-104.9594380">
    <ele>1634.6</ele>
    <time>2022-08-23T01:25:55Z</time>
   </trkpt>
   <trkpt lat="39.6803120" lon="-104.9594360">
    <ele>1634.6</ele>
    <time>2022-08-23T01:25:56Z</time>
   </trkpt>
   <trkpt lat="39.6803120" lon="-104.9594350">
    <ele>1634.6</ele>
    <time>2022-08-23T01:25:57Z</time>
   </trkpt>
   <trkpt lat="39.6803120" lon="-104.9594330">
    <ele>1634.6</ele>
    <time>2022-08-23T01:25:58Z</time>
   </trkpt>
   <trkpt lat="39.6803110" lon="-104.9594310">
    <ele>1634.6</ele>
    <time>2022-08-23T01:25:59Z</time>
   </trkpt>
   <trkpt lat="39.6803110" lon="-104.9594290">
    <ele>1634.6</ele>
    <time>2022-08-23T01:26:00Z</time>
   </trkpt>
   <trkpt lat="39.6803110" lon="-104.9594280">
    <ele>1634.6</ele>
    <time>2022-08-23T01:26:01Z</time>
   </trkpt>
   <trkpt lat="39.6803110" lon="-104.9594260">
    <ele>1634.6</ele>
    <time>2022-08-23T01:26:02Z</time>
   </trkpt>
   <trkpt lat="39.6803100" lon="-104.9594240">
    <ele>1634.6</ele>
    <time>2022-08-23T01:26:03Z</time>
   </trkpt>
   <trkpt lat="39.6803100" lon="-104.9594220">
    <ele>1634.6</ele>
    <time>2022-08-23T01:26:04Z</time>
   </trkpt>
   <trkpt lat="39.6803100" lon="-104.9594210">
    <ele>1634.6</ele>
    <time>2022-08-23T01:26:05Z</time>
   </trkpt>
   <trkpt lat="39.6803100" lon="-104.9594190">
    <ele>1634.6</ele>
    <time>2022-08-23T01:26:06Z</time>
   </trkpt>
   <trkpt lat="39.6803090" lon="-104.9594170">
    <ele>1634.6</ele>
    <time>2022-08-23T01:26:07Z</time>
   </trkpt>
   <trkpt lat="39.6803090" lon="-104.9594150">
    <ele>1634.6</ele>
    <time>2022-08-23T01:26:08Z</time>
   </trkpt>
   <trkpt lat="39.6803090" lon="-104.9594140">
    <ele>1634.6</ele>
    <time>2022-08-23T01:26:09Z</time>
   </trkpt>
   <trkpt lat="39.6803090" lon="-104.9594120">
    <ele>1634.6</ele>
    <time>2022-08-23T01:26:10Z</time>
   </trkpt>
   <trkpt lat="39.6803080" lon="-104.9594100">
    <ele>1634.6</ele>
    <time>2022-08-23T01:26:11Z</time>
   </trkpt>
   <trkpt lat="39.6803080" lon="-104.9594080">
    <ele>1634.6</ele>
    <time>2022-08-23T01:26:12Z</time>
   </trkpt>
   <trkpt lat="39.6803080" lon="-104.9594060">
    <ele>1634.6</ele>
    <time>2022-08-23T01:26:13Z</time>
   </trkpt>
   <trkpt lat="39.6803070" lon="-104.9594050">
    <ele>1634.6</ele>
    <time>2022-08-23T01:26:14Z</time>
   </trkpt>
   <trkpt lat="39.6803070" lon="-104.9594030">
    <ele>1634.6</ele>
    <time>2022-08-23T01:26:15Z</time>
   </trkpt>
   <trkpt lat="39.6803070" lon="-104.9594010">
    <ele>1634.6</ele>
    <time>2022-08-23T01:26:16Z</time>
   </trkpt>
   <trkpt lat="39.6803070" lon="-104.9593990">
    <ele>1634.6</ele>
    <time>2022-08-23T01:26:17Z</time>
   </trkpt>
   <trkpt lat="39.6803060" lon="-104.9593980">
    <ele>1634.6</ele>
    <time>2022-08-23T01:26:18Z</time>
   </trkpt>
   <trkpt lat="39.6803060" lon="-104.9593960">
    <ele>1634.6</ele>
    <time>2022-08-23T01:26:19Z</time>
   </trkpt>
   <trkpt lat="39.6803060" lon="-104.9593940">
    <ele>1634.6</ele>
    <time>2022-08-23T01:26:20Z</time>
   </trkpt>
   <trkpt lat="39.6803060" lon="-104.9593920">
    <ele>1634.6</ele>
    <time>2022-08-23T01:26:21Z</time>
   </trkpt>
   <trkpt lat="39.6803050" lon="-104.9593910">
    <ele>1634.6</ele>
    <time>2022-08-23T01:26:22Z</time>
   </trkpt>
   <trkpt lat="39.6803050" lon="-104.9593890">
    <ele>1634.6</ele>
    <time>2022-08-23T01:26:23Z</time>
   </trkpt>
   <trkpt lat="39.6803050" lon="-104.9593870">
    <ele>1634.6</ele>
    <time>2022-08-23T01:26:24Z</time>
   </trkpt>
   <trkpt lat="39.6803050" lon="-104.9593850">
    <ele>1634.6</ele>
    <time>2022-08-23T01:26:25Z</time>
   </trkpt>
   <trkpt lat="39.6803040" lon="-104.9593840">
    <ele>1634.6</ele>
    <time>2022-08-23T01:26:26Z</time>
   </trkpt>
   <trkpt lat="39.6803040" lon="-104.9593820">
    <ele>1634.6</ele>
    <time>2022-08-23T01:26:27Z</time>
   </trkpt>
   <trkpt lat="39.6803040" lon="-104.9593800">
    <ele>1634.6</ele>
    <time>2022-08-23T01:26:28Z</time>
   </trkpt>
   <trkpt lat="39.6803040" lon="-104.9593780">
    <ele>1634.6</ele>
    <time>2022-08-23T01:26:29Z</time>
   </trkpt>
   <trkpt lat="39.6803030" lon="-104.9593770">
    <ele>1634.6</ele>
    <time>2022-08-23T01:26:30Z</time>
   </trkpt>
   <trkpt lat="39.6802950" lon="-104.9593410">
    <ele>1634.7</ele>
    <time>2022-08-23T01:26:31Z</time>
   </trkpt>
   <trkpt lat="39.6802920" lon="-104.9593300">
    <ele>1634.7</ele>
    <time>2022-08-23T01:26:32Z</time>
   </trkpt>
   <trkpt lat="39.6803020" lon="-104.9593050">
    <ele>1634.7</ele>
    <time>2022-08-23T01:26:33Z</time>
   </trkpt>
   <trkpt lat="39.6803060" lon="-104.9592950">
    <ele>1634.8</ele>
    <time>2022-08-23T01:26:34Z</time>
   </trkpt>
   <trkpt lat="39.6803090" lon="-104.9592840">
    <ele>1634.8</ele>
    <time>2022-08-23T01:26:35Z</time>
   </trkpt>
   <trkpt lat="39.6803190" lon="-104.9592710">
    <ele>1634.8</ele>
    <time>2022-08-23T01:26:36Z</time>
   </trkpt>
   <trkpt lat="39.6803200" lon="-104.9592630">
    <ele>1634.8</ele>
    <time>2022-08-23T01:26:37Z</time>
   </trkpt>
   <trkpt lat="39.6803260" lon="-104.9592530">
    <ele>1634.8</ele>
    <time>2022-08-23T01:26:38Z</time>
   </trkpt>
   <trkpt lat="39.6803290" lon="-104.9592250">
    <ele>1634.9</ele>
    <time>2022-08-23T01:26:39Z</time>
   </trkpt>
   <trkpt lat="39.6803300" lon="-104.9592150">
    <ele>1634.9</ele>
    <time>2022-08-23T01:26:40Z</time>
   </trkpt>
   <trkpt lat="39.6803300" lon="-104.9592060">
    <ele>1634.9</ele>
    <time>2022-08-23T01:26:41Z</time>
   </trkpt>
   <trkpt lat="39.6803290" lon="-104.9591960">
    <ele>1635.0</ele>
    <time>2022-08-23T01:26:42Z</time>
   </trkpt>
   <trkpt lat="39.6803310" lon="-104.9591810">
    <ele>1635.0</ele>
    <time>2022-08-23T01:26:43Z</time>
   </trkpt>
   <trkpt lat="39.6803320" lon="-104.9591630">
    <ele>1635.0</ele>
    <time>2022-08-23T01:26:44Z</time>
   </trkpt>
   <trkpt lat="39.6803350" lon="-104.9591440">
    <ele>1635.1</ele>
    <time>2022-08-23T01:26:45Z</time>
   </trkpt>
   <trkpt lat="39.6803320" lon="-104.9591240">
    <ele>1635.1</ele>
    <time>2022-08-23T01:26:46Z</time>
   </trkpt>
   <trkpt lat="39.6803300" lon="-104.9590980">
    <ele>1635.1</ele>
    <time>2022-08-23T01:26:47Z</time>
   </trkpt>
   <trkpt lat="39.6803320" lon="-104.9590870">
    <ele>1635.2</ele>
    <time>2022-08-23T01:26:48Z</time>
   </trkpt>
   <trkpt lat="39.6803330" lon="-104.9590750">
    <ele>1635.2</ele>
    <time>2022-08-23T01:26:49Z</time>
   </trkpt>
   <trkpt lat="39.6803360" lon="-104.9590500">
    <ele>1635.2</ele>
    <time>2022-08-23T01:26:50Z</time>
   </trkpt>
   <trkpt lat="39.6803380" lon="-104.9590400">
    <ele>1635.2</ele>
    <time>2022-08-23T01:26:51Z</time>
   </trkpt>
   <trkpt lat="39.6803400" lon="-104.9590290">
    <ele>1635.3</ele>
    <time>2022-08-23T01:26:52Z</time>
   </trkpt>
   <trkpt lat="39.6803330" lon="-104.9590100">
    <ele>1635.3</ele>
    <time>2022-08-23T01:26:53Z</time>
   </trkpt>
   <trkpt lat="39.6803370" lon="-104.9589870">
    <ele>1635.3</ele>
    <time>2022-08-23T01:26:54Z</time>
   </trkpt>
   <trkpt lat="39.6803410" lon="-104.9589800">
    <ele>1635.3</ele>
    <time>2022-08-23T01:26:56Z</time>
   </trkpt>
   <trkpt lat="39.6803430" lon="-104.9589610">
    <ele>1635.4</ele>
    <time>2022-08-23T01:26:57Z</time>
   </trkpt>
   <trkpt lat="39.6803470" lon="-104.9589430">
    <ele>1635.4</ele>
    <time>2022-08-23T01:26:58Z</time>
   </trkpt>
   <trkpt lat="39.6803830" lon="-104.9589320">
    <ele>1635.5</ele>
    <time>2022-08-23T01:26:59Z</time>
   </trkpt>
   <trkpt lat="39.6803560" lon="-104.9589110">
    <ele>1635.5</ele>
    <time>2022-08-23T01:27:00Z</time>
   </trkpt>
   <trkpt lat="39.6803610" lon="-104.9588940">
    <ele>1635.5</ele>
    <time>2022-08-23T01:27:01Z</time>
   </trkpt>
   <trkpt lat="39.6803590" lon="-104.9588730">
    <ele>1635.5</ele>
    <time>2022-08-23T01:27:02Z</time>
   </trkpt>
   <trkpt lat="39.6803600" lon="-104.9588570">
    <ele>1635.6</ele>
    <time>2022-08-23T01:27:03Z</time>
   </trkpt>
   <trkpt lat="39.6803530" lon="-104.9588340">
    <ele>1635.6</ele>
    <time>2022-08-23T01:27:04Z</time>
   </trkpt>
   <trkpt lat="39.6803530" lon="-104.9588150">
    <ele>1635.6</ele>
    <time>2022-08-23T01:27:05Z</time>
   </trkpt>
   <trkpt lat="39.6803600" lon="-104.9587980">
    <ele>1635.6</ele>
    <time>2022-08-23T01:27:06Z</time>
   </trkpt>
   <trkpt lat="39.6803660" lon="-104.9587910">
    <ele>1635.6</ele>
    <time>2022-08-23T01:27:07Z</time>
   </trkpt>
   <trkpt lat="39.6803630" lon="-104.9587750">
    <ele>1635.6</ele>
    <time>2022-08-23T01:27:08Z</time>
   </trkpt>
   <trkpt lat="39.6803610" lon="-104.9587630">
    <ele>1635.6</ele>
    <time>2022-08-23T01:27:09Z</time>
   </trkpt>
   <trkpt lat="39.6803660" lon="-104.9587380">
    <ele>1635.6</ele>
    <time>2022-08-23T01:27:10Z</time>
   </trkpt>
   <trkpt lat="39.6803680" lon="-104.9587200">
    <ele>1635.6</ele>
    <time>2022-08-23T01:27:11Z</time>
   </trkpt>
   <trkpt lat="39.6803690" lon="-104.9587000">
    <ele>1635.7</ele>
    <time>2022-08-23T01:27:12Z</time>
   </trkpt>
   <trkpt lat="39.6803690" lon="-104.9586780">
    <ele>1635.7</ele>
    <time>2022-08-23T01:27:13Z</time>
   </trkpt>
   <trkpt lat="39.6803690" lon="-104.9586580">
    <ele>1635.7</ele>
    <time>2022-08-23T01:27:14Z</time>
   </trkpt>
   <trkpt lat="39.6803750" lon="-104.9586570">
    <ele>1635.7</ele>
    <time>2022-08-23T01:27:15Z</time>
   </trkpt>
   <trkpt lat="39.6803860" lon="-104.9586550">
    <ele>1635.7</ele>
    <time>2022-08-23T01:27:16Z</time>
   </trkpt>
   <trkpt lat="39.6803960" lon="-104.9586540">
    <ele>1635.6</ele>
    <time>2022-08-23T01:27:17Z</time>
   </trkpt>
   <trkpt lat="39.6804020" lon="-104.9586510">
    <ele>1635.6</ele>
    <time>2022-08-23T01:27:18Z</time>
   </trkpt>
   <trkpt lat="39.6804170" lon="-104.9586540">
    <ele>1635.6</ele>
    <time>2022-08-23T01:27:19Z</time>
   </trkpt>
   <trkpt lat="39.6804250" lon="-104.9586600">
    <ele>1635.6</ele>
    <time>2022-08-23T01:27:20Z</time>
   </trkpt>
   <trkpt lat="39.6804380" lon="-104.9586690">
    <ele>1635.6</ele>
    <time>2022-08-23T01:27:21Z</time>
   </trkpt>
   <trkpt lat="39.6804540" lon="-104.9586740">
    <ele>1635.6</ele>
    <time>2022-08-23T01:27:22Z</time>
   </trkpt>
   <trkpt lat="39.6804660" lon="-104.9586670">
    <ele>1635.5</ele>
    <time>2022-08-23T01:27:23Z</time>
   </trkpt>
   <trkpt lat="39.6804840" lon="-104.9586660">
    <ele>1635.5</ele>
    <time>2022-08-23T01:27:24Z</time>
   </trkpt>
   <trkpt lat="39.6805130" lon="-104.9586670">
    <ele>1635.5</ele>
    <time>2022-08-23T01:27:25Z</time>
   </trkpt>
   <trkpt lat="39.6805230" lon="-104.9586660">
    <ele>1635.5</ele>
    <time>2022-08-23T01:27:26Z</time>
   </trkpt>
   <trkpt lat="39.6805560" lon="-104.9586550">
    <ele>1635.4</ele>
    <time>2022-08-23T01:27:27Z</time>
   </trkpt>
   <trkpt lat="39.6805630" lon="-104.9586510">
    <ele>1635.4</ele>
    <time>2022-08-23T01:27:28Z</time>
   </trkpt>
   <trkpt lat="39.6805950" lon="-104.9586460">
    <ele>1635.4</ele>
    <time>2022-08-23T01:27:29Z</time>
   </trkpt>
   <trkpt lat="39.6806040" lon="-104.9586420">
    <ele>1635.3</ele>
    <time>2022-08-23T01:27:30Z</time>
   </trkpt>
   <trkpt lat="39.6806190" lon="-104.9586430">
    <ele>1635.3</ele>
    <time>2022-08-23T01:27:31Z</time>
   </trkpt>
   <trkpt lat="39.6806320" lon="-104.9586450">
    <ele>1635.3</ele>
    <time>2022-08-23T01:27:32Z</time>
   </trkpt>
   <trkpt lat="39.6806370" lon="-104.9586470">
    <ele>1635.3</ele>
    <time>2022-08-23T01:27:33Z</time>
   </trkpt>
   <trkpt lat="39.6806590" lon="-104.9586530">
    <ele>1635.3</ele>
    <time>2022-08-23T01:27:34Z</time>
   </trkpt>
   <trkpt lat="39.6806790" lon="-104.9586500">
    <ele>1635.3</ele>
    <time>2022-08-23T01:27:35Z</time>
   </trkpt>
   <trkpt lat="39.6806790" lon="-104.9586520">
    <ele>1635.3</ele>
    <time>2022-08-23T01:27:36Z</time>
   </trkpt>
   <trkpt lat="39.6806920" lon="-104.9586670">
    <ele>1635.3</ele>
    <time>2022-08-23T01:27:37Z</time>
   </trkpt>
   <trkpt lat="39.6807140" lon="-104.9586660">
    <ele>1635.3</ele>
    <time>2022-08-23T01:27:38Z</time>
   </trkpt>
   <trkpt lat="39.6807230" lon="-104.9586660">
    <ele>1635.3</ele>
    <time>2022-08-23T01:27:39Z</time>
   </trkpt>
   <trkpt lat="39.6807320" lon="-104.9586660">
    <ele>1635.2</ele>
    <time>2022-08-23T01:27:40Z</time>
   </trkpt>
   <trkpt lat="39.6807550" lon="-104.9586690">
    <ele>1635.2</ele>
    <time>2022-08-23T01:27:41Z</time>
   </trkpt>
   <trkpt lat="39.6807610" lon="-104.9586810">
    <ele>1635.2</ele>
    <time>2022-08-23T01:27:42Z</time>
   </trkpt>
   <trkpt lat="39.6807900" lon="-104.9586780">
    <ele>1635.2</ele>
    <time>2022-08-23T01:27:43Z</time>
   </trkpt>
   <trkpt lat="39.6807980" lon="-104.9586730">
    <ele>1635.2</ele>
    <time>2022-08-23T01:27:44Z</time>
   </trkpt>
   <trkpt lat="39.6808200" lon="-104.9586710">
    <ele>1635.1</ele>
    <time>2022-08-23T01:27:45Z</time>
   </trkpt>
   <trkpt lat="39.6808270" lon="-104.9586690">
    <ele>1635.1</ele>
    <time>2022-08-23T01:27:46Z</time>
   </trkpt>
   <trkpt lat="39.6808450" lon="-104.9586660">
    <ele>1635.1</ele>
    <time>2022-08-23T01:27:47Z</time>
   </trkpt>
   <trkpt lat="39.6808530" lon="-104.9586600">
    <ele>1635.1</ele>
    <time>2022-08-23T01:27:48Z</time>
   </trkpt>
   <trkpt lat="39.6808620" lon="-104.9586550">
    <ele>1635.1</ele>
    <time>2022-08-23T01:27:49Z</time>
   </trkpt>
   <trkpt lat="39.6808660" lon="-104.9586480">
    <ele>1635.1</ele>
    <time>2022-08-23T01:27:50Z</time>
   </trkpt>
   <trkpt lat="39.6808750" lon="-104.9586510">
    <ele>1635.1</ele>
    <time>2022-08-23T01:27:51Z</time>
   </trkpt>
   <trkpt lat="39.6808820" lon="-104.9586540">
    <ele>1635.1</ele>
    <time>2022-08-23T01:27:52Z</time>
   </trkpt>
   <trkpt lat="39.6808920" lon="-104.9586490">
    <ele>1635.1</ele>
    <time>2022-08-23T01:27:53Z</time>
   </trkpt>
   <trkpt lat="39.6809010" lon="-104.9586490">
    <ele>1635.1</ele>
    <time>2022-08-23T01:27:54Z</time>
   </trkpt>
   <trkpt lat="39.6809210" lon="-104.9586540">
    <ele>1635.0</ele>
    <time>2022-08-23T01:27:55Z</time>
   </trkpt>
   <trkpt lat="39.6809390" lon="-104.9586690">
    <ele>1635.0</ele>
    <time>2022-08-23T01:27:56Z</time>
   </trkpt>
   <trkpt lat="39.6809510" lon="-104.9586800">
    <ele>1635.0</ele>
    <time>2022-08-23T01:27:57Z</time>
   </trkpt>
   <trkpt lat="39.6809670" lon="-104.9586810">
    <ele>1635.0</ele>
    <time>2022-08-23T01:27:58Z</time>
   </trkpt>
   <trkpt lat="39.6809830" lon="-104.9586840">
    <ele>1635.0</ele>
    <time>2022-08-23T01:27:59Z</time>
   </trkpt>
   <trkpt lat="39.6809980" lon="-104.9586970">
    <ele>1635.0</ele>
    <time>2022-08-23T01:28:00Z</time>
   </trkpt>
   <trkpt lat="39.6810030" lon="-104.9587070">
    <ele>1635.0</ele>
    <time>2022-08-23T01:28:01Z</time>
   </trkpt>
   <trkpt lat="39.6810090" lon="-104.9587170">
    <ele>1635.0</ele>
    <time>2022-08-23T01:28:02Z</time>
   </trkpt>
   <trkpt lat="39.6810230" lon="-104.9587160">
    <ele>1635.0</ele>
    <time>2022-08-23T01:28:03Z</time>
   </trkpt>
   <trkpt lat="39.6810390" lon="-104.9587130">
    <ele>1635.0</ele>
    <time>2022-08-23T01:28:04Z</time>
   </trkpt>
   <trkpt lat="39.6810500" lon="-104.9587190">
    <ele>1635.0</ele>
    <time>2022-08-23T01:28:05Z</time>
   </trkpt>
   <trkpt lat="39.6810670" lon="-104.9587240">
    <ele>1635.0</ele>
    <time>2022-08-23T01:28:06Z</time>
   </trkpt>
   <trkpt lat="39.6810800" lon="-104.9587290">
    <ele>1634.9</ele>
    <time>2022-08-23T01:28:07Z</time>
   </trkpt>
   <trkpt lat="39.6811010" lon="-104.9587370">
    <ele>1634.9</ele>
    <time>2022-08-23T01:28:08Z</time>
   </trkpt>
   <trkpt lat="39.6811350" lon="-104.9587460">
    <ele>1634.9</ele>
    <time>2022-08-23T01:28:09Z</time>
   </trkpt>
   <trkpt lat="39.6811420" lon="-104.9587470">
    <ele>1634.9</ele>
    <time>2022-08-23T01:28:10Z</time>
   </trkpt>
   <trkpt lat="39.6811570" lon="-104.9587450">
    <ele>1634.9</ele>
    <time>2022-08-23T01:28:11Z</time>
   </trkpt>
   <trkpt lat="39.6811640" lon="-104.9587550">
    <ele>1634.9</ele>
    <time>2022-08-23T01:28:12Z</time>
   </trkpt>
   <trkpt lat="39.6811690" lon="-104.9587770">
    <ele>1634.9</ele>
    <time>2022-08-23T01:28:13Z</time>
   </trkpt>
   <trkpt lat="39.6811720" lon="-104.9587890">
    <ele>1634.9</ele>
    <time>2022-08-23T01:28:14Z</time>
   </trkpt>
   <trkpt lat="39.6811770" lon="-104.9587960">
    <ele>1634.9</ele>
    <time>2022-08-23T01:28:15Z</time>
   </trkpt>
   <trkpt lat="39.6811820" lon="-104.9588030">
    <ele>1634.9</ele>
    <time>2022-08-23T01:28:16Z</time>
   </trkpt>
   <trkpt lat="39.6811870" lon="-104.9588090">
    <ele>1634.9</ele>
    <time>2022-08-23T01:28:17Z</time>
   </trkpt>
   <trkpt lat="39.6811920" lon="-104.9588160">
    <ele>1634.9</ele>
    <time>2022-08-23T01:28:18Z</time>
   </trkpt>
   <trkpt lat="39.6812040" lon="-104.9588190">
    <ele>1634.9</ele>
    <time>2022-08-23T01:28:19Z</time>
   </trkpt>
   <trkpt lat="39.6812130" lon="-104.9588220">
    <ele>1634.8</ele>
    <time>2022-08-23T01:28:20Z</time>
   </trkpt>
   <trkpt lat="39.6812200" lon="-104.9588340">
    <ele>1634.8</ele>
    <time>2022-08-23T01:28:21Z</time>
   </trkpt>
   <trkpt lat="39.6812260" lon="-104.9588360">
    <ele>1634.8</ele>
    <time>2022-08-23T01:28:22Z</time>
   </trkpt>
   <trkpt lat="39.6812280" lon="-104.9588440">
    <ele>1634.8</ele>
    <time>2022-08-23T01:28:23Z</time>
   </trkpt>
   <trkpt lat="39.6812420" lon="-104.9588470">
    <ele>1634.8</ele>
    <time>2022-08-23T01:28:24Z</time>
   </trkpt>
   <trkpt lat="39.6812490" lon="-104.9588510">
    <ele>1634.8</ele>
    <time>2022-08-23T01:28:25Z</time>
   </trkpt>
   <trkpt lat="39.6812550" lon="-104.9588670">
    <ele>1634.8</ele>
    <time>2022-08-23T01:28:26Z</time>
   </trkpt>
   <trkpt lat="39.6812650" lon="-104.9588830">
    <ele>1634.8</ele>
    <time>2022-08-23T01:28:27Z</time>
   </trkpt>
   <trkpt lat="39.6812840" lon="-104.9588800">
    <ele>1634.8</ele>
    <time>2022-08-23T01:28:28Z</time>
   </trkpt>
   <trkpt lat="39.6812940" lon="-104.9588800">
    <ele>1634.8</ele>
    <time>2022-08-23T01:28:29Z</time>
   </trkpt>
   <trkpt lat="39.6813040" lon="-104.9588800">
    <ele>1634.8</ele>
    <time>2022-08-23T01:28:30Z</time>
   </trkpt>
   <trkpt lat="39.6813160" lon="-104.9588800">
    <ele>1634.8</ele>
    <time>2022-08-23T01:28:31Z</time>
   </trkpt>
   <trkpt lat="39.6813260" lon="-104.9588830">
    <ele>1634.8</ele>
    <time>2022-08-23T01:28:32Z</time>
   </trkpt>
   <trkpt lat="39.6813270" lon="-104.9588800">
    <ele>1634.8</ele>
    <time>2022-08-23T01:28:33Z</time>
   </trkpt>
   <trkpt lat="39.6813360" lon="-104.9588870">
    <ele>1634.7</ele>
    <time>2022-08-23T01:28:34Z</time>
   </trkpt>
   <trkpt lat="39.6813470" lon="-104.9588850">
    <ele>1634.7</ele>
    <time>2022-08-23T01:28:35Z</time>
   </trkpt>
   <trkpt lat="39.6813520" lon="-104.9588790">
    <ele>1634.7</ele>
    <time>2022-08-23T01:28:36Z</time>
   </trkpt>
   <trkpt lat="39.6813570" lon="-104.9588730">
    <ele>1634.7</ele>
    <time>2022-08-23T01:28:37Z</time>
   </trkpt>
   <trkpt lat="39.6813610" lon="-104.9588670">
    <ele>1634.7</ele>
    <time>2022-08-23T01:28:38Z</time>
   </trkpt>
   <trkpt lat="39.6813660" lon="-104.9588610">
    <ele>1634.7</ele>
    <time>2022-08-23T01:28:39Z</time>
   </trkpt>
   <trkpt lat="39.6813700" lon="-104.9588560">
    <ele>1634.7</ele>
    <time>2022-08-23T01:28:40Z</time>
   </trkpt>
   <trkpt lat="39.6813750" lon="-104.9588500">
    <ele>1634.7</ele>
    <time>2022-08-23T01:28:41Z</time>
   </trkpt>
   <trkpt lat="39.6813800" lon="-104.9588440">
    <ele>1634.7</ele>
    <time>2022-08-23T01:28:42Z</time>
   </trkpt>
   <trkpt lat="39.6813840" lon="-104.9588380">
    <ele>1634.7</ele>
    <time>2022-08-23T01:28:43Z</time>
   </trkpt>
   <trkpt lat="39.6813890" lon="-104.9588320">
    <ele>1634.7</ele>
    <time>2022-08-23T01:28:44Z</time>
   </trkpt>
   <trkpt lat="39.6813940" lon="-104.9588260">
    <ele>1634.7</ele>
    <time>2022-08-23T01:28:45Z</time>
   </trkpt>
   <trkpt lat="39.6813980" lon="-104.9588200">
    <ele>1634.7</ele>
    <time>2022-08-23T01:28:46Z</time>
   </trkpt>
   <trkpt lat="39.6814030" lon="-104.9588150">
    <ele>1634.7</ele>
    <time>2022-08-23T01:28:48Z</time>
   </trkpt>
   <trkpt lat="39.6814070" lon="-104.9588090">
    <ele>1634.7</ele>
    <time>2022-08-23T01:28:49Z</time>
   </trkpt>
   <trkpt lat="39.6814120" lon="-104.9588030">
    <ele>1634.7</ele>
    <time>2022-08-23T01:28:50Z</time>
   </trkpt>
   <trkpt lat="39.6814170" lon="-104.9587970">
    <ele>1634.7</ele>
    <time>2022-08-23T01:28:51Z</time>
   </trkpt>
   <trkpt lat="39.6814210" lon="-104.9587910">
    <ele>1634.7</ele>
    <time>2022-08-23T01:28:52Z</time>
   </trkpt>
   <trkpt lat="39.6814150" lon="-104.9587720">
    <ele>1634.7</ele>
    <time>2022-08-23T01:28:53Z</time>
   </trkpt>
   <trkpt lat="39.6814060" lon="-104.9587660">
    <ele>1634.7</ele>
    <time>2022-08-23T01:28:54Z</time>
   </trkpt>
   <trkpt lat="39.6813960" lon="-104.9587600">
    <ele>1634.7</ele>
    <time>2022-08-23T01:29:04Z</time>
   </trkpt>
   <trkpt lat="39.6813870" lon="-104.9587540">
    <ele>1634.7</ele>
    <time>2022-08-23T01:29:21Z</time>
   </trkpt>
   <trkpt lat="39.6813780" lon="-104.9587480">
    <ele>1634.7</ele>
    <time>2022-08-23T01:29:22Z</time>
   </trkpt>
   <trkpt lat="39.6813680" lon="-104.9587410">
    <ele>1634.7</ele>
    <time>2022-08-23T01:29:24Z</time>
   </trkpt>
   <trkpt lat="39.6813590" lon="-104.9587350">
    <ele>1634.8</ele>
    <time>2022-08-23T01:29:28Z</time>
   </trkpt>
   <trkpt lat="39.6813500" lon="-104.9587290">
    <ele>1634.8</ele>
    <time>2022-08-23T01:29:34Z</time>
   </trkpt>
   <trkpt lat="39.6813400" lon="-104.9587230">
    <ele>1634.8</ele>
    <time>2022-08-23T01:29:35Z</time>
   </trkpt>
   <trkpt lat="39.6813310" lon="-104.9587170">
    <ele>1634.8</ele>
    <time>2022-08-23T01:29:41Z</time>
   </trkpt>
   <trkpt lat="39.6813220" lon="-104.9587100">
    <ele>1634.8</ele>
    <time>2022-08-23T01:29:42Z</time>
   </trkpt>
   <trkpt lat="39.6813120" lon="-104.9587040">
    <ele>1634.8</ele>
    <time>2022-08-23T01:29:44Z</time>
   </trkpt>
   <trkpt lat="39.6813030" lon="-104.9586980">
    <ele>1634.8</ele>
    <time>2022-08-23T01:29:47Z</time>
   </trkpt>
   <trkpt lat="39.6812940" lon="-104.9586920">
    <ele>1634.8</ele>
    <time>2022-08-23T01:29:54Z</time>
   </trkpt>
   <trkpt lat="39.6812840" lon="-104.9586860">
    <ele>1634.8</ele>
    <time>2022-08-23T01:30:01Z</time>
   </trkpt>
   <trkpt lat="39.6812750" lon="-104.9586790">
    <ele>1634.8</ele>
    <time>2022-08-23T01:30:04Z</time>
   </trkpt>
   <trkpt lat="39.6812660" lon="-104.9586730">
    <ele>1634.8</ele>
    <time>2022-08-23T01:30:06Z</time>
   </trkpt>
   <trkpt lat="39.6812560" lon="-104.9586670">
    <ele>1634.8</ele>
    <time>2022-08-23T01:30:10Z</time>
   </trkpt>
   <trkpt lat="39.6812470" lon="-104.9586610">
    <ele>1634.8</ele>
    <time>2022-08-23T01:30:18Z</time>
   </trkpt>
   <trkpt lat="39.6812380" lon="-104.9586540">
    <ele>1634.8</ele>
    <time>2022-08-23T01:30:25Z</time>
   </trkpt>
   <trkpt lat="39.6812280" lon="-104.9586480">
    <ele>1634.8</ele>
    <time>2022-08-23T01:30:31Z</time>
   </trkpt>
   <trkpt lat="39.6812190" lon="-104.9586420">
    <ele>1634.8</ele>
    <time>2022-08-23T01:30:38Z</time>
   </trkpt>
   <trkpt lat="39.6812100" lon="-104.9586360">
    <ele>1634.8</ele>
    <time>2022-08-23T01:30:40Z</time>
   </trkpt>
   <trkpt lat="39.6812000" lon="-104.9586300">
    <ele>1634.8</ele>
    <time>2022-08-23T01:30:45Z</time>
   </trkpt>
   <trkpt lat="39.6811910" lon="-104.9586230">
    <ele>1634.8</ele>
    <time>2022-08-23T01:30:46Z</time>
   </trkpt>
   <trkpt lat="39.6811820" lon="-104.9586170">
    <ele>1634.8</ele>
    <time>2022-08-23T01:30:53Z</time>
   </trkpt>
   <trkpt lat="39.6811730" lon="-104.9586110">
    <ele>1634.8</ele>
    <time>2022-08-23T01:30:59Z</time>
   </trkpt>
   <trkpt lat="39.6811630" lon="-104.9586050">
    <ele>1634.8</ele>
    <time>2022-08-23T01:31:00Z</time>
   </trkpt>
   <trkpt lat="39.6811540" lon="-104.9585990">
    <ele>1634.8</ele>
    <time>2022-08-23T01:31:06Z</time>
   </trkpt>
   <trkpt lat="39.6811450" lon="-104.9585920">
    <ele>1634.8</ele>
    <time>2022-08-23T01:31:07Z</time>
   </trkpt>
   <trkpt lat="39.6811350" lon="-104.9585860">
    <ele>1634.8</ele>
    <time>2022-08-23T01:31:13Z</time>
   </trkpt>
   <trkpt lat="39.6811260" lon="-104.9585800">
    <ele>1634.8</ele>
    <time>2022-08-23T01:31:14Z</time>
   </trkpt>
   <trkpt lat="39.6811170" lon="-104.9585740">
    <ele>1634.8</ele>
    <time>2022-08-23T01:31:15Z</time>
   </trkpt>
   <trkpt lat="39.6811070" lon="-104.9585680">
    <ele>1634.8</ele>
    <time>2022-08-23T01:31:16Z</time>
   </trkpt>
   <trkpt lat="39.6810980" lon="-104.9585610">
    <ele>1634.8</ele>
    <time>2022-08-23T01:31:17Z</time>
   </trkpt>
   <trkpt lat="39.6810890" lon="-104.9585550">
    <ele>1634.8</ele>
    <time>2022-08-23T01:31:18Z</time>
   </trkpt>
   <trkpt lat="39.6810790" lon="-104.9585490">
    <ele>1634.8</ele>
    <time>2022-08-23T01:31:19Z</time>
   </trkpt>
   <trkpt lat="39.6810700" lon="-104.9585430">
    <ele>1634.8</ele>
    <time>2022-08-23T01:31:20Z</time>
   </trkpt>
   <trkpt lat="39.6810610" lon="-104.9585370">
    <ele>1634.8</ele>
    <time>2022-08-23T01:31:21Z</time>
   </trkpt>
   <trkpt lat="39.6810510" lon="-104.9585300">
    <ele>1634.9</ele>
    <time>2022-08-23T01:31:22Z</time>
   </trkpt>
   <trkpt lat="39.6810420" lon="-104.9585240">
    <ele>1634.9</ele>
    <time>2022-08-23T01:31:23Z</time>
   </trkpt>
   <trkpt lat="39.6810330" lon="-104.9585180">
    <ele>1634.9</ele>
    <time>2022-08-23T01:31:24Z</time>
   </trkpt>
   <trkpt lat="39.6810230" lon="-104.9585120">
    <ele>1634.9</ele>
    <time>2022-08-23T01:31:25Z</time>
   </trkpt>
   <trkpt lat="39.6810140" lon="-104.9585060">
    <ele>1634.9</ele>
    <time>2022-08-23T01:31:26Z</time>
   </trkpt>
   <trkpt lat="39.6810320" lon="-104.9585150">
    <ele>1634.9</ele>
    <time>2022-08-23T01:31:27Z</time>
   </trkpt>
   <trkpt lat="39.6810310" lon="-104.9585130">
    <ele>1634.9</ele>
    <time>2022-08-23T01:31:28Z</time>
   </trkpt>
   <trkpt lat="39.6810310" lon="-104.9585130">
    <ele>1634.9</ele>
    <time>2022-08-23T01:31:29Z</time>
   </trkpt>
   <trkpt lat="39.6809920" lon="-104.9585110">
    <ele>1634.9</ele>
    <time>2022-08-23T01:31:30Z</time>
   </trkpt>
   <trkpt lat="39.6809920" lon="-104.9585110">
    <ele>1634.9</ele>
    <time>2022-08-23T01:31:31Z</time>
   </trkpt>
   <trkpt lat="39.6809920" lon="-104.9585110">
    <ele>1634.9</ele>
    <time>2022-08-23T01:31:32Z</time>
   </trkpt>
   <trkpt lat="39.6809920" lon="-104.9585110">
    <ele>1634.9</ele>
    <time>2022-08-23T01:31:34Z</time>
   </trkpt>
   <trkpt lat="39.6809920" lon="-104.9585110">
    <ele>1634.9</ele>
    <time>2022-08-23T01:31:35Z</time>
   </trkpt>
   <trkpt lat="39.6809920" lon="-104.9585110">
    <ele>1634.9</ele>
    <time>2022-08-23T01:31:36Z</time>
   </trkpt>
   <trkpt lat="39.6809920" lon="-104.9585110">
    <ele>1634.9</ele>
    <time>2022-08-23T01:31:37Z</time>
   </trkpt>
   <trkpt lat="39.6809920" lon="-104.9585110">
    <ele>1634.9</ele>
    <time>2022-08-23T01:31:38Z</time>
   </trkpt>
   <trkpt lat="39.6809920" lon="-104.9585110">
    <ele>1634.9</ele>
    <time>2022-08-23T01:31:39Z</time>
   </trkpt>
   <trkpt lat="39.6809920" lon="-104.9585110">
    <ele>1634.9</ele>
    <time>2022-08-23T01:31:40Z</time>
   </trkpt>
   <trkpt lat="39.6809920" lon="-104.9585110">
    <ele>1634.9</ele>
    <time>2022-08-23T01:31:41Z</time>
   </trkpt>
   <trkpt lat="39.6809920" lon="-104.9585110">
    <ele>1634.9</ele>
    <time>2022-08-23T01:31:42Z</time>
   </trkpt>
   <trkpt lat="39.6809920" lon="-104.9585110">
    <ele>1634.9</ele>
    <time>2022-08-23T01:31:43Z</time>
   </trkpt>
   <trkpt lat="39.6809920" lon="-104.9585110">
    <ele>1634.9</ele>
    <time>2022-08-23T01:31:44Z</time>
   </trkpt>
   <trkpt lat="39.6809920" lon="-104.9585110">
    <ele>1634.9</ele>
    <time>2022-08-23T01:31:45Z</time>
   </trkpt>
   <trkpt lat="39.6809920" lon="-104.9585110">
    <ele>1634.9</ele>
    <time>2022-08-23T01:31:46Z</time>
   </trkpt>
   <trkpt lat="39.6809920" lon="-104.9585110">
    <ele>1634.9</ele>
    <time>2022-08-23T01:31:47Z</time>
   </trkpt>
   <trkpt lat="39.6809920" lon="-104.9585110">
    <ele>1634.9</ele>
    <time>2022-08-23T01:31:48Z</time>
   </trkpt>
   <trkpt lat="39.6809920" lon="-104.9585110">
    <ele>1634.9</ele>
    <time>2022-08-23T01:31:49Z</time>
   </trkpt>
   <trkpt lat="39.6809920" lon="-104.9585110">
    <ele>1634.9</ele>
    <time>2022-08-23T01:31:50Z</time>
   </trkpt>
   <trkpt lat="39.6809920" lon="-104.9585110">
    <ele>1634.9</ele>
    <time>2022-08-23T01:31:51Z</time>
   </trkpt>
   <trkpt lat="39.6809920" lon="-104.9585110">
    <ele>1634.9</ele>
    <time>2022-08-23T01:31:52Z</time>
   </trkpt>
   <trkpt lat="39.6809900" lon="-104.9584880">
    <ele>1634.9</ele>
    <time>2022-08-23T01:31:53Z</time>
   </trkpt>
   <trkpt lat="39.6809940" lon="-104.9584760">
    <ele>1634.9</ele>
    <time>2022-08-23T01:31:54Z</time>
   </trkpt>
   <trkpt lat="39.6809910" lon="-104.9584770">
    <ele>1634.9</ele>
    <time>2022-08-23T01:31:55Z</time>
   </trkpt>
   <trkpt lat="39.6809880" lon="-104.9584780">
    <ele>1634.9</ele>
    <time>2022-08-23T01:31:56Z</time>
   </trkpt>
   <trkpt lat="39.6809860" lon="-104.9584780">
    <ele>1634.9</ele>
    <time>2022-08-23T01:31:57Z</time>
   </trkpt>
   <trkpt lat="39.6809830" lon="-104.9584790">
    <ele>1634.9</ele>
    <time>2022-08-23T01:31:58Z</time>
   </trkpt>
   <trkpt lat="39.6809800" lon="-104.9584790">
    <ele>1634.9</ele>
    <time>2022-08-23T01:31:59Z</time>
   </trkpt>
   <trkpt lat="39.6809780" lon="-104.9584800">
    <ele>1634.9</ele>
    <time>2022-08-23T01:32:00Z</time>
   </trkpt>
   <trkpt lat="39.6809750" lon="-104.9584800">
    <ele>1634.9</ele>
    <time>2022-08-23T01:32:01Z</time>
   </trkpt>
   <trkpt lat="39.6809720" lon="-104.9584810">
    <ele>1634.9</ele>
    <time>2022-08-23T01:32:02Z</time>
   </trkpt>
   <trkpt lat="39.6809700" lon="-104.9584820">
    <ele>1634.9</ele>
    <time>2022-08-23T01:32:03Z</time>
   </trkpt>
   <trkpt lat="39.6809670" lon="-104.9584820">
    <ele>1634.9</ele>
    <time>2022-08-23T01:32:04Z</time>
   </trkpt>
   <trkpt lat="39.6809640" lon="-104.9584830">
    <ele>1634.9</ele>
    <time>2022-08-23T01:32:05Z</time>
   </trkpt>
   <trkpt lat="39.6809620" lon="-104.9584830">
    <ele>1634.9</ele>
    <time>2022-08-23T01:32:06Z</time>
   </trkpt>
   <trkpt lat="39.6809590" lon="-104.9584840">
    <ele>1634.9</ele>
    <time>2022-08-23T01:32:07Z</time>
   </trkpt>
   <trkpt lat="39.6809560" lon="-104.9584850">
    <ele>1634.9</ele>
    <time>2022-08-23T01:32:08Z</time>
   </trkpt>
   <trkpt lat="39.6809540" lon="-104.9584850">
    <ele>1634.9</ele>
    <time>2022-08-23T01:32:09Z</time>
   </trkpt>
   <trkpt lat="39.6809510" lon="-104.9584860">
    <ele>1634.9</ele>
    <time>2022-08-23T01:32:10Z</time>
   </trkpt>
   <trkpt lat="39.6809480" lon="-104.9584860">
    <ele>1634.9</ele>
    <time>2022-08-23T01:32:11Z</time>
   </trkpt>
   <trkpt lat="39.6809460" lon="-104.9584870">
    <ele>1634.9</ele>
    <time>2022-08-23T01:32:12Z</time>
   </trkpt>
   <trkpt lat="39.6809430" lon="-104.9584870">
    <ele>1634.9</ele>
    <time>2022-08-23T01:32:13Z</time>
   </trkpt>
   <trkpt lat="39.6809400" lon="-104.9584880">
    <ele>1634.9</ele>
    <time>2022-08-23T01:32:14Z</time>
   </trkpt>
   <trkpt lat="39.6809310" lon="-104.9584820">
    <ele>1634.9</ele>
    <time>2022-08-23T01:32:15Z</time>
   </trkpt>
   <trkpt lat="39.6809290" lon="-104.9584700">
    <ele>1634.9</ele>
    <time>2022-08-23T01:32:16Z</time>
   </trkpt>
   <trkpt lat="39.6809300" lon="-104.9584520">
    <ele>1634.9</ele>
    <time>2022-08-23T01:32:17Z</time>
   </trkpt>
   <trkpt lat="39.6809360" lon="-104.9584450">
    <ele>1634.9</ele>
    <time>2022-08-23T01:32:18Z</time>
   </trkpt>
   <trkpt lat="39.6809380" lon="-104.9584390">
    <ele>1634.9</ele>
    <time>2022-08-23T01:32:19Z</time>
   </trkpt>
   <trkpt lat="39.6809410" lon="-104.9584330">
    <ele>1634.9</ele>
    <time>2022-08-23T01:32:20Z</time>
   </trkpt>
   <trkpt lat="39.6809430" lon="-104.9584270">
    <ele>1634.9</ele>
    <time>2022-08-23T01:32:21Z</time>
   </trkpt>
   <trkpt lat="39.6809460" lon="-104.9584210">
    <ele>1634.9</ele>
    <time>2022-08-23T01:32:22Z</time>
   </trkpt>
   <trkpt lat="39.6809480" lon="-104.9584160">
    <ele>1634.9</ele>
    <time>2022-08-23T01:32:23Z</time>
   </trkpt>
   <trkpt lat="39.6809500" lon="-104.9584100">
    <ele>1634.9</ele>
    <time>2022-08-23T01:32:24Z</time>
   </trkpt>
   <trkpt lat="39.6809560" lon="-104.9584010">
    <ele>1634.9</ele>
    <time>2022-08-23T01:32:25Z</time>
   </trkpt>
   <trkpt lat="39.6809550" lon="-104.9584060">
    <ele>1634.9</ele>
    <time>2022-08-23T01:32:26Z</time>
   </trkpt>
   <trkpt lat="39.6809530" lon="-104.9584110">
    <ele>1634.9</ele>
    <time>2022-08-23T01:32:27Z</time>
   </trkpt>
   <trkpt lat="39.6809520" lon="-104.9584160">
    <ele>1634.9</ele>
    <time>2022-08-23T01:32:28Z</time>
   </trkpt>
   <trkpt lat="39.6809510" lon="-104.9584200">
    <ele>1634.9</ele>
    <time>2022-08-23T01:32:29Z</time>
   </trkpt>
   <trkpt lat="39.6809490" lon="-104.9584250">
    <ele>1634.9</ele>
    <time>2022-08-23T01:32:30Z</time>
   </trkpt>
   <trkpt lat="39.6809480" lon="-104.9584300">
    <ele>1634.9</ele>
    <time>2022-08-23T01:32:31Z</time>
   </trkpt>
   <trkpt lat="39.6809460" lon="-104.9584350">
    <ele>1634.9</ele>
    <time>2022-08-23T01:32:32Z</time>
   </trkpt>
   <trkpt lat="39.6809450" lon="-104.9584400">
    <ele>1634.9</ele>
    <time>2022-08-23T01:32:33Z</time>
   </trkpt>
   <trkpt lat="39.6809440" lon="-104.9584440">
    <ele>1634.9</ele>
    <time>2022-08-23T01:32:34Z</time>
   </trkpt>
   <trkpt lat="39.6809420" lon="-104.9584490">
    <ele>1634.9</ele>
    <time>2022-08-23T01:32:35Z</time>
   </trkpt>
   <trkpt lat="39.6809410" lon="-104.9584540">
    <ele>1634.9</ele>
    <time>2022-08-23T01:32:36Z</time>
   </trkpt>
   <trkpt lat="39.6809400" lon="-104.9584590">
    <ele>1634.9</ele>
    <time>2022-08-23T01:32:37Z</time>
   </trkpt>
   <trkpt lat="39.6809380" lon="-104.9584640">
    <ele>1634.9</ele>
    <time>2022-08-23T01:32:38Z</time>
   </trkpt>
   <trkpt lat="39.6809370" lon="-104.9584680">
    <ele>1634.9</ele>
    <time>2022-08-23T01:32:39Z</time>
   </trkpt>
   <trkpt lat="39.6809370" lon="-104.9584710">
    <ele>1634.9</ele>
    <time>2022-08-23T01:32:40Z</time>
   </trkpt>
   <trkpt lat="39.6809390" lon="-104.9584710">
    <ele>1634.9</ele>
    <time>2022-08-23T01:32:41Z</time>
   </trkpt>
   <trkpt lat="39.6809400" lon="-104.9584710">
    <ele>1634.9</ele>
    <time>2022-08-23T01:32:42Z</time>
   </trkpt>
   <trkpt lat="39.6809420" lon="-104.9584710">
    <ele>1634.9</ele>
    <time>2022-08-23T01:32:43Z</time>
   </trkpt>
   <trkpt lat="39.6809430" lon="-104.9584700">
    <ele>1634.9</ele>
    <time>2022-08-23T01:32:44Z</time>
   </trkpt>
   <trkpt lat="39.6809450" lon="-104.9584700">
    <ele>1634.9</ele>
    <time>2022-08-23T01:32:45Z</time>
   </trkpt>
   <trkpt lat="39.6809460" lon="-104.9584700">
    <ele>1634.9</ele>
    <time>2022-08-23T01:32:46Z</time>
   </trkpt>
   <trkpt lat="39.6809480" lon="-104.9584700">
    <ele>1634.9</ele>
    <time>2022-08-23T01:32:47Z</time>
   </trkpt>
   <trkpt lat="39.6809490" lon="-104.9584700">
    <ele>1634.9</ele>
    <time>2022-08-23T01:32:48Z</time>
   </trkpt>
   <trkpt lat="39.6809510" lon="-104.9584690">
    <ele>1634.9</ele>
    <time>2022-08-23T01:32:49Z</time>
   </trkpt>
   <trkpt lat="39.6809520" lon="-104.9584690">
    <ele>1634.9</ele>
    <time>2022-08-23T01:32:50Z</time>
   </trkpt>
   <trkpt lat="39.6809530" lon="-104.9584690">
    <ele>1634.9</ele>
    <time>2022-08-23T01:32:51Z</time>
   </trkpt>
   <trkpt lat="39.6809550" lon="-104.9584690">
    <ele>1634.9</ele>
    <time>2022-08-23T01:32:52Z</time>
   </trkpt>
   <trkpt lat="39.6809560" lon="-104.9584680">
    <ele>1634.9</ele>
    <time>2022-08-23T01:32:53Z</time>
   </trkpt>
   <trkpt lat="39.6809580" lon="-104.9584680">
    <ele>1634.9</ele>
    <time>2022-08-23T01:32:54Z</time>
   </trkpt>
   <trkpt lat="39.6809590" lon="-104.9584680">
    <ele>1634.9</ele>
    <time>2022-08-23T01:32:55Z</time>
   </trkpt>
   <trkpt lat="39.6809610" lon="-104.9584680">
    <ele>1634.9</ele>
    <time>2022-08-23T01:32:56Z</time>
   </trkpt>
   <trkpt lat="39.6809620" lon="-104.9584680">
    <ele>1634.9</ele>
    <time>2022-08-23T01:32:57Z</time>
   </trkpt>
   <trkpt lat="39.6809640" lon="-104.9584670">
    <ele>1634.9</ele>
    <time>2022-08-23T01:32:58Z</time>
   </trkpt>
   <trkpt lat="39.6809650" lon="-104.9584670">
    <ele>1634.9</ele>
    <time>2022-08-23T01:32:59Z</time>
   </trkpt>
   <trkpt lat="39.6809670" lon="-104.9584670">
    <ele>1634.9</ele>
    <time>2022-08-23T01:33:00Z</time>
   </trkpt>
   <trkpt lat="39.6809680" lon="-104.9584670">
    <ele>1634.9</ele>
    <time>2022-08-23T01:33:01Z</time>
   </trkpt>
   <trkpt lat="39.6809700" lon="-104.9584670">
    <ele>1634.9</ele>
    <time>2022-08-23T01:33:02Z</time>
   </trkpt>
   <trkpt lat="39.6809710" lon="-104.9584660">
    <ele>1634.9</ele>
    <time>2022-08-23T01:33:03Z</time>
   </trkpt>
   <trkpt lat="39.6809720" lon="-104.9584660">
    <ele>1634.9</ele>
    <time>2022-08-23T01:33:04Z</time>
   </trkpt>
   <trkpt lat="39.6809740" lon="-104.9584660">
    <ele>1634.9</ele>
    <time>2022-08-23T01:33:05Z</time>
   </trkpt>
   <trkpt lat="39.6809750" lon="-104.9584660">
    <ele>1634.9</ele>
    <time>2022-08-23T01:33:06Z</time>
   </trkpt>
   <trkpt lat="39.6809770" lon="-104.9584660">
    <ele>1634.9</ele>
    <time>2022-08-23T01:33:07Z</time>
   </trkpt>
   <trkpt lat="39.6809780" lon="-104.9584650">
    <ele>1634.9</ele>
    <time>2022-08-23T01:33:08Z</time>
   </trkpt>
   <trkpt lat="39.6809800" lon="-104.9584650">
    <ele>1634.9</ele>
    <time>2022-08-23T01:33:09Z</time>
   </trkpt>
   <trkpt lat="39.6809810" lon="-104.9584650">
    <ele>1634.9</ele>
    <time>2022-08-23T01:33:10Z</time>
   </trkpt>
   <trkpt lat="39.6809830" lon="-104.9584650">
    <ele>1634.9</ele>
    <time>2022-08-23T01:33:11Z</time>
   </trkpt>
   <trkpt lat="39.6809840" lon="-104.9584640">
    <ele>1634.9</ele>
    <time>2022-08-23T01:33:12Z</time>
   </trkpt>
   <trkpt lat="39.6809860" lon="-104.9584640">
    <ele>1634.9</ele>
    <time>2022-08-23T01:33:13Z</time>
   </trkpt>
   <trkpt lat="39.6809870" lon="-104.9584640">
    <ele>1634.9</ele>
    <time>2022-08-23T01:33:14Z</time>
   </trkpt>
   <trkpt lat="39.6809890" lon="-104.9584640">
    <ele>1634.9</ele>
    <time>2022-08-23T01:33:15Z</time>
   </trkpt>
   <trkpt lat="39.6809900" lon="-104.9584640">
    <ele>1634.9</ele>
    <time>2022-08-23T01:33:16Z</time>
   </trkpt>
   <trkpt lat="39.6809920" lon="-104.9584630">
    <ele>1634.9</ele>
    <time>2022-08-23T01:33:17Z</time>
   </trkpt>
   <trkpt lat="39.6809930" lon="-104.9584630">
    <ele>1634.9</ele>
    <time>2022-08-23T01:33:18Z</time>
   </trkpt>
   <trkpt lat="39.6809940" lon="-104.9584630">
    <ele>1634.9</ele>
    <time>2022-08-23T01:33:19Z</time>
   </trkpt>
   <trkpt lat="39.6809960" lon="-104.9584630">
    <ele>1634.9</ele>
    <time>2022-08-23T01:33:20Z</time>
   </trkpt>
   <trkpt lat="39.6809970" lon="-104.9584630">
    <ele>1634.9</ele>
    <time>2022-08-23T01:33:21Z</time>
   </trkpt>
   <trkpt lat="39.6809990" lon="-104.9584620">
    <ele>1634.9</ele>
    <time>2022-08-23T01:33:22Z</time>
   </trkpt>
   <trkpt lat="39.6810000" lon="-104.9584620">
    <ele>1634.9</ele>
    <time>2022-08-23T01:33:23Z</time>
   </trkpt>
   <trkpt lat="39.6810020" lon="-104.9584620">
    <ele>1634.9</ele>
    <time>2022-08-23T01:33:24Z</time>
   </trkpt>
   <trkpt lat="39.6810030" lon="-104.9584620">
    <ele>1634.9</ele>
    <time>2022-08-23T01:33:25Z</time>
   </trkpt>
   <trkpt lat="39.6810050" lon="-104.9584620">
    <ele>1634.9</ele>
    <time>2022-08-23T01:33:26Z</time>
   </trkpt>
   <trkpt lat="39.6810060" lon="-104.9584610">
    <ele>1635.0</ele>
    <time>2022-08-23T01:33:27Z</time>
   </trkpt>
   <trkpt lat="39.6810080" lon="-104.9584610">
    <ele>1635.0</ele>
    <time>2022-08-23T01:33:28Z</time>
   </trkpt>
   <trkpt lat="39.6810090" lon="-104.9584610">
    <ele>1635.0</ele>
    <time>2022-08-23T01:33:29Z</time>
   </trkpt>
   <trkpt lat="39.6810110" lon="-104.9584610">
    <ele>1635.0</ele>
    <time>2022-08-23T01:33:30Z</time>
   </trkpt>
   <trkpt lat="39.6810120" lon="-104.9584610">
    <ele>1635.0</ele>
    <time>2022-08-23T01:33:31Z</time>
   </trkpt>
   <trkpt lat="39.6810130" lon="-104.9584600">
    <ele>1635.0</ele>
    <time>2022-08-23T01:33:32Z</time>
   </trkpt>
   <trkpt lat="39.6810150" lon="-104.9584600">
    <ele>1635.0</ele>
    <time>2022-08-23T01:33:33Z</time>
   </trkpt>
   <trkpt lat="39.6810160" lon="-104.9584600">
    <ele>1635.0</ele>
    <time>2022-08-23T01:33:34Z</time>
   </trkpt>
   <trkpt lat="39.6810180" lon="-104.9584600">
    <ele>1635.0</ele>
    <time>2022-08-23T01:33:35Z</time>
   </trkpt>
   <trkpt lat="39.6810190" lon="-104.9584590">
    <ele>1635.0</ele>
    <time>2022-08-23T01:33:36Z</time>
   </trkpt>
   <trkpt lat="39.6810340" lon="-104.9584490">
    <ele>1635.0</ele>
    <time>2022-08-23T01:33:37Z</time>
   </trkpt>
   <trkpt lat="39.6810340" lon="-104.9584490">
    <ele>1635.0</ele>
    <time>2022-08-23T01:33:38Z</time>
   </trkpt>
   <trkpt lat="39.6810340" lon="-104.9584490">
    <ele>1635.0</ele>
    <time>2022-08-23T01:33:39Z</time>
   </trkpt>
   <trkpt lat="39.6810340" lon="-104.9584490">
    <ele>1635.0</ele>
    <time>2022-08-23T01:33:40Z</time>
   </trkpt>
   <trkpt lat="39.6810340" lon="-104.9584490">
    <ele>1635.0</ele>
    <time>2022-08-23T01:33:41Z</time>
   </trkpt>
   <trkpt lat="39.6810340" lon="-104.9584490">
    <ele>1635.0</ele>
    <time>2022-08-23T01:33:42Z</time>
   </trkpt>
   <trkpt lat="39.6810340" lon="-104.9584490">
    <ele>1635.0</ele>
    <time>2022-08-23T01:33:43Z</time>
   </trkpt>
   <trkpt lat="39.6810440" lon="-104.9584360">
    <ele>1635.0</ele>
    <time>2022-08-23T01:33:44Z</time>
   </trkpt>
   <trkpt lat="39.6810460" lon="-104.9584290">
    <ele>1635.0</ele>
    <time>2022-08-23T01:33:45Z</time>
   </trkpt>
   <trkpt lat="39.6810460" lon="-104.9584290">
    <ele>1635.0</ele>
    <time>2022-08-23T01:33:46Z</time>
   </trkpt>
   <trkpt lat="39.6810430" lon="-104.9584240">
    <ele>1635.0</ele>
    <time>2022-08-23T01:33:47Z</time>
   </trkpt>
   <trkpt lat="39.6810440" lon="-104.9584210">
    <ele>1635.0</ele>
    <time>2022-08-23T01:33:48Z</time>
   </trkpt>
   <trkpt lat="39.6810440" lon="-104.9584210">
    <ele>1635.0</ele>
    <time>2022-08-23T01:33:49Z</time>
   </trkpt>
   <trkpt lat="39.6810440" lon="-104.9584210">
    <ele>1635.0</ele>
    <time>2022-08-23T01:33:50Z</time>
   </trkpt>
   <trkpt lat="39.6810440" lon="-104.9584210">
    <ele>1635.0</ele>
    <time>2022-08-23T01:33:51Z</time>
   </trkpt>
   <trkpt lat="39.6810440" lon="-104.9584090">
    <ele>1635.0</ele>
    <time>2022-08-23T01:33:52Z</time>
   </trkpt>
  </trkseg>
 </trk>
</gpx>
