<?xml version="1.0" encoding="UTF-8"?>
<gpx creator="StravaGPX" version="1.1" xmlns="http://www.topografix.com/GPX/1/1" xmlns:xsi="http://www.w3.org/2001/XMLSchema-instance" xsi:schemaLocation="http://www.topografix.com/GPX/1/1 http://www.topografix.com/GPX/1/1/gpx.xsd">
 <metadata>
  <time>2022-10-31T19:44:46Z</time>
 </metadata>
 <trk>
  <name>Lunch Walk</name>
  <type>walking</type>
  <trkseg>
   <trkpt lat="39.5741240" lon="-104.8571340">
    <ele>1758.2</ele>
    <time>2022-10-31T19:44:46Z</time>
   </trkpt>
   <trkpt lat="39.5743130" lon="-104.8569720">
    <ele>1758.8</ele>
    <time>2022-10-31T19:44:47Z</time>
   </trkpt>
   <trkpt lat="39.5743140" lon="-104.8569580">
    <ele>1758.8</ele>
    <time>2022-10-31T19:44:48Z</time>
   </trkpt>
   <trkpt lat="39.5743150" lon="-104.8569450">
    <ele>1758.8</ele>
    <time>2022-10-31T19:44:49Z</time>
   </trkpt>
   <trkpt lat="39.5743170" lon="-104.8569310">
    <ele>1758.9</ele>
    <time>2022-10-31T19:44:50Z</time>
   </trkpt>
   <trkpt lat="39.5743200" lon="-104.8569230">
    <ele>1758.9</ele>
    <time>2022-10-31T19:44:51Z</time>
   </trkpt>
   <trkpt lat="39.5743180" lon="-104.8569110">
    <ele>1758.9</ele>
    <time>2022-10-31T19:44:52Z</time>
   </trkpt>
   <trkpt lat="39.5743170" lon="-104.8568880">
    <ele>1758.9</ele>
    <time>2022-10-31T19:44:53Z</time>
   </trkpt>
   <trkpt lat="39.5743180" lon="-104.8568590">
    <ele>1759.0</ele>
    <time>2022-10-31T19:44:54Z</time>
   </trkpt>
   <trkpt lat="39.5743170" lon="-104.8568470">
    <ele>1759.0</ele>
    <time>2022-10-31T19:44:55Z</time>
   </trkpt>
   <trkpt lat="39.5743160" lon="-104.8568350">
    <ele>1759.0</ele>
    <time>2022-10-31T19:44:56Z</time>
   </trkpt>
   <trkpt lat="39.5743150" lon="-104.8568110">
    <ele>1759.1</ele>
    <time>2022-10-31T19:44:57Z</time>
   </trkpt>
   <trkpt lat="39.5743130" lon="-104.8567940">
    <ele>1759.1</ele>
    <time>2022-10-31T19:44:58Z</time>
   </trkpt>
   <trkpt lat="39.5743120" lon="-104.8567790">
    <ele>1759.1</ele>
    <time>2022-10-31T19:44:59Z</time>
   </trkpt>
   <trkpt lat="39.5743120" lon="-104.8567670">
    <ele>1759.1</ele>
    <time>2022-10-31T19:45:00Z</time>
   </trkpt>
   <trkpt lat="39.5743110" lon="-104.8567550">
    <ele>1759.2</ele>
    <time>2022-10-31T19:45:01Z</time>
   </trkpt>
   <trkpt lat="39.5743090" lon="-104.8567430">
    <ele>1759.2</ele>
    <time>2022-10-31T19:45:02Z</time>
   </trkpt>
   <trkpt lat="39.5743070" lon="-104.8567290">
    <ele>1759.2</ele>
    <time>2022-10-31T19:45:03Z</time>
   </trkpt>
   <trkpt lat="39.5743020" lon="-104.8567220">
    <ele>1759.2</ele>
    <time>2022-10-31T19:45:04Z</time>
   </trkpt>
   <trkpt lat="39.5742980" lon="-104.8567160">
    <ele>1759.2</ele>
    <time>2022-10-31T19:45:05Z</time>
   </trkpt>
   <trkpt lat="39.5742890" lon="-104.8567090">
    <ele>1759.3</ele>
    <time>2022-10-31T19:45:06Z</time>
   </trkpt>
   <trkpt lat="39.5742880" lon="-104.8566990">
    <ele>1759.3</ele>
    <time>2022-10-31T19:45:07Z</time>
   </trkpt>
   <trkpt lat="39.5742790" lon="-104.8566930">
    <ele>1759.3</ele>
    <time>2022-10-31T19:45:08Z</time>
   </trkpt>
   <trkpt lat="39.5742710" lon="-104.8566860">
    <ele>1759.3</ele>
    <time>2022-10-31T19:45:09Z</time>
   </trkpt>
   <trkpt lat="39.5742590" lon="-104.8566630">
    <ele>1759.4</ele>
    <time>2022-10-31T19:45:10Z</time>
   </trkpt>
   <trkpt lat="39.5742510" lon="-104.8566540">
    <ele>1759.4</ele>
    <time>2022-10-31T19:45:11Z</time>
   </trkpt>
   <trkpt lat="39.5742440" lon="-104.8566440">
    <ele>1759.4</ele>
    <time>2022-10-31T19:45:12Z</time>
   </trkpt>
   <trkpt lat="39.5742290" lon="-104.8566280">
    <ele>1759.5</ele>
    <time>2022-10-31T19:45:13Z</time>
   </trkpt>
   <trkpt lat="39.5742170" lon="-104.8566190">
    <ele>1759.5</ele>
    <time>2022-10-31T19:45:14Z</time>
   </trkpt>
   <trkpt lat="39.5742030" lon="-104.8566120">
    <ele>1759.5</ele>
    <time>2022-10-31T19:45:15Z</time>
   </trkpt>
   <trkpt lat="39.5741920" lon="-104.8566010">
    <ele>1759.5</ele>
    <time>2022-10-31T19:45:16Z</time>
   </trkpt>
   <trkpt lat="39.5741800" lon="-104.8565940">
    <ele>1759.6</ele>
    <time>2022-10-31T19:45:17Z</time>
   </trkpt>
   <trkpt lat="39.5741690" lon="-104.8565780">
    <ele>1759.6</ele>
    <time>2022-10-31T19:45:18Z</time>
   </trkpt>
   <trkpt lat="39.5741660" lon="-104.8565590">
    <ele>1759.6</ele>
    <time>2022-10-31T19:45:19Z</time>
   </trkpt>
   <trkpt lat="39.5741520" lon="-104.8565480">
    <ele>1759.7</ele>
    <time>2022-10-31T19:45:20Z</time>
   </trkpt>
   <trkpt lat="39.5741400" lon="-104.8565380">
    <ele>1759.7</ele>
    <time>2022-10-31T19:45:21Z</time>
   </trkpt>
   <trkpt lat="39.5741250" lon="-104.8565370">
    <ele>1759.7</ele>
    <time>2022-10-31T19:45:22Z</time>
   </trkpt>
   <trkpt lat="39.5741150" lon="-104.8565350">
    <ele>1759.7</ele>
    <time>2022-10-31T19:45:23Z</time>
   </trkpt>
   <trkpt lat="39.5741100" lon="-104.8565360">
    <ele>1759.7</ele>
    <time>2022-10-31T19:45:24Z</time>
   </trkpt>
   <trkpt lat="39.5740970" lon="-104.8565250">
    <ele>1759.8</ele>
    <time>2022-10-31T19:45:25Z</time>
   </trkpt>
   <trkpt lat="39.5740810" lon="-104.8565220">
    <ele>1759.8</ele>
    <time>2022-10-31T19:45:26Z</time>
   </trkpt>
   <trkpt lat="39.5740700" lon="-104.8565170">
    <ele>1759.9</ele>
    <time>2022-10-31T19:45:27Z</time>
   </trkpt>
   <trkpt lat="39.5740580" lon="-104.8565030">
    <ele>1759.9</ele>
    <time>2022-10-31T19:45:28Z</time>
   </trkpt>
   <trkpt lat="39.5740510" lon="-104.8564890">
    <ele>1759.9</ele>
    <time>2022-10-31T19:45:29Z</time>
   </trkpt>
   <trkpt lat="39.5740260" lon="-104.8564720">
    <ele>1760.0</ele>
    <time>2022-10-31T19:45:30Z</time>
   </trkpt>
   <trkpt lat="39.5740180" lon="-104.8564660">
    <ele>1760.0</ele>
    <time>2022-10-31T19:45:31Z</time>
   </trkpt>
   <trkpt lat="39.5739990" lon="-104.8564660">
    <ele>1760.0</ele>
    <time>2022-10-31T19:45:32Z</time>
   </trkpt>
   <trkpt lat="39.5739850" lon="-104.8564650">
    <ele>1760.1</ele>
    <time>2022-10-31T19:45:33Z</time>
   </trkpt>
   <trkpt lat="39.5739730" lon="-104.8564590">
    <ele>1760.1</ele>
    <time>2022-10-31T19:45:34Z</time>
   </trkpt>
   <trkpt lat="39.5739580" lon="-104.8564560">
    <ele>1760.1</ele>
    <time>2022-10-31T19:45:35Z</time>
   </trkpt>
   <trkpt lat="39.5739440" lon="-104.8564460">
    <ele>1760.2</ele>
    <time>2022-10-31T19:45:36Z</time>
   </trkpt>
   <trkpt lat="39.5739320" lon="-104.8564390">
    <ele>1760.2</ele>
    <time>2022-10-31T19:45:37Z</time>
   </trkpt>
   <trkpt lat="39.5739180" lon="-104.8564300">
    <ele>1760.2</ele>
    <time>2022-10-31T19:45:38Z</time>
   </trkpt>
   <trkpt lat="39.5739030" lon="-104.8564260">
    <ele>1760.3</ele>
    <time>2022-10-31T19:45:39Z</time>
   </trkpt>
   <trkpt lat="39.5738890" lon="-104.8564240">
    <ele>1760.3</ele>
    <time>2022-10-31T19:45:40Z</time>
   </trkpt>
   <trkpt lat="39.5738740" lon="-104.8564160">
    <ele>1760.3</ele>
    <time>2022-10-31T19:45:41Z</time>
   </trkpt>
   <trkpt lat="39.5738530" lon="-104.8564090">
    <ele>1760.4</ele>
    <time>2022-10-31T19:45:42Z</time>
   </trkpt>
   <trkpt lat="39.5738450" lon="-104.8564050">
    <ele>1760.4</ele>
    <time>2022-10-31T19:45:43Z</time>
   </trkpt>
   <trkpt lat="39.5738380" lon="-104.8564010">
    <ele>1760.4</ele>
    <time>2022-10-31T19:45:44Z</time>
   </trkpt>
   <trkpt lat="39.5738140" lon="-104.8564020">
    <ele>1760.5</ele>
    <time>2022-10-31T19:45:45Z</time>
   </trkpt>
   <trkpt lat="39.5738060" lon="-104.8564020">
    <ele>1760.5</ele>
    <time>2022-10-31T19:45:46Z</time>
   </trkpt>
   <trkpt lat="39.5737980" lon="-104.8564010">
    <ele>1760.5</ele>
    <time>2022-10-31T19:45:47Z</time>
   </trkpt>
   <trkpt lat="39.5737810" lon="-104.8564000">
    <ele>1760.5</ele>
    <time>2022-10-31T19:45:48Z</time>
   </trkpt>
   <trkpt lat="39.5737670" lon="-104.8563990">
    <ele>1760.6</ele>
    <time>2022-10-31T19:45:49Z</time>
   </trkpt>
   <trkpt lat="39.5737530" lon="-104.8563970">
    <ele>1760.6</ele>
    <time>2022-10-31T19:45:50Z</time>
   </trkpt>
   <trkpt lat="39.5737390" lon="-104.8563950">
    <ele>1760.6</ele>
    <time>2022-10-31T19:45:51Z</time>
   </trkpt>
   <trkpt lat="39.5737180" lon="-104.8563910">
    <ele>1760.7</ele>
    <time>2022-10-31T19:45:52Z</time>
   </trkpt>
   <trkpt lat="39.5737080" lon="-104.8563880">
    <ele>1760.7</ele>
    <time>2022-10-31T19:45:53Z</time>
   </trkpt>
   <trkpt lat="39.5736990" lon="-104.8563860">
    <ele>1760.7</ele>
    <time>2022-10-31T19:45:54Z</time>
   </trkpt>
   <trkpt lat="39.5736900" lon="-104.8563850">
    <ele>1760.8</ele>
    <time>2022-10-31T19:45:55Z</time>
   </trkpt>
   <trkpt lat="39.5736790" lon="-104.8563840">
    <ele>1760.8</ele>
    <time>2022-10-31T19:45:56Z</time>
   </trkpt>
   <trkpt lat="39.5736680" lon="-104.8563800">
    <ele>1760.8</ele>
    <time>2022-10-31T19:45:57Z</time>
   </trkpt>
   <trkpt lat="39.5736590" lon="-104.8563750">
    <ele>1760.8</ele>
    <time>2022-10-31T19:45:58Z</time>
   </trkpt>
   <trkpt lat="39.5736490" lon="-104.8563740">
    <ele>1760.9</ele>
    <time>2022-10-31T19:45:59Z</time>
   </trkpt>
   <trkpt lat="39.5736360" lon="-104.8563710">
    <ele>1760.9</ele>
    <time>2022-10-31T19:46:00Z</time>
   </trkpt>
   <trkpt lat="39.5736170" lon="-104.8563740">
    <ele>1760.9</ele>
    <time>2022-10-31T19:46:01Z</time>
   </trkpt>
   <trkpt lat="39.5736090" lon="-104.8563790">
    <ele>1761.0</ele>
    <time>2022-10-31T19:46:02Z</time>
   </trkpt>
   <trkpt lat="39.5735960" lon="-104.8563760">
    <ele>1761.0</ele>
    <time>2022-10-31T19:46:03Z</time>
   </trkpt>
   <trkpt lat="39.5735810" lon="-104.8563770">
    <ele>1761.0</ele>
    <time>2022-10-31T19:46:04Z</time>
   </trkpt>
   <trkpt lat="39.5735640" lon="-104.8563770">
    <ele>1761.1</ele>
    <time>2022-10-31T19:46:05Z</time>
   </trkpt>
   <trkpt lat="39.5735490" lon="-104.8563760">
    <ele>1761.1</ele>
    <time>2022-10-31T19:46:06Z</time>
   </trkpt>
   <trkpt lat="39.5735350" lon="-104.8563830">
    <ele>1761.1</ele>
    <time>2022-10-31T19:46:07Z</time>
   </trkpt>
   <trkpt lat="39.5735270" lon="-104.8563870">
    <ele>1761.2</ele>
    <time>2022-10-31T19:46:08Z</time>
   </trkpt>
   <trkpt lat="39.5735220" lon="-104.8563940">
    <ele>1761.2</ele>
    <time>2022-10-31T19:46:09Z</time>
   </trkpt>
   <trkpt lat="39.5735110" lon="-104.8564010">
    <ele>1761.2</ele>
    <time>2022-10-31T19:46:10Z</time>
   </trkpt>
   <trkpt lat="39.5734980" lon="-104.8564070">
    <ele>1761.3</ele>
    <time>2022-10-31T19:46:11Z</time>
   </trkpt>
   <trkpt lat="39.5734900" lon="-104.8564140">
    <ele>1761.3</ele>
    <time>2022-10-31T19:46:12Z</time>
   </trkpt>
   <trkpt lat="39.5734850" lon="-104.8564110">
    <ele>1761.3</ele>
    <time>2022-10-31T19:46:13Z</time>
   </trkpt>
   <trkpt lat="39.5734790" lon="-104.8564070">
    <ele>1761.3</ele>
    <time>2022-10-31T19:46:14Z</time>
   </trkpt>
   <trkpt lat="39.5734620" lon="-104.8564030">
    <ele>1761.3</ele>
    <time>2022-10-31T19:46:15Z</time>
   </trkpt>
   <trkpt lat="39.5734470" lon="-104.8563940">
    <ele>1761.4</ele>
    <time>2022-10-31T19:46:16Z</time>
   </trkpt>
   <trkpt lat="39.5734310" lon="-104.8563850">
    <ele>1761.4</ele>
    <time>2022-10-31T19:46:17Z</time>
   </trkpt>
   <trkpt lat="39.5734160" lon="-104.8563830">
    <ele>1761.4</ele>
    <time>2022-10-31T19:46:18Z</time>
   </trkpt>
   <trkpt lat="39.5733980" lon="-104.8563790">
    <ele>1761.5</ele>
    <time>2022-10-31T19:46:19Z</time>
   </trkpt>
   <trkpt lat="39.5733820" lon="-104.8563820">
    <ele>1761.5</ele>
    <time>2022-10-31T19:46:20Z</time>
   </trkpt>
   <trkpt lat="39.5733670" lon="-104.8563870">
    <ele>1761.5</ele>
    <time>2022-10-31T19:46:21Z</time>
   </trkpt>
   <trkpt lat="39.5733520" lon="-104.8563900">
    <ele>1761.6</ele>
    <time>2022-10-31T19:46:22Z</time>
   </trkpt>
   <trkpt lat="39.5733370" lon="-104.8563920">
    <ele>1761.6</ele>
    <time>2022-10-31T19:46:23Z</time>
   </trkpt>
   <trkpt lat="39.5733210" lon="-104.8563920">
    <ele>1761.6</ele>
    <time>2022-10-31T19:46:24Z</time>
   </trkpt>
   <trkpt lat="39.5733030" lon="-104.8563920">
    <ele>1761.7</ele>
    <time>2022-10-31T19:46:25Z</time>
   </trkpt>
   <trkpt lat="39.5732820" lon="-104.8563910">
    <ele>1761.7</ele>
    <time>2022-10-31T19:46:26Z</time>
   </trkpt>
   <trkpt lat="39.5732730" lon="-104.8563880">
    <ele>1761.7</ele>
    <time>2022-10-31T19:46:27Z</time>
   </trkpt>
   <trkpt lat="39.5732640" lon="-104.8563850">
    <ele>1761.7</ele>
    <time>2022-10-31T19:46:28Z</time>
   </trkpt>
   <trkpt lat="39.5732330" lon="-104.8563810">
    <ele>1761.8</ele>
    <time>2022-10-31T19:46:29Z</time>
   </trkpt>
   <trkpt lat="39.5732250" lon="-104.8563780">
    <ele>1761.8</ele>
    <time>2022-10-31T19:46:30Z</time>
   </trkpt>
   <trkpt lat="39.5732030" lon="-104.8563770">
    <ele>1761.8</ele>
    <time>2022-10-31T19:46:31Z</time>
   </trkpt>
   <trkpt lat="39.5731960" lon="-104.8563770">
    <ele>1761.8</ele>
    <time>2022-10-31T19:46:32Z</time>
   </trkpt>
   <trkpt lat="39.5731880" lon="-104.8563770">
    <ele>1761.8</ele>
    <time>2022-10-31T19:46:33Z</time>
   </trkpt>
   <trkpt lat="39.5731720" lon="-104.8563750">
    <ele>1761.8</ele>
    <time>2022-10-31T19:46:34Z</time>
   </trkpt>
   <trkpt lat="39.5731540" lon="-104.8563710">
    <ele>1761.9</ele>
    <time>2022-10-31T19:46:35Z</time>
   </trkpt>
   <trkpt lat="39.5731390" lon="-104.8563680">
    <ele>1761.9</ele>
    <time>2022-10-31T19:46:36Z</time>
   </trkpt>
   <trkpt lat="39.5731220" lon="-104.8563680">
    <ele>1761.9</ele>
    <time>2022-10-31T19:46:37Z</time>
   </trkpt>
   <trkpt lat="39.5731100" lon="-104.8563640">
    <ele>1761.9</ele>
    <time>2022-10-31T19:46:38Z</time>
   </trkpt>
   <trkpt lat="39.5730960" lon="-104.8563590">
    <ele>1762.0</ele>
    <time>2022-10-31T19:46:39Z</time>
   </trkpt>
   <trkpt lat="39.5730880" lon="-104.8563710">
    <ele>1762.0</ele>
    <time>2022-10-31T19:46:40Z</time>
   </trkpt>
   <trkpt lat="39.5730820" lon="-104.8563730">
    <ele>1762.0</ele>
    <time>2022-10-31T19:46:41Z</time>
   </trkpt>
   <trkpt lat="39.5730600" lon="-104.8563740">
    <ele>1762.0</ele>
    <time>2022-10-31T19:46:42Z</time>
   </trkpt>
   <trkpt lat="39.5730320" lon="-104.8563790">
    <ele>1762.1</ele>
    <time>2022-10-31T19:46:43Z</time>
   </trkpt>
   <trkpt lat="39.5730230" lon="-104.8563830">
    <ele>1762.1</ele>
    <time>2022-10-31T19:46:44Z</time>
   </trkpt>
   <trkpt lat="39.5730070" lon="-104.8563820">
    <ele>1762.1</ele>
    <time>2022-10-31T19:46:45Z</time>
   </trkpt>
   <trkpt lat="39.5729910" lon="-104.8563870">
    <ele>1762.1</ele>
    <time>2022-10-31T19:46:46Z</time>
   </trkpt>
   <trkpt lat="39.5729750" lon="-104.8563920">
    <ele>1762.2</ele>
    <time>2022-10-31T19:46:47Z</time>
   </trkpt>
   <trkpt lat="39.5729560" lon="-104.8563880">
    <ele>1762.2</ele>
    <time>2022-10-31T19:46:48Z</time>
   </trkpt>
   <trkpt lat="39.5729440" lon="-104.8563930">
    <ele>1762.2</ele>
    <time>2022-10-31T19:46:49Z</time>
   </trkpt>
   <trkpt lat="39.5729280" lon="-104.8563930">
    <ele>1762.2</ele>
    <time>2022-10-31T19:46:50Z</time>
   </trkpt>
   <trkpt lat="39.5729160" lon="-104.8563910">
    <ele>1762.2</ele>
    <time>2022-10-31T19:46:51Z</time>
   </trkpt>
   <trkpt lat="39.5729070" lon="-104.8563910">
    <ele>1762.2</ele>
    <time>2022-10-31T19:46:52Z</time>
   </trkpt>
   <trkpt lat="39.5728990" lon="-104.8563900">
    <ele>1762.2</ele>
    <time>2022-10-31T19:46:53Z</time>
   </trkpt>
   <trkpt lat="39.5728920" lon="-104.8563880">
    <ele>1762.2</ele>
    <time>2022-10-31T19:46:54Z</time>
   </trkpt>
   <trkpt lat="39.5728800" lon="-104.8563890">
    <ele>1762.2</ele>
    <time>2022-10-31T19:46:55Z</time>
   </trkpt>
   <trkpt lat="39.5728660" lon="-104.8563900">
    <ele>1762.3</ele>
    <time>2022-10-31T19:46:56Z</time>
   </trkpt>
   <trkpt lat="39.5728540" lon="-104.8563940">
    <ele>1762.3</ele>
    <time>2022-10-31T19:46:57Z</time>
   </trkpt>
   <trkpt lat="39.5728480" lon="-104.8563940">
    <ele>1762.3</ele>
    <time>2022-10-31T19:46:58Z</time>
   </trkpt>
   <trkpt lat="39.5728310" lon="-104.8563940">
    <ele>1762.3</ele>
    <time>2022-10-31T19:46:59Z</time>
   </trkpt>
   <trkpt lat="39.5728100" lon="-104.8563850">
    <ele>1762.3</ele>
    <time>2022-10-31T19:47:00Z</time>
   </trkpt>
   <trkpt lat="39.5728020" lon="-104.8563810">
    <ele>1762.3</ele>
    <time>2022-10-31T19:47:01Z</time>
   </trkpt>
   <trkpt lat="39.5727950" lon="-104.8563780">
    <ele>1762.3</ele>
    <time>2022-10-31T19:47:02Z</time>
   </trkpt>
   <trkpt lat="39.5727810" lon="-104.8563780">
    <ele>1762.3</ele>
    <time>2022-10-31T19:47:03Z</time>
   </trkpt>
   <trkpt lat="39.5727640" lon="-104.8563750">
    <ele>1762.4</ele>
    <time>2022-10-31T19:47:04Z</time>
   </trkpt>
   <trkpt lat="39.5727500" lon="-104.8563750">
    <ele>1762.4</ele>
    <time>2022-10-31T19:47:05Z</time>
   </trkpt>
   <trkpt lat="39.5727400" lon="-104.8563790">
    <ele>1762.4</ele>
    <time>2022-10-31T19:47:06Z</time>
   </trkpt>
   <trkpt lat="39.5727300" lon="-104.8563800">
    <ele>1762.4</ele>
    <time>2022-10-31T19:47:07Z</time>
   </trkpt>
   <trkpt lat="39.5727160" lon="-104.8563800">
    <ele>1762.4</ele>
    <time>2022-10-31T19:47:08Z</time>
   </trkpt>
   <trkpt lat="39.5727020" lon="-104.8563830">
    <ele>1762.4</ele>
    <time>2022-10-31T19:47:09Z</time>
   </trkpt>
   <trkpt lat="39.5726810" lon="-104.8563860">
    <ele>1762.5</ele>
    <time>2022-10-31T19:47:10Z</time>
   </trkpt>
   <trkpt lat="39.5726740" lon="-104.8563880">
    <ele>1762.5</ele>
    <time>2022-10-31T19:47:11Z</time>
   </trkpt>
   <trkpt lat="39.5726670" lon="-104.8563900">
    <ele>1762.5</ele>
    <time>2022-10-31T19:47:12Z</time>
   </trkpt>
   <trkpt lat="39.5726550" lon="-104.8563880">
    <ele>1762.5</ele>
    <time>2022-10-31T19:47:13Z</time>
   </trkpt>
   <trkpt lat="39.5726470" lon="-104.8563840">
    <ele>1762.5</ele>
    <time>2022-10-31T19:47:14Z</time>
   </trkpt>
   <trkpt lat="39.5726330" lon="-104.8563830">
    <ele>1762.5</ele>
    <time>2022-10-31T19:47:15Z</time>
   </trkpt>
   <trkpt lat="39.5726220" lon="-104.8563820">
    <ele>1762.5</ele>
    <time>2022-10-31T19:47:16Z</time>
   </trkpt>
   <trkpt lat="39.5726120" lon="-104.8563790">
    <ele>1762.5</ele>
    <time>2022-10-31T19:47:17Z</time>
   </trkpt>
   <trkpt lat="39.5726030" lon="-104.8563790">
    <ele>1762.5</ele>
    <time>2022-10-31T19:47:18Z</time>
   </trkpt>
   <trkpt lat="39.5725860" lon="-104.8563750">
    <ele>1762.6</ele>
    <time>2022-10-31T19:47:19Z</time>
   </trkpt>
   <trkpt lat="39.5725760" lon="-104.8563720">
    <ele>1762.6</ele>
    <time>2022-10-31T19:47:20Z</time>
   </trkpt>
   <trkpt lat="39.5725660" lon="-104.8563690">
    <ele>1762.6</ele>
    <time>2022-10-31T19:47:21Z</time>
   </trkpt>
   <trkpt lat="39.5725470" lon="-104.8563650">
    <ele>1762.6</ele>
    <time>2022-10-31T19:47:22Z</time>
   </trkpt>
   <trkpt lat="39.5725380" lon="-104.8563650">
    <ele>1762.6</ele>
    <time>2022-10-31T19:47:23Z</time>
   </trkpt>
   <trkpt lat="39.5725300" lon="-104.8563640">
    <ele>1762.6</ele>
    <time>2022-10-31T19:47:24Z</time>
   </trkpt>
   <trkpt lat="39.5725180" lon="-104.8563650">
    <ele>1762.6</ele>
    <time>2022-10-31T19:47:25Z</time>
   </trkpt>
   <trkpt lat="39.5725020" lon="-104.8563670">
    <ele>1762.6</ele>
    <time>2022-10-31T19:47:26Z</time>
   </trkpt>
   <trkpt lat="39.5724810" lon="-104.8563700">
    <ele>1762.6</ele>
    <time>2022-10-31T19:47:27Z</time>
   </trkpt>
   <trkpt lat="39.5724730" lon="-104.8563710">
    <ele>1762.6</ele>
    <time>2022-10-31T19:47:28Z</time>
   </trkpt>
   <trkpt lat="39.5724640" lon="-104.8563710">
    <ele>1762.6</ele>
    <time>2022-10-31T19:47:29Z</time>
   </trkpt>
   <trkpt lat="39.5724500" lon="-104.8563740">
    <ele>1762.6</ele>
    <time>2022-10-31T19:47:30Z</time>
   </trkpt>
   <trkpt lat="39.5724370" lon="-104.8563730">
    <ele>1762.6</ele>
    <time>2022-10-31T19:47:31Z</time>
   </trkpt>
   <trkpt lat="39.5724210" lon="-104.8563760">
    <ele>1762.6</ele>
    <time>2022-10-31T19:47:32Z</time>
   </trkpt>
   <trkpt lat="39.5724080" lon="-104.8563770">
    <ele>1762.6</ele>
    <time>2022-10-31T19:47:33Z</time>
   </trkpt>
   <trkpt lat="39.5723870" lon="-104.8563890">
    <ele>1762.6</ele>
    <time>2022-10-31T19:47:34Z</time>
   </trkpt>
   <trkpt lat="39.5723760" lon="-104.8563930">
    <ele>1762.6</ele>
    <time>2022-10-31T19:47:35Z</time>
   </trkpt>
   <trkpt lat="39.5723640" lon="-104.8563970">
    <ele>1762.6</ele>
    <time>2022-10-31T19:47:36Z</time>
   </trkpt>
   <trkpt lat="39.5723520" lon="-104.8564050">
    <ele>1762.6</ele>
    <time>2022-10-31T19:47:37Z</time>
   </trkpt>
   <trkpt lat="39.5723400" lon="-104.8564130">
    <ele>1762.6</ele>
    <time>2022-10-31T19:47:38Z</time>
   </trkpt>
   <trkpt lat="39.5723250" lon="-104.8564180">
    <ele>1762.5</ele>
    <time>2022-10-31T19:47:39Z</time>
   </trkpt>
   <trkpt lat="39.5723130" lon="-104.8564200">
    <ele>1762.5</ele>
    <time>2022-10-31T19:47:40Z</time>
   </trkpt>
   <trkpt lat="39.5723020" lon="-104.8564280">
    <ele>1762.5</ele>
    <time>2022-10-31T19:47:41Z</time>
   </trkpt>
   <trkpt lat="39.5722880" lon="-104.8564360">
    <ele>1762.5</ele>
    <time>2022-10-31T19:47:42Z</time>
   </trkpt>
   <trkpt lat="39.5722610" lon="-104.8564470">
    <ele>1762.4</ele>
    <time>2022-10-31T19:47:43Z</time>
   </trkpt>
   <trkpt lat="39.5722520" lon="-104.8564470">
    <ele>1762.4</ele>
    <time>2022-10-31T19:47:44Z</time>
   </trkpt>
   <trkpt lat="39.5722370" lon="-104.8564470">
    <ele>1762.4</ele>
    <time>2022-10-31T19:47:45Z</time>
   </trkpt>
   <trkpt lat="39.5722250" lon="-104.8564480">
    <ele>1762.4</ele>
    <time>2022-10-31T19:47:46Z</time>
   </trkpt>
   <trkpt lat="39.5722180" lon="-104.8564540">
    <ele>1762.3</ele>
    <time>2022-10-31T19:47:47Z</time>
   </trkpt>
   <trkpt lat="39.5721990" lon="-104.8564630">
    <ele>1762.3</ele>
    <time>2022-10-31T19:47:48Z</time>
   </trkpt>
   <trkpt lat="39.5721900" lon="-104.8564680">
    <ele>1762.3</ele>
    <time>2022-10-31T19:47:49Z</time>
   </trkpt>
   <trkpt lat="39.5721820" lon="-104.8564730">
    <ele>1762.2</ele>
    <time>2022-10-31T19:47:50Z</time>
   </trkpt>
   <trkpt lat="39.5721720" lon="-104.8564860">
    <ele>1762.2</ele>
    <time>2022-10-31T19:47:51Z</time>
   </trkpt>
   <trkpt lat="39.5721620" lon="-104.8564970">
    <ele>1762.2</ele>
    <time>2022-10-31T19:47:52Z</time>
   </trkpt>
   <trkpt lat="39.5721540" lon="-104.8565040">
    <ele>1762.1</ele>
    <time>2022-10-31T19:47:53Z</time>
   </trkpt>
   <trkpt lat="39.5721470" lon="-104.8565110">
    <ele>1762.1</ele>
    <time>2022-10-31T19:47:54Z</time>
   </trkpt>
   <trkpt lat="39.5721320" lon="-104.8565200">
    <ele>1762.0</ele>
    <time>2022-10-31T19:47:55Z</time>
   </trkpt>
   <trkpt lat="39.5721150" lon="-104.8565320">
    <ele>1762.0</ele>
    <time>2022-10-31T19:47:56Z</time>
   </trkpt>
   <trkpt lat="39.5721060" lon="-104.8565390">
    <ele>1761.9</ele>
    <time>2022-10-31T19:47:57Z</time>
   </trkpt>
   <trkpt lat="39.5720950" lon="-104.8565500">
    <ele>1761.9</ele>
    <time>2022-10-31T19:47:58Z</time>
   </trkpt>
   <trkpt lat="39.5720860" lon="-104.8565670">
    <ele>1761.8</ele>
    <time>2022-10-31T19:47:59Z</time>
   </trkpt>
   <trkpt lat="39.5720750" lon="-104.8565800">
    <ele>1761.8</ele>
    <time>2022-10-31T19:48:00Z</time>
   </trkpt>
   <trkpt lat="39.5720630" lon="-104.8565920">
    <ele>1761.7</ele>
    <time>2022-10-31T19:48:01Z</time>
   </trkpt>
   <trkpt lat="39.5720490" lon="-104.8566100">
    <ele>1761.6</ele>
    <time>2022-10-31T19:48:02Z</time>
   </trkpt>
   <trkpt lat="39.5720430" lon="-104.8566180">
    <ele>1761.6</ele>
    <time>2022-10-31T19:48:03Z</time>
   </trkpt>
   <trkpt lat="39.5720360" lon="-104.8566260">
    <ele>1761.6</ele>
    <time>2022-10-31T19:48:04Z</time>
   </trkpt>
   <trkpt lat="39.5720260" lon="-104.8566480">
    <ele>1761.5</ele>
    <time>2022-10-31T19:48:05Z</time>
   </trkpt>
   <trkpt lat="39.5720200" lon="-104.8566560">
    <ele>1761.5</ele>
    <time>2022-10-31T19:48:06Z</time>
   </trkpt>
   <trkpt lat="39.5720130" lon="-104.8566640">
    <ele>1761.4</ele>
    <time>2022-10-31T19:48:07Z</time>
   </trkpt>
   <trkpt lat="39.5719970" lon="-104.8566760">
    <ele>1761.3</ele>
    <time>2022-10-31T19:48:08Z</time>
   </trkpt>
   <trkpt lat="39.5719890" lon="-104.8566830">
    <ele>1761.3</ele>
    <time>2022-10-31T19:48:09Z</time>
   </trkpt>
   <trkpt lat="39.5719810" lon="-104.8566900">
    <ele>1761.3</ele>
    <time>2022-10-31T19:48:10Z</time>
   </trkpt>
   <trkpt lat="39.5719740" lon="-104.8567000">
    <ele>1761.2</ele>
    <time>2022-10-31T19:48:11Z</time>
   </trkpt>
   <trkpt lat="39.5719640" lon="-104.8567080">
    <ele>1761.2</ele>
    <time>2022-10-31T19:48:12Z</time>
   </trkpt>
   <trkpt lat="39.5719520" lon="-104.8567150">
    <ele>1761.1</ele>
    <time>2022-10-31T19:48:13Z</time>
   </trkpt>
   <trkpt lat="39.5719400" lon="-104.8567190">
    <ele>1761.1</ele>
    <time>2022-10-31T19:48:14Z</time>
   </trkpt>
   <trkpt lat="39.5719260" lon="-104.8567310">
    <ele>1761.0</ele>
    <time>2022-10-31T19:48:15Z</time>
   </trkpt>
   <trkpt lat="39.5719120" lon="-104.8567500">
    <ele>1760.9</ele>
    <time>2022-10-31T19:48:16Z</time>
   </trkpt>
   <trkpt lat="39.5719060" lon="-104.8567590">
    <ele>1760.9</ele>
    <time>2022-10-31T19:48:17Z</time>
   </trkpt>
   <trkpt lat="39.5719000" lon="-104.8567670">
    <ele>1760.8</ele>
    <time>2022-10-31T19:48:18Z</time>
   </trkpt>
   <trkpt lat="39.5718910" lon="-104.8567790">
    <ele>1760.8</ele>
    <time>2022-10-31T19:48:19Z</time>
   </trkpt>
   <trkpt lat="39.5718800" lon="-104.8567960">
    <ele>1760.7</ele>
    <time>2022-10-31T19:48:20Z</time>
   </trkpt>
   <trkpt lat="39.5718730" lon="-104.8568120">
    <ele>1760.7</ele>
    <time>2022-10-31T19:48:21Z</time>
   </trkpt>
   <trkpt lat="39.5718620" lon="-104.8568280">
    <ele>1760.6</ele>
    <time>2022-10-31T19:48:22Z</time>
   </trkpt>
   <trkpt lat="39.5718520" lon="-104.8568560">
    <ele>1760.5</ele>
    <time>2022-10-31T19:48:23Z</time>
   </trkpt>
   <trkpt lat="39.5718480" lon="-104.8568660">
    <ele>1760.5</ele>
    <time>2022-10-31T19:48:24Z</time>
   </trkpt>
   <trkpt lat="39.5718430" lon="-104.8568750">
    <ele>1760.5</ele>
    <time>2022-10-31T19:48:25Z</time>
   </trkpt>
   <trkpt lat="39.5718360" lon="-104.8568930">
    <ele>1760.4</ele>
    <time>2022-10-31T19:48:26Z</time>
   </trkpt>
   <trkpt lat="39.5718230" lon="-104.8569070">
    <ele>1760.3</ele>
    <time>2022-10-31T19:48:27Z</time>
   </trkpt>
   <trkpt lat="39.5718090" lon="-104.8569300">
    <ele>1760.3</ele>
    <time>2022-10-31T19:48:28Z</time>
   </trkpt>
   <trkpt lat="39.5718050" lon="-104.8569380">
    <ele>1760.2</ele>
    <time>2022-10-31T19:48:29Z</time>
   </trkpt>
   <trkpt lat="39.5718000" lon="-104.8569460">
    <ele>1760.2</ele>
    <time>2022-10-31T19:48:30Z</time>
   </trkpt>
   <trkpt lat="39.5717910" lon="-104.8569580">
    <ele>1760.2</ele>
    <time>2022-10-31T19:48:31Z</time>
   </trkpt>
   <trkpt lat="39.5717800" lon="-104.8569710">
    <ele>1760.1</ele>
    <time>2022-10-31T19:48:32Z</time>
   </trkpt>
   <trkpt lat="39.5717650" lon="-104.8569900">
    <ele>1760.1</ele>
    <time>2022-10-31T19:48:33Z</time>
   </trkpt>
   <trkpt lat="39.5717580" lon="-104.8569980">
    <ele>1760.0</ele>
    <time>2022-10-31T19:48:34Z</time>
   </trkpt>
   <trkpt lat="39.5717510" lon="-104.8570060">
    <ele>1760.0</ele>
    <time>2022-10-31T19:48:35Z</time>
   </trkpt>
   <trkpt lat="39.5717460" lon="-104.8570120">
    <ele>1760.0</ele>
    <time>2022-10-31T19:48:36Z</time>
   </trkpt>
   <trkpt lat="39.5717370" lon="-104.8570240">
    <ele>1760.0</ele>
    <time>2022-10-31T19:48:37Z</time>
   </trkpt>
   <trkpt lat="39.5717300" lon="-104.8570390">
    <ele>1759.9</ele>
    <time>2022-10-31T19:48:38Z</time>
   </trkpt>
   <trkpt lat="39.5717230" lon="-104.8570610">
    <ele>1759.9</ele>
    <time>2022-10-31T19:48:39Z</time>
   </trkpt>
   <trkpt lat="39.5717270" lon="-104.8570800">
    <ele>1759.9</ele>
    <time>2022-10-31T19:48:40Z</time>
   </trkpt>
   <trkpt lat="39.5717260" lon="-104.8570950">
    <ele>1759.8</ele>
    <time>2022-10-31T19:48:41Z</time>
   </trkpt>
   <trkpt lat="39.5717240" lon="-104.8571090">
    <ele>1759.8</ele>
    <time>2022-10-31T19:48:42Z</time>
   </trkpt>
   <trkpt lat="39.5717190" lon="-104.8571240">
    <ele>1759.7</ele>
    <time>2022-10-31T19:48:43Z</time>
   </trkpt>
   <trkpt lat="39.5717130" lon="-104.8571410">
    <ele>1759.7</ele>
    <time>2022-10-31T19:48:44Z</time>
   </trkpt>
   <trkpt lat="39.5717090" lon="-104.8571480">
    <ele>1759.7</ele>
    <time>2022-10-31T19:48:45Z</time>
   </trkpt>
   <trkpt lat="39.5716990" lon="-104.8571600">
    <ele>1759.7</ele>
    <time>2022-10-31T19:48:46Z</time>
   </trkpt>
   <trkpt lat="39.5716900" lon="-104.8571720">
    <ele>1759.7</ele>
    <time>2022-10-31T19:48:47Z</time>
   </trkpt>
   <trkpt lat="39.5716840" lon="-104.8571900">
    <ele>1759.7</ele>
    <time>2022-10-31T19:48:48Z</time>
   </trkpt>
   <trkpt lat="39.5716800" lon="-104.8572020">
    <ele>1759.7</ele>
    <time>2022-10-31T19:48:49Z</time>
   </trkpt>
   <trkpt lat="39.5716760" lon="-104.8572080">
    <ele>1759.7</ele>
    <time>2022-10-31T19:48:50Z</time>
   </trkpt>
   <trkpt lat="39.5716680" lon="-104.8572250">
    <ele>1759.7</ele>
    <time>2022-10-31T19:48:51Z</time>
   </trkpt>
   <trkpt lat="39.5716650" lon="-104.8572500">
    <ele>1759.6</ele>
    <time>2022-10-31T19:48:52Z</time>
   </trkpt>
   <trkpt lat="39.5716620" lon="-104.8572660">
    <ele>1759.6</ele>
    <time>2022-10-31T19:48:53Z</time>
   </trkpt>
   <trkpt lat="39.5716640" lon="-104.8573020">
    <ele>1759.6</ele>
    <time>2022-10-31T19:48:54Z</time>
   </trkpt>
   <trkpt lat="39.5716620" lon="-104.8573130">
    <ele>1759.6</ele>
    <time>2022-10-31T19:48:55Z</time>
   </trkpt>
   <trkpt lat="39.5716610" lon="-104.8573320">
    <ele>1759.5</ele>
    <time>2022-10-31T19:48:56Z</time>
   </trkpt>
   <trkpt lat="39.5716600" lon="-104.8573530">
    <ele>1759.5</ele>
    <time>2022-10-31T19:48:57Z</time>
   </trkpt>
   <trkpt lat="39.5716590" lon="-104.8573800">
    <ele>1759.5</ele>
    <time>2022-10-31T19:48:58Z</time>
   </trkpt>
   <trkpt lat="39.5716590" lon="-104.8573910">
    <ele>1759.5</ele>
    <time>2022-10-31T19:48:59Z</time>
   </trkpt>
   <trkpt lat="39.5716600" lon="-104.8574020">
    <ele>1759.5</ele>
    <time>2022-10-31T19:49:00Z</time>
   </trkpt>
   <trkpt lat="39.5716580" lon="-104.8574170">
    <ele>1759.5</ele>
    <time>2022-10-31T19:49:01Z</time>
   </trkpt>
   <trkpt lat="39.5716600" lon="-104.8574390">
    <ele>1759.4</ele>
    <time>2022-10-31T19:49:02Z</time>
   </trkpt>
   <trkpt lat="39.5716610" lon="-104.8574560">
    <ele>1759.4</ele>
    <time>2022-10-31T19:49:03Z</time>
   </trkpt>
   <trkpt lat="39.5716630" lon="-104.8574750">
    <ele>1759.4</ele>
    <time>2022-10-31T19:49:04Z</time>
   </trkpt>
   <trkpt lat="39.5716660" lon="-104.8575000">
    <ele>1759.4</ele>
    <time>2022-10-31T19:49:05Z</time>
   </trkpt>
   <trkpt lat="39.5716660" lon="-104.8575110">
    <ele>1759.4</ele>
    <time>2022-10-31T19:49:06Z</time>
   </trkpt>
   <trkpt lat="39.5716660" lon="-104.8575210">
    <ele>1759.3</ele>
    <time>2022-10-31T19:49:07Z</time>
   </trkpt>
   <trkpt lat="39.5716650" lon="-104.8575500">
    <ele>1759.3</ele>
    <time>2022-10-31T19:49:08Z</time>
   </trkpt>
   <trkpt lat="39.5716660" lon="-104.8575600">
    <ele>1759.3</ele>
    <time>2022-10-31T19:49:09Z</time>
   </trkpt>
   <trkpt lat="39.5716660" lon="-104.8575710">
    <ele>1759.3</ele>
    <time>2022-10-31T19:49:10Z</time>
   </trkpt>
   <trkpt lat="39.5716650" lon="-104.8575890">
    <ele>1759.3</ele>
    <time>2022-10-31T19:49:11Z</time>
   </trkpt>
   <trkpt lat="39.5716640" lon="-104.8576040">
    <ele>1759.3</ele>
    <time>2022-10-31T19:49:12Z</time>
   </trkpt>
   <trkpt lat="39.5716660" lon="-104.8576160">
    <ele>1759.3</ele>
    <time>2022-10-31T19:49:13Z</time>
   </trkpt>
   <trkpt lat="39.5716710" lon="-104.8576380">
    <ele>1759.3</ele>
    <time>2022-10-31T19:49:14Z</time>
   </trkpt>
   <trkpt lat="39.5716730" lon="-104.8576530">
    <ele>1759.2</ele>
    <time>2022-10-31T19:49:15Z</time>
   </trkpt>
   <trkpt lat="39.5716600" lon="-104.8576790">
    <ele>1759.2</ele>
    <time>2022-10-31T19:49:16Z</time>
   </trkpt>
   <trkpt lat="39.5716590" lon="-104.8576890">
    <ele>1759.2</ele>
    <time>2022-10-31T19:49:17Z</time>
   </trkpt>
   <trkpt lat="39.5716590" lon="-104.8576990">
    <ele>1759.2</ele>
    <time>2022-10-31T19:49:18Z</time>
   </trkpt>
   <trkpt lat="39.5716600" lon="-104.8577180">
    <ele>1759.2</ele>
    <time>2022-10-31T19:49:19Z</time>
   </trkpt>
   <trkpt lat="39.5716610" lon="-104.8577370">
    <ele>1759.2</ele>
    <time>2022-10-31T19:49:20Z</time>
   </trkpt>
   <trkpt lat="39.5716640" lon="-104.8577560">
    <ele>1759.2</ele>
    <time>2022-10-31T19:49:21Z</time>
   </trkpt>
   <trkpt lat="39.5716630" lon="-104.8577740">
    <ele>1759.2</ele>
    <time>2022-10-31T19:49:22Z</time>
   </trkpt>
   <trkpt lat="39.5716630" lon="-104.8577930">
    <ele>1759.2</ele>
    <time>2022-10-31T19:49:23Z</time>
   </trkpt>
   <trkpt lat="39.5716620" lon="-104.8578100">
    <ele>1759.2</ele>
    <time>2022-10-31T19:49:24Z</time>
   </trkpt>
   <trkpt lat="39.5716630" lon="-104.8578320">
    <ele>1759.2</ele>
    <time>2022-10-31T19:49:25Z</time>
   </trkpt>
   <trkpt lat="39.5716590" lon="-104.8578510">
    <ele>1759.2</ele>
    <time>2022-10-31T19:49:26Z</time>
   </trkpt>
   <trkpt lat="39.5716550" lon="-104.8578800">
    <ele>1759.2</ele>
    <time>2022-10-31T19:49:27Z</time>
   </trkpt>
   <trkpt lat="39.5716550" lon="-104.8578910">
    <ele>1759.2</ele>
    <time>2022-10-31T19:49:28Z</time>
   </trkpt>
   <trkpt lat="39.5716540" lon="-104.8579010">
    <ele>1759.2</ele>
    <time>2022-10-31T19:49:29Z</time>
   </trkpt>
   <trkpt lat="39.5716600" lon="-104.8579230">
    <ele>1759.2</ele>
    <time>2022-10-31T19:49:30Z</time>
   </trkpt>
   <trkpt lat="39.5716620" lon="-104.8579310">
    <ele>1759.2</ele>
    <time>2022-10-31T19:49:31Z</time>
   </trkpt>
   <trkpt lat="39.5716640" lon="-104.8579390">
    <ele>1759.2</ele>
    <time>2022-10-31T19:49:32Z</time>
   </trkpt>
   <trkpt lat="39.5716670" lon="-104.8579470">
    <ele>1759.1</ele>
    <time>2022-10-31T19:49:33Z</time>
   </trkpt>
   <trkpt lat="39.5716610" lon="-104.8579640">
    <ele>1759.1</ele>
    <time>2022-10-31T19:49:34Z</time>
   </trkpt>
   <trkpt lat="39.5716590" lon="-104.8579720">
    <ele>1759.1</ele>
    <time>2022-10-31T19:49:35Z</time>
   </trkpt>
   <trkpt lat="39.5716610" lon="-104.8579900">
    <ele>1759.1</ele>
    <time>2022-10-31T19:49:36Z</time>
   </trkpt>
   <trkpt lat="39.5716590" lon="-104.8580070">
    <ele>1759.1</ele>
    <time>2022-10-31T19:49:37Z</time>
   </trkpt>
   <trkpt lat="39.5716560" lon="-104.8580270">
    <ele>1759.1</ele>
    <time>2022-10-31T19:49:38Z</time>
   </trkpt>
   <trkpt lat="39.5716540" lon="-104.8580540">
    <ele>1759.1</ele>
    <time>2022-10-31T19:49:39Z</time>
   </trkpt>
   <trkpt lat="39.5716530" lon="-104.8580680">
    <ele>1759.1</ele>
    <time>2022-10-31T19:49:40Z</time>
   </trkpt>
   <trkpt lat="39.5716490" lon="-104.8580980">
    <ele>1759.1</ele>
    <time>2022-10-31T19:49:41Z</time>
   </trkpt>
   <trkpt lat="39.5716490" lon="-104.8581100">
    <ele>1759.0</ele>
    <time>2022-10-31T19:49:42Z</time>
   </trkpt>
   <trkpt lat="39.5716490" lon="-104.8581220">
    <ele>1759.0</ele>
    <time>2022-10-31T19:49:43Z</time>
   </trkpt>
   <trkpt lat="39.5716430" lon="-104.8581460">
    <ele>1759.0</ele>
    <time>2022-10-31T19:49:44Z</time>
   </trkpt>
   <trkpt lat="39.5716410" lon="-104.8581670">
    <ele>1759.0</ele>
    <time>2022-10-31T19:49:45Z</time>
   </trkpt>
   <trkpt lat="39.5716360" lon="-104.8581950">
    <ele>1759.0</ele>
    <time>2022-10-31T19:49:46Z</time>
   </trkpt>
   <trkpt lat="39.5716340" lon="-104.8582050">
    <ele>1759.0</ele>
    <time>2022-10-31T19:49:47Z</time>
   </trkpt>
   <trkpt lat="39.5716320" lon="-104.8582150">
    <ele>1759.0</ele>
    <time>2022-10-31T19:49:48Z</time>
   </trkpt>
   <trkpt lat="39.5716240" lon="-104.8582490">
    <ele>1759.0</ele>
    <time>2022-10-31T19:49:49Z</time>
   </trkpt>
   <trkpt lat="39.5716200" lon="-104.8582600">
    <ele>1759.0</ele>
    <time>2022-10-31T19:49:50Z</time>
   </trkpt>
   <trkpt lat="39.5716210" lon="-104.8582790">
    <ele>1758.9</ele>
    <time>2022-10-31T19:49:51Z</time>
   </trkpt>
   <trkpt lat="39.5716180" lon="-104.8582960">
    <ele>1758.9</ele>
    <time>2022-10-31T19:49:52Z</time>
   </trkpt>
   <trkpt lat="39.5716120" lon="-104.8583130">
    <ele>1758.9</ele>
    <time>2022-10-31T19:49:53Z</time>
   </trkpt>
   <trkpt lat="39.5716090" lon="-104.8583320">
    <ele>1758.9</ele>
    <time>2022-10-31T19:49:54Z</time>
   </trkpt>
   <trkpt lat="39.5716020" lon="-104.8583460">
    <ele>1758.9</ele>
    <time>2022-10-31T19:49:55Z</time>
   </trkpt>
   <trkpt lat="39.5715990" lon="-104.8583660">
    <ele>1758.9</ele>
    <time>2022-10-31T19:49:56Z</time>
   </trkpt>
   <trkpt lat="39.5715940" lon="-104.8583840">
    <ele>1758.9</ele>
    <time>2022-10-31T19:49:57Z</time>
   </trkpt>
   <trkpt lat="39.5715960" lon="-104.8584010">
    <ele>1758.9</ele>
    <time>2022-10-31T19:49:58Z</time>
   </trkpt>
   <trkpt lat="39.5715850" lon="-104.8584280">
    <ele>1758.9</ele>
    <time>2022-10-31T19:49:59Z</time>
   </trkpt>
   <trkpt lat="39.5715810" lon="-104.8584390">
    <ele>1758.9</ele>
    <time>2022-10-31T19:50:00Z</time>
   </trkpt>
   <trkpt lat="39.5715770" lon="-104.8584500">
    <ele>1758.9</ele>
    <time>2022-10-31T19:50:01Z</time>
   </trkpt>
   <trkpt lat="39.5715730" lon="-104.8584650">
    <ele>1758.9</ele>
    <time>2022-10-31T19:50:02Z</time>
   </trkpt>
   <trkpt lat="39.5715650" lon="-104.8584760">
    <ele>1758.9</ele>
    <time>2022-10-31T19:50:03Z</time>
   </trkpt>
   <trkpt lat="39.5715580" lon="-104.8584880">
    <ele>1758.9</ele>
    <time>2022-10-31T19:50:04Z</time>
   </trkpt>
   <trkpt lat="39.5715460" lon="-104.8585110">
    <ele>1758.8</ele>
    <time>2022-10-31T19:50:05Z</time>
   </trkpt>
   <trkpt lat="39.5715420" lon="-104.8585220">
    <ele>1758.8</ele>
    <time>2022-10-31T19:50:06Z</time>
   </trkpt>
   <trkpt lat="39.5715380" lon="-104.8585320">
    <ele>1758.8</ele>
    <time>2022-10-31T19:50:07Z</time>
   </trkpt>
   <trkpt lat="39.5715320" lon="-104.8585580">
    <ele>1758.8</ele>
    <time>2022-10-31T19:50:08Z</time>
   </trkpt>
   <trkpt lat="39.5715290" lon="-104.8585680">
    <ele>1758.8</ele>
    <time>2022-10-31T19:50:09Z</time>
   </trkpt>
   <trkpt lat="39.5715270" lon="-104.8585780">
    <ele>1758.8</ele>
    <time>2022-10-31T19:50:10Z</time>
   </trkpt>
   <trkpt lat="39.5715170" lon="-104.8586030">
    <ele>1758.8</ele>
    <time>2022-10-31T19:50:11Z</time>
   </trkpt>
   <trkpt lat="39.5715120" lon="-104.8586130">
    <ele>1758.8</ele>
    <time>2022-10-31T19:50:12Z</time>
   </trkpt>
   <trkpt lat="39.5715080" lon="-104.8586230">
    <ele>1758.8</ele>
    <time>2022-10-31T19:50:13Z</time>
   </trkpt>
   <trkpt lat="39.5714990" lon="-104.8586460">
    <ele>1758.8</ele>
    <time>2022-10-31T19:50:14Z</time>
   </trkpt>
   <trkpt lat="39.5714930" lon="-104.8586570">
    <ele>1758.8</ele>
    <time>2022-10-31T19:50:15Z</time>
   </trkpt>
   <trkpt lat="39.5714880" lon="-104.8586670">
    <ele>1758.8</ele>
    <time>2022-10-31T19:50:16Z</time>
   </trkpt>
   <trkpt lat="39.5714810" lon="-104.8586840">
    <ele>1758.8</ele>
    <time>2022-10-31T19:50:17Z</time>
   </trkpt>
   <trkpt lat="39.5714740" lon="-104.8587000">
    <ele>1758.7</ele>
    <time>2022-10-31T19:50:18Z</time>
   </trkpt>
   <trkpt lat="39.5714610" lon="-104.8587220">
    <ele>1758.7</ele>
    <time>2022-10-31T19:50:19Z</time>
   </trkpt>
   <trkpt lat="39.5714570" lon="-104.8587330">
    <ele>1758.7</ele>
    <time>2022-10-31T19:50:20Z</time>
   </trkpt>
   <trkpt lat="39.5714530" lon="-104.8587430">
    <ele>1758.7</ele>
    <time>2022-10-31T19:50:21Z</time>
   </trkpt>
   <trkpt lat="39.5714420" lon="-104.8587660">
    <ele>1758.7</ele>
    <time>2022-10-31T19:50:22Z</time>
   </trkpt>
   <trkpt lat="39.5714370" lon="-104.8587740">
    <ele>1758.7</ele>
    <time>2022-10-31T19:50:23Z</time>
   </trkpt>
   <trkpt lat="39.5714330" lon="-104.8587830">
    <ele>1758.7</ele>
    <time>2022-10-31T19:50:24Z</time>
   </trkpt>
   <trkpt lat="39.5714220" lon="-104.8587990">
    <ele>1758.7</ele>
    <time>2022-10-31T19:50:25Z</time>
   </trkpt>
   <trkpt lat="39.5714130" lon="-104.8588130">
    <ele>1758.7</ele>
    <time>2022-10-31T19:50:26Z</time>
   </trkpt>
   <trkpt lat="39.5713990" lon="-104.8588330">
    <ele>1758.7</ele>
    <time>2022-10-31T19:50:27Z</time>
   </trkpt>
   <trkpt lat="39.5713950" lon="-104.8588410">
    <ele>1758.7</ele>
    <time>2022-10-31T19:50:28Z</time>
   </trkpt>
   <trkpt lat="39.5713900" lon="-104.8588500">
    <ele>1758.7</ele>
    <time>2022-10-31T19:50:29Z</time>
   </trkpt>
   <trkpt lat="39.5713750" lon="-104.8588670">
    <ele>1758.7</ele>
    <time>2022-10-31T19:50:30Z</time>
   </trkpt>
   <trkpt lat="39.5713680" lon="-104.8588740">
    <ele>1758.7</ele>
    <time>2022-10-31T19:50:31Z</time>
   </trkpt>
   <trkpt lat="39.5713620" lon="-104.8588810">
    <ele>1758.7</ele>
    <time>2022-10-31T19:50:32Z</time>
   </trkpt>
   <trkpt lat="39.5713510" lon="-104.8589040">
    <ele>1758.7</ele>
    <time>2022-10-31T19:50:33Z</time>
   </trkpt>
   <trkpt lat="39.5713460" lon="-104.8589120">
    <ele>1758.7</ele>
    <time>2022-10-31T19:50:34Z</time>
   </trkpt>
   <trkpt lat="39.5713420" lon="-104.8589210">
    <ele>1758.7</ele>
    <time>2022-10-31T19:50:35Z</time>
   </trkpt>
   <trkpt lat="39.5713260" lon="-104.8589380">
    <ele>1758.7</ele>
    <time>2022-10-31T19:50:36Z</time>
   </trkpt>
   <trkpt lat="39.5713190" lon="-104.8589450">
    <ele>1758.7</ele>
    <time>2022-10-31T19:50:37Z</time>
   </trkpt>
   <trkpt lat="39.5713120" lon="-104.8589510">
    <ele>1758.7</ele>
    <time>2022-10-31T19:50:38Z</time>
   </trkpt>
   <trkpt lat="39.5713050" lon="-104.8589600">
    <ele>1758.7</ele>
    <time>2022-10-31T19:50:39Z</time>
   </trkpt>
   <trkpt lat="39.5712950" lon="-104.8589690">
    <ele>1758.7</ele>
    <time>2022-10-31T19:50:40Z</time>
   </trkpt>
   <trkpt lat="39.5712870" lon="-104.8589820">
    <ele>1758.7</ele>
    <time>2022-10-31T19:50:41Z</time>
   </trkpt>
   <trkpt lat="39.5712770" lon="-104.8589940">
    <ele>1758.7</ele>
    <time>2022-10-31T19:50:42Z</time>
   </trkpt>
   <trkpt lat="39.5712680" lon="-104.8590070">
    <ele>1758.7</ele>
    <time>2022-10-31T19:50:43Z</time>
   </trkpt>
   <trkpt lat="39.5712620" lon="-104.8590210">
    <ele>1758.7</ele>
    <time>2022-10-31T19:50:44Z</time>
   </trkpt>
   <trkpt lat="39.5712490" lon="-104.8590340">
    <ele>1758.7</ele>
    <time>2022-10-31T19:50:45Z</time>
   </trkpt>
   <trkpt lat="39.5712370" lon="-104.8590440">
    <ele>1758.7</ele>
    <time>2022-10-31T19:50:46Z</time>
   </trkpt>
   <trkpt lat="39.5712260" lon="-104.8590550">
    <ele>1758.7</ele>
    <time>2022-10-31T19:50:47Z</time>
   </trkpt>
   <trkpt lat="39.5712140" lon="-104.8590640">
    <ele>1758.7</ele>
    <time>2022-10-31T19:50:48Z</time>
   </trkpt>
   <trkpt lat="39.5712020" lon="-104.8590720">
    <ele>1758.7</ele>
    <time>2022-10-31T19:50:49Z</time>
   </trkpt>
   <trkpt lat="39.5711830" lon="-104.8590910">
    <ele>1758.7</ele>
    <time>2022-10-31T19:50:50Z</time>
   </trkpt>
   <trkpt lat="39.5711760" lon="-104.8590970">
    <ele>1758.7</ele>
    <time>2022-10-31T19:50:51Z</time>
   </trkpt>
   <trkpt lat="39.5711680" lon="-104.8591030">
    <ele>1758.7</ele>
    <time>2022-10-31T19:50:52Z</time>
   </trkpt>
   <trkpt lat="39.5711530" lon="-104.8591180">
    <ele>1758.7</ele>
    <time>2022-10-31T19:50:53Z</time>
   </trkpt>
   <trkpt lat="39.5711460" lon="-104.8591240">
    <ele>1758.7</ele>
    <time>2022-10-31T19:50:54Z</time>
   </trkpt>
   <trkpt lat="39.5711380" lon="-104.8591300">
    <ele>1758.7</ele>
    <time>2022-10-31T19:50:55Z</time>
   </trkpt>
   <trkpt lat="39.5711200" lon="-104.8591450">
    <ele>1758.7</ele>
    <time>2022-10-31T19:50:56Z</time>
   </trkpt>
   <trkpt lat="39.5711120" lon="-104.8591490">
    <ele>1758.7</ele>
    <time>2022-10-31T19:50:57Z</time>
   </trkpt>
   <trkpt lat="39.5711030" lon="-104.8591540">
    <ele>1758.7</ele>
    <time>2022-10-31T19:50:58Z</time>
   </trkpt>
   <trkpt lat="39.5710860" lon="-104.8591700">
    <ele>1758.7</ele>
    <time>2022-10-31T19:50:59Z</time>
   </trkpt>
   <trkpt lat="39.5710790" lon="-104.8591760">
    <ele>1758.7</ele>
    <time>2022-10-31T19:51:00Z</time>
   </trkpt>
   <trkpt lat="39.5710710" lon="-104.8591820">
    <ele>1758.7</ele>
    <time>2022-10-31T19:51:01Z</time>
   </trkpt>
   <trkpt lat="39.5710590" lon="-104.8591940">
    <ele>1758.7</ele>
    <time>2022-10-31T19:51:02Z</time>
   </trkpt>
   <trkpt lat="39.5710470" lon="-104.8592030">
    <ele>1758.7</ele>
    <time>2022-10-31T19:51:03Z</time>
   </trkpt>
   <trkpt lat="39.5710340" lon="-104.8592090">
    <ele>1758.8</ele>
    <time>2022-10-31T19:51:04Z</time>
   </trkpt>
   <trkpt lat="39.5710220" lon="-104.8592190">
    <ele>1758.8</ele>
    <time>2022-10-31T19:51:05Z</time>
   </trkpt>
   <trkpt lat="39.5710030" lon="-104.8592310">
    <ele>1758.8</ele>
    <time>2022-10-31T19:51:06Z</time>
   </trkpt>
   <trkpt lat="39.5709950" lon="-104.8592360">
    <ele>1758.8</ele>
    <time>2022-10-31T19:51:07Z</time>
   </trkpt>
   <trkpt lat="39.5709860" lon="-104.8592400">
    <ele>1758.8</ele>
    <time>2022-10-31T19:51:08Z</time>
   </trkpt>
   <trkpt lat="39.5709670" lon="-104.8592550">
    <ele>1758.8</ele>
    <time>2022-10-31T19:51:09Z</time>
   </trkpt>
   <trkpt lat="39.5709590" lon="-104.8592600">
    <ele>1758.8</ele>
    <time>2022-10-31T19:51:10Z</time>
   </trkpt>
   <trkpt lat="39.5709510" lon="-104.8592660">
    <ele>1758.9</ele>
    <time>2022-10-31T19:51:11Z</time>
   </trkpt>
   <trkpt lat="39.5709390" lon="-104.8592750">
    <ele>1758.9</ele>
    <time>2022-10-31T19:51:12Z</time>
   </trkpt>
   <trkpt lat="39.5709360" lon="-104.8592850">
    <ele>1758.9</ele>
    <time>2022-10-31T19:51:13Z</time>
   </trkpt>
   <trkpt lat="39.5709260" lon="-104.8592960">
    <ele>1758.9</ele>
    <time>2022-10-31T19:51:14Z</time>
   </trkpt>
   <trkpt lat="39.5709070" lon="-104.8593060">
    <ele>1758.9</ele>
    <time>2022-10-31T19:51:15Z</time>
   </trkpt>
   <trkpt lat="39.5708990" lon="-104.8593170">
    <ele>1758.9</ele>
    <time>2022-10-31T19:51:16Z</time>
   </trkpt>
   <trkpt lat="39.5708870" lon="-104.8593250">
    <ele>1759.0</ele>
    <time>2022-10-31T19:51:17Z</time>
   </trkpt>
   <trkpt lat="39.5708730" lon="-104.8593320">
    <ele>1759.0</ele>
    <time>2022-10-31T19:51:18Z</time>
   </trkpt>
   <trkpt lat="39.5708610" lon="-104.8593350">
    <ele>1759.0</ele>
    <time>2022-10-31T19:51:19Z</time>
   </trkpt>
   <trkpt lat="39.5708540" lon="-104.8593450">
    <ele>1759.0</ele>
    <time>2022-10-31T19:51:20Z</time>
   </trkpt>
   <trkpt lat="39.5708430" lon="-104.8593540">
    <ele>1759.0</ele>
    <time>2022-10-31T19:51:21Z</time>
   </trkpt>
   <trkpt lat="39.5708250" lon="-104.8593680">
    <ele>1759.0</ele>
    <time>2022-10-31T19:51:22Z</time>
   </trkpt>
   <trkpt lat="39.5708160" lon="-104.8593740">
    <ele>1759.1</ele>
    <time>2022-10-31T19:51:23Z</time>
   </trkpt>
   <trkpt lat="39.5708070" lon="-104.8593790">
    <ele>1759.1</ele>
    <time>2022-10-31T19:51:24Z</time>
   </trkpt>
   <trkpt lat="39.5707960" lon="-104.8593880">
    <ele>1759.1</ele>
    <time>2022-10-31T19:51:25Z</time>
   </trkpt>
   <trkpt lat="39.5707830" lon="-104.8593960">
    <ele>1759.1</ele>
    <time>2022-10-31T19:51:26Z</time>
   </trkpt>
   <trkpt lat="39.5707650" lon="-104.8594130">
    <ele>1759.1</ele>
    <time>2022-10-31T19:51:27Z</time>
   </trkpt>
   <trkpt lat="39.5707590" lon="-104.8594200">
    <ele>1759.1</ele>
    <time>2022-10-31T19:51:28Z</time>
   </trkpt>
   <trkpt lat="39.5707530" lon="-104.8594280">
    <ele>1759.2</ele>
    <time>2022-10-31T19:51:29Z</time>
   </trkpt>
   <trkpt lat="39.5707350" lon="-104.8594430">
    <ele>1759.2</ele>
    <time>2022-10-31T19:51:30Z</time>
   </trkpt>
   <trkpt lat="39.5707290" lon="-104.8594500">
    <ele>1759.2</ele>
    <time>2022-10-31T19:51:31Z</time>
   </trkpt>
   <trkpt lat="39.5707230" lon="-104.8594580">
    <ele>1759.2</ele>
    <time>2022-10-31T19:51:32Z</time>
   </trkpt>
   <trkpt lat="39.5707110" lon="-104.8594630">
    <ele>1759.2</ele>
    <time>2022-10-31T19:51:33Z</time>
   </trkpt>
   <trkpt lat="39.5706960" lon="-104.8594690">
    <ele>1759.2</ele>
    <time>2022-10-31T19:51:34Z</time>
   </trkpt>
   <trkpt lat="39.5706770" lon="-104.8594840">
    <ele>1759.3</ele>
    <time>2022-10-31T19:51:35Z</time>
   </trkpt>
   <trkpt lat="39.5706690" lon="-104.8594890">
    <ele>1759.3</ele>
    <time>2022-10-31T19:51:36Z</time>
   </trkpt>
   <trkpt lat="39.5706600" lon="-104.8594950">
    <ele>1759.3</ele>
    <time>2022-10-31T19:51:37Z</time>
   </trkpt>
   <trkpt lat="39.5706400" lon="-104.8595070">
    <ele>1759.3</ele>
    <time>2022-10-31T19:51:38Z</time>
   </trkpt>
   <trkpt lat="39.5706320" lon="-104.8595120">
    <ele>1759.4</ele>
    <time>2022-10-31T19:51:39Z</time>
   </trkpt>
   <trkpt lat="39.5706240" lon="-104.8595170">
    <ele>1759.4</ele>
    <time>2022-10-31T19:51:40Z</time>
   </trkpt>
   <trkpt lat="39.5706090" lon="-104.8595330">
    <ele>1759.4</ele>
    <time>2022-10-31T19:51:41Z</time>
   </trkpt>
   <trkpt lat="39.5706010" lon="-104.8595380">
    <ele>1759.4</ele>
    <time>2022-10-31T19:51:42Z</time>
   </trkpt>
   <trkpt lat="39.5705930" lon="-104.8595430">
    <ele>1759.4</ele>
    <time>2022-10-31T19:51:43Z</time>
   </trkpt>
   <trkpt lat="39.5705730" lon="-104.8595520">
    <ele>1759.5</ele>
    <time>2022-10-31T19:51:44Z</time>
   </trkpt>
   <trkpt lat="39.5705650" lon="-104.8595570">
    <ele>1759.5</ele>
    <time>2022-10-31T19:51:45Z</time>
   </trkpt>
   <trkpt lat="39.5705570" lon="-104.8595620">
    <ele>1759.5</ele>
    <time>2022-10-31T19:51:46Z</time>
   </trkpt>
   <trkpt lat="39.5705460" lon="-104.8595770">
    <ele>1759.5</ele>
    <time>2022-10-31T19:51:47Z</time>
   </trkpt>
   <trkpt lat="39.5705350" lon="-104.8595880">
    <ele>1759.5</ele>
    <time>2022-10-31T19:51:48Z</time>
   </trkpt>
   <trkpt lat="39.5705240" lon="-104.8595990">
    <ele>1759.5</ele>
    <time>2022-10-31T19:51:49Z</time>
   </trkpt>
   <trkpt lat="39.5705050" lon="-104.8596100">
    <ele>1759.6</ele>
    <time>2022-10-31T19:51:50Z</time>
   </trkpt>
   <trkpt lat="39.5704900" lon="-104.8596260">
    <ele>1759.6</ele>
    <time>2022-10-31T19:51:51Z</time>
   </trkpt>
   <trkpt lat="39.5704810" lon="-104.8596330">
    <ele>1759.6</ele>
    <time>2022-10-31T19:51:52Z</time>
   </trkpt>
   <trkpt lat="39.5704730" lon="-104.8596400">
    <ele>1759.7</ele>
    <time>2022-10-31T19:51:53Z</time>
   </trkpt>
   <trkpt lat="39.5704670" lon="-104.8596570">
    <ele>1759.7</ele>
    <time>2022-10-31T19:51:54Z</time>
   </trkpt>
   <trkpt lat="39.5704580" lon="-104.8596710">
    <ele>1759.7</ele>
    <time>2022-10-31T19:51:55Z</time>
   </trkpt>
   <trkpt lat="39.5704550" lon="-104.8596860">
    <ele>1759.7</ele>
    <time>2022-10-31T19:51:56Z</time>
   </trkpt>
   <trkpt lat="39.5704360" lon="-104.8597000">
    <ele>1759.8</ele>
    <time>2022-10-31T19:51:57Z</time>
   </trkpt>
   <trkpt lat="39.5704230" lon="-104.8597100">
    <ele>1759.8</ele>
    <time>2022-10-31T19:51:58Z</time>
   </trkpt>
   <trkpt lat="39.5704120" lon="-104.8597230">
    <ele>1759.8</ele>
    <time>2022-10-31T19:51:59Z</time>
   </trkpt>
   <trkpt lat="39.5703980" lon="-104.8597300">
    <ele>1759.9</ele>
    <time>2022-10-31T19:52:00Z</time>
   </trkpt>
   <trkpt lat="39.5703860" lon="-104.8597420">
    <ele>1759.9</ele>
    <time>2022-10-31T19:52:01Z</time>
   </trkpt>
   <trkpt lat="39.5703740" lon="-104.8597510">
    <ele>1759.9</ele>
    <time>2022-10-31T19:52:02Z</time>
   </trkpt>
   <trkpt lat="39.5703590" lon="-104.8597570">
    <ele>1759.9</ele>
    <time>2022-10-31T19:52:03Z</time>
   </trkpt>
   <trkpt lat="39.5703440" lon="-104.8597610">
    <ele>1759.9</ele>
    <time>2022-10-31T19:52:04Z</time>
   </trkpt>
   <trkpt lat="39.5703270" lon="-104.8597710">
    <ele>1760.0</ele>
    <time>2022-10-31T19:52:05Z</time>
   </trkpt>
   <trkpt lat="39.5703160" lon="-104.8597820">
    <ele>1760.0</ele>
    <time>2022-10-31T19:52:06Z</time>
   </trkpt>
   <trkpt lat="39.5702980" lon="-104.8597930">
    <ele>1760.0</ele>
    <time>2022-10-31T19:52:07Z</time>
   </trkpt>
   <trkpt lat="39.5702780" lon="-104.8598050">
    <ele>1760.0</ele>
    <time>2022-10-31T19:52:08Z</time>
   </trkpt>
   <trkpt lat="39.5702700" lon="-104.8598090">
    <ele>1760.0</ele>
    <time>2022-10-31T19:52:09Z</time>
   </trkpt>
   <trkpt lat="39.5702630" lon="-104.8598140">
    <ele>1760.0</ele>
    <time>2022-10-31T19:52:10Z</time>
   </trkpt>
   <trkpt lat="39.5702510" lon="-104.8598190">
    <ele>1760.0</ele>
    <time>2022-10-31T19:52:11Z</time>
   </trkpt>
   <trkpt lat="39.5702430" lon="-104.8598240">
    <ele>1760.0</ele>
    <time>2022-10-31T19:52:12Z</time>
   </trkpt>
   <trkpt lat="39.5702290" lon="-104.8598270">
    <ele>1760.1</ele>
    <time>2022-10-31T19:52:13Z</time>
   </trkpt>
   <trkpt lat="39.5702210" lon="-104.8598340">
    <ele>1760.1</ele>
    <time>2022-10-31T19:52:14Z</time>
   </trkpt>
   <trkpt lat="39.5702110" lon="-104.8598410">
    <ele>1760.1</ele>
    <time>2022-10-31T19:52:15Z</time>
   </trkpt>
   <trkpt lat="39.5702040" lon="-104.8598510">
    <ele>1760.1</ele>
    <time>2022-10-31T19:52:16Z</time>
   </trkpt>
   <trkpt lat="39.5701960" lon="-104.8598560">
    <ele>1760.1</ele>
    <time>2022-10-31T19:52:17Z</time>
   </trkpt>
   <trkpt lat="39.5701860" lon="-104.8598640">
    <ele>1760.1</ele>
    <time>2022-10-31T19:52:18Z</time>
   </trkpt>
   <trkpt lat="39.5701770" lon="-104.8598740">
    <ele>1760.1</ele>
    <time>2022-10-31T19:52:19Z</time>
   </trkpt>
   <trkpt lat="39.5701540" lon="-104.8598830">
    <ele>1760.1</ele>
    <time>2022-10-31T19:52:20Z</time>
   </trkpt>
   <trkpt lat="39.5701480" lon="-104.8598870">
    <ele>1760.2</ele>
    <time>2022-10-31T19:52:21Z</time>
   </trkpt>
   <trkpt lat="39.5701420" lon="-104.8598910">
    <ele>1760.2</ele>
    <time>2022-10-31T19:52:22Z</time>
   </trkpt>
   <trkpt lat="39.5701390" lon="-104.8599020">
    <ele>1760.2</ele>
    <time>2022-10-31T19:52:23Z</time>
   </trkpt>
   <trkpt lat="39.5701310" lon="-104.8599130">
    <ele>1760.2</ele>
    <time>2022-10-31T19:52:24Z</time>
   </trkpt>
   <trkpt lat="39.5701230" lon="-104.8599230">
    <ele>1760.2</ele>
    <time>2022-10-31T19:52:25Z</time>
   </trkpt>
   <trkpt lat="39.5701100" lon="-104.8599260">
    <ele>1760.2</ele>
    <time>2022-10-31T19:52:26Z</time>
   </trkpt>
   <trkpt lat="39.5700970" lon="-104.8599330">
    <ele>1760.2</ele>
    <time>2022-10-31T19:52:27Z</time>
   </trkpt>
   <trkpt lat="39.5700840" lon="-104.8599460">
    <ele>1760.2</ele>
    <time>2022-10-31T19:52:28Z</time>
   </trkpt>
   <trkpt lat="39.5700710" lon="-104.8599530">
    <ele>1760.3</ele>
    <time>2022-10-31T19:52:29Z</time>
   </trkpt>
   <trkpt lat="39.5700570" lon="-104.8599640">
    <ele>1760.3</ele>
    <time>2022-10-31T19:52:30Z</time>
   </trkpt>
   <trkpt lat="39.5700470" lon="-104.8599700">
    <ele>1760.3</ele>
    <time>2022-10-31T19:52:31Z</time>
   </trkpt>
   <trkpt lat="39.5700350" lon="-104.8599730">
    <ele>1760.3</ele>
    <time>2022-10-31T19:52:32Z</time>
   </trkpt>
   <trkpt lat="39.5700290" lon="-104.8599800">
    <ele>1760.3</ele>
    <time>2022-10-31T19:52:33Z</time>
   </trkpt>
   <trkpt lat="39.5700200" lon="-104.8599850">
    <ele>1760.3</ele>
    <time>2022-10-31T19:52:34Z</time>
   </trkpt>
   <trkpt lat="39.5700120" lon="-104.8599890">
    <ele>1760.3</ele>
    <time>2022-10-31T19:52:35Z</time>
   </trkpt>
   <trkpt lat="39.5700030" lon="-104.8599930">
    <ele>1760.4</ele>
    <time>2022-10-31T19:52:36Z</time>
   </trkpt>
   <trkpt lat="39.5699880" lon="-104.8600030">
    <ele>1760.4</ele>
    <time>2022-10-31T19:52:37Z</time>
   </trkpt>
   <trkpt lat="39.5699710" lon="-104.8600210">
    <ele>1760.4</ele>
    <time>2022-10-31T19:52:38Z</time>
   </trkpt>
   <trkpt lat="39.5699640" lon="-104.8600270">
    <ele>1760.4</ele>
    <time>2022-10-31T19:52:39Z</time>
   </trkpt>
   <trkpt lat="39.5699560" lon="-104.8600330">
    <ele>1760.4</ele>
    <time>2022-10-31T19:52:40Z</time>
   </trkpt>
   <trkpt lat="39.5699450" lon="-104.8600390">
    <ele>1760.4</ele>
    <time>2022-10-31T19:52:41Z</time>
   </trkpt>
   <trkpt lat="39.5699310" lon="-104.8600500">
    <ele>1760.5</ele>
    <time>2022-10-31T19:52:42Z</time>
   </trkpt>
   <trkpt lat="39.5699140" lon="-104.8600580">
    <ele>1760.5</ele>
    <time>2022-10-31T19:52:43Z</time>
   </trkpt>
   <trkpt lat="39.5699030" lon="-104.8600720">
    <ele>1760.5</ele>
    <time>2022-10-31T19:52:44Z</time>
   </trkpt>
   <trkpt lat="39.5698880" lon="-104.8600820">
    <ele>1760.5</ele>
    <time>2022-10-31T19:52:45Z</time>
   </trkpt>
   <trkpt lat="39.5698760" lon="-104.8600870">
    <ele>1760.6</ele>
    <time>2022-10-31T19:52:46Z</time>
   </trkpt>
   <trkpt lat="39.5698630" lon="-104.8600920">
    <ele>1760.6</ele>
    <time>2022-10-31T19:52:47Z</time>
   </trkpt>
   <trkpt lat="39.5698520" lon="-104.8601060">
    <ele>1760.6</ele>
    <time>2022-10-31T19:52:48Z</time>
   </trkpt>
   <trkpt lat="39.5698410" lon="-104.8601120">
    <ele>1760.6</ele>
    <time>2022-10-31T19:52:49Z</time>
   </trkpt>
   <trkpt lat="39.5698280" lon="-104.8601240">
    <ele>1760.6</ele>
    <time>2022-10-31T19:52:50Z</time>
   </trkpt>
   <trkpt lat="39.5698130" lon="-104.8601310">
    <ele>1760.7</ele>
    <time>2022-10-31T19:52:51Z</time>
   </trkpt>
   <trkpt lat="39.5698030" lon="-104.8601400">
    <ele>1760.7</ele>
    <time>2022-10-31T19:52:52Z</time>
   </trkpt>
   <trkpt lat="39.5697780" lon="-104.8601510">
    <ele>1760.7</ele>
    <time>2022-10-31T19:52:53Z</time>
   </trkpt>
   <trkpt lat="39.5697720" lon="-104.8601560">
    <ele>1760.7</ele>
    <time>2022-10-31T19:52:54Z</time>
   </trkpt>
   <trkpt lat="39.5697670" lon="-104.8601610">
    <ele>1760.7</ele>
    <time>2022-10-31T19:52:55Z</time>
   </trkpt>
   <trkpt lat="39.5697590" lon="-104.8601690">
    <ele>1760.7</ele>
    <time>2022-10-31T19:52:56Z</time>
   </trkpt>
   <trkpt lat="39.5697550" lon="-104.8601720">
    <ele>1760.7</ele>
    <time>2022-10-31T19:52:57Z</time>
   </trkpt>
   <trkpt lat="39.5697610" lon="-104.8601610">
    <ele>1760.8</ele>
    <time>2022-10-31T19:52:58Z</time>
   </trkpt>
   <trkpt lat="39.5697730" lon="-104.8601510">
    <ele>1760.8</ele>
    <time>2022-10-31T19:52:59Z</time>
   </trkpt>
   <trkpt lat="39.5697830" lon="-104.8601450">
    <ele>1760.8</ele>
    <time>2022-10-31T19:53:00Z</time>
   </trkpt>
   <trkpt lat="39.5697960" lon="-104.8601350">
    <ele>1760.8</ele>
    <time>2022-10-31T19:53:01Z</time>
   </trkpt>
   <trkpt lat="39.5698140" lon="-104.8601290">
    <ele>1760.9</ele>
    <time>2022-10-31T19:53:02Z</time>
   </trkpt>
   <trkpt lat="39.5698230" lon="-104.8601260">
    <ele>1760.9</ele>
    <time>2022-10-31T19:53:03Z</time>
   </trkpt>
   <trkpt lat="39.5698310" lon="-104.8601230">
    <ele>1760.9</ele>
    <time>2022-10-31T19:53:04Z</time>
   </trkpt>
   <trkpt lat="39.5698400" lon="-104.8601160">
    <ele>1760.9</ele>
    <time>2022-10-31T19:53:05Z</time>
   </trkpt>
   <trkpt lat="39.5698490" lon="-104.8601140">
    <ele>1760.9</ele>
    <time>2022-10-31T19:53:06Z</time>
   </trkpt>
   <trkpt lat="39.5698630" lon="-104.8601030">
    <ele>1760.9</ele>
    <time>2022-10-31T19:53:07Z</time>
   </trkpt>
   <trkpt lat="39.5698760" lon="-104.8600970">
    <ele>1761.0</ele>
    <time>2022-10-31T19:53:08Z</time>
   </trkpt>
   <trkpt lat="39.5698890" lon="-104.8600850">
    <ele>1761.0</ele>
    <time>2022-10-31T19:53:09Z</time>
   </trkpt>
   <trkpt lat="39.5699080" lon="-104.8600740">
    <ele>1760.9</ele>
    <time>2022-10-31T19:53:10Z</time>
   </trkpt>
   <trkpt lat="39.5699150" lon="-104.8600700">
    <ele>1760.9</ele>
    <time>2022-10-31T19:53:11Z</time>
   </trkpt>
   <trkpt lat="39.5699220" lon="-104.8600670">
    <ele>1760.9</ele>
    <time>2022-10-31T19:53:12Z</time>
   </trkpt>
   <trkpt lat="39.5699320" lon="-104.8600580">
    <ele>1760.9</ele>
    <time>2022-10-31T19:53:13Z</time>
   </trkpt>
   <trkpt lat="39.5699390" lon="-104.8600500">
    <ele>1760.8</ele>
    <time>2022-10-31T19:53:14Z</time>
   </trkpt>
   <trkpt lat="39.5699510" lon="-104.8600430">
    <ele>1760.8</ele>
    <time>2022-10-31T19:53:15Z</time>
   </trkpt>
   <trkpt lat="39.5699600" lon="-104.8600410">
    <ele>1760.8</ele>
    <time>2022-10-31T19:53:16Z</time>
   </trkpt>
   <trkpt lat="39.5699670" lon="-104.8600350">
    <ele>1760.8</ele>
    <time>2022-10-31T19:53:17Z</time>
   </trkpt>
   <trkpt lat="39.5699800" lon="-104.8600260">
    <ele>1760.7</ele>
    <time>2022-10-31T19:53:18Z</time>
   </trkpt>
   <trkpt lat="39.5699870" lon="-104.8600170">
    <ele>1760.7</ele>
    <time>2022-10-31T19:53:19Z</time>
   </trkpt>
   <trkpt lat="39.5699960" lon="-104.8600100">
    <ele>1760.7</ele>
    <time>2022-10-31T19:53:20Z</time>
   </trkpt>
   <trkpt lat="39.5700110" lon="-104.8600030">
    <ele>1760.6</ele>
    <time>2022-10-31T19:53:21Z</time>
   </trkpt>
   <trkpt lat="39.5700290" lon="-104.8599910">
    <ele>1760.6</ele>
    <time>2022-10-31T19:53:22Z</time>
   </trkpt>
   <trkpt lat="39.5700360" lon="-104.8599870">
    <ele>1760.6</ele>
    <time>2022-10-31T19:53:23Z</time>
   </trkpt>
   <trkpt lat="39.5700440" lon="-104.8599830">
    <ele>1760.6</ele>
    <time>2022-10-31T19:53:24Z</time>
   </trkpt>
   <trkpt lat="39.5700630" lon="-104.8599720">
    <ele>1760.5</ele>
    <time>2022-10-31T19:53:25Z</time>
   </trkpt>
   <trkpt lat="39.5700710" lon="-104.8599650">
    <ele>1760.5</ele>
    <time>2022-10-31T19:53:26Z</time>
   </trkpt>
   <trkpt lat="39.5700790" lon="-104.8599590">
    <ele>1760.5</ele>
    <time>2022-10-31T19:53:27Z</time>
   </trkpt>
   <trkpt lat="39.5700980" lon="-104.8599420">
    <ele>1760.4</ele>
    <time>2022-10-31T19:53:28Z</time>
   </trkpt>
   <trkpt lat="39.5701040" lon="-104.8599370">
    <ele>1760.4</ele>
    <time>2022-10-31T19:53:29Z</time>
   </trkpt>
   <trkpt lat="39.5701110" lon="-104.8599310">
    <ele>1760.4</ele>
    <time>2022-10-31T19:53:30Z</time>
   </trkpt>
   <trkpt lat="39.5701320" lon="-104.8599140">
    <ele>1760.4</ele>
    <time>2022-10-31T19:53:31Z</time>
   </trkpt>
   <trkpt lat="39.5701400" lon="-104.8599090">
    <ele>1760.3</ele>
    <time>2022-10-31T19:53:32Z</time>
   </trkpt>
   <trkpt lat="39.5701470" lon="-104.8599040">
    <ele>1760.3</ele>
    <time>2022-10-31T19:53:33Z</time>
   </trkpt>
   <trkpt lat="39.5701670" lon="-104.8598890">
    <ele>1760.3</ele>
    <time>2022-10-31T19:53:34Z</time>
   </trkpt>
   <trkpt lat="39.5701740" lon="-104.8598840">
    <ele>1760.3</ele>
    <time>2022-10-31T19:53:35Z</time>
   </trkpt>
   <trkpt lat="39.5701810" lon="-104.8598790">
    <ele>1760.2</ele>
    <time>2022-10-31T19:53:36Z</time>
   </trkpt>
   <trkpt lat="39.5701960" lon="-104.8598710">
    <ele>1760.2</ele>
    <time>2022-10-31T19:53:37Z</time>
   </trkpt>
   <trkpt lat="39.5702070" lon="-104.8598590">
    <ele>1760.2</ele>
    <time>2022-10-31T19:53:38Z</time>
   </trkpt>
   <trkpt lat="39.5702260" lon="-104.8598440">
    <ele>1760.2</ele>
    <time>2022-10-31T19:53:39Z</time>
   </trkpt>
   <trkpt lat="39.5702340" lon="-104.8598390">
    <ele>1760.1</ele>
    <time>2022-10-31T19:53:40Z</time>
   </trkpt>
   <trkpt lat="39.5702430" lon="-104.8598340">
    <ele>1760.1</ele>
    <time>2022-10-31T19:53:41Z</time>
   </trkpt>
   <trkpt lat="39.5702500" lon="-104.8598270">
    <ele>1760.1</ele>
    <time>2022-10-31T19:53:42Z</time>
   </trkpt>
   <trkpt lat="39.5702630" lon="-104.8598260">
    <ele>1760.1</ele>
    <time>2022-10-31T19:53:43Z</time>
   </trkpt>
   <trkpt lat="39.5702710" lon="-104.8598170">
    <ele>1760.1</ele>
    <time>2022-10-31T19:53:44Z</time>
   </trkpt>
   <trkpt lat="39.5702840" lon="-104.8598020">
    <ele>1760.0</ele>
    <time>2022-10-31T19:53:45Z</time>
   </trkpt>
   <trkpt lat="39.5702970" lon="-104.8597940">
    <ele>1760.0</ele>
    <time>2022-10-31T19:53:46Z</time>
   </trkpt>
   <trkpt lat="39.5703140" lon="-104.8597840">
    <ele>1760.0</ele>
    <time>2022-10-31T19:53:47Z</time>
   </trkpt>
   <trkpt lat="39.5703240" lon="-104.8597740">
    <ele>1760.0</ele>
    <time>2022-10-31T19:53:48Z</time>
   </trkpt>
   <trkpt lat="39.5703370" lon="-104.8597580">
    <ele>1759.9</ele>
    <time>2022-10-31T19:53:49Z</time>
   </trkpt>
   <trkpt lat="39.5703490" lon="-104.8597500">
    <ele>1759.9</ele>
    <time>2022-10-31T19:53:50Z</time>
   </trkpt>
   <trkpt lat="39.5703650" lon="-104.8597310">
    <ele>1759.9</ele>
    <time>2022-10-31T19:53:51Z</time>
   </trkpt>
   <trkpt lat="39.5703720" lon="-104.8597230">
    <ele>1759.9</ele>
    <time>2022-10-31T19:53:52Z</time>
   </trkpt>
   <trkpt lat="39.5703780" lon="-104.8597150">
    <ele>1759.9</ele>
    <time>2022-10-31T19:53:53Z</time>
   </trkpt>
   <trkpt lat="39.5703950" lon="-104.8597000">
    <ele>1759.8</ele>
    <time>2022-10-31T19:53:54Z</time>
   </trkpt>
   <trkpt lat="39.5704080" lon="-104.8596900">
    <ele>1759.8</ele>
    <time>2022-10-31T19:53:55Z</time>
   </trkpt>
   <trkpt lat="39.5704230" lon="-104.8596740">
    <ele>1759.8</ele>
    <time>2022-10-31T19:53:56Z</time>
   </trkpt>
   <trkpt lat="39.5704320" lon="-104.8596630">
    <ele>1759.7</ele>
    <time>2022-10-31T19:53:57Z</time>
   </trkpt>
   <trkpt lat="39.5704470" lon="-104.8596530">
    <ele>1759.7</ele>
    <time>2022-10-31T19:53:58Z</time>
   </trkpt>
   <trkpt lat="39.5704620" lon="-104.8596440">
    <ele>1759.7</ele>
    <time>2022-10-31T19:53:59Z</time>
   </trkpt>
   <trkpt lat="39.5704720" lon="-104.8596350">
    <ele>1759.7</ele>
    <time>2022-10-31T19:54:00Z</time>
   </trkpt>
   <trkpt lat="39.5704810" lon="-104.8596260">
    <ele>1759.6</ele>
    <time>2022-10-31T19:54:01Z</time>
   </trkpt>
   <trkpt lat="39.5704900" lon="-104.8596170">
    <ele>1759.6</ele>
    <time>2022-10-31T19:54:02Z</time>
   </trkpt>
   <trkpt lat="39.5705060" lon="-104.8595980">
    <ele>1759.6</ele>
    <time>2022-10-31T19:54:03Z</time>
   </trkpt>
   <trkpt lat="39.5705130" lon="-104.8595910">
    <ele>1759.6</ele>
    <time>2022-10-31T19:54:04Z</time>
   </trkpt>
   <trkpt lat="39.5705200" lon="-104.8595840">
    <ele>1759.5</ele>
    <time>2022-10-31T19:54:05Z</time>
   </trkpt>
   <trkpt lat="39.5705330" lon="-104.8595770">
    <ele>1759.5</ele>
    <time>2022-10-31T19:54:06Z</time>
   </trkpt>
   <trkpt lat="39.5705460" lon="-104.8595710">
    <ele>1759.5</ele>
    <time>2022-10-31T19:54:07Z</time>
   </trkpt>
   <trkpt lat="39.5705560" lon="-104.8595620">
    <ele>1759.5</ele>
    <time>2022-10-31T19:54:08Z</time>
   </trkpt>
   <trkpt lat="39.5705660" lon="-104.8595550">
    <ele>1759.5</ele>
    <time>2022-10-31T19:54:09Z</time>
   </trkpt>
   <trkpt lat="39.5705760" lon="-104.8595460">
    <ele>1759.4</ele>
    <time>2022-10-31T19:54:10Z</time>
   </trkpt>
   <trkpt lat="39.5705950" lon="-104.8595330">
    <ele>1759.4</ele>
    <time>2022-10-31T19:54:11Z</time>
   </trkpt>
   <trkpt lat="39.5706030" lon="-104.8595280">
    <ele>1759.4</ele>
    <time>2022-10-31T19:54:12Z</time>
   </trkpt>
   <trkpt lat="39.5706100" lon="-104.8595230">
    <ele>1759.4</ele>
    <time>2022-10-31T19:54:13Z</time>
   </trkpt>
   <trkpt lat="39.5706220" lon="-104.8595170">
    <ele>1759.4</ele>
    <time>2022-10-31T19:54:14Z</time>
   </trkpt>
   <trkpt lat="39.5706280" lon="-104.8595150">
    <ele>1759.4</ele>
    <time>2022-10-31T19:54:15Z</time>
   </trkpt>
   <trkpt lat="39.5706370" lon="-104.8595110">
    <ele>1759.3</ele>
    <time>2022-10-31T19:54:16Z</time>
   </trkpt>
   <trkpt lat="39.5706520" lon="-104.8595020">
    <ele>1759.3</ele>
    <time>2022-10-31T19:54:17Z</time>
   </trkpt>
   <trkpt lat="39.5706660" lon="-104.8594930">
    <ele>1759.3</ele>
    <time>2022-10-31T19:54:18Z</time>
   </trkpt>
   <trkpt lat="39.5706850" lon="-104.8594840">
    <ele>1759.3</ele>
    <time>2022-10-31T19:54:19Z</time>
   </trkpt>
   <trkpt lat="39.5706930" lon="-104.8594780">
    <ele>1759.3</ele>
    <time>2022-10-31T19:54:20Z</time>
   </trkpt>
   <trkpt lat="39.5707010" lon="-104.8594710">
    <ele>1759.2</ele>
    <time>2022-10-31T19:54:21Z</time>
   </trkpt>
   <trkpt lat="39.5707190" lon="-104.8594540">
    <ele>1759.2</ele>
    <time>2022-10-31T19:54:22Z</time>
   </trkpt>
   <trkpt lat="39.5707260" lon="-104.8594460">
    <ele>1759.2</ele>
    <time>2022-10-31T19:54:23Z</time>
   </trkpt>
   <trkpt lat="39.5707330" lon="-104.8594390">
    <ele>1759.2</ele>
    <time>2022-10-31T19:54:24Z</time>
   </trkpt>
   <trkpt lat="39.5707520" lon="-104.8594230">
    <ele>1759.2</ele>
    <time>2022-10-31T19:54:25Z</time>
   </trkpt>
   <trkpt lat="39.5707610" lon="-104.8594160">
    <ele>1759.1</ele>
    <time>2022-10-31T19:54:26Z</time>
   </trkpt>
   <trkpt lat="39.5707700" lon="-104.8594100">
    <ele>1759.1</ele>
    <time>2022-10-31T19:54:27Z</time>
   </trkpt>
   <trkpt lat="39.5707830" lon="-104.8594030">
    <ele>1759.1</ele>
    <time>2022-10-31T19:54:28Z</time>
   </trkpt>
   <trkpt lat="39.5707950" lon="-104.8593940">
    <ele>1759.1</ele>
    <time>2022-10-31T19:54:29Z</time>
   </trkpt>
   <trkpt lat="39.5708150" lon="-104.8593810">
    <ele>1759.1</ele>
    <time>2022-10-31T19:54:30Z</time>
   </trkpt>
   <trkpt lat="39.5708220" lon="-104.8593780">
    <ele>1759.1</ele>
    <time>2022-10-31T19:54:31Z</time>
   </trkpt>
   <trkpt lat="39.5708280" lon="-104.8593740">
    <ele>1759.0</ele>
    <time>2022-10-31T19:54:32Z</time>
   </trkpt>
   <trkpt lat="39.5708470" lon="-104.8593600">
    <ele>1759.0</ele>
    <time>2022-10-31T19:54:33Z</time>
   </trkpt>
   <trkpt lat="39.5708540" lon="-104.8593530">
    <ele>1759.0</ele>
    <time>2022-10-31T19:54:34Z</time>
   </trkpt>
   <trkpt lat="39.5708610" lon="-104.8593460">
    <ele>1759.0</ele>
    <time>2022-10-31T19:54:35Z</time>
   </trkpt>
   <trkpt lat="39.5708720" lon="-104.8593360">
    <ele>1759.0</ele>
    <time>2022-10-31T19:54:36Z</time>
   </trkpt>
   <trkpt lat="39.5708850" lon="-104.8593260">
    <ele>1759.0</ele>
    <time>2022-10-31T19:54:37Z</time>
   </trkpt>
   <trkpt lat="39.5708990" lon="-104.8593150">
    <ele>1758.9</ele>
    <time>2022-10-31T19:54:38Z</time>
   </trkpt>
   <trkpt lat="39.5709120" lon="-104.8593070">
    <ele>1758.9</ele>
    <time>2022-10-31T19:54:39Z</time>
   </trkpt>
   <trkpt lat="39.5709300" lon="-104.8592910">
    <ele>1758.9</ele>
    <time>2022-10-31T19:54:40Z</time>
   </trkpt>
   <trkpt lat="39.5709380" lon="-104.8592860">
    <ele>1758.9</ele>
    <time>2022-10-31T19:54:41Z</time>
   </trkpt>
   <trkpt lat="39.5709450" lon="-104.8592800">
    <ele>1758.9</ele>
    <time>2022-10-31T19:54:42Z</time>
   </trkpt>
   <trkpt lat="39.5709590" lon="-104.8592730">
    <ele>1758.9</ele>
    <time>2022-10-31T19:54:43Z</time>
   </trkpt>
   <trkpt lat="39.5709730" lon="-104.8592680">
    <ele>1758.8</ele>
    <time>2022-10-31T19:54:44Z</time>
   </trkpt>
   <trkpt lat="39.5709920" lon="-104.8592500">
    <ele>1758.8</ele>
    <time>2022-10-31T19:54:45Z</time>
   </trkpt>
   <trkpt lat="39.5709990" lon="-104.8592440">
    <ele>1758.8</ele>
    <time>2022-10-31T19:54:46Z</time>
   </trkpt>
   <trkpt lat="39.5710070" lon="-104.8592370">
    <ele>1758.8</ele>
    <time>2022-10-31T19:54:47Z</time>
   </trkpt>
   <trkpt lat="39.5710200" lon="-104.8592260">
    <ele>1758.8</ele>
    <time>2022-10-31T19:54:48Z</time>
   </trkpt>
   <trkpt lat="39.5710310" lon="-104.8592160">
    <ele>1758.8</ele>
    <time>2022-10-31T19:54:49Z</time>
   </trkpt>
   <trkpt lat="39.5710430" lon="-104.8592020">
    <ele>1758.7</ele>
    <time>2022-10-31T19:54:50Z</time>
   </trkpt>
   <trkpt lat="39.5710570" lon="-104.8591950">
    <ele>1758.7</ele>
    <time>2022-10-31T19:54:51Z</time>
   </trkpt>
   <trkpt lat="39.5710700" lon="-104.8591860">
    <ele>1758.7</ele>
    <time>2022-10-31T19:54:52Z</time>
   </trkpt>
   <trkpt lat="39.5710810" lon="-104.8591780">
    <ele>1758.7</ele>
    <time>2022-10-31T19:54:53Z</time>
   </trkpt>
   <trkpt lat="39.5710990" lon="-104.8591650">
    <ele>1758.7</ele>
    <time>2022-10-31T19:54:54Z</time>
   </trkpt>
   <trkpt lat="39.5711060" lon="-104.8591590">
    <ele>1758.7</ele>
    <time>2022-10-31T19:54:55Z</time>
   </trkpt>
   <trkpt lat="39.5711140" lon="-104.8591540">
    <ele>1758.7</ele>
    <time>2022-10-31T19:54:56Z</time>
   </trkpt>
   <trkpt lat="39.5711310" lon="-104.8591390">
    <ele>1758.7</ele>
    <time>2022-10-31T19:54:57Z</time>
   </trkpt>
   <trkpt lat="39.5711400" lon="-104.8591320">
    <ele>1758.7</ele>
    <time>2022-10-31T19:54:58Z</time>
   </trkpt>
   <trkpt lat="39.5711490" lon="-104.8591250">
    <ele>1758.7</ele>
    <time>2022-10-31T19:54:59Z</time>
   </trkpt>
   <trkpt lat="39.5711620" lon="-104.8591160">
    <ele>1758.7</ele>
    <time>2022-10-31T19:55:00Z</time>
   </trkpt>
   <trkpt lat="39.5711730" lon="-104.8591060">
    <ele>1758.7</ele>
    <time>2022-10-31T19:55:01Z</time>
   </trkpt>
   <trkpt lat="39.5711870" lon="-104.8591010">
    <ele>1758.7</ele>
    <time>2022-10-31T19:55:02Z</time>
   </trkpt>
   <trkpt lat="39.5712000" lon="-104.8590920">
    <ele>1758.7</ele>
    <time>2022-10-31T19:55:03Z</time>
   </trkpt>
   <trkpt lat="39.5712120" lon="-104.8590800">
    <ele>1758.7</ele>
    <time>2022-10-31T19:55:04Z</time>
   </trkpt>
   <trkpt lat="39.5712220" lon="-104.8590700">
    <ele>1758.7</ele>
    <time>2022-10-31T19:55:05Z</time>
   </trkpt>
   <trkpt lat="39.5712410" lon="-104.8590540">
    <ele>1758.7</ele>
    <time>2022-10-31T19:55:06Z</time>
   </trkpt>
   <trkpt lat="39.5712470" lon="-104.8590470">
    <ele>1758.7</ele>
    <time>2022-10-31T19:55:07Z</time>
   </trkpt>
   <trkpt lat="39.5712540" lon="-104.8590400">
    <ele>1758.7</ele>
    <time>2022-10-31T19:55:08Z</time>
   </trkpt>
   <trkpt lat="39.5712640" lon="-104.8590310">
    <ele>1758.7</ele>
    <time>2022-10-31T19:55:09Z</time>
   </trkpt>
   <trkpt lat="39.5712710" lon="-104.8590220">
    <ele>1758.7</ele>
    <time>2022-10-31T19:55:10Z</time>
   </trkpt>
   <trkpt lat="39.5712780" lon="-104.8590090">
    <ele>1758.7</ele>
    <time>2022-10-31T19:55:11Z</time>
   </trkpt>
   <trkpt lat="39.5712860" lon="-104.8590000">
    <ele>1758.7</ele>
    <time>2022-10-31T19:55:12Z</time>
   </trkpt>
   <trkpt lat="39.5712930" lon="-104.8589920">
    <ele>1758.7</ele>
    <time>2022-10-31T19:55:13Z</time>
   </trkpt>
   <trkpt lat="39.5713010" lon="-104.8589840">
    <ele>1758.7</ele>
    <time>2022-10-31T19:55:14Z</time>
   </trkpt>
   <trkpt lat="39.5713100" lon="-104.8589730">
    <ele>1758.7</ele>
    <time>2022-10-31T19:55:15Z</time>
   </trkpt>
   <trkpt lat="39.5713160" lon="-104.8589640">
    <ele>1758.7</ele>
    <time>2022-10-31T19:55:16Z</time>
   </trkpt>
   <trkpt lat="39.5713260" lon="-104.8589560">
    <ele>1758.7</ele>
    <time>2022-10-31T19:55:17Z</time>
   </trkpt>
   <trkpt lat="39.5713320" lon="-104.8589460">
    <ele>1758.7</ele>
    <time>2022-10-31T19:55:18Z</time>
   </trkpt>
   <trkpt lat="39.5713390" lon="-104.8589330">
    <ele>1758.7</ele>
    <time>2022-10-31T19:55:19Z</time>
   </trkpt>
   <trkpt lat="39.5713470" lon="-104.8589250">
    <ele>1758.7</ele>
    <time>2022-10-31T19:55:20Z</time>
   </trkpt>
   <trkpt lat="39.5713540" lon="-104.8589120">
    <ele>1758.7</ele>
    <time>2022-10-31T19:55:21Z</time>
   </trkpt>
   <trkpt lat="39.5713610" lon="-104.8588950">
    <ele>1758.7</ele>
    <time>2022-10-31T19:55:22Z</time>
   </trkpt>
   <trkpt lat="39.5713690" lon="-104.8588880">
    <ele>1758.7</ele>
    <time>2022-10-31T19:55:23Z</time>
   </trkpt>
   <trkpt lat="39.5713790" lon="-104.8588740">
    <ele>1758.7</ele>
    <time>2022-10-31T19:55:24Z</time>
   </trkpt>
   <trkpt lat="39.5713870" lon="-104.8588570">
    <ele>1758.7</ele>
    <time>2022-10-31T19:55:25Z</time>
   </trkpt>
   <trkpt lat="39.5713960" lon="-104.8588400">
    <ele>1758.7</ele>
    <time>2022-10-31T19:55:26Z</time>
   </trkpt>
   <trkpt lat="39.5714060" lon="-104.8588280">
    <ele>1758.7</ele>
    <time>2022-10-31T19:55:27Z</time>
   </trkpt>
   <trkpt lat="39.5714210" lon="-104.8588060">
    <ele>1758.7</ele>
    <time>2022-10-31T19:55:28Z</time>
   </trkpt>
   <trkpt lat="39.5714270" lon="-104.8587970">
    <ele>1758.7</ele>
    <time>2022-10-31T19:55:29Z</time>
   </trkpt>
   <trkpt lat="39.5714340" lon="-104.8587870">
    <ele>1758.7</ele>
    <time>2022-10-31T19:55:30Z</time>
   </trkpt>
   <trkpt lat="39.5714450" lon="-104.8587620">
    <ele>1758.7</ele>
    <time>2022-10-31T19:55:31Z</time>
   </trkpt>
   <trkpt lat="39.5714490" lon="-104.8587510">
    <ele>1758.7</ele>
    <time>2022-10-31T19:55:32Z</time>
   </trkpt>
   <trkpt lat="39.5714530" lon="-104.8587410">
    <ele>1758.7</ele>
    <time>2022-10-31T19:55:33Z</time>
   </trkpt>
   <trkpt lat="39.5714610" lon="-104.8587270">
    <ele>1758.7</ele>
    <time>2022-10-31T19:55:34Z</time>
   </trkpt>
   <trkpt lat="39.5714710" lon="-104.8587130">
    <ele>1758.7</ele>
    <time>2022-10-31T19:55:35Z</time>
   </trkpt>
   <trkpt lat="39.5714780" lon="-104.8586960">
    <ele>1758.7</ele>
    <time>2022-10-31T19:55:36Z</time>
   </trkpt>
   <trkpt lat="39.5714890" lon="-104.8586820">
    <ele>1758.8</ele>
    <time>2022-10-31T19:55:37Z</time>
   </trkpt>
   <trkpt lat="39.5714960" lon="-104.8586570">
    <ele>1758.8</ele>
    <time>2022-10-31T19:55:38Z</time>
   </trkpt>
   <trkpt lat="39.5715000" lon="-104.8586470">
    <ele>1758.8</ele>
    <time>2022-10-31T19:55:39Z</time>
   </trkpt>
   <trkpt lat="39.5715040" lon="-104.8586370">
    <ele>1758.8</ele>
    <time>2022-10-31T19:55:40Z</time>
   </trkpt>
   <trkpt lat="39.5715100" lon="-104.8586090">
    <ele>1758.8</ele>
    <time>2022-10-31T19:55:41Z</time>
   </trkpt>
   <trkpt lat="39.5715110" lon="-104.8585960">
    <ele>1758.8</ele>
    <time>2022-10-31T19:55:42Z</time>
   </trkpt>
   <trkpt lat="39.5715120" lon="-104.8585830">
    <ele>1758.8</ele>
    <time>2022-10-31T19:55:43Z</time>
   </trkpt>
   <trkpt lat="39.5715250" lon="-104.8585680">
    <ele>1758.8</ele>
    <time>2022-10-31T19:55:44Z</time>
   </trkpt>
   <trkpt lat="39.5715300" lon="-104.8585530">
    <ele>1758.8</ele>
    <time>2022-10-31T19:55:45Z</time>
   </trkpt>
   <trkpt lat="39.5715330" lon="-104.8585370">
    <ele>1758.8</ele>
    <time>2022-10-31T19:55:46Z</time>
   </trkpt>
   <trkpt lat="39.5715390" lon="-104.8585180">
    <ele>1758.8</ele>
    <time>2022-10-31T19:55:47Z</time>
   </trkpt>
   <trkpt lat="39.5715480" lon="-104.8584920">
    <ele>1758.9</ele>
    <time>2022-10-31T19:55:48Z</time>
   </trkpt>
   <trkpt lat="39.5715530" lon="-104.8584810">
    <ele>1758.9</ele>
    <time>2022-10-31T19:55:49Z</time>
   </trkpt>
   <trkpt lat="39.5715580" lon="-104.8584690">
    <ele>1758.9</ele>
    <time>2022-10-31T19:55:50Z</time>
   </trkpt>
   <trkpt lat="39.5715650" lon="-104.8584410">
    <ele>1758.9</ele>
    <time>2022-10-31T19:55:51Z</time>
   </trkpt>
   <trkpt lat="39.5715690" lon="-104.8584290">
    <ele>1758.9</ele>
    <time>2022-10-31T19:55:52Z</time>
   </trkpt>
   <trkpt lat="39.5715730" lon="-104.8584180">
    <ele>1758.9</ele>
    <time>2022-10-31T19:55:53Z</time>
   </trkpt>
   <trkpt lat="39.5715780" lon="-104.8583980">
    <ele>1758.9</ele>
    <time>2022-10-31T19:55:54Z</time>
   </trkpt>
   <trkpt lat="39.5715840" lon="-104.8583820">
    <ele>1758.9</ele>
    <time>2022-10-31T19:55:55Z</time>
   </trkpt>
   <trkpt lat="39.5715900" lon="-104.8583710">
    <ele>1758.9</ele>
    <time>2022-10-31T19:55:56Z</time>
   </trkpt>
   <trkpt lat="39.5715940" lon="-104.8583560">
    <ele>1758.9</ele>
    <time>2022-10-31T19:55:57Z</time>
   </trkpt>
   <trkpt lat="39.5715970" lon="-104.8583390">
    <ele>1758.9</ele>
    <time>2022-10-31T19:55:58Z</time>
   </trkpt>
   <trkpt lat="39.5715970" lon="-104.8583240">
    <ele>1758.9</ele>
    <time>2022-10-31T19:55:59Z</time>
   </trkpt>
   <trkpt lat="39.5715960" lon="-104.8583040">
    <ele>1758.9</ele>
    <time>2022-10-31T19:56:00Z</time>
   </trkpt>
   <trkpt lat="39.5716000" lon="-104.8582770">
    <ele>1758.9</ele>
    <time>2022-10-31T19:56:01Z</time>
   </trkpt>
   <trkpt lat="39.5716020" lon="-104.8582650">
    <ele>1759.0</ele>
    <time>2022-10-31T19:56:02Z</time>
   </trkpt>
   <trkpt lat="39.5716040" lon="-104.8582540">
    <ele>1759.0</ele>
    <time>2022-10-31T19:56:03Z</time>
   </trkpt>
   <trkpt lat="39.5716080" lon="-104.8582280">
    <ele>1759.0</ele>
    <time>2022-10-31T19:56:04Z</time>
   </trkpt>
   <trkpt lat="39.5716110" lon="-104.8582160">
    <ele>1759.0</ele>
    <time>2022-10-31T19:56:05Z</time>
   </trkpt>
   <trkpt lat="39.5716140" lon="-104.8582040">
    <ele>1759.0</ele>
    <time>2022-10-31T19:56:06Z</time>
   </trkpt>
   <trkpt lat="39.5716200" lon="-104.8581840">
    <ele>1759.0</ele>
    <time>2022-10-31T19:56:07Z</time>
   </trkpt>
   <trkpt lat="39.5716260" lon="-104.8581660">
    <ele>1759.0</ele>
    <time>2022-10-31T19:56:08Z</time>
   </trkpt>
   <trkpt lat="39.5716340" lon="-104.8581400">
    <ele>1759.0</ele>
    <time>2022-10-31T19:56:09Z</time>
   </trkpt>
   <trkpt lat="39.5716360" lon="-104.8581290">
    <ele>1759.0</ele>
    <time>2022-10-31T19:56:10Z</time>
   </trkpt>
   <trkpt lat="39.5716370" lon="-104.8581180">
    <ele>1759.0</ele>
    <time>2022-10-31T19:56:11Z</time>
   </trkpt>
   <trkpt lat="39.5716420" lon="-104.8581020">
    <ele>1759.1</ele>
    <time>2022-10-31T19:56:12Z</time>
   </trkpt>
   <trkpt lat="39.5716470" lon="-104.8580850">
    <ele>1759.1</ele>
    <time>2022-10-31T19:56:13Z</time>
   </trkpt>
   <trkpt lat="39.5716510" lon="-104.8580690">
    <ele>1759.1</ele>
    <time>2022-10-31T19:56:14Z</time>
   </trkpt>
   <trkpt lat="39.5716520" lon="-104.8580500">
    <ele>1759.1</ele>
    <time>2022-10-31T19:56:15Z</time>
   </trkpt>
   <trkpt lat="39.5716550" lon="-104.8580240">
    <ele>1759.1</ele>
    <time>2022-10-31T19:56:16Z</time>
   </trkpt>
   <trkpt lat="39.5716550" lon="-104.8580130">
    <ele>1759.1</ele>
    <time>2022-10-31T19:56:17Z</time>
   </trkpt>
   <trkpt lat="39.5716560" lon="-104.8580030">
    <ele>1759.1</ele>
    <time>2022-10-31T19:56:18Z</time>
   </trkpt>
   <trkpt lat="39.5716570" lon="-104.8579870">
    <ele>1759.1</ele>
    <time>2022-10-31T19:56:19Z</time>
   </trkpt>
   <trkpt lat="39.5716610" lon="-104.8579670">
    <ele>1759.1</ele>
    <time>2022-10-31T19:56:20Z</time>
   </trkpt>
   <trkpt lat="39.5716600" lon="-104.8579560">
    <ele>1759.1</ele>
    <time>2022-10-31T19:56:21Z</time>
   </trkpt>
   <trkpt lat="39.5716600" lon="-104.8579380">
    <ele>1759.2</ele>
    <time>2022-10-31T19:56:22Z</time>
   </trkpt>
   <trkpt lat="39.5716610" lon="-104.8579210">
    <ele>1759.2</ele>
    <time>2022-10-31T19:56:23Z</time>
   </trkpt>
   <trkpt lat="39.5716620" lon="-104.8578930">
    <ele>1759.2</ele>
    <time>2022-10-31T19:56:24Z</time>
   </trkpt>
   <trkpt lat="39.5716630" lon="-104.8578820">
    <ele>1759.2</ele>
    <time>2022-10-31T19:56:25Z</time>
   </trkpt>
   <trkpt lat="39.5716640" lon="-104.8578700">
    <ele>1759.2</ele>
    <time>2022-10-31T19:56:26Z</time>
   </trkpt>
   <trkpt lat="39.5716670" lon="-104.8578420">
    <ele>1759.2</ele>
    <time>2022-10-31T19:56:27Z</time>
   </trkpt>
   <trkpt lat="39.5716670" lon="-104.8578310">
    <ele>1759.2</ele>
    <time>2022-10-31T19:56:28Z</time>
   </trkpt>
   <trkpt lat="39.5716680" lon="-104.8578210">
    <ele>1759.2</ele>
    <time>2022-10-31T19:56:29Z</time>
   </trkpt>
   <trkpt lat="39.5716700" lon="-104.8577940">
    <ele>1759.2</ele>
    <time>2022-10-31T19:56:30Z</time>
   </trkpt>
   <trkpt lat="39.5716710" lon="-104.8577820">
    <ele>1759.2</ele>
    <time>2022-10-31T19:56:31Z</time>
   </trkpt>
   <trkpt lat="39.5716720" lon="-104.8577700">
    <ele>1759.2</ele>
    <time>2022-10-31T19:56:32Z</time>
   </trkpt>
   <trkpt lat="39.5716730" lon="-104.8577450">
    <ele>1759.2</ele>
    <time>2022-10-31T19:56:33Z</time>
   </trkpt>
   <trkpt lat="39.5716710" lon="-104.8577340">
    <ele>1759.2</ele>
    <time>2022-10-31T19:56:34Z</time>
   </trkpt>
   <trkpt lat="39.5716700" lon="-104.8577230">
    <ele>1759.2</ele>
    <time>2022-10-31T19:56:35Z</time>
   </trkpt>
   <trkpt lat="39.5716700" lon="-104.8576900">
    <ele>1759.2</ele>
    <time>2022-10-31T19:56:36Z</time>
   </trkpt>
   <trkpt lat="39.5716700" lon="-104.8576790">
    <ele>1759.2</ele>
    <time>2022-10-31T19:56:37Z</time>
   </trkpt>
   <trkpt lat="39.5716700" lon="-104.8576670">
    <ele>1759.2</ele>
    <time>2022-10-31T19:56:38Z</time>
   </trkpt>
   <trkpt lat="39.5716780" lon="-104.8576510">
    <ele>1759.2</ele>
    <time>2022-10-31T19:56:39Z</time>
   </trkpt>
   <trkpt lat="39.5716860" lon="-104.8576440">
    <ele>1759.3</ele>
    <time>2022-10-31T19:56:40Z</time>
   </trkpt>
   <trkpt lat="39.5716830" lon="-104.8576250">
    <ele>1759.3</ele>
    <time>2022-10-31T19:56:41Z</time>
   </trkpt>
   <trkpt lat="39.5716840" lon="-104.8576040">
    <ele>1759.3</ele>
    <time>2022-10-31T19:56:42Z</time>
   </trkpt>
   <trkpt lat="39.5716820" lon="-104.8575840">
    <ele>1759.3</ele>
    <time>2022-10-31T19:56:43Z</time>
   </trkpt>
   <trkpt lat="39.5716820" lon="-104.8575660">
    <ele>1759.3</ele>
    <time>2022-10-31T19:56:44Z</time>
   </trkpt>
   <trkpt lat="39.5716870" lon="-104.8575480">
    <ele>1759.3</ele>
    <time>2022-10-31T19:56:45Z</time>
   </trkpt>
   <trkpt lat="39.5716850" lon="-104.8575210">
    <ele>1759.3</ele>
    <time>2022-10-31T19:56:46Z</time>
   </trkpt>
   <trkpt lat="39.5716860" lon="-104.8575080">
    <ele>1759.4</ele>
    <time>2022-10-31T19:56:47Z</time>
   </trkpt>
   <trkpt lat="39.5716860" lon="-104.8574940">
    <ele>1759.4</ele>
    <time>2022-10-31T19:56:48Z</time>
   </trkpt>
   <trkpt lat="39.5716860" lon="-104.8574660">
    <ele>1759.4</ele>
    <time>2022-10-31T19:56:49Z</time>
   </trkpt>
   <trkpt lat="39.5716870" lon="-104.8574550">
    <ele>1759.4</ele>
    <time>2022-10-31T19:56:50Z</time>
   </trkpt>
   <trkpt lat="39.5716880" lon="-104.8574440">
    <ele>1759.4</ele>
    <time>2022-10-31T19:56:51Z</time>
   </trkpt>
   <trkpt lat="39.5716860" lon="-104.8574170">
    <ele>1759.5</ele>
    <time>2022-10-31T19:56:52Z</time>
   </trkpt>
   <trkpt lat="39.5716860" lon="-104.8574030">
    <ele>1759.5</ele>
    <time>2022-10-31T19:56:53Z</time>
   </trkpt>
   <trkpt lat="39.5716860" lon="-104.8573880">
    <ele>1759.5</ele>
    <time>2022-10-31T19:56:54Z</time>
   </trkpt>
   <trkpt lat="39.5716850" lon="-104.8573640">
    <ele>1759.5</ele>
    <time>2022-10-31T19:56:55Z</time>
   </trkpt>
   <trkpt lat="39.5716850" lon="-104.8573520">
    <ele>1759.5</ele>
    <time>2022-10-31T19:56:56Z</time>
   </trkpt>
   <trkpt lat="39.5716890" lon="-104.8573320">
    <ele>1759.5</ele>
    <time>2022-10-31T19:56:57Z</time>
   </trkpt>
   <trkpt lat="39.5716890" lon="-104.8573160">
    <ele>1759.6</ele>
    <time>2022-10-31T19:56:58Z</time>
   </trkpt>
   <trkpt lat="39.5716920" lon="-104.8572920">
    <ele>1759.6</ele>
    <time>2022-10-31T19:56:59Z</time>
   </trkpt>
   <trkpt lat="39.5716930" lon="-104.8572790">
    <ele>1759.6</ele>
    <time>2022-10-31T19:57:00Z</time>
   </trkpt>
   <trkpt lat="39.5716930" lon="-104.8572660">
    <ele>1759.6</ele>
    <time>2022-10-31T19:57:01Z</time>
   </trkpt>
   <trkpt lat="39.5716890" lon="-104.8572430">
    <ele>1759.6</ele>
    <time>2022-10-31T19:57:02Z</time>
   </trkpt>
   <trkpt lat="39.5716910" lon="-104.8572260">
    <ele>1759.7</ele>
    <time>2022-10-31T19:57:03Z</time>
   </trkpt>
   <trkpt lat="39.5716980" lon="-104.8571970">
    <ele>1759.7</ele>
    <time>2022-10-31T19:57:04Z</time>
   </trkpt>
   <trkpt lat="39.5717030" lon="-104.8571860">
    <ele>1759.7</ele>
    <time>2022-10-31T19:57:05Z</time>
   </trkpt>
   <trkpt lat="39.5717080" lon="-104.8571740">
    <ele>1759.7</ele>
    <time>2022-10-31T19:57:06Z</time>
   </trkpt>
   <trkpt lat="39.5717210" lon="-104.8571500">
    <ele>1759.7</ele>
    <time>2022-10-31T19:57:07Z</time>
   </trkpt>
   <trkpt lat="39.5717260" lon="-104.8571390">
    <ele>1759.7</ele>
    <time>2022-10-31T19:57:08Z</time>
   </trkpt>
   <trkpt lat="39.5717300" lon="-104.8571280">
    <ele>1759.8</ele>
    <time>2022-10-31T19:57:09Z</time>
   </trkpt>
   <trkpt lat="39.5717360" lon="-104.8571110">
    <ele>1759.8</ele>
    <time>2022-10-31T19:57:10Z</time>
   </trkpt>
   <trkpt lat="39.5717360" lon="-104.8570870">
    <ele>1759.9</ele>
    <time>2022-10-31T19:57:11Z</time>
   </trkpt>
   <trkpt lat="39.5717430" lon="-104.8570640">
    <ele>1759.9</ele>
    <time>2022-10-31T19:57:12Z</time>
   </trkpt>
   <trkpt lat="39.5717490" lon="-104.8570460">
    <ele>1759.9</ele>
    <time>2022-10-31T19:57:13Z</time>
   </trkpt>
   <trkpt lat="39.5717570" lon="-104.8570270">
    <ele>1760.0</ele>
    <time>2022-10-31T19:57:14Z</time>
   </trkpt>
   <trkpt lat="39.5717650" lon="-104.8570140">
    <ele>1760.0</ele>
    <time>2022-10-31T19:57:15Z</time>
   </trkpt>
   <trkpt lat="39.5717750" lon="-104.8570080">
    <ele>1760.0</ele>
    <time>2022-10-31T19:57:16Z</time>
   </trkpt>
   <trkpt lat="39.5717860" lon="-104.8569960">
    <ele>1760.1</ele>
    <time>2022-10-31T19:57:17Z</time>
   </trkpt>
   <trkpt lat="39.5717920" lon="-104.8569840">
    <ele>1760.1</ele>
    <time>2022-10-31T19:57:18Z</time>
   </trkpt>
   <trkpt lat="39.5718060" lon="-104.8569590">
    <ele>1760.2</ele>
    <time>2022-10-31T19:57:19Z</time>
   </trkpt>
   <trkpt lat="39.5718090" lon="-104.8569510">
    <ele>1760.2</ele>
    <time>2022-10-31T19:57:20Z</time>
   </trkpt>
   <trkpt lat="39.5718120" lon="-104.8569430">
    <ele>1760.2</ele>
    <time>2022-10-31T19:57:21Z</time>
   </trkpt>
   <trkpt lat="39.5718250" lon="-104.8569250">
    <ele>1760.3</ele>
    <time>2022-10-31T19:57:22Z</time>
   </trkpt>
   <trkpt lat="39.5718300" lon="-104.8569160">
    <ele>1760.3</ele>
    <time>2022-10-31T19:57:23Z</time>
   </trkpt>
   <trkpt lat="39.5718360" lon="-104.8569070">
    <ele>1760.3</ele>
    <time>2022-10-31T19:57:24Z</time>
   </trkpt>
   <trkpt lat="39.5718450" lon="-104.8568940">
    <ele>1760.4</ele>
    <time>2022-10-31T19:57:25Z</time>
   </trkpt>
   <trkpt lat="39.5718530" lon="-104.8568780">
    <ele>1760.4</ele>
    <time>2022-10-31T19:57:26Z</time>
   </trkpt>
   <trkpt lat="39.5718620" lon="-104.8568590">
    <ele>1760.5</ele>
    <time>2022-10-31T19:57:27Z</time>
   </trkpt>
   <trkpt lat="39.5718710" lon="-104.8568430">
    <ele>1760.6</ele>
    <time>2022-10-31T19:57:28Z</time>
   </trkpt>
   <trkpt lat="39.5718860" lon="-104.8568240">
    <ele>1760.6</ele>
    <time>2022-10-31T19:57:29Z</time>
   </trkpt>
   <trkpt lat="39.5718930" lon="-104.8568150">
    <ele>1760.7</ele>
    <time>2022-10-31T19:57:30Z</time>
   </trkpt>
   <trkpt lat="39.5719000" lon="-104.8568060">
    <ele>1760.7</ele>
    <time>2022-10-31T19:57:31Z</time>
   </trkpt>
   <trkpt lat="39.5719080" lon="-104.8567950">
    <ele>1760.8</ele>
    <time>2022-10-31T19:57:32Z</time>
   </trkpt>
   <trkpt lat="39.5719200" lon="-104.8567800">
    <ele>1760.8</ele>
    <time>2022-10-31T19:57:33Z</time>
   </trkpt>
   <trkpt lat="39.5719330" lon="-104.8567660">
    <ele>1760.9</ele>
    <time>2022-10-31T19:57:34Z</time>
   </trkpt>
   <trkpt lat="39.5719440" lon="-104.8567580">
    <ele>1761.0</ele>
    <time>2022-10-31T19:57:35Z</time>
   </trkpt>
   <trkpt lat="39.5719520" lon="-104.8567470">
    <ele>1761.0</ele>
    <time>2022-10-31T19:57:36Z</time>
   </trkpt>
   <trkpt lat="39.5719670" lon="-104.8567320">
    <ele>1761.1</ele>
    <time>2022-10-31T19:57:37Z</time>
   </trkpt>
   <trkpt lat="39.5719770" lon="-104.8567220">
    <ele>1761.2</ele>
    <time>2022-10-31T19:57:38Z</time>
   </trkpt>
   <trkpt lat="39.5719870" lon="-104.8567130">
    <ele>1761.2</ele>
    <time>2022-10-31T19:57:39Z</time>
   </trkpt>
   <trkpt lat="39.5719930" lon="-104.8567060">
    <ele>1761.2</ele>
    <time>2022-10-31T19:57:40Z</time>
   </trkpt>
   <trkpt lat="39.5720060" lon="-104.8566930">
    <ele>1761.3</ele>
    <time>2022-10-31T19:57:41Z</time>
   </trkpt>
   <trkpt lat="39.5720180" lon="-104.8566810">
    <ele>1761.4</ele>
    <time>2022-10-31T19:57:42Z</time>
   </trkpt>
   <trkpt lat="39.5720420" lon="-104.8566550">
    <ele>1761.5</ele>
    <time>2022-10-31T19:57:43Z</time>
   </trkpt>
   <trkpt lat="39.5720470" lon="-104.8566480">
    <ele>1761.5</ele>
    <time>2022-10-31T19:57:44Z</time>
   </trkpt>
   <trkpt lat="39.5720660" lon="-104.8566340">
    <ele>1761.6</ele>
    <time>2022-10-31T19:57:45Z</time>
   </trkpt>
   <trkpt lat="39.5720760" lon="-104.8566270">
    <ele>1761.7</ele>
    <time>2022-10-31T19:57:46Z</time>
   </trkpt>
   <trkpt lat="39.5720850" lon="-104.8566190">
    <ele>1761.7</ele>
    <time>2022-10-31T19:57:47Z</time>
   </trkpt>
   <trkpt lat="39.5720970" lon="-104.8566030">
    <ele>1761.8</ele>
    <time>2022-10-31T19:57:48Z</time>
   </trkpt>
   <trkpt lat="39.5721110" lon="-104.8565870">
    <ele>1761.8</ele>
    <time>2022-10-31T19:57:49Z</time>
   </trkpt>
   <trkpt lat="39.5721220" lon="-104.8565790">
    <ele>1761.9</ele>
    <time>2022-10-31T19:57:50Z</time>
   </trkpt>
   <trkpt lat="39.5721370" lon="-104.8565600">
    <ele>1762.0</ele>
    <time>2022-10-31T19:57:51Z</time>
   </trkpt>
   <trkpt lat="39.5721500" lon="-104.8565440">
    <ele>1762.0</ele>
    <time>2022-10-31T19:57:52Z</time>
   </trkpt>
   <trkpt lat="39.5721630" lon="-104.8565370">
    <ele>1762.1</ele>
    <time>2022-10-31T19:57:53Z</time>
   </trkpt>
   <trkpt lat="39.5721740" lon="-104.8565310">
    <ele>1762.1</ele>
    <time>2022-10-31T19:57:54Z</time>
   </trkpt>
   <trkpt lat="39.5721870" lon="-104.8565210">
    <ele>1762.2</ele>
    <time>2022-10-31T19:57:55Z</time>
   </trkpt>
   <trkpt lat="39.5721980" lon="-104.8565120">
    <ele>1762.2</ele>
    <time>2022-10-31T19:57:56Z</time>
   </trkpt>
   <trkpt lat="39.5722120" lon="-104.8565010">
    <ele>1762.3</ele>
    <time>2022-10-31T19:57:57Z</time>
   </trkpt>
   <trkpt lat="39.5722310" lon="-104.8564850">
    <ele>1762.3</ele>
    <time>2022-10-31T19:57:58Z</time>
   </trkpt>
   <trkpt lat="39.5722380" lon="-104.8564790">
    <ele>1762.3</ele>
    <time>2022-10-31T19:57:59Z</time>
   </trkpt>
   <trkpt lat="39.5722460" lon="-104.8564730">
    <ele>1762.4</ele>
    <time>2022-10-31T19:58:00Z</time>
   </trkpt>
   <trkpt lat="39.5722730" lon="-104.8564660">
    <ele>1762.4</ele>
    <time>2022-10-31T19:58:01Z</time>
   </trkpt>
   <trkpt lat="39.5722820" lon="-104.8564620">
    <ele>1762.4</ele>
    <time>2022-10-31T19:58:02Z</time>
   </trkpt>
   <trkpt lat="39.5722940" lon="-104.8564560">
    <ele>1762.5</ele>
    <time>2022-10-31T19:58:03Z</time>
   </trkpt>
   <trkpt lat="39.5723100" lon="-104.8564480">
    <ele>1762.5</ele>
    <time>2022-10-31T19:58:04Z</time>
   </trkpt>
   <trkpt lat="39.5723230" lon="-104.8564440">
    <ele>1762.5</ele>
    <time>2022-10-31T19:58:05Z</time>
   </trkpt>
   <trkpt lat="39.5723370" lon="-104.8564370">
    <ele>1762.5</ele>
    <time>2022-10-31T19:58:06Z</time>
   </trkpt>
   <trkpt lat="39.5723490" lon="-104.8564270">
    <ele>1762.6</ele>
    <time>2022-10-31T19:58:07Z</time>
   </trkpt>
   <trkpt lat="39.5723630" lon="-104.8564200">
    <ele>1762.6</ele>
    <time>2022-10-31T19:58:08Z</time>
   </trkpt>
   <trkpt lat="39.5723800" lon="-104.8564150">
    <ele>1762.6</ele>
    <time>2022-10-31T19:58:09Z</time>
   </trkpt>
   <trkpt lat="39.5723950" lon="-104.8564080">
    <ele>1762.6</ele>
    <time>2022-10-31T19:58:10Z</time>
   </trkpt>
   <trkpt lat="39.5724080" lon="-104.8564000">
    <ele>1762.6</ele>
    <time>2022-10-31T19:58:11Z</time>
   </trkpt>
   <trkpt lat="39.5724240" lon="-104.8564000">
    <ele>1762.6</ele>
    <time>2022-10-31T19:58:12Z</time>
   </trkpt>
   <trkpt lat="39.5724380" lon="-104.8563950">
    <ele>1762.6</ele>
    <time>2022-10-31T19:58:13Z</time>
   </trkpt>
   <trkpt lat="39.5724510" lon="-104.8563900">
    <ele>1762.6</ele>
    <time>2022-10-31T19:58:14Z</time>
   </trkpt>
   <trkpt lat="39.5724730" lon="-104.8563840">
    <ele>1762.6</ele>
    <time>2022-10-31T19:58:15Z</time>
   </trkpt>
   <trkpt lat="39.5724820" lon="-104.8563850">
    <ele>1762.6</ele>
    <time>2022-10-31T19:58:16Z</time>
   </trkpt>
   <trkpt lat="39.5724910" lon="-104.8563850">
    <ele>1762.6</ele>
    <time>2022-10-31T19:58:17Z</time>
   </trkpt>
   <trkpt lat="39.5725090" lon="-104.8563880">
    <ele>1762.6</ele>
    <time>2022-10-31T19:58:18Z</time>
   </trkpt>
   <trkpt lat="39.5725220" lon="-104.8563900">
    <ele>1762.6</ele>
    <time>2022-10-31T19:58:19Z</time>
   </trkpt>
   <trkpt lat="39.5725300" lon="-104.8563870">
    <ele>1762.6</ele>
    <time>2022-10-31T19:58:20Z</time>
   </trkpt>
   <trkpt lat="39.5725500" lon="-104.8563880">
    <ele>1762.6</ele>
    <time>2022-10-31T19:58:21Z</time>
   </trkpt>
   <trkpt lat="39.5725670" lon="-104.8563940">
    <ele>1762.6</ele>
    <time>2022-10-31T19:58:22Z</time>
   </trkpt>
   <trkpt lat="39.5725800" lon="-104.8563900">
    <ele>1762.6</ele>
    <time>2022-10-31T19:58:23Z</time>
   </trkpt>
   <trkpt lat="39.5726020" lon="-104.8563900">
    <ele>1762.5</ele>
    <time>2022-10-31T19:58:24Z</time>
   </trkpt>
   <trkpt lat="39.5726110" lon="-104.8563900">
    <ele>1762.5</ele>
    <time>2022-10-31T19:58:25Z</time>
   </trkpt>
   <trkpt lat="39.5726200" lon="-104.8563900">
    <ele>1762.5</ele>
    <time>2022-10-31T19:58:26Z</time>
   </trkpt>
   <trkpt lat="39.5726350" lon="-104.8563910">
    <ele>1762.5</ele>
    <time>2022-10-31T19:58:27Z</time>
   </trkpt>
   <trkpt lat="39.5726520" lon="-104.8563900">
    <ele>1762.5</ele>
    <time>2022-10-31T19:58:28Z</time>
   </trkpt>
   <trkpt lat="39.5726690" lon="-104.8563900">
    <ele>1762.5</ele>
    <time>2022-10-31T19:58:29Z</time>
   </trkpt>
   <trkpt lat="39.5726770" lon="-104.8563920">
    <ele>1762.5</ele>
    <time>2022-10-31T19:58:30Z</time>
   </trkpt>
   <trkpt lat="39.5726840" lon="-104.8563950">
    <ele>1762.5</ele>
    <time>2022-10-31T19:58:31Z</time>
   </trkpt>
   <trkpt lat="39.5726910" lon="-104.8563970">
    <ele>1762.5</ele>
    <time>2022-10-31T19:58:32Z</time>
   </trkpt>
   <trkpt lat="39.5727090" lon="-104.8563980">
    <ele>1762.4</ele>
    <time>2022-10-31T19:58:33Z</time>
   </trkpt>
   <trkpt lat="39.5727220" lon="-104.8564010">
    <ele>1762.4</ele>
    <time>2022-10-31T19:58:34Z</time>
   </trkpt>
   <trkpt lat="39.5727330" lon="-104.8563990">
    <ele>1762.4</ele>
    <time>2022-10-31T19:58:35Z</time>
   </trkpt>
   <trkpt lat="39.5727410" lon="-104.8564010">
    <ele>1762.4</ele>
    <time>2022-10-31T19:58:36Z</time>
   </trkpt>
   <trkpt lat="39.5727550" lon="-104.8564040">
    <ele>1762.4</ele>
    <time>2022-10-31T19:58:37Z</time>
   </trkpt>
   <trkpt lat="39.5727660" lon="-104.8564020">
    <ele>1762.4</ele>
    <time>2022-10-31T19:58:38Z</time>
   </trkpt>
   <trkpt lat="39.5727780" lon="-104.8564000">
    <ele>1762.3</ele>
    <time>2022-10-31T19:58:39Z</time>
   </trkpt>
   <trkpt lat="39.5727890" lon="-104.8563990">
    <ele>1762.3</ele>
    <time>2022-10-31T19:58:40Z</time>
   </trkpt>
   <trkpt lat="39.5728100" lon="-104.8564010">
    <ele>1762.3</ele>
    <time>2022-10-31T19:58:41Z</time>
   </trkpt>
   <trkpt lat="39.5728190" lon="-104.8564030">
    <ele>1762.3</ele>
    <time>2022-10-31T19:58:42Z</time>
   </trkpt>
   <trkpt lat="39.5728270" lon="-104.8564060">
    <ele>1762.3</ele>
    <time>2022-10-31T19:58:43Z</time>
   </trkpt>
   <trkpt lat="39.5728370" lon="-104.8564070">
    <ele>1762.3</ele>
    <time>2022-10-31T19:58:44Z</time>
   </trkpt>
   <trkpt lat="39.5728430" lon="-104.8564070">
    <ele>1762.3</ele>
    <time>2022-10-31T19:58:45Z</time>
   </trkpt>
   <trkpt lat="39.5728510" lon="-104.8564050">
    <ele>1762.3</ele>
    <time>2022-10-31T19:58:46Z</time>
   </trkpt>
   <trkpt lat="39.5728630" lon="-104.8564030">
    <ele>1762.3</ele>
    <time>2022-10-31T19:58:47Z</time>
   </trkpt>
   <trkpt lat="39.5728750" lon="-104.8564020">
    <ele>1762.2</ele>
    <time>2022-10-31T19:58:48Z</time>
   </trkpt>
   <trkpt lat="39.5728910" lon="-104.8564000">
    <ele>1762.2</ele>
    <time>2022-10-31T19:58:49Z</time>
   </trkpt>
   <trkpt lat="39.5729210" lon="-104.8563910">
    <ele>1762.2</ele>
    <time>2022-10-31T19:58:50Z</time>
   </trkpt>
   <trkpt lat="39.5729290" lon="-104.8563890">
    <ele>1762.2</ele>
    <time>2022-10-31T19:58:51Z</time>
   </trkpt>
   <trkpt lat="39.5729470" lon="-104.8563900">
    <ele>1762.2</ele>
    <time>2022-10-31T19:58:52Z</time>
   </trkpt>
   <trkpt lat="39.5729640" lon="-104.8563970">
    <ele>1762.2</ele>
    <time>2022-10-31T19:58:53Z</time>
   </trkpt>
   <trkpt lat="39.5729840" lon="-104.8563990">
    <ele>1762.2</ele>
    <time>2022-10-31T19:58:54Z</time>
   </trkpt>
   <trkpt lat="39.5730000" lon="-104.8563980">
    <ele>1762.1</ele>
    <time>2022-10-31T19:58:55Z</time>
   </trkpt>
   <trkpt lat="39.5730130" lon="-104.8564030">
    <ele>1762.1</ele>
    <time>2022-10-31T19:58:56Z</time>
   </trkpt>
   <trkpt lat="39.5730320" lon="-104.8564010">
    <ele>1762.1</ele>
    <time>2022-10-31T19:58:57Z</time>
   </trkpt>
   <trkpt lat="39.5730490" lon="-104.8563980">
    <ele>1762.0</ele>
    <time>2022-10-31T19:58:58Z</time>
   </trkpt>
   <trkpt lat="39.5730590" lon="-104.8563930">
    <ele>1762.0</ele>
    <time>2022-10-31T19:58:59Z</time>
   </trkpt>
   <trkpt lat="39.5730690" lon="-104.8563890">
    <ele>1762.0</ele>
    <time>2022-10-31T19:59:00Z</time>
   </trkpt>
   <trkpt lat="39.5730870" lon="-104.8563850">
    <ele>1762.0</ele>
    <time>2022-10-31T19:59:01Z</time>
   </trkpt>
   <trkpt lat="39.5731040" lon="-104.8563860">
    <ele>1762.0</ele>
    <time>2022-10-31T19:59:02Z</time>
   </trkpt>
   <trkpt lat="39.5731200" lon="-104.8563860">
    <ele>1761.9</ele>
    <time>2022-10-31T19:59:03Z</time>
   </trkpt>
   <trkpt lat="39.5731330" lon="-104.8563870">
    <ele>1761.9</ele>
    <time>2022-10-31T19:59:04Z</time>
   </trkpt>
   <trkpt lat="39.5731480" lon="-104.8563910">
    <ele>1761.9</ele>
    <time>2022-10-31T19:59:05Z</time>
   </trkpt>
   <trkpt lat="39.5731570" lon="-104.8563940">
    <ele>1761.9</ele>
    <time>2022-10-31T19:59:06Z</time>
   </trkpt>
   <trkpt lat="39.5731680" lon="-104.8563890">
    <ele>1761.8</ele>
    <time>2022-10-31T19:59:07Z</time>
   </trkpt>
   <trkpt lat="39.5731850" lon="-104.8563850">
    <ele>1761.8</ele>
    <time>2022-10-31T19:59:08Z</time>
   </trkpt>
   <trkpt lat="39.5732030" lon="-104.8563840">
    <ele>1761.8</ele>
    <time>2022-10-31T19:59:09Z</time>
   </trkpt>
   <trkpt lat="39.5732180" lon="-104.8563860">
    <ele>1761.8</ele>
    <time>2022-10-31T19:59:10Z</time>
   </trkpt>
   <trkpt lat="39.5732330" lon="-104.8563860">
    <ele>1761.7</ele>
    <time>2022-10-31T19:59:11Z</time>
   </trkpt>
   <trkpt lat="39.5732510" lon="-104.8563880">
    <ele>1761.7</ele>
    <time>2022-10-31T19:59:12Z</time>
   </trkpt>
   <trkpt lat="39.5732610" lon="-104.8563910">
    <ele>1761.7</ele>
    <time>2022-10-31T19:59:13Z</time>
   </trkpt>
   <trkpt lat="39.5732720" lon="-104.8563930">
    <ele>1761.7</ele>
    <time>2022-10-31T19:59:14Z</time>
   </trkpt>
   <trkpt lat="39.5732840" lon="-104.8563970">
    <ele>1761.7</ele>
    <time>2022-10-31T19:59:15Z</time>
   </trkpt>
   <trkpt lat="39.5732920" lon="-104.8563990">
    <ele>1761.7</ele>
    <time>2022-10-31T19:59:16Z</time>
   </trkpt>
   <trkpt lat="39.5733030" lon="-104.8563970">
    <ele>1761.7</ele>
    <time>2022-10-31T19:59:17Z</time>
   </trkpt>
   <trkpt lat="39.5733270" lon="-104.8563940">
    <ele>1761.6</ele>
    <time>2022-10-31T19:59:18Z</time>
   </trkpt>
   <trkpt lat="39.5733330" lon="-104.8563940">
    <ele>1761.6</ele>
    <time>2022-10-31T19:59:19Z</time>
   </trkpt>
   <trkpt lat="39.5733390" lon="-104.8563940">
    <ele>1761.6</ele>
    <time>2022-10-31T19:59:20Z</time>
   </trkpt>
   <trkpt lat="39.5733540" lon="-104.8563960">
    <ele>1761.6</ele>
    <time>2022-10-31T19:59:21Z</time>
   </trkpt>
   <trkpt lat="39.5733670" lon="-104.8563990">
    <ele>1761.5</ele>
    <time>2022-10-31T19:59:22Z</time>
   </trkpt>
   <trkpt lat="39.5733870" lon="-104.8564020">
    <ele>1761.5</ele>
    <time>2022-10-31T19:59:23Z</time>
   </trkpt>
   <trkpt lat="39.5733950" lon="-104.8564070">
    <ele>1761.5</ele>
    <time>2022-10-31T19:59:24Z</time>
   </trkpt>
   <trkpt lat="39.5734030" lon="-104.8564130">
    <ele>1761.5</ele>
    <time>2022-10-31T19:59:25Z</time>
   </trkpt>
   <trkpt lat="39.5734160" lon="-104.8564150">
    <ele>1761.4</ele>
    <time>2022-10-31T19:59:26Z</time>
   </trkpt>
   <trkpt lat="39.5734280" lon="-104.8564180">
    <ele>1761.4</ele>
    <time>2022-10-31T19:59:27Z</time>
   </trkpt>
   <trkpt lat="39.5734360" lon="-104.8564180">
    <ele>1761.4</ele>
    <time>2022-10-31T19:59:28Z</time>
   </trkpt>
   <trkpt lat="39.5734510" lon="-104.8564160">
    <ele>1761.4</ele>
    <time>2022-10-31T19:59:29Z</time>
   </trkpt>
   <trkpt lat="39.5734670" lon="-104.8564100">
    <ele>1761.3</ele>
    <time>2022-10-31T19:59:30Z</time>
   </trkpt>
   <trkpt lat="39.5734890" lon="-104.8564080">
    <ele>1761.3</ele>
    <time>2022-10-31T19:59:31Z</time>
   </trkpt>
   <trkpt lat="39.5734980" lon="-104.8564040">
    <ele>1761.3</ele>
    <time>2022-10-31T19:59:32Z</time>
   </trkpt>
   <trkpt lat="39.5735080" lon="-104.8564010">
    <ele>1761.2</ele>
    <time>2022-10-31T19:59:33Z</time>
   </trkpt>
   <trkpt lat="39.5735210" lon="-104.8563980">
    <ele>1761.2</ele>
    <time>2022-10-31T19:59:34Z</time>
   </trkpt>
   <trkpt lat="39.5735350" lon="-104.8563980">
    <ele>1761.2</ele>
    <time>2022-10-31T19:59:35Z</time>
   </trkpt>
   <trkpt lat="39.5735440" lon="-104.8563980">
    <ele>1761.1</ele>
    <time>2022-10-31T19:59:36Z</time>
   </trkpt>
   <trkpt lat="39.5735600" lon="-104.8563930">
    <ele>1761.1</ele>
    <time>2022-10-31T19:59:37Z</time>
   </trkpt>
   <trkpt lat="39.5735690" lon="-104.8563920">
    <ele>1761.1</ele>
    <time>2022-10-31T19:59:38Z</time>
   </trkpt>
   <trkpt lat="39.5735730" lon="-104.8563890">
    <ele>1761.1</ele>
    <time>2022-10-31T19:59:39Z</time>
   </trkpt>
   <trkpt lat="39.5735880" lon="-104.8563920">
    <ele>1761.0</ele>
    <time>2022-10-31T19:59:40Z</time>
   </trkpt>
   <trkpt lat="39.5735940" lon="-104.8563960">
    <ele>1761.0</ele>
    <time>2022-10-31T19:59:41Z</time>
   </trkpt>
   <trkpt lat="39.5736050" lon="-104.8563990">
    <ele>1761.0</ele>
    <time>2022-10-31T19:59:42Z</time>
   </trkpt>
   <trkpt lat="39.5736280" lon="-104.8564030">
    <ele>1760.9</ele>
    <time>2022-10-31T19:59:43Z</time>
   </trkpt>
   <trkpt lat="39.5736370" lon="-104.8564040">
    <ele>1760.9</ele>
    <time>2022-10-31T19:59:44Z</time>
   </trkpt>
   <trkpt lat="39.5736460" lon="-104.8564050">
    <ele>1760.9</ele>
    <time>2022-10-31T19:59:45Z</time>
   </trkpt>
   <trkpt lat="39.5736640" lon="-104.8564060">
    <ele>1760.8</ele>
    <time>2022-10-31T19:59:46Z</time>
   </trkpt>
   <trkpt lat="39.5736740" lon="-104.8564070">
    <ele>1760.8</ele>
    <time>2022-10-31T19:59:47Z</time>
   </trkpt>
   <trkpt lat="39.5736830" lon="-104.8564080">
    <ele>1760.8</ele>
    <time>2022-10-31T19:59:48Z</time>
   </trkpt>
   <trkpt lat="39.5737020" lon="-104.8564080">
    <ele>1760.7</ele>
    <time>2022-10-31T19:59:49Z</time>
   </trkpt>
   <trkpt lat="39.5737110" lon="-104.8564110">
    <ele>1760.7</ele>
    <time>2022-10-31T19:59:50Z</time>
   </trkpt>
   <trkpt lat="39.5737210" lon="-104.8564140">
    <ele>1760.7</ele>
    <time>2022-10-31T19:59:51Z</time>
   </trkpt>
   <trkpt lat="39.5737320" lon="-104.8564190">
    <ele>1760.7</ele>
    <time>2022-10-31T19:59:52Z</time>
   </trkpt>
   <trkpt lat="39.5737450" lon="-104.8564190">
    <ele>1760.6</ele>
    <time>2022-10-31T19:59:53Z</time>
   </trkpt>
   <trkpt lat="39.5737560" lon="-104.8564200">
    <ele>1760.6</ele>
    <time>2022-10-31T19:59:54Z</time>
   </trkpt>
   <trkpt lat="39.5737710" lon="-104.8564170">
    <ele>1760.6</ele>
    <time>2022-10-31T19:59:55Z</time>
   </trkpt>
   <trkpt lat="39.5737870" lon="-104.8564110">
    <ele>1760.5</ele>
    <time>2022-10-31T19:59:56Z</time>
   </trkpt>
   <trkpt lat="39.5738050" lon="-104.8564160">
    <ele>1760.5</ele>
    <time>2022-10-31T19:59:57Z</time>
   </trkpt>
   <trkpt lat="39.5738210" lon="-104.8564180">
    <ele>1760.5</ele>
    <time>2022-10-31T19:59:58Z</time>
   </trkpt>
   <trkpt lat="39.5738360" lon="-104.8564210">
    <ele>1760.4</ele>
    <time>2022-10-31T19:59:59Z</time>
   </trkpt>
   <trkpt lat="39.5738490" lon="-104.8564250">
    <ele>1760.4</ele>
    <time>2022-10-31T20:00:00Z</time>
   </trkpt>
   <trkpt lat="39.5738610" lon="-104.8564270">
    <ele>1760.4</ele>
    <time>2022-10-31T20:00:01Z</time>
   </trkpt>
   <trkpt lat="39.5738770" lon="-104.8564330">
    <ele>1760.3</ele>
    <time>2022-10-31T20:00:02Z</time>
   </trkpt>
   <trkpt lat="39.5739050" lon="-104.8564440">
    <ele>1760.3</ele>
    <time>2022-10-31T20:00:03Z</time>
   </trkpt>
   <trkpt lat="39.5739140" lon="-104.8564480">
    <ele>1760.2</ele>
    <time>2022-10-31T20:00:04Z</time>
   </trkpt>
   <trkpt lat="39.5739290" lon="-104.8564550">
    <ele>1760.2</ele>
    <time>2022-10-31T20:00:05Z</time>
   </trkpt>
   <trkpt lat="39.5739380" lon="-104.8564560">
    <ele>1760.2</ele>
    <time>2022-10-31T20:00:06Z</time>
   </trkpt>
   <trkpt lat="39.5739450" lon="-104.8564590">
    <ele>1760.2</ele>
    <time>2022-10-31T20:00:07Z</time>
   </trkpt>
   <trkpt lat="39.5739620" lon="-104.8564670">
    <ele>1760.1</ele>
    <time>2022-10-31T20:00:08Z</time>
   </trkpt>
   <trkpt lat="39.5739710" lon="-104.8564700">
    <ele>1760.1</ele>
    <time>2022-10-31T20:00:09Z</time>
   </trkpt>
   <trkpt lat="39.5739800" lon="-104.8564730">
    <ele>1760.1</ele>
    <time>2022-10-31T20:00:10Z</time>
   </trkpt>
   <trkpt lat="39.5739910" lon="-104.8564810">
    <ele>1760.1</ele>
    <time>2022-10-31T20:00:11Z</time>
   </trkpt>
   <trkpt lat="39.5740080" lon="-104.8564850">
    <ele>1760.0</ele>
    <time>2022-10-31T20:00:12Z</time>
   </trkpt>
   <trkpt lat="39.5740250" lon="-104.8565040">
    <ele>1759.9</ele>
    <time>2022-10-31T20:00:13Z</time>
   </trkpt>
   <trkpt lat="39.5740330" lon="-104.8565120">
    <ele>1759.9</ele>
    <time>2022-10-31T20:00:14Z</time>
   </trkpt>
   <trkpt lat="39.5740400" lon="-104.8565200">
    <ele>1759.9</ele>
    <time>2022-10-31T20:00:15Z</time>
   </trkpt>
   <trkpt lat="39.5740520" lon="-104.8565230">
    <ele>1759.9</ele>
    <time>2022-10-31T20:00:16Z</time>
   </trkpt>
   <trkpt lat="39.5740640" lon="-104.8565430">
    <ele>1759.8</ele>
    <time>2022-10-31T20:00:17Z</time>
   </trkpt>
   <trkpt lat="39.5740770" lon="-104.8565470">
    <ele>1759.8</ele>
    <time>2022-10-31T20:00:18Z</time>
   </trkpt>
   <trkpt lat="39.5740930" lon="-104.8565550">
    <ele>1759.8</ele>
    <time>2022-10-31T20:00:19Z</time>
   </trkpt>
   <trkpt lat="39.5741140" lon="-104.8565570">
    <ele>1759.7</ele>
    <time>2022-10-31T20:00:20Z</time>
   </trkpt>
   <trkpt lat="39.5741230" lon="-104.8565610">
    <ele>1759.7</ele>
    <time>2022-10-31T20:00:21Z</time>
   </trkpt>
   <trkpt lat="39.5741310" lon="-104.8565640">
    <ele>1759.7</ele>
    <time>2022-10-31T20:00:22Z</time>
   </trkpt>
   <trkpt lat="39.5741390" lon="-104.8565680">
    <ele>1759.6</ele>
    <time>2022-10-31T20:00:23Z</time>
   </trkpt>
   <trkpt lat="39.5741520" lon="-104.8565750">
    <ele>1759.6</ele>
    <time>2022-10-31T20:00:24Z</time>
   </trkpt>
   <trkpt lat="39.5741640" lon="-104.8565830">
    <ele>1759.6</ele>
    <time>2022-10-31T20:00:25Z</time>
   </trkpt>
   <trkpt lat="39.5741780" lon="-104.8565900">
    <ele>1759.5</ele>
    <time>2022-10-31T20:00:26Z</time>
   </trkpt>
   <trkpt lat="39.5741910" lon="-104.8565980">
    <ele>1759.5</ele>
    <time>2022-10-31T20:00:27Z</time>
   </trkpt>
   <trkpt lat="39.5742090" lon="-104.8566080">
    <ele>1759.5</ele>
    <time>2022-10-31T20:00:28Z</time>
   </trkpt>
   <trkpt lat="39.5742160" lon="-104.8566140">
    <ele>1759.4</ele>
    <time>2022-10-31T20:00:29Z</time>
   </trkpt>
   <trkpt lat="39.5742240" lon="-104.8566190">
    <ele>1759.4</ele>
    <time>2022-10-31T20:00:30Z</time>
   </trkpt>
   <trkpt lat="39.5742370" lon="-104.8566300">
    <ele>1759.4</ele>
    <time>2022-10-31T20:00:31Z</time>
   </trkpt>
   <trkpt lat="39.5742510" lon="-104.8566430">
    <ele>1759.3</ele>
    <time>2022-10-31T20:00:32Z</time>
   </trkpt>
   <trkpt lat="39.5742670" lon="-104.8566560">
    <ele>1759.3</ele>
    <time>2022-10-31T20:00:33Z</time>
   </trkpt>
   <trkpt lat="39.5742760" lon="-104.8566620">
    <ele>1759.2</ele>
    <time>2022-10-31T20:00:34Z</time>
   </trkpt>
   <trkpt lat="39.5742840" lon="-104.8566690">
    <ele>1759.2</ele>
    <time>2022-10-31T20:00:35Z</time>
   </trkpt>
   <trkpt lat="39.5742930" lon="-104.8566830">
    <ele>1759.2</ele>
    <time>2022-10-31T20:00:36Z</time>
   </trkpt>
   <trkpt lat="39.5743100" lon="-104.8566970">
    <ele>1759.1</ele>
    <time>2022-10-31T20:00:37Z</time>
   </trkpt>
   <trkpt lat="39.5743140" lon="-104.8567100">
    <ele>1759.1</ele>
    <time>2022-10-31T20:00:38Z</time>
   </trkpt>
   <trkpt lat="39.5743260" lon="-104.8567210">
    <ele>1759.0</ele>
    <time>2022-10-31T20:00:39Z</time>
   </trkpt>
   <trkpt lat="39.5743300" lon="-104.8567250">
    <ele>1759.0</ele>
    <time>2022-10-31T20:00:40Z</time>
   </trkpt>
  </trkseg>
 </trk>
</gpx>
