<?xml version="1.0" encoding="UTF-8"?>
<gpx creator="StravaGPX" version="1.1" xmlns="http://www.topografix.com/GPX/1/1" xmlns:xsi="http://www.w3.org/2001/XMLSchema-instance" xsi:schemaLocation="http://www.topografix.com/GPX/1/1 http://www.topografix.com/GPX/1/1/gpx.xsd">
 <metadata>
  <time>2022-11-17T03:56:04Z</time>
 </metadata>
 <trk>
  <name>Night Walk</name>
  <type>walking</type>
  <trkseg>
   <trkpt lat="39.6809370" lon="-104.9579050">
    <ele>1636.1</ele>
    <time>2022-11-17T03:56:04Z</time>
   </trkpt>
   <trkpt lat="39.6808740" lon="-104.9579350">
    <ele>1636.2</ele>
    <time>2022-11-17T03:56:05Z</time>
   </trkpt>
   <trkpt lat="39.6808300" lon="-104.9579480">
    <ele>1636.2</ele>
    <time>2022-11-17T03:56:06Z</time>
   </trkpt>
   <trkpt lat="39.6808050" lon="-104.9579480">
    <ele>1636.3</ele>
    <time>2022-11-17T03:56:07Z</time>
   </trkpt>
   <trkpt lat="39.6807760" lon="-104.9579570">
    <ele>1636.3</ele>
    <time>2022-11-17T03:56:08Z</time>
   </trkpt>
   <trkpt lat="39.6807650" lon="-104.9579610">
    <ele>1636.3</ele>
    <time>2022-11-17T03:56:09Z</time>
   </trkpt>
   <trkpt lat="39.6807550" lon="-104.9579550">
    <ele>1636.3</ele>
    <time>2022-11-17T03:56:10Z</time>
   </trkpt>
   <trkpt lat="39.6807420" lon="-104.9579430">
    <ele>1636.4</ele>
    <time>2022-11-17T03:56:11Z</time>
   </trkpt>
   <trkpt lat="39.6807290" lon="-104.9579340">
    <ele>1636.4</ele>
    <time>2022-11-17T03:56:12Z</time>
   </trkpt>
   <trkpt lat="39.6807180" lon="-104.9579290">
    <ele>1636.4</ele>
    <time>2022-11-17T03:56:13Z</time>
   </trkpt>
   <trkpt lat="39.6807110" lon="-104.9579250">
    <ele>1636.4</ele>
    <time>2022-11-17T03:56:14Z</time>
   </trkpt>
   <trkpt lat="39.6807070" lon="-104.9579460">
    <ele>1636.4</ele>
    <time>2022-11-17T03:56:15Z</time>
   </trkpt>
   <trkpt lat="39.6806910" lon="-104.9579500">
    <ele>1636.5</ele>
    <time>2022-11-17T03:56:16Z</time>
   </trkpt>
   <trkpt lat="39.6806780" lon="-104.9579470">
    <ele>1636.5</ele>
    <time>2022-11-17T03:56:17Z</time>
   </trkpt>
   <trkpt lat="39.6806620" lon="-104.9579430">
    <ele>1636.5</ele>
    <time>2022-11-17T03:56:18Z</time>
   </trkpt>
   <trkpt lat="39.6806450" lon="-104.9579520">
    <ele>1636.5</ele>
    <time>2022-11-17T03:56:19Z</time>
   </trkpt>
   <trkpt lat="39.6806310" lon="-104.9579590">
    <ele>1636.5</ele>
    <time>2022-11-17T03:56:20Z</time>
   </trkpt>
   <trkpt lat="39.6806120" lon="-104.9579690">
    <ele>1636.6</ele>
    <time>2022-11-17T03:56:21Z</time>
   </trkpt>
   <trkpt lat="39.6806030" lon="-104.9579720">
    <ele>1636.6</ele>
    <time>2022-11-17T03:56:22Z</time>
   </trkpt>
   <trkpt lat="39.6805950" lon="-104.9579750">
    <ele>1636.6</ele>
    <time>2022-11-17T03:56:23Z</time>
   </trkpt>
   <trkpt lat="39.6805670" lon="-104.9579730">
    <ele>1636.6</ele>
    <time>2022-11-17T03:56:24Z</time>
   </trkpt>
   <trkpt lat="39.6805580" lon="-104.9579700">
    <ele>1636.6</ele>
    <time>2022-11-17T03:56:25Z</time>
   </trkpt>
   <trkpt lat="39.6805440" lon="-104.9579700">
    <ele>1636.7</ele>
    <time>2022-11-17T03:56:26Z</time>
   </trkpt>
   <trkpt lat="39.6805300" lon="-104.9579680">
    <ele>1636.7</ele>
    <time>2022-11-17T03:56:27Z</time>
   </trkpt>
   <trkpt lat="39.6805110" lon="-104.9579640">
    <ele>1636.7</ele>
    <time>2022-11-17T03:56:28Z</time>
   </trkpt>
   <trkpt lat="39.6804980" lon="-104.9579860">
    <ele>1636.7</ele>
    <time>2022-11-17T03:56:29Z</time>
   </trkpt>
   <trkpt lat="39.6804920" lon="-104.9580140">
    <ele>1636.8</ele>
    <time>2022-11-17T03:56:30Z</time>
   </trkpt>
   <trkpt lat="39.6804760" lon="-104.9580200">
    <ele>1636.8</ele>
    <time>2022-11-17T03:56:31Z</time>
   </trkpt>
   <trkpt lat="39.6804600" lon="-104.9580170">
    <ele>1636.8</ele>
    <time>2022-11-17T03:56:32Z</time>
   </trkpt>
   <trkpt lat="39.6804420" lon="-104.9580140">
    <ele>1636.8</ele>
    <time>2022-11-17T03:56:33Z</time>
   </trkpt>
   <trkpt lat="39.6804140" lon="-104.9580390">
    <ele>1636.9</ele>
    <time>2022-11-17T03:56:34Z</time>
   </trkpt>
   <trkpt lat="39.6803990" lon="-104.9580560">
    <ele>1636.9</ele>
    <time>2022-11-17T03:56:35Z</time>
   </trkpt>
   <trkpt lat="39.6803840" lon="-104.9580490">
    <ele>1636.9</ele>
    <time>2022-11-17T03:56:36Z</time>
   </trkpt>
   <trkpt lat="39.6803660" lon="-104.9580400">
    <ele>1636.9</ele>
    <time>2022-11-17T03:56:37Z</time>
   </trkpt>
   <trkpt lat="39.6803510" lon="-104.9580240">
    <ele>1637.0</ele>
    <time>2022-11-17T03:56:38Z</time>
   </trkpt>
   <trkpt lat="39.6803410" lon="-104.9580220">
    <ele>1637.0</ele>
    <time>2022-11-17T03:56:39Z</time>
   </trkpt>
   <trkpt lat="39.6803310" lon="-104.9580210">
    <ele>1637.0</ele>
    <time>2022-11-17T03:56:40Z</time>
   </trkpt>
   <trkpt lat="39.6803140" lon="-104.9580130">
    <ele>1637.0</ele>
    <time>2022-11-17T03:56:41Z</time>
   </trkpt>
   <trkpt lat="39.6803000" lon="-104.9580210">
    <ele>1637.0</ele>
    <time>2022-11-17T03:56:42Z</time>
   </trkpt>
   <trkpt lat="39.6802820" lon="-104.9580300">
    <ele>1637.0</ele>
    <time>2022-11-17T03:56:43Z</time>
   </trkpt>
   <trkpt lat="39.6802740" lon="-104.9580390">
    <ele>1637.0</ele>
    <time>2022-11-17T03:56:44Z</time>
   </trkpt>
   <trkpt lat="39.6802670" lon="-104.9580480">
    <ele>1637.0</ele>
    <time>2022-11-17T03:56:45Z</time>
   </trkpt>
   <trkpt lat="39.6802570" lon="-104.9580530">
    <ele>1637.1</ele>
    <time>2022-11-17T03:56:46Z</time>
   </trkpt>
   <trkpt lat="39.6802470" lon="-104.9580580">
    <ele>1637.1</ele>
    <time>2022-11-17T03:56:47Z</time>
   </trkpt>
   <trkpt lat="39.6802360" lon="-104.9580600">
    <ele>1637.1</ele>
    <time>2022-11-17T03:56:48Z</time>
   </trkpt>
   <trkpt lat="39.6802180" lon="-104.9580580">
    <ele>1637.2</ele>
    <time>2022-11-17T03:56:49Z</time>
   </trkpt>
   <trkpt lat="39.6802060" lon="-104.9580590">
    <ele>1637.3</ele>
    <time>2022-11-17T03:56:50Z</time>
   </trkpt>
   <trkpt lat="39.6801880" lon="-104.9580600">
    <ele>1637.3</ele>
    <time>2022-11-17T03:56:51Z</time>
   </trkpt>
   <trkpt lat="39.6801780" lon="-104.9580600">
    <ele>1637.4</ele>
    <time>2022-11-17T03:56:52Z</time>
   </trkpt>
   <trkpt lat="39.6801680" lon="-104.9580590">
    <ele>1637.4</ele>
    <time>2022-11-17T03:56:53Z</time>
   </trkpt>
   <trkpt lat="39.6801540" lon="-104.9580480">
    <ele>1637.5</ele>
    <time>2022-11-17T03:56:54Z</time>
   </trkpt>
   <trkpt lat="39.6801410" lon="-104.9580420">
    <ele>1637.6</ele>
    <time>2022-11-17T03:56:55Z</time>
   </trkpt>
   <trkpt lat="39.6801300" lon="-104.9580380">
    <ele>1637.6</ele>
    <time>2022-11-17T03:56:56Z</time>
   </trkpt>
   <trkpt lat="39.6801190" lon="-104.9580370">
    <ele>1637.6</ele>
    <time>2022-11-17T03:56:57Z</time>
   </trkpt>
   <trkpt lat="39.6801060" lon="-104.9580330">
    <ele>1637.6</ele>
    <time>2022-11-17T03:56:58Z</time>
   </trkpt>
   <trkpt lat="39.6800860" lon="-104.9580270">
    <ele>1637.7</ele>
    <time>2022-11-17T03:56:59Z</time>
   </trkpt>
   <trkpt lat="39.6800770" lon="-104.9580300">
    <ele>1637.7</ele>
    <time>2022-11-17T03:57:00Z</time>
   </trkpt>
   <trkpt lat="39.6800690" lon="-104.9580330">
    <ele>1637.7</ele>
    <time>2022-11-17T03:57:01Z</time>
   </trkpt>
   <trkpt lat="39.6800600" lon="-104.9580270">
    <ele>1637.8</ele>
    <time>2022-11-17T03:57:02Z</time>
   </trkpt>
   <trkpt lat="39.6800490" lon="-104.9580230">
    <ele>1637.8</ele>
    <time>2022-11-17T03:57:03Z</time>
   </trkpt>
   <trkpt lat="39.6800380" lon="-104.9580120">
    <ele>1637.8</ele>
    <time>2022-11-17T03:57:04Z</time>
   </trkpt>
   <trkpt lat="39.6800250" lon="-104.9579960">
    <ele>1637.9</ele>
    <time>2022-11-17T03:57:05Z</time>
   </trkpt>
   <trkpt lat="39.6800110" lon="-104.9580000">
    <ele>1637.9</ele>
    <time>2022-11-17T03:57:06Z</time>
   </trkpt>
   <trkpt lat="39.6799890" lon="-104.9579930">
    <ele>1638.0</ele>
    <time>2022-11-17T03:57:07Z</time>
   </trkpt>
   <trkpt lat="39.6799800" lon="-104.9579880">
    <ele>1638.0</ele>
    <time>2022-11-17T03:57:08Z</time>
   </trkpt>
   <trkpt lat="39.6799710" lon="-104.9579830">
    <ele>1638.0</ele>
    <time>2022-11-17T03:57:09Z</time>
   </trkpt>
   <trkpt lat="39.6799510" lon="-104.9579770">
    <ele>1638.1</ele>
    <time>2022-11-17T03:57:10Z</time>
   </trkpt>
   <trkpt lat="39.6799420" lon="-104.9579740">
    <ele>1638.1</ele>
    <time>2022-11-17T03:57:11Z</time>
   </trkpt>
   <trkpt lat="39.6799330" lon="-104.9579710">
    <ele>1638.1</ele>
    <time>2022-11-17T03:57:12Z</time>
   </trkpt>
   <trkpt lat="39.6799260" lon="-104.9579740">
    <ele>1638.2</ele>
    <time>2022-11-17T03:57:13Z</time>
   </trkpt>
   <trkpt lat="39.6799050" lon="-104.9579640">
    <ele>1638.2</ele>
    <time>2022-11-17T03:57:14Z</time>
   </trkpt>
   <trkpt lat="39.6798760" lon="-104.9579380">
    <ele>1638.3</ele>
    <time>2022-11-17T03:57:15Z</time>
   </trkpt>
   <trkpt lat="39.6798680" lon="-104.9579300">
    <ele>1638.4</ele>
    <time>2022-11-17T03:57:16Z</time>
   </trkpt>
   <trkpt lat="39.6798510" lon="-104.9579170">
    <ele>1638.4</ele>
    <time>2022-11-17T03:57:17Z</time>
   </trkpt>
   <trkpt lat="39.6798380" lon="-104.9579110">
    <ele>1638.5</ele>
    <time>2022-11-17T03:57:18Z</time>
   </trkpt>
   <trkpt lat="39.6798110" lon="-104.9578980">
    <ele>1638.5</ele>
    <time>2022-11-17T03:57:19Z</time>
   </trkpt>
   <trkpt lat="39.6797990" lon="-104.9578900">
    <ele>1638.6</ele>
    <time>2022-11-17T03:57:20Z</time>
   </trkpt>
   <trkpt lat="39.6797750" lon="-104.9578770">
    <ele>1638.7</ele>
    <time>2022-11-17T03:57:21Z</time>
   </trkpt>
   <trkpt lat="39.6797660" lon="-104.9578700">
    <ele>1638.7</ele>
    <time>2022-11-17T03:57:22Z</time>
   </trkpt>
   <trkpt lat="39.6797310" lon="-104.9578570">
    <ele>1638.8</ele>
    <time>2022-11-17T03:57:23Z</time>
   </trkpt>
   <trkpt lat="39.6797170" lon="-104.9578520">
    <ele>1638.9</ele>
    <time>2022-11-17T03:57:24Z</time>
   </trkpt>
   <trkpt lat="39.6796900" lon="-104.9578470">
    <ele>1638.9</ele>
    <time>2022-11-17T03:57:25Z</time>
   </trkpt>
   <trkpt lat="39.6796810" lon="-104.9578470">
    <ele>1639.0</ele>
    <time>2022-11-17T03:57:26Z</time>
   </trkpt>
   <trkpt lat="39.6796540" lon="-104.9578550">
    <ele>1639.0</ele>
    <time>2022-11-17T03:57:27Z</time>
   </trkpt>
   <trkpt lat="39.6796450" lon="-104.9578590">
    <ele>1639.1</ele>
    <time>2022-11-17T03:57:28Z</time>
   </trkpt>
   <trkpt lat="39.6796130" lon="-104.9578570">
    <ele>1639.2</ele>
    <time>2022-11-17T03:57:29Z</time>
   </trkpt>
   <trkpt lat="39.6796040" lon="-104.9578580">
    <ele>1639.2</ele>
    <time>2022-11-17T03:57:30Z</time>
   </trkpt>
   <trkpt lat="39.6795870" lon="-104.9578650">
    <ele>1639.2</ele>
    <time>2022-11-17T03:57:31Z</time>
   </trkpt>
   <trkpt lat="39.6795710" lon="-104.9578720">
    <ele>1639.3</ele>
    <time>2022-11-17T03:57:32Z</time>
   </trkpt>
   <trkpt lat="39.6795510" lon="-104.9578740">
    <ele>1639.3</ele>
    <time>2022-11-17T03:57:33Z</time>
   </trkpt>
   <trkpt lat="39.6795390" lon="-104.9578730">
    <ele>1639.4</ele>
    <time>2022-11-17T03:57:34Z</time>
   </trkpt>
   <trkpt lat="39.6795280" lon="-104.9578840">
    <ele>1639.4</ele>
    <time>2022-11-17T03:57:35Z</time>
   </trkpt>
   <trkpt lat="39.6795080" lon="-104.9578900">
    <ele>1639.5</ele>
    <time>2022-11-17T03:57:36Z</time>
   </trkpt>
   <trkpt lat="39.6794920" lon="-104.9578940">
    <ele>1639.5</ele>
    <time>2022-11-17T03:57:37Z</time>
   </trkpt>
   <trkpt lat="39.6794780" lon="-104.9578900">
    <ele>1639.5</ele>
    <time>2022-11-17T03:57:38Z</time>
   </trkpt>
   <trkpt lat="39.6794670" lon="-104.9578820">
    <ele>1639.6</ele>
    <time>2022-11-17T03:57:39Z</time>
   </trkpt>
   <trkpt lat="39.6794510" lon="-104.9578710">
    <ele>1639.6</ele>
    <time>2022-11-17T03:57:40Z</time>
   </trkpt>
   <trkpt lat="39.6794370" lon="-104.9578630">
    <ele>1639.7</ele>
    <time>2022-11-17T03:57:41Z</time>
   </trkpt>
   <trkpt lat="39.6794190" lon="-104.9578600">
    <ele>1639.7</ele>
    <time>2022-11-17T03:57:42Z</time>
   </trkpt>
   <trkpt lat="39.6793990" lon="-104.9578520">
    <ele>1639.7</ele>
    <time>2022-11-17T03:57:43Z</time>
   </trkpt>
   <trkpt lat="39.6793910" lon="-104.9578510">
    <ele>1639.7</ele>
    <time>2022-11-17T03:57:44Z</time>
   </trkpt>
   <trkpt lat="39.6793830" lon="-104.9578490">
    <ele>1639.7</ele>
    <time>2022-11-17T03:57:45Z</time>
   </trkpt>
   <trkpt lat="39.6793610" lon="-104.9578470">
    <ele>1639.7</ele>
    <time>2022-11-17T03:57:46Z</time>
   </trkpt>
   <trkpt lat="39.6793550" lon="-104.9578420">
    <ele>1639.8</ele>
    <time>2022-11-17T03:57:47Z</time>
   </trkpt>
   <trkpt lat="39.6793480" lon="-104.9578370">
    <ele>1639.8</ele>
    <time>2022-11-17T03:57:48Z</time>
   </trkpt>
   <trkpt lat="39.6793380" lon="-104.9578360">
    <ele>1639.8</ele>
    <time>2022-11-17T03:57:49Z</time>
   </trkpt>
   <trkpt lat="39.6793270" lon="-104.9578360">
    <ele>1639.8</ele>
    <time>2022-11-17T03:57:50Z</time>
   </trkpt>
   <trkpt lat="39.6793170" lon="-104.9578340">
    <ele>1639.8</ele>
    <time>2022-11-17T03:57:51Z</time>
   </trkpt>
   <trkpt lat="39.6792940" lon="-104.9578320">
    <ele>1639.8</ele>
    <time>2022-11-17T03:57:52Z</time>
   </trkpt>
   <trkpt lat="39.6792840" lon="-104.9578330">
    <ele>1639.8</ele>
    <time>2022-11-17T03:57:53Z</time>
   </trkpt>
   <trkpt lat="39.6792750" lon="-104.9578330">
    <ele>1639.9</ele>
    <time>2022-11-17T03:57:54Z</time>
   </trkpt>
   <trkpt lat="39.6792540" lon="-104.9578420">
    <ele>1639.9</ele>
    <time>2022-11-17T03:57:55Z</time>
   </trkpt>
   <trkpt lat="39.6792480" lon="-104.9578470">
    <ele>1639.9</ele>
    <time>2022-11-17T03:57:56Z</time>
   </trkpt>
   <trkpt lat="39.6792410" lon="-104.9578510">
    <ele>1639.9</ele>
    <time>2022-11-17T03:57:57Z</time>
   </trkpt>
   <trkpt lat="39.6792240" lon="-104.9578630">
    <ele>1639.9</ele>
    <time>2022-11-17T03:57:58Z</time>
   </trkpt>
   <trkpt lat="39.6792160" lon="-104.9578680">
    <ele>1639.9</ele>
    <time>2022-11-17T03:57:59Z</time>
   </trkpt>
   <trkpt lat="39.6792080" lon="-104.9578720">
    <ele>1640.0</ele>
    <time>2022-11-17T03:58:00Z</time>
   </trkpt>
   <trkpt lat="39.6791940" lon="-104.9578760">
    <ele>1640.0</ele>
    <time>2022-11-17T03:58:01Z</time>
   </trkpt>
   <trkpt lat="39.6791880" lon="-104.9578990">
    <ele>1640.0</ele>
    <time>2022-11-17T03:58:02Z</time>
   </trkpt>
   <trkpt lat="39.6791830" lon="-104.9579120">
    <ele>1640.0</ele>
    <time>2022-11-17T03:58:03Z</time>
   </trkpt>
   <trkpt lat="39.6791740" lon="-104.9579240">
    <ele>1640.0</ele>
    <time>2022-11-17T03:58:04Z</time>
   </trkpt>
   <trkpt lat="39.6791670" lon="-104.9579290">
    <ele>1640.0</ele>
    <time>2022-11-17T03:58:05Z</time>
   </trkpt>
   <trkpt lat="39.6791600" lon="-104.9579380">
    <ele>1640.1</ele>
    <time>2022-11-17T03:58:06Z</time>
   </trkpt>
   <trkpt lat="39.6791490" lon="-104.9579430">
    <ele>1640.1</ele>
    <time>2022-11-17T03:58:07Z</time>
   </trkpt>
   <trkpt lat="39.6791370" lon="-104.9579480">
    <ele>1640.1</ele>
    <time>2022-11-17T03:58:08Z</time>
   </trkpt>
   <trkpt lat="39.6791260" lon="-104.9579620">
    <ele>1640.1</ele>
    <time>2022-11-17T03:58:09Z</time>
   </trkpt>
   <trkpt lat="39.6791190" lon="-104.9579600">
    <ele>1640.1</ele>
    <time>2022-11-17T03:58:10Z</time>
   </trkpt>
   <trkpt lat="39.6791070" lon="-104.9579650">
    <ele>1640.1</ele>
    <time>2022-11-17T03:58:11Z</time>
   </trkpt>
   <trkpt lat="39.6791000" lon="-104.9579740">
    <ele>1640.2</ele>
    <time>2022-11-17T03:58:12Z</time>
   </trkpt>
   <trkpt lat="39.6790930" lon="-104.9579870">
    <ele>1640.2</ele>
    <time>2022-11-17T03:58:13Z</time>
   </trkpt>
   <trkpt lat="39.6790860" lon="-104.9580010">
    <ele>1640.2</ele>
    <time>2022-11-17T03:58:14Z</time>
   </trkpt>
   <trkpt lat="39.6790830" lon="-104.9580130">
    <ele>1640.2</ele>
    <time>2022-11-17T03:58:15Z</time>
   </trkpt>
   <trkpt lat="39.6790800" lon="-104.9580170">
    <ele>1640.2</ele>
    <time>2022-11-17T03:58:16Z</time>
   </trkpt>
   <trkpt lat="39.6790670" lon="-104.9580110">
    <ele>1640.2</ele>
    <time>2022-11-17T03:58:17Z</time>
   </trkpt>
   <trkpt lat="39.6790530" lon="-104.9580180">
    <ele>1640.3</ele>
    <time>2022-11-17T03:58:18Z</time>
   </trkpt>
   <trkpt lat="39.6790410" lon="-104.9580220">
    <ele>1640.3</ele>
    <time>2022-11-17T03:58:19Z</time>
   </trkpt>
   <trkpt lat="39.6790230" lon="-104.9580210">
    <ele>1640.3</ele>
    <time>2022-11-17T03:58:20Z</time>
   </trkpt>
   <trkpt lat="39.6790050" lon="-104.9580210">
    <ele>1640.4</ele>
    <time>2022-11-17T03:58:21Z</time>
   </trkpt>
   <trkpt lat="39.6789960" lon="-104.9580190">
    <ele>1640.4</ele>
    <time>2022-11-17T03:58:22Z</time>
   </trkpt>
   <trkpt lat="39.6789870" lon="-104.9580180">
    <ele>1640.4</ele>
    <time>2022-11-17T03:58:23Z</time>
   </trkpt>
   <trkpt lat="39.6789730" lon="-104.9580160">
    <ele>1640.4</ele>
    <time>2022-11-17T03:58:24Z</time>
   </trkpt>
   <trkpt lat="39.6789560" lon="-104.9580130">
    <ele>1640.4</ele>
    <time>2022-11-17T03:58:25Z</time>
   </trkpt>
   <trkpt lat="39.6789390" lon="-104.9580130">
    <ele>1640.4</ele>
    <time>2022-11-17T03:58:26Z</time>
   </trkpt>
   <trkpt lat="39.6789200" lon="-104.9580100">
    <ele>1640.5</ele>
    <time>2022-11-17T03:58:27Z</time>
   </trkpt>
   <trkpt lat="39.6789080" lon="-104.9580120">
    <ele>1640.5</ele>
    <time>2022-11-17T03:58:28Z</time>
   </trkpt>
   <trkpt lat="39.6788930" lon="-104.9580090">
    <ele>1640.5</ele>
    <time>2022-11-17T03:58:29Z</time>
   </trkpt>
   <trkpt lat="39.6788810" lon="-104.9580060">
    <ele>1640.5</ele>
    <time>2022-11-17T03:58:30Z</time>
   </trkpt>
   <trkpt lat="39.6788640" lon="-104.9580100">
    <ele>1640.5</ele>
    <time>2022-11-17T03:58:31Z</time>
   </trkpt>
   <trkpt lat="39.6788470" lon="-104.9580110">
    <ele>1640.6</ele>
    <time>2022-11-17T03:58:32Z</time>
   </trkpt>
   <trkpt lat="39.6788310" lon="-104.9580100">
    <ele>1640.6</ele>
    <time>2022-11-17T03:58:33Z</time>
   </trkpt>
   <trkpt lat="39.6788170" lon="-104.9580030">
    <ele>1640.6</ele>
    <time>2022-11-17T03:58:34Z</time>
   </trkpt>
   <trkpt lat="39.6787950" lon="-104.9580050">
    <ele>1640.6</ele>
    <time>2022-11-17T03:58:35Z</time>
   </trkpt>
   <trkpt lat="39.6787780" lon="-104.9580070">
    <ele>1640.6</ele>
    <time>2022-11-17T03:58:36Z</time>
   </trkpt>
   <trkpt lat="39.6787660" lon="-104.9580030">
    <ele>1640.6</ele>
    <time>2022-11-17T03:58:37Z</time>
   </trkpt>
   <trkpt lat="39.6787460" lon="-104.9579950">
    <ele>1640.7</ele>
    <time>2022-11-17T03:58:38Z</time>
   </trkpt>
   <trkpt lat="39.6787370" lon="-104.9579920">
    <ele>1640.7</ele>
    <time>2022-11-17T03:58:39Z</time>
   </trkpt>
   <trkpt lat="39.6787280" lon="-104.9579900">
    <ele>1640.7</ele>
    <time>2022-11-17T03:58:40Z</time>
   </trkpt>
   <trkpt lat="39.6787140" lon="-104.9580210">
    <ele>1640.7</ele>
    <time>2022-11-17T03:58:41Z</time>
   </trkpt>
   <trkpt lat="39.6787100" lon="-104.9580360">
    <ele>1640.7</ele>
    <time>2022-11-17T03:58:42Z</time>
   </trkpt>
   <trkpt lat="39.6787000" lon="-104.9580360">
    <ele>1640.7</ele>
    <time>2022-11-17T03:58:43Z</time>
   </trkpt>
   <trkpt lat="39.6786830" lon="-104.9580280">
    <ele>1640.7</ele>
    <time>2022-11-17T03:58:44Z</time>
   </trkpt>
   <trkpt lat="39.6786660" lon="-104.9580180">
    <ele>1640.8</ele>
    <time>2022-11-17T03:58:45Z</time>
   </trkpt>
   <trkpt lat="39.6786530" lon="-104.9580110">
    <ele>1640.8</ele>
    <time>2022-11-17T03:58:46Z</time>
   </trkpt>
   <trkpt lat="39.6786420" lon="-104.9580120">
    <ele>1640.8</ele>
    <time>2022-11-17T03:58:47Z</time>
   </trkpt>
   <trkpt lat="39.6786220" lon="-104.9580210">
    <ele>1640.8</ele>
    <time>2022-11-17T03:58:48Z</time>
   </trkpt>
   <trkpt lat="39.6786010" lon="-104.9580250">
    <ele>1640.8</ele>
    <time>2022-11-17T03:58:49Z</time>
   </trkpt>
   <trkpt lat="39.6785870" lon="-104.9580220">
    <ele>1640.8</ele>
    <time>2022-11-17T03:58:50Z</time>
   </trkpt>
   <trkpt lat="39.6785660" lon="-104.9580270">
    <ele>1640.8</ele>
    <time>2022-11-17T03:58:51Z</time>
   </trkpt>
   <trkpt lat="39.6785510" lon="-104.9580250">
    <ele>1640.9</ele>
    <time>2022-11-17T03:58:52Z</time>
   </trkpt>
   <trkpt lat="39.6785310" lon="-104.9580370">
    <ele>1640.9</ele>
    <time>2022-11-17T03:58:53Z</time>
   </trkpt>
   <trkpt lat="39.6785260" lon="-104.9580460">
    <ele>1640.9</ele>
    <time>2022-11-17T03:58:54Z</time>
   </trkpt>
   <trkpt lat="39.6785200" lon="-104.9580560">
    <ele>1640.9</ele>
    <time>2022-11-17T03:58:55Z</time>
   </trkpt>
   <trkpt lat="39.6785130" lon="-104.9580810">
    <ele>1641.0</ele>
    <time>2022-11-17T03:58:56Z</time>
   </trkpt>
   <trkpt lat="39.6785100" lon="-104.9580930">
    <ele>1641.0</ele>
    <time>2022-11-17T03:58:57Z</time>
   </trkpt>
   <trkpt lat="39.6785080" lon="-104.9581050">
    <ele>1641.0</ele>
    <time>2022-11-17T03:58:58Z</time>
   </trkpt>
   <trkpt lat="39.6785040" lon="-104.9581390">
    <ele>1640.9</ele>
    <time>2022-11-17T03:58:59Z</time>
   </trkpt>
   <trkpt lat="39.6785030" lon="-104.9581540">
    <ele>1640.9</ele>
    <time>2022-11-17T03:59:00Z</time>
   </trkpt>
   <trkpt lat="39.6784980" lon="-104.9581800">
    <ele>1640.9</ele>
    <time>2022-11-17T03:59:01Z</time>
   </trkpt>
   <trkpt lat="39.6784920" lon="-104.9581950">
    <ele>1640.9</ele>
    <time>2022-11-17T03:59:02Z</time>
   </trkpt>
   <trkpt lat="39.6784850" lon="-104.9582080">
    <ele>1640.9</ele>
    <time>2022-11-17T03:59:03Z</time>
   </trkpt>
   <trkpt lat="39.6784820" lon="-104.9582160">
    <ele>1640.9</ele>
    <time>2022-11-17T03:59:04Z</time>
   </trkpt>
   <trkpt lat="39.6784800" lon="-104.9582240">
    <ele>1640.9</ele>
    <time>2022-11-17T03:59:05Z</time>
   </trkpt>
   <trkpt lat="39.6784780" lon="-104.9582320">
    <ele>1640.9</ele>
    <time>2022-11-17T03:59:06Z</time>
   </trkpt>
   <trkpt lat="39.6784760" lon="-104.9582400">
    <ele>1640.9</ele>
    <time>2022-11-17T03:59:07Z</time>
   </trkpt>
   <trkpt lat="39.6784690" lon="-104.9582580">
    <ele>1640.9</ele>
    <time>2022-11-17T03:59:08Z</time>
   </trkpt>
   <trkpt lat="39.6784650" lon="-104.9582750">
    <ele>1640.9</ele>
    <time>2022-11-17T03:59:09Z</time>
   </trkpt>
   <trkpt lat="39.6784610" lon="-104.9583010">
    <ele>1640.9</ele>
    <time>2022-11-17T03:59:10Z</time>
   </trkpt>
   <trkpt lat="39.6784580" lon="-104.9583180">
    <ele>1640.9</ele>
    <time>2022-11-17T03:59:11Z</time>
   </trkpt>
   <trkpt lat="39.6784550" lon="-104.9583350">
    <ele>1640.9</ele>
    <time>2022-11-17T03:59:12Z</time>
   </trkpt>
   <trkpt lat="39.6784560" lon="-104.9583560">
    <ele>1640.8</ele>
    <time>2022-11-17T03:59:13Z</time>
   </trkpt>
   <trkpt lat="39.6784540" lon="-104.9583740">
    <ele>1640.8</ele>
    <time>2022-11-17T03:59:14Z</time>
   </trkpt>
   <trkpt lat="39.6784500" lon="-104.9584140">
    <ele>1640.8</ele>
    <time>2022-11-17T03:59:15Z</time>
   </trkpt>
   <trkpt lat="39.6784470" lon="-104.9584340">
    <ele>1640.8</ele>
    <time>2022-11-17T03:59:16Z</time>
   </trkpt>
   <trkpt lat="39.6784440" lon="-104.9584540">
    <ele>1640.8</ele>
    <time>2022-11-17T03:59:17Z</time>
   </trkpt>
   <trkpt lat="39.6784470" lon="-104.9584740">
    <ele>1640.8</ele>
    <time>2022-11-17T03:59:18Z</time>
   </trkpt>
   <trkpt lat="39.6784430" lon="-104.9584920">
    <ele>1640.8</ele>
    <time>2022-11-17T03:59:19Z</time>
   </trkpt>
   <trkpt lat="39.6784380" lon="-104.9585080">
    <ele>1640.8</ele>
    <time>2022-11-17T03:59:20Z</time>
   </trkpt>
   <trkpt lat="39.6784360" lon="-104.9585270">
    <ele>1640.8</ele>
    <time>2022-11-17T03:59:21Z</time>
   </trkpt>
   <trkpt lat="39.6784370" lon="-104.9585440">
    <ele>1640.8</ele>
    <time>2022-11-17T03:59:22Z</time>
   </trkpt>
   <trkpt lat="39.6784350" lon="-104.9585850">
    <ele>1640.7</ele>
    <time>2022-11-17T03:59:23Z</time>
   </trkpt>
   <trkpt lat="39.6784340" lon="-104.9586060">
    <ele>1640.7</ele>
    <time>2022-11-17T03:59:24Z</time>
   </trkpt>
   <trkpt lat="39.6784350" lon="-104.9586480">
    <ele>1640.7</ele>
    <time>2022-11-17T03:59:25Z</time>
   </trkpt>
   <trkpt lat="39.6784350" lon="-104.9586580">
    <ele>1640.7</ele>
    <time>2022-11-17T03:59:26Z</time>
   </trkpt>
   <trkpt lat="39.6784330" lon="-104.9586730">
    <ele>1640.6</ele>
    <time>2022-11-17T03:59:27Z</time>
   </trkpt>
   <trkpt lat="39.6784290" lon="-104.9587020">
    <ele>1640.6</ele>
    <time>2022-11-17T03:59:28Z</time>
   </trkpt>
   <trkpt lat="39.6784270" lon="-104.9587460">
    <ele>1640.5</ele>
    <time>2022-11-17T03:59:29Z</time>
   </trkpt>
   <trkpt lat="39.6784230" lon="-104.9587600">
    <ele>1640.5</ele>
    <time>2022-11-17T03:59:30Z</time>
   </trkpt>
   <trkpt lat="39.6784180" lon="-104.9588020">
    <ele>1640.4</ele>
    <time>2022-11-17T03:59:31Z</time>
   </trkpt>
   <trkpt lat="39.6784170" lon="-104.9588150">
    <ele>1640.4</ele>
    <time>2022-11-17T03:59:32Z</time>
   </trkpt>
   <trkpt lat="39.6784110" lon="-104.9588300">
    <ele>1640.3</ele>
    <time>2022-11-17T03:59:33Z</time>
   </trkpt>
   <trkpt lat="39.6784070" lon="-104.9588500">
    <ele>1640.3</ele>
    <time>2022-11-17T03:59:34Z</time>
   </trkpt>
   <trkpt lat="39.6784070" lon="-104.9588680">
    <ele>1640.3</ele>
    <time>2022-11-17T03:59:35Z</time>
   </trkpt>
   <trkpt lat="39.6784020" lon="-104.9588870">
    <ele>1640.2</ele>
    <time>2022-11-17T03:59:36Z</time>
   </trkpt>
   <trkpt lat="39.6783970" lon="-104.9589020">
    <ele>1640.2</ele>
    <time>2022-11-17T03:59:37Z</time>
   </trkpt>
   <trkpt lat="39.6783830" lon="-104.9589190">
    <ele>1640.1</ele>
    <time>2022-11-17T03:59:38Z</time>
   </trkpt>
   <trkpt lat="39.6783640" lon="-104.9589520">
    <ele>1640.1</ele>
    <time>2022-11-17T03:59:39Z</time>
   </trkpt>
   <trkpt lat="39.6783560" lon="-104.9589610">
    <ele>1640.1</ele>
    <time>2022-11-17T03:59:40Z</time>
   </trkpt>
   <trkpt lat="39.6783430" lon="-104.9589780">
    <ele>1640.0</ele>
    <time>2022-11-17T03:59:41Z</time>
   </trkpt>
   <trkpt lat="39.6783340" lon="-104.9589930">
    <ele>1640.0</ele>
    <time>2022-11-17T03:59:42Z</time>
   </trkpt>
   <trkpt lat="39.6783310" lon="-104.9590090">
    <ele>1640.0</ele>
    <time>2022-11-17T03:59:43Z</time>
   </trkpt>
   <trkpt lat="39.6783220" lon="-104.9590360">
    <ele>1639.9</ele>
    <time>2022-11-17T03:59:44Z</time>
   </trkpt>
   <trkpt lat="39.6783130" lon="-104.9590550">
    <ele>1639.9</ele>
    <time>2022-11-17T03:59:45Z</time>
   </trkpt>
   <trkpt lat="39.6783100" lon="-104.9590740">
    <ele>1639.9</ele>
    <time>2022-11-17T03:59:46Z</time>
   </trkpt>
   <trkpt lat="39.6783100" lon="-104.9591220">
    <ele>1639.8</ele>
    <time>2022-11-17T03:59:47Z</time>
   </trkpt>
   <trkpt lat="39.6783110" lon="-104.9591350">
    <ele>1639.8</ele>
    <time>2022-11-17T03:59:48Z</time>
   </trkpt>
   <trkpt lat="39.6783090" lon="-104.9591600">
    <ele>1639.7</ele>
    <time>2022-11-17T03:59:49Z</time>
   </trkpt>
   <trkpt lat="39.6783040" lon="-104.9591730">
    <ele>1639.7</ele>
    <time>2022-11-17T03:59:50Z</time>
   </trkpt>
   <trkpt lat="39.6782980" lon="-104.9591860">
    <ele>1639.7</ele>
    <time>2022-11-17T03:59:51Z</time>
   </trkpt>
   <trkpt lat="39.6782940" lon="-104.9592080">
    <ele>1639.6</ele>
    <time>2022-11-17T03:59:52Z</time>
   </trkpt>
   <trkpt lat="39.6782830" lon="-104.9592330">
    <ele>1639.6</ele>
    <time>2022-11-17T03:59:53Z</time>
   </trkpt>
   <trkpt lat="39.6782780" lon="-104.9592450">
    <ele>1639.6</ele>
    <time>2022-11-17T03:59:54Z</time>
   </trkpt>
   <trkpt lat="39.6782730" lon="-104.9592560">
    <ele>1639.5</ele>
    <time>2022-11-17T03:59:55Z</time>
   </trkpt>
   <trkpt lat="39.6782790" lon="-104.9592730">
    <ele>1639.5</ele>
    <time>2022-11-17T03:59:56Z</time>
   </trkpt>
   <trkpt lat="39.6782710" lon="-104.9592910">
    <ele>1639.4</ele>
    <time>2022-11-17T03:59:57Z</time>
   </trkpt>
   <trkpt lat="39.6782920" lon="-104.9593300">
    <ele>1639.3</ele>
    <time>2022-11-17T03:59:58Z</time>
   </trkpt>
   <trkpt lat="39.6783030" lon="-104.9593480">
    <ele>1639.3</ele>
    <time>2022-11-17T03:59:59Z</time>
   </trkpt>
   <trkpt lat="39.6783260" lon="-104.9593710">
    <ele>1639.2</ele>
    <time>2022-11-17T04:00:00Z</time>
   </trkpt>
   <trkpt lat="39.6783600" lon="-104.9593950">
    <ele>1639.2</ele>
    <time>2022-11-17T04:00:01Z</time>
   </trkpt>
   <trkpt lat="39.6783710" lon="-104.9594030">
    <ele>1639.2</ele>
    <time>2022-11-17T04:00:02Z</time>
   </trkpt>
   <trkpt lat="39.6783790" lon="-104.9594180">
    <ele>1639.2</ele>
    <time>2022-11-17T04:00:03Z</time>
   </trkpt>
   <trkpt lat="39.6783820" lon="-104.9594390">
    <ele>1639.2</ele>
    <time>2022-11-17T04:00:04Z</time>
   </trkpt>
   <trkpt lat="39.6784000" lon="-104.9594810">
    <ele>1639.2</ele>
    <time>2022-11-17T04:00:05Z</time>
   </trkpt>
   <trkpt lat="39.6784080" lon="-104.9594960">
    <ele>1639.2</ele>
    <time>2022-11-17T04:00:06Z</time>
   </trkpt>
   <trkpt lat="39.6784200" lon="-104.9595360">
    <ele>1639.2</ele>
    <time>2022-11-17T04:00:07Z</time>
   </trkpt>
   <trkpt lat="39.6784190" lon="-104.9595470">
    <ele>1639.2</ele>
    <time>2022-11-17T04:00:08Z</time>
   </trkpt>
   <trkpt lat="39.6784120" lon="-104.9595610">
    <ele>1639.2</ele>
    <time>2022-11-17T04:00:09Z</time>
   </trkpt>
   <trkpt lat="39.6783990" lon="-104.9595730">
    <ele>1639.2</ele>
    <time>2022-11-17T04:00:10Z</time>
   </trkpt>
   <trkpt lat="39.6783950" lon="-104.9595880">
    <ele>1639.2</ele>
    <time>2022-11-17T04:00:11Z</time>
   </trkpt>
   <trkpt lat="39.6783920" lon="-104.9595970">
    <ele>1639.2</ele>
    <time>2022-11-17T04:00:12Z</time>
   </trkpt>
   <trkpt lat="39.6783820" lon="-104.9595980">
    <ele>1639.2</ele>
    <time>2022-11-17T04:00:13Z</time>
   </trkpt>
   <trkpt lat="39.6783780" lon="-104.9596040">
    <ele>1639.2</ele>
    <time>2022-11-17T04:00:14Z</time>
   </trkpt>
   <trkpt lat="39.6783670" lon="-104.9596080">
    <ele>1639.2</ele>
    <time>2022-11-17T04:00:15Z</time>
   </trkpt>
   <trkpt lat="39.6783570" lon="-104.9595990">
    <ele>1639.2</ele>
    <time>2022-11-17T04:00:16Z</time>
   </trkpt>
   <trkpt lat="39.6783500" lon="-104.9595930">
    <ele>1639.2</ele>
    <time>2022-11-17T04:00:17Z</time>
   </trkpt>
   <trkpt lat="39.6783420" lon="-104.9595900">
    <ele>1639.2</ele>
    <time>2022-11-17T04:00:18Z</time>
   </trkpt>
   <trkpt lat="39.6783370" lon="-104.9595790">
    <ele>1639.2</ele>
    <time>2022-11-17T04:00:19Z</time>
   </trkpt>
   <trkpt lat="39.6783440" lon="-104.9595660">
    <ele>1639.2</ele>
    <time>2022-11-17T04:00:20Z</time>
   </trkpt>
   <trkpt lat="39.6783490" lon="-104.9595610">
    <ele>1639.2</ele>
    <time>2022-11-17T04:00:21Z</time>
   </trkpt>
   <trkpt lat="39.6783470" lon="-104.9595530">
    <ele>1639.2</ele>
    <time>2022-11-17T04:00:22Z</time>
   </trkpt>
   <trkpt lat="39.6783510" lon="-104.9595230">
    <ele>1639.2</ele>
    <time>2022-11-17T04:00:23Z</time>
   </trkpt>
   <trkpt lat="39.6783510" lon="-104.9595140">
    <ele>1639.2</ele>
    <time>2022-11-17T04:00:24Z</time>
   </trkpt>
   <trkpt lat="39.6783510" lon="-104.9595060">
    <ele>1639.2</ele>
    <time>2022-11-17T04:00:25Z</time>
   </trkpt>
   <trkpt lat="39.6783480" lon="-104.9594970">
    <ele>1639.2</ele>
    <time>2022-11-17T04:00:26Z</time>
   </trkpt>
   <trkpt lat="39.6783550" lon="-104.9594810">
    <ele>1639.2</ele>
    <time>2022-11-17T04:00:27Z</time>
   </trkpt>
   <trkpt lat="39.6783600" lon="-104.9594660">
    <ele>1639.2</ele>
    <time>2022-11-17T04:00:28Z</time>
   </trkpt>
   <trkpt lat="39.6783630" lon="-104.9594400">
    <ele>1639.2</ele>
    <time>2022-11-17T04:00:29Z</time>
   </trkpt>
   <trkpt lat="39.6783640" lon="-104.9594320">
    <ele>1639.2</ele>
    <time>2022-11-17T04:00:30Z</time>
   </trkpt>
   <trkpt lat="39.6783650" lon="-104.9594230">
    <ele>1639.2</ele>
    <time>2022-11-17T04:00:31Z</time>
   </trkpt>
   <trkpt lat="39.6783660" lon="-104.9594150">
    <ele>1639.2</ele>
    <time>2022-11-17T04:00:32Z</time>
   </trkpt>
   <trkpt lat="39.6783760" lon="-104.9593970">
    <ele>1639.2</ele>
    <time>2022-11-17T04:00:33Z</time>
   </trkpt>
   <trkpt lat="39.6783820" lon="-104.9593890">
    <ele>1639.2</ele>
    <time>2022-11-17T04:00:34Z</time>
   </trkpt>
   <trkpt lat="39.6783880" lon="-104.9593810">
    <ele>1639.2</ele>
    <time>2022-11-17T04:00:35Z</time>
   </trkpt>
   <trkpt lat="39.6783950" lon="-104.9593720">
    <ele>1639.2</ele>
    <time>2022-11-17T04:00:36Z</time>
   </trkpt>
   <trkpt lat="39.6784010" lon="-104.9593640">
    <ele>1639.2</ele>
    <time>2022-11-17T04:00:37Z</time>
   </trkpt>
   <trkpt lat="39.6784080" lon="-104.9593580">
    <ele>1639.2</ele>
    <time>2022-11-17T04:00:38Z</time>
   </trkpt>
   <trkpt lat="39.6784070" lon="-104.9593560">
    <ele>1639.2</ele>
    <time>2022-11-17T04:00:39Z</time>
   </trkpt>
   <trkpt lat="39.6784050" lon="-104.9593530">
    <ele>1639.2</ele>
    <time>2022-11-17T04:00:40Z</time>
   </trkpt>
   <trkpt lat="39.6784040" lon="-104.9593510">
    <ele>1639.2</ele>
    <time>2022-11-17T04:00:41Z</time>
   </trkpt>
   <trkpt lat="39.6784030" lon="-104.9593490">
    <ele>1639.2</ele>
    <time>2022-11-17T04:00:42Z</time>
   </trkpt>
   <trkpt lat="39.6784010" lon="-104.9593470">
    <ele>1639.2</ele>
    <time>2022-11-17T04:00:43Z</time>
   </trkpt>
   <trkpt lat="39.6784000" lon="-104.9593450">
    <ele>1639.2</ele>
    <time>2022-11-17T04:00:44Z</time>
   </trkpt>
   <trkpt lat="39.6783980" lon="-104.9593430">
    <ele>1639.2</ele>
    <time>2022-11-17T04:00:45Z</time>
   </trkpt>
   <trkpt lat="39.6783970" lon="-104.9593400">
    <ele>1639.2</ele>
    <time>2022-11-17T04:00:46Z</time>
   </trkpt>
   <trkpt lat="39.6783960" lon="-104.9593380">
    <ele>1639.2</ele>
    <time>2022-11-17T04:00:47Z</time>
   </trkpt>
   <trkpt lat="39.6783940" lon="-104.9593360">
    <ele>1639.2</ele>
    <time>2022-11-17T04:00:48Z</time>
   </trkpt>
   <trkpt lat="39.6783930" lon="-104.9593340">
    <ele>1639.2</ele>
    <time>2022-11-17T04:00:49Z</time>
   </trkpt>
   <trkpt lat="39.6783920" lon="-104.9593320">
    <ele>1639.2</ele>
    <time>2022-11-17T04:00:50Z</time>
   </trkpt>
   <trkpt lat="39.6783900" lon="-104.9593300">
    <ele>1639.5</ele>
    <time>2022-11-17T04:00:51Z</time>
   </trkpt>
   <trkpt lat="39.6783890" lon="-104.9593270">
    <ele>1639.5</ele>
    <time>2022-11-17T04:00:52Z</time>
   </trkpt>
   <trkpt lat="39.6783870" lon="-104.9593250">
    <ele>1639.5</ele>
    <time>2022-11-17T04:00:53Z</time>
   </trkpt>
   <trkpt lat="39.6783860" lon="-104.9593230">
    <ele>1639.5</ele>
    <time>2022-11-17T04:00:54Z</time>
   </trkpt>
   <trkpt lat="39.6783850" lon="-104.9593210">
    <ele>1639.5</ele>
    <time>2022-11-17T04:00:55Z</time>
   </trkpt>
   <trkpt lat="39.6783830" lon="-104.9593190">
    <ele>1639.5</ele>
    <time>2022-11-17T04:00:56Z</time>
   </trkpt>
   <trkpt lat="39.6783820" lon="-104.9593170">
    <ele>1639.5</ele>
    <time>2022-11-17T04:00:57Z</time>
   </trkpt>
   <trkpt lat="39.6783810" lon="-104.9593150">
    <ele>1639.5</ele>
    <time>2022-11-17T04:00:58Z</time>
   </trkpt>
   <trkpt lat="39.6783790" lon="-104.9593120">
    <ele>1639.5</ele>
    <time>2022-11-17T04:00:59Z</time>
   </trkpt>
   <trkpt lat="39.6783780" lon="-104.9593100">
    <ele>1639.5</ele>
    <time>2022-11-17T04:01:00Z</time>
   </trkpt>
   <trkpt lat="39.6783770" lon="-104.9593080">
    <ele>1639.5</ele>
    <time>2022-11-17T04:01:01Z</time>
   </trkpt>
   <trkpt lat="39.6783750" lon="-104.9593060">
    <ele>1639.5</ele>
    <time>2022-11-17T04:01:02Z</time>
   </trkpt>
   <trkpt lat="39.6783740" lon="-104.9593040">
    <ele>1639.5</ele>
    <time>2022-11-17T04:01:03Z</time>
   </trkpt>
   <trkpt lat="39.6783480" lon="-104.9593170">
    <ele>1639.5</ele>
    <time>2022-11-17T04:01:04Z</time>
   </trkpt>
   <trkpt lat="39.6783390" lon="-104.9593210">
    <ele>1639.5</ele>
    <time>2022-11-17T04:01:05Z</time>
   </trkpt>
   <trkpt lat="39.6783240" lon="-104.9593200">
    <ele>1639.5</ele>
    <time>2022-11-17T04:01:06Z</time>
   </trkpt>
   <trkpt lat="39.6783170" lon="-104.9593240">
    <ele>1639.5</ele>
    <time>2022-11-17T04:01:07Z</time>
   </trkpt>
   <trkpt lat="39.6783080" lon="-104.9593360">
    <ele>1639.5</ele>
    <time>2022-11-17T04:01:08Z</time>
   </trkpt>
   <trkpt lat="39.6782970" lon="-104.9593350">
    <ele>1639.5</ele>
    <time>2022-11-17T04:01:09Z</time>
   </trkpt>
   <trkpt lat="39.6782950" lon="-104.9593240">
    <ele>1639.5</ele>
    <time>2022-11-17T04:01:10Z</time>
   </trkpt>
   <trkpt lat="39.6782790" lon="-104.9593330">
    <ele>1639.6</ele>
    <time>2022-11-17T04:01:11Z</time>
   </trkpt>
   <trkpt lat="39.6782660" lon="-104.9593450">
    <ele>1639.6</ele>
    <time>2022-11-17T04:01:12Z</time>
   </trkpt>
   <trkpt lat="39.6782540" lon="-104.9593540">
    <ele>1639.6</ele>
    <time>2022-11-17T04:01:13Z</time>
   </trkpt>
   <trkpt lat="39.6782440" lon="-104.9593690">
    <ele>1639.6</ele>
    <time>2022-11-17T04:01:14Z</time>
   </trkpt>
   <trkpt lat="39.6782290" lon="-104.9593740">
    <ele>1639.6</ele>
    <time>2022-11-17T04:01:15Z</time>
   </trkpt>
   <trkpt lat="39.6782190" lon="-104.9593830">
    <ele>1639.7</ele>
    <time>2022-11-17T04:01:16Z</time>
   </trkpt>
   <trkpt lat="39.6782090" lon="-104.9593870">
    <ele>1639.7</ele>
    <time>2022-11-17T04:01:17Z</time>
   </trkpt>
   <trkpt lat="39.6781960" lon="-104.9593840">
    <ele>1639.7</ele>
    <time>2022-11-17T04:01:18Z</time>
   </trkpt>
   <trkpt lat="39.6781870" lon="-104.9593950">
    <ele>1639.7</ele>
    <time>2022-11-17T04:01:19Z</time>
   </trkpt>
   <trkpt lat="39.6781840" lon="-104.9594000">
    <ele>1639.7</ele>
    <time>2022-11-17T04:01:20Z</time>
   </trkpt>
   <trkpt lat="39.6781800" lon="-104.9594040">
    <ele>1639.7</ele>
    <time>2022-11-17T04:01:21Z</time>
   </trkpt>
   <trkpt lat="39.6781770" lon="-104.9594090">
    <ele>1639.7</ele>
    <time>2022-11-17T04:01:22Z</time>
   </trkpt>
   <trkpt lat="39.6781740" lon="-104.9594140">
    <ele>1639.7</ele>
    <time>2022-11-17T04:01:23Z</time>
   </trkpt>
   <trkpt lat="39.6781710" lon="-104.9594180">
    <ele>1639.7</ele>
    <time>2022-11-17T04:01:24Z</time>
   </trkpt>
   <trkpt lat="39.6781680" lon="-104.9594230">
    <ele>1639.7</ele>
    <time>2022-11-17T04:01:25Z</time>
   </trkpt>
   <trkpt lat="39.6781570" lon="-104.9594410">
    <ele>1639.8</ele>
    <time>2022-11-17T04:01:26Z</time>
   </trkpt>
   <trkpt lat="39.6781490" lon="-104.9594610">
    <ele>1639.8</ele>
    <time>2022-11-17T04:01:27Z</time>
   </trkpt>
   <trkpt lat="39.6781420" lon="-104.9594800">
    <ele>1639.8</ele>
    <time>2022-11-17T04:01:28Z</time>
   </trkpt>
   <trkpt lat="39.6781290" lon="-104.9594850">
    <ele>1639.8</ele>
    <time>2022-11-17T04:01:29Z</time>
   </trkpt>
   <trkpt lat="39.6781160" lon="-104.9594670">
    <ele>1639.8</ele>
    <time>2022-11-17T04:01:30Z</time>
   </trkpt>
   <trkpt lat="39.6781060" lon="-104.9594680">
    <ele>1639.9</ele>
    <time>2022-11-17T04:01:31Z</time>
   </trkpt>
   <trkpt lat="39.6781040" lon="-104.9594750">
    <ele>1639.9</ele>
    <time>2022-11-17T04:01:32Z</time>
   </trkpt>
   <trkpt lat="39.6780850" lon="-104.9594750">
    <ele>1639.9</ele>
    <time>2022-11-17T04:01:33Z</time>
   </trkpt>
   <trkpt lat="39.6780760" lon="-104.9594750">
    <ele>1639.9</ele>
    <time>2022-11-17T04:01:34Z</time>
   </trkpt>
   <trkpt lat="39.6780640" lon="-104.9594840">
    <ele>1639.9</ele>
    <time>2022-11-17T04:01:35Z</time>
   </trkpt>
   <trkpt lat="39.6780510" lon="-104.9594890">
    <ele>1639.9</ele>
    <time>2022-11-17T04:01:36Z</time>
   </trkpt>
   <trkpt lat="39.6780340" lon="-104.9595020">
    <ele>1640.0</ele>
    <time>2022-11-17T04:01:37Z</time>
   </trkpt>
   <trkpt lat="39.6780250" lon="-104.9595100">
    <ele>1640.0</ele>
    <time>2022-11-17T04:01:38Z</time>
   </trkpt>
   <trkpt lat="39.6780160" lon="-104.9595190">
    <ele>1640.0</ele>
    <time>2022-11-17T04:01:39Z</time>
   </trkpt>
   <trkpt lat="39.6780140" lon="-104.9595330">
    <ele>1640.0</ele>
    <time>2022-11-17T04:01:40Z</time>
   </trkpt>
   <trkpt lat="39.6780110" lon="-104.9595490">
    <ele>1640.0</ele>
    <time>2022-11-17T04:01:41Z</time>
   </trkpt>
   <trkpt lat="39.6780040" lon="-104.9595580">
    <ele>1640.0</ele>
    <time>2022-11-17T04:01:42Z</time>
   </trkpt>
   <trkpt lat="39.6779900" lon="-104.9595650">
    <ele>1640.0</ele>
    <time>2022-11-17T04:01:43Z</time>
   </trkpt>
   <trkpt lat="39.6779830" lon="-104.9595800">
    <ele>1640.1</ele>
    <time>2022-11-17T04:01:44Z</time>
   </trkpt>
   <trkpt lat="39.6779820" lon="-104.9596090">
    <ele>1640.1</ele>
    <time>2022-11-17T04:01:45Z</time>
   </trkpt>
   <trkpt lat="39.6779780" lon="-104.9596030">
    <ele>1640.1</ele>
    <time>2022-11-17T04:01:46Z</time>
   </trkpt>
   <trkpt lat="39.6779760" lon="-104.9596030">
    <ele>1640.1</ele>
    <time>2022-11-17T04:01:47Z</time>
   </trkpt>
   <trkpt lat="39.6779690" lon="-104.9595960">
    <ele>1640.1</ele>
    <time>2022-11-17T04:01:48Z</time>
   </trkpt>
   <trkpt lat="39.6779620" lon="-104.9595930">
    <ele>1640.1</ele>
    <time>2022-11-17T04:01:49Z</time>
   </trkpt>
   <trkpt lat="39.6779600" lon="-104.9595780">
    <ele>1640.1</ele>
    <time>2022-11-17T04:01:50Z</time>
   </trkpt>
   <trkpt lat="39.6779550" lon="-104.9595640">
    <ele>1640.1</ele>
    <time>2022-11-17T04:01:51Z</time>
   </trkpt>
   <trkpt lat="39.6779290" lon="-104.9595610">
    <ele>1640.2</ele>
    <time>2022-11-17T04:01:52Z</time>
   </trkpt>
   <trkpt lat="39.6779160" lon="-104.9595610">
    <ele>1640.2</ele>
    <time>2022-11-17T04:01:53Z</time>
   </trkpt>
   <trkpt lat="39.6778970" lon="-104.9595680">
    <ele>1640.2</ele>
    <time>2022-11-17T04:01:54Z</time>
   </trkpt>
   <trkpt lat="39.6778840" lon="-104.9595690">
    <ele>1640.2</ele>
    <time>2022-11-17T04:01:55Z</time>
   </trkpt>
   <trkpt lat="39.6778590" lon="-104.9595760">
    <ele>1640.2</ele>
    <time>2022-11-17T04:01:56Z</time>
   </trkpt>
   <trkpt lat="39.6778480" lon="-104.9595790">
    <ele>1640.3</ele>
    <time>2022-11-17T04:01:57Z</time>
   </trkpt>
   <trkpt lat="39.6778150" lon="-104.9595700">
    <ele>1640.3</ele>
    <time>2022-11-17T04:01:58Z</time>
   </trkpt>
   <trkpt lat="39.6777800" lon="-104.9595670">
    <ele>1640.3</ele>
    <time>2022-11-17T04:01:59Z</time>
   </trkpt>
   <trkpt lat="39.6777460" lon="-104.9595500">
    <ele>1640.4</ele>
    <time>2022-11-17T04:02:00Z</time>
   </trkpt>
   <trkpt lat="39.6777340" lon="-104.9595450">
    <ele>1640.4</ele>
    <time>2022-11-17T04:02:01Z</time>
   </trkpt>
   <trkpt lat="39.6777120" lon="-104.9595560">
    <ele>1640.4</ele>
    <time>2022-11-17T04:02:02Z</time>
   </trkpt>
   <trkpt lat="39.6777020" lon="-104.9595650">
    <ele>1640.4</ele>
    <time>2022-11-17T04:02:03Z</time>
   </trkpt>
   <trkpt lat="39.6776960" lon="-104.9595840">
    <ele>1640.4</ele>
    <time>2022-11-17T04:02:04Z</time>
   </trkpt>
   <trkpt lat="39.6776860" lon="-104.9596060">
    <ele>1640.4</ele>
    <time>2022-11-17T04:02:05Z</time>
   </trkpt>
   <trkpt lat="39.6776940" lon="-104.9596460">
    <ele>1640.4</ele>
    <time>2022-11-17T04:02:06Z</time>
   </trkpt>
   <trkpt lat="39.6776970" lon="-104.9596590">
    <ele>1640.4</ele>
    <time>2022-11-17T04:02:07Z</time>
   </trkpt>
   <trkpt lat="39.6777000" lon="-104.9596960">
    <ele>1640.4</ele>
    <time>2022-11-17T04:02:08Z</time>
   </trkpt>
   <trkpt lat="39.6777010" lon="-104.9597100">
    <ele>1640.4</ele>
    <time>2022-11-17T04:02:09Z</time>
   </trkpt>
   <trkpt lat="39.6777120" lon="-104.9597510">
    <ele>1640.3</ele>
    <time>2022-11-17T04:02:10Z</time>
   </trkpt>
   <trkpt lat="39.6777150" lon="-104.9597640">
    <ele>1640.3</ele>
    <time>2022-11-17T04:02:11Z</time>
   </trkpt>
   <trkpt lat="39.6777160" lon="-104.9597820">
    <ele>1640.3</ele>
    <time>2022-11-17T04:02:12Z</time>
   </trkpt>
   <trkpt lat="39.6777030" lon="-104.9598000">
    <ele>1640.3</ele>
    <time>2022-11-17T04:02:13Z</time>
   </trkpt>
   <trkpt lat="39.6776890" lon="-104.9598450">
    <ele>1640.2</ele>
    <time>2022-11-17T04:02:14Z</time>
   </trkpt>
   <trkpt lat="39.6776910" lon="-104.9598670">
    <ele>1640.2</ele>
    <time>2022-11-17T04:02:15Z</time>
   </trkpt>
   <trkpt lat="39.6776890" lon="-104.9599200">
    <ele>1640.2</ele>
    <time>2022-11-17T04:02:16Z</time>
   </trkpt>
   <trkpt lat="39.6776880" lon="-104.9599670">
    <ele>1640.3</ele>
    <time>2022-11-17T04:02:17Z</time>
   </trkpt>
   <trkpt lat="39.6776900" lon="-104.9599800">
    <ele>1640.3</ele>
    <time>2022-11-17T04:02:18Z</time>
   </trkpt>
   <trkpt lat="39.6776810" lon="-104.9600070">
    <ele>1640.3</ele>
    <time>2022-11-17T04:02:19Z</time>
   </trkpt>
   <trkpt lat="39.6776760" lon="-104.9600180">
    <ele>1640.9</ele>
    <time>2022-11-17T04:02:20Z</time>
   </trkpt>
   <trkpt lat="39.6776720" lon="-104.9600290">
    <ele>1640.9</ele>
    <time>2022-11-17T04:02:21Z</time>
   </trkpt>
   <trkpt lat="39.6776550" lon="-104.9600710">
    <ele>1641.0</ele>
    <time>2022-11-17T04:02:22Z</time>
   </trkpt>
   <trkpt lat="39.6776490" lon="-104.9600830">
    <ele>1641.0</ele>
    <time>2022-11-17T04:02:23Z</time>
   </trkpt>
   <trkpt lat="39.6776410" lon="-104.9601270">
    <ele>1641.0</ele>
    <time>2022-11-17T04:02:24Z</time>
   </trkpt>
   <trkpt lat="39.6776410" lon="-104.9601420">
    <ele>1641.2</ele>
    <time>2022-11-17T04:02:25Z</time>
   </trkpt>
   <trkpt lat="39.6776340" lon="-104.9601650">
    <ele>1641.3</ele>
    <time>2022-11-17T04:02:27Z</time>
   </trkpt>
   <trkpt lat="39.6776280" lon="-104.9601790">
    <ele>1641.3</ele>
    <time>2022-11-17T04:02:28Z</time>
   </trkpt>
   <trkpt lat="39.6776230" lon="-104.9601930">
    <ele>1641.4</ele>
    <time>2022-11-17T04:02:29Z</time>
   </trkpt>
   <trkpt lat="39.6776040" lon="-104.9602240">
    <ele>1641.5</ele>
    <time>2022-11-17T04:02:30Z</time>
   </trkpt>
   <trkpt lat="39.6775960" lon="-104.9602360">
    <ele>1641.5</ele>
    <time>2022-11-17T04:02:31Z</time>
   </trkpt>
   <trkpt lat="39.6775900" lon="-104.9602600">
    <ele>1641.6</ele>
    <time>2022-11-17T04:02:32Z</time>
   </trkpt>
   <trkpt lat="39.6775760" lon="-104.9602740">
    <ele>1641.6</ele>
    <time>2022-11-17T04:02:33Z</time>
   </trkpt>
   <trkpt lat="39.6775570" lon="-104.9603010">
    <ele>1641.7</ele>
    <time>2022-11-17T04:02:34Z</time>
   </trkpt>
   <trkpt lat="39.6775510" lon="-104.9603100">
    <ele>1641.8</ele>
    <time>2022-11-17T04:02:35Z</time>
   </trkpt>
   <trkpt lat="39.6775400" lon="-104.9603220">
    <ele>1641.8</ele>
    <time>2022-11-17T04:02:36Z</time>
   </trkpt>
   <trkpt lat="39.6775310" lon="-104.9603310">
    <ele>1641.9</ele>
    <time>2022-11-17T04:02:37Z</time>
   </trkpt>
   <trkpt lat="39.6775190" lon="-104.9603320">
    <ele>1641.9</ele>
    <time>2022-11-17T04:02:38Z</time>
   </trkpt>
   <trkpt lat="39.6775050" lon="-104.9603530">
    <ele>1642.0</ele>
    <time>2022-11-17T04:02:39Z</time>
   </trkpt>
   <trkpt lat="39.6774960" lon="-104.9603590">
    <ele>1642.0</ele>
    <time>2022-11-17T04:02:40Z</time>
   </trkpt>
   <trkpt lat="39.6774870" lon="-104.9603680">
    <ele>1642.1</ele>
    <time>2022-11-17T04:02:41Z</time>
   </trkpt>
   <trkpt lat="39.6774760" lon="-104.9603770">
    <ele>1642.1</ele>
    <time>2022-11-17T04:02:42Z</time>
   </trkpt>
   <trkpt lat="39.6774740" lon="-104.9603870">
    <ele>1642.1</ele>
    <time>2022-11-17T04:02:43Z</time>
   </trkpt>
   <trkpt lat="39.6774650" lon="-104.9604030">
    <ele>1642.2</ele>
    <time>2022-11-17T04:02:44Z</time>
   </trkpt>
   <trkpt lat="39.6774600" lon="-104.9604170">
    <ele>1642.2</ele>
    <time>2022-11-17T04:02:45Z</time>
   </trkpt>
   <trkpt lat="39.6774500" lon="-104.9604360">
    <ele>1642.3</ele>
    <time>2022-11-17T04:02:46Z</time>
   </trkpt>
   <trkpt lat="39.6774450" lon="-104.9604420">
    <ele>1642.3</ele>
    <time>2022-11-17T04:02:47Z</time>
   </trkpt>
   <trkpt lat="39.6774400" lon="-104.9604470">
    <ele>1642.3</ele>
    <time>2022-11-17T04:02:48Z</time>
   </trkpt>
   <trkpt lat="39.6774350" lon="-104.9604530">
    <ele>1642.3</ele>
    <time>2022-11-17T04:02:49Z</time>
   </trkpt>
   <trkpt lat="39.6774300" lon="-104.9604680">
    <ele>1642.4</ele>
    <time>2022-11-17T04:02:50Z</time>
   </trkpt>
   <trkpt lat="39.6774210" lon="-104.9604790">
    <ele>1642.4</ele>
    <time>2022-11-17T04:02:51Z</time>
   </trkpt>
   <trkpt lat="39.6774190" lon="-104.9604920">
    <ele>1642.4</ele>
    <time>2022-11-17T04:02:52Z</time>
   </trkpt>
   <trkpt lat="39.6774130" lon="-104.9605070">
    <ele>1642.4</ele>
    <time>2022-11-17T04:02:53Z</time>
   </trkpt>
   <trkpt lat="39.6774040" lon="-104.9605310">
    <ele>1642.5</ele>
    <time>2022-11-17T04:02:54Z</time>
   </trkpt>
   <trkpt lat="39.6773970" lon="-104.9605490">
    <ele>1642.5</ele>
    <time>2022-11-17T04:02:55Z</time>
   </trkpt>
   <trkpt lat="39.6773870" lon="-104.9605710">
    <ele>1642.6</ele>
    <time>2022-11-17T04:02:56Z</time>
   </trkpt>
   <trkpt lat="39.6773820" lon="-104.9606060">
    <ele>1642.6</ele>
    <time>2022-11-17T04:02:57Z</time>
   </trkpt>
   <trkpt lat="39.6773790" lon="-104.9606200">
    <ele>1642.6</ele>
    <time>2022-11-17T04:02:58Z</time>
   </trkpt>
   <trkpt lat="39.6773680" lon="-104.9606380">
    <ele>1642.7</ele>
    <time>2022-11-17T04:02:59Z</time>
   </trkpt>
   <trkpt lat="39.6773610" lon="-104.9606540">
    <ele>1642.7</ele>
    <time>2022-11-17T04:03:00Z</time>
   </trkpt>
   <trkpt lat="39.6773520" lon="-104.9606750">
    <ele>1642.7</ele>
    <time>2022-11-17T04:03:01Z</time>
   </trkpt>
   <trkpt lat="39.6773510" lon="-104.9606980">
    <ele>1642.7</ele>
    <time>2022-11-17T04:03:02Z</time>
   </trkpt>
   <trkpt lat="39.6773420" lon="-104.9607430">
    <ele>1642.8</ele>
    <time>2022-11-17T04:03:03Z</time>
   </trkpt>
   <trkpt lat="39.6773430" lon="-104.9607570">
    <ele>1642.7</ele>
    <time>2022-11-17T04:03:04Z</time>
   </trkpt>
   <trkpt lat="39.6773410" lon="-104.9607820">
    <ele>1642.6</ele>
    <time>2022-11-17T04:03:05Z</time>
   </trkpt>
   <trkpt lat="39.6773320" lon="-104.9607990">
    <ele>1642.6</ele>
    <time>2022-11-17T04:03:06Z</time>
   </trkpt>
   <trkpt lat="39.6773290" lon="-104.9608390">
    <ele>1642.4</ele>
    <time>2022-11-17T04:03:07Z</time>
   </trkpt>
   <trkpt lat="39.6773280" lon="-104.9608540">
    <ele>1642.4</ele>
    <time>2022-11-17T04:03:08Z</time>
   </trkpt>
   <trkpt lat="39.6773220" lon="-104.9608880">
    <ele>1642.3</ele>
    <time>2022-11-17T04:03:09Z</time>
   </trkpt>
   <trkpt lat="39.6773180" lon="-104.9608990">
    <ele>1642.2</ele>
    <time>2022-11-17T04:03:10Z</time>
   </trkpt>
   <trkpt lat="39.6773190" lon="-104.9609180">
    <ele>1642.2</ele>
    <time>2022-11-17T04:03:11Z</time>
   </trkpt>
   <trkpt lat="39.6773120" lon="-104.9609400">
    <ele>1642.1</ele>
    <time>2022-11-17T04:03:12Z</time>
   </trkpt>
   <trkpt lat="39.6773110" lon="-104.9609590">
    <ele>1642.1</ele>
    <time>2022-11-17T04:03:13Z</time>
   </trkpt>
   <trkpt lat="39.6773060" lon="-104.9609750">
    <ele>1642.1</ele>
    <time>2022-11-17T04:03:14Z</time>
   </trkpt>
   <trkpt lat="39.6772980" lon="-104.9609920">
    <ele>1642.2</ele>
    <time>2022-11-17T04:03:15Z</time>
   </trkpt>
   <trkpt lat="39.6772950" lon="-104.9610070">
    <ele>1642.2</ele>
    <time>2022-11-17T04:03:16Z</time>
   </trkpt>
   <trkpt lat="39.6772960" lon="-104.9610290">
    <ele>1642.2</ele>
    <time>2022-11-17T04:03:17Z</time>
   </trkpt>
   <trkpt lat="39.6772960" lon="-104.9610440">
    <ele>1642.2</ele>
    <time>2022-11-17T04:03:18Z</time>
   </trkpt>
   <trkpt lat="39.6772910" lon="-104.9610710">
    <ele>1642.3</ele>
    <time>2022-11-17T04:03:19Z</time>
   </trkpt>
   <trkpt lat="39.6772870" lon="-104.9610820">
    <ele>1642.3</ele>
    <time>2022-11-17T04:03:20Z</time>
   </trkpt>
   <trkpt lat="39.6772830" lon="-104.9610930">
    <ele>1642.3</ele>
    <time>2022-11-17T04:03:21Z</time>
   </trkpt>
   <trkpt lat="39.6772740" lon="-104.9611190">
    <ele>1642.3</ele>
    <time>2022-11-17T04:03:22Z</time>
   </trkpt>
   <trkpt lat="39.6772700" lon="-104.9611260">
    <ele>1642.3</ele>
    <time>2022-11-17T04:03:23Z</time>
   </trkpt>
   <trkpt lat="39.6772660" lon="-104.9611340">
    <ele>1642.3</ele>
    <time>2022-11-17T04:03:24Z</time>
   </trkpt>
   <trkpt lat="39.6772530" lon="-104.9611560">
    <ele>1642.4</ele>
    <time>2022-11-17T04:03:25Z</time>
   </trkpt>
   <trkpt lat="39.6772430" lon="-104.9611680">
    <ele>1642.4</ele>
    <time>2022-11-17T04:03:26Z</time>
   </trkpt>
   <trkpt lat="39.6772360" lon="-104.9611890">
    <ele>1642.4</ele>
    <time>2022-11-17T04:03:27Z</time>
   </trkpt>
   <trkpt lat="39.6772310" lon="-104.9611950">
    <ele>1642.3</ele>
    <time>2022-11-17T04:03:28Z</time>
   </trkpt>
   <trkpt lat="39.6772260" lon="-104.9612020">
    <ele>1642.3</ele>
    <time>2022-11-17T04:03:29Z</time>
   </trkpt>
   <trkpt lat="39.6772210" lon="-104.9612090">
    <ele>1642.3</ele>
    <time>2022-11-17T04:03:30Z</time>
   </trkpt>
   <trkpt lat="39.6772160" lon="-104.9612220">
    <ele>1642.3</ele>
    <time>2022-11-17T04:03:31Z</time>
   </trkpt>
   <trkpt lat="39.6772080" lon="-104.9612380">
    <ele>1642.2</ele>
    <time>2022-11-17T04:03:32Z</time>
   </trkpt>
   <trkpt lat="39.6772050" lon="-104.9612470">
    <ele>1642.2</ele>
    <time>2022-11-17T04:03:33Z</time>
   </trkpt>
   <trkpt lat="39.6771930" lon="-104.9612680">
    <ele>1642.2</ele>
    <time>2022-11-17T04:03:34Z</time>
   </trkpt>
   <trkpt lat="39.6771890" lon="-104.9612780">
    <ele>1642.1</ele>
    <time>2022-11-17T04:03:35Z</time>
   </trkpt>
   <trkpt lat="39.6771850" lon="-104.9612880">
    <ele>1642.1</ele>
    <time>2022-11-17T04:03:36Z</time>
   </trkpt>
   <trkpt lat="39.6771740" lon="-104.9613160">
    <ele>1642.0</ele>
    <time>2022-11-17T04:03:37Z</time>
   </trkpt>
   <trkpt lat="39.6771710" lon="-104.9613250">
    <ele>1642.0</ele>
    <time>2022-11-17T04:03:38Z</time>
   </trkpt>
   <trkpt lat="39.6771680" lon="-104.9613340">
    <ele>1642.0</ele>
    <time>2022-11-17T04:03:39Z</time>
   </trkpt>
   <trkpt lat="39.6771640" lon="-104.9613510">
    <ele>1642.0</ele>
    <time>2022-11-17T04:03:40Z</time>
   </trkpt>
   <trkpt lat="39.6771610" lon="-104.9613650">
    <ele>1641.9</ele>
    <time>2022-11-17T04:03:41Z</time>
   </trkpt>
   <trkpt lat="39.6771560" lon="-104.9613700">
    <ele>1641.9</ele>
    <time>2022-11-17T04:03:42Z</time>
   </trkpt>
   <trkpt lat="39.6771490" lon="-104.9613970">
    <ele>1641.9</ele>
    <time>2022-11-17T04:03:43Z</time>
   </trkpt>
   <trkpt lat="39.6771450" lon="-104.9614080">
    <ele>1641.8</ele>
    <time>2022-11-17T04:03:44Z</time>
   </trkpt>
   <trkpt lat="39.6771410" lon="-104.9614190">
    <ele>1641.8</ele>
    <time>2022-11-17T04:03:45Z</time>
   </trkpt>
   <trkpt lat="39.6771330" lon="-104.9614440">
    <ele>1641.7</ele>
    <time>2022-11-17T04:03:46Z</time>
   </trkpt>
   <trkpt lat="39.6771300" lon="-104.9614510">
    <ele>1641.7</ele>
    <time>2022-11-17T04:03:47Z</time>
   </trkpt>
   <trkpt lat="39.6771270" lon="-104.9614590">
    <ele>1641.7</ele>
    <time>2022-11-17T04:03:48Z</time>
   </trkpt>
   <trkpt lat="39.6771240" lon="-104.9614670">
    <ele>1641.7</ele>
    <time>2022-11-17T04:03:49Z</time>
   </trkpt>
   <trkpt lat="39.6771180" lon="-104.9614840">
    <ele>1641.7</ele>
    <time>2022-11-17T04:03:50Z</time>
   </trkpt>
   <trkpt lat="39.6771150" lon="-104.9615040">
    <ele>1641.6</ele>
    <time>2022-11-17T04:03:51Z</time>
   </trkpt>
   <trkpt lat="39.6771120" lon="-104.9615220">
    <ele>1641.6</ele>
    <time>2022-11-17T04:03:52Z</time>
   </trkpt>
   <trkpt lat="39.6771080" lon="-104.9615450">
    <ele>1641.5</ele>
    <time>2022-11-17T04:03:53Z</time>
   </trkpt>
   <trkpt lat="39.6771100" lon="-104.9615560">
    <ele>1641.5</ele>
    <time>2022-11-17T04:03:54Z</time>
   </trkpt>
   <trkpt lat="39.6771080" lon="-104.9615700">
    <ele>1641.5</ele>
    <time>2022-11-17T04:03:55Z</time>
   </trkpt>
   <trkpt lat="39.6771080" lon="-104.9615870">
    <ele>1641.4</ele>
    <time>2022-11-17T04:03:56Z</time>
   </trkpt>
   <trkpt lat="39.6771040" lon="-104.9616100">
    <ele>1641.4</ele>
    <time>2022-11-17T04:03:57Z</time>
   </trkpt>
   <trkpt lat="39.6771000" lon="-104.9616220">
    <ele>1641.4</ele>
    <time>2022-11-17T04:03:58Z</time>
   </trkpt>
   <trkpt lat="39.6770970" lon="-104.9616340">
    <ele>1641.3</ele>
    <time>2022-11-17T04:03:59Z</time>
   </trkpt>
   <trkpt lat="39.6770980" lon="-104.9616600">
    <ele>1641.3</ele>
    <time>2022-11-17T04:04:00Z</time>
   </trkpt>
   <trkpt lat="39.6770990" lon="-104.9616740">
    <ele>1641.2</ele>
    <time>2022-11-17T04:04:01Z</time>
   </trkpt>
   <trkpt lat="39.6771010" lon="-104.9616880">
    <ele>1641.2</ele>
    <time>2022-11-17T04:04:02Z</time>
   </trkpt>
   <trkpt lat="39.6771030" lon="-104.9617080">
    <ele>1641.2</ele>
    <time>2022-11-17T04:04:03Z</time>
   </trkpt>
   <trkpt lat="39.6771010" lon="-104.9617180">
    <ele>1641.1</ele>
    <time>2022-11-17T04:04:04Z</time>
   </trkpt>
   <trkpt lat="39.6770980" lon="-104.9617320">
    <ele>1641.1</ele>
    <time>2022-11-17T04:04:05Z</time>
   </trkpt>
   <trkpt lat="39.6770960" lon="-104.9617600">
    <ele>1641.0</ele>
    <time>2022-11-17T04:04:06Z</time>
   </trkpt>
   <trkpt lat="39.6770960" lon="-104.9617690">
    <ele>1641.0</ele>
    <time>2022-11-17T04:04:07Z</time>
   </trkpt>
   <trkpt lat="39.6770960" lon="-104.9617780">
    <ele>1641.0</ele>
    <time>2022-11-17T04:04:08Z</time>
   </trkpt>
   <trkpt lat="39.6770990" lon="-104.9617900">
    <ele>1641.0</ele>
    <time>2022-11-17T04:04:09Z</time>
   </trkpt>
   <trkpt lat="39.6771040" lon="-104.9618020">
    <ele>1640.9</ele>
    <time>2022-11-17T04:04:10Z</time>
   </trkpt>
   <trkpt lat="39.6771100" lon="-104.9617950">
    <ele>1640.9</ele>
    <time>2022-11-17T04:04:11Z</time>
   </trkpt>
   <trkpt lat="39.6771090" lon="-104.9617910">
    <ele>1640.9</ele>
    <time>2022-11-17T04:04:12Z</time>
   </trkpt>
   <trkpt lat="39.6771100" lon="-104.9617910">
    <ele>1640.9</ele>
    <time>2022-11-17T04:04:13Z</time>
   </trkpt>
   <trkpt lat="39.6771100" lon="-104.9617970">
    <ele>1640.9</ele>
    <time>2022-11-17T04:04:14Z</time>
   </trkpt>
   <trkpt lat="39.6771110" lon="-104.9618020">
    <ele>1640.9</ele>
    <time>2022-11-17T04:04:15Z</time>
   </trkpt>
   <trkpt lat="39.6771110" lon="-104.9618020">
    <ele>1640.9</ele>
    <time>2022-11-17T04:04:16Z</time>
   </trkpt>
   <trkpt lat="39.6771110" lon="-104.9618030">
    <ele>1640.9</ele>
    <time>2022-11-17T04:04:17Z</time>
   </trkpt>
   <trkpt lat="39.6771140" lon="-104.9618050">
    <ele>1640.9</ele>
    <time>2022-11-17T04:04:18Z</time>
   </trkpt>
   <trkpt lat="39.6771170" lon="-104.9618120">
    <ele>1640.9</ele>
    <time>2022-11-17T04:04:19Z</time>
   </trkpt>
   <trkpt lat="39.6771180" lon="-104.9618180">
    <ele>1640.8</ele>
    <time>2022-11-17T04:04:20Z</time>
   </trkpt>
   <trkpt lat="39.6771190" lon="-104.9618230">
    <ele>1640.8</ele>
    <time>2022-11-17T04:04:21Z</time>
   </trkpt>
   <trkpt lat="39.6771200" lon="-104.9618290">
    <ele>1640.8</ele>
    <time>2022-11-17T04:04:22Z</time>
   </trkpt>
   <trkpt lat="39.6771210" lon="-104.9618340">
    <ele>1640.8</ele>
    <time>2022-11-17T04:04:23Z</time>
   </trkpt>
   <trkpt lat="39.6771220" lon="-104.9618400">
    <ele>1640.8</ele>
    <time>2022-11-17T04:04:24Z</time>
   </trkpt>
   <trkpt lat="39.6771230" lon="-104.9618460">
    <ele>1640.8</ele>
    <time>2022-11-17T04:04:25Z</time>
   </trkpt>
   <trkpt lat="39.6771240" lon="-104.9618510">
    <ele>1640.8</ele>
    <time>2022-11-17T04:04:26Z</time>
   </trkpt>
   <trkpt lat="39.6771200" lon="-104.9618590">
    <ele>1640.8</ele>
    <time>2022-11-17T04:04:27Z</time>
   </trkpt>
   <trkpt lat="39.6771190" lon="-104.9618580">
    <ele>1640.8</ele>
    <time>2022-11-17T04:04:28Z</time>
   </trkpt>
   <trkpt lat="39.6771210" lon="-104.9618610">
    <ele>1640.7</ele>
    <time>2022-11-17T04:04:29Z</time>
   </trkpt>
   <trkpt lat="39.6771210" lon="-104.9618700">
    <ele>1640.7</ele>
    <time>2022-11-17T04:04:30Z</time>
   </trkpt>
   <trkpt lat="39.6771220" lon="-104.9618810">
    <ele>1640.7</ele>
    <time>2022-11-17T04:04:31Z</time>
   </trkpt>
   <trkpt lat="39.6771180" lon="-104.9618940">
    <ele>1640.7</ele>
    <time>2022-11-17T04:04:33Z</time>
   </trkpt>
   <trkpt lat="39.6771130" lon="-104.9618980">
    <ele>1640.7</ele>
    <time>2022-11-17T04:04:34Z</time>
   </trkpt>
   <trkpt lat="39.6771090" lon="-104.9619070">
    <ele>1640.6</ele>
    <time>2022-11-17T04:04:35Z</time>
   </trkpt>
   <trkpt lat="39.6771040" lon="-104.9619170">
    <ele>1640.6</ele>
    <time>2022-11-17T04:04:36Z</time>
   </trkpt>
   <trkpt lat="39.6771020" lon="-104.9619300">
    <ele>1640.6</ele>
    <time>2022-11-17T04:04:37Z</time>
   </trkpt>
   <trkpt lat="39.6771000" lon="-104.9619440">
    <ele>1640.5</ele>
    <time>2022-11-17T04:04:38Z</time>
   </trkpt>
   <trkpt lat="39.6770940" lon="-104.9619580">
    <ele>1640.5</ele>
    <time>2022-11-17T04:04:39Z</time>
   </trkpt>
   <trkpt lat="39.6770900" lon="-104.9619650">
    <ele>1640.5</ele>
    <time>2022-11-17T04:04:40Z</time>
   </trkpt>
   <trkpt lat="39.6770830" lon="-104.9619720">
    <ele>1640.5</ele>
    <time>2022-11-17T04:04:41Z</time>
   </trkpt>
   <trkpt lat="39.6770770" lon="-104.9619760">
    <ele>1640.4</ele>
    <time>2022-11-17T04:04:42Z</time>
   </trkpt>
   <trkpt lat="39.6770710" lon="-104.9619790">
    <ele>1640.4</ele>
    <time>2022-11-17T04:04:43Z</time>
   </trkpt>
   <trkpt lat="39.6770660" lon="-104.9619830">
    <ele>1640.4</ele>
    <time>2022-11-17T04:04:44Z</time>
   </trkpt>
   <trkpt lat="39.6770600" lon="-104.9619860">
    <ele>1640.4</ele>
    <time>2022-11-17T04:04:45Z</time>
   </trkpt>
   <trkpt lat="39.6770540" lon="-104.9619900">
    <ele>1640.4</ele>
    <time>2022-11-17T04:04:46Z</time>
   </trkpt>
   <trkpt lat="39.6770500" lon="-104.9620000">
    <ele>1640.4</ele>
    <time>2022-11-17T04:04:47Z</time>
   </trkpt>
   <trkpt lat="39.6770430" lon="-104.9620130">
    <ele>1640.3</ele>
    <time>2022-11-17T04:04:48Z</time>
   </trkpt>
   <trkpt lat="39.6770380" lon="-104.9620160">
    <ele>1640.3</ele>
    <time>2022-11-17T04:04:49Z</time>
   </trkpt>
   <trkpt lat="39.6770320" lon="-104.9620230">
    <ele>1640.3</ele>
    <time>2022-11-17T04:04:50Z</time>
   </trkpt>
   <trkpt lat="39.6770260" lon="-104.9620300">
    <ele>1640.3</ele>
    <time>2022-11-17T04:04:51Z</time>
   </trkpt>
   <trkpt lat="39.6770170" lon="-104.9620390">
    <ele>1640.3</ele>
    <time>2022-11-17T04:04:52Z</time>
   </trkpt>
   <trkpt lat="39.6770100" lon="-104.9620440">
    <ele>1640.2</ele>
    <time>2022-11-17T04:04:53Z</time>
   </trkpt>
   <trkpt lat="39.6770020" lon="-104.9620490">
    <ele>1640.2</ele>
    <time>2022-11-17T04:04:54Z</time>
   </trkpt>
   <trkpt lat="39.6769920" lon="-104.9620550">
    <ele>1640.2</ele>
    <time>2022-11-17T04:04:55Z</time>
   </trkpt>
   <trkpt lat="39.6769850" lon="-104.9620600">
    <ele>1640.2</ele>
    <time>2022-11-17T04:04:56Z</time>
   </trkpt>
   <trkpt lat="39.6769730" lon="-104.9620700">
    <ele>1640.1</ele>
    <time>2022-11-17T04:04:57Z</time>
   </trkpt>
   <trkpt lat="39.6769660" lon="-104.9620750">
    <ele>1640.1</ele>
    <time>2022-11-17T04:04:58Z</time>
   </trkpt>
   <trkpt lat="39.6769590" lon="-104.9620810">
    <ele>1640.1</ele>
    <time>2022-11-17T04:04:59Z</time>
   </trkpt>
   <trkpt lat="39.6769520" lon="-104.9620870">
    <ele>1640.1</ele>
    <time>2022-11-17T04:05:00Z</time>
   </trkpt>
   <trkpt lat="39.6769370" lon="-104.9621060">
    <ele>1640.0</ele>
    <time>2022-11-17T04:05:01Z</time>
   </trkpt>
   <trkpt lat="39.6769320" lon="-104.9621140">
    <ele>1640.0</ele>
    <time>2022-11-17T04:05:02Z</time>
   </trkpt>
   <trkpt lat="39.6769270" lon="-104.9621230">
    <ele>1640.0</ele>
    <time>2022-11-17T04:05:03Z</time>
   </trkpt>
   <trkpt lat="39.6769170" lon="-104.9621390">
    <ele>1640.0</ele>
    <time>2022-11-17T04:05:04Z</time>
   </trkpt>
   <trkpt lat="39.6769110" lon="-104.9621430">
    <ele>1640.0</ele>
    <time>2022-11-17T04:05:05Z</time>
   </trkpt>
   <trkpt lat="39.6769040" lon="-104.9621480">
    <ele>1640.0</ele>
    <time>2022-11-17T04:05:06Z</time>
   </trkpt>
   <trkpt lat="39.6768980" lon="-104.9621530">
    <ele>1640.0</ele>
    <time>2022-11-17T04:05:07Z</time>
   </trkpt>
   <trkpt lat="39.6768790" lon="-104.9621570">
    <ele>1640.0</ele>
    <time>2022-11-17T04:05:08Z</time>
   </trkpt>
   <trkpt lat="39.6768700" lon="-104.9621580">
    <ele>1640.0</ele>
    <time>2022-11-17T04:05:09Z</time>
   </trkpt>
   <trkpt lat="39.6768620" lon="-104.9621590">
    <ele>1640.0</ele>
    <time>2022-11-17T04:05:10Z</time>
   </trkpt>
   <trkpt lat="39.6768500" lon="-104.9621530">
    <ele>1640.0</ele>
    <time>2022-11-17T04:05:11Z</time>
   </trkpt>
   <trkpt lat="39.6768400" lon="-104.9621510">
    <ele>1640.0</ele>
    <time>2022-11-17T04:05:12Z</time>
   </trkpt>
   <trkpt lat="39.6768290" lon="-104.9621520">
    <ele>1640.0</ele>
    <time>2022-11-17T04:05:13Z</time>
   </trkpt>
   <trkpt lat="39.6768240" lon="-104.9621450">
    <ele>1640.1</ele>
    <time>2022-11-17T04:05:14Z</time>
   </trkpt>
   <trkpt lat="39.6768100" lon="-104.9621370">
    <ele>1640.1</ele>
    <time>2022-11-17T04:05:15Z</time>
   </trkpt>
   <trkpt lat="39.6767970" lon="-104.9621360">
    <ele>1640.1</ele>
    <time>2022-11-17T04:05:16Z</time>
   </trkpt>
   <trkpt lat="39.6767680" lon="-104.9621190">
    <ele>1640.1</ele>
    <time>2022-11-17T04:05:17Z</time>
   </trkpt>
   <trkpt lat="39.6767610" lon="-104.9621150">
    <ele>1640.1</ele>
    <time>2022-11-17T04:05:18Z</time>
   </trkpt>
   <trkpt lat="39.6767390" lon="-104.9621120">
    <ele>1640.1</ele>
    <time>2022-11-17T04:05:19Z</time>
   </trkpt>
   <trkpt lat="39.6767320" lon="-104.9621150">
    <ele>1640.1</ele>
    <time>2022-11-17T04:05:20Z</time>
   </trkpt>
   <trkpt lat="39.6767250" lon="-104.9621180">
    <ele>1640.1</ele>
    <time>2022-11-17T04:05:21Z</time>
   </trkpt>
   <trkpt lat="39.6767130" lon="-104.9621180">
    <ele>1640.1</ele>
    <time>2022-11-17T04:05:22Z</time>
   </trkpt>
   <trkpt lat="39.6766970" lon="-104.9621150">
    <ele>1640.1</ele>
    <time>2022-11-17T04:05:23Z</time>
   </trkpt>
   <trkpt lat="39.6766870" lon="-104.9621210">
    <ele>1640.1</ele>
    <time>2022-11-17T04:05:24Z</time>
   </trkpt>
   <trkpt lat="39.6766770" lon="-104.9621270">
    <ele>1640.1</ele>
    <time>2022-11-17T04:05:25Z</time>
   </trkpt>
   <trkpt lat="39.6766650" lon="-104.9621320">
    <ele>1640.1</ele>
    <time>2022-11-17T04:05:26Z</time>
   </trkpt>
   <trkpt lat="39.6766520" lon="-104.9621400">
    <ele>1640.1</ele>
    <time>2022-11-17T04:05:27Z</time>
   </trkpt>
   <trkpt lat="39.6766410" lon="-104.9621440">
    <ele>1640.1</ele>
    <time>2022-11-17T04:05:28Z</time>
   </trkpt>
   <trkpt lat="39.6766330" lon="-104.9621510">
    <ele>1640.1</ele>
    <time>2022-11-17T04:05:29Z</time>
   </trkpt>
   <trkpt lat="39.6766210" lon="-104.9621620">
    <ele>1640.1</ele>
    <time>2022-11-17T04:05:30Z</time>
   </trkpt>
   <trkpt lat="39.6766120" lon="-104.9621790">
    <ele>1640.0</ele>
    <time>2022-11-17T04:05:31Z</time>
   </trkpt>
   <trkpt lat="39.6766040" lon="-104.9621900">
    <ele>1640.0</ele>
    <time>2022-11-17T04:05:32Z</time>
   </trkpt>
   <trkpt lat="39.6765990" lon="-104.9622000">
    <ele>1640.0</ele>
    <time>2022-11-17T04:05:33Z</time>
   </trkpt>
   <trkpt lat="39.6765900" lon="-104.9622140">
    <ele>1640.0</ele>
    <time>2022-11-17T04:05:34Z</time>
   </trkpt>
   <trkpt lat="39.6765860" lon="-104.9622260">
    <ele>1640.0</ele>
    <time>2022-11-17T04:05:35Z</time>
   </trkpt>
   <trkpt lat="39.6765810" lon="-104.9622370">
    <ele>1640.0</ele>
    <time>2022-11-17T04:05:36Z</time>
   </trkpt>
   <trkpt lat="39.6765720" lon="-104.9622490">
    <ele>1639.9</ele>
    <time>2022-11-17T04:05:37Z</time>
   </trkpt>
   <trkpt lat="39.6765660" lon="-104.9622560">
    <ele>1639.9</ele>
    <time>2022-11-17T04:05:38Z</time>
   </trkpt>
   <trkpt lat="39.6765640" lon="-104.9622770">
    <ele>1639.8</ele>
    <time>2022-11-17T04:05:39Z</time>
   </trkpt>
   <trkpt lat="39.6765590" lon="-104.9622900">
    <ele>1639.8</ele>
    <time>2022-11-17T04:05:40Z</time>
   </trkpt>
   <trkpt lat="39.6765490" lon="-104.9623150">
    <ele>1639.7</ele>
    <time>2022-11-17T04:05:41Z</time>
   </trkpt>
   <trkpt lat="39.6765440" lon="-104.9623270">
    <ele>1639.6</ele>
    <time>2022-11-17T04:05:42Z</time>
   </trkpt>
   <trkpt lat="39.6765380" lon="-104.9623390">
    <ele>1639.6</ele>
    <time>2022-11-17T04:05:43Z</time>
   </trkpt>
   <trkpt lat="39.6765350" lon="-104.9623590">
    <ele>1639.5</ele>
    <time>2022-11-17T04:05:44Z</time>
   </trkpt>
   <trkpt lat="39.6765340" lon="-104.9623700">
    <ele>1639.5</ele>
    <time>2022-11-17T04:05:45Z</time>
   </trkpt>
   <trkpt lat="39.6765340" lon="-104.9623800">
    <ele>1639.5</ele>
    <time>2022-11-17T04:05:46Z</time>
   </trkpt>
   <trkpt lat="39.6765340" lon="-104.9623900">
    <ele>1639.5</ele>
    <time>2022-11-17T04:05:47Z</time>
   </trkpt>
   <trkpt lat="39.6765320" lon="-104.9624040">
    <ele>1639.4</ele>
    <time>2022-11-17T04:05:48Z</time>
   </trkpt>
   <trkpt lat="39.6765310" lon="-104.9624180">
    <ele>1639.4</ele>
    <time>2022-11-17T04:05:49Z</time>
   </trkpt>
   <trkpt lat="39.6765310" lon="-104.9624340">
    <ele>1639.3</ele>
    <time>2022-11-17T04:05:50Z</time>
   </trkpt>
   <trkpt lat="39.6765330" lon="-104.9624510">
    <ele>1639.3</ele>
    <time>2022-11-17T04:05:51Z</time>
   </trkpt>
   <trkpt lat="39.6765330" lon="-104.9624670">
    <ele>1639.2</ele>
    <time>2022-11-17T04:05:52Z</time>
   </trkpt>
   <trkpt lat="39.6765330" lon="-104.9624780">
    <ele>1639.2</ele>
    <time>2022-11-17T04:05:53Z</time>
   </trkpt>
   <trkpt lat="39.6765340" lon="-104.9624940">
    <ele>1639.2</ele>
    <time>2022-11-17T04:05:54Z</time>
   </trkpt>
   <trkpt lat="39.6765320" lon="-104.9625050">
    <ele>1639.1</ele>
    <time>2022-11-17T04:05:55Z</time>
   </trkpt>
   <trkpt lat="39.6765370" lon="-104.9625150">
    <ele>1639.1</ele>
    <time>2022-11-17T04:05:56Z</time>
   </trkpt>
   <trkpt lat="39.6765430" lon="-104.9625350">
    <ele>1639.1</ele>
    <time>2022-11-17T04:05:57Z</time>
   </trkpt>
   <trkpt lat="39.6765480" lon="-104.9625430">
    <ele>1639.0</ele>
    <time>2022-11-17T04:05:58Z</time>
   </trkpt>
   <trkpt lat="39.6765520" lon="-104.9625500">
    <ele>1639.0</ele>
    <time>2022-11-17T04:05:59Z</time>
   </trkpt>
   <trkpt lat="39.6765570" lon="-104.9625580">
    <ele>1639.0</ele>
    <time>2022-11-17T04:06:00Z</time>
   </trkpt>
   <trkpt lat="39.6765650" lon="-104.9625730">
    <ele>1638.9</ele>
    <time>2022-11-17T04:06:01Z</time>
   </trkpt>
   <trkpt lat="39.6765720" lon="-104.9625870">
    <ele>1638.9</ele>
    <time>2022-11-17T04:06:02Z</time>
   </trkpt>
   <trkpt lat="39.6765780" lon="-104.9626170">
    <ele>1638.8</ele>
    <time>2022-11-17T04:06:03Z</time>
   </trkpt>
   <trkpt lat="39.6765820" lon="-104.9626280">
    <ele>1638.8</ele>
    <time>2022-11-17T04:06:04Z</time>
   </trkpt>
   <trkpt lat="39.6765860" lon="-104.9626380">
    <ele>1638.7</ele>
    <time>2022-11-17T04:06:05Z</time>
   </trkpt>
   <trkpt lat="39.6765970" lon="-104.9626520">
    <ele>1638.7</ele>
    <time>2022-11-17T04:06:06Z</time>
   </trkpt>
   <trkpt lat="39.6766030" lon="-104.9626680">
    <ele>1638.6</ele>
    <time>2022-11-17T04:06:07Z</time>
   </trkpt>
   <trkpt lat="39.6766130" lon="-104.9626760">
    <ele>1638.6</ele>
    <time>2022-11-17T04:06:08Z</time>
   </trkpt>
   <trkpt lat="39.6766150" lon="-104.9626890">
    <ele>1638.6</ele>
    <time>2022-11-17T04:06:09Z</time>
   </trkpt>
   <trkpt lat="39.6766240" lon="-104.9627040">
    <ele>1638.5</ele>
    <time>2022-11-17T04:06:10Z</time>
   </trkpt>
   <trkpt lat="39.6766350" lon="-104.9627150">
    <ele>1638.5</ele>
    <time>2022-11-17T04:06:11Z</time>
   </trkpt>
   <trkpt lat="39.6766470" lon="-104.9627210">
    <ele>1638.4</ele>
    <time>2022-11-17T04:06:12Z</time>
   </trkpt>
   <trkpt lat="39.6766580" lon="-104.9627200">
    <ele>1638.4</ele>
    <time>2022-11-17T04:06:13Z</time>
   </trkpt>
   <trkpt lat="39.6766740" lon="-104.9627220">
    <ele>1638.3</ele>
    <time>2022-11-17T04:06:14Z</time>
   </trkpt>
   <trkpt lat="39.6766850" lon="-104.9627280">
    <ele>1638.3</ele>
    <time>2022-11-17T04:06:15Z</time>
   </trkpt>
   <trkpt lat="39.6766910" lon="-104.9627310">
    <ele>1638.2</ele>
    <time>2022-11-17T04:06:16Z</time>
   </trkpt>
   <trkpt lat="39.6767030" lon="-104.9627350">
    <ele>1638.2</ele>
    <time>2022-11-17T04:06:17Z</time>
   </trkpt>
   <trkpt lat="39.6767130" lon="-104.9627430">
    <ele>1638.1</ele>
    <time>2022-11-17T04:06:18Z</time>
   </trkpt>
   <trkpt lat="39.6767230" lon="-104.9627490">
    <ele>1638.1</ele>
    <time>2022-11-17T04:06:19Z</time>
   </trkpt>
   <trkpt lat="39.6767320" lon="-104.9627580">
    <ele>1638.1</ele>
    <time>2022-11-17T04:06:20Z</time>
   </trkpt>
   <trkpt lat="39.6767470" lon="-104.9627600">
    <ele>1638.0</ele>
    <time>2022-11-17T04:06:21Z</time>
   </trkpt>
   <trkpt lat="39.6767650" lon="-104.9627700">
    <ele>1637.9</ele>
    <time>2022-11-17T04:06:22Z</time>
   </trkpt>
   <trkpt lat="39.6767740" lon="-104.9627760">
    <ele>1637.9</ele>
    <time>2022-11-17T04:06:23Z</time>
   </trkpt>
   <trkpt lat="39.6767820" lon="-104.9627820">
    <ele>1637.8</ele>
    <time>2022-11-17T04:06:24Z</time>
   </trkpt>
   <trkpt lat="39.6767960" lon="-104.9627960">
    <ele>1637.8</ele>
    <time>2022-11-17T04:06:25Z</time>
   </trkpt>
   <trkpt lat="39.6768070" lon="-104.9628080">
    <ele>1637.7</ele>
    <time>2022-11-17T04:06:26Z</time>
   </trkpt>
   <trkpt lat="39.6768190" lon="-104.9628220">
    <ele>1637.7</ele>
    <time>2022-11-17T04:06:27Z</time>
   </trkpt>
   <trkpt lat="39.6768210" lon="-104.9628300">
    <ele>1637.6</ele>
    <time>2022-11-17T04:06:28Z</time>
   </trkpt>
   <trkpt lat="39.6768250" lon="-104.9628420">
    <ele>1637.6</ele>
    <time>2022-11-17T04:06:29Z</time>
   </trkpt>
   <trkpt lat="39.6768350" lon="-104.9628530">
    <ele>1637.6</ele>
    <time>2022-11-17T04:06:30Z</time>
   </trkpt>
   <trkpt lat="39.6768450" lon="-104.9628690">
    <ele>1637.6</ele>
    <time>2022-11-17T04:06:31Z</time>
   </trkpt>
   <trkpt lat="39.6768610" lon="-104.9628870">
    <ele>1637.6</ele>
    <time>2022-11-17T04:06:32Z</time>
   </trkpt>
   <trkpt lat="39.6768670" lon="-104.9628950">
    <ele>1637.6</ele>
    <time>2022-11-17T04:06:33Z</time>
   </trkpt>
   <trkpt lat="39.6768740" lon="-104.9629030">
    <ele>1637.6</ele>
    <time>2022-11-17T04:06:34Z</time>
   </trkpt>
   <trkpt lat="39.6768870" lon="-104.9629170">
    <ele>1637.6</ele>
    <time>2022-11-17T04:06:35Z</time>
   </trkpt>
   <trkpt lat="39.6768970" lon="-104.9629290">
    <ele>1637.6</ele>
    <time>2022-11-17T04:06:36Z</time>
   </trkpt>
   <trkpt lat="39.6769050" lon="-104.9629350">
    <ele>1637.6</ele>
    <time>2022-11-17T04:06:37Z</time>
   </trkpt>
   <trkpt lat="39.6769140" lon="-104.9629420">
    <ele>1637.6</ele>
    <time>2022-11-17T04:06:39Z</time>
   </trkpt>
   <trkpt lat="39.6769250" lon="-104.9629460">
    <ele>1637.6</ele>
    <time>2022-11-17T04:06:40Z</time>
   </trkpt>
   <trkpt lat="39.6769370" lon="-104.9629500">
    <ele>1637.6</ele>
    <time>2022-11-17T04:06:41Z</time>
   </trkpt>
   <trkpt lat="39.6769460" lon="-104.9629490">
    <ele>1637.6</ele>
    <time>2022-11-17T04:06:42Z</time>
   </trkpt>
   <trkpt lat="39.6769570" lon="-104.9629470">
    <ele>1637.6</ele>
    <time>2022-11-17T04:06:43Z</time>
   </trkpt>
   <trkpt lat="39.6769690" lon="-104.9629400">
    <ele>1637.6</ele>
    <time>2022-11-17T04:06:44Z</time>
   </trkpt>
   <trkpt lat="39.6769780" lon="-104.9629410">
    <ele>1637.6</ele>
    <time>2022-11-17T04:06:45Z</time>
   </trkpt>
   <trkpt lat="39.6769890" lon="-104.9629300">
    <ele>1637.6</ele>
    <time>2022-11-17T04:06:46Z</time>
   </trkpt>
   <trkpt lat="39.6770020" lon="-104.9629220">
    <ele>1637.6</ele>
    <time>2022-11-17T04:06:47Z</time>
   </trkpt>
   <trkpt lat="39.6770100" lon="-104.9629110">
    <ele>1637.6</ele>
    <time>2022-11-17T04:06:48Z</time>
   </trkpt>
   <trkpt lat="39.6770160" lon="-104.9629040">
    <ele>1637.7</ele>
    <time>2022-11-17T04:06:49Z</time>
   </trkpt>
   <trkpt lat="39.6770250" lon="-104.9628950">
    <ele>1637.7</ele>
    <time>2022-11-17T04:06:50Z</time>
   </trkpt>
   <trkpt lat="39.6770360" lon="-104.9628850">
    <ele>1637.8</ele>
    <time>2022-11-17T04:06:51Z</time>
   </trkpt>
   <trkpt lat="39.6770440" lon="-104.9628780">
    <ele>1637.8</ele>
    <time>2022-11-17T04:06:52Z</time>
   </trkpt>
   <trkpt lat="39.6770550" lon="-104.9628670">
    <ele>1637.9</ele>
    <time>2022-11-17T04:06:53Z</time>
   </trkpt>
   <trkpt lat="39.6770620" lon="-104.9628590">
    <ele>1637.9</ele>
    <time>2022-11-17T04:06:54Z</time>
   </trkpt>
   <trkpt lat="39.6770700" lon="-104.9628470">
    <ele>1638.0</ele>
    <time>2022-11-17T04:06:55Z</time>
   </trkpt>
   <trkpt lat="39.6770730" lon="-104.9628390">
    <ele>1638.0</ele>
    <time>2022-11-17T04:06:56Z</time>
   </trkpt>
   <trkpt lat="39.6770760" lon="-104.9628300">
    <ele>1638.1</ele>
    <time>2022-11-17T04:06:57Z</time>
   </trkpt>
   <trkpt lat="39.6770790" lon="-104.9628140">
    <ele>1638.1</ele>
    <time>2022-11-17T04:06:58Z</time>
   </trkpt>
   <trkpt lat="39.6770800" lon="-104.9628060">
    <ele>1638.1</ele>
    <time>2022-11-17T04:06:59Z</time>
   </trkpt>
   <trkpt lat="39.6770840" lon="-104.9628010">
    <ele>1638.2</ele>
    <time>2022-11-17T04:07:00Z</time>
   </trkpt>
   <trkpt lat="39.6770850" lon="-104.9627940">
    <ele>1638.2</ele>
    <time>2022-11-17T04:07:01Z</time>
   </trkpt>
   <trkpt lat="39.6770870" lon="-104.9627810">
    <ele>1638.2</ele>
    <time>2022-11-17T04:07:02Z</time>
   </trkpt>
   <trkpt lat="39.6770900" lon="-104.9627680">
    <ele>1638.3</ele>
    <time>2022-11-17T04:07:03Z</time>
   </trkpt>
   <trkpt lat="39.6770920" lon="-104.9627520">
    <ele>1638.3</ele>
    <time>2022-11-17T04:07:04Z</time>
   </trkpt>
   <trkpt lat="39.6770950" lon="-104.9627320">
    <ele>1638.4</ele>
    <time>2022-11-17T04:07:05Z</time>
   </trkpt>
   <trkpt lat="39.6770990" lon="-104.9627170">
    <ele>1638.5</ele>
    <time>2022-11-17T04:07:06Z</time>
   </trkpt>
   <trkpt lat="39.6771050" lon="-104.9627020">
    <ele>1638.5</ele>
    <time>2022-11-17T04:07:07Z</time>
   </trkpt>
   <trkpt lat="39.6771040" lon="-104.9626900">
    <ele>1638.6</ele>
    <time>2022-11-17T04:07:08Z</time>
   </trkpt>
   <trkpt lat="39.6771090" lon="-104.9626740">
    <ele>1638.6</ele>
    <time>2022-11-17T04:07:09Z</time>
   </trkpt>
   <trkpt lat="39.6771110" lon="-104.9626550">
    <ele>1638.7</ele>
    <time>2022-11-17T04:07:10Z</time>
   </trkpt>
   <trkpt lat="39.6771130" lon="-104.9626210">
    <ele>1638.8</ele>
    <time>2022-11-17T04:07:11Z</time>
   </trkpt>
   <trkpt lat="39.6771150" lon="-104.9626060">
    <ele>1638.8</ele>
    <time>2022-11-17T04:07:12Z</time>
   </trkpt>
   <trkpt lat="39.6771200" lon="-104.9625830">
    <ele>1638.9</ele>
    <time>2022-11-17T04:07:13Z</time>
   </trkpt>
   <trkpt lat="39.6771220" lon="-104.9625720">
    <ele>1638.9</ele>
    <time>2022-11-17T04:07:14Z</time>
   </trkpt>
   <trkpt lat="39.6771250" lon="-104.9625610">
    <ele>1639.0</ele>
    <time>2022-11-17T04:07:15Z</time>
   </trkpt>
   <trkpt lat="39.6771290" lon="-104.9625450">
    <ele>1639.0</ele>
    <time>2022-11-17T04:07:16Z</time>
   </trkpt>
   <trkpt lat="39.6771300" lon="-104.9625340">
    <ele>1639.0</ele>
    <time>2022-11-17T04:07:17Z</time>
   </trkpt>
   <trkpt lat="39.6771310" lon="-104.9625230">
    <ele>1639.1</ele>
    <time>2022-11-17T04:07:18Z</time>
   </trkpt>
   <trkpt lat="39.6771330" lon="-104.9625120">
    <ele>1639.1</ele>
    <time>2022-11-17T04:07:19Z</time>
   </trkpt>
   <trkpt lat="39.6771400" lon="-104.9624860">
    <ele>1639.2</ele>
    <time>2022-11-17T04:07:20Z</time>
   </trkpt>
   <trkpt lat="39.6771390" lon="-104.9624760">
    <ele>1639.2</ele>
    <time>2022-11-17T04:07:21Z</time>
   </trkpt>
   <trkpt lat="39.6771390" lon="-104.9624660">
    <ele>1639.2</ele>
    <time>2022-11-17T04:07:22Z</time>
   </trkpt>
   <trkpt lat="39.6771400" lon="-104.9624370">
    <ele>1639.3</ele>
    <time>2022-11-17T04:07:23Z</time>
   </trkpt>
   <trkpt lat="39.6771410" lon="-104.9624240">
    <ele>1639.3</ele>
    <time>2022-11-17T04:07:24Z</time>
   </trkpt>
   <trkpt lat="39.6771420" lon="-104.9624110">
    <ele>1639.3</ele>
    <time>2022-11-17T04:07:25Z</time>
   </trkpt>
   <trkpt lat="39.6771410" lon="-104.9623980">
    <ele>1639.4</ele>
    <time>2022-11-17T04:07:26Z</time>
   </trkpt>
   <trkpt lat="39.6771450" lon="-104.9623840">
    <ele>1639.4</ele>
    <time>2022-11-17T04:07:27Z</time>
   </trkpt>
   <trkpt lat="39.6771510" lon="-104.9623670">
    <ele>1639.4</ele>
    <time>2022-11-17T04:07:28Z</time>
   </trkpt>
   <trkpt lat="39.6771460" lon="-104.9623480">
    <ele>1639.4</ele>
    <time>2022-11-17T04:07:29Z</time>
   </trkpt>
   <trkpt lat="39.6771370" lon="-104.9623330">
    <ele>1639.4</ele>
    <time>2022-11-17T04:07:30Z</time>
   </trkpt>
   <trkpt lat="39.6771410" lon="-104.9623170">
    <ele>1639.5</ele>
    <time>2022-11-17T04:07:31Z</time>
   </trkpt>
   <trkpt lat="39.6771430" lon="-104.9623040">
    <ele>1639.5</ele>
    <time>2022-11-17T04:07:32Z</time>
   </trkpt>
   <trkpt lat="39.6771420" lon="-104.9622890">
    <ele>1639.5</ele>
    <time>2022-11-17T04:07:33Z</time>
   </trkpt>
   <trkpt lat="39.6771440" lon="-104.9622750">
    <ele>1639.5</ele>
    <time>2022-11-17T04:07:34Z</time>
   </trkpt>
   <trkpt lat="39.6771450" lon="-104.9622590">
    <ele>1639.5</ele>
    <time>2022-11-17T04:07:35Z</time>
   </trkpt>
   <trkpt lat="39.6771440" lon="-104.9622450">
    <ele>1639.5</ele>
    <time>2022-11-17T04:07:36Z</time>
   </trkpt>
   <trkpt lat="39.6771400" lon="-104.9622260">
    <ele>1639.5</ele>
    <time>2022-11-17T04:07:37Z</time>
   </trkpt>
   <trkpt lat="39.6771390" lon="-104.9622190">
    <ele>1639.6</ele>
    <time>2022-11-17T04:07:38Z</time>
   </trkpt>
   <trkpt lat="39.6771440" lon="-104.9622070">
    <ele>1639.6</ele>
    <time>2022-11-17T04:07:39Z</time>
   </trkpt>
   <trkpt lat="39.6771440" lon="-104.9621870">
    <ele>1639.7</ele>
    <time>2022-11-17T04:07:40Z</time>
   </trkpt>
   <trkpt lat="39.6771390" lon="-104.9621680">
    <ele>1639.7</ele>
    <time>2022-11-17T04:07:41Z</time>
   </trkpt>
   <trkpt lat="39.6771320" lon="-104.9621520">
    <ele>1639.8</ele>
    <time>2022-11-17T04:07:42Z</time>
   </trkpt>
   <trkpt lat="39.6771250" lon="-104.9621360">
    <ele>1639.9</ele>
    <time>2022-11-17T04:07:43Z</time>
   </trkpt>
   <trkpt lat="39.6771190" lon="-104.9621200">
    <ele>1639.9</ele>
    <time>2022-11-17T04:07:44Z</time>
   </trkpt>
   <trkpt lat="39.6771160" lon="-104.9621080">
    <ele>1640.0</ele>
    <time>2022-11-17T04:07:45Z</time>
   </trkpt>
   <trkpt lat="39.6771190" lon="-104.9620950">
    <ele>1640.0</ele>
    <time>2022-11-17T04:07:46Z</time>
   </trkpt>
   <trkpt lat="39.6771250" lon="-104.9620870">
    <ele>1640.0</ele>
    <time>2022-11-17T04:07:47Z</time>
   </trkpt>
   <trkpt lat="39.6771220" lon="-104.9620710">
    <ele>1640.1</ele>
    <time>2022-11-17T04:07:48Z</time>
   </trkpt>
   <trkpt lat="39.6771170" lon="-104.9620520">
    <ele>1640.2</ele>
    <time>2022-11-17T04:07:49Z</time>
   </trkpt>
   <trkpt lat="39.6771190" lon="-104.9620370">
    <ele>1640.2</ele>
    <time>2022-11-17T04:07:50Z</time>
   </trkpt>
   <trkpt lat="39.6771180" lon="-104.9620160">
    <ele>1640.3</ele>
    <time>2022-11-17T04:07:51Z</time>
   </trkpt>
   <trkpt lat="39.6771170" lon="-104.9620040">
    <ele>1640.3</ele>
    <time>2022-11-17T04:07:52Z</time>
   </trkpt>
   <trkpt lat="39.6771170" lon="-104.9619910">
    <ele>1640.3</ele>
    <time>2022-11-17T04:07:53Z</time>
   </trkpt>
   <trkpt lat="39.6771160" lon="-104.9619700">
    <ele>1640.4</ele>
    <time>2022-11-17T04:07:54Z</time>
   </trkpt>
   <trkpt lat="39.6771080" lon="-104.9619550">
    <ele>1640.5</ele>
    <time>2022-11-17T04:07:55Z</time>
   </trkpt>
   <trkpt lat="39.6771040" lon="-104.9619380">
    <ele>1640.5</ele>
    <time>2022-11-17T04:07:56Z</time>
   </trkpt>
   <trkpt lat="39.6771000" lon="-104.9619180">
    <ele>1640.6</ele>
    <time>2022-11-17T04:07:57Z</time>
   </trkpt>
   <trkpt lat="39.6770990" lon="-104.9619000">
    <ele>1640.6</ele>
    <time>2022-11-17T04:07:58Z</time>
   </trkpt>
   <trkpt lat="39.6771000" lon="-104.9618820">
    <ele>1640.7</ele>
    <time>2022-11-17T04:07:59Z</time>
   </trkpt>
   <trkpt lat="39.6770950" lon="-104.9618670">
    <ele>1640.7</ele>
    <time>2022-11-17T04:08:00Z</time>
   </trkpt>
   <trkpt lat="39.6770970" lon="-104.9618550">
    <ele>1640.8</ele>
    <time>2022-11-17T04:08:01Z</time>
   </trkpt>
   <trkpt lat="39.6770910" lon="-104.9618410">
    <ele>1640.8</ele>
    <time>2022-11-17T04:08:02Z</time>
   </trkpt>
   <trkpt lat="39.6770870" lon="-104.9618220">
    <ele>1640.9</ele>
    <time>2022-11-17T04:08:03Z</time>
   </trkpt>
   <trkpt lat="39.6770900" lon="-104.9617960">
    <ele>1640.9</ele>
    <time>2022-11-17T04:08:04Z</time>
   </trkpt>
   <trkpt lat="39.6770910" lon="-104.9617850">
    <ele>1640.9</ele>
    <time>2022-11-17T04:08:05Z</time>
   </trkpt>
   <trkpt lat="39.6770920" lon="-104.9617740">
    <ele>1641.0</ele>
    <time>2022-11-17T04:08:06Z</time>
   </trkpt>
   <trkpt lat="39.6770960" lon="-104.9617540">
    <ele>1641.0</ele>
    <time>2022-11-17T04:08:07Z</time>
   </trkpt>
   <trkpt lat="39.6770970" lon="-104.9617390">
    <ele>1641.1</ele>
    <time>2022-11-17T04:08:08Z</time>
   </trkpt>
   <trkpt lat="39.6770920" lon="-104.9617300">
    <ele>1641.1</ele>
    <time>2022-11-17T04:08:09Z</time>
   </trkpt>
   <trkpt lat="39.6770940" lon="-104.9617080">
    <ele>1641.1</ele>
    <time>2022-11-17T04:08:10Z</time>
   </trkpt>
   <trkpt lat="39.6770980" lon="-104.9616930">
    <ele>1641.2</ele>
    <time>2022-11-17T04:08:11Z</time>
   </trkpt>
   <trkpt lat="39.6771040" lon="-104.9616750">
    <ele>1641.2</ele>
    <time>2022-11-17T04:08:12Z</time>
   </trkpt>
   <trkpt lat="39.6771070" lon="-104.9616590">
    <ele>1641.3</ele>
    <time>2022-11-17T04:08:13Z</time>
   </trkpt>
   <trkpt lat="39.6771070" lon="-104.9616440">
    <ele>1641.3</ele>
    <time>2022-11-17T04:08:14Z</time>
   </trkpt>
   <trkpt lat="39.6771140" lon="-104.9616330">
    <ele>1641.3</ele>
    <time>2022-11-17T04:08:15Z</time>
   </trkpt>
   <trkpt lat="39.6771250" lon="-104.9616250">
    <ele>1641.4</ele>
    <time>2022-11-17T04:08:16Z</time>
   </trkpt>
   <trkpt lat="39.6771360" lon="-104.9616210">
    <ele>1641.4</ele>
    <time>2022-11-17T04:08:17Z</time>
   </trkpt>
   <trkpt lat="39.6771380" lon="-104.9615990">
    <ele>1641.5</ele>
    <time>2022-11-17T04:08:18Z</time>
   </trkpt>
   <trkpt lat="39.6771370" lon="-104.9615850">
    <ele>1641.5</ele>
    <time>2022-11-17T04:08:19Z</time>
   </trkpt>
   <trkpt lat="39.6771380" lon="-104.9615620">
    <ele>1641.5</ele>
    <time>2022-11-17T04:08:20Z</time>
   </trkpt>
   <trkpt lat="39.6771430" lon="-104.9615480">
    <ele>1641.6</ele>
    <time>2022-11-17T04:08:21Z</time>
   </trkpt>
   <trkpt lat="39.6771490" lon="-104.9615350">
    <ele>1641.6</ele>
    <time>2022-11-17T04:08:22Z</time>
   </trkpt>
   <trkpt lat="39.6771550" lon="-104.9615190">
    <ele>1641.6</ele>
    <time>2022-11-17T04:08:23Z</time>
   </trkpt>
   <trkpt lat="39.6771540" lon="-104.9615050">
    <ele>1641.7</ele>
    <time>2022-11-17T04:08:24Z</time>
   </trkpt>
   <trkpt lat="39.6771570" lon="-104.9614910">
    <ele>1641.7</ele>
    <time>2022-11-17T04:08:25Z</time>
   </trkpt>
   <trkpt lat="39.6771580" lon="-104.9614660">
    <ele>1641.7</ele>
    <time>2022-11-17T04:08:26Z</time>
   </trkpt>
   <trkpt lat="39.6771590" lon="-104.9614550">
    <ele>1641.8</ele>
    <time>2022-11-17T04:08:27Z</time>
   </trkpt>
   <trkpt lat="39.6771620" lon="-104.9614400">
    <ele>1641.8</ele>
    <time>2022-11-17T04:08:28Z</time>
   </trkpt>
   <trkpt lat="39.6771690" lon="-104.9614280">
    <ele>1641.8</ele>
    <time>2022-11-17T04:08:29Z</time>
   </trkpt>
   <trkpt lat="39.6771660" lon="-104.9614140">
    <ele>1641.9</ele>
    <time>2022-11-17T04:08:30Z</time>
   </trkpt>
   <trkpt lat="39.6771680" lon="-104.9613920">
    <ele>1641.9</ele>
    <time>2022-11-17T04:08:31Z</time>
   </trkpt>
   <trkpt lat="39.6771700" lon="-104.9613700">
    <ele>1641.9</ele>
    <time>2022-11-17T04:08:32Z</time>
   </trkpt>
   <trkpt lat="39.6771690" lon="-104.9613560">
    <ele>1642.0</ele>
    <time>2022-11-17T04:08:33Z</time>
   </trkpt>
   <trkpt lat="39.6771800" lon="-104.9613360">
    <ele>1642.0</ele>
    <time>2022-11-17T04:08:34Z</time>
   </trkpt>
   <trkpt lat="39.6771870" lon="-104.9613190">
    <ele>1642.1</ele>
    <time>2022-11-17T04:08:35Z</time>
   </trkpt>
   <trkpt lat="39.6771960" lon="-104.9612950">
    <ele>1642.1</ele>
    <time>2022-11-17T04:08:36Z</time>
   </trkpt>
   <trkpt lat="39.6771980" lon="-104.9612850">
    <ele>1642.1</ele>
    <time>2022-11-17T04:08:37Z</time>
   </trkpt>
   <trkpt lat="39.6772000" lon="-104.9612750">
    <ele>1642.2</ele>
    <time>2022-11-17T04:08:38Z</time>
   </trkpt>
   <trkpt lat="39.6772110" lon="-104.9612490">
    <ele>1642.2</ele>
    <time>2022-11-17T04:08:39Z</time>
   </trkpt>
   <trkpt lat="39.6772150" lon="-104.9612390">
    <ele>1642.3</ele>
    <time>2022-11-17T04:08:40Z</time>
   </trkpt>
   <trkpt lat="39.6772180" lon="-104.9612280">
    <ele>1642.3</ele>
    <time>2022-11-17T04:08:41Z</time>
   </trkpt>
   <trkpt lat="39.6772260" lon="-104.9612150">
    <ele>1642.3</ele>
    <time>2022-11-17T04:08:42Z</time>
   </trkpt>
   <trkpt lat="39.6772320" lon="-104.9612000">
    <ele>1642.3</ele>
    <time>2022-11-17T04:08:43Z</time>
   </trkpt>
   <trkpt lat="39.6772380" lon="-104.9611860">
    <ele>1642.4</ele>
    <time>2022-11-17T04:08:45Z</time>
   </trkpt>
   <trkpt lat="39.6772440" lon="-104.9611750">
    <ele>1642.4</ele>
    <time>2022-11-17T04:08:46Z</time>
   </trkpt>
   <trkpt lat="39.6772500" lon="-104.9611660">
    <ele>1642.4</ele>
    <time>2022-11-17T04:08:47Z</time>
   </trkpt>
   <trkpt lat="39.6772540" lon="-104.9611550">
    <ele>1642.4</ele>
    <time>2022-11-17T04:08:48Z</time>
   </trkpt>
   <trkpt lat="39.6772630" lon="-104.9611420">
    <ele>1642.4</ele>
    <time>2022-11-17T04:08:49Z</time>
   </trkpt>
   <trkpt lat="39.6772720" lon="-104.9611260">
    <ele>1642.3</ele>
    <time>2022-11-17T04:08:50Z</time>
   </trkpt>
   <trkpt lat="39.6772810" lon="-104.9611100">
    <ele>1642.3</ele>
    <time>2022-11-17T04:08:51Z</time>
   </trkpt>
   <trkpt lat="39.6772830" lon="-104.9610940">
    <ele>1642.3</ele>
    <time>2022-11-17T04:08:52Z</time>
   </trkpt>
   <trkpt lat="39.6772930" lon="-104.9610840">
    <ele>1642.3</ele>
    <time>2022-11-17T04:08:53Z</time>
   </trkpt>
   <trkpt lat="39.6772950" lon="-104.9610730">
    <ele>1642.3</ele>
    <time>2022-11-17T04:08:54Z</time>
   </trkpt>
   <trkpt lat="39.6772980" lon="-104.9610570">
    <ele>1642.3</ele>
    <time>2022-11-17T04:08:55Z</time>
   </trkpt>
   <trkpt lat="39.6772930" lon="-104.9610530">
    <ele>1642.3</ele>
    <time>2022-11-17T04:08:56Z</time>
   </trkpt>
   <trkpt lat="39.6772970" lon="-104.9610300">
    <ele>1642.2</ele>
    <time>2022-11-17T04:08:57Z</time>
   </trkpt>
   <trkpt lat="39.6773010" lon="-104.9610150">
    <ele>1642.2</ele>
    <time>2022-11-17T04:08:58Z</time>
   </trkpt>
   <trkpt lat="39.6773050" lon="-104.9609960">
    <ele>1642.2</ele>
    <time>2022-11-17T04:08:59Z</time>
   </trkpt>
   <trkpt lat="39.6773080" lon="-104.9609760">
    <ele>1642.2</ele>
    <time>2022-11-17T04:09:00Z</time>
   </trkpt>
   <trkpt lat="39.6773060" lon="-104.9609660">
    <ele>1642.2</ele>
    <time>2022-11-17T04:09:01Z</time>
   </trkpt>
   <trkpt lat="39.6773070" lon="-104.9609510">
    <ele>1642.1</ele>
    <time>2022-11-17T04:09:02Z</time>
   </trkpt>
   <trkpt lat="39.6773100" lon="-104.9609480">
    <ele>1642.1</ele>
    <time>2022-11-17T04:09:03Z</time>
   </trkpt>
   <trkpt lat="39.6773030" lon="-104.9609550">
    <ele>1642.1</ele>
    <time>2022-11-17T04:09:04Z</time>
   </trkpt>
   <trkpt lat="39.6773010" lon="-104.9609530">
    <ele>1642.1</ele>
    <time>2022-11-17T04:09:05Z</time>
   </trkpt>
   <trkpt lat="39.6773000" lon="-104.9609340">
    <ele>1642.1</ele>
    <time>2022-11-17T04:09:06Z</time>
   </trkpt>
   <trkpt lat="39.6772990" lon="-104.9609210">
    <ele>1642.2</ele>
    <time>2022-11-17T04:09:07Z</time>
   </trkpt>
   <trkpt lat="39.6772990" lon="-104.9609140">
    <ele>1642.2</ele>
    <time>2022-11-17T04:09:08Z</time>
   </trkpt>
   <trkpt lat="39.6772960" lon="-104.9609010">
    <ele>1642.2</ele>
    <time>2022-11-17T04:09:09Z</time>
   </trkpt>
   <trkpt lat="39.6772930" lon="-104.9608980">
    <ele>1642.3</ele>
    <time>2022-11-17T04:09:10Z</time>
   </trkpt>
   <trkpt lat="39.6772930" lon="-104.9608700">
    <ele>1642.4</ele>
    <time>2022-11-17T04:09:11Z</time>
   </trkpt>
   <trkpt lat="39.6772940" lon="-104.9608580">
    <ele>1642.4</ele>
    <time>2022-11-17T04:09:12Z</time>
   </trkpt>
   <trkpt lat="39.6772960" lon="-104.9608460">
    <ele>1642.4</ele>
    <time>2022-11-17T04:09:13Z</time>
   </trkpt>
   <trkpt lat="39.6772990" lon="-104.9608250">
    <ele>1642.5</ele>
    <time>2022-11-17T04:09:14Z</time>
   </trkpt>
   <trkpt lat="39.6773010" lon="-104.9608070">
    <ele>1642.6</ele>
    <time>2022-11-17T04:09:15Z</time>
   </trkpt>
   <trkpt lat="39.6773000" lon="-104.9607890">
    <ele>1642.6</ele>
    <time>2022-11-17T04:09:16Z</time>
   </trkpt>
   <trkpt lat="39.6772970" lon="-104.9607670">
    <ele>1642.7</ele>
    <time>2022-11-17T04:09:17Z</time>
   </trkpt>
   <trkpt lat="39.6772940" lon="-104.9607420">
    <ele>1642.8</ele>
    <time>2022-11-17T04:09:18Z</time>
   </trkpt>
   <trkpt lat="39.6772970" lon="-104.9607280">
    <ele>1642.8</ele>
    <time>2022-11-17T04:09:19Z</time>
   </trkpt>
   <trkpt lat="39.6773050" lon="-104.9607100">
    <ele>1642.8</ele>
    <time>2022-11-17T04:09:20Z</time>
   </trkpt>
   <trkpt lat="39.6773070" lon="-104.9606910">
    <ele>1642.8</ele>
    <time>2022-11-17T04:09:21Z</time>
   </trkpt>
   <trkpt lat="39.6773150" lon="-104.9606770">
    <ele>1642.8</ele>
    <time>2022-11-17T04:09:22Z</time>
   </trkpt>
   <trkpt lat="39.6773170" lon="-104.9606600">
    <ele>1642.8</ele>
    <time>2022-11-17T04:09:23Z</time>
   </trkpt>
   <trkpt lat="39.6773190" lon="-104.9606500">
    <ele>1642.8</ele>
    <time>2022-11-17T04:09:24Z</time>
   </trkpt>
   <trkpt lat="39.6773190" lon="-104.9606050">
    <ele>1642.8</ele>
    <time>2022-11-17T04:09:25Z</time>
   </trkpt>
   <trkpt lat="39.6773150" lon="-104.9605900">
    <ele>1642.8</ele>
    <time>2022-11-17T04:09:26Z</time>
   </trkpt>
   <trkpt lat="39.6773170" lon="-104.9605770">
    <ele>1642.8</ele>
    <time>2022-11-17T04:09:27Z</time>
   </trkpt>
   <trkpt lat="39.6773200" lon="-104.9605650">
    <ele>1642.8</ele>
    <time>2022-11-17T04:09:28Z</time>
   </trkpt>
   <trkpt lat="39.6773230" lon="-104.9605470">
    <ele>1642.8</ele>
    <time>2022-11-17T04:09:29Z</time>
   </trkpt>
   <trkpt lat="39.6773270" lon="-104.9605400">
    <ele>1642.8</ele>
    <time>2022-11-17T04:09:30Z</time>
   </trkpt>
   <trkpt lat="39.6773380" lon="-104.9605340">
    <ele>1642.8</ele>
    <time>2022-11-17T04:09:31Z</time>
   </trkpt>
   <trkpt lat="39.6773430" lon="-104.9605210">
    <ele>1642.8</ele>
    <time>2022-11-17T04:09:32Z</time>
   </trkpt>
   <trkpt lat="39.6773500" lon="-104.9605050">
    <ele>1642.8</ele>
    <time>2022-11-17T04:09:33Z</time>
   </trkpt>
   <trkpt lat="39.6773560" lon="-104.9604940">
    <ele>1642.8</ele>
    <time>2022-11-17T04:09:34Z</time>
   </trkpt>
   <trkpt lat="39.6773600" lon="-104.9604830">
    <ele>1642.8</ele>
    <time>2022-11-17T04:09:35Z</time>
   </trkpt>
   <trkpt lat="39.6773670" lon="-104.9604670">
    <ele>1642.8</ele>
    <time>2022-11-17T04:09:36Z</time>
   </trkpt>
   <trkpt lat="39.6773740" lon="-104.9604500">
    <ele>1642.7</ele>
    <time>2022-11-17T04:09:37Z</time>
   </trkpt>
   <trkpt lat="39.6773750" lon="-104.9604300">
    <ele>1642.6</ele>
    <time>2022-11-17T04:09:38Z</time>
   </trkpt>
   <trkpt lat="39.6773770" lon="-104.9604210">
    <ele>1642.6</ele>
    <time>2022-11-17T04:09:39Z</time>
   </trkpt>
   <trkpt lat="39.6773830" lon="-104.9604050">
    <ele>1642.5</ele>
    <time>2022-11-17T04:09:40Z</time>
   </trkpt>
   <trkpt lat="39.6773870" lon="-104.9603890">
    <ele>1642.5</ele>
    <time>2022-11-17T04:09:41Z</time>
   </trkpt>
   <trkpt lat="39.6773920" lon="-104.9603740">
    <ele>1642.4</ele>
    <time>2022-11-17T04:09:42Z</time>
   </trkpt>
   <trkpt lat="39.6773950" lon="-104.9603630">
    <ele>1642.4</ele>
    <time>2022-11-17T04:09:43Z</time>
   </trkpt>
   <trkpt lat="39.6773900" lon="-104.9603480">
    <ele>1642.3</ele>
    <time>2022-11-17T04:09:44Z</time>
   </trkpt>
   <trkpt lat="39.6773950" lon="-104.9603350">
    <ele>1642.3</ele>
    <time>2022-11-17T04:09:45Z</time>
   </trkpt>
   <trkpt lat="39.6773990" lon="-104.9603310">
    <ele>1642.3</ele>
    <time>2022-11-17T04:09:46Z</time>
   </trkpt>
   <trkpt lat="39.6774060" lon="-104.9603220">
    <ele>1642.3</ele>
    <time>2022-11-17T04:09:47Z</time>
   </trkpt>
   <trkpt lat="39.6774120" lon="-104.9603180">
    <ele>1642.2</ele>
    <time>2022-11-17T04:09:48Z</time>
   </trkpt>
   <trkpt lat="39.6774190" lon="-104.9603060">
    <ele>1642.2</ele>
    <time>2022-11-17T04:09:49Z</time>
   </trkpt>
   <trkpt lat="39.6774270" lon="-104.9603030">
    <ele>1642.2</ele>
    <time>2022-11-17T04:09:50Z</time>
   </trkpt>
   <trkpt lat="39.6774350" lon="-104.9602960">
    <ele>1642.1</ele>
    <time>2022-11-17T04:09:51Z</time>
   </trkpt>
   <trkpt lat="39.6774420" lon="-104.9602860">
    <ele>1642.1</ele>
    <time>2022-11-17T04:09:52Z</time>
   </trkpt>
   <trkpt lat="39.6774450" lon="-104.9602790">
    <ele>1642.1</ele>
    <time>2022-11-17T04:09:53Z</time>
   </trkpt>
   <trkpt lat="39.6774530" lon="-104.9602670">
    <ele>1642.1</ele>
    <time>2022-11-17T04:09:54Z</time>
   </trkpt>
   <trkpt lat="39.6774580" lon="-104.9602640">
    <ele>1642.1</ele>
    <time>2022-11-17T04:09:55Z</time>
   </trkpt>
   <trkpt lat="39.6774650" lon="-104.9602600">
    <ele>1642.0</ele>
    <time>2022-11-17T04:09:56Z</time>
   </trkpt>
   <trkpt lat="39.6774740" lon="-104.9602440">
    <ele>1642.0</ele>
    <time>2022-11-17T04:09:57Z</time>
   </trkpt>
   <trkpt lat="39.6774800" lon="-104.9602380">
    <ele>1642.0</ele>
    <time>2022-11-17T04:09:58Z</time>
   </trkpt>
   <trkpt lat="39.6774890" lon="-104.9602310">
    <ele>1641.9</ele>
    <time>2022-11-17T04:09:59Z</time>
   </trkpt>
   <trkpt lat="39.6775000" lon="-104.9602280">
    <ele>1641.8</ele>
    <time>2022-11-17T04:10:00Z</time>
   </trkpt>
   <trkpt lat="39.6775050" lon="-104.9602350">
    <ele>1641.8</ele>
    <time>2022-11-17T04:10:01Z</time>
   </trkpt>
   <trkpt lat="39.6775190" lon="-104.9602370">
    <ele>1641.8</ele>
    <time>2022-11-17T04:10:02Z</time>
   </trkpt>
   <trkpt lat="39.6775300" lon="-104.9602330">
    <ele>1641.7</ele>
    <time>2022-11-17T04:10:03Z</time>
   </trkpt>
   <trkpt lat="39.6775500" lon="-104.9602380">
    <ele>1641.7</ele>
    <time>2022-11-17T04:10:04Z</time>
   </trkpt>
   <trkpt lat="39.6775580" lon="-104.9602400">
    <ele>1641.6</ele>
    <time>2022-11-17T04:10:05Z</time>
   </trkpt>
   <trkpt lat="39.6775660" lon="-104.9602410">
    <ele>1641.6</ele>
    <time>2022-11-17T04:10:06Z</time>
   </trkpt>
   <trkpt lat="39.6775760" lon="-104.9602410">
    <ele>1641.6</ele>
    <time>2022-11-17T04:10:07Z</time>
   </trkpt>
   <trkpt lat="39.6775890" lon="-104.9602400">
    <ele>1641.6</ele>
    <time>2022-11-17T04:10:08Z</time>
   </trkpt>
   <trkpt lat="39.6776000" lon="-104.9602450">
    <ele>1641.5</ele>
    <time>2022-11-17T04:10:09Z</time>
   </trkpt>
   <trkpt lat="39.6776170" lon="-104.9602470">
    <ele>1641.5</ele>
    <time>2022-11-17T04:10:10Z</time>
   </trkpt>
   <trkpt lat="39.6776300" lon="-104.9602580">
    <ele>1641.4</ele>
    <time>2022-11-17T04:10:11Z</time>
   </trkpt>
   <trkpt lat="39.6776480" lon="-104.9602640">
    <ele>1641.4</ele>
    <time>2022-11-17T04:10:12Z</time>
   </trkpt>
   <trkpt lat="39.6776560" lon="-104.9602660">
    <ele>1641.4</ele>
    <time>2022-11-17T04:10:13Z</time>
   </trkpt>
   <trkpt lat="39.6776740" lon="-104.9602700">
    <ele>1641.3</ele>
    <time>2022-11-17T04:10:14Z</time>
   </trkpt>
   <trkpt lat="39.6776810" lon="-104.9602800">
    <ele>1641.3</ele>
    <time>2022-11-17T04:10:15Z</time>
   </trkpt>
   <trkpt lat="39.6777030" lon="-104.9602900">
    <ele>1641.2</ele>
    <time>2022-11-17T04:10:16Z</time>
   </trkpt>
   <trkpt lat="39.6777100" lon="-104.9602980">
    <ele>1641.2</ele>
    <time>2022-11-17T04:10:17Z</time>
   </trkpt>
   <trkpt lat="39.6777310" lon="-104.9602960">
    <ele>1641.1</ele>
    <time>2022-11-17T04:10:18Z</time>
   </trkpt>
   <trkpt lat="39.6777380" lon="-104.9602920">
    <ele>1641.1</ele>
    <time>2022-11-17T04:10:19Z</time>
   </trkpt>
   <trkpt lat="39.6777460" lon="-104.9602870">
    <ele>1641.1</ele>
    <time>2022-11-17T04:10:20Z</time>
   </trkpt>
   <trkpt lat="39.6777590" lon="-104.9602850">
    <ele>1641.0</ele>
    <time>2022-11-17T04:10:21Z</time>
   </trkpt>
   <trkpt lat="39.6777730" lon="-104.9602820">
    <ele>1641.0</ele>
    <time>2022-11-17T04:10:22Z</time>
   </trkpt>
   <trkpt lat="39.6777740" lon="-104.9602920">
    <ele>1640.9</ele>
    <time>2022-11-17T04:10:23Z</time>
   </trkpt>
   <trkpt lat="39.6777780" lon="-104.9603030">
    <ele>1640.9</ele>
    <time>2022-11-17T04:10:24Z</time>
   </trkpt>
   <trkpt lat="39.6777750" lon="-104.9603180">
    <ele>1640.9</ele>
    <time>2022-11-17T04:10:25Z</time>
   </trkpt>
   <trkpt lat="39.6777730" lon="-104.9603280">
    <ele>1640.9</ele>
    <time>2022-11-17T04:10:26Z</time>
   </trkpt>
   <trkpt lat="39.6777760" lon="-104.9603430">
    <ele>1640.9</ele>
    <time>2022-11-17T04:10:27Z</time>
   </trkpt>
   <trkpt lat="39.6777830" lon="-104.9603630">
    <ele>1640.8</ele>
    <time>2022-11-17T04:10:28Z</time>
   </trkpt>
   <trkpt lat="39.6777840" lon="-104.9603890">
    <ele>1640.8</ele>
    <time>2022-11-17T04:10:29Z</time>
   </trkpt>
   <trkpt lat="39.6777830" lon="-104.9604020">
    <ele>1640.8</ele>
    <time>2022-11-17T04:10:30Z</time>
   </trkpt>
   <trkpt lat="39.6777830" lon="-104.9604150">
    <ele>1640.8</ele>
    <time>2022-11-17T04:10:31Z</time>
   </trkpt>
   <trkpt lat="39.6777780" lon="-104.9604300">
    <ele>1640.8</ele>
    <time>2022-11-17T04:10:32Z</time>
   </trkpt>
   <trkpt lat="39.6777720" lon="-104.9604500">
    <ele>1640.7</ele>
    <time>2022-11-17T04:10:33Z</time>
   </trkpt>
   <trkpt lat="39.6777720" lon="-104.9604530">
    <ele>1640.7</ele>
    <time>2022-11-17T04:10:34Z</time>
   </trkpt>
   <trkpt lat="39.6777680" lon="-104.9604710">
    <ele>1640.7</ele>
    <time>2022-11-17T04:10:35Z</time>
   </trkpt>
   <trkpt lat="39.6777700" lon="-104.9604900">
    <ele>1640.7</ele>
    <time>2022-11-17T04:10:36Z</time>
   </trkpt>
   <trkpt lat="39.6777710" lon="-104.9604970">
    <ele>1640.7</ele>
    <time>2022-11-17T04:10:37Z</time>
   </trkpt>
   <trkpt lat="39.6777690" lon="-104.9605120">
    <ele>1640.7</ele>
    <time>2022-11-17T04:10:38Z</time>
   </trkpt>
   <trkpt lat="39.6777630" lon="-104.9605290">
    <ele>1640.7</ele>
    <time>2022-11-17T04:10:39Z</time>
   </trkpt>
   <trkpt lat="39.6777510" lon="-104.9605470">
    <ele>1640.7</ele>
    <time>2022-11-17T04:10:40Z</time>
   </trkpt>
   <trkpt lat="39.6777460" lon="-104.9605590">
    <ele>1640.7</ele>
    <time>2022-11-17T04:10:41Z</time>
   </trkpt>
   <trkpt lat="39.6777400" lon="-104.9605700">
    <ele>1640.7</ele>
    <time>2022-11-17T04:10:42Z</time>
   </trkpt>
   <trkpt lat="39.6777390" lon="-104.9606060">
    <ele>1640.8</ele>
    <time>2022-11-17T04:10:43Z</time>
   </trkpt>
   <trkpt lat="39.6777360" lon="-104.9606190">
    <ele>1640.8</ele>
    <time>2022-11-17T04:10:44Z</time>
   </trkpt>
   <trkpt lat="39.6777360" lon="-104.9606380">
    <ele>1640.8</ele>
    <time>2022-11-17T04:10:45Z</time>
   </trkpt>
   <trkpt lat="39.6777320" lon="-104.9606530">
    <ele>1640.8</ele>
    <time>2022-11-17T04:10:46Z</time>
   </trkpt>
   <trkpt lat="39.6777240" lon="-104.9606590">
    <ele>1640.8</ele>
    <time>2022-11-17T04:10:47Z</time>
   </trkpt>
   <trkpt lat="39.6777140" lon="-104.9606690">
    <ele>1640.8</ele>
    <time>2022-11-17T04:10:48Z</time>
   </trkpt>
   <trkpt lat="39.6777040" lon="-104.9606760">
    <ele>1640.9</ele>
    <time>2022-11-17T04:10:49Z</time>
   </trkpt>
   <trkpt lat="39.6776930" lon="-104.9606920">
    <ele>1640.9</ele>
    <time>2022-11-17T04:10:51Z</time>
   </trkpt>
   <trkpt lat="39.6776850" lon="-104.9607070">
    <ele>1640.9</ele>
    <time>2022-11-17T04:10:52Z</time>
   </trkpt>
   <trkpt lat="39.6776800" lon="-104.9607180">
    <ele>1640.9</ele>
    <time>2022-11-17T04:10:53Z</time>
   </trkpt>
   <trkpt lat="39.6776650" lon="-104.9607420">
    <ele>1641.0</ele>
    <time>2022-11-17T04:10:54Z</time>
   </trkpt>
   <trkpt lat="39.6776600" lon="-104.9607640">
    <ele>1641.0</ele>
    <time>2022-11-17T04:10:55Z</time>
   </trkpt>
   <trkpt lat="39.6776570" lon="-104.9607720">
    <ele>1641.0</ele>
    <time>2022-11-17T04:10:56Z</time>
   </trkpt>
   <trkpt lat="39.6776500" lon="-104.9607830">
    <ele>1641.0</ele>
    <time>2022-11-17T04:10:57Z</time>
   </trkpt>
   <trkpt lat="39.6776450" lon="-104.9607950">
    <ele>1641.0</ele>
    <time>2022-11-17T04:10:58Z</time>
   </trkpt>
   <trkpt lat="39.6776410" lon="-104.9608130">
    <ele>1641.1</ele>
    <time>2022-11-17T04:10:59Z</time>
   </trkpt>
   <trkpt lat="39.6776340" lon="-104.9608360">
    <ele>1641.1</ele>
    <time>2022-11-17T04:11:00Z</time>
   </trkpt>
   <trkpt lat="39.6776280" lon="-104.9608470">
    <ele>1641.1</ele>
    <time>2022-11-17T04:11:01Z</time>
   </trkpt>
   <trkpt lat="39.6776230" lon="-104.9608580">
    <ele>1641.1</ele>
    <time>2022-11-17T04:11:02Z</time>
   </trkpt>
   <trkpt lat="39.6776160" lon="-104.9608760">
    <ele>1641.1</ele>
    <time>2022-11-17T04:11:03Z</time>
   </trkpt>
   <trkpt lat="39.6776070" lon="-104.9608920">
    <ele>1641.1</ele>
    <time>2022-11-17T04:11:04Z</time>
   </trkpt>
   <trkpt lat="39.6775990" lon="-104.9609040">
    <ele>1641.1</ele>
    <time>2022-11-17T04:11:05Z</time>
   </trkpt>
   <trkpt lat="39.6775870" lon="-104.9609090">
    <ele>1641.1</ele>
    <time>2022-11-17T04:11:06Z</time>
   </trkpt>
   <trkpt lat="39.6775760" lon="-104.9609130">
    <ele>1641.1</ele>
    <time>2022-11-17T04:11:07Z</time>
   </trkpt>
   <trkpt lat="39.6775740" lon="-104.9609270">
    <ele>1641.1</ele>
    <time>2022-11-17T04:11:08Z</time>
   </trkpt>
   <trkpt lat="39.6775690" lon="-104.9609500">
    <ele>1641.2</ele>
    <time>2022-11-17T04:11:09Z</time>
   </trkpt>
   <trkpt lat="39.6775630" lon="-104.9609720">
    <ele>1641.2</ele>
    <time>2022-11-17T04:11:10Z</time>
   </trkpt>
   <trkpt lat="39.6775590" lon="-104.9609860">
    <ele>1641.2</ele>
    <time>2022-11-17T04:11:11Z</time>
   </trkpt>
   <trkpt lat="39.6775510" lon="-104.9610020">
    <ele>1641.2</ele>
    <time>2022-11-17T04:11:12Z</time>
   </trkpt>
   <trkpt lat="39.6775430" lon="-104.9610180">
    <ele>1641.2</ele>
    <time>2022-11-17T04:11:13Z</time>
   </trkpt>
   <trkpt lat="39.6775400" lon="-104.9610360">
    <ele>1641.2</ele>
    <time>2022-11-17T04:11:14Z</time>
   </trkpt>
   <trkpt lat="39.6775340" lon="-104.9610560">
    <ele>1641.2</ele>
    <time>2022-11-17T04:11:15Z</time>
   </trkpt>
   <trkpt lat="39.6775210" lon="-104.9610750">
    <ele>1641.2</ele>
    <time>2022-11-17T04:11:16Z</time>
   </trkpt>
   <trkpt lat="39.6775160" lon="-104.9610850">
    <ele>1641.2</ele>
    <time>2022-11-17T04:11:17Z</time>
   </trkpt>
   <trkpt lat="39.6775110" lon="-104.9610950">
    <ele>1641.2</ele>
    <time>2022-11-17T04:11:18Z</time>
   </trkpt>
   <trkpt lat="39.6775040" lon="-104.9611190">
    <ele>1641.2</ele>
    <time>2022-11-17T04:11:19Z</time>
   </trkpt>
   <trkpt lat="39.6774990" lon="-104.9611300">
    <ele>1641.2</ele>
    <time>2022-11-17T04:11:20Z</time>
   </trkpt>
   <trkpt lat="39.6774950" lon="-104.9611410">
    <ele>1641.2</ele>
    <time>2022-11-17T04:11:21Z</time>
   </trkpt>
   <trkpt lat="39.6774900" lon="-104.9611480">
    <ele>1641.2</ele>
    <time>2022-11-17T04:11:22Z</time>
   </trkpt>
   <trkpt lat="39.6774820" lon="-104.9611650">
    <ele>1641.2</ele>
    <time>2022-11-17T04:11:23Z</time>
   </trkpt>
   <trkpt lat="39.6774770" lon="-104.9611700">
    <ele>1641.2</ele>
    <time>2022-11-17T04:11:24Z</time>
   </trkpt>
   <trkpt lat="39.6774740" lon="-104.9611680">
    <ele>1641.2</ele>
    <time>2022-11-17T04:11:25Z</time>
   </trkpt>
   <trkpt lat="39.6774700" lon="-104.9611750">
    <ele>1641.2</ele>
    <time>2022-11-17T04:11:26Z</time>
   </trkpt>
   <trkpt lat="39.6774660" lon="-104.9611820">
    <ele>1641.2</ele>
    <time>2022-11-17T04:11:27Z</time>
   </trkpt>
   <trkpt lat="39.6774610" lon="-104.9611890">
    <ele>1641.2</ele>
    <time>2022-11-17T04:11:28Z</time>
   </trkpt>
   <trkpt lat="39.6774570" lon="-104.9611960">
    <ele>1641.2</ele>
    <time>2022-11-17T04:11:29Z</time>
   </trkpt>
   <trkpt lat="39.6774530" lon="-104.9612030">
    <ele>1641.2</ele>
    <time>2022-11-17T04:11:30Z</time>
   </trkpt>
   <trkpt lat="39.6774490" lon="-104.9612100">
    <ele>1641.2</ele>
    <time>2022-11-17T04:11:31Z</time>
   </trkpt>
   <trkpt lat="39.6774450" lon="-104.9612170">
    <ele>1641.2</ele>
    <time>2022-11-17T04:11:32Z</time>
   </trkpt>
   <trkpt lat="39.6774410" lon="-104.9612240">
    <ele>1641.2</ele>
    <time>2022-11-17T04:11:33Z</time>
   </trkpt>
   <trkpt lat="39.6774360" lon="-104.9612310">
    <ele>1641.2</ele>
    <time>2022-11-17T04:11:34Z</time>
   </trkpt>
   <trkpt lat="39.6774320" lon="-104.9612380">
    <ele>1641.2</ele>
    <time>2022-11-17T04:11:35Z</time>
   </trkpt>
   <trkpt lat="39.6774240" lon="-104.9612540">
    <ele>1641.2</ele>
    <time>2022-11-17T04:11:36Z</time>
   </trkpt>
   <trkpt lat="39.6774230" lon="-104.9612590">
    <ele>1641.2</ele>
    <time>2022-11-17T04:11:37Z</time>
   </trkpt>
   <trkpt lat="39.6774190" lon="-104.9612700">
    <ele>1641.2</ele>
    <time>2022-11-17T04:11:38Z</time>
   </trkpt>
   <trkpt lat="39.6774150" lon="-104.9612830">
    <ele>1641.2</ele>
    <time>2022-11-17T04:11:39Z</time>
   </trkpt>
   <trkpt lat="39.6774190" lon="-104.9612920">
    <ele>1641.2</ele>
    <time>2022-11-17T04:11:40Z</time>
   </trkpt>
   <trkpt lat="39.6774180" lon="-104.9613010">
    <ele>1641.2</ele>
    <time>2022-11-17T04:11:41Z</time>
   </trkpt>
   <trkpt lat="39.6774100" lon="-104.9613080">
    <ele>1641.2</ele>
    <time>2022-11-17T04:11:42Z</time>
   </trkpt>
   <trkpt lat="39.6774080" lon="-104.9613150">
    <ele>1641.2</ele>
    <time>2022-11-17T04:11:43Z</time>
   </trkpt>
   <trkpt lat="39.6774040" lon="-104.9613260">
    <ele>1641.2</ele>
    <time>2022-11-17T04:11:44Z</time>
   </trkpt>
   <trkpt lat="39.6774040" lon="-104.9613350">
    <ele>1641.2</ele>
    <time>2022-11-17T04:11:45Z</time>
   </trkpt>
   <trkpt lat="39.6774050" lon="-104.9613450">
    <ele>1641.3</ele>
    <time>2022-11-17T04:11:46Z</time>
   </trkpt>
   <trkpt lat="39.6774050" lon="-104.9613570">
    <ele>1641.3</ele>
    <time>2022-11-17T04:11:47Z</time>
   </trkpt>
   <trkpt lat="39.6774020" lon="-104.9613710">
    <ele>1641.3</ele>
    <time>2022-11-17T04:11:48Z</time>
   </trkpt>
   <trkpt lat="39.6774010" lon="-104.9613870">
    <ele>1641.3</ele>
    <time>2022-11-17T04:11:49Z</time>
   </trkpt>
   <trkpt lat="39.6774040" lon="-104.9613960">
    <ele>1641.3</ele>
    <time>2022-11-17T04:11:50Z</time>
   </trkpt>
   <trkpt lat="39.6774060" lon="-104.9614050">
    <ele>1641.3</ele>
    <time>2022-11-17T04:11:51Z</time>
   </trkpt>
   <trkpt lat="39.6774070" lon="-104.9614240">
    <ele>1641.3</ele>
    <time>2022-11-17T04:11:52Z</time>
   </trkpt>
   <trkpt lat="39.6774070" lon="-104.9614280">
    <ele>1641.3</ele>
    <time>2022-11-17T04:11:53Z</time>
   </trkpt>
   <trkpt lat="39.6774020" lon="-104.9614340">
    <ele>1641.3</ele>
    <time>2022-11-17T04:11:54Z</time>
   </trkpt>
   <trkpt lat="39.6773960" lon="-104.9614450">
    <ele>1641.4</ele>
    <time>2022-11-17T04:11:55Z</time>
   </trkpt>
   <trkpt lat="39.6773890" lon="-104.9614600">
    <ele>1641.4</ele>
    <time>2022-11-17T04:11:56Z</time>
   </trkpt>
   <trkpt lat="39.6773840" lon="-104.9614670">
    <ele>1641.4</ele>
    <time>2022-11-17T04:11:57Z</time>
   </trkpt>
   <trkpt lat="39.6773700" lon="-104.9614700">
    <ele>1641.5</ele>
    <time>2022-11-17T04:11:58Z</time>
   </trkpt>
   <trkpt lat="39.6773600" lon="-104.9614690">
    <ele>1641.5</ele>
    <time>2022-11-17T04:11:59Z</time>
   </trkpt>
   <trkpt lat="39.6773530" lon="-104.9614490">
    <ele>1641.6</ele>
    <time>2022-11-17T04:12:00Z</time>
   </trkpt>
   <trkpt lat="39.6773450" lon="-104.9614280">
    <ele>1641.6</ele>
    <time>2022-11-17T04:12:01Z</time>
   </trkpt>
   <trkpt lat="39.6773350" lon="-104.9614220">
    <ele>1641.7</ele>
    <time>2022-11-17T04:12:02Z</time>
   </trkpt>
   <trkpt lat="39.6773320" lon="-104.9614090">
    <ele>1641.7</ele>
    <time>2022-11-17T04:12:03Z</time>
   </trkpt>
   <trkpt lat="39.6773260" lon="-104.9613910">
    <ele>1641.7</ele>
    <time>2022-11-17T04:12:04Z</time>
   </trkpt>
   <trkpt lat="39.6773190" lon="-104.9613730">
    <ele>1641.8</ele>
    <time>2022-11-17T04:12:05Z</time>
   </trkpt>
   <trkpt lat="39.6773140" lon="-104.9613600">
    <ele>1641.8</ele>
    <time>2022-11-17T04:12:06Z</time>
   </trkpt>
   <trkpt lat="39.6773080" lon="-104.9613430">
    <ele>1641.9</ele>
    <time>2022-11-17T04:12:07Z</time>
   </trkpt>
   <trkpt lat="39.6772980" lon="-104.9613260">
    <ele>1641.9</ele>
    <time>2022-11-17T04:12:08Z</time>
   </trkpt>
   <trkpt lat="39.6772930" lon="-104.9613150">
    <ele>1641.9</ele>
    <time>2022-11-17T04:12:09Z</time>
   </trkpt>
   <trkpt lat="39.6772900" lon="-104.9613040">
    <ele>1642.0</ele>
    <time>2022-11-17T04:12:10Z</time>
   </trkpt>
   <trkpt lat="39.6772810" lon="-104.9612900">
    <ele>1642.0</ele>
    <time>2022-11-17T04:12:11Z</time>
   </trkpt>
   <trkpt lat="39.6772740" lon="-104.9612830">
    <ele>1642.0</ele>
    <time>2022-11-17T04:12:12Z</time>
   </trkpt>
   <trkpt lat="39.6772640" lon="-104.9612690">
    <ele>1642.1</ele>
    <time>2022-11-17T04:12:13Z</time>
   </trkpt>
   <trkpt lat="39.6772540" lon="-104.9612610">
    <ele>1642.1</ele>
    <time>2022-11-17T04:12:14Z</time>
   </trkpt>
   <trkpt lat="39.6772470" lon="-104.9612500">
    <ele>1642.2</ele>
    <time>2022-11-17T04:12:15Z</time>
   </trkpt>
   <trkpt lat="39.6772410" lon="-104.9612420">
    <ele>1642.2</ele>
    <time>2022-11-17T04:12:16Z</time>
   </trkpt>
   <trkpt lat="39.6772330" lon="-104.9612300">
    <ele>1642.2</ele>
    <time>2022-11-17T04:12:17Z</time>
   </trkpt>
   <trkpt lat="39.6772280" lon="-104.9612200">
    <ele>1642.3</ele>
    <time>2022-11-17T04:12:18Z</time>
   </trkpt>
   <trkpt lat="39.6772210" lon="-104.9612130">
    <ele>1642.3</ele>
    <time>2022-11-17T04:12:19Z</time>
   </trkpt>
   <trkpt lat="39.6772130" lon="-104.9612080">
    <ele>1642.3</ele>
    <time>2022-11-17T04:12:20Z</time>
   </trkpt>
   <trkpt lat="39.6772040" lon="-104.9612080">
    <ele>1642.3</ele>
    <time>2022-11-17T04:12:21Z</time>
   </trkpt>
   <trkpt lat="39.6771920" lon="-104.9612140">
    <ele>1642.2</ele>
    <time>2022-11-17T04:12:22Z</time>
   </trkpt>
   <trkpt lat="39.6771860" lon="-104.9612240">
    <ele>1642.2</ele>
    <time>2022-11-17T04:12:23Z</time>
   </trkpt>
   <trkpt lat="39.6771800" lon="-104.9612340">
    <ele>1642.2</ele>
    <time>2022-11-17T04:12:24Z</time>
   </trkpt>
   <trkpt lat="39.6771740" lon="-104.9612440">
    <ele>1642.1</ele>
    <time>2022-11-17T04:12:25Z</time>
   </trkpt>
   <trkpt lat="39.6771670" lon="-104.9612640">
    <ele>1642.1</ele>
    <time>2022-11-17T04:12:26Z</time>
   </trkpt>
   <trkpt lat="39.6771600" lon="-104.9612850">
    <ele>1642.1</ele>
    <time>2022-11-17T04:12:27Z</time>
   </trkpt>
   <trkpt lat="39.6771580" lon="-104.9612980">
    <ele>1642.0</ele>
    <time>2022-11-17T04:12:28Z</time>
   </trkpt>
   <trkpt lat="39.6771540" lon="-104.9613130">
    <ele>1642.0</ele>
    <time>2022-11-17T04:12:29Z</time>
   </trkpt>
   <trkpt lat="39.6771490" lon="-104.9613200">
    <ele>1642.0</ele>
    <time>2022-11-17T04:12:30Z</time>
   </trkpt>
   <trkpt lat="39.6771440" lon="-104.9613380">
    <ele>1641.9</ele>
    <time>2022-11-17T04:12:31Z</time>
   </trkpt>
   <trkpt lat="39.6771410" lon="-104.9613570">
    <ele>1641.9</ele>
    <time>2022-11-17T04:12:32Z</time>
   </trkpt>
   <trkpt lat="39.6771370" lon="-104.9613720">
    <ele>1641.9</ele>
    <time>2022-11-17T04:12:33Z</time>
   </trkpt>
   <trkpt lat="39.6771340" lon="-104.9613850">
    <ele>1641.8</ele>
    <time>2022-11-17T04:12:34Z</time>
   </trkpt>
   <trkpt lat="39.6771300" lon="-104.9614010">
    <ele>1641.8</ele>
    <time>2022-11-17T04:12:35Z</time>
   </trkpt>
   <trkpt lat="39.6771240" lon="-104.9614350">
    <ele>1641.7</ele>
    <time>2022-11-17T04:12:36Z</time>
   </trkpt>
   <trkpt lat="39.6771230" lon="-104.9614450">
    <ele>1641.7</ele>
    <time>2022-11-17T04:12:37Z</time>
   </trkpt>
   <trkpt lat="39.6771220" lon="-104.9614560">
    <ele>1641.7</ele>
    <time>2022-11-17T04:12:38Z</time>
   </trkpt>
   <trkpt lat="39.6771190" lon="-104.9614860">
    <ele>1641.6</ele>
    <time>2022-11-17T04:12:39Z</time>
   </trkpt>
   <trkpt lat="39.6771190" lon="-104.9614970">
    <ele>1641.6</ele>
    <time>2022-11-17T04:12:40Z</time>
   </trkpt>
   <trkpt lat="39.6771200" lon="-104.9615080">
    <ele>1641.6</ele>
    <time>2022-11-17T04:12:41Z</time>
   </trkpt>
   <trkpt lat="39.6771170" lon="-104.9615310">
    <ele>1641.5</ele>
    <time>2022-11-17T04:12:42Z</time>
   </trkpt>
   <trkpt lat="39.6771180" lon="-104.9615420">
    <ele>1641.5</ele>
    <time>2022-11-17T04:12:43Z</time>
   </trkpt>
   <trkpt lat="39.6771180" lon="-104.9615520">
    <ele>1641.5</ele>
    <time>2022-11-17T04:12:44Z</time>
   </trkpt>
   <trkpt lat="39.6771190" lon="-104.9615620">
    <ele>1641.5</ele>
    <time>2022-11-17T04:12:45Z</time>
   </trkpt>
   <trkpt lat="39.6771140" lon="-104.9615750">
    <ele>1641.4</ele>
    <time>2022-11-17T04:12:46Z</time>
   </trkpt>
   <trkpt lat="39.6771130" lon="-104.9615950">
    <ele>1641.4</ele>
    <time>2022-11-17T04:12:47Z</time>
   </trkpt>
   <trkpt lat="39.6771110" lon="-104.9616050">
    <ele>1641.4</ele>
    <time>2022-11-17T04:12:48Z</time>
   </trkpt>
   <trkpt lat="39.6771040" lon="-104.9616310">
    <ele>1641.3</ele>
    <time>2022-11-17T04:12:49Z</time>
   </trkpt>
   <trkpt lat="39.6771020" lon="-104.9616440">
    <ele>1641.3</ele>
    <time>2022-11-17T04:12:50Z</time>
   </trkpt>
   <trkpt lat="39.6771000" lon="-104.9616560">
    <ele>1641.3</ele>
    <time>2022-11-17T04:12:51Z</time>
   </trkpt>
   <trkpt lat="39.6770920" lon="-104.9616820">
    <ele>1641.2</ele>
    <time>2022-11-17T04:12:52Z</time>
   </trkpt>
   <trkpt lat="39.6770900" lon="-104.9616950">
    <ele>1641.2</ele>
    <time>2022-11-17T04:12:53Z</time>
   </trkpt>
   <trkpt lat="39.6770890" lon="-104.9617090">
    <ele>1641.1</ele>
    <time>2022-11-17T04:12:54Z</time>
   </trkpt>
   <trkpt lat="39.6770920" lon="-104.9617310">
    <ele>1641.1</ele>
    <time>2022-11-17T04:12:55Z</time>
   </trkpt>
   <trkpt lat="39.6770920" lon="-104.9617480">
    <ele>1641.0</ele>
    <time>2022-11-17T04:12:56Z</time>
   </trkpt>
   <trkpt lat="39.6770910" lon="-104.9617760">
    <ele>1641.0</ele>
    <time>2022-11-17T04:12:57Z</time>
   </trkpt>
   <trkpt lat="39.6770920" lon="-104.9617900">
    <ele>1640.9</ele>
    <time>2022-11-17T04:12:58Z</time>
   </trkpt>
   <trkpt lat="39.6770940" lon="-104.9618050">
    <ele>1640.9</ele>
    <time>2022-11-17T04:12:59Z</time>
   </trkpt>
   <trkpt lat="39.6770970" lon="-104.9618230">
    <ele>1640.8</ele>
    <time>2022-11-17T04:13:00Z</time>
   </trkpt>
   <trkpt lat="39.6771000" lon="-104.9618440">
    <ele>1640.8</ele>
    <time>2022-11-17T04:13:01Z</time>
   </trkpt>
   <trkpt lat="39.6771010" lon="-104.9618600">
    <ele>1640.7</ele>
    <time>2022-11-17T04:13:02Z</time>
   </trkpt>
   <trkpt lat="39.6771050" lon="-104.9618700">
    <ele>1640.7</ele>
    <time>2022-11-17T04:13:03Z</time>
   </trkpt>
   <trkpt lat="39.6771060" lon="-104.9618840">
    <ele>1640.7</ele>
    <time>2022-11-17T04:13:04Z</time>
   </trkpt>
   <trkpt lat="39.6771040" lon="-104.9619110">
    <ele>1640.6</ele>
    <time>2022-11-17T04:13:05Z</time>
   </trkpt>
   <trkpt lat="39.6771010" lon="-104.9619200">
    <ele>1640.6</ele>
    <time>2022-11-17T04:13:06Z</time>
   </trkpt>
   <trkpt lat="39.6770990" lon="-104.9619300">
    <ele>1640.6</ele>
    <time>2022-11-17T04:13:07Z</time>
   </trkpt>
   <trkpt lat="39.6770960" lon="-104.9619500">
    <ele>1640.5</ele>
    <time>2022-11-17T04:13:08Z</time>
   </trkpt>
   <trkpt lat="39.6770890" lon="-104.9619630">
    <ele>1640.5</ele>
    <time>2022-11-17T04:13:09Z</time>
   </trkpt>
   <trkpt lat="39.6770770" lon="-104.9619710">
    <ele>1640.5</ele>
    <time>2022-11-17T04:13:10Z</time>
   </trkpt>
   <trkpt lat="39.6770660" lon="-104.9619810">
    <ele>1640.4</ele>
    <time>2022-11-17T04:13:11Z</time>
   </trkpt>
   <trkpt lat="39.6770560" lon="-104.9619900">
    <ele>1640.4</ele>
    <time>2022-11-17T04:13:12Z</time>
   </trkpt>
   <trkpt lat="39.6770470" lon="-104.9620010">
    <ele>1640.4</ele>
    <time>2022-11-17T04:13:13Z</time>
   </trkpt>
   <trkpt lat="39.6770410" lon="-104.9620130">
    <ele>1640.3</ele>
    <time>2022-11-17T04:13:14Z</time>
   </trkpt>
   <trkpt lat="39.6770370" lon="-104.9620240">
    <ele>1640.3</ele>
    <time>2022-11-17T04:13:15Z</time>
   </trkpt>
   <trkpt lat="39.6770290" lon="-104.9620380">
    <ele>1640.3</ele>
    <time>2022-11-17T04:13:16Z</time>
   </trkpt>
   <trkpt lat="39.6770230" lon="-104.9620420">
    <ele>1640.3</ele>
    <time>2022-11-17T04:13:17Z</time>
   </trkpt>
   <trkpt lat="39.6770050" lon="-104.9620580">
    <ele>1640.2</ele>
    <time>2022-11-17T04:13:18Z</time>
   </trkpt>
   <trkpt lat="39.6769980" lon="-104.9620650">
    <ele>1640.2</ele>
    <time>2022-11-17T04:13:19Z</time>
   </trkpt>
   <trkpt lat="39.6769900" lon="-104.9620720">
    <ele>1640.2</ele>
    <time>2022-11-17T04:13:20Z</time>
   </trkpt>
   <trkpt lat="39.6769770" lon="-104.9620910">
    <ele>1640.1</ele>
    <time>2022-11-17T04:13:21Z</time>
   </trkpt>
   <trkpt lat="39.6769700" lon="-104.9620980">
    <ele>1640.1</ele>
    <time>2022-11-17T04:13:22Z</time>
   </trkpt>
   <trkpt lat="39.6769630" lon="-104.9621050">
    <ele>1640.1</ele>
    <time>2022-11-17T04:13:23Z</time>
   </trkpt>
   <trkpt lat="39.6769450" lon="-104.9621180">
    <ele>1640.0</ele>
    <time>2022-11-17T04:13:24Z</time>
   </trkpt>
   <trkpt lat="39.6769380" lon="-104.9621230">
    <ele>1640.0</ele>
    <time>2022-11-17T04:13:25Z</time>
   </trkpt>
   <trkpt lat="39.6769310" lon="-104.9621290">
    <ele>1640.0</ele>
    <time>2022-11-17T04:13:26Z</time>
   </trkpt>
   <trkpt lat="39.6769210" lon="-104.9621320">
    <ele>1640.0</ele>
    <time>2022-11-17T04:13:27Z</time>
   </trkpt>
   <trkpt lat="39.6769110" lon="-104.9621300">
    <ele>1640.0</ele>
    <time>2022-11-17T04:13:28Z</time>
   </trkpt>
   <trkpt lat="39.6769000" lon="-104.9621320">
    <ele>1640.0</ele>
    <time>2022-11-17T04:13:29Z</time>
   </trkpt>
   <trkpt lat="39.6768880" lon="-104.9621370">
    <ele>1640.0</ele>
    <time>2022-11-17T04:13:30Z</time>
   </trkpt>
   <trkpt lat="39.6768770" lon="-104.9621380">
    <ele>1640.0</ele>
    <time>2022-11-17T04:13:31Z</time>
   </trkpt>
   <trkpt lat="39.6768660" lon="-104.9621370">
    <ele>1640.0</ele>
    <time>2022-11-17T04:13:32Z</time>
   </trkpt>
   <trkpt lat="39.6768530" lon="-104.9621390">
    <ele>1640.0</ele>
    <time>2022-11-17T04:13:33Z</time>
   </trkpt>
   <trkpt lat="39.6768370" lon="-104.9621330">
    <ele>1640.0</ele>
    <time>2022-11-17T04:13:34Z</time>
   </trkpt>
   <trkpt lat="39.6768250" lon="-104.9621300">
    <ele>1640.1</ele>
    <time>2022-11-17T04:13:35Z</time>
   </trkpt>
   <trkpt lat="39.6768100" lon="-104.9621270">
    <ele>1640.1</ele>
    <time>2022-11-17T04:13:36Z</time>
   </trkpt>
   <trkpt lat="39.6767950" lon="-104.9621220">
    <ele>1640.1</ele>
    <time>2022-11-17T04:13:37Z</time>
   </trkpt>
   <trkpt lat="39.6767790" lon="-104.9621200">
    <ele>1640.1</ele>
    <time>2022-11-17T04:13:38Z</time>
   </trkpt>
   <trkpt lat="39.6767590" lon="-104.9621130">
    <ele>1640.1</ele>
    <time>2022-11-17T04:13:39Z</time>
   </trkpt>
   <trkpt lat="39.6767500" lon="-104.9621110">
    <ele>1640.1</ele>
    <time>2022-11-17T04:13:40Z</time>
   </trkpt>
   <trkpt lat="39.6767420" lon="-104.9621090">
    <ele>1640.1</ele>
    <time>2022-11-17T04:13:41Z</time>
   </trkpt>
   <trkpt lat="39.6767310" lon="-104.9621100">
    <ele>1640.1</ele>
    <time>2022-11-17T04:13:42Z</time>
   </trkpt>
   <trkpt lat="39.6767210" lon="-104.9621100">
    <ele>1640.1</ele>
    <time>2022-11-17T04:13:43Z</time>
   </trkpt>
   <trkpt lat="39.6767070" lon="-104.9621100">
    <ele>1640.1</ele>
    <time>2022-11-17T04:13:44Z</time>
   </trkpt>
   <trkpt lat="39.6766940" lon="-104.9621160">
    <ele>1640.1</ele>
    <time>2022-11-17T04:13:45Z</time>
   </trkpt>
   <trkpt lat="39.6766830" lon="-104.9621160">
    <ele>1640.1</ele>
    <time>2022-11-17T04:13:46Z</time>
   </trkpt>
   <trkpt lat="39.6766740" lon="-104.9621200">
    <ele>1640.1</ele>
    <time>2022-11-17T04:13:47Z</time>
   </trkpt>
   <trkpt lat="39.6766520" lon="-104.9621220">
    <ele>1640.1</ele>
    <time>2022-11-17T04:13:48Z</time>
   </trkpt>
   <trkpt lat="39.6766450" lon="-104.9621260">
    <ele>1640.1</ele>
    <time>2022-11-17T04:13:49Z</time>
   </trkpt>
   <trkpt lat="39.6766380" lon="-104.9621300">
    <ele>1640.1</ele>
    <time>2022-11-17T04:13:50Z</time>
   </trkpt>
   <trkpt lat="39.6766310" lon="-104.9621370">
    <ele>1640.1</ele>
    <time>2022-11-17T04:13:51Z</time>
   </trkpt>
   <trkpt lat="39.6766210" lon="-104.9621470">
    <ele>1640.1</ele>
    <time>2022-11-17T04:13:52Z</time>
   </trkpt>
   <trkpt lat="39.6766150" lon="-104.9621530">
    <ele>1640.1</ele>
    <time>2022-11-17T04:13:53Z</time>
   </trkpt>
   <trkpt lat="39.6766080" lon="-104.9621560">
    <ele>1640.1</ele>
    <time>2022-11-17T04:13:54Z</time>
   </trkpt>
   <trkpt lat="39.6766010" lon="-104.9621630">
    <ele>1640.0</ele>
    <time>2022-11-17T04:13:55Z</time>
   </trkpt>
   <trkpt lat="39.6765890" lon="-104.9621700">
    <ele>1640.0</ele>
    <time>2022-11-17T04:13:56Z</time>
   </trkpt>
   <trkpt lat="39.6765780" lon="-104.9621880">
    <ele>1640.0</ele>
    <time>2022-11-17T04:13:57Z</time>
   </trkpt>
   <trkpt lat="39.6765700" lon="-104.9621970">
    <ele>1640.0</ele>
    <time>2022-11-17T04:13:58Z</time>
   </trkpt>
   <trkpt lat="39.6765660" lon="-104.9622050">
    <ele>1640.0</ele>
    <time>2022-11-17T04:13:59Z</time>
   </trkpt>
   <trkpt lat="39.6765580" lon="-104.9622210">
    <ele>1640.0</ele>
    <time>2022-11-17T04:14:00Z</time>
   </trkpt>
   <trkpt lat="39.6765530" lon="-104.9622350">
    <ele>1639.9</ele>
    <time>2022-11-17T04:14:01Z</time>
   </trkpt>
   <trkpt lat="39.6765490" lon="-104.9622510">
    <ele>1639.9</ele>
    <time>2022-11-17T04:14:02Z</time>
   </trkpt>
   <trkpt lat="39.6765470" lon="-104.9622650">
    <ele>1639.8</ele>
    <time>2022-11-17T04:14:03Z</time>
   </trkpt>
   <trkpt lat="39.6765410" lon="-104.9622780">
    <ele>1639.8</ele>
    <time>2022-11-17T04:14:04Z</time>
   </trkpt>
   <trkpt lat="39.6765440" lon="-104.9622860">
    <ele>1639.8</ele>
    <time>2022-11-17T04:14:05Z</time>
   </trkpt>
   <trkpt lat="39.6765380" lon="-104.9623020">
    <ele>1639.7</ele>
    <time>2022-11-17T04:14:06Z</time>
   </trkpt>
   <trkpt lat="39.6765320" lon="-104.9623180">
    <ele>1639.7</ele>
    <time>2022-11-17T04:14:07Z</time>
   </trkpt>
   <trkpt lat="39.6765260" lon="-104.9623320">
    <ele>1639.6</ele>
    <time>2022-11-17T04:14:08Z</time>
   </trkpt>
   <trkpt lat="39.6765200" lon="-104.9623540">
    <ele>1639.6</ele>
    <time>2022-11-17T04:14:09Z</time>
   </trkpt>
   <trkpt lat="39.6765180" lon="-104.9623680">
    <ele>1639.5</ele>
    <time>2022-11-17T04:14:10Z</time>
   </trkpt>
   <trkpt lat="39.6765150" lon="-104.9623840">
    <ele>1639.5</ele>
    <time>2022-11-17T04:14:11Z</time>
   </trkpt>
   <trkpt lat="39.6765140" lon="-104.9623930">
    <ele>1639.4</ele>
    <time>2022-11-17T04:14:12Z</time>
   </trkpt>
   <trkpt lat="39.6765070" lon="-104.9624080">
    <ele>1639.4</ele>
    <time>2022-11-17T04:14:13Z</time>
   </trkpt>
   <trkpt lat="39.6765050" lon="-104.9624230">
    <ele>1639.4</ele>
    <time>2022-11-17T04:14:14Z</time>
   </trkpt>
   <trkpt lat="39.6765020" lon="-104.9624340">
    <ele>1639.3</ele>
    <time>2022-11-17T04:14:15Z</time>
   </trkpt>
   <trkpt lat="39.6765040" lon="-104.9624490">
    <ele>1639.3</ele>
    <time>2022-11-17T04:14:16Z</time>
   </trkpt>
   <trkpt lat="39.6765060" lon="-104.9624660">
    <ele>1639.2</ele>
    <time>2022-11-17T04:14:17Z</time>
   </trkpt>
   <trkpt lat="39.6765090" lon="-104.9624780">
    <ele>1639.2</ele>
    <time>2022-11-17T04:14:18Z</time>
   </trkpt>
   <trkpt lat="39.6765130" lon="-104.9625030">
    <ele>1639.1</ele>
    <time>2022-11-17T04:14:19Z</time>
   </trkpt>
   <trkpt lat="39.6765150" lon="-104.9625150">
    <ele>1639.1</ele>
    <time>2022-11-17T04:14:20Z</time>
   </trkpt>
   <trkpt lat="39.6765170" lon="-104.9625260">
    <ele>1639.1</ele>
    <time>2022-11-17T04:14:21Z</time>
   </trkpt>
   <trkpt lat="39.6765220" lon="-104.9625520">
    <ele>1639.0</ele>
    <time>2022-11-17T04:14:22Z</time>
   </trkpt>
   <trkpt lat="39.6765260" lon="-104.9625620">
    <ele>1639.0</ele>
    <time>2022-11-17T04:14:23Z</time>
   </trkpt>
   <trkpt lat="39.6765300" lon="-104.9625720">
    <ele>1639.0</ele>
    <time>2022-11-17T04:14:24Z</time>
   </trkpt>
   <trkpt lat="39.6765410" lon="-104.9625860">
    <ele>1638.9</ele>
    <time>2022-11-17T04:14:25Z</time>
   </trkpt>
   <trkpt lat="39.6765500" lon="-104.9626030">
    <ele>1638.9</ele>
    <time>2022-11-17T04:14:26Z</time>
   </trkpt>
   <trkpt lat="39.6765560" lon="-104.9626150">
    <ele>1638.8</ele>
    <time>2022-11-17T04:14:27Z</time>
   </trkpt>
   <trkpt lat="39.6765670" lon="-104.9626250">
    <ele>1638.8</ele>
    <time>2022-11-17T04:14:28Z</time>
   </trkpt>
   <trkpt lat="39.6765730" lon="-104.9626400">
    <ele>1638.7</ele>
    <time>2022-11-17T04:14:29Z</time>
   </trkpt>
   <trkpt lat="39.6765770" lon="-104.9626590">
    <ele>1638.7</ele>
    <time>2022-11-17T04:14:30Z</time>
   </trkpt>
   <trkpt lat="39.6765860" lon="-104.9626730">
    <ele>1638.7</ele>
    <time>2022-11-17T04:14:31Z</time>
   </trkpt>
   <trkpt lat="39.6765940" lon="-104.9626890">
    <ele>1638.6</ele>
    <time>2022-11-17T04:14:32Z</time>
   </trkpt>
   <trkpt lat="39.6766020" lon="-104.9626970">
    <ele>1638.6</ele>
    <time>2022-11-17T04:14:33Z</time>
   </trkpt>
   <trkpt lat="39.6766100" lon="-104.9627030">
    <ele>1638.5</ele>
    <time>2022-11-17T04:14:34Z</time>
   </trkpt>
   <trkpt lat="39.6766280" lon="-104.9627180">
    <ele>1638.4</ele>
    <time>2022-11-17T04:14:35Z</time>
   </trkpt>
   <trkpt lat="39.6766350" lon="-104.9627230">
    <ele>1638.4</ele>
    <time>2022-11-17T04:14:36Z</time>
   </trkpt>
   <trkpt lat="39.6766420" lon="-104.9627280">
    <ele>1638.4</ele>
    <time>2022-11-17T04:14:37Z</time>
   </trkpt>
   <trkpt lat="39.6766540" lon="-104.9627330">
    <ele>1638.3</ele>
    <time>2022-11-17T04:14:38Z</time>
   </trkpt>
   <trkpt lat="39.6766640" lon="-104.9627370">
    <ele>1638.3</ele>
    <time>2022-11-17T04:14:39Z</time>
   </trkpt>
   <trkpt lat="39.6766730" lon="-104.9627410">
    <ele>1638.3</ele>
    <time>2022-11-17T04:14:40Z</time>
   </trkpt>
   <trkpt lat="39.6766820" lon="-104.9627510">
    <ele>1638.2</ele>
    <time>2022-11-17T04:14:41Z</time>
   </trkpt>
   <trkpt lat="39.6766910" lon="-104.9627520">
    <ele>1638.2</ele>
    <time>2022-11-17T04:14:42Z</time>
   </trkpt>
   <trkpt lat="39.6767000" lon="-104.9627630">
    <ele>1638.1</ele>
    <time>2022-11-17T04:14:43Z</time>
   </trkpt>
   <trkpt lat="39.6767110" lon="-104.9627620">
    <ele>1638.1</ele>
    <time>2022-11-17T04:14:44Z</time>
   </trkpt>
   <trkpt lat="39.6767190" lon="-104.9627630">
    <ele>1638.1</ele>
    <time>2022-11-17T04:14:45Z</time>
   </trkpt>
   <trkpt lat="39.6767290" lon="-104.9627670">
    <ele>1638.0</ele>
    <time>2022-11-17T04:14:46Z</time>
   </trkpt>
   <trkpt lat="39.6767420" lon="-104.9627750">
    <ele>1638.0</ele>
    <time>2022-11-17T04:14:47Z</time>
   </trkpt>
   <trkpt lat="39.6767540" lon="-104.9627860">
    <ele>1637.9</ele>
    <time>2022-11-17T04:14:48Z</time>
   </trkpt>
   <trkpt lat="39.6767650" lon="-104.9627880">
    <ele>1637.9</ele>
    <time>2022-11-17T04:14:49Z</time>
   </trkpt>
   <trkpt lat="39.6767750" lon="-104.9627990">
    <ele>1637.8</ele>
    <time>2022-11-17T04:14:50Z</time>
   </trkpt>
   <trkpt lat="39.6767840" lon="-104.9628060">
    <ele>1637.8</ele>
    <time>2022-11-17T04:14:51Z</time>
   </trkpt>
   <trkpt lat="39.6767940" lon="-104.9628170">
    <ele>1637.8</ele>
    <time>2022-11-17T04:14:52Z</time>
   </trkpt>
   <trkpt lat="39.6768010" lon="-104.9628240">
    <ele>1637.7</ele>
    <time>2022-11-17T04:14:53Z</time>
   </trkpt>
   <trkpt lat="39.6768050" lon="-104.9628350">
    <ele>1637.7</ele>
    <time>2022-11-17T04:14:54Z</time>
   </trkpt>
   <trkpt lat="39.6768120" lon="-104.9628520">
    <ele>1637.6</ele>
    <time>2022-11-17T04:14:55Z</time>
   </trkpt>
   <trkpt lat="39.6768160" lon="-104.9628610">
    <ele>1637.6</ele>
    <time>2022-11-17T04:14:56Z</time>
   </trkpt>
   <trkpt lat="39.6768200" lon="-104.9628690">
    <ele>1637.6</ele>
    <time>2022-11-17T04:14:57Z</time>
   </trkpt>
   <trkpt lat="39.6768240" lon="-104.9628780">
    <ele>1637.6</ele>
    <time>2022-11-17T04:14:58Z</time>
   </trkpt>
   <trkpt lat="39.6768320" lon="-104.9628890">
    <ele>1637.6</ele>
    <time>2022-11-17T04:14:59Z</time>
   </trkpt>
   <trkpt lat="39.6768410" lon="-104.9628980">
    <ele>1637.6</ele>
    <time>2022-11-17T04:15:00Z</time>
   </trkpt>
   <trkpt lat="39.6768540" lon="-104.9629030">
    <ele>1637.6</ele>
    <time>2022-11-17T04:15:01Z</time>
   </trkpt>
   <trkpt lat="39.6768720" lon="-104.9629150">
    <ele>1637.6</ele>
    <time>2022-11-17T04:15:02Z</time>
   </trkpt>
   <trkpt lat="39.6768790" lon="-104.9629200">
    <ele>1637.6</ele>
    <time>2022-11-17T04:15:03Z</time>
   </trkpt>
   <trkpt lat="39.6768870" lon="-104.9629260">
    <ele>1637.6</ele>
    <time>2022-11-17T04:15:04Z</time>
   </trkpt>
   <trkpt lat="39.6768990" lon="-104.9629400">
    <ele>1637.6</ele>
    <time>2022-11-17T04:15:05Z</time>
   </trkpt>
   <trkpt lat="39.6769110" lon="-104.9629430">
    <ele>1637.6</ele>
    <time>2022-11-17T04:15:06Z</time>
   </trkpt>
   <trkpt lat="39.6769250" lon="-104.9629380">
    <ele>1637.6</ele>
    <time>2022-11-17T04:15:07Z</time>
   </trkpt>
   <trkpt lat="39.6769320" lon="-104.9629310">
    <ele>1637.6</ele>
    <time>2022-11-17T04:15:08Z</time>
   </trkpt>
   <trkpt lat="39.6769440" lon="-104.9629350">
    <ele>1637.6</ele>
    <time>2022-11-17T04:15:09Z</time>
   </trkpt>
   <trkpt lat="39.6769640" lon="-104.9629310">
    <ele>1637.6</ele>
    <time>2022-11-17T04:15:10Z</time>
   </trkpt>
   <trkpt lat="39.6769730" lon="-104.9629280">
    <ele>1637.6</ele>
    <time>2022-11-17T04:15:11Z</time>
   </trkpt>
   <trkpt lat="39.6769810" lon="-104.9629240">
    <ele>1637.6</ele>
    <time>2022-11-17T04:15:12Z</time>
   </trkpt>
   <trkpt lat="39.6769970" lon="-104.9629200">
    <ele>1637.6</ele>
    <time>2022-11-17T04:15:13Z</time>
   </trkpt>
   <trkpt lat="39.6770100" lon="-104.9629140">
    <ele>1637.6</ele>
    <time>2022-11-17T04:15:14Z</time>
   </trkpt>
   <trkpt lat="39.6770210" lon="-104.9629090">
    <ele>1637.7</ele>
    <time>2022-11-17T04:15:15Z</time>
   </trkpt>
   <trkpt lat="39.6770320" lon="-104.9629020">
    <ele>1637.7</ele>
    <time>2022-11-17T04:15:16Z</time>
   </trkpt>
   <trkpt lat="39.6770430" lon="-104.9629010">
    <ele>1637.7</ele>
    <time>2022-11-17T04:15:17Z</time>
   </trkpt>
   <trkpt lat="39.6770520" lon="-104.9629000">
    <ele>1637.7</ele>
    <time>2022-11-17T04:15:18Z</time>
   </trkpt>
   <trkpt lat="39.6770610" lon="-104.9628960">
    <ele>1637.7</ele>
    <time>2022-11-17T04:15:19Z</time>
   </trkpt>
   <trkpt lat="39.6770720" lon="-104.9628870">
    <ele>1637.8</ele>
    <time>2022-11-17T04:15:20Z</time>
   </trkpt>
   <trkpt lat="39.6770830" lon="-104.9628800">
    <ele>1637.8</ele>
    <time>2022-11-17T04:15:21Z</time>
   </trkpt>
   <trkpt lat="39.6770930" lon="-104.9628750">
    <ele>1637.8</ele>
    <time>2022-11-17T04:15:22Z</time>
   </trkpt>
   <trkpt lat="39.6770990" lon="-104.9628660">
    <ele>1637.8</ele>
    <time>2022-11-17T04:15:23Z</time>
   </trkpt>
   <trkpt lat="39.6771110" lon="-104.9628500">
    <ele>1637.9</ele>
    <time>2022-11-17T04:15:24Z</time>
   </trkpt>
   <trkpt lat="39.6771220" lon="-104.9628440">
    <ele>1637.9</ele>
    <time>2022-11-17T04:15:25Z</time>
   </trkpt>
   <trkpt lat="39.6771400" lon="-104.9628380">
    <ele>1637.9</ele>
    <time>2022-11-17T04:15:26Z</time>
   </trkpt>
   <trkpt lat="39.6771490" lon="-104.9628310">
    <ele>1638.0</ele>
    <time>2022-11-17T04:15:27Z</time>
   </trkpt>
   <trkpt lat="39.6771580" lon="-104.9628250">
    <ele>1638.0</ele>
    <time>2022-11-17T04:15:28Z</time>
   </trkpt>
   <trkpt lat="39.6771690" lon="-104.9628220">
    <ele>1638.0</ele>
    <time>2022-11-17T04:15:29Z</time>
   </trkpt>
   <trkpt lat="39.6771850" lon="-104.9628160">
    <ele>1638.0</ele>
    <time>2022-11-17T04:15:30Z</time>
   </trkpt>
   <trkpt lat="39.6771980" lon="-104.9628080">
    <ele>1638.1</ele>
    <time>2022-11-17T04:15:31Z</time>
   </trkpt>
   <trkpt lat="39.6772100" lon="-104.9627940">
    <ele>1638.1</ele>
    <time>2022-11-17T04:15:32Z</time>
   </trkpt>
   <trkpt lat="39.6772190" lon="-104.9627790">
    <ele>1638.1</ele>
    <time>2022-11-17T04:15:33Z</time>
   </trkpt>
   <trkpt lat="39.6772300" lon="-104.9627650">
    <ele>1638.2</ele>
    <time>2022-11-17T04:15:34Z</time>
   </trkpt>
   <trkpt lat="39.6772420" lon="-104.9627510">
    <ele>1638.2</ele>
    <time>2022-11-17T04:15:35Z</time>
   </trkpt>
   <trkpt lat="39.6772500" lon="-104.9627360">
    <ele>1638.2</ele>
    <time>2022-11-17T04:15:36Z</time>
   </trkpt>
   <trkpt lat="39.6772670" lon="-104.9627260">
    <ele>1638.3</ele>
    <time>2022-11-17T04:15:37Z</time>
   </trkpt>
   <trkpt lat="39.6772760" lon="-104.9627230">
    <ele>1638.3</ele>
    <time>2022-11-17T04:15:38Z</time>
   </trkpt>
   <trkpt lat="39.6772800" lon="-104.9627130">
    <ele>1638.3</ele>
    <time>2022-11-17T04:15:39Z</time>
   </trkpt>
   <trkpt lat="39.6772830" lon="-104.9627070">
    <ele>1638.3</ele>
    <time>2022-11-17T04:15:40Z</time>
   </trkpt>
   <trkpt lat="39.6772860" lon="-104.9627010">
    <ele>1638.3</ele>
    <time>2022-11-17T04:15:41Z</time>
   </trkpt>
   <trkpt lat="39.6772900" lon="-104.9626950">
    <ele>1638.3</ele>
    <time>2022-11-17T04:15:42Z</time>
   </trkpt>
   <trkpt lat="39.6772930" lon="-104.9626890">
    <ele>1638.4</ele>
    <time>2022-11-17T04:15:43Z</time>
   </trkpt>
   <trkpt lat="39.6772970" lon="-104.9626830">
    <ele>1638.4</ele>
    <time>2022-11-17T04:15:44Z</time>
   </trkpt>
   <trkpt lat="39.6773080" lon="-104.9626690">
    <ele>1638.4</ele>
    <time>2022-11-17T04:15:45Z</time>
   </trkpt>
   <trkpt lat="39.6773200" lon="-104.9626520">
    <ele>1638.4</ele>
    <time>2022-11-17T04:15:46Z</time>
   </trkpt>
   <trkpt lat="39.6773350" lon="-104.9626360">
    <ele>1638.4</ele>
    <time>2022-11-17T04:15:47Z</time>
   </trkpt>
   <trkpt lat="39.6773390" lon="-104.9626290">
    <ele>1638.4</ele>
    <time>2022-11-17T04:15:48Z</time>
   </trkpt>
   <trkpt lat="39.6773450" lon="-104.9626210">
    <ele>1638.4</ele>
    <time>2022-11-17T04:15:49Z</time>
   </trkpt>
   <trkpt lat="39.6773540" lon="-104.9626110">
    <ele>1638.4</ele>
    <time>2022-11-17T04:15:50Z</time>
   </trkpt>
   <trkpt lat="39.6773640" lon="-104.9626040">
    <ele>1638.4</ele>
    <time>2022-11-17T04:15:51Z</time>
   </trkpt>
   <trkpt lat="39.6773750" lon="-104.9625990">
    <ele>1638.3</ele>
    <time>2022-11-17T04:15:52Z</time>
   </trkpt>
   <trkpt lat="39.6773850" lon="-104.9625930">
    <ele>1638.3</ele>
    <time>2022-11-17T04:15:53Z</time>
   </trkpt>
   <trkpt lat="39.6773920" lon="-104.9625860">
    <ele>1638.3</ele>
    <time>2022-11-17T04:15:54Z</time>
   </trkpt>
   <trkpt lat="39.6774000" lon="-104.9625770">
    <ele>1638.3</ele>
    <time>2022-11-17T04:15:55Z</time>
   </trkpt>
   <trkpt lat="39.6774130" lon="-104.9625680">
    <ele>1638.3</ele>
    <time>2022-11-17T04:15:56Z</time>
   </trkpt>
   <trkpt lat="39.6774260" lon="-104.9625550">
    <ele>1638.2</ele>
    <time>2022-11-17T04:15:57Z</time>
   </trkpt>
   <trkpt lat="39.6774380" lon="-104.9625490">
    <ele>1638.2</ele>
    <time>2022-11-17T04:15:58Z</time>
   </trkpt>
   <trkpt lat="39.6774520" lon="-104.9625430">
    <ele>1638.2</ele>
    <time>2022-11-17T04:15:59Z</time>
   </trkpt>
   <trkpt lat="39.6774600" lon="-104.9625390">
    <ele>1638.2</ele>
    <time>2022-11-17T04:16:00Z</time>
   </trkpt>
   <trkpt lat="39.6774710" lon="-104.9625340">
    <ele>1638.2</ele>
    <time>2022-11-17T04:16:01Z</time>
   </trkpt>
   <trkpt lat="39.6774800" lon="-104.9625330">
    <ele>1638.2</ele>
    <time>2022-11-17T04:16:02Z</time>
   </trkpt>
   <trkpt lat="39.6774870" lon="-104.9625290">
    <ele>1638.2</ele>
    <time>2022-11-17T04:16:03Z</time>
   </trkpt>
   <trkpt lat="39.6774970" lon="-104.9625180">
    <ele>1638.2</ele>
    <time>2022-11-17T04:16:04Z</time>
   </trkpt>
   <trkpt lat="39.6775030" lon="-104.9625110">
    <ele>1638.2</ele>
    <time>2022-11-17T04:16:05Z</time>
   </trkpt>
   <trkpt lat="39.6775160" lon="-104.9625040">
    <ele>1638.2</ele>
    <time>2022-11-17T04:16:06Z</time>
   </trkpt>
   <trkpt lat="39.6775270" lon="-104.9624980">
    <ele>1638.2</ele>
    <time>2022-11-17T04:16:07Z</time>
   </trkpt>
   <trkpt lat="39.6775320" lon="-104.9625020">
    <ele>1638.2</ele>
    <time>2022-11-17T04:16:08Z</time>
   </trkpt>
   <trkpt lat="39.6775450" lon="-104.9625030">
    <ele>1638.2</ele>
    <time>2022-11-17T04:16:09Z</time>
   </trkpt>
   <trkpt lat="39.6775540" lon="-104.9625000">
    <ele>1638.2</ele>
    <time>2022-11-17T04:16:10Z</time>
   </trkpt>
   <trkpt lat="39.6775630" lon="-104.9624940">
    <ele>1638.2</ele>
    <time>2022-11-17T04:16:11Z</time>
   </trkpt>
   <trkpt lat="39.6775720" lon="-104.9624930">
    <ele>1638.2</ele>
    <time>2022-11-17T04:16:12Z</time>
   </trkpt>
   <trkpt lat="39.6775840" lon="-104.9624890">
    <ele>1638.2</ele>
    <time>2022-11-17T04:16:13Z</time>
   </trkpt>
   <trkpt lat="39.6775970" lon="-104.9624950">
    <ele>1638.2</ele>
    <time>2022-11-17T04:16:14Z</time>
   </trkpt>
   <trkpt lat="39.6776060" lon="-104.9624960">
    <ele>1638.2</ele>
    <time>2022-11-17T04:16:15Z</time>
   </trkpt>
   <trkpt lat="39.6776200" lon="-104.9624950">
    <ele>1638.2</ele>
    <time>2022-11-17T04:16:16Z</time>
   </trkpt>
   <trkpt lat="39.6776300" lon="-104.9624960">
    <ele>1638.1</ele>
    <time>2022-11-17T04:16:17Z</time>
   </trkpt>
   <trkpt lat="39.6776460" lon="-104.9624960">
    <ele>1638.1</ele>
    <time>2022-11-17T04:16:18Z</time>
   </trkpt>
   <trkpt lat="39.6776550" lon="-104.9624980">
    <ele>1638.0</ele>
    <time>2022-11-17T04:16:19Z</time>
   </trkpt>
   <trkpt lat="39.6776630" lon="-104.9625010">
    <ele>1638.0</ele>
    <time>2022-11-17T04:16:20Z</time>
   </trkpt>
   <trkpt lat="39.6776720" lon="-104.9625030">
    <ele>1638.0</ele>
    <time>2022-11-17T04:16:21Z</time>
   </trkpt>
   <trkpt lat="39.6776840" lon="-104.9625040">
    <ele>1637.9</ele>
    <time>2022-11-17T04:16:22Z</time>
   </trkpt>
   <trkpt lat="39.6777010" lon="-104.9625030">
    <ele>1637.8</ele>
    <time>2022-11-17T04:16:23Z</time>
   </trkpt>
   <trkpt lat="39.6777130" lon="-104.9625020">
    <ele>1637.8</ele>
    <time>2022-11-17T04:16:24Z</time>
   </trkpt>
   <trkpt lat="39.6777170" lon="-104.9624980">
    <ele>1637.8</ele>
    <time>2022-11-17T04:16:25Z</time>
   </trkpt>
   <trkpt lat="39.6777210" lon="-104.9625040">
    <ele>1637.8</ele>
    <time>2022-11-17T04:16:26Z</time>
   </trkpt>
   <trkpt lat="39.6777360" lon="-104.9625030">
    <ele>1637.7</ele>
    <time>2022-11-17T04:16:27Z</time>
   </trkpt>
   <trkpt lat="39.6777470" lon="-104.9625000">
    <ele>1637.7</ele>
    <time>2022-11-17T04:16:28Z</time>
   </trkpt>
   <trkpt lat="39.6777570" lon="-104.9624940">
    <ele>1637.6</ele>
    <time>2022-11-17T04:16:29Z</time>
   </trkpt>
   <trkpt lat="39.6777680" lon="-104.9624920">
    <ele>1637.6</ele>
    <time>2022-11-17T04:16:30Z</time>
   </trkpt>
   <trkpt lat="39.6777780" lon="-104.9624910">
    <ele>1637.5</ele>
    <time>2022-11-17T04:16:31Z</time>
   </trkpt>
   <trkpt lat="39.6777910" lon="-104.9624850">
    <ele>1637.5</ele>
    <time>2022-11-17T04:16:32Z</time>
   </trkpt>
   <trkpt lat="39.6778020" lon="-104.9624830">
    <ele>1637.4</ele>
    <time>2022-11-17T04:16:33Z</time>
   </trkpt>
   <trkpt lat="39.6778110" lon="-104.9624850">
    <ele>1637.4</ele>
    <time>2022-11-17T04:16:34Z</time>
   </trkpt>
   <trkpt lat="39.6778210" lon="-104.9624800">
    <ele>1637.3</ele>
    <time>2022-11-17T04:16:35Z</time>
   </trkpt>
   <trkpt lat="39.6778300" lon="-104.9624720">
    <ele>1637.3</ele>
    <time>2022-11-17T04:16:36Z</time>
   </trkpt>
   <trkpt lat="39.6778410" lon="-104.9624690">
    <ele>1637.2</ele>
    <time>2022-11-17T04:16:37Z</time>
   </trkpt>
   <trkpt lat="39.6778500" lon="-104.9624650">
    <ele>1637.2</ele>
    <time>2022-11-17T04:16:38Z</time>
   </trkpt>
   <trkpt lat="39.6778550" lon="-104.9624630">
    <ele>1637.2</ele>
    <time>2022-11-17T04:16:39Z</time>
   </trkpt>
   <trkpt lat="39.6778580" lon="-104.9624650">
    <ele>1637.2</ele>
    <time>2022-11-17T04:16:40Z</time>
   </trkpt>
   <trkpt lat="39.6778640" lon="-104.9624630">
    <ele>1637.1</ele>
    <time>2022-11-17T04:16:41Z</time>
   </trkpt>
   <trkpt lat="39.6778740" lon="-104.9624640">
    <ele>1637.1</ele>
    <time>2022-11-17T04:16:42Z</time>
   </trkpt>
   <trkpt lat="39.6778820" lon="-104.9624580">
    <ele>1637.1</ele>
    <time>2022-11-17T04:16:43Z</time>
   </trkpt>
   <trkpt lat="39.6778910" lon="-104.9624540">
    <ele>1637.0</ele>
    <time>2022-11-17T04:16:44Z</time>
   </trkpt>
   <trkpt lat="39.6779000" lon="-104.9624480">
    <ele>1637.0</ele>
    <time>2022-11-17T04:16:45Z</time>
   </trkpt>
   <trkpt lat="39.6779070" lon="-104.9624450">
    <ele>1636.9</ele>
    <time>2022-11-17T04:16:46Z</time>
   </trkpt>
   <trkpt lat="39.6779170" lon="-104.9624420">
    <ele>1636.9</ele>
    <time>2022-11-17T04:16:47Z</time>
   </trkpt>
   <trkpt lat="39.6779310" lon="-104.9624330">
    <ele>1636.8</ele>
    <time>2022-11-17T04:16:48Z</time>
   </trkpt>
   <trkpt lat="39.6779420" lon="-104.9624270">
    <ele>1636.8</ele>
    <time>2022-11-17T04:16:49Z</time>
   </trkpt>
   <trkpt lat="39.6779490" lon="-104.9624310">
    <ele>1636.8</ele>
    <time>2022-11-17T04:16:50Z</time>
   </trkpt>
   <trkpt lat="39.6779540" lon="-104.9624350">
    <ele>1636.7</ele>
    <time>2022-11-17T04:16:51Z</time>
   </trkpt>
   <trkpt lat="39.6779690" lon="-104.9624320">
    <ele>1636.7</ele>
    <time>2022-11-17T04:16:52Z</time>
   </trkpt>
   <trkpt lat="39.6780020" lon="-104.9624240">
    <ele>1636.5</ele>
    <time>2022-11-17T04:16:53Z</time>
   </trkpt>
   <trkpt lat="39.6780140" lon="-104.9624190">
    <ele>1636.5</ele>
    <time>2022-11-17T04:16:54Z</time>
   </trkpt>
   <trkpt lat="39.6780330" lon="-104.9624180">
    <ele>1636.4</ele>
    <time>2022-11-17T04:16:55Z</time>
   </trkpt>
   <trkpt lat="39.6780460" lon="-104.9624160">
    <ele>1636.3</ele>
    <time>2022-11-17T04:16:56Z</time>
   </trkpt>
   <trkpt lat="39.6780590" lon="-104.9624250">
    <ele>1636.2</ele>
    <time>2022-11-17T04:16:57Z</time>
   </trkpt>
   <trkpt lat="39.6780740" lon="-104.9624220">
    <ele>1636.2</ele>
    <time>2022-11-17T04:16:58Z</time>
   </trkpt>
   <trkpt lat="39.6780870" lon="-104.9624220">
    <ele>1636.1</ele>
    <time>2022-11-17T04:16:59Z</time>
   </trkpt>
   <trkpt lat="39.6781040" lon="-104.9624150">
    <ele>1636.0</ele>
    <time>2022-11-17T04:17:00Z</time>
   </trkpt>
   <trkpt lat="39.6781200" lon="-104.9624180">
    <ele>1635.9</ele>
    <time>2022-11-17T04:17:01Z</time>
   </trkpt>
   <trkpt lat="39.6781310" lon="-104.9624210">
    <ele>1635.9</ele>
    <time>2022-11-17T04:17:02Z</time>
   </trkpt>
   <trkpt lat="39.6781440" lon="-104.9624100">
    <ele>1635.8</ele>
    <time>2022-11-17T04:17:03Z</time>
   </trkpt>
   <trkpt lat="39.6781580" lon="-104.9624120">
    <ele>1635.8</ele>
    <time>2022-11-17T04:17:04Z</time>
   </trkpt>
   <trkpt lat="39.6781690" lon="-104.9624200">
    <ele>1635.7</ele>
    <time>2022-11-17T04:17:05Z</time>
   </trkpt>
   <trkpt lat="39.6781760" lon="-104.9624160">
    <ele>1635.7</ele>
    <time>2022-11-17T04:17:06Z</time>
   </trkpt>
   <trkpt lat="39.6781870" lon="-104.9624200">
    <ele>1635.6</ele>
    <time>2022-11-17T04:17:07Z</time>
   </trkpt>
   <trkpt lat="39.6781980" lon="-104.9624240">
    <ele>1635.6</ele>
    <time>2022-11-17T04:17:08Z</time>
   </trkpt>
   <trkpt lat="39.6782040" lon="-104.9624230">
    <ele>1635.5</ele>
    <time>2022-11-17T04:17:09Z</time>
   </trkpt>
   <trkpt lat="39.6782180" lon="-104.9624290">
    <ele>1635.5</ele>
    <time>2022-11-17T04:17:10Z</time>
   </trkpt>
   <trkpt lat="39.6782400" lon="-104.9624290">
    <ele>1635.4</ele>
    <time>2022-11-17T04:17:11Z</time>
   </trkpt>
   <trkpt lat="39.6782500" lon="-104.9624270">
    <ele>1635.3</ele>
    <time>2022-11-17T04:17:12Z</time>
   </trkpt>
   <trkpt lat="39.6782600" lon="-104.9624250">
    <ele>1635.3</ele>
    <time>2022-11-17T04:17:13Z</time>
   </trkpt>
   <trkpt lat="39.6782790" lon="-104.9624200">
    <ele>1635.2</ele>
    <time>2022-11-17T04:17:14Z</time>
   </trkpt>
   <trkpt lat="39.6782940" lon="-104.9624140">
    <ele>1635.1</ele>
    <time>2022-11-17T04:17:15Z</time>
   </trkpt>
   <trkpt lat="39.6783020" lon="-104.9624070">
    <ele>1635.1</ele>
    <time>2022-11-17T04:17:16Z</time>
   </trkpt>
   <trkpt lat="39.6783050" lon="-104.9624000">
    <ele>1635.1</ele>
    <time>2022-11-17T04:17:17Z</time>
   </trkpt>
   <trkpt lat="39.6783110" lon="-104.9623830">
    <ele>1635.1</ele>
    <time>2022-11-17T04:17:18Z</time>
   </trkpt>
   <trkpt lat="39.6783210" lon="-104.9623670">
    <ele>1635.1</ele>
    <time>2022-11-17T04:17:19Z</time>
   </trkpt>
   <trkpt lat="39.6783300" lon="-104.9623530">
    <ele>1635.1</ele>
    <time>2022-11-17T04:17:20Z</time>
   </trkpt>
   <trkpt lat="39.6783320" lon="-104.9623430">
    <ele>1635.1</ele>
    <time>2022-11-17T04:17:21Z</time>
   </trkpt>
   <trkpt lat="39.6783400" lon="-104.9623200">
    <ele>1635.1</ele>
    <time>2022-11-17T04:17:22Z</time>
   </trkpt>
   <trkpt lat="39.6783460" lon="-104.9622980">
    <ele>1635.1</ele>
    <time>2022-11-17T04:17:23Z</time>
   </trkpt>
   <trkpt lat="39.6783490" lon="-104.9622820">
    <ele>1635.2</ele>
    <time>2022-11-17T04:17:24Z</time>
   </trkpt>
   <trkpt lat="39.6783460" lon="-104.9622670">
    <ele>1635.2</ele>
    <time>2022-11-17T04:17:25Z</time>
   </trkpt>
   <trkpt lat="39.6783470" lon="-104.9622540">
    <ele>1635.2</ele>
    <time>2022-11-17T04:17:26Z</time>
   </trkpt>
   <trkpt lat="39.6783480" lon="-104.9622360">
    <ele>1635.2</ele>
    <time>2022-11-17T04:17:27Z</time>
   </trkpt>
   <trkpt lat="39.6783450" lon="-104.9622210">
    <ele>1635.3</ele>
    <time>2022-11-17T04:17:28Z</time>
   </trkpt>
   <trkpt lat="39.6783440" lon="-104.9622120">
    <ele>1635.3</ele>
    <time>2022-11-17T04:17:29Z</time>
   </trkpt>
   <trkpt lat="39.6783490" lon="-104.9621980">
    <ele>1635.3</ele>
    <time>2022-11-17T04:17:30Z</time>
   </trkpt>
   <trkpt lat="39.6783470" lon="-104.9621850">
    <ele>1635.3</ele>
    <time>2022-11-17T04:17:31Z</time>
   </trkpt>
   <trkpt lat="39.6783490" lon="-104.9621820">
    <ele>1635.3</ele>
    <time>2022-11-17T04:17:32Z</time>
   </trkpt>
   <trkpt lat="39.6783590" lon="-104.9621740">
    <ele>1635.3</ele>
    <time>2022-11-17T04:17:33Z</time>
   </trkpt>
   <trkpt lat="39.6783630" lon="-104.9621610">
    <ele>1635.4</ele>
    <time>2022-11-17T04:17:34Z</time>
   </trkpt>
   <trkpt lat="39.6783660" lon="-104.9621480">
    <ele>1635.4</ele>
    <time>2022-11-17T04:17:35Z</time>
   </trkpt>
   <trkpt lat="39.6783660" lon="-104.9621380">
    <ele>1635.4</ele>
    <time>2022-11-17T04:17:36Z</time>
   </trkpt>
   <trkpt lat="39.6783720" lon="-104.9621280">
    <ele>1635.4</ele>
    <time>2022-11-17T04:17:37Z</time>
   </trkpt>
   <trkpt lat="39.6783740" lon="-104.9621170">
    <ele>1635.4</ele>
    <time>2022-11-17T04:17:38Z</time>
   </trkpt>
   <trkpt lat="39.6783750" lon="-104.9620920">
    <ele>1635.5</ele>
    <time>2022-11-17T04:17:39Z</time>
   </trkpt>
   <trkpt lat="39.6783770" lon="-104.9620800">
    <ele>1635.5</ele>
    <time>2022-11-17T04:17:40Z</time>
   </trkpt>
   <trkpt lat="39.6783790" lon="-104.9620690">
    <ele>1635.5</ele>
    <time>2022-11-17T04:17:41Z</time>
   </trkpt>
   <trkpt lat="39.6783840" lon="-104.9620500">
    <ele>1635.5</ele>
    <time>2022-11-17T04:17:42Z</time>
   </trkpt>
   <trkpt lat="39.6783940" lon="-104.9620440">
    <ele>1635.6</ele>
    <time>2022-11-17T04:17:43Z</time>
   </trkpt>
   <trkpt lat="39.6783940" lon="-104.9620300">
    <ele>1635.6</ele>
    <time>2022-11-17T04:17:44Z</time>
   </trkpt>
   <trkpt lat="39.6783930" lon="-104.9619950">
    <ele>1635.6</ele>
    <time>2022-11-17T04:17:45Z</time>
   </trkpt>
   <trkpt lat="39.6783920" lon="-104.9619800">
    <ele>1635.7</ele>
    <time>2022-11-17T04:17:46Z</time>
   </trkpt>
   <trkpt lat="39.6783860" lon="-104.9619540">
    <ele>1635.7</ele>
    <time>2022-11-17T04:17:47Z</time>
   </trkpt>
   <trkpt lat="39.6783880" lon="-104.9619430">
    <ele>1635.7</ele>
    <time>2022-11-17T04:17:48Z</time>
   </trkpt>
   <trkpt lat="39.6783900" lon="-104.9619320">
    <ele>1635.7</ele>
    <time>2022-11-17T04:17:49Z</time>
   </trkpt>
   <trkpt lat="39.6783940" lon="-104.9619100">
    <ele>1635.8</ele>
    <time>2022-11-17T04:17:50Z</time>
   </trkpt>
   <trkpt lat="39.6783860" lon="-104.9618930">
    <ele>1635.8</ele>
    <time>2022-11-17T04:17:51Z</time>
   </trkpt>
   <trkpt lat="39.6783930" lon="-104.9618820">
    <ele>1635.8</ele>
    <time>2022-11-17T04:17:52Z</time>
   </trkpt>
   <trkpt lat="39.6783940" lon="-104.9618770">
    <ele>1635.8</ele>
    <time>2022-11-17T04:17:53Z</time>
   </trkpt>
   <trkpt lat="39.6783970" lon="-104.9618800">
    <ele>1635.8</ele>
    <time>2022-11-17T04:17:54Z</time>
   </trkpt>
   <trkpt lat="39.6784040" lon="-104.9618740">
    <ele>1635.8</ele>
    <time>2022-11-17T04:17:55Z</time>
   </trkpt>
   <trkpt lat="39.6783980" lon="-104.9618740">
    <ele>1635.8</ele>
    <time>2022-11-17T04:17:56Z</time>
   </trkpt>
   <trkpt lat="39.6783950" lon="-104.9618760">
    <ele>1635.9</ele>
    <time>2022-11-17T04:17:57Z</time>
   </trkpt>
   <trkpt lat="39.6783980" lon="-104.9618680">
    <ele>1635.9</ele>
    <time>2022-11-17T04:17:58Z</time>
   </trkpt>
   <trkpt lat="39.6783990" lon="-104.9618530">
    <ele>1635.9</ele>
    <time>2022-11-17T04:17:59Z</time>
   </trkpt>
   <trkpt lat="39.6783970" lon="-104.9618350">
    <ele>1635.9</ele>
    <time>2022-11-17T04:18:00Z</time>
   </trkpt>
   <trkpt lat="39.6783990" lon="-104.9618220">
    <ele>1635.9</ele>
    <time>2022-11-17T04:18:01Z</time>
   </trkpt>
   <trkpt lat="39.6784040" lon="-104.9618090">
    <ele>1635.9</ele>
    <time>2022-11-17T04:18:02Z</time>
   </trkpt>
   <trkpt lat="39.6784040" lon="-104.9617960">
    <ele>1636.0</ele>
    <time>2022-11-17T04:18:03Z</time>
   </trkpt>
   <trkpt lat="39.6784060" lon="-104.9617800">
    <ele>1636.0</ele>
    <time>2022-11-17T04:18:04Z</time>
   </trkpt>
   <trkpt lat="39.6784070" lon="-104.9617670">
    <ele>1636.0</ele>
    <time>2022-11-17T04:18:05Z</time>
   </trkpt>
   <trkpt lat="39.6784090" lon="-104.9617600">
    <ele>1636.0</ele>
    <time>2022-11-17T04:18:06Z</time>
   </trkpt>
   <trkpt lat="39.6784110" lon="-104.9617560">
    <ele>1636.0</ele>
    <time>2022-11-17T04:18:07Z</time>
   </trkpt>
   <trkpt lat="39.6784040" lon="-104.9617440">
    <ele>1636.0</ele>
    <time>2022-11-17T04:18:08Z</time>
   </trkpt>
   <trkpt lat="39.6784070" lon="-104.9617380">
    <ele>1636.0</ele>
    <time>2022-11-17T04:18:09Z</time>
   </trkpt>
   <trkpt lat="39.6784020" lon="-104.9617330">
    <ele>1636.0</ele>
    <time>2022-11-17T04:18:10Z</time>
   </trkpt>
   <trkpt lat="39.6783940" lon="-104.9617200">
    <ele>1636.1</ele>
    <time>2022-11-17T04:18:11Z</time>
   </trkpt>
   <trkpt lat="39.6783910" lon="-104.9617090">
    <ele>1636.1</ele>
    <time>2022-11-17T04:18:12Z</time>
   </trkpt>
   <trkpt lat="39.6783960" lon="-104.9616930">
    <ele>1636.1</ele>
    <time>2022-11-17T04:18:13Z</time>
   </trkpt>
   <trkpt lat="39.6783980" lon="-104.9616810">
    <ele>1636.1</ele>
    <time>2022-11-17T04:18:14Z</time>
   </trkpt>
   <trkpt lat="39.6783890" lon="-104.9616770">
    <ele>1636.1</ele>
    <time>2022-11-17T04:18:15Z</time>
   </trkpt>
   <trkpt lat="39.6783860" lon="-104.9616670">
    <ele>1636.1</ele>
    <time>2022-11-17T04:18:16Z</time>
   </trkpt>
   <trkpt lat="39.6783920" lon="-104.9616570">
    <ele>1636.2</ele>
    <time>2022-11-17T04:18:17Z</time>
   </trkpt>
   <trkpt lat="39.6783970" lon="-104.9616440">
    <ele>1636.2</ele>
    <time>2022-11-17T04:18:18Z</time>
   </trkpt>
   <trkpt lat="39.6784090" lon="-104.9616250">
    <ele>1636.2</ele>
    <time>2022-11-17T04:18:19Z</time>
   </trkpt>
   <trkpt lat="39.6784160" lon="-104.9616060">
    <ele>1636.2</ele>
    <time>2022-11-17T04:18:20Z</time>
   </trkpt>
   <trkpt lat="39.6784230" lon="-104.9615870">
    <ele>1636.3</ele>
    <time>2022-11-17T04:18:21Z</time>
   </trkpt>
   <trkpt lat="39.6784340" lon="-104.9615660">
    <ele>1636.3</ele>
    <time>2022-11-17T04:18:22Z</time>
   </trkpt>
   <trkpt lat="39.6784360" lon="-104.9615430">
    <ele>1636.3</ele>
    <time>2022-11-17T04:18:23Z</time>
   </trkpt>
   <trkpt lat="39.6784460" lon="-104.9615080">
    <ele>1636.4</ele>
    <time>2022-11-17T04:18:24Z</time>
   </trkpt>
   <trkpt lat="39.6784470" lon="-104.9614910">
    <ele>1636.4</ele>
    <time>2022-11-17T04:18:25Z</time>
   </trkpt>
   <trkpt lat="39.6784400" lon="-104.9614480">
    <ele>1636.4</ele>
    <time>2022-11-17T04:18:26Z</time>
   </trkpt>
   <trkpt lat="39.6784370" lon="-104.9614340">
    <ele>1636.4</ele>
    <time>2022-11-17T04:18:27Z</time>
   </trkpt>
   <trkpt lat="39.6784410" lon="-104.9614200">
    <ele>1636.5</ele>
    <time>2022-11-17T04:18:28Z</time>
   </trkpt>
   <trkpt lat="39.6784380" lon="-104.9613990">
    <ele>1636.5</ele>
    <time>2022-11-17T04:18:29Z</time>
   </trkpt>
   <trkpt lat="39.6784490" lon="-104.9613800">
    <ele>1636.5</ele>
    <time>2022-11-17T04:18:30Z</time>
   </trkpt>
   <trkpt lat="39.6784350" lon="-104.9613590">
    <ele>1636.5</ele>
    <time>2022-11-17T04:18:31Z</time>
   </trkpt>
   <trkpt lat="39.6784240" lon="-104.9613200">
    <ele>1636.6</ele>
    <time>2022-11-17T04:18:32Z</time>
   </trkpt>
   <trkpt lat="39.6784200" lon="-104.9613080">
    <ele>1636.6</ele>
    <time>2022-11-17T04:18:33Z</time>
   </trkpt>
   <trkpt lat="39.6784220" lon="-104.9612930">
    <ele>1636.6</ele>
    <time>2022-11-17T04:18:34Z</time>
   </trkpt>
   <trkpt lat="39.6784240" lon="-104.9612750">
    <ele>1636.6</ele>
    <time>2022-11-17T04:18:35Z</time>
   </trkpt>
   <trkpt lat="39.6784180" lon="-104.9612630">
    <ele>1636.6</ele>
    <time>2022-11-17T04:18:36Z</time>
   </trkpt>
   <trkpt lat="39.6784210" lon="-104.9612380">
    <ele>1636.7</ele>
    <time>2022-11-17T04:18:37Z</time>
   </trkpt>
   <trkpt lat="39.6784240" lon="-104.9612250">
    <ele>1636.7</ele>
    <time>2022-11-17T04:18:38Z</time>
   </trkpt>
   <trkpt lat="39.6784270" lon="-104.9612120">
    <ele>1636.7</ele>
    <time>2022-11-17T04:18:39Z</time>
   </trkpt>
   <trkpt lat="39.6784170" lon="-104.9611900">
    <ele>1636.7</ele>
    <time>2022-11-17T04:18:40Z</time>
   </trkpt>
   <trkpt lat="39.6784140" lon="-104.9611790">
    <ele>1636.8</ele>
    <time>2022-11-17T04:18:41Z</time>
   </trkpt>
   <trkpt lat="39.6784120" lon="-104.9611680">
    <ele>1636.8</ele>
    <time>2022-11-17T04:18:42Z</time>
   </trkpt>
   <trkpt lat="39.6784130" lon="-104.9611490">
    <ele>1636.8</ele>
    <time>2022-11-17T04:18:43Z</time>
   </trkpt>
   <trkpt lat="39.6784170" lon="-104.9611260">
    <ele>1636.8</ele>
    <time>2022-11-17T04:18:44Z</time>
   </trkpt>
   <trkpt lat="39.6784120" lon="-104.9611090">
    <ele>1636.8</ele>
    <time>2022-11-17T04:18:45Z</time>
   </trkpt>
   <trkpt lat="39.6784060" lon="-104.9610940">
    <ele>1636.9</ele>
    <time>2022-11-17T04:18:46Z</time>
   </trkpt>
   <trkpt lat="39.6784080" lon="-104.9610770">
    <ele>1636.9</ele>
    <time>2022-11-17T04:18:47Z</time>
   </trkpt>
   <trkpt lat="39.6784070" lon="-104.9610590">
    <ele>1636.9</ele>
    <time>2022-11-17T04:18:48Z</time>
   </trkpt>
   <trkpt lat="39.6784090" lon="-104.9610490">
    <ele>1636.9</ele>
    <time>2022-11-17T04:18:49Z</time>
   </trkpt>
   <trkpt lat="39.6784090" lon="-104.9610310">
    <ele>1636.9</ele>
    <time>2022-11-17T04:18:50Z</time>
   </trkpt>
   <trkpt lat="39.6784070" lon="-104.9610120">
    <ele>1637.0</ele>
    <time>2022-11-17T04:18:51Z</time>
   </trkpt>
   <trkpt lat="39.6784060" lon="-104.9609970">
    <ele>1637.0</ele>
    <time>2022-11-17T04:18:52Z</time>
   </trkpt>
   <trkpt lat="39.6784000" lon="-104.9609820">
    <ele>1637.0</ele>
    <time>2022-11-17T04:18:53Z</time>
   </trkpt>
   <trkpt lat="39.6784010" lon="-104.9609750">
    <ele>1637.0</ele>
    <time>2022-11-17T04:18:54Z</time>
   </trkpt>
   <trkpt lat="39.6783960" lon="-104.9609640">
    <ele>1637.0</ele>
    <time>2022-11-17T04:18:55Z</time>
   </trkpt>
   <trkpt lat="39.6783900" lon="-104.9609530">
    <ele>1637.0</ele>
    <time>2022-11-17T04:18:56Z</time>
   </trkpt>
   <trkpt lat="39.6783880" lon="-104.9609390">
    <ele>1637.1</ele>
    <time>2022-11-17T04:18:57Z</time>
   </trkpt>
   <trkpt lat="39.6783890" lon="-104.9609200">
    <ele>1637.1</ele>
    <time>2022-11-17T04:18:58Z</time>
   </trkpt>
   <trkpt lat="39.6783890" lon="-104.9609050">
    <ele>1637.1</ele>
    <time>2022-11-17T04:18:59Z</time>
   </trkpt>
   <trkpt lat="39.6783880" lon="-104.9608940">
    <ele>1637.1</ele>
    <time>2022-11-17T04:19:00Z</time>
   </trkpt>
   <trkpt lat="39.6783830" lon="-104.9608670">
    <ele>1637.2</ele>
    <time>2022-11-17T04:19:01Z</time>
   </trkpt>
   <trkpt lat="39.6783810" lon="-104.9608560">
    <ele>1637.2</ele>
    <time>2022-11-17T04:19:02Z</time>
   </trkpt>
   <trkpt lat="39.6783780" lon="-104.9608450">
    <ele>1637.2</ele>
    <time>2022-11-17T04:19:03Z</time>
   </trkpt>
   <trkpt lat="39.6783690" lon="-104.9608210">
    <ele>1637.2</ele>
    <time>2022-11-17T04:19:04Z</time>
   </trkpt>
   <trkpt lat="39.6783680" lon="-104.9608090">
    <ele>1637.3</ele>
    <time>2022-11-17T04:19:05Z</time>
   </trkpt>
   <trkpt lat="39.6783680" lon="-104.9607960">
    <ele>1637.3</ele>
    <time>2022-11-17T04:19:06Z</time>
   </trkpt>
   <trkpt lat="39.6783670" lon="-104.9607850">
    <ele>1637.3</ele>
    <time>2022-11-17T04:19:07Z</time>
   </trkpt>
   <trkpt lat="39.6783630" lon="-104.9607780">
    <ele>1637.3</ele>
    <time>2022-11-17T04:19:08Z</time>
   </trkpt>
   <trkpt lat="39.6783590" lon="-104.9607650">
    <ele>1637.3</ele>
    <time>2022-11-17T04:19:09Z</time>
   </trkpt>
   <trkpt lat="39.6783600" lon="-104.9607580">
    <ele>1637.4</ele>
    <time>2022-11-17T04:19:10Z</time>
   </trkpt>
   <trkpt lat="39.6783580" lon="-104.9607400">
    <ele>1637.4</ele>
    <time>2022-11-17T04:19:11Z</time>
   </trkpt>
   <trkpt lat="39.6783520" lon="-104.9607260">
    <ele>1637.4</ele>
    <time>2022-11-17T04:19:12Z</time>
   </trkpt>
   <trkpt lat="39.6783470" lon="-104.9607180">
    <ele>1637.4</ele>
    <time>2022-11-17T04:19:13Z</time>
   </trkpt>
   <trkpt lat="39.6783400" lon="-104.9606830">
    <ele>1637.5</ele>
    <time>2022-11-17T04:19:14Z</time>
   </trkpt>
   <trkpt lat="39.6783390" lon="-104.9606690">
    <ele>1637.5</ele>
    <time>2022-11-17T04:19:15Z</time>
   </trkpt>
   <trkpt lat="39.6783400" lon="-104.9606450">
    <ele>1637.6</ele>
    <time>2022-11-17T04:19:16Z</time>
   </trkpt>
   <trkpt lat="39.6783360" lon="-104.9606310">
    <ele>1637.6</ele>
    <time>2022-11-17T04:19:17Z</time>
   </trkpt>
   <trkpt lat="39.6783400" lon="-104.9605930">
    <ele>1637.7</ele>
    <time>2022-11-17T04:19:18Z</time>
   </trkpt>
   <trkpt lat="39.6783420" lon="-104.9605820">
    <ele>1637.7</ele>
    <time>2022-11-17T04:19:19Z</time>
   </trkpt>
   <trkpt lat="39.6783390" lon="-104.9605670">
    <ele>1637.7</ele>
    <time>2022-11-17T04:19:20Z</time>
   </trkpt>
   <trkpt lat="39.6783390" lon="-104.9605440">
    <ele>1637.8</ele>
    <time>2022-11-17T04:19:21Z</time>
   </trkpt>
   <trkpt lat="39.6783380" lon="-104.9605200">
    <ele>1637.8</ele>
    <time>2022-11-17T04:19:22Z</time>
   </trkpt>
   <trkpt lat="39.6783400" lon="-104.9605090">
    <ele>1637.8</ele>
    <time>2022-11-17T04:19:23Z</time>
   </trkpt>
   <trkpt lat="39.6783420" lon="-104.9604970">
    <ele>1637.9</ele>
    <time>2022-11-17T04:19:24Z</time>
   </trkpt>
   <trkpt lat="39.6783430" lon="-104.9604810">
    <ele>1637.9</ele>
    <time>2022-11-17T04:19:25Z</time>
   </trkpt>
   <trkpt lat="39.6783420" lon="-104.9604740">
    <ele>1637.9</ele>
    <time>2022-11-17T04:19:26Z</time>
   </trkpt>
   <trkpt lat="39.6783360" lon="-104.9604690">
    <ele>1637.9</ele>
    <time>2022-11-17T04:19:27Z</time>
   </trkpt>
   <trkpt lat="39.6783370" lon="-104.9604540">
    <ele>1638.0</ele>
    <time>2022-11-17T04:19:28Z</time>
   </trkpt>
   <trkpt lat="39.6783400" lon="-104.9604370">
    <ele>1638.0</ele>
    <time>2022-11-17T04:19:29Z</time>
   </trkpt>
   <trkpt lat="39.6783440" lon="-104.9604210">
    <ele>1638.0</ele>
    <time>2022-11-17T04:19:30Z</time>
   </trkpt>
   <trkpt lat="39.6783480" lon="-104.9604040">
    <ele>1638.1</ele>
    <time>2022-11-17T04:19:31Z</time>
   </trkpt>
   <trkpt lat="39.6783480" lon="-104.9603810">
    <ele>1638.1</ele>
    <time>2022-11-17T04:19:32Z</time>
   </trkpt>
   <trkpt lat="39.6783390" lon="-104.9603700">
    <ele>1638.2</ele>
    <time>2022-11-17T04:19:33Z</time>
   </trkpt>
   <trkpt lat="39.6783210" lon="-104.9603620">
    <ele>1638.2</ele>
    <time>2022-11-17T04:19:34Z</time>
   </trkpt>
   <trkpt lat="39.6783070" lon="-104.9603550">
    <ele>1638.2</ele>
    <time>2022-11-17T04:19:35Z</time>
   </trkpt>
   <trkpt lat="39.6782990" lon="-104.9603440">
    <ele>1638.3</ele>
    <time>2022-11-17T04:19:36Z</time>
   </trkpt>
   <trkpt lat="39.6782960" lon="-104.9603340">
    <ele>1638.3</ele>
    <time>2022-11-17T04:19:37Z</time>
   </trkpt>
   <trkpt lat="39.6782910" lon="-104.9603210">
    <ele>1638.3</ele>
    <time>2022-11-17T04:19:38Z</time>
   </trkpt>
   <trkpt lat="39.6782900" lon="-104.9603120">
    <ele>1638.3</ele>
    <time>2022-11-17T04:19:39Z</time>
   </trkpt>
   <trkpt lat="39.6782830" lon="-104.9602990">
    <ele>1638.4</ele>
    <time>2022-11-17T04:19:40Z</time>
   </trkpt>
   <trkpt lat="39.6782750" lon="-104.9602860">
    <ele>1638.4</ele>
    <time>2022-11-17T04:19:41Z</time>
   </trkpt>
   <trkpt lat="39.6782640" lon="-104.9602500">
    <ele>1638.5</ele>
    <time>2022-11-17T04:19:42Z</time>
   </trkpt>
   <trkpt lat="39.6782600" lon="-104.9602350">
    <ele>1638.5</ele>
    <time>2022-11-17T04:19:43Z</time>
   </trkpt>
   <trkpt lat="39.6782690" lon="-104.9602180">
    <ele>1638.5</ele>
    <time>2022-11-17T04:19:44Z</time>
   </trkpt>
   <trkpt lat="39.6782680" lon="-104.9602060">
    <ele>1638.5</ele>
    <time>2022-11-17T04:19:45Z</time>
   </trkpt>
   <trkpt lat="39.6782550" lon="-104.9602070">
    <ele>1638.8</ele>
    <time>2022-11-17T04:19:46Z</time>
   </trkpt>
   <trkpt lat="39.6782460" lon="-104.9602030">
    <ele>1638.8</ele>
    <time>2022-11-17T04:19:47Z</time>
   </trkpt>
   <trkpt lat="39.6782400" lon="-104.9602010">
    <ele>1638.8</ele>
    <time>2022-11-17T04:19:48Z</time>
   </trkpt>
   <trkpt lat="39.6782270" lon="-104.9601960">
    <ele>1638.8</ele>
    <time>2022-11-17T04:19:49Z</time>
   </trkpt>
   <trkpt lat="39.6782110" lon="-104.9601910">
    <ele>1639.0</ele>
    <time>2022-11-17T04:19:50Z</time>
   </trkpt>
   <trkpt lat="39.6782040" lon="-104.9601880">
    <ele>1639.0</ele>
    <time>2022-11-17T04:19:51Z</time>
   </trkpt>
   <trkpt lat="39.6782000" lon="-104.9601810">
    <ele>1639.0</ele>
    <time>2022-11-17T04:19:52Z</time>
   </trkpt>
   <trkpt lat="39.6781830" lon="-104.9601680">
    <ele>1639.1</ele>
    <time>2022-11-17T04:19:53Z</time>
   </trkpt>
   <trkpt lat="39.6781670" lon="-104.9601590">
    <ele>1639.2</ele>
    <time>2022-11-17T04:19:54Z</time>
   </trkpt>
   <trkpt lat="39.6781540" lon="-104.9601560">
    <ele>1639.5</ele>
    <time>2022-11-17T04:19:55Z</time>
   </trkpt>
   <trkpt lat="39.6781430" lon="-104.9601520">
    <ele>1639.5</ele>
    <time>2022-11-17T04:19:56Z</time>
   </trkpt>
   <trkpt lat="39.6781280" lon="-104.9601460">
    <ele>1639.5</ele>
    <time>2022-11-17T04:19:57Z</time>
   </trkpt>
   <trkpt lat="39.6781080" lon="-104.9601340">
    <ele>1639.8</ele>
    <time>2022-11-17T04:19:58Z</time>
   </trkpt>
   <trkpt lat="39.6781000" lon="-104.9601290">
    <ele>1639.8</ele>
    <time>2022-11-17T04:19:59Z</time>
   </trkpt>
   <trkpt lat="39.6780920" lon="-104.9601230">
    <ele>1640.1</ele>
    <time>2022-11-17T04:20:00Z</time>
   </trkpt>
   <trkpt lat="39.6780780" lon="-104.9601120">
    <ele>1640.3</ele>
    <time>2022-11-17T04:20:01Z</time>
   </trkpt>
   <trkpt lat="39.6780630" lon="-104.9601010">
    <ele>1640.3</ele>
    <time>2022-11-17T04:20:02Z</time>
   </trkpt>
   <trkpt lat="39.6780490" lon="-104.9600880">
    <ele>1640.4</ele>
    <time>2022-11-17T04:20:03Z</time>
   </trkpt>
   <trkpt lat="39.6780330" lon="-104.9600780">
    <ele>1640.4</ele>
    <time>2022-11-17T04:20:04Z</time>
   </trkpt>
   <trkpt lat="39.6780220" lon="-104.9600750">
    <ele>1640.4</ele>
    <time>2022-11-17T04:20:05Z</time>
   </trkpt>
   <trkpt lat="39.6780070" lon="-104.9600660">
    <ele>1640.4</ele>
    <time>2022-11-17T04:20:06Z</time>
   </trkpt>
   <trkpt lat="39.6779870" lon="-104.9600520">
    <ele>1640.5</ele>
    <time>2022-11-17T04:20:07Z</time>
   </trkpt>
   <trkpt lat="39.6779750" lon="-104.9600460">
    <ele>1640.5</ele>
    <time>2022-11-17T04:20:08Z</time>
   </trkpt>
   <trkpt lat="39.6779610" lon="-104.9600360">
    <ele>1640.5</ele>
    <time>2022-11-17T04:20:09Z</time>
   </trkpt>
   <trkpt lat="39.6779460" lon="-104.9600300">
    <ele>1640.6</ele>
    <time>2022-11-17T04:20:10Z</time>
   </trkpt>
   <trkpt lat="39.6779240" lon="-104.9600230">
    <ele>1640.6</ele>
    <time>2022-11-17T04:20:11Z</time>
   </trkpt>
   <trkpt lat="39.6779160" lon="-104.9600210">
    <ele>1640.6</ele>
    <time>2022-11-17T04:20:12Z</time>
   </trkpt>
   <trkpt lat="39.6779070" lon="-104.9600190">
    <ele>1640.6</ele>
    <time>2022-11-17T04:20:13Z</time>
   </trkpt>
   <trkpt lat="39.6778870" lon="-104.9600160">
    <ele>1640.7</ele>
    <time>2022-11-17T04:20:14Z</time>
   </trkpt>
   <trkpt lat="39.6778790" lon="-104.9600170">
    <ele>1640.7</ele>
    <time>2022-11-17T04:20:15Z</time>
   </trkpt>
   <trkpt lat="39.6778710" lon="-104.9600190">
    <ele>1640.7</ele>
    <time>2022-11-17T04:20:16Z</time>
   </trkpt>
   <trkpt lat="39.6778620" lon="-104.9600190">
    <ele>1640.7</ele>
    <time>2022-11-17T04:20:17Z</time>
   </trkpt>
   <trkpt lat="39.6778540" lon="-104.9600200">
    <ele>1640.8</ele>
    <time>2022-11-17T04:20:18Z</time>
   </trkpt>
   <trkpt lat="39.6778400" lon="-104.9600340">
    <ele>1640.8</ele>
    <time>2022-11-17T04:20:19Z</time>
   </trkpt>
   <trkpt lat="39.6778340" lon="-104.9600480">
    <ele>1640.8</ele>
    <time>2022-11-17T04:20:20Z</time>
   </trkpt>
   <trkpt lat="39.6778210" lon="-104.9600640">
    <ele>1640.8</ele>
    <time>2022-11-17T04:20:21Z</time>
   </trkpt>
   <trkpt lat="39.6778140" lon="-104.9600760">
    <ele>1640.8</ele>
    <time>2022-11-17T04:20:22Z</time>
   </trkpt>
   <trkpt lat="39.6778010" lon="-104.9600760">
    <ele>1640.9</ele>
    <time>2022-11-17T04:20:23Z</time>
   </trkpt>
   <trkpt lat="39.6777940" lon="-104.9600900">
    <ele>1640.9</ele>
    <time>2022-11-17T04:20:24Z</time>
   </trkpt>
   <trkpt lat="39.6777880" lon="-104.9601050">
    <ele>1640.9</ele>
    <time>2022-11-17T04:20:25Z</time>
   </trkpt>
   <trkpt lat="39.6777870" lon="-104.9601190">
    <ele>1640.9</ele>
    <time>2022-11-17T04:20:26Z</time>
   </trkpt>
   <trkpt lat="39.6777810" lon="-104.9601320">
    <ele>1640.9</ele>
    <time>2022-11-17T04:20:27Z</time>
   </trkpt>
   <trkpt lat="39.6777670" lon="-104.9601560">
    <ele>1640.9</ele>
    <time>2022-11-17T04:20:28Z</time>
   </trkpt>
   <trkpt lat="39.6777600" lon="-104.9601630">
    <ele>1641.0</ele>
    <time>2022-11-17T04:20:29Z</time>
   </trkpt>
   <trkpt lat="39.6777530" lon="-104.9601700">
    <ele>1641.0</ele>
    <time>2022-11-17T04:20:30Z</time>
   </trkpt>
   <trkpt lat="39.6777390" lon="-104.9601700">
    <ele>1641.0</ele>
    <time>2022-11-17T04:20:31Z</time>
   </trkpt>
   <trkpt lat="39.6777250" lon="-104.9601730">
    <ele>1641.2</ele>
    <time>2022-11-17T04:20:32Z</time>
   </trkpt>
   <trkpt lat="39.6777110" lon="-104.9601730">
    <ele>1641.2</ele>
    <time>2022-11-17T04:20:33Z</time>
   </trkpt>
   <trkpt lat="39.6776950" lon="-104.9601700">
    <ele>1641.2</ele>
    <time>2022-11-17T04:20:34Z</time>
   </trkpt>
   <trkpt lat="39.6776760" lon="-104.9601780">
    <ele>1641.3</ele>
    <time>2022-11-17T04:20:35Z</time>
   </trkpt>
   <trkpt lat="39.6776670" lon="-104.9601810">
    <ele>1641.3</ele>
    <time>2022-11-17T04:20:36Z</time>
   </trkpt>
   <trkpt lat="39.6776570" lon="-104.9601830">
    <ele>1641.4</ele>
    <time>2022-11-17T04:20:37Z</time>
   </trkpt>
   <trkpt lat="39.6776350" lon="-104.9601810">
    <ele>1641.4</ele>
    <time>2022-11-17T04:20:38Z</time>
   </trkpt>
   <trkpt lat="39.6776280" lon="-104.9601810">
    <ele>1641.4</ele>
    <time>2022-11-17T04:20:39Z</time>
   </trkpt>
   <trkpt lat="39.6776210" lon="-104.9601810">
    <ele>1641.5</ele>
    <time>2022-11-17T04:20:40Z</time>
   </trkpt>
   <trkpt lat="39.6776000" lon="-104.9601800">
    <ele>1641.5</ele>
    <time>2022-11-17T04:20:41Z</time>
   </trkpt>
   <trkpt lat="39.6775920" lon="-104.9601790">
    <ele>1641.5</ele>
    <time>2022-11-17T04:20:42Z</time>
   </trkpt>
   <trkpt lat="39.6775840" lon="-104.9601780">
    <ele>1641.6</ele>
    <time>2022-11-17T04:20:43Z</time>
   </trkpt>
   <trkpt lat="39.6775640" lon="-104.9601820">
    <ele>1641.6</ele>
    <time>2022-11-17T04:20:44Z</time>
   </trkpt>
   <trkpt lat="39.6775560" lon="-104.9601820">
    <ele>1641.6</ele>
    <time>2022-11-17T04:20:45Z</time>
   </trkpt>
   <trkpt lat="39.6775470" lon="-104.9601830">
    <ele>1641.7</ele>
    <time>2022-11-17T04:20:46Z</time>
   </trkpt>
   <trkpt lat="39.6775230" lon="-104.9602090">
    <ele>1641.8</ele>
    <time>2022-11-17T04:20:47Z</time>
   </trkpt>
   <trkpt lat="39.6775150" lon="-104.9602130">
    <ele>1641.8</ele>
    <time>2022-11-17T04:20:48Z</time>
   </trkpt>
   <trkpt lat="39.6774990" lon="-104.9602190">
    <ele>1641.9</ele>
    <time>2022-11-17T04:20:49Z</time>
   </trkpt>
   <trkpt lat="39.6774820" lon="-104.9602230">
    <ele>1641.9</ele>
    <time>2022-11-17T04:20:50Z</time>
   </trkpt>
   <trkpt lat="39.6774700" lon="-104.9602180">
    <ele>1642.0</ele>
    <time>2022-11-17T04:20:51Z</time>
   </trkpt>
   <trkpt lat="39.6774600" lon="-104.9602250">
    <ele>1642.0</ele>
    <time>2022-11-17T04:20:52Z</time>
   </trkpt>
   <trkpt lat="39.6774510" lon="-104.9602220">
    <ele>1642.0</ele>
    <time>2022-11-17T04:20:53Z</time>
   </trkpt>
   <trkpt lat="39.6774300" lon="-104.9602260">
    <ele>1642.1</ele>
    <time>2022-11-17T04:20:54Z</time>
   </trkpt>
   <trkpt lat="39.6774220" lon="-104.9602300">
    <ele>1642.1</ele>
    <time>2022-11-17T04:20:55Z</time>
   </trkpt>
   <trkpt lat="39.6774140" lon="-104.9602330">
    <ele>1642.1</ele>
    <time>2022-11-17T04:20:56Z</time>
   </trkpt>
   <trkpt lat="39.6774000" lon="-104.9602380">
    <ele>1642.2</ele>
    <time>2022-11-17T04:20:57Z</time>
   </trkpt>
   <trkpt lat="39.6773900" lon="-104.9602460">
    <ele>1642.2</ele>
    <time>2022-11-17T04:20:58Z</time>
   </trkpt>
   <trkpt lat="39.6773850" lon="-104.9602550">
    <ele>1642.2</ele>
    <time>2022-11-17T04:20:59Z</time>
   </trkpt>
   <trkpt lat="39.6773770" lon="-104.9602730">
    <ele>1642.3</ele>
    <time>2022-11-17T04:21:00Z</time>
   </trkpt>
   <trkpt lat="39.6773660" lon="-104.9602880">
    <ele>1642.3</ele>
    <time>2022-11-17T04:21:01Z</time>
   </trkpt>
   <trkpt lat="39.6773470" lon="-104.9602910">
    <ele>1642.4</ele>
    <time>2022-11-17T04:21:02Z</time>
   </trkpt>
   <trkpt lat="39.6773380" lon="-104.9602950">
    <ele>1642.5</ele>
    <time>2022-11-17T04:21:03Z</time>
   </trkpt>
   <trkpt lat="39.6773290" lon="-104.9603000">
    <ele>1642.5</ele>
    <time>2022-11-17T04:21:04Z</time>
   </trkpt>
   <trkpt lat="39.6773210" lon="-104.9603040">
    <ele>1642.5</ele>
    <time>2022-11-17T04:21:05Z</time>
   </trkpt>
   <trkpt lat="39.6773080" lon="-104.9603020">
    <ele>1642.6</ele>
    <time>2022-11-17T04:21:06Z</time>
   </trkpt>
   <trkpt lat="39.6772930" lon="-104.9603050">
    <ele>1642.7</ele>
    <time>2022-11-17T04:21:07Z</time>
   </trkpt>
   <trkpt lat="39.6772810" lon="-104.9603040">
    <ele>1642.7</ele>
    <time>2022-11-17T04:21:08Z</time>
   </trkpt>
   <trkpt lat="39.6772690" lon="-104.9602960">
    <ele>1642.8</ele>
    <time>2022-11-17T04:21:09Z</time>
   </trkpt>
   <trkpt lat="39.6772600" lon="-104.9602880">
    <ele>1642.8</ele>
    <time>2022-11-17T04:21:10Z</time>
   </trkpt>
   <trkpt lat="39.6772470" lon="-104.9602780">
    <ele>1642.9</ele>
    <time>2022-11-17T04:21:11Z</time>
   </trkpt>
   <trkpt lat="39.6772310" lon="-104.9602720">
    <ele>1643.0</ele>
    <time>2022-11-17T04:21:12Z</time>
   </trkpt>
   <trkpt lat="39.6772140" lon="-104.9602700">
    <ele>1643.1</ele>
    <time>2022-11-17T04:21:13Z</time>
   </trkpt>
   <trkpt lat="39.6771980" lon="-104.9602660">
    <ele>1643.1</ele>
    <time>2022-11-17T04:21:14Z</time>
   </trkpt>
   <trkpt lat="39.6771850" lon="-104.9602610">
    <ele>1643.1</ele>
    <time>2022-11-17T04:21:15Z</time>
   </trkpt>
   <trkpt lat="39.6771770" lon="-104.9602510">
    <ele>1643.1</ele>
    <time>2022-11-17T04:21:16Z</time>
   </trkpt>
   <trkpt lat="39.6771710" lon="-104.9602420">
    <ele>1643.1</ele>
    <time>2022-11-17T04:21:17Z</time>
   </trkpt>
   <trkpt lat="39.6771510" lon="-104.9602460">
    <ele>1643.1</ele>
    <time>2022-11-17T04:21:18Z</time>
   </trkpt>
   <trkpt lat="39.6771430" lon="-104.9602490">
    <ele>1643.1</ele>
    <time>2022-11-17T04:21:19Z</time>
   </trkpt>
   <trkpt lat="39.6771350" lon="-104.9602530">
    <ele>1643.1</ele>
    <time>2022-11-17T04:21:20Z</time>
   </trkpt>
   <trkpt lat="39.6771220" lon="-104.9602540">
    <ele>1643.1</ele>
    <time>2022-11-17T04:21:21Z</time>
   </trkpt>
   <trkpt lat="39.6771070" lon="-104.9602520">
    <ele>1643.2</ele>
    <time>2022-11-17T04:21:22Z</time>
   </trkpt>
   <trkpt lat="39.6770930" lon="-104.9602460">
    <ele>1643.2</ele>
    <time>2022-11-17T04:21:23Z</time>
   </trkpt>
   <trkpt lat="39.6770840" lon="-104.9602300">
    <ele>1643.3</ele>
    <time>2022-11-17T04:21:24Z</time>
   </trkpt>
   <trkpt lat="39.6770700" lon="-104.9602210">
    <ele>1643.3</ele>
    <time>2022-11-17T04:21:25Z</time>
   </trkpt>
   <trkpt lat="39.6770560" lon="-104.9602140">
    <ele>1643.3</ele>
    <time>2022-11-17T04:21:26Z</time>
   </trkpt>
   <trkpt lat="39.6770420" lon="-104.9602090">
    <ele>1643.4</ele>
    <time>2022-11-17T04:21:27Z</time>
   </trkpt>
   <trkpt lat="39.6770300" lon="-104.9602030">
    <ele>1643.4</ele>
    <time>2022-11-17T04:21:28Z</time>
   </trkpt>
   <trkpt lat="39.6770100" lon="-104.9601890">
    <ele>1643.4</ele>
    <time>2022-11-17T04:21:29Z</time>
   </trkpt>
   <trkpt lat="39.6770020" lon="-104.9601800">
    <ele>1643.4</ele>
    <time>2022-11-17T04:21:30Z</time>
   </trkpt>
   <trkpt lat="39.6769950" lon="-104.9601710">
    <ele>1643.5</ele>
    <time>2022-11-17T04:21:31Z</time>
   </trkpt>
   <trkpt lat="39.6769820" lon="-104.9601750">
    <ele>1643.5</ele>
    <time>2022-11-17T04:21:32Z</time>
   </trkpt>
   <trkpt lat="39.6769670" lon="-104.9601770">
    <ele>1643.5</ele>
    <time>2022-11-17T04:21:33Z</time>
   </trkpt>
   <trkpt lat="39.6769580" lon="-104.9601920">
    <ele>1643.5</ele>
    <time>2022-11-17T04:21:34Z</time>
   </trkpt>
   <trkpt lat="39.6769490" lon="-104.9602050">
    <ele>1643.5</ele>
    <time>2022-11-17T04:21:35Z</time>
   </trkpt>
   <trkpt lat="39.6769340" lon="-104.9602260">
    <ele>1643.6</ele>
    <time>2022-11-17T04:21:36Z</time>
   </trkpt>
   <trkpt lat="39.6769300" lon="-104.9602370">
    <ele>1643.6</ele>
    <time>2022-11-17T04:21:37Z</time>
   </trkpt>
   <trkpt lat="39.6769260" lon="-104.9602480">
    <ele>1643.6</ele>
    <time>2022-11-17T04:21:38Z</time>
   </trkpt>
   <trkpt lat="39.6769210" lon="-104.9602600">
    <ele>1643.6</ele>
    <time>2022-11-17T04:21:39Z</time>
   </trkpt>
   <trkpt lat="39.6769200" lon="-104.9602780">
    <ele>1643.6</ele>
    <time>2022-11-17T04:21:40Z</time>
   </trkpt>
   <trkpt lat="39.6769180" lon="-104.9602980">
    <ele>1643.6</ele>
    <time>2022-11-17T04:21:41Z</time>
   </trkpt>
   <trkpt lat="39.6769080" lon="-104.9603380">
    <ele>1643.7</ele>
    <time>2022-11-17T04:21:42Z</time>
   </trkpt>
   <trkpt lat="39.6769040" lon="-104.9603450">
    <ele>1643.7</ele>
    <time>2022-11-17T04:21:43Z</time>
   </trkpt>
   <trkpt lat="39.6768930" lon="-104.9603690">
    <ele>1643.7</ele>
    <time>2022-11-17T04:21:44Z</time>
   </trkpt>
   <trkpt lat="39.6768910" lon="-104.9603830">
    <ele>1643.7</ele>
    <time>2022-11-17T04:21:45Z</time>
   </trkpt>
   <trkpt lat="39.6768880" lon="-104.9603960">
    <ele>1643.7</ele>
    <time>2022-11-17T04:21:46Z</time>
   </trkpt>
   <trkpt lat="39.6768850" lon="-104.9604130">
    <ele>1643.7</ele>
    <time>2022-11-17T04:21:47Z</time>
   </trkpt>
   <trkpt lat="39.6768850" lon="-104.9604400">
    <ele>1643.7</ele>
    <time>2022-11-17T04:21:48Z</time>
   </trkpt>
   <trkpt lat="39.6768710" lon="-104.9604540">
    <ele>1643.8</ele>
    <time>2022-11-17T04:21:49Z</time>
   </trkpt>
   <trkpt lat="39.6768600" lon="-104.9604700">
    <ele>1643.8</ele>
    <time>2022-11-17T04:21:50Z</time>
   </trkpt>
   <trkpt lat="39.6768610" lon="-104.9605030">
    <ele>1643.8</ele>
    <time>2022-11-17T04:21:51Z</time>
   </trkpt>
   <trkpt lat="39.6768600" lon="-104.9605200">
    <ele>1643.8</ele>
    <time>2022-11-17T04:21:52Z</time>
   </trkpt>
   <trkpt lat="39.6768530" lon="-104.9605470">
    <ele>1643.8</ele>
    <time>2022-11-17T04:21:53Z</time>
   </trkpt>
   <trkpt lat="39.6768480" lon="-104.9605560">
    <ele>1643.8</ele>
    <time>2022-11-17T04:21:54Z</time>
   </trkpt>
   <trkpt lat="39.6768390" lon="-104.9605840">
    <ele>1643.8</ele>
    <time>2022-11-17T04:21:55Z</time>
   </trkpt>
   <trkpt lat="39.6768370" lon="-104.9605990">
    <ele>1643.8</ele>
    <time>2022-11-17T04:21:56Z</time>
   </trkpt>
   <trkpt lat="39.6768350" lon="-104.9606130">
    <ele>1643.8</ele>
    <time>2022-11-17T04:21:57Z</time>
   </trkpt>
   <trkpt lat="39.6768350" lon="-104.9606380">
    <ele>1643.8</ele>
    <time>2022-11-17T04:21:58Z</time>
   </trkpt>
   <trkpt lat="39.6768440" lon="-104.9606530">
    <ele>1643.8</ele>
    <time>2022-11-17T04:21:59Z</time>
   </trkpt>
   <trkpt lat="39.6768530" lon="-104.9606790">
    <ele>1643.8</ele>
    <time>2022-11-17T04:22:00Z</time>
   </trkpt>
   <trkpt lat="39.6768560" lon="-104.9606890">
    <ele>1643.8</ele>
    <time>2022-11-17T04:22:01Z</time>
   </trkpt>
   <trkpt lat="39.6768590" lon="-104.9606980">
    <ele>1643.8</ele>
    <time>2022-11-17T04:22:02Z</time>
   </trkpt>
   <trkpt lat="39.6768670" lon="-104.9607190">
    <ele>1643.8</ele>
    <time>2022-11-17T04:22:03Z</time>
   </trkpt>
   <trkpt lat="39.6768730" lon="-104.9607340">
    <ele>1643.8</ele>
    <time>2022-11-17T04:22:04Z</time>
   </trkpt>
   <trkpt lat="39.6768840" lon="-104.9607560">
    <ele>1643.8</ele>
    <time>2022-11-17T04:22:05Z</time>
   </trkpt>
   <trkpt lat="39.6768840" lon="-104.9607720">
    <ele>1643.8</ele>
    <time>2022-11-17T04:22:06Z</time>
   </trkpt>
   <trkpt lat="39.6768890" lon="-104.9607830">
    <ele>1643.8</ele>
    <time>2022-11-17T04:22:07Z</time>
   </trkpt>
   <trkpt lat="39.6768890" lon="-104.9608070">
    <ele>1643.8</ele>
    <time>2022-11-17T04:22:08Z</time>
   </trkpt>
   <trkpt lat="39.6768920" lon="-104.9608190">
    <ele>1643.8</ele>
    <time>2022-11-17T04:22:09Z</time>
   </trkpt>
   <trkpt lat="39.6768870" lon="-104.9608370">
    <ele>1643.8</ele>
    <time>2022-11-17T04:22:10Z</time>
   </trkpt>
   <trkpt lat="39.6768800" lon="-104.9608450">
    <ele>1643.8</ele>
    <time>2022-11-17T04:22:11Z</time>
   </trkpt>
   <trkpt lat="39.6768790" lon="-104.9608430">
    <ele>1643.8</ele>
    <time>2022-11-17T04:22:12Z</time>
   </trkpt>
   <trkpt lat="39.6768800" lon="-104.9608500">
    <ele>1643.8</ele>
    <time>2022-11-17T04:22:13Z</time>
   </trkpt>
   <trkpt lat="39.6768740" lon="-104.9608670">
    <ele>1643.8</ele>
    <time>2022-11-17T04:22:14Z</time>
   </trkpt>
   <trkpt lat="39.6768610" lon="-104.9608840">
    <ele>1643.8</ele>
    <time>2022-11-17T04:22:15Z</time>
   </trkpt>
   <trkpt lat="39.6768490" lon="-104.9608940">
    <ele>1643.8</ele>
    <time>2022-11-17T04:22:16Z</time>
   </trkpt>
   <trkpt lat="39.6768420" lon="-104.9609020">
    <ele>1643.8</ele>
    <time>2022-11-17T04:22:17Z</time>
   </trkpt>
   <trkpt lat="39.6768350" lon="-104.9609100">
    <ele>1643.8</ele>
    <time>2022-11-17T04:22:18Z</time>
   </trkpt>
   <trkpt lat="39.6768290" lon="-104.9609180">
    <ele>1643.8</ele>
    <time>2022-11-17T04:22:19Z</time>
   </trkpt>
   <trkpt lat="39.6768180" lon="-104.9609430">
    <ele>1643.7</ele>
    <time>2022-11-17T04:22:20Z</time>
   </trkpt>
   <trkpt lat="39.6768170" lon="-104.9609610">
    <ele>1643.7</ele>
    <time>2022-11-17T04:22:21Z</time>
   </trkpt>
   <trkpt lat="39.6768240" lon="-104.9609770">
    <ele>1643.7</ele>
    <time>2022-11-17T04:22:22Z</time>
   </trkpt>
   <trkpt lat="39.6768250" lon="-104.9609990">
    <ele>1643.7</ele>
    <time>2022-11-17T04:22:23Z</time>
   </trkpt>
   <trkpt lat="39.6768300" lon="-104.9610130">
    <ele>1643.8</ele>
    <time>2022-11-17T04:22:24Z</time>
   </trkpt>
   <trkpt lat="39.6768400" lon="-104.9610310">
    <ele>1643.8</ele>
    <time>2022-11-17T04:22:25Z</time>
   </trkpt>
   <trkpt lat="39.6768540" lon="-104.9610480">
    <ele>1643.8</ele>
    <time>2022-11-17T04:22:26Z</time>
   </trkpt>
   <trkpt lat="39.6768630" lon="-104.9610580">
    <ele>1643.8</ele>
    <time>2022-11-17T04:22:27Z</time>
   </trkpt>
   <trkpt lat="39.6768710" lon="-104.9610830">
    <ele>1643.8</ele>
    <time>2022-11-17T04:22:28Z</time>
   </trkpt>
   <trkpt lat="39.6768750" lon="-104.9610940">
    <ele>1643.8</ele>
    <time>2022-11-17T04:22:29Z</time>
   </trkpt>
   <trkpt lat="39.6768780" lon="-104.9611050">
    <ele>1643.8</ele>
    <time>2022-11-17T04:22:30Z</time>
   </trkpt>
   <trkpt lat="39.6768860" lon="-104.9611200">
    <ele>1643.8</ele>
    <time>2022-11-17T04:22:31Z</time>
   </trkpt>
   <trkpt lat="39.6768950" lon="-104.9611270">
    <ele>1643.8</ele>
    <time>2022-11-17T04:22:32Z</time>
   </trkpt>
   <trkpt lat="39.6769070" lon="-104.9611320">
    <ele>1643.8</ele>
    <time>2022-11-17T04:22:33Z</time>
   </trkpt>
   <trkpt lat="39.6769140" lon="-104.9611390">
    <ele>1643.8</ele>
    <time>2022-11-17T04:22:34Z</time>
   </trkpt>
   <trkpt lat="39.6769150" lon="-104.9611380">
    <ele>1643.8</ele>
    <time>2022-11-17T04:22:35Z</time>
   </trkpt>
   <trkpt lat="39.6769110" lon="-104.9611310">
    <ele>1643.7</ele>
    <time>2022-11-17T04:22:36Z</time>
   </trkpt>
   <trkpt lat="39.6769130" lon="-104.9611350">
    <ele>1643.7</ele>
    <time>2022-11-17T04:22:37Z</time>
   </trkpt>
   <trkpt lat="39.6769120" lon="-104.9611300">
    <ele>1643.7</ele>
    <time>2022-11-17T04:22:38Z</time>
   </trkpt>
   <trkpt lat="39.6769140" lon="-104.9611400">
    <ele>1643.7</ele>
    <time>2022-11-17T04:22:39Z</time>
   </trkpt>
   <trkpt lat="39.6769180" lon="-104.9611370">
    <ele>1643.6</ele>
    <time>2022-11-17T04:22:40Z</time>
   </trkpt>
   <trkpt lat="39.6769260" lon="-104.9611340">
    <ele>1643.6</ele>
    <time>2022-11-17T04:22:41Z</time>
   </trkpt>
   <trkpt lat="39.6769190" lon="-104.9611300">
    <ele>1643.6</ele>
    <time>2022-11-17T04:22:42Z</time>
   </trkpt>
   <trkpt lat="39.6769280" lon="-104.9611670">
    <ele>1643.5</ele>
    <time>2022-11-17T04:22:43Z</time>
   </trkpt>
   <trkpt lat="39.6769340" lon="-104.9612030">
    <ele>1643.3</ele>
    <time>2022-11-17T04:22:44Z</time>
   </trkpt>
   <trkpt lat="39.6769390" lon="-104.9612140">
    <ele>1643.3</ele>
    <time>2022-11-17T04:22:45Z</time>
   </trkpt>
   <trkpt lat="39.6769450" lon="-104.9612190">
    <ele>1643.3</ele>
    <time>2022-11-17T04:22:46Z</time>
   </trkpt>
   <trkpt lat="39.6769530" lon="-104.9612280">
    <ele>1643.2</ele>
    <time>2022-11-17T04:22:47Z</time>
   </trkpt>
   <trkpt lat="39.6769630" lon="-104.9612400">
    <ele>1643.2</ele>
    <time>2022-11-17T04:22:48Z</time>
   </trkpt>
   <trkpt lat="39.6769700" lon="-104.9612580">
    <ele>1643.1</ele>
    <time>2022-11-17T04:22:49Z</time>
   </trkpt>
   <trkpt lat="39.6769730" lon="-104.9612790">
    <ele>1643.0</ele>
    <time>2022-11-17T04:22:50Z</time>
   </trkpt>
   <trkpt lat="39.6769780" lon="-104.9612940">
    <ele>1642.9</ele>
    <time>2022-11-17T04:22:51Z</time>
   </trkpt>
   <trkpt lat="39.6769850" lon="-104.9613100">
    <ele>1642.9</ele>
    <time>2022-11-17T04:22:52Z</time>
   </trkpt>
   <trkpt lat="39.6769900" lon="-104.9613310">
    <ele>1642.8</ele>
    <time>2022-11-17T04:22:53Z</time>
   </trkpt>
   <trkpt lat="39.6769960" lon="-104.9613510">
    <ele>1642.7</ele>
    <time>2022-11-17T04:22:54Z</time>
   </trkpt>
   <trkpt lat="39.6770000" lon="-104.9613700">
    <ele>1642.6</ele>
    <time>2022-11-17T04:22:55Z</time>
   </trkpt>
   <trkpt lat="39.6770040" lon="-104.9613850">
    <ele>1642.6</ele>
    <time>2022-11-17T04:22:56Z</time>
   </trkpt>
   <trkpt lat="39.6770130" lon="-104.9614030">
    <ele>1642.5</ele>
    <time>2022-11-17T04:22:57Z</time>
   </trkpt>
   <trkpt lat="39.6770180" lon="-104.9614230">
    <ele>1642.4</ele>
    <time>2022-11-17T04:22:58Z</time>
   </trkpt>
   <trkpt lat="39.6770290" lon="-104.9614430">
    <ele>1642.3</ele>
    <time>2022-11-17T04:22:59Z</time>
   </trkpt>
   <trkpt lat="39.6770360" lon="-104.9614620">
    <ele>1642.2</ele>
    <time>2022-11-17T04:23:00Z</time>
   </trkpt>
   <trkpt lat="39.6770420" lon="-104.9614820">
    <ele>1642.1</ele>
    <time>2022-11-17T04:23:01Z</time>
   </trkpt>
   <trkpt lat="39.6770510" lon="-104.9615030">
    <ele>1642.0</ele>
    <time>2022-11-17T04:23:02Z</time>
   </trkpt>
   <trkpt lat="39.6770560" lon="-104.9615220">
    <ele>1641.9</ele>
    <time>2022-11-17T04:23:03Z</time>
   </trkpt>
   <trkpt lat="39.6770650" lon="-104.9615380">
    <ele>1641.9</ele>
    <time>2022-11-17T04:23:04Z</time>
   </trkpt>
   <trkpt lat="39.6770740" lon="-104.9615550">
    <ele>1641.8</ele>
    <time>2022-11-17T04:23:05Z</time>
   </trkpt>
   <trkpt lat="39.6770790" lon="-104.9615770">
    <ele>1641.7</ele>
    <time>2022-11-17T04:23:06Z</time>
   </trkpt>
   <trkpt lat="39.6770890" lon="-104.9615930">
    <ele>1641.6</ele>
    <time>2022-11-17T04:23:07Z</time>
   </trkpt>
   <trkpt lat="39.6770930" lon="-104.9616040">
    <ele>1641.5</ele>
    <time>2022-11-17T04:23:08Z</time>
   </trkpt>
   <trkpt lat="39.6770930" lon="-104.9616290">
    <ele>1641.4</ele>
    <time>2022-11-17T04:23:09Z</time>
   </trkpt>
   <trkpt lat="39.6770940" lon="-104.9616520">
    <ele>1641.3</ele>
    <time>2022-11-17T04:23:10Z</time>
   </trkpt>
   <trkpt lat="39.6770960" lon="-104.9616670">
    <ele>1641.3</ele>
    <time>2022-11-17T04:23:11Z</time>
   </trkpt>
   <trkpt lat="39.6770950" lon="-104.9616950">
    <ele>1641.2</ele>
    <time>2022-11-17T04:23:12Z</time>
   </trkpt>
   <trkpt lat="39.6771020" lon="-104.9617110">
    <ele>1641.2</ele>
    <time>2022-11-17T04:23:13Z</time>
   </trkpt>
   <trkpt lat="39.6771030" lon="-104.9617300">
    <ele>1641.1</ele>
    <time>2022-11-17T04:23:14Z</time>
   </trkpt>
   <trkpt lat="39.6771130" lon="-104.9617490">
    <ele>1641.1</ele>
    <time>2022-11-17T04:23:15Z</time>
   </trkpt>
   <trkpt lat="39.6771150" lon="-104.9617790">
    <ele>1641.0</ele>
    <time>2022-11-17T04:23:16Z</time>
   </trkpt>
   <trkpt lat="39.6771150" lon="-104.9617890">
    <ele>1641.0</ele>
    <time>2022-11-17T04:23:17Z</time>
   </trkpt>
   <trkpt lat="39.6771150" lon="-104.9617980">
    <ele>1640.9</ele>
    <time>2022-11-17T04:23:18Z</time>
   </trkpt>
   <trkpt lat="39.6771160" lon="-104.9618120">
    <ele>1640.9</ele>
    <time>2022-11-17T04:23:19Z</time>
   </trkpt>
   <trkpt lat="39.6771190" lon="-104.9618210">
    <ele>1640.9</ele>
    <time>2022-11-17T04:23:20Z</time>
   </trkpt>
   <trkpt lat="39.6771170" lon="-104.9618340">
    <ele>1640.9</ele>
    <time>2022-11-17T04:23:21Z</time>
   </trkpt>
   <trkpt lat="39.6771190" lon="-104.9618330">
    <ele>1640.9</ele>
    <time>2022-11-17T04:23:22Z</time>
   </trkpt>
   <trkpt lat="39.6771210" lon="-104.9618340">
    <ele>1640.9</ele>
    <time>2022-11-17T04:23:23Z</time>
   </trkpt>
   <trkpt lat="39.6771230" lon="-104.9618310">
    <ele>1640.8</ele>
    <time>2022-11-17T04:23:24Z</time>
   </trkpt>
   <trkpt lat="39.6771240" lon="-104.9618380">
    <ele>1640.8</ele>
    <time>2022-11-17T04:23:25Z</time>
   </trkpt>
   <trkpt lat="39.6771260" lon="-104.9618350">
    <ele>1640.8</ele>
    <time>2022-11-17T04:23:26Z</time>
   </trkpt>
   <trkpt lat="39.6771200" lon="-104.9618400">
    <ele>1640.8</ele>
    <time>2022-11-17T04:23:27Z</time>
   </trkpt>
   <trkpt lat="39.6771160" lon="-104.9618430">
    <ele>1640.8</ele>
    <time>2022-11-17T04:23:28Z</time>
   </trkpt>
   <trkpt lat="39.6771140" lon="-104.9618460">
    <ele>1640.8</ele>
    <time>2022-11-17T04:23:29Z</time>
   </trkpt>
   <trkpt lat="39.6771130" lon="-104.9618510">
    <ele>1640.8</ele>
    <time>2022-11-17T04:23:30Z</time>
   </trkpt>
   <trkpt lat="39.6771130" lon="-104.9618590">
    <ele>1640.8</ele>
    <time>2022-11-17T04:23:31Z</time>
   </trkpt>
   <trkpt lat="39.6771130" lon="-104.9618730">
    <ele>1640.7</ele>
    <time>2022-11-17T04:23:32Z</time>
   </trkpt>
   <trkpt lat="39.6771150" lon="-104.9618800">
    <ele>1640.7</ele>
    <time>2022-11-17T04:23:33Z</time>
   </trkpt>
   <trkpt lat="39.6771100" lon="-104.9618960">
    <ele>1640.6</ele>
    <time>2022-11-17T04:23:34Z</time>
   </trkpt>
   <trkpt lat="39.6771100" lon="-104.9619110">
    <ele>1640.6</ele>
    <time>2022-11-17T04:23:35Z</time>
   </trkpt>
   <trkpt lat="39.6771150" lon="-104.9619370">
    <ele>1640.5</ele>
    <time>2022-11-17T04:23:36Z</time>
   </trkpt>
   <trkpt lat="39.6771160" lon="-104.9619480">
    <ele>1640.5</ele>
    <time>2022-11-17T04:23:37Z</time>
   </trkpt>
   <trkpt lat="39.6771170" lon="-104.9619580">
    <ele>1640.5</ele>
    <time>2022-11-17T04:23:38Z</time>
   </trkpt>
   <trkpt lat="39.6771190" lon="-104.9619730">
    <ele>1640.4</ele>
    <time>2022-11-17T04:23:39Z</time>
   </trkpt>
   <trkpt lat="39.6771210" lon="-104.9619890">
    <ele>1640.4</ele>
    <time>2022-11-17T04:23:40Z</time>
   </trkpt>
   <trkpt lat="39.6771220" lon="-104.9619990">
    <ele>1640.4</ele>
    <time>2022-11-17T04:23:41Z</time>
   </trkpt>
   <trkpt lat="39.6771200" lon="-104.9620190">
    <ele>1640.3</ele>
    <time>2022-11-17T04:23:42Z</time>
   </trkpt>
   <trkpt lat="39.6771200" lon="-104.9620280">
    <ele>1640.3</ele>
    <time>2022-11-17T04:23:43Z</time>
   </trkpt>
   <trkpt lat="39.6771210" lon="-104.9620380">
    <ele>1640.3</ele>
    <time>2022-11-17T04:23:44Z</time>
   </trkpt>
   <trkpt lat="39.6771220" lon="-104.9620470">
    <ele>1640.2</ele>
    <time>2022-11-17T04:23:45Z</time>
   </trkpt>
   <trkpt lat="39.6771250" lon="-104.9620660">
    <ele>1640.2</ele>
    <time>2022-11-17T04:23:46Z</time>
   </trkpt>
   <trkpt lat="39.6771270" lon="-104.9620820">
    <ele>1640.1</ele>
    <time>2022-11-17T04:23:47Z</time>
   </trkpt>
   <trkpt lat="39.6771280" lon="-104.9620940">
    <ele>1640.1</ele>
    <time>2022-11-17T04:23:48Z</time>
   </trkpt>
   <trkpt lat="39.6771280" lon="-104.9621080">
    <ele>1640.0</ele>
    <time>2022-11-17T04:23:49Z</time>
   </trkpt>
   <trkpt lat="39.6771290" lon="-104.9621230">
    <ele>1640.0</ele>
    <time>2022-11-17T04:23:50Z</time>
   </trkpt>
   <trkpt lat="39.6771290" lon="-104.9621290">
    <ele>1640.0</ele>
    <time>2022-11-17T04:23:51Z</time>
   </trkpt>
   <trkpt lat="39.6771360" lon="-104.9621540">
    <ele>1639.9</ele>
    <time>2022-11-17T04:23:52Z</time>
   </trkpt>
   <trkpt lat="39.6771390" lon="-104.9621650">
    <ele>1639.9</ele>
    <time>2022-11-17T04:23:53Z</time>
   </trkpt>
   <trkpt lat="39.6771430" lon="-104.9621920">
    <ele>1639.8</ele>
    <time>2022-11-17T04:23:54Z</time>
   </trkpt>
   <trkpt lat="39.6771450" lon="-104.9622020">
    <ele>1639.7</ele>
    <time>2022-11-17T04:23:55Z</time>
   </trkpt>
   <trkpt lat="39.6771470" lon="-104.9622110">
    <ele>1639.7</ele>
    <time>2022-11-17T04:23:56Z</time>
   </trkpt>
   <trkpt lat="39.6771440" lon="-104.9622280">
    <ele>1639.7</ele>
    <time>2022-11-17T04:23:57Z</time>
   </trkpt>
   <trkpt lat="39.6771480" lon="-104.9622470">
    <ele>1639.6</ele>
    <time>2022-11-17T04:23:58Z</time>
   </trkpt>
   <trkpt lat="39.6771500" lon="-104.9622570">
    <ele>1639.6</ele>
    <time>2022-11-17T04:23:59Z</time>
   </trkpt>
   <trkpt lat="39.6771520" lon="-104.9622740">
    <ele>1639.5</ele>
    <time>2022-11-17T04:24:00Z</time>
   </trkpt>
   <trkpt lat="39.6771530" lon="-104.9622850">
    <ele>1639.5</ele>
    <time>2022-11-17T04:24:01Z</time>
   </trkpt>
   <trkpt lat="39.6771580" lon="-104.9622930">
    <ele>1639.5</ele>
    <time>2022-11-17T04:24:02Z</time>
   </trkpt>
   <trkpt lat="39.6771670" lon="-104.9622990">
    <ele>1639.5</ele>
    <time>2022-11-17T04:24:03Z</time>
   </trkpt>
   <trkpt lat="39.6771780" lon="-104.9623010">
    <ele>1639.4</ele>
    <time>2022-11-17T04:24:04Z</time>
   </trkpt>
   <trkpt lat="39.6771840" lon="-104.9622990">
    <ele>1639.4</ele>
    <time>2022-11-17T04:24:05Z</time>
   </trkpt>
   <trkpt lat="39.6771950" lon="-104.9622990">
    <ele>1639.4</ele>
    <time>2022-11-17T04:24:06Z</time>
   </trkpt>
   <trkpt lat="39.6772040" lon="-104.9623000">
    <ele>1639.4</ele>
    <time>2022-11-17T04:24:07Z</time>
   </trkpt>
   <trkpt lat="39.6772130" lon="-104.9623030">
    <ele>1639.4</ele>
    <time>2022-11-17T04:24:08Z</time>
   </trkpt>
   <trkpt lat="39.6772220" lon="-104.9622980">
    <ele>1639.4</ele>
    <time>2022-11-17T04:24:09Z</time>
   </trkpt>
   <trkpt lat="39.6772320" lon="-104.9622980">
    <ele>1639.4</ele>
    <time>2022-11-17T04:24:10Z</time>
   </trkpt>
   <trkpt lat="39.6772440" lon="-104.9622930">
    <ele>1639.3</ele>
    <time>2022-11-17T04:24:11Z</time>
   </trkpt>
   <trkpt lat="39.6772550" lon="-104.9622940">
    <ele>1639.3</ele>
    <time>2022-11-17T04:24:12Z</time>
   </trkpt>
   <trkpt lat="39.6772610" lon="-104.9622860">
    <ele>1639.3</ele>
    <time>2022-11-17T04:24:13Z</time>
   </trkpt>
   <trkpt lat="39.6772730" lon="-104.9622860">
    <ele>1639.3</ele>
    <time>2022-11-17T04:24:14Z</time>
   </trkpt>
   <trkpt lat="39.6772960" lon="-104.9622770">
    <ele>1639.3</ele>
    <time>2022-11-17T04:24:15Z</time>
   </trkpt>
   <trkpt lat="39.6773060" lon="-104.9622800">
    <ele>1639.2</ele>
    <time>2022-11-17T04:24:16Z</time>
   </trkpt>
   <trkpt lat="39.6773160" lon="-104.9622830">
    <ele>1639.2</ele>
    <time>2022-11-17T04:24:17Z</time>
   </trkpt>
   <trkpt lat="39.6773290" lon="-104.9622710">
    <ele>1639.2</ele>
    <time>2022-11-17T04:24:18Z</time>
   </trkpt>
   <trkpt lat="39.6773380" lon="-104.9622710">
    <ele>1639.2</ele>
    <time>2022-11-17T04:24:19Z</time>
   </trkpt>
   <trkpt lat="39.6773490" lon="-104.9622680">
    <ele>1639.2</ele>
    <time>2022-11-17T04:24:20Z</time>
   </trkpt>
   <trkpt lat="39.6773610" lon="-104.9622740">
    <ele>1639.1</ele>
    <time>2022-11-17T04:24:21Z</time>
   </trkpt>
   <trkpt lat="39.6773700" lon="-104.9622800">
    <ele>1639.1</ele>
    <time>2022-11-17T04:24:22Z</time>
   </trkpt>
   <trkpt lat="39.6773810" lon="-104.9622870">
    <ele>1639.0</ele>
    <time>2022-11-17T04:24:23Z</time>
   </trkpt>
   <trkpt lat="39.6773880" lon="-104.9622970">
    <ele>1639.0</ele>
    <time>2022-11-17T04:24:24Z</time>
   </trkpt>
   <trkpt lat="39.6773970" lon="-104.9623030">
    <ele>1639.0</ele>
    <time>2022-11-17T04:24:25Z</time>
   </trkpt>
   <trkpt lat="39.6774060" lon="-104.9623110">
    <ele>1638.9</ele>
    <time>2022-11-17T04:24:26Z</time>
   </trkpt>
   <trkpt lat="39.6774180" lon="-104.9623190">
    <ele>1638.9</ele>
    <time>2022-11-17T04:24:27Z</time>
   </trkpt>
   <trkpt lat="39.6774280" lon="-104.9623270">
    <ele>1638.9</ele>
    <time>2022-11-17T04:24:28Z</time>
   </trkpt>
   <trkpt lat="39.6774350" lon="-104.9623280">
    <ele>1638.9</ele>
    <time>2022-11-17T04:24:29Z</time>
   </trkpt>
   <trkpt lat="39.6774420" lon="-104.9623310">
    <ele>1638.8</ele>
    <time>2022-11-17T04:24:30Z</time>
   </trkpt>
   <trkpt lat="39.6774520" lon="-104.9623360">
    <ele>1638.8</ele>
    <time>2022-11-17T04:24:31Z</time>
   </trkpt>
   <trkpt lat="39.6774590" lon="-104.9623390">
    <ele>1638.8</ele>
    <time>2022-11-17T04:24:32Z</time>
   </trkpt>
   <trkpt lat="39.6774640" lon="-104.9623420">
    <ele>1638.8</ele>
    <time>2022-11-17T04:24:33Z</time>
   </trkpt>
   <trkpt lat="39.6774720" lon="-104.9623520">
    <ele>1638.7</ele>
    <time>2022-11-17T04:24:34Z</time>
   </trkpt>
   <trkpt lat="39.6774780" lon="-104.9623650">
    <ele>1638.7</ele>
    <time>2022-11-17T04:24:35Z</time>
   </trkpt>
   <trkpt lat="39.6774880" lon="-104.9623720">
    <ele>1638.7</ele>
    <time>2022-11-17T04:24:36Z</time>
   </trkpt>
   <trkpt lat="39.6775040" lon="-104.9623890">
    <ele>1638.6</ele>
    <time>2022-11-17T04:24:37Z</time>
   </trkpt>
   <trkpt lat="39.6775100" lon="-104.9623950">
    <ele>1638.6</ele>
    <time>2022-11-17T04:24:38Z</time>
   </trkpt>
   <trkpt lat="39.6775170" lon="-104.9624020">
    <ele>1638.5</ele>
    <time>2022-11-17T04:24:39Z</time>
   </trkpt>
   <trkpt lat="39.6775230" lon="-104.9624150">
    <ele>1638.5</ele>
    <time>2022-11-17T04:24:40Z</time>
   </trkpt>
   <trkpt lat="39.6775290" lon="-104.9624360">
    <ele>1638.5</ele>
    <time>2022-11-17T04:24:41Z</time>
   </trkpt>
   <trkpt lat="39.6775360" lon="-104.9624530">
    <ele>1638.4</ele>
    <time>2022-11-17T04:24:42Z</time>
   </trkpt>
   <trkpt lat="39.6775400" lon="-104.9624650">
    <ele>1638.4</ele>
    <time>2022-11-17T04:24:43Z</time>
   </trkpt>
   <trkpt lat="39.6775440" lon="-104.9624750">
    <ele>1638.4</ele>
    <time>2022-11-17T04:24:44Z</time>
   </trkpt>
   <trkpt lat="39.6775510" lon="-104.9624860">
    <ele>1638.3</ele>
    <time>2022-11-17T04:24:45Z</time>
   </trkpt>
   <trkpt lat="39.6775530" lon="-104.9625030">
    <ele>1638.3</ele>
    <time>2022-11-17T04:24:46Z</time>
   </trkpt>
   <trkpt lat="39.6775630" lon="-104.9625100">
    <ele>1638.2</ele>
    <time>2022-11-17T04:24:47Z</time>
   </trkpt>
   <trkpt lat="39.6775670" lon="-104.9625050">
    <ele>1638.2</ele>
    <time>2022-11-17T04:24:48Z</time>
   </trkpt>
   <trkpt lat="39.6775750" lon="-104.9625070">
    <ele>1638.2</ele>
    <time>2022-11-17T04:24:49Z</time>
   </trkpt>
   <trkpt lat="39.6775830" lon="-104.9625070">
    <ele>1638.2</ele>
    <time>2022-11-17T04:24:50Z</time>
   </trkpt>
   <trkpt lat="39.6775920" lon="-104.9625120">
    <ele>1638.1</ele>
    <time>2022-11-17T04:24:51Z</time>
   </trkpt>
   <trkpt lat="39.6776020" lon="-104.9625260">
    <ele>1638.1</ele>
    <time>2022-11-17T04:24:52Z</time>
   </trkpt>
   <trkpt lat="39.6776120" lon="-104.9625340">
    <ele>1638.1</ele>
    <time>2022-11-17T04:24:53Z</time>
   </trkpt>
   <trkpt lat="39.6776220" lon="-104.9625370">
    <ele>1638.0</ele>
    <time>2022-11-17T04:24:54Z</time>
   </trkpt>
   <trkpt lat="39.6776340" lon="-104.9625310">
    <ele>1638.0</ele>
    <time>2022-11-17T04:24:55Z</time>
   </trkpt>
   <trkpt lat="39.6776410" lon="-104.9625300">
    <ele>1638.0</ele>
    <time>2022-11-17T04:24:56Z</time>
   </trkpt>
   <trkpt lat="39.6776450" lon="-104.9625410">
    <ele>1637.9</ele>
    <time>2022-11-17T04:24:57Z</time>
   </trkpt>
   <trkpt lat="39.6776470" lon="-104.9625460">
    <ele>1637.9</ele>
    <time>2022-11-17T04:24:58Z</time>
   </trkpt>
   <trkpt lat="39.6776530" lon="-104.9625530">
    <ele>1637.9</ele>
    <time>2022-11-17T04:24:59Z</time>
   </trkpt>
   <trkpt lat="39.6776610" lon="-104.9625560">
    <ele>1637.9</ele>
    <time>2022-11-17T04:25:00Z</time>
   </trkpt>
   <trkpt lat="39.6776670" lon="-104.9625510">
    <ele>1637.8</ele>
    <time>2022-11-17T04:25:01Z</time>
   </trkpt>
   <trkpt lat="39.6776730" lon="-104.9625470">
    <ele>1637.8</ele>
    <time>2022-11-17T04:25:02Z</time>
   </trkpt>
   <trkpt lat="39.6776810" lon="-104.9625430">
    <ele>1637.8</ele>
    <time>2022-11-17T04:25:03Z</time>
   </trkpt>
   <trkpt lat="39.6777010" lon="-104.9625360">
    <ele>1637.7</ele>
    <time>2022-11-17T04:25:04Z</time>
   </trkpt>
   <trkpt lat="39.6777100" lon="-104.9625300">
    <ele>1637.7</ele>
    <time>2022-11-17T04:25:05Z</time>
   </trkpt>
   <trkpt lat="39.6777200" lon="-104.9625240">
    <ele>1637.6</ele>
    <time>2022-11-17T04:25:06Z</time>
   </trkpt>
   <trkpt lat="39.6777390" lon="-104.9625120">
    <ele>1637.6</ele>
    <time>2022-11-17T04:25:07Z</time>
   </trkpt>
   <trkpt lat="39.6777460" lon="-104.9625060">
    <ele>1637.5</ele>
    <time>2022-11-17T04:25:08Z</time>
   </trkpt>
   <trkpt lat="39.6777520" lon="-104.9625000">
    <ele>1637.5</ele>
    <time>2022-11-17T04:25:09Z</time>
   </trkpt>
   <trkpt lat="39.6777790" lon="-104.9624870">
    <ele>1637.4</ele>
    <time>2022-11-17T04:25:10Z</time>
   </trkpt>
   <trkpt lat="39.6777900" lon="-104.9624830">
    <ele>1637.3</ele>
    <time>2022-11-17T04:25:11Z</time>
   </trkpt>
   <trkpt lat="39.6778120" lon="-104.9624770">
    <ele>1637.3</ele>
    <time>2022-11-17T04:25:12Z</time>
   </trkpt>
   <trkpt lat="39.6778200" lon="-104.9624780">
    <ele>1637.2</ele>
    <time>2022-11-17T04:25:13Z</time>
   </trkpt>
   <trkpt lat="39.6778280" lon="-104.9624790">
    <ele>1637.2</ele>
    <time>2022-11-17T04:25:14Z</time>
   </trkpt>
   <trkpt lat="39.6778430" lon="-104.9624740">
    <ele>1637.1</ele>
    <time>2022-11-17T04:25:15Z</time>
   </trkpt>
   <trkpt lat="39.6778510" lon="-104.9624710">
    <ele>1637.1</ele>
    <time>2022-11-17T04:25:16Z</time>
   </trkpt>
   <trkpt lat="39.6778600" lon="-104.9624680">
    <ele>1637.1</ele>
    <time>2022-11-17T04:25:17Z</time>
   </trkpt>
   <trkpt lat="39.6778680" lon="-104.9624650">
    <ele>1637.0</ele>
    <time>2022-11-17T04:25:18Z</time>
   </trkpt>
   <trkpt lat="39.6778780" lon="-104.9624580">
    <ele>1637.0</ele>
    <time>2022-11-17T04:25:19Z</time>
   </trkpt>
   <trkpt lat="39.6778930" lon="-104.9624530">
    <ele>1636.9</ele>
    <time>2022-11-17T04:25:20Z</time>
   </trkpt>
   <trkpt lat="39.6779040" lon="-104.9624550">
    <ele>1636.9</ele>
    <time>2022-11-17T04:25:21Z</time>
   </trkpt>
   <trkpt lat="39.6779170" lon="-104.9624520">
    <ele>1636.8</ele>
    <time>2022-11-17T04:25:22Z</time>
   </trkpt>
   <trkpt lat="39.6779270" lon="-104.9624540">
    <ele>1636.8</ele>
    <time>2022-11-17T04:25:23Z</time>
   </trkpt>
   <trkpt lat="39.6779360" lon="-104.9624510">
    <ele>1636.8</ele>
    <time>2022-11-17T04:25:24Z</time>
   </trkpt>
   <trkpt lat="39.6779480" lon="-104.9624450">
    <ele>1636.7</ele>
    <time>2022-11-17T04:25:25Z</time>
   </trkpt>
   <trkpt lat="39.6779520" lon="-104.9624480">
    <ele>1636.7</ele>
    <time>2022-11-17T04:25:26Z</time>
   </trkpt>
   <trkpt lat="39.6779590" lon="-104.9624480">
    <ele>1636.7</ele>
    <time>2022-11-17T04:25:27Z</time>
   </trkpt>
   <trkpt lat="39.6779680" lon="-104.9624520">
    <ele>1636.6</ele>
    <time>2022-11-17T04:25:28Z</time>
   </trkpt>
   <trkpt lat="39.6779850" lon="-104.9624560">
    <ele>1636.6</ele>
    <time>2022-11-17T04:25:29Z</time>
   </trkpt>
   <trkpt lat="39.6780110" lon="-104.9624540">
    <ele>1636.5</ele>
    <time>2022-11-17T04:25:30Z</time>
   </trkpt>
   <trkpt lat="39.6780210" lon="-104.9624550">
    <ele>1636.4</ele>
    <time>2022-11-17T04:25:31Z</time>
   </trkpt>
   <trkpt lat="39.6780310" lon="-104.9624550">
    <ele>1636.4</ele>
    <time>2022-11-17T04:25:32Z</time>
   </trkpt>
   <trkpt lat="39.6780610" lon="-104.9624240">
    <ele>1636.2</ele>
    <time>2022-11-17T04:25:33Z</time>
   </trkpt>
   <trkpt lat="39.6780690" lon="-104.9624260">
    <ele>1636.2</ele>
    <time>2022-11-17T04:25:34Z</time>
   </trkpt>
   <trkpt lat="39.6780780" lon="-104.9624280">
    <ele>1636.2</ele>
    <time>2022-11-17T04:25:35Z</time>
   </trkpt>
   <trkpt lat="39.6780860" lon="-104.9624200">
    <ele>1636.1</ele>
    <time>2022-11-17T04:25:36Z</time>
   </trkpt>
   <trkpt lat="39.6780890" lon="-104.9624090">
    <ele>1636.1</ele>
    <time>2022-11-17T04:25:37Z</time>
   </trkpt>
   <trkpt lat="39.6780930" lon="-104.9623970">
    <ele>1636.0</ele>
    <time>2022-11-17T04:25:38Z</time>
   </trkpt>
   <trkpt lat="39.6780970" lon="-104.9623920">
    <ele>1636.0</ele>
    <time>2022-11-17T04:25:39Z</time>
   </trkpt>
   <trkpt lat="39.6781000" lon="-104.9623890">
    <ele>1636.0</ele>
    <time>2022-11-17T04:25:40Z</time>
   </trkpt>
   <trkpt lat="39.6781050" lon="-104.9623830">
    <ele>1636.0</ele>
    <time>2022-11-17T04:25:41Z</time>
   </trkpt>
   <trkpt lat="39.6781130" lon="-104.9623780">
    <ele>1635.9</ele>
    <time>2022-11-17T04:25:42Z</time>
   </trkpt>
   <trkpt lat="39.6781220" lon="-104.9623790">
    <ele>1635.9</ele>
    <time>2022-11-17T04:25:43Z</time>
   </trkpt>
   <trkpt lat="39.6781290" lon="-104.9623800">
    <ele>1635.9</ele>
    <time>2022-11-17T04:25:44Z</time>
   </trkpt>
   <trkpt lat="39.6781490" lon="-104.9623830">
    <ele>1635.8</ele>
    <time>2022-11-17T04:25:45Z</time>
   </trkpt>
   <trkpt lat="39.6781630" lon="-104.9623870">
    <ele>1635.7</ele>
    <time>2022-11-17T04:25:46Z</time>
   </trkpt>
   <trkpt lat="39.6781770" lon="-104.9623930">
    <ele>1635.7</ele>
    <time>2022-11-17T04:25:47Z</time>
   </trkpt>
   <trkpt lat="39.6781850" lon="-104.9624020">
    <ele>1635.6</ele>
    <time>2022-11-17T04:25:48Z</time>
   </trkpt>
   <trkpt lat="39.6781960" lon="-104.9624030">
    <ele>1635.6</ele>
    <time>2022-11-17T04:25:49Z</time>
   </trkpt>
   <trkpt lat="39.6782040" lon="-104.9624060">
    <ele>1635.5</ele>
    <time>2022-11-17T04:25:50Z</time>
   </trkpt>
   <trkpt lat="39.6782180" lon="-104.9624060">
    <ele>1635.5</ele>
    <time>2022-11-17T04:25:51Z</time>
   </trkpt>
   <trkpt lat="39.6782250" lon="-104.9624060">
    <ele>1635.4</ele>
    <time>2022-11-17T04:25:52Z</time>
   </trkpt>
   <trkpt lat="39.6782320" lon="-104.9624040">
    <ele>1635.4</ele>
    <time>2022-11-17T04:25:53Z</time>
   </trkpt>
   <trkpt lat="39.6782360" lon="-104.9624080">
    <ele>1635.4</ele>
    <time>2022-11-17T04:25:54Z</time>
   </trkpt>
   <trkpt lat="39.6782410" lon="-104.9624090">
    <ele>1635.4</ele>
    <time>2022-11-17T04:25:55Z</time>
   </trkpt>
   <trkpt lat="39.6782510" lon="-104.9624140">
    <ele>1635.3</ele>
    <time>2022-11-17T04:25:56Z</time>
   </trkpt>
   <trkpt lat="39.6782620" lon="-104.9624170">
    <ele>1635.3</ele>
    <time>2022-11-17T04:25:57Z</time>
   </trkpt>
   <trkpt lat="39.6782710" lon="-104.9624130">
    <ele>1635.3</ele>
    <time>2022-11-17T04:25:58Z</time>
   </trkpt>
   <trkpt lat="39.6782790" lon="-104.9624170">
    <ele>1635.2</ele>
    <time>2022-11-17T04:25:59Z</time>
   </trkpt>
   <trkpt lat="39.6782890" lon="-104.9624090">
    <ele>1635.2</ele>
    <time>2022-11-17T04:26:00Z</time>
   </trkpt>
   <trkpt lat="39.6782990" lon="-104.9623910">
    <ele>1635.1</ele>
    <time>2022-11-17T04:26:01Z</time>
   </trkpt>
   <trkpt lat="39.6783100" lon="-104.9623760">
    <ele>1635.1</ele>
    <time>2022-11-17T04:26:02Z</time>
   </trkpt>
   <trkpt lat="39.6783190" lon="-104.9623610">
    <ele>1635.1</ele>
    <time>2022-11-17T04:26:03Z</time>
   </trkpt>
   <trkpt lat="39.6783290" lon="-104.9623470">
    <ele>1635.1</ele>
    <time>2022-11-17T04:26:04Z</time>
   </trkpt>
   <trkpt lat="39.6783350" lon="-104.9623310">
    <ele>1635.1</ele>
    <time>2022-11-17T04:26:05Z</time>
   </trkpt>
   <trkpt lat="39.6783390" lon="-104.9623120">
    <ele>1635.1</ele>
    <time>2022-11-17T04:26:06Z</time>
   </trkpt>
   <trkpt lat="39.6783410" lon="-104.9622920">
    <ele>1635.1</ele>
    <time>2022-11-17T04:26:07Z</time>
   </trkpt>
   <trkpt lat="39.6783440" lon="-104.9622730">
    <ele>1635.2</ele>
    <time>2022-11-17T04:26:08Z</time>
   </trkpt>
   <trkpt lat="39.6783510" lon="-104.9622600">
    <ele>1635.2</ele>
    <time>2022-11-17T04:26:09Z</time>
   </trkpt>
   <trkpt lat="39.6783520" lon="-104.9622400">
    <ele>1635.2</ele>
    <time>2022-11-17T04:26:10Z</time>
   </trkpt>
   <trkpt lat="39.6783550" lon="-104.9622230">
    <ele>1635.3</ele>
    <time>2022-11-17T04:26:11Z</time>
   </trkpt>
   <trkpt lat="39.6783610" lon="-104.9622040">
    <ele>1635.3</ele>
    <time>2022-11-17T04:26:12Z</time>
   </trkpt>
   <trkpt lat="39.6783720" lon="-104.9621850">
    <ele>1635.3</ele>
    <time>2022-11-17T04:26:13Z</time>
   </trkpt>
   <trkpt lat="39.6783780" lon="-104.9621680">
    <ele>1635.3</ele>
    <time>2022-11-17T04:26:14Z</time>
   </trkpt>
   <trkpt lat="39.6783820" lon="-104.9621510">
    <ele>1635.4</ele>
    <time>2022-11-17T04:26:15Z</time>
   </trkpt>
   <trkpt lat="39.6783890" lon="-104.9621280">
    <ele>1635.4</ele>
    <time>2022-11-17T04:26:16Z</time>
   </trkpt>
   <trkpt lat="39.6783950" lon="-104.9621110">
    <ele>1635.4</ele>
    <time>2022-11-17T04:26:17Z</time>
   </trkpt>
   <trkpt lat="39.6784050" lon="-104.9620940">
    <ele>1635.5</ele>
    <time>2022-11-17T04:26:18Z</time>
   </trkpt>
   <trkpt lat="39.6784270" lon="-104.9620740">
    <ele>1635.5</ele>
    <time>2022-11-17T04:26:19Z</time>
   </trkpt>
   <trkpt lat="39.6784540" lon="-104.9620440">
    <ele>1635.6</ele>
    <time>2022-11-17T04:26:20Z</time>
   </trkpt>
   <trkpt lat="39.6784630" lon="-104.9620330">
    <ele>1635.6</ele>
    <time>2022-11-17T04:26:21Z</time>
   </trkpt>
   <trkpt lat="39.6784720" lon="-104.9619880">
    <ele>1635.7</ele>
    <time>2022-11-17T04:26:22Z</time>
   </trkpt>
   <trkpt lat="39.6784750" lon="-104.9619720">
    <ele>1635.7</ele>
    <time>2022-11-17T04:26:23Z</time>
   </trkpt>
   <trkpt lat="39.6784870" lon="-104.9619510">
    <ele>1635.8</ele>
    <time>2022-11-17T04:26:24Z</time>
   </trkpt>
   <trkpt lat="39.6784910" lon="-104.9619420">
    <ele>1635.8</ele>
    <time>2022-11-17T04:26:25Z</time>
   </trkpt>
   <trkpt lat="39.6784990" lon="-104.9619140">
    <ele>1635.8</ele>
    <time>2022-11-17T04:26:26Z</time>
   </trkpt>
   <trkpt lat="39.6785010" lon="-104.9619020">
    <ele>1635.8</ele>
    <time>2022-11-17T04:26:27Z</time>
   </trkpt>
   <trkpt lat="39.6785030" lon="-104.9618890">
    <ele>1635.8</ele>
    <time>2022-11-17T04:26:28Z</time>
   </trkpt>
   <trkpt lat="39.6785070" lon="-104.9618670">
    <ele>1635.9</ele>
    <time>2022-11-17T04:26:29Z</time>
   </trkpt>
   <trkpt lat="39.6785070" lon="-104.9618510">
    <ele>1635.9</ele>
    <time>2022-11-17T04:26:30Z</time>
   </trkpt>
   <trkpt lat="39.6785080" lon="-104.9618350">
    <ele>1635.9</ele>
    <time>2022-11-17T04:26:31Z</time>
   </trkpt>
   <trkpt lat="39.6785070" lon="-104.9618190">
    <ele>1635.9</ele>
    <time>2022-11-17T04:26:32Z</time>
   </trkpt>
   <trkpt lat="39.6785100" lon="-104.9618040">
    <ele>1636.0</ele>
    <time>2022-11-17T04:26:33Z</time>
   </trkpt>
   <trkpt lat="39.6785090" lon="-104.9617820">
    <ele>1636.0</ele>
    <time>2022-11-17T04:26:34Z</time>
   </trkpt>
   <trkpt lat="39.6784970" lon="-104.9617680">
    <ele>1636.0</ele>
    <time>2022-11-17T04:26:35Z</time>
   </trkpt>
   <trkpt lat="39.6784930" lon="-104.9617390">
    <ele>1636.0</ele>
    <time>2022-11-17T04:26:36Z</time>
   </trkpt>
   <trkpt lat="39.6784910" lon="-104.9617300">
    <ele>1636.1</ele>
    <time>2022-11-17T04:26:37Z</time>
   </trkpt>
   <trkpt lat="39.6784890" lon="-104.9617210">
    <ele>1636.1</ele>
    <time>2022-11-17T04:26:38Z</time>
   </trkpt>
   <trkpt lat="39.6784860" lon="-104.9617100">
    <ele>1636.1</ele>
    <time>2022-11-17T04:26:39Z</time>
   </trkpt>
   <trkpt lat="39.6784750" lon="-104.9616840">
    <ele>1636.1</ele>
    <time>2022-11-17T04:26:40Z</time>
   </trkpt>
   <trkpt lat="39.6784760" lon="-104.9616730">
    <ele>1636.1</ele>
    <time>2022-11-17T04:26:41Z</time>
   </trkpt>
   <trkpt lat="39.6784680" lon="-104.9616590">
    <ele>1636.2</ele>
    <time>2022-11-17T04:26:42Z</time>
   </trkpt>
   <trkpt lat="39.6784630" lon="-104.9616460">
    <ele>1636.2</ele>
    <time>2022-11-17T04:26:43Z</time>
   </trkpt>
   <trkpt lat="39.6784600" lon="-104.9616210">
    <ele>1636.2</ele>
    <time>2022-11-17T04:26:44Z</time>
   </trkpt>
   <trkpt lat="39.6784590" lon="-104.9616100">
    <ele>1636.2</ele>
    <time>2022-11-17T04:26:45Z</time>
   </trkpt>
   <trkpt lat="39.6784580" lon="-104.9615990">
    <ele>1636.2</ele>
    <time>2022-11-17T04:26:46Z</time>
   </trkpt>
   <trkpt lat="39.6784630" lon="-104.9615840">
    <ele>1636.2</ele>
    <time>2022-11-17T04:26:47Z</time>
   </trkpt>
   <trkpt lat="39.6784740" lon="-104.9615640">
    <ele>1636.3</ele>
    <time>2022-11-17T04:26:48Z</time>
   </trkpt>
   <trkpt lat="39.6784780" lon="-104.9615410">
    <ele>1636.3</ele>
    <time>2022-11-17T04:26:49Z</time>
   </trkpt>
   <trkpt lat="39.6784810" lon="-104.9615190">
    <ele>1636.3</ele>
    <time>2022-11-17T04:26:50Z</time>
   </trkpt>
   <trkpt lat="39.6784910" lon="-104.9614790">
    <ele>1636.4</ele>
    <time>2022-11-17T04:26:51Z</time>
   </trkpt>
   <trkpt lat="39.6784940" lon="-104.9614670">
    <ele>1636.4</ele>
    <time>2022-11-17T04:26:52Z</time>
   </trkpt>
   <trkpt lat="39.6784860" lon="-104.9614460">
    <ele>1636.4</ele>
    <time>2022-11-17T04:26:53Z</time>
   </trkpt>
   <trkpt lat="39.6784770" lon="-104.9614320">
    <ele>1636.4</ele>
    <time>2022-11-17T04:26:54Z</time>
   </trkpt>
   <trkpt lat="39.6784710" lon="-104.9614150">
    <ele>1636.5</ele>
    <time>2022-11-17T04:26:55Z</time>
   </trkpt>
   <trkpt lat="39.6784610" lon="-104.9613990">
    <ele>1636.5</ele>
    <time>2022-11-17T04:26:56Z</time>
   </trkpt>
   <trkpt lat="39.6784500" lon="-104.9613720">
    <ele>1636.5</ele>
    <time>2022-11-17T04:26:57Z</time>
   </trkpt>
   <trkpt lat="39.6784480" lon="-104.9613640">
    <ele>1636.5</ele>
    <time>2022-11-17T04:26:58Z</time>
   </trkpt>
   <trkpt lat="39.6784460" lon="-104.9613560">
    <ele>1636.5</ele>
    <time>2022-11-17T04:26:59Z</time>
   </trkpt>
   <trkpt lat="39.6784380" lon="-104.9613420">
    <ele>1636.6</ele>
    <time>2022-11-17T04:27:00Z</time>
   </trkpt>
   <trkpt lat="39.6784310" lon="-104.9613250">
    <ele>1636.6</ele>
    <time>2022-11-17T04:27:01Z</time>
   </trkpt>
   <trkpt lat="39.6784160" lon="-104.9612950">
    <ele>1636.6</ele>
    <time>2022-11-17T04:27:02Z</time>
   </trkpt>
   <trkpt lat="39.6784100" lon="-104.9612860">
    <ele>1636.6</ele>
    <time>2022-11-17T04:27:03Z</time>
   </trkpt>
   <trkpt lat="39.6784110" lon="-104.9612660">
    <ele>1636.6</ele>
    <time>2022-11-17T04:27:04Z</time>
   </trkpt>
   <trkpt lat="39.6784130" lon="-104.9612480">
    <ele>1636.7</ele>
    <time>2022-11-17T04:27:05Z</time>
   </trkpt>
   <trkpt lat="39.6784140" lon="-104.9612210">
    <ele>1636.7</ele>
    <time>2022-11-17T04:27:06Z</time>
   </trkpt>
   <trkpt lat="39.6784110" lon="-104.9612110">
    <ele>1636.7</ele>
    <time>2022-11-17T04:27:07Z</time>
   </trkpt>
   <trkpt lat="39.6784090" lon="-104.9612000">
    <ele>1636.7</ele>
    <time>2022-11-17T04:27:08Z</time>
   </trkpt>
   <trkpt lat="39.6784020" lon="-104.9611730">
    <ele>1636.7</ele>
    <time>2022-11-17T04:27:09Z</time>
   </trkpt>
   <trkpt lat="39.6784000" lon="-104.9611630">
    <ele>1636.7</ele>
    <time>2022-11-17T04:27:10Z</time>
   </trkpt>
   <trkpt lat="39.6783980" lon="-104.9611540">
    <ele>1636.8</ele>
    <time>2022-11-17T04:27:11Z</time>
   </trkpt>
   <trkpt lat="39.6783920" lon="-104.9611290">
    <ele>1636.8</ele>
    <time>2022-11-17T04:27:12Z</time>
   </trkpt>
   <trkpt lat="39.6783910" lon="-104.9611180">
    <ele>1636.8</ele>
    <time>2022-11-17T04:27:13Z</time>
   </trkpt>
   <trkpt lat="39.6783900" lon="-104.9611080">
    <ele>1636.8</ele>
    <time>2022-11-17T04:27:14Z</time>
   </trkpt>
   <trkpt lat="39.6783820" lon="-104.9610950">
    <ele>1636.8</ele>
    <time>2022-11-17T04:27:15Z</time>
   </trkpt>
   <trkpt lat="39.6783750" lon="-104.9610840">
    <ele>1636.8</ele>
    <time>2022-11-17T04:27:16Z</time>
   </trkpt>
   <trkpt lat="39.6783750" lon="-104.9610660">
    <ele>1636.8</ele>
    <time>2022-11-17T04:27:17Z</time>
   </trkpt>
   <trkpt lat="39.6783780" lon="-104.9610370">
    <ele>1636.9</ele>
    <time>2022-11-17T04:27:18Z</time>
   </trkpt>
   <trkpt lat="39.6783810" lon="-104.9610260">
    <ele>1636.9</ele>
    <time>2022-11-17T04:27:19Z</time>
   </trkpt>
   <trkpt lat="39.6783830" lon="-104.9610140">
    <ele>1636.9</ele>
    <time>2022-11-17T04:27:20Z</time>
   </trkpt>
   <trkpt lat="39.6783860" lon="-104.9609890">
    <ele>1636.9</ele>
    <time>2022-11-17T04:27:21Z</time>
   </trkpt>
   <trkpt lat="39.6783880" lon="-104.9609780">
    <ele>1636.9</ele>
    <time>2022-11-17T04:27:22Z</time>
   </trkpt>
   <trkpt lat="39.6783890" lon="-104.9609670">
    <ele>1636.9</ele>
    <time>2022-11-17T04:27:23Z</time>
   </trkpt>
   <trkpt lat="39.6783860" lon="-104.9609400">
    <ele>1637.0</ele>
    <time>2022-11-17T04:27:24Z</time>
   </trkpt>
   <trkpt lat="39.6783870" lon="-104.9609300">
    <ele>1637.0</ele>
    <time>2022-11-17T04:27:25Z</time>
   </trkpt>
   <trkpt lat="39.6783880" lon="-104.9609200">
    <ele>1637.0</ele>
    <time>2022-11-17T04:27:26Z</time>
   </trkpt>
   <trkpt lat="39.6783870" lon="-104.9609120">
    <ele>1637.0</ele>
    <time>2022-11-17T04:27:27Z</time>
   </trkpt>
   <trkpt lat="39.6783840" lon="-104.9608980">
    <ele>1637.0</ele>
    <time>2022-11-17T04:27:28Z</time>
   </trkpt>
   <trkpt lat="39.6783830" lon="-104.9608890">
    <ele>1637.0</ele>
    <time>2022-11-17T04:27:29Z</time>
   </trkpt>
   <trkpt lat="39.6783820" lon="-104.9608760">
    <ele>1637.1</ele>
    <time>2022-11-17T04:27:30Z</time>
   </trkpt>
   <trkpt lat="39.6783790" lon="-104.9608620">
    <ele>1637.1</ele>
    <time>2022-11-17T04:27:31Z</time>
   </trkpt>
   <trkpt lat="39.6783690" lon="-104.9608480">
    <ele>1637.1</ele>
    <time>2022-11-17T04:27:32Z</time>
   </trkpt>
   <trkpt lat="39.6783640" lon="-104.9608410">
    <ele>1637.1</ele>
    <time>2022-11-17T04:27:33Z</time>
   </trkpt>
   <trkpt lat="39.6783620" lon="-104.9608260">
    <ele>1637.1</ele>
    <time>2022-11-17T04:27:34Z</time>
   </trkpt>
   <trkpt lat="39.6783560" lon="-104.9608170">
    <ele>1637.1</ele>
    <time>2022-11-17T04:27:35Z</time>
   </trkpt>
   <trkpt lat="39.6783540" lon="-104.9608040">
    <ele>1637.2</ele>
    <time>2022-11-17T04:27:36Z</time>
   </trkpt>
   <trkpt lat="39.6783520" lon="-104.9607910">
    <ele>1637.2</ele>
    <time>2022-11-17T04:27:37Z</time>
   </trkpt>
   <trkpt lat="39.6783520" lon="-104.9607740">
    <ele>1637.2</ele>
    <time>2022-11-17T04:27:38Z</time>
   </trkpt>
   <trkpt lat="39.6783500" lon="-104.9607580">
    <ele>1637.2</ele>
    <time>2022-11-17T04:27:39Z</time>
   </trkpt>
   <trkpt lat="39.6783520" lon="-104.9607300">
    <ele>1637.3</ele>
    <time>2022-11-17T04:27:40Z</time>
   </trkpt>
   <trkpt lat="39.6783500" lon="-104.9607170">
    <ele>1637.3</ele>
    <time>2022-11-17T04:27:41Z</time>
   </trkpt>
   <trkpt lat="39.6783470" lon="-104.9607040">
    <ele>1637.3</ele>
    <time>2022-11-17T04:27:42Z</time>
   </trkpt>
   <trkpt lat="39.6783460" lon="-104.9606860">
    <ele>1637.3</ele>
    <time>2022-11-17T04:27:43Z</time>
   </trkpt>
   <trkpt lat="39.6783480" lon="-104.9606750">
    <ele>1637.3</ele>
    <time>2022-11-17T04:27:44Z</time>
   </trkpt>
   <trkpt lat="39.6783500" lon="-104.9606610">
    <ele>1637.4</ele>
    <time>2022-11-17T04:27:45Z</time>
   </trkpt>
   <trkpt lat="39.6783460" lon="-104.9606310">
    <ele>1637.4</ele>
    <time>2022-11-17T04:27:46Z</time>
   </trkpt>
   <trkpt lat="39.6783460" lon="-104.9606200">
    <ele>1637.4</ele>
    <time>2022-11-17T04:27:47Z</time>
   </trkpt>
   <trkpt lat="39.6783460" lon="-104.9606090">
    <ele>1637.4</ele>
    <time>2022-11-17T04:27:48Z</time>
   </trkpt>
   <trkpt lat="39.6783420" lon="-104.9605860">
    <ele>1637.5</ele>
    <time>2022-11-17T04:27:49Z</time>
   </trkpt>
   <trkpt lat="39.6783420" lon="-104.9605700">
    <ele>1637.5</ele>
    <time>2022-11-17T04:27:50Z</time>
   </trkpt>
   <trkpt lat="39.6783420" lon="-104.9605570">
    <ele>1637.5</ele>
    <time>2022-11-17T04:27:51Z</time>
   </trkpt>
   <trkpt lat="39.6783400" lon="-104.9605420">
    <ele>1637.5</ele>
    <time>2022-11-17T04:27:52Z</time>
   </trkpt>
   <trkpt lat="39.6783370" lon="-104.9605290">
    <ele>1637.6</ele>
    <time>2022-11-17T04:27:53Z</time>
   </trkpt>
   <trkpt lat="39.6783340" lon="-104.9605140">
    <ele>1637.6</ele>
    <time>2022-11-17T04:27:54Z</time>
   </trkpt>
   <trkpt lat="39.6783310" lon="-104.9605020">
    <ele>1637.6</ele>
    <time>2022-11-17T04:27:55Z</time>
   </trkpt>
   <trkpt lat="39.6783260" lon="-104.9604900">
    <ele>1637.6</ele>
    <time>2022-11-17T04:27:56Z</time>
   </trkpt>
   <trkpt lat="39.6783260" lon="-104.9604810">
    <ele>1637.6</ele>
    <time>2022-11-17T04:27:57Z</time>
   </trkpt>
   <trkpt lat="39.6783320" lon="-104.9604750">
    <ele>1637.7</ele>
    <time>2022-11-17T04:27:58Z</time>
   </trkpt>
   <trkpt lat="39.6783350" lon="-104.9604580">
    <ele>1637.7</ele>
    <time>2022-11-17T04:27:59Z</time>
   </trkpt>
   <trkpt lat="39.6783360" lon="-104.9604520">
    <ele>1637.7</ele>
    <time>2022-11-17T04:28:00Z</time>
   </trkpt>
   <trkpt lat="39.6783340" lon="-104.9604490">
    <ele>1637.7</ele>
    <time>2022-11-17T04:28:01Z</time>
   </trkpt>
   <trkpt lat="39.6783260" lon="-104.9604400">
    <ele>1637.7</ele>
    <time>2022-11-17T04:28:02Z</time>
   </trkpt>
   <trkpt lat="39.6783210" lon="-104.9604230">
    <ele>1637.8</ele>
    <time>2022-11-17T04:28:03Z</time>
   </trkpt>
   <trkpt lat="39.6783210" lon="-104.9604160">
    <ele>1637.8</ele>
    <time>2022-11-17T04:28:04Z</time>
   </trkpt>
   <trkpt lat="39.6783170" lon="-104.9604120">
    <ele>1637.8</ele>
    <time>2022-11-17T04:28:05Z</time>
   </trkpt>
   <trkpt lat="39.6783160" lon="-104.9604050">
    <ele>1637.8</ele>
    <time>2022-11-17T04:28:06Z</time>
   </trkpt>
   <trkpt lat="39.6783110" lon="-104.9603940">
    <ele>1637.8</ele>
    <time>2022-11-17T04:28:07Z</time>
   </trkpt>
   <trkpt lat="39.6783010" lon="-104.9603790">
    <ele>1637.9</ele>
    <time>2022-11-17T04:28:08Z</time>
   </trkpt>
   <trkpt lat="39.6782920" lon="-104.9603590">
    <ele>1637.9</ele>
    <time>2022-11-17T04:28:09Z</time>
   </trkpt>
   <trkpt lat="39.6782870" lon="-104.9603460">
    <ele>1637.9</ele>
    <time>2022-11-17T04:28:10Z</time>
   </trkpt>
   <trkpt lat="39.6782780" lon="-104.9603060">
    <ele>1638.0</ele>
    <time>2022-11-17T04:28:11Z</time>
   </trkpt>
   <trkpt lat="39.6782720" lon="-104.9602960">
    <ele>1638.0</ele>
    <time>2022-11-17T04:28:12Z</time>
   </trkpt>
   <trkpt lat="39.6782700" lon="-104.9602740">
    <ele>1638.0</ele>
    <time>2022-11-17T04:28:13Z</time>
   </trkpt>
   <trkpt lat="39.6782760" lon="-104.9602530">
    <ele>1638.1</ele>
    <time>2022-11-17T04:28:14Z</time>
   </trkpt>
   <trkpt lat="39.6782810" lon="-104.9602120">
    <ele>1638.2</ele>
    <time>2022-11-17T04:28:15Z</time>
   </trkpt>
   <trkpt lat="39.6782810" lon="-104.9602030">
    <ele>1638.2</ele>
    <time>2022-11-17T04:28:16Z</time>
   </trkpt>
   <trkpt lat="39.6782670" lon="-104.9601800">
    <ele>1638.2</ele>
    <time>2022-11-17T04:28:17Z</time>
   </trkpt>
   <trkpt lat="39.6782620" lon="-104.9601710">
    <ele>1638.2</ele>
    <time>2022-11-17T04:28:18Z</time>
   </trkpt>
   <trkpt lat="39.6782570" lon="-104.9601610">
    <ele>1638.3</ele>
    <time>2022-11-17T04:28:19Z</time>
   </trkpt>
   <trkpt lat="39.6782480" lon="-104.9601530">
    <ele>1638.3</ele>
    <time>2022-11-17T04:28:20Z</time>
   </trkpt>
   <trkpt lat="39.6782290" lon="-104.9601570">
    <ele>1638.3</ele>
    <time>2022-11-17T04:28:21Z</time>
   </trkpt>
   <trkpt lat="39.6782190" lon="-104.9601470">
    <ele>1638.4</ele>
    <time>2022-11-17T04:28:22Z</time>
   </trkpt>
   <trkpt lat="39.6782000" lon="-104.9601480">
    <ele>1638.4</ele>
    <time>2022-11-17T04:28:23Z</time>
   </trkpt>
   <trkpt lat="39.6781890" lon="-104.9601470">
    <ele>1638.4</ele>
    <time>2022-11-17T04:28:24Z</time>
   </trkpt>
   <trkpt lat="39.6781660" lon="-104.9601410">
    <ele>1638.5</ele>
    <time>2022-11-17T04:28:25Z</time>
   </trkpt>
   <trkpt lat="39.6781310" lon="-104.9601290">
    <ele>1638.5</ele>
    <time>2022-11-17T04:28:26Z</time>
   </trkpt>
   <trkpt lat="39.6781200" lon="-104.9601250">
    <ele>1638.6</ele>
    <time>2022-11-17T04:28:27Z</time>
   </trkpt>
   <trkpt lat="39.6781060" lon="-104.9601210">
    <ele>1638.6</ele>
    <time>2022-11-17T04:28:28Z</time>
   </trkpt>
   <trkpt lat="39.6780850" lon="-104.9601200">
    <ele>1638.6</ele>
    <time>2022-11-17T04:28:29Z</time>
   </trkpt>
   <trkpt lat="39.6780700" lon="-104.9601140">
    <ele>1638.6</ele>
    <time>2022-11-17T04:28:30Z</time>
   </trkpt>
   <trkpt lat="39.6780580" lon="-104.9601000">
    <ele>1638.6</ele>
    <time>2022-11-17T04:28:31Z</time>
   </trkpt>
   <trkpt lat="39.6780460" lon="-104.9600880">
    <ele>1638.7</ele>
    <time>2022-11-17T04:28:32Z</time>
   </trkpt>
   <trkpt lat="39.6780450" lon="-104.9600810">
    <ele>1638.7</ele>
    <time>2022-11-17T04:28:33Z</time>
   </trkpt>
   <trkpt lat="39.6780430" lon="-104.9600740">
    <ele>1638.7</ele>
    <time>2022-11-17T04:28:34Z</time>
   </trkpt>
   <trkpt lat="39.6780410" lon="-104.9600670">
    <ele>1638.7</ele>
    <time>2022-11-17T04:28:35Z</time>
   </trkpt>
   <trkpt lat="39.6780400" lon="-104.9600600">
    <ele>1638.7</ele>
    <time>2022-11-17T04:28:36Z</time>
   </trkpt>
   <trkpt lat="39.6780380" lon="-104.9600530">
    <ele>1638.7</ele>
    <time>2022-11-17T04:28:37Z</time>
   </trkpt>
   <trkpt lat="39.6780360" lon="-104.9600460">
    <ele>1638.7</ele>
    <time>2022-11-17T04:28:38Z</time>
   </trkpt>
   <trkpt lat="39.6780310" lon="-104.9600170">
    <ele>1638.8</ele>
    <time>2022-11-17T04:28:39Z</time>
   </trkpt>
   <trkpt lat="39.6780290" lon="-104.9600070">
    <ele>1638.8</ele>
    <time>2022-11-17T04:28:40Z</time>
   </trkpt>
   <trkpt lat="39.6780280" lon="-104.9599960">
    <ele>1638.8</ele>
    <time>2022-11-17T04:28:41Z</time>
   </trkpt>
   <trkpt lat="39.6780340" lon="-104.9599790">
    <ele>1638.8</ele>
    <time>2022-11-17T04:28:42Z</time>
   </trkpt>
   <trkpt lat="39.6780410" lon="-104.9599640">
    <ele>1638.8</ele>
    <time>2022-11-17T04:28:43Z</time>
   </trkpt>
   <trkpt lat="39.6780540" lon="-104.9599400">
    <ele>1638.8</ele>
    <time>2022-11-17T04:28:44Z</time>
   </trkpt>
   <trkpt lat="39.6780590" lon="-104.9599330">
    <ele>1638.8</ele>
    <time>2022-11-17T04:28:45Z</time>
   </trkpt>
   <trkpt lat="39.6780640" lon="-104.9599260">
    <ele>1638.9</ele>
    <time>2022-11-17T04:28:46Z</time>
   </trkpt>
   <trkpt lat="39.6780730" lon="-104.9599090">
    <ele>1638.9</ele>
    <time>2022-11-17T04:28:47Z</time>
   </trkpt>
   <trkpt lat="39.6780840" lon="-104.9598990">
    <ele>1638.9</ele>
    <time>2022-11-17T04:28:48Z</time>
   </trkpt>
   <trkpt lat="39.6780910" lon="-104.9598930">
    <ele>1638.9</ele>
    <time>2022-11-17T04:28:49Z</time>
   </trkpt>
   <trkpt lat="39.6780990" lon="-104.9598850">
    <ele>1638.9</ele>
    <time>2022-11-17T04:28:50Z</time>
   </trkpt>
   <trkpt lat="39.6781100" lon="-104.9598720">
    <ele>1638.9</ele>
    <time>2022-11-17T04:28:51Z</time>
   </trkpt>
   <trkpt lat="39.6781200" lon="-104.9598680">
    <ele>1638.9</ele>
    <time>2022-11-17T04:28:52Z</time>
   </trkpt>
   <trkpt lat="39.6781250" lon="-104.9598670">
    <ele>1639.0</ele>
    <time>2022-11-17T04:28:53Z</time>
   </trkpt>
   <trkpt lat="39.6781320" lon="-104.9598510">
    <ele>1639.0</ele>
    <time>2022-11-17T04:28:54Z</time>
   </trkpt>
   <trkpt lat="39.6781390" lon="-104.9598410">
    <ele>1639.0</ele>
    <time>2022-11-17T04:28:55Z</time>
   </trkpt>
   <trkpt lat="39.6781520" lon="-104.9598210">
    <ele>1639.0</ele>
    <time>2022-11-17T04:28:56Z</time>
   </trkpt>
   <trkpt lat="39.6781780" lon="-104.9597870">
    <ele>1639.1</ele>
    <time>2022-11-17T04:28:57Z</time>
   </trkpt>
   <trkpt lat="39.6781860" lon="-104.9597720">
    <ele>1639.1</ele>
    <time>2022-11-17T04:28:58Z</time>
   </trkpt>
   <trkpt lat="39.6781960" lon="-104.9597560">
    <ele>1639.1</ele>
    <time>2022-11-17T04:28:59Z</time>
   </trkpt>
   <trkpt lat="39.6782080" lon="-104.9597480">
    <ele>1639.1</ele>
    <time>2022-11-17T04:29:00Z</time>
   </trkpt>
   <trkpt lat="39.6782190" lon="-104.9597330">
    <ele>1639.1</ele>
    <time>2022-11-17T04:29:01Z</time>
   </trkpt>
   <trkpt lat="39.6782270" lon="-104.9597150">
    <ele>1639.2</ele>
    <time>2022-11-17T04:29:02Z</time>
   </trkpt>
   <trkpt lat="39.6782380" lon="-104.9597000">
    <ele>1639.2</ele>
    <time>2022-11-17T04:29:03Z</time>
   </trkpt>
   <trkpt lat="39.6782480" lon="-104.9596820">
    <ele>1639.2</ele>
    <time>2022-11-17T04:29:04Z</time>
   </trkpt>
   <trkpt lat="39.6782600" lon="-104.9596660">
    <ele>1639.2</ele>
    <time>2022-11-17T04:29:05Z</time>
   </trkpt>
   <trkpt lat="39.6782700" lon="-104.9596520">
    <ele>1639.2</ele>
    <time>2022-11-17T04:29:06Z</time>
   </trkpt>
   <trkpt lat="39.6782930" lon="-104.9596300">
    <ele>1639.3</ele>
    <time>2022-11-17T04:29:07Z</time>
   </trkpt>
   <trkpt lat="39.6783010" lon="-104.9596210">
    <ele>1639.3</ele>
    <time>2022-11-17T04:29:08Z</time>
   </trkpt>
   <trkpt lat="39.6783280" lon="-104.9596100">
    <ele>1639.3</ele>
    <time>2022-11-17T04:29:09Z</time>
   </trkpt>
   <trkpt lat="39.6783370" lon="-104.9596050">
    <ele>1639.4</ele>
    <time>2022-11-17T04:29:10Z</time>
   </trkpt>
   <trkpt lat="39.6783500" lon="-104.9596010">
    <ele>1639.3</ele>
    <time>2022-11-17T04:29:11Z</time>
   </trkpt>
   <trkpt lat="39.6783680" lon="-104.9595950">
    <ele>1639.3</ele>
    <time>2022-11-17T04:29:12Z</time>
   </trkpt>
   <trkpt lat="39.6783960" lon="-104.9595860">
    <ele>1639.2</ele>
    <time>2022-11-17T04:29:13Z</time>
   </trkpt>
   <trkpt lat="39.6784060" lon="-104.9595810">
    <ele>1639.2</ele>
    <time>2022-11-17T04:29:14Z</time>
   </trkpt>
   <trkpt lat="39.6784320" lon="-104.9595600">
    <ele>1639.1</ele>
    <time>2022-11-17T04:29:15Z</time>
   </trkpt>
   <trkpt lat="39.6784410" lon="-104.9595530">
    <ele>1639.1</ele>
    <time>2022-11-17T04:29:16Z</time>
   </trkpt>
   <trkpt lat="39.6784700" lon="-104.9595530">
    <ele>1639.0</ele>
    <time>2022-11-17T04:29:17Z</time>
   </trkpt>
   <trkpt lat="39.6784790" lon="-104.9595570">
    <ele>1639.0</ele>
    <time>2022-11-17T04:29:18Z</time>
   </trkpt>
   <trkpt lat="39.6784960" lon="-104.9595540">
    <ele>1639.0</ele>
    <time>2022-11-17T04:29:19Z</time>
   </trkpt>
   <trkpt lat="39.6785100" lon="-104.9595480">
    <ele>1638.9</ele>
    <time>2022-11-17T04:29:20Z</time>
   </trkpt>
   <trkpt lat="39.6785170" lon="-104.9595410">
    <ele>1638.9</ele>
    <time>2022-11-17T04:29:21Z</time>
   </trkpt>
   <trkpt lat="39.6785250" lon="-104.9595410">
    <ele>1638.9</ele>
    <time>2022-11-17T04:29:22Z</time>
   </trkpt>
   <trkpt lat="39.6785270" lon="-104.9595400">
    <ele>1638.9</ele>
    <time>2022-11-17T04:29:23Z</time>
   </trkpt>
   <trkpt lat="39.6785220" lon="-104.9595370">
    <ele>1638.9</ele>
    <time>2022-11-17T04:29:24Z</time>
   </trkpt>
   <trkpt lat="39.6785250" lon="-104.9595220">
    <ele>1638.9</ele>
    <time>2022-11-17T04:29:25Z</time>
   </trkpt>
   <trkpt lat="39.6785200" lon="-104.9595080">
    <ele>1638.9</ele>
    <time>2022-11-17T04:29:26Z</time>
   </trkpt>
   <trkpt lat="39.6785040" lon="-104.9594910">
    <ele>1638.9</ele>
    <time>2022-11-17T04:29:27Z</time>
   </trkpt>
   <trkpt lat="39.6784990" lon="-104.9594820">
    <ele>1638.9</ele>
    <time>2022-11-17T04:29:28Z</time>
   </trkpt>
   <trkpt lat="39.6784930" lon="-104.9594730">
    <ele>1638.9</ele>
    <time>2022-11-17T04:29:29Z</time>
   </trkpt>
   <trkpt lat="39.6784880" lon="-104.9594640">
    <ele>1638.9</ele>
    <time>2022-11-17T04:29:30Z</time>
   </trkpt>
   <trkpt lat="39.6784820" lon="-104.9594550">
    <ele>1638.9</ele>
    <time>2022-11-17T04:29:31Z</time>
   </trkpt>
   <trkpt lat="39.6784750" lon="-104.9594480">
    <ele>1638.9</ele>
    <time>2022-11-17T04:29:32Z</time>
   </trkpt>
   <trkpt lat="39.6784680" lon="-104.9594400">
    <ele>1638.9</ele>
    <time>2022-11-17T04:29:33Z</time>
   </trkpt>
   <trkpt lat="39.6784610" lon="-104.9594320">
    <ele>1638.9</ele>
    <time>2022-11-17T04:29:34Z</time>
   </trkpt>
   <trkpt lat="39.6784610" lon="-104.9594320">
    <ele>1638.9</ele>
    <time>2022-11-17T04:29:35Z</time>
   </trkpt>
   <trkpt lat="39.6784510" lon="-104.9594150">
    <ele>1638.9</ele>
    <time>2022-11-17T04:29:36Z</time>
   </trkpt>
   <trkpt lat="39.6784450" lon="-104.9594140">
    <ele>1638.9</ele>
    <time>2022-11-17T04:29:37Z</time>
   </trkpt>
   <trkpt lat="39.6784370" lon="-104.9594080">
    <ele>1638.9</ele>
    <time>2022-11-17T04:29:38Z</time>
   </trkpt>
   <trkpt lat="39.6784330" lon="-104.9594080">
    <ele>1638.9</ele>
    <time>2022-11-17T04:29:39Z</time>
   </trkpt>
   <trkpt lat="39.6784340" lon="-104.9593960">
    <ele>1639.0</ele>
    <time>2022-11-17T04:29:40Z</time>
   </trkpt>
   <trkpt lat="39.6784290" lon="-104.9593920">
    <ele>1639.0</ele>
    <time>2022-11-17T04:29:41Z</time>
   </trkpt>
   <trkpt lat="39.6784300" lon="-104.9593880">
    <ele>1639.0</ele>
    <time>2022-11-17T04:29:42Z</time>
   </trkpt>
   <trkpt lat="39.6784330" lon="-104.9593740">
    <ele>1639.0</ele>
    <time>2022-11-17T04:29:43Z</time>
   </trkpt>
   <trkpt lat="39.6784340" lon="-104.9593780">
    <ele>1639.0</ele>
    <time>2022-11-17T04:29:44Z</time>
   </trkpt>
   <trkpt lat="39.6784340" lon="-104.9593780">
    <ele>1639.0</ele>
    <time>2022-11-17T04:29:45Z</time>
   </trkpt>
   <trkpt lat="39.6784250" lon="-104.9593880">
    <ele>1639.0</ele>
    <time>2022-11-17T04:29:46Z</time>
   </trkpt>
   <trkpt lat="39.6784220" lon="-104.9593880">
    <ele>1639.0</ele>
    <time>2022-11-17T04:29:47Z</time>
   </trkpt>
   <trkpt lat="39.6784220" lon="-104.9593920">
    <ele>1639.0</ele>
    <time>2022-11-17T04:29:48Z</time>
   </trkpt>
   <trkpt lat="39.6784250" lon="-104.9593820">
    <ele>1639.0</ele>
    <time>2022-11-17T04:29:49Z</time>
   </trkpt>
   <trkpt lat="39.6784270" lon="-104.9593720">
    <ele>1639.0</ele>
    <time>2022-11-17T04:29:50Z</time>
   </trkpt>
   <trkpt lat="39.6784390" lon="-104.9593660">
    <ele>1639.0</ele>
    <time>2022-11-17T04:29:51Z</time>
   </trkpt>
   <trkpt lat="39.6784510" lon="-104.9593510">
    <ele>1639.0</ele>
    <time>2022-11-17T04:29:52Z</time>
   </trkpt>
   <trkpt lat="39.6784620" lon="-104.9593480">
    <ele>1639.0</ele>
    <time>2022-11-17T04:29:53Z</time>
   </trkpt>
   <trkpt lat="39.6784630" lon="-104.9593440">
    <ele>1639.0</ele>
    <time>2022-11-17T04:29:54Z</time>
   </trkpt>
   <trkpt lat="39.6784690" lon="-104.9593440">
    <ele>1639.0</ele>
    <time>2022-11-17T04:29:55Z</time>
   </trkpt>
   <trkpt lat="39.6784840" lon="-104.9593430">
    <ele>1639.0</ele>
    <time>2022-11-17T04:29:56Z</time>
   </trkpt>
   <trkpt lat="39.6785040" lon="-104.9593420">
    <ele>1638.9</ele>
    <time>2022-11-17T04:29:57Z</time>
   </trkpt>
   <trkpt lat="39.6785100" lon="-104.9593440">
    <ele>1638.9</ele>
    <time>2022-11-17T04:29:58Z</time>
   </trkpt>
   <trkpt lat="39.6785160" lon="-104.9593470">
    <ele>1638.9</ele>
    <time>2022-11-17T04:29:59Z</time>
   </trkpt>
   <trkpt lat="39.6785230" lon="-104.9593500">
    <ele>1638.9</ele>
    <time>2022-11-17T04:30:00Z</time>
   </trkpt>
   <trkpt lat="39.6785290" lon="-104.9593530">
    <ele>1638.9</ele>
    <time>2022-11-17T04:30:01Z</time>
   </trkpt>
   <trkpt lat="39.6785470" lon="-104.9593590">
    <ele>1638.9</ele>
    <time>2022-11-17T04:30:02Z</time>
   </trkpt>
   <trkpt lat="39.6785590" lon="-104.9593660">
    <ele>1638.9</ele>
    <time>2022-11-17T04:30:03Z</time>
   </trkpt>
   <trkpt lat="39.6785700" lon="-104.9593720">
    <ele>1638.8</ele>
    <time>2022-11-17T04:30:04Z</time>
   </trkpt>
   <trkpt lat="39.6785760" lon="-104.9593750">
    <ele>1638.8</ele>
    <time>2022-11-17T04:30:05Z</time>
   </trkpt>
   <trkpt lat="39.6785880" lon="-104.9593810">
    <ele>1638.8</ele>
    <time>2022-11-17T04:30:06Z</time>
   </trkpt>
   <trkpt lat="39.6786160" lon="-104.9593950">
    <ele>1638.8</ele>
    <time>2022-11-17T04:30:07Z</time>
   </trkpt>
   <trkpt lat="39.6786270" lon="-104.9593980">
    <ele>1638.8</ele>
    <time>2022-11-17T04:30:08Z</time>
   </trkpt>
   <trkpt lat="39.6786630" lon="-104.9594490">
    <ele>1638.7</ele>
    <time>2022-11-17T04:30:09Z</time>
   </trkpt>
   <trkpt lat="39.6786810" lon="-104.9594910">
    <ele>1638.7</ele>
    <time>2022-11-17T04:30:10Z</time>
   </trkpt>
   <trkpt lat="39.6786800" lon="-104.9594410">
    <ele>1638.6</ele>
    <time>2022-11-17T04:30:11Z</time>
   </trkpt>
   <trkpt lat="39.6786900" lon="-104.9594260">
    <ele>1638.6</ele>
    <time>2022-11-17T04:30:12Z</time>
   </trkpt>
   <trkpt lat="39.6787070" lon="-104.9594270">
    <ele>1638.6</ele>
    <time>2022-11-17T04:30:13Z</time>
   </trkpt>
   <trkpt lat="39.6787300" lon="-104.9594480">
    <ele>1638.5</ele>
    <time>2022-11-17T04:30:14Z</time>
   </trkpt>
   <trkpt lat="39.6787360" lon="-104.9594550">
    <ele>1638.5</ele>
    <time>2022-11-17T04:30:15Z</time>
   </trkpt>
   <trkpt lat="39.6787480" lon="-104.9594690">
    <ele>1638.5</ele>
    <time>2022-11-17T04:30:16Z</time>
   </trkpt>
   <trkpt lat="39.6787670" lon="-104.9594740">
    <ele>1638.5</ele>
    <time>2022-11-17T04:30:17Z</time>
   </trkpt>
   <trkpt lat="39.6787790" lon="-104.9594720">
    <ele>1638.5</ele>
    <time>2022-11-17T04:30:18Z</time>
   </trkpt>
   <trkpt lat="39.6787860" lon="-104.9594730">
    <ele>1638.5</ele>
    <time>2022-11-17T04:30:19Z</time>
   </trkpt>
   <trkpt lat="39.6788010" lon="-104.9594730">
    <ele>1638.4</ele>
    <time>2022-11-17T04:30:20Z</time>
   </trkpt>
   <trkpt lat="39.6788160" lon="-104.9594820">
    <ele>1638.4</ele>
    <time>2022-11-17T04:30:21Z</time>
   </trkpt>
   <trkpt lat="39.6788250" lon="-104.9594920">
    <ele>1638.4</ele>
    <time>2022-11-17T04:30:22Z</time>
   </trkpt>
   <trkpt lat="39.6788540" lon="-104.9595030">
    <ele>1638.3</ele>
    <time>2022-11-17T04:30:23Z</time>
   </trkpt>
   <trkpt lat="39.6788620" lon="-104.9595080">
    <ele>1638.3</ele>
    <time>2022-11-17T04:30:24Z</time>
   </trkpt>
   <trkpt lat="39.6788880" lon="-104.9595250">
    <ele>1638.2</ele>
    <time>2022-11-17T04:30:25Z</time>
   </trkpt>
   <trkpt lat="39.6788960" lon="-104.9595330">
    <ele>1638.2</ele>
    <time>2022-11-17T04:30:26Z</time>
   </trkpt>
   <trkpt lat="39.6789140" lon="-104.9595380">
    <ele>1638.1</ele>
    <time>2022-11-17T04:30:27Z</time>
   </trkpt>
   <trkpt lat="39.6789270" lon="-104.9595390">
    <ele>1638.1</ele>
    <time>2022-11-17T04:30:28Z</time>
   </trkpt>
   <trkpt lat="39.6789350" lon="-104.9595340">
    <ele>1638.1</ele>
    <time>2022-11-17T04:30:29Z</time>
   </trkpt>
   <trkpt lat="39.6789470" lon="-104.9595350">
    <ele>1638.0</ele>
    <time>2022-11-17T04:30:30Z</time>
   </trkpt>
   <trkpt lat="39.6789560" lon="-104.9595460">
    <ele>1638.0</ele>
    <time>2022-11-17T04:30:31Z</time>
   </trkpt>
   <trkpt lat="39.6789750" lon="-104.9595530">
    <ele>1638.0</ele>
    <time>2022-11-17T04:30:32Z</time>
   </trkpt>
   <trkpt lat="39.6789830" lon="-104.9595530">
    <ele>1637.9</ele>
    <time>2022-11-17T04:30:33Z</time>
   </trkpt>
   <trkpt lat="39.6789920" lon="-104.9595540">
    <ele>1637.9</ele>
    <time>2022-11-17T04:30:34Z</time>
   </trkpt>
   <trkpt lat="39.6790180" lon="-104.9595560">
    <ele>1637.9</ele>
    <time>2022-11-17T04:30:35Z</time>
   </trkpt>
   <trkpt lat="39.6790300" lon="-104.9595580">
    <ele>1637.8</ele>
    <time>2022-11-17T04:30:36Z</time>
   </trkpt>
   <trkpt lat="39.6790490" lon="-104.9595630">
    <ele>1637.8</ele>
    <time>2022-11-17T04:30:37Z</time>
   </trkpt>
   <trkpt lat="39.6790580" lon="-104.9595620">
    <ele>1637.8</ele>
    <time>2022-11-17T04:30:38Z</time>
   </trkpt>
   <trkpt lat="39.6790670" lon="-104.9595610">
    <ele>1637.7</ele>
    <time>2022-11-17T04:30:39Z</time>
   </trkpt>
   <trkpt lat="39.6790830" lon="-104.9595620">
    <ele>1637.7</ele>
    <time>2022-11-17T04:30:40Z</time>
   </trkpt>
   <trkpt lat="39.6791010" lon="-104.9595630">
    <ele>1637.7</ele>
    <time>2022-11-17T04:30:41Z</time>
   </trkpt>
   <trkpt lat="39.6791150" lon="-104.9595630">
    <ele>1637.6</ele>
    <time>2022-11-17T04:30:42Z</time>
   </trkpt>
   <trkpt lat="39.6791240" lon="-104.9595670">
    <ele>1637.6</ele>
    <time>2022-11-17T04:30:43Z</time>
   </trkpt>
   <trkpt lat="39.6791300" lon="-104.9595660">
    <ele>1637.6</ele>
    <time>2022-11-17T04:30:44Z</time>
   </trkpt>
   <trkpt lat="39.6791560" lon="-104.9595560">
    <ele>1637.5</ele>
    <time>2022-11-17T04:30:45Z</time>
   </trkpt>
   <trkpt lat="39.6791670" lon="-104.9595510">
    <ele>1637.5</ele>
    <time>2022-11-17T04:30:46Z</time>
   </trkpt>
   <trkpt lat="39.6791810" lon="-104.9595420">
    <ele>1637.5</ele>
    <time>2022-11-17T04:30:47Z</time>
   </trkpt>
   <trkpt lat="39.6791970" lon="-104.9595300">
    <ele>1637.4</ele>
    <time>2022-11-17T04:30:48Z</time>
   </trkpt>
   <trkpt lat="39.6792200" lon="-104.9595190">
    <ele>1637.4</ele>
    <time>2022-11-17T04:30:49Z</time>
   </trkpt>
   <trkpt lat="39.6792280" lon="-104.9595150">
    <ele>1637.3</ele>
    <time>2022-11-17T04:30:50Z</time>
   </trkpt>
   <trkpt lat="39.6792360" lon="-104.9595110">
    <ele>1637.3</ele>
    <time>2022-11-17T04:30:51Z</time>
   </trkpt>
   <trkpt lat="39.6792580" lon="-104.9594890">
    <ele>1637.3</ele>
    <time>2022-11-17T04:30:52Z</time>
   </trkpt>
   <trkpt lat="39.6792640" lon="-104.9594790">
    <ele>1637.2</ele>
    <time>2022-11-17T04:30:53Z</time>
   </trkpt>
   <trkpt lat="39.6792880" lon="-104.9594550">
    <ele>1637.2</ele>
    <time>2022-11-17T04:30:54Z</time>
   </trkpt>
   <trkpt lat="39.6792950" lon="-104.9594470">
    <ele>1637.2</ele>
    <time>2022-11-17T04:30:55Z</time>
   </trkpt>
   <trkpt lat="39.6793100" lon="-104.9594370">
    <ele>1637.1</ele>
    <time>2022-11-17T04:30:56Z</time>
   </trkpt>
   <trkpt lat="39.6793260" lon="-104.9594380">
    <ele>1637.1</ele>
    <time>2022-11-17T04:30:57Z</time>
   </trkpt>
   <trkpt lat="39.6793360" lon="-104.9594250">
    <ele>1637.1</ele>
    <time>2022-11-17T04:30:58Z</time>
   </trkpt>
   <trkpt lat="39.6793550" lon="-104.9594270">
    <ele>1637.0</ele>
    <time>2022-11-17T04:30:59Z</time>
   </trkpt>
   <trkpt lat="39.6793690" lon="-104.9594240">
    <ele>1637.0</ele>
    <time>2022-11-17T04:31:00Z</time>
   </trkpt>
   <trkpt lat="39.6793780" lon="-104.9594230">
    <ele>1637.0</ele>
    <time>2022-11-17T04:31:01Z</time>
   </trkpt>
   <trkpt lat="39.6793870" lon="-104.9594240">
    <ele>1637.0</ele>
    <time>2022-11-17T04:31:02Z</time>
   </trkpt>
   <trkpt lat="39.6793970" lon="-104.9594280">
    <ele>1637.0</ele>
    <time>2022-11-17T04:31:03Z</time>
   </trkpt>
   <trkpt lat="39.6794080" lon="-104.9594310">
    <ele>1636.9</ele>
    <time>2022-11-17T04:31:04Z</time>
   </trkpt>
   <trkpt lat="39.6794140" lon="-104.9594260">
    <ele>1636.9</ele>
    <time>2022-11-17T04:31:05Z</time>
   </trkpt>
   <trkpt lat="39.6794330" lon="-104.9594260">
    <ele>1636.9</ele>
    <time>2022-11-17T04:31:06Z</time>
   </trkpt>
   <trkpt lat="39.6794500" lon="-104.9594230">
    <ele>1636.9</ele>
    <time>2022-11-17T04:31:07Z</time>
   </trkpt>
   <trkpt lat="39.6794660" lon="-104.9594190">
    <ele>1636.8</ele>
    <time>2022-11-17T04:31:08Z</time>
   </trkpt>
   <trkpt lat="39.6794790" lon="-104.9594280">
    <ele>1636.8</ele>
    <time>2022-11-17T04:31:09Z</time>
   </trkpt>
   <trkpt lat="39.6794900" lon="-104.9594320">
    <ele>1636.8</ele>
    <time>2022-11-17T04:31:10Z</time>
   </trkpt>
   <trkpt lat="39.6795010" lon="-104.9594310">
    <ele>1636.8</ele>
    <time>2022-11-17T04:31:11Z</time>
   </trkpt>
   <trkpt lat="39.6795130" lon="-104.9594300">
    <ele>1636.7</ele>
    <time>2022-11-17T04:31:12Z</time>
   </trkpt>
   <trkpt lat="39.6795340" lon="-104.9594230">
    <ele>1636.7</ele>
    <time>2022-11-17T04:31:13Z</time>
   </trkpt>
   <trkpt lat="39.6795420" lon="-104.9594180">
    <ele>1636.7</ele>
    <time>2022-11-17T04:31:14Z</time>
   </trkpt>
   <trkpt lat="39.6795500" lon="-104.9594140">
    <ele>1636.7</ele>
    <time>2022-11-17T04:31:15Z</time>
   </trkpt>
   <trkpt lat="39.6795680" lon="-104.9594000">
    <ele>1636.7</ele>
    <time>2022-11-17T04:31:16Z</time>
   </trkpt>
   <trkpt lat="39.6795820" lon="-104.9594000">
    <ele>1636.6</ele>
    <time>2022-11-17T04:31:17Z</time>
   </trkpt>
   <trkpt lat="39.6795900" lon="-104.9594050">
    <ele>1636.6</ele>
    <time>2022-11-17T04:31:18Z</time>
   </trkpt>
   <trkpt lat="39.6796010" lon="-104.9594060">
    <ele>1636.6</ele>
    <time>2022-11-17T04:31:19Z</time>
   </trkpt>
   <trkpt lat="39.6796120" lon="-104.9594060">
    <ele>1636.6</ele>
    <time>2022-11-17T04:31:20Z</time>
   </trkpt>
   <trkpt lat="39.6796250" lon="-104.9594030">
    <ele>1636.6</ele>
    <time>2022-11-17T04:31:21Z</time>
   </trkpt>
   <trkpt lat="39.6796400" lon="-104.9594020">
    <ele>1636.5</ele>
    <time>2022-11-17T04:31:22Z</time>
   </trkpt>
   <trkpt lat="39.6796510" lon="-104.9593970">
    <ele>1636.5</ele>
    <time>2022-11-17T04:31:23Z</time>
   </trkpt>
   <trkpt lat="39.6796560" lon="-104.9593900">
    <ele>1636.5</ele>
    <time>2022-11-17T04:31:24Z</time>
   </trkpt>
   <trkpt lat="39.6796740" lon="-104.9593870">
    <ele>1636.4</ele>
    <time>2022-11-17T04:31:25Z</time>
   </trkpt>
   <trkpt lat="39.6797010" lon="-104.9593760">
    <ele>1636.4</ele>
    <time>2022-11-17T04:31:26Z</time>
   </trkpt>
   <trkpt lat="39.6797120" lon="-104.9593740">
    <ele>1636.4</ele>
    <time>2022-11-17T04:31:27Z</time>
   </trkpt>
   <trkpt lat="39.6797310" lon="-104.9593710">
    <ele>1636.3</ele>
    <time>2022-11-17T04:31:28Z</time>
   </trkpt>
   <trkpt lat="39.6797460" lon="-104.9593690">
    <ele>1636.3</ele>
    <time>2022-11-17T04:31:29Z</time>
   </trkpt>
   <trkpt lat="39.6797600" lon="-104.9593640">
    <ele>1636.2</ele>
    <time>2022-11-17T04:31:30Z</time>
   </trkpt>
   <trkpt lat="39.6797730" lon="-104.9593480">
    <ele>1636.2</ele>
    <time>2022-11-17T04:31:31Z</time>
   </trkpt>
   <trkpt lat="39.6798070" lon="-104.9593310">
    <ele>1636.1</ele>
    <time>2022-11-17T04:31:32Z</time>
   </trkpt>
   <trkpt lat="39.6798180" lon="-104.9593200">
    <ele>1636.1</ele>
    <time>2022-11-17T04:31:33Z</time>
   </trkpt>
   <trkpt lat="39.6798310" lon="-104.9593080">
    <ele>1636.1</ele>
    <time>2022-11-17T04:31:34Z</time>
   </trkpt>
   <trkpt lat="39.6798480" lon="-104.9592960">
    <ele>1636.1</ele>
    <time>2022-11-17T04:31:35Z</time>
   </trkpt>
   <trkpt lat="39.6798740" lon="-104.9592770">
    <ele>1636.1</ele>
    <time>2022-11-17T04:31:36Z</time>
   </trkpt>
   <trkpt lat="39.6798810" lon="-104.9592730">
    <ele>1636.1</ele>
    <time>2022-11-17T04:31:37Z</time>
   </trkpt>
   <trkpt lat="39.6798890" lon="-104.9592610">
    <ele>1636.1</ele>
    <time>2022-11-17T04:31:38Z</time>
   </trkpt>
   <trkpt lat="39.6799020" lon="-104.9592450">
    <ele>1636.1</ele>
    <time>2022-11-17T04:31:39Z</time>
   </trkpt>
   <trkpt lat="39.6799290" lon="-104.9592240">
    <ele>1636.0</ele>
    <time>2022-11-17T04:31:40Z</time>
   </trkpt>
   <trkpt lat="39.6799370" lon="-104.9592180">
    <ele>1636.0</ele>
    <time>2022-11-17T04:31:41Z</time>
   </trkpt>
   <trkpt lat="39.6799530" lon="-104.9592080">
    <ele>1636.0</ele>
    <time>2022-11-17T04:31:42Z</time>
   </trkpt>
   <trkpt lat="39.6799660" lon="-104.9591910">
    <ele>1635.9</ele>
    <time>2022-11-17T04:31:43Z</time>
   </trkpt>
   <trkpt lat="39.6799810" lon="-104.9591810">
    <ele>1635.9</ele>
    <time>2022-11-17T04:31:44Z</time>
   </trkpt>
   <trkpt lat="39.6799960" lon="-104.9591750">
    <ele>1635.9</ele>
    <time>2022-11-17T04:31:45Z</time>
   </trkpt>
   <trkpt lat="39.6800220" lon="-104.9591650">
    <ele>1635.8</ele>
    <time>2022-11-17T04:31:46Z</time>
   </trkpt>
   <trkpt lat="39.6800330" lon="-104.9591610">
    <ele>1635.8</ele>
    <time>2022-11-17T04:31:47Z</time>
   </trkpt>
   <trkpt lat="39.6800450" lon="-104.9591570">
    <ele>1635.8</ele>
    <time>2022-11-17T04:31:48Z</time>
   </trkpt>
   <trkpt lat="39.6800650" lon="-104.9591530">
    <ele>1635.8</ele>
    <time>2022-11-17T04:31:49Z</time>
   </trkpt>
   <trkpt lat="39.6800740" lon="-104.9591510">
    <ele>1635.7</ele>
    <time>2022-11-17T04:31:50Z</time>
   </trkpt>
   <trkpt lat="39.6800830" lon="-104.9591480">
    <ele>1635.8</ele>
    <time>2022-11-17T04:31:51Z</time>
   </trkpt>
   <trkpt lat="39.6800980" lon="-104.9591480">
    <ele>1635.8</ele>
    <time>2022-11-17T04:31:52Z</time>
   </trkpt>
   <trkpt lat="39.6801110" lon="-104.9591460">
    <ele>1635.8</ele>
    <time>2022-11-17T04:31:53Z</time>
   </trkpt>
   <trkpt lat="39.6801270" lon="-104.9591260">
    <ele>1635.8</ele>
    <time>2022-11-17T04:31:54Z</time>
   </trkpt>
   <trkpt lat="39.6801270" lon="-104.9591160">
    <ele>1635.8</ele>
    <time>2022-11-17T04:31:55Z</time>
   </trkpt>
   <trkpt lat="39.6801390" lon="-104.9590840">
    <ele>1635.9</ele>
    <time>2022-11-17T04:31:56Z</time>
   </trkpt>
   <trkpt lat="39.6801450" lon="-104.9590740">
    <ele>1635.9</ele>
    <time>2022-11-17T04:31:57Z</time>
   </trkpt>
   <trkpt lat="39.6801580" lon="-104.9590400">
    <ele>1635.8</ele>
    <time>2022-11-17T04:31:58Z</time>
   </trkpt>
   <trkpt lat="39.6801640" lon="-104.9590280">
    <ele>1635.8</ele>
    <time>2022-11-17T04:31:59Z</time>
   </trkpt>
   <trkpt lat="39.6801770" lon="-104.9589920">
    <ele>1635.8</ele>
    <time>2022-11-17T04:32:00Z</time>
   </trkpt>
   <trkpt lat="39.6801810" lon="-104.9589790">
    <ele>1635.8</ele>
    <time>2022-11-17T04:32:01Z</time>
   </trkpt>
   <trkpt lat="39.6801880" lon="-104.9589610">
    <ele>1635.7</ele>
    <time>2022-11-17T04:32:02Z</time>
   </trkpt>
   <trkpt lat="39.6802000" lon="-104.9589430">
    <ele>1635.7</ele>
    <time>2022-11-17T04:32:03Z</time>
   </trkpt>
   <trkpt lat="39.6802050" lon="-104.9589250">
    <ele>1635.7</ele>
    <time>2022-11-17T04:32:04Z</time>
   </trkpt>
   <trkpt lat="39.6802140" lon="-104.9589050">
    <ele>1635.7</ele>
    <time>2022-11-17T04:32:05Z</time>
   </trkpt>
   <trkpt lat="39.6802190" lon="-104.9588830">
    <ele>1635.8</ele>
    <time>2022-11-17T04:32:06Z</time>
   </trkpt>
   <trkpt lat="39.6802200" lon="-104.9588650">
    <ele>1635.8</ele>
    <time>2022-11-17T04:32:07Z</time>
   </trkpt>
   <trkpt lat="39.6802260" lon="-104.9588430">
    <ele>1635.8</ele>
    <time>2022-11-17T04:32:08Z</time>
   </trkpt>
   <trkpt lat="39.6802320" lon="-104.9588240">
    <ele>1635.8</ele>
    <time>2022-11-17T04:32:09Z</time>
   </trkpt>
   <trkpt lat="39.6802450" lon="-104.9588080">
    <ele>1635.8</ele>
    <time>2022-11-17T04:32:10Z</time>
   </trkpt>
   <trkpt lat="39.6802470" lon="-104.9587870">
    <ele>1635.9</ele>
    <time>2022-11-17T04:32:11Z</time>
   </trkpt>
   <trkpt lat="39.6802420" lon="-104.9587610">
    <ele>1635.9</ele>
    <time>2022-11-17T04:32:12Z</time>
   </trkpt>
   <trkpt lat="39.6802440" lon="-104.9587400">
    <ele>1635.9</ele>
    <time>2022-11-17T04:32:13Z</time>
   </trkpt>
   <trkpt lat="39.6802380" lon="-104.9587190">
    <ele>1635.9</ele>
    <time>2022-11-17T04:32:14Z</time>
   </trkpt>
   <trkpt lat="39.6802380" lon="-104.9587050">
    <ele>1635.9</ele>
    <time>2022-11-17T04:32:15Z</time>
   </trkpt>
   <trkpt lat="39.6802410" lon="-104.9586860">
    <ele>1636.0</ele>
    <time>2022-11-17T04:32:16Z</time>
   </trkpt>
   <trkpt lat="39.6802400" lon="-104.9586670">
    <ele>1636.0</ele>
    <time>2022-11-17T04:32:17Z</time>
   </trkpt>
   <trkpt lat="39.6802370" lon="-104.9586420">
    <ele>1636.0</ele>
    <time>2022-11-17T04:32:18Z</time>
   </trkpt>
   <trkpt lat="39.6802430" lon="-104.9586230">
    <ele>1636.1</ele>
    <time>2022-11-17T04:32:19Z</time>
   </trkpt>
   <trkpt lat="39.6802430" lon="-104.9586050">
    <ele>1636.1</ele>
    <time>2022-11-17T04:32:20Z</time>
   </trkpt>
   <trkpt lat="39.6802410" lon="-104.9585870">
    <ele>1636.1</ele>
    <time>2022-11-17T04:32:21Z</time>
   </trkpt>
   <trkpt lat="39.6802450" lon="-104.9585640">
    <ele>1636.1</ele>
    <time>2022-11-17T04:32:22Z</time>
   </trkpt>
   <trkpt lat="39.6802470" lon="-104.9585450">
    <ele>1636.1</ele>
    <time>2022-11-17T04:32:23Z</time>
   </trkpt>
   <trkpt lat="39.6802490" lon="-104.9585200">
    <ele>1636.2</ele>
    <time>2022-11-17T04:32:24Z</time>
   </trkpt>
   <trkpt lat="39.6802500" lon="-104.9585070">
    <ele>1636.2</ele>
    <time>2022-11-17T04:32:25Z</time>
   </trkpt>
   <trkpt lat="39.6802480" lon="-104.9584850">
    <ele>1636.2</ele>
    <time>2022-11-17T04:32:26Z</time>
   </trkpt>
   <trkpt lat="39.6802450" lon="-104.9584660">
    <ele>1636.2</ele>
    <time>2022-11-17T04:32:27Z</time>
   </trkpt>
   <trkpt lat="39.6802450" lon="-104.9584450">
    <ele>1636.3</ele>
    <time>2022-11-17T04:32:28Z</time>
   </trkpt>
   <trkpt lat="39.6802450" lon="-104.9584260">
    <ele>1636.3</ele>
    <time>2022-11-17T04:32:29Z</time>
   </trkpt>
   <trkpt lat="39.6802480" lon="-104.9584050">
    <ele>1636.3</ele>
    <time>2022-11-17T04:32:30Z</time>
   </trkpt>
   <trkpt lat="39.6802530" lon="-104.9583870">
    <ele>1636.3</ele>
    <time>2022-11-17T04:32:31Z</time>
   </trkpt>
   <trkpt lat="39.6802560" lon="-104.9583690">
    <ele>1636.4</ele>
    <time>2022-11-17T04:32:32Z</time>
   </trkpt>
   <trkpt lat="39.6802660" lon="-104.9583440">
    <ele>1636.4</ele>
    <time>2022-11-17T04:32:33Z</time>
   </trkpt>
   <trkpt lat="39.6802740" lon="-104.9583000">
    <ele>1636.5</ele>
    <time>2022-11-17T04:32:34Z</time>
   </trkpt>
   <trkpt lat="39.6802780" lon="-104.9582830">
    <ele>1636.5</ele>
    <time>2022-11-17T04:32:35Z</time>
   </trkpt>
   <trkpt lat="39.6802850" lon="-104.9582650">
    <ele>1636.5</ele>
    <time>2022-11-17T04:32:36Z</time>
   </trkpt>
   <trkpt lat="39.6802910" lon="-104.9582440">
    <ele>1636.5</ele>
    <time>2022-11-17T04:32:37Z</time>
   </trkpt>
   <trkpt lat="39.6802830" lon="-104.9582260">
    <ele>1636.6</ele>
    <time>2022-11-17T04:32:38Z</time>
   </trkpt>
   <trkpt lat="39.6802740" lon="-104.9582070">
    <ele>1636.6</ele>
    <time>2022-11-17T04:32:39Z</time>
   </trkpt>
   <trkpt lat="39.6802730" lon="-104.9581880">
    <ele>1636.6</ele>
    <time>2022-11-17T04:32:40Z</time>
   </trkpt>
   <trkpt lat="39.6802650" lon="-104.9581650">
    <ele>1636.7</ele>
    <time>2022-11-17T04:32:41Z</time>
   </trkpt>
   <trkpt lat="39.6802510" lon="-104.9581470">
    <ele>1636.7</ele>
    <time>2022-11-17T04:32:42Z</time>
   </trkpt>
   <trkpt lat="39.6802520" lon="-104.9581330">
    <ele>1636.7</ele>
    <time>2022-11-17T04:32:43Z</time>
   </trkpt>
   <trkpt lat="39.6802450" lon="-104.9581040">
    <ele>1636.8</ele>
    <time>2022-11-17T04:32:44Z</time>
   </trkpt>
   <trkpt lat="39.6802440" lon="-104.9580920">
    <ele>1636.8</ele>
    <time>2022-11-17T04:32:45Z</time>
   </trkpt>
   <trkpt lat="39.6802430" lon="-104.9580810">
    <ele>1636.8</ele>
    <time>2022-11-17T04:32:46Z</time>
   </trkpt>
   <trkpt lat="39.6802410" lon="-104.9580640">
    <ele>1636.9</ele>
    <time>2022-11-17T04:32:47Z</time>
   </trkpt>
   <trkpt lat="39.6802390" lon="-104.9580440">
    <ele>1636.9</ele>
    <time>2022-11-17T04:32:48Z</time>
   </trkpt>
   <trkpt lat="39.6802410" lon="-104.9580200">
    <ele>1636.9</ele>
    <time>2022-11-17T04:32:49Z</time>
   </trkpt>
   <trkpt lat="39.6802420" lon="-104.9580120">
    <ele>1636.9</ele>
    <time>2022-11-17T04:32:50Z</time>
   </trkpt>
   <trkpt lat="39.6802510" lon="-104.9580070">
    <ele>1636.9</ele>
    <time>2022-11-17T04:32:51Z</time>
   </trkpt>
   <trkpt lat="39.6802700" lon="-104.9580090">
    <ele>1636.9</ele>
    <time>2022-11-17T04:32:52Z</time>
   </trkpt>
   <trkpt lat="39.6802790" lon="-104.9580140">
    <ele>1636.9</ele>
    <time>2022-11-17T04:32:53Z</time>
   </trkpt>
   <trkpt lat="39.6802870" lon="-104.9580190">
    <ele>1636.9</ele>
    <time>2022-11-17T04:32:54Z</time>
   </trkpt>
   <trkpt lat="39.6803080" lon="-104.9580150">
    <ele>1637.0</ele>
    <time>2022-11-17T04:32:55Z</time>
   </trkpt>
   <trkpt lat="39.6803150" lon="-104.9580190">
    <ele>1637.0</ele>
    <time>2022-11-17T04:32:56Z</time>
   </trkpt>
   <trkpt lat="39.6803250" lon="-104.9580340">
    <ele>1637.0</ele>
    <time>2022-11-17T04:32:57Z</time>
   </trkpt>
   <trkpt lat="39.6803340" lon="-104.9580370">
    <ele>1637.0</ele>
    <time>2022-11-17T04:32:58Z</time>
   </trkpt>
   <trkpt lat="39.6803420" lon="-104.9580420">
    <ele>1637.0</ele>
    <time>2022-11-17T04:32:59Z</time>
   </trkpt>
   <trkpt lat="39.6803490" lon="-104.9580490">
    <ele>1637.0</ele>
    <time>2022-11-17T04:33:00Z</time>
   </trkpt>
   <trkpt lat="39.6803560" lon="-104.9580560">
    <ele>1637.0</ele>
    <time>2022-11-17T04:33:01Z</time>
   </trkpt>
   <trkpt lat="39.6803580" lon="-104.9580680">
    <ele>1637.0</ele>
    <time>2022-11-17T04:33:02Z</time>
   </trkpt>
   <trkpt lat="39.6803660" lon="-104.9580680">
    <ele>1637.0</ele>
    <time>2022-11-17T04:33:03Z</time>
   </trkpt>
   <trkpt lat="39.6803820" lon="-104.9580770">
    <ele>1636.9</ele>
    <time>2022-11-17T04:33:04Z</time>
   </trkpt>
   <trkpt lat="39.6803890" lon="-104.9580810">
    <ele>1636.9</ele>
    <time>2022-11-17T04:33:05Z</time>
   </trkpt>
   <trkpt lat="39.6803980" lon="-104.9580860">
    <ele>1636.9</ele>
    <time>2022-11-17T04:33:06Z</time>
   </trkpt>
   <trkpt lat="39.6804080" lon="-104.9580900">
    <ele>1636.9</ele>
    <time>2022-11-17T04:33:07Z</time>
   </trkpt>
   <trkpt lat="39.6804110" lon="-104.9580870">
    <ele>1636.9</ele>
    <time>2022-11-17T04:33:08Z</time>
   </trkpt>
   <trkpt lat="39.6804160" lon="-104.9580890">
    <ele>1636.9</ele>
    <time>2022-11-17T04:33:09Z</time>
   </trkpt>
   <trkpt lat="39.6804320" lon="-104.9580900">
    <ele>1636.9</ele>
    <time>2022-11-17T04:33:10Z</time>
   </trkpt>
   <trkpt lat="39.6804340" lon="-104.9580900">
    <ele>1636.9</ele>
    <time>2022-11-17T04:33:11Z</time>
   </trkpt>
   <trkpt lat="39.6804360" lon="-104.9580900">
    <ele>1636.9</ele>
    <time>2022-11-17T04:33:12Z</time>
   </trkpt>
   <trkpt lat="39.6804500" lon="-104.9581030">
    <ele>1636.9</ele>
    <time>2022-11-17T04:33:13Z</time>
   </trkpt>
   <trkpt lat="39.6804620" lon="-104.9581050">
    <ele>1636.9</ele>
    <time>2022-11-17T04:33:14Z</time>
   </trkpt>
   <trkpt lat="39.6804780" lon="-104.9581060">
    <ele>1636.9</ele>
    <time>2022-11-17T04:33:15Z</time>
   </trkpt>
   <trkpt lat="39.6804940" lon="-104.9580970">
    <ele>1636.9</ele>
    <time>2022-11-17T04:33:16Z</time>
   </trkpt>
   <trkpt lat="39.6804900" lon="-104.9580890">
    <ele>1636.9</ele>
    <time>2022-11-17T04:33:17Z</time>
   </trkpt>
   <trkpt lat="39.6804870" lon="-104.9580900">
    <ele>1636.9</ele>
    <time>2022-11-17T04:33:18Z</time>
   </trkpt>
   <trkpt lat="39.6804940" lon="-104.9580890">
    <ele>1636.9</ele>
    <time>2022-11-17T04:33:19Z</time>
   </trkpt>
   <trkpt lat="39.6805230" lon="-104.9580730">
    <ele>1636.8</ele>
    <time>2022-11-17T04:33:20Z</time>
   </trkpt>
   <trkpt lat="39.6805300" lon="-104.9580640">
    <ele>1636.8</ele>
    <time>2022-11-17T04:33:21Z</time>
   </trkpt>
   <trkpt lat="39.6805450" lon="-104.9580670">
    <ele>1636.8</ele>
    <time>2022-11-17T04:33:22Z</time>
   </trkpt>
   <trkpt lat="39.6805500" lon="-104.9580680">
    <ele>1636.8</ele>
    <time>2022-11-17T04:33:23Z</time>
   </trkpt>
   <trkpt lat="39.6805680" lon="-104.9580670">
    <ele>1636.8</ele>
    <time>2022-11-17T04:33:24Z</time>
   </trkpt>
   <trkpt lat="39.6805740" lon="-104.9580660">
    <ele>1636.8</ele>
    <time>2022-11-17T04:33:25Z</time>
   </trkpt>
   <trkpt lat="39.6805800" lon="-104.9580620">
    <ele>1636.8</ele>
    <time>2022-11-17T04:33:26Z</time>
   </trkpt>
   <trkpt lat="39.6805990" lon="-104.9580490">
    <ele>1636.8</ele>
    <time>2022-11-17T04:33:27Z</time>
   </trkpt>
   <trkpt lat="39.6806070" lon="-104.9580450">
    <ele>1636.8</ele>
    <time>2022-11-17T04:33:28Z</time>
   </trkpt>
   <trkpt lat="39.6806140" lon="-104.9580420">
    <ele>1636.8</ele>
    <time>2022-11-17T04:33:29Z</time>
   </trkpt>
   <trkpt lat="39.6806220" lon="-104.9580370">
    <ele>1636.8</ele>
    <time>2022-11-17T04:33:30Z</time>
   </trkpt>
   <trkpt lat="39.6806310" lon="-104.9580270">
    <ele>1636.8</ele>
    <time>2022-11-17T04:33:31Z</time>
   </trkpt>
   <trkpt lat="39.6806610" lon="-104.9580240">
    <ele>1636.7</ele>
    <time>2022-11-17T04:33:32Z</time>
   </trkpt>
   <trkpt lat="39.6806720" lon="-104.9580290">
    <ele>1636.7</ele>
    <time>2022-11-17T04:33:33Z</time>
   </trkpt>
   <trkpt lat="39.6806910" lon="-104.9580440">
    <ele>1636.7</ele>
    <time>2022-11-17T04:33:34Z</time>
   </trkpt>
   <trkpt lat="39.6807010" lon="-104.9580490">
    <ele>1636.7</ele>
    <time>2022-11-17T04:33:35Z</time>
   </trkpt>
   <trkpt lat="39.6807310" lon="-104.9580460">
    <ele>1636.7</ele>
    <time>2022-11-17T04:33:36Z</time>
   </trkpt>
   <trkpt lat="39.6807380" lon="-104.9580440">
    <ele>1636.7</ele>
    <time>2022-11-17T04:33:37Z</time>
   </trkpt>
   <trkpt lat="39.6807500" lon="-104.9580350">
    <ele>1636.7</ele>
    <time>2022-11-17T04:33:38Z</time>
   </trkpt>
   <trkpt lat="39.6807560" lon="-104.9580300">
    <ele>1636.7</ele>
    <time>2022-11-17T04:33:39Z</time>
   </trkpt>
   <trkpt lat="39.6807630" lon="-104.9580250">
    <ele>1636.6</ele>
    <time>2022-11-17T04:33:40Z</time>
   </trkpt>
   <trkpt lat="39.6807690" lon="-104.9580200">
    <ele>1636.6</ele>
    <time>2022-11-17T04:33:41Z</time>
   </trkpt>
   <trkpt lat="39.6807950" lon="-104.9580130">
    <ele>1636.6</ele>
    <time>2022-11-17T04:33:42Z</time>
   </trkpt>
   <trkpt lat="39.6808050" lon="-104.9580140">
    <ele>1636.6</ele>
    <time>2022-11-17T04:33:43Z</time>
   </trkpt>
   <trkpt lat="39.6808190" lon="-104.9580190">
    <ele>1636.6</ele>
    <time>2022-11-17T04:33:44Z</time>
   </trkpt>
   <trkpt lat="39.6808330" lon="-104.9580190">
    <ele>1636.6</ele>
    <time>2022-11-17T04:33:45Z</time>
   </trkpt>
   <trkpt lat="39.6808510" lon="-104.9580200">
    <ele>1636.6</ele>
    <time>2022-11-17T04:33:46Z</time>
   </trkpt>
   <trkpt lat="39.6808600" lon="-104.9580150">
    <ele>1636.6</ele>
    <time>2022-11-17T04:33:47Z</time>
   </trkpt>
   <trkpt lat="39.6808940" lon="-104.9580170">
    <ele>1636.5</ele>
    <time>2022-11-17T04:33:48Z</time>
   </trkpt>
   <trkpt lat="39.6809050" lon="-104.9580220">
    <ele>1636.5</ele>
    <time>2022-11-17T04:33:49Z</time>
   </trkpt>
   <trkpt lat="39.6809190" lon="-104.9580200">
    <ele>1636.5</ele>
    <time>2022-11-17T04:33:50Z</time>
   </trkpt>
   <trkpt lat="39.6809340" lon="-104.9580110">
    <ele>1636.5</ele>
    <time>2022-11-17T04:33:51Z</time>
   </trkpt>
   <trkpt lat="39.6809570" lon="-104.9579900">
    <ele>1636.5</ele>
    <time>2022-11-17T04:33:52Z</time>
   </trkpt>
   <trkpt lat="39.6809660" lon="-104.9579830">
    <ele>1636.5</ele>
    <time>2022-11-17T04:33:53Z</time>
   </trkpt>
   <trkpt lat="39.6809800" lon="-104.9579750">
    <ele>1636.5</ele>
    <time>2022-11-17T04:33:54Z</time>
   </trkpt>
   <trkpt lat="39.6809870" lon="-104.9579660">
    <ele>1636.5</ele>
    <time>2022-11-17T04:33:55Z</time>
   </trkpt>
   <trkpt lat="39.6809930" lon="-104.9579560">
    <ele>1636.5</ele>
    <time>2022-11-17T04:33:56Z</time>
   </trkpt>
   <trkpt lat="39.6809980" lon="-104.9579540">
    <ele>1636.5</ele>
    <time>2022-11-17T04:33:57Z</time>
   </trkpt>
   <trkpt lat="39.6810040" lon="-104.9579480">
    <ele>1636.4</ele>
    <time>2022-11-17T04:33:58Z</time>
   </trkpt>
   <trkpt lat="39.6810150" lon="-104.9579470">
    <ele>1636.4</ele>
    <time>2022-11-17T04:33:59Z</time>
   </trkpt>
   <trkpt lat="39.6810170" lon="-104.9579440">
    <ele>1636.4</ele>
    <time>2022-11-17T04:34:00Z</time>
   </trkpt>
   <trkpt lat="39.6810150" lon="-104.9579230">
    <ele>1636.4</ele>
    <time>2022-11-17T04:34:01Z</time>
   </trkpt>
   <trkpt lat="39.6810110" lon="-104.9578940">
    <ele>1636.4</ele>
    <time>2022-11-17T04:34:02Z</time>
   </trkpt>
   <trkpt lat="39.6810200" lon="-104.9578850">
    <ele>1636.4</ele>
    <time>2022-11-17T04:34:03Z</time>
   </trkpt>
   <trkpt lat="39.6810130" lon="-104.9578910">
    <ele>1636.4</ele>
    <time>2022-11-17T04:34:04Z</time>
   </trkpt>
   <trkpt lat="39.6810080" lon="-104.9578940">
    <ele>1636.4</ele>
    <time>2022-11-17T04:34:05Z</time>
   </trkpt>
   <trkpt lat="39.6810030" lon="-104.9578960">
    <ele>1636.4</ele>
    <time>2022-11-17T04:34:06Z</time>
   </trkpt>
   <trkpt lat="39.6809990" lon="-104.9578990">
    <ele>1636.4</ele>
    <time>2022-11-17T04:34:07Z</time>
   </trkpt>
   <trkpt lat="39.6809940" lon="-104.9579020">
    <ele>1636.4</ele>
    <time>2022-11-17T04:34:08Z</time>
   </trkpt>
   <trkpt lat="39.6809890" lon="-104.9579040">
    <ele>1636.4</ele>
    <time>2022-11-17T04:34:09Z</time>
   </trkpt>
   <trkpt lat="39.6809840" lon="-104.9579070">
    <ele>1636.4</ele>
    <time>2022-11-17T04:34:10Z</time>
   </trkpt>
   <trkpt lat="39.6809790" lon="-104.9579100">
    <ele>1636.4</ele>
    <time>2022-11-17T04:34:11Z</time>
   </trkpt>
   <trkpt lat="39.6809740" lon="-104.9579120">
    <ele>1636.4</ele>
    <time>2022-11-17T04:34:12Z</time>
   </trkpt>
   <trkpt lat="39.6809620" lon="-104.9579020">
    <ele>1636.3</ele>
    <time>2022-11-17T04:34:13Z</time>
   </trkpt>
   <trkpt lat="39.6809550" lon="-104.9579170">
    <ele>1636.3</ele>
    <time>2022-11-17T04:34:14Z</time>
   </trkpt>
   <trkpt lat="39.6809540" lon="-104.9579180">
    <ele>1636.3</ele>
    <time>2022-11-17T04:34:15Z</time>
   </trkpt>
   <trkpt lat="39.6809450" lon="-104.9579310">
    <ele>1636.3</ele>
    <time>2022-11-17T04:34:16Z</time>
   </trkpt>
   <trkpt lat="39.6809350" lon="-104.9579450">
    <ele>1636.3</ele>
    <time>2022-11-17T04:34:17Z</time>
   </trkpt>
   <trkpt lat="39.6809180" lon="-104.9579490">
    <ele>1636.3</ele>
    <time>2022-11-17T04:34:18Z</time>
   </trkpt>
   <trkpt lat="39.6809150" lon="-104.9579490">
    <ele>1636.3</ele>
    <time>2022-11-17T04:34:19Z</time>
   </trkpt>
   <trkpt lat="39.6809290" lon="-104.9579310">
    <ele>1636.3</ele>
    <time>2022-11-17T04:34:20Z</time>
   </trkpt>
   <trkpt lat="39.6809340" lon="-104.9579890">
    <ele>1636.2</ele>
    <time>2022-11-17T04:34:21Z</time>
   </trkpt>
   <trkpt lat="39.6809290" lon="-104.9580420">
    <ele>1636.2</ele>
    <time>2022-11-17T04:34:22Z</time>
   </trkpt>
   <trkpt lat="39.6809230" lon="-104.9580640">
    <ele>1636.2</ele>
    <time>2022-11-17T04:34:23Z</time>
   </trkpt>
   <trkpt lat="39.6809000" lon="-104.9580820">
    <ele>1636.2</ele>
    <time>2022-11-17T04:34:24Z</time>
   </trkpt>
   <trkpt lat="39.6808820" lon="-104.9580910">
    <ele>1636.2</ele>
    <time>2022-11-17T04:34:25Z</time>
   </trkpt>
   <trkpt lat="39.6808740" lon="-104.9580840">
    <ele>1636.2</ele>
    <time>2022-11-17T04:34:26Z</time>
   </trkpt>
   <trkpt lat="39.6808660" lon="-104.9580920">
    <ele>1636.2</ele>
    <time>2022-11-17T04:34:27Z</time>
   </trkpt>
   <trkpt lat="39.6808540" lon="-104.9581090">
    <ele>1636.2</ele>
    <time>2022-11-17T04:34:28Z</time>
   </trkpt>
   <trkpt lat="39.6808470" lon="-104.9580940">
    <ele>1636.2</ele>
    <time>2022-11-17T04:34:29Z</time>
   </trkpt>
   <trkpt lat="39.6808500" lon="-104.9580670">
    <ele>1636.1</ele>
    <time>2022-11-17T04:34:30Z</time>
   </trkpt>
   <trkpt lat="39.6808530" lon="-104.9580400">
    <ele>1636.1</ele>
    <time>2022-11-17T04:34:31Z</time>
   </trkpt>
   <trkpt lat="39.6809380" lon="-104.9579610">
    <ele>1636.1</ele>
    <time>2022-11-17T04:34:32Z</time>
   </trkpt>
   <trkpt lat="39.6810190" lon="-104.9579600">
    <ele>1636.0</ele>
    <time>2022-11-17T04:34:33Z</time>
   </trkpt>
   <trkpt lat="39.6810460" lon="-104.9579970">
    <ele>1636.0</ele>
    <time>2022-11-17T04:34:34Z</time>
   </trkpt>
   <trkpt lat="39.6810420" lon="-104.9580160">
    <ele>1636.1</ele>
    <time>2022-11-17T04:34:35Z</time>
   </trkpt>
   <trkpt lat="39.6810380" lon="-104.9580350">
    <ele>1636.1</ele>
    <time>2022-11-17T04:34:36Z</time>
   </trkpt>
   <trkpt lat="39.6810340" lon="-104.9580540">
    <ele>1636.1</ele>
    <time>2022-11-17T04:34:37Z</time>
   </trkpt>
   <trkpt lat="39.6810300" lon="-104.9580730">
    <ele>1636.1</ele>
    <time>2022-11-17T04:34:38Z</time>
   </trkpt>
   <trkpt lat="39.6810260" lon="-104.9580920">
    <ele>1636.1</ele>
    <time>2022-11-17T04:34:39Z</time>
   </trkpt>
   <trkpt lat="39.6810220" lon="-104.9581110">
    <ele>1636.0</ele>
    <time>2022-11-17T04:34:40Z</time>
   </trkpt>
   <trkpt lat="39.6810180" lon="-104.9581300">
    <ele>1636.0</ele>
    <time>2022-11-17T04:34:41Z</time>
   </trkpt>
   <trkpt lat="39.6810140" lon="-104.9581480">
    <ele>1636.0</ele>
    <time>2022-11-17T04:34:43Z</time>
   </trkpt>
   <trkpt lat="39.6810100" lon="-104.9581670">
    <ele>1636.0</ele>
    <time>2022-11-17T04:34:44Z</time>
   </trkpt>
   <trkpt lat="39.6810060" lon="-104.9581860">
    <ele>1636.0</ele>
    <time>2022-11-17T04:34:45Z</time>
   </trkpt>
   <trkpt lat="39.6810010" lon="-104.9582050">
    <ele>1635.9</ele>
    <time>2022-11-17T04:34:46Z</time>
   </trkpt>
   <trkpt lat="39.6809970" lon="-104.9582240">
    <ele>1636.0</ele>
    <time>2022-11-17T04:34:47Z</time>
   </trkpt>
   <trkpt lat="39.6809930" lon="-104.9582430">
    <ele>1635.9</ele>
    <time>2022-11-17T04:35:02Z</time>
   </trkpt>
   <trkpt lat="39.6809890" lon="-104.9582620">
    <ele>1635.9</ele>
    <time>2022-11-17T04:35:03Z</time>
   </trkpt>
   <trkpt lat="39.6809850" lon="-104.9582810">
    <ele>1635.9</ele>
    <time>2022-11-17T04:35:07Z</time>
   </trkpt>
   <trkpt lat="39.6809810" lon="-104.9583000">
    <ele>1635.9</ele>
    <time>2022-11-17T04:35:08Z</time>
   </trkpt>
   <trkpt lat="39.6809770" lon="-104.9583180">
    <ele>1635.9</ele>
    <time>2022-11-17T04:35:09Z</time>
   </trkpt>
   <trkpt lat="39.6809730" lon="-104.9583370">
    <ele>1635.9</ele>
    <time>2022-11-17T04:35:10Z</time>
   </trkpt>
   <trkpt lat="39.6809690" lon="-104.9583560">
    <ele>1635.9</ele>
    <time>2022-11-17T04:35:11Z</time>
   </trkpt>
   <trkpt lat="39.6809650" lon="-104.9583750">
    <ele>1635.9</ele>
    <time>2022-11-17T04:35:12Z</time>
   </trkpt>
   <trkpt lat="39.6809610" lon="-104.9583940">
    <ele>1635.9</ele>
    <time>2022-11-17T04:35:13Z</time>
   </trkpt>
   <trkpt lat="39.6809570" lon="-104.9584130">
    <ele>1635.9</ele>
    <time>2022-11-17T04:35:14Z</time>
   </trkpt>
   <trkpt lat="39.6809530" lon="-104.9584320">
    <ele>1635.9</ele>
    <time>2022-11-17T04:35:15Z</time>
   </trkpt>
   <trkpt lat="39.6809480" lon="-104.9584510">
    <ele>1635.9</ele>
    <time>2022-11-17T04:35:16Z</time>
   </trkpt>
   <trkpt lat="39.6809440" lon="-104.9584690">
    <ele>1635.9</ele>
    <time>2022-11-17T04:35:17Z</time>
   </trkpt>
   <trkpt lat="39.6809220" lon="-104.9584840">
    <ele>1636.0</ele>
    <time>2022-11-17T04:35:18Z</time>
   </trkpt>
   <trkpt lat="39.6809200" lon="-104.9584860">
    <ele>1636.0</ele>
    <time>2022-11-17T04:35:19Z</time>
   </trkpt>
   <trkpt lat="39.6809180" lon="-104.9584870">
    <ele>1636.1</ele>
    <time>2022-11-17T04:35:20Z</time>
   </trkpt>
   <trkpt lat="39.6809160" lon="-104.9584890">
    <ele>1636.1</ele>
    <time>2022-11-17T04:35:21Z</time>
   </trkpt>
   <trkpt lat="39.6809140" lon="-104.9584900">
    <ele>1636.1</ele>
    <time>2022-11-17T04:35:22Z</time>
   </trkpt>
   <trkpt lat="39.6809120" lon="-104.9584920">
    <ele>1636.1</ele>
    <time>2022-11-17T04:35:23Z</time>
   </trkpt>
   <trkpt lat="39.6809100" lon="-104.9584930">
    <ele>1636.1</ele>
    <time>2022-11-17T04:35:24Z</time>
   </trkpt>
   <trkpt lat="39.6809080" lon="-104.9584950">
    <ele>1636.1</ele>
    <time>2022-11-17T04:35:25Z</time>
   </trkpt>
   <trkpt lat="39.6809060" lon="-104.9584960">
    <ele>1636.1</ele>
    <time>2022-11-17T04:35:26Z</time>
   </trkpt>
   <trkpt lat="39.6809040" lon="-104.9584980">
    <ele>1636.1</ele>
    <time>2022-11-17T04:35:27Z</time>
   </trkpt>
   <trkpt lat="39.6809020" lon="-104.9584990">
    <ele>1636.1</ele>
    <time>2022-11-17T04:35:28Z</time>
   </trkpt>
   <trkpt lat="39.6809000" lon="-104.9585010">
    <ele>1636.2</ele>
    <time>2022-11-17T04:35:29Z</time>
   </trkpt>
   <trkpt lat="39.6808970" lon="-104.9585020">
    <ele>1636.2</ele>
    <time>2022-11-17T04:35:30Z</time>
   </trkpt>
   <trkpt lat="39.6808950" lon="-104.9585040">
    <ele>1636.2</ele>
    <time>2022-11-17T04:35:31Z</time>
   </trkpt>
   <trkpt lat="39.6808930" lon="-104.9585050">
    <ele>1636.2</ele>
    <time>2022-11-17T04:35:32Z</time>
   </trkpt>
   <trkpt lat="39.6808910" lon="-104.9585070">
    <ele>1636.2</ele>
    <time>2022-11-17T04:35:33Z</time>
   </trkpt>
   <trkpt lat="39.6808890" lon="-104.9585080">
    <ele>1636.2</ele>
    <time>2022-11-17T04:35:35Z</time>
   </trkpt>
   <trkpt lat="39.6808870" lon="-104.9585100">
    <ele>1636.2</ele>
    <time>2022-11-17T04:35:36Z</time>
   </trkpt>
   <trkpt lat="39.6808850" lon="-104.9585110">
    <ele>1636.2</ele>
    <time>2022-11-17T04:35:37Z</time>
   </trkpt>
   <trkpt lat="39.6808830" lon="-104.9585130">
    <ele>1636.2</ele>
    <time>2022-11-17T04:35:38Z</time>
   </trkpt>
   <trkpt lat="39.6808810" lon="-104.9585140">
    <ele>1636.2</ele>
    <time>2022-11-17T04:35:39Z</time>
   </trkpt>
   <trkpt lat="39.6808790" lon="-104.9585160">
    <ele>1636.2</ele>
    <time>2022-11-17T04:35:40Z</time>
   </trkpt>
   <trkpt lat="39.6808770" lon="-104.9585170">
    <ele>1636.2</ele>
    <time>2022-11-17T04:35:41Z</time>
   </trkpt>
   <trkpt lat="39.6808750" lon="-104.9585180">
    <ele>1636.2</ele>
    <time>2022-11-17T04:35:42Z</time>
   </trkpt>
   <trkpt lat="39.6808730" lon="-104.9585200">
    <ele>1636.2</ele>
    <time>2022-11-17T04:35:43Z</time>
   </trkpt>
   <trkpt lat="39.6808710" lon="-104.9585210">
    <ele>1636.2</ele>
    <time>2022-11-17T04:35:44Z</time>
   </trkpt>
   <trkpt lat="39.6808690" lon="-104.9585230">
    <ele>1636.2</ele>
    <time>2022-11-17T04:35:45Z</time>
   </trkpt>
   <trkpt lat="39.6808670" lon="-104.9585240">
    <ele>1636.2</ele>
    <time>2022-11-17T04:35:46Z</time>
   </trkpt>
   <trkpt lat="39.6808640" lon="-104.9585260">
    <ele>1636.2</ele>
    <time>2022-11-17T04:35:47Z</time>
   </trkpt>
   <trkpt lat="39.6808620" lon="-104.9585270">
    <ele>1636.2</ele>
    <time>2022-11-17T04:35:48Z</time>
   </trkpt>
   <trkpt lat="39.6808600" lon="-104.9585290">
    <ele>1636.2</ele>
    <time>2022-11-17T04:35:49Z</time>
   </trkpt>
   <trkpt lat="39.6808580" lon="-104.9585300">
    <ele>1636.1</ele>
    <time>2022-11-17T04:35:50Z</time>
   </trkpt>
   <trkpt lat="39.6808560" lon="-104.9585320">
    <ele>1636.1</ele>
    <time>2022-11-17T04:35:51Z</time>
   </trkpt>
   <trkpt lat="39.6808540" lon="-104.9585330">
    <ele>1636.1</ele>
    <time>2022-11-17T04:35:52Z</time>
   </trkpt>
   <trkpt lat="39.6808520" lon="-104.9585350">
    <ele>1636.1</ele>
    <time>2022-11-17T04:35:53Z</time>
   </trkpt>
   <trkpt lat="39.6808500" lon="-104.9585360">
    <ele>1636.1</ele>
    <time>2022-11-17T04:35:54Z</time>
   </trkpt>
   <trkpt lat="39.6808480" lon="-104.9585380">
    <ele>1636.1</ele>
    <time>2022-11-17T04:35:55Z</time>
   </trkpt>
   <trkpt lat="39.6808460" lon="-104.9585390">
    <ele>1636.1</ele>
    <time>2022-11-17T04:35:56Z</time>
   </trkpt>
   <trkpt lat="39.6808440" lon="-104.9585410">
    <ele>1636.1</ele>
    <time>2022-11-17T04:35:57Z</time>
   </trkpt>
   <trkpt lat="39.6808420" lon="-104.9585420">
    <ele>1636.1</ele>
    <time>2022-11-17T04:35:58Z</time>
   </trkpt>
   <trkpt lat="39.6808400" lon="-104.9585440">
    <ele>1636.1</ele>
    <time>2022-11-17T04:35:59Z</time>
   </trkpt>
   <trkpt lat="39.6808380" lon="-104.9585450">
    <ele>1636.1</ele>
    <time>2022-11-17T04:36:00Z</time>
   </trkpt>
   <trkpt lat="39.6808360" lon="-104.9585470">
    <ele>1636.1</ele>
    <time>2022-11-17T04:36:02Z</time>
   </trkpt>
   <trkpt lat="39.6808340" lon="-104.9585480">
    <ele>1636.0</ele>
    <time>2022-11-17T04:36:03Z</time>
   </trkpt>
   <trkpt lat="39.6808310" lon="-104.9585500">
    <ele>1636.0</ele>
    <time>2022-11-17T04:36:04Z</time>
   </trkpt>
   <trkpt lat="39.6808290" lon="-104.9585510">
    <ele>1636.0</ele>
    <time>2022-11-17T04:36:05Z</time>
   </trkpt>
   <trkpt lat="39.6808270" lon="-104.9585530">
    <ele>1636.0</ele>
    <time>2022-11-17T04:36:06Z</time>
   </trkpt>
   <trkpt lat="39.6808670" lon="-104.9585400">
    <ele>1636.1</ele>
    <time>2022-11-17T04:36:07Z</time>
   </trkpt>
   <trkpt lat="39.6808690" lon="-104.9585460">
    <ele>1636.1</ele>
    <time>2022-11-17T04:36:08Z</time>
   </trkpt>
   <trkpt lat="39.6808710" lon="-104.9585520">
    <ele>1636.1</ele>
    <time>2022-11-17T04:36:09Z</time>
   </trkpt>
   <trkpt lat="39.6808740" lon="-104.9585580">
    <ele>1636.1</ele>
    <time>2022-11-17T04:36:10Z</time>
   </trkpt>
   <trkpt lat="39.6808760" lon="-104.9585650">
    <ele>1636.1</ele>
    <time>2022-11-17T04:36:11Z</time>
   </trkpt>
   <trkpt lat="39.6808780" lon="-104.9585710">
    <ele>1636.1</ele>
    <time>2022-11-17T04:36:12Z</time>
   </trkpt>
   <trkpt lat="39.6808810" lon="-104.9585770">
    <ele>1635.8</ele>
    <time>2022-11-17T04:36:13Z</time>
   </trkpt>
   <trkpt lat="39.6808830" lon="-104.9585830">
    <ele>1635.8</ele>
    <time>2022-11-17T04:36:14Z</time>
   </trkpt>
   <trkpt lat="39.6808850" lon="-104.9585890">
    <ele>1635.8</ele>
    <time>2022-11-17T04:36:15Z</time>
   </trkpt>
   <trkpt lat="39.6808560" lon="-104.9586050">
    <ele>1635.8</ele>
    <time>2022-11-17T04:36:16Z</time>
   </trkpt>
   <trkpt lat="39.6808370" lon="-104.9585990">
    <ele>1635.8</ele>
    <time>2022-11-17T04:36:17Z</time>
   </trkpt>
   <trkpt lat="39.6808280" lon="-104.9585950">
    <ele>1635.8</ele>
    <time>2022-11-17T04:36:18Z</time>
   </trkpt>
   <trkpt lat="39.6807650" lon="-104.9585840">
    <ele>1635.9</ele>
    <time>2022-11-17T04:36:19Z</time>
   </trkpt>
   <trkpt lat="39.6808660" lon="-104.9585650">
    <ele>1636.1</ele>
    <time>2022-11-17T04:36:20Z</time>
   </trkpt>
   <trkpt lat="39.6808800" lon="-104.9585780">
    <ele>1635.8</ele>
    <time>2022-11-17T04:36:21Z</time>
   </trkpt>
   <trkpt lat="39.6809010" lon="-104.9585990">
    <ele>1635.8</ele>
    <time>2022-11-17T04:36:22Z</time>
   </trkpt>
   <trkpt lat="39.6809200" lon="-104.9585970">
    <ele>1635.8</ele>
    <time>2022-11-17T04:36:23Z</time>
   </trkpt>
   <trkpt lat="39.6809280" lon="-104.9585930">
    <ele>1635.8</ele>
    <time>2022-11-17T04:36:24Z</time>
   </trkpt>
   <trkpt lat="39.6809380" lon="-104.9586030">
    <ele>1635.7</ele>
    <time>2022-11-17T04:36:25Z</time>
   </trkpt>
   <trkpt lat="39.6809520" lon="-104.9586150">
    <ele>1635.7</ele>
    <time>2022-11-17T04:36:26Z</time>
   </trkpt>
   <trkpt lat="39.6809470" lon="-104.9586370">
    <ele>1635.5</ele>
    <time>2022-11-17T04:36:27Z</time>
   </trkpt>
   <trkpt lat="39.6809500" lon="-104.9586310">
    <ele>1635.5</ele>
    <time>2022-11-17T04:36:28Z</time>
   </trkpt>
   <trkpt lat="39.6809560" lon="-104.9586230">
    <ele>1635.5</ele>
    <time>2022-11-17T04:36:29Z</time>
   </trkpt>
   <trkpt lat="39.6809620" lon="-104.9586120">
    <ele>1635.7</ele>
    <time>2022-11-17T04:36:30Z</time>
   </trkpt>
   <trkpt lat="39.6809660" lon="-104.9586040">
    <ele>1635.7</ele>
    <time>2022-11-17T04:36:31Z</time>
   </trkpt>
   <trkpt lat="39.6809660" lon="-104.9586040">
    <ele>1635.7</ele>
    <time>2022-11-17T04:36:32Z</time>
   </trkpt>
   <trkpt lat="39.6809710" lon="-104.9586070">
    <ele>1635.6</ele>
    <time>2022-11-17T04:36:33Z</time>
   </trkpt>
   <trkpt lat="39.6809700" lon="-104.9586070">
    <ele>1635.6</ele>
    <time>2022-11-17T04:36:34Z</time>
   </trkpt>
   <trkpt lat="39.6809700" lon="-104.9586070">
    <ele>1635.6</ele>
    <time>2022-11-17T04:36:35Z</time>
   </trkpt>
   <trkpt lat="39.6809850" lon="-104.9585570">
    <ele>1635.7</ele>
    <time>2022-11-17T04:36:36Z</time>
   </trkpt>
   <trkpt lat="39.6809840" lon="-104.9585530">
    <ele>1635.7</ele>
    <time>2022-11-17T04:36:37Z</time>
   </trkpt>
   <trkpt lat="39.6809840" lon="-104.9585530">
    <ele>1635.7</ele>
    <time>2022-11-17T04:36:38Z</time>
   </trkpt>
   <trkpt lat="39.6809840" lon="-104.9585530">
    <ele>1635.7</ele>
    <time>2022-11-17T04:36:39Z</time>
   </trkpt>
   <trkpt lat="39.6809840" lon="-104.9585530">
    <ele>1635.7</ele>
    <time>2022-11-17T04:36:40Z</time>
   </trkpt>
   <trkpt lat="39.6809840" lon="-104.9585530">
    <ele>1635.7</ele>
    <time>2022-11-17T04:36:41Z</time>
   </trkpt>
   <trkpt lat="39.6809840" lon="-104.9585530">
    <ele>1635.7</ele>
    <time>2022-11-17T04:36:42Z</time>
   </trkpt>
   <trkpt lat="39.6809840" lon="-104.9585530">
    <ele>1635.7</ele>
    <time>2022-11-17T04:36:43Z</time>
   </trkpt>
   <trkpt lat="39.6809840" lon="-104.9585530">
    <ele>1635.7</ele>
    <time>2022-11-17T04:36:44Z</time>
   </trkpt>
  </trkseg>
 </trk>
</gpx>
