<?xml version="1.0" encoding="UTF-8"?>
<gpx creator="StravaGPX" version="1.1" xmlns="http://www.topografix.com/GPX/1/1" xmlns:xsi="http://www.w3.org/2001/XMLSchema-instance" xsi:schemaLocation="http://www.topografix.com/GPX/1/1 http://www.topografix.com/GPX/1/1/gpx.xsd">
 <metadata>
  <time>2022-12-05T19:05:28Z</time>
 </metadata>
 <trk>
  <name>Lunch Walk</name>
  <type>walking</type>
  <trkseg>
   <trkpt lat="39.5735090" lon="-104.8564010">
    <ele>1761.2</ele>
    <time>2022-12-05T19:05:28Z</time>
   </trkpt>
   <trkpt lat="39.5734970" lon="-104.8564030">
    <ele>1761.3</ele>
    <time>2022-12-05T19:05:29Z</time>
   </trkpt>
   <trkpt lat="39.5734810" lon="-104.8564000">
    <ele>1761.3</ele>
    <time>2022-12-05T19:05:30Z</time>
   </trkpt>
   <trkpt lat="39.5734640" lon="-104.8563980">
    <ele>1761.3</ele>
    <time>2022-12-05T19:05:31Z</time>
   </trkpt>
   <trkpt lat="39.5734510" lon="-104.8563880">
    <ele>1761.4</ele>
    <time>2022-12-05T19:05:32Z</time>
   </trkpt>
   <trkpt lat="39.5734250" lon="-104.8563830">
    <ele>1761.4</ele>
    <time>2022-12-05T19:05:33Z</time>
   </trkpt>
   <trkpt lat="39.5734130" lon="-104.8563800">
    <ele>1761.4</ele>
    <time>2022-12-05T19:05:34Z</time>
   </trkpt>
   <trkpt lat="39.5733850" lon="-104.8563760">
    <ele>1761.5</ele>
    <time>2022-12-05T19:05:35Z</time>
   </trkpt>
   <trkpt lat="39.5733760" lon="-104.8563750">
    <ele>1761.5</ele>
    <time>2022-12-05T19:05:36Z</time>
   </trkpt>
   <trkpt lat="39.5733580" lon="-104.8563780">
    <ele>1761.5</ele>
    <time>2022-12-05T19:05:37Z</time>
   </trkpt>
   <trkpt lat="39.5733400" lon="-104.8563750">
    <ele>1761.6</ele>
    <time>2022-12-05T19:05:38Z</time>
   </trkpt>
   <trkpt lat="39.5733100" lon="-104.8563660">
    <ele>1761.6</ele>
    <time>2022-12-05T19:05:39Z</time>
   </trkpt>
   <trkpt lat="39.5733000" lon="-104.8563640">
    <ele>1761.7</ele>
    <time>2022-12-05T19:05:40Z</time>
   </trkpt>
   <trkpt lat="39.5732860" lon="-104.8563660">
    <ele>1761.7</ele>
    <time>2022-12-05T19:05:41Z</time>
   </trkpt>
   <trkpt lat="39.5732650" lon="-104.8563630">
    <ele>1761.7</ele>
    <time>2022-12-05T19:05:42Z</time>
   </trkpt>
   <trkpt lat="39.5732480" lon="-104.8563640">
    <ele>1761.7</ele>
    <time>2022-12-05T19:05:43Z</time>
   </trkpt>
   <trkpt lat="39.5732350" lon="-104.8563630">
    <ele>1761.7</ele>
    <time>2022-12-05T19:05:44Z</time>
   </trkpt>
   <trkpt lat="39.5732150" lon="-104.8563590">
    <ele>1761.8</ele>
    <time>2022-12-05T19:05:45Z</time>
   </trkpt>
   <trkpt lat="39.5732060" lon="-104.8563620">
    <ele>1761.8</ele>
    <time>2022-12-05T19:05:46Z</time>
   </trkpt>
   <trkpt lat="39.5731970" lon="-104.8563650">
    <ele>1761.8</ele>
    <time>2022-12-05T19:05:47Z</time>
   </trkpt>
   <trkpt lat="39.5731810" lon="-104.8563640">
    <ele>1761.8</ele>
    <time>2022-12-05T19:05:48Z</time>
   </trkpt>
   <trkpt lat="39.5731680" lon="-104.8563650">
    <ele>1761.8</ele>
    <time>2022-12-05T19:05:49Z</time>
   </trkpt>
   <trkpt lat="39.5731550" lon="-104.8563680">
    <ele>1761.9</ele>
    <time>2022-12-05T19:05:50Z</time>
   </trkpt>
   <trkpt lat="39.5731350" lon="-104.8563640">
    <ele>1761.9</ele>
    <time>2022-12-05T19:05:51Z</time>
   </trkpt>
   <trkpt lat="39.5731210" lon="-104.8563640">
    <ele>1761.9</ele>
    <time>2022-12-05T19:05:52Z</time>
   </trkpt>
   <trkpt lat="39.5731080" lon="-104.8563660">
    <ele>1761.9</ele>
    <time>2022-12-05T19:05:53Z</time>
   </trkpt>
   <trkpt lat="39.5730900" lon="-104.8563710">
    <ele>1762.0</ele>
    <time>2022-12-05T19:05:54Z</time>
   </trkpt>
   <trkpt lat="39.5730800" lon="-104.8563730">
    <ele>1762.0</ele>
    <time>2022-12-05T19:05:55Z</time>
   </trkpt>
   <trkpt lat="39.5730650" lon="-104.8563780">
    <ele>1762.0</ele>
    <time>2022-12-05T19:05:56Z</time>
   </trkpt>
   <trkpt lat="39.5730480" lon="-104.8563880">
    <ele>1762.0</ele>
    <time>2022-12-05T19:05:57Z</time>
   </trkpt>
   <trkpt lat="39.5730320" lon="-104.8563870">
    <ele>1762.1</ele>
    <time>2022-12-05T19:05:58Z</time>
   </trkpt>
   <trkpt lat="39.5730170" lon="-104.8563800">
    <ele>1762.1</ele>
    <time>2022-12-05T19:05:59Z</time>
   </trkpt>
   <trkpt lat="39.5729990" lon="-104.8563830">
    <ele>1762.1</ele>
    <time>2022-12-05T19:06:00Z</time>
   </trkpt>
   <trkpt lat="39.5730020" lon="-104.8563790">
    <ele>1762.1</ele>
    <time>2022-12-05T19:06:01Z</time>
   </trkpt>
   <trkpt lat="39.5729860" lon="-104.8563880">
    <ele>1762.2</ele>
    <time>2022-12-05T19:06:02Z</time>
   </trkpt>
   <trkpt lat="39.5729650" lon="-104.8563870">
    <ele>1762.2</ele>
    <time>2022-12-05T19:06:03Z</time>
   </trkpt>
   <trkpt lat="39.5729550" lon="-104.8563850">
    <ele>1762.2</ele>
    <time>2022-12-05T19:06:04Z</time>
   </trkpt>
   <trkpt lat="39.5729460" lon="-104.8563830">
    <ele>1762.2</ele>
    <time>2022-12-05T19:06:05Z</time>
   </trkpt>
   <trkpt lat="39.5729320" lon="-104.8563830">
    <ele>1762.2</ele>
    <time>2022-12-05T19:06:06Z</time>
   </trkpt>
   <trkpt lat="39.5729180" lon="-104.8563880">
    <ele>1762.2</ele>
    <time>2022-12-05T19:06:07Z</time>
   </trkpt>
   <trkpt lat="39.5729010" lon="-104.8563880">
    <ele>1762.2</ele>
    <time>2022-12-05T19:06:08Z</time>
   </trkpt>
   <trkpt lat="39.5728940" lon="-104.8563870">
    <ele>1762.2</ele>
    <time>2022-12-05T19:06:09Z</time>
   </trkpt>
   <trkpt lat="39.5728870" lon="-104.8563850">
    <ele>1762.2</ele>
    <time>2022-12-05T19:06:10Z</time>
   </trkpt>
   <trkpt lat="39.5728810" lon="-104.8563840">
    <ele>1762.2</ele>
    <time>2022-12-05T19:06:11Z</time>
   </trkpt>
   <trkpt lat="39.5728640" lon="-104.8563820">
    <ele>1762.3</ele>
    <time>2022-12-05T19:06:12Z</time>
   </trkpt>
   <trkpt lat="39.5728480" lon="-104.8563820">
    <ele>1762.3</ele>
    <time>2022-12-05T19:06:13Z</time>
   </trkpt>
   <trkpt lat="39.5728240" lon="-104.8563970">
    <ele>1762.3</ele>
    <time>2022-12-05T19:06:14Z</time>
   </trkpt>
   <trkpt lat="39.5728140" lon="-104.8564020">
    <ele>1762.3</ele>
    <time>2022-12-05T19:06:15Z</time>
   </trkpt>
   <trkpt lat="39.5728000" lon="-104.8564040">
    <ele>1762.3</ele>
    <time>2022-12-05T19:06:16Z</time>
   </trkpt>
   <trkpt lat="39.5727850" lon="-104.8564050">
    <ele>1762.3</ele>
    <time>2022-12-05T19:06:17Z</time>
   </trkpt>
   <trkpt lat="39.5727690" lon="-104.8564070">
    <ele>1762.4</ele>
    <time>2022-12-05T19:06:18Z</time>
   </trkpt>
   <trkpt lat="39.5727570" lon="-104.8564100">
    <ele>1762.4</ele>
    <time>2022-12-05T19:06:19Z</time>
   </trkpt>
   <trkpt lat="39.5727390" lon="-104.8564170">
    <ele>1762.4</ele>
    <time>2022-12-05T19:06:20Z</time>
   </trkpt>
   <trkpt lat="39.5727230" lon="-104.8564170">
    <ele>1762.4</ele>
    <time>2022-12-05T19:06:21Z</time>
   </trkpt>
   <trkpt lat="39.5727050" lon="-104.8564180">
    <ele>1762.4</ele>
    <time>2022-12-05T19:06:22Z</time>
   </trkpt>
   <trkpt lat="39.5726910" lon="-104.8564180">
    <ele>1762.4</ele>
    <time>2022-12-05T19:06:23Z</time>
   </trkpt>
   <trkpt lat="39.5726650" lon="-104.8564150">
    <ele>1762.5</ele>
    <time>2022-12-05T19:06:24Z</time>
   </trkpt>
   <trkpt lat="39.5726540" lon="-104.8564150">
    <ele>1762.5</ele>
    <time>2022-12-05T19:06:25Z</time>
   </trkpt>
   <trkpt lat="39.5726350" lon="-104.8564130">
    <ele>1762.5</ele>
    <time>2022-12-05T19:06:26Z</time>
   </trkpt>
   <trkpt lat="39.5726180" lon="-104.8564110">
    <ele>1762.5</ele>
    <time>2022-12-05T19:06:27Z</time>
   </trkpt>
   <trkpt lat="39.5726010" lon="-104.8564040">
    <ele>1762.5</ele>
    <time>2022-12-05T19:06:28Z</time>
   </trkpt>
   <trkpt lat="39.5725890" lon="-104.8564020">
    <ele>1762.6</ele>
    <time>2022-12-05T19:06:29Z</time>
   </trkpt>
   <trkpt lat="39.5725690" lon="-104.8563970">
    <ele>1762.6</ele>
    <time>2022-12-05T19:06:30Z</time>
   </trkpt>
   <trkpt lat="39.5725550" lon="-104.8563880">
    <ele>1762.6</ele>
    <time>2022-12-05T19:06:31Z</time>
   </trkpt>
   <trkpt lat="39.5725390" lon="-104.8563910">
    <ele>1762.6</ele>
    <time>2022-12-05T19:06:32Z</time>
   </trkpt>
   <trkpt lat="39.5725250" lon="-104.8563940">
    <ele>1762.6</ele>
    <time>2022-12-05T19:06:33Z</time>
   </trkpt>
   <trkpt lat="39.5725110" lon="-104.8563970">
    <ele>1762.6</ele>
    <time>2022-12-05T19:06:34Z</time>
   </trkpt>
   <trkpt lat="39.5724970" lon="-104.8564010">
    <ele>1762.6</ele>
    <time>2022-12-05T19:06:35Z</time>
   </trkpt>
   <trkpt lat="39.5724820" lon="-104.8564010">
    <ele>1762.6</ele>
    <time>2022-12-05T19:06:36Z</time>
   </trkpt>
   <trkpt lat="39.5724680" lon="-104.8564030">
    <ele>1762.6</ele>
    <time>2022-12-05T19:06:37Z</time>
   </trkpt>
   <trkpt lat="39.5724500" lon="-104.8564040">
    <ele>1762.6</ele>
    <time>2022-12-05T19:06:38Z</time>
   </trkpt>
   <trkpt lat="39.5724340" lon="-104.8564100">
    <ele>1762.6</ele>
    <time>2022-12-05T19:06:39Z</time>
   </trkpt>
   <trkpt lat="39.5724190" lon="-104.8564160">
    <ele>1762.6</ele>
    <time>2022-12-05T19:06:40Z</time>
   </trkpt>
   <trkpt lat="39.5724040" lon="-104.8564220">
    <ele>1762.6</ele>
    <time>2022-12-05T19:06:41Z</time>
   </trkpt>
   <trkpt lat="39.5723910" lon="-104.8564310">
    <ele>1762.6</ele>
    <time>2022-12-05T19:06:42Z</time>
   </trkpt>
   <trkpt lat="39.5723720" lon="-104.8564380">
    <ele>1762.6</ele>
    <time>2022-12-05T19:06:43Z</time>
   </trkpt>
   <trkpt lat="39.5723560" lon="-104.8564490">
    <ele>1762.6</ele>
    <time>2022-12-05T19:06:44Z</time>
   </trkpt>
   <trkpt lat="39.5723390" lon="-104.8564570">
    <ele>1762.5</ele>
    <time>2022-12-05T19:06:45Z</time>
   </trkpt>
   <trkpt lat="39.5723250" lon="-104.8564670">
    <ele>1762.5</ele>
    <time>2022-12-05T19:06:46Z</time>
   </trkpt>
   <trkpt lat="39.5723090" lon="-104.8564650">
    <ele>1762.5</ele>
    <time>2022-12-05T19:06:47Z</time>
   </trkpt>
   <trkpt lat="39.5722950" lon="-104.8564680">
    <ele>1762.5</ele>
    <time>2022-12-05T19:06:48Z</time>
   </trkpt>
   <trkpt lat="39.5722820" lon="-104.8564740">
    <ele>1762.5</ele>
    <time>2022-12-05T19:06:49Z</time>
   </trkpt>
   <trkpt lat="39.5722710" lon="-104.8564790">
    <ele>1762.4</ele>
    <time>2022-12-05T19:06:50Z</time>
   </trkpt>
   <trkpt lat="39.5722570" lon="-104.8564870">
    <ele>1762.4</ele>
    <time>2022-12-05T19:06:51Z</time>
   </trkpt>
   <trkpt lat="39.5722300" lon="-104.8565020">
    <ele>1762.3</ele>
    <time>2022-12-05T19:06:52Z</time>
   </trkpt>
   <trkpt lat="39.5722180" lon="-104.8565160">
    <ele>1762.3</ele>
    <time>2022-12-05T19:06:53Z</time>
   </trkpt>
   <trkpt lat="39.5722020" lon="-104.8565290">
    <ele>1762.2</ele>
    <time>2022-12-05T19:06:54Z</time>
   </trkpt>
   <trkpt lat="39.5721870" lon="-104.8565370">
    <ele>1762.2</ele>
    <time>2022-12-05T19:06:55Z</time>
   </trkpt>
   <trkpt lat="39.5721720" lon="-104.8565470">
    <ele>1762.1</ele>
    <time>2022-12-05T19:06:56Z</time>
   </trkpt>
   <trkpt lat="39.5721590" lon="-104.8565580">
    <ele>1762.1</ele>
    <time>2022-12-05T19:06:57Z</time>
   </trkpt>
   <trkpt lat="39.5721460" lon="-104.8565660">
    <ele>1762.0</ele>
    <time>2022-12-05T19:06:58Z</time>
   </trkpt>
   <trkpt lat="39.5721320" lon="-104.8565690">
    <ele>1762.0</ele>
    <time>2022-12-05T19:06:59Z</time>
   </trkpt>
   <trkpt lat="39.5721200" lon="-104.8565770">
    <ele>1761.9</ele>
    <time>2022-12-05T19:07:00Z</time>
   </trkpt>
   <trkpt lat="39.5721100" lon="-104.8565910">
    <ele>1761.9</ele>
    <time>2022-12-05T19:07:01Z</time>
   </trkpt>
   <trkpt lat="39.5720950" lon="-104.8565960">
    <ele>1761.8</ele>
    <time>2022-12-05T19:07:02Z</time>
   </trkpt>
   <trkpt lat="39.5720860" lon="-104.8566090">
    <ele>1761.8</ele>
    <time>2022-12-05T19:07:03Z</time>
   </trkpt>
   <trkpt lat="39.5720740" lon="-104.8566240">
    <ele>1761.7</ele>
    <time>2022-12-05T19:07:04Z</time>
   </trkpt>
   <trkpt lat="39.5720620" lon="-104.8566390">
    <ele>1761.6</ele>
    <time>2022-12-05T19:07:05Z</time>
   </trkpt>
   <trkpt lat="39.5720510" lon="-104.8566500">
    <ele>1761.6</ele>
    <time>2022-12-05T19:07:06Z</time>
   </trkpt>
   <trkpt lat="39.5720380" lon="-104.8566680">
    <ele>1761.5</ele>
    <time>2022-12-05T19:07:07Z</time>
   </trkpt>
   <trkpt lat="39.5720350" lon="-104.8566870">
    <ele>1761.4</ele>
    <time>2022-12-05T19:07:08Z</time>
   </trkpt>
   <trkpt lat="39.5720230" lon="-104.8567010">
    <ele>1761.4</ele>
    <time>2022-12-05T19:07:09Z</time>
   </trkpt>
   <trkpt lat="39.5720130" lon="-104.8567100">
    <ele>1761.3</ele>
    <time>2022-12-05T19:07:10Z</time>
   </trkpt>
   <trkpt lat="39.5719990" lon="-104.8567230">
    <ele>1761.2</ele>
    <time>2022-12-05T19:07:11Z</time>
   </trkpt>
   <trkpt lat="39.5719850" lon="-104.8567300">
    <ele>1761.2</ele>
    <time>2022-12-05T19:07:12Z</time>
   </trkpt>
   <trkpt lat="39.5719680" lon="-104.8567460">
    <ele>1761.1</ele>
    <time>2022-12-05T19:07:13Z</time>
   </trkpt>
   <trkpt lat="39.5719590" lon="-104.8567510">
    <ele>1761.1</ele>
    <time>2022-12-05T19:07:14Z</time>
   </trkpt>
   <trkpt lat="39.5719510" lon="-104.8567560">
    <ele>1761.0</ele>
    <time>2022-12-05T19:07:15Z</time>
   </trkpt>
   <trkpt lat="39.5719420" lon="-104.8567610">
    <ele>1761.0</ele>
    <time>2022-12-05T19:07:16Z</time>
   </trkpt>
   <trkpt lat="39.5719250" lon="-104.8567760">
    <ele>1760.9</ele>
    <time>2022-12-05T19:07:17Z</time>
   </trkpt>
   <trkpt lat="39.5719100" lon="-104.8567960">
    <ele>1760.8</ele>
    <time>2022-12-05T19:07:18Z</time>
   </trkpt>
   <trkpt lat="39.5719020" lon="-104.8568080">
    <ele>1760.7</ele>
    <time>2022-12-05T19:07:19Z</time>
   </trkpt>
   <trkpt lat="39.5718930" lon="-104.8568200">
    <ele>1760.7</ele>
    <time>2022-12-05T19:07:20Z</time>
   </trkpt>
   <trkpt lat="39.5718800" lon="-104.8568350">
    <ele>1760.6</ele>
    <time>2022-12-05T19:07:21Z</time>
   </trkpt>
   <trkpt lat="39.5718720" lon="-104.8568510">
    <ele>1760.6</ele>
    <time>2022-12-05T19:07:22Z</time>
   </trkpt>
   <trkpt lat="39.5718650" lon="-104.8568680">
    <ele>1760.5</ele>
    <time>2022-12-05T19:07:23Z</time>
   </trkpt>
   <trkpt lat="39.5718560" lon="-104.8568840">
    <ele>1760.5</ele>
    <time>2022-12-05T19:07:24Z</time>
   </trkpt>
   <trkpt lat="39.5718400" lon="-104.8569030">
    <ele>1760.4</ele>
    <time>2022-12-05T19:07:25Z</time>
   </trkpt>
   <trkpt lat="39.5718340" lon="-104.8569130">
    <ele>1760.3</ele>
    <time>2022-12-05T19:07:26Z</time>
   </trkpt>
   <trkpt lat="39.5718270" lon="-104.8569240">
    <ele>1760.3</ele>
    <time>2022-12-05T19:07:27Z</time>
   </trkpt>
   <trkpt lat="39.5718170" lon="-104.8569430">
    <ele>1760.2</ele>
    <time>2022-12-05T19:07:28Z</time>
   </trkpt>
   <trkpt lat="39.5718100" lon="-104.8569540">
    <ele>1760.2</ele>
    <time>2022-12-05T19:07:29Z</time>
   </trkpt>
   <trkpt lat="39.5718030" lon="-104.8569650">
    <ele>1760.2</ele>
    <time>2022-12-05T19:07:30Z</time>
   </trkpt>
   <trkpt lat="39.5717830" lon="-104.8569910">
    <ele>1760.1</ele>
    <time>2022-12-05T19:07:31Z</time>
   </trkpt>
   <trkpt lat="39.5717760" lon="-104.8569980">
    <ele>1760.1</ele>
    <time>2022-12-05T19:07:32Z</time>
   </trkpt>
   <trkpt lat="39.5717690" lon="-104.8570040">
    <ele>1760.0</ele>
    <time>2022-12-05T19:07:33Z</time>
   </trkpt>
   <trkpt lat="39.5717540" lon="-104.8570220">
    <ele>1760.0</ele>
    <time>2022-12-05T19:07:34Z</time>
   </trkpt>
   <trkpt lat="39.5717400" lon="-104.8570570">
    <ele>1759.9</ele>
    <time>2022-12-05T19:07:35Z</time>
   </trkpt>
   <trkpt lat="39.5717390" lon="-104.8570700">
    <ele>1759.9</ele>
    <time>2022-12-05T19:07:36Z</time>
   </trkpt>
   <trkpt lat="39.5717360" lon="-104.8570900">
    <ele>1759.9</ele>
    <time>2022-12-05T19:07:37Z</time>
   </trkpt>
   <trkpt lat="39.5717330" lon="-104.8571070">
    <ele>1759.8</ele>
    <time>2022-12-05T19:07:38Z</time>
   </trkpt>
   <trkpt lat="39.5717280" lon="-104.8571240">
    <ele>1759.8</ele>
    <time>2022-12-05T19:07:39Z</time>
   </trkpt>
   <trkpt lat="39.5717170" lon="-104.8571430">
    <ele>1759.7</ele>
    <time>2022-12-05T19:07:40Z</time>
   </trkpt>
   <trkpt lat="39.5717020" lon="-104.8571760">
    <ele>1759.7</ele>
    <time>2022-12-05T19:07:41Z</time>
   </trkpt>
   <trkpt lat="39.5717000" lon="-104.8571860">
    <ele>1759.7</ele>
    <time>2022-12-05T19:07:42Z</time>
   </trkpt>
   <trkpt lat="39.5716930" lon="-104.8572040">
    <ele>1759.7</ele>
    <time>2022-12-05T19:07:43Z</time>
   </trkpt>
   <trkpt lat="39.5716970" lon="-104.8572210">
    <ele>1759.7</ele>
    <time>2022-12-05T19:07:44Z</time>
   </trkpt>
   <trkpt lat="39.5716970" lon="-104.8572430">
    <ele>1759.7</ele>
    <time>2022-12-05T19:07:45Z</time>
   </trkpt>
   <trkpt lat="39.5716930" lon="-104.8572640">
    <ele>1759.6</ele>
    <time>2022-12-05T19:07:46Z</time>
   </trkpt>
   <trkpt lat="39.5716880" lon="-104.8572820">
    <ele>1759.6</ele>
    <time>2022-12-05T19:07:47Z</time>
   </trkpt>
   <trkpt lat="39.5716790" lon="-104.8572990">
    <ele>1759.6</ele>
    <time>2022-12-05T19:07:48Z</time>
   </trkpt>
   <trkpt lat="39.5716730" lon="-104.8573170">
    <ele>1759.6</ele>
    <time>2022-12-05T19:07:49Z</time>
   </trkpt>
   <trkpt lat="39.5716720" lon="-104.8573360">
    <ele>1759.5</ele>
    <time>2022-12-05T19:07:50Z</time>
   </trkpt>
   <trkpt lat="39.5716710" lon="-104.8573620">
    <ele>1759.5</ele>
    <time>2022-12-05T19:07:51Z</time>
   </trkpt>
   <trkpt lat="39.5716740" lon="-104.8573790">
    <ele>1759.5</ele>
    <time>2022-12-05T19:07:52Z</time>
   </trkpt>
   <trkpt lat="39.5716780" lon="-104.8574000">
    <ele>1759.5</ele>
    <time>2022-12-05T19:07:53Z</time>
   </trkpt>
   <trkpt lat="39.5716760" lon="-104.8574180">
    <ele>1759.4</ele>
    <time>2022-12-05T19:07:54Z</time>
   </trkpt>
   <trkpt lat="39.5716750" lon="-104.8574350">
    <ele>1759.4</ele>
    <time>2022-12-05T19:07:55Z</time>
   </trkpt>
   <trkpt lat="39.5716760" lon="-104.8574540">
    <ele>1759.4</ele>
    <time>2022-12-05T19:07:56Z</time>
   </trkpt>
   <trkpt lat="39.5716800" lon="-104.8574750">
    <ele>1759.4</ele>
    <time>2022-12-05T19:07:57Z</time>
   </trkpt>
   <trkpt lat="39.5716810" lon="-104.8574950">
    <ele>1759.4</ele>
    <time>2022-12-05T19:07:58Z</time>
   </trkpt>
   <trkpt lat="39.5716800" lon="-104.8575150">
    <ele>1759.3</ele>
    <time>2022-12-05T19:07:59Z</time>
   </trkpt>
   <trkpt lat="39.5716840" lon="-104.8575350">
    <ele>1759.3</ele>
    <time>2022-12-05T19:08:00Z</time>
   </trkpt>
   <trkpt lat="39.5716850" lon="-104.8575520">
    <ele>1759.3</ele>
    <time>2022-12-05T19:08:01Z</time>
   </trkpt>
   <trkpt lat="39.5716860" lon="-104.8575730">
    <ele>1759.3</ele>
    <time>2022-12-05T19:08:02Z</time>
   </trkpt>
   <trkpt lat="39.5716800" lon="-104.8575910">
    <ele>1759.3</ele>
    <time>2022-12-05T19:08:03Z</time>
   </trkpt>
   <trkpt lat="39.5716790" lon="-104.8576090">
    <ele>1759.3</ele>
    <time>2022-12-05T19:08:04Z</time>
   </trkpt>
   <trkpt lat="39.5716780" lon="-104.8576260">
    <ele>1759.3</ele>
    <time>2022-12-05T19:08:05Z</time>
   </trkpt>
   <trkpt lat="39.5716710" lon="-104.8576430">
    <ele>1759.3</ele>
    <time>2022-12-05T19:08:06Z</time>
   </trkpt>
   <trkpt lat="39.5716640" lon="-104.8576600">
    <ele>1759.2</ele>
    <time>2022-12-05T19:08:07Z</time>
   </trkpt>
   <trkpt lat="39.5716630" lon="-104.8576840">
    <ele>1759.2</ele>
    <time>2022-12-05T19:08:08Z</time>
   </trkpt>
   <trkpt lat="39.5716620" lon="-104.8577030">
    <ele>1759.2</ele>
    <time>2022-12-05T19:08:09Z</time>
   </trkpt>
   <trkpt lat="39.5716620" lon="-104.8577240">
    <ele>1759.2</ele>
    <time>2022-12-05T19:08:10Z</time>
   </trkpt>
   <trkpt lat="39.5716590" lon="-104.8577450">
    <ele>1759.2</ele>
    <time>2022-12-05T19:08:11Z</time>
   </trkpt>
   <trkpt lat="39.5716580" lon="-104.8577610">
    <ele>1759.2</ele>
    <time>2022-12-05T19:08:12Z</time>
   </trkpt>
   <trkpt lat="39.5716560" lon="-104.8577850">
    <ele>1759.2</ele>
    <time>2022-12-05T19:08:13Z</time>
   </trkpt>
   <trkpt lat="39.5716540" lon="-104.8578050">
    <ele>1759.2</ele>
    <time>2022-12-05T19:08:14Z</time>
   </trkpt>
   <trkpt lat="39.5716520" lon="-104.8578240">
    <ele>1759.2</ele>
    <time>2022-12-05T19:08:15Z</time>
   </trkpt>
   <trkpt lat="39.5716530" lon="-104.8578450">
    <ele>1759.2</ele>
    <time>2022-12-05T19:08:16Z</time>
   </trkpt>
   <trkpt lat="39.5716520" lon="-104.8578650">
    <ele>1759.2</ele>
    <time>2022-12-05T19:08:17Z</time>
   </trkpt>
   <trkpt lat="39.5716460" lon="-104.8578860">
    <ele>1759.2</ele>
    <time>2022-12-05T19:08:18Z</time>
   </trkpt>
   <trkpt lat="39.5716480" lon="-104.8579050">
    <ele>1759.2</ele>
    <time>2022-12-05T19:08:19Z</time>
   </trkpt>
   <trkpt lat="39.5716480" lon="-104.8579260">
    <ele>1759.2</ele>
    <time>2022-12-05T19:08:20Z</time>
   </trkpt>
   <trkpt lat="39.5716500" lon="-104.8579430">
    <ele>1759.1</ele>
    <time>2022-12-05T19:08:21Z</time>
   </trkpt>
   <trkpt lat="39.5716510" lon="-104.8579620">
    <ele>1759.1</ele>
    <time>2022-12-05T19:08:22Z</time>
   </trkpt>
   <trkpt lat="39.5716470" lon="-104.8579850">
    <ele>1759.1</ele>
    <time>2022-12-05T19:08:23Z</time>
   </trkpt>
   <trkpt lat="39.5716440" lon="-104.8580050">
    <ele>1759.1</ele>
    <time>2022-12-05T19:08:24Z</time>
   </trkpt>
   <trkpt lat="39.5716420" lon="-104.8580270">
    <ele>1759.1</ele>
    <time>2022-12-05T19:08:25Z</time>
   </trkpt>
   <trkpt lat="39.5716440" lon="-104.8580460">
    <ele>1759.1</ele>
    <time>2022-12-05T19:08:26Z</time>
   </trkpt>
   <trkpt lat="39.5716470" lon="-104.8580650">
    <ele>1759.1</ele>
    <time>2022-12-05T19:08:27Z</time>
   </trkpt>
   <trkpt lat="39.5716480" lon="-104.8580820">
    <ele>1759.1</ele>
    <time>2022-12-05T19:08:28Z</time>
   </trkpt>
   <trkpt lat="39.5716440" lon="-104.8581030">
    <ele>1759.0</ele>
    <time>2022-12-05T19:08:29Z</time>
   </trkpt>
   <trkpt lat="39.5716390" lon="-104.8581230">
    <ele>1759.0</ele>
    <time>2022-12-05T19:08:30Z</time>
   </trkpt>
   <trkpt lat="39.5716400" lon="-104.8581430">
    <ele>1759.0</ele>
    <time>2022-12-05T19:08:31Z</time>
   </trkpt>
   <trkpt lat="39.5716370" lon="-104.8581620">
    <ele>1759.0</ele>
    <time>2022-12-05T19:08:32Z</time>
   </trkpt>
   <trkpt lat="39.5716350" lon="-104.8581820">
    <ele>1759.0</ele>
    <time>2022-12-05T19:08:33Z</time>
   </trkpt>
   <trkpt lat="39.5716250" lon="-104.8582010">
    <ele>1759.0</ele>
    <time>2022-12-05T19:08:34Z</time>
   </trkpt>
   <trkpt lat="39.5716230" lon="-104.8582170">
    <ele>1759.0</ele>
    <time>2022-12-05T19:08:35Z</time>
   </trkpt>
   <trkpt lat="39.5716210" lon="-104.8582360">
    <ele>1759.0</ele>
    <time>2022-12-05T19:08:36Z</time>
   </trkpt>
   <trkpt lat="39.5716220" lon="-104.8582500">
    <ele>1759.0</ele>
    <time>2022-12-05T19:08:37Z</time>
   </trkpt>
   <trkpt lat="39.5716130" lon="-104.8582710">
    <ele>1759.0</ele>
    <time>2022-12-05T19:08:38Z</time>
   </trkpt>
   <trkpt lat="39.5716140" lon="-104.8582870">
    <ele>1758.9</ele>
    <time>2022-12-05T19:08:39Z</time>
   </trkpt>
   <trkpt lat="39.5716100" lon="-104.8583140">
    <ele>1758.9</ele>
    <time>2022-12-05T19:08:40Z</time>
   </trkpt>
   <trkpt lat="39.5716090" lon="-104.8583330">
    <ele>1758.9</ele>
    <time>2022-12-05T19:08:41Z</time>
   </trkpt>
   <trkpt lat="39.5716080" lon="-104.8583470">
    <ele>1758.9</ele>
    <time>2022-12-05T19:08:42Z</time>
   </trkpt>
   <trkpt lat="39.5716110" lon="-104.8583580">
    <ele>1758.9</ele>
    <time>2022-12-05T19:08:43Z</time>
   </trkpt>
   <trkpt lat="39.5716060" lon="-104.8583950">
    <ele>1758.9</ele>
    <time>2022-12-05T19:08:44Z</time>
   </trkpt>
   <trkpt lat="39.5716020" lon="-104.8584070">
    <ele>1758.9</ele>
    <time>2022-12-05T19:08:45Z</time>
   </trkpt>
   <trkpt lat="39.5715880" lon="-104.8584370">
    <ele>1758.9</ele>
    <time>2022-12-05T19:08:46Z</time>
   </trkpt>
   <trkpt lat="39.5715830" lon="-104.8584480">
    <ele>1758.9</ele>
    <time>2022-12-05T19:08:47Z</time>
   </trkpt>
   <trkpt lat="39.5715780" lon="-104.8584690">
    <ele>1758.9</ele>
    <time>2022-12-05T19:08:48Z</time>
   </trkpt>
   <trkpt lat="39.5715670" lon="-104.8584890">
    <ele>1758.9</ele>
    <time>2022-12-05T19:08:49Z</time>
   </trkpt>
   <trkpt lat="39.5715580" lon="-104.8585080">
    <ele>1758.9</ele>
    <time>2022-12-05T19:08:50Z</time>
   </trkpt>
   <trkpt lat="39.5715490" lon="-104.8585250">
    <ele>1758.8</ele>
    <time>2022-12-05T19:08:51Z</time>
   </trkpt>
   <trkpt lat="39.5715440" lon="-104.8585430">
    <ele>1758.8</ele>
    <time>2022-12-05T19:08:52Z</time>
   </trkpt>
   <trkpt lat="39.5715350" lon="-104.8585590">
    <ele>1758.8</ele>
    <time>2022-12-05T19:08:53Z</time>
   </trkpt>
   <trkpt lat="39.5715250" lon="-104.8585760">
    <ele>1758.8</ele>
    <time>2022-12-05T19:08:54Z</time>
   </trkpt>
   <trkpt lat="39.5715170" lon="-104.8585930">
    <ele>1758.8</ele>
    <time>2022-12-05T19:08:55Z</time>
   </trkpt>
   <trkpt lat="39.5715070" lon="-104.8586100">
    <ele>1758.8</ele>
    <time>2022-12-05T19:08:56Z</time>
   </trkpt>
   <trkpt lat="39.5714980" lon="-104.8586280">
    <ele>1758.8</ele>
    <time>2022-12-05T19:08:57Z</time>
   </trkpt>
   <trkpt lat="39.5714920" lon="-104.8586500">
    <ele>1758.8</ele>
    <time>2022-12-05T19:08:58Z</time>
   </trkpt>
   <trkpt lat="39.5714840" lon="-104.8586690">
    <ele>1758.8</ele>
    <time>2022-12-05T19:08:59Z</time>
   </trkpt>
   <trkpt lat="39.5714720" lon="-104.8586870">
    <ele>1758.7</ele>
    <time>2022-12-05T19:09:00Z</time>
   </trkpt>
   <trkpt lat="39.5714630" lon="-104.8587050">
    <ele>1758.7</ele>
    <time>2022-12-05T19:09:01Z</time>
   </trkpt>
   <trkpt lat="39.5714580" lon="-104.8587210">
    <ele>1758.7</ele>
    <time>2022-12-05T19:09:02Z</time>
   </trkpt>
   <trkpt lat="39.5714480" lon="-104.8587380">
    <ele>1758.7</ele>
    <time>2022-12-05T19:09:03Z</time>
   </trkpt>
   <trkpt lat="39.5714390" lon="-104.8587580">
    <ele>1758.7</ele>
    <time>2022-12-05T19:09:04Z</time>
   </trkpt>
   <trkpt lat="39.5714320" lon="-104.8587720">
    <ele>1758.7</ele>
    <time>2022-12-05T19:09:05Z</time>
   </trkpt>
   <trkpt lat="39.5714220" lon="-104.8587850">
    <ele>1758.7</ele>
    <time>2022-12-05T19:09:06Z</time>
   </trkpt>
   <trkpt lat="39.5714130" lon="-104.8588040">
    <ele>1758.7</ele>
    <time>2022-12-05T19:09:07Z</time>
   </trkpt>
   <trkpt lat="39.5714040" lon="-104.8588230">
    <ele>1758.7</ele>
    <time>2022-12-05T19:09:08Z</time>
   </trkpt>
   <trkpt lat="39.5713940" lon="-104.8588390">
    <ele>1758.7</ele>
    <time>2022-12-05T19:09:09Z</time>
   </trkpt>
   <trkpt lat="39.5713810" lon="-104.8588530">
    <ele>1758.7</ele>
    <time>2022-12-05T19:09:10Z</time>
   </trkpt>
   <trkpt lat="39.5713710" lon="-104.8588660">
    <ele>1758.7</ele>
    <time>2022-12-05T19:09:11Z</time>
   </trkpt>
   <trkpt lat="39.5713630" lon="-104.8588790">
    <ele>1758.7</ele>
    <time>2022-12-05T19:09:12Z</time>
   </trkpt>
   <trkpt lat="39.5713520" lon="-104.8588940">
    <ele>1758.7</ele>
    <time>2022-12-05T19:09:13Z</time>
   </trkpt>
   <trkpt lat="39.5713420" lon="-104.8589120">
    <ele>1758.7</ele>
    <time>2022-12-05T19:09:14Z</time>
   </trkpt>
   <trkpt lat="39.5713330" lon="-104.8589280">
    <ele>1758.7</ele>
    <time>2022-12-05T19:09:15Z</time>
   </trkpt>
   <trkpt lat="39.5713180" lon="-104.8589430">
    <ele>1758.7</ele>
    <time>2022-12-05T19:09:16Z</time>
   </trkpt>
   <trkpt lat="39.5713040" lon="-104.8589520">
    <ele>1758.7</ele>
    <time>2022-12-05T19:09:17Z</time>
   </trkpt>
   <trkpt lat="39.5712940" lon="-104.8589680">
    <ele>1758.7</ele>
    <time>2022-12-05T19:09:18Z</time>
   </trkpt>
   <trkpt lat="39.5712820" lon="-104.8589830">
    <ele>1758.7</ele>
    <time>2022-12-05T19:09:19Z</time>
   </trkpt>
   <trkpt lat="39.5712680" lon="-104.8589950">
    <ele>1758.7</ele>
    <time>2022-12-05T19:09:20Z</time>
   </trkpt>
   <trkpt lat="39.5712550" lon="-104.8590110">
    <ele>1758.7</ele>
    <time>2022-12-05T19:09:21Z</time>
   </trkpt>
   <trkpt lat="39.5712440" lon="-104.8590250">
    <ele>1758.7</ele>
    <time>2022-12-05T19:09:22Z</time>
   </trkpt>
   <trkpt lat="39.5712290" lon="-104.8590350">
    <ele>1758.7</ele>
    <time>2022-12-05T19:09:23Z</time>
   </trkpt>
   <trkpt lat="39.5712160" lon="-104.8590490">
    <ele>1758.7</ele>
    <time>2022-12-05T19:09:24Z</time>
   </trkpt>
   <trkpt lat="39.5712100" lon="-104.8590670">
    <ele>1758.7</ele>
    <time>2022-12-05T19:09:25Z</time>
   </trkpt>
   <trkpt lat="39.5711970" lon="-104.8590780">
    <ele>1758.7</ele>
    <time>2022-12-05T19:09:26Z</time>
   </trkpt>
   <trkpt lat="39.5711840" lon="-104.8590900">
    <ele>1758.7</ele>
    <time>2022-12-05T19:09:27Z</time>
   </trkpt>
   <trkpt lat="39.5711720" lon="-104.8591010">
    <ele>1758.7</ele>
    <time>2022-12-05T19:09:28Z</time>
   </trkpt>
   <trkpt lat="39.5711580" lon="-104.8591130">
    <ele>1758.7</ele>
    <time>2022-12-05T19:09:29Z</time>
   </trkpt>
   <trkpt lat="39.5711460" lon="-104.8591210">
    <ele>1758.7</ele>
    <time>2022-12-05T19:09:30Z</time>
   </trkpt>
   <trkpt lat="39.5711360" lon="-104.8591360">
    <ele>1758.7</ele>
    <time>2022-12-05T19:09:31Z</time>
   </trkpt>
   <trkpt lat="39.5711250" lon="-104.8591500">
    <ele>1758.7</ele>
    <time>2022-12-05T19:09:32Z</time>
   </trkpt>
   <trkpt lat="39.5711130" lon="-104.8591610">
    <ele>1758.7</ele>
    <time>2022-12-05T19:09:33Z</time>
   </trkpt>
   <trkpt lat="39.5710980" lon="-104.8591670">
    <ele>1758.7</ele>
    <time>2022-12-05T19:09:34Z</time>
   </trkpt>
   <trkpt lat="39.5710840" lon="-104.8591760">
    <ele>1758.7</ele>
    <time>2022-12-05T19:09:35Z</time>
   </trkpt>
   <trkpt lat="39.5710680" lon="-104.8591820">
    <ele>1758.7</ele>
    <time>2022-12-05T19:09:36Z</time>
   </trkpt>
   <trkpt lat="39.5710600" lon="-104.8591990">
    <ele>1758.7</ele>
    <time>2022-12-05T19:09:37Z</time>
   </trkpt>
   <trkpt lat="39.5710430" lon="-104.8592040">
    <ele>1758.7</ele>
    <time>2022-12-05T19:09:38Z</time>
   </trkpt>
   <trkpt lat="39.5710310" lon="-104.8592120">
    <ele>1758.8</ele>
    <time>2022-12-05T19:09:39Z</time>
   </trkpt>
   <trkpt lat="39.5710150" lon="-104.8592190">
    <ele>1758.8</ele>
    <time>2022-12-05T19:09:40Z</time>
   </trkpt>
   <trkpt lat="39.5710010" lon="-104.8592350">
    <ele>1758.8</ele>
    <time>2022-12-05T19:09:41Z</time>
   </trkpt>
   <trkpt lat="39.5709880" lon="-104.8592420">
    <ele>1758.8</ele>
    <time>2022-12-05T19:09:42Z</time>
   </trkpt>
   <trkpt lat="39.5709740" lon="-104.8592530">
    <ele>1758.8</ele>
    <time>2022-12-05T19:09:43Z</time>
   </trkpt>
   <trkpt lat="39.5709600" lon="-104.8592600">
    <ele>1758.8</ele>
    <time>2022-12-05T19:09:44Z</time>
   </trkpt>
   <trkpt lat="39.5709460" lon="-104.8592720">
    <ele>1758.9</ele>
    <time>2022-12-05T19:09:45Z</time>
   </trkpt>
   <trkpt lat="39.5709350" lon="-104.8592860">
    <ele>1758.9</ele>
    <time>2022-12-05T19:09:46Z</time>
   </trkpt>
   <trkpt lat="39.5709240" lon="-104.8593000">
    <ele>1758.9</ele>
    <time>2022-12-05T19:09:47Z</time>
   </trkpt>
   <trkpt lat="39.5709100" lon="-104.8593100">
    <ele>1758.9</ele>
    <time>2022-12-05T19:09:48Z</time>
   </trkpt>
   <trkpt lat="39.5708920" lon="-104.8593130">
    <ele>1758.9</ele>
    <time>2022-12-05T19:09:49Z</time>
   </trkpt>
   <trkpt lat="39.5708800" lon="-104.8593230">
    <ele>1759.0</ele>
    <time>2022-12-05T19:09:50Z</time>
   </trkpt>
   <trkpt lat="39.5708670" lon="-104.8593320">
    <ele>1759.0</ele>
    <time>2022-12-05T19:09:51Z</time>
   </trkpt>
   <trkpt lat="39.5708540" lon="-104.8593430">
    <ele>1759.0</ele>
    <time>2022-12-05T19:09:52Z</time>
   </trkpt>
   <trkpt lat="39.5708370" lon="-104.8593540">
    <ele>1759.0</ele>
    <time>2022-12-05T19:09:53Z</time>
   </trkpt>
   <trkpt lat="39.5708250" lon="-104.8593630">
    <ele>1759.0</ele>
    <time>2022-12-05T19:09:54Z</time>
   </trkpt>
   <trkpt lat="39.5708060" lon="-104.8593770">
    <ele>1759.1</ele>
    <time>2022-12-05T19:09:55Z</time>
   </trkpt>
   <trkpt lat="39.5707950" lon="-104.8593940">
    <ele>1759.1</ele>
    <time>2022-12-05T19:09:56Z</time>
   </trkpt>
   <trkpt lat="39.5707790" lon="-104.8594000">
    <ele>1759.1</ele>
    <time>2022-12-05T19:09:57Z</time>
   </trkpt>
   <trkpt lat="39.5707640" lon="-104.8594060">
    <ele>1759.1</ele>
    <time>2022-12-05T19:09:58Z</time>
   </trkpt>
   <trkpt lat="39.5707520" lon="-104.8594210">
    <ele>1759.1</ele>
    <time>2022-12-05T19:09:59Z</time>
   </trkpt>
   <trkpt lat="39.5707370" lon="-104.8594290">
    <ele>1759.2</ele>
    <time>2022-12-05T19:10:00Z</time>
   </trkpt>
   <trkpt lat="39.5707270" lon="-104.8594420">
    <ele>1759.2</ele>
    <time>2022-12-05T19:10:01Z</time>
   </trkpt>
   <trkpt lat="39.5707140" lon="-104.8594510">
    <ele>1759.2</ele>
    <time>2022-12-05T19:10:02Z</time>
   </trkpt>
   <trkpt lat="39.5707000" lon="-104.8594650">
    <ele>1759.2</ele>
    <time>2022-12-05T19:10:03Z</time>
   </trkpt>
   <trkpt lat="39.5706860" lon="-104.8594780">
    <ele>1759.3</ele>
    <time>2022-12-05T19:10:04Z</time>
   </trkpt>
   <trkpt lat="39.5706710" lon="-104.8594880">
    <ele>1759.3</ele>
    <time>2022-12-05T19:10:05Z</time>
   </trkpt>
   <trkpt lat="39.5706570" lon="-104.8594990">
    <ele>1759.3</ele>
    <time>2022-12-05T19:10:06Z</time>
   </trkpt>
   <trkpt lat="39.5706430" lon="-104.8595090">
    <ele>1759.3</ele>
    <time>2022-12-05T19:10:07Z</time>
   </trkpt>
   <trkpt lat="39.5706290" lon="-104.8595140">
    <ele>1759.4</ele>
    <time>2022-12-05T19:10:08Z</time>
   </trkpt>
   <trkpt lat="39.5706160" lon="-104.8595180">
    <ele>1759.4</ele>
    <time>2022-12-05T19:10:09Z</time>
   </trkpt>
   <trkpt lat="39.5705900" lon="-104.8595340">
    <ele>1759.4</ele>
    <time>2022-12-05T19:10:10Z</time>
   </trkpt>
   <trkpt lat="39.5705830" lon="-104.8595420">
    <ele>1759.4</ele>
    <time>2022-12-05T19:10:11Z</time>
   </trkpt>
   <trkpt lat="39.5705710" lon="-104.8595510">
    <ele>1759.5</ele>
    <time>2022-12-05T19:10:12Z</time>
   </trkpt>
   <trkpt lat="39.5705580" lon="-104.8595580">
    <ele>1759.5</ele>
    <time>2022-12-05T19:10:13Z</time>
   </trkpt>
   <trkpt lat="39.5705420" lon="-104.8595720">
    <ele>1759.5</ele>
    <time>2022-12-05T19:10:14Z</time>
   </trkpt>
   <trkpt lat="39.5705260" lon="-104.8595780">
    <ele>1759.5</ele>
    <time>2022-12-05T19:10:15Z</time>
   </trkpt>
   <trkpt lat="39.5705100" lon="-104.8595880">
    <ele>1759.6</ele>
    <time>2022-12-05T19:10:16Z</time>
   </trkpt>
   <trkpt lat="39.5704960" lon="-104.8596000">
    <ele>1759.6</ele>
    <time>2022-12-05T19:10:17Z</time>
   </trkpt>
   <trkpt lat="39.5704810" lon="-104.8596070">
    <ele>1759.6</ele>
    <time>2022-12-05T19:10:18Z</time>
   </trkpt>
   <trkpt lat="39.5704700" lon="-104.8596240">
    <ele>1759.6</ele>
    <time>2022-12-05T19:10:19Z</time>
   </trkpt>
   <trkpt lat="39.5704570" lon="-104.8596390">
    <ele>1759.7</ele>
    <time>2022-12-05T19:10:20Z</time>
   </trkpt>
   <trkpt lat="39.5704400" lon="-104.8596470">
    <ele>1759.7</ele>
    <time>2022-12-05T19:10:21Z</time>
   </trkpt>
   <trkpt lat="39.5704270" lon="-104.8596550">
    <ele>1759.7</ele>
    <time>2022-12-05T19:10:22Z</time>
   </trkpt>
   <trkpt lat="39.5704180" lon="-104.8596710">
    <ele>1759.8</ele>
    <time>2022-12-05T19:10:23Z</time>
   </trkpt>
   <trkpt lat="39.5704160" lon="-104.8596970">
    <ele>1759.8</ele>
    <time>2022-12-05T19:10:24Z</time>
   </trkpt>
   <trkpt lat="39.5703980" lon="-104.8597100">
    <ele>1759.8</ele>
    <time>2022-12-05T19:10:25Z</time>
   </trkpt>
   <trkpt lat="39.5703860" lon="-104.8597160">
    <ele>1759.9</ele>
    <time>2022-12-05T19:10:26Z</time>
   </trkpt>
   <trkpt lat="39.5703690" lon="-104.8597270">
    <ele>1759.9</ele>
    <time>2022-12-05T19:10:27Z</time>
   </trkpt>
   <trkpt lat="39.5703570" lon="-104.8597400">
    <ele>1759.9</ele>
    <time>2022-12-05T19:10:28Z</time>
   </trkpt>
   <trkpt lat="39.5703430" lon="-104.8597480">
    <ele>1759.9</ele>
    <time>2022-12-05T19:10:29Z</time>
   </trkpt>
   <trkpt lat="39.5703290" lon="-104.8597620">
    <ele>1760.0</ele>
    <time>2022-12-05T19:10:30Z</time>
   </trkpt>
   <trkpt lat="39.5703180" lon="-104.8597670">
    <ele>1760.0</ele>
    <time>2022-12-05T19:10:31Z</time>
   </trkpt>
   <trkpt lat="39.5703080" lon="-104.8597820">
    <ele>1760.0</ele>
    <time>2022-12-05T19:10:32Z</time>
   </trkpt>
   <trkpt lat="39.5702930" lon="-104.8597960">
    <ele>1760.0</ele>
    <time>2022-12-05T19:10:33Z</time>
   </trkpt>
   <trkpt lat="39.5702640" lon="-104.8598050">
    <ele>1760.1</ele>
    <time>2022-12-05T19:10:34Z</time>
   </trkpt>
   <trkpt lat="39.5702550" lon="-104.8598110">
    <ele>1760.1</ele>
    <time>2022-12-05T19:10:35Z</time>
   </trkpt>
   <trkpt lat="39.5702400" lon="-104.8598210">
    <ele>1760.1</ele>
    <time>2022-12-05T19:10:36Z</time>
   </trkpt>
   <trkpt lat="39.5702240" lon="-104.8598310">
    <ele>1760.1</ele>
    <time>2022-12-05T19:10:37Z</time>
   </trkpt>
   <trkpt lat="39.5702080" lon="-104.8598400">
    <ele>1760.2</ele>
    <time>2022-12-05T19:10:38Z</time>
   </trkpt>
   <trkpt lat="39.5701970" lon="-104.8598540">
    <ele>1760.2</ele>
    <time>2022-12-05T19:10:39Z</time>
   </trkpt>
   <trkpt lat="39.5701800" lon="-104.8598600">
    <ele>1760.2</ele>
    <time>2022-12-05T19:10:40Z</time>
   </trkpt>
   <trkpt lat="39.5701640" lon="-104.8598660">
    <ele>1760.3</ele>
    <time>2022-12-05T19:10:41Z</time>
   </trkpt>
   <trkpt lat="39.5701490" lon="-104.8598800">
    <ele>1760.3</ele>
    <time>2022-12-05T19:10:42Z</time>
   </trkpt>
   <trkpt lat="39.5701320" lon="-104.8598870">
    <ele>1760.3</ele>
    <time>2022-12-05T19:10:43Z</time>
   </trkpt>
   <trkpt lat="39.5701190" lon="-104.8598980">
    <ele>1760.4</ele>
    <time>2022-12-05T19:10:44Z</time>
   </trkpt>
   <trkpt lat="39.5701040" lon="-104.8599040">
    <ele>1760.4</ele>
    <time>2022-12-05T19:10:45Z</time>
   </trkpt>
   <trkpt lat="39.5700920" lon="-104.8599140">
    <ele>1760.4</ele>
    <time>2022-12-05T19:10:46Z</time>
   </trkpt>
   <trkpt lat="39.5700790" lon="-104.8599340">
    <ele>1760.5</ele>
    <time>2022-12-05T19:10:47Z</time>
   </trkpt>
   <trkpt lat="39.5700670" lon="-104.8599460">
    <ele>1760.5</ele>
    <time>2022-12-05T19:10:48Z</time>
   </trkpt>
   <trkpt lat="39.5700540" lon="-104.8599570">
    <ele>1760.5</ele>
    <time>2022-12-05T19:10:49Z</time>
   </trkpt>
   <trkpt lat="39.5700410" lon="-104.8599660">
    <ele>1760.6</ele>
    <time>2022-12-05T19:10:50Z</time>
   </trkpt>
   <trkpt lat="39.5700270" lon="-104.8599770">
    <ele>1760.6</ele>
    <time>2022-12-05T19:10:51Z</time>
   </trkpt>
   <trkpt lat="39.5700120" lon="-104.8599810">
    <ele>1760.6</ele>
    <time>2022-12-05T19:10:52Z</time>
   </trkpt>
   <trkpt lat="39.5700010" lon="-104.8599920">
    <ele>1760.7</ele>
    <time>2022-12-05T19:10:53Z</time>
   </trkpt>
   <trkpt lat="39.5699880" lon="-104.8600010">
    <ele>1760.7</ele>
    <time>2022-12-05T19:10:54Z</time>
   </trkpt>
   <trkpt lat="39.5699780" lon="-104.8600120">
    <ele>1760.7</ele>
    <time>2022-12-05T19:10:55Z</time>
   </trkpt>
   <trkpt lat="39.5699520" lon="-104.8600270">
    <ele>1760.8</ele>
    <time>2022-12-05T19:10:56Z</time>
   </trkpt>
   <trkpt lat="39.5699450" lon="-104.8600330">
    <ele>1760.8</ele>
    <time>2022-12-05T19:10:57Z</time>
   </trkpt>
   <trkpt lat="39.5699300" lon="-104.8600420">
    <ele>1760.9</ele>
    <time>2022-12-05T19:10:58Z</time>
   </trkpt>
   <trkpt lat="39.5699170" lon="-104.8600540">
    <ele>1760.9</ele>
    <time>2022-12-05T19:10:59Z</time>
   </trkpt>
   <trkpt lat="39.5699050" lon="-104.8600650">
    <ele>1760.9</ele>
    <time>2022-12-05T19:11:00Z</time>
   </trkpt>
   <trkpt lat="39.5698900" lon="-104.8600820">
    <ele>1761.0</ele>
    <time>2022-12-05T19:11:01Z</time>
   </trkpt>
   <trkpt lat="39.5698750" lon="-104.8600940">
    <ele>1761.0</ele>
    <time>2022-12-05T19:11:02Z</time>
   </trkpt>
   <trkpt lat="39.5698630" lon="-104.8601080">
    <ele>1761.1</ele>
    <time>2022-12-05T19:11:03Z</time>
   </trkpt>
   <trkpt lat="39.5698480" lon="-104.8601150">
    <ele>1761.1</ele>
    <time>2022-12-05T19:11:04Z</time>
   </trkpt>
   <trkpt lat="39.5698340" lon="-104.8601260">
    <ele>1761.2</ele>
    <time>2022-12-05T19:11:05Z</time>
   </trkpt>
   <trkpt lat="39.5698220" lon="-104.8601390">
    <ele>1761.2</ele>
    <time>2022-12-05T19:11:06Z</time>
   </trkpt>
   <trkpt lat="39.5698070" lon="-104.8601460">
    <ele>1761.3</ele>
    <time>2022-12-05T19:11:07Z</time>
   </trkpt>
   <trkpt lat="39.5697950" lon="-104.8601530">
    <ele>1761.3</ele>
    <time>2022-12-05T19:11:08Z</time>
   </trkpt>
   <trkpt lat="39.5697790" lon="-104.8601600">
    <ele>1761.3</ele>
    <time>2022-12-05T19:11:09Z</time>
   </trkpt>
   <trkpt lat="39.5697630" lon="-104.8601750">
    <ele>1761.4</ele>
    <time>2022-12-05T19:11:10Z</time>
   </trkpt>
   <trkpt lat="39.5697480" lon="-104.8601830">
    <ele>1761.5</ele>
    <time>2022-12-05T19:11:11Z</time>
   </trkpt>
   <trkpt lat="39.5697370" lon="-104.8601950">
    <ele>1761.5</ele>
    <time>2022-12-05T19:11:12Z</time>
   </trkpt>
   <trkpt lat="39.5697250" lon="-104.8602080">
    <ele>1761.5</ele>
    <time>2022-12-05T19:11:13Z</time>
   </trkpt>
   <trkpt lat="39.5697110" lon="-104.8602180">
    <ele>1761.6</ele>
    <time>2022-12-05T19:11:14Z</time>
   </trkpt>
   <trkpt lat="39.5696950" lon="-104.8602270">
    <ele>1761.6</ele>
    <time>2022-12-05T19:11:15Z</time>
   </trkpt>
   <trkpt lat="39.5696820" lon="-104.8602400">
    <ele>1761.7</ele>
    <time>2022-12-05T19:11:16Z</time>
   </trkpt>
   <trkpt lat="39.5696670" lon="-104.8602450">
    <ele>1761.7</ele>
    <time>2022-12-05T19:11:17Z</time>
   </trkpt>
   <trkpt lat="39.5696560" lon="-104.8602600">
    <ele>1761.8</ele>
    <time>2022-12-05T19:11:18Z</time>
   </trkpt>
   <trkpt lat="39.5696440" lon="-104.8602730">
    <ele>1761.8</ele>
    <time>2022-12-05T19:11:19Z</time>
   </trkpt>
   <trkpt lat="39.5696280" lon="-104.8602850">
    <ele>1761.9</ele>
    <time>2022-12-05T19:11:20Z</time>
   </trkpt>
   <trkpt lat="39.5696140" lon="-104.8602900">
    <ele>1761.9</ele>
    <time>2022-12-05T19:11:21Z</time>
   </trkpt>
   <trkpt lat="39.5696010" lon="-104.8603000">
    <ele>1761.9</ele>
    <time>2022-12-05T19:11:22Z</time>
   </trkpt>
   <trkpt lat="39.5695900" lon="-104.8603200">
    <ele>1762.0</ele>
    <time>2022-12-05T19:11:23Z</time>
   </trkpt>
   <trkpt lat="39.5695790" lon="-104.8603340">
    <ele>1762.0</ele>
    <time>2022-12-05T19:11:24Z</time>
   </trkpt>
   <trkpt lat="39.5695650" lon="-104.8603460">
    <ele>1762.1</ele>
    <time>2022-12-05T19:11:25Z</time>
   </trkpt>
   <trkpt lat="39.5695520" lon="-104.8603600">
    <ele>1762.1</ele>
    <time>2022-12-05T19:11:26Z</time>
   </trkpt>
   <trkpt lat="39.5695380" lon="-104.8603690">
    <ele>1762.2</ele>
    <time>2022-12-05T19:11:27Z</time>
   </trkpt>
   <trkpt lat="39.5695280" lon="-104.8603780">
    <ele>1762.2</ele>
    <time>2022-12-05T19:11:28Z</time>
   </trkpt>
   <trkpt lat="39.5695090" lon="-104.8603910">
    <ele>1762.2</ele>
    <time>2022-12-05T19:11:29Z</time>
   </trkpt>
   <trkpt lat="39.5694960" lon="-104.8603950">
    <ele>1762.3</ele>
    <time>2022-12-05T19:11:30Z</time>
   </trkpt>
   <trkpt lat="39.5694830" lon="-104.8604030">
    <ele>1762.3</ele>
    <time>2022-12-05T19:11:31Z</time>
   </trkpt>
   <trkpt lat="39.5694700" lon="-104.8604140">
    <ele>1762.3</ele>
    <time>2022-12-05T19:11:32Z</time>
   </trkpt>
   <trkpt lat="39.5694530" lon="-104.8604260">
    <ele>1762.4</ele>
    <time>2022-12-05T19:11:33Z</time>
   </trkpt>
   <trkpt lat="39.5694340" lon="-104.8604430">
    <ele>1762.4</ele>
    <time>2022-12-05T19:11:34Z</time>
   </trkpt>
   <trkpt lat="39.5694280" lon="-104.8604490">
    <ele>1762.4</ele>
    <time>2022-12-05T19:11:35Z</time>
   </trkpt>
   <trkpt lat="39.5694210" lon="-104.8604550">
    <ele>1762.5</ele>
    <time>2022-12-05T19:11:36Z</time>
   </trkpt>
   <trkpt lat="39.5694020" lon="-104.8604690">
    <ele>1762.5</ele>
    <time>2022-12-05T19:11:37Z</time>
   </trkpt>
   <trkpt lat="39.5693930" lon="-104.8604740">
    <ele>1762.5</ele>
    <time>2022-12-05T19:11:38Z</time>
   </trkpt>
   <trkpt lat="39.5693840" lon="-104.8604790">
    <ele>1762.6</ele>
    <time>2022-12-05T19:11:39Z</time>
   </trkpt>
   <trkpt lat="39.5693660" lon="-104.8604910">
    <ele>1762.6</ele>
    <time>2022-12-05T19:11:40Z</time>
   </trkpt>
   <trkpt lat="39.5693530" lon="-104.8604980">
    <ele>1762.6</ele>
    <time>2022-12-05T19:11:41Z</time>
   </trkpt>
   <trkpt lat="39.5693300" lon="-104.8605170">
    <ele>1762.7</ele>
    <time>2022-12-05T19:11:42Z</time>
   </trkpt>
   <trkpt lat="39.5693220" lon="-104.8605240">
    <ele>1762.7</ele>
    <time>2022-12-05T19:11:43Z</time>
   </trkpt>
   <trkpt lat="39.5693120" lon="-104.8605350">
    <ele>1762.7</ele>
    <time>2022-12-05T19:11:44Z</time>
   </trkpt>
   <trkpt lat="39.5692960" lon="-104.8605440">
    <ele>1762.8</ele>
    <time>2022-12-05T19:11:45Z</time>
   </trkpt>
   <trkpt lat="39.5692800" lon="-104.8605530">
    <ele>1762.8</ele>
    <time>2022-12-05T19:11:46Z</time>
   </trkpt>
   <trkpt lat="39.5692680" lon="-104.8605600">
    <ele>1762.8</ele>
    <time>2022-12-05T19:11:47Z</time>
   </trkpt>
   <trkpt lat="39.5692520" lon="-104.8605670">
    <ele>1762.8</ele>
    <time>2022-12-05T19:11:48Z</time>
   </trkpt>
   <trkpt lat="39.5692370" lon="-104.8605640">
    <ele>1762.9</ele>
    <time>2022-12-05T19:11:49Z</time>
   </trkpt>
   <trkpt lat="39.5692220" lon="-104.8605680">
    <ele>1762.9</ele>
    <time>2022-12-05T19:11:50Z</time>
   </trkpt>
   <trkpt lat="39.5692090" lon="-104.8605830">
    <ele>1762.9</ele>
    <time>2022-12-05T19:11:51Z</time>
   </trkpt>
   <trkpt lat="39.5691960" lon="-104.8606140">
    <ele>1762.9</ele>
    <time>2022-12-05T19:11:52Z</time>
   </trkpt>
   <trkpt lat="39.5691830" lon="-104.8606220">
    <ele>1762.9</ele>
    <time>2022-12-05T19:11:53Z</time>
   </trkpt>
   <trkpt lat="39.5691730" lon="-104.8606380">
    <ele>1762.9</ele>
    <time>2022-12-05T19:11:54Z</time>
   </trkpt>
   <trkpt lat="39.5691610" lon="-104.8606470">
    <ele>1763.0</ele>
    <time>2022-12-05T19:11:55Z</time>
   </trkpt>
   <trkpt lat="39.5691470" lon="-104.8606580">
    <ele>1763.0</ele>
    <time>2022-12-05T19:11:56Z</time>
   </trkpt>
   <trkpt lat="39.5691330" lon="-104.8606630">
    <ele>1763.0</ele>
    <time>2022-12-05T19:11:57Z</time>
   </trkpt>
   <trkpt lat="39.5691180" lon="-104.8606720">
    <ele>1763.0</ele>
    <time>2022-12-05T19:11:58Z</time>
   </trkpt>
   <trkpt lat="39.5691050" lon="-104.8606730">
    <ele>1763.0</ele>
    <time>2022-12-05T19:11:59Z</time>
   </trkpt>
   <trkpt lat="39.5690910" lon="-104.8606810">
    <ele>1763.1</ele>
    <time>2022-12-05T19:12:00Z</time>
   </trkpt>
   <trkpt lat="39.5690780" lon="-104.8606930">
    <ele>1763.1</ele>
    <time>2022-12-05T19:12:01Z</time>
   </trkpt>
   <trkpt lat="39.5690650" lon="-104.8607020">
    <ele>1763.1</ele>
    <time>2022-12-05T19:12:02Z</time>
   </trkpt>
   <trkpt lat="39.5690530" lon="-104.8607120">
    <ele>1763.1</ele>
    <time>2022-12-05T19:12:03Z</time>
   </trkpt>
   <trkpt lat="39.5690370" lon="-104.8607230">
    <ele>1763.1</ele>
    <time>2022-12-05T19:12:04Z</time>
   </trkpt>
   <trkpt lat="39.5690240" lon="-104.8607320">
    <ele>1763.2</ele>
    <time>2022-12-05T19:12:05Z</time>
   </trkpt>
   <trkpt lat="39.5690090" lon="-104.8607430">
    <ele>1763.2</ele>
    <time>2022-12-05T19:12:06Z</time>
   </trkpt>
   <trkpt lat="39.5689960" lon="-104.8607540">
    <ele>1763.2</ele>
    <time>2022-12-05T19:12:07Z</time>
   </trkpt>
   <trkpt lat="39.5689840" lon="-104.8607650">
    <ele>1763.2</ele>
    <time>2022-12-05T19:12:08Z</time>
   </trkpt>
   <trkpt lat="39.5689720" lon="-104.8607790">
    <ele>1763.2</ele>
    <time>2022-12-05T19:12:09Z</time>
   </trkpt>
   <trkpt lat="39.5689570" lon="-104.8607890">
    <ele>1763.3</ele>
    <time>2022-12-05T19:12:10Z</time>
   </trkpt>
   <trkpt lat="39.5689460" lon="-104.8608020">
    <ele>1763.3</ele>
    <time>2022-12-05T19:12:11Z</time>
   </trkpt>
   <trkpt lat="39.5689330" lon="-104.8608110">
    <ele>1763.3</ele>
    <time>2022-12-05T19:12:12Z</time>
   </trkpt>
   <trkpt lat="39.5689180" lon="-104.8608190">
    <ele>1763.3</ele>
    <time>2022-12-05T19:12:13Z</time>
   </trkpt>
   <trkpt lat="39.5689060" lon="-104.8608270">
    <ele>1763.4</ele>
    <time>2022-12-05T19:12:14Z</time>
   </trkpt>
   <trkpt lat="39.5688830" lon="-104.8608460">
    <ele>1763.4</ele>
    <time>2022-12-05T19:12:15Z</time>
   </trkpt>
   <trkpt lat="39.5688770" lon="-104.8608540">
    <ele>1763.4</ele>
    <time>2022-12-05T19:12:16Z</time>
   </trkpt>
   <trkpt lat="39.5688640" lon="-104.8608620">
    <ele>1763.4</ele>
    <time>2022-12-05T19:12:17Z</time>
   </trkpt>
   <trkpt lat="39.5688520" lon="-104.8608770">
    <ele>1763.4</ele>
    <time>2022-12-05T19:12:18Z</time>
   </trkpt>
   <trkpt lat="39.5688390" lon="-104.8608890">
    <ele>1763.5</ele>
    <time>2022-12-05T19:12:19Z</time>
   </trkpt>
   <trkpt lat="39.5688310" lon="-104.8609060">
    <ele>1763.5</ele>
    <time>2022-12-05T19:12:20Z</time>
   </trkpt>
   <trkpt lat="39.5688150" lon="-104.8609150">
    <ele>1763.5</ele>
    <time>2022-12-05T19:12:21Z</time>
   </trkpt>
   <trkpt lat="39.5688020" lon="-104.8609270">
    <ele>1763.5</ele>
    <time>2022-12-05T19:12:22Z</time>
   </trkpt>
   <trkpt lat="39.5687900" lon="-104.8609390">
    <ele>1763.6</ele>
    <time>2022-12-05T19:12:23Z</time>
   </trkpt>
   <trkpt lat="39.5687790" lon="-104.8609470">
    <ele>1763.6</ele>
    <time>2022-12-05T19:12:24Z</time>
   </trkpt>
   <trkpt lat="39.5687690" lon="-104.8609620">
    <ele>1763.6</ele>
    <time>2022-12-05T19:12:25Z</time>
   </trkpt>
   <trkpt lat="39.5687530" lon="-104.8609750">
    <ele>1763.6</ele>
    <time>2022-12-05T19:12:26Z</time>
   </trkpt>
   <trkpt lat="39.5687340" lon="-104.8609830">
    <ele>1763.7</ele>
    <time>2022-12-05T19:12:27Z</time>
   </trkpt>
   <trkpt lat="39.5687240" lon="-104.8609980">
    <ele>1763.7</ele>
    <time>2022-12-05T19:12:28Z</time>
   </trkpt>
   <trkpt lat="39.5687100" lon="-104.8610060">
    <ele>1763.7</ele>
    <time>2022-12-05T19:12:29Z</time>
   </trkpt>
   <trkpt lat="39.5686980" lon="-104.8610140">
    <ele>1763.7</ele>
    <time>2022-12-05T19:12:30Z</time>
   </trkpt>
   <trkpt lat="39.5686800" lon="-104.8610190">
    <ele>1763.7</ele>
    <time>2022-12-05T19:12:31Z</time>
   </trkpt>
   <trkpt lat="39.5686680" lon="-104.8610290">
    <ele>1763.8</ele>
    <time>2022-12-05T19:12:32Z</time>
   </trkpt>
   <trkpt lat="39.5686560" lon="-104.8610460">
    <ele>1763.8</ele>
    <time>2022-12-05T19:12:33Z</time>
   </trkpt>
   <trkpt lat="39.5686450" lon="-104.8610560">
    <ele>1763.8</ele>
    <time>2022-12-05T19:12:34Z</time>
   </trkpt>
   <trkpt lat="39.5686300" lon="-104.8610610">
    <ele>1763.8</ele>
    <time>2022-12-05T19:12:35Z</time>
   </trkpt>
   <trkpt lat="39.5686170" lon="-104.8610700">
    <ele>1763.9</ele>
    <time>2022-12-05T19:12:36Z</time>
   </trkpt>
   <trkpt lat="39.5686010" lon="-104.8610780">
    <ele>1763.9</ele>
    <time>2022-12-05T19:12:37Z</time>
   </trkpt>
   <trkpt lat="39.5685870" lon="-104.8610860">
    <ele>1763.9</ele>
    <time>2022-12-05T19:12:38Z</time>
   </trkpt>
   <trkpt lat="39.5685740" lon="-104.8610970">
    <ele>1763.9</ele>
    <time>2022-12-05T19:12:39Z</time>
   </trkpt>
   <trkpt lat="39.5685610" lon="-104.8611090">
    <ele>1763.9</ele>
    <time>2022-12-05T19:12:40Z</time>
   </trkpt>
   <trkpt lat="39.5685470" lon="-104.8611210">
    <ele>1764.0</ele>
    <time>2022-12-05T19:12:41Z</time>
   </trkpt>
   <trkpt lat="39.5685320" lon="-104.8611300">
    <ele>1764.0</ele>
    <time>2022-12-05T19:12:42Z</time>
   </trkpt>
   <trkpt lat="39.5685180" lon="-104.8611420">
    <ele>1764.0</ele>
    <time>2022-12-05T19:12:43Z</time>
   </trkpt>
   <trkpt lat="39.5685050" lon="-104.8611540">
    <ele>1764.0</ele>
    <time>2022-12-05T19:12:44Z</time>
   </trkpt>
   <trkpt lat="39.5684900" lon="-104.8611620">
    <ele>1764.0</ele>
    <time>2022-12-05T19:12:45Z</time>
   </trkpt>
   <trkpt lat="39.5684770" lon="-104.8611700">
    <ele>1764.1</ele>
    <time>2022-12-05T19:12:46Z</time>
   </trkpt>
   <trkpt lat="39.5684620" lon="-104.8611780">
    <ele>1764.1</ele>
    <time>2022-12-05T19:12:47Z</time>
   </trkpt>
   <trkpt lat="39.5684450" lon="-104.8611840">
    <ele>1764.1</ele>
    <time>2022-12-05T19:12:48Z</time>
   </trkpt>
   <trkpt lat="39.5684330" lon="-104.8611970">
    <ele>1764.1</ele>
    <time>2022-12-05T19:12:49Z</time>
   </trkpt>
   <trkpt lat="39.5684180" lon="-104.8612090">
    <ele>1764.1</ele>
    <time>2022-12-05T19:12:50Z</time>
   </trkpt>
   <trkpt lat="39.5684010" lon="-104.8612160">
    <ele>1764.2</ele>
    <time>2022-12-05T19:12:51Z</time>
   </trkpt>
   <trkpt lat="39.5683880" lon="-104.8612260">
    <ele>1764.2</ele>
    <time>2022-12-05T19:12:52Z</time>
   </trkpt>
   <trkpt lat="39.5683720" lon="-104.8612320">
    <ele>1764.2</ele>
    <time>2022-12-05T19:12:53Z</time>
   </trkpt>
   <trkpt lat="39.5683580" lon="-104.8612440">
    <ele>1764.2</ele>
    <time>2022-12-05T19:12:54Z</time>
   </trkpt>
   <trkpt lat="39.5683450" lon="-104.8612560">
    <ele>1764.3</ele>
    <time>2022-12-05T19:12:55Z</time>
   </trkpt>
   <trkpt lat="39.5683350" lon="-104.8612700">
    <ele>1764.3</ele>
    <time>2022-12-05T19:12:56Z</time>
   </trkpt>
   <trkpt lat="39.5683180" lon="-104.8612800">
    <ele>1764.3</ele>
    <time>2022-12-05T19:12:57Z</time>
   </trkpt>
   <trkpt lat="39.5683030" lon="-104.8612910">
    <ele>1764.3</ele>
    <time>2022-12-05T19:12:58Z</time>
   </trkpt>
   <trkpt lat="39.5682890" lon="-104.8613030">
    <ele>1764.3</ele>
    <time>2022-12-05T19:12:59Z</time>
   </trkpt>
   <trkpt lat="39.5682750" lon="-104.8613140">
    <ele>1764.4</ele>
    <time>2022-12-05T19:13:00Z</time>
   </trkpt>
   <trkpt lat="39.5682580" lon="-104.8613190">
    <ele>1764.4</ele>
    <time>2022-12-05T19:13:01Z</time>
   </trkpt>
   <trkpt lat="39.5682420" lon="-104.8613180">
    <ele>1764.4</ele>
    <time>2022-12-05T19:13:02Z</time>
   </trkpt>
   <trkpt lat="39.5682300" lon="-104.8613230">
    <ele>1764.4</ele>
    <time>2022-12-05T19:13:03Z</time>
   </trkpt>
   <trkpt lat="39.5682150" lon="-104.8613330">
    <ele>1764.4</ele>
    <time>2022-12-05T19:13:04Z</time>
   </trkpt>
   <trkpt lat="39.5682040" lon="-104.8613440">
    <ele>1764.4</ele>
    <time>2022-12-05T19:13:05Z</time>
   </trkpt>
   <trkpt lat="39.5681790" lon="-104.8613420">
    <ele>1764.5</ele>
    <time>2022-12-05T19:13:06Z</time>
   </trkpt>
   <trkpt lat="39.5681670" lon="-104.8613440">
    <ele>1764.5</ele>
    <time>2022-12-05T19:13:07Z</time>
   </trkpt>
   <trkpt lat="39.5681530" lon="-104.8613500">
    <ele>1764.5</ele>
    <time>2022-12-05T19:13:08Z</time>
   </trkpt>
   <trkpt lat="39.5681410" lon="-104.8613670">
    <ele>1764.5</ele>
    <time>2022-12-05T19:13:09Z</time>
   </trkpt>
   <trkpt lat="39.5681240" lon="-104.8613760">
    <ele>1764.5</ele>
    <time>2022-12-05T19:13:10Z</time>
   </trkpt>
   <trkpt lat="39.5681100" lon="-104.8613840">
    <ele>1764.5</ele>
    <time>2022-12-05T19:13:11Z</time>
   </trkpt>
   <trkpt lat="39.5680940" lon="-104.8613910">
    <ele>1764.6</ele>
    <time>2022-12-05T19:13:12Z</time>
   </trkpt>
   <trkpt lat="39.5680830" lon="-104.8614040">
    <ele>1764.6</ele>
    <time>2022-12-05T19:13:13Z</time>
   </trkpt>
   <trkpt lat="39.5680720" lon="-104.8614180">
    <ele>1764.6</ele>
    <time>2022-12-05T19:13:14Z</time>
   </trkpt>
   <trkpt lat="39.5680600" lon="-104.8614350">
    <ele>1764.6</ele>
    <time>2022-12-05T19:13:15Z</time>
   </trkpt>
   <trkpt lat="39.5680470" lon="-104.8614470">
    <ele>1764.6</ele>
    <time>2022-12-05T19:13:16Z</time>
   </trkpt>
   <trkpt lat="39.5680290" lon="-104.8614540">
    <ele>1764.6</ele>
    <time>2022-12-05T19:13:17Z</time>
   </trkpt>
   <trkpt lat="39.5680150" lon="-104.8614660">
    <ele>1764.7</ele>
    <time>2022-12-05T19:13:18Z</time>
   </trkpt>
   <trkpt lat="39.5680030" lon="-104.8614800">
    <ele>1764.7</ele>
    <time>2022-12-05T19:13:19Z</time>
   </trkpt>
   <trkpt lat="39.5679880" lon="-104.8614880">
    <ele>1764.7</ele>
    <time>2022-12-05T19:13:20Z</time>
   </trkpt>
   <trkpt lat="39.5679760" lon="-104.8615010">
    <ele>1764.7</ele>
    <time>2022-12-05T19:13:21Z</time>
   </trkpt>
   <trkpt lat="39.5679610" lon="-104.8615170">
    <ele>1764.7</ele>
    <time>2022-12-05T19:13:22Z</time>
   </trkpt>
   <trkpt lat="39.5679490" lon="-104.8615340">
    <ele>1764.7</ele>
    <time>2022-12-05T19:13:23Z</time>
   </trkpt>
   <trkpt lat="39.5679350" lon="-104.8615450">
    <ele>1764.7</ele>
    <time>2022-12-05T19:13:24Z</time>
   </trkpt>
   <trkpt lat="39.5679210" lon="-104.8615530">
    <ele>1764.8</ele>
    <time>2022-12-05T19:13:25Z</time>
   </trkpt>
   <trkpt lat="39.5679090" lon="-104.8615650">
    <ele>1764.8</ele>
    <time>2022-12-05T19:13:26Z</time>
   </trkpt>
   <trkpt lat="39.5678950" lon="-104.8615710">
    <ele>1764.8</ele>
    <time>2022-12-05T19:13:27Z</time>
   </trkpt>
   <trkpt lat="39.5678810" lon="-104.8615860">
    <ele>1764.8</ele>
    <time>2022-12-05T19:13:28Z</time>
   </trkpt>
   <trkpt lat="39.5678700" lon="-104.8616030">
    <ele>1764.8</ele>
    <time>2022-12-05T19:13:29Z</time>
   </trkpt>
   <trkpt lat="39.5678580" lon="-104.8616210">
    <ele>1764.8</ele>
    <time>2022-12-05T19:13:30Z</time>
   </trkpt>
   <trkpt lat="39.5678450" lon="-104.8616360">
    <ele>1764.8</ele>
    <time>2022-12-05T19:13:31Z</time>
   </trkpt>
   <trkpt lat="39.5678320" lon="-104.8616440">
    <ele>1764.8</ele>
    <time>2022-12-05T19:13:32Z</time>
   </trkpt>
   <trkpt lat="39.5678180" lon="-104.8616530">
    <ele>1764.8</ele>
    <time>2022-12-05T19:13:33Z</time>
   </trkpt>
   <trkpt lat="39.5678050" lon="-104.8616640">
    <ele>1764.8</ele>
    <time>2022-12-05T19:13:34Z</time>
   </trkpt>
   <trkpt lat="39.5677910" lon="-104.8616770">
    <ele>1764.8</ele>
    <time>2022-12-05T19:13:35Z</time>
   </trkpt>
   <trkpt lat="39.5677780" lon="-104.8616880">
    <ele>1764.9</ele>
    <time>2022-12-05T19:13:36Z</time>
   </trkpt>
   <trkpt lat="39.5677600" lon="-104.8617150">
    <ele>1764.9</ele>
    <time>2022-12-05T19:13:37Z</time>
   </trkpt>
   <trkpt lat="39.5677530" lon="-104.8617220">
    <ele>1764.9</ele>
    <time>2022-12-05T19:13:38Z</time>
   </trkpt>
   <trkpt lat="39.5677370" lon="-104.8617280">
    <ele>1764.9</ele>
    <time>2022-12-05T19:13:39Z</time>
   </trkpt>
   <trkpt lat="39.5677220" lon="-104.8617380">
    <ele>1764.9</ele>
    <time>2022-12-05T19:13:40Z</time>
   </trkpt>
   <trkpt lat="39.5677080" lon="-104.8617460">
    <ele>1764.9</ele>
    <time>2022-12-05T19:13:41Z</time>
   </trkpt>
   <trkpt lat="39.5676920" lon="-104.8617560">
    <ele>1764.9</ele>
    <time>2022-12-05T19:13:42Z</time>
   </trkpt>
   <trkpt lat="39.5676770" lon="-104.8617650">
    <ele>1764.9</ele>
    <time>2022-12-05T19:13:43Z</time>
   </trkpt>
   <trkpt lat="39.5676620" lon="-104.8617710">
    <ele>1765.0</ele>
    <time>2022-12-05T19:13:44Z</time>
   </trkpt>
   <trkpt lat="39.5676490" lon="-104.8617780">
    <ele>1765.0</ele>
    <time>2022-12-05T19:13:45Z</time>
   </trkpt>
   <trkpt lat="39.5676360" lon="-104.8617910">
    <ele>1765.0</ele>
    <time>2022-12-05T19:13:46Z</time>
   </trkpt>
   <trkpt lat="39.5676220" lon="-104.8618000">
    <ele>1765.0</ele>
    <time>2022-12-05T19:13:47Z</time>
   </trkpt>
   <trkpt lat="39.5676070" lon="-104.8618090">
    <ele>1765.0</ele>
    <time>2022-12-05T19:13:48Z</time>
   </trkpt>
   <trkpt lat="39.5675940" lon="-104.8618190">
    <ele>1765.0</ele>
    <time>2022-12-05T19:13:49Z</time>
   </trkpt>
   <trkpt lat="39.5675790" lon="-104.8618280">
    <ele>1765.0</ele>
    <time>2022-12-05T19:13:50Z</time>
   </trkpt>
   <trkpt lat="39.5675610" lon="-104.8618340">
    <ele>1765.0</ele>
    <time>2022-12-05T19:13:51Z</time>
   </trkpt>
   <trkpt lat="39.5675480" lon="-104.8618410">
    <ele>1765.0</ele>
    <time>2022-12-05T19:13:52Z</time>
   </trkpt>
   <trkpt lat="39.5675340" lon="-104.8618510">
    <ele>1765.0</ele>
    <time>2022-12-05T19:13:53Z</time>
   </trkpt>
   <trkpt lat="39.5675190" lon="-104.8618590">
    <ele>1765.1</ele>
    <time>2022-12-05T19:13:54Z</time>
   </trkpt>
   <trkpt lat="39.5675040" lon="-104.8618690">
    <ele>1765.1</ele>
    <time>2022-12-05T19:13:55Z</time>
   </trkpt>
   <trkpt lat="39.5674930" lon="-104.8618810">
    <ele>1765.1</ele>
    <time>2022-12-05T19:13:56Z</time>
   </trkpt>
   <trkpt lat="39.5674790" lon="-104.8618920">
    <ele>1765.1</ele>
    <time>2022-12-05T19:13:57Z</time>
   </trkpt>
   <trkpt lat="39.5674630" lon="-104.8618960">
    <ele>1765.1</ele>
    <time>2022-12-05T19:13:58Z</time>
   </trkpt>
   <trkpt lat="39.5674370" lon="-104.8618920">
    <ele>1765.1</ele>
    <time>2022-12-05T19:13:59Z</time>
   </trkpt>
   <trkpt lat="39.5674270" lon="-104.8618840">
    <ele>1765.2</ele>
    <time>2022-12-05T19:14:00Z</time>
   </trkpt>
   <trkpt lat="39.5674120" lon="-104.8618520">
    <ele>1765.2</ele>
    <time>2022-12-05T19:14:01Z</time>
   </trkpt>
   <trkpt lat="39.5674080" lon="-104.8618440">
    <ele>1765.2</ele>
    <time>2022-12-05T19:14:02Z</time>
   </trkpt>
   <trkpt lat="39.5674030" lon="-104.8618250">
    <ele>1765.1</ele>
    <time>2022-12-05T19:14:03Z</time>
   </trkpt>
   <trkpt lat="39.5673930" lon="-104.8618100">
    <ele>1765.1</ele>
    <time>2022-12-05T19:14:04Z</time>
   </trkpt>
   <trkpt lat="39.5673830" lon="-104.8617940">
    <ele>1765.1</ele>
    <time>2022-12-05T19:14:05Z</time>
   </trkpt>
   <trkpt lat="39.5673760" lon="-104.8617830">
    <ele>1765.1</ele>
    <time>2022-12-05T19:14:06Z</time>
   </trkpt>
   <trkpt lat="39.5673670" lon="-104.8617630">
    <ele>1765.1</ele>
    <time>2022-12-05T19:14:07Z</time>
   </trkpt>
   <trkpt lat="39.5673590" lon="-104.8617440">
    <ele>1765.1</ele>
    <time>2022-12-05T19:14:08Z</time>
   </trkpt>
   <trkpt lat="39.5673510" lon="-104.8617230">
    <ele>1765.1</ele>
    <time>2022-12-05T19:14:09Z</time>
   </trkpt>
   <trkpt lat="39.5673420" lon="-104.8617040">
    <ele>1765.0</ele>
    <time>2022-12-05T19:14:10Z</time>
   </trkpt>
   <trkpt lat="39.5673340" lon="-104.8616850">
    <ele>1765.0</ele>
    <time>2022-12-05T19:14:11Z</time>
   </trkpt>
   <trkpt lat="39.5673220" lon="-104.8616690">
    <ele>1765.0</ele>
    <time>2022-12-05T19:14:12Z</time>
   </trkpt>
   <trkpt lat="39.5673170" lon="-104.8616520">
    <ele>1765.0</ele>
    <time>2022-12-05T19:14:13Z</time>
   </trkpt>
   <trkpt lat="39.5673090" lon="-104.8616330">
    <ele>1765.0</ele>
    <time>2022-12-05T19:14:14Z</time>
   </trkpt>
   <trkpt lat="39.5673050" lon="-104.8616150">
    <ele>1765.0</ele>
    <time>2022-12-05T19:14:15Z</time>
   </trkpt>
   <trkpt lat="39.5672980" lon="-104.8615980">
    <ele>1765.0</ele>
    <time>2022-12-05T19:14:16Z</time>
   </trkpt>
   <trkpt lat="39.5672870" lon="-104.8615840">
    <ele>1764.9</ele>
    <time>2022-12-05T19:14:17Z</time>
   </trkpt>
   <trkpt lat="39.5672770" lon="-104.8615680">
    <ele>1764.9</ele>
    <time>2022-12-05T19:14:18Z</time>
   </trkpt>
   <trkpt lat="39.5672680" lon="-104.8615560">
    <ele>1764.9</ele>
    <time>2022-12-05T19:14:19Z</time>
   </trkpt>
   <trkpt lat="39.5672610" lon="-104.8615380">
    <ele>1764.9</ele>
    <time>2022-12-05T19:14:20Z</time>
   </trkpt>
   <trkpt lat="39.5672550" lon="-104.8615230">
    <ele>1764.9</ele>
    <time>2022-12-05T19:14:21Z</time>
   </trkpt>
   <trkpt lat="39.5672460" lon="-104.8615090">
    <ele>1764.9</ele>
    <time>2022-12-05T19:14:22Z</time>
   </trkpt>
   <trkpt lat="39.5672420" lon="-104.8614850">
    <ele>1764.9</ele>
    <time>2022-12-05T19:14:23Z</time>
   </trkpt>
   <trkpt lat="39.5672330" lon="-104.8614700">
    <ele>1764.8</ele>
    <time>2022-12-05T19:14:24Z</time>
   </trkpt>
   <trkpt lat="39.5672260" lon="-104.8614560">
    <ele>1764.8</ele>
    <time>2022-12-05T19:14:25Z</time>
   </trkpt>
   <trkpt lat="39.5672210" lon="-104.8614370">
    <ele>1764.8</ele>
    <time>2022-12-05T19:14:26Z</time>
   </trkpt>
   <trkpt lat="39.5672120" lon="-104.8614170">
    <ele>1764.8</ele>
    <time>2022-12-05T19:14:27Z</time>
   </trkpt>
   <trkpt lat="39.5672050" lon="-104.8614000">
    <ele>1764.8</ele>
    <time>2022-12-05T19:14:28Z</time>
   </trkpt>
   <trkpt lat="39.5671890" lon="-104.8613850">
    <ele>1764.8</ele>
    <time>2022-12-05T19:14:29Z</time>
   </trkpt>
   <trkpt lat="39.5671830" lon="-104.8613710">
    <ele>1764.8</ele>
    <time>2022-12-05T19:14:30Z</time>
   </trkpt>
   <trkpt lat="39.5671790" lon="-104.8613530">
    <ele>1764.8</ele>
    <time>2022-12-05T19:14:31Z</time>
   </trkpt>
   <trkpt lat="39.5671710" lon="-104.8613360">
    <ele>1764.8</ele>
    <time>2022-12-05T19:14:32Z</time>
   </trkpt>
   <trkpt lat="39.5671610" lon="-104.8613170">
    <ele>1764.8</ele>
    <time>2022-12-05T19:14:33Z</time>
   </trkpt>
   <trkpt lat="39.5671560" lon="-104.8613010">
    <ele>1764.8</ele>
    <time>2022-12-05T19:14:34Z</time>
   </trkpt>
   <trkpt lat="39.5671450" lon="-104.8612900">
    <ele>1764.8</ele>
    <time>2022-12-05T19:14:35Z</time>
   </trkpt>
   <trkpt lat="39.5671380" lon="-104.8612750">
    <ele>1764.7</ele>
    <time>2022-12-05T19:14:36Z</time>
   </trkpt>
   <trkpt lat="39.5671250" lon="-104.8612650">
    <ele>1764.7</ele>
    <time>2022-12-05T19:14:37Z</time>
   </trkpt>
   <trkpt lat="39.5671170" lon="-104.8612430">
    <ele>1764.7</ele>
    <time>2022-12-05T19:14:38Z</time>
   </trkpt>
   <trkpt lat="39.5671100" lon="-104.8612240">
    <ele>1764.7</ele>
    <time>2022-12-05T19:14:39Z</time>
   </trkpt>
   <trkpt lat="39.5671030" lon="-104.8612030">
    <ele>1764.7</ele>
    <time>2022-12-05T19:14:40Z</time>
   </trkpt>
   <trkpt lat="39.5670920" lon="-104.8611870">
    <ele>1764.7</ele>
    <time>2022-12-05T19:14:41Z</time>
   </trkpt>
   <trkpt lat="39.5670830" lon="-104.8611740">
    <ele>1764.7</ele>
    <time>2022-12-05T19:14:42Z</time>
   </trkpt>
   <trkpt lat="39.5670730" lon="-104.8611460">
    <ele>1764.6</ele>
    <time>2022-12-05T19:14:43Z</time>
   </trkpt>
   <trkpt lat="39.5670700" lon="-104.8611340">
    <ele>1764.6</ele>
    <time>2022-12-05T19:14:44Z</time>
   </trkpt>
   <trkpt lat="39.5670670" lon="-104.8611230">
    <ele>1764.6</ele>
    <time>2022-12-05T19:14:45Z</time>
   </trkpt>
   <trkpt lat="39.5670570" lon="-104.8611100">
    <ele>1764.6</ele>
    <time>2022-12-05T19:14:46Z</time>
   </trkpt>
   <trkpt lat="39.5670530" lon="-104.8610890">
    <ele>1764.6</ele>
    <time>2022-12-05T19:14:47Z</time>
   </trkpt>
   <trkpt lat="39.5670460" lon="-104.8610740">
    <ele>1764.6</ele>
    <time>2022-12-05T19:14:48Z</time>
   </trkpt>
   <trkpt lat="39.5670460" lon="-104.8610540">
    <ele>1764.6</ele>
    <time>2022-12-05T19:14:49Z</time>
   </trkpt>
   <trkpt lat="39.5670430" lon="-104.8610350">
    <ele>1764.6</ele>
    <time>2022-12-05T19:14:50Z</time>
   </trkpt>
   <trkpt lat="39.5670330" lon="-104.8610190">
    <ele>1764.5</ele>
    <time>2022-12-05T19:14:51Z</time>
   </trkpt>
   <trkpt lat="39.5670240" lon="-104.8609940">
    <ele>1764.5</ele>
    <time>2022-12-05T19:14:52Z</time>
   </trkpt>
   <trkpt lat="39.5670210" lon="-104.8609840">
    <ele>1764.5</ele>
    <time>2022-12-05T19:14:53Z</time>
   </trkpt>
   <trkpt lat="39.5670170" lon="-104.8609730">
    <ele>1764.5</ele>
    <time>2022-12-05T19:14:54Z</time>
   </trkpt>
   <trkpt lat="39.5670140" lon="-104.8609510">
    <ele>1764.5</ele>
    <time>2022-12-05T19:14:55Z</time>
   </trkpt>
   <trkpt lat="39.5670150" lon="-104.8609290">
    <ele>1764.5</ele>
    <time>2022-12-05T19:14:56Z</time>
   </trkpt>
   <trkpt lat="39.5670030" lon="-104.8609060">
    <ele>1764.5</ele>
    <time>2022-12-05T19:14:57Z</time>
   </trkpt>
   <trkpt lat="39.5669960" lon="-104.8608990">
    <ele>1764.5</ele>
    <time>2022-12-05T19:14:58Z</time>
   </trkpt>
   <trkpt lat="39.5669890" lon="-104.8608920">
    <ele>1764.5</ele>
    <time>2022-12-05T19:14:59Z</time>
   </trkpt>
   <trkpt lat="39.5669640" lon="-104.8608840">
    <ele>1764.4</ele>
    <time>2022-12-05T19:15:00Z</time>
   </trkpt>
   <trkpt lat="39.5669550" lon="-104.8608790">
    <ele>1764.4</ele>
    <time>2022-12-05T19:15:01Z</time>
   </trkpt>
   <trkpt lat="39.5669320" lon="-104.8608600">
    <ele>1764.4</ele>
    <time>2022-12-05T19:15:02Z</time>
   </trkpt>
   <trkpt lat="39.5669240" lon="-104.8608550">
    <ele>1764.4</ele>
    <time>2022-12-05T19:15:03Z</time>
   </trkpt>
   <trkpt lat="39.5669120" lon="-104.8608410">
    <ele>1764.4</ele>
    <time>2022-12-05T19:15:04Z</time>
   </trkpt>
   <trkpt lat="39.5669000" lon="-104.8608280">
    <ele>1764.4</ele>
    <time>2022-12-05T19:15:05Z</time>
   </trkpt>
   <trkpt lat="39.5668850" lon="-104.8608200">
    <ele>1764.4</ele>
    <time>2022-12-05T19:15:06Z</time>
   </trkpt>
   <trkpt lat="39.5668670" lon="-104.8608130">
    <ele>1764.4</ele>
    <time>2022-12-05T19:15:07Z</time>
   </trkpt>
   <trkpt lat="39.5668530" lon="-104.8608080">
    <ele>1764.4</ele>
    <time>2022-12-05T19:15:08Z</time>
   </trkpt>
   <trkpt lat="39.5668360" lon="-104.8607980">
    <ele>1764.4</ele>
    <time>2022-12-05T19:15:09Z</time>
   </trkpt>
   <trkpt lat="39.5668210" lon="-104.8607920">
    <ele>1764.4</ele>
    <time>2022-12-05T19:15:10Z</time>
   </trkpt>
   <trkpt lat="39.5668070" lon="-104.8607820">
    <ele>1764.4</ele>
    <time>2022-12-05T19:15:11Z</time>
   </trkpt>
   <trkpt lat="39.5667900" lon="-104.8607770">
    <ele>1764.4</ele>
    <time>2022-12-05T19:15:12Z</time>
   </trkpt>
   <trkpt lat="39.5667760" lon="-104.8607700">
    <ele>1764.4</ele>
    <time>2022-12-05T19:15:13Z</time>
   </trkpt>
   <trkpt lat="39.5667630" lon="-104.8607600">
    <ele>1764.4</ele>
    <time>2022-12-05T19:15:14Z</time>
   </trkpt>
   <trkpt lat="39.5667490" lon="-104.8607470">
    <ele>1764.4</ele>
    <time>2022-12-05T19:15:15Z</time>
   </trkpt>
   <trkpt lat="39.5667390" lon="-104.8607300">
    <ele>1764.4</ele>
    <time>2022-12-05T19:15:16Z</time>
   </trkpt>
   <trkpt lat="39.5667280" lon="-104.8607190">
    <ele>1764.4</ele>
    <time>2022-12-05T19:15:17Z</time>
   </trkpt>
   <trkpt lat="39.5667050" lon="-104.8607130">
    <ele>1764.4</ele>
    <time>2022-12-05T19:15:18Z</time>
   </trkpt>
   <trkpt lat="39.5666940" lon="-104.8607120">
    <ele>1764.4</ele>
    <time>2022-12-05T19:15:19Z</time>
   </trkpt>
   <trkpt lat="39.5666830" lon="-104.8607120">
    <ele>1764.4</ele>
    <time>2022-12-05T19:15:20Z</time>
   </trkpt>
   <trkpt lat="39.5666640" lon="-104.8607050">
    <ele>1764.4</ele>
    <time>2022-12-05T19:15:21Z</time>
   </trkpt>
   <trkpt lat="39.5666550" lon="-104.8606950">
    <ele>1764.4</ele>
    <time>2022-12-05T19:15:22Z</time>
   </trkpt>
   <trkpt lat="39.5666260" lon="-104.8606850">
    <ele>1764.4</ele>
    <time>2022-12-05T19:15:23Z</time>
   </trkpt>
   <trkpt lat="39.5666180" lon="-104.8606820">
    <ele>1764.4</ele>
    <time>2022-12-05T19:15:24Z</time>
   </trkpt>
   <trkpt lat="39.5666040" lon="-104.8606750">
    <ele>1764.5</ele>
    <time>2022-12-05T19:15:25Z</time>
   </trkpt>
   <trkpt lat="39.5665860" lon="-104.8606720">
    <ele>1764.5</ele>
    <time>2022-12-05T19:15:26Z</time>
   </trkpt>
   <trkpt lat="39.5665560" lon="-104.8606700">
    <ele>1764.5</ele>
    <time>2022-12-05T19:15:27Z</time>
   </trkpt>
   <trkpt lat="39.5665480" lon="-104.8606690">
    <ele>1764.5</ele>
    <time>2022-12-05T19:15:28Z</time>
   </trkpt>
   <trkpt lat="39.5665340" lon="-104.8606650">
    <ele>1764.5</ele>
    <time>2022-12-05T19:15:29Z</time>
   </trkpt>
   <trkpt lat="39.5665200" lon="-104.8606610">
    <ele>1764.5</ele>
    <time>2022-12-05T19:15:30Z</time>
   </trkpt>
   <trkpt lat="39.5665060" lon="-104.8606500">
    <ele>1764.5</ele>
    <time>2022-12-05T19:15:31Z</time>
   </trkpt>
   <trkpt lat="39.5664970" lon="-104.8606420">
    <ele>1764.5</ele>
    <time>2022-12-05T19:15:32Z</time>
   </trkpt>
   <trkpt lat="39.5664850" lon="-104.8606410">
    <ele>1764.5</ele>
    <time>2022-12-05T19:15:33Z</time>
   </trkpt>
   <trkpt lat="39.5664660" lon="-104.8606330">
    <ele>1764.5</ele>
    <time>2022-12-05T19:15:34Z</time>
   </trkpt>
   <trkpt lat="39.5664490" lon="-104.8606280">
    <ele>1764.5</ele>
    <time>2022-12-05T19:15:35Z</time>
   </trkpt>
   <trkpt lat="39.5664330" lon="-104.8606260">
    <ele>1764.5</ele>
    <time>2022-12-05T19:15:36Z</time>
   </trkpt>
   <trkpt lat="39.5664020" lon="-104.8606200">
    <ele>1764.6</ele>
    <time>2022-12-05T19:15:37Z</time>
   </trkpt>
   <trkpt lat="39.5663880" lon="-104.8606190">
    <ele>1764.6</ele>
    <time>2022-12-05T19:15:38Z</time>
   </trkpt>
   <trkpt lat="39.5663500" lon="-104.8606200">
    <ele>1764.6</ele>
    <time>2022-12-05T19:15:39Z</time>
   </trkpt>
   <trkpt lat="39.5663370" lon="-104.8606210">
    <ele>1764.6</ele>
    <time>2022-12-05T19:15:40Z</time>
   </trkpt>
   <trkpt lat="39.5663070" lon="-104.8606210">
    <ele>1764.6</ele>
    <time>2022-12-05T19:15:41Z</time>
   </trkpt>
   <trkpt lat="39.5662780" lon="-104.8606260">
    <ele>1764.7</ele>
    <time>2022-12-05T19:15:42Z</time>
   </trkpt>
   <trkpt lat="39.5662710" lon="-104.8606300">
    <ele>1764.7</ele>
    <time>2022-12-05T19:15:43Z</time>
   </trkpt>
   <trkpt lat="39.5662560" lon="-104.8606360">
    <ele>1764.7</ele>
    <time>2022-12-05T19:15:44Z</time>
   </trkpt>
   <trkpt lat="39.5662390" lon="-104.8606390">
    <ele>1764.7</ele>
    <time>2022-12-05T19:15:45Z</time>
   </trkpt>
   <trkpt lat="39.5662110" lon="-104.8606330">
    <ele>1764.7</ele>
    <time>2022-12-05T19:15:46Z</time>
   </trkpt>
   <trkpt lat="39.5662000" lon="-104.8606320">
    <ele>1764.7</ele>
    <time>2022-12-05T19:15:47Z</time>
   </trkpt>
   <trkpt lat="39.5661780" lon="-104.8606330">
    <ele>1764.7</ele>
    <time>2022-12-05T19:15:48Z</time>
   </trkpt>
   <trkpt lat="39.5661690" lon="-104.8606300">
    <ele>1764.7</ele>
    <time>2022-12-05T19:15:49Z</time>
   </trkpt>
   <trkpt lat="39.5661600" lon="-104.8606270">
    <ele>1764.7</ele>
    <time>2022-12-05T19:15:50Z</time>
   </trkpt>
   <trkpt lat="39.5661460" lon="-104.8606290">
    <ele>1764.8</ele>
    <time>2022-12-05T19:15:51Z</time>
   </trkpt>
   <trkpt lat="39.5661370" lon="-104.8606260">
    <ele>1764.8</ele>
    <time>2022-12-05T19:15:52Z</time>
   </trkpt>
   <trkpt lat="39.5661010" lon="-104.8606140">
    <ele>1764.8</ele>
    <time>2022-12-05T19:15:53Z</time>
   </trkpt>
   <trkpt lat="39.5660850" lon="-104.8606160">
    <ele>1764.8</ele>
    <time>2022-12-05T19:15:54Z</time>
   </trkpt>
   <trkpt lat="39.5660680" lon="-104.8606160">
    <ele>1764.8</ele>
    <time>2022-12-05T19:15:55Z</time>
   </trkpt>
   <trkpt lat="39.5660530" lon="-104.8606130">
    <ele>1764.8</ele>
    <time>2022-12-05T19:15:56Z</time>
   </trkpt>
   <trkpt lat="39.5660390" lon="-104.8606140">
    <ele>1764.8</ele>
    <time>2022-12-05T19:15:57Z</time>
   </trkpt>
   <trkpt lat="39.5660240" lon="-104.8606120">
    <ele>1764.8</ele>
    <time>2022-12-05T19:15:58Z</time>
   </trkpt>
   <trkpt lat="39.5660070" lon="-104.8606120">
    <ele>1764.8</ele>
    <time>2022-12-05T19:15:59Z</time>
   </trkpt>
   <trkpt lat="39.5659910" lon="-104.8606220">
    <ele>1764.9</ele>
    <time>2022-12-05T19:16:00Z</time>
   </trkpt>
   <trkpt lat="39.5659740" lon="-104.8606210">
    <ele>1764.9</ele>
    <time>2022-12-05T19:16:01Z</time>
   </trkpt>
   <trkpt lat="39.5659600" lon="-104.8606190">
    <ele>1764.9</ele>
    <time>2022-12-05T19:16:02Z</time>
   </trkpt>
   <trkpt lat="39.5659450" lon="-104.8606270">
    <ele>1764.9</ele>
    <time>2022-12-05T19:16:04Z</time>
   </trkpt>
   <trkpt lat="39.5659280" lon="-104.8606280">
    <ele>1764.9</ele>
    <time>2022-12-05T19:16:05Z</time>
   </trkpt>
   <trkpt lat="39.5659120" lon="-104.8606410">
    <ele>1764.9</ele>
    <time>2022-12-05T19:16:06Z</time>
   </trkpt>
   <trkpt lat="39.5658970" lon="-104.8606410">
    <ele>1764.9</ele>
    <time>2022-12-05T19:16:07Z</time>
   </trkpt>
   <trkpt lat="39.5658810" lon="-104.8606530">
    <ele>1764.9</ele>
    <time>2022-12-05T19:16:08Z</time>
   </trkpt>
   <trkpt lat="39.5658670" lon="-104.8606500">
    <ele>1764.9</ele>
    <time>2022-12-05T19:16:09Z</time>
   </trkpt>
   <trkpt lat="39.5658510" lon="-104.8606520">
    <ele>1764.9</ele>
    <time>2022-12-05T19:16:10Z</time>
   </trkpt>
   <trkpt lat="39.5658320" lon="-104.8606500">
    <ele>1764.9</ele>
    <time>2022-12-05T19:16:11Z</time>
   </trkpt>
   <trkpt lat="39.5658180" lon="-104.8606470">
    <ele>1764.9</ele>
    <time>2022-12-05T19:16:12Z</time>
   </trkpt>
   <trkpt lat="39.5658010" lon="-104.8606530">
    <ele>1764.9</ele>
    <time>2022-12-05T19:16:13Z</time>
   </trkpt>
   <trkpt lat="39.5657860" lon="-104.8606580">
    <ele>1765.0</ele>
    <time>2022-12-05T19:16:14Z</time>
   </trkpt>
   <trkpt lat="39.5657720" lon="-104.8606590">
    <ele>1765.0</ele>
    <time>2022-12-05T19:16:15Z</time>
   </trkpt>
   <trkpt lat="39.5657470" lon="-104.8606610">
    <ele>1765.0</ele>
    <time>2022-12-05T19:16:16Z</time>
   </trkpt>
   <trkpt lat="39.5657370" lon="-104.8606600">
    <ele>1765.0</ele>
    <time>2022-12-05T19:16:17Z</time>
   </trkpt>
   <trkpt lat="39.5657260" lon="-104.8606600">
    <ele>1765.0</ele>
    <time>2022-12-05T19:16:18Z</time>
   </trkpt>
   <trkpt lat="39.5657100" lon="-104.8606620">
    <ele>1765.0</ele>
    <time>2022-12-05T19:16:19Z</time>
   </trkpt>
   <trkpt lat="39.5656930" lon="-104.8606670">
    <ele>1765.0</ele>
    <time>2022-12-05T19:16:20Z</time>
   </trkpt>
   <trkpt lat="39.5656780" lon="-104.8606700">
    <ele>1765.0</ele>
    <time>2022-12-05T19:16:21Z</time>
   </trkpt>
   <trkpt lat="39.5656620" lon="-104.8606710">
    <ele>1765.0</ele>
    <time>2022-12-05T19:16:22Z</time>
   </trkpt>
   <trkpt lat="39.5656470" lon="-104.8606750">
    <ele>1765.1</ele>
    <time>2022-12-05T19:16:23Z</time>
   </trkpt>
   <trkpt lat="39.5656320" lon="-104.8606780">
    <ele>1765.1</ele>
    <time>2022-12-05T19:16:24Z</time>
   </trkpt>
   <trkpt lat="39.5656170" lon="-104.8606740">
    <ele>1765.1</ele>
    <time>2022-12-05T19:16:25Z</time>
   </trkpt>
   <trkpt lat="39.5656010" lon="-104.8606740">
    <ele>1765.1</ele>
    <time>2022-12-05T19:16:26Z</time>
   </trkpt>
   <trkpt lat="39.5655880" lon="-104.8606670">
    <ele>1765.1</ele>
    <time>2022-12-05T19:16:27Z</time>
   </trkpt>
   <trkpt lat="39.5655730" lon="-104.8606710">
    <ele>1765.1</ele>
    <time>2022-12-05T19:16:28Z</time>
   </trkpt>
   <trkpt lat="39.5655580" lon="-104.8606760">
    <ele>1765.1</ele>
    <time>2022-12-05T19:16:29Z</time>
   </trkpt>
   <trkpt lat="39.5655420" lon="-104.8606790">
    <ele>1765.1</ele>
    <time>2022-12-05T19:16:30Z</time>
   </trkpt>
   <trkpt lat="39.5655270" lon="-104.8606810">
    <ele>1765.2</ele>
    <time>2022-12-05T19:16:31Z</time>
   </trkpt>
   <trkpt lat="39.5655100" lon="-104.8606780">
    <ele>1765.2</ele>
    <time>2022-12-05T19:16:32Z</time>
   </trkpt>
   <trkpt lat="39.5654920" lon="-104.8606780">
    <ele>1765.2</ele>
    <time>2022-12-05T19:16:33Z</time>
   </trkpt>
   <trkpt lat="39.5654780" lon="-104.8606750">
    <ele>1765.2</ele>
    <time>2022-12-05T19:16:34Z</time>
   </trkpt>
   <trkpt lat="39.5654620" lon="-104.8606720">
    <ele>1765.2</ele>
    <time>2022-12-05T19:16:35Z</time>
   </trkpt>
   <trkpt lat="39.5654470" lon="-104.8606710">
    <ele>1765.2</ele>
    <time>2022-12-05T19:16:36Z</time>
   </trkpt>
   <trkpt lat="39.5654310" lon="-104.8606680">
    <ele>1765.2</ele>
    <time>2022-12-05T19:16:37Z</time>
   </trkpt>
   <trkpt lat="39.5654170" lon="-104.8606640">
    <ele>1765.3</ele>
    <time>2022-12-05T19:16:38Z</time>
   </trkpt>
   <trkpt lat="39.5654030" lon="-104.8606610">
    <ele>1765.3</ele>
    <time>2022-12-05T19:16:39Z</time>
   </trkpt>
   <trkpt lat="39.5653850" lon="-104.8606660">
    <ele>1765.3</ele>
    <time>2022-12-05T19:16:40Z</time>
   </trkpt>
   <trkpt lat="39.5653690" lon="-104.8606670">
    <ele>1765.3</ele>
    <time>2022-12-05T19:16:41Z</time>
   </trkpt>
   <trkpt lat="39.5653530" lon="-104.8606670">
    <ele>1765.3</ele>
    <time>2022-12-05T19:16:42Z</time>
   </trkpt>
   <trkpt lat="39.5653370" lon="-104.8606680">
    <ele>1765.3</ele>
    <time>2022-12-05T19:16:43Z</time>
   </trkpt>
   <trkpt lat="39.5653220" lon="-104.8606720">
    <ele>1765.3</ele>
    <time>2022-12-05T19:16:44Z</time>
   </trkpt>
   <trkpt lat="39.5653090" lon="-104.8606760">
    <ele>1765.3</ele>
    <time>2022-12-05T19:16:45Z</time>
   </trkpt>
   <trkpt lat="39.5652930" lon="-104.8606790">
    <ele>1765.4</ele>
    <time>2022-12-05T19:16:46Z</time>
   </trkpt>
   <trkpt lat="39.5652760" lon="-104.8606790">
    <ele>1765.4</ele>
    <time>2022-12-05T19:16:47Z</time>
   </trkpt>
   <trkpt lat="39.5652620" lon="-104.8606850">
    <ele>1765.4</ele>
    <time>2022-12-05T19:16:48Z</time>
   </trkpt>
   <trkpt lat="39.5652450" lon="-104.8606890">
    <ele>1765.4</ele>
    <time>2022-12-05T19:16:49Z</time>
   </trkpt>
   <trkpt lat="39.5652310" lon="-104.8606930">
    <ele>1765.4</ele>
    <time>2022-12-05T19:16:50Z</time>
   </trkpt>
   <trkpt lat="39.5652150" lon="-104.8606920">
    <ele>1765.5</ele>
    <time>2022-12-05T19:16:51Z</time>
   </trkpt>
   <trkpt lat="39.5652000" lon="-104.8606920">
    <ele>1765.5</ele>
    <time>2022-12-05T19:16:52Z</time>
   </trkpt>
   <trkpt lat="39.5651870" lon="-104.8607020">
    <ele>1765.5</ele>
    <time>2022-12-05T19:16:53Z</time>
   </trkpt>
   <trkpt lat="39.5651710" lon="-104.8607090">
    <ele>1765.5</ele>
    <time>2022-12-05T19:16:54Z</time>
   </trkpt>
   <trkpt lat="39.5651570" lon="-104.8607130">
    <ele>1765.5</ele>
    <time>2022-12-05T19:16:55Z</time>
   </trkpt>
   <trkpt lat="39.5651420" lon="-104.8607170">
    <ele>1765.6</ele>
    <time>2022-12-05T19:16:56Z</time>
   </trkpt>
   <trkpt lat="39.5651260" lon="-104.8607240">
    <ele>1765.6</ele>
    <time>2022-12-05T19:16:57Z</time>
   </trkpt>
   <trkpt lat="39.5651120" lon="-104.8607290">
    <ele>1765.6</ele>
    <time>2022-12-05T19:16:58Z</time>
   </trkpt>
   <trkpt lat="39.5650970" lon="-104.8607370">
    <ele>1765.6</ele>
    <time>2022-12-05T19:16:59Z</time>
   </trkpt>
   <trkpt lat="39.5650830" lon="-104.8607430">
    <ele>1765.6</ele>
    <time>2022-12-05T19:17:00Z</time>
   </trkpt>
   <trkpt lat="39.5650690" lon="-104.8607510">
    <ele>1765.7</ele>
    <time>2022-12-05T19:17:01Z</time>
   </trkpt>
   <trkpt lat="39.5650540" lon="-104.8607550">
    <ele>1765.7</ele>
    <time>2022-12-05T19:17:02Z</time>
   </trkpt>
   <trkpt lat="39.5650400" lon="-104.8607630">
    <ele>1765.7</ele>
    <time>2022-12-05T19:17:03Z</time>
   </trkpt>
   <trkpt lat="39.5650220" lon="-104.8607660">
    <ele>1765.7</ele>
    <time>2022-12-05T19:17:04Z</time>
   </trkpt>
   <trkpt lat="39.5650040" lon="-104.8607690">
    <ele>1765.8</ele>
    <time>2022-12-05T19:17:05Z</time>
   </trkpt>
   <trkpt lat="39.5649910" lon="-104.8607740">
    <ele>1765.8</ele>
    <time>2022-12-05T19:17:06Z</time>
   </trkpt>
   <trkpt lat="39.5649780" lon="-104.8607790">
    <ele>1765.8</ele>
    <time>2022-12-05T19:17:07Z</time>
   </trkpt>
   <trkpt lat="39.5649610" lon="-104.8607800">
    <ele>1765.8</ele>
    <time>2022-12-05T19:17:08Z</time>
   </trkpt>
   <trkpt lat="39.5649440" lon="-104.8607830">
    <ele>1765.8</ele>
    <time>2022-12-05T19:17:09Z</time>
   </trkpt>
   <trkpt lat="39.5649320" lon="-104.8607910">
    <ele>1765.9</ele>
    <time>2022-12-05T19:17:10Z</time>
   </trkpt>
   <trkpt lat="39.5649200" lon="-104.8608060">
    <ele>1765.9</ele>
    <time>2022-12-05T19:17:11Z</time>
   </trkpt>
   <trkpt lat="39.5649100" lon="-104.8608190">
    <ele>1765.9</ele>
    <time>2022-12-05T19:17:12Z</time>
   </trkpt>
   <trkpt lat="39.5648930" lon="-104.8608320">
    <ele>1765.9</ele>
    <time>2022-12-05T19:17:13Z</time>
   </trkpt>
   <trkpt lat="39.5648810" lon="-104.8608440">
    <ele>1766.0</ele>
    <time>2022-12-05T19:17:14Z</time>
   </trkpt>
   <trkpt lat="39.5648680" lon="-104.8608570">
    <ele>1766.0</ele>
    <time>2022-12-05T19:17:15Z</time>
   </trkpt>
   <trkpt lat="39.5648590" lon="-104.8608720">
    <ele>1766.0</ele>
    <time>2022-12-05T19:17:16Z</time>
   </trkpt>
   <trkpt lat="39.5648490" lon="-104.8608870">
    <ele>1766.0</ele>
    <time>2022-12-05T19:17:17Z</time>
   </trkpt>
   <trkpt lat="39.5648360" lon="-104.8608980">
    <ele>1766.0</ele>
    <time>2022-12-05T19:17:18Z</time>
   </trkpt>
   <trkpt lat="39.5648220" lon="-104.8609100">
    <ele>1766.1</ele>
    <time>2022-12-05T19:17:19Z</time>
   </trkpt>
   <trkpt lat="39.5648100" lon="-104.8609230">
    <ele>1766.1</ele>
    <time>2022-12-05T19:17:20Z</time>
   </trkpt>
   <trkpt lat="39.5647980" lon="-104.8609320">
    <ele>1766.1</ele>
    <time>2022-12-05T19:17:21Z</time>
   </trkpt>
   <trkpt lat="39.5647860" lon="-104.8609430">
    <ele>1766.2</ele>
    <time>2022-12-05T19:17:22Z</time>
   </trkpt>
   <trkpt lat="39.5647650" lon="-104.8609690">
    <ele>1766.2</ele>
    <time>2022-12-05T19:17:23Z</time>
   </trkpt>
   <trkpt lat="39.5647500" lon="-104.8609820">
    <ele>1766.2</ele>
    <time>2022-12-05T19:17:24Z</time>
   </trkpt>
   <trkpt lat="39.5647420" lon="-104.8609990">
    <ele>1766.3</ele>
    <time>2022-12-05T19:17:25Z</time>
   </trkpt>
   <trkpt lat="39.5647340" lon="-104.8610160">
    <ele>1766.3</ele>
    <time>2022-12-05T19:17:26Z</time>
   </trkpt>
   <trkpt lat="39.5647240" lon="-104.8610300">
    <ele>1766.3</ele>
    <time>2022-12-05T19:17:27Z</time>
   </trkpt>
   <trkpt lat="39.5647110" lon="-104.8610470">
    <ele>1766.3</ele>
    <time>2022-12-05T19:17:28Z</time>
   </trkpt>
   <trkpt lat="39.5647030" lon="-104.8610630">
    <ele>1766.4</ele>
    <time>2022-12-05T19:17:29Z</time>
   </trkpt>
   <trkpt lat="39.5646900" lon="-104.8610780">
    <ele>1766.4</ele>
    <time>2022-12-05T19:17:30Z</time>
   </trkpt>
   <trkpt lat="39.5646830" lon="-104.8610930">
    <ele>1766.4</ele>
    <time>2022-12-05T19:17:31Z</time>
   </trkpt>
   <trkpt lat="39.5646740" lon="-104.8611070">
    <ele>1766.4</ele>
    <time>2022-12-05T19:17:32Z</time>
   </trkpt>
   <trkpt lat="39.5646670" lon="-104.8611230">
    <ele>1766.4</ele>
    <time>2022-12-05T19:17:33Z</time>
   </trkpt>
   <trkpt lat="39.5646630" lon="-104.8611410">
    <ele>1766.4</ele>
    <time>2022-12-05T19:17:34Z</time>
   </trkpt>
   <trkpt lat="39.5646590" lon="-104.8611580">
    <ele>1766.5</ele>
    <time>2022-12-05T19:17:35Z</time>
   </trkpt>
   <trkpt lat="39.5646510" lon="-104.8611730">
    <ele>1766.5</ele>
    <time>2022-12-05T19:17:36Z</time>
   </trkpt>
   <trkpt lat="39.5646420" lon="-104.8611890">
    <ele>1766.5</ele>
    <time>2022-12-05T19:17:37Z</time>
   </trkpt>
   <trkpt lat="39.5646360" lon="-104.8612050">
    <ele>1766.5</ele>
    <time>2022-12-05T19:17:38Z</time>
   </trkpt>
   <trkpt lat="39.5646300" lon="-104.8612210">
    <ele>1766.5</ele>
    <time>2022-12-05T19:17:39Z</time>
   </trkpt>
   <trkpt lat="39.5646210" lon="-104.8612360">
    <ele>1766.6</ele>
    <time>2022-12-05T19:17:40Z</time>
   </trkpt>
   <trkpt lat="39.5646130" lon="-104.8612510">
    <ele>1766.6</ele>
    <time>2022-12-05T19:17:41Z</time>
   </trkpt>
   <trkpt lat="39.5646040" lon="-104.8612650">
    <ele>1766.6</ele>
    <time>2022-12-05T19:17:42Z</time>
   </trkpt>
   <trkpt lat="39.5645930" lon="-104.8612790">
    <ele>1766.6</ele>
    <time>2022-12-05T19:17:43Z</time>
   </trkpt>
   <trkpt lat="39.5645870" lon="-104.8613000">
    <ele>1766.6</ele>
    <time>2022-12-05T19:17:44Z</time>
   </trkpt>
   <trkpt lat="39.5645810" lon="-104.8613210">
    <ele>1766.7</ele>
    <time>2022-12-05T19:17:45Z</time>
   </trkpt>
   <trkpt lat="39.5645750" lon="-104.8613370">
    <ele>1766.7</ele>
    <time>2022-12-05T19:17:46Z</time>
   </trkpt>
   <trkpt lat="39.5645740" lon="-104.8613570">
    <ele>1766.7</ele>
    <time>2022-12-05T19:17:47Z</time>
   </trkpt>
   <trkpt lat="39.5645750" lon="-104.8613770">
    <ele>1766.7</ele>
    <time>2022-12-05T19:17:48Z</time>
   </trkpt>
   <trkpt lat="39.5645720" lon="-104.8613950">
    <ele>1766.7</ele>
    <time>2022-12-05T19:17:49Z</time>
   </trkpt>
   <trkpt lat="39.5645670" lon="-104.8614180">
    <ele>1766.7</ele>
    <time>2022-12-05T19:17:50Z</time>
   </trkpt>
   <trkpt lat="39.5645630" lon="-104.8614370">
    <ele>1766.7</ele>
    <time>2022-12-05T19:17:51Z</time>
   </trkpt>
   <trkpt lat="39.5645600" lon="-104.8614570">
    <ele>1766.8</ele>
    <time>2022-12-05T19:17:52Z</time>
   </trkpt>
   <trkpt lat="39.5645570" lon="-104.8614760">
    <ele>1766.8</ele>
    <time>2022-12-05T19:17:53Z</time>
   </trkpt>
   <trkpt lat="39.5645470" lon="-104.8614940">
    <ele>1766.8</ele>
    <time>2022-12-05T19:17:54Z</time>
   </trkpt>
   <trkpt lat="39.5645400" lon="-104.8615110">
    <ele>1766.8</ele>
    <time>2022-12-05T19:17:55Z</time>
   </trkpt>
   <trkpt lat="39.5645390" lon="-104.8615300">
    <ele>1766.8</ele>
    <time>2022-12-05T19:17:56Z</time>
   </trkpt>
   <trkpt lat="39.5645380" lon="-104.8615490">
    <ele>1766.8</ele>
    <time>2022-12-05T19:17:57Z</time>
   </trkpt>
   <trkpt lat="39.5645370" lon="-104.8615680">
    <ele>1766.8</ele>
    <time>2022-12-05T19:17:58Z</time>
   </trkpt>
   <trkpt lat="39.5645300" lon="-104.8615870">
    <ele>1766.9</ele>
    <time>2022-12-05T19:17:59Z</time>
   </trkpt>
   <trkpt lat="39.5645210" lon="-104.8616110">
    <ele>1766.9</ele>
    <time>2022-12-05T19:18:00Z</time>
   </trkpt>
   <trkpt lat="39.5645170" lon="-104.8616260">
    <ele>1766.9</ele>
    <time>2022-12-05T19:18:01Z</time>
   </trkpt>
   <trkpt lat="39.5645140" lon="-104.8616480">
    <ele>1766.9</ele>
    <time>2022-12-05T19:18:02Z</time>
   </trkpt>
   <trkpt lat="39.5645120" lon="-104.8616650">
    <ele>1766.9</ele>
    <time>2022-12-05T19:18:03Z</time>
   </trkpt>
   <trkpt lat="39.5645110" lon="-104.8616850">
    <ele>1766.9</ele>
    <time>2022-12-05T19:18:04Z</time>
   </trkpt>
   <trkpt lat="39.5645080" lon="-104.8617030">
    <ele>1767.0</ele>
    <time>2022-12-05T19:18:05Z</time>
   </trkpt>
   <trkpt lat="39.5645030" lon="-104.8617230">
    <ele>1767.0</ele>
    <time>2022-12-05T19:18:06Z</time>
   </trkpt>
   <trkpt lat="39.5644980" lon="-104.8617410">
    <ele>1767.0</ele>
    <time>2022-12-05T19:18:07Z</time>
   </trkpt>
   <trkpt lat="39.5644950" lon="-104.8617670">
    <ele>1767.0</ele>
    <time>2022-12-05T19:18:08Z</time>
   </trkpt>
   <trkpt lat="39.5644930" lon="-104.8617800">
    <ele>1767.0</ele>
    <time>2022-12-05T19:18:10Z</time>
   </trkpt>
   <trkpt lat="39.5644910" lon="-104.8617930">
    <ele>1767.0</ele>
    <time>2022-12-05T19:18:11Z</time>
   </trkpt>
   <trkpt lat="39.5644950" lon="-104.8618200">
    <ele>1767.0</ele>
    <time>2022-12-05T19:18:12Z</time>
   </trkpt>
   <trkpt lat="39.5644960" lon="-104.8618310">
    <ele>1766.7</ele>
    <time>2022-12-05T19:18:13Z</time>
   </trkpt>
   <trkpt lat="39.5644980" lon="-104.8618430">
    <ele>1766.7</ele>
    <time>2022-12-05T19:18:14Z</time>
   </trkpt>
   <trkpt lat="39.5644860" lon="-104.8618560">
    <ele>1766.6</ele>
    <time>2022-12-05T19:18:15Z</time>
   </trkpt>
   <trkpt lat="39.5644720" lon="-104.8618760">
    <ele>1766.6</ele>
    <time>2022-12-05T19:18:16Z</time>
   </trkpt>
   <trkpt lat="39.5644590" lon="-104.8618770">
    <ele>1766.6</ele>
    <time>2022-12-05T19:18:17Z</time>
   </trkpt>
   <trkpt lat="39.5644460" lon="-104.8618860">
    <ele>1766.5</ele>
    <time>2022-12-05T19:18:18Z</time>
   </trkpt>
   <trkpt lat="39.5644290" lon="-104.8618940">
    <ele>1766.5</ele>
    <time>2022-12-05T19:18:19Z</time>
   </trkpt>
   <trkpt lat="39.5644130" lon="-104.8618970">
    <ele>1766.4</ele>
    <time>2022-12-05T19:18:20Z</time>
   </trkpt>
   <trkpt lat="39.5643980" lon="-104.8619020">
    <ele>1766.4</ele>
    <time>2022-12-05T19:18:21Z</time>
   </trkpt>
   <trkpt lat="39.5643850" lon="-104.8619100">
    <ele>1766.4</ele>
    <time>2022-12-05T19:18:22Z</time>
   </trkpt>
   <trkpt lat="39.5643710" lon="-104.8619220">
    <ele>1766.3</ele>
    <time>2022-12-05T19:18:23Z</time>
   </trkpt>
   <trkpt lat="39.5643590" lon="-104.8619290">
    <ele>1766.3</ele>
    <time>2022-12-05T19:18:24Z</time>
   </trkpt>
   <trkpt lat="39.5643460" lon="-104.8619330">
    <ele>1766.3</ele>
    <time>2022-12-05T19:18:25Z</time>
   </trkpt>
   <trkpt lat="39.5643290" lon="-104.8619370">
    <ele>1766.1</ele>
    <time>2022-12-05T19:18:26Z</time>
   </trkpt>
   <trkpt lat="39.5643060" lon="-104.8619460">
    <ele>1766.1</ele>
    <time>2022-12-05T19:18:27Z</time>
   </trkpt>
   <trkpt lat="39.5642990" lon="-104.8619500">
    <ele>1766.1</ele>
    <time>2022-12-05T19:18:28Z</time>
   </trkpt>
   <trkpt lat="39.5642920" lon="-104.8619530">
    <ele>1766.1</ele>
    <time>2022-12-05T19:18:29Z</time>
   </trkpt>
   <trkpt lat="39.5642850" lon="-104.8619530">
    <ele>1766.1</ele>
    <time>2022-12-05T19:18:30Z</time>
   </trkpt>
   <trkpt lat="39.5642700" lon="-104.8619610">
    <ele>1766.1</ele>
    <time>2022-12-05T19:18:31Z</time>
   </trkpt>
   <trkpt lat="39.5642570" lon="-104.8619620">
    <ele>1766.1</ele>
    <time>2022-12-05T19:18:32Z</time>
   </trkpt>
   <trkpt lat="39.5642430" lon="-104.8619710">
    <ele>1766.1</ele>
    <time>2022-12-05T19:18:33Z</time>
   </trkpt>
   <trkpt lat="39.5642280" lon="-104.8619820">
    <ele>1766.1</ele>
    <time>2022-12-05T19:18:34Z</time>
   </trkpt>
   <trkpt lat="39.5642160" lon="-104.8619920">
    <ele>1766.1</ele>
    <time>2022-12-05T19:18:35Z</time>
   </trkpt>
   <trkpt lat="39.5642040" lon="-104.8620060">
    <ele>1766.1</ele>
    <time>2022-12-05T19:18:36Z</time>
   </trkpt>
   <trkpt lat="39.5641900" lon="-104.8620170">
    <ele>1766.1</ele>
    <time>2022-12-05T19:18:37Z</time>
   </trkpt>
   <trkpt lat="39.5641730" lon="-104.8620220">
    <ele>1766.2</ele>
    <time>2022-12-05T19:18:38Z</time>
   </trkpt>
   <trkpt lat="39.5641610" lon="-104.8620320">
    <ele>1766.2</ele>
    <time>2022-12-05T19:18:39Z</time>
   </trkpt>
   <trkpt lat="39.5641490" lon="-104.8620400">
    <ele>1766.2</ele>
    <time>2022-12-05T19:18:40Z</time>
   </trkpt>
   <trkpt lat="39.5641300" lon="-104.8620520">
    <ele>1766.2</ele>
    <time>2022-12-05T19:18:41Z</time>
   </trkpt>
   <trkpt lat="39.5641210" lon="-104.8620550">
    <ele>1766.3</ele>
    <time>2022-12-05T19:18:42Z</time>
   </trkpt>
   <trkpt lat="39.5641120" lon="-104.8620580">
    <ele>1766.3</ele>
    <time>2022-12-05T19:18:43Z</time>
   </trkpt>
   <trkpt lat="39.5641080" lon="-104.8620670">
    <ele>1766.3</ele>
    <time>2022-12-05T19:18:44Z</time>
   </trkpt>
   <trkpt lat="39.5640980" lon="-104.8620720">
    <ele>1766.3</ele>
    <time>2022-12-05T19:18:45Z</time>
   </trkpt>
   <trkpt lat="39.5640790" lon="-104.8620730">
    <ele>1766.4</ele>
    <time>2022-12-05T19:18:46Z</time>
   </trkpt>
   <trkpt lat="39.5640680" lon="-104.8620840">
    <ele>1766.4</ele>
    <time>2022-12-05T19:18:47Z</time>
   </trkpt>
   <trkpt lat="39.5640600" lon="-104.8620930">
    <ele>1766.5</ele>
    <time>2022-12-05T19:18:48Z</time>
   </trkpt>
   <trkpt lat="39.5640500" lon="-104.8620990">
    <ele>1766.5</ele>
    <time>2022-12-05T19:18:49Z</time>
   </trkpt>
   <trkpt lat="39.5640350" lon="-104.8621040">
    <ele>1766.5</ele>
    <time>2022-12-05T19:18:50Z</time>
   </trkpt>
   <trkpt lat="39.5640250" lon="-104.8621150">
    <ele>1766.6</ele>
    <time>2022-12-05T19:18:51Z</time>
   </trkpt>
   <trkpt lat="39.5640100" lon="-104.8621330">
    <ele>1766.6</ele>
    <time>2022-12-05T19:18:52Z</time>
   </trkpt>
   <trkpt lat="39.5640030" lon="-104.8621410">
    <ele>1766.6</ele>
    <time>2022-12-05T19:18:53Z</time>
   </trkpt>
   <trkpt lat="39.5639950" lon="-104.8621490">
    <ele>1766.7</ele>
    <time>2022-12-05T19:18:54Z</time>
   </trkpt>
   <trkpt lat="39.5639830" lon="-104.8621620">
    <ele>1766.7</ele>
    <time>2022-12-05T19:18:55Z</time>
   </trkpt>
   <trkpt lat="39.5639680" lon="-104.8621770">
    <ele>1766.8</ele>
    <time>2022-12-05T19:18:56Z</time>
   </trkpt>
   <trkpt lat="39.5639570" lon="-104.8621900">
    <ele>1766.8</ele>
    <time>2022-12-05T19:18:57Z</time>
   </trkpt>
   <trkpt lat="39.5639490" lon="-104.8621930">
    <ele>1766.8</ele>
    <time>2022-12-05T19:18:58Z</time>
   </trkpt>
   <trkpt lat="39.5639390" lon="-104.8622050">
    <ele>1766.9</ele>
    <time>2022-12-05T19:18:59Z</time>
   </trkpt>
   <trkpt lat="39.5639180" lon="-104.8622260">
    <ele>1766.9</ele>
    <time>2022-12-05T19:19:00Z</time>
   </trkpt>
   <trkpt lat="39.5639100" lon="-104.8622320">
    <ele>1766.9</ele>
    <time>2022-12-05T19:19:01Z</time>
   </trkpt>
   <trkpt lat="39.5639020" lon="-104.8622370">
    <ele>1766.9</ele>
    <time>2022-12-05T19:19:02Z</time>
   </trkpt>
   <trkpt lat="39.5638900" lon="-104.8622530">
    <ele>1767.0</ele>
    <time>2022-12-05T19:19:03Z</time>
   </trkpt>
   <trkpt lat="39.5638770" lon="-104.8622680">
    <ele>1767.0</ele>
    <time>2022-12-05T19:19:04Z</time>
   </trkpt>
   <trkpt lat="39.5638610" lon="-104.8622800">
    <ele>1767.0</ele>
    <time>2022-12-05T19:19:05Z</time>
   </trkpt>
   <trkpt lat="39.5638480" lon="-104.8622870">
    <ele>1767.0</ele>
    <time>2022-12-05T19:19:06Z</time>
   </trkpt>
   <trkpt lat="39.5638360" lon="-104.8622940">
    <ele>1767.0</ele>
    <time>2022-12-05T19:19:07Z</time>
   </trkpt>
   <trkpt lat="39.5638240" lon="-104.8623070">
    <ele>1767.1</ele>
    <time>2022-12-05T19:19:08Z</time>
   </trkpt>
   <trkpt lat="39.5638180" lon="-104.8623220">
    <ele>1767.1</ele>
    <time>2022-12-05T19:19:09Z</time>
   </trkpt>
   <trkpt lat="39.5637970" lon="-104.8623450">
    <ele>1767.1</ele>
    <time>2022-12-05T19:19:10Z</time>
   </trkpt>
   <trkpt lat="39.5637800" lon="-104.8623570">
    <ele>1767.1</ele>
    <time>2022-12-05T19:19:11Z</time>
   </trkpt>
   <trkpt lat="39.5637660" lon="-104.8623630">
    <ele>1767.1</ele>
    <time>2022-12-05T19:19:12Z</time>
   </trkpt>
   <trkpt lat="39.5637550" lon="-104.8623690">
    <ele>1767.2</ele>
    <time>2022-12-05T19:19:13Z</time>
   </trkpt>
   <trkpt lat="39.5637350" lon="-104.8623790">
    <ele>1767.2</ele>
    <time>2022-12-05T19:19:14Z</time>
   </trkpt>
   <trkpt lat="39.5637260" lon="-104.8623840">
    <ele>1767.2</ele>
    <time>2022-12-05T19:19:15Z</time>
   </trkpt>
   <trkpt lat="39.5637170" lon="-104.8623890">
    <ele>1767.2</ele>
    <time>2022-12-05T19:19:16Z</time>
   </trkpt>
   <trkpt lat="39.5637000" lon="-104.8623960">
    <ele>1767.2</ele>
    <time>2022-12-05T19:19:17Z</time>
   </trkpt>
   <trkpt lat="39.5636870" lon="-104.8624030">
    <ele>1767.2</ele>
    <time>2022-12-05T19:19:18Z</time>
   </trkpt>
   <trkpt lat="39.5636710" lon="-104.8624120">
    <ele>1767.3</ele>
    <time>2022-12-05T19:19:19Z</time>
   </trkpt>
   <trkpt lat="39.5636570" lon="-104.8624210">
    <ele>1767.3</ele>
    <time>2022-12-05T19:19:20Z</time>
   </trkpt>
   <trkpt lat="39.5636270" lon="-104.8624320">
    <ele>1767.3</ele>
    <time>2022-12-05T19:19:21Z</time>
   </trkpt>
   <trkpt lat="39.5636190" lon="-104.8624350">
    <ele>1767.3</ele>
    <time>2022-12-05T19:19:22Z</time>
   </trkpt>
   <trkpt lat="39.5635940" lon="-104.8624480">
    <ele>1767.4</ele>
    <time>2022-12-05T19:19:23Z</time>
   </trkpt>
   <trkpt lat="39.5635860" lon="-104.8624530">
    <ele>1767.4</ele>
    <time>2022-12-05T19:19:24Z</time>
   </trkpt>
   <trkpt lat="39.5635620" lon="-104.8624740">
    <ele>1767.4</ele>
    <time>2022-12-05T19:19:25Z</time>
   </trkpt>
   <trkpt lat="39.5635530" lon="-104.8624790">
    <ele>1767.4</ele>
    <time>2022-12-05T19:19:26Z</time>
   </trkpt>
   <trkpt lat="39.5635440" lon="-104.8624840">
    <ele>1767.4</ele>
    <time>2022-12-05T19:19:27Z</time>
   </trkpt>
   <trkpt lat="39.5635240" lon="-104.8624890">
    <ele>1767.5</ele>
    <time>2022-12-05T19:19:28Z</time>
   </trkpt>
   <trkpt lat="39.5635170" lon="-104.8624920">
    <ele>1767.5</ele>
    <time>2022-12-05T19:19:29Z</time>
   </trkpt>
   <trkpt lat="39.5635090" lon="-104.8624960">
    <ele>1767.5</ele>
    <time>2022-12-05T19:19:30Z</time>
   </trkpt>
   <trkpt lat="39.5634970" lon="-104.8624990">
    <ele>1767.5</ele>
    <time>2022-12-05T19:19:31Z</time>
   </trkpt>
   <trkpt lat="39.5634820" lon="-104.8625050">
    <ele>1767.6</ele>
    <time>2022-12-05T19:19:32Z</time>
   </trkpt>
   <trkpt lat="39.5634610" lon="-104.8625080">
    <ele>1767.6</ele>
    <time>2022-12-05T19:19:33Z</time>
   </trkpt>
   <trkpt lat="39.5634520" lon="-104.8625070">
    <ele>1767.6</ele>
    <time>2022-12-05T19:19:34Z</time>
   </trkpt>
   <trkpt lat="39.5634440" lon="-104.8625060">
    <ele>1767.6</ele>
    <time>2022-12-05T19:19:35Z</time>
   </trkpt>
   <trkpt lat="39.5634330" lon="-104.8625070">
    <ele>1767.7</ele>
    <time>2022-12-05T19:19:36Z</time>
   </trkpt>
   <trkpt lat="39.5634220" lon="-104.8625030">
    <ele>1767.7</ele>
    <time>2022-12-05T19:19:37Z</time>
   </trkpt>
   <trkpt lat="39.5634150" lon="-104.8625040">
    <ele>1767.7</ele>
    <time>2022-12-05T19:19:38Z</time>
   </trkpt>
   <trkpt lat="39.5633990" lon="-104.8625010">
    <ele>1767.8</ele>
    <time>2022-12-05T19:19:39Z</time>
   </trkpt>
   <trkpt lat="39.5633860" lon="-104.8624970">
    <ele>1767.8</ele>
    <time>2022-12-05T19:19:40Z</time>
   </trkpt>
   <trkpt lat="39.5633750" lon="-104.8625000">
    <ele>1767.8</ele>
    <time>2022-12-05T19:19:41Z</time>
   </trkpt>
   <trkpt lat="39.5633660" lon="-104.8624920">
    <ele>1767.9</ele>
    <time>2022-12-05T19:19:42Z</time>
   </trkpt>
   <trkpt lat="39.5633560" lon="-104.8624930">
    <ele>1767.9</ele>
    <time>2022-12-05T19:19:43Z</time>
   </trkpt>
   <trkpt lat="39.5633360" lon="-104.8624860">
    <ele>1767.9</ele>
    <time>2022-12-05T19:19:44Z</time>
   </trkpt>
   <trkpt lat="39.5633270" lon="-104.8624820">
    <ele>1768.0</ele>
    <time>2022-12-05T19:19:45Z</time>
   </trkpt>
   <trkpt lat="39.5633170" lon="-104.8624780">
    <ele>1768.0</ele>
    <time>2022-12-05T19:19:46Z</time>
   </trkpt>
   <trkpt lat="39.5633060" lon="-104.8624670">
    <ele>1768.0</ele>
    <time>2022-12-05T19:19:47Z</time>
   </trkpt>
   <trkpt lat="39.5633040" lon="-104.8624600">
    <ele>1768.0</ele>
    <time>2022-12-05T19:19:48Z</time>
   </trkpt>
   <trkpt lat="39.5633060" lon="-104.8624440">
    <ele>1768.1</ele>
    <time>2022-12-05T19:19:49Z</time>
   </trkpt>
   <trkpt lat="39.5632980" lon="-104.8624320">
    <ele>1768.1</ele>
    <time>2022-12-05T19:19:50Z</time>
   </trkpt>
   <trkpt lat="39.5632870" lon="-104.8624300">
    <ele>1768.1</ele>
    <time>2022-12-05T19:19:51Z</time>
   </trkpt>
   <trkpt lat="39.5632770" lon="-104.8624270">
    <ele>1768.2</ele>
    <time>2022-12-05T19:19:52Z</time>
   </trkpt>
   <trkpt lat="39.5632670" lon="-104.8624250">
    <ele>1768.2</ele>
    <time>2022-12-05T19:19:53Z</time>
   </trkpt>
   <trkpt lat="39.5632630" lon="-104.8624150">
    <ele>1768.2</ele>
    <time>2022-12-05T19:19:54Z</time>
   </trkpt>
   <trkpt lat="39.5632460" lon="-104.8624070">
    <ele>1768.2</ele>
    <time>2022-12-05T19:19:55Z</time>
   </trkpt>
   <trkpt lat="39.5632390" lon="-104.8623940">
    <ele>1768.3</ele>
    <time>2022-12-05T19:19:56Z</time>
   </trkpt>
   <trkpt lat="39.5632200" lon="-104.8623860">
    <ele>1768.3</ele>
    <time>2022-12-05T19:19:57Z</time>
   </trkpt>
   <trkpt lat="39.5631910" lon="-104.8623840">
    <ele>1768.3</ele>
    <time>2022-12-05T19:19:58Z</time>
   </trkpt>
   <trkpt lat="39.5631840" lon="-104.8623840">
    <ele>1768.3</ele>
    <time>2022-12-05T19:19:59Z</time>
   </trkpt>
   <trkpt lat="39.5631640" lon="-104.8623660">
    <ele>1768.4</ele>
    <time>2022-12-05T19:20:00Z</time>
   </trkpt>
   <trkpt lat="39.5631530" lon="-104.8623610">
    <ele>1768.4</ele>
    <time>2022-12-05T19:20:01Z</time>
   </trkpt>
   <trkpt lat="39.5631420" lon="-104.8623550">
    <ele>1768.4</ele>
    <time>2022-12-05T19:20:02Z</time>
   </trkpt>
   <trkpt lat="39.5631210" lon="-104.8623390">
    <ele>1768.4</ele>
    <time>2022-12-05T19:20:03Z</time>
   </trkpt>
   <trkpt lat="39.5631140" lon="-104.8623300">
    <ele>1768.5</ele>
    <time>2022-12-05T19:20:04Z</time>
   </trkpt>
   <trkpt lat="39.5631060" lon="-104.8623200">
    <ele>1768.5</ele>
    <time>2022-12-05T19:20:05Z</time>
   </trkpt>
   <trkpt lat="39.5631000" lon="-104.8623090">
    <ele>1768.5</ele>
    <time>2022-12-05T19:20:06Z</time>
   </trkpt>
   <trkpt lat="39.5630900" lon="-104.8623020">
    <ele>1768.5</ele>
    <time>2022-12-05T19:20:07Z</time>
   </trkpt>
   <trkpt lat="39.5630820" lon="-104.8622870">
    <ele>1768.5</ele>
    <time>2022-12-05T19:20:08Z</time>
   </trkpt>
   <trkpt lat="39.5630700" lon="-104.8622780">
    <ele>1768.5</ele>
    <time>2022-12-05T19:20:09Z</time>
   </trkpt>
   <trkpt lat="39.5630560" lon="-104.8622690">
    <ele>1768.5</ele>
    <time>2022-12-05T19:20:10Z</time>
   </trkpt>
   <trkpt lat="39.5630470" lon="-104.8622640">
    <ele>1768.5</ele>
    <time>2022-12-05T19:20:11Z</time>
   </trkpt>
   <trkpt lat="39.5630370" lon="-104.8622570">
    <ele>1768.5</ele>
    <time>2022-12-05T19:20:12Z</time>
   </trkpt>
   <trkpt lat="39.5630300" lon="-104.8622490">
    <ele>1768.5</ele>
    <time>2022-12-05T19:20:13Z</time>
   </trkpt>
   <trkpt lat="39.5630120" lon="-104.8622340">
    <ele>1768.5</ele>
    <time>2022-12-05T19:20:14Z</time>
   </trkpt>
   <trkpt lat="39.5630050" lon="-104.8622270">
    <ele>1768.6</ele>
    <time>2022-12-05T19:20:16Z</time>
   </trkpt>
   <trkpt lat="39.5629990" lon="-104.8622200">
    <ele>1768.6</ele>
    <time>2022-12-05T19:20:17Z</time>
   </trkpt>
   <trkpt lat="39.5629890" lon="-104.8622110">
    <ele>1768.6</ele>
    <time>2022-12-05T19:20:18Z</time>
   </trkpt>
   <trkpt lat="39.5629760" lon="-104.8622050">
    <ele>1768.6</ele>
    <time>2022-12-05T19:20:19Z</time>
   </trkpt>
   <trkpt lat="39.5629700" lon="-104.8622010">
    <ele>1768.6</ele>
    <time>2022-12-05T19:20:20Z</time>
   </trkpt>
   <trkpt lat="39.5629500" lon="-104.8621940">
    <ele>1768.6</ele>
    <time>2022-12-05T19:20:21Z</time>
   </trkpt>
   <trkpt lat="39.5629380" lon="-104.8621880">
    <ele>1768.6</ele>
    <time>2022-12-05T19:20:22Z</time>
   </trkpt>
   <trkpt lat="39.5629280" lon="-104.8621750">
    <ele>1768.6</ele>
    <time>2022-12-05T19:20:23Z</time>
   </trkpt>
   <trkpt lat="39.5629140" lon="-104.8621630">
    <ele>1768.6</ele>
    <time>2022-12-05T19:20:24Z</time>
   </trkpt>
   <trkpt lat="39.5629010" lon="-104.8621500">
    <ele>1768.6</ele>
    <time>2022-12-05T19:20:25Z</time>
   </trkpt>
   <trkpt lat="39.5628860" lon="-104.8621340">
    <ele>1768.6</ele>
    <time>2022-12-05T19:20:26Z</time>
   </trkpt>
   <trkpt lat="39.5628740" lon="-104.8621230">
    <ele>1768.6</ele>
    <time>2022-12-05T19:20:27Z</time>
   </trkpt>
   <trkpt lat="39.5628600" lon="-104.8621120">
    <ele>1768.6</ele>
    <time>2022-12-05T19:20:28Z</time>
   </trkpt>
   <trkpt lat="39.5628460" lon="-104.8621040">
    <ele>1768.6</ele>
    <time>2022-12-05T19:20:29Z</time>
   </trkpt>
   <trkpt lat="39.5628340" lon="-104.8620960">
    <ele>1768.6</ele>
    <time>2022-12-05T19:20:30Z</time>
   </trkpt>
   <trkpt lat="39.5628200" lon="-104.8620850">
    <ele>1768.6</ele>
    <time>2022-12-05T19:20:31Z</time>
   </trkpt>
   <trkpt lat="39.5628060" lon="-104.8620700">
    <ele>1768.6</ele>
    <time>2022-12-05T19:20:32Z</time>
   </trkpt>
   <trkpt lat="39.5627950" lon="-104.8620600">
    <ele>1768.6</ele>
    <time>2022-12-05T19:20:33Z</time>
   </trkpt>
   <trkpt lat="39.5627780" lon="-104.8620560">
    <ele>1768.6</ele>
    <time>2022-12-05T19:20:34Z</time>
   </trkpt>
   <trkpt lat="39.5627660" lon="-104.8620510">
    <ele>1768.6</ele>
    <time>2022-12-05T19:20:35Z</time>
   </trkpt>
   <trkpt lat="39.5627550" lon="-104.8620370">
    <ele>1768.6</ele>
    <time>2022-12-05T19:20:36Z</time>
   </trkpt>
   <trkpt lat="39.5627460" lon="-104.8620250">
    <ele>1768.6</ele>
    <time>2022-12-05T19:20:37Z</time>
   </trkpt>
   <trkpt lat="39.5627350" lon="-104.8620080">
    <ele>1768.6</ele>
    <time>2022-12-05T19:20:38Z</time>
   </trkpt>
   <trkpt lat="39.5627150" lon="-104.8619980">
    <ele>1768.6</ele>
    <time>2022-12-05T19:20:39Z</time>
   </trkpt>
   <trkpt lat="39.5627070" lon="-104.8619950">
    <ele>1768.6</ele>
    <time>2022-12-05T19:20:40Z</time>
   </trkpt>
   <trkpt lat="39.5626990" lon="-104.8619920">
    <ele>1768.6</ele>
    <time>2022-12-05T19:20:41Z</time>
   </trkpt>
   <trkpt lat="39.5626820" lon="-104.8619860">
    <ele>1768.6</ele>
    <time>2022-12-05T19:20:42Z</time>
   </trkpt>
   <trkpt lat="39.5626650" lon="-104.8619830">
    <ele>1768.6</ele>
    <time>2022-12-05T19:20:43Z</time>
   </trkpt>
   <trkpt lat="39.5626470" lon="-104.8619870">
    <ele>1768.6</ele>
    <time>2022-12-05T19:20:44Z</time>
   </trkpt>
   <trkpt lat="39.5626340" lon="-104.8619900">
    <ele>1768.6</ele>
    <time>2022-12-05T19:20:45Z</time>
   </trkpt>
   <trkpt lat="39.5626060" lon="-104.8620100">
    <ele>1768.6</ele>
    <time>2022-12-05T19:20:46Z</time>
   </trkpt>
   <trkpt lat="39.5625970" lon="-104.8620160">
    <ele>1768.6</ele>
    <time>2022-12-05T19:20:47Z</time>
   </trkpt>
   <trkpt lat="39.5625810" lon="-104.8620260">
    <ele>1768.6</ele>
    <time>2022-12-05T19:20:48Z</time>
   </trkpt>
   <trkpt lat="39.5625700" lon="-104.8620370">
    <ele>1768.6</ele>
    <time>2022-12-05T19:20:49Z</time>
   </trkpt>
   <trkpt lat="39.5625570" lon="-104.8620440">
    <ele>1768.6</ele>
    <time>2022-12-05T19:20:50Z</time>
   </trkpt>
   <trkpt lat="39.5625440" lon="-104.8620490">
    <ele>1768.6</ele>
    <time>2022-12-05T19:20:51Z</time>
   </trkpt>
   <trkpt lat="39.5625300" lon="-104.8620620">
    <ele>1768.6</ele>
    <time>2022-12-05T19:20:52Z</time>
   </trkpt>
   <trkpt lat="39.5625160" lon="-104.8620710">
    <ele>1768.6</ele>
    <time>2022-12-05T19:20:53Z</time>
   </trkpt>
   <trkpt lat="39.5625050" lon="-104.8620780">
    <ele>1768.6</ele>
    <time>2022-12-05T19:20:54Z</time>
   </trkpt>
   <trkpt lat="39.5624940" lon="-104.8620930">
    <ele>1768.6</ele>
    <time>2022-12-05T19:20:55Z</time>
   </trkpt>
   <trkpt lat="39.5624810" lon="-104.8621070">
    <ele>1768.6</ele>
    <time>2022-12-05T19:20:56Z</time>
   </trkpt>
   <trkpt lat="39.5624640" lon="-104.8621130">
    <ele>1768.6</ele>
    <time>2022-12-05T19:20:57Z</time>
   </trkpt>
   <trkpt lat="39.5624600" lon="-104.8621300">
    <ele>1768.6</ele>
    <time>2022-12-05T19:20:58Z</time>
   </trkpt>
   <trkpt lat="39.5624540" lon="-104.8621470">
    <ele>1768.6</ele>
    <time>2022-12-05T19:20:59Z</time>
   </trkpt>
   <trkpt lat="39.5624250" lon="-104.8621620">
    <ele>1768.6</ele>
    <time>2022-12-05T19:21:00Z</time>
   </trkpt>
   <trkpt lat="39.5624200" lon="-104.8621640">
    <ele>1768.6</ele>
    <time>2022-12-05T19:21:01Z</time>
   </trkpt>
   <trkpt lat="39.5624080" lon="-104.8621750">
    <ele>1768.6</ele>
    <time>2022-12-05T19:21:02Z</time>
   </trkpt>
   <trkpt lat="39.5623980" lon="-104.8621860">
    <ele>1768.6</ele>
    <time>2022-12-05T19:21:03Z</time>
   </trkpt>
   <trkpt lat="39.5623790" lon="-104.8622030">
    <ele>1768.6</ele>
    <time>2022-12-05T19:21:04Z</time>
   </trkpt>
   <trkpt lat="39.5623720" lon="-104.8622110">
    <ele>1768.6</ele>
    <time>2022-12-05T19:21:05Z</time>
   </trkpt>
   <trkpt lat="39.5623650" lon="-104.8622190">
    <ele>1768.6</ele>
    <time>2022-12-05T19:21:06Z</time>
   </trkpt>
   <trkpt lat="39.5623540" lon="-104.8622320">
    <ele>1768.6</ele>
    <time>2022-12-05T19:21:07Z</time>
   </trkpt>
   <trkpt lat="39.5623430" lon="-104.8622420">
    <ele>1768.6</ele>
    <time>2022-12-05T19:21:08Z</time>
   </trkpt>
   <trkpt lat="39.5623300" lon="-104.8622500">
    <ele>1768.6</ele>
    <time>2022-12-05T19:21:09Z</time>
   </trkpt>
   <trkpt lat="39.5623170" lon="-104.8622550">
    <ele>1768.6</ele>
    <time>2022-12-05T19:21:10Z</time>
   </trkpt>
   <trkpt lat="39.5623000" lon="-104.8622760">
    <ele>1768.6</ele>
    <time>2022-12-05T19:21:11Z</time>
   </trkpt>
   <trkpt lat="39.5622930" lon="-104.8622830">
    <ele>1768.6</ele>
    <time>2022-12-05T19:21:12Z</time>
   </trkpt>
   <trkpt lat="39.5622850" lon="-104.8622910">
    <ele>1768.6</ele>
    <time>2022-12-05T19:21:13Z</time>
   </trkpt>
   <trkpt lat="39.5622730" lon="-104.8623010">
    <ele>1768.6</ele>
    <time>2022-12-05T19:21:14Z</time>
   </trkpt>
   <trkpt lat="39.5622570" lon="-104.8623130">
    <ele>1768.6</ele>
    <time>2022-12-05T19:21:15Z</time>
   </trkpt>
   <trkpt lat="39.5622420" lon="-104.8623200">
    <ele>1768.7</ele>
    <time>2022-12-05T19:21:16Z</time>
   </trkpt>
   <trkpt lat="39.5622300" lon="-104.8623310">
    <ele>1768.7</ele>
    <time>2022-12-05T19:21:17Z</time>
   </trkpt>
   <trkpt lat="39.5622140" lon="-104.8623500">
    <ele>1768.7</ele>
    <time>2022-12-05T19:21:18Z</time>
   </trkpt>
   <trkpt lat="39.5622060" lon="-104.8623540">
    <ele>1768.7</ele>
    <time>2022-12-05T19:21:19Z</time>
   </trkpt>
   <trkpt lat="39.5621990" lon="-104.8623590">
    <ele>1768.7</ele>
    <time>2022-12-05T19:21:20Z</time>
   </trkpt>
   <trkpt lat="39.5621860" lon="-104.8623650">
    <ele>1768.7</ele>
    <time>2022-12-05T19:21:21Z</time>
   </trkpt>
   <trkpt lat="39.5621720" lon="-104.8623790">
    <ele>1768.8</ele>
    <time>2022-12-05T19:21:22Z</time>
   </trkpt>
   <trkpt lat="39.5621590" lon="-104.8623880">
    <ele>1768.8</ele>
    <time>2022-12-05T19:21:23Z</time>
   </trkpt>
   <trkpt lat="39.5621430" lon="-104.8624000">
    <ele>1768.8</ele>
    <time>2022-12-05T19:21:24Z</time>
   </trkpt>
   <trkpt lat="39.5621330" lon="-104.8624150">
    <ele>1768.8</ele>
    <time>2022-12-05T19:21:25Z</time>
   </trkpt>
   <trkpt lat="39.5621230" lon="-104.8624260">
    <ele>1768.8</ele>
    <time>2022-12-05T19:21:26Z</time>
   </trkpt>
   <trkpt lat="39.5621150" lon="-104.8624300">
    <ele>1768.8</ele>
    <time>2022-12-05T19:21:27Z</time>
   </trkpt>
   <trkpt lat="39.5621070" lon="-104.8624430">
    <ele>1768.8</ele>
    <time>2022-12-05T19:21:28Z</time>
   </trkpt>
   <trkpt lat="39.5621010" lon="-104.8624520">
    <ele>1768.9</ele>
    <time>2022-12-05T19:21:29Z</time>
   </trkpt>
   <trkpt lat="39.5620940" lon="-104.8624590">
    <ele>1768.9</ele>
    <time>2022-12-05T19:21:30Z</time>
   </trkpt>
   <trkpt lat="39.5620940" lon="-104.8624630">
    <ele>1768.9</ele>
    <time>2022-12-05T19:21:31Z</time>
   </trkpt>
   <trkpt lat="39.5620900" lon="-104.8624730">
    <ele>1768.9</ele>
    <time>2022-12-05T19:21:32Z</time>
   </trkpt>
   <trkpt lat="39.5620890" lon="-104.8624770">
    <ele>1768.9</ele>
    <time>2022-12-05T19:21:33Z</time>
   </trkpt>
   <trkpt lat="39.5620850" lon="-104.8624740">
    <ele>1768.9</ele>
    <time>2022-12-05T19:21:34Z</time>
   </trkpt>
   <trkpt lat="39.5620860" lon="-104.8624820">
    <ele>1768.9</ele>
    <time>2022-12-05T19:21:35Z</time>
   </trkpt>
   <trkpt lat="39.5620810" lon="-104.8624920">
    <ele>1768.9</ele>
    <time>2022-12-05T19:21:36Z</time>
   </trkpt>
   <trkpt lat="39.5620810" lon="-104.8625040">
    <ele>1768.9</ele>
    <time>2022-12-05T19:21:37Z</time>
   </trkpt>
   <trkpt lat="39.5620790" lon="-104.8625140">
    <ele>1768.9</ele>
    <time>2022-12-05T19:21:38Z</time>
   </trkpt>
   <trkpt lat="39.5620800" lon="-104.8625170">
    <ele>1768.9</ele>
    <time>2022-12-05T19:21:39Z</time>
   </trkpt>
   <trkpt lat="39.5620740" lon="-104.8625290">
    <ele>1768.9</ele>
    <time>2022-12-05T19:21:40Z</time>
   </trkpt>
   <trkpt lat="39.5620710" lon="-104.8625430">
    <ele>1768.9</ele>
    <time>2022-12-05T19:21:41Z</time>
   </trkpt>
   <trkpt lat="39.5620710" lon="-104.8625580">
    <ele>1768.9</ele>
    <time>2022-12-05T19:21:42Z</time>
   </trkpt>
   <trkpt lat="39.5620720" lon="-104.8625740">
    <ele>1768.9</ele>
    <time>2022-12-05T19:21:43Z</time>
   </trkpt>
   <trkpt lat="39.5620720" lon="-104.8625870">
    <ele>1769.0</ele>
    <time>2022-12-05T19:21:44Z</time>
   </trkpt>
   <trkpt lat="39.5620710" lon="-104.8626000">
    <ele>1769.0</ele>
    <time>2022-12-05T19:21:45Z</time>
   </trkpt>
   <trkpt lat="39.5620720" lon="-104.8626120">
    <ele>1769.0</ele>
    <time>2022-12-05T19:21:46Z</time>
   </trkpt>
   <trkpt lat="39.5620720" lon="-104.8626270">
    <ele>1769.0</ele>
    <time>2022-12-05T19:21:47Z</time>
   </trkpt>
   <trkpt lat="39.5620780" lon="-104.8626430">
    <ele>1769.0</ele>
    <time>2022-12-05T19:21:48Z</time>
   </trkpt>
   <trkpt lat="39.5620810" lon="-104.8626550">
    <ele>1769.0</ele>
    <time>2022-12-05T19:21:49Z</time>
   </trkpt>
   <trkpt lat="39.5620760" lon="-104.8626590">
    <ele>1769.0</ele>
    <time>2022-12-05T19:21:50Z</time>
   </trkpt>
   <trkpt lat="39.5620740" lon="-104.8626660">
    <ele>1769.0</ele>
    <time>2022-12-05T19:21:51Z</time>
   </trkpt>
   <trkpt lat="39.5620760" lon="-104.8626690">
    <ele>1769.0</ele>
    <time>2022-12-05T19:21:52Z</time>
   </trkpt>
   <trkpt lat="39.5620800" lon="-104.8626700">
    <ele>1769.0</ele>
    <time>2022-12-05T19:21:53Z</time>
   </trkpt>
   <trkpt lat="39.5620830" lon="-104.8626720">
    <ele>1769.0</ele>
    <time>2022-12-05T19:21:54Z</time>
   </trkpt>
   <trkpt lat="39.5620880" lon="-104.8626760">
    <ele>1769.0</ele>
    <time>2022-12-05T19:21:55Z</time>
   </trkpt>
   <trkpt lat="39.5620870" lon="-104.8626830">
    <ele>1769.0</ele>
    <time>2022-12-05T19:21:56Z</time>
   </trkpt>
   <trkpt lat="39.5620880" lon="-104.8627010">
    <ele>1769.0</ele>
    <time>2022-12-05T19:21:57Z</time>
   </trkpt>
   <trkpt lat="39.5620960" lon="-104.8627160">
    <ele>1769.0</ele>
    <time>2022-12-05T19:21:58Z</time>
   </trkpt>
   <trkpt lat="39.5620970" lon="-104.8627320">
    <ele>1769.0</ele>
    <time>2022-12-05T19:21:59Z</time>
   </trkpt>
   <trkpt lat="39.5621000" lon="-104.8627430">
    <ele>1769.0</ele>
    <time>2022-12-05T19:22:00Z</time>
   </trkpt>
   <trkpt lat="39.5621040" lon="-104.8627580">
    <ele>1769.0</ele>
    <time>2022-12-05T19:22:01Z</time>
   </trkpt>
   <trkpt lat="39.5621050" lon="-104.8627700">
    <ele>1769.0</ele>
    <time>2022-12-05T19:22:02Z</time>
   </trkpt>
   <trkpt lat="39.5621050" lon="-104.8627830">
    <ele>1769.1</ele>
    <time>2022-12-05T19:22:03Z</time>
   </trkpt>
   <trkpt lat="39.5621030" lon="-104.8627960">
    <ele>1769.1</ele>
    <time>2022-12-05T19:22:04Z</time>
   </trkpt>
   <trkpt lat="39.5621050" lon="-104.8628060">
    <ele>1769.1</ele>
    <time>2022-12-05T19:22:05Z</time>
   </trkpt>
   <trkpt lat="39.5621100" lon="-104.8628210">
    <ele>1769.1</ele>
    <time>2022-12-05T19:22:06Z</time>
   </trkpt>
   <trkpt lat="39.5621100" lon="-104.8628310">
    <ele>1769.1</ele>
    <time>2022-12-05T19:22:07Z</time>
   </trkpt>
   <trkpt lat="39.5621120" lon="-104.8628450">
    <ele>1769.1</ele>
    <time>2022-12-05T19:22:08Z</time>
   </trkpt>
   <trkpt lat="39.5621170" lon="-104.8628590">
    <ele>1769.1</ele>
    <time>2022-12-05T19:22:09Z</time>
   </trkpt>
   <trkpt lat="39.5621170" lon="-104.8628740">
    <ele>1769.1</ele>
    <time>2022-12-05T19:22:10Z</time>
   </trkpt>
   <trkpt lat="39.5621230" lon="-104.8628760">
    <ele>1769.1</ele>
    <time>2022-12-05T19:22:11Z</time>
   </trkpt>
   <trkpt lat="39.5621230" lon="-104.8628890">
    <ele>1769.1</ele>
    <time>2022-12-05T19:22:12Z</time>
   </trkpt>
   <trkpt lat="39.5621220" lon="-104.8629020">
    <ele>1769.1</ele>
    <time>2022-12-05T19:22:13Z</time>
   </trkpt>
   <trkpt lat="39.5621260" lon="-104.8629150">
    <ele>1769.1</ele>
    <time>2022-12-05T19:22:14Z</time>
   </trkpt>
   <trkpt lat="39.5621250" lon="-104.8629270">
    <ele>1769.1</ele>
    <time>2022-12-05T19:22:15Z</time>
   </trkpt>
   <trkpt lat="39.5621280" lon="-104.8629400">
    <ele>1769.1</ele>
    <time>2022-12-05T19:22:16Z</time>
   </trkpt>
   <trkpt lat="39.5621290" lon="-104.8629540">
    <ele>1769.1</ele>
    <time>2022-12-05T19:22:17Z</time>
   </trkpt>
   <trkpt lat="39.5621420" lon="-104.8629650">
    <ele>1769.2</ele>
    <time>2022-12-05T19:22:18Z</time>
   </trkpt>
   <trkpt lat="39.5621460" lon="-104.8629730">
    <ele>1769.2</ele>
    <time>2022-12-05T19:22:19Z</time>
   </trkpt>
   <trkpt lat="39.5621550" lon="-104.8629820">
    <ele>1769.2</ele>
    <time>2022-12-05T19:22:20Z</time>
   </trkpt>
   <trkpt lat="39.5621590" lon="-104.8629880">
    <ele>1769.2</ele>
    <time>2022-12-05T19:22:21Z</time>
   </trkpt>
   <trkpt lat="39.5621550" lon="-104.8629870">
    <ele>1769.2</ele>
    <time>2022-12-05T19:22:22Z</time>
   </trkpt>
   <trkpt lat="39.5621530" lon="-104.8629850">
    <ele>1769.2</ele>
    <time>2022-12-05T19:22:23Z</time>
   </trkpt>
   <trkpt lat="39.5621470" lon="-104.8630100">
    <ele>1769.2</ele>
    <time>2022-12-05T19:22:24Z</time>
   </trkpt>
   <trkpt lat="39.5621560" lon="-104.8630210">
    <ele>1769.3</ele>
    <time>2022-12-05T19:22:25Z</time>
   </trkpt>
   <trkpt lat="39.5621670" lon="-104.8630460">
    <ele>1769.3</ele>
    <time>2022-12-05T19:22:26Z</time>
   </trkpt>
   <trkpt lat="39.5621700" lon="-104.8630550">
    <ele>1769.3</ele>
    <time>2022-12-05T19:22:27Z</time>
   </trkpt>
   <trkpt lat="39.5621740" lon="-104.8630640">
    <ele>1769.3</ele>
    <time>2022-12-05T19:22:28Z</time>
   </trkpt>
   <trkpt lat="39.5621860" lon="-104.8630770">
    <ele>1769.3</ele>
    <time>2022-12-05T19:22:29Z</time>
   </trkpt>
   <trkpt lat="39.5621940" lon="-104.8630820">
    <ele>1769.3</ele>
    <time>2022-12-05T19:22:30Z</time>
   </trkpt>
   <trkpt lat="39.5621990" lon="-104.8630940">
    <ele>1769.4</ele>
    <time>2022-12-05T19:22:31Z</time>
   </trkpt>
   <trkpt lat="39.5622040" lon="-104.8630950">
    <ele>1769.4</ele>
    <time>2022-12-05T19:22:32Z</time>
   </trkpt>
   <trkpt lat="39.5622160" lon="-104.8630990">
    <ele>1769.4</ele>
    <time>2022-12-05T19:22:33Z</time>
   </trkpt>
   <trkpt lat="39.5622260" lon="-104.8631030">
    <ele>1769.4</ele>
    <time>2022-12-05T19:22:34Z</time>
   </trkpt>
   <trkpt lat="39.5622270" lon="-104.8631040">
    <ele>1769.4</ele>
    <time>2022-12-05T19:22:35Z</time>
   </trkpt>
   <trkpt lat="39.5622290" lon="-104.8631180">
    <ele>1769.4</ele>
    <time>2022-12-05T19:22:36Z</time>
   </trkpt>
   <trkpt lat="39.5622290" lon="-104.8631180">
    <ele>1769.4</ele>
    <time>2022-12-05T19:22:37Z</time>
   </trkpt>
   <trkpt lat="39.5622340" lon="-104.8631350">
    <ele>1769.4</ele>
    <time>2022-12-05T19:22:38Z</time>
   </trkpt>
   <trkpt lat="39.5622350" lon="-104.8631420">
    <ele>1769.4</ele>
    <time>2022-12-05T19:22:39Z</time>
   </trkpt>
   <trkpt lat="39.5622400" lon="-104.8631520">
    <ele>1769.4</ele>
    <time>2022-12-05T19:22:40Z</time>
   </trkpt>
   <trkpt lat="39.5622430" lon="-104.8631540">
    <ele>1769.5</ele>
    <time>2022-12-05T19:22:41Z</time>
   </trkpt>
   <trkpt lat="39.5622460" lon="-104.8631550">
    <ele>1769.5</ele>
    <time>2022-12-05T19:22:42Z</time>
   </trkpt>
   <trkpt lat="39.5622500" lon="-104.8631560">
    <ele>1769.5</ele>
    <time>2022-12-05T19:22:43Z</time>
   </trkpt>
   <trkpt lat="39.5622530" lon="-104.8631580">
    <ele>1769.5</ele>
    <time>2022-12-05T19:22:44Z</time>
   </trkpt>
   <trkpt lat="39.5622560" lon="-104.8631590">
    <ele>1769.5</ele>
    <time>2022-12-05T19:22:45Z</time>
   </trkpt>
   <trkpt lat="39.5622590" lon="-104.8631600">
    <ele>1769.5</ele>
    <time>2022-12-05T19:22:46Z</time>
   </trkpt>
   <trkpt lat="39.5622620" lon="-104.8631620">
    <ele>1769.5</ele>
    <time>2022-12-05T19:22:47Z</time>
   </trkpt>
   <trkpt lat="39.5622650" lon="-104.8631630">
    <ele>1769.5</ele>
    <time>2022-12-05T19:22:48Z</time>
   </trkpt>
   <trkpt lat="39.5622680" lon="-104.8631650">
    <ele>1769.5</ele>
    <time>2022-12-05T19:22:49Z</time>
   </trkpt>
   <trkpt lat="39.5622710" lon="-104.8631660">
    <ele>1769.5</ele>
    <time>2022-12-05T19:22:50Z</time>
   </trkpt>
   <trkpt lat="39.5622740" lon="-104.8631670">
    <ele>1769.5</ele>
    <time>2022-12-05T19:22:51Z</time>
   </trkpt>
   <trkpt lat="39.5622850" lon="-104.8631680">
    <ele>1769.5</ele>
    <time>2022-12-05T19:22:52Z</time>
   </trkpt>
   <trkpt lat="39.5622950" lon="-104.8631700">
    <ele>1769.5</ele>
    <time>2022-12-05T19:22:53Z</time>
   </trkpt>
   <trkpt lat="39.5622960" lon="-104.8631770">
    <ele>1769.5</ele>
    <time>2022-12-05T19:22:54Z</time>
   </trkpt>
   <trkpt lat="39.5622980" lon="-104.8631870">
    <ele>1769.5</ele>
    <time>2022-12-05T19:22:55Z</time>
   </trkpt>
   <trkpt lat="39.5623120" lon="-104.8631940">
    <ele>1769.5</ele>
    <time>2022-12-05T19:22:56Z</time>
   </trkpt>
   <trkpt lat="39.5623250" lon="-104.8631910">
    <ele>1769.5</ele>
    <time>2022-12-05T19:22:57Z</time>
   </trkpt>
   <trkpt lat="39.5623380" lon="-104.8631890">
    <ele>1769.6</ele>
    <time>2022-12-05T19:22:58Z</time>
   </trkpt>
   <trkpt lat="39.5623670" lon="-104.8631790">
    <ele>1769.6</ele>
    <time>2022-12-05T19:22:59Z</time>
   </trkpt>
   <trkpt lat="39.5623780" lon="-104.8631790">
    <ele>1769.6</ele>
    <time>2022-12-05T19:23:00Z</time>
   </trkpt>
   <trkpt lat="39.5623910" lon="-104.8631800">
    <ele>1769.6</ele>
    <time>2022-12-05T19:23:01Z</time>
   </trkpt>
   <trkpt lat="39.5624060" lon="-104.8631700">
    <ele>1769.6</ele>
    <time>2022-12-05T19:23:02Z</time>
   </trkpt>
   <trkpt lat="39.5624200" lon="-104.8631640">
    <ele>1769.6</ele>
    <time>2022-12-05T19:23:03Z</time>
   </trkpt>
   <trkpt lat="39.5624380" lon="-104.8631560">
    <ele>1769.6</ele>
    <time>2022-12-05T19:23:04Z</time>
   </trkpt>
   <trkpt lat="39.5624540" lon="-104.8631520">
    <ele>1769.6</ele>
    <time>2022-12-05T19:23:05Z</time>
   </trkpt>
   <trkpt lat="39.5624680" lon="-104.8631490">
    <ele>1769.6</ele>
    <time>2022-12-05T19:23:06Z</time>
   </trkpt>
   <trkpt lat="39.5624910" lon="-104.8631480">
    <ele>1769.6</ele>
    <time>2022-12-05T19:23:07Z</time>
   </trkpt>
   <trkpt lat="39.5625020" lon="-104.8631470">
    <ele>1769.6</ele>
    <time>2022-12-05T19:23:08Z</time>
   </trkpt>
   <trkpt lat="39.5625120" lon="-104.8631450">
    <ele>1769.6</ele>
    <time>2022-12-05T19:23:09Z</time>
   </trkpt>
   <trkpt lat="39.5625340" lon="-104.8631490">
    <ele>1769.6</ele>
    <time>2022-12-05T19:23:10Z</time>
   </trkpt>
   <trkpt lat="39.5625430" lon="-104.8631500">
    <ele>1769.6</ele>
    <time>2022-12-05T19:23:11Z</time>
   </trkpt>
   <trkpt lat="39.5625520" lon="-104.8631510">
    <ele>1769.6</ele>
    <time>2022-12-05T19:23:12Z</time>
   </trkpt>
   <trkpt lat="39.5625620" lon="-104.8631510">
    <ele>1769.6</ele>
    <time>2022-12-05T19:23:13Z</time>
   </trkpt>
   <trkpt lat="39.5625680" lon="-104.8631510">
    <ele>1769.6</ele>
    <time>2022-12-05T19:23:14Z</time>
   </trkpt>
   <trkpt lat="39.5625810" lon="-104.8631500">
    <ele>1769.6</ele>
    <time>2022-12-05T19:23:15Z</time>
   </trkpt>
   <trkpt lat="39.5625930" lon="-104.8631530">
    <ele>1769.5</ele>
    <time>2022-12-05T19:23:16Z</time>
   </trkpt>
   <trkpt lat="39.5626020" lon="-104.8631520">
    <ele>1769.5</ele>
    <time>2022-12-05T19:23:17Z</time>
   </trkpt>
   <trkpt lat="39.5626110" lon="-104.8631510">
    <ele>1769.5</ele>
    <time>2022-12-05T19:23:18Z</time>
   </trkpt>
   <trkpt lat="39.5626190" lon="-104.8631470">
    <ele>1769.5</ele>
    <time>2022-12-05T19:23:19Z</time>
   </trkpt>
   <trkpt lat="39.5626310" lon="-104.8631460">
    <ele>1769.5</ele>
    <time>2022-12-05T19:23:20Z</time>
   </trkpt>
   <trkpt lat="39.5626440" lon="-104.8631430">
    <ele>1769.5</ele>
    <time>2022-12-05T19:23:21Z</time>
   </trkpt>
   <trkpt lat="39.5626520" lon="-104.8631470">
    <ele>1769.5</ele>
    <time>2022-12-05T19:23:22Z</time>
   </trkpt>
   <trkpt lat="39.5626570" lon="-104.8631480">
    <ele>1769.5</ele>
    <time>2022-12-05T19:23:23Z</time>
   </trkpt>
   <trkpt lat="39.5626660" lon="-104.8631580">
    <ele>1769.5</ele>
    <time>2022-12-05T19:23:24Z</time>
   </trkpt>
   <trkpt lat="39.5626740" lon="-104.8631580">
    <ele>1769.5</ele>
    <time>2022-12-05T19:23:25Z</time>
   </trkpt>
   <trkpt lat="39.5626890" lon="-104.8631560">
    <ele>1769.5</ele>
    <time>2022-12-05T19:23:26Z</time>
   </trkpt>
   <trkpt lat="39.5626980" lon="-104.8631530">
    <ele>1769.5</ele>
    <time>2022-12-05T19:23:27Z</time>
   </trkpt>
   <trkpt lat="39.5627090" lon="-104.8631510">
    <ele>1769.5</ele>
    <time>2022-12-05T19:23:28Z</time>
   </trkpt>
   <trkpt lat="39.5627220" lon="-104.8631470">
    <ele>1769.4</ele>
    <time>2022-12-05T19:23:29Z</time>
   </trkpt>
   <trkpt lat="39.5627300" lon="-104.8631460">
    <ele>1769.4</ele>
    <time>2022-12-05T19:23:30Z</time>
   </trkpt>
   <trkpt lat="39.5627410" lon="-104.8631430">
    <ele>1769.4</ele>
    <time>2022-12-05T19:23:31Z</time>
   </trkpt>
   <trkpt lat="39.5627620" lon="-104.8631420">
    <ele>1769.4</ele>
    <time>2022-12-05T19:23:32Z</time>
   </trkpt>
   <trkpt lat="39.5627720" lon="-104.8631420">
    <ele>1769.4</ele>
    <time>2022-12-05T19:23:33Z</time>
   </trkpt>
   <trkpt lat="39.5627830" lon="-104.8631430">
    <ele>1769.4</ele>
    <time>2022-12-05T19:23:34Z</time>
   </trkpt>
   <trkpt lat="39.5628020" lon="-104.8631390">
    <ele>1769.4</ele>
    <time>2022-12-05T19:23:35Z</time>
   </trkpt>
   <trkpt lat="39.5628100" lon="-104.8631370">
    <ele>1769.4</ele>
    <time>2022-12-05T19:23:36Z</time>
   </trkpt>
   <trkpt lat="39.5628190" lon="-104.8631350">
    <ele>1769.4</ele>
    <time>2022-12-05T19:23:37Z</time>
   </trkpt>
   <trkpt lat="39.5628330" lon="-104.8631270">
    <ele>1769.3</ele>
    <time>2022-12-05T19:23:38Z</time>
   </trkpt>
   <trkpt lat="39.5628430" lon="-104.8631180">
    <ele>1769.3</ele>
    <time>2022-12-05T19:23:39Z</time>
   </trkpt>
   <trkpt lat="39.5628590" lon="-104.8631020">
    <ele>1769.3</ele>
    <time>2022-12-05T19:23:40Z</time>
   </trkpt>
   <trkpt lat="39.5628660" lon="-104.8630940">
    <ele>1769.3</ele>
    <time>2022-12-05T19:23:41Z</time>
   </trkpt>
   <trkpt lat="39.5628720" lon="-104.8630860">
    <ele>1769.3</ele>
    <time>2022-12-05T19:23:42Z</time>
   </trkpt>
   <trkpt lat="39.5628790" lon="-104.8630760">
    <ele>1769.3</ele>
    <time>2022-12-05T19:23:43Z</time>
   </trkpt>
   <trkpt lat="39.5628870" lon="-104.8630650">
    <ele>1769.3</ele>
    <time>2022-12-05T19:23:44Z</time>
   </trkpt>
   <trkpt lat="39.5628950" lon="-104.8630520">
    <ele>1769.3</ele>
    <time>2022-12-05T19:23:45Z</time>
   </trkpt>
   <trkpt lat="39.5629060" lon="-104.8630460">
    <ele>1769.2</ele>
    <time>2022-12-05T19:23:46Z</time>
   </trkpt>
   <trkpt lat="39.5629090" lon="-104.8630370">
    <ele>1769.2</ele>
    <time>2022-12-05T19:23:47Z</time>
   </trkpt>
   <trkpt lat="39.5629180" lon="-104.8630320">
    <ele>1769.2</ele>
    <time>2022-12-05T19:23:48Z</time>
   </trkpt>
   <trkpt lat="39.5629220" lon="-104.8630240">
    <ele>1769.2</ele>
    <time>2022-12-05T19:23:49Z</time>
   </trkpt>
   <trkpt lat="39.5629270" lon="-104.8630040">
    <ele>1769.2</ele>
    <time>2022-12-05T19:23:50Z</time>
   </trkpt>
   <trkpt lat="39.5629310" lon="-104.8629930">
    <ele>1769.2</ele>
    <time>2022-12-05T19:23:51Z</time>
   </trkpt>
   <trkpt lat="39.5629290" lon="-104.8629710">
    <ele>1769.2</ele>
    <time>2022-12-05T19:23:52Z</time>
   </trkpt>
   <trkpt lat="39.5629280" lon="-104.8629570">
    <ele>1769.2</ele>
    <time>2022-12-05T19:23:53Z</time>
   </trkpt>
   <trkpt lat="39.5629280" lon="-104.8629440">
    <ele>1769.2</ele>
    <time>2022-12-05T19:23:54Z</time>
   </trkpt>
   <trkpt lat="39.5629320" lon="-104.8629260">
    <ele>1769.2</ele>
    <time>2022-12-05T19:23:55Z</time>
   </trkpt>
   <trkpt lat="39.5629380" lon="-104.8629050">
    <ele>1769.1</ele>
    <time>2022-12-05T19:23:56Z</time>
   </trkpt>
   <trkpt lat="39.5629380" lon="-104.8628850">
    <ele>1769.1</ele>
    <time>2022-12-05T19:23:57Z</time>
   </trkpt>
   <trkpt lat="39.5629410" lon="-104.8628660">
    <ele>1769.1</ele>
    <time>2022-12-05T19:23:58Z</time>
   </trkpt>
   <trkpt lat="39.5629430" lon="-104.8628400">
    <ele>1769.1</ele>
    <time>2022-12-05T19:23:59Z</time>
   </trkpt>
   <trkpt lat="39.5629440" lon="-104.8628280">
    <ele>1769.1</ele>
    <time>2022-12-05T19:24:00Z</time>
   </trkpt>
   <trkpt lat="39.5629450" lon="-104.8628170">
    <ele>1769.1</ele>
    <time>2022-12-05T19:24:01Z</time>
   </trkpt>
   <trkpt lat="39.5629580" lon="-104.8627800">
    <ele>1769.0</ele>
    <time>2022-12-05T19:24:02Z</time>
   </trkpt>
   <trkpt lat="39.5629600" lon="-104.8627690">
    <ele>1769.0</ele>
    <time>2022-12-05T19:24:03Z</time>
   </trkpt>
   <trkpt lat="39.5629610" lon="-104.8627470">
    <ele>1769.0</ele>
    <time>2022-12-05T19:24:04Z</time>
   </trkpt>
   <trkpt lat="39.5629590" lon="-104.8627260">
    <ele>1769.0</ele>
    <time>2022-12-05T19:24:05Z</time>
   </trkpt>
   <trkpt lat="39.5629590" lon="-104.8627030">
    <ele>1769.0</ele>
    <time>2022-12-05T19:24:06Z</time>
   </trkpt>
   <trkpt lat="39.5629610" lon="-104.8626860">
    <ele>1768.9</ele>
    <time>2022-12-05T19:24:07Z</time>
   </trkpt>
   <trkpt lat="39.5629640" lon="-104.8626620">
    <ele>1768.9</ele>
    <time>2022-12-05T19:24:08Z</time>
   </trkpt>
   <trkpt lat="39.5629710" lon="-104.8626440">
    <ele>1768.9</ele>
    <time>2022-12-05T19:24:09Z</time>
   </trkpt>
   <trkpt lat="39.5629760" lon="-104.8626180">
    <ele>1768.9</ele>
    <time>2022-12-05T19:24:10Z</time>
   </trkpt>
   <trkpt lat="39.5629810" lon="-104.8626040">
    <ele>1768.9</ele>
    <time>2022-12-05T19:24:11Z</time>
   </trkpt>
   <trkpt lat="39.5629860" lon="-104.8625910">
    <ele>1768.9</ele>
    <time>2022-12-05T19:24:12Z</time>
   </trkpt>
   <trkpt lat="39.5629910" lon="-104.8625740">
    <ele>1768.8</ele>
    <time>2022-12-05T19:24:13Z</time>
   </trkpt>
   <trkpt lat="39.5629930" lon="-104.8625530">
    <ele>1768.8</ele>
    <time>2022-12-05T19:24:14Z</time>
   </trkpt>
   <trkpt lat="39.5629970" lon="-104.8625340">
    <ele>1768.8</ele>
    <time>2022-12-05T19:24:15Z</time>
   </trkpt>
   <trkpt lat="39.5629980" lon="-104.8625170">
    <ele>1768.6</ele>
    <time>2022-12-05T19:24:16Z</time>
   </trkpt>
   <trkpt lat="39.5629940" lon="-104.8625030">
    <ele>1768.5</ele>
    <time>2022-12-05T19:24:17Z</time>
   </trkpt>
   <trkpt lat="39.5629910" lon="-104.8624820">
    <ele>1768.4</ele>
    <time>2022-12-05T19:24:18Z</time>
   </trkpt>
   <trkpt lat="39.5629840" lon="-104.8624460">
    <ele>1768.3</ele>
    <time>2022-12-05T19:24:19Z</time>
   </trkpt>
   <trkpt lat="39.5629820" lon="-104.8624370">
    <ele>1768.3</ele>
    <time>2022-12-05T19:24:20Z</time>
   </trkpt>
   <trkpt lat="39.5629700" lon="-104.8624020">
    <ele>1768.4</ele>
    <time>2022-12-05T19:24:21Z</time>
   </trkpt>
   <trkpt lat="39.5629670" lon="-104.8623900">
    <ele>1768.4</ele>
    <time>2022-12-05T19:24:22Z</time>
   </trkpt>
   <trkpt lat="39.5629640" lon="-104.8623630">
    <ele>1768.4</ele>
    <time>2022-12-05T19:24:23Z</time>
   </trkpt>
   <trkpt lat="39.5629630" lon="-104.8623520">
    <ele>1768.5</ele>
    <time>2022-12-05T19:24:24Z</time>
   </trkpt>
   <trkpt lat="39.5629630" lon="-104.8623410">
    <ele>1768.5</ele>
    <time>2022-12-05T19:24:25Z</time>
   </trkpt>
   <trkpt lat="39.5629680" lon="-104.8623190">
    <ele>1768.5</ele>
    <time>2022-12-05T19:24:26Z</time>
   </trkpt>
   <trkpt lat="39.5629710" lon="-104.8623050">
    <ele>1768.5</ele>
    <time>2022-12-05T19:24:27Z</time>
   </trkpt>
   <trkpt lat="39.5629750" lon="-104.8622880">
    <ele>1768.5</ele>
    <time>2022-12-05T19:24:28Z</time>
   </trkpt>
   <trkpt lat="39.5629730" lon="-104.8622730">
    <ele>1768.6</ele>
    <time>2022-12-05T19:24:29Z</time>
   </trkpt>
   <trkpt lat="39.5629700" lon="-104.8622590">
    <ele>1768.6</ele>
    <time>2022-12-05T19:24:30Z</time>
   </trkpt>
   <trkpt lat="39.5629630" lon="-104.8622520">
    <ele>1768.6</ele>
    <time>2022-12-05T19:24:31Z</time>
   </trkpt>
   <trkpt lat="39.5629550" lon="-104.8622490">
    <ele>1768.6</ele>
    <time>2022-12-05T19:24:32Z</time>
   </trkpt>
   <trkpt lat="39.5629480" lon="-104.8622410">
    <ele>1768.6</ele>
    <time>2022-12-05T19:24:33Z</time>
   </trkpt>
   <trkpt lat="39.5629390" lon="-104.8622370">
    <ele>1768.6</ele>
    <time>2022-12-05T19:24:34Z</time>
   </trkpt>
   <trkpt lat="39.5629320" lon="-104.8622110">
    <ele>1768.6</ele>
    <time>2022-12-05T19:24:35Z</time>
   </trkpt>
   <trkpt lat="39.5629240" lon="-104.8622010">
    <ele>1768.6</ele>
    <time>2022-12-05T19:24:36Z</time>
   </trkpt>
   <trkpt lat="39.5629160" lon="-104.8621900">
    <ele>1768.6</ele>
    <time>2022-12-05T19:24:37Z</time>
   </trkpt>
   <trkpt lat="39.5629120" lon="-104.8621700">
    <ele>1768.6</ele>
    <time>2022-12-05T19:24:38Z</time>
   </trkpt>
   <trkpt lat="39.5628940" lon="-104.8621560">
    <ele>1768.6</ele>
    <time>2022-12-05T19:24:39Z</time>
   </trkpt>
   <trkpt lat="39.5628760" lon="-104.8621480">
    <ele>1768.6</ele>
    <time>2022-12-05T19:24:40Z</time>
   </trkpt>
   <trkpt lat="39.5628670" lon="-104.8621380">
    <ele>1768.6</ele>
    <time>2022-12-05T19:24:41Z</time>
   </trkpt>
   <trkpt lat="39.5628530" lon="-104.8621250">
    <ele>1768.6</ele>
    <time>2022-12-05T19:24:42Z</time>
   </trkpt>
   <trkpt lat="39.5628400" lon="-104.8621140">
    <ele>1768.6</ele>
    <time>2022-12-05T19:24:43Z</time>
   </trkpt>
   <trkpt lat="39.5628290" lon="-104.8621120">
    <ele>1768.6</ele>
    <time>2022-12-05T19:24:44Z</time>
   </trkpt>
   <trkpt lat="39.5628150" lon="-104.8620990">
    <ele>1768.6</ele>
    <time>2022-12-05T19:24:45Z</time>
   </trkpt>
   <trkpt lat="39.5628010" lon="-104.8620850">
    <ele>1768.6</ele>
    <time>2022-12-05T19:24:46Z</time>
   </trkpt>
   <trkpt lat="39.5627890" lon="-104.8620790">
    <ele>1768.6</ele>
    <time>2022-12-05T19:24:47Z</time>
   </trkpt>
   <trkpt lat="39.5627770" lon="-104.8620710">
    <ele>1768.6</ele>
    <time>2022-12-05T19:24:48Z</time>
   </trkpt>
   <trkpt lat="39.5627610" lon="-104.8620610">
    <ele>1768.6</ele>
    <time>2022-12-05T19:24:49Z</time>
   </trkpt>
   <trkpt lat="39.5627450" lon="-104.8620540">
    <ele>1768.6</ele>
    <time>2022-12-05T19:24:50Z</time>
   </trkpt>
   <trkpt lat="39.5627320" lon="-104.8620440">
    <ele>1768.6</ele>
    <time>2022-12-05T19:24:51Z</time>
   </trkpt>
   <trkpt lat="39.5627140" lon="-104.8620270">
    <ele>1768.6</ele>
    <time>2022-12-05T19:24:52Z</time>
   </trkpt>
   <trkpt lat="39.5627060" lon="-104.8620230">
    <ele>1768.6</ele>
    <time>2022-12-05T19:24:53Z</time>
   </trkpt>
   <trkpt lat="39.5626990" lon="-104.8620180">
    <ele>1768.6</ele>
    <time>2022-12-05T19:24:54Z</time>
   </trkpt>
   <trkpt lat="39.5626850" lon="-104.8620120">
    <ele>1768.6</ele>
    <time>2022-12-05T19:24:55Z</time>
   </trkpt>
   <trkpt lat="39.5626680" lon="-104.8620080">
    <ele>1768.6</ele>
    <time>2022-12-05T19:24:56Z</time>
   </trkpt>
   <trkpt lat="39.5626510" lon="-104.8619980">
    <ele>1768.6</ele>
    <time>2022-12-05T19:24:57Z</time>
   </trkpt>
   <trkpt lat="39.5626390" lon="-104.8619910">
    <ele>1768.6</ele>
    <time>2022-12-05T19:24:58Z</time>
   </trkpt>
   <trkpt lat="39.5626250" lon="-104.8619910">
    <ele>1768.6</ele>
    <time>2022-12-05T19:24:59Z</time>
   </trkpt>
   <trkpt lat="39.5626120" lon="-104.8619880">
    <ele>1768.6</ele>
    <time>2022-12-05T19:25:00Z</time>
   </trkpt>
   <trkpt lat="39.5626040" lon="-104.8619940">
    <ele>1768.6</ele>
    <time>2022-12-05T19:25:01Z</time>
   </trkpt>
   <trkpt lat="39.5625850" lon="-104.8620090">
    <ele>1768.6</ele>
    <time>2022-12-05T19:25:02Z</time>
   </trkpt>
   <trkpt lat="39.5625760" lon="-104.8620150">
    <ele>1768.6</ele>
    <time>2022-12-05T19:25:03Z</time>
   </trkpt>
   <trkpt lat="39.5625670" lon="-104.8620220">
    <ele>1768.6</ele>
    <time>2022-12-05T19:25:04Z</time>
   </trkpt>
   <trkpt lat="39.5625550" lon="-104.8620310">
    <ele>1768.6</ele>
    <time>2022-12-05T19:25:05Z</time>
   </trkpt>
   <trkpt lat="39.5625410" lon="-104.8620390">
    <ele>1768.6</ele>
    <time>2022-12-05T19:25:06Z</time>
   </trkpt>
   <trkpt lat="39.5625330" lon="-104.8620460">
    <ele>1768.6</ele>
    <time>2022-12-05T19:25:07Z</time>
   </trkpt>
   <trkpt lat="39.5625220" lon="-104.8620500">
    <ele>1768.6</ele>
    <time>2022-12-05T19:25:08Z</time>
   </trkpt>
   <trkpt lat="39.5625160" lon="-104.8620590">
    <ele>1768.6</ele>
    <time>2022-12-05T19:25:09Z</time>
   </trkpt>
   <trkpt lat="39.5625030" lon="-104.8620740">
    <ele>1768.6</ele>
    <time>2022-12-05T19:25:10Z</time>
   </trkpt>
   <trkpt lat="39.5624920" lon="-104.8620860">
    <ele>1768.6</ele>
    <time>2022-12-05T19:25:11Z</time>
   </trkpt>
   <trkpt lat="39.5624740" lon="-104.8621040">
    <ele>1768.6</ele>
    <time>2022-12-05T19:25:12Z</time>
   </trkpt>
   <trkpt lat="39.5624660" lon="-104.8621110">
    <ele>1768.6</ele>
    <time>2022-12-05T19:25:13Z</time>
   </trkpt>
   <trkpt lat="39.5624590" lon="-104.8621180">
    <ele>1768.6</ele>
    <time>2022-12-05T19:25:14Z</time>
   </trkpt>
   <trkpt lat="39.5624500" lon="-104.8621270">
    <ele>1768.6</ele>
    <time>2022-12-05T19:25:15Z</time>
   </trkpt>
   <trkpt lat="39.5624340" lon="-104.8621310">
    <ele>1768.6</ele>
    <time>2022-12-05T19:25:16Z</time>
   </trkpt>
   <trkpt lat="39.5624280" lon="-104.8621340">
    <ele>1768.6</ele>
    <time>2022-12-05T19:25:17Z</time>
   </trkpt>
   <trkpt lat="39.5624130" lon="-104.8621560">
    <ele>1768.6</ele>
    <time>2022-12-05T19:25:18Z</time>
   </trkpt>
   <trkpt lat="39.5624050" lon="-104.8621630">
    <ele>1768.6</ele>
    <time>2022-12-05T19:25:19Z</time>
   </trkpt>
   <trkpt lat="39.5623970" lon="-104.8621710">
    <ele>1768.6</ele>
    <time>2022-12-05T19:25:20Z</time>
   </trkpt>
   <trkpt lat="39.5623800" lon="-104.8621900">
    <ele>1768.6</ele>
    <time>2022-12-05T19:25:21Z</time>
   </trkpt>
   <trkpt lat="39.5623730" lon="-104.8621990">
    <ele>1768.6</ele>
    <time>2022-12-05T19:25:22Z</time>
   </trkpt>
   <trkpt lat="39.5623650" lon="-104.8622070">
    <ele>1768.6</ele>
    <time>2022-12-05T19:25:23Z</time>
   </trkpt>
   <trkpt lat="39.5623550" lon="-104.8622150">
    <ele>1768.6</ele>
    <time>2022-12-05T19:25:24Z</time>
   </trkpt>
   <trkpt lat="39.5623500" lon="-104.8622230">
    <ele>1768.6</ele>
    <time>2022-12-05T19:25:25Z</time>
   </trkpt>
   <trkpt lat="39.5623420" lon="-104.8622390">
    <ele>1768.6</ele>
    <time>2022-12-05T19:25:26Z</time>
   </trkpt>
   <trkpt lat="39.5623290" lon="-104.8622470">
    <ele>1768.6</ele>
    <time>2022-12-05T19:25:27Z</time>
   </trkpt>
   <trkpt lat="39.5623180" lon="-104.8622550">
    <ele>1768.6</ele>
    <time>2022-12-05T19:25:28Z</time>
   </trkpt>
   <trkpt lat="39.5623080" lon="-104.8622620">
    <ele>1768.6</ele>
    <time>2022-12-05T19:25:29Z</time>
   </trkpt>
   <trkpt lat="39.5622920" lon="-104.8622730">
    <ele>1768.6</ele>
    <time>2022-12-05T19:25:30Z</time>
   </trkpt>
   <trkpt lat="39.5622710" lon="-104.8622850">
    <ele>1768.6</ele>
    <time>2022-12-05T19:25:31Z</time>
   </trkpt>
   <trkpt lat="39.5622650" lon="-104.8622890">
    <ele>1768.6</ele>
    <time>2022-12-05T19:25:32Z</time>
   </trkpt>
   <trkpt lat="39.5622580" lon="-104.8622920">
    <ele>1768.6</ele>
    <time>2022-12-05T19:25:33Z</time>
   </trkpt>
   <trkpt lat="39.5622470" lon="-104.8622990">
    <ele>1768.6</ele>
    <time>2022-12-05T19:25:34Z</time>
   </trkpt>
   <trkpt lat="39.5622420" lon="-104.8623000">
    <ele>1768.6</ele>
    <time>2022-12-05T19:25:35Z</time>
   </trkpt>
   <trkpt lat="39.5622340" lon="-104.8623050">
    <ele>1768.6</ele>
    <time>2022-12-05T19:25:36Z</time>
   </trkpt>
   <trkpt lat="39.5622280" lon="-104.8623140">
    <ele>1768.7</ele>
    <time>2022-12-05T19:25:37Z</time>
   </trkpt>
   <trkpt lat="39.5622190" lon="-104.8623270">
    <ele>1768.7</ele>
    <time>2022-12-05T19:25:38Z</time>
   </trkpt>
   <trkpt lat="39.5622120" lon="-104.8623400">
    <ele>1768.7</ele>
    <time>2022-12-05T19:25:39Z</time>
   </trkpt>
   <trkpt lat="39.5622060" lon="-104.8623370">
    <ele>1768.7</ele>
    <time>2022-12-05T19:25:40Z</time>
   </trkpt>
   <trkpt lat="39.5621970" lon="-104.8623420">
    <ele>1768.7</ele>
    <time>2022-12-05T19:25:41Z</time>
   </trkpt>
   <trkpt lat="39.5621850" lon="-104.8623500">
    <ele>1768.7</ele>
    <time>2022-12-05T19:25:42Z</time>
   </trkpt>
   <trkpt lat="39.5621810" lon="-104.8623560">
    <ele>1768.7</ele>
    <time>2022-12-05T19:25:43Z</time>
   </trkpt>
   <trkpt lat="39.5621860" lon="-104.8623610">
    <ele>1768.7</ele>
    <time>2022-12-05T19:25:44Z</time>
   </trkpt>
   <trkpt lat="39.5621810" lon="-104.8623650">
    <ele>1768.7</ele>
    <time>2022-12-05T19:25:45Z</time>
   </trkpt>
   <trkpt lat="39.5621720" lon="-104.8623820">
    <ele>1768.8</ele>
    <time>2022-12-05T19:25:46Z</time>
   </trkpt>
   <trkpt lat="39.5621620" lon="-104.8623950">
    <ele>1768.8</ele>
    <time>2022-12-05T19:25:47Z</time>
   </trkpt>
   <trkpt lat="39.5621510" lon="-104.8624020">
    <ele>1768.8</ele>
    <time>2022-12-05T19:25:48Z</time>
   </trkpt>
   <trkpt lat="39.5621360" lon="-104.8624210">
    <ele>1768.8</ele>
    <time>2022-12-05T19:25:49Z</time>
   </trkpt>
   <trkpt lat="39.5621270" lon="-104.8624370">
    <ele>1768.8</ele>
    <time>2022-12-05T19:25:50Z</time>
   </trkpt>
   <trkpt lat="39.5621180" lon="-104.8624520">
    <ele>1768.8</ele>
    <time>2022-12-05T19:25:51Z</time>
   </trkpt>
   <trkpt lat="39.5621120" lon="-104.8624690">
    <ele>1768.9</ele>
    <time>2022-12-05T19:25:52Z</time>
   </trkpt>
   <trkpt lat="39.5621060" lon="-104.8624850">
    <ele>1768.9</ele>
    <time>2022-12-05T19:25:53Z</time>
   </trkpt>
   <trkpt lat="39.5621050" lon="-104.8624940">
    <ele>1768.9</ele>
    <time>2022-12-05T19:25:54Z</time>
   </trkpt>
   <trkpt lat="39.5621020" lon="-104.8625080">
    <ele>1768.9</ele>
    <time>2022-12-05T19:25:55Z</time>
   </trkpt>
   <trkpt lat="39.5620990" lon="-104.8625240">
    <ele>1768.9</ele>
    <time>2022-12-05T19:25:56Z</time>
   </trkpt>
   <trkpt lat="39.5620950" lon="-104.8625350">
    <ele>1768.9</ele>
    <time>2022-12-05T19:25:57Z</time>
   </trkpt>
   <trkpt lat="39.5620950" lon="-104.8625490">
    <ele>1768.9</ele>
    <time>2022-12-05T19:25:58Z</time>
   </trkpt>
   <trkpt lat="39.5620930" lon="-104.8625650">
    <ele>1768.9</ele>
    <time>2022-12-05T19:25:59Z</time>
   </trkpt>
   <trkpt lat="39.5620950" lon="-104.8625830">
    <ele>1768.9</ele>
    <time>2022-12-05T19:26:00Z</time>
   </trkpt>
   <trkpt lat="39.5620970" lon="-104.8626020">
    <ele>1769.0</ele>
    <time>2022-12-05T19:26:01Z</time>
   </trkpt>
   <trkpt lat="39.5620950" lon="-104.8626240">
    <ele>1769.0</ele>
    <time>2022-12-05T19:26:02Z</time>
   </trkpt>
   <trkpt lat="39.5620910" lon="-104.8626430">
    <ele>1769.0</ele>
    <time>2022-12-05T19:26:03Z</time>
   </trkpt>
   <trkpt lat="39.5620880" lon="-104.8626700">
    <ele>1769.0</ele>
    <time>2022-12-05T19:26:04Z</time>
   </trkpt>
   <trkpt lat="39.5620880" lon="-104.8626800">
    <ele>1769.0</ele>
    <time>2022-12-05T19:26:05Z</time>
   </trkpt>
   <trkpt lat="39.5620870" lon="-104.8626900">
    <ele>1769.0</ele>
    <time>2022-12-05T19:26:06Z</time>
   </trkpt>
   <trkpt lat="39.5620870" lon="-104.8627080">
    <ele>1769.0</ele>
    <time>2022-12-05T19:26:07Z</time>
   </trkpt>
   <trkpt lat="39.5620830" lon="-104.8627230">
    <ele>1769.0</ele>
    <time>2022-12-05T19:26:08Z</time>
   </trkpt>
   <trkpt lat="39.5620830" lon="-104.8627280">
    <ele>1769.0</ele>
    <time>2022-12-05T19:26:09Z</time>
   </trkpt>
   <trkpt lat="39.5620880" lon="-104.8627230">
    <ele>1769.0</ele>
    <time>2022-12-05T19:26:10Z</time>
   </trkpt>
   <trkpt lat="39.5620870" lon="-104.8627220">
    <ele>1769.0</ele>
    <time>2022-12-05T19:26:11Z</time>
   </trkpt>
   <trkpt lat="39.5620870" lon="-104.8627220">
    <ele>1769.0</ele>
    <time>2022-12-05T19:26:12Z</time>
   </trkpt>
   <trkpt lat="39.5620890" lon="-104.8627180">
    <ele>1769.0</ele>
    <time>2022-12-05T19:26:13Z</time>
   </trkpt>
   <trkpt lat="39.5620890" lon="-104.8627180">
    <ele>1769.0</ele>
    <time>2022-12-05T19:26:14Z</time>
   </trkpt>
   <trkpt lat="39.5620940" lon="-104.8627230">
    <ele>1769.0</ele>
    <time>2022-12-05T19:26:15Z</time>
   </trkpt>
   <trkpt lat="39.5620930" lon="-104.8627370">
    <ele>1769.0</ele>
    <time>2022-12-05T19:26:16Z</time>
   </trkpt>
   <trkpt lat="39.5620990" lon="-104.8627630">
    <ele>1769.0</ele>
    <time>2022-12-05T19:26:17Z</time>
   </trkpt>
   <trkpt lat="39.5621050" lon="-104.8627810">
    <ele>1769.1</ele>
    <time>2022-12-05T19:26:18Z</time>
   </trkpt>
   <trkpt lat="39.5621090" lon="-104.8627950">
    <ele>1769.1</ele>
    <time>2022-12-05T19:26:19Z</time>
   </trkpt>
   <trkpt lat="39.5621120" lon="-104.8628120">
    <ele>1769.1</ele>
    <time>2022-12-05T19:26:20Z</time>
   </trkpt>
   <trkpt lat="39.5621110" lon="-104.8628330">
    <ele>1769.1</ele>
    <time>2022-12-05T19:26:21Z</time>
   </trkpt>
   <trkpt lat="39.5621160" lon="-104.8628640">
    <ele>1769.1</ele>
    <time>2022-12-05T19:26:22Z</time>
   </trkpt>
   <trkpt lat="39.5621170" lon="-104.8628770">
    <ele>1769.1</ele>
    <time>2022-12-05T19:26:23Z</time>
   </trkpt>
   <trkpt lat="39.5621190" lon="-104.8628890">
    <ele>1769.1</ele>
    <time>2022-12-05T19:26:24Z</time>
   </trkpt>
   <trkpt lat="39.5621240" lon="-104.8629060">
    <ele>1769.1</ele>
    <time>2022-12-05T19:26:25Z</time>
   </trkpt>
   <trkpt lat="39.5621280" lon="-104.8629240">
    <ele>1769.1</ele>
    <time>2022-12-05T19:26:26Z</time>
   </trkpt>
   <trkpt lat="39.5621230" lon="-104.8629450">
    <ele>1769.1</ele>
    <time>2022-12-05T19:26:27Z</time>
   </trkpt>
   <trkpt lat="39.5621220" lon="-104.8629610">
    <ele>1769.1</ele>
    <time>2022-12-05T19:26:28Z</time>
   </trkpt>
   <trkpt lat="39.5621280" lon="-104.8629730">
    <ele>1769.2</ele>
    <time>2022-12-05T19:26:29Z</time>
   </trkpt>
   <trkpt lat="39.5621340" lon="-104.8629840">
    <ele>1769.2</ele>
    <time>2022-12-05T19:26:30Z</time>
   </trkpt>
   <trkpt lat="39.5621380" lon="-104.8629940">
    <ele>1769.2</ele>
    <time>2022-12-05T19:26:31Z</time>
   </trkpt>
   <trkpt lat="39.5621400" lon="-104.8629950">
    <ele>1769.2</ele>
    <time>2022-12-05T19:26:32Z</time>
   </trkpt>
   <trkpt lat="39.5621390" lon="-104.8629930">
    <ele>1769.2</ele>
    <time>2022-12-05T19:26:33Z</time>
   </trkpt>
   <trkpt lat="39.5621350" lon="-104.8629930">
    <ele>1769.2</ele>
    <time>2022-12-05T19:26:34Z</time>
   </trkpt>
   <trkpt lat="39.5621430" lon="-104.8630070">
    <ele>1769.2</ele>
    <time>2022-12-05T19:26:35Z</time>
   </trkpt>
   <trkpt lat="39.5621500" lon="-104.8630300">
    <ele>1769.2</ele>
    <time>2022-12-05T19:26:36Z</time>
   </trkpt>
   <trkpt lat="39.5621610" lon="-104.8630460">
    <ele>1769.3</ele>
    <time>2022-12-05T19:26:37Z</time>
   </trkpt>
   <trkpt lat="39.5621700" lon="-104.8630620">
    <ele>1769.3</ele>
    <time>2022-12-05T19:26:38Z</time>
   </trkpt>
   <trkpt lat="39.5621810" lon="-104.8630750">
    <ele>1769.3</ele>
    <time>2022-12-05T19:26:39Z</time>
   </trkpt>
   <trkpt lat="39.5621960" lon="-104.8630760">
    <ele>1769.3</ele>
    <time>2022-12-05T19:26:40Z</time>
   </trkpt>
   <trkpt lat="39.5622110" lon="-104.8630820">
    <ele>1769.4</ele>
    <time>2022-12-05T19:26:41Z</time>
   </trkpt>
   <trkpt lat="39.5622260" lon="-104.8630900">
    <ele>1769.4</ele>
    <time>2022-12-05T19:26:42Z</time>
   </trkpt>
   <trkpt lat="39.5622340" lon="-104.8630960">
    <ele>1769.4</ele>
    <time>2022-12-05T19:26:43Z</time>
   </trkpt>
   <trkpt lat="39.5622430" lon="-104.8630960">
    <ele>1769.4</ele>
    <time>2022-12-05T19:26:44Z</time>
   </trkpt>
   <trkpt lat="39.5622490" lon="-104.8630960">
    <ele>1769.4</ele>
    <time>2022-12-05T19:26:45Z</time>
   </trkpt>
   <trkpt lat="39.5622510" lon="-104.8630940">
    <ele>1769.4</ele>
    <time>2022-12-05T19:26:46Z</time>
   </trkpt>
   <trkpt lat="39.5622600" lon="-104.8630960">
    <ele>1769.4</ele>
    <time>2022-12-05T19:26:47Z</time>
   </trkpt>
   <trkpt lat="39.5622720" lon="-104.8631070">
    <ele>1769.4</ele>
    <time>2022-12-05T19:26:48Z</time>
   </trkpt>
   <trkpt lat="39.5622710" lon="-104.8631170">
    <ele>1769.5</ele>
    <time>2022-12-05T19:26:49Z</time>
   </trkpt>
   <trkpt lat="39.5622700" lon="-104.8631270">
    <ele>1769.5</ele>
    <time>2022-12-05T19:26:50Z</time>
   </trkpt>
   <trkpt lat="39.5622690" lon="-104.8631370">
    <ele>1769.5</ele>
    <time>2022-12-05T19:26:51Z</time>
   </trkpt>
   <trkpt lat="39.5622680" lon="-104.8631470">
    <ele>1769.5</ele>
    <time>2022-12-05T19:26:52Z</time>
   </trkpt>
   <trkpt lat="39.5622790" lon="-104.8631530">
    <ele>1769.5</ele>
    <time>2022-12-05T19:26:53Z</time>
   </trkpt>
   <trkpt lat="39.5622760" lon="-104.8631530">
    <ele>1769.5</ele>
    <time>2022-12-05T19:26:54Z</time>
   </trkpt>
   <trkpt lat="39.5622800" lon="-104.8631590">
    <ele>1769.5</ele>
    <time>2022-12-05T19:26:55Z</time>
   </trkpt>
   <trkpt lat="39.5622930" lon="-104.8631630">
    <ele>1769.5</ele>
    <time>2022-12-05T19:26:56Z</time>
   </trkpt>
   <trkpt lat="39.5623250" lon="-104.8631630">
    <ele>1769.5</ele>
    <time>2022-12-05T19:26:57Z</time>
   </trkpt>
   <trkpt lat="39.5623340" lon="-104.8631650">
    <ele>1769.6</ele>
    <time>2022-12-05T19:26:58Z</time>
   </trkpt>
   <trkpt lat="39.5623510" lon="-104.8631680">
    <ele>1769.6</ele>
    <time>2022-12-05T19:26:59Z</time>
   </trkpt>
   <trkpt lat="39.5623690" lon="-104.8631670">
    <ele>1769.6</ele>
    <time>2022-12-05T19:27:00Z</time>
   </trkpt>
   <trkpt lat="39.5623860" lon="-104.8631680">
    <ele>1769.6</ele>
    <time>2022-12-05T19:27:01Z</time>
   </trkpt>
   <trkpt lat="39.5624050" lon="-104.8631650">
    <ele>1769.6</ele>
    <time>2022-12-05T19:27:02Z</time>
   </trkpt>
   <trkpt lat="39.5624330" lon="-104.8631620">
    <ele>1769.6</ele>
    <time>2022-12-05T19:27:03Z</time>
   </trkpt>
   <trkpt lat="39.5624430" lon="-104.8631620">
    <ele>1769.6</ele>
    <time>2022-12-05T19:27:04Z</time>
   </trkpt>
   <trkpt lat="39.5624560" lon="-104.8631650">
    <ele>1769.6</ele>
    <time>2022-12-05T19:27:05Z</time>
   </trkpt>
   <trkpt lat="39.5624650" lon="-104.8631690">
    <ele>1769.6</ele>
    <time>2022-12-05T19:27:06Z</time>
   </trkpt>
   <trkpt lat="39.5624720" lon="-104.8631730">
    <ele>1769.6</ele>
    <time>2022-12-05T19:27:07Z</time>
   </trkpt>
   <trkpt lat="39.5624840" lon="-104.8631710">
    <ele>1769.6</ele>
    <time>2022-12-05T19:27:08Z</time>
   </trkpt>
   <trkpt lat="39.5624930" lon="-104.8631800">
    <ele>1769.6</ele>
    <time>2022-12-05T19:27:09Z</time>
   </trkpt>
   <trkpt lat="39.5625010" lon="-104.8631770">
    <ele>1769.6</ele>
    <time>2022-12-05T19:27:10Z</time>
   </trkpt>
   <trkpt lat="39.5625160" lon="-104.8631690">
    <ele>1769.6</ele>
    <time>2022-12-05T19:27:11Z</time>
   </trkpt>
   <trkpt lat="39.5625300" lon="-104.8631690">
    <ele>1769.6</ele>
    <time>2022-12-05T19:27:12Z</time>
   </trkpt>
   <trkpt lat="39.5625480" lon="-104.8631690">
    <ele>1769.6</ele>
    <time>2022-12-05T19:27:13Z</time>
   </trkpt>
   <trkpt lat="39.5625650" lon="-104.8631680">
    <ele>1769.6</ele>
    <time>2022-12-05T19:27:14Z</time>
   </trkpt>
   <trkpt lat="39.5625720" lon="-104.8631650">
    <ele>1769.6</ele>
    <time>2022-12-05T19:27:15Z</time>
   </trkpt>
   <trkpt lat="39.5625820" lon="-104.8631650">
    <ele>1769.6</ele>
    <time>2022-12-05T19:27:16Z</time>
   </trkpt>
   <trkpt lat="39.5625950" lon="-104.8631680">
    <ele>1769.5</ele>
    <time>2022-12-05T19:27:17Z</time>
   </trkpt>
   <trkpt lat="39.5626060" lon="-104.8631640">
    <ele>1769.5</ele>
    <time>2022-12-05T19:27:18Z</time>
   </trkpt>
   <trkpt lat="39.5626240" lon="-104.8631600">
    <ele>1769.5</ele>
    <time>2022-12-05T19:27:19Z</time>
   </trkpt>
   <trkpt lat="39.5626530" lon="-104.8631590">
    <ele>1769.5</ele>
    <time>2022-12-05T19:27:20Z</time>
   </trkpt>
   <trkpt lat="39.5626630" lon="-104.8631590">
    <ele>1769.5</ele>
    <time>2022-12-05T19:27:21Z</time>
   </trkpt>
   <trkpt lat="39.5626810" lon="-104.8631550">
    <ele>1769.5</ele>
    <time>2022-12-05T19:27:22Z</time>
   </trkpt>
   <trkpt lat="39.5626950" lon="-104.8631550">
    <ele>1769.5</ele>
    <time>2022-12-05T19:27:23Z</time>
   </trkpt>
   <trkpt lat="39.5627240" lon="-104.8631630">
    <ele>1769.4</ele>
    <time>2022-12-05T19:27:24Z</time>
   </trkpt>
   <trkpt lat="39.5627320" lon="-104.8631640">
    <ele>1769.4</ele>
    <time>2022-12-05T19:27:25Z</time>
   </trkpt>
   <trkpt lat="39.5627470" lon="-104.8631620">
    <ele>1769.4</ele>
    <time>2022-12-05T19:27:26Z</time>
   </trkpt>
   <trkpt lat="39.5627610" lon="-104.8631640">
    <ele>1769.4</ele>
    <time>2022-12-05T19:27:27Z</time>
   </trkpt>
   <trkpt lat="39.5627780" lon="-104.8631620">
    <ele>1769.4</ele>
    <time>2022-12-05T19:27:28Z</time>
   </trkpt>
   <trkpt lat="39.5627950" lon="-104.8631530">
    <ele>1769.4</ele>
    <time>2022-12-05T19:27:29Z</time>
   </trkpt>
   <trkpt lat="39.5628100" lon="-104.8631440">
    <ele>1769.4</ele>
    <time>2022-12-05T19:27:30Z</time>
   </trkpt>
   <trkpt lat="39.5628240" lon="-104.8631280">
    <ele>1769.3</ele>
    <time>2022-12-05T19:27:31Z</time>
   </trkpt>
   <trkpt lat="39.5628540" lon="-104.8630990">
    <ele>1769.3</ele>
    <time>2022-12-05T19:27:32Z</time>
   </trkpt>
   <trkpt lat="39.5628640" lon="-104.8630910">
    <ele>1769.3</ele>
    <time>2022-12-05T19:27:33Z</time>
   </trkpt>
   <trkpt lat="39.5628770" lon="-104.8630730">
    <ele>1769.3</ele>
    <time>2022-12-05T19:27:34Z</time>
   </trkpt>
   <trkpt lat="39.5628850" lon="-104.8630650">
    <ele>1769.3</ele>
    <time>2022-12-05T19:27:35Z</time>
   </trkpt>
   <trkpt lat="39.5628930" lon="-104.8630570">
    <ele>1769.3</ele>
    <time>2022-12-05T19:27:36Z</time>
   </trkpt>
   <trkpt lat="39.5629070" lon="-104.8630430">
    <ele>1769.2</ele>
    <time>2022-12-05T19:27:37Z</time>
   </trkpt>
   <trkpt lat="39.5629090" lon="-104.8630350">
    <ele>1769.2</ele>
    <time>2022-12-05T19:27:38Z</time>
   </trkpt>
   <trkpt lat="39.5629090" lon="-104.8630230">
    <ele>1769.2</ele>
    <time>2022-12-05T19:27:39Z</time>
   </trkpt>
   <trkpt lat="39.5629110" lon="-104.8630090">
    <ele>1769.2</ele>
    <time>2022-12-05T19:27:40Z</time>
   </trkpt>
   <trkpt lat="39.5629190" lon="-104.8629960">
    <ele>1769.2</ele>
    <time>2022-12-05T19:27:41Z</time>
   </trkpt>
   <trkpt lat="39.5629220" lon="-104.8629880">
    <ele>1769.2</ele>
    <time>2022-12-05T19:27:42Z</time>
   </trkpt>
   <trkpt lat="39.5629250" lon="-104.8629720">
    <ele>1769.2</ele>
    <time>2022-12-05T19:27:43Z</time>
   </trkpt>
   <trkpt lat="39.5629310" lon="-104.8629480">
    <ele>1769.2</ele>
    <time>2022-12-05T19:27:44Z</time>
   </trkpt>
   <trkpt lat="39.5629330" lon="-104.8629250">
    <ele>1769.1</ele>
    <time>2022-12-05T19:27:45Z</time>
   </trkpt>
   <trkpt lat="39.5629320" lon="-104.8629110">
    <ele>1769.1</ele>
    <time>2022-12-05T19:27:46Z</time>
   </trkpt>
   <trkpt lat="39.5629330" lon="-104.8628860">
    <ele>1769.1</ele>
    <time>2022-12-05T19:27:47Z</time>
   </trkpt>
   <trkpt lat="39.5629340" lon="-104.8628730">
    <ele>1769.1</ele>
    <time>2022-12-05T19:27:48Z</time>
   </trkpt>
   <trkpt lat="39.5629360" lon="-104.8628610">
    <ele>1769.1</ele>
    <time>2022-12-05T19:27:49Z</time>
   </trkpt>
   <trkpt lat="39.5629480" lon="-104.8628280">
    <ele>1769.1</ele>
    <time>2022-12-05T19:27:50Z</time>
   </trkpt>
   <trkpt lat="39.5629520" lon="-104.8628110">
    <ele>1769.0</ele>
    <time>2022-12-05T19:27:51Z</time>
   </trkpt>
   <trkpt lat="39.5629580" lon="-104.8627740">
    <ele>1769.0</ele>
    <time>2022-12-05T19:27:52Z</time>
   </trkpt>
   <trkpt lat="39.5629590" lon="-104.8627620">
    <ele>1769.0</ele>
    <time>2022-12-05T19:27:53Z</time>
   </trkpt>
   <trkpt lat="39.5629620" lon="-104.8627150">
    <ele>1769.0</ele>
    <time>2022-12-05T19:27:54Z</time>
   </trkpt>
   <trkpt lat="39.5629620" lon="-104.8627010">
    <ele>1769.0</ele>
    <time>2022-12-05T19:27:55Z</time>
   </trkpt>
   <trkpt lat="39.5629700" lon="-104.8626620">
    <ele>1768.9</ele>
    <time>2022-12-05T19:27:56Z</time>
   </trkpt>
   <trkpt lat="39.5629750" lon="-104.8626510">
    <ele>1768.9</ele>
    <time>2022-12-05T19:27:57Z</time>
   </trkpt>
   <trkpt lat="39.5629740" lon="-104.8626350">
    <ele>1768.9</ele>
    <time>2022-12-05T19:27:58Z</time>
   </trkpt>
   <trkpt lat="39.5629780" lon="-104.8626210">
    <ele>1768.9</ele>
    <time>2022-12-05T19:27:59Z</time>
   </trkpt>
   <trkpt lat="39.5629770" lon="-104.8626120">
    <ele>1768.9</ele>
    <time>2022-12-05T19:28:00Z</time>
   </trkpt>
   <trkpt lat="39.5629840" lon="-104.8625920">
    <ele>1768.9</ele>
    <time>2022-12-05T19:28:01Z</time>
   </trkpt>
   <trkpt lat="39.5629890" lon="-104.8625680">
    <ele>1768.8</ele>
    <time>2022-12-05T19:28:02Z</time>
   </trkpt>
   <trkpt lat="39.5630040" lon="-104.8625380">
    <ele>1768.8</ele>
    <time>2022-12-05T19:28:03Z</time>
   </trkpt>
   <trkpt lat="39.5630080" lon="-104.8625280">
    <ele>1768.8</ele>
    <time>2022-12-05T19:28:04Z</time>
   </trkpt>
   <trkpt lat="39.5630050" lon="-104.8625090">
    <ele>1768.6</ele>
    <time>2022-12-05T19:28:05Z</time>
   </trkpt>
   <trkpt lat="39.5629990" lon="-104.8624910">
    <ele>1768.5</ele>
    <time>2022-12-05T19:28:06Z</time>
   </trkpt>
   <trkpt lat="39.5629970" lon="-104.8624740">
    <ele>1768.4</ele>
    <time>2022-12-05T19:28:07Z</time>
   </trkpt>
   <trkpt lat="39.5629920" lon="-104.8624490">
    <ele>1768.3</ele>
    <time>2022-12-05T19:28:08Z</time>
   </trkpt>
   <trkpt lat="39.5629900" lon="-104.8624330">
    <ele>1768.3</ele>
    <time>2022-12-05T19:28:09Z</time>
   </trkpt>
   <trkpt lat="39.5629850" lon="-104.8624140">
    <ele>1768.4</ele>
    <time>2022-12-05T19:28:10Z</time>
   </trkpt>
   <trkpt lat="39.5629850" lon="-104.8623860">
    <ele>1768.4</ele>
    <time>2022-12-05T19:28:11Z</time>
   </trkpt>
   <trkpt lat="39.5629860" lon="-104.8623760">
    <ele>1768.4</ele>
    <time>2022-12-05T19:28:12Z</time>
   </trkpt>
   <trkpt lat="39.5629880" lon="-104.8623650">
    <ele>1768.4</ele>
    <time>2022-12-05T19:28:13Z</time>
   </trkpt>
   <trkpt lat="39.5629820" lon="-104.8623520">
    <ele>1768.5</ele>
    <time>2022-12-05T19:28:14Z</time>
   </trkpt>
   <trkpt lat="39.5629800" lon="-104.8623290">
    <ele>1768.5</ele>
    <time>2022-12-05T19:28:15Z</time>
   </trkpt>
   <trkpt lat="39.5629740" lon="-104.8623040">
    <ele>1768.5</ele>
    <time>2022-12-05T19:28:16Z</time>
   </trkpt>
   <trkpt lat="39.5629730" lon="-104.8622930">
    <ele>1768.5</ele>
    <time>2022-12-05T19:28:17Z</time>
   </trkpt>
   <trkpt lat="39.5629720" lon="-104.8622820">
    <ele>1768.6</ele>
    <time>2022-12-05T19:28:18Z</time>
   </trkpt>
   <trkpt lat="39.5629690" lon="-104.8622680">
    <ele>1768.6</ele>
    <time>2022-12-05T19:28:19Z</time>
   </trkpt>
   <trkpt lat="39.5629630" lon="-104.8622590">
    <ele>1768.6</ele>
    <time>2022-12-05T19:28:20Z</time>
   </trkpt>
   <trkpt lat="39.5629550" lon="-104.8622500">
    <ele>1768.6</ele>
    <time>2022-12-05T19:28:21Z</time>
   </trkpt>
   <trkpt lat="39.5629390" lon="-104.8622330">
    <ele>1768.6</ele>
    <time>2022-12-05T19:28:22Z</time>
   </trkpt>
   <trkpt lat="39.5629320" lon="-104.8622250">
    <ele>1768.6</ele>
    <time>2022-12-05T19:28:23Z</time>
   </trkpt>
   <trkpt lat="39.5629260" lon="-104.8622180">
    <ele>1768.6</ele>
    <time>2022-12-05T19:28:24Z</time>
   </trkpt>
   <trkpt lat="39.5629120" lon="-104.8621980">
    <ele>1768.6</ele>
    <time>2022-12-05T19:28:25Z</time>
   </trkpt>
   <trkpt lat="39.5629050" lon="-104.8621910">
    <ele>1768.6</ele>
    <time>2022-12-05T19:28:26Z</time>
   </trkpt>
   <trkpt lat="39.5628980" lon="-104.8621840">
    <ele>1768.6</ele>
    <time>2022-12-05T19:28:27Z</time>
   </trkpt>
   <trkpt lat="39.5628840" lon="-104.8621650">
    <ele>1768.6</ele>
    <time>2022-12-05T19:28:28Z</time>
   </trkpt>
   <trkpt lat="39.5628770" lon="-104.8621550">
    <ele>1768.6</ele>
    <time>2022-12-05T19:28:29Z</time>
   </trkpt>
   <trkpt lat="39.5628710" lon="-104.8621450">
    <ele>1768.6</ele>
    <time>2022-12-05T19:28:30Z</time>
   </trkpt>
   <trkpt lat="39.5628530" lon="-104.8621280">
    <ele>1768.6</ele>
    <time>2022-12-05T19:28:31Z</time>
   </trkpt>
   <trkpt lat="39.5628460" lon="-104.8621220">
    <ele>1768.6</ele>
    <time>2022-12-05T19:28:32Z</time>
   </trkpt>
   <trkpt lat="39.5628400" lon="-104.8621170">
    <ele>1768.6</ele>
    <time>2022-12-05T19:28:33Z</time>
   </trkpt>
   <trkpt lat="39.5628280" lon="-104.8621060">
    <ele>1768.6</ele>
    <time>2022-12-05T19:28:34Z</time>
   </trkpt>
   <trkpt lat="39.5628160" lon="-104.8620980">
    <ele>1768.6</ele>
    <time>2022-12-05T19:28:35Z</time>
   </trkpt>
   <trkpt lat="39.5628070" lon="-104.8620850">
    <ele>1768.6</ele>
    <time>2022-12-05T19:28:36Z</time>
   </trkpt>
   <trkpt lat="39.5627990" lon="-104.8620770">
    <ele>1768.6</ele>
    <time>2022-12-05T19:28:37Z</time>
   </trkpt>
   <trkpt lat="39.5627860" lon="-104.8620730">
    <ele>1768.6</ele>
    <time>2022-12-05T19:28:38Z</time>
   </trkpt>
   <trkpt lat="39.5627720" lon="-104.8620630">
    <ele>1768.6</ele>
    <time>2022-12-05T19:28:39Z</time>
   </trkpt>
   <trkpt lat="39.5627600" lon="-104.8620520">
    <ele>1768.6</ele>
    <time>2022-12-05T19:28:40Z</time>
   </trkpt>
   <trkpt lat="39.5627520" lon="-104.8620390">
    <ele>1768.6</ele>
    <time>2022-12-05T19:28:41Z</time>
   </trkpt>
   <trkpt lat="39.5627500" lon="-104.8620370">
    <ele>1768.6</ele>
    <time>2022-12-05T19:28:42Z</time>
   </trkpt>
   <trkpt lat="39.5627470" lon="-104.8620350">
    <ele>1768.6</ele>
    <time>2022-12-05T19:28:43Z</time>
   </trkpt>
   <trkpt lat="39.5627450" lon="-104.8620330">
    <ele>1768.6</ele>
    <time>2022-12-05T19:28:44Z</time>
   </trkpt>
   <trkpt lat="39.5627430" lon="-104.8620310">
    <ele>1768.6</ele>
    <time>2022-12-05T19:28:45Z</time>
   </trkpt>
   <trkpt lat="39.5627400" lon="-104.8620290">
    <ele>1768.6</ele>
    <time>2022-12-05T19:28:46Z</time>
   </trkpt>
   <trkpt lat="39.5627380" lon="-104.8620270">
    <ele>1768.6</ele>
    <time>2022-12-05T19:28:47Z</time>
   </trkpt>
   <trkpt lat="39.5627350" lon="-104.8620250">
    <ele>1768.6</ele>
    <time>2022-12-05T19:28:48Z</time>
   </trkpt>
   <trkpt lat="39.5627330" lon="-104.8620230">
    <ele>1768.6</ele>
    <time>2022-12-05T19:28:49Z</time>
   </trkpt>
   <trkpt lat="39.5627310" lon="-104.8620210">
    <ele>1768.6</ele>
    <time>2022-12-05T19:28:50Z</time>
   </trkpt>
   <trkpt lat="39.5627280" lon="-104.8620190">
    <ele>1768.6</ele>
    <time>2022-12-05T19:28:51Z</time>
   </trkpt>
   <trkpt lat="39.5627260" lon="-104.8620170">
    <ele>1768.6</ele>
    <time>2022-12-05T19:28:52Z</time>
   </trkpt>
   <trkpt lat="39.5627240" lon="-104.8620150">
    <ele>1768.6</ele>
    <time>2022-12-05T19:28:53Z</time>
   </trkpt>
   <trkpt lat="39.5627210" lon="-104.8620130">
    <ele>1768.6</ele>
    <time>2022-12-05T19:28:54Z</time>
   </trkpt>
   <trkpt lat="39.5627190" lon="-104.8620110">
    <ele>1768.6</ele>
    <time>2022-12-05T19:28:55Z</time>
   </trkpt>
   <trkpt lat="39.5627170" lon="-104.8620090">
    <ele>1768.6</ele>
    <time>2022-12-05T19:28:56Z</time>
   </trkpt>
   <trkpt lat="39.5627140" lon="-104.8620070">
    <ele>1768.6</ele>
    <time>2022-12-05T19:28:57Z</time>
   </trkpt>
   <trkpt lat="39.5627120" lon="-104.8620050">
    <ele>1768.6</ele>
    <time>2022-12-05T19:28:58Z</time>
   </trkpt>
   <trkpt lat="39.5627090" lon="-104.8620030">
    <ele>1768.6</ele>
    <time>2022-12-05T19:28:59Z</time>
   </trkpt>
   <trkpt lat="39.5627070" lon="-104.8620010">
    <ele>1768.6</ele>
    <time>2022-12-05T19:29:00Z</time>
   </trkpt>
   <trkpt lat="39.5627050" lon="-104.8619990">
    <ele>1768.6</ele>
    <time>2022-12-05T19:29:01Z</time>
   </trkpt>
   <trkpt lat="39.5627020" lon="-104.8619970">
    <ele>1768.6</ele>
    <time>2022-12-05T19:29:02Z</time>
   </trkpt>
   <trkpt lat="39.5627000" lon="-104.8619950">
    <ele>1768.6</ele>
    <time>2022-12-05T19:29:03Z</time>
   </trkpt>
   <trkpt lat="39.5626980" lon="-104.8619930">
    <ele>1768.6</ele>
    <time>2022-12-05T19:29:04Z</time>
   </trkpt>
   <trkpt lat="39.5626950" lon="-104.8619910">
    <ele>1768.6</ele>
    <time>2022-12-05T19:29:05Z</time>
   </trkpt>
   <trkpt lat="39.5626930" lon="-104.8619890">
    <ele>1768.6</ele>
    <time>2022-12-05T19:29:06Z</time>
   </trkpt>
   <trkpt lat="39.5626910" lon="-104.8619870">
    <ele>1768.6</ele>
    <time>2022-12-05T19:29:07Z</time>
   </trkpt>
   <trkpt lat="39.5626880" lon="-104.8619850">
    <ele>1768.6</ele>
    <time>2022-12-05T19:29:08Z</time>
   </trkpt>
   <trkpt lat="39.5626860" lon="-104.8619830">
    <ele>1768.6</ele>
    <time>2022-12-05T19:29:09Z</time>
   </trkpt>
   <trkpt lat="39.5626840" lon="-104.8619810">
    <ele>1768.6</ele>
    <time>2022-12-05T19:29:10Z</time>
   </trkpt>
   <trkpt lat="39.5626810" lon="-104.8619790">
    <ele>1768.6</ele>
    <time>2022-12-05T19:29:11Z</time>
   </trkpt>
   <trkpt lat="39.5626810" lon="-104.8619790">
    <ele>1768.6</ele>
    <time>2022-12-05T19:29:12Z</time>
   </trkpt>
   <trkpt lat="39.5626790" lon="-104.8619790">
    <ele>1768.6</ele>
    <time>2022-12-05T19:29:13Z</time>
   </trkpt>
   <trkpt lat="39.5626790" lon="-104.8619790">
    <ele>1768.6</ele>
    <time>2022-12-05T19:29:14Z</time>
   </trkpt>
   <trkpt lat="39.5626790" lon="-104.8619790">
    <ele>1768.6</ele>
    <time>2022-12-05T19:29:15Z</time>
   </trkpt>
   <trkpt lat="39.5626800" lon="-104.8619740">
    <ele>1768.6</ele>
    <time>2022-12-05T19:29:16Z</time>
   </trkpt>
   <trkpt lat="39.5626810" lon="-104.8619740">
    <ele>1768.6</ele>
    <time>2022-12-05T19:29:17Z</time>
   </trkpt>
   <trkpt lat="39.5626830" lon="-104.8619720">
    <ele>1768.6</ele>
    <time>2022-12-05T19:29:18Z</time>
   </trkpt>
   <trkpt lat="39.5626830" lon="-104.8619720">
    <ele>1768.6</ele>
    <time>2022-12-05T19:29:19Z</time>
   </trkpt>
   <trkpt lat="39.5626830" lon="-104.8619720">
    <ele>1768.6</ele>
    <time>2022-12-05T19:29:20Z</time>
   </trkpt>
   <trkpt lat="39.5626830" lon="-104.8619720">
    <ele>1768.6</ele>
    <time>2022-12-05T19:29:21Z</time>
   </trkpt>
   <trkpt lat="39.5626830" lon="-104.8619720">
    <ele>1768.6</ele>
    <time>2022-12-05T19:29:22Z</time>
   </trkpt>
   <trkpt lat="39.5626880" lon="-104.8619610">
    <ele>1768.6</ele>
    <time>2022-12-05T19:29:23Z</time>
   </trkpt>
   <trkpt lat="39.5626870" lon="-104.8619630">
    <ele>1768.6</ele>
    <time>2022-12-05T19:29:24Z</time>
   </trkpt>
   <trkpt lat="39.5626840" lon="-104.8619600">
    <ele>1768.6</ele>
    <time>2022-12-05T19:29:25Z</time>
   </trkpt>
   <trkpt lat="39.5626820" lon="-104.8619580">
    <ele>1768.6</ele>
    <time>2022-12-05T19:29:26Z</time>
   </trkpt>
   <trkpt lat="39.5626780" lon="-104.8619550">
    <ele>1768.6</ele>
    <time>2022-12-05T19:29:27Z</time>
   </trkpt>
   <trkpt lat="39.5626700" lon="-104.8619480">
    <ele>1768.6</ele>
    <time>2022-12-05T19:29:28Z</time>
   </trkpt>
   <trkpt lat="39.5626650" lon="-104.8619480">
    <ele>1768.6</ele>
    <time>2022-12-05T19:29:29Z</time>
   </trkpt>
   <trkpt lat="39.5626540" lon="-104.8619380">
    <ele>1768.6</ele>
    <time>2022-12-05T19:29:30Z</time>
   </trkpt>
   <trkpt lat="39.5626490" lon="-104.8619340">
    <ele>1768.6</ele>
    <time>2022-12-05T19:29:31Z</time>
   </trkpt>
   <trkpt lat="39.5626430" lon="-104.8619300">
    <ele>1768.6</ele>
    <time>2022-12-05T19:29:32Z</time>
   </trkpt>
   <trkpt lat="39.5626380" lon="-104.8619260">
    <ele>1768.6</ele>
    <time>2022-12-05T19:29:33Z</time>
   </trkpt>
   <trkpt lat="39.5626320" lon="-104.8619220">
    <ele>1768.6</ele>
    <time>2022-12-05T19:29:34Z</time>
   </trkpt>
   <trkpt lat="39.5626240" lon="-104.8619080">
    <ele>1768.6</ele>
    <time>2022-12-05T19:29:35Z</time>
   </trkpt>
   <trkpt lat="39.5626210" lon="-104.8618930">
    <ele>1768.6</ele>
    <time>2022-12-05T19:29:36Z</time>
   </trkpt>
   <trkpt lat="39.5626220" lon="-104.8618860">
    <ele>1768.3</ele>
    <time>2022-12-05T19:29:37Z</time>
   </trkpt>
   <trkpt lat="39.5626320" lon="-104.8618750">
    <ele>1768.3</ele>
    <time>2022-12-05T19:29:38Z</time>
   </trkpt>
   <trkpt lat="39.5626360" lon="-104.8618700">
    <ele>1768.2</ele>
    <time>2022-12-05T19:29:39Z</time>
   </trkpt>
   <trkpt lat="39.5626410" lon="-104.8618640">
    <ele>1768.2</ele>
    <time>2022-12-05T19:29:40Z</time>
   </trkpt>
   <trkpt lat="39.5626450" lon="-104.8618580">
    <ele>1768.2</ele>
    <time>2022-12-05T19:29:41Z</time>
   </trkpt>
   <trkpt lat="39.5626500" lon="-104.8618530">
    <ele>1768.2</ele>
    <time>2022-12-05T19:29:42Z</time>
   </trkpt>
   <trkpt lat="39.5626600" lon="-104.8618480">
    <ele>1768.1</ele>
    <time>2022-12-05T19:29:43Z</time>
   </trkpt>
   <trkpt lat="39.5626670" lon="-104.8618410">
    <ele>1768.1</ele>
    <time>2022-12-05T19:29:44Z</time>
   </trkpt>
   <trkpt lat="39.5626730" lon="-104.8618380">
    <ele>1768.0</ele>
    <time>2022-12-05T19:29:45Z</time>
   </trkpt>
   <trkpt lat="39.5626840" lon="-104.8618390">
    <ele>1768.0</ele>
    <time>2022-12-05T19:29:46Z</time>
   </trkpt>
   <trkpt lat="39.5627030" lon="-104.8618250">
    <ele>1767.9</ele>
    <time>2022-12-05T19:29:47Z</time>
   </trkpt>
   <trkpt lat="39.5627100" lon="-104.8618210">
    <ele>1767.8</ele>
    <time>2022-12-05T19:29:48Z</time>
   </trkpt>
   <trkpt lat="39.5627160" lon="-104.8618160">
    <ele>1767.8</ele>
    <time>2022-12-05T19:29:49Z</time>
   </trkpt>
   <trkpt lat="39.5627300" lon="-104.8618200">
    <ele>1767.7</ele>
    <time>2022-12-05T19:29:50Z</time>
   </trkpt>
   <trkpt lat="39.5627410" lon="-104.8618170">
    <ele>1767.7</ele>
    <time>2022-12-05T19:29:51Z</time>
   </trkpt>
   <trkpt lat="39.5627510" lon="-104.8618190">
    <ele>1767.7</ele>
    <time>2022-12-05T19:29:52Z</time>
   </trkpt>
   <trkpt lat="39.5627600" lon="-104.8618170">
    <ele>1767.6</ele>
    <time>2022-12-05T19:29:53Z</time>
   </trkpt>
   <trkpt lat="39.5627720" lon="-104.8618150">
    <ele>1767.6</ele>
    <time>2022-12-05T19:29:54Z</time>
   </trkpt>
   <trkpt lat="39.5627860" lon="-104.8618170">
    <ele>1767.5</ele>
    <time>2022-12-05T19:29:55Z</time>
   </trkpt>
   <trkpt lat="39.5627970" lon="-104.8618130">
    <ele>1767.5</ele>
    <time>2022-12-05T19:29:56Z</time>
   </trkpt>
   <trkpt lat="39.5628060" lon="-104.8618130">
    <ele>1767.4</ele>
    <time>2022-12-05T19:29:57Z</time>
   </trkpt>
   <trkpt lat="39.5628210" lon="-104.8618110">
    <ele>1767.4</ele>
    <time>2022-12-05T19:29:58Z</time>
   </trkpt>
   <trkpt lat="39.5628350" lon="-104.8618080">
    <ele>1767.3</ele>
    <time>2022-12-05T19:29:59Z</time>
   </trkpt>
   <trkpt lat="39.5628490" lon="-104.8618020">
    <ele>1767.3</ele>
    <time>2022-12-05T19:30:00Z</time>
   </trkpt>
   <trkpt lat="39.5628580" lon="-104.8617990">
    <ele>1767.2</ele>
    <time>2022-12-05T19:30:01Z</time>
   </trkpt>
   <trkpt lat="39.5628780" lon="-104.8617960">
    <ele>1767.1</ele>
    <time>2022-12-05T19:30:02Z</time>
   </trkpt>
   <trkpt lat="39.5628980" lon="-104.8617860">
    <ele>1767.1</ele>
    <time>2022-12-05T19:30:03Z</time>
   </trkpt>
   <trkpt lat="39.5629050" lon="-104.8617830">
    <ele>1767.1</ele>
    <time>2022-12-05T19:30:04Z</time>
   </trkpt>
   <trkpt lat="39.5629120" lon="-104.8617800">
    <ele>1767.0</ele>
    <time>2022-12-05T19:30:05Z</time>
   </trkpt>
   <trkpt lat="39.5629120" lon="-104.8617950">
    <ele>1767.0</ele>
    <time>2022-12-05T19:30:06Z</time>
   </trkpt>
   <trkpt lat="39.5629120" lon="-104.8618060">
    <ele>1767.0</ele>
    <time>2022-12-05T19:30:07Z</time>
   </trkpt>
   <trkpt lat="39.5629130" lon="-104.8618170">
    <ele>1766.9</ele>
    <time>2022-12-05T19:30:08Z</time>
   </trkpt>
   <trkpt lat="39.5629130" lon="-104.8618280">
    <ele>1766.9</ele>
    <time>2022-12-05T19:30:09Z</time>
   </trkpt>
   <trkpt lat="39.5629120" lon="-104.8618200">
    <ele>1766.9</ele>
    <time>2022-12-05T19:30:10Z</time>
   </trkpt>
   <trkpt lat="39.5629140" lon="-104.8618050">
    <ele>1766.9</ele>
    <time>2022-12-05T19:30:11Z</time>
   </trkpt>
   <trkpt lat="39.5629160" lon="-104.8617910">
    <ele>1766.8</ele>
    <time>2022-12-05T19:30:12Z</time>
   </trkpt>
   <trkpt lat="39.5629170" lon="-104.8617770">
    <ele>1766.8</ele>
    <time>2022-12-05T19:30:13Z</time>
   </trkpt>
   <trkpt lat="39.5629240" lon="-104.8617620">
    <ele>1766.7</ele>
    <time>2022-12-05T19:30:14Z</time>
   </trkpt>
   <trkpt lat="39.5629370" lon="-104.8617450">
    <ele>1766.7</ele>
    <time>2022-12-05T19:30:15Z</time>
   </trkpt>
   <trkpt lat="39.5629310" lon="-104.8617530">
    <ele>1766.7</ele>
    <time>2022-12-05T19:30:16Z</time>
   </trkpt>
   <trkpt lat="39.5629370" lon="-104.8617460">
    <ele>1766.6</ele>
    <time>2022-12-05T19:30:17Z</time>
   </trkpt>
   <trkpt lat="39.5629440" lon="-104.8617420">
    <ele>1766.6</ele>
    <time>2022-12-05T19:30:18Z</time>
   </trkpt>
   <trkpt lat="39.5629470" lon="-104.8617300">
    <ele>1766.6</ele>
    <time>2022-12-05T19:30:19Z</time>
   </trkpt>
   <trkpt lat="39.5629460" lon="-104.8617310">
    <ele>1766.6</ele>
    <time>2022-12-05T19:30:20Z</time>
   </trkpt>
   <trkpt lat="39.5629460" lon="-104.8617330">
    <ele>1766.6</ele>
    <time>2022-12-05T19:30:21Z</time>
   </trkpt>
   <trkpt lat="39.5629470" lon="-104.8617400">
    <ele>1766.5</ele>
    <time>2022-12-05T19:30:22Z</time>
   </trkpt>
   <trkpt lat="39.5629510" lon="-104.8617400">
    <ele>1766.5</ele>
    <time>2022-12-05T19:30:23Z</time>
   </trkpt>
   <trkpt lat="39.5629610" lon="-104.8617330">
    <ele>1766.5</ele>
    <time>2022-12-05T19:30:24Z</time>
   </trkpt>
   <trkpt lat="39.5629700" lon="-104.8617280">
    <ele>1766.5</ele>
    <time>2022-12-05T19:30:25Z</time>
   </trkpt>
   <trkpt lat="39.5629880" lon="-104.8617170">
    <ele>1766.4</ele>
    <time>2022-12-05T19:30:26Z</time>
   </trkpt>
   <trkpt lat="39.5629960" lon="-104.8616990">
    <ele>1766.3</ele>
    <time>2022-12-05T19:30:27Z</time>
   </trkpt>
   <trkpt lat="39.5630080" lon="-104.8616860">
    <ele>1766.3</ele>
    <time>2022-12-05T19:30:28Z</time>
   </trkpt>
   <trkpt lat="39.5630130" lon="-104.8616820">
    <ele>1766.3</ele>
    <time>2022-12-05T19:30:29Z</time>
   </trkpt>
   <trkpt lat="39.5630170" lon="-104.8616780">
    <ele>1766.2</ele>
    <time>2022-12-05T19:30:30Z</time>
   </trkpt>
   <trkpt lat="39.5630220" lon="-104.8616750">
    <ele>1766.2</ele>
    <time>2022-12-05T19:30:31Z</time>
   </trkpt>
   <trkpt lat="39.5630260" lon="-104.8616710">
    <ele>1766.2</ele>
    <time>2022-12-05T19:30:32Z</time>
   </trkpt>
   <trkpt lat="39.5630320" lon="-104.8616760">
    <ele>1766.2</ele>
    <time>2022-12-05T19:30:33Z</time>
   </trkpt>
   <trkpt lat="39.5630440" lon="-104.8616610">
    <ele>1766.2</ele>
    <time>2022-12-05T19:30:34Z</time>
   </trkpt>
   <trkpt lat="39.5630530" lon="-104.8616580">
    <ele>1766.2</ele>
    <time>2022-12-05T19:30:35Z</time>
   </trkpt>
   <trkpt lat="39.5630830" lon="-104.8616450">
    <ele>1766.1</ele>
    <time>2022-12-05T19:30:36Z</time>
   </trkpt>
   <trkpt lat="39.5630940" lon="-104.8616340">
    <ele>1766.1</ele>
    <time>2022-12-05T19:30:37Z</time>
   </trkpt>
   <trkpt lat="39.5631060" lon="-104.8616190">
    <ele>1766.1</ele>
    <time>2022-12-05T19:30:38Z</time>
   </trkpt>
   <trkpt lat="39.5631170" lon="-104.8616100">
    <ele>1766.1</ele>
    <time>2022-12-05T19:30:39Z</time>
   </trkpt>
   <trkpt lat="39.5631320" lon="-104.8615920">
    <ele>1766.1</ele>
    <time>2022-12-05T19:30:40Z</time>
   </trkpt>
   <trkpt lat="39.5631400" lon="-104.8615840">
    <ele>1766.0</ele>
    <time>2022-12-05T19:30:41Z</time>
   </trkpt>
   <trkpt lat="39.5631470" lon="-104.8615650">
    <ele>1766.0</ele>
    <time>2022-12-05T19:30:42Z</time>
   </trkpt>
   <trkpt lat="39.5631490" lon="-104.8615590">
    <ele>1766.0</ele>
    <time>2022-12-05T19:30:43Z</time>
   </trkpt>
   <trkpt lat="39.5631500" lon="-104.8615560">
    <ele>1766.0</ele>
    <time>2022-12-05T19:30:44Z</time>
   </trkpt>
   <trkpt lat="39.5631570" lon="-104.8615500">
    <ele>1766.0</ele>
    <time>2022-12-05T19:30:45Z</time>
   </trkpt>
   <trkpt lat="39.5631660" lon="-104.8615490">
    <ele>1766.0</ele>
    <time>2022-12-05T19:30:46Z</time>
   </trkpt>
   <trkpt lat="39.5631760" lon="-104.8615420">
    <ele>1766.0</ele>
    <time>2022-12-05T19:30:47Z</time>
   </trkpt>
   <trkpt lat="39.5631790" lon="-104.8615420">
    <ele>1766.0</ele>
    <time>2022-12-05T19:30:48Z</time>
   </trkpt>
   <trkpt lat="39.5631820" lon="-104.8615370">
    <ele>1766.0</ele>
    <time>2022-12-05T19:30:49Z</time>
   </trkpt>
   <trkpt lat="39.5631910" lon="-104.8615390">
    <ele>1766.0</ele>
    <time>2022-12-05T19:30:50Z</time>
   </trkpt>
   <trkpt lat="39.5631960" lon="-104.8615380">
    <ele>1766.0</ele>
    <time>2022-12-05T19:30:51Z</time>
   </trkpt>
   <trkpt lat="39.5632010" lon="-104.8615370">
    <ele>1765.9</ele>
    <time>2022-12-05T19:30:52Z</time>
   </trkpt>
   <trkpt lat="39.5632060" lon="-104.8615360">
    <ele>1765.9</ele>
    <time>2022-12-05T19:30:53Z</time>
   </trkpt>
   <trkpt lat="39.5632100" lon="-104.8615350">
    <ele>1765.9</ele>
    <time>2022-12-05T19:30:54Z</time>
   </trkpt>
   <trkpt lat="39.5632150" lon="-104.8615340">
    <ele>1765.9</ele>
    <time>2022-12-05T19:30:55Z</time>
   </trkpt>
   <trkpt lat="39.5632200" lon="-104.8615330">
    <ele>1765.9</ele>
    <time>2022-12-05T19:30:56Z</time>
   </trkpt>
   <trkpt lat="39.5632240" lon="-104.8615260">
    <ele>1765.9</ele>
    <time>2022-12-05T19:30:57Z</time>
   </trkpt>
   <trkpt lat="39.5632280" lon="-104.8615180">
    <ele>1765.9</ele>
    <time>2022-12-05T19:30:58Z</time>
   </trkpt>
   <trkpt lat="39.5632320" lon="-104.8615100">
    <ele>1765.9</ele>
    <time>2022-12-05T19:30:59Z</time>
   </trkpt>
   <trkpt lat="39.5632350" lon="-104.8615030">
    <ele>1765.9</ele>
    <time>2022-12-05T19:31:00Z</time>
   </trkpt>
   <trkpt lat="39.5632390" lon="-104.8614950">
    <ele>1765.9</ele>
    <time>2022-12-05T19:31:01Z</time>
   </trkpt>
   <trkpt lat="39.5632430" lon="-104.8614870">
    <ele>1765.9</ele>
    <time>2022-12-05T19:31:02Z</time>
   </trkpt>
   <trkpt lat="39.5632470" lon="-104.8614800">
    <ele>1765.9</ele>
    <time>2022-12-05T19:31:03Z</time>
   </trkpt>
   <trkpt lat="39.5632510" lon="-104.8614720">
    <ele>1765.9</ele>
    <time>2022-12-05T19:31:04Z</time>
   </trkpt>
   <trkpt lat="39.5632550" lon="-104.8614650">
    <ele>1765.8</ele>
    <time>2022-12-05T19:31:05Z</time>
   </trkpt>
   <trkpt lat="39.5632580" lon="-104.8614570">
    <ele>1765.8</ele>
    <time>2022-12-05T19:31:06Z</time>
   </trkpt>
   <trkpt lat="39.5632620" lon="-104.8614490">
    <ele>1765.8</ele>
    <time>2022-12-05T19:31:07Z</time>
   </trkpt>
   <trkpt lat="39.5632660" lon="-104.8614420">
    <ele>1765.8</ele>
    <time>2022-12-05T19:31:08Z</time>
   </trkpt>
   <trkpt lat="39.5632700" lon="-104.8614340">
    <ele>1765.8</ele>
    <time>2022-12-05T19:31:09Z</time>
   </trkpt>
   <trkpt lat="39.5632660" lon="-104.8614160">
    <ele>1765.8</ele>
    <time>2022-12-05T19:31:10Z</time>
   </trkpt>
   <trkpt lat="39.5632590" lon="-104.8614070">
    <ele>1765.8</ele>
    <time>2022-12-05T19:31:11Z</time>
   </trkpt>
   <trkpt lat="39.5632630" lon="-104.8614000">
    <ele>1765.8</ele>
    <time>2022-12-05T19:31:12Z</time>
   </trkpt>
   <trkpt lat="39.5632730" lon="-104.8613750">
    <ele>1765.7</ele>
    <time>2022-12-05T19:31:13Z</time>
   </trkpt>
   <trkpt lat="39.5632770" lon="-104.8613640">
    <ele>1765.7</ele>
    <time>2022-12-05T19:31:14Z</time>
   </trkpt>
   <trkpt lat="39.5632820" lon="-104.8613540">
    <ele>1765.7</ele>
    <time>2022-12-05T19:31:15Z</time>
   </trkpt>
   <trkpt lat="39.5633000" lon="-104.8613250">
    <ele>1765.7</ele>
    <time>2022-12-05T19:31:16Z</time>
   </trkpt>
   <trkpt lat="39.5633080" lon="-104.8613170">
    <ele>1765.7</ele>
    <time>2022-12-05T19:31:17Z</time>
   </trkpt>
   <trkpt lat="39.5633270" lon="-104.8612890">
    <ele>1765.6</ele>
    <time>2022-12-05T19:31:18Z</time>
   </trkpt>
   <trkpt lat="39.5633350" lon="-104.8612800">
    <ele>1765.6</ele>
    <time>2022-12-05T19:31:19Z</time>
   </trkpt>
   <trkpt lat="39.5633540" lon="-104.8612490">
    <ele>1765.6</ele>
    <time>2022-12-05T19:31:20Z</time>
   </trkpt>
   <trkpt lat="39.5633590" lon="-104.8612370">
    <ele>1765.6</ele>
    <time>2022-12-05T19:31:21Z</time>
   </trkpt>
   <trkpt lat="39.5633650" lon="-104.8611990">
    <ele>1765.5</ele>
    <time>2022-12-05T19:31:22Z</time>
   </trkpt>
   <trkpt lat="39.5633660" lon="-104.8611890">
    <ele>1765.5</ele>
    <time>2022-12-05T19:31:23Z</time>
   </trkpt>
   <trkpt lat="39.5633780" lon="-104.8611790">
    <ele>1765.5</ele>
    <time>2022-12-05T19:31:24Z</time>
   </trkpt>
   <trkpt lat="39.5633860" lon="-104.8611610">
    <ele>1765.5</ele>
    <time>2022-12-05T19:31:25Z</time>
   </trkpt>
   <trkpt lat="39.5633950" lon="-104.8611380">
    <ele>1765.5</ele>
    <time>2022-12-05T19:31:26Z</time>
   </trkpt>
   <trkpt lat="39.5634070" lon="-104.8611360">
    <ele>1765.4</ele>
    <time>2022-12-05T19:31:27Z</time>
   </trkpt>
   <trkpt lat="39.5633970" lon="-104.8611060">
    <ele>1765.4</ele>
    <time>2022-12-05T19:31:28Z</time>
   </trkpt>
   <trkpt lat="39.5633900" lon="-104.8610890">
    <ele>1765.4</ele>
    <time>2022-12-05T19:31:29Z</time>
   </trkpt>
   <trkpt lat="39.5633870" lon="-104.8610670">
    <ele>1765.4</ele>
    <time>2022-12-05T19:31:30Z</time>
   </trkpt>
   <trkpt lat="39.5634000" lon="-104.8610570">
    <ele>1765.4</ele>
    <time>2022-12-05T19:31:31Z</time>
   </trkpt>
   <trkpt lat="39.5634100" lon="-104.8610540">
    <ele>1765.3</ele>
    <time>2022-12-05T19:31:32Z</time>
   </trkpt>
   <trkpt lat="39.5634040" lon="-104.8610110">
    <ele>1765.3</ele>
    <time>2022-12-05T19:31:33Z</time>
   </trkpt>
   <trkpt lat="39.5633980" lon="-104.8609980">
    <ele>1765.3</ele>
    <time>2022-12-05T19:31:34Z</time>
   </trkpt>
   <trkpt lat="39.5633940" lon="-104.8609600">
    <ele>1765.2</ele>
    <time>2022-12-05T19:31:35Z</time>
   </trkpt>
   <trkpt lat="39.5633980" lon="-104.8609140">
    <ele>1765.2</ele>
    <time>2022-12-05T19:31:36Z</time>
   </trkpt>
   <trkpt lat="39.5633990" lon="-104.8609040">
    <ele>1765.2</ele>
    <time>2022-12-05T19:31:37Z</time>
   </trkpt>
   <trkpt lat="39.5634100" lon="-104.8608990">
    <ele>1765.2</ele>
    <time>2022-12-05T19:31:38Z</time>
   </trkpt>
   <trkpt lat="39.5634240" lon="-104.8608940">
    <ele>1765.2</ele>
    <time>2022-12-05T19:31:39Z</time>
   </trkpt>
   <trkpt lat="39.5634290" lon="-104.8608940">
    <ele>1765.2</ele>
    <time>2022-12-05T19:31:40Z</time>
   </trkpt>
   <trkpt lat="39.5634410" lon="-104.8608940">
    <ele>1765.2</ele>
    <time>2022-12-05T19:31:41Z</time>
   </trkpt>
   <trkpt lat="39.5634570" lon="-104.8609070">
    <ele>1765.2</ele>
    <time>2022-12-05T19:31:42Z</time>
   </trkpt>
   <trkpt lat="39.5634820" lon="-104.8609280">
    <ele>1765.1</ele>
    <time>2022-12-05T19:31:43Z</time>
   </trkpt>
   <trkpt lat="39.5634910" lon="-104.8609330">
    <ele>1765.1</ele>
    <time>2022-12-05T19:31:44Z</time>
   </trkpt>
   <trkpt lat="39.5634980" lon="-104.8609460">
    <ele>1765.1</ele>
    <time>2022-12-05T19:31:45Z</time>
   </trkpt>
   <trkpt lat="39.5635070" lon="-104.8609470">
    <ele>1765.1</ele>
    <time>2022-12-05T19:31:46Z</time>
   </trkpt>
   <trkpt lat="39.5635190" lon="-104.8609580">
    <ele>1765.1</ele>
    <time>2022-12-05T19:31:47Z</time>
   </trkpt>
   <trkpt lat="39.5635390" lon="-104.8609610">
    <ele>1765.1</ele>
    <time>2022-12-05T19:31:48Z</time>
   </trkpt>
   <trkpt lat="39.5635540" lon="-104.8609560">
    <ele>1765.1</ele>
    <time>2022-12-05T19:31:49Z</time>
   </trkpt>
   <trkpt lat="39.5635810" lon="-104.8609430">
    <ele>1765.1</ele>
    <time>2022-12-05T19:31:50Z</time>
   </trkpt>
   <trkpt lat="39.5635950" lon="-104.8609360">
    <ele>1765.1</ele>
    <time>2022-12-05T19:31:51Z</time>
   </trkpt>
   <trkpt lat="39.5636180" lon="-104.8609320">
    <ele>1765.1</ele>
    <time>2022-12-05T19:31:52Z</time>
   </trkpt>
   <trkpt lat="39.5636310" lon="-104.8609340">
    <ele>1765.1</ele>
    <time>2022-12-05T19:31:53Z</time>
   </trkpt>
   <trkpt lat="39.5636500" lon="-104.8609180">
    <ele>1765.1</ele>
    <time>2022-12-05T19:31:54Z</time>
   </trkpt>
   <trkpt lat="39.5636560" lon="-104.8609100">
    <ele>1765.1</ele>
    <time>2022-12-05T19:31:55Z</time>
   </trkpt>
   <trkpt lat="39.5636610" lon="-104.8609020">
    <ele>1765.1</ele>
    <time>2022-12-05T19:31:56Z</time>
   </trkpt>
   <trkpt lat="39.5636880" lon="-104.8608920">
    <ele>1765.1</ele>
    <time>2022-12-05T19:31:57Z</time>
   </trkpt>
   <trkpt lat="39.5636990" lon="-104.8608880">
    <ele>1765.1</ele>
    <time>2022-12-05T19:31:58Z</time>
   </trkpt>
   <trkpt lat="39.5637240" lon="-104.8608730">
    <ele>1765.1</ele>
    <time>2022-12-05T19:31:59Z</time>
   </trkpt>
   <trkpt lat="39.5637330" lon="-104.8608670">
    <ele>1765.0</ele>
    <time>2022-12-05T19:32:00Z</time>
   </trkpt>
   <trkpt lat="39.5637550" lon="-104.8608520">
    <ele>1765.0</ele>
    <time>2022-12-05T19:32:01Z</time>
   </trkpt>
   <trkpt lat="39.5637620" lon="-104.8608450">
    <ele>1765.0</ele>
    <time>2022-12-05T19:32:02Z</time>
   </trkpt>
   <trkpt lat="39.5637700" lon="-104.8608390">
    <ele>1765.0</ele>
    <time>2022-12-05T19:32:03Z</time>
   </trkpt>
   <trkpt lat="39.5637820" lon="-104.8608290">
    <ele>1765.0</ele>
    <time>2022-12-05T19:32:04Z</time>
   </trkpt>
   <trkpt lat="39.5637950" lon="-104.8608230">
    <ele>1765.0</ele>
    <time>2022-12-05T19:32:05Z</time>
   </trkpt>
   <trkpt lat="39.5638100" lon="-104.8608060">
    <ele>1765.0</ele>
    <time>2022-12-05T19:32:06Z</time>
   </trkpt>
   <trkpt lat="39.5638210" lon="-104.8607960">
    <ele>1765.0</ele>
    <time>2022-12-05T19:32:07Z</time>
   </trkpt>
   <trkpt lat="39.5638370" lon="-104.8607850">
    <ele>1765.0</ele>
    <time>2022-12-05T19:32:08Z</time>
   </trkpt>
   <trkpt lat="39.5638440" lon="-104.8607640">
    <ele>1765.0</ele>
    <time>2022-12-05T19:32:09Z</time>
   </trkpt>
   <trkpt lat="39.5638540" lon="-104.8607550">
    <ele>1765.0</ele>
    <time>2022-12-05T19:32:10Z</time>
   </trkpt>
   <trkpt lat="39.5638660" lon="-104.8607450">
    <ele>1765.0</ele>
    <time>2022-12-05T19:32:11Z</time>
   </trkpt>
   <trkpt lat="39.5638780" lon="-104.8607350">
    <ele>1764.9</ele>
    <time>2022-12-05T19:32:12Z</time>
   </trkpt>
   <trkpt lat="39.5638910" lon="-104.8607330">
    <ele>1764.9</ele>
    <time>2022-12-05T19:32:13Z</time>
   </trkpt>
   <trkpt lat="39.5639110" lon="-104.8607230">
    <ele>1764.9</ele>
    <time>2022-12-05T19:32:14Z</time>
   </trkpt>
   <trkpt lat="39.5639230" lon="-104.8607180">
    <ele>1764.9</ele>
    <time>2022-12-05T19:32:15Z</time>
   </trkpt>
   <trkpt lat="39.5639320" lon="-104.8607310">
    <ele>1764.9</ele>
    <time>2022-12-05T19:32:16Z</time>
   </trkpt>
   <trkpt lat="39.5639390" lon="-104.8607260">
    <ele>1764.9</ele>
    <time>2022-12-05T19:32:17Z</time>
   </trkpt>
   <trkpt lat="39.5639500" lon="-104.8607190">
    <ele>1764.9</ele>
    <time>2022-12-05T19:32:18Z</time>
   </trkpt>
   <trkpt lat="39.5639620" lon="-104.8607170">
    <ele>1764.9</ele>
    <time>2022-12-05T19:32:19Z</time>
   </trkpt>
   <trkpt lat="39.5639660" lon="-104.8607130">
    <ele>1764.9</ele>
    <time>2022-12-05T19:32:20Z</time>
   </trkpt>
   <trkpt lat="39.5639580" lon="-104.8607150">
    <ele>1764.9</ele>
    <time>2022-12-05T19:32:21Z</time>
   </trkpt>
   <trkpt lat="39.5639470" lon="-104.8607170">
    <ele>1764.9</ele>
    <time>2022-12-05T19:32:22Z</time>
   </trkpt>
   <trkpt lat="39.5639560" lon="-104.8607070">
    <ele>1764.9</ele>
    <time>2022-12-05T19:32:23Z</time>
   </trkpt>
   <trkpt lat="39.5639650" lon="-104.8607020">
    <ele>1764.9</ele>
    <time>2022-12-05T19:32:24Z</time>
   </trkpt>
   <trkpt lat="39.5639980" lon="-104.8607080">
    <ele>1764.9</ele>
    <time>2022-12-05T19:32:25Z</time>
   </trkpt>
   <trkpt lat="39.5640300" lon="-104.8607290">
    <ele>1764.9</ele>
    <time>2022-12-05T19:32:26Z</time>
   </trkpt>
   <trkpt lat="39.5640430" lon="-104.8607360">
    <ele>1764.9</ele>
    <time>2022-12-05T19:32:27Z</time>
   </trkpt>
   <trkpt lat="39.5640540" lon="-104.8607330">
    <ele>1764.9</ele>
    <time>2022-12-05T19:32:28Z</time>
   </trkpt>
   <trkpt lat="39.5640670" lon="-104.8607390">
    <ele>1764.9</ele>
    <time>2022-12-05T19:32:29Z</time>
   </trkpt>
   <trkpt lat="39.5640780" lon="-104.8607410">
    <ele>1764.9</ele>
    <time>2022-12-05T19:32:30Z</time>
   </trkpt>
   <trkpt lat="39.5641010" lon="-104.8607540">
    <ele>1764.9</ele>
    <time>2022-12-05T19:32:31Z</time>
   </trkpt>
   <trkpt lat="39.5641120" lon="-104.8607560">
    <ele>1764.9</ele>
    <time>2022-12-05T19:32:32Z</time>
   </trkpt>
   <trkpt lat="39.5641260" lon="-104.8607630">
    <ele>1765.0</ele>
    <time>2022-12-05T19:32:33Z</time>
   </trkpt>
   <trkpt lat="39.5641400" lon="-104.8607740">
    <ele>1765.0</ele>
    <time>2022-12-05T19:32:34Z</time>
   </trkpt>
   <trkpt lat="39.5641530" lon="-104.8607860">
    <ele>1765.0</ele>
    <time>2022-12-05T19:32:35Z</time>
   </trkpt>
   <trkpt lat="39.5641640" lon="-104.8607990">
    <ele>1765.0</ele>
    <time>2022-12-05T19:32:36Z</time>
   </trkpt>
   <trkpt lat="39.5641800" lon="-104.8608190">
    <ele>1765.0</ele>
    <time>2022-12-05T19:32:37Z</time>
   </trkpt>
   <trkpt lat="39.5641870" lon="-104.8608260">
    <ele>1765.0</ele>
    <time>2022-12-05T19:32:38Z</time>
   </trkpt>
   <trkpt lat="39.5641940" lon="-104.8608340">
    <ele>1765.0</ele>
    <time>2022-12-05T19:32:39Z</time>
   </trkpt>
   <trkpt lat="39.5642030" lon="-104.8608480">
    <ele>1765.0</ele>
    <time>2022-12-05T19:32:40Z</time>
   </trkpt>
   <trkpt lat="39.5642140" lon="-104.8608630">
    <ele>1765.0</ele>
    <time>2022-12-05T19:32:41Z</time>
   </trkpt>
   <trkpt lat="39.5642230" lon="-104.8608750">
    <ele>1765.0</ele>
    <time>2022-12-05T19:32:42Z</time>
   </trkpt>
   <trkpt lat="39.5642310" lon="-104.8608910">
    <ele>1765.0</ele>
    <time>2022-12-05T19:32:43Z</time>
   </trkpt>
   <trkpt lat="39.5642400" lon="-104.8609100">
    <ele>1765.0</ele>
    <time>2022-12-05T19:32:44Z</time>
   </trkpt>
   <trkpt lat="39.5642470" lon="-104.8609220">
    <ele>1765.0</ele>
    <time>2022-12-05T19:32:45Z</time>
   </trkpt>
   <trkpt lat="39.5642550" lon="-104.8609480">
    <ele>1765.0</ele>
    <time>2022-12-05T19:32:46Z</time>
   </trkpt>
   <trkpt lat="39.5642590" lon="-104.8609570">
    <ele>1765.0</ele>
    <time>2022-12-05T19:32:47Z</time>
   </trkpt>
   <trkpt lat="39.5642630" lon="-104.8609670">
    <ele>1765.0</ele>
    <time>2022-12-05T19:32:48Z</time>
   </trkpt>
   <trkpt lat="39.5642780" lon="-104.8609780">
    <ele>1765.0</ele>
    <time>2022-12-05T19:32:49Z</time>
   </trkpt>
   <trkpt lat="39.5642860" lon="-104.8609930">
    <ele>1765.0</ele>
    <time>2022-12-05T19:32:50Z</time>
   </trkpt>
   <trkpt lat="39.5642930" lon="-104.8610050">
    <ele>1765.0</ele>
    <time>2022-12-05T19:32:51Z</time>
   </trkpt>
   <trkpt lat="39.5642970" lon="-104.8610150">
    <ele>1765.0</ele>
    <time>2022-12-05T19:32:52Z</time>
   </trkpt>
   <trkpt lat="39.5643050" lon="-104.8610310">
    <ele>1765.0</ele>
    <time>2022-12-05T19:32:53Z</time>
   </trkpt>
   <trkpt lat="39.5643110" lon="-104.8610550">
    <ele>1765.0</ele>
    <time>2022-12-05T19:32:54Z</time>
   </trkpt>
   <trkpt lat="39.5643200" lon="-104.8610660">
    <ele>1765.0</ele>
    <time>2022-12-05T19:32:55Z</time>
   </trkpt>
   <trkpt lat="39.5643290" lon="-104.8610830">
    <ele>1765.0</ele>
    <time>2022-12-05T19:32:56Z</time>
   </trkpt>
   <trkpt lat="39.5643370" lon="-104.8610940">
    <ele>1765.0</ele>
    <time>2022-12-05T19:32:57Z</time>
   </trkpt>
   <trkpt lat="39.5643470" lon="-104.8611160">
    <ele>1765.0</ele>
    <time>2022-12-05T19:32:58Z</time>
   </trkpt>
   <trkpt lat="39.5643530" lon="-104.8611270">
    <ele>1765.0</ele>
    <time>2022-12-05T19:32:59Z</time>
   </trkpt>
   <trkpt lat="39.5643590" lon="-104.8611390">
    <ele>1765.0</ele>
    <time>2022-12-05T19:33:00Z</time>
   </trkpt>
   <trkpt lat="39.5643720" lon="-104.8611620">
    <ele>1765.1</ele>
    <time>2022-12-05T19:33:01Z</time>
   </trkpt>
   <trkpt lat="39.5643730" lon="-104.8611720">
    <ele>1765.1</ele>
    <time>2022-12-05T19:33:02Z</time>
   </trkpt>
   <trkpt lat="39.5643720" lon="-104.8611990">
    <ele>1765.1</ele>
    <time>2022-12-05T19:33:03Z</time>
   </trkpt>
   <trkpt lat="39.5643720" lon="-104.8612140">
    <ele>1765.1</ele>
    <time>2022-12-05T19:33:04Z</time>
   </trkpt>
   <trkpt lat="39.5643720" lon="-104.8612220">
    <ele>1765.1</ele>
    <time>2022-12-05T19:33:05Z</time>
   </trkpt>
   <trkpt lat="39.5643700" lon="-104.8612360">
    <ele>1765.1</ele>
    <time>2022-12-05T19:33:06Z</time>
   </trkpt>
   <trkpt lat="39.5643680" lon="-104.8612540">
    <ele>1765.1</ele>
    <time>2022-12-05T19:33:07Z</time>
   </trkpt>
   <trkpt lat="39.5643640" lon="-104.8612800">
    <ele>1765.1</ele>
    <time>2022-12-05T19:33:08Z</time>
   </trkpt>
   <trkpt lat="39.5643610" lon="-104.8612900">
    <ele>1765.1</ele>
    <time>2022-12-05T19:33:09Z</time>
   </trkpt>
   <trkpt lat="39.5643570" lon="-104.8613000">
    <ele>1765.1</ele>
    <time>2022-12-05T19:33:10Z</time>
   </trkpt>
   <trkpt lat="39.5643510" lon="-104.8613450">
    <ele>1765.1</ele>
    <time>2022-12-05T19:33:11Z</time>
   </trkpt>
   <trkpt lat="39.5643510" lon="-104.8613580">
    <ele>1765.1</ele>
    <time>2022-12-05T19:33:12Z</time>
   </trkpt>
   <trkpt lat="39.5643440" lon="-104.8613840">
    <ele>1765.1</ele>
    <time>2022-12-05T19:33:13Z</time>
   </trkpt>
   <trkpt lat="39.5643420" lon="-104.8613970">
    <ele>1765.1</ele>
    <time>2022-12-05T19:33:14Z</time>
   </trkpt>
   <trkpt lat="39.5643410" lon="-104.8614100">
    <ele>1765.2</ele>
    <time>2022-12-05T19:33:15Z</time>
   </trkpt>
   <trkpt lat="39.5643420" lon="-104.8614250">
    <ele>1765.2</ele>
    <time>2022-12-05T19:33:16Z</time>
   </trkpt>
   <trkpt lat="39.5643440" lon="-104.8614310">
    <ele>1765.2</ele>
    <time>2022-12-05T19:33:17Z</time>
   </trkpt>
   <trkpt lat="39.5643460" lon="-104.8614460">
    <ele>1765.2</ele>
    <time>2022-12-05T19:33:18Z</time>
   </trkpt>
   <trkpt lat="39.5643370" lon="-104.8614690">
    <ele>1765.2</ele>
    <time>2022-12-05T19:33:19Z</time>
   </trkpt>
   <trkpt lat="39.5643310" lon="-104.8614830">
    <ele>1765.2</ele>
    <time>2022-12-05T19:33:20Z</time>
   </trkpt>
   <trkpt lat="39.5643250" lon="-104.8614980">
    <ele>1765.2</ele>
    <time>2022-12-05T19:33:21Z</time>
   </trkpt>
   <trkpt lat="39.5643110" lon="-104.8615320">
    <ele>1765.2</ele>
    <time>2022-12-05T19:33:22Z</time>
   </trkpt>
   <trkpt lat="39.5643070" lon="-104.8615420">
    <ele>1765.3</ele>
    <time>2022-12-05T19:33:23Z</time>
   </trkpt>
   <trkpt lat="39.5642870" lon="-104.8615710">
    <ele>1765.3</ele>
    <time>2022-12-05T19:33:24Z</time>
   </trkpt>
   <trkpt lat="39.5642810" lon="-104.8615820">
    <ele>1765.3</ele>
    <time>2022-12-05T19:33:25Z</time>
   </trkpt>
   <trkpt lat="39.5642750" lon="-104.8616020">
    <ele>1765.3</ele>
    <time>2022-12-05T19:33:26Z</time>
   </trkpt>
   <trkpt lat="39.5642730" lon="-104.8616170">
    <ele>1765.4</ele>
    <time>2022-12-05T19:33:27Z</time>
   </trkpt>
   <trkpt lat="39.5642640" lon="-104.8616430">
    <ele>1765.4</ele>
    <time>2022-12-05T19:33:28Z</time>
   </trkpt>
   <trkpt lat="39.5642610" lon="-104.8616540">
    <ele>1765.4</ele>
    <time>2022-12-05T19:33:29Z</time>
   </trkpt>
   <trkpt lat="39.5642570" lon="-104.8616640">
    <ele>1765.4</ele>
    <time>2022-12-05T19:33:30Z</time>
   </trkpt>
   <trkpt lat="39.5642520" lon="-104.8616800">
    <ele>1765.4</ele>
    <time>2022-12-05T19:33:31Z</time>
   </trkpt>
   <trkpt lat="39.5642520" lon="-104.8616920">
    <ele>1765.4</ele>
    <time>2022-12-05T19:33:32Z</time>
   </trkpt>
   <trkpt lat="39.5642470" lon="-104.8617000">
    <ele>1765.5</ele>
    <time>2022-12-05T19:33:33Z</time>
   </trkpt>
   <trkpt lat="39.5642470" lon="-104.8617110">
    <ele>1765.5</ele>
    <time>2022-12-05T19:33:34Z</time>
   </trkpt>
   <trkpt lat="39.5642500" lon="-104.8617220">
    <ele>1765.5</ele>
    <time>2022-12-05T19:33:35Z</time>
   </trkpt>
   <trkpt lat="39.5642390" lon="-104.8617400">
    <ele>1765.5</ele>
    <time>2022-12-05T19:33:36Z</time>
   </trkpt>
   <trkpt lat="39.5642300" lon="-104.8617650">
    <ele>1765.5</ele>
    <time>2022-12-05T19:33:37Z</time>
   </trkpt>
   <trkpt lat="39.5642260" lon="-104.8617750">
    <ele>1765.5</ele>
    <time>2022-12-05T19:33:38Z</time>
   </trkpt>
   <trkpt lat="39.5642220" lon="-104.8617850">
    <ele>1765.6</ele>
    <time>2022-12-05T19:33:39Z</time>
   </trkpt>
   <trkpt lat="39.5642050" lon="-104.8618250">
    <ele>1765.6</ele>
    <time>2022-12-05T19:33:40Z</time>
   </trkpt>
   <trkpt lat="39.5641940" lon="-104.8618500">
    <ele>1765.7</ele>
    <time>2022-12-05T19:33:41Z</time>
   </trkpt>
   <trkpt lat="39.5641830" lon="-104.8618750">
    <ele>1765.7</ele>
    <time>2022-12-05T19:33:42Z</time>
   </trkpt>
   <trkpt lat="39.5641950" lon="-104.8618480">
    <ele>1765.7</ele>
    <time>2022-12-05T19:33:43Z</time>
   </trkpt>
   <trkpt lat="39.5641850" lon="-104.8618640">
    <ele>1765.8</ele>
    <time>2022-12-05T19:33:44Z</time>
   </trkpt>
   <trkpt lat="39.5641680" lon="-104.8618920">
    <ele>1765.8</ele>
    <time>2022-12-05T19:33:45Z</time>
   </trkpt>
   <trkpt lat="39.5641640" lon="-104.8619000">
    <ele>1765.8</ele>
    <time>2022-12-05T19:33:46Z</time>
   </trkpt>
   <trkpt lat="39.5641590" lon="-104.8619150">
    <ele>1765.8</ele>
    <time>2022-12-05T19:33:47Z</time>
   </trkpt>
   <trkpt lat="39.5641530" lon="-104.8619370">
    <ele>1765.9</ele>
    <time>2022-12-05T19:33:48Z</time>
   </trkpt>
   <trkpt lat="39.5641410" lon="-104.8619690">
    <ele>1765.9</ele>
    <time>2022-12-05T19:33:49Z</time>
   </trkpt>
   <trkpt lat="39.5641320" lon="-104.8619830">
    <ele>1765.9</ele>
    <time>2022-12-05T19:33:50Z</time>
   </trkpt>
   <trkpt lat="39.5641320" lon="-104.8619900">
    <ele>1765.9</ele>
    <time>2022-12-05T19:33:51Z</time>
   </trkpt>
   <trkpt lat="39.5641270" lon="-104.8619940">
    <ele>1766.0</ele>
    <time>2022-12-05T19:33:52Z</time>
   </trkpt>
   <trkpt lat="39.5641150" lon="-104.8620130">
    <ele>1766.0</ele>
    <time>2022-12-05T19:33:53Z</time>
   </trkpt>
   <trkpt lat="39.5641050" lon="-104.8620230">
    <ele>1766.0</ele>
    <time>2022-12-05T19:33:54Z</time>
   </trkpt>
   <trkpt lat="39.5640970" lon="-104.8620440">
    <ele>1766.0</ele>
    <time>2022-12-05T19:33:55Z</time>
   </trkpt>
   <trkpt lat="39.5640730" lon="-104.8620710">
    <ele>1766.1</ele>
    <time>2022-12-05T19:33:56Z</time>
   </trkpt>
   <trkpt lat="39.5640660" lon="-104.8620770">
    <ele>1766.1</ele>
    <time>2022-12-05T19:33:57Z</time>
   </trkpt>
   <trkpt lat="39.5640570" lon="-104.8620890">
    <ele>1766.1</ele>
    <time>2022-12-05T19:33:58Z</time>
   </trkpt>
   <trkpt lat="39.5640420" lon="-104.8620980">
    <ele>1766.2</ele>
    <time>2022-12-05T19:33:59Z</time>
   </trkpt>
   <trkpt lat="39.5640350" lon="-104.8621020">
    <ele>1766.2</ele>
    <time>2022-12-05T19:34:00Z</time>
   </trkpt>
   <trkpt lat="39.5640250" lon="-104.8621180">
    <ele>1766.2</ele>
    <time>2022-12-05T19:34:01Z</time>
   </trkpt>
   <trkpt lat="39.5640130" lon="-104.8621230">
    <ele>1766.2</ele>
    <time>2022-12-05T19:34:02Z</time>
   </trkpt>
   <trkpt lat="39.5639970" lon="-104.8621440">
    <ele>1766.2</ele>
    <time>2022-12-05T19:34:03Z</time>
   </trkpt>
   <trkpt lat="39.5639900" lon="-104.8621490">
    <ele>1766.3</ele>
    <time>2022-12-05T19:34:04Z</time>
   </trkpt>
   <trkpt lat="39.5639840" lon="-104.8621540">
    <ele>1766.3</ele>
    <time>2022-12-05T19:34:05Z</time>
   </trkpt>
   <trkpt lat="39.5639840" lon="-104.8621580">
    <ele>1766.3</ele>
    <time>2022-12-05T19:34:06Z</time>
   </trkpt>
   <trkpt lat="39.5639730" lon="-104.8621680">
    <ele>1766.3</ele>
    <time>2022-12-05T19:34:07Z</time>
   </trkpt>
   <trkpt lat="39.5639650" lon="-104.8621740">
    <ele>1766.3</ele>
    <time>2022-12-05T19:34:08Z</time>
   </trkpt>
   <trkpt lat="39.5639620" lon="-104.8621770">
    <ele>1766.3</ele>
    <time>2022-12-05T19:34:09Z</time>
   </trkpt>
   <trkpt lat="39.5639480" lon="-104.8621830">
    <ele>1766.3</ele>
    <time>2022-12-05T19:34:10Z</time>
   </trkpt>
   <trkpt lat="39.5639410" lon="-104.8621860">
    <ele>1766.4</ele>
    <time>2022-12-05T19:34:11Z</time>
   </trkpt>
   <trkpt lat="39.5639340" lon="-104.8621890">
    <ele>1766.4</ele>
    <time>2022-12-05T19:34:12Z</time>
   </trkpt>
   <trkpt lat="39.5639270" lon="-104.8621920">
    <ele>1766.4</ele>
    <time>2022-12-05T19:34:13Z</time>
   </trkpt>
   <trkpt lat="39.5639090" lon="-104.8622110">
    <ele>1766.4</ele>
    <time>2022-12-05T19:34:14Z</time>
   </trkpt>
   <trkpt lat="39.5639010" lon="-104.8622170">
    <ele>1766.4</ele>
    <time>2022-12-05T19:34:15Z</time>
   </trkpt>
   <trkpt lat="39.5638920" lon="-104.8622240">
    <ele>1766.5</ele>
    <time>2022-12-05T19:34:16Z</time>
   </trkpt>
   <trkpt lat="39.5638780" lon="-104.8622380">
    <ele>1766.5</ele>
    <time>2022-12-05T19:34:17Z</time>
   </trkpt>
   <trkpt lat="39.5638670" lon="-104.8622480">
    <ele>1766.5</ele>
    <time>2022-12-05T19:34:18Z</time>
   </trkpt>
   <trkpt lat="39.5638530" lon="-104.8622660">
    <ele>1766.5</ele>
    <time>2022-12-05T19:34:19Z</time>
   </trkpt>
   <trkpt lat="39.5638480" lon="-104.8622770">
    <ele>1766.5</ele>
    <time>2022-12-05T19:34:20Z</time>
   </trkpt>
   <trkpt lat="39.5638370" lon="-104.8623030">
    <ele>1766.6</ele>
    <time>2022-12-05T19:34:21Z</time>
   </trkpt>
   <trkpt lat="39.5638320" lon="-104.8623120">
    <ele>1766.6</ele>
    <time>2022-12-05T19:34:22Z</time>
   </trkpt>
   <trkpt lat="39.5638270" lon="-104.8623220">
    <ele>1766.6</ele>
    <time>2022-12-05T19:34:23Z</time>
   </trkpt>
   <trkpt lat="39.5638230" lon="-104.8623340">
    <ele>1766.6</ele>
    <time>2022-12-05T19:34:24Z</time>
   </trkpt>
   <trkpt lat="39.5638430" lon="-104.8623320">
    <ele>1766.6</ele>
    <time>2022-12-05T19:34:25Z</time>
   </trkpt>
   <trkpt lat="39.5638550" lon="-104.8623460">
    <ele>1766.6</ele>
    <time>2022-12-05T19:34:26Z</time>
   </trkpt>
   <trkpt lat="39.5638630" lon="-104.8623550">
    <ele>1766.7</ele>
    <time>2022-12-05T19:34:27Z</time>
   </trkpt>
   <trkpt lat="39.5638670" lon="-104.8623560">
    <ele>1766.7</ele>
    <time>2022-12-05T19:34:28Z</time>
   </trkpt>
   <trkpt lat="39.5638710" lon="-104.8623530">
    <ele>1766.7</ele>
    <time>2022-12-05T19:34:29Z</time>
   </trkpt>
   <trkpt lat="39.5638740" lon="-104.8623530">
    <ele>1766.7</ele>
    <time>2022-12-05T19:34:30Z</time>
   </trkpt>
   <trkpt lat="39.5638840" lon="-104.8623530">
    <ele>1766.7</ele>
    <time>2022-12-05T19:34:31Z</time>
   </trkpt>
   <trkpt lat="39.5639030" lon="-104.8623510">
    <ele>1766.7</ele>
    <time>2022-12-05T19:34:32Z</time>
   </trkpt>
   <trkpt lat="39.5639100" lon="-104.8623420">
    <ele>1766.7</ele>
    <time>2022-12-05T19:34:33Z</time>
   </trkpt>
   <trkpt lat="39.5639290" lon="-104.8623380">
    <ele>1766.8</ele>
    <time>2022-12-05T19:34:34Z</time>
   </trkpt>
   <trkpt lat="39.5639380" lon="-104.8623360">
    <ele>1766.8</ele>
    <time>2022-12-05T19:34:35Z</time>
   </trkpt>
   <trkpt lat="39.5639460" lon="-104.8623330">
    <ele>1766.8</ele>
    <time>2022-12-05T19:34:36Z</time>
   </trkpt>
   <trkpt lat="39.5639580" lon="-104.8623160">
    <ele>1766.8</ele>
    <time>2022-12-05T19:34:37Z</time>
   </trkpt>
   <trkpt lat="39.5639660" lon="-104.8623000">
    <ele>1766.8</ele>
    <time>2022-12-05T19:34:38Z</time>
   </trkpt>
   <trkpt lat="39.5639720" lon="-104.8622850">
    <ele>1766.8</ele>
    <time>2022-12-05T19:34:39Z</time>
   </trkpt>
   <trkpt lat="39.5639760" lon="-104.8622640">
    <ele>1766.8</ele>
    <time>2022-12-05T19:34:40Z</time>
   </trkpt>
   <trkpt lat="39.5639790" lon="-104.8622450">
    <ele>1766.8</ele>
    <time>2022-12-05T19:34:41Z</time>
   </trkpt>
   <trkpt lat="39.5639820" lon="-104.8622290">
    <ele>1766.7</ele>
    <time>2022-12-05T19:34:42Z</time>
   </trkpt>
   <trkpt lat="39.5639820" lon="-104.8622150">
    <ele>1766.6</ele>
    <time>2022-12-05T19:34:43Z</time>
   </trkpt>
   <trkpt lat="39.5639840" lon="-104.8622000">
    <ele>1766.6</ele>
    <time>2022-12-05T19:34:44Z</time>
   </trkpt>
   <trkpt lat="39.5639890" lon="-104.8621930">
    <ele>1766.6</ele>
    <time>2022-12-05T19:34:45Z</time>
   </trkpt>
   <trkpt lat="39.5639940" lon="-104.8621730">
    <ele>1766.6</ele>
    <time>2022-12-05T19:34:46Z</time>
   </trkpt>
   <trkpt lat="39.5640010" lon="-104.8621690">
    <ele>1766.6</ele>
    <time>2022-12-05T19:34:47Z</time>
   </trkpt>
   <trkpt lat="39.5640080" lon="-104.8621610">
    <ele>1766.5</ele>
    <time>2022-12-05T19:34:48Z</time>
   </trkpt>
   <trkpt lat="39.5640130" lon="-104.8621540">
    <ele>1766.5</ele>
    <time>2022-12-05T19:34:49Z</time>
   </trkpt>
   <trkpt lat="39.5640180" lon="-104.8621410">
    <ele>1766.5</ele>
    <time>2022-12-05T19:34:50Z</time>
   </trkpt>
   <trkpt lat="39.5640230" lon="-104.8621260">
    <ele>1766.5</ele>
    <time>2022-12-05T19:34:51Z</time>
   </trkpt>
   <trkpt lat="39.5640360" lon="-104.8621130">
    <ele>1766.4</ele>
    <time>2022-12-05T19:34:52Z</time>
   </trkpt>
   <trkpt lat="39.5640450" lon="-104.8621040">
    <ele>1766.4</ele>
    <time>2022-12-05T19:34:53Z</time>
   </trkpt>
   <trkpt lat="39.5640570" lon="-104.8620880">
    <ele>1766.4</ele>
    <time>2022-12-05T19:34:54Z</time>
   </trkpt>
   <trkpt lat="39.5640710" lon="-104.8620800">
    <ele>1766.4</ele>
    <time>2022-12-05T19:34:55Z</time>
   </trkpt>
   <trkpt lat="39.5640780" lon="-104.8620680">
    <ele>1766.3</ele>
    <time>2022-12-05T19:34:56Z</time>
   </trkpt>
   <trkpt lat="39.5640860" lon="-104.8620580">
    <ele>1766.3</ele>
    <time>2022-12-05T19:34:57Z</time>
   </trkpt>
   <trkpt lat="39.5640920" lon="-104.8620440">
    <ele>1766.3</ele>
    <time>2022-12-05T19:34:58Z</time>
   </trkpt>
   <trkpt lat="39.5641050" lon="-104.8620260">
    <ele>1766.2</ele>
    <time>2022-12-05T19:34:59Z</time>
   </trkpt>
   <trkpt lat="39.5641100" lon="-104.8620170">
    <ele>1766.2</ele>
    <time>2022-12-05T19:35:00Z</time>
   </trkpt>
   <trkpt lat="39.5641150" lon="-104.8620070">
    <ele>1766.2</ele>
    <time>2022-12-05T19:35:01Z</time>
   </trkpt>
   <trkpt lat="39.5641240" lon="-104.8619990">
    <ele>1766.2</ele>
    <time>2022-12-05T19:35:02Z</time>
   </trkpt>
   <trkpt lat="39.5641310" lon="-104.8619880">
    <ele>1766.2</ele>
    <time>2022-12-05T19:35:03Z</time>
   </trkpt>
   <trkpt lat="39.5641420" lon="-104.8619770">
    <ele>1766.1</ele>
    <time>2022-12-05T19:35:04Z</time>
   </trkpt>
   <trkpt lat="39.5641480" lon="-104.8619650">
    <ele>1766.1</ele>
    <time>2022-12-05T19:35:05Z</time>
   </trkpt>
   <trkpt lat="39.5641540" lon="-104.8619520">
    <ele>1766.1</ele>
    <time>2022-12-05T19:35:06Z</time>
   </trkpt>
   <trkpt lat="39.5641590" lon="-104.8619370">
    <ele>1766.1</ele>
    <time>2022-12-05T19:35:07Z</time>
   </trkpt>
   <trkpt lat="39.5641650" lon="-104.8619130">
    <ele>1766.1</ele>
    <time>2022-12-05T19:35:08Z</time>
   </trkpt>
   <trkpt lat="39.5641680" lon="-104.8619020">
    <ele>1766.1</ele>
    <time>2022-12-05T19:35:09Z</time>
   </trkpt>
   <trkpt lat="39.5641710" lon="-104.8618910">
    <ele>1766.1</ele>
    <time>2022-12-05T19:35:10Z</time>
   </trkpt>
   <trkpt lat="39.5641760" lon="-104.8618750">
    <ele>1766.1</ele>
    <time>2022-12-05T19:35:11Z</time>
   </trkpt>
   <trkpt lat="39.5641840" lon="-104.8618580">
    <ele>1766.1</ele>
    <time>2022-12-05T19:35:12Z</time>
   </trkpt>
   <trkpt lat="39.5641910" lon="-104.8618400">
    <ele>1766.1</ele>
    <time>2022-12-05T19:35:13Z</time>
   </trkpt>
   <trkpt lat="39.5642010" lon="-104.8618250">
    <ele>1766.1</ele>
    <time>2022-12-05T19:35:14Z</time>
   </trkpt>
   <trkpt lat="39.5642080" lon="-104.8618020">
    <ele>1766.1</ele>
    <time>2022-12-05T19:35:15Z</time>
   </trkpt>
   <trkpt lat="39.5642130" lon="-104.8617820">
    <ele>1766.1</ele>
    <time>2022-12-05T19:35:16Z</time>
   </trkpt>
   <trkpt lat="39.5642200" lon="-104.8617740">
    <ele>1766.1</ele>
    <time>2022-12-05T19:35:17Z</time>
   </trkpt>
   <trkpt lat="39.5642290" lon="-104.8617670">
    <ele>1766.1</ele>
    <time>2022-12-05T19:35:18Z</time>
   </trkpt>
   <trkpt lat="39.5642370" lon="-104.8617490">
    <ele>1766.1</ele>
    <time>2022-12-05T19:35:19Z</time>
   </trkpt>
   <trkpt lat="39.5642450" lon="-104.8617400">
    <ele>1766.1</ele>
    <time>2022-12-05T19:35:20Z</time>
   </trkpt>
   <trkpt lat="39.5642530" lon="-104.8617320">
    <ele>1766.0</ele>
    <time>2022-12-05T19:35:21Z</time>
   </trkpt>
   <trkpt lat="39.5642630" lon="-104.8617220">
    <ele>1766.0</ele>
    <time>2022-12-05T19:35:22Z</time>
   </trkpt>
   <trkpt lat="39.5642720" lon="-104.8617080">
    <ele>1766.0</ele>
    <time>2022-12-05T19:35:23Z</time>
   </trkpt>
   <trkpt lat="39.5642820" lon="-104.8617010">
    <ele>1766.0</ele>
    <time>2022-12-05T19:35:24Z</time>
   </trkpt>
   <trkpt lat="39.5642910" lon="-104.8616960">
    <ele>1766.0</ele>
    <time>2022-12-05T19:35:25Z</time>
   </trkpt>
   <trkpt lat="39.5643100" lon="-104.8616670">
    <ele>1766.0</ele>
    <time>2022-12-05T19:35:26Z</time>
   </trkpt>
   <trkpt lat="39.5643150" lon="-104.8616560">
    <ele>1766.0</ele>
    <time>2022-12-05T19:35:27Z</time>
   </trkpt>
   <trkpt lat="39.5643330" lon="-104.8616390">
    <ele>1765.9</ele>
    <time>2022-12-05T19:35:28Z</time>
   </trkpt>
   <trkpt lat="39.5643380" lon="-104.8616310">
    <ele>1765.9</ele>
    <time>2022-12-05T19:35:29Z</time>
   </trkpt>
   <trkpt lat="39.5643440" lon="-104.8616240">
    <ele>1765.9</ele>
    <time>2022-12-05T19:35:30Z</time>
   </trkpt>
   <trkpt lat="39.5643580" lon="-104.8615990">
    <ele>1765.9</ele>
    <time>2022-12-05T19:35:31Z</time>
   </trkpt>
   <trkpt lat="39.5643610" lon="-104.8615920">
    <ele>1765.9</ele>
    <time>2022-12-05T19:35:32Z</time>
   </trkpt>
   <trkpt lat="39.5643640" lon="-104.8615850">
    <ele>1765.9</ele>
    <time>2022-12-05T19:35:33Z</time>
   </trkpt>
   <trkpt lat="39.5643690" lon="-104.8615690">
    <ele>1765.9</ele>
    <time>2022-12-05T19:35:34Z</time>
   </trkpt>
   <trkpt lat="39.5643780" lon="-104.8615550">
    <ele>1765.9</ele>
    <time>2022-12-05T19:35:35Z</time>
   </trkpt>
   <trkpt lat="39.5643870" lon="-104.8615400">
    <ele>1765.8</ele>
    <time>2022-12-05T19:35:36Z</time>
   </trkpt>
   <trkpt lat="39.5643980" lon="-104.8615220">
    <ele>1765.8</ele>
    <time>2022-12-05T19:35:37Z</time>
   </trkpt>
   <trkpt lat="39.5644070" lon="-104.8615140">
    <ele>1765.8</ele>
    <time>2022-12-05T19:35:38Z</time>
   </trkpt>
   <trkpt lat="39.5644080" lon="-104.8615020">
    <ele>1765.8</ele>
    <time>2022-12-05T19:35:39Z</time>
   </trkpt>
   <trkpt lat="39.5644110" lon="-104.8614880">
    <ele>1765.8</ele>
    <time>2022-12-05T19:35:40Z</time>
   </trkpt>
   <trkpt lat="39.5644170" lon="-104.8614730">
    <ele>1765.8</ele>
    <time>2022-12-05T19:35:41Z</time>
   </trkpt>
   <trkpt lat="39.5644230" lon="-104.8614560">
    <ele>1765.8</ele>
    <time>2022-12-05T19:35:42Z</time>
   </trkpt>
   <trkpt lat="39.5644350" lon="-104.8614310">
    <ele>1765.8</ele>
    <time>2022-12-05T19:35:43Z</time>
   </trkpt>
   <trkpt lat="39.5644380" lon="-104.8614200">
    <ele>1765.8</ele>
    <time>2022-12-05T19:35:44Z</time>
   </trkpt>
   <trkpt lat="39.5644420" lon="-104.8614080">
    <ele>1765.8</ele>
    <time>2022-12-05T19:35:45Z</time>
   </trkpt>
   <trkpt lat="39.5644430" lon="-104.8613780">
    <ele>1765.8</ele>
    <time>2022-12-05T19:35:46Z</time>
   </trkpt>
   <trkpt lat="39.5644410" lon="-104.8613670">
    <ele>1765.8</ele>
    <time>2022-12-05T19:35:47Z</time>
   </trkpt>
   <trkpt lat="39.5644390" lon="-104.8613560">
    <ele>1765.8</ele>
    <time>2022-12-05T19:35:48Z</time>
   </trkpt>
   <trkpt lat="39.5644450" lon="-104.8613170">
    <ele>1765.8</ele>
    <time>2022-12-05T19:35:49Z</time>
   </trkpt>
   <trkpt lat="39.5644460" lon="-104.8613060">
    <ele>1765.8</ele>
    <time>2022-12-05T19:35:50Z</time>
   </trkpt>
   <trkpt lat="39.5644580" lon="-104.8612910">
    <ele>1765.8</ele>
    <time>2022-12-05T19:35:51Z</time>
   </trkpt>
   <trkpt lat="39.5644700" lon="-104.8612790">
    <ele>1766.0</ele>
    <time>2022-12-05T19:35:52Z</time>
   </trkpt>
   <trkpt lat="39.5644880" lon="-104.8612720">
    <ele>1766.1</ele>
    <time>2022-12-05T19:35:53Z</time>
   </trkpt>
   <trkpt lat="39.5644980" lon="-104.8612700">
    <ele>1766.1</ele>
    <time>2022-12-05T19:35:54Z</time>
   </trkpt>
   <trkpt lat="39.5645070" lon="-104.8612670">
    <ele>1766.1</ele>
    <time>2022-12-05T19:35:55Z</time>
   </trkpt>
   <trkpt lat="39.5645200" lon="-104.8612660">
    <ele>1766.1</ele>
    <time>2022-12-05T19:35:56Z</time>
   </trkpt>
   <trkpt lat="39.5645370" lon="-104.8612620">
    <ele>1766.2</ele>
    <time>2022-12-05T19:35:57Z</time>
   </trkpt>
   <trkpt lat="39.5645670" lon="-104.8612450">
    <ele>1766.3</ele>
    <time>2022-12-05T19:35:58Z</time>
   </trkpt>
   <trkpt lat="39.5645780" lon="-104.8612390">
    <ele>1766.3</ele>
    <time>2022-12-05T19:35:59Z</time>
   </trkpt>
   <trkpt lat="39.5645880" lon="-104.8612350">
    <ele>1766.3</ele>
    <time>2022-12-05T19:36:00Z</time>
   </trkpt>
   <trkpt lat="39.5645960" lon="-104.8612280">
    <ele>1766.3</ele>
    <time>2022-12-05T19:36:01Z</time>
   </trkpt>
   <trkpt lat="39.5646040" lon="-104.8612190">
    <ele>1766.4</ele>
    <time>2022-12-05T19:36:02Z</time>
   </trkpt>
   <trkpt lat="39.5646160" lon="-104.8612110">
    <ele>1766.4</ele>
    <time>2022-12-05T19:36:03Z</time>
   </trkpt>
   <trkpt lat="39.5646230" lon="-104.8612040">
    <ele>1766.4</ele>
    <time>2022-12-05T19:36:04Z</time>
   </trkpt>
   <trkpt lat="39.5646300" lon="-104.8611990">
    <ele>1766.5</ele>
    <time>2022-12-05T19:36:05Z</time>
   </trkpt>
   <trkpt lat="39.5646400" lon="-104.8611880">
    <ele>1766.5</ele>
    <time>2022-12-05T19:36:06Z</time>
   </trkpt>
   <trkpt lat="39.5646450" lon="-104.8611810">
    <ele>1766.5</ele>
    <time>2022-12-05T19:36:07Z</time>
   </trkpt>
   <trkpt lat="39.5646530" lon="-104.8611630">
    <ele>1766.5</ele>
    <time>2022-12-05T19:36:08Z</time>
   </trkpt>
   <trkpt lat="39.5646620" lon="-104.8611470">
    <ele>1766.5</ele>
    <time>2022-12-05T19:36:09Z</time>
   </trkpt>
   <trkpt lat="39.5646710" lon="-104.8611340">
    <ele>1766.4</ele>
    <time>2022-12-05T19:36:10Z</time>
   </trkpt>
   <trkpt lat="39.5646840" lon="-104.8611160">
    <ele>1766.4</ele>
    <time>2022-12-05T19:36:11Z</time>
   </trkpt>
   <trkpt lat="39.5646940" lon="-104.8611010">
    <ele>1766.4</ele>
    <time>2022-12-05T19:36:12Z</time>
   </trkpt>
   <trkpt lat="39.5647080" lon="-104.8610790">
    <ele>1766.4</ele>
    <time>2022-12-05T19:36:13Z</time>
   </trkpt>
   <trkpt lat="39.5647140" lon="-104.8610700">
    <ele>1766.4</ele>
    <time>2022-12-05T19:36:14Z</time>
   </trkpt>
   <trkpt lat="39.5647210" lon="-104.8610610">
    <ele>1766.3</ele>
    <time>2022-12-05T19:36:15Z</time>
   </trkpt>
   <trkpt lat="39.5647370" lon="-104.8610410">
    <ele>1766.3</ele>
    <time>2022-12-05T19:36:16Z</time>
   </trkpt>
   <trkpt lat="39.5647450" lon="-104.8610310">
    <ele>1766.3</ele>
    <time>2022-12-05T19:36:17Z</time>
   </trkpt>
   <trkpt lat="39.5647520" lon="-104.8610210">
    <ele>1766.3</ele>
    <time>2022-12-05T19:36:18Z</time>
   </trkpt>
   <trkpt lat="39.5647650" lon="-104.8610060">
    <ele>1766.2</ele>
    <time>2022-12-05T19:36:19Z</time>
   </trkpt>
   <trkpt lat="39.5647710" lon="-104.8609880">
    <ele>1766.2</ele>
    <time>2022-12-05T19:36:20Z</time>
   </trkpt>
   <trkpt lat="39.5647810" lon="-104.8609690">
    <ele>1766.2</ele>
    <time>2022-12-05T19:36:21Z</time>
   </trkpt>
   <trkpt lat="39.5647880" lon="-104.8609520">
    <ele>1766.2</ele>
    <time>2022-12-05T19:36:22Z</time>
   </trkpt>
   <trkpt lat="39.5648000" lon="-104.8609360">
    <ele>1766.1</ele>
    <time>2022-12-05T19:36:23Z</time>
   </trkpt>
   <trkpt lat="39.5648100" lon="-104.8609240">
    <ele>1766.1</ele>
    <time>2022-12-05T19:36:24Z</time>
   </trkpt>
   <trkpt lat="39.5648220" lon="-104.8609090">
    <ele>1766.1</ele>
    <time>2022-12-05T19:36:25Z</time>
   </trkpt>
   <trkpt lat="39.5648330" lon="-104.8609000">
    <ele>1766.1</ele>
    <time>2022-12-05T19:36:26Z</time>
   </trkpt>
   <trkpt lat="39.5648460" lon="-104.8608830">
    <ele>1766.0</ele>
    <time>2022-12-05T19:36:27Z</time>
   </trkpt>
   <trkpt lat="39.5648590" lon="-104.8608680">
    <ele>1766.0</ele>
    <time>2022-12-05T19:36:28Z</time>
   </trkpt>
   <trkpt lat="39.5648720" lon="-104.8608580">
    <ele>1766.0</ele>
    <time>2022-12-05T19:36:29Z</time>
   </trkpt>
   <trkpt lat="39.5648820" lon="-104.8608440">
    <ele>1766.0</ele>
    <time>2022-12-05T19:36:30Z</time>
   </trkpt>
   <trkpt lat="39.5648960" lon="-104.8608310">
    <ele>1765.9</ele>
    <time>2022-12-05T19:36:31Z</time>
   </trkpt>
   <trkpt lat="39.5649070" lon="-104.8608210">
    <ele>1765.9</ele>
    <time>2022-12-05T19:36:32Z</time>
   </trkpt>
   <trkpt lat="39.5649260" lon="-104.8608100">
    <ele>1765.9</ele>
    <time>2022-12-05T19:36:33Z</time>
   </trkpt>
   <trkpt lat="39.5649350" lon="-104.8608040">
    <ele>1765.9</ele>
    <time>2022-12-05T19:36:34Z</time>
   </trkpt>
   <trkpt lat="39.5649450" lon="-104.8607990">
    <ele>1765.9</ele>
    <time>2022-12-05T19:36:35Z</time>
   </trkpt>
   <trkpt lat="39.5649620" lon="-104.8607840">
    <ele>1765.8</ele>
    <time>2022-12-05T19:36:36Z</time>
   </trkpt>
   <trkpt lat="39.5649710" lon="-104.8607800">
    <ele>1765.8</ele>
    <time>2022-12-05T19:36:37Z</time>
   </trkpt>
   <trkpt lat="39.5649800" lon="-104.8607760">
    <ele>1765.8</ele>
    <time>2022-12-05T19:36:38Z</time>
   </trkpt>
   <trkpt lat="39.5649960" lon="-104.8607740">
    <ele>1765.8</ele>
    <time>2022-12-05T19:36:39Z</time>
   </trkpt>
   <trkpt lat="39.5650090" lon="-104.8607680">
    <ele>1765.8</ele>
    <time>2022-12-05T19:36:40Z</time>
   </trkpt>
   <trkpt lat="39.5650290" lon="-104.8607560">
    <ele>1765.7</ele>
    <time>2022-12-05T19:36:41Z</time>
   </trkpt>
   <trkpt lat="39.5650360" lon="-104.8607500">
    <ele>1765.7</ele>
    <time>2022-12-05T19:36:42Z</time>
   </trkpt>
   <trkpt lat="39.5650440" lon="-104.8607450">
    <ele>1765.7</ele>
    <time>2022-12-05T19:36:43Z</time>
   </trkpt>
   <trkpt lat="39.5650590" lon="-104.8607400">
    <ele>1765.7</ele>
    <time>2022-12-05T19:36:44Z</time>
   </trkpt>
   <trkpt lat="39.5650760" lon="-104.8607320">
    <ele>1765.7</ele>
    <time>2022-12-05T19:36:45Z</time>
   </trkpt>
   <trkpt lat="39.5650980" lon="-104.8607330">
    <ele>1765.6</ele>
    <time>2022-12-05T19:36:46Z</time>
   </trkpt>
   <trkpt lat="39.5651070" lon="-104.8607320">
    <ele>1765.6</ele>
    <time>2022-12-05T19:36:47Z</time>
   </trkpt>
   <trkpt lat="39.5651170" lon="-104.8607310">
    <ele>1765.6</ele>
    <time>2022-12-05T19:36:48Z</time>
   </trkpt>
   <trkpt lat="39.5651320" lon="-104.8607260">
    <ele>1765.6</ele>
    <time>2022-12-05T19:36:49Z</time>
   </trkpt>
   <trkpt lat="39.5651480" lon="-104.8607170">
    <ele>1765.6</ele>
    <time>2022-12-05T19:36:50Z</time>
   </trkpt>
   <trkpt lat="39.5651680" lon="-104.8607100">
    <ele>1765.5</ele>
    <time>2022-12-05T19:36:51Z</time>
   </trkpt>
   <trkpt lat="39.5651830" lon="-104.8607080">
    <ele>1765.5</ele>
    <time>2022-12-05T19:36:52Z</time>
   </trkpt>
   <trkpt lat="39.5651970" lon="-104.8607040">
    <ele>1765.5</ele>
    <time>2022-12-05T19:36:53Z</time>
   </trkpt>
   <trkpt lat="39.5652110" lon="-104.8607030">
    <ele>1765.5</ele>
    <time>2022-12-05T19:36:54Z</time>
   </trkpt>
   <trkpt lat="39.5652230" lon="-104.8607020">
    <ele>1765.5</ele>
    <time>2022-12-05T19:36:55Z</time>
   </trkpt>
   <trkpt lat="39.5652400" lon="-104.8606960">
    <ele>1765.4</ele>
    <time>2022-12-05T19:36:56Z</time>
   </trkpt>
   <trkpt lat="39.5652600" lon="-104.8606910">
    <ele>1765.4</ele>
    <time>2022-12-05T19:36:57Z</time>
   </trkpt>
   <trkpt lat="39.5652700" lon="-104.8606880">
    <ele>1765.4</ele>
    <time>2022-12-05T19:36:58Z</time>
   </trkpt>
   <trkpt lat="39.5652800" lon="-104.8606860">
    <ele>1765.4</ele>
    <time>2022-12-05T19:36:59Z</time>
   </trkpt>
   <trkpt lat="39.5652910" lon="-104.8606780">
    <ele>1765.4</ele>
    <time>2022-12-05T19:37:00Z</time>
   </trkpt>
   <trkpt lat="39.5653090" lon="-104.8606760">
    <ele>1765.3</ele>
    <time>2022-12-05T19:37:01Z</time>
   </trkpt>
   <trkpt lat="39.5653220" lon="-104.8606760">
    <ele>1765.3</ele>
    <time>2022-12-05T19:37:02Z</time>
   </trkpt>
   <trkpt lat="39.5653370" lon="-104.8606710">
    <ele>1765.3</ele>
    <time>2022-12-05T19:37:03Z</time>
   </trkpt>
   <trkpt lat="39.5653580" lon="-104.8606710">
    <ele>1765.3</ele>
    <time>2022-12-05T19:37:04Z</time>
   </trkpt>
   <trkpt lat="39.5653660" lon="-104.8606710">
    <ele>1765.3</ele>
    <time>2022-12-05T19:37:05Z</time>
   </trkpt>
   <trkpt lat="39.5653750" lon="-104.8606720">
    <ele>1765.3</ele>
    <time>2022-12-05T19:37:06Z</time>
   </trkpt>
   <trkpt lat="39.5653810" lon="-104.8606710">
    <ele>1765.3</ele>
    <time>2022-12-05T19:37:07Z</time>
   </trkpt>
   <trkpt lat="39.5653940" lon="-104.8606700">
    <ele>1765.3</ele>
    <time>2022-12-05T19:37:08Z</time>
   </trkpt>
   <trkpt lat="39.5654100" lon="-104.8606700">
    <ele>1765.3</ele>
    <time>2022-12-05T19:37:09Z</time>
   </trkpt>
   <trkpt lat="39.5654240" lon="-104.8606770">
    <ele>1765.2</ele>
    <time>2022-12-05T19:37:10Z</time>
   </trkpt>
   <trkpt lat="39.5654420" lon="-104.8606790">
    <ele>1765.2</ele>
    <time>2022-12-05T19:37:11Z</time>
   </trkpt>
   <trkpt lat="39.5654630" lon="-104.8606770">
    <ele>1765.2</ele>
    <time>2022-12-05T19:37:12Z</time>
   </trkpt>
   <trkpt lat="39.5654720" lon="-104.8606790">
    <ele>1765.2</ele>
    <time>2022-12-05T19:37:13Z</time>
   </trkpt>
   <trkpt lat="39.5654810" lon="-104.8606800">
    <ele>1765.2</ele>
    <time>2022-12-05T19:37:14Z</time>
   </trkpt>
   <trkpt lat="39.5654960" lon="-104.8606810">
    <ele>1765.2</ele>
    <time>2022-12-05T19:37:15Z</time>
   </trkpt>
   <trkpt lat="39.5655120" lon="-104.8606880">
    <ele>1765.2</ele>
    <time>2022-12-05T19:37:16Z</time>
   </trkpt>
   <trkpt lat="39.5655250" lon="-104.8606960">
    <ele>1765.2</ele>
    <time>2022-12-05T19:37:17Z</time>
   </trkpt>
   <trkpt lat="39.5655390" lon="-104.8606990">
    <ele>1765.1</ele>
    <time>2022-12-05T19:37:18Z</time>
   </trkpt>
   <trkpt lat="39.5655560" lon="-104.8606980">
    <ele>1765.1</ele>
    <time>2022-12-05T19:37:19Z</time>
   </trkpt>
   <trkpt lat="39.5655700" lon="-104.8607000">
    <ele>1765.1</ele>
    <time>2022-12-05T19:37:20Z</time>
   </trkpt>
   <trkpt lat="39.5655860" lon="-104.8606980">
    <ele>1765.1</ele>
    <time>2022-12-05T19:37:21Z</time>
   </trkpt>
   <trkpt lat="39.5656040" lon="-104.8606910">
    <ele>1765.1</ele>
    <time>2022-12-05T19:37:22Z</time>
   </trkpt>
   <trkpt lat="39.5656170" lon="-104.8606860">
    <ele>1765.1</ele>
    <time>2022-12-05T19:37:23Z</time>
   </trkpt>
   <trkpt lat="39.5656340" lon="-104.8606830">
    <ele>1765.1</ele>
    <time>2022-12-05T19:37:24Z</time>
   </trkpt>
   <trkpt lat="39.5656590" lon="-104.8606780">
    <ele>1765.0</ele>
    <time>2022-12-05T19:37:25Z</time>
   </trkpt>
   <trkpt lat="39.5656710" lon="-104.8606770">
    <ele>1765.0</ele>
    <time>2022-12-05T19:37:26Z</time>
   </trkpt>
   <trkpt lat="39.5656820" lon="-104.8606770">
    <ele>1765.0</ele>
    <time>2022-12-05T19:37:27Z</time>
   </trkpt>
   <trkpt lat="39.5656970" lon="-104.8606770">
    <ele>1765.0</ele>
    <time>2022-12-05T19:37:28Z</time>
   </trkpt>
   <trkpt lat="39.5657110" lon="-104.8606710">
    <ele>1765.0</ele>
    <time>2022-12-05T19:37:29Z</time>
   </trkpt>
   <trkpt lat="39.5657260" lon="-104.8606680">
    <ele>1765.0</ele>
    <time>2022-12-05T19:37:30Z</time>
   </trkpt>
   <trkpt lat="39.5657400" lon="-104.8606670">
    <ele>1765.0</ele>
    <time>2022-12-05T19:37:31Z</time>
   </trkpt>
   <trkpt lat="39.5657540" lon="-104.8606640">
    <ele>1765.0</ele>
    <time>2022-12-05T19:37:32Z</time>
   </trkpt>
   <trkpt lat="39.5657700" lon="-104.8606660">
    <ele>1765.0</ele>
    <time>2022-12-05T19:37:33Z</time>
   </trkpt>
   <trkpt lat="39.5657850" lon="-104.8606650">
    <ele>1765.0</ele>
    <time>2022-12-05T19:37:34Z</time>
   </trkpt>
   <trkpt lat="39.5657990" lon="-104.8606680">
    <ele>1764.9</ele>
    <time>2022-12-05T19:37:35Z</time>
   </trkpt>
   <trkpt lat="39.5658090" lon="-104.8606690">
    <ele>1764.9</ele>
    <time>2022-12-05T19:37:36Z</time>
   </trkpt>
   <trkpt lat="39.5658210" lon="-104.8606660">
    <ele>1764.9</ele>
    <time>2022-12-05T19:37:37Z</time>
   </trkpt>
   <trkpt lat="39.5658350" lon="-104.8606660">
    <ele>1764.9</ele>
    <time>2022-12-05T19:37:38Z</time>
   </trkpt>
   <trkpt lat="39.5658510" lon="-104.8606640">
    <ele>1764.9</ele>
    <time>2022-12-05T19:37:39Z</time>
   </trkpt>
   <trkpt lat="39.5658680" lon="-104.8606620">
    <ele>1764.9</ele>
    <time>2022-12-05T19:37:40Z</time>
   </trkpt>
   <trkpt lat="39.5658910" lon="-104.8606580">
    <ele>1764.9</ele>
    <time>2022-12-05T19:37:41Z</time>
   </trkpt>
   <trkpt lat="39.5659010" lon="-104.8606570">
    <ele>1764.9</ele>
    <time>2022-12-05T19:37:42Z</time>
   </trkpt>
   <trkpt lat="39.5659120" lon="-104.8606550">
    <ele>1764.9</ele>
    <time>2022-12-05T19:37:43Z</time>
   </trkpt>
   <trkpt lat="39.5659310" lon="-104.8606590">
    <ele>1764.9</ele>
    <time>2022-12-05T19:37:44Z</time>
   </trkpt>
   <trkpt lat="39.5659460" lon="-104.8606570">
    <ele>1764.9</ele>
    <time>2022-12-05T19:37:45Z</time>
   </trkpt>
   <trkpt lat="39.5659690" lon="-104.8606570">
    <ele>1764.9</ele>
    <time>2022-12-05T19:37:46Z</time>
   </trkpt>
   <trkpt lat="39.5659770" lon="-104.8606550">
    <ele>1764.9</ele>
    <time>2022-12-05T19:37:47Z</time>
   </trkpt>
   <trkpt lat="39.5659860" lon="-104.8606540">
    <ele>1764.9</ele>
    <time>2022-12-05T19:37:48Z</time>
   </trkpt>
   <trkpt lat="39.5659990" lon="-104.8606470">
    <ele>1764.8</ele>
    <time>2022-12-05T19:37:49Z</time>
   </trkpt>
   <trkpt lat="39.5660130" lon="-104.8606470">
    <ele>1764.8</ele>
    <time>2022-12-05T19:37:50Z</time>
   </trkpt>
   <trkpt lat="39.5660290" lon="-104.8606510">
    <ele>1764.8</ele>
    <time>2022-12-05T19:37:51Z</time>
   </trkpt>
   <trkpt lat="39.5660420" lon="-104.8606530">
    <ele>1764.8</ele>
    <time>2022-12-05T19:37:52Z</time>
   </trkpt>
   <trkpt lat="39.5660570" lon="-104.8606530">
    <ele>1764.8</ele>
    <time>2022-12-05T19:37:53Z</time>
   </trkpt>
   <trkpt lat="39.5660710" lon="-104.8606480">
    <ele>1764.8</ele>
    <time>2022-12-05T19:37:54Z</time>
   </trkpt>
   <trkpt lat="39.5660850" lon="-104.8606400">
    <ele>1764.8</ele>
    <time>2022-12-05T19:37:55Z</time>
   </trkpt>
   <trkpt lat="39.5660980" lon="-104.8606330">
    <ele>1764.8</ele>
    <time>2022-12-05T19:37:56Z</time>
   </trkpt>
   <trkpt lat="39.5661070" lon="-104.8606400">
    <ele>1764.8</ele>
    <time>2022-12-05T19:37:57Z</time>
   </trkpt>
   <trkpt lat="39.5661160" lon="-104.8606480">
    <ele>1764.8</ele>
    <time>2022-12-05T19:37:58Z</time>
   </trkpt>
   <trkpt lat="39.5661270" lon="-104.8606470">
    <ele>1764.8</ele>
    <time>2022-12-05T19:37:59Z</time>
   </trkpt>
   <trkpt lat="39.5661430" lon="-104.8606500">
    <ele>1764.7</ele>
    <time>2022-12-05T19:38:00Z</time>
   </trkpt>
   <trkpt lat="39.5661620" lon="-104.8606490">
    <ele>1764.7</ele>
    <time>2022-12-05T19:38:01Z</time>
   </trkpt>
   <trkpt lat="39.5661790" lon="-104.8606480">
    <ele>1764.7</ele>
    <time>2022-12-05T19:38:02Z</time>
   </trkpt>
   <trkpt lat="39.5661920" lon="-104.8606450">
    <ele>1764.7</ele>
    <time>2022-12-05T19:38:03Z</time>
   </trkpt>
   <trkpt lat="39.5662140" lon="-104.8606420">
    <ele>1764.7</ele>
    <time>2022-12-05T19:38:04Z</time>
   </trkpt>
   <trkpt lat="39.5662230" lon="-104.8606430">
    <ele>1764.7</ele>
    <time>2022-12-05T19:38:05Z</time>
   </trkpt>
   <trkpt lat="39.5662310" lon="-104.8606430">
    <ele>1764.7</ele>
    <time>2022-12-05T19:38:06Z</time>
   </trkpt>
   <trkpt lat="39.5662540" lon="-104.8606390">
    <ele>1764.7</ele>
    <time>2022-12-05T19:38:07Z</time>
   </trkpt>
   <trkpt lat="39.5662630" lon="-104.8606400">
    <ele>1764.7</ele>
    <time>2022-12-05T19:38:08Z</time>
   </trkpt>
   <trkpt lat="39.5662720" lon="-104.8606410">
    <ele>1764.7</ele>
    <time>2022-12-05T19:38:09Z</time>
   </trkpt>
   <trkpt lat="39.5663000" lon="-104.8606360">
    <ele>1764.6</ele>
    <time>2022-12-05T19:38:10Z</time>
   </trkpt>
   <trkpt lat="39.5663090" lon="-104.8606320">
    <ele>1764.6</ele>
    <time>2022-12-05T19:38:11Z</time>
   </trkpt>
   <trkpt lat="39.5663270" lon="-104.8606320">
    <ele>1764.6</ele>
    <time>2022-12-05T19:38:12Z</time>
   </trkpt>
   <trkpt lat="39.5663440" lon="-104.8606420">
    <ele>1764.6</ele>
    <time>2022-12-05T19:38:13Z</time>
   </trkpt>
   <trkpt lat="39.5663590" lon="-104.8606490">
    <ele>1764.6</ele>
    <time>2022-12-05T19:38:14Z</time>
   </trkpt>
   <trkpt lat="39.5663710" lon="-104.8606550">
    <ele>1764.6</ele>
    <time>2022-12-05T19:38:15Z</time>
   </trkpt>
   <trkpt lat="39.5663820" lon="-104.8606620">
    <ele>1764.6</ele>
    <time>2022-12-05T19:38:16Z</time>
   </trkpt>
   <trkpt lat="39.5663960" lon="-104.8606680">
    <ele>1764.6</ele>
    <time>2022-12-05T19:38:17Z</time>
   </trkpt>
   <trkpt lat="39.5664090" lon="-104.8606710">
    <ele>1764.6</ele>
    <time>2022-12-05T19:38:18Z</time>
   </trkpt>
   <trkpt lat="39.5664260" lon="-104.8606740">
    <ele>1764.5</ele>
    <time>2022-12-05T19:38:19Z</time>
   </trkpt>
   <trkpt lat="39.5664390" lon="-104.8606750">
    <ele>1764.5</ele>
    <time>2022-12-05T19:38:20Z</time>
   </trkpt>
   <trkpt lat="39.5664540" lon="-104.8606840">
    <ele>1764.5</ele>
    <time>2022-12-05T19:38:21Z</time>
   </trkpt>
   <trkpt lat="39.5664670" lon="-104.8606880">
    <ele>1764.5</ele>
    <time>2022-12-05T19:38:22Z</time>
   </trkpt>
   <trkpt lat="39.5664840" lon="-104.8606910">
    <ele>1764.5</ele>
    <time>2022-12-05T19:38:23Z</time>
   </trkpt>
   <trkpt lat="39.5664980" lon="-104.8606940">
    <ele>1764.5</ele>
    <time>2022-12-05T19:38:24Z</time>
   </trkpt>
   <trkpt lat="39.5665080" lon="-104.8607100">
    <ele>1764.5</ele>
    <time>2022-12-05T19:38:25Z</time>
   </trkpt>
   <trkpt lat="39.5665340" lon="-104.8607180">
    <ele>1764.5</ele>
    <time>2022-12-05T19:38:26Z</time>
   </trkpt>
   <trkpt lat="39.5665430" lon="-104.8607220">
    <ele>1764.5</ele>
    <time>2022-12-05T19:38:27Z</time>
   </trkpt>
   <trkpt lat="39.5665590" lon="-104.8607300">
    <ele>1764.5</ele>
    <time>2022-12-05T19:38:28Z</time>
   </trkpt>
   <trkpt lat="39.5665760" lon="-104.8607390">
    <ele>1764.5</ele>
    <time>2022-12-05T19:38:29Z</time>
   </trkpt>
   <trkpt lat="39.5665930" lon="-104.8607450">
    <ele>1764.5</ele>
    <time>2022-12-05T19:38:30Z</time>
   </trkpt>
   <trkpt lat="39.5666070" lon="-104.8607570">
    <ele>1764.4</ele>
    <time>2022-12-05T19:38:31Z</time>
   </trkpt>
   <trkpt lat="39.5666180" lon="-104.8607620">
    <ele>1764.4</ele>
    <time>2022-12-05T19:38:32Z</time>
   </trkpt>
   <trkpt lat="39.5666340" lon="-104.8607730">
    <ele>1764.4</ele>
    <time>2022-12-05T19:38:33Z</time>
   </trkpt>
   <trkpt lat="39.5666470" lon="-104.8607800">
    <ele>1764.4</ele>
    <time>2022-12-05T19:38:34Z</time>
   </trkpt>
   <trkpt lat="39.5666650" lon="-104.8607870">
    <ele>1764.4</ele>
    <time>2022-12-05T19:38:35Z</time>
   </trkpt>
   <trkpt lat="39.5666830" lon="-104.8608020">
    <ele>1764.4</ele>
    <time>2022-12-05T19:38:36Z</time>
   </trkpt>
   <trkpt lat="39.5666900" lon="-104.8608080">
    <ele>1764.4</ele>
    <time>2022-12-05T19:38:37Z</time>
   </trkpt>
   <trkpt lat="39.5666960" lon="-104.8608130">
    <ele>1764.4</ele>
    <time>2022-12-05T19:38:38Z</time>
   </trkpt>
   <trkpt lat="39.5667080" lon="-104.8608260">
    <ele>1764.4</ele>
    <time>2022-12-05T19:38:39Z</time>
   </trkpt>
   <trkpt lat="39.5667220" lon="-104.8608380">
    <ele>1764.4</ele>
    <time>2022-12-05T19:38:40Z</time>
   </trkpt>
   <trkpt lat="39.5667340" lon="-104.8608450">
    <ele>1764.4</ele>
    <time>2022-12-05T19:38:41Z</time>
   </trkpt>
   <trkpt lat="39.5667490" lon="-104.8608500">
    <ele>1764.4</ele>
    <time>2022-12-05T19:38:42Z</time>
   </trkpt>
   <trkpt lat="39.5667610" lon="-104.8608540">
    <ele>1764.4</ele>
    <time>2022-12-05T19:38:43Z</time>
   </trkpt>
   <trkpt lat="39.5667790" lon="-104.8608590">
    <ele>1764.4</ele>
    <time>2022-12-05T19:38:44Z</time>
   </trkpt>
   <trkpt lat="39.5667920" lon="-104.8608670">
    <ele>1764.4</ele>
    <time>2022-12-05T19:38:45Z</time>
   </trkpt>
   <trkpt lat="39.5668040" lon="-104.8608790">
    <ele>1764.4</ele>
    <time>2022-12-05T19:38:46Z</time>
   </trkpt>
   <trkpt lat="39.5668130" lon="-104.8608840">
    <ele>1764.4</ele>
    <time>2022-12-05T19:38:47Z</time>
   </trkpt>
   <trkpt lat="39.5668300" lon="-104.8608970">
    <ele>1764.4</ele>
    <time>2022-12-05T19:38:48Z</time>
   </trkpt>
   <trkpt lat="39.5668450" lon="-104.8609050">
    <ele>1764.4</ele>
    <time>2022-12-05T19:38:49Z</time>
   </trkpt>
   <trkpt lat="39.5668590" lon="-104.8609140">
    <ele>1764.4</ele>
    <time>2022-12-05T19:38:50Z</time>
   </trkpt>
   <trkpt lat="39.5668710" lon="-104.8609260">
    <ele>1764.4</ele>
    <time>2022-12-05T19:38:51Z</time>
   </trkpt>
   <trkpt lat="39.5668820" lon="-104.8609430">
    <ele>1764.4</ele>
    <time>2022-12-05T19:38:52Z</time>
   </trkpt>
   <trkpt lat="39.5668980" lon="-104.8609630">
    <ele>1764.4</ele>
    <time>2022-12-05T19:38:53Z</time>
   </trkpt>
   <trkpt lat="39.5669060" lon="-104.8609730">
    <ele>1764.4</ele>
    <time>2022-12-05T19:38:54Z</time>
   </trkpt>
   <trkpt lat="39.5669130" lon="-104.8609820">
    <ele>1764.4</ele>
    <time>2022-12-05T19:38:55Z</time>
   </trkpt>
   <trkpt lat="39.5669300" lon="-104.8609890">
    <ele>1764.5</ele>
    <time>2022-12-05T19:38:56Z</time>
   </trkpt>
   <trkpt lat="39.5669370" lon="-104.8610010">
    <ele>1764.5</ele>
    <time>2022-12-05T19:38:57Z</time>
   </trkpt>
   <trkpt lat="39.5669430" lon="-104.8610120">
    <ele>1764.5</ele>
    <time>2022-12-05T19:38:58Z</time>
   </trkpt>
   <trkpt lat="39.5669680" lon="-104.8610350">
    <ele>1764.5</ele>
    <time>2022-12-05T19:38:59Z</time>
   </trkpt>
   <trkpt lat="39.5669760" lon="-104.8610460">
    <ele>1764.5</ele>
    <time>2022-12-05T19:39:00Z</time>
   </trkpt>
   <trkpt lat="39.5669890" lon="-104.8610480">
    <ele>1764.5</ele>
    <time>2022-12-05T19:39:01Z</time>
   </trkpt>
   <trkpt lat="39.5670020" lon="-104.8610600">
    <ele>1764.5</ele>
    <time>2022-12-05T19:39:02Z</time>
   </trkpt>
   <trkpt lat="39.5670170" lon="-104.8610710">
    <ele>1764.6</ele>
    <time>2022-12-05T19:39:03Z</time>
   </trkpt>
   <trkpt lat="39.5670250" lon="-104.8610870">
    <ele>1764.6</ele>
    <time>2022-12-05T19:39:04Z</time>
   </trkpt>
   <trkpt lat="39.5670400" lon="-104.8611010">
    <ele>1764.6</ele>
    <time>2022-12-05T19:39:05Z</time>
   </trkpt>
   <trkpt lat="39.5670500" lon="-104.8611130">
    <ele>1764.6</ele>
    <time>2022-12-05T19:39:06Z</time>
   </trkpt>
   <trkpt lat="39.5670670" lon="-104.8611320">
    <ele>1764.6</ele>
    <time>2022-12-05T19:39:07Z</time>
   </trkpt>
   <trkpt lat="39.5670740" lon="-104.8611430">
    <ele>1764.6</ele>
    <time>2022-12-05T19:39:08Z</time>
   </trkpt>
   <trkpt lat="39.5670810" lon="-104.8611540">
    <ele>1764.6</ele>
    <time>2022-12-05T19:39:09Z</time>
   </trkpt>
   <trkpt lat="39.5670910" lon="-104.8611640">
    <ele>1764.6</ele>
    <time>2022-12-05T19:39:10Z</time>
   </trkpt>
   <trkpt lat="39.5670950" lon="-104.8611840">
    <ele>1764.7</ele>
    <time>2022-12-05T19:39:11Z</time>
   </trkpt>
   <trkpt lat="39.5671070" lon="-104.8611960">
    <ele>1764.7</ele>
    <time>2022-12-05T19:39:12Z</time>
   </trkpt>
   <trkpt lat="39.5671170" lon="-104.8612140">
    <ele>1764.7</ele>
    <time>2022-12-05T19:39:13Z</time>
   </trkpt>
   <trkpt lat="39.5671250" lon="-104.8612310">
    <ele>1764.7</ele>
    <time>2022-12-05T19:39:14Z</time>
   </trkpt>
   <trkpt lat="39.5671300" lon="-104.8612450">
    <ele>1764.7</ele>
    <time>2022-12-05T19:39:15Z</time>
   </trkpt>
   <trkpt lat="39.5671340" lon="-104.8612600">
    <ele>1764.7</ele>
    <time>2022-12-05T19:39:16Z</time>
   </trkpt>
   <trkpt lat="39.5671460" lon="-104.8612880">
    <ele>1764.8</ele>
    <time>2022-12-05T19:39:17Z</time>
   </trkpt>
   <trkpt lat="39.5671500" lon="-104.8612950">
    <ele>1764.8</ele>
    <time>2022-12-05T19:39:18Z</time>
   </trkpt>
   <trkpt lat="39.5671540" lon="-104.8613030">
    <ele>1764.8</ele>
    <time>2022-12-05T19:39:19Z</time>
   </trkpt>
   <trkpt lat="39.5671560" lon="-104.8613190">
    <ele>1764.8</ele>
    <time>2022-12-05T19:39:20Z</time>
   </trkpt>
   <trkpt lat="39.5671580" lon="-104.8613240">
    <ele>1764.8</ele>
    <time>2022-12-05T19:39:21Z</time>
   </trkpt>
   <trkpt lat="39.5671640" lon="-104.8613460">
    <ele>1764.8</ele>
    <time>2022-12-05T19:39:22Z</time>
   </trkpt>
   <trkpt lat="39.5671720" lon="-104.8613620">
    <ele>1764.8</ele>
    <time>2022-12-05T19:39:23Z</time>
   </trkpt>
   <trkpt lat="39.5671780" lon="-104.8613850">
    <ele>1764.8</ele>
    <time>2022-12-05T19:39:24Z</time>
   </trkpt>
   <trkpt lat="39.5671830" lon="-104.8614020">
    <ele>1764.8</ele>
    <time>2022-12-05T19:39:25Z</time>
   </trkpt>
   <trkpt lat="39.5671880" lon="-104.8614210">
    <ele>1764.8</ele>
    <time>2022-12-05T19:39:26Z</time>
   </trkpt>
   <trkpt lat="39.5671960" lon="-104.8614460">
    <ele>1764.8</ele>
    <time>2022-12-05T19:39:27Z</time>
   </trkpt>
   <trkpt lat="39.5672010" lon="-104.8614550">
    <ele>1764.8</ele>
    <time>2022-12-05T19:39:28Z</time>
   </trkpt>
   <trkpt lat="39.5672050" lon="-104.8614640">
    <ele>1764.8</ele>
    <time>2022-12-05T19:39:29Z</time>
   </trkpt>
   <trkpt lat="39.5672090" lon="-104.8614810">
    <ele>1764.8</ele>
    <time>2022-12-05T19:39:30Z</time>
   </trkpt>
   <trkpt lat="39.5672160" lon="-104.8614990">
    <ele>1764.9</ele>
    <time>2022-12-05T19:39:31Z</time>
   </trkpt>
   <trkpt lat="39.5672220" lon="-104.8615110">
    <ele>1764.9</ele>
    <time>2022-12-05T19:39:32Z</time>
   </trkpt>
   <trkpt lat="39.5672270" lon="-104.8615220">
    <ele>1764.9</ele>
    <time>2022-12-05T19:39:33Z</time>
   </trkpt>
   <trkpt lat="39.5672320" lon="-104.8615390">
    <ele>1764.9</ele>
    <time>2022-12-05T19:39:34Z</time>
   </trkpt>
   <trkpt lat="39.5672370" lon="-104.8615600">
    <ele>1764.9</ele>
    <time>2022-12-05T19:39:35Z</time>
   </trkpt>
   <trkpt lat="39.5672460" lon="-104.8615750">
    <ele>1764.9</ele>
    <time>2022-12-05T19:39:36Z</time>
   </trkpt>
   <trkpt lat="39.5672550" lon="-104.8615920">
    <ele>1764.9</ele>
    <time>2022-12-05T19:39:37Z</time>
   </trkpt>
   <trkpt lat="39.5672620" lon="-104.8616110">
    <ele>1764.9</ele>
    <time>2022-12-05T19:39:38Z</time>
   </trkpt>
   <trkpt lat="39.5672700" lon="-104.8616290">
    <ele>1765.0</ele>
    <time>2022-12-05T19:39:39Z</time>
   </trkpt>
   <trkpt lat="39.5672730" lon="-104.8616530">
    <ele>1765.0</ele>
    <time>2022-12-05T19:39:40Z</time>
   </trkpt>
   <trkpt lat="39.5672810" lon="-104.8616690">
    <ele>1765.0</ele>
    <time>2022-12-05T19:39:41Z</time>
   </trkpt>
   <trkpt lat="39.5672920" lon="-104.8616880">
    <ele>1765.0</ele>
    <time>2022-12-05T19:39:42Z</time>
   </trkpt>
   <trkpt lat="39.5672990" lon="-104.8617060">
    <ele>1765.0</ele>
    <time>2022-12-05T19:39:43Z</time>
   </trkpt>
   <trkpt lat="39.5673070" lon="-104.8617220">
    <ele>1765.0</ele>
    <time>2022-12-05T19:39:44Z</time>
   </trkpt>
   <trkpt lat="39.5673150" lon="-104.8617350">
    <ele>1765.1</ele>
    <time>2022-12-05T19:39:45Z</time>
   </trkpt>
   <trkpt lat="39.5673260" lon="-104.8617530">
    <ele>1765.1</ele>
    <time>2022-12-05T19:39:46Z</time>
   </trkpt>
   <trkpt lat="39.5673300" lon="-104.8617720">
    <ele>1765.1</ele>
    <time>2022-12-05T19:39:47Z</time>
   </trkpt>
   <trkpt lat="39.5673310" lon="-104.8617950">
    <ele>1765.1</ele>
    <time>2022-12-05T19:39:48Z</time>
   </trkpt>
   <trkpt lat="39.5673430" lon="-104.8618270">
    <ele>1765.1</ele>
    <time>2022-12-05T19:39:49Z</time>
   </trkpt>
   <trkpt lat="39.5673490" lon="-104.8618380">
    <ele>1765.1</ele>
    <time>2022-12-05T19:39:50Z</time>
   </trkpt>
   <trkpt lat="39.5673710" lon="-104.8618580">
    <ele>1765.2</ele>
    <time>2022-12-05T19:39:51Z</time>
   </trkpt>
   <trkpt lat="39.5673780" lon="-104.8618660">
    <ele>1765.2</ele>
    <time>2022-12-05T19:39:52Z</time>
   </trkpt>
   <trkpt lat="39.5673920" lon="-104.8618830">
    <ele>1765.2</ele>
    <time>2022-12-05T19:39:53Z</time>
   </trkpt>
   <trkpt lat="39.5674010" lon="-104.8618970">
    <ele>1765.1</ele>
    <time>2022-12-05T19:39:54Z</time>
   </trkpt>
   <trkpt lat="39.5674300" lon="-104.8619160">
    <ele>1765.1</ele>
    <time>2022-12-05T19:39:55Z</time>
   </trkpt>
   <trkpt lat="39.5674430" lon="-104.8619210">
    <ele>1765.1</ele>
    <time>2022-12-05T19:39:56Z</time>
   </trkpt>
   <trkpt lat="39.5674690" lon="-104.8619020">
    <ele>1765.1</ele>
    <time>2022-12-05T19:39:57Z</time>
   </trkpt>
   <trkpt lat="39.5674910" lon="-104.8618800">
    <ele>1765.1</ele>
    <time>2022-12-05T19:39:58Z</time>
   </trkpt>
   <trkpt lat="39.5675050" lon="-104.8618680">
    <ele>1765.1</ele>
    <time>2022-12-05T19:39:59Z</time>
   </trkpt>
   <trkpt lat="39.5675200" lon="-104.8618540">
    <ele>1765.1</ele>
    <time>2022-12-05T19:40:00Z</time>
   </trkpt>
   <trkpt lat="39.5675460" lon="-104.8618310">
    <ele>1765.0</ele>
    <time>2022-12-05T19:40:01Z</time>
   </trkpt>
   <trkpt lat="39.5675550" lon="-104.8618210">
    <ele>1765.0</ele>
    <time>2022-12-05T19:40:02Z</time>
   </trkpt>
   <trkpt lat="39.5675830" lon="-104.8618080">
    <ele>1765.0</ele>
    <time>2022-12-05T19:40:03Z</time>
   </trkpt>
   <trkpt lat="39.5675900" lon="-104.8618030">
    <ele>1765.0</ele>
    <time>2022-12-05T19:40:04Z</time>
   </trkpt>
   <trkpt lat="39.5676080" lon="-104.8617940">
    <ele>1765.0</ele>
    <time>2022-12-05T19:40:05Z</time>
   </trkpt>
   <trkpt lat="39.5676180" lon="-104.8617900">
    <ele>1765.0</ele>
    <time>2022-12-05T19:40:06Z</time>
   </trkpt>
   <trkpt lat="39.5676300" lon="-104.8617850">
    <ele>1765.0</ele>
    <time>2022-12-05T19:40:07Z</time>
   </trkpt>
   <trkpt lat="39.5676440" lon="-104.8617750">
    <ele>1765.0</ele>
    <time>2022-12-05T19:40:08Z</time>
   </trkpt>
   <trkpt lat="39.5676520" lon="-104.8617610">
    <ele>1765.0</ele>
    <time>2022-12-05T19:40:09Z</time>
   </trkpt>
   <trkpt lat="39.5676620" lon="-104.8617480">
    <ele>1764.9</ele>
    <time>2022-12-05T19:40:10Z</time>
   </trkpt>
   <trkpt lat="39.5676750" lon="-104.8617380">
    <ele>1764.9</ele>
    <time>2022-12-05T19:40:11Z</time>
   </trkpt>
   <trkpt lat="39.5676910" lon="-104.8617310">
    <ele>1764.9</ele>
    <time>2022-12-05T19:40:12Z</time>
   </trkpt>
   <trkpt lat="39.5677070" lon="-104.8617260">
    <ele>1764.9</ele>
    <time>2022-12-05T19:40:13Z</time>
   </trkpt>
   <trkpt lat="39.5677190" lon="-104.8617170">
    <ele>1764.9</ele>
    <time>2022-12-05T19:40:14Z</time>
   </trkpt>
   <trkpt lat="39.5677340" lon="-104.8617160">
    <ele>1764.9</ele>
    <time>2022-12-05T19:40:15Z</time>
   </trkpt>
   <trkpt lat="39.5677470" lon="-104.8617230">
    <ele>1764.9</ele>
    <time>2022-12-05T19:40:16Z</time>
   </trkpt>
   <trkpt lat="39.5677590" lon="-104.8617120">
    <ele>1764.9</ele>
    <time>2022-12-05T19:40:17Z</time>
   </trkpt>
   <trkpt lat="39.5677700" lon="-104.8617020">
    <ele>1764.9</ele>
    <time>2022-12-05T19:40:18Z</time>
   </trkpt>
   <trkpt lat="39.5677790" lon="-104.8616900">
    <ele>1764.9</ele>
    <time>2022-12-05T19:40:19Z</time>
   </trkpt>
   <trkpt lat="39.5677820" lon="-104.8616820">
    <ele>1764.8</ele>
    <time>2022-12-05T19:40:20Z</time>
   </trkpt>
   <trkpt lat="39.5677900" lon="-104.8616740">
    <ele>1764.8</ele>
    <time>2022-12-05T19:40:21Z</time>
   </trkpt>
   <trkpt lat="39.5678040" lon="-104.8616700">
    <ele>1764.8</ele>
    <time>2022-12-05T19:40:22Z</time>
   </trkpt>
   <trkpt lat="39.5678080" lon="-104.8616700">
    <ele>1764.8</ele>
    <time>2022-12-05T19:40:23Z</time>
   </trkpt>
   <trkpt lat="39.5678190" lon="-104.8616700">
    <ele>1764.8</ele>
    <time>2022-12-05T19:40:25Z</time>
   </trkpt>
   <trkpt lat="39.5678320" lon="-104.8616640">
    <ele>1764.8</ele>
    <time>2022-12-05T19:40:26Z</time>
   </trkpt>
   <trkpt lat="39.5678400" lon="-104.8616580">
    <ele>1764.8</ele>
    <time>2022-12-05T19:40:27Z</time>
   </trkpt>
   <trkpt lat="39.5678490" lon="-104.8616550">
    <ele>1764.8</ele>
    <time>2022-12-05T19:40:28Z</time>
   </trkpt>
   <trkpt lat="39.5678620" lon="-104.8616470">
    <ele>1764.8</ele>
    <time>2022-12-05T19:40:29Z</time>
   </trkpt>
   <trkpt lat="39.5678700" lon="-104.8616450">
    <ele>1764.8</ele>
    <time>2022-12-05T19:40:30Z</time>
   </trkpt>
   <trkpt lat="39.5678770" lon="-104.8616420">
    <ele>1764.8</ele>
    <time>2022-12-05T19:40:31Z</time>
   </trkpt>
   <trkpt lat="39.5678840" lon="-104.8616400">
    <ele>1764.8</ele>
    <time>2022-12-05T19:40:32Z</time>
   </trkpt>
   <trkpt lat="39.5679020" lon="-104.8616260">
    <ele>1764.8</ele>
    <time>2022-12-05T19:40:33Z</time>
   </trkpt>
   <trkpt lat="39.5679120" lon="-104.8616220">
    <ele>1764.8</ele>
    <time>2022-12-05T19:40:34Z</time>
   </trkpt>
   <trkpt lat="39.5679230" lon="-104.8616170">
    <ele>1764.8</ele>
    <time>2022-12-05T19:40:35Z</time>
   </trkpt>
   <trkpt lat="39.5679500" lon="-104.8616060">
    <ele>1764.8</ele>
    <time>2022-12-05T19:40:36Z</time>
   </trkpt>
   <trkpt lat="39.5679640" lon="-104.8615950">
    <ele>1764.7</ele>
    <time>2022-12-05T19:40:37Z</time>
   </trkpt>
   <trkpt lat="39.5679760" lon="-104.8615850">
    <ele>1764.7</ele>
    <time>2022-12-05T19:40:38Z</time>
   </trkpt>
   <trkpt lat="39.5679840" lon="-104.8615700">
    <ele>1764.7</ele>
    <time>2022-12-05T19:40:39Z</time>
   </trkpt>
   <trkpt lat="39.5679930" lon="-104.8615600">
    <ele>1764.7</ele>
    <time>2022-12-05T19:40:40Z</time>
   </trkpt>
   <trkpt lat="39.5680010" lon="-104.8615540">
    <ele>1764.7</ele>
    <time>2022-12-05T19:40:41Z</time>
   </trkpt>
   <trkpt lat="39.5680180" lon="-104.8615350">
    <ele>1764.7</ele>
    <time>2022-12-05T19:40:42Z</time>
   </trkpt>
   <trkpt lat="39.5680270" lon="-104.8615250">
    <ele>1764.7</ele>
    <time>2022-12-05T19:40:43Z</time>
   </trkpt>
   <trkpt lat="39.5680360" lon="-104.8615150">
    <ele>1764.7</ele>
    <time>2022-12-05T19:40:44Z</time>
   </trkpt>
   <trkpt lat="39.5680450" lon="-104.8615080">
    <ele>1764.6</ele>
    <time>2022-12-05T19:40:45Z</time>
   </trkpt>
   <trkpt lat="39.5680600" lon="-104.8614910">
    <ele>1764.6</ele>
    <time>2022-12-05T19:40:46Z</time>
   </trkpt>
   <trkpt lat="39.5680730" lon="-104.8614790">
    <ele>1764.6</ele>
    <time>2022-12-05T19:40:47Z</time>
   </trkpt>
   <trkpt lat="39.5680860" lon="-104.8614710">
    <ele>1764.6</ele>
    <time>2022-12-05T19:40:48Z</time>
   </trkpt>
   <trkpt lat="39.5681030" lon="-104.8614510">
    <ele>1764.6</ele>
    <time>2022-12-05T19:40:49Z</time>
   </trkpt>
   <trkpt lat="39.5681110" lon="-104.8614410">
    <ele>1764.6</ele>
    <time>2022-12-05T19:40:50Z</time>
   </trkpt>
   <trkpt lat="39.5681180" lon="-104.8614310">
    <ele>1764.6</ele>
    <time>2022-12-05T19:40:51Z</time>
   </trkpt>
   <trkpt lat="39.5681460" lon="-104.8614070">
    <ele>1764.5</ele>
    <time>2022-12-05T19:40:52Z</time>
   </trkpt>
   <trkpt lat="39.5681570" lon="-104.8614000">
    <ele>1764.5</ele>
    <time>2022-12-05T19:40:53Z</time>
   </trkpt>
   <trkpt lat="39.5681810" lon="-104.8613830">
    <ele>1764.5</ele>
    <time>2022-12-05T19:40:54Z</time>
   </trkpt>
   <trkpt lat="39.5681910" lon="-104.8613760">
    <ele>1764.5</ele>
    <time>2022-12-05T19:40:55Z</time>
   </trkpt>
   <trkpt lat="39.5682020" lon="-104.8613640">
    <ele>1764.5</ele>
    <time>2022-12-05T19:40:56Z</time>
   </trkpt>
   <trkpt lat="39.5682160" lon="-104.8613560">
    <ele>1764.4</ele>
    <time>2022-12-05T19:40:57Z</time>
   </trkpt>
   <trkpt lat="39.5682280" lon="-104.8613510">
    <ele>1764.4</ele>
    <time>2022-12-05T19:40:58Z</time>
   </trkpt>
   <trkpt lat="39.5682430" lon="-104.8613440">
    <ele>1764.4</ele>
    <time>2022-12-05T19:40:59Z</time>
   </trkpt>
   <trkpt lat="39.5682530" lon="-104.8613330">
    <ele>1764.4</ele>
    <time>2022-12-05T19:41:00Z</time>
   </trkpt>
   <trkpt lat="39.5682690" lon="-104.8613150">
    <ele>1764.4</ele>
    <time>2022-12-05T19:41:01Z</time>
   </trkpt>
   <trkpt lat="39.5682810" lon="-104.8613010">
    <ele>1764.3</ele>
    <time>2022-12-05T19:41:02Z</time>
   </trkpt>
   <trkpt lat="39.5682950" lon="-104.8612920">
    <ele>1764.3</ele>
    <time>2022-12-05T19:41:03Z</time>
   </trkpt>
   <trkpt lat="39.5683030" lon="-104.8612810">
    <ele>1764.3</ele>
    <time>2022-12-05T19:41:04Z</time>
   </trkpt>
   <trkpt lat="39.5683080" lon="-104.8612730">
    <ele>1764.3</ele>
    <time>2022-12-05T19:41:05Z</time>
   </trkpt>
   <trkpt lat="39.5683190" lon="-104.8612620">
    <ele>1764.3</ele>
    <time>2022-12-05T19:41:06Z</time>
   </trkpt>
   <trkpt lat="39.5683320" lon="-104.8612490">
    <ele>1764.3</ele>
    <time>2022-12-05T19:41:07Z</time>
   </trkpt>
   <trkpt lat="39.5683400" lon="-104.8612380">
    <ele>1764.2</ele>
    <time>2022-12-05T19:41:08Z</time>
   </trkpt>
   <trkpt lat="39.5683640" lon="-104.8612210">
    <ele>1764.2</ele>
    <time>2022-12-05T19:41:09Z</time>
   </trkpt>
   <trkpt lat="39.5683730" lon="-104.8612180">
    <ele>1764.2</ele>
    <time>2022-12-05T19:41:10Z</time>
   </trkpt>
   <trkpt lat="39.5683960" lon="-104.8612110">
    <ele>1764.2</ele>
    <time>2022-12-05T19:41:11Z</time>
   </trkpt>
   <trkpt lat="39.5684040" lon="-104.8612020">
    <ele>1764.2</ele>
    <time>2022-12-05T19:41:12Z</time>
   </trkpt>
   <trkpt lat="39.5684170" lon="-104.8611940">
    <ele>1764.1</ele>
    <time>2022-12-05T19:41:13Z</time>
   </trkpt>
   <trkpt lat="39.5684310" lon="-104.8611870">
    <ele>1764.1</ele>
    <time>2022-12-05T19:41:14Z</time>
   </trkpt>
   <trkpt lat="39.5684520" lon="-104.8611760">
    <ele>1764.1</ele>
    <time>2022-12-05T19:41:15Z</time>
   </trkpt>
   <trkpt lat="39.5684610" lon="-104.8611740">
    <ele>1764.1</ele>
    <time>2022-12-05T19:41:16Z</time>
   </trkpt>
   <trkpt lat="39.5684710" lon="-104.8611720">
    <ele>1764.1</ele>
    <time>2022-12-05T19:41:17Z</time>
   </trkpt>
   <trkpt lat="39.5684950" lon="-104.8611550">
    <ele>1764.0</ele>
    <time>2022-12-05T19:41:18Z</time>
   </trkpt>
   <trkpt lat="39.5685040" lon="-104.8611480">
    <ele>1764.0</ele>
    <time>2022-12-05T19:41:19Z</time>
   </trkpt>
   <trkpt lat="39.5685180" lon="-104.8611410">
    <ele>1764.0</ele>
    <time>2022-12-05T19:41:20Z</time>
   </trkpt>
   <trkpt lat="39.5685340" lon="-104.8611330">
    <ele>1764.0</ele>
    <time>2022-12-05T19:41:21Z</time>
   </trkpt>
   <trkpt lat="39.5685460" lon="-104.8611240">
    <ele>1764.0</ele>
    <time>2022-12-05T19:41:22Z</time>
   </trkpt>
   <trkpt lat="39.5685600" lon="-104.8611150">
    <ele>1763.9</ele>
    <time>2022-12-05T19:41:23Z</time>
   </trkpt>
   <trkpt lat="39.5685740" lon="-104.8611090">
    <ele>1763.9</ele>
    <time>2022-12-05T19:41:24Z</time>
   </trkpt>
   <trkpt lat="39.5685890" lon="-104.8611010">
    <ele>1763.9</ele>
    <time>2022-12-05T19:41:25Z</time>
   </trkpt>
   <trkpt lat="39.5686000" lon="-104.8610910">
    <ele>1763.9</ele>
    <time>2022-12-05T19:41:26Z</time>
   </trkpt>
   <trkpt lat="39.5686130" lon="-104.8610790">
    <ele>1763.9</ele>
    <time>2022-12-05T19:41:27Z</time>
   </trkpt>
   <trkpt lat="39.5686250" lon="-104.8610610">
    <ele>1763.8</ele>
    <time>2022-12-05T19:41:28Z</time>
   </trkpt>
   <trkpt lat="39.5686320" lon="-104.8610480">
    <ele>1763.8</ele>
    <time>2022-12-05T19:41:29Z</time>
   </trkpt>
   <trkpt lat="39.5686440" lon="-104.8610350">
    <ele>1763.8</ele>
    <time>2022-12-05T19:41:30Z</time>
   </trkpt>
   <trkpt lat="39.5686620" lon="-104.8610280">
    <ele>1763.8</ele>
    <time>2022-12-05T19:41:31Z</time>
   </trkpt>
   <trkpt lat="39.5686760" lon="-104.8610200">
    <ele>1763.7</ele>
    <time>2022-12-05T19:41:32Z</time>
   </trkpt>
   <trkpt lat="39.5686920" lon="-104.8610060">
    <ele>1763.7</ele>
    <time>2022-12-05T19:41:33Z</time>
   </trkpt>
   <trkpt lat="39.5687100" lon="-104.8609920">
    <ele>1763.7</ele>
    <time>2022-12-05T19:41:34Z</time>
   </trkpt>
   <trkpt lat="39.5687180" lon="-104.8609880">
    <ele>1763.7</ele>
    <time>2022-12-05T19:41:35Z</time>
   </trkpt>
   <trkpt lat="39.5687270" lon="-104.8609840">
    <ele>1763.7</ele>
    <time>2022-12-05T19:41:36Z</time>
   </trkpt>
   <trkpt lat="39.5687370" lon="-104.8609710">
    <ele>1763.6</ele>
    <time>2022-12-05T19:41:37Z</time>
   </trkpt>
   <trkpt lat="39.5687500" lon="-104.8609590">
    <ele>1763.6</ele>
    <time>2022-12-05T19:41:38Z</time>
   </trkpt>
   <trkpt lat="39.5687730" lon="-104.8609370">
    <ele>1763.6</ele>
    <time>2022-12-05T19:41:39Z</time>
   </trkpt>
   <trkpt lat="39.5687790" lon="-104.8609290">
    <ele>1763.6</ele>
    <time>2022-12-05T19:41:40Z</time>
   </trkpt>
   <trkpt lat="39.5687980" lon="-104.8609170">
    <ele>1763.5</ele>
    <time>2022-12-05T19:41:41Z</time>
   </trkpt>
   <trkpt lat="39.5688050" lon="-104.8609110">
    <ele>1763.5</ele>
    <time>2022-12-05T19:41:42Z</time>
   </trkpt>
   <trkpt lat="39.5688120" lon="-104.8609050">
    <ele>1763.5</ele>
    <time>2022-12-05T19:41:43Z</time>
   </trkpt>
   <trkpt lat="39.5688240" lon="-104.8608920">
    <ele>1763.5</ele>
    <time>2022-12-05T19:41:44Z</time>
   </trkpt>
   <trkpt lat="39.5688370" lon="-104.8608820">
    <ele>1763.5</ele>
    <time>2022-12-05T19:41:45Z</time>
   </trkpt>
   <trkpt lat="39.5688530" lon="-104.8608730">
    <ele>1763.4</ele>
    <time>2022-12-05T19:41:46Z</time>
   </trkpt>
   <trkpt lat="39.5688650" lon="-104.8608620">
    <ele>1763.4</ele>
    <time>2022-12-05T19:41:47Z</time>
   </trkpt>
   <trkpt lat="39.5688770" lon="-104.8608520">
    <ele>1763.4</ele>
    <time>2022-12-05T19:41:48Z</time>
   </trkpt>
   <trkpt lat="39.5688870" lon="-104.8608360">
    <ele>1763.4</ele>
    <time>2022-12-05T19:41:49Z</time>
   </trkpt>
   <trkpt lat="39.5689000" lon="-104.8608310">
    <ele>1763.4</ele>
    <time>2022-12-05T19:41:50Z</time>
   </trkpt>
   <trkpt lat="39.5689130" lon="-104.8608200">
    <ele>1763.3</ele>
    <time>2022-12-05T19:41:51Z</time>
   </trkpt>
   <trkpt lat="39.5689260" lon="-104.8608110">
    <ele>1763.3</ele>
    <time>2022-12-05T19:41:52Z</time>
   </trkpt>
   <trkpt lat="39.5689410" lon="-104.8608060">
    <ele>1763.3</ele>
    <time>2022-12-05T19:41:53Z</time>
   </trkpt>
   <trkpt lat="39.5689550" lon="-104.8607970">
    <ele>1763.3</ele>
    <time>2022-12-05T19:41:54Z</time>
   </trkpt>
   <trkpt lat="39.5689670" lon="-104.8607890">
    <ele>1763.3</ele>
    <time>2022-12-05T19:41:55Z</time>
   </trkpt>
   <trkpt lat="39.5689780" lon="-104.8607750">
    <ele>1763.2</ele>
    <time>2022-12-05T19:41:56Z</time>
   </trkpt>
   <trkpt lat="39.5689950" lon="-104.8607620">
    <ele>1763.2</ele>
    <time>2022-12-05T19:41:57Z</time>
   </trkpt>
   <trkpt lat="39.5690080" lon="-104.8607550">
    <ele>1763.2</ele>
    <time>2022-12-05T19:41:58Z</time>
   </trkpt>
   <trkpt lat="39.5690210" lon="-104.8607470">
    <ele>1763.2</ele>
    <time>2022-12-05T19:41:59Z</time>
   </trkpt>
   <trkpt lat="39.5690330" lon="-104.8607360">
    <ele>1763.2</ele>
    <time>2022-12-05T19:42:00Z</time>
   </trkpt>
   <trkpt lat="39.5690480" lon="-104.8607350">
    <ele>1763.1</ele>
    <time>2022-12-05T19:42:01Z</time>
   </trkpt>
   <trkpt lat="39.5690620" lon="-104.8607200">
    <ele>1763.1</ele>
    <time>2022-12-05T19:42:02Z</time>
   </trkpt>
   <trkpt lat="39.5690740" lon="-104.8607090">
    <ele>1763.1</ele>
    <time>2022-12-05T19:42:03Z</time>
   </trkpt>
   <trkpt lat="39.5690870" lon="-104.8606990">
    <ele>1763.1</ele>
    <time>2022-12-05T19:42:04Z</time>
   </trkpt>
   <trkpt lat="39.5691030" lon="-104.8606930">
    <ele>1763.0</ele>
    <time>2022-12-05T19:42:05Z</time>
   </trkpt>
   <trkpt lat="39.5691160" lon="-104.8606850">
    <ele>1763.0</ele>
    <time>2022-12-05T19:42:06Z</time>
   </trkpt>
   <trkpt lat="39.5691320" lon="-104.8606780">
    <ele>1763.0</ele>
    <time>2022-12-05T19:42:07Z</time>
   </trkpt>
   <trkpt lat="39.5691460" lon="-104.8606670">
    <ele>1763.0</ele>
    <time>2022-12-05T19:42:08Z</time>
   </trkpt>
   <trkpt lat="39.5691550" lon="-104.8606530">
    <ele>1763.0</ele>
    <time>2022-12-05T19:42:09Z</time>
   </trkpt>
   <trkpt lat="39.5691730" lon="-104.8606310">
    <ele>1762.9</ele>
    <time>2022-12-05T19:42:10Z</time>
   </trkpt>
   <trkpt lat="39.5691800" lon="-104.8606210">
    <ele>1762.9</ele>
    <time>2022-12-05T19:42:11Z</time>
   </trkpt>
   <trkpt lat="39.5691880" lon="-104.8606110">
    <ele>1762.9</ele>
    <time>2022-12-05T19:42:12Z</time>
   </trkpt>
   <trkpt lat="39.5692030" lon="-104.8605980">
    <ele>1762.9</ele>
    <time>2022-12-05T19:42:13Z</time>
   </trkpt>
   <trkpt lat="39.5692200" lon="-104.8605930">
    <ele>1762.9</ele>
    <time>2022-12-05T19:42:14Z</time>
   </trkpt>
   <trkpt lat="39.5692380" lon="-104.8605890">
    <ele>1762.9</ele>
    <time>2022-12-05T19:42:15Z</time>
   </trkpt>
   <trkpt lat="39.5692550" lon="-104.8605850">
    <ele>1762.9</ele>
    <time>2022-12-05T19:42:16Z</time>
   </trkpt>
   <trkpt lat="39.5692700" lon="-104.8605750">
    <ele>1762.8</ele>
    <time>2022-12-05T19:42:17Z</time>
   </trkpt>
   <trkpt lat="39.5692840" lon="-104.8605660">
    <ele>1762.8</ele>
    <time>2022-12-05T19:42:18Z</time>
   </trkpt>
   <trkpt lat="39.5692980" lon="-104.8605600">
    <ele>1762.8</ele>
    <time>2022-12-05T19:42:19Z</time>
   </trkpt>
   <trkpt lat="39.5693090" lon="-104.8605480">
    <ele>1762.7</ele>
    <time>2022-12-05T19:42:20Z</time>
   </trkpt>
   <trkpt lat="39.5693230" lon="-104.8605360">
    <ele>1762.7</ele>
    <time>2022-12-05T19:42:21Z</time>
   </trkpt>
   <trkpt lat="39.5693340" lon="-104.8605260">
    <ele>1762.7</ele>
    <time>2022-12-05T19:42:22Z</time>
   </trkpt>
   <trkpt lat="39.5693440" lon="-104.8605140">
    <ele>1762.7</ele>
    <time>2022-12-05T19:42:23Z</time>
   </trkpt>
   <trkpt lat="39.5693610" lon="-104.8605070">
    <ele>1762.6</ele>
    <time>2022-12-05T19:42:24Z</time>
   </trkpt>
   <trkpt lat="39.5693800" lon="-104.8604930">
    <ele>1762.6</ele>
    <time>2022-12-05T19:42:25Z</time>
   </trkpt>
   <trkpt lat="39.5693880" lon="-104.8604860">
    <ele>1762.6</ele>
    <time>2022-12-05T19:42:26Z</time>
   </trkpt>
   <trkpt lat="39.5693950" lon="-104.8604800">
    <ele>1762.5</ele>
    <time>2022-12-05T19:42:27Z</time>
   </trkpt>
   <trkpt lat="39.5694110" lon="-104.8604670">
    <ele>1762.5</ele>
    <time>2022-12-05T19:42:28Z</time>
   </trkpt>
   <trkpt lat="39.5694220" lon="-104.8604540">
    <ele>1762.5</ele>
    <time>2022-12-05T19:42:29Z</time>
   </trkpt>
   <trkpt lat="39.5694350" lon="-104.8604450">
    <ele>1762.4</ele>
    <time>2022-12-05T19:42:30Z</time>
   </trkpt>
   <trkpt lat="39.5694490" lon="-104.8604360">
    <ele>1762.4</ele>
    <time>2022-12-05T19:42:31Z</time>
   </trkpt>
   <trkpt lat="39.5694600" lon="-104.8604270">
    <ele>1762.4</ele>
    <time>2022-12-05T19:42:32Z</time>
   </trkpt>
   <trkpt lat="39.5694710" lon="-104.8604230">
    <ele>1762.3</ele>
    <time>2022-12-05T19:42:33Z</time>
   </trkpt>
   <trkpt lat="39.5694780" lon="-104.8604110">
    <ele>1762.3</ele>
    <time>2022-12-05T19:42:34Z</time>
   </trkpt>
   <trkpt lat="39.5695070" lon="-104.8603910">
    <ele>1762.2</ele>
    <time>2022-12-05T19:42:35Z</time>
   </trkpt>
   <trkpt lat="39.5695130" lon="-104.8603840">
    <ele>1762.2</ele>
    <time>2022-12-05T19:42:36Z</time>
   </trkpt>
   <trkpt lat="39.5695240" lon="-104.8603750">
    <ele>1762.2</ele>
    <time>2022-12-05T19:42:37Z</time>
   </trkpt>
   <trkpt lat="39.5695360" lon="-104.8603600">
    <ele>1762.1</ele>
    <time>2022-12-05T19:42:38Z</time>
   </trkpt>
   <trkpt lat="39.5695470" lon="-104.8603430">
    <ele>1762.1</ele>
    <time>2022-12-05T19:42:39Z</time>
   </trkpt>
   <trkpt lat="39.5695580" lon="-104.8603310">
    <ele>1762.1</ele>
    <time>2022-12-05T19:42:40Z</time>
   </trkpt>
   <trkpt lat="39.5695700" lon="-104.8603220">
    <ele>1762.0</ele>
    <time>2022-12-05T19:42:41Z</time>
   </trkpt>
   <trkpt lat="39.5695850" lon="-104.8603100">
    <ele>1762.0</ele>
    <time>2022-12-05T19:42:42Z</time>
   </trkpt>
   <trkpt lat="39.5695960" lon="-104.8603060">
    <ele>1761.9</ele>
    <time>2022-12-05T19:42:43Z</time>
   </trkpt>
   <trkpt lat="39.5696100" lon="-104.8602920">
    <ele>1761.9</ele>
    <time>2022-12-05T19:42:44Z</time>
   </trkpt>
   <trkpt lat="39.5696220" lon="-104.8602840">
    <ele>1761.9</ele>
    <time>2022-12-05T19:42:45Z</time>
   </trkpt>
   <trkpt lat="39.5696350" lon="-104.8602740">
    <ele>1761.8</ele>
    <time>2022-12-05T19:42:46Z</time>
   </trkpt>
   <trkpt lat="39.5696470" lon="-104.8602660">
    <ele>1761.8</ele>
    <time>2022-12-05T19:42:47Z</time>
   </trkpt>
   <trkpt lat="39.5696570" lon="-104.8602510">
    <ele>1761.7</ele>
    <time>2022-12-05T19:42:48Z</time>
   </trkpt>
   <trkpt lat="39.5696730" lon="-104.8602420">
    <ele>1761.7</ele>
    <time>2022-12-05T19:42:49Z</time>
   </trkpt>
   <trkpt lat="39.5696850" lon="-104.8602320">
    <ele>1761.7</ele>
    <time>2022-12-05T19:42:50Z</time>
   </trkpt>
   <trkpt lat="39.5696990" lon="-104.8602250">
    <ele>1761.6</ele>
    <time>2022-12-05T19:42:51Z</time>
   </trkpt>
   <trkpt lat="39.5697130" lon="-104.8602190">
    <ele>1761.6</ele>
    <time>2022-12-05T19:42:52Z</time>
   </trkpt>
   <trkpt lat="39.5697320" lon="-104.8602030">
    <ele>1761.5</ele>
    <time>2022-12-05T19:42:53Z</time>
   </trkpt>
   <trkpt lat="39.5697400" lon="-104.8601950">
    <ele>1761.5</ele>
    <time>2022-12-05T19:42:54Z</time>
   </trkpt>
   <trkpt lat="39.5697470" lon="-104.8601880">
    <ele>1761.5</ele>
    <time>2022-12-05T19:42:55Z</time>
   </trkpt>
   <trkpt lat="39.5697680" lon="-104.8601830">
    <ele>1761.4</ele>
    <time>2022-12-05T19:42:56Z</time>
   </trkpt>
   <trkpt lat="39.5697770" lon="-104.8601740">
    <ele>1761.4</ele>
    <time>2022-12-05T19:42:57Z</time>
   </trkpt>
   <trkpt lat="39.5697850" lon="-104.8601660">
    <ele>1761.3</ele>
    <time>2022-12-05T19:42:58Z</time>
   </trkpt>
   <trkpt lat="39.5697980" lon="-104.8601520">
    <ele>1761.3</ele>
    <time>2022-12-05T19:42:59Z</time>
   </trkpt>
   <trkpt lat="39.5698100" lon="-104.8601350">
    <ele>1761.2</ele>
    <time>2022-12-05T19:43:00Z</time>
   </trkpt>
   <trkpt lat="39.5698260" lon="-104.8601180">
    <ele>1761.2</ele>
    <time>2022-12-05T19:43:01Z</time>
   </trkpt>
   <trkpt lat="39.5698340" lon="-104.8601130">
    <ele>1761.2</ele>
    <time>2022-12-05T19:43:02Z</time>
   </trkpt>
   <trkpt lat="39.5698410" lon="-104.8601070">
    <ele>1761.1</ele>
    <time>2022-12-05T19:43:03Z</time>
   </trkpt>
   <trkpt lat="39.5698560" lon="-104.8601000">
    <ele>1761.1</ele>
    <time>2022-12-05T19:43:04Z</time>
   </trkpt>
   <trkpt lat="39.5698670" lon="-104.8600910">
    <ele>1761.1</ele>
    <time>2022-12-05T19:43:05Z</time>
   </trkpt>
   <trkpt lat="39.5698830" lon="-104.8600840">
    <ele>1761.0</ele>
    <time>2022-12-05T19:43:06Z</time>
   </trkpt>
   <trkpt lat="39.5698930" lon="-104.8600790">
    <ele>1761.0</ele>
    <time>2022-12-05T19:43:07Z</time>
   </trkpt>
   <trkpt lat="39.5699120" lon="-104.8600660">
    <ele>1760.9</ele>
    <time>2022-12-05T19:43:08Z</time>
   </trkpt>
   <trkpt lat="39.5699210" lon="-104.8600620">
    <ele>1760.9</ele>
    <time>2022-12-05T19:43:09Z</time>
   </trkpt>
   <trkpt lat="39.5699300" lon="-104.8600570">
    <ele>1760.9</ele>
    <time>2022-12-05T19:43:10Z</time>
   </trkpt>
   <trkpt lat="39.5699490" lon="-104.8600410">
    <ele>1760.8</ele>
    <time>2022-12-05T19:43:11Z</time>
   </trkpt>
   <trkpt lat="39.5699560" lon="-104.8600360">
    <ele>1760.8</ele>
    <time>2022-12-05T19:43:12Z</time>
   </trkpt>
   <trkpt lat="39.5699640" lon="-104.8600310">
    <ele>1760.8</ele>
    <time>2022-12-05T19:43:13Z</time>
   </trkpt>
   <trkpt lat="39.5699650" lon="-104.8600220">
    <ele>1760.8</ele>
    <time>2022-12-05T19:43:14Z</time>
   </trkpt>
   <trkpt lat="39.5699740" lon="-104.8600040">
    <ele>1760.7</ele>
    <time>2022-12-05T19:43:15Z</time>
   </trkpt>
   <trkpt lat="39.5699870" lon="-104.8599960">
    <ele>1760.7</ele>
    <time>2022-12-05T19:43:16Z</time>
   </trkpt>
   <trkpt lat="39.5700130" lon="-104.8599720">
    <ele>1760.6</ele>
    <time>2022-12-05T19:43:17Z</time>
   </trkpt>
   <trkpt lat="39.5700210" lon="-104.8599650">
    <ele>1760.6</ele>
    <time>2022-12-05T19:43:18Z</time>
   </trkpt>
   <trkpt lat="39.5700360" lon="-104.8599570">
    <ele>1760.6</ele>
    <time>2022-12-05T19:43:19Z</time>
   </trkpt>
   <trkpt lat="39.5700490" lon="-104.8599500">
    <ele>1760.5</ele>
    <time>2022-12-05T19:43:20Z</time>
   </trkpt>
   <trkpt lat="39.5700650" lon="-104.8599410">
    <ele>1760.5</ele>
    <time>2022-12-05T19:43:21Z</time>
   </trkpt>
   <trkpt lat="39.5700770" lon="-104.8599360">
    <ele>1760.5</ele>
    <time>2022-12-05T19:43:22Z</time>
   </trkpt>
   <trkpt lat="39.5700880" lon="-104.8599270">
    <ele>1760.4</ele>
    <time>2022-12-05T19:43:23Z</time>
   </trkpt>
   <trkpt lat="39.5701030" lon="-104.8599210">
    <ele>1760.4</ele>
    <time>2022-12-05T19:43:24Z</time>
   </trkpt>
   <trkpt lat="39.5701170" lon="-104.8599090">
    <ele>1760.4</ele>
    <time>2022-12-05T19:43:25Z</time>
   </trkpt>
   <trkpt lat="39.5701290" lon="-104.8599010">
    <ele>1760.4</ele>
    <time>2022-12-05T19:43:26Z</time>
   </trkpt>
   <trkpt lat="39.5701380" lon="-104.8598980">
    <ele>1760.3</ele>
    <time>2022-12-05T19:43:27Z</time>
   </trkpt>
   <trkpt lat="39.5701460" lon="-104.8598890">
    <ele>1760.3</ele>
    <time>2022-12-05T19:43:28Z</time>
   </trkpt>
   <trkpt lat="39.5701620" lon="-104.8598870">
    <ele>1760.3</ele>
    <time>2022-12-05T19:43:29Z</time>
   </trkpt>
   <trkpt lat="39.5701730" lon="-104.8598760">
    <ele>1760.3</ele>
    <time>2022-12-05T19:43:30Z</time>
   </trkpt>
   <trkpt lat="39.5701830" lon="-104.8598660">
    <ele>1760.2</ele>
    <time>2022-12-05T19:43:31Z</time>
   </trkpt>
   <trkpt lat="39.5701920" lon="-104.8598570">
    <ele>1760.2</ele>
    <time>2022-12-05T19:43:32Z</time>
   </trkpt>
   <trkpt lat="39.5701990" lon="-104.8598530">
    <ele>1760.2</ele>
    <time>2022-12-05T19:43:33Z</time>
   </trkpt>
   <trkpt lat="39.5702090" lon="-104.8598420">
    <ele>1760.2</ele>
    <time>2022-12-05T19:43:34Z</time>
   </trkpt>
   <trkpt lat="39.5702240" lon="-104.8598360">
    <ele>1760.1</ele>
    <time>2022-12-05T19:43:35Z</time>
   </trkpt>
   <trkpt lat="39.5702280" lon="-104.8598290">
    <ele>1760.1</ele>
    <time>2022-12-05T19:43:36Z</time>
   </trkpt>
   <trkpt lat="39.5702380" lon="-104.8598230">
    <ele>1760.1</ele>
    <time>2022-12-05T19:43:37Z</time>
   </trkpt>
   <trkpt lat="39.5702460" lon="-104.8598090">
    <ele>1760.1</ele>
    <time>2022-12-05T19:43:38Z</time>
   </trkpt>
   <trkpt lat="39.5702630" lon="-104.8598010">
    <ele>1760.1</ele>
    <time>2022-12-05T19:43:39Z</time>
   </trkpt>
   <trkpt lat="39.5702850" lon="-104.8597810">
    <ele>1760.0</ele>
    <time>2022-12-05T19:43:40Z</time>
   </trkpt>
   <trkpt lat="39.5702930" lon="-104.8597750">
    <ele>1760.0</ele>
    <time>2022-12-05T19:43:41Z</time>
   </trkpt>
   <trkpt lat="39.5703080" lon="-104.8597680">
    <ele>1760.0</ele>
    <time>2022-12-05T19:43:42Z</time>
   </trkpt>
   <trkpt lat="39.5703260" lon="-104.8597560">
    <ele>1760.0</ele>
    <time>2022-12-05T19:43:43Z</time>
   </trkpt>
   <trkpt lat="39.5703380" lon="-104.8597470">
    <ele>1759.9</ele>
    <time>2022-12-05T19:43:44Z</time>
   </trkpt>
   <trkpt lat="39.5703530" lon="-104.8597400">
    <ele>1759.9</ele>
    <time>2022-12-05T19:43:45Z</time>
   </trkpt>
   <trkpt lat="39.5703680" lon="-104.8597360">
    <ele>1759.9</ele>
    <time>2022-12-05T19:43:46Z</time>
   </trkpt>
   <trkpt lat="39.5703850" lon="-104.8597300">
    <ele>1759.9</ele>
    <time>2022-12-05T19:43:47Z</time>
   </trkpt>
   <trkpt lat="39.5704090" lon="-104.8597130">
    <ele>1759.8</ele>
    <time>2022-12-05T19:43:48Z</time>
   </trkpt>
   <trkpt lat="39.5704170" lon="-104.8597030">
    <ele>1759.8</ele>
    <time>2022-12-05T19:43:49Z</time>
   </trkpt>
   <trkpt lat="39.5704210" lon="-104.8596800">
    <ele>1759.8</ele>
    <time>2022-12-05T19:43:50Z</time>
   </trkpt>
   <trkpt lat="39.5704340" lon="-104.8596670">
    <ele>1759.7</ele>
    <time>2022-12-05T19:43:51Z</time>
   </trkpt>
   <trkpt lat="39.5704460" lon="-104.8596510">
    <ele>1759.7</ele>
    <time>2022-12-05T19:43:52Z</time>
   </trkpt>
   <trkpt lat="39.5704530" lon="-104.8596320">
    <ele>1759.7</ele>
    <time>2022-12-05T19:43:53Z</time>
   </trkpt>
   <trkpt lat="39.5704590" lon="-104.8596150">
    <ele>1759.6</ele>
    <time>2022-12-05T19:43:54Z</time>
   </trkpt>
   <trkpt lat="39.5704720" lon="-104.8595990">
    <ele>1759.6</ele>
    <time>2022-12-05T19:43:55Z</time>
   </trkpt>
   <trkpt lat="39.5704890" lon="-104.8595830">
    <ele>1759.6</ele>
    <time>2022-12-05T19:43:56Z</time>
   </trkpt>
   <trkpt lat="39.5704970" lon="-104.8595740">
    <ele>1759.6</ele>
    <time>2022-12-05T19:43:57Z</time>
   </trkpt>
   <trkpt lat="39.5705230" lon="-104.8595560">
    <ele>1759.5</ele>
    <time>2022-12-05T19:43:58Z</time>
   </trkpt>
   <trkpt lat="39.5705300" lon="-104.8595510">
    <ele>1759.5</ele>
    <time>2022-12-05T19:43:59Z</time>
   </trkpt>
   <trkpt lat="39.5705480" lon="-104.8595490">
    <ele>1759.5</ele>
    <time>2022-12-05T19:44:00Z</time>
   </trkpt>
   <trkpt lat="39.5705640" lon="-104.8595400">
    <ele>1759.4</ele>
    <time>2022-12-05T19:44:01Z</time>
   </trkpt>
   <trkpt lat="39.5705780" lon="-104.8595320">
    <ele>1759.4</ele>
    <time>2022-12-05T19:44:02Z</time>
   </trkpt>
   <trkpt lat="39.5705920" lon="-104.8595200">
    <ele>1759.4</ele>
    <time>2022-12-05T19:44:03Z</time>
   </trkpt>
   <trkpt lat="39.5706090" lon="-104.8595150">
    <ele>1759.4</ele>
    <time>2022-12-05T19:44:04Z</time>
   </trkpt>
   <trkpt lat="39.5706230" lon="-104.8595110">
    <ele>1759.3</ele>
    <time>2022-12-05T19:44:05Z</time>
   </trkpt>
   <trkpt lat="39.5706370" lon="-104.8595050">
    <ele>1759.3</ele>
    <time>2022-12-05T19:44:06Z</time>
   </trkpt>
   <trkpt lat="39.5706490" lon="-104.8594960">
    <ele>1759.3</ele>
    <time>2022-12-05T19:44:07Z</time>
   </trkpt>
   <trkpt lat="39.5706670" lon="-104.8594800">
    <ele>1759.3</ele>
    <time>2022-12-05T19:44:08Z</time>
   </trkpt>
   <trkpt lat="39.5706750" lon="-104.8594730">
    <ele>1759.3</ele>
    <time>2022-12-05T19:44:09Z</time>
   </trkpt>
   <trkpt lat="39.5706820" lon="-104.8594660">
    <ele>1759.2</ele>
    <time>2022-12-05T19:44:10Z</time>
   </trkpt>
   <trkpt lat="39.5706970" lon="-104.8594600">
    <ele>1759.2</ele>
    <time>2022-12-05T19:44:11Z</time>
   </trkpt>
   <trkpt lat="39.5707100" lon="-104.8594520">
    <ele>1759.2</ele>
    <time>2022-12-05T19:44:12Z</time>
   </trkpt>
   <trkpt lat="39.5707350" lon="-104.8594300">
    <ele>1759.2</ele>
    <time>2022-12-05T19:44:13Z</time>
   </trkpt>
   <trkpt lat="39.5707430" lon="-104.8594250">
    <ele>1759.1</ele>
    <time>2022-12-05T19:44:14Z</time>
   </trkpt>
   <trkpt lat="39.5707570" lon="-104.8594200">
    <ele>1759.1</ele>
    <time>2022-12-05T19:44:15Z</time>
   </trkpt>
   <trkpt lat="39.5707690" lon="-104.8594090">
    <ele>1759.1</ele>
    <time>2022-12-05T19:44:16Z</time>
   </trkpt>
   <trkpt lat="39.5707890" lon="-104.8593970">
    <ele>1759.1</ele>
    <time>2022-12-05T19:44:17Z</time>
   </trkpt>
   <trkpt lat="39.5707970" lon="-104.8593920">
    <ele>1759.1</ele>
    <time>2022-12-05T19:44:18Z</time>
   </trkpt>
   <trkpt lat="39.5708050" lon="-104.8593870">
    <ele>1759.1</ele>
    <time>2022-12-05T19:44:19Z</time>
   </trkpt>
   <trkpt lat="39.5708190" lon="-104.8593770">
    <ele>1759.0</ele>
    <time>2022-12-05T19:44:20Z</time>
   </trkpt>
   <trkpt lat="39.5708320" lon="-104.8593700">
    <ele>1759.0</ele>
    <time>2022-12-05T19:44:21Z</time>
   </trkpt>
   <trkpt lat="39.5708470" lon="-104.8593610">
    <ele>1759.0</ele>
    <time>2022-12-05T19:44:22Z</time>
   </trkpt>
   <trkpt lat="39.5708600" lon="-104.8593510">
    <ele>1759.0</ele>
    <time>2022-12-05T19:44:23Z</time>
   </trkpt>
   <trkpt lat="39.5708720" lon="-104.8593440">
    <ele>1759.0</ele>
    <time>2022-12-05T19:44:24Z</time>
   </trkpt>
   <trkpt lat="39.5708860" lon="-104.8593370">
    <ele>1759.0</ele>
    <time>2022-12-05T19:44:25Z</time>
   </trkpt>
   <trkpt lat="39.5708980" lon="-104.8593250">
    <ele>1758.9</ele>
    <time>2022-12-05T19:44:26Z</time>
   </trkpt>
   <trkpt lat="39.5709080" lon="-104.8593100">
    <ele>1758.9</ele>
    <time>2022-12-05T19:44:27Z</time>
   </trkpt>
   <trkpt lat="39.5709200" lon="-104.8593000">
    <ele>1758.9</ele>
    <time>2022-12-05T19:44:28Z</time>
   </trkpt>
   <trkpt lat="39.5709340" lon="-104.8592930">
    <ele>1758.9</ele>
    <time>2022-12-05T19:44:29Z</time>
   </trkpt>
   <trkpt lat="39.5709460" lon="-104.8592830">
    <ele>1758.9</ele>
    <time>2022-12-05T19:44:30Z</time>
   </trkpt>
   <trkpt lat="39.5709630" lon="-104.8592760">
    <ele>1758.8</ele>
    <time>2022-12-05T19:44:31Z</time>
   </trkpt>
   <trkpt lat="39.5709720" lon="-104.8592630">
    <ele>1758.8</ele>
    <time>2022-12-05T19:44:32Z</time>
   </trkpt>
   <trkpt lat="39.5709850" lon="-104.8592530">
    <ele>1758.8</ele>
    <time>2022-12-05T19:44:33Z</time>
   </trkpt>
   <trkpt lat="39.5709990" lon="-104.8592460">
    <ele>1758.8</ele>
    <time>2022-12-05T19:44:34Z</time>
   </trkpt>
   <trkpt lat="39.5710130" lon="-104.8592380">
    <ele>1758.8</ele>
    <time>2022-12-05T19:44:35Z</time>
   </trkpt>
   <trkpt lat="39.5710270" lon="-104.8592280">
    <ele>1758.8</ele>
    <time>2022-12-05T19:44:36Z</time>
   </trkpt>
   <trkpt lat="39.5710410" lon="-104.8592190">
    <ele>1758.7</ele>
    <time>2022-12-05T19:44:37Z</time>
   </trkpt>
   <trkpt lat="39.5710520" lon="-104.8592060">
    <ele>1758.7</ele>
    <time>2022-12-05T19:44:38Z</time>
   </trkpt>
   <trkpt lat="39.5710650" lon="-104.8591950">
    <ele>1758.7</ele>
    <time>2022-12-05T19:44:39Z</time>
   </trkpt>
   <trkpt lat="39.5710760" lon="-104.8591830">
    <ele>1758.7</ele>
    <time>2022-12-05T19:44:40Z</time>
   </trkpt>
   <trkpt lat="39.5710880" lon="-104.8591690">
    <ele>1758.7</ele>
    <time>2022-12-05T19:44:41Z</time>
   </trkpt>
   <trkpt lat="39.5711020" lon="-104.8591610">
    <ele>1758.7</ele>
    <time>2022-12-05T19:44:42Z</time>
   </trkpt>
   <trkpt lat="39.5711140" lon="-104.8591510">
    <ele>1758.7</ele>
    <time>2022-12-05T19:44:43Z</time>
   </trkpt>
   <trkpt lat="39.5711280" lon="-104.8591440">
    <ele>1758.7</ele>
    <time>2022-12-05T19:44:44Z</time>
   </trkpt>
   <trkpt lat="39.5711410" lon="-104.8591400">
    <ele>1758.7</ele>
    <time>2022-12-05T19:44:45Z</time>
   </trkpt>
   <trkpt lat="39.5711530" lon="-104.8591300">
    <ele>1758.7</ele>
    <time>2022-12-05T19:44:46Z</time>
   </trkpt>
   <trkpt lat="39.5711670" lon="-104.8591210">
    <ele>1758.7</ele>
    <time>2022-12-05T19:44:47Z</time>
   </trkpt>
   <trkpt lat="39.5711800" lon="-104.8591090">
    <ele>1758.7</ele>
    <time>2022-12-05T19:44:48Z</time>
   </trkpt>
   <trkpt lat="39.5711910" lon="-104.8590970">
    <ele>1758.7</ele>
    <time>2022-12-05T19:44:49Z</time>
   </trkpt>
   <trkpt lat="39.5712050" lon="-104.8590840">
    <ele>1758.7</ele>
    <time>2022-12-05T19:44:50Z</time>
   </trkpt>
   <trkpt lat="39.5712160" lon="-104.8590760">
    <ele>1758.7</ele>
    <time>2022-12-05T19:44:51Z</time>
   </trkpt>
   <trkpt lat="39.5712270" lon="-104.8590650">
    <ele>1758.7</ele>
    <time>2022-12-05T19:44:52Z</time>
   </trkpt>
   <trkpt lat="39.5712360" lon="-104.8590530">
    <ele>1758.7</ele>
    <time>2022-12-05T19:44:53Z</time>
   </trkpt>
   <trkpt lat="39.5712470" lon="-104.8590340">
    <ele>1758.7</ele>
    <time>2022-12-05T19:44:54Z</time>
   </trkpt>
   <trkpt lat="39.5712570" lon="-104.8590230">
    <ele>1758.7</ele>
    <time>2022-12-05T19:44:55Z</time>
   </trkpt>
   <trkpt lat="39.5712660" lon="-104.8590130">
    <ele>1758.7</ele>
    <time>2022-12-05T19:44:56Z</time>
   </trkpt>
   <trkpt lat="39.5712820" lon="-104.8590040">
    <ele>1758.7</ele>
    <time>2022-12-05T19:44:57Z</time>
   </trkpt>
   <trkpt lat="39.5712960" lon="-104.8589920">
    <ele>1758.7</ele>
    <time>2022-12-05T19:44:58Z</time>
   </trkpt>
   <trkpt lat="39.5713050" lon="-104.8589810">
    <ele>1758.7</ele>
    <time>2022-12-05T19:44:59Z</time>
   </trkpt>
   <trkpt lat="39.5713160" lon="-104.8589660">
    <ele>1758.7</ele>
    <time>2022-12-05T19:45:00Z</time>
   </trkpt>
   <trkpt lat="39.5713260" lon="-104.8589500">
    <ele>1758.7</ele>
    <time>2022-12-05T19:45:01Z</time>
   </trkpt>
   <trkpt lat="39.5713350" lon="-104.8589370">
    <ele>1758.7</ele>
    <time>2022-12-05T19:45:02Z</time>
   </trkpt>
   <trkpt lat="39.5713430" lon="-104.8589170">
    <ele>1758.7</ele>
    <time>2022-12-05T19:45:03Z</time>
   </trkpt>
   <trkpt lat="39.5713630" lon="-104.8588890">
    <ele>1758.7</ele>
    <time>2022-12-05T19:45:04Z</time>
   </trkpt>
   <trkpt lat="39.5713690" lon="-104.8588790">
    <ele>1758.7</ele>
    <time>2022-12-05T19:45:05Z</time>
   </trkpt>
   <trkpt lat="39.5713790" lon="-104.8588650">
    <ele>1758.7</ele>
    <time>2022-12-05T19:45:06Z</time>
   </trkpt>
   <trkpt lat="39.5713880" lon="-104.8588510">
    <ele>1758.7</ele>
    <time>2022-12-05T19:45:07Z</time>
   </trkpt>
   <trkpt lat="39.5714040" lon="-104.8588300">
    <ele>1758.7</ele>
    <time>2022-12-05T19:45:08Z</time>
   </trkpt>
   <trkpt lat="39.5714100" lon="-104.8588220">
    <ele>1758.7</ele>
    <time>2022-12-05T19:45:09Z</time>
   </trkpt>
   <trkpt lat="39.5714160" lon="-104.8588140">
    <ele>1758.7</ele>
    <time>2022-12-05T19:45:10Z</time>
   </trkpt>
   <trkpt lat="39.5714230" lon="-104.8587940">
    <ele>1758.7</ele>
    <time>2022-12-05T19:45:11Z</time>
   </trkpt>
   <trkpt lat="39.5714320" lon="-104.8587750">
    <ele>1758.7</ele>
    <time>2022-12-05T19:45:12Z</time>
   </trkpt>
   <trkpt lat="39.5714410" lon="-104.8587550">
    <ele>1758.7</ele>
    <time>2022-12-05T19:45:13Z</time>
   </trkpt>
   <trkpt lat="39.5714490" lon="-104.8587380">
    <ele>1758.7</ele>
    <time>2022-12-05T19:45:14Z</time>
   </trkpt>
   <trkpt lat="39.5714660" lon="-104.8587150">
    <ele>1758.7</ele>
    <time>2022-12-05T19:45:15Z</time>
   </trkpt>
   <trkpt lat="39.5714710" lon="-104.8587040">
    <ele>1758.7</ele>
    <time>2022-12-05T19:45:16Z</time>
   </trkpt>
   <trkpt lat="39.5714760" lon="-104.8586920">
    <ele>1758.8</ele>
    <time>2022-12-05T19:45:17Z</time>
   </trkpt>
   <trkpt lat="39.5714810" lon="-104.8586720">
    <ele>1758.8</ele>
    <time>2022-12-05T19:45:18Z</time>
   </trkpt>
   <trkpt lat="39.5714890" lon="-104.8586600">
    <ele>1758.8</ele>
    <time>2022-12-05T19:45:19Z</time>
   </trkpt>
   <trkpt lat="39.5715000" lon="-104.8586460">
    <ele>1758.8</ele>
    <time>2022-12-05T19:45:20Z</time>
   </trkpt>
   <trkpt lat="39.5715100" lon="-104.8586310">
    <ele>1758.8</ele>
    <time>2022-12-05T19:45:21Z</time>
   </trkpt>
   <trkpt lat="39.5715170" lon="-104.8586130">
    <ele>1758.8</ele>
    <time>2022-12-05T19:45:22Z</time>
   </trkpt>
   <trkpt lat="39.5715230" lon="-104.8586000">
    <ele>1758.8</ele>
    <time>2022-12-05T19:45:23Z</time>
   </trkpt>
   <trkpt lat="39.5715310" lon="-104.8585810">
    <ele>1758.8</ele>
    <time>2022-12-05T19:45:24Z</time>
   </trkpt>
   <trkpt lat="39.5715350" lon="-104.8585590">
    <ele>1758.8</ele>
    <time>2022-12-05T19:45:25Z</time>
   </trkpt>
   <trkpt lat="39.5715410" lon="-104.8585390">
    <ele>1758.8</ele>
    <time>2022-12-05T19:45:26Z</time>
   </trkpt>
   <trkpt lat="39.5715440" lon="-104.8585220">
    <ele>1758.8</ele>
    <time>2022-12-05T19:45:27Z</time>
   </trkpt>
   <trkpt lat="39.5715500" lon="-104.8585060">
    <ele>1758.9</ele>
    <time>2022-12-05T19:45:28Z</time>
   </trkpt>
   <trkpt lat="39.5715530" lon="-104.8584950">
    <ele>1758.9</ele>
    <time>2022-12-05T19:45:29Z</time>
   </trkpt>
   <trkpt lat="39.5715560" lon="-104.8584810">
    <ele>1758.9</ele>
    <time>2022-12-05T19:45:30Z</time>
   </trkpt>
   <trkpt lat="39.5715580" lon="-104.8584640">
    <ele>1758.9</ele>
    <time>2022-12-05T19:45:31Z</time>
   </trkpt>
   <trkpt lat="39.5715660" lon="-104.8584410">
    <ele>1758.9</ele>
    <time>2022-12-05T19:45:32Z</time>
   </trkpt>
   <trkpt lat="39.5715720" lon="-104.8584260">
    <ele>1758.9</ele>
    <time>2022-12-05T19:45:33Z</time>
   </trkpt>
   <trkpt lat="39.5715750" lon="-104.8584070">
    <ele>1758.9</ele>
    <time>2022-12-05T19:45:34Z</time>
   </trkpt>
   <trkpt lat="39.5715780" lon="-104.8583870">
    <ele>1758.9</ele>
    <time>2022-12-05T19:45:35Z</time>
   </trkpt>
   <trkpt lat="39.5715840" lon="-104.8583710">
    <ele>1758.9</ele>
    <time>2022-12-05T19:45:36Z</time>
   </trkpt>
   <trkpt lat="39.5715890" lon="-104.8583530">
    <ele>1758.9</ele>
    <time>2022-12-05T19:45:37Z</time>
   </trkpt>
   <trkpt lat="39.5715930" lon="-104.8583330">
    <ele>1758.9</ele>
    <time>2022-12-05T19:45:38Z</time>
   </trkpt>
   <trkpt lat="39.5715900" lon="-104.8583130">
    <ele>1758.9</ele>
    <time>2022-12-05T19:45:39Z</time>
   </trkpt>
   <trkpt lat="39.5715920" lon="-104.8582970">
    <ele>1758.9</ele>
    <time>2022-12-05T19:45:40Z</time>
   </trkpt>
   <trkpt lat="39.5715990" lon="-104.8582800">
    <ele>1758.9</ele>
    <time>2022-12-05T19:45:41Z</time>
   </trkpt>
   <trkpt lat="39.5716040" lon="-104.8582640">
    <ele>1759.0</ele>
    <time>2022-12-05T19:45:42Z</time>
   </trkpt>
   <trkpt lat="39.5716090" lon="-104.8582410">
    <ele>1759.0</ele>
    <time>2022-12-05T19:45:43Z</time>
   </trkpt>
   <trkpt lat="39.5716130" lon="-104.8582230">
    <ele>1759.0</ele>
    <time>2022-12-05T19:45:44Z</time>
   </trkpt>
   <trkpt lat="39.5716150" lon="-104.8582060">
    <ele>1759.0</ele>
    <time>2022-12-05T19:45:45Z</time>
   </trkpt>
   <trkpt lat="39.5716210" lon="-104.8581860">
    <ele>1759.0</ele>
    <time>2022-12-05T19:45:46Z</time>
   </trkpt>
   <trkpt lat="39.5716230" lon="-104.8581680">
    <ele>1759.0</ele>
    <time>2022-12-05T19:45:47Z</time>
   </trkpt>
   <trkpt lat="39.5716270" lon="-104.8581460">
    <ele>1759.0</ele>
    <time>2022-12-05T19:45:48Z</time>
   </trkpt>
   <trkpt lat="39.5716300" lon="-104.8581300">
    <ele>1759.0</ele>
    <time>2022-12-05T19:45:49Z</time>
   </trkpt>
   <trkpt lat="39.5716310" lon="-104.8581080">
    <ele>1759.0</ele>
    <time>2022-12-05T19:45:50Z</time>
   </trkpt>
   <trkpt lat="39.5716370" lon="-104.8580900">
    <ele>1759.1</ele>
    <time>2022-12-05T19:45:51Z</time>
   </trkpt>
   <trkpt lat="39.5716420" lon="-104.8580680">
    <ele>1759.1</ele>
    <time>2022-12-05T19:45:52Z</time>
   </trkpt>
   <trkpt lat="39.5716460" lon="-104.8580520">
    <ele>1759.1</ele>
    <time>2022-12-05T19:45:53Z</time>
   </trkpt>
   <trkpt lat="39.5716470" lon="-104.8580330">
    <ele>1759.1</ele>
    <time>2022-12-05T19:45:54Z</time>
   </trkpt>
   <trkpt lat="39.5716470" lon="-104.8580110">
    <ele>1759.1</ele>
    <time>2022-12-05T19:45:55Z</time>
   </trkpt>
   <trkpt lat="39.5716480" lon="-104.8579900">
    <ele>1759.1</ele>
    <time>2022-12-05T19:45:56Z</time>
   </trkpt>
   <trkpt lat="39.5716520" lon="-104.8579710">
    <ele>1759.1</ele>
    <time>2022-12-05T19:45:57Z</time>
   </trkpt>
   <trkpt lat="39.5716580" lon="-104.8579510">
    <ele>1759.1</ele>
    <time>2022-12-05T19:45:58Z</time>
   </trkpt>
   <trkpt lat="39.5716590" lon="-104.8579300">
    <ele>1759.2</ele>
    <time>2022-12-05T19:45:59Z</time>
   </trkpt>
   <trkpt lat="39.5716640" lon="-104.8579110">
    <ele>1759.2</ele>
    <time>2022-12-05T19:46:00Z</time>
   </trkpt>
   <trkpt lat="39.5716620" lon="-104.8578740">
    <ele>1759.2</ele>
    <time>2022-12-05T19:46:01Z</time>
   </trkpt>
   <trkpt lat="39.5716620" lon="-104.8578600">
    <ele>1759.2</ele>
    <time>2022-12-05T19:46:02Z</time>
   </trkpt>
   <trkpt lat="39.5716640" lon="-104.8578330">
    <ele>1759.2</ele>
    <time>2022-12-05T19:46:03Z</time>
   </trkpt>
   <trkpt lat="39.5716650" lon="-104.8578200">
    <ele>1759.2</ele>
    <time>2022-12-05T19:46:04Z</time>
   </trkpt>
   <trkpt lat="39.5716660" lon="-104.8578080">
    <ele>1759.2</ele>
    <time>2022-12-05T19:46:05Z</time>
   </trkpt>
   <trkpt lat="39.5716660" lon="-104.8577850">
    <ele>1759.2</ele>
    <time>2022-12-05T19:46:06Z</time>
   </trkpt>
   <trkpt lat="39.5716670" lon="-104.8577670">
    <ele>1759.2</ele>
    <time>2022-12-05T19:46:07Z</time>
   </trkpt>
   <trkpt lat="39.5716710" lon="-104.8577350">
    <ele>1759.2</ele>
    <time>2022-12-05T19:46:08Z</time>
   </trkpt>
   <trkpt lat="39.5716730" lon="-104.8577210">
    <ele>1759.2</ele>
    <time>2022-12-05T19:46:09Z</time>
   </trkpt>
   <trkpt lat="39.5716750" lon="-104.8577070">
    <ele>1759.2</ele>
    <time>2022-12-05T19:46:10Z</time>
   </trkpt>
   <trkpt lat="39.5716730" lon="-104.8576770">
    <ele>1759.2</ele>
    <time>2022-12-05T19:46:11Z</time>
   </trkpt>
   <trkpt lat="39.5716750" lon="-104.8576670">
    <ele>1759.2</ele>
    <time>2022-12-05T19:46:12Z</time>
   </trkpt>
   <trkpt lat="39.5716770" lon="-104.8576560">
    <ele>1759.2</ele>
    <time>2022-12-05T19:46:13Z</time>
   </trkpt>
   <trkpt lat="39.5716800" lon="-104.8576350">
    <ele>1759.3</ele>
    <time>2022-12-05T19:46:14Z</time>
   </trkpt>
   <trkpt lat="39.5716800" lon="-104.8576170">
    <ele>1759.3</ele>
    <time>2022-12-05T19:46:15Z</time>
   </trkpt>
   <trkpt lat="39.5716790" lon="-104.8575880">
    <ele>1759.3</ele>
    <time>2022-12-05T19:46:16Z</time>
   </trkpt>
   <trkpt lat="39.5716790" lon="-104.8575780">
    <ele>1759.3</ele>
    <time>2022-12-05T19:46:17Z</time>
   </trkpt>
   <trkpt lat="39.5716780" lon="-104.8575670">
    <ele>1759.3</ele>
    <time>2022-12-05T19:46:18Z</time>
   </trkpt>
   <trkpt lat="39.5716800" lon="-104.8575450">
    <ele>1759.3</ele>
    <time>2022-12-05T19:46:19Z</time>
   </trkpt>
   <trkpt lat="39.5716800" lon="-104.8575240">
    <ele>1759.3</ele>
    <time>2022-12-05T19:46:20Z</time>
   </trkpt>
   <trkpt lat="39.5716790" lon="-104.8575030">
    <ele>1759.4</ele>
    <time>2022-12-05T19:46:21Z</time>
   </trkpt>
   <trkpt lat="39.5716740" lon="-104.8574800">
    <ele>1759.4</ele>
    <time>2022-12-05T19:46:22Z</time>
   </trkpt>
   <trkpt lat="39.5716730" lon="-104.8574640">
    <ele>1759.4</ele>
    <time>2022-12-05T19:46:23Z</time>
   </trkpt>
   <trkpt lat="39.5716720" lon="-104.8574430">
    <ele>1759.4</ele>
    <time>2022-12-05T19:46:24Z</time>
   </trkpt>
   <trkpt lat="39.5716700" lon="-104.8574210">
    <ele>1759.4</ele>
    <time>2022-12-05T19:46:25Z</time>
   </trkpt>
   <trkpt lat="39.5716700" lon="-104.8574000">
    <ele>1759.5</ele>
    <time>2022-12-05T19:46:26Z</time>
   </trkpt>
   <trkpt lat="39.5716710" lon="-104.8573720">
    <ele>1759.5</ele>
    <time>2022-12-05T19:46:27Z</time>
   </trkpt>
   <trkpt lat="39.5716720" lon="-104.8573610">
    <ele>1759.5</ele>
    <time>2022-12-05T19:46:28Z</time>
   </trkpt>
   <trkpt lat="39.5716740" lon="-104.8573500">
    <ele>1759.5</ele>
    <time>2022-12-05T19:46:29Z</time>
   </trkpt>
   <trkpt lat="39.5716740" lon="-104.8573320">
    <ele>1759.5</ele>
    <time>2022-12-05T19:46:30Z</time>
   </trkpt>
   <trkpt lat="39.5716780" lon="-104.8573180">
    <ele>1759.6</ele>
    <time>2022-12-05T19:46:31Z</time>
   </trkpt>
   <trkpt lat="39.5716840" lon="-104.8573070">
    <ele>1759.6</ele>
    <time>2022-12-05T19:46:32Z</time>
   </trkpt>
   <trkpt lat="39.5716880" lon="-104.8572830">
    <ele>1759.6</ele>
    <time>2022-12-05T19:46:33Z</time>
   </trkpt>
   <trkpt lat="39.5716880" lon="-104.8572710">
    <ele>1759.6</ele>
    <time>2022-12-05T19:46:34Z</time>
   </trkpt>
   <trkpt lat="39.5716890" lon="-104.8572600">
    <ele>1759.6</ele>
    <time>2022-12-05T19:46:35Z</time>
   </trkpt>
   <trkpt lat="39.5717010" lon="-104.8572180">
    <ele>1759.7</ele>
    <time>2022-12-05T19:46:36Z</time>
   </trkpt>
   <trkpt lat="39.5717100" lon="-104.8571910">
    <ele>1759.7</ele>
    <time>2022-12-05T19:46:37Z</time>
   </trkpt>
   <trkpt lat="39.5717150" lon="-104.8571810">
    <ele>1759.7</ele>
    <time>2022-12-05T19:46:38Z</time>
   </trkpt>
   <trkpt lat="39.5717200" lon="-104.8571710">
    <ele>1759.7</ele>
    <time>2022-12-05T19:46:39Z</time>
   </trkpt>
   <trkpt lat="39.5717300" lon="-104.8571420">
    <ele>1759.7</ele>
    <time>2022-12-05T19:46:40Z</time>
   </trkpt>
   <trkpt lat="39.5717340" lon="-104.8571270">
    <ele>1759.8</ele>
    <time>2022-12-05T19:46:41Z</time>
   </trkpt>
   <trkpt lat="39.5717370" lon="-104.8571110">
    <ele>1759.8</ele>
    <time>2022-12-05T19:46:42Z</time>
   </trkpt>
   <trkpt lat="39.5717430" lon="-104.8570930">
    <ele>1759.8</ele>
    <time>2022-12-05T19:46:43Z</time>
   </trkpt>
   <trkpt lat="39.5717480" lon="-104.8570770">
    <ele>1759.9</ele>
    <time>2022-12-05T19:46:44Z</time>
   </trkpt>
   <trkpt lat="39.5717580" lon="-104.8570620">
    <ele>1759.9</ele>
    <time>2022-12-05T19:46:45Z</time>
   </trkpt>
   <trkpt lat="39.5717700" lon="-104.8570440">
    <ele>1760.0</ele>
    <time>2022-12-05T19:46:46Z</time>
   </trkpt>
   <trkpt lat="39.5717810" lon="-104.8570210">
    <ele>1760.0</ele>
    <time>2022-12-05T19:46:47Z</time>
   </trkpt>
   <trkpt lat="39.5717900" lon="-104.8570060">
    <ele>1760.0</ele>
    <time>2022-12-05T19:46:48Z</time>
   </trkpt>
   <trkpt lat="39.5718020" lon="-104.8569900">
    <ele>1760.1</ele>
    <time>2022-12-05T19:46:49Z</time>
   </trkpt>
   <trkpt lat="39.5718140" lon="-104.8569720">
    <ele>1760.1</ele>
    <time>2022-12-05T19:46:50Z</time>
   </trkpt>
   <trkpt lat="39.5718260" lon="-104.8569610">
    <ele>1760.2</ele>
    <time>2022-12-05T19:46:51Z</time>
   </trkpt>
   <trkpt lat="39.5718330" lon="-104.8569450">
    <ele>1760.2</ele>
    <time>2022-12-05T19:46:52Z</time>
   </trkpt>
   <trkpt lat="39.5718400" lon="-104.8569320">
    <ele>1760.3</ele>
    <time>2022-12-05T19:46:53Z</time>
   </trkpt>
   <trkpt lat="39.5718470" lon="-104.8569210">
    <ele>1760.3</ele>
    <time>2022-12-05T19:46:54Z</time>
   </trkpt>
   <trkpt lat="39.5718580" lon="-104.8569190">
    <ele>1760.4</ele>
    <time>2022-12-05T19:46:55Z</time>
   </trkpt>
   <trkpt lat="39.5718670" lon="-104.8568990">
    <ele>1760.4</ele>
    <time>2022-12-05T19:46:56Z</time>
   </trkpt>
   <trkpt lat="39.5718760" lon="-104.8568890">
    <ele>1760.5</ele>
    <time>2022-12-05T19:46:57Z</time>
   </trkpt>
   <trkpt lat="39.5718840" lon="-104.8568710">
    <ele>1760.5</ele>
    <time>2022-12-05T19:46:58Z</time>
   </trkpt>
   <trkpt lat="39.5718910" lon="-104.8568570">
    <ele>1760.6</ele>
    <time>2022-12-05T19:46:59Z</time>
   </trkpt>
   <trkpt lat="39.5719020" lon="-104.8568410">
    <ele>1760.6</ele>
    <time>2022-12-05T19:47:00Z</time>
   </trkpt>
   <trkpt lat="39.5719110" lon="-104.8568200">
    <ele>1760.7</ele>
    <time>2022-12-05T19:47:01Z</time>
   </trkpt>
   <trkpt lat="39.5719190" lon="-104.8568050">
    <ele>1760.8</ele>
    <time>2022-12-05T19:47:02Z</time>
   </trkpt>
   <trkpt lat="39.5719290" lon="-104.8567830">
    <ele>1760.9</ele>
    <time>2022-12-05T19:47:03Z</time>
   </trkpt>
   <trkpt lat="39.5719370" lon="-104.8567680">
    <ele>1760.9</ele>
    <time>2022-12-05T19:47:04Z</time>
   </trkpt>
   <trkpt lat="39.5719530" lon="-104.8567490">
    <ele>1761.0</ele>
    <time>2022-12-05T19:47:05Z</time>
   </trkpt>
   <trkpt lat="39.5719700" lon="-104.8567230">
    <ele>1761.1</ele>
    <time>2022-12-05T19:47:06Z</time>
   </trkpt>
   <trkpt lat="39.5719780" lon="-104.8567150">
    <ele>1761.2</ele>
    <time>2022-12-05T19:47:07Z</time>
   </trkpt>
   <trkpt lat="39.5719920" lon="-104.8567040">
    <ele>1761.2</ele>
    <time>2022-12-05T19:47:08Z</time>
   </trkpt>
   <trkpt lat="39.5720000" lon="-104.8566970">
    <ele>1761.3</ele>
    <time>2022-12-05T19:47:09Z</time>
   </trkpt>
   <trkpt lat="39.5720070" lon="-104.8566940">
    <ele>1761.3</ele>
    <time>2022-12-05T19:47:10Z</time>
   </trkpt>
   <trkpt lat="39.5720270" lon="-104.8566760">
    <ele>1761.4</ele>
    <time>2022-12-05T19:47:11Z</time>
   </trkpt>
   <trkpt lat="39.5720330" lon="-104.8566720">
    <ele>1761.4</ele>
    <time>2022-12-05T19:47:12Z</time>
   </trkpt>
   <trkpt lat="39.5720390" lon="-104.8566680">
    <ele>1761.5</ele>
    <time>2022-12-05T19:47:13Z</time>
   </trkpt>
   <trkpt lat="39.5720540" lon="-104.8566500">
    <ele>1761.5</ele>
    <time>2022-12-05T19:47:14Z</time>
   </trkpt>
   <trkpt lat="39.5720640" lon="-104.8566370">
    <ele>1761.6</ele>
    <time>2022-12-05T19:47:15Z</time>
   </trkpt>
   <trkpt lat="39.5720780" lon="-104.8566240">
    <ele>1761.7</ele>
    <time>2022-12-05T19:47:16Z</time>
   </trkpt>
   <trkpt lat="39.5720900" lon="-104.8566090">
    <ele>1761.7</ele>
    <time>2022-12-05T19:47:17Z</time>
   </trkpt>
   <trkpt lat="39.5721000" lon="-104.8565970">
    <ele>1761.8</ele>
    <time>2022-12-05T19:47:18Z</time>
   </trkpt>
   <trkpt lat="39.5721040" lon="-104.8565870">
    <ele>1761.8</ele>
    <time>2022-12-05T19:47:19Z</time>
   </trkpt>
   <trkpt lat="39.5721090" lon="-104.8565790">
    <ele>1761.9</ele>
    <time>2022-12-05T19:47:20Z</time>
   </trkpt>
   <trkpt lat="39.5721200" lon="-104.8565660">
    <ele>1761.9</ele>
    <time>2022-12-05T19:47:21Z</time>
   </trkpt>
   <trkpt lat="39.5721320" lon="-104.8565550">
    <ele>1762.0</ele>
    <time>2022-12-05T19:47:22Z</time>
   </trkpt>
   <trkpt lat="39.5721470" lon="-104.8565460">
    <ele>1762.0</ele>
    <time>2022-12-05T19:47:23Z</time>
   </trkpt>
   <trkpt lat="39.5721600" lon="-104.8565390">
    <ele>1762.1</ele>
    <time>2022-12-05T19:47:24Z</time>
   </trkpt>
   <trkpt lat="39.5721730" lon="-104.8565300">
    <ele>1762.1</ele>
    <time>2022-12-05T19:47:25Z</time>
   </trkpt>
   <trkpt lat="39.5721850" lon="-104.8565160">
    <ele>1762.2</ele>
    <time>2022-12-05T19:47:26Z</time>
   </trkpt>
   <trkpt lat="39.5721980" lon="-104.8565100">
    <ele>1762.2</ele>
    <time>2022-12-05T19:47:27Z</time>
   </trkpt>
   <trkpt lat="39.5722090" lon="-104.8564990">
    <ele>1762.3</ele>
    <time>2022-12-05T19:47:28Z</time>
   </trkpt>
   <trkpt lat="39.5722240" lon="-104.8564890">
    <ele>1762.3</ele>
    <time>2022-12-05T19:47:29Z</time>
   </trkpt>
   <trkpt lat="39.5722390" lon="-104.8564810">
    <ele>1762.3</ele>
    <time>2022-12-05T19:47:30Z</time>
   </trkpt>
   <trkpt lat="39.5722480" lon="-104.8564780">
    <ele>1762.4</ele>
    <time>2022-12-05T19:47:31Z</time>
   </trkpt>
   <trkpt lat="39.5722590" lon="-104.8564710">
    <ele>1762.4</ele>
    <time>2022-12-05T19:47:32Z</time>
   </trkpt>
   <trkpt lat="39.5722660" lon="-104.8564680">
    <ele>1762.4</ele>
    <time>2022-12-05T19:47:33Z</time>
   </trkpt>
   <trkpt lat="39.5722860" lon="-104.8564570">
    <ele>1762.5</ele>
    <time>2022-12-05T19:47:34Z</time>
   </trkpt>
   <trkpt lat="39.5722950" lon="-104.8564530">
    <ele>1762.5</ele>
    <time>2022-12-05T19:47:35Z</time>
   </trkpt>
   <trkpt lat="39.5723130" lon="-104.8564400">
    <ele>1762.5</ele>
    <time>2022-12-05T19:47:36Z</time>
   </trkpt>
   <trkpt lat="39.5723230" lon="-104.8564340">
    <ele>1762.5</ele>
    <time>2022-12-05T19:47:37Z</time>
   </trkpt>
   <trkpt lat="39.5723340" lon="-104.8564270">
    <ele>1762.5</ele>
    <time>2022-12-05T19:47:38Z</time>
   </trkpt>
   <trkpt lat="39.5723620" lon="-104.8564240">
    <ele>1762.6</ele>
    <time>2022-12-05T19:47:39Z</time>
   </trkpt>
   <trkpt lat="39.5723700" lon="-104.8564220">
    <ele>1762.6</ele>
    <time>2022-12-05T19:47:40Z</time>
   </trkpt>
   <trkpt lat="39.5723870" lon="-104.8564210">
    <ele>1762.6</ele>
    <time>2022-12-05T19:47:41Z</time>
   </trkpt>
   <trkpt lat="39.5724010" lon="-104.8564180">
    <ele>1762.6</ele>
    <time>2022-12-05T19:47:42Z</time>
   </trkpt>
   <trkpt lat="39.5724220" lon="-104.8564190">
    <ele>1762.6</ele>
    <time>2022-12-05T19:47:43Z</time>
   </trkpt>
   <trkpt lat="39.5724310" lon="-104.8564170">
    <ele>1762.6</ele>
    <time>2022-12-05T19:47:44Z</time>
   </trkpt>
   <trkpt lat="39.5724410" lon="-104.8564150">
    <ele>1762.6</ele>
    <time>2022-12-05T19:47:45Z</time>
   </trkpt>
   <trkpt lat="39.5724520" lon="-104.8564100">
    <ele>1762.6</ele>
    <time>2022-12-05T19:47:46Z</time>
   </trkpt>
   <trkpt lat="39.5724660" lon="-104.8564020">
    <ele>1762.6</ele>
    <time>2022-12-05T19:47:47Z</time>
   </trkpt>
   <trkpt lat="39.5724850" lon="-104.8563970">
    <ele>1762.6</ele>
    <time>2022-12-05T19:47:48Z</time>
   </trkpt>
   <trkpt lat="39.5724950" lon="-104.8563960">
    <ele>1762.6</ele>
    <time>2022-12-05T19:47:49Z</time>
   </trkpt>
   <trkpt lat="39.5725050" lon="-104.8563950">
    <ele>1762.6</ele>
    <time>2022-12-05T19:47:50Z</time>
   </trkpt>
   <trkpt lat="39.5725150" lon="-104.8563990">
    <ele>1762.6</ele>
    <time>2022-12-05T19:47:51Z</time>
   </trkpt>
   <trkpt lat="39.5725260" lon="-104.8564000">
    <ele>1762.6</ele>
    <time>2022-12-05T19:47:52Z</time>
   </trkpt>
   <trkpt lat="39.5725360" lon="-104.8564010">
    <ele>1762.6</ele>
    <time>2022-12-05T19:47:53Z</time>
   </trkpt>
   <trkpt lat="39.5725470" lon="-104.8564010">
    <ele>1762.6</ele>
    <time>2022-12-05T19:47:54Z</time>
   </trkpt>
   <trkpt lat="39.5725580" lon="-104.8564020">
    <ele>1762.6</ele>
    <time>2022-12-05T19:47:55Z</time>
   </trkpt>
   <trkpt lat="39.5725800" lon="-104.8563980">
    <ele>1762.6</ele>
    <time>2022-12-05T19:47:56Z</time>
   </trkpt>
   <trkpt lat="39.5725920" lon="-104.8563980">
    <ele>1762.6</ele>
    <time>2022-12-05T19:47:57Z</time>
   </trkpt>
   <trkpt lat="39.5726030" lon="-104.8563980">
    <ele>1762.5</ele>
    <time>2022-12-05T19:47:58Z</time>
   </trkpt>
   <trkpt lat="39.5726140" lon="-104.8564020">
    <ele>1762.5</ele>
    <time>2022-12-05T19:47:59Z</time>
   </trkpt>
   <trkpt lat="39.5726360" lon="-104.8563980">
    <ele>1762.5</ele>
    <time>2022-12-05T19:48:00Z</time>
   </trkpt>
   <trkpt lat="39.5726520" lon="-104.8564000">
    <ele>1762.5</ele>
    <time>2022-12-05T19:48:01Z</time>
   </trkpt>
   <trkpt lat="39.5726680" lon="-104.8564020">
    <ele>1762.5</ele>
    <time>2022-12-05T19:48:02Z</time>
   </trkpt>
   <trkpt lat="39.5726950" lon="-104.8564030">
    <ele>1762.4</ele>
    <time>2022-12-05T19:48:03Z</time>
   </trkpt>
   <trkpt lat="39.5727040" lon="-104.8564050">
    <ele>1762.4</ele>
    <time>2022-12-05T19:48:04Z</time>
   </trkpt>
   <trkpt lat="39.5727190" lon="-104.8564100">
    <ele>1762.4</ele>
    <time>2022-12-05T19:48:05Z</time>
   </trkpt>
   <trkpt lat="39.5727380" lon="-104.8564130">
    <ele>1762.4</ele>
    <time>2022-12-05T19:48:06Z</time>
   </trkpt>
   <trkpt lat="39.5727470" lon="-104.8564170">
    <ele>1762.4</ele>
    <time>2022-12-05T19:48:07Z</time>
   </trkpt>
   <trkpt lat="39.5727660" lon="-104.8564100">
    <ele>1762.4</ele>
    <time>2022-12-05T19:48:08Z</time>
   </trkpt>
   <trkpt lat="39.5727930" lon="-104.8564050">
    <ele>1762.3</ele>
    <time>2022-12-05T19:48:09Z</time>
   </trkpt>
   <trkpt lat="39.5728050" lon="-104.8564020">
    <ele>1762.3</ele>
    <time>2022-12-05T19:48:10Z</time>
   </trkpt>
   <trkpt lat="39.5728250" lon="-104.8564020">
    <ele>1762.3</ele>
    <time>2022-12-05T19:48:11Z</time>
   </trkpt>
   <trkpt lat="39.5728340" lon="-104.8564040">
    <ele>1762.3</ele>
    <time>2022-12-05T19:48:12Z</time>
   </trkpt>
   <trkpt lat="39.5728460" lon="-104.8564070">
    <ele>1762.3</ele>
    <time>2022-12-05T19:48:13Z</time>
   </trkpt>
   <trkpt lat="39.5728620" lon="-104.8563990">
    <ele>1762.3</ele>
    <time>2022-12-05T19:48:14Z</time>
   </trkpt>
   <trkpt lat="39.5728970" lon="-104.8564050">
    <ele>1762.2</ele>
    <time>2022-12-05T19:48:15Z</time>
   </trkpt>
   <trkpt lat="39.5729110" lon="-104.8564010">
    <ele>1762.2</ele>
    <time>2022-12-05T19:48:16Z</time>
   </trkpt>
   <trkpt lat="39.5729460" lon="-104.8563990">
    <ele>1762.2</ele>
    <time>2022-12-05T19:48:17Z</time>
   </trkpt>
   <trkpt lat="39.5729570" lon="-104.8563960">
    <ele>1762.2</ele>
    <time>2022-12-05T19:48:18Z</time>
   </trkpt>
   <trkpt lat="39.5729750" lon="-104.8563980">
    <ele>1762.2</ele>
    <time>2022-12-05T19:48:19Z</time>
   </trkpt>
   <trkpt lat="39.5729890" lon="-104.8563980">
    <ele>1762.1</ele>
    <time>2022-12-05T19:48:20Z</time>
   </trkpt>
   <trkpt lat="39.5730020" lon="-104.8563970">
    <ele>1762.1</ele>
    <time>2022-12-05T19:48:21Z</time>
   </trkpt>
   <trkpt lat="39.5730130" lon="-104.8563970">
    <ele>1762.1</ele>
    <time>2022-12-05T19:48:22Z</time>
   </trkpt>
   <trkpt lat="39.5730250" lon="-104.8564010">
    <ele>1762.1</ele>
    <time>2022-12-05T19:48:23Z</time>
   </trkpt>
   <trkpt lat="39.5730460" lon="-104.8563910">
    <ele>1762.0</ele>
    <time>2022-12-05T19:48:24Z</time>
   </trkpt>
   <trkpt lat="39.5730540" lon="-104.8563870">
    <ele>1762.0</ele>
    <time>2022-12-05T19:48:25Z</time>
   </trkpt>
   <trkpt lat="39.5730630" lon="-104.8563830">
    <ele>1762.0</ele>
    <time>2022-12-05T19:48:26Z</time>
   </trkpt>
   <trkpt lat="39.5730750" lon="-104.8563850">
    <ele>1762.0</ele>
    <time>2022-12-05T19:48:27Z</time>
   </trkpt>
   <trkpt lat="39.5730940" lon="-104.8563790">
    <ele>1762.0</ele>
    <time>2022-12-05T19:48:28Z</time>
   </trkpt>
   <trkpt lat="39.5731060" lon="-104.8563730">
    <ele>1761.9</ele>
    <time>2022-12-05T19:48:29Z</time>
   </trkpt>
   <trkpt lat="39.5731210" lon="-104.8563800">
    <ele>1761.9</ele>
    <time>2022-12-05T19:48:30Z</time>
   </trkpt>
   <trkpt lat="39.5731380" lon="-104.8563830">
    <ele>1761.9</ele>
    <time>2022-12-05T19:48:31Z</time>
   </trkpt>
   <trkpt lat="39.5731550" lon="-104.8563830">
    <ele>1761.9</ele>
    <time>2022-12-05T19:48:32Z</time>
   </trkpt>
   <trkpt lat="39.5731770" lon="-104.8563840">
    <ele>1761.8</ele>
    <time>2022-12-05T19:48:33Z</time>
   </trkpt>
   <trkpt lat="39.5731890" lon="-104.8563870">
    <ele>1761.8</ele>
    <time>2022-12-05T19:48:34Z</time>
   </trkpt>
   <trkpt lat="39.5732010" lon="-104.8563890">
    <ele>1761.8</ele>
    <time>2022-12-05T19:48:35Z</time>
   </trkpt>
   <trkpt lat="39.5732170" lon="-104.8563830">
    <ele>1761.8</ele>
    <time>2022-12-05T19:48:36Z</time>
   </trkpt>
   <trkpt lat="39.5732330" lon="-104.8563870">
    <ele>1761.7</ele>
    <time>2022-12-05T19:48:37Z</time>
   </trkpt>
   <trkpt lat="39.5732530" lon="-104.8563950">
    <ele>1761.7</ele>
    <time>2022-12-05T19:48:38Z</time>
   </trkpt>
   <trkpt lat="39.5732620" lon="-104.8563970">
    <ele>1761.7</ele>
    <time>2022-12-05T19:48:39Z</time>
   </trkpt>
   <trkpt lat="39.5732710" lon="-104.8563980">
    <ele>1761.7</ele>
    <time>2022-12-05T19:48:40Z</time>
   </trkpt>
   <trkpt lat="39.5732830" lon="-104.8563970">
    <ele>1761.7</ele>
    <time>2022-12-05T19:48:41Z</time>
   </trkpt>
   <trkpt lat="39.5733010" lon="-104.8563950">
    <ele>1761.7</ele>
    <time>2022-12-05T19:48:42Z</time>
   </trkpt>
   <trkpt lat="39.5733190" lon="-104.8563930">
    <ele>1761.6</ele>
    <time>2022-12-05T19:48:43Z</time>
   </trkpt>
   <trkpt lat="39.5733350" lon="-104.8564010">
    <ele>1761.6</ele>
    <time>2022-12-05T19:48:44Z</time>
   </trkpt>
   <trkpt lat="39.5733630" lon="-104.8564200">
    <ele>1761.5</ele>
    <time>2022-12-05T19:48:45Z</time>
   </trkpt>
   <trkpt lat="39.5733720" lon="-104.8564250">
    <ele>1761.5</ele>
    <time>2022-12-05T19:48:46Z</time>
   </trkpt>
   <trkpt lat="39.5733890" lon="-104.8564290">
    <ele>1761.5</ele>
    <time>2022-12-05T19:48:47Z</time>
   </trkpt>
   <trkpt lat="39.5734040" lon="-104.8564310">
    <ele>1761.5</ele>
    <time>2022-12-05T19:48:48Z</time>
   </trkpt>
   <trkpt lat="39.5734220" lon="-104.8564300">
    <ele>1761.4</ele>
    <time>2022-12-05T19:48:49Z</time>
   </trkpt>
   <trkpt lat="39.5734380" lon="-104.8564210">
    <ele>1761.4</ele>
    <time>2022-12-05T19:48:50Z</time>
   </trkpt>
   <trkpt lat="39.5734560" lon="-104.8564220">
    <ele>1761.4</ele>
    <time>2022-12-05T19:48:51Z</time>
   </trkpt>
   <trkpt lat="39.5734700" lon="-104.8564220">
    <ele>1761.3</ele>
    <time>2022-12-05T19:48:52Z</time>
   </trkpt>
   <trkpt lat="39.5734850" lon="-104.8564170">
    <ele>1761.3</ele>
    <time>2022-12-05T19:48:53Z</time>
   </trkpt>
   <trkpt lat="39.5734950" lon="-104.8564150">
    <ele>1761.3</ele>
    <time>2022-12-05T19:48:54Z</time>
   </trkpt>
   <trkpt lat="39.5735030" lon="-104.8564120">
    <ele>1761.2</ele>
    <time>2022-12-05T19:48:55Z</time>
   </trkpt>
   <trkpt lat="39.5735200" lon="-104.8564030">
    <ele>1761.2</ele>
    <time>2022-12-05T19:48:56Z</time>
   </trkpt>
   <trkpt lat="39.5735310" lon="-104.8563990">
    <ele>1761.2</ele>
    <time>2022-12-05T19:48:57Z</time>
   </trkpt>
   <trkpt lat="39.5735430" lon="-104.8563940">
    <ele>1761.1</ele>
    <time>2022-12-05T19:48:58Z</time>
   </trkpt>
   <trkpt lat="39.5735590" lon="-104.8563920">
    <ele>1761.1</ele>
    <time>2022-12-05T19:48:59Z</time>
   </trkpt>
   <trkpt lat="39.5735690" lon="-104.8563870">
    <ele>1761.1</ele>
    <time>2022-12-05T19:49:00Z</time>
   </trkpt>
   <trkpt lat="39.5735830" lon="-104.8563860">
    <ele>1761.0</ele>
    <time>2022-12-05T19:49:01Z</time>
   </trkpt>
   <trkpt lat="39.5735910" lon="-104.8563860">
    <ele>1761.0</ele>
    <time>2022-12-05T19:49:02Z</time>
   </trkpt>
   <trkpt lat="39.5736040" lon="-104.8563840">
    <ele>1761.0</ele>
    <time>2022-12-05T19:49:03Z</time>
   </trkpt>
   <trkpt lat="39.5736130" lon="-104.8563990">
    <ele>1761.0</ele>
    <time>2022-12-05T19:49:04Z</time>
   </trkpt>
   <trkpt lat="39.5736250" lon="-104.8564070">
    <ele>1760.9</ele>
    <time>2022-12-05T19:49:05Z</time>
   </trkpt>
   <trkpt lat="39.5736390" lon="-104.8564130">
    <ele>1760.9</ele>
    <time>2022-12-05T19:49:06Z</time>
   </trkpt>
   <trkpt lat="39.5736580" lon="-104.8564200">
    <ele>1760.8</ele>
    <time>2022-12-05T19:49:07Z</time>
   </trkpt>
   <trkpt lat="39.5736890" lon="-104.8564440">
    <ele>1760.8</ele>
    <time>2022-12-05T19:49:08Z</time>
   </trkpt>
   <trkpt lat="39.5736970" lon="-104.8564500">
    <ele>1760.7</ele>
    <time>2022-12-05T19:49:09Z</time>
   </trkpt>
   <trkpt lat="39.5737180" lon="-104.8564520">
    <ele>1760.7</ele>
    <time>2022-12-05T19:49:10Z</time>
   </trkpt>
   <trkpt lat="39.5737290" lon="-104.8564500">
    <ele>1760.7</ele>
    <time>2022-12-05T19:49:11Z</time>
   </trkpt>
   <trkpt lat="39.5737400" lon="-104.8564480">
    <ele>1760.6</ele>
    <time>2022-12-05T19:49:12Z</time>
   </trkpt>
   <trkpt lat="39.5737580" lon="-104.8564350">
    <ele>1760.6</ele>
    <time>2022-12-05T19:49:13Z</time>
   </trkpt>
   <trkpt lat="39.5737680" lon="-104.8564330">
    <ele>1760.6</ele>
    <time>2022-12-05T19:49:14Z</time>
   </trkpt>
   <trkpt lat="39.5737780" lon="-104.8564300">
    <ele>1760.5</ele>
    <time>2022-12-05T19:49:15Z</time>
   </trkpt>
   <trkpt lat="39.5737950" lon="-104.8564250">
    <ele>1760.5</ele>
    <time>2022-12-05T19:49:16Z</time>
   </trkpt>
   <trkpt lat="39.5738110" lon="-104.8564250">
    <ele>1760.5</ele>
    <time>2022-12-05T19:49:17Z</time>
   </trkpt>
   <trkpt lat="39.5738300" lon="-104.8564240">
    <ele>1760.4</ele>
    <time>2022-12-05T19:49:18Z</time>
   </trkpt>
   <trkpt lat="39.5738430" lon="-104.8564310">
    <ele>1760.4</ele>
    <time>2022-12-05T19:49:19Z</time>
   </trkpt>
   <trkpt lat="39.5738780" lon="-104.8564380">
    <ele>1760.3</ele>
    <time>2022-12-05T19:49:20Z</time>
   </trkpt>
   <trkpt lat="39.5738890" lon="-104.8564440">
    <ele>1760.3</ele>
    <time>2022-12-05T19:49:21Z</time>
   </trkpt>
   <trkpt lat="39.5739090" lon="-104.8564460">
    <ele>1760.2</ele>
    <time>2022-12-05T19:49:22Z</time>
   </trkpt>
   <trkpt lat="39.5739210" lon="-104.8564490">
    <ele>1760.2</ele>
    <time>2022-12-05T19:49:23Z</time>
   </trkpt>
   <trkpt lat="39.5739440" lon="-104.8564410">
    <ele>1760.2</ele>
    <time>2022-12-05T19:49:24Z</time>
   </trkpt>
   <trkpt lat="39.5739580" lon="-104.8564420">
    <ele>1760.1</ele>
    <time>2022-12-05T19:49:25Z</time>
   </trkpt>
   <trkpt lat="39.5739820" lon="-104.8564580">
    <ele>1760.1</ele>
    <time>2022-12-05T19:49:26Z</time>
   </trkpt>
   <trkpt lat="39.5739900" lon="-104.8564650">
    <ele>1760.1</ele>
    <time>2022-12-05T19:49:27Z</time>
   </trkpt>
   <trkpt lat="39.5740140" lon="-104.8564860">
    <ele>1760.0</ele>
    <time>2022-12-05T19:49:28Z</time>
   </trkpt>
   <trkpt lat="39.5740200" lon="-104.8564940">
    <ele>1759.9</ele>
    <time>2022-12-05T19:49:29Z</time>
   </trkpt>
   <trkpt lat="39.5740310" lon="-104.8565130">
    <ele>1759.9</ele>
    <time>2022-12-05T19:49:30Z</time>
   </trkpt>
   <trkpt lat="39.5740430" lon="-104.8565230">
    <ele>1759.9</ele>
    <time>2022-12-05T19:49:31Z</time>
   </trkpt>
   <trkpt lat="39.5740590" lon="-104.8565410">
    <ele>1759.9</ele>
    <time>2022-12-05T19:49:32Z</time>
   </trkpt>
   <trkpt lat="39.5740650" lon="-104.8565470">
    <ele>1759.8</ele>
    <time>2022-12-05T19:49:33Z</time>
   </trkpt>
   <trkpt lat="39.5740720" lon="-104.8565530">
    <ele>1759.8</ele>
    <time>2022-12-05T19:49:34Z</time>
   </trkpt>
   <trkpt lat="39.5740830" lon="-104.8565580">
    <ele>1759.8</ele>
    <time>2022-12-05T19:49:35Z</time>
   </trkpt>
   <trkpt lat="39.5740990" lon="-104.8565580">
    <ele>1759.8</ele>
    <time>2022-12-05T19:49:36Z</time>
   </trkpt>
   <trkpt lat="39.5741190" lon="-104.8565560">
    <ele>1759.7</ele>
    <time>2022-12-05T19:49:37Z</time>
   </trkpt>
   <trkpt lat="39.5741300" lon="-104.8565590">
    <ele>1759.7</ele>
    <time>2022-12-05T19:49:38Z</time>
   </trkpt>
   <trkpt lat="39.5741420" lon="-104.8565620">
    <ele>1759.7</ele>
    <time>2022-12-05T19:49:39Z</time>
   </trkpt>
   <trkpt lat="39.5741590" lon="-104.8565750">
    <ele>1759.7</ele>
    <time>2022-12-05T19:49:40Z</time>
   </trkpt>
   <trkpt lat="39.5741720" lon="-104.8565840">
    <ele>1759.7</ele>
    <time>2022-12-05T19:49:41Z</time>
   </trkpt>
   <trkpt lat="39.5741860" lon="-104.8565950">
    <ele>1759.6</ele>
    <time>2022-12-05T19:49:42Z</time>
   </trkpt>
   <trkpt lat="39.5741990" lon="-104.8566050">
    <ele>1759.6</ele>
    <time>2022-12-05T19:49:43Z</time>
   </trkpt>
   <trkpt lat="39.5742110" lon="-104.8566120">
    <ele>1759.6</ele>
    <time>2022-12-05T19:49:44Z</time>
   </trkpt>
   <trkpt lat="39.5742190" lon="-104.8566180">
    <ele>1759.6</ele>
    <time>2022-12-05T19:49:45Z</time>
   </trkpt>
   <trkpt lat="39.5742270" lon="-104.8566240">
    <ele>1759.6</ele>
    <time>2022-12-05T19:49:46Z</time>
   </trkpt>
   <trkpt lat="39.5742440" lon="-104.8566350">
    <ele>1759.5</ele>
    <time>2022-12-05T19:49:47Z</time>
   </trkpt>
   <trkpt lat="39.5742570" lon="-104.8566460">
    <ele>1759.5</ele>
    <time>2022-12-05T19:49:48Z</time>
   </trkpt>
   <trkpt lat="39.5742680" lon="-104.8566560">
    <ele>1759.5</ele>
    <time>2022-12-05T19:49:49Z</time>
   </trkpt>
   <trkpt lat="39.5742830" lon="-104.8566720">
    <ele>1759.5</ele>
    <time>2022-12-05T19:49:50Z</time>
   </trkpt>
   <trkpt lat="39.5742890" lon="-104.8566770">
    <ele>1759.4</ele>
    <time>2022-12-05T19:49:51Z</time>
   </trkpt>
   <trkpt lat="39.5743090" lon="-104.8567000">
    <ele>1759.4</ele>
    <time>2022-12-05T19:49:52Z</time>
   </trkpt>
   <trkpt lat="39.5743290" lon="-104.8567350">
    <ele>1759.3</ele>
    <time>2022-12-05T19:49:53Z</time>
   </trkpt>
   <trkpt lat="39.5743320" lon="-104.8567470">
    <ele>1759.3</ele>
    <time>2022-12-05T19:49:54Z</time>
   </trkpt>
   <trkpt lat="39.5743440" lon="-104.8567820">
    <ele>1759.3</ele>
    <time>2022-12-05T19:49:55Z</time>
   </trkpt>
   <trkpt lat="39.5743490" lon="-104.8567960">
    <ele>1759.3</ele>
    <time>2022-12-05T19:49:56Z</time>
   </trkpt>
   <trkpt lat="39.5743480" lon="-104.8568170">
    <ele>1759.2</ele>
    <time>2022-12-05T19:49:57Z</time>
   </trkpt>
   <trkpt lat="39.5743450" lon="-104.8568340">
    <ele>1759.2</ele>
    <time>2022-12-05T19:49:58Z</time>
   </trkpt>
   <trkpt lat="39.5743120" lon="-104.8568470">
    <ele>1759.1</ele>
    <time>2022-12-05T19:49:59Z</time>
   </trkpt>
   <trkpt lat="39.5743000" lon="-104.8568550">
    <ele>1759.1</ele>
    <time>2022-12-05T19:50:00Z</time>
   </trkpt>
   <trkpt lat="39.5742810" lon="-104.8568770">
    <ele>1759.1</ele>
    <time>2022-12-05T19:50:01Z</time>
   </trkpt>
   <trkpt lat="39.5742760" lon="-104.8568750">
    <ele>1759.1</ele>
    <time>2022-12-05T19:50:02Z</time>
   </trkpt>
   <trkpt lat="39.5742630" lon="-104.8568750">
    <ele>1759.1</ele>
    <time>2022-12-05T19:50:03Z</time>
   </trkpt>
   <trkpt lat="39.5742560" lon="-104.8568780">
    <ele>1759.0</ele>
    <time>2022-12-05T19:50:04Z</time>
   </trkpt>
   <trkpt lat="39.5742460" lon="-104.8568860">
    <ele>1759.0</ele>
    <time>2022-12-05T19:50:05Z</time>
   </trkpt>
   <trkpt lat="39.5742430" lon="-104.8568980">
    <ele>1759.0</ele>
    <time>2022-12-05T19:50:06Z</time>
   </trkpt>
   <trkpt lat="39.5742420" lon="-104.8569140">
    <ele>1759.0</ele>
    <time>2022-12-05T19:50:07Z</time>
   </trkpt>
   <trkpt lat="39.5742400" lon="-104.8569250">
    <ele>1759.0</ele>
    <time>2022-12-05T19:50:08Z</time>
   </trkpt>
   <trkpt lat="39.5742420" lon="-104.8569250">
    <ele>1759.0</ele>
    <time>2022-12-05T19:50:09Z</time>
   </trkpt>
   <trkpt lat="39.5742430" lon="-104.8569270">
    <ele>1759.0</ele>
    <time>2022-12-05T19:50:10Z</time>
   </trkpt>
  </trkseg>
 </trk>
</gpx>
