<?xml version="1.0" encoding="UTF-8"?>
<gpx creator="StravaGPX" version="1.1" xmlns="http://www.topografix.com/GPX/1/1" xmlns:xsi="http://www.w3.org/2001/XMLSchema-instance" xsi:schemaLocation="http://www.topografix.com/GPX/1/1 http://www.topografix.com/GPX/1/1/gpx.xsd">
 <metadata>
  <time>2023-04-26T18:41:00Z</time>
 </metadata>
 <trk>
  <name>Afternoon Walk</name>
  <type>walking</type>
  <trkseg>
   <trkpt lat="39.5689070" lon="-104.8608250">
    <ele>1763.4</ele>
    <time>2023-04-26T18:41:00Z</time>
   </trkpt>
   <trkpt lat="39.5688930" lon="-104.8608350">
    <ele>1763.4</ele>
    <time>2023-04-26T18:41:01Z</time>
   </trkpt>
   <trkpt lat="39.5688800" lon="-104.8608460">
    <ele>1763.5</ele>
    <time>2023-04-26T18:41:02Z</time>
   </trkpt>
   <trkpt lat="39.5688660" lon="-104.8608550">
    <ele>1763.5</ele>
    <time>2023-04-26T18:41:03Z</time>
   </trkpt>
   <trkpt lat="39.5688600" lon="-104.8608730">
    <ele>1763.5</ele>
    <time>2023-04-26T18:41:04Z</time>
   </trkpt>
   <trkpt lat="39.5688490" lon="-104.8608850">
    <ele>1763.5</ele>
    <time>2023-04-26T18:41:05Z</time>
   </trkpt>
   <trkpt lat="39.5688350" lon="-104.8608940">
    <ele>1763.5</ele>
    <time>2023-04-26T18:41:06Z</time>
   </trkpt>
   <trkpt lat="39.5688200" lon="-104.8609030">
    <ele>1763.6</ele>
    <time>2023-04-26T18:41:07Z</time>
   </trkpt>
   <trkpt lat="39.5688080" lon="-104.8609150">
    <ele>1763.6</ele>
    <time>2023-04-26T18:41:08Z</time>
   </trkpt>
   <trkpt lat="39.5687950" lon="-104.8609260">
    <ele>1763.6</ele>
    <time>2023-04-26T18:41:09Z</time>
   </trkpt>
   <trkpt lat="39.5687820" lon="-104.8609370">
    <ele>1763.6</ele>
    <time>2023-04-26T18:41:10Z</time>
   </trkpt>
   <trkpt lat="39.5687660" lon="-104.8609450">
    <ele>1763.7</ele>
    <time>2023-04-26T18:41:11Z</time>
   </trkpt>
   <trkpt lat="39.5687520" lon="-104.8609530">
    <ele>1763.7</ele>
    <time>2023-04-26T18:41:12Z</time>
   </trkpt>
   <trkpt lat="39.5687370" lon="-104.8609600">
    <ele>1763.7</ele>
    <time>2023-04-26T18:41:13Z</time>
   </trkpt>
   <trkpt lat="39.5687220" lon="-104.8609700">
    <ele>1763.7</ele>
    <time>2023-04-26T18:41:14Z</time>
   </trkpt>
   <trkpt lat="39.5687080" lon="-104.8609800">
    <ele>1763.8</ele>
    <time>2023-04-26T18:41:15Z</time>
   </trkpt>
   <trkpt lat="39.5686940" lon="-104.8609900">
    <ele>1763.8</ele>
    <time>2023-04-26T18:41:16Z</time>
   </trkpt>
   <trkpt lat="39.5686820" lon="-104.8610020">
    <ele>1763.8</ele>
    <time>2023-04-26T18:41:17Z</time>
   </trkpt>
   <trkpt lat="39.5686680" lon="-104.8610140">
    <ele>1763.8</ele>
    <time>2023-04-26T18:41:18Z</time>
   </trkpt>
   <trkpt lat="39.5686540" lon="-104.8610240">
    <ele>1763.9</ele>
    <time>2023-04-26T18:41:19Z</time>
   </trkpt>
   <trkpt lat="39.5686400" lon="-104.8610350">
    <ele>1763.9</ele>
    <time>2023-04-26T18:41:20Z</time>
   </trkpt>
   <trkpt lat="39.5686280" lon="-104.8610490">
    <ele>1763.9</ele>
    <time>2023-04-26T18:41:21Z</time>
   </trkpt>
   <trkpt lat="39.5686120" lon="-104.8610560">
    <ele>1763.9</ele>
    <time>2023-04-26T18:41:22Z</time>
   </trkpt>
   <trkpt lat="39.5685990" lon="-104.8610660">
    <ele>1764.0</ele>
    <time>2023-04-26T18:41:23Z</time>
   </trkpt>
   <trkpt lat="39.5685850" lon="-104.8610770">
    <ele>1764.0</ele>
    <time>2023-04-26T18:41:24Z</time>
   </trkpt>
   <trkpt lat="39.5685720" lon="-104.8610890">
    <ele>1764.0</ele>
    <time>2023-04-26T18:41:25Z</time>
   </trkpt>
   <trkpt lat="39.5685560" lon="-104.8610980">
    <ele>1764.0</ele>
    <time>2023-04-26T18:41:26Z</time>
   </trkpt>
   <trkpt lat="39.5685410" lon="-104.8611070">
    <ele>1764.0</ele>
    <time>2023-04-26T18:41:27Z</time>
   </trkpt>
   <trkpt lat="39.5685280" lon="-104.8611140">
    <ele>1764.0</ele>
    <time>2023-04-26T18:41:28Z</time>
   </trkpt>
   <trkpt lat="39.5685150" lon="-104.8611240">
    <ele>1764.1</ele>
    <time>2023-04-26T18:41:29Z</time>
   </trkpt>
   <trkpt lat="39.5685040" lon="-104.8611370">
    <ele>1764.1</ele>
    <time>2023-04-26T18:41:30Z</time>
   </trkpt>
   <trkpt lat="39.5684910" lon="-104.8611490">
    <ele>1764.1</ele>
    <time>2023-04-26T18:41:31Z</time>
   </trkpt>
   <trkpt lat="39.5684780" lon="-104.8611580">
    <ele>1764.1</ele>
    <time>2023-04-26T18:41:32Z</time>
   </trkpt>
   <trkpt lat="39.5684650" lon="-104.8611690">
    <ele>1764.1</ele>
    <time>2023-04-26T18:41:33Z</time>
   </trkpt>
   <trkpt lat="39.5684520" lon="-104.8611790">
    <ele>1764.1</ele>
    <time>2023-04-26T18:41:35Z</time>
   </trkpt>
   <trkpt lat="39.5684370" lon="-104.8611870">
    <ele>1764.1</ele>
    <time>2023-04-26T18:41:36Z</time>
   </trkpt>
   <trkpt lat="39.5684260" lon="-104.8612010">
    <ele>1764.2</ele>
    <time>2023-04-26T18:41:37Z</time>
   </trkpt>
   <trkpt lat="39.5684140" lon="-104.8612120">
    <ele>1764.2</ele>
    <time>2023-04-26T18:41:38Z</time>
   </trkpt>
   <trkpt lat="39.5684010" lon="-104.8612210">
    <ele>1764.2</ele>
    <time>2023-04-26T18:41:39Z</time>
   </trkpt>
   <trkpt lat="39.5683860" lon="-104.8612310">
    <ele>1764.2</ele>
    <time>2023-04-26T18:41:40Z</time>
   </trkpt>
   <trkpt lat="39.5683700" lon="-104.8612370">
    <ele>1764.2</ele>
    <time>2023-04-26T18:41:41Z</time>
   </trkpt>
   <trkpt lat="39.5683590" lon="-104.8612520">
    <ele>1764.2</ele>
    <time>2023-04-26T18:41:42Z</time>
   </trkpt>
   <trkpt lat="39.5683460" lon="-104.8612610">
    <ele>1764.2</ele>
    <time>2023-04-26T18:41:43Z</time>
   </trkpt>
   <trkpt lat="39.5683300" lon="-104.8612690">
    <ele>1764.3</ele>
    <time>2023-04-26T18:41:44Z</time>
   </trkpt>
   <trkpt lat="39.5683170" lon="-104.8612790">
    <ele>1764.3</ele>
    <time>2023-04-26T18:41:45Z</time>
   </trkpt>
   <trkpt lat="39.5683060" lon="-104.8612930">
    <ele>1764.3</ele>
    <time>2023-04-26T18:41:46Z</time>
   </trkpt>
   <trkpt lat="39.5682930" lon="-104.8613030">
    <ele>1764.3</ele>
    <time>2023-04-26T18:41:47Z</time>
   </trkpt>
   <trkpt lat="39.5682790" lon="-104.8613120">
    <ele>1764.3</ele>
    <time>2023-04-26T18:41:48Z</time>
   </trkpt>
   <trkpt lat="39.5682640" lon="-104.8613220">
    <ele>1764.4</ele>
    <time>2023-04-26T18:41:49Z</time>
   </trkpt>
   <trkpt lat="39.5682490" lon="-104.8613350">
    <ele>1764.4</ele>
    <time>2023-04-26T18:41:50Z</time>
   </trkpt>
   <trkpt lat="39.5682350" lon="-104.8613440">
    <ele>1764.4</ele>
    <time>2023-04-26T18:41:51Z</time>
   </trkpt>
   <trkpt lat="39.5682200" lon="-104.8613540">
    <ele>1764.4</ele>
    <time>2023-04-26T18:41:52Z</time>
   </trkpt>
   <trkpt lat="39.5682070" lon="-104.8613640">
    <ele>1764.4</ele>
    <time>2023-04-26T18:41:53Z</time>
   </trkpt>
   <trkpt lat="39.5681940" lon="-104.8613760">
    <ele>1764.5</ele>
    <time>2023-04-26T18:41:54Z</time>
   </trkpt>
   <trkpt lat="39.5681810" lon="-104.8613880">
    <ele>1764.5</ele>
    <time>2023-04-26T18:41:55Z</time>
   </trkpt>
   <trkpt lat="39.5681650" lon="-104.8613930">
    <ele>1764.5</ele>
    <time>2023-04-26T18:41:56Z</time>
   </trkpt>
   <trkpt lat="39.5681520" lon="-104.8614020">
    <ele>1764.5</ele>
    <time>2023-04-26T18:41:57Z</time>
   </trkpt>
   <trkpt lat="39.5681390" lon="-104.8614110">
    <ele>1764.5</ele>
    <time>2023-04-26T18:41:58Z</time>
   </trkpt>
   <trkpt lat="39.5681250" lon="-104.8614180">
    <ele>1764.5</ele>
    <time>2023-04-26T18:41:59Z</time>
   </trkpt>
   <trkpt lat="39.5680980" lon="-104.8614340">
    <ele>1764.6</ele>
    <time>2023-04-26T18:42:00Z</time>
   </trkpt>
   <trkpt lat="39.5680870" lon="-104.8614480">
    <ele>1764.6</ele>
    <time>2023-04-26T18:42:01Z</time>
   </trkpt>
   <trkpt lat="39.5680740" lon="-104.8614590">
    <ele>1764.6</ele>
    <time>2023-04-26T18:42:02Z</time>
   </trkpt>
   <trkpt lat="39.5680620" lon="-104.8614710">
    <ele>1764.6</ele>
    <time>2023-04-26T18:42:03Z</time>
   </trkpt>
   <trkpt lat="39.5680490" lon="-104.8614780">
    <ele>1764.6</ele>
    <time>2023-04-26T18:42:04Z</time>
   </trkpt>
   <trkpt lat="39.5680350" lon="-104.8614870">
    <ele>1764.6</ele>
    <time>2023-04-26T18:42:05Z</time>
   </trkpt>
   <trkpt lat="39.5680220" lon="-104.8614970">
    <ele>1764.7</ele>
    <time>2023-04-26T18:42:06Z</time>
   </trkpt>
   <trkpt lat="39.5680090" lon="-104.8615070">
    <ele>1764.7</ele>
    <time>2023-04-26T18:42:07Z</time>
   </trkpt>
   <trkpt lat="39.5679960" lon="-104.8615170">
    <ele>1764.7</ele>
    <time>2023-04-26T18:42:08Z</time>
   </trkpt>
   <trkpt lat="39.5679820" lon="-104.8615260">
    <ele>1764.7</ele>
    <time>2023-04-26T18:42:09Z</time>
   </trkpt>
   <trkpt lat="39.5679690" lon="-104.8615360">
    <ele>1764.7</ele>
    <time>2023-04-26T18:42:10Z</time>
   </trkpt>
   <trkpt lat="39.5679570" lon="-104.8615490">
    <ele>1764.7</ele>
    <time>2023-04-26T18:42:11Z</time>
   </trkpt>
   <trkpt lat="39.5679440" lon="-104.8615610">
    <ele>1764.8</ele>
    <time>2023-04-26T18:42:12Z</time>
   </trkpt>
   <trkpt lat="39.5679320" lon="-104.8615730">
    <ele>1764.8</ele>
    <time>2023-04-26T18:42:13Z</time>
   </trkpt>
   <trkpt lat="39.5679190" lon="-104.8615880">
    <ele>1764.8</ele>
    <time>2023-04-26T18:42:14Z</time>
   </trkpt>
   <trkpt lat="39.5679070" lon="-104.8616000">
    <ele>1764.8</ele>
    <time>2023-04-26T18:42:15Z</time>
   </trkpt>
   <trkpt lat="39.5678940" lon="-104.8616140">
    <ele>1764.8</ele>
    <time>2023-04-26T18:42:16Z</time>
   </trkpt>
   <trkpt lat="39.5678810" lon="-104.8616260">
    <ele>1764.8</ele>
    <time>2023-04-26T18:42:17Z</time>
   </trkpt>
   <trkpt lat="39.5678660" lon="-104.8616320">
    <ele>1764.8</ele>
    <time>2023-04-26T18:42:18Z</time>
   </trkpt>
   <trkpt lat="39.5678530" lon="-104.8616410">
    <ele>1764.8</ele>
    <time>2023-04-26T18:42:19Z</time>
   </trkpt>
   <trkpt lat="39.5678390" lon="-104.8616530">
    <ele>1764.8</ele>
    <time>2023-04-26T18:42:20Z</time>
   </trkpt>
   <trkpt lat="39.5678250" lon="-104.8616620">
    <ele>1764.8</ele>
    <time>2023-04-26T18:42:21Z</time>
   </trkpt>
   <trkpt lat="39.5678120" lon="-104.8616720">
    <ele>1764.8</ele>
    <time>2023-04-26T18:42:22Z</time>
   </trkpt>
   <trkpt lat="39.5677970" lon="-104.8616790">
    <ele>1764.9</ele>
    <time>2023-04-26T18:42:23Z</time>
   </trkpt>
   <trkpt lat="39.5677830" lon="-104.8616900">
    <ele>1764.9</ele>
    <time>2023-04-26T18:42:24Z</time>
   </trkpt>
   <trkpt lat="39.5677690" lon="-104.8616980">
    <ele>1764.9</ele>
    <time>2023-04-26T18:42:25Z</time>
   </trkpt>
   <trkpt lat="39.5677560" lon="-104.8617080">
    <ele>1764.9</ele>
    <time>2023-04-26T18:42:26Z</time>
   </trkpt>
   <trkpt lat="39.5677430" lon="-104.8617160">
    <ele>1764.9</ele>
    <time>2023-04-26T18:42:27Z</time>
   </trkpt>
   <trkpt lat="39.5677300" lon="-104.8617280">
    <ele>1764.9</ele>
    <time>2023-04-26T18:42:28Z</time>
   </trkpt>
   <trkpt lat="39.5677160" lon="-104.8617360">
    <ele>1764.9</ele>
    <time>2023-04-26T18:42:29Z</time>
   </trkpt>
   <trkpt lat="39.5677020" lon="-104.8617450">
    <ele>1764.9</ele>
    <time>2023-04-26T18:42:30Z</time>
   </trkpt>
   <trkpt lat="39.5676920" lon="-104.8617590">
    <ele>1764.9</ele>
    <time>2023-04-26T18:42:31Z</time>
   </trkpt>
   <trkpt lat="39.5676800" lon="-104.8617700">
    <ele>1765.0</ele>
    <time>2023-04-26T18:42:32Z</time>
   </trkpt>
   <trkpt lat="39.5676670" lon="-104.8617800">
    <ele>1765.0</ele>
    <time>2023-04-26T18:42:33Z</time>
   </trkpt>
   <trkpt lat="39.5676520" lon="-104.8617870">
    <ele>1765.0</ele>
    <time>2023-04-26T18:42:34Z</time>
   </trkpt>
   <trkpt lat="39.5676390" lon="-104.8617950">
    <ele>1765.0</ele>
    <time>2023-04-26T18:42:35Z</time>
   </trkpt>
   <trkpt lat="39.5676260" lon="-104.8618050">
    <ele>1765.0</ele>
    <time>2023-04-26T18:42:36Z</time>
   </trkpt>
   <trkpt lat="39.5676130" lon="-104.8618160">
    <ele>1765.0</ele>
    <time>2023-04-26T18:42:37Z</time>
   </trkpt>
   <trkpt lat="39.5675980" lon="-104.8618230">
    <ele>1765.0</ele>
    <time>2023-04-26T18:42:38Z</time>
   </trkpt>
   <trkpt lat="39.5675840" lon="-104.8618310">
    <ele>1765.0</ele>
    <time>2023-04-26T18:42:39Z</time>
   </trkpt>
   <trkpt lat="39.5675700" lon="-104.8618420">
    <ele>1765.1</ele>
    <time>2023-04-26T18:42:40Z</time>
   </trkpt>
   <trkpt lat="39.5675580" lon="-104.8618530">
    <ele>1765.1</ele>
    <time>2023-04-26T18:42:41Z</time>
   </trkpt>
   <trkpt lat="39.5675450" lon="-104.8618640">
    <ele>1765.1</ele>
    <time>2023-04-26T18:42:42Z</time>
   </trkpt>
   <trkpt lat="39.5675320" lon="-104.8618750">
    <ele>1765.1</ele>
    <time>2023-04-26T18:42:43Z</time>
   </trkpt>
   <trkpt lat="39.5675170" lon="-104.8618820">
    <ele>1765.1</ele>
    <time>2023-04-26T18:42:44Z</time>
   </trkpt>
   <trkpt lat="39.5675040" lon="-104.8618920">
    <ele>1765.1</ele>
    <time>2023-04-26T18:42:45Z</time>
   </trkpt>
   <trkpt lat="39.5674900" lon="-104.8619030">
    <ele>1765.1</ele>
    <time>2023-04-26T18:42:46Z</time>
   </trkpt>
   <trkpt lat="39.5674780" lon="-104.8619150">
    <ele>1765.2</ele>
    <time>2023-04-26T18:42:47Z</time>
   </trkpt>
   <trkpt lat="39.5674620" lon="-104.8619240">
    <ele>1765.2</ele>
    <time>2023-04-26T18:42:48Z</time>
   </trkpt>
   <trkpt lat="39.5674480" lon="-104.8619330">
    <ele>1765.2</ele>
    <time>2023-04-26T18:42:49Z</time>
   </trkpt>
   <trkpt lat="39.5674350" lon="-104.8619410">
    <ele>1765.2</ele>
    <time>2023-04-26T18:42:50Z</time>
   </trkpt>
   <trkpt lat="39.5674170" lon="-104.8619410">
    <ele>1765.2</ele>
    <time>2023-04-26T18:42:51Z</time>
   </trkpt>
   <trkpt lat="39.5674000" lon="-104.8619300">
    <ele>1765.2</ele>
    <time>2023-04-26T18:42:52Z</time>
   </trkpt>
   <trkpt lat="39.5673820" lon="-104.8618970">
    <ele>1765.3</ele>
    <time>2023-04-26T18:42:53Z</time>
   </trkpt>
   <trkpt lat="39.5673770" lon="-104.8618850">
    <ele>1765.3</ele>
    <time>2023-04-26T18:42:54Z</time>
   </trkpt>
   <trkpt lat="39.5673640" lon="-104.8618700">
    <ele>1765.3</ele>
    <time>2023-04-26T18:42:55Z</time>
   </trkpt>
   <trkpt lat="39.5673530" lon="-104.8618540">
    <ele>1765.3</ele>
    <time>2023-04-26T18:42:56Z</time>
   </trkpt>
   <trkpt lat="39.5673420" lon="-104.8618360">
    <ele>1765.3</ele>
    <time>2023-04-26T18:42:57Z</time>
   </trkpt>
   <trkpt lat="39.5673340" lon="-104.8618180">
    <ele>1765.3</ele>
    <time>2023-04-26T18:42:58Z</time>
   </trkpt>
   <trkpt lat="39.5673280" lon="-104.8617990">
    <ele>1765.3</ele>
    <time>2023-04-26T18:42:59Z</time>
   </trkpt>
   <trkpt lat="39.5673200" lon="-104.8617810">
    <ele>1765.3</ele>
    <time>2023-04-26T18:43:00Z</time>
   </trkpt>
   <trkpt lat="39.5673130" lon="-104.8617640">
    <ele>1765.3</ele>
    <time>2023-04-26T18:43:01Z</time>
   </trkpt>
   <trkpt lat="39.5673050" lon="-104.8617470">
    <ele>1765.2</ele>
    <time>2023-04-26T18:43:02Z</time>
   </trkpt>
   <trkpt lat="39.5672970" lon="-104.8617300">
    <ele>1765.2</ele>
    <time>2023-04-26T18:43:03Z</time>
   </trkpt>
   <trkpt lat="39.5672910" lon="-104.8617120">
    <ele>1765.2</ele>
    <time>2023-04-26T18:43:04Z</time>
   </trkpt>
   <trkpt lat="39.5672820" lon="-104.8616960">
    <ele>1765.2</ele>
    <time>2023-04-26T18:43:05Z</time>
   </trkpt>
   <trkpt lat="39.5672740" lon="-104.8616790">
    <ele>1765.2</ele>
    <time>2023-04-26T18:43:06Z</time>
   </trkpt>
   <trkpt lat="39.5672670" lon="-104.8616600">
    <ele>1765.2</ele>
    <time>2023-04-26T18:43:07Z</time>
   </trkpt>
   <trkpt lat="39.5672600" lon="-104.8616410">
    <ele>1765.1</ele>
    <time>2023-04-26T18:43:08Z</time>
   </trkpt>
   <trkpt lat="39.5672540" lon="-104.8616220">
    <ele>1765.1</ele>
    <time>2023-04-26T18:43:09Z</time>
   </trkpt>
   <trkpt lat="39.5672460" lon="-104.8616050">
    <ele>1765.1</ele>
    <time>2023-04-26T18:43:10Z</time>
   </trkpt>
   <trkpt lat="39.5672370" lon="-104.8615900">
    <ele>1765.1</ele>
    <time>2023-04-26T18:43:11Z</time>
   </trkpt>
   <trkpt lat="39.5672280" lon="-104.8615750">
    <ele>1765.1</ele>
    <time>2023-04-26T18:43:12Z</time>
   </trkpt>
   <trkpt lat="39.5672230" lon="-104.8615560">
    <ele>1765.0</ele>
    <time>2023-04-26T18:43:13Z</time>
   </trkpt>
   <trkpt lat="39.5672180" lon="-104.8615380">
    <ele>1765.0</ele>
    <time>2023-04-26T18:43:14Z</time>
   </trkpt>
   <trkpt lat="39.5672120" lon="-104.8615200">
    <ele>1765.0</ele>
    <time>2023-04-26T18:43:15Z</time>
   </trkpt>
   <trkpt lat="39.5672030" lon="-104.8615060">
    <ele>1765.0</ele>
    <time>2023-04-26T18:43:16Z</time>
   </trkpt>
   <trkpt lat="39.5671950" lon="-104.8614890">
    <ele>1765.0</ele>
    <time>2023-04-26T18:43:17Z</time>
   </trkpt>
   <trkpt lat="39.5671880" lon="-104.8614720">
    <ele>1764.9</ele>
    <time>2023-04-26T18:43:18Z</time>
   </trkpt>
   <trkpt lat="39.5671820" lon="-104.8614540">
    <ele>1764.9</ele>
    <time>2023-04-26T18:43:19Z</time>
   </trkpt>
   <trkpt lat="39.5671740" lon="-104.8614380">
    <ele>1764.9</ele>
    <time>2023-04-26T18:43:20Z</time>
   </trkpt>
   <trkpt lat="39.5671650" lon="-104.8614210">
    <ele>1764.9</ele>
    <time>2023-04-26T18:43:21Z</time>
   </trkpt>
   <trkpt lat="39.5671560" lon="-104.8614040">
    <ele>1764.9</ele>
    <time>2023-04-26T18:43:22Z</time>
   </trkpt>
   <trkpt lat="39.5671470" lon="-104.8613880">
    <ele>1764.9</ele>
    <time>2023-04-26T18:43:23Z</time>
   </trkpt>
   <trkpt lat="39.5671380" lon="-104.8613720">
    <ele>1764.9</ele>
    <time>2023-04-26T18:43:24Z</time>
   </trkpt>
   <trkpt lat="39.5671300" lon="-104.8613550">
    <ele>1764.9</ele>
    <time>2023-04-26T18:43:25Z</time>
   </trkpt>
   <trkpt lat="39.5671240" lon="-104.8613360">
    <ele>1764.9</ele>
    <time>2023-04-26T18:43:26Z</time>
   </trkpt>
   <trkpt lat="39.5671180" lon="-104.8613180">
    <ele>1764.9</ele>
    <time>2023-04-26T18:43:27Z</time>
   </trkpt>
   <trkpt lat="39.5671090" lon="-104.8613010">
    <ele>1764.9</ele>
    <time>2023-04-26T18:43:28Z</time>
   </trkpt>
   <trkpt lat="39.5671000" lon="-104.8612850">
    <ele>1764.8</ele>
    <time>2023-04-26T18:43:29Z</time>
   </trkpt>
   <trkpt lat="39.5670930" lon="-104.8612690">
    <ele>1764.8</ele>
    <time>2023-04-26T18:43:30Z</time>
   </trkpt>
   <trkpt lat="39.5670850" lon="-104.8612520">
    <ele>1764.8</ele>
    <time>2023-04-26T18:43:31Z</time>
   </trkpt>
   <trkpt lat="39.5670800" lon="-104.8612320">
    <ele>1764.8</ele>
    <time>2023-04-26T18:43:32Z</time>
   </trkpt>
   <trkpt lat="39.5670740" lon="-104.8612140">
    <ele>1764.8</ele>
    <time>2023-04-26T18:43:33Z</time>
   </trkpt>
   <trkpt lat="39.5670670" lon="-104.8611980">
    <ele>1764.8</ele>
    <time>2023-04-26T18:43:34Z</time>
   </trkpt>
   <trkpt lat="39.5670580" lon="-104.8611810">
    <ele>1764.7</ele>
    <time>2023-04-26T18:43:35Z</time>
   </trkpt>
   <trkpt lat="39.5670480" lon="-104.8611660">
    <ele>1764.7</ele>
    <time>2023-04-26T18:43:36Z</time>
   </trkpt>
   <trkpt lat="39.5670390" lon="-104.8611500">
    <ele>1764.7</ele>
    <time>2023-04-26T18:43:37Z</time>
   </trkpt>
   <trkpt lat="39.5670300" lon="-104.8611350">
    <ele>1764.7</ele>
    <time>2023-04-26T18:43:38Z</time>
   </trkpt>
   <trkpt lat="39.5670190" lon="-104.8611220">
    <ele>1764.7</ele>
    <time>2023-04-26T18:43:39Z</time>
   </trkpt>
   <trkpt lat="39.5670100" lon="-104.8611050">
    <ele>1764.7</ele>
    <time>2023-04-26T18:43:41Z</time>
   </trkpt>
   <trkpt lat="39.5670040" lon="-104.8610860">
    <ele>1764.7</ele>
    <time>2023-04-26T18:43:42Z</time>
   </trkpt>
   <trkpt lat="39.5669930" lon="-104.8610720">
    <ele>1764.7</ele>
    <time>2023-04-26T18:43:43Z</time>
   </trkpt>
   <trkpt lat="39.5669810" lon="-104.8610590">
    <ele>1764.7</ele>
    <time>2023-04-26T18:43:44Z</time>
   </trkpt>
   <trkpt lat="39.5669700" lon="-104.8610480">
    <ele>1764.6</ele>
    <time>2023-04-26T18:43:45Z</time>
   </trkpt>
   <trkpt lat="39.5669590" lon="-104.8610350">
    <ele>1764.6</ele>
    <time>2023-04-26T18:43:46Z</time>
   </trkpt>
   <trkpt lat="39.5669450" lon="-104.8610240">
    <ele>1764.6</ele>
    <time>2023-04-26T18:43:47Z</time>
   </trkpt>
   <trkpt lat="39.5669320" lon="-104.8610120">
    <ele>1764.6</ele>
    <time>2023-04-26T18:43:48Z</time>
   </trkpt>
   <trkpt lat="39.5669190" lon="-104.8610010">
    <ele>1764.6</ele>
    <time>2023-04-26T18:43:49Z</time>
   </trkpt>
   <trkpt lat="39.5669070" lon="-104.8609880">
    <ele>1764.6</ele>
    <time>2023-04-26T18:43:50Z</time>
   </trkpt>
   <trkpt lat="39.5668970" lon="-104.8609750">
    <ele>1764.6</ele>
    <time>2023-04-26T18:43:51Z</time>
   </trkpt>
   <trkpt lat="39.5668870" lon="-104.8609620">
    <ele>1764.6</ele>
    <time>2023-04-26T18:43:52Z</time>
   </trkpt>
   <trkpt lat="39.5668750" lon="-104.8609490">
    <ele>1764.6</ele>
    <time>2023-04-26T18:43:53Z</time>
   </trkpt>
   <trkpt lat="39.5668620" lon="-104.8609370">
    <ele>1764.6</ele>
    <time>2023-04-26T18:43:54Z</time>
   </trkpt>
   <trkpt lat="39.5668510" lon="-104.8609250">
    <ele>1764.6</ele>
    <time>2023-04-26T18:43:55Z</time>
   </trkpt>
   <trkpt lat="39.5668420" lon="-104.8609110">
    <ele>1764.6</ele>
    <time>2023-04-26T18:43:56Z</time>
   </trkpt>
   <trkpt lat="39.5668310" lon="-104.8608990">
    <ele>1764.6</ele>
    <time>2023-04-26T18:43:57Z</time>
   </trkpt>
   <trkpt lat="39.5668160" lon="-104.8608900">
    <ele>1764.6</ele>
    <time>2023-04-26T18:43:58Z</time>
   </trkpt>
   <trkpt lat="39.5668000" lon="-104.8608890">
    <ele>1764.6</ele>
    <time>2023-04-26T18:43:59Z</time>
   </trkpt>
   <trkpt lat="39.5667890" lon="-104.8608760">
    <ele>1764.6</ele>
    <time>2023-04-26T18:44:00Z</time>
   </trkpt>
   <trkpt lat="39.5667780" lon="-104.8608630">
    <ele>1764.6</ele>
    <time>2023-04-26T18:44:01Z</time>
   </trkpt>
   <trkpt lat="39.5667630" lon="-104.8608560">
    <ele>1764.6</ele>
    <time>2023-04-26T18:44:02Z</time>
   </trkpt>
   <trkpt lat="39.5667520" lon="-104.8608440">
    <ele>1764.6</ele>
    <time>2023-04-26T18:44:03Z</time>
   </trkpt>
   <trkpt lat="39.5667450" lon="-104.8608270">
    <ele>1764.6</ele>
    <time>2023-04-26T18:44:04Z</time>
   </trkpt>
   <trkpt lat="39.5667350" lon="-104.8608160">
    <ele>1764.6</ele>
    <time>2023-04-26T18:44:05Z</time>
   </trkpt>
   <trkpt lat="39.5667190" lon="-104.8608120">
    <ele>1764.6</ele>
    <time>2023-04-26T18:44:06Z</time>
   </trkpt>
   <trkpt lat="39.5667060" lon="-104.8608060">
    <ele>1764.6</ele>
    <time>2023-04-26T18:44:07Z</time>
   </trkpt>
   <trkpt lat="39.5666920" lon="-104.8608010">
    <ele>1764.7</ele>
    <time>2023-04-26T18:44:08Z</time>
   </trkpt>
   <trkpt lat="39.5666790" lon="-104.8607910">
    <ele>1764.7</ele>
    <time>2023-04-26T18:44:09Z</time>
   </trkpt>
   <trkpt lat="39.5666540" lon="-104.8607680">
    <ele>1764.7</ele>
    <time>2023-04-26T18:44:10Z</time>
   </trkpt>
   <trkpt lat="39.5666420" lon="-104.8607560">
    <ele>1764.7</ele>
    <time>2023-04-26T18:44:11Z</time>
   </trkpt>
   <trkpt lat="39.5666300" lon="-104.8607470">
    <ele>1764.7</ele>
    <time>2023-04-26T18:44:12Z</time>
   </trkpt>
   <trkpt lat="39.5666150" lon="-104.8607420">
    <ele>1764.7</ele>
    <time>2023-04-26T18:44:13Z</time>
   </trkpt>
   <trkpt lat="39.5666000" lon="-104.8607380">
    <ele>1764.7</ele>
    <time>2023-04-26T18:44:14Z</time>
   </trkpt>
   <trkpt lat="39.5665870" lon="-104.8607290">
    <ele>1764.7</ele>
    <time>2023-04-26T18:44:15Z</time>
   </trkpt>
   <trkpt lat="39.5665720" lon="-104.8607220">
    <ele>1764.7</ele>
    <time>2023-04-26T18:44:16Z</time>
   </trkpt>
   <trkpt lat="39.5665570" lon="-104.8607180">
    <ele>1764.7</ele>
    <time>2023-04-26T18:44:17Z</time>
   </trkpt>
   <trkpt lat="39.5665430" lon="-104.8607110">
    <ele>1764.7</ele>
    <time>2023-04-26T18:44:18Z</time>
   </trkpt>
   <trkpt lat="39.5665310" lon="-104.8606990">
    <ele>1764.7</ele>
    <time>2023-04-26T18:44:19Z</time>
   </trkpt>
   <trkpt lat="39.5665170" lon="-104.8606910">
    <ele>1764.7</ele>
    <time>2023-04-26T18:44:20Z</time>
   </trkpt>
   <trkpt lat="39.5665030" lon="-104.8606870">
    <ele>1764.7</ele>
    <time>2023-04-26T18:44:21Z</time>
   </trkpt>
   <trkpt lat="39.5664890" lon="-104.8606830">
    <ele>1764.7</ele>
    <time>2023-04-26T18:44:22Z</time>
   </trkpt>
   <trkpt lat="39.5664760" lon="-104.8606780">
    <ele>1764.7</ele>
    <time>2023-04-26T18:44:23Z</time>
   </trkpt>
   <trkpt lat="39.5664610" lon="-104.8606770">
    <ele>1764.7</ele>
    <time>2023-04-26T18:44:24Z</time>
   </trkpt>
   <trkpt lat="39.5664470" lon="-104.8606700">
    <ele>1764.7</ele>
    <time>2023-04-26T18:44:25Z</time>
   </trkpt>
   <trkpt lat="39.5664330" lon="-104.8606670">
    <ele>1764.7</ele>
    <time>2023-04-26T18:44:26Z</time>
   </trkpt>
   <trkpt lat="39.5664190" lon="-104.8606610">
    <ele>1764.7</ele>
    <time>2023-04-26T18:44:27Z</time>
   </trkpt>
   <trkpt lat="39.5664050" lon="-104.8606550">
    <ele>1764.7</ele>
    <time>2023-04-26T18:44:28Z</time>
   </trkpt>
   <trkpt lat="39.5663910" lon="-104.8606530">
    <ele>1764.7</ele>
    <time>2023-04-26T18:44:29Z</time>
   </trkpt>
   <trkpt lat="39.5663760" lon="-104.8606470">
    <ele>1764.7</ele>
    <time>2023-04-26T18:44:30Z</time>
   </trkpt>
   <trkpt lat="39.5663610" lon="-104.8606480">
    <ele>1764.7</ele>
    <time>2023-04-26T18:44:31Z</time>
   </trkpt>
   <trkpt lat="39.5663470" lon="-104.8606450">
    <ele>1764.7</ele>
    <time>2023-04-26T18:44:32Z</time>
   </trkpt>
   <trkpt lat="39.5663330" lon="-104.8606450">
    <ele>1764.7</ele>
    <time>2023-04-26T18:44:33Z</time>
   </trkpt>
   <trkpt lat="39.5663180" lon="-104.8606440">
    <ele>1764.8</ele>
    <time>2023-04-26T18:44:34Z</time>
   </trkpt>
   <trkpt lat="39.5663030" lon="-104.8606460">
    <ele>1764.8</ele>
    <time>2023-04-26T18:44:35Z</time>
   </trkpt>
   <trkpt lat="39.5662880" lon="-104.8606480">
    <ele>1764.8</ele>
    <time>2023-04-26T18:44:36Z</time>
   </trkpt>
   <trkpt lat="39.5662730" lon="-104.8606520">
    <ele>1764.8</ele>
    <time>2023-04-26T18:44:37Z</time>
   </trkpt>
   <trkpt lat="39.5662590" lon="-104.8606570">
    <ele>1764.8</ele>
    <time>2023-04-26T18:44:38Z</time>
   </trkpt>
   <trkpt lat="39.5662440" lon="-104.8606570">
    <ele>1764.8</ele>
    <time>2023-04-26T18:44:39Z</time>
   </trkpt>
   <trkpt lat="39.5662290" lon="-104.8606540">
    <ele>1764.8</ele>
    <time>2023-04-26T18:44:40Z</time>
   </trkpt>
   <trkpt lat="39.5662130" lon="-104.8606590">
    <ele>1764.8</ele>
    <time>2023-04-26T18:44:41Z</time>
   </trkpt>
   <trkpt lat="39.5661990" lon="-104.8606590">
    <ele>1764.8</ele>
    <time>2023-04-26T18:44:42Z</time>
   </trkpt>
   <trkpt lat="39.5661850" lon="-104.8606550">
    <ele>1764.9</ele>
    <time>2023-04-26T18:44:43Z</time>
   </trkpt>
   <trkpt lat="39.5661700" lon="-104.8606510">
    <ele>1764.9</ele>
    <time>2023-04-26T18:44:44Z</time>
   </trkpt>
   <trkpt lat="39.5661540" lon="-104.8606520">
    <ele>1764.9</ele>
    <time>2023-04-26T18:44:45Z</time>
   </trkpt>
   <trkpt lat="39.5661400" lon="-104.8606440">
    <ele>1764.9</ele>
    <time>2023-04-26T18:44:46Z</time>
   </trkpt>
   <trkpt lat="39.5661240" lon="-104.8606410">
    <ele>1764.9</ele>
    <time>2023-04-26T18:44:47Z</time>
   </trkpt>
   <trkpt lat="39.5661080" lon="-104.8606410">
    <ele>1764.9</ele>
    <time>2023-04-26T18:44:48Z</time>
   </trkpt>
   <trkpt lat="39.5660910" lon="-104.8606420">
    <ele>1765.0</ele>
    <time>2023-04-26T18:44:49Z</time>
   </trkpt>
   <trkpt lat="39.5660740" lon="-104.8606440">
    <ele>1765.0</ele>
    <time>2023-04-26T18:44:50Z</time>
   </trkpt>
   <trkpt lat="39.5660570" lon="-104.8606500">
    <ele>1765.0</ele>
    <time>2023-04-26T18:44:51Z</time>
   </trkpt>
   <trkpt lat="39.5660410" lon="-104.8606500">
    <ele>1765.0</ele>
    <time>2023-04-26T18:44:52Z</time>
   </trkpt>
   <trkpt lat="39.5660240" lon="-104.8606470">
    <ele>1765.0</ele>
    <time>2023-04-26T18:44:53Z</time>
   </trkpt>
   <trkpt lat="39.5660070" lon="-104.8606460">
    <ele>1765.0</ele>
    <time>2023-04-26T18:44:54Z</time>
   </trkpt>
   <trkpt lat="39.5659910" lon="-104.8606460">
    <ele>1765.0</ele>
    <time>2023-04-26T18:44:55Z</time>
   </trkpt>
   <trkpt lat="39.5659750" lon="-104.8606410">
    <ele>1765.0</ele>
    <time>2023-04-26T18:44:56Z</time>
   </trkpt>
   <trkpt lat="39.5659580" lon="-104.8606350">
    <ele>1765.1</ele>
    <time>2023-04-26T18:44:57Z</time>
   </trkpt>
   <trkpt lat="39.5659410" lon="-104.8606330">
    <ele>1765.1</ele>
    <time>2023-04-26T18:44:58Z</time>
   </trkpt>
   <trkpt lat="39.5659260" lon="-104.8606310">
    <ele>1765.1</ele>
    <time>2023-04-26T18:44:59Z</time>
   </trkpt>
   <trkpt lat="39.5659110" lon="-104.8606450">
    <ele>1765.1</ele>
    <time>2023-04-26T18:45:00Z</time>
   </trkpt>
   <trkpt lat="39.5658980" lon="-104.8606600">
    <ele>1765.1</ele>
    <time>2023-04-26T18:45:01Z</time>
   </trkpt>
   <trkpt lat="39.5658850" lon="-104.8606700">
    <ele>1765.1</ele>
    <time>2023-04-26T18:45:02Z</time>
   </trkpt>
   <trkpt lat="39.5658690" lon="-104.8606750">
    <ele>1765.1</ele>
    <time>2023-04-26T18:45:03Z</time>
   </trkpt>
   <trkpt lat="39.5658540" lon="-104.8606770">
    <ele>1765.1</ele>
    <time>2023-04-26T18:45:04Z</time>
   </trkpt>
   <trkpt lat="39.5658390" lon="-104.8606780">
    <ele>1765.1</ele>
    <time>2023-04-26T18:45:05Z</time>
   </trkpt>
   <trkpt lat="39.5658240" lon="-104.8606750">
    <ele>1765.2</ele>
    <time>2023-04-26T18:45:06Z</time>
   </trkpt>
   <trkpt lat="39.5658090" lon="-104.8606740">
    <ele>1765.2</ele>
    <time>2023-04-26T18:45:07Z</time>
   </trkpt>
   <trkpt lat="39.5657940" lon="-104.8606750">
    <ele>1765.2</ele>
    <time>2023-04-26T18:45:08Z</time>
   </trkpt>
   <trkpt lat="39.5657780" lon="-104.8606750">
    <ele>1765.2</ele>
    <time>2023-04-26T18:45:09Z</time>
   </trkpt>
   <trkpt lat="39.5657630" lon="-104.8606740">
    <ele>1765.2</ele>
    <time>2023-04-26T18:45:10Z</time>
   </trkpt>
   <trkpt lat="39.5657480" lon="-104.8606760">
    <ele>1765.2</ele>
    <time>2023-04-26T18:45:11Z</time>
   </trkpt>
   <trkpt lat="39.5657330" lon="-104.8606780">
    <ele>1765.2</ele>
    <time>2023-04-26T18:45:12Z</time>
   </trkpt>
   <trkpt lat="39.5657180" lon="-104.8606780">
    <ele>1765.2</ele>
    <time>2023-04-26T18:45:13Z</time>
   </trkpt>
   <trkpt lat="39.5657020" lon="-104.8606800">
    <ele>1765.2</ele>
    <time>2023-04-26T18:45:14Z</time>
   </trkpt>
   <trkpt lat="39.5656870" lon="-104.8606770">
    <ele>1765.3</ele>
    <time>2023-04-26T18:45:15Z</time>
   </trkpt>
   <trkpt lat="39.5656710" lon="-104.8606730">
    <ele>1765.3</ele>
    <time>2023-04-26T18:45:16Z</time>
   </trkpt>
   <trkpt lat="39.5656560" lon="-104.8606740">
    <ele>1765.3</ele>
    <time>2023-04-26T18:45:17Z</time>
   </trkpt>
   <trkpt lat="39.5656410" lon="-104.8606780">
    <ele>1765.3</ele>
    <time>2023-04-26T18:45:18Z</time>
   </trkpt>
   <trkpt lat="39.5656260" lon="-104.8606830">
    <ele>1765.3</ele>
    <time>2023-04-26T18:45:19Z</time>
   </trkpt>
   <trkpt lat="39.5656110" lon="-104.8606830">
    <ele>1765.3</ele>
    <time>2023-04-26T18:45:20Z</time>
   </trkpt>
   <trkpt lat="39.5655960" lon="-104.8606790">
    <ele>1765.3</ele>
    <time>2023-04-26T18:45:21Z</time>
   </trkpt>
   <trkpt lat="39.5655810" lon="-104.8606780">
    <ele>1765.3</ele>
    <time>2023-04-26T18:45:22Z</time>
   </trkpt>
   <trkpt lat="39.5655660" lon="-104.8606760">
    <ele>1765.4</ele>
    <time>2023-04-26T18:45:23Z</time>
   </trkpt>
   <trkpt lat="39.5655520" lon="-104.8606760">
    <ele>1765.4</ele>
    <time>2023-04-26T18:45:24Z</time>
   </trkpt>
   <trkpt lat="39.5655370" lon="-104.8606810">
    <ele>1765.4</ele>
    <time>2023-04-26T18:45:25Z</time>
   </trkpt>
   <trkpt lat="39.5655240" lon="-104.8606810">
    <ele>1765.4</ele>
    <time>2023-04-26T18:45:26Z</time>
   </trkpt>
   <trkpt lat="39.5655090" lon="-104.8606790">
    <ele>1765.4</ele>
    <time>2023-04-26T18:45:27Z</time>
   </trkpt>
   <trkpt lat="39.5654950" lon="-104.8606800">
    <ele>1765.4</ele>
    <time>2023-04-26T18:45:28Z</time>
   </trkpt>
   <trkpt lat="39.5654810" lon="-104.8606780">
    <ele>1765.4</ele>
    <time>2023-04-26T18:45:29Z</time>
   </trkpt>
   <trkpt lat="39.5654660" lon="-104.8606760">
    <ele>1765.4</ele>
    <time>2023-04-26T18:45:30Z</time>
   </trkpt>
   <trkpt lat="39.5654510" lon="-104.8606740">
    <ele>1765.5</ele>
    <time>2023-04-26T18:45:31Z</time>
   </trkpt>
   <trkpt lat="39.5654360" lon="-104.8606730">
    <ele>1765.5</ele>
    <time>2023-04-26T18:45:32Z</time>
   </trkpt>
   <trkpt lat="39.5654220" lon="-104.8606730">
    <ele>1765.5</ele>
    <time>2023-04-26T18:45:33Z</time>
   </trkpt>
   <trkpt lat="39.5654070" lon="-104.8606720">
    <ele>1765.5</ele>
    <time>2023-04-26T18:45:34Z</time>
   </trkpt>
   <trkpt lat="39.5653920" lon="-104.8606720">
    <ele>1765.5</ele>
    <time>2023-04-26T18:45:35Z</time>
   </trkpt>
   <trkpt lat="39.5653780" lon="-104.8606730">
    <ele>1765.5</ele>
    <time>2023-04-26T18:45:36Z</time>
   </trkpt>
   <trkpt lat="39.5653630" lon="-104.8606720">
    <ele>1765.5</ele>
    <time>2023-04-26T18:45:37Z</time>
   </trkpt>
   <trkpt lat="39.5653480" lon="-104.8606740">
    <ele>1765.5</ele>
    <time>2023-04-26T18:45:38Z</time>
   </trkpt>
   <trkpt lat="39.5653330" lon="-104.8606780">
    <ele>1765.6</ele>
    <time>2023-04-26T18:45:39Z</time>
   </trkpt>
   <trkpt lat="39.5653180" lon="-104.8606790">
    <ele>1765.6</ele>
    <time>2023-04-26T18:45:40Z</time>
   </trkpt>
   <trkpt lat="39.5653030" lon="-104.8606810">
    <ele>1765.6</ele>
    <time>2023-04-26T18:45:41Z</time>
   </trkpt>
   <trkpt lat="39.5652880" lon="-104.8606780">
    <ele>1765.6</ele>
    <time>2023-04-26T18:45:42Z</time>
   </trkpt>
   <trkpt lat="39.5652730" lon="-104.8606790">
    <ele>1765.6</ele>
    <time>2023-04-26T18:45:43Z</time>
   </trkpt>
   <trkpt lat="39.5652570" lon="-104.8606780">
    <ele>1765.6</ele>
    <time>2023-04-26T18:45:44Z</time>
   </trkpt>
   <trkpt lat="39.5652410" lon="-104.8606790">
    <ele>1765.6</ele>
    <time>2023-04-26T18:45:45Z</time>
   </trkpt>
   <trkpt lat="39.5652270" lon="-104.8606870">
    <ele>1765.7</ele>
    <time>2023-04-26T18:45:47Z</time>
   </trkpt>
   <trkpt lat="39.5652120" lon="-104.8606900">
    <ele>1765.7</ele>
    <time>2023-04-26T18:45:48Z</time>
   </trkpt>
   <trkpt lat="39.5651970" lon="-104.8606930">
    <ele>1765.7</ele>
    <time>2023-04-26T18:45:49Z</time>
   </trkpt>
   <trkpt lat="39.5651820" lon="-104.8606990">
    <ele>1765.7</ele>
    <time>2023-04-26T18:45:50Z</time>
   </trkpt>
   <trkpt lat="39.5651680" lon="-104.8607050">
    <ele>1765.7</ele>
    <time>2023-04-26T18:45:51Z</time>
   </trkpt>
   <trkpt lat="39.5651550" lon="-104.8607110">
    <ele>1765.7</ele>
    <time>2023-04-26T18:45:52Z</time>
   </trkpt>
   <trkpt lat="39.5651410" lon="-104.8607160">
    <ele>1765.7</ele>
    <time>2023-04-26T18:45:53Z</time>
   </trkpt>
   <trkpt lat="39.5651270" lon="-104.8607210">
    <ele>1765.8</ele>
    <time>2023-04-26T18:45:54Z</time>
   </trkpt>
   <trkpt lat="39.5651120" lon="-104.8607260">
    <ele>1765.8</ele>
    <time>2023-04-26T18:45:55Z</time>
   </trkpt>
   <trkpt lat="39.5650980" lon="-104.8607330">
    <ele>1765.8</ele>
    <time>2023-04-26T18:45:56Z</time>
   </trkpt>
   <trkpt lat="39.5650840" lon="-104.8607410">
    <ele>1765.8</ele>
    <time>2023-04-26T18:45:57Z</time>
   </trkpt>
   <trkpt lat="39.5650710" lon="-104.8607500">
    <ele>1765.8</ele>
    <time>2023-04-26T18:45:58Z</time>
   </trkpt>
   <trkpt lat="39.5650560" lon="-104.8607560">
    <ele>1765.8</ele>
    <time>2023-04-26T18:45:59Z</time>
   </trkpt>
   <trkpt lat="39.5650410" lon="-104.8607630">
    <ele>1765.9</ele>
    <time>2023-04-26T18:46:00Z</time>
   </trkpt>
   <trkpt lat="39.5650260" lon="-104.8607680">
    <ele>1765.9</ele>
    <time>2023-04-26T18:46:01Z</time>
   </trkpt>
   <trkpt lat="39.5650120" lon="-104.8607750">
    <ele>1765.9</ele>
    <time>2023-04-26T18:46:02Z</time>
   </trkpt>
   <trkpt lat="39.5649970" lon="-104.8607800">
    <ele>1765.9</ele>
    <time>2023-04-26T18:46:03Z</time>
   </trkpt>
   <trkpt lat="39.5649800" lon="-104.8607840">
    <ele>1765.9</ele>
    <time>2023-04-26T18:46:04Z</time>
   </trkpt>
   <trkpt lat="39.5649640" lon="-104.8607840">
    <ele>1766.0</ele>
    <time>2023-04-26T18:46:05Z</time>
   </trkpt>
   <trkpt lat="39.5649490" lon="-104.8607850">
    <ele>1766.0</ele>
    <time>2023-04-26T18:46:06Z</time>
   </trkpt>
   <trkpt lat="39.5649330" lon="-104.8607840">
    <ele>1766.0</ele>
    <time>2023-04-26T18:46:07Z</time>
   </trkpt>
   <trkpt lat="39.5649180" lon="-104.8607820">
    <ele>1766.0</ele>
    <time>2023-04-26T18:46:08Z</time>
   </trkpt>
   <trkpt lat="39.5649020" lon="-104.8607850">
    <ele>1766.0</ele>
    <time>2023-04-26T18:46:09Z</time>
   </trkpt>
   <trkpt lat="39.5648740" lon="-104.8608130">
    <ele>1766.1</ele>
    <time>2023-04-26T18:46:10Z</time>
   </trkpt>
   <trkpt lat="39.5648620" lon="-104.8608300">
    <ele>1766.1</ele>
    <time>2023-04-26T18:46:11Z</time>
   </trkpt>
   <trkpt lat="39.5648480" lon="-104.8608420">
    <ele>1766.1</ele>
    <time>2023-04-26T18:46:12Z</time>
   </trkpt>
   <trkpt lat="39.5648350" lon="-104.8608530">
    <ele>1766.1</ele>
    <time>2023-04-26T18:46:13Z</time>
   </trkpt>
   <trkpt lat="39.5648250" lon="-104.8608680">
    <ele>1766.1</ele>
    <time>2023-04-26T18:46:14Z</time>
   </trkpt>
   <trkpt lat="39.5648180" lon="-104.8608870">
    <ele>1766.1</ele>
    <time>2023-04-26T18:46:15Z</time>
   </trkpt>
   <trkpt lat="39.5648060" lon="-104.8609020">
    <ele>1766.2</ele>
    <time>2023-04-26T18:46:16Z</time>
   </trkpt>
   <trkpt lat="39.5647950" lon="-104.8609160">
    <ele>1766.2</ele>
    <time>2023-04-26T18:46:17Z</time>
   </trkpt>
   <trkpt lat="39.5647810" lon="-104.8609290">
    <ele>1766.2</ele>
    <time>2023-04-26T18:46:18Z</time>
   </trkpt>
   <trkpt lat="39.5647700" lon="-104.8609420">
    <ele>1766.2</ele>
    <time>2023-04-26T18:46:19Z</time>
   </trkpt>
   <trkpt lat="39.5647570" lon="-104.8609540">
    <ele>1766.2</ele>
    <time>2023-04-26T18:46:20Z</time>
   </trkpt>
   <trkpt lat="39.5647440" lon="-104.8609640">
    <ele>1766.2</ele>
    <time>2023-04-26T18:46:21Z</time>
   </trkpt>
   <trkpt lat="39.5647340" lon="-104.8609820">
    <ele>1766.2</ele>
    <time>2023-04-26T18:46:22Z</time>
   </trkpt>
   <trkpt lat="39.5647250" lon="-104.8609980">
    <ele>1766.2</ele>
    <time>2023-04-26T18:46:23Z</time>
   </trkpt>
   <trkpt lat="39.5647130" lon="-104.8610100">
    <ele>1766.2</ele>
    <time>2023-04-26T18:46:24Z</time>
   </trkpt>
   <trkpt lat="39.5647010" lon="-104.8610220">
    <ele>1766.2</ele>
    <time>2023-04-26T18:46:25Z</time>
   </trkpt>
   <trkpt lat="39.5646940" lon="-104.8610400">
    <ele>1766.2</ele>
    <time>2023-04-26T18:46:26Z</time>
   </trkpt>
   <trkpt lat="39.5646870" lon="-104.8610560">
    <ele>1766.2</ele>
    <time>2023-04-26T18:46:27Z</time>
   </trkpt>
   <trkpt lat="39.5646780" lon="-104.8610740">
    <ele>1766.2</ele>
    <time>2023-04-26T18:46:28Z</time>
   </trkpt>
   <trkpt lat="39.5646690" lon="-104.8610890">
    <ele>1766.2</ele>
    <time>2023-04-26T18:46:29Z</time>
   </trkpt>
   <trkpt lat="39.5646620" lon="-104.8611080">
    <ele>1766.2</ele>
    <time>2023-04-26T18:46:30Z</time>
   </trkpt>
   <trkpt lat="39.5646510" lon="-104.8611230">
    <ele>1766.2</ele>
    <time>2023-04-26T18:46:31Z</time>
   </trkpt>
   <trkpt lat="39.5646440" lon="-104.8611410">
    <ele>1766.2</ele>
    <time>2023-04-26T18:46:32Z</time>
   </trkpt>
   <trkpt lat="39.5646360" lon="-104.8611560">
    <ele>1766.3</ele>
    <time>2023-04-26T18:46:33Z</time>
   </trkpt>
   <trkpt lat="39.5646270" lon="-104.8611710">
    <ele>1766.3</ele>
    <time>2023-04-26T18:46:34Z</time>
   </trkpt>
   <trkpt lat="39.5646200" lon="-104.8611880">
    <ele>1766.3</ele>
    <time>2023-04-26T18:46:35Z</time>
   </trkpt>
   <trkpt lat="39.5646150" lon="-104.8612060">
    <ele>1766.3</ele>
    <time>2023-04-26T18:46:36Z</time>
   </trkpt>
   <trkpt lat="39.5646100" lon="-104.8612240">
    <ele>1766.3</ele>
    <time>2023-04-26T18:46:37Z</time>
   </trkpt>
   <trkpt lat="39.5646050" lon="-104.8612420">
    <ele>1766.3</ele>
    <time>2023-04-26T18:46:38Z</time>
   </trkpt>
   <trkpt lat="39.5645950" lon="-104.8612570">
    <ele>1766.3</ele>
    <time>2023-04-26T18:46:39Z</time>
   </trkpt>
   <trkpt lat="39.5645860" lon="-104.8612720">
    <ele>1766.1</ele>
    <time>2023-04-26T18:46:40Z</time>
   </trkpt>
   <trkpt lat="39.5645760" lon="-104.8612840">
    <ele>1766.0</ele>
    <time>2023-04-26T18:46:41Z</time>
   </trkpt>
   <trkpt lat="39.5645570" lon="-104.8612840">
    <ele>1766.0</ele>
    <time>2023-04-26T18:46:42Z</time>
   </trkpt>
   <trkpt lat="39.5645310" lon="-104.8612690">
    <ele>1766.0</ele>
    <time>2023-04-26T18:46:43Z</time>
   </trkpt>
   <trkpt lat="39.5645240" lon="-104.8612630">
    <ele>1766.0</ele>
    <time>2023-04-26T18:46:44Z</time>
   </trkpt>
   <trkpt lat="39.5645120" lon="-104.8612530">
    <ele>1765.9</ele>
    <time>2023-04-26T18:46:45Z</time>
   </trkpt>
   <trkpt lat="39.5644990" lon="-104.8612460">
    <ele>1765.9</ele>
    <time>2023-04-26T18:46:46Z</time>
   </trkpt>
   <trkpt lat="39.5644760" lon="-104.8612410">
    <ele>1765.9</ele>
    <time>2023-04-26T18:46:47Z</time>
   </trkpt>
   <trkpt lat="39.5644670" lon="-104.8612390">
    <ele>1765.9</ele>
    <time>2023-04-26T18:46:48Z</time>
   </trkpt>
   <trkpt lat="39.5644580" lon="-104.8612370">
    <ele>1765.9</ele>
    <time>2023-04-26T18:46:49Z</time>
   </trkpt>
   <trkpt lat="39.5644450" lon="-104.8612350">
    <ele>1765.9</ele>
    <time>2023-04-26T18:46:50Z</time>
   </trkpt>
   <trkpt lat="39.5644300" lon="-104.8612350">
    <ele>1765.8</ele>
    <time>2023-04-26T18:46:51Z</time>
   </trkpt>
   <trkpt lat="39.5644160" lon="-104.8612360">
    <ele>1765.8</ele>
    <time>2023-04-26T18:46:52Z</time>
   </trkpt>
   <trkpt lat="39.5644010" lon="-104.8612260">
    <ele>1765.8</ele>
    <time>2023-04-26T18:46:53Z</time>
   </trkpt>
   <trkpt lat="39.5643890" lon="-104.8612140">
    <ele>1765.7</ele>
    <time>2023-04-26T18:46:54Z</time>
   </trkpt>
   <trkpt lat="39.5643750" lon="-104.8612040">
    <ele>1765.7</ele>
    <time>2023-04-26T18:46:55Z</time>
   </trkpt>
   <trkpt lat="39.5643610" lon="-104.8611970">
    <ele>1765.6</ele>
    <time>2023-04-26T18:46:56Z</time>
   </trkpt>
   <trkpt lat="39.5643480" lon="-104.8611870">
    <ele>1765.5</ele>
    <time>2023-04-26T18:46:57Z</time>
   </trkpt>
   <trkpt lat="39.5643370" lon="-104.8611740">
    <ele>1765.5</ele>
    <time>2023-04-26T18:46:58Z</time>
   </trkpt>
   <trkpt lat="39.5643240" lon="-104.8611640">
    <ele>1765.5</ele>
    <time>2023-04-26T18:46:59Z</time>
   </trkpt>
   <trkpt lat="39.5643130" lon="-104.8611500">
    <ele>1765.3</ele>
    <time>2023-04-26T18:47:00Z</time>
   </trkpt>
   <trkpt lat="39.5643010" lon="-104.8611360">
    <ele>1765.5</ele>
    <time>2023-04-26T18:47:01Z</time>
   </trkpt>
   <trkpt lat="39.5642890" lon="-104.8611260">
    <ele>1765.4</ele>
    <time>2023-04-26T18:47:02Z</time>
   </trkpt>
   <trkpt lat="39.5642780" lon="-104.8611130">
    <ele>1765.5</ele>
    <time>2023-04-26T18:47:03Z</time>
   </trkpt>
   <trkpt lat="39.5642620" lon="-104.8610960">
    <ele>1765.4</ele>
    <time>2023-04-26T18:47:04Z</time>
   </trkpt>
   <trkpt lat="39.5642550" lon="-104.8610880">
    <ele>1765.4</ele>
    <time>2023-04-26T18:47:05Z</time>
   </trkpt>
   <trkpt lat="39.5642480" lon="-104.8610810">
    <ele>1765.4</ele>
    <time>2023-04-26T18:47:06Z</time>
   </trkpt>
   <trkpt lat="39.5642380" lon="-104.8610580">
    <ele>1765.4</ele>
    <time>2023-04-26T18:47:07Z</time>
   </trkpt>
   <trkpt lat="39.5642370" lon="-104.8610460">
    <ele>1765.3</ele>
    <time>2023-04-26T18:47:08Z</time>
   </trkpt>
   <trkpt lat="39.5642350" lon="-104.8610340">
    <ele>1765.3</ele>
    <time>2023-04-26T18:47:09Z</time>
   </trkpt>
   <trkpt lat="39.5642320" lon="-104.8610180">
    <ele>1765.3</ele>
    <time>2023-04-26T18:47:10Z</time>
   </trkpt>
   <trkpt lat="39.5642260" lon="-104.8610010">
    <ele>1765.3</ele>
    <time>2023-04-26T18:47:11Z</time>
   </trkpt>
   <trkpt lat="39.5642200" lon="-104.8609850">
    <ele>1765.3</ele>
    <time>2023-04-26T18:47:12Z</time>
   </trkpt>
   <trkpt lat="39.5642180" lon="-104.8609660">
    <ele>1765.3</ele>
    <time>2023-04-26T18:47:13Z</time>
   </trkpt>
   <trkpt lat="39.5642140" lon="-104.8609480">
    <ele>1765.3</ele>
    <time>2023-04-26T18:47:14Z</time>
   </trkpt>
   <trkpt lat="39.5642070" lon="-104.8609310">
    <ele>1765.3</ele>
    <time>2023-04-26T18:47:15Z</time>
   </trkpt>
   <trkpt lat="39.5642010" lon="-104.8609130">
    <ele>1765.3</ele>
    <time>2023-04-26T18:47:16Z</time>
   </trkpt>
   <trkpt lat="39.5641960" lon="-104.8608950">
    <ele>1765.3</ele>
    <time>2023-04-26T18:47:17Z</time>
   </trkpt>
   <trkpt lat="39.5641890" lon="-104.8608790">
    <ele>1765.3</ele>
    <time>2023-04-26T18:47:18Z</time>
   </trkpt>
   <trkpt lat="39.5641790" lon="-104.8608650">
    <ele>1765.3</ele>
    <time>2023-04-26T18:47:19Z</time>
   </trkpt>
   <trkpt lat="39.5641710" lon="-104.8608490">
    <ele>1765.3</ele>
    <time>2023-04-26T18:47:20Z</time>
   </trkpt>
   <trkpt lat="39.5641640" lon="-104.8608320">
    <ele>1765.3</ele>
    <time>2023-04-26T18:47:21Z</time>
   </trkpt>
   <trkpt lat="39.5641530" lon="-104.8608170">
    <ele>1765.3</ele>
    <time>2023-04-26T18:47:22Z</time>
   </trkpt>
   <trkpt lat="39.5641410" lon="-104.8608060">
    <ele>1765.3</ele>
    <time>2023-04-26T18:47:23Z</time>
   </trkpt>
   <trkpt lat="39.5641320" lon="-104.8607910">
    <ele>1765.3</ele>
    <time>2023-04-26T18:47:24Z</time>
   </trkpt>
   <trkpt lat="39.5641210" lon="-104.8607780">
    <ele>1765.3</ele>
    <time>2023-04-26T18:47:25Z</time>
   </trkpt>
   <trkpt lat="39.5641070" lon="-104.8607680">
    <ele>1765.4</ele>
    <time>2023-04-26T18:47:26Z</time>
   </trkpt>
   <trkpt lat="39.5640940" lon="-104.8607610">
    <ele>1765.4</ele>
    <time>2023-04-26T18:47:27Z</time>
   </trkpt>
   <trkpt lat="39.5640800" lon="-104.8607520">
    <ele>1765.4</ele>
    <time>2023-04-26T18:47:28Z</time>
   </trkpt>
   <trkpt lat="39.5640660" lon="-104.8607450">
    <ele>1765.4</ele>
    <time>2023-04-26T18:47:29Z</time>
   </trkpt>
   <trkpt lat="39.5640530" lon="-104.8607380">
    <ele>1765.4</ele>
    <time>2023-04-26T18:47:30Z</time>
   </trkpt>
   <trkpt lat="39.5640390" lon="-104.8607330">
    <ele>1765.4</ele>
    <time>2023-04-26T18:47:31Z</time>
   </trkpt>
   <trkpt lat="39.5640250" lon="-104.8607300">
    <ele>1765.4</ele>
    <time>2023-04-26T18:47:32Z</time>
   </trkpt>
   <trkpt lat="39.5640130" lon="-104.8607250">
    <ele>1765.4</ele>
    <time>2023-04-26T18:47:33Z</time>
   </trkpt>
   <trkpt lat="39.5639900" lon="-104.8607240">
    <ele>1765.5</ele>
    <time>2023-04-26T18:47:34Z</time>
   </trkpt>
   <trkpt lat="39.5639810" lon="-104.8607250">
    <ele>1765.5</ele>
    <time>2023-04-26T18:47:35Z</time>
   </trkpt>
   <trkpt lat="39.5639710" lon="-104.8607260">
    <ele>1765.5</ele>
    <time>2023-04-26T18:47:36Z</time>
   </trkpt>
   <trkpt lat="39.5639570" lon="-104.8607310">
    <ele>1765.5</ele>
    <time>2023-04-26T18:47:37Z</time>
   </trkpt>
   <trkpt lat="39.5639430" lon="-104.8607370">
    <ele>1765.6</ele>
    <time>2023-04-26T18:47:38Z</time>
   </trkpt>
   <trkpt lat="39.5639290" lon="-104.8607450">
    <ele>1765.6</ele>
    <time>2023-04-26T18:47:39Z</time>
   </trkpt>
   <trkpt lat="39.5639150" lon="-104.8607510">
    <ele>1765.6</ele>
    <time>2023-04-26T18:47:40Z</time>
   </trkpt>
   <trkpt lat="39.5639010" lon="-104.8607570">
    <ele>1765.6</ele>
    <time>2023-04-26T18:47:41Z</time>
   </trkpt>
   <trkpt lat="39.5638880" lon="-104.8607640">
    <ele>1765.6</ele>
    <time>2023-04-26T18:47:42Z</time>
   </trkpt>
   <trkpt lat="39.5638750" lon="-104.8607730">
    <ele>1765.7</ele>
    <time>2023-04-26T18:47:43Z</time>
   </trkpt>
   <trkpt lat="39.5638620" lon="-104.8607820">
    <ele>1765.7</ele>
    <time>2023-04-26T18:47:44Z</time>
   </trkpt>
   <trkpt lat="39.5638490" lon="-104.8607900">
    <ele>1765.7</ele>
    <time>2023-04-26T18:47:45Z</time>
   </trkpt>
   <trkpt lat="39.5638360" lon="-104.8608000">
    <ele>1765.7</ele>
    <time>2023-04-26T18:47:46Z</time>
   </trkpt>
   <trkpt lat="39.5638230" lon="-104.8608090">
    <ele>1765.8</ele>
    <time>2023-04-26T18:47:47Z</time>
   </trkpt>
   <trkpt lat="39.5638130" lon="-104.8608230">
    <ele>1765.8</ele>
    <time>2023-04-26T18:47:48Z</time>
   </trkpt>
   <trkpt lat="39.5638040" lon="-104.8608360">
    <ele>1765.8</ele>
    <time>2023-04-26T18:47:49Z</time>
   </trkpt>
   <trkpt lat="39.5637910" lon="-104.8608470">
    <ele>1765.8</ele>
    <time>2023-04-26T18:47:50Z</time>
   </trkpt>
   <trkpt lat="39.5637790" lon="-104.8608590">
    <ele>1765.9</ele>
    <time>2023-04-26T18:47:51Z</time>
   </trkpt>
   <trkpt lat="39.5637690" lon="-104.8608720">
    <ele>1765.9</ele>
    <time>2023-04-26T18:47:53Z</time>
   </trkpt>
   <trkpt lat="39.5637580" lon="-104.8608850">
    <ele>1765.9</ele>
    <time>2023-04-26T18:47:54Z</time>
   </trkpt>
   <trkpt lat="39.5637490" lon="-104.8609000">
    <ele>1765.9</ele>
    <time>2023-04-26T18:47:55Z</time>
   </trkpt>
   <trkpt lat="39.5637380" lon="-104.8609140">
    <ele>1765.9</ele>
    <time>2023-04-26T18:47:56Z</time>
   </trkpt>
   <trkpt lat="39.5637280" lon="-104.8609270">
    <ele>1766.0</ele>
    <time>2023-04-26T18:47:57Z</time>
   </trkpt>
   <trkpt lat="39.5637180" lon="-104.8609400">
    <ele>1766.0</ele>
    <time>2023-04-26T18:47:58Z</time>
   </trkpt>
   <trkpt lat="39.5637060" lon="-104.8609520">
    <ele>1766.0</ele>
    <time>2023-04-26T18:47:59Z</time>
   </trkpt>
   <trkpt lat="39.5636980" lon="-104.8609660">
    <ele>1766.0</ele>
    <time>2023-04-26T18:48:00Z</time>
   </trkpt>
   <trkpt lat="39.5636870" lon="-104.8609800">
    <ele>1766.0</ele>
    <time>2023-04-26T18:48:01Z</time>
   </trkpt>
   <trkpt lat="39.5636790" lon="-104.8609950">
    <ele>1766.0</ele>
    <time>2023-04-26T18:48:02Z</time>
   </trkpt>
   <trkpt lat="39.5636690" lon="-104.8610090">
    <ele>1766.1</ele>
    <time>2023-04-26T18:48:03Z</time>
   </trkpt>
   <trkpt lat="39.5636600" lon="-104.8610240">
    <ele>1766.1</ele>
    <time>2023-04-26T18:48:04Z</time>
   </trkpt>
   <trkpt lat="39.5636520" lon="-104.8610390">
    <ele>1766.1</ele>
    <time>2023-04-26T18:48:05Z</time>
   </trkpt>
   <trkpt lat="39.5636430" lon="-104.8610530">
    <ele>1766.1</ele>
    <time>2023-04-26T18:48:06Z</time>
   </trkpt>
   <trkpt lat="39.5636340" lon="-104.8610680">
    <ele>1766.1</ele>
    <time>2023-04-26T18:48:07Z</time>
   </trkpt>
   <trkpt lat="39.5636270" lon="-104.8610820">
    <ele>1766.1</ele>
    <time>2023-04-26T18:48:08Z</time>
   </trkpt>
   <trkpt lat="39.5636170" lon="-104.8610960">
    <ele>1766.1</ele>
    <time>2023-04-26T18:48:09Z</time>
   </trkpt>
   <trkpt lat="39.5636060" lon="-104.8611080">
    <ele>1766.1</ele>
    <time>2023-04-26T18:48:10Z</time>
   </trkpt>
   <trkpt lat="39.5635950" lon="-104.8611190">
    <ele>1766.1</ele>
    <time>2023-04-26T18:48:11Z</time>
   </trkpt>
   <trkpt lat="39.5635850" lon="-104.8611330">
    <ele>1766.1</ele>
    <time>2023-04-26T18:48:12Z</time>
   </trkpt>
   <trkpt lat="39.5635730" lon="-104.8611440">
    <ele>1766.1</ele>
    <time>2023-04-26T18:48:13Z</time>
   </trkpt>
   <trkpt lat="39.5635640" lon="-104.8611570">
    <ele>1766.1</ele>
    <time>2023-04-26T18:48:14Z</time>
   </trkpt>
   <trkpt lat="39.5635420" lon="-104.8611790">
    <ele>1766.1</ele>
    <time>2023-04-26T18:48:15Z</time>
   </trkpt>
   <trkpt lat="39.5635290" lon="-104.8611880">
    <ele>1766.1</ele>
    <time>2023-04-26T18:48:16Z</time>
   </trkpt>
   <trkpt lat="39.5635180" lon="-104.8611980">
    <ele>1766.1</ele>
    <time>2023-04-26T18:48:17Z</time>
   </trkpt>
   <trkpt lat="39.5635060" lon="-104.8612080">
    <ele>1766.1</ele>
    <time>2023-04-26T18:48:18Z</time>
   </trkpt>
   <trkpt lat="39.5634930" lon="-104.8612170">
    <ele>1766.1</ele>
    <time>2023-04-26T18:48:19Z</time>
   </trkpt>
   <trkpt lat="39.5634820" lon="-104.8612260">
    <ele>1766.1</ele>
    <time>2023-04-26T18:48:20Z</time>
   </trkpt>
   <trkpt lat="39.5634690" lon="-104.8612330">
    <ele>1766.1</ele>
    <time>2023-04-26T18:48:21Z</time>
   </trkpt>
   <trkpt lat="39.5634560" lon="-104.8612410">
    <ele>1766.1</ele>
    <time>2023-04-26T18:48:22Z</time>
   </trkpt>
   <trkpt lat="39.5634450" lon="-104.8612520">
    <ele>1766.1</ele>
    <time>2023-04-26T18:48:23Z</time>
   </trkpt>
   <trkpt lat="39.5634320" lon="-104.8612620">
    <ele>1766.1</ele>
    <time>2023-04-26T18:48:24Z</time>
   </trkpt>
   <trkpt lat="39.5634210" lon="-104.8612710">
    <ele>1766.1</ele>
    <time>2023-04-26T18:48:25Z</time>
   </trkpt>
   <trkpt lat="39.5634080" lon="-104.8612770">
    <ele>1766.1</ele>
    <time>2023-04-26T18:48:26Z</time>
   </trkpt>
   <trkpt lat="39.5633950" lon="-104.8612860">
    <ele>1766.1</ele>
    <time>2023-04-26T18:48:27Z</time>
   </trkpt>
   <trkpt lat="39.5633830" lon="-104.8612950">
    <ele>1766.2</ele>
    <time>2023-04-26T18:48:28Z</time>
   </trkpt>
   <trkpt lat="39.5633680" lon="-104.8612990">
    <ele>1766.2</ele>
    <time>2023-04-26T18:48:29Z</time>
   </trkpt>
   <trkpt lat="39.5633560" lon="-104.8613080">
    <ele>1766.2</ele>
    <time>2023-04-26T18:48:30Z</time>
   </trkpt>
   <trkpt lat="39.5633430" lon="-104.8613130">
    <ele>1766.2</ele>
    <time>2023-04-26T18:48:31Z</time>
   </trkpt>
   <trkpt lat="39.5633310" lon="-104.8613240">
    <ele>1766.2</ele>
    <time>2023-04-26T18:48:32Z</time>
   </trkpt>
   <trkpt lat="39.5633110" lon="-104.8613370">
    <ele>1766.3</ele>
    <time>2023-04-26T18:48:33Z</time>
   </trkpt>
   <trkpt lat="39.5633030" lon="-104.8613430">
    <ele>1766.3</ele>
    <time>2023-04-26T18:48:34Z</time>
   </trkpt>
   <trkpt lat="39.5632950" lon="-104.8613490">
    <ele>1766.3</ele>
    <time>2023-04-26T18:48:35Z</time>
   </trkpt>
   <trkpt lat="39.5632830" lon="-104.8613590">
    <ele>1766.4</ele>
    <time>2023-04-26T18:48:36Z</time>
   </trkpt>
   <trkpt lat="39.5632700" lon="-104.8613640">
    <ele>1766.4</ele>
    <time>2023-04-26T18:48:37Z</time>
   </trkpt>
   <trkpt lat="39.5632570" lon="-104.8613730">
    <ele>1766.4</ele>
    <time>2023-04-26T18:48:38Z</time>
   </trkpt>
   <trkpt lat="39.5632450" lon="-104.8613790">
    <ele>1766.4</ele>
    <time>2023-04-26T18:48:39Z</time>
   </trkpt>
   <trkpt lat="39.5632310" lon="-104.8613850">
    <ele>1766.5</ele>
    <time>2023-04-26T18:48:40Z</time>
   </trkpt>
   <trkpt lat="39.5632180" lon="-104.8613910">
    <ele>1766.5</ele>
    <time>2023-04-26T18:48:41Z</time>
   </trkpt>
   <trkpt lat="39.5632040" lon="-104.8613980">
    <ele>1766.6</ele>
    <time>2023-04-26T18:48:42Z</time>
   </trkpt>
   <trkpt lat="39.5631920" lon="-104.8614060">
    <ele>1766.6</ele>
    <time>2023-04-26T18:48:43Z</time>
   </trkpt>
   <trkpt lat="39.5631790" lon="-104.8614140">
    <ele>1766.7</ele>
    <time>2023-04-26T18:48:44Z</time>
   </trkpt>
   <trkpt lat="39.5631660" lon="-104.8614210">
    <ele>1766.7</ele>
    <time>2023-04-26T18:48:45Z</time>
   </trkpt>
   <trkpt lat="39.5631530" lon="-104.8614270">
    <ele>1766.7</ele>
    <time>2023-04-26T18:48:46Z</time>
   </trkpt>
   <trkpt lat="39.5631410" lon="-104.8614360">
    <ele>1766.8</ele>
    <time>2023-04-26T18:48:47Z</time>
   </trkpt>
   <trkpt lat="39.5631290" lon="-104.8614450">
    <ele>1766.8</ele>
    <time>2023-04-26T18:48:48Z</time>
   </trkpt>
   <trkpt lat="39.5631170" lon="-104.8614540">
    <ele>1766.9</ele>
    <time>2023-04-26T18:48:49Z</time>
   </trkpt>
   <trkpt lat="39.5631070" lon="-104.8614650">
    <ele>1766.9</ele>
    <time>2023-04-26T18:48:50Z</time>
   </trkpt>
   <trkpt lat="39.5630950" lon="-104.8614750">
    <ele>1767.0</ele>
    <time>2023-04-26T18:48:51Z</time>
   </trkpt>
   <trkpt lat="39.5630840" lon="-104.8614870">
    <ele>1767.0</ele>
    <time>2023-04-26T18:48:52Z</time>
   </trkpt>
   <trkpt lat="39.5630730" lon="-104.8615000">
    <ele>1767.1</ele>
    <time>2023-04-26T18:48:53Z</time>
   </trkpt>
   <trkpt lat="39.5630630" lon="-104.8615120">
    <ele>1767.2</ele>
    <time>2023-04-26T18:48:54Z</time>
   </trkpt>
   <trkpt lat="39.5630500" lon="-104.8615210">
    <ele>1767.2</ele>
    <time>2023-04-26T18:48:55Z</time>
   </trkpt>
   <trkpt lat="39.5630380" lon="-104.8615320">
    <ele>1767.3</ele>
    <time>2023-04-26T18:48:56Z</time>
   </trkpt>
   <trkpt lat="39.5630330" lon="-104.8615500">
    <ele>1767.3</ele>
    <time>2023-04-26T18:48:57Z</time>
   </trkpt>
   <trkpt lat="39.5630290" lon="-104.8615690">
    <ele>1767.4</ele>
    <time>2023-04-26T18:48:58Z</time>
   </trkpt>
   <trkpt lat="39.5630210" lon="-104.8615850">
    <ele>1767.4</ele>
    <time>2023-04-26T18:48:59Z</time>
   </trkpt>
   <trkpt lat="39.5630130" lon="-104.8616000">
    <ele>1767.5</ele>
    <time>2023-04-26T18:49:00Z</time>
   </trkpt>
   <trkpt lat="39.5630060" lon="-104.8616150">
    <ele>1767.5</ele>
    <time>2023-04-26T18:49:01Z</time>
   </trkpt>
   <trkpt lat="39.5629990" lon="-104.8616320">
    <ele>1767.6</ele>
    <time>2023-04-26T18:49:02Z</time>
   </trkpt>
   <trkpt lat="39.5629930" lon="-104.8616490">
    <ele>1767.6</ele>
    <time>2023-04-26T18:49:03Z</time>
   </trkpt>
   <trkpt lat="39.5629850" lon="-104.8616650">
    <ele>1767.6</ele>
    <time>2023-04-26T18:49:04Z</time>
   </trkpt>
   <trkpt lat="39.5629760" lon="-104.8616790">
    <ele>1767.6</ele>
    <time>2023-04-26T18:49:05Z</time>
   </trkpt>
   <trkpt lat="39.5629690" lon="-104.8616940">
    <ele>1767.6</ele>
    <time>2023-04-26T18:49:06Z</time>
   </trkpt>
   <trkpt lat="39.5629630" lon="-104.8617090">
    <ele>1767.6</ele>
    <time>2023-04-26T18:49:07Z</time>
   </trkpt>
   <trkpt lat="39.5629560" lon="-104.8617250">
    <ele>1767.6</ele>
    <time>2023-04-26T18:49:08Z</time>
   </trkpt>
   <trkpt lat="39.5629470" lon="-104.8617390">
    <ele>1767.6</ele>
    <time>2023-04-26T18:49:09Z</time>
   </trkpt>
   <trkpt lat="39.5629300" lon="-104.8617590">
    <ele>1767.6</ele>
    <time>2023-04-26T18:49:10Z</time>
   </trkpt>
   <trkpt lat="39.5629230" lon="-104.8617670">
    <ele>1767.6</ele>
    <time>2023-04-26T18:49:11Z</time>
   </trkpt>
   <trkpt lat="39.5629160" lon="-104.8617740">
    <ele>1767.6</ele>
    <time>2023-04-26T18:49:12Z</time>
   </trkpt>
   <trkpt lat="39.5629020" lon="-104.8617970">
    <ele>1767.5</ele>
    <time>2023-04-26T18:49:13Z</time>
   </trkpt>
   <trkpt lat="39.5628940" lon="-104.8618030">
    <ele>1767.5</ele>
    <time>2023-04-26T18:49:14Z</time>
   </trkpt>
   <trkpt lat="39.5628860" lon="-104.8618090">
    <ele>1767.5</ele>
    <time>2023-04-26T18:49:15Z</time>
   </trkpt>
   <trkpt lat="39.5628750" lon="-104.8618170">
    <ele>1767.5</ele>
    <time>2023-04-26T18:49:16Z</time>
   </trkpt>
   <trkpt lat="39.5628610" lon="-104.8618240">
    <ele>1767.5</ele>
    <time>2023-04-26T18:49:17Z</time>
   </trkpt>
   <trkpt lat="39.5628470" lon="-104.8618280">
    <ele>1767.5</ele>
    <time>2023-04-26T18:49:18Z</time>
   </trkpt>
   <trkpt lat="39.5628330" lon="-104.8618300">
    <ele>1767.5</ele>
    <time>2023-04-26T18:49:19Z</time>
   </trkpt>
   <trkpt lat="39.5628120" lon="-104.8618380">
    <ele>1767.5</ele>
    <time>2023-04-26T18:49:20Z</time>
   </trkpt>
   <trkpt lat="39.5628030" lon="-104.8618390">
    <ele>1767.5</ele>
    <time>2023-04-26T18:49:21Z</time>
   </trkpt>
   <trkpt lat="39.5627940" lon="-104.8618390">
    <ele>1767.5</ele>
    <time>2023-04-26T18:49:22Z</time>
   </trkpt>
   <trkpt lat="39.5627800" lon="-104.8618370">
    <ele>1767.5</ele>
    <time>2023-04-26T18:49:23Z</time>
   </trkpt>
   <trkpt lat="39.5627660" lon="-104.8618320">
    <ele>1767.6</ele>
    <time>2023-04-26T18:49:24Z</time>
   </trkpt>
   <trkpt lat="39.5627510" lon="-104.8618350">
    <ele>1767.6</ele>
    <time>2023-04-26T18:49:25Z</time>
   </trkpt>
   <trkpt lat="39.5627380" lon="-104.8618400">
    <ele>1767.6</ele>
    <time>2023-04-26T18:49:26Z</time>
   </trkpt>
   <trkpt lat="39.5627240" lon="-104.8618460">
    <ele>1767.6</ele>
    <time>2023-04-26T18:49:27Z</time>
   </trkpt>
   <trkpt lat="39.5627100" lon="-104.8618520">
    <ele>1767.7</ele>
    <time>2023-04-26T18:49:28Z</time>
   </trkpt>
   <trkpt lat="39.5626970" lon="-104.8618590">
    <ele>1767.7</ele>
    <time>2023-04-26T18:49:29Z</time>
   </trkpt>
   <trkpt lat="39.5626860" lon="-104.8618670">
    <ele>1767.7</ele>
    <time>2023-04-26T18:49:30Z</time>
   </trkpt>
   <trkpt lat="39.5626700" lon="-104.8618880">
    <ele>1767.8</ele>
    <time>2023-04-26T18:49:31Z</time>
   </trkpt>
   <trkpt lat="39.5626640" lon="-104.8618960">
    <ele>1767.8</ele>
    <time>2023-04-26T18:49:32Z</time>
   </trkpt>
   <trkpt lat="39.5626580" lon="-104.8619040">
    <ele>1767.8</ele>
    <time>2023-04-26T18:49:33Z</time>
   </trkpt>
   <trkpt lat="39.5626420" lon="-104.8619260">
    <ele>1767.9</ele>
    <time>2023-04-26T18:49:34Z</time>
   </trkpt>
   <trkpt lat="39.5626370" lon="-104.8619350">
    <ele>1767.9</ele>
    <time>2023-04-26T18:49:35Z</time>
   </trkpt>
   <trkpt lat="39.5626320" lon="-104.8619450">
    <ele>1767.9</ele>
    <time>2023-04-26T18:49:36Z</time>
   </trkpt>
   <trkpt lat="39.5626210" lon="-104.8619570">
    <ele>1767.9</ele>
    <time>2023-04-26T18:49:37Z</time>
   </trkpt>
   <trkpt lat="39.5626110" lon="-104.8619710">
    <ele>1767.9</ele>
    <time>2023-04-26T18:49:38Z</time>
   </trkpt>
   <trkpt lat="39.5626000" lon="-104.8619830">
    <ele>1767.9</ele>
    <time>2023-04-26T18:49:39Z</time>
   </trkpt>
   <trkpt lat="39.5625890" lon="-104.8619950">
    <ele>1767.9</ele>
    <time>2023-04-26T18:49:40Z</time>
   </trkpt>
   <trkpt lat="39.5625800" lon="-104.8620080">
    <ele>1768.0</ele>
    <time>2023-04-26T18:49:41Z</time>
   </trkpt>
   <trkpt lat="39.5625700" lon="-104.8620200">
    <ele>1768.0</ele>
    <time>2023-04-26T18:49:42Z</time>
   </trkpt>
   <trkpt lat="39.5625590" lon="-104.8620300">
    <ele>1768.0</ele>
    <time>2023-04-26T18:49:43Z</time>
   </trkpt>
   <trkpt lat="39.5625480" lon="-104.8620420">
    <ele>1768.0</ele>
    <time>2023-04-26T18:49:44Z</time>
   </trkpt>
   <trkpt lat="39.5625310" lon="-104.8620600">
    <ele>1768.0</ele>
    <time>2023-04-26T18:49:45Z</time>
   </trkpt>
   <trkpt lat="39.5625240" lon="-104.8620670">
    <ele>1768.0</ele>
    <time>2023-04-26T18:49:46Z</time>
   </trkpt>
   <trkpt lat="39.5625170" lon="-104.8620730">
    <ele>1768.0</ele>
    <time>2023-04-26T18:49:47Z</time>
   </trkpt>
   <trkpt lat="39.5625050" lon="-104.8620830">
    <ele>1768.0</ele>
    <time>2023-04-26T18:49:48Z</time>
   </trkpt>
   <trkpt lat="39.5624930" lon="-104.8620910">
    <ele>1768.0</ele>
    <time>2023-04-26T18:49:49Z</time>
   </trkpt>
   <trkpt lat="39.5624800" lon="-104.8621000">
    <ele>1768.0</ele>
    <time>2023-04-26T18:49:50Z</time>
   </trkpt>
   <trkpt lat="39.5624700" lon="-104.8621120">
    <ele>1768.0</ele>
    <time>2023-04-26T18:49:51Z</time>
   </trkpt>
   <trkpt lat="39.5624540" lon="-104.8621280">
    <ele>1768.0</ele>
    <time>2023-04-26T18:49:52Z</time>
   </trkpt>
   <trkpt lat="39.5624480" lon="-104.8621350">
    <ele>1768.0</ele>
    <time>2023-04-26T18:49:53Z</time>
   </trkpt>
   <trkpt lat="39.5624430" lon="-104.8621420">
    <ele>1768.0</ele>
    <time>2023-04-26T18:49:54Z</time>
   </trkpt>
   <trkpt lat="39.5624340" lon="-104.8621530">
    <ele>1768.0</ele>
    <time>2023-04-26T18:49:55Z</time>
   </trkpt>
   <trkpt lat="39.5624190" lon="-104.8621630">
    <ele>1768.0</ele>
    <time>2023-04-26T18:49:56Z</time>
   </trkpt>
   <trkpt lat="39.5624030" lon="-104.8621790">
    <ele>1768.0</ele>
    <time>2023-04-26T18:49:57Z</time>
   </trkpt>
   <trkpt lat="39.5623950" lon="-104.8621880">
    <ele>1768.0</ele>
    <time>2023-04-26T18:49:59Z</time>
   </trkpt>
   <trkpt lat="39.5623870" lon="-104.8621960">
    <ele>1768.0</ele>
    <time>2023-04-26T18:50:00Z</time>
   </trkpt>
   <trkpt lat="39.5623750" lon="-104.8622210">
    <ele>1768.0</ele>
    <time>2023-04-26T18:50:01Z</time>
   </trkpt>
   <trkpt lat="39.5623680" lon="-104.8622310">
    <ele>1768.0</ele>
    <time>2023-04-26T18:50:02Z</time>
   </trkpt>
   <trkpt lat="39.5623620" lon="-104.8622400">
    <ele>1768.0</ele>
    <time>2023-04-26T18:50:03Z</time>
   </trkpt>
   <trkpt lat="39.5623520" lon="-104.8622490">
    <ele>1768.0</ele>
    <time>2023-04-26T18:50:04Z</time>
   </trkpt>
   <trkpt lat="39.5623390" lon="-104.8622630">
    <ele>1768.0</ele>
    <time>2023-04-26T18:50:05Z</time>
   </trkpt>
   <trkpt lat="39.5623290" lon="-104.8622690">
    <ele>1768.0</ele>
    <time>2023-04-26T18:50:06Z</time>
   </trkpt>
   <trkpt lat="39.5623140" lon="-104.8622840">
    <ele>1768.0</ele>
    <time>2023-04-26T18:50:07Z</time>
   </trkpt>
   <trkpt lat="39.5623060" lon="-104.8622930">
    <ele>1768.0</ele>
    <time>2023-04-26T18:50:08Z</time>
   </trkpt>
   <trkpt lat="39.5622910" lon="-104.8623020">
    <ele>1768.0</ele>
    <time>2023-04-26T18:50:09Z</time>
   </trkpt>
   <trkpt lat="39.5622790" lon="-104.8623100">
    <ele>1768.0</ele>
    <time>2023-04-26T18:50:10Z</time>
   </trkpt>
   <trkpt lat="39.5622680" lon="-104.8623180">
    <ele>1768.1</ele>
    <time>2023-04-26T18:50:11Z</time>
   </trkpt>
   <trkpt lat="39.5622630" lon="-104.8623170">
    <ele>1768.1</ele>
    <time>2023-04-26T18:50:12Z</time>
   </trkpt>
   <trkpt lat="39.5622460" lon="-104.8623310">
    <ele>1768.1</ele>
    <time>2023-04-26T18:50:13Z</time>
   </trkpt>
   <trkpt lat="39.5622340" lon="-104.8623400">
    <ele>1768.1</ele>
    <time>2023-04-26T18:50:14Z</time>
   </trkpt>
   <trkpt lat="39.5622210" lon="-104.8623480">
    <ele>1768.1</ele>
    <time>2023-04-26T18:50:15Z</time>
   </trkpt>
   <trkpt lat="39.5622070" lon="-104.8623560">
    <ele>1768.1</ele>
    <time>2023-04-26T18:50:16Z</time>
   </trkpt>
   <trkpt lat="39.5621950" lon="-104.8623670">
    <ele>1768.2</ele>
    <time>2023-04-26T18:50:17Z</time>
   </trkpt>
   <trkpt lat="39.5621820" lon="-104.8623770">
    <ele>1768.2</ele>
    <time>2023-04-26T18:50:18Z</time>
   </trkpt>
   <trkpt lat="39.5621700" lon="-104.8623880">
    <ele>1768.2</ele>
    <time>2023-04-26T18:50:19Z</time>
   </trkpt>
   <trkpt lat="39.5621460" lon="-104.8624070">
    <ele>1768.2</ele>
    <time>2023-04-26T18:50:20Z</time>
   </trkpt>
   <trkpt lat="39.5621340" lon="-104.8624190">
    <ele>1768.2</ele>
    <time>2023-04-26T18:50:21Z</time>
   </trkpt>
   <trkpt lat="39.5621230" lon="-104.8624300">
    <ele>1768.2</ele>
    <time>2023-04-26T18:50:22Z</time>
   </trkpt>
   <trkpt lat="39.5621130" lon="-104.8624440">
    <ele>1768.3</ele>
    <time>2023-04-26T18:50:23Z</time>
   </trkpt>
   <trkpt lat="39.5621040" lon="-104.8624580">
    <ele>1768.3</ele>
    <time>2023-04-26T18:50:24Z</time>
   </trkpt>
   <trkpt lat="39.5620940" lon="-104.8624710">
    <ele>1768.3</ele>
    <time>2023-04-26T18:50:25Z</time>
   </trkpt>
   <trkpt lat="39.5620850" lon="-104.8624840">
    <ele>1768.3</ele>
    <time>2023-04-26T18:50:26Z</time>
   </trkpt>
   <trkpt lat="39.5620760" lon="-104.8624990">
    <ele>1768.3</ele>
    <time>2023-04-26T18:50:27Z</time>
   </trkpt>
   <trkpt lat="39.5620670" lon="-104.8625260">
    <ele>1768.3</ele>
    <time>2023-04-26T18:50:28Z</time>
   </trkpt>
   <trkpt lat="39.5620640" lon="-104.8625360">
    <ele>1768.3</ele>
    <time>2023-04-26T18:50:29Z</time>
   </trkpt>
   <trkpt lat="39.5620600" lon="-104.8625460">
    <ele>1768.3</ele>
    <time>2023-04-26T18:50:30Z</time>
   </trkpt>
   <trkpt lat="39.5620530" lon="-104.8625740">
    <ele>1768.3</ele>
    <time>2023-04-26T18:50:31Z</time>
   </trkpt>
   <trkpt lat="39.5620500" lon="-104.8625860">
    <ele>1768.3</ele>
    <time>2023-04-26T18:50:32Z</time>
   </trkpt>
   <trkpt lat="39.5620480" lon="-104.8625970">
    <ele>1768.3</ele>
    <time>2023-04-26T18:50:33Z</time>
   </trkpt>
   <trkpt lat="39.5620480" lon="-104.8626150">
    <ele>1768.3</ele>
    <time>2023-04-26T18:50:34Z</time>
   </trkpt>
   <trkpt lat="39.5620480" lon="-104.8626320">
    <ele>1768.3</ele>
    <time>2023-04-26T18:50:35Z</time>
   </trkpt>
   <trkpt lat="39.5620510" lon="-104.8626450">
    <ele>1768.3</ele>
    <time>2023-04-26T18:50:36Z</time>
   </trkpt>
   <trkpt lat="39.5620540" lon="-104.8626560">
    <ele>1768.3</ele>
    <time>2023-04-26T18:50:37Z</time>
   </trkpt>
   <trkpt lat="39.5620530" lon="-104.8626760">
    <ele>1768.3</ele>
    <time>2023-04-26T18:50:38Z</time>
   </trkpt>
   <trkpt lat="39.5620520" lon="-104.8626940">
    <ele>1768.3</ele>
    <time>2023-04-26T18:50:39Z</time>
   </trkpt>
   <trkpt lat="39.5620510" lon="-104.8627120">
    <ele>1768.4</ele>
    <time>2023-04-26T18:50:40Z</time>
   </trkpt>
   <trkpt lat="39.5620520" lon="-104.8627400">
    <ele>1768.4</ele>
    <time>2023-04-26T18:50:41Z</time>
   </trkpt>
   <trkpt lat="39.5620530" lon="-104.8627520">
    <ele>1768.4</ele>
    <time>2023-04-26T18:50:42Z</time>
   </trkpt>
   <trkpt lat="39.5620540" lon="-104.8627650">
    <ele>1768.4</ele>
    <time>2023-04-26T18:50:43Z</time>
   </trkpt>
   <trkpt lat="39.5620550" lon="-104.8627850">
    <ele>1768.4</ele>
    <time>2023-04-26T18:50:44Z</time>
   </trkpt>
   <trkpt lat="39.5620520" lon="-104.8628070">
    <ele>1768.4</ele>
    <time>2023-04-26T18:50:45Z</time>
   </trkpt>
   <trkpt lat="39.5620540" lon="-104.8628260">
    <ele>1768.4</ele>
    <time>2023-04-26T18:50:46Z</time>
   </trkpt>
   <trkpt lat="39.5620560" lon="-104.8628440">
    <ele>1768.4</ele>
    <time>2023-04-26T18:50:47Z</time>
   </trkpt>
   <trkpt lat="39.5620570" lon="-104.8628630">
    <ele>1768.5</ele>
    <time>2023-04-26T18:50:48Z</time>
   </trkpt>
   <trkpt lat="39.5620600" lon="-104.8628820">
    <ele>1768.5</ele>
    <time>2023-04-26T18:50:49Z</time>
   </trkpt>
   <trkpt lat="39.5620640" lon="-104.8628990">
    <ele>1768.5</ele>
    <time>2023-04-26T18:50:50Z</time>
   </trkpt>
   <trkpt lat="39.5620650" lon="-104.8629170">
    <ele>1768.5</ele>
    <time>2023-04-26T18:50:51Z</time>
   </trkpt>
   <trkpt lat="39.5620650" lon="-104.8629370">
    <ele>1768.5</ele>
    <time>2023-04-26T18:50:52Z</time>
   </trkpt>
   <trkpt lat="39.5620650" lon="-104.8629550">
    <ele>1768.5</ele>
    <time>2023-04-26T18:50:53Z</time>
   </trkpt>
   <trkpt lat="39.5620690" lon="-104.8629730">
    <ele>1768.6</ele>
    <time>2023-04-26T18:50:54Z</time>
   </trkpt>
   <trkpt lat="39.5620750" lon="-104.8629900">
    <ele>1768.6</ele>
    <time>2023-04-26T18:50:55Z</time>
   </trkpt>
   <trkpt lat="39.5620840" lon="-104.8630170">
    <ele>1768.6</ele>
    <time>2023-04-26T18:50:56Z</time>
   </trkpt>
   <trkpt lat="39.5620880" lon="-104.8630280">
    <ele>1768.6</ele>
    <time>2023-04-26T18:50:57Z</time>
   </trkpt>
   <trkpt lat="39.5620910" lon="-104.8630390">
    <ele>1768.7</ele>
    <time>2023-04-26T18:50:58Z</time>
   </trkpt>
   <trkpt lat="39.5620990" lon="-104.8630540">
    <ele>1768.7</ele>
    <time>2023-04-26T18:50:59Z</time>
   </trkpt>
   <trkpt lat="39.5621060" lon="-104.8630690">
    <ele>1768.7</ele>
    <time>2023-04-26T18:51:00Z</time>
   </trkpt>
   <trkpt lat="39.5621120" lon="-104.8630840">
    <ele>1768.7</ele>
    <time>2023-04-26T18:51:01Z</time>
   </trkpt>
   <trkpt lat="39.5621240" lon="-104.8630960">
    <ele>1768.7</ele>
    <time>2023-04-26T18:51:02Z</time>
   </trkpt>
   <trkpt lat="39.5621340" lon="-104.8631090">
    <ele>1768.8</ele>
    <time>2023-04-26T18:51:03Z</time>
   </trkpt>
   <trkpt lat="39.5621450" lon="-104.8631180">
    <ele>1768.8</ele>
    <time>2023-04-26T18:51:04Z</time>
   </trkpt>
   <trkpt lat="39.5621650" lon="-104.8631290">
    <ele>1768.8</ele>
    <time>2023-04-26T18:51:05Z</time>
   </trkpt>
   <trkpt lat="39.5621730" lon="-104.8631340">
    <ele>1768.8</ele>
    <time>2023-04-26T18:51:06Z</time>
   </trkpt>
   <trkpt lat="39.5621800" lon="-104.8631400">
    <ele>1768.8</ele>
    <time>2023-04-26T18:51:07Z</time>
   </trkpt>
   <trkpt lat="39.5622020" lon="-104.8631490">
    <ele>1768.9</ele>
    <time>2023-04-26T18:51:08Z</time>
   </trkpt>
   <trkpt lat="39.5622110" lon="-104.8631520">
    <ele>1768.9</ele>
    <time>2023-04-26T18:51:09Z</time>
   </trkpt>
   <trkpt lat="39.5622200" lon="-104.8631550">
    <ele>1768.9</ele>
    <time>2023-04-26T18:51:10Z</time>
   </trkpt>
   <trkpt lat="39.5622410" lon="-104.8631610">
    <ele>1768.9</ele>
    <time>2023-04-26T18:51:11Z</time>
   </trkpt>
   <trkpt lat="39.5622500" lon="-104.8631640">
    <ele>1768.9</ele>
    <time>2023-04-26T18:51:12Z</time>
   </trkpt>
   <trkpt lat="39.5622590" lon="-104.8631670">
    <ele>1768.9</ele>
    <time>2023-04-26T18:51:13Z</time>
   </trkpt>
   <trkpt lat="39.5622720" lon="-104.8631680">
    <ele>1768.9</ele>
    <time>2023-04-26T18:51:14Z</time>
   </trkpt>
   <trkpt lat="39.5622870" lon="-104.8631680">
    <ele>1769.0</ele>
    <time>2023-04-26T18:51:15Z</time>
   </trkpt>
   <trkpt lat="39.5623010" lon="-104.8631700">
    <ele>1769.0</ele>
    <time>2023-04-26T18:51:16Z</time>
   </trkpt>
   <trkpt lat="39.5623160" lon="-104.8631710">
    <ele>1769.0</ele>
    <time>2023-04-26T18:51:17Z</time>
   </trkpt>
   <trkpt lat="39.5623300" lon="-104.8631720">
    <ele>1769.0</ele>
    <time>2023-04-26T18:51:18Z</time>
   </trkpt>
   <trkpt lat="39.5623440" lon="-104.8631720">
    <ele>1769.0</ele>
    <time>2023-04-26T18:51:19Z</time>
   </trkpt>
   <trkpt lat="39.5623590" lon="-104.8631720">
    <ele>1769.0</ele>
    <time>2023-04-26T18:51:20Z</time>
   </trkpt>
   <trkpt lat="39.5623730" lon="-104.8631740">
    <ele>1769.0</ele>
    <time>2023-04-26T18:51:21Z</time>
   </trkpt>
   <trkpt lat="39.5623870" lon="-104.8631730">
    <ele>1769.0</ele>
    <time>2023-04-26T18:51:22Z</time>
   </trkpt>
   <trkpt lat="39.5624010" lon="-104.8631730">
    <ele>1769.0</ele>
    <time>2023-04-26T18:51:23Z</time>
   </trkpt>
   <trkpt lat="39.5624160" lon="-104.8631760">
    <ele>1769.0</ele>
    <time>2023-04-26T18:51:24Z</time>
   </trkpt>
   <trkpt lat="39.5624310" lon="-104.8631760">
    <ele>1769.0</ele>
    <time>2023-04-26T18:51:25Z</time>
   </trkpt>
   <trkpt lat="39.5624450" lon="-104.8631750">
    <ele>1769.0</ele>
    <time>2023-04-26T18:51:26Z</time>
   </trkpt>
   <trkpt lat="39.5624590" lon="-104.8631750">
    <ele>1769.0</ele>
    <time>2023-04-26T18:51:27Z</time>
   </trkpt>
   <trkpt lat="39.5624730" lon="-104.8631770">
    <ele>1769.0</ele>
    <time>2023-04-26T18:51:28Z</time>
   </trkpt>
   <trkpt lat="39.5624890" lon="-104.8631750">
    <ele>1769.0</ele>
    <time>2023-04-26T18:51:29Z</time>
   </trkpt>
   <trkpt lat="39.5625040" lon="-104.8631730">
    <ele>1769.0</ele>
    <time>2023-04-26T18:51:30Z</time>
   </trkpt>
   <trkpt lat="39.5625200" lon="-104.8631730">
    <ele>1769.0</ele>
    <time>2023-04-26T18:51:31Z</time>
   </trkpt>
   <trkpt lat="39.5625350" lon="-104.8631700">
    <ele>1769.0</ele>
    <time>2023-04-26T18:51:32Z</time>
   </trkpt>
   <trkpt lat="39.5625500" lon="-104.8631700">
    <ele>1769.0</ele>
    <time>2023-04-26T18:51:33Z</time>
   </trkpt>
   <trkpt lat="39.5625730" lon="-104.8631710">
    <ele>1769.0</ele>
    <time>2023-04-26T18:51:34Z</time>
   </trkpt>
   <trkpt lat="39.5625820" lon="-104.8631710">
    <ele>1769.0</ele>
    <time>2023-04-26T18:51:35Z</time>
   </trkpt>
   <trkpt lat="39.5625910" lon="-104.8631720">
    <ele>1769.0</ele>
    <time>2023-04-26T18:51:36Z</time>
   </trkpt>
   <trkpt lat="39.5626130" lon="-104.8631720">
    <ele>1769.0</ele>
    <time>2023-04-26T18:51:37Z</time>
   </trkpt>
   <trkpt lat="39.5626220" lon="-104.8631720">
    <ele>1768.9</ele>
    <time>2023-04-26T18:51:38Z</time>
   </trkpt>
   <trkpt lat="39.5626310" lon="-104.8631730">
    <ele>1768.9</ele>
    <time>2023-04-26T18:51:39Z</time>
   </trkpt>
   <trkpt lat="39.5626530" lon="-104.8631730">
    <ele>1768.9</ele>
    <time>2023-04-26T18:51:40Z</time>
   </trkpt>
   <trkpt lat="39.5626620" lon="-104.8631730">
    <ele>1768.9</ele>
    <time>2023-04-26T18:51:41Z</time>
   </trkpt>
   <trkpt lat="39.5626720" lon="-104.8631730">
    <ele>1768.9</ele>
    <time>2023-04-26T18:51:42Z</time>
   </trkpt>
   <trkpt lat="39.5626860" lon="-104.8631680">
    <ele>1768.9</ele>
    <time>2023-04-26T18:51:43Z</time>
   </trkpt>
   <trkpt lat="39.5627000" lon="-104.8631680">
    <ele>1768.9</ele>
    <time>2023-04-26T18:51:44Z</time>
   </trkpt>
   <trkpt lat="39.5627140" lon="-104.8631690">
    <ele>1768.9</ele>
    <time>2023-04-26T18:51:45Z</time>
   </trkpt>
   <trkpt lat="39.5627270" lon="-104.8631700">
    <ele>1768.9</ele>
    <time>2023-04-26T18:51:46Z</time>
   </trkpt>
   <trkpt lat="39.5627410" lon="-104.8631660">
    <ele>1768.9</ele>
    <time>2023-04-26T18:51:47Z</time>
   </trkpt>
   <trkpt lat="39.5627540" lon="-104.8631610">
    <ele>1768.8</ele>
    <time>2023-04-26T18:51:48Z</time>
   </trkpt>
   <trkpt lat="39.5627680" lon="-104.8631570">
    <ele>1768.8</ele>
    <time>2023-04-26T18:51:49Z</time>
   </trkpt>
   <trkpt lat="39.5627820" lon="-104.8631560">
    <ele>1768.8</ele>
    <time>2023-04-26T18:51:50Z</time>
   </trkpt>
   <trkpt lat="39.5627950" lon="-104.8631540">
    <ele>1768.8</ele>
    <time>2023-04-26T18:51:51Z</time>
   </trkpt>
   <trkpt lat="39.5628090" lon="-104.8631480">
    <ele>1768.8</ele>
    <time>2023-04-26T18:51:52Z</time>
   </trkpt>
   <trkpt lat="39.5628220" lon="-104.8631480">
    <ele>1768.8</ele>
    <time>2023-04-26T18:51:53Z</time>
   </trkpt>
   <trkpt lat="39.5628360" lon="-104.8631450">
    <ele>1768.8</ele>
    <time>2023-04-26T18:51:54Z</time>
   </trkpt>
   <trkpt lat="39.5628480" lon="-104.8631380">
    <ele>1768.8</ele>
    <time>2023-04-26T18:51:55Z</time>
   </trkpt>
   <trkpt lat="39.5628600" lon="-104.8631270">
    <ele>1768.8</ele>
    <time>2023-04-26T18:51:56Z</time>
   </trkpt>
   <trkpt lat="39.5628700" lon="-104.8631110">
    <ele>1768.8</ele>
    <time>2023-04-26T18:51:57Z</time>
   </trkpt>
   <trkpt lat="39.5628810" lon="-104.8630980">
    <ele>1768.7</ele>
    <time>2023-04-26T18:51:58Z</time>
   </trkpt>
   <trkpt lat="39.5628910" lon="-104.8630850">
    <ele>1768.7</ele>
    <time>2023-04-26T18:51:59Z</time>
   </trkpt>
   <trkpt lat="39.5628980" lon="-104.8630690">
    <ele>1768.7</ele>
    <time>2023-04-26T18:52:00Z</time>
   </trkpt>
   <trkpt lat="39.5629060" lon="-104.8630520">
    <ele>1768.7</ele>
    <time>2023-04-26T18:52:01Z</time>
   </trkpt>
   <trkpt lat="39.5629140" lon="-104.8630370">
    <ele>1768.7</ele>
    <time>2023-04-26T18:52:02Z</time>
   </trkpt>
   <trkpt lat="39.5629220" lon="-104.8630220">
    <ele>1768.7</ele>
    <time>2023-04-26T18:52:03Z</time>
   </trkpt>
   <trkpt lat="39.5629310" lon="-104.8630070">
    <ele>1768.7</ele>
    <time>2023-04-26T18:52:04Z</time>
   </trkpt>
   <trkpt lat="39.5629410" lon="-104.8629920">
    <ele>1768.7</ele>
    <time>2023-04-26T18:52:05Z</time>
   </trkpt>
   <trkpt lat="39.5629500" lon="-104.8629760">
    <ele>1768.8</ele>
    <time>2023-04-26T18:52:06Z</time>
   </trkpt>
   <trkpt lat="39.5629600" lon="-104.8629610">
    <ele>1768.8</ele>
    <time>2023-04-26T18:52:07Z</time>
   </trkpt>
   <trkpt lat="39.5629700" lon="-104.8629450">
    <ele>1768.8</ele>
    <time>2023-04-26T18:52:08Z</time>
   </trkpt>
   <trkpt lat="39.5629780" lon="-104.8629290">
    <ele>1768.8</ele>
    <time>2023-04-26T18:52:09Z</time>
   </trkpt>
   <trkpt lat="39.5629810" lon="-104.8629100">
    <ele>1768.7</ele>
    <time>2023-04-26T18:52:10Z</time>
   </trkpt>
   <trkpt lat="39.5629830" lon="-104.8628900">
    <ele>1768.7</ele>
    <time>2023-04-26T18:52:11Z</time>
   </trkpt>
   <trkpt lat="39.5629820" lon="-104.8628700">
    <ele>1768.7</ele>
    <time>2023-04-26T18:52:12Z</time>
   </trkpt>
   <trkpt lat="39.5629790" lon="-104.8628510">
    <ele>1768.7</ele>
    <time>2023-04-26T18:52:13Z</time>
   </trkpt>
   <trkpt lat="39.5629810" lon="-104.8628320">
    <ele>1768.7</ele>
    <time>2023-04-26T18:52:14Z</time>
   </trkpt>
   <trkpt lat="39.5629820" lon="-104.8628030">
    <ele>1768.6</ele>
    <time>2023-04-26T18:52:15Z</time>
   </trkpt>
   <trkpt lat="39.5629810" lon="-104.8627910">
    <ele>1768.6</ele>
    <time>2023-04-26T18:52:16Z</time>
   </trkpt>
   <trkpt lat="39.5629800" lon="-104.8627790">
    <ele>1768.6</ele>
    <time>2023-04-26T18:52:17Z</time>
   </trkpt>
   <trkpt lat="39.5629750" lon="-104.8627600">
    <ele>1768.6</ele>
    <time>2023-04-26T18:52:18Z</time>
   </trkpt>
   <trkpt lat="39.5629750" lon="-104.8627420">
    <ele>1768.6</ele>
    <time>2023-04-26T18:52:19Z</time>
   </trkpt>
   <trkpt lat="39.5629760" lon="-104.8627220">
    <ele>1768.6</ele>
    <time>2023-04-26T18:52:20Z</time>
   </trkpt>
   <trkpt lat="39.5629810" lon="-104.8627020">
    <ele>1768.6</ele>
    <time>2023-04-26T18:52:21Z</time>
   </trkpt>
   <trkpt lat="39.5629780" lon="-104.8626850">
    <ele>1768.6</ele>
    <time>2023-04-26T18:52:22Z</time>
   </trkpt>
   <trkpt lat="39.5629770" lon="-104.8626670">
    <ele>1768.5</ele>
    <time>2023-04-26T18:52:23Z</time>
   </trkpt>
   <trkpt lat="39.5629800" lon="-104.8626490">
    <ele>1768.5</ele>
    <time>2023-04-26T18:52:24Z</time>
   </trkpt>
   <trkpt lat="39.5629810" lon="-104.8626310">
    <ele>1768.5</ele>
    <time>2023-04-26T18:52:25Z</time>
   </trkpt>
   <trkpt lat="39.5629880" lon="-104.8626140">
    <ele>1768.5</ele>
    <time>2023-04-26T18:52:26Z</time>
   </trkpt>
   <trkpt lat="39.5629940" lon="-104.8625970">
    <ele>1768.5</ele>
    <time>2023-04-26T18:52:27Z</time>
   </trkpt>
   <trkpt lat="39.5630000" lon="-104.8625790">
    <ele>1768.5</ele>
    <time>2023-04-26T18:52:28Z</time>
   </trkpt>
   <trkpt lat="39.5630040" lon="-104.8625600">
    <ele>1768.5</ele>
    <time>2023-04-26T18:52:29Z</time>
   </trkpt>
   <trkpt lat="39.5630050" lon="-104.8625420">
    <ele>1768.5</ele>
    <time>2023-04-26T18:52:30Z</time>
   </trkpt>
   <trkpt lat="39.5630000" lon="-104.8625210">
    <ele>1768.5</ele>
    <time>2023-04-26T18:52:31Z</time>
   </trkpt>
   <trkpt lat="39.5629940" lon="-104.8625030">
    <ele>1768.5</ele>
    <time>2023-04-26T18:52:32Z</time>
   </trkpt>
   <trkpt lat="39.5629910" lon="-104.8624840">
    <ele>1768.5</ele>
    <time>2023-04-26T18:52:33Z</time>
   </trkpt>
   <trkpt lat="39.5629860" lon="-104.8624670">
    <ele>1768.5</ele>
    <time>2023-04-26T18:52:34Z</time>
   </trkpt>
   <trkpt lat="39.5629790" lon="-104.8624510">
    <ele>1768.5</ele>
    <time>2023-04-26T18:52:35Z</time>
   </trkpt>
   <trkpt lat="39.5629720" lon="-104.8624350">
    <ele>1768.5</ele>
    <time>2023-04-26T18:52:36Z</time>
   </trkpt>
   <trkpt lat="39.5629680" lon="-104.8624180">
    <ele>1768.5</ele>
    <time>2023-04-26T18:52:37Z</time>
   </trkpt>
   <trkpt lat="39.5629640" lon="-104.8623980">
    <ele>1768.4</ele>
    <time>2023-04-26T18:52:38Z</time>
   </trkpt>
   <trkpt lat="39.5629590" lon="-104.8623810">
    <ele>1768.4</ele>
    <time>2023-04-26T18:52:39Z</time>
   </trkpt>
   <trkpt lat="39.5629530" lon="-104.8623650">
    <ele>1768.4</ele>
    <time>2023-04-26T18:52:40Z</time>
   </trkpt>
   <trkpt lat="39.5629490" lon="-104.8623480">
    <ele>1768.4</ele>
    <time>2023-04-26T18:52:41Z</time>
   </trkpt>
   <trkpt lat="39.5629450" lon="-104.8623310">
    <ele>1768.3</ele>
    <time>2023-04-26T18:52:42Z</time>
   </trkpt>
   <trkpt lat="39.5629370" lon="-104.8623150">
    <ele>1768.3</ele>
    <time>2023-04-26T18:52:43Z</time>
   </trkpt>
   <trkpt lat="39.5629300" lon="-104.8623000">
    <ele>1768.2</ele>
    <time>2023-04-26T18:52:44Z</time>
   </trkpt>
   <trkpt lat="39.5629220" lon="-104.8622840">
    <ele>1768.2</ele>
    <time>2023-04-26T18:52:45Z</time>
   </trkpt>
   <trkpt lat="39.5629130" lon="-104.8622720">
    <ele>1768.2</ele>
    <time>2023-04-26T18:52:46Z</time>
   </trkpt>
   <trkpt lat="39.5629020" lon="-104.8622600">
    <ele>1768.2</ele>
    <time>2023-04-26T18:52:47Z</time>
   </trkpt>
   <trkpt lat="39.5628900" lon="-104.8622470">
    <ele>1768.2</ele>
    <time>2023-04-26T18:52:48Z</time>
   </trkpt>
   <trkpt lat="39.5628800" lon="-104.8622330">
    <ele>1768.2</ele>
    <time>2023-04-26T18:52:49Z</time>
   </trkpt>
   <trkpt lat="39.5628690" lon="-104.8622220">
    <ele>1768.2</ele>
    <time>2023-04-26T18:52:50Z</time>
   </trkpt>
   <trkpt lat="39.5628590" lon="-104.8622100">
    <ele>1768.2</ele>
    <time>2023-04-26T18:52:51Z</time>
   </trkpt>
   <trkpt lat="39.5628480" lon="-104.8621980">
    <ele>1768.1</ele>
    <time>2023-04-26T18:52:52Z</time>
   </trkpt>
   <trkpt lat="39.5628370" lon="-104.8621850">
    <ele>1768.1</ele>
    <time>2023-04-26T18:52:53Z</time>
   </trkpt>
   <trkpt lat="39.5628250" lon="-104.8621740">
    <ele>1768.1</ele>
    <time>2023-04-26T18:52:54Z</time>
   </trkpt>
   <trkpt lat="39.5628140" lon="-104.8621630">
    <ele>1768.1</ele>
    <time>2023-04-26T18:52:55Z</time>
   </trkpt>
   <trkpt lat="39.5628030" lon="-104.8621530">
    <ele>1768.1</ele>
    <time>2023-04-26T18:52:56Z</time>
   </trkpt>
   <trkpt lat="39.5627920" lon="-104.8621410">
    <ele>1768.1</ele>
    <time>2023-04-26T18:52:57Z</time>
   </trkpt>
   <trkpt lat="39.5627780" lon="-104.8621210">
    <ele>1768.1</ele>
    <time>2023-04-26T18:52:58Z</time>
   </trkpt>
   <trkpt lat="39.5627700" lon="-104.8621120">
    <ele>1768.1</ele>
    <time>2023-04-26T18:52:59Z</time>
   </trkpt>
   <trkpt lat="39.5627620" lon="-104.8621030">
    <ele>1768.1</ele>
    <time>2023-04-26T18:53:00Z</time>
   </trkpt>
   <trkpt lat="39.5627440" lon="-104.8620870">
    <ele>1768.0</ele>
    <time>2023-04-26T18:53:01Z</time>
   </trkpt>
   <trkpt lat="39.5627370" lon="-104.8620790">
    <ele>1768.0</ele>
    <time>2023-04-26T18:53:02Z</time>
   </trkpt>
   <trkpt lat="39.5627290" lon="-104.8620700">
    <ele>1768.0</ele>
    <time>2023-04-26T18:53:03Z</time>
   </trkpt>
   <trkpt lat="39.5627190" lon="-104.8620590">
    <ele>1768.0</ele>
    <time>2023-04-26T18:53:04Z</time>
   </trkpt>
   <trkpt lat="39.5627060" lon="-104.8620480">
    <ele>1768.0</ele>
    <time>2023-04-26T18:53:05Z</time>
   </trkpt>
   <trkpt lat="39.5626960" lon="-104.8620390">
    <ele>1768.0</ele>
    <time>2023-04-26T18:53:06Z</time>
   </trkpt>
   <trkpt lat="39.5626840" lon="-104.8620240">
    <ele>1768.0</ele>
    <time>2023-04-26T18:53:07Z</time>
   </trkpt>
   <trkpt lat="39.5626670" lon="-104.8620120">
    <ele>1768.0</ele>
    <time>2023-04-26T18:53:08Z</time>
   </trkpt>
   <trkpt lat="39.5626600" lon="-104.8620070">
    <ele>1768.0</ele>
    <time>2023-04-26T18:53:09Z</time>
   </trkpt>
   <trkpt lat="39.5626520" lon="-104.8620020">
    <ele>1768.0</ele>
    <time>2023-04-26T18:53:10Z</time>
   </trkpt>
   <trkpt lat="39.5626290" lon="-104.8619930">
    <ele>1768.0</ele>
    <time>2023-04-26T18:53:11Z</time>
   </trkpt>
   <trkpt lat="39.5626200" lon="-104.8619900">
    <ele>1768.0</ele>
    <time>2023-04-26T18:53:12Z</time>
   </trkpt>
   <trkpt lat="39.5626110" lon="-104.8619870">
    <ele>1767.9</ele>
    <time>2023-04-26T18:53:13Z</time>
   </trkpt>
   <trkpt lat="39.5625980" lon="-104.8619880">
    <ele>1767.9</ele>
    <time>2023-04-26T18:53:14Z</time>
   </trkpt>
   <trkpt lat="39.5625830" lon="-104.8619960">
    <ele>1768.0</ele>
    <time>2023-04-26T18:53:15Z</time>
   </trkpt>
   <trkpt lat="39.5625700" lon="-104.8620080">
    <ele>1768.0</ele>
    <time>2023-04-26T18:53:16Z</time>
   </trkpt>
   <trkpt lat="39.5625600" lon="-104.8620220">
    <ele>1768.0</ele>
    <time>2023-04-26T18:53:17Z</time>
   </trkpt>
   <trkpt lat="39.5625510" lon="-104.8620360">
    <ele>1768.0</ele>
    <time>2023-04-26T18:53:18Z</time>
   </trkpt>
   <trkpt lat="39.5625390" lon="-104.8620470">
    <ele>1768.0</ele>
    <time>2023-04-26T18:53:19Z</time>
   </trkpt>
   <trkpt lat="39.5625280" lon="-104.8620590">
    <ele>1768.0</ele>
    <time>2023-04-26T18:53:20Z</time>
   </trkpt>
   <trkpt lat="39.5625160" lon="-104.8620680">
    <ele>1768.0</ele>
    <time>2023-04-26T18:53:21Z</time>
   </trkpt>
   <trkpt lat="39.5625040" lon="-104.8620780">
    <ele>1768.0</ele>
    <time>2023-04-26T18:53:22Z</time>
   </trkpt>
   <trkpt lat="39.5624930" lon="-104.8620890">
    <ele>1768.0</ele>
    <time>2023-04-26T18:53:23Z</time>
   </trkpt>
   <trkpt lat="39.5624790" lon="-104.8620970">
    <ele>1768.0</ele>
    <time>2023-04-26T18:53:24Z</time>
   </trkpt>
   <trkpt lat="39.5624680" lon="-104.8621090">
    <ele>1768.0</ele>
    <time>2023-04-26T18:53:25Z</time>
   </trkpt>
   <trkpt lat="39.5624580" lon="-104.8621210">
    <ele>1768.0</ele>
    <time>2023-04-26T18:53:26Z</time>
   </trkpt>
   <trkpt lat="39.5624470" lon="-104.8621310">
    <ele>1768.0</ele>
    <time>2023-04-26T18:53:27Z</time>
   </trkpt>
   <trkpt lat="39.5624290" lon="-104.8621480">
    <ele>1768.0</ele>
    <time>2023-04-26T18:53:28Z</time>
   </trkpt>
   <trkpt lat="39.5624220" lon="-104.8621550">
    <ele>1768.0</ele>
    <time>2023-04-26T18:53:29Z</time>
   </trkpt>
   <trkpt lat="39.5624150" lon="-104.8621620">
    <ele>1768.0</ele>
    <time>2023-04-26T18:53:30Z</time>
   </trkpt>
   <trkpt lat="39.5624040" lon="-104.8621730">
    <ele>1768.0</ele>
    <time>2023-04-26T18:53:31Z</time>
   </trkpt>
   <trkpt lat="39.5623930" lon="-104.8621830">
    <ele>1768.0</ele>
    <time>2023-04-26T18:53:32Z</time>
   </trkpt>
   <trkpt lat="39.5623830" lon="-104.8621960">
    <ele>1768.0</ele>
    <time>2023-04-26T18:53:33Z</time>
   </trkpt>
   <trkpt lat="39.5623720" lon="-104.8622080">
    <ele>1768.0</ele>
    <time>2023-04-26T18:53:34Z</time>
   </trkpt>
   <trkpt lat="39.5623630" lon="-104.8622200">
    <ele>1768.0</ele>
    <time>2023-04-26T18:53:35Z</time>
   </trkpt>
   <trkpt lat="39.5623520" lon="-104.8622330">
    <ele>1768.0</ele>
    <time>2023-04-26T18:53:36Z</time>
   </trkpt>
   <trkpt lat="39.5623420" lon="-104.8622460">
    <ele>1768.0</ele>
    <time>2023-04-26T18:53:37Z</time>
   </trkpt>
   <trkpt lat="39.5623320" lon="-104.8622580">
    <ele>1768.0</ele>
    <time>2023-04-26T18:53:38Z</time>
   </trkpt>
   <trkpt lat="39.5623210" lon="-104.8622690">
    <ele>1768.0</ele>
    <time>2023-04-26T18:53:39Z</time>
   </trkpt>
   <trkpt lat="39.5623080" lon="-104.8622770">
    <ele>1768.0</ele>
    <time>2023-04-26T18:53:40Z</time>
   </trkpt>
   <trkpt lat="39.5622960" lon="-104.8622860">
    <ele>1768.0</ele>
    <time>2023-04-26T18:53:41Z</time>
   </trkpt>
   <trkpt lat="39.5622840" lon="-104.8622950">
    <ele>1768.0</ele>
    <time>2023-04-26T18:53:42Z</time>
   </trkpt>
   <trkpt lat="39.5622640" lon="-104.8623100">
    <ele>1768.1</ele>
    <time>2023-04-26T18:53:43Z</time>
   </trkpt>
   <trkpt lat="39.5622560" lon="-104.8623150">
    <ele>1768.1</ele>
    <time>2023-04-26T18:53:44Z</time>
   </trkpt>
   <trkpt lat="39.5622480" lon="-104.8623200">
    <ele>1768.1</ele>
    <time>2023-04-26T18:53:45Z</time>
   </trkpt>
   <trkpt lat="39.5622290" lon="-104.8623340">
    <ele>1768.1</ele>
    <time>2023-04-26T18:53:46Z</time>
   </trkpt>
   <trkpt lat="39.5622210" lon="-104.8623400">
    <ele>1768.1</ele>
    <time>2023-04-26T18:53:47Z</time>
   </trkpt>
   <trkpt lat="39.5622140" lon="-104.8623470">
    <ele>1768.1</ele>
    <time>2023-04-26T18:53:48Z</time>
   </trkpt>
   <trkpt lat="39.5621960" lon="-104.8623640">
    <ele>1768.1</ele>
    <time>2023-04-26T18:53:49Z</time>
   </trkpt>
   <trkpt lat="39.5621890" lon="-104.8623710">
    <ele>1768.2</ele>
    <time>2023-04-26T18:53:50Z</time>
   </trkpt>
   <trkpt lat="39.5621810" lon="-104.8623770">
    <ele>1768.2</ele>
    <time>2023-04-26T18:53:51Z</time>
   </trkpt>
   <trkpt lat="39.5621620" lon="-104.8623910">
    <ele>1768.2</ele>
    <time>2023-04-26T18:53:52Z</time>
   </trkpt>
   <trkpt lat="39.5621540" lon="-104.8623960">
    <ele>1768.2</ele>
    <time>2023-04-26T18:53:53Z</time>
   </trkpt>
   <trkpt lat="39.5621470" lon="-104.8624020">
    <ele>1768.2</ele>
    <time>2023-04-26T18:53:54Z</time>
   </trkpt>
   <trkpt lat="39.5621290" lon="-104.8624200">
    <ele>1768.2</ele>
    <time>2023-04-26T18:53:55Z</time>
   </trkpt>
   <trkpt lat="39.5621210" lon="-104.8624260">
    <ele>1768.3</ele>
    <time>2023-04-26T18:53:56Z</time>
   </trkpt>
   <trkpt lat="39.5621140" lon="-104.8624320">
    <ele>1768.3</ele>
    <time>2023-04-26T18:53:57Z</time>
   </trkpt>
   <trkpt lat="39.5621010" lon="-104.8624410">
    <ele>1768.3</ele>
    <time>2023-04-26T18:53:58Z</time>
   </trkpt>
   <trkpt lat="39.5620880" lon="-104.8624480">
    <ele>1768.3</ele>
    <time>2023-04-26T18:53:59Z</time>
   </trkpt>
   <trkpt lat="39.5620740" lon="-104.8624490">
    <ele>1768.3</ele>
    <time>2023-04-26T18:54:00Z</time>
   </trkpt>
   <trkpt lat="39.5620590" lon="-104.8624490">
    <ele>1768.3</ele>
    <time>2023-04-26T18:54:01Z</time>
   </trkpt>
   <trkpt lat="39.5620460" lon="-104.8624450">
    <ele>1768.3</ele>
    <time>2023-04-26T18:54:02Z</time>
   </trkpt>
   <trkpt lat="39.5620320" lon="-104.8624380">
    <ele>1768.3</ele>
    <time>2023-04-26T18:54:03Z</time>
   </trkpt>
   <trkpt lat="39.5620190" lon="-104.8624310">
    <ele>1768.3</ele>
    <time>2023-04-26T18:54:04Z</time>
   </trkpt>
   <trkpt lat="39.5620060" lon="-104.8624270">
    <ele>1768.2</ele>
    <time>2023-04-26T18:54:05Z</time>
   </trkpt>
   <trkpt lat="39.5619930" lon="-104.8624170">
    <ele>1768.2</ele>
    <time>2023-04-26T18:54:06Z</time>
   </trkpt>
   <trkpt lat="39.5619830" lon="-104.8624030">
    <ele>1768.2</ele>
    <time>2023-04-26T18:54:07Z</time>
   </trkpt>
   <trkpt lat="39.5619650" lon="-104.8623860">
    <ele>1768.2</ele>
    <time>2023-04-26T18:54:08Z</time>
   </trkpt>
   <trkpt lat="39.5619570" lon="-104.8623800">
    <ele>1768.2</ele>
    <time>2023-04-26T18:54:09Z</time>
   </trkpt>
   <trkpt lat="39.5619500" lon="-104.8623740">
    <ele>1768.2</ele>
    <time>2023-04-26T18:54:10Z</time>
   </trkpt>
   <trkpt lat="39.5619380" lon="-104.8623630">
    <ele>1768.2</ele>
    <time>2023-04-26T18:54:11Z</time>
   </trkpt>
   <trkpt lat="39.5619240" lon="-104.8623530">
    <ele>1768.2</ele>
    <time>2023-04-26T18:54:12Z</time>
   </trkpt>
   <trkpt lat="39.5619090" lon="-104.8623480">
    <ele>1768.2</ele>
    <time>2023-04-26T18:54:13Z</time>
   </trkpt>
   <trkpt lat="39.5618950" lon="-104.8623410">
    <ele>1768.2</ele>
    <time>2023-04-26T18:54:14Z</time>
   </trkpt>
   <trkpt lat="39.5618820" lon="-104.8623350">
    <ele>1768.1</ele>
    <time>2023-04-26T18:54:15Z</time>
   </trkpt>
   <trkpt lat="39.5618680" lon="-104.8623320">
    <ele>1768.1</ele>
    <time>2023-04-26T18:54:16Z</time>
   </trkpt>
   <trkpt lat="39.5618550" lon="-104.8623260">
    <ele>1768.1</ele>
    <time>2023-04-26T18:54:17Z</time>
   </trkpt>
   <trkpt lat="39.5618380" lon="-104.8623280">
    <ele>1768.1</ele>
    <time>2023-04-26T18:54:18Z</time>
   </trkpt>
   <trkpt lat="39.5618240" lon="-104.8623280">
    <ele>1768.1</ele>
    <time>2023-04-26T18:54:19Z</time>
   </trkpt>
   <trkpt lat="39.5618110" lon="-104.8623320">
    <ele>1768.1</ele>
    <time>2023-04-26T18:54:20Z</time>
   </trkpt>
   <trkpt lat="39.5617970" lon="-104.8623310">
    <ele>1768.1</ele>
    <time>2023-04-26T18:54:21Z</time>
   </trkpt>
   <trkpt lat="39.5617830" lon="-104.8623280">
    <ele>1768.1</ele>
    <time>2023-04-26T18:54:22Z</time>
   </trkpt>
   <trkpt lat="39.5617610" lon="-104.8623250">
    <ele>1768.1</ele>
    <time>2023-04-26T18:54:23Z</time>
   </trkpt>
   <trkpt lat="39.5617520" lon="-104.8623250">
    <ele>1768.1</ele>
    <time>2023-04-26T18:54:24Z</time>
   </trkpt>
   <trkpt lat="39.5617430" lon="-104.8623250">
    <ele>1768.1</ele>
    <time>2023-04-26T18:54:25Z</time>
   </trkpt>
   <trkpt lat="39.5617310" lon="-104.8623220">
    <ele>1768.1</ele>
    <time>2023-04-26T18:54:26Z</time>
   </trkpt>
   <trkpt lat="39.5617160" lon="-104.8623220">
    <ele>1768.1</ele>
    <time>2023-04-26T18:54:27Z</time>
   </trkpt>
   <trkpt lat="39.5616940" lon="-104.8623250">
    <ele>1768.1</ele>
    <time>2023-04-26T18:54:28Z</time>
   </trkpt>
   <trkpt lat="39.5616850" lon="-104.8623260">
    <ele>1768.1</ele>
    <time>2023-04-26T18:54:29Z</time>
   </trkpt>
   <trkpt lat="39.5616760" lon="-104.8623270">
    <ele>1768.1</ele>
    <time>2023-04-26T18:54:30Z</time>
   </trkpt>
   <trkpt lat="39.5616540" lon="-104.8623300">
    <ele>1768.1</ele>
    <time>2023-04-26T18:54:31Z</time>
   </trkpt>
   <trkpt lat="39.5616450" lon="-104.8623300">
    <ele>1768.1</ele>
    <time>2023-04-26T18:54:32Z</time>
   </trkpt>
   <trkpt lat="39.5616360" lon="-104.8623310">
    <ele>1768.1</ele>
    <time>2023-04-26T18:54:33Z</time>
   </trkpt>
   <trkpt lat="39.5616210" lon="-104.8623310">
    <ele>1768.1</ele>
    <time>2023-04-26T18:54:34Z</time>
   </trkpt>
   <trkpt lat="39.5616070" lon="-104.8623290">
    <ele>1768.1</ele>
    <time>2023-04-26T18:54:35Z</time>
   </trkpt>
   <trkpt lat="39.5615930" lon="-104.8623270">
    <ele>1768.1</ele>
    <time>2023-04-26T18:54:36Z</time>
   </trkpt>
   <trkpt lat="39.5615790" lon="-104.8623280">
    <ele>1768.1</ele>
    <time>2023-04-26T18:54:37Z</time>
   </trkpt>
   <trkpt lat="39.5615650" lon="-104.8623290">
    <ele>1768.1</ele>
    <time>2023-04-26T18:54:38Z</time>
   </trkpt>
   <trkpt lat="39.5615510" lon="-104.8623310">
    <ele>1768.1</ele>
    <time>2023-04-26T18:54:39Z</time>
   </trkpt>
   <trkpt lat="39.5615360" lon="-104.8623280">
    <ele>1768.1</ele>
    <time>2023-04-26T18:54:40Z</time>
   </trkpt>
   <trkpt lat="39.5615210" lon="-104.8623280">
    <ele>1768.1</ele>
    <time>2023-04-26T18:54:41Z</time>
   </trkpt>
   <trkpt lat="39.5615070" lon="-104.8623270">
    <ele>1768.2</ele>
    <time>2023-04-26T18:54:42Z</time>
   </trkpt>
   <trkpt lat="39.5614940" lon="-104.8623290">
    <ele>1768.2</ele>
    <time>2023-04-26T18:54:43Z</time>
   </trkpt>
   <trkpt lat="39.5614710" lon="-104.8623310">
    <ele>1768.2</ele>
    <time>2023-04-26T18:54:44Z</time>
   </trkpt>
   <trkpt lat="39.5614620" lon="-104.8623320">
    <ele>1768.2</ele>
    <time>2023-04-26T18:54:45Z</time>
   </trkpt>
   <trkpt lat="39.5614530" lon="-104.8623340">
    <ele>1768.2</ele>
    <time>2023-04-26T18:54:46Z</time>
   </trkpt>
   <trkpt lat="39.5614390" lon="-104.8623360">
    <ele>1768.2</ele>
    <time>2023-04-26T18:54:47Z</time>
   </trkpt>
   <trkpt lat="39.5614240" lon="-104.8623380">
    <ele>1768.3</ele>
    <time>2023-04-26T18:54:48Z</time>
   </trkpt>
   <trkpt lat="39.5614100" lon="-104.8623420">
    <ele>1768.3</ele>
    <time>2023-04-26T18:54:49Z</time>
   </trkpt>
   <trkpt lat="39.5613960" lon="-104.8623440">
    <ele>1768.3</ele>
    <time>2023-04-26T18:54:50Z</time>
   </trkpt>
   <trkpt lat="39.5613810" lon="-104.8623440">
    <ele>1768.3</ele>
    <time>2023-04-26T18:54:51Z</time>
   </trkpt>
   <trkpt lat="39.5613670" lon="-104.8623460">
    <ele>1768.4</ele>
    <time>2023-04-26T18:54:52Z</time>
   </trkpt>
   <trkpt lat="39.5613530" lon="-104.8623490">
    <ele>1768.4</ele>
    <time>2023-04-26T18:54:53Z</time>
   </trkpt>
   <trkpt lat="39.5613390" lon="-104.8623540">
    <ele>1768.4</ele>
    <time>2023-04-26T18:54:54Z</time>
   </trkpt>
   <trkpt lat="39.5613260" lon="-104.8623580">
    <ele>1768.5</ele>
    <time>2023-04-26T18:54:55Z</time>
   </trkpt>
   <trkpt lat="39.5613130" lon="-104.8623660">
    <ele>1768.5</ele>
    <time>2023-04-26T18:54:56Z</time>
   </trkpt>
   <trkpt lat="39.5612990" lon="-104.8623660">
    <ele>1768.5</ele>
    <time>2023-04-26T18:54:57Z</time>
   </trkpt>
   <trkpt lat="39.5612840" lon="-104.8623650">
    <ele>1768.5</ele>
    <time>2023-04-26T18:54:58Z</time>
   </trkpt>
   <trkpt lat="39.5612710" lon="-104.8623660">
    <ele>1768.6</ele>
    <time>2023-04-26T18:54:59Z</time>
   </trkpt>
   <trkpt lat="39.5612580" lon="-104.8623700">
    <ele>1768.6</ele>
    <time>2023-04-26T18:55:00Z</time>
   </trkpt>
   <trkpt lat="39.5612430" lon="-104.8623740">
    <ele>1768.6</ele>
    <time>2023-04-26T18:55:01Z</time>
   </trkpt>
   <trkpt lat="39.5612290" lon="-104.8623750">
    <ele>1768.7</ele>
    <time>2023-04-26T18:55:02Z</time>
   </trkpt>
   <trkpt lat="39.5612070" lon="-104.8623770">
    <ele>1768.7</ele>
    <time>2023-04-26T18:55:03Z</time>
   </trkpt>
   <trkpt lat="39.5611980" lon="-104.8623790">
    <ele>1768.7</ele>
    <time>2023-04-26T18:55:04Z</time>
   </trkpt>
   <trkpt lat="39.5611900" lon="-104.8623820">
    <ele>1768.7</ele>
    <time>2023-04-26T18:55:05Z</time>
   </trkpt>
   <trkpt lat="39.5611760" lon="-104.8623810">
    <ele>1768.8</ele>
    <time>2023-04-26T18:55:06Z</time>
   </trkpt>
   <trkpt lat="39.5611620" lon="-104.8623810">
    <ele>1768.8</ele>
    <time>2023-04-26T18:55:07Z</time>
   </trkpt>
   <trkpt lat="39.5611470" lon="-104.8623780">
    <ele>1768.8</ele>
    <time>2023-04-26T18:55:08Z</time>
   </trkpt>
   <trkpt lat="39.5611330" lon="-104.8623800">
    <ele>1768.9</ele>
    <time>2023-04-26T18:55:09Z</time>
   </trkpt>
   <trkpt lat="39.5611200" lon="-104.8623770">
    <ele>1768.9</ele>
    <time>2023-04-26T18:55:10Z</time>
   </trkpt>
   <trkpt lat="39.5611070" lon="-104.8623730">
    <ele>1768.9</ele>
    <time>2023-04-26T18:55:11Z</time>
   </trkpt>
   <trkpt lat="39.5610930" lon="-104.8623720">
    <ele>1768.9</ele>
    <time>2023-04-26T18:55:12Z</time>
   </trkpt>
   <trkpt lat="39.5610790" lon="-104.8623680">
    <ele>1769.0</ele>
    <time>2023-04-26T18:55:13Z</time>
   </trkpt>
   <trkpt lat="39.5610660" lon="-104.8623620">
    <ele>1769.0</ele>
    <time>2023-04-26T18:55:14Z</time>
   </trkpt>
   <trkpt lat="39.5610530" lon="-104.8623560">
    <ele>1769.0</ele>
    <time>2023-04-26T18:55:15Z</time>
   </trkpt>
   <trkpt lat="39.5610310" lon="-104.8623480">
    <ele>1769.0</ele>
    <time>2023-04-26T18:55:16Z</time>
   </trkpt>
   <trkpt lat="39.5610230" lon="-104.8623450">
    <ele>1769.1</ele>
    <time>2023-04-26T18:55:17Z</time>
   </trkpt>
   <trkpt lat="39.5610140" lon="-104.8623410">
    <ele>1769.1</ele>
    <time>2023-04-26T18:55:18Z</time>
   </trkpt>
   <trkpt lat="39.5609960" lon="-104.8623250">
    <ele>1769.1</ele>
    <time>2023-04-26T18:55:19Z</time>
   </trkpt>
   <trkpt lat="39.5609890" lon="-104.8623170">
    <ele>1769.1</ele>
    <time>2023-04-26T18:55:20Z</time>
   </trkpt>
   <trkpt lat="39.5609820" lon="-104.8623090">
    <ele>1769.1</ele>
    <time>2023-04-26T18:55:21Z</time>
   </trkpt>
   <trkpt lat="39.5609690" lon="-104.8622990">
    <ele>1769.2</ele>
    <time>2023-04-26T18:55:22Z</time>
   </trkpt>
   <trkpt lat="39.5609560" lon="-104.8622920">
    <ele>1769.2</ele>
    <time>2023-04-26T18:55:23Z</time>
   </trkpt>
   <trkpt lat="39.5609370" lon="-104.8622810">
    <ele>1769.2</ele>
    <time>2023-04-26T18:55:24Z</time>
   </trkpt>
   <trkpt lat="39.5609300" lon="-104.8622760">
    <ele>1769.2</ele>
    <time>2023-04-26T18:55:25Z</time>
   </trkpt>
   <trkpt lat="39.5609220" lon="-104.8622710">
    <ele>1769.2</ele>
    <time>2023-04-26T18:55:26Z</time>
   </trkpt>
   <trkpt lat="39.5609040" lon="-104.8622560">
    <ele>1769.3</ele>
    <time>2023-04-26T18:55:27Z</time>
   </trkpt>
   <trkpt lat="39.5608970" lon="-104.8622500">
    <ele>1769.3</ele>
    <time>2023-04-26T18:55:28Z</time>
   </trkpt>
   <trkpt lat="39.5608900" lon="-104.8622440">
    <ele>1769.3</ele>
    <time>2023-04-26T18:55:29Z</time>
   </trkpt>
   <trkpt lat="39.5608710" lon="-104.8622300">
    <ele>1769.3</ele>
    <time>2023-04-26T18:55:30Z</time>
   </trkpt>
   <trkpt lat="39.5608650" lon="-104.8622230">
    <ele>1769.3</ele>
    <time>2023-04-26T18:55:31Z</time>
   </trkpt>
   <trkpt lat="39.5608580" lon="-104.8622150">
    <ele>1769.3</ele>
    <time>2023-04-26T18:55:32Z</time>
   </trkpt>
   <trkpt lat="39.5608440" lon="-104.8622110">
    <ele>1769.3</ele>
    <time>2023-04-26T18:55:33Z</time>
   </trkpt>
   <trkpt lat="39.5608310" lon="-104.8622100">
    <ele>1769.4</ele>
    <time>2023-04-26T18:55:34Z</time>
   </trkpt>
   <trkpt lat="39.5608090" lon="-104.8622020">
    <ele>1769.4</ele>
    <time>2023-04-26T18:55:35Z</time>
   </trkpt>
   <trkpt lat="39.5608010" lon="-104.8621970">
    <ele>1769.4</ele>
    <time>2023-04-26T18:55:36Z</time>
   </trkpt>
   <trkpt lat="39.5607930" lon="-104.8621930">
    <ele>1769.4</ele>
    <time>2023-04-26T18:55:37Z</time>
   </trkpt>
   <trkpt lat="39.5607720" lon="-104.8621850">
    <ele>1769.4</ele>
    <time>2023-04-26T18:55:38Z</time>
   </trkpt>
   <trkpt lat="39.5607630" lon="-104.8621830">
    <ele>1769.4</ele>
    <time>2023-04-26T18:55:39Z</time>
   </trkpt>
   <trkpt lat="39.5607550" lon="-104.8621800">
    <ele>1769.4</ele>
    <time>2023-04-26T18:55:40Z</time>
   </trkpt>
   <trkpt lat="39.5607320" lon="-104.8621760">
    <ele>1769.5</ele>
    <time>2023-04-26T18:55:41Z</time>
   </trkpt>
   <trkpt lat="39.5607230" lon="-104.8621740">
    <ele>1769.5</ele>
    <time>2023-04-26T18:55:42Z</time>
   </trkpt>
   <trkpt lat="39.5607140" lon="-104.8621710">
    <ele>1769.5</ele>
    <time>2023-04-26T18:55:43Z</time>
   </trkpt>
   <trkpt lat="39.5606920" lon="-104.8621710">
    <ele>1769.5</ele>
    <time>2023-04-26T18:55:44Z</time>
   </trkpt>
   <trkpt lat="39.5606840" lon="-104.8621710">
    <ele>1769.5</ele>
    <time>2023-04-26T18:55:45Z</time>
   </trkpt>
   <trkpt lat="39.5606750" lon="-104.8621710">
    <ele>1769.5</ele>
    <time>2023-04-26T18:55:46Z</time>
   </trkpt>
   <trkpt lat="39.5606620" lon="-104.8621700">
    <ele>1769.5</ele>
    <time>2023-04-26T18:55:47Z</time>
   </trkpt>
   <trkpt lat="39.5606510" lon="-104.8621700">
    <ele>1769.6</ele>
    <time>2023-04-26T18:55:48Z</time>
   </trkpt>
   <trkpt lat="39.5606420" lon="-104.8621750">
    <ele>1769.6</ele>
    <time>2023-04-26T18:55:49Z</time>
   </trkpt>
   <trkpt lat="39.5606450" lon="-104.8621750">
    <ele>1769.6</ele>
    <time>2023-04-26T18:55:50Z</time>
   </trkpt>
   <trkpt lat="39.5606420" lon="-104.8621740">
    <ele>1769.6</ele>
    <time>2023-04-26T18:55:51Z</time>
   </trkpt>
   <trkpt lat="39.5606400" lon="-104.8621740">
    <ele>1769.6</ele>
    <time>2023-04-26T18:55:52Z</time>
   </trkpt>
   <trkpt lat="39.5606370" lon="-104.8621740">
    <ele>1769.6</ele>
    <time>2023-04-26T18:55:53Z</time>
   </trkpt>
   <trkpt lat="39.5606340" lon="-104.8621740">
    <ele>1769.6</ele>
    <time>2023-04-26T18:55:54Z</time>
   </trkpt>
   <trkpt lat="39.5606320" lon="-104.8621740">
    <ele>1769.6</ele>
    <time>2023-04-26T18:55:55Z</time>
   </trkpt>
   <trkpt lat="39.5606290" lon="-104.8621740">
    <ele>1769.6</ele>
    <time>2023-04-26T18:55:56Z</time>
   </trkpt>
   <trkpt lat="39.5606270" lon="-104.8621740">
    <ele>1769.6</ele>
    <time>2023-04-26T18:55:57Z</time>
   </trkpt>
   <trkpt lat="39.5606240" lon="-104.8621730">
    <ele>1769.6</ele>
    <time>2023-04-26T18:55:58Z</time>
   </trkpt>
   <trkpt lat="39.5606220" lon="-104.8621730">
    <ele>1769.6</ele>
    <time>2023-04-26T18:55:59Z</time>
   </trkpt>
   <trkpt lat="39.5606190" lon="-104.8621730">
    <ele>1769.6</ele>
    <time>2023-04-26T18:56:00Z</time>
   </trkpt>
   <trkpt lat="39.5606160" lon="-104.8621730">
    <ele>1769.6</ele>
    <time>2023-04-26T18:56:01Z</time>
   </trkpt>
   <trkpt lat="39.5606140" lon="-104.8621730">
    <ele>1769.6</ele>
    <time>2023-04-26T18:56:02Z</time>
   </trkpt>
   <trkpt lat="39.5606110" lon="-104.8621730">
    <ele>1769.6</ele>
    <time>2023-04-26T18:56:03Z</time>
   </trkpt>
   <trkpt lat="39.5606090" lon="-104.8621730">
    <ele>1769.6</ele>
    <time>2023-04-26T18:56:04Z</time>
   </trkpt>
   <trkpt lat="39.5606060" lon="-104.8621720">
    <ele>1769.6</ele>
    <time>2023-04-26T18:56:05Z</time>
   </trkpt>
   <trkpt lat="39.5606030" lon="-104.8621720">
    <ele>1769.6</ele>
    <time>2023-04-26T18:56:06Z</time>
   </trkpt>
   <trkpt lat="39.5606010" lon="-104.8621720">
    <ele>1769.6</ele>
    <time>2023-04-26T18:56:07Z</time>
   </trkpt>
   <trkpt lat="39.5605870" lon="-104.8621680">
    <ele>1769.6</ele>
    <time>2023-04-26T18:56:08Z</time>
   </trkpt>
   <trkpt lat="39.5605740" lon="-104.8621650">
    <ele>1769.6</ele>
    <time>2023-04-26T18:56:09Z</time>
   </trkpt>
   <trkpt lat="39.5605510" lon="-104.8621690">
    <ele>1769.7</ele>
    <time>2023-04-26T18:56:10Z</time>
   </trkpt>
   <trkpt lat="39.5605420" lon="-104.8621700">
    <ele>1769.7</ele>
    <time>2023-04-26T18:56:11Z</time>
   </trkpt>
   <trkpt lat="39.5605330" lon="-104.8621710">
    <ele>1769.7</ele>
    <time>2023-04-26T18:56:12Z</time>
   </trkpt>
   <trkpt lat="39.5605100" lon="-104.8621730">
    <ele>1769.7</ele>
    <time>2023-04-26T18:56:13Z</time>
   </trkpt>
   <trkpt lat="39.5605020" lon="-104.8621730">
    <ele>1769.7</ele>
    <time>2023-04-26T18:56:14Z</time>
   </trkpt>
   <trkpt lat="39.5604940" lon="-104.8621730">
    <ele>1769.7</ele>
    <time>2023-04-26T18:56:15Z</time>
   </trkpt>
   <trkpt lat="39.5604810" lon="-104.8621770">
    <ele>1769.8</ele>
    <time>2023-04-26T18:56:16Z</time>
   </trkpt>
   <trkpt lat="39.5604670" lon="-104.8621820">
    <ele>1769.8</ele>
    <time>2023-04-26T18:56:17Z</time>
   </trkpt>
   <trkpt lat="39.5604510" lon="-104.8621850">
    <ele>1769.8</ele>
    <time>2023-04-26T18:56:18Z</time>
   </trkpt>
   <trkpt lat="39.5604380" lon="-104.8621910">
    <ele>1769.8</ele>
    <time>2023-04-26T18:56:19Z</time>
   </trkpt>
   <trkpt lat="39.5604160" lon="-104.8621870">
    <ele>1769.9</ele>
    <time>2023-04-26T18:56:20Z</time>
   </trkpt>
   <trkpt lat="39.5604080" lon="-104.8621880">
    <ele>1769.9</ele>
    <time>2023-04-26T18:56:21Z</time>
   </trkpt>
   <trkpt lat="39.5603990" lon="-104.8621880">
    <ele>1769.9</ele>
    <time>2023-04-26T18:56:22Z</time>
   </trkpt>
   <trkpt lat="39.5603780" lon="-104.8621910">
    <ele>1769.9</ele>
    <time>2023-04-26T18:56:23Z</time>
   </trkpt>
   <trkpt lat="39.5603690" lon="-104.8621930">
    <ele>1769.9</ele>
    <time>2023-04-26T18:56:24Z</time>
   </trkpt>
   <trkpt lat="39.5603610" lon="-104.8621940">
    <ele>1769.9</ele>
    <time>2023-04-26T18:56:25Z</time>
   </trkpt>
   <trkpt lat="39.5603470" lon="-104.8621980">
    <ele>1769.9</ele>
    <time>2023-04-26T18:56:26Z</time>
   </trkpt>
   <trkpt lat="39.5603330" lon="-104.8622000">
    <ele>1770.0</ele>
    <time>2023-04-26T18:56:27Z</time>
   </trkpt>
   <trkpt lat="39.5603120" lon="-104.8622070">
    <ele>1770.0</ele>
    <time>2023-04-26T18:56:28Z</time>
   </trkpt>
   <trkpt lat="39.5603040" lon="-104.8622110">
    <ele>1770.0</ele>
    <time>2023-04-26T18:56:29Z</time>
   </trkpt>
   <trkpt lat="39.5602960" lon="-104.8622140">
    <ele>1770.0</ele>
    <time>2023-04-26T18:56:30Z</time>
   </trkpt>
   <trkpt lat="39.5602810" lon="-104.8621970">
    <ele>1770.1</ele>
    <time>2023-04-26T18:56:31Z</time>
   </trkpt>
   <trkpt lat="39.5602790" lon="-104.8621850">
    <ele>1770.1</ele>
    <time>2023-04-26T18:56:32Z</time>
   </trkpt>
   <trkpt lat="39.5602770" lon="-104.8621720">
    <ele>1770.1</ele>
    <time>2023-04-26T18:56:33Z</time>
   </trkpt>
   <trkpt lat="39.5602790" lon="-104.8621630">
    <ele>1770.1</ele>
    <time>2023-04-26T18:56:34Z</time>
   </trkpt>
   <trkpt lat="39.5602870" lon="-104.8621610">
    <ele>1770.1</ele>
    <time>2023-04-26T18:56:35Z</time>
   </trkpt>
   <trkpt lat="39.5602900" lon="-104.8621830">
    <ele>1770.1</ele>
    <time>2023-04-26T18:56:36Z</time>
   </trkpt>
   <trkpt lat="39.5602890" lon="-104.8621870">
    <ele>1770.1</ele>
    <time>2023-04-26T18:56:37Z</time>
   </trkpt>
   <trkpt lat="39.5602900" lon="-104.8621830">
    <ele>1770.2</ele>
    <time>2023-04-26T18:56:38Z</time>
   </trkpt>
   <trkpt lat="39.5602900" lon="-104.8621830">
    <ele>1770.2</ele>
    <time>2023-04-26T18:56:39Z</time>
   </trkpt>
   <trkpt lat="39.5602900" lon="-104.8621840">
    <ele>1770.2</ele>
    <time>2023-04-26T18:56:40Z</time>
   </trkpt>
   <trkpt lat="39.5602900" lon="-104.8621810">
    <ele>1770.2</ele>
    <time>2023-04-26T18:56:41Z</time>
   </trkpt>
   <trkpt lat="39.5602900" lon="-104.8621800">
    <ele>1770.2</ele>
    <time>2023-04-26T18:56:42Z</time>
   </trkpt>
   <trkpt lat="39.5602900" lon="-104.8621790">
    <ele>1770.2</ele>
    <time>2023-04-26T18:56:43Z</time>
   </trkpt>
   <trkpt lat="39.5602910" lon="-104.8621800">
    <ele>1770.2</ele>
    <time>2023-04-26T18:56:44Z</time>
   </trkpt>
   <trkpt lat="39.5602910" lon="-104.8621810">
    <ele>1770.2</ele>
    <time>2023-04-26T18:56:45Z</time>
   </trkpt>
   <trkpt lat="39.5602920" lon="-104.8621810">
    <ele>1770.2</ele>
    <time>2023-04-26T18:56:46Z</time>
   </trkpt>
   <trkpt lat="39.5602920" lon="-104.8621810">
    <ele>1770.2</ele>
    <time>2023-04-26T18:56:47Z</time>
   </trkpt>
   <trkpt lat="39.5602920" lon="-104.8621810">
    <ele>1770.2</ele>
    <time>2023-04-26T18:56:48Z</time>
   </trkpt>
   <trkpt lat="39.5602930" lon="-104.8621810">
    <ele>1770.2</ele>
    <time>2023-04-26T18:56:49Z</time>
   </trkpt>
   <trkpt lat="39.5602920" lon="-104.8621800">
    <ele>1770.2</ele>
    <time>2023-04-26T18:56:50Z</time>
   </trkpt>
   <trkpt lat="39.5602920" lon="-104.8621780">
    <ele>1770.2</ele>
    <time>2023-04-26T18:56:51Z</time>
   </trkpt>
   <trkpt lat="39.5602920" lon="-104.8621750">
    <ele>1770.2</ele>
    <time>2023-04-26T18:56:52Z</time>
   </trkpt>
   <trkpt lat="39.5602920" lon="-104.8621740">
    <ele>1770.2</ele>
    <time>2023-04-26T18:56:53Z</time>
   </trkpt>
   <trkpt lat="39.5602920" lon="-104.8621740">
    <ele>1770.2</ele>
    <time>2023-04-26T18:56:54Z</time>
   </trkpt>
   <trkpt lat="39.5602920" lon="-104.8621760">
    <ele>1770.2</ele>
    <time>2023-04-26T18:56:55Z</time>
   </trkpt>
   <trkpt lat="39.5602910" lon="-104.8621770">
    <ele>1770.2</ele>
    <time>2023-04-26T18:56:56Z</time>
   </trkpt>
   <trkpt lat="39.5602930" lon="-104.8621760">
    <ele>1770.2</ele>
    <time>2023-04-26T18:56:57Z</time>
   </trkpt>
   <trkpt lat="39.5602960" lon="-104.8621790">
    <ele>1770.2</ele>
    <time>2023-04-26T18:56:58Z</time>
   </trkpt>
   <trkpt lat="39.5602970" lon="-104.8621820">
    <ele>1770.2</ele>
    <time>2023-04-26T18:56:59Z</time>
   </trkpt>
   <trkpt lat="39.5602990" lon="-104.8621960">
    <ele>1770.2</ele>
    <time>2023-04-26T18:57:00Z</time>
   </trkpt>
   <trkpt lat="39.5603020" lon="-104.8621980">
    <ele>1770.2</ele>
    <time>2023-04-26T18:57:01Z</time>
   </trkpt>
   <trkpt lat="39.5603030" lon="-104.8622030">
    <ele>1770.2</ele>
    <time>2023-04-26T18:57:02Z</time>
   </trkpt>
   <trkpt lat="39.5603000" lon="-104.8622120">
    <ele>1770.3</ele>
    <time>2023-04-26T18:57:03Z</time>
   </trkpt>
   <trkpt lat="39.5602950" lon="-104.8622190">
    <ele>1770.3</ele>
    <time>2023-04-26T18:57:04Z</time>
   </trkpt>
   <trkpt lat="39.5602890" lon="-104.8622240">
    <ele>1770.3</ele>
    <time>2023-04-26T18:57:05Z</time>
   </trkpt>
   <trkpt lat="39.5602860" lon="-104.8622260">
    <ele>1770.3</ele>
    <time>2023-04-26T18:57:06Z</time>
   </trkpt>
   <trkpt lat="39.5602870" lon="-104.8622240">
    <ele>1770.3</ele>
    <time>2023-04-26T18:57:07Z</time>
   </trkpt>
   <trkpt lat="39.5602880" lon="-104.8622240">
    <ele>1770.3</ele>
    <time>2023-04-26T18:57:08Z</time>
   </trkpt>
   <trkpt lat="39.5602880" lon="-104.8622250">
    <ele>1770.3</ele>
    <time>2023-04-26T18:57:09Z</time>
   </trkpt>
   <trkpt lat="39.5602870" lon="-104.8622260">
    <ele>1770.3</ele>
    <time>2023-04-26T18:57:10Z</time>
   </trkpt>
   <trkpt lat="39.5602880" lon="-104.8622270">
    <ele>1770.3</ele>
    <time>2023-04-26T18:57:11Z</time>
   </trkpt>
   <trkpt lat="39.5602880" lon="-104.8622270">
    <ele>1770.3</ele>
    <time>2023-04-26T18:57:12Z</time>
   </trkpt>
   <trkpt lat="39.5602880" lon="-104.8622270">
    <ele>1770.3</ele>
    <time>2023-04-26T18:57:13Z</time>
   </trkpt>
   <trkpt lat="39.5602890" lon="-104.8622270">
    <ele>1770.3</ele>
    <time>2023-04-26T18:57:14Z</time>
   </trkpt>
   <trkpt lat="39.5602890" lon="-104.8622270">
    <ele>1770.3</ele>
    <time>2023-04-26T18:57:15Z</time>
   </trkpt>
   <trkpt lat="39.5602900" lon="-104.8622270">
    <ele>1770.3</ele>
    <time>2023-04-26T18:57:16Z</time>
   </trkpt>
   <trkpt lat="39.5602900" lon="-104.8622280">
    <ele>1770.3</ele>
    <time>2023-04-26T18:57:17Z</time>
   </trkpt>
   <trkpt lat="39.5602840" lon="-104.8622340">
    <ele>1770.3</ele>
    <time>2023-04-26T18:57:18Z</time>
   </trkpt>
   <trkpt lat="39.5602770" lon="-104.8622380">
    <ele>1770.4</ele>
    <time>2023-04-26T18:57:19Z</time>
   </trkpt>
   <trkpt lat="39.5602680" lon="-104.8622410">
    <ele>1770.4</ele>
    <time>2023-04-26T18:57:20Z</time>
   </trkpt>
   <trkpt lat="39.5602570" lon="-104.8622460">
    <ele>1770.4</ele>
    <time>2023-04-26T18:57:21Z</time>
   </trkpt>
   <trkpt lat="39.5602390" lon="-104.8622560">
    <ele>1770.5</ele>
    <time>2023-04-26T18:57:22Z</time>
   </trkpt>
   <trkpt lat="39.5602300" lon="-104.8622570">
    <ele>1770.5</ele>
    <time>2023-04-26T18:57:23Z</time>
   </trkpt>
   <trkpt lat="39.5602210" lon="-104.8622580">
    <ele>1770.6</ele>
    <time>2023-04-26T18:57:24Z</time>
   </trkpt>
   <trkpt lat="39.5602110" lon="-104.8622590">
    <ele>1770.6</ele>
    <time>2023-04-26T18:57:25Z</time>
   </trkpt>
   <trkpt lat="39.5602010" lon="-104.8622580">
    <ele>1770.6</ele>
    <time>2023-04-26T18:57:26Z</time>
   </trkpt>
   <trkpt lat="39.5601920" lon="-104.8622600">
    <ele>1770.6</ele>
    <time>2023-04-26T18:57:27Z</time>
   </trkpt>
   <trkpt lat="39.5601820" lon="-104.8622640">
    <ele>1770.6</ele>
    <time>2023-04-26T18:57:28Z</time>
   </trkpt>
   <trkpt lat="39.5601750" lon="-104.8622640">
    <ele>1770.6</ele>
    <time>2023-04-26T18:57:29Z</time>
   </trkpt>
   <trkpt lat="39.5601710" lon="-104.8622580">
    <ele>1770.6</ele>
    <time>2023-04-26T18:57:30Z</time>
   </trkpt>
   <trkpt lat="39.5601660" lon="-104.8622550">
    <ele>1770.6</ele>
    <time>2023-04-26T18:57:31Z</time>
   </trkpt>
   <trkpt lat="39.5601680" lon="-104.8622550">
    <ele>1770.6</ele>
    <time>2023-04-26T18:57:32Z</time>
   </trkpt>
   <trkpt lat="39.5601680" lon="-104.8622560">
    <ele>1770.6</ele>
    <time>2023-04-26T18:57:33Z</time>
   </trkpt>
   <trkpt lat="39.5601680" lon="-104.8622550">
    <ele>1770.6</ele>
    <time>2023-04-26T18:57:34Z</time>
   </trkpt>
   <trkpt lat="39.5601680" lon="-104.8622550">
    <ele>1770.6</ele>
    <time>2023-04-26T18:57:35Z</time>
   </trkpt>
   <trkpt lat="39.5601680" lon="-104.8622560">
    <ele>1770.6</ele>
    <time>2023-04-26T18:57:36Z</time>
   </trkpt>
   <trkpt lat="39.5601690" lon="-104.8622560">
    <ele>1770.6</ele>
    <time>2023-04-26T18:57:37Z</time>
   </trkpt>
   <trkpt lat="39.5601690" lon="-104.8622570">
    <ele>1770.6</ele>
    <time>2023-04-26T18:57:38Z</time>
   </trkpt>
   <trkpt lat="39.5601690" lon="-104.8622570">
    <ele>1770.6</ele>
    <time>2023-04-26T18:57:39Z</time>
   </trkpt>
   <trkpt lat="39.5601690" lon="-104.8622570">
    <ele>1770.6</ele>
    <time>2023-04-26T18:57:40Z</time>
   </trkpt>
   <trkpt lat="39.5601700" lon="-104.8622570">
    <ele>1770.6</ele>
    <time>2023-04-26T18:57:41Z</time>
   </trkpt>
   <trkpt lat="39.5601690" lon="-104.8622580">
    <ele>1770.6</ele>
    <time>2023-04-26T18:57:42Z</time>
   </trkpt>
   <trkpt lat="39.5601700" lon="-104.8622580">
    <ele>1770.6</ele>
    <time>2023-04-26T18:57:43Z</time>
   </trkpt>
   <trkpt lat="39.5601690" lon="-104.8622580">
    <ele>1770.6</ele>
    <time>2023-04-26T18:57:44Z</time>
   </trkpt>
   <trkpt lat="39.5601700" lon="-104.8622580">
    <ele>1770.6</ele>
    <time>2023-04-26T18:57:45Z</time>
   </trkpt>
   <trkpt lat="39.5601690" lon="-104.8622570">
    <ele>1770.6</ele>
    <time>2023-04-26T18:57:46Z</time>
   </trkpt>
   <trkpt lat="39.5601730" lon="-104.8622560">
    <ele>1770.6</ele>
    <time>2023-04-26T18:57:47Z</time>
   </trkpt>
   <trkpt lat="39.5601840" lon="-104.8622570">
    <ele>1770.6</ele>
    <time>2023-04-26T18:57:48Z</time>
   </trkpt>
   <trkpt lat="39.5601970" lon="-104.8622540">
    <ele>1770.5</ele>
    <time>2023-04-26T18:57:49Z</time>
   </trkpt>
   <trkpt lat="39.5602130" lon="-104.8622560">
    <ele>1770.5</ele>
    <time>2023-04-26T18:57:50Z</time>
   </trkpt>
   <trkpt lat="39.5602220" lon="-104.8622570">
    <ele>1770.5</ele>
    <time>2023-04-26T18:57:51Z</time>
   </trkpt>
   <trkpt lat="39.5602440" lon="-104.8622580">
    <ele>1770.4</ele>
    <time>2023-04-26T18:57:52Z</time>
   </trkpt>
   <trkpt lat="39.5602520" lon="-104.8622580">
    <ele>1770.4</ele>
    <time>2023-04-26T18:57:53Z</time>
   </trkpt>
   <trkpt lat="39.5602600" lon="-104.8622570">
    <ele>1770.4</ele>
    <time>2023-04-26T18:57:54Z</time>
   </trkpt>
   <trkpt lat="39.5602790" lon="-104.8622510">
    <ele>1770.4</ele>
    <time>2023-04-26T18:57:55Z</time>
   </trkpt>
   <trkpt lat="39.5602870" lon="-104.8622480">
    <ele>1770.3</ele>
    <time>2023-04-26T18:57:56Z</time>
   </trkpt>
   <trkpt lat="39.5602950" lon="-104.8622450">
    <ele>1770.3</ele>
    <time>2023-04-26T18:57:57Z</time>
   </trkpt>
   <trkpt lat="39.5603150" lon="-104.8622340">
    <ele>1770.3</ele>
    <time>2023-04-26T18:57:58Z</time>
   </trkpt>
   <trkpt lat="39.5603220" lon="-104.8622300">
    <ele>1770.3</ele>
    <time>2023-04-26T18:57:59Z</time>
   </trkpt>
   <trkpt lat="39.5603290" lon="-104.8622260">
    <ele>1770.2</ele>
    <time>2023-04-26T18:58:00Z</time>
   </trkpt>
   <trkpt lat="39.5603500" lon="-104.8622160">
    <ele>1770.2</ele>
    <time>2023-04-26T18:58:01Z</time>
   </trkpt>
   <trkpt lat="39.5603580" lon="-104.8622120">
    <ele>1770.2</ele>
    <time>2023-04-26T18:58:02Z</time>
   </trkpt>
   <trkpt lat="39.5603660" lon="-104.8622080">
    <ele>1770.2</ele>
    <time>2023-04-26T18:58:03Z</time>
   </trkpt>
   <trkpt lat="39.5603860" lon="-104.8622010">
    <ele>1770.1</ele>
    <time>2023-04-26T18:58:04Z</time>
   </trkpt>
   <trkpt lat="39.5603940" lon="-104.8621980">
    <ele>1770.1</ele>
    <time>2023-04-26T18:58:05Z</time>
   </trkpt>
   <trkpt lat="39.5604020" lon="-104.8621940">
    <ele>1770.1</ele>
    <time>2023-04-26T18:58:06Z</time>
   </trkpt>
   <trkpt lat="39.5604150" lon="-104.8621870">
    <ele>1770.1</ele>
    <time>2023-04-26T18:58:07Z</time>
   </trkpt>
   <trkpt lat="39.5604290" lon="-104.8621850">
    <ele>1770.0</ele>
    <time>2023-04-26T18:58:08Z</time>
   </trkpt>
   <trkpt lat="39.5604430" lon="-104.8621790">
    <ele>1770.0</ele>
    <time>2023-04-26T18:58:09Z</time>
   </trkpt>
   <trkpt lat="39.5604620" lon="-104.8621780">
    <ele>1770.0</ele>
    <time>2023-04-26T18:58:10Z</time>
   </trkpt>
   <trkpt lat="39.5604810" lon="-104.8621710">
    <ele>1769.9</ele>
    <time>2023-04-26T18:58:11Z</time>
   </trkpt>
   <trkpt lat="39.5604890" lon="-104.8621690">
    <ele>1769.9</ele>
    <time>2023-04-26T18:58:12Z</time>
   </trkpt>
   <trkpt lat="39.5604980" lon="-104.8621670">
    <ele>1769.9</ele>
    <time>2023-04-26T18:58:13Z</time>
   </trkpt>
   <trkpt lat="39.5605180" lon="-104.8621640">
    <ele>1769.9</ele>
    <time>2023-04-26T18:58:14Z</time>
   </trkpt>
   <trkpt lat="39.5605270" lon="-104.8621640">
    <ele>1769.9</ele>
    <time>2023-04-26T18:58:15Z</time>
   </trkpt>
   <trkpt lat="39.5605350" lon="-104.8621650">
    <ele>1769.9</ele>
    <time>2023-04-26T18:58:16Z</time>
   </trkpt>
   <trkpt lat="39.5605480" lon="-104.8621650">
    <ele>1769.8</ele>
    <time>2023-04-26T18:58:17Z</time>
   </trkpt>
   <trkpt lat="39.5605590" lon="-104.8621660">
    <ele>1769.8</ele>
    <time>2023-04-26T18:58:18Z</time>
   </trkpt>
   <trkpt lat="39.5605700" lon="-104.8621640">
    <ele>1769.8</ele>
    <time>2023-04-26T18:58:19Z</time>
   </trkpt>
   <trkpt lat="39.5605830" lon="-104.8621650">
    <ele>1769.8</ele>
    <time>2023-04-26T18:58:20Z</time>
   </trkpt>
   <trkpt lat="39.5605930" lon="-104.8621650">
    <ele>1769.8</ele>
    <time>2023-04-26T18:58:21Z</time>
   </trkpt>
   <trkpt lat="39.5606060" lon="-104.8621650">
    <ele>1769.8</ele>
    <time>2023-04-26T18:58:22Z</time>
   </trkpt>
   <trkpt lat="39.5606140" lon="-104.8621620">
    <ele>1769.8</ele>
    <time>2023-04-26T18:58:23Z</time>
   </trkpt>
   <trkpt lat="39.5606280" lon="-104.8621630">
    <ele>1769.7</ele>
    <time>2023-04-26T18:58:24Z</time>
   </trkpt>
   <trkpt lat="39.5606390" lon="-104.8621650">
    <ele>1769.7</ele>
    <time>2023-04-26T18:58:25Z</time>
   </trkpt>
   <trkpt lat="39.5606600" lon="-104.8621680">
    <ele>1769.7</ele>
    <time>2023-04-26T18:58:26Z</time>
   </trkpt>
   <trkpt lat="39.5606680" lon="-104.8621690">
    <ele>1769.7</ele>
    <time>2023-04-26T18:58:27Z</time>
   </trkpt>
   <trkpt lat="39.5606770" lon="-104.8621700">
    <ele>1769.7</ele>
    <time>2023-04-26T18:58:28Z</time>
   </trkpt>
   <trkpt lat="39.5607010" lon="-104.8621750">
    <ele>1769.6</ele>
    <time>2023-04-26T18:58:29Z</time>
   </trkpt>
   <trkpt lat="39.5607100" lon="-104.8621760">
    <ele>1769.6</ele>
    <time>2023-04-26T18:58:30Z</time>
   </trkpt>
   <trkpt lat="39.5607200" lon="-104.8621760">
    <ele>1769.6</ele>
    <time>2023-04-26T18:58:31Z</time>
   </trkpt>
   <trkpt lat="39.5607330" lon="-104.8621800">
    <ele>1769.6</ele>
    <time>2023-04-26T18:58:32Z</time>
   </trkpt>
   <trkpt lat="39.5607500" lon="-104.8621820">
    <ele>1769.6</ele>
    <time>2023-04-26T18:58:33Z</time>
   </trkpt>
   <trkpt lat="39.5607620" lon="-104.8621840">
    <ele>1769.6</ele>
    <time>2023-04-26T18:58:34Z</time>
   </trkpt>
   <trkpt lat="39.5607770" lon="-104.8621870">
    <ele>1769.5</ele>
    <time>2023-04-26T18:58:35Z</time>
   </trkpt>
   <trkpt lat="39.5607900" lon="-104.8621890">
    <ele>1769.5</ele>
    <time>2023-04-26T18:58:36Z</time>
   </trkpt>
   <trkpt lat="39.5608050" lon="-104.8621920">
    <ele>1769.5</ele>
    <time>2023-04-26T18:58:37Z</time>
   </trkpt>
   <trkpt lat="39.5608170" lon="-104.8621930">
    <ele>1769.5</ele>
    <time>2023-04-26T18:58:38Z</time>
   </trkpt>
   <trkpt lat="39.5608320" lon="-104.8621990">
    <ele>1769.5</ele>
    <time>2023-04-26T18:58:39Z</time>
   </trkpt>
   <trkpt lat="39.5608530" lon="-104.8622090">
    <ele>1769.5</ele>
    <time>2023-04-26T18:58:40Z</time>
   </trkpt>
   <trkpt lat="39.5608610" lon="-104.8622130">
    <ele>1769.4</ele>
    <time>2023-04-26T18:58:41Z</time>
   </trkpt>
   <trkpt lat="39.5608700" lon="-104.8622170">
    <ele>1769.4</ele>
    <time>2023-04-26T18:58:42Z</time>
   </trkpt>
   <trkpt lat="39.5608820" lon="-104.8622230">
    <ele>1769.4</ele>
    <time>2023-04-26T18:58:43Z</time>
   </trkpt>
   <trkpt lat="39.5608950" lon="-104.8622300">
    <ele>1769.4</ele>
    <time>2023-04-26T18:58:44Z</time>
   </trkpt>
   <trkpt lat="39.5609150" lon="-104.8622430">
    <ele>1769.4</ele>
    <time>2023-04-26T18:58:45Z</time>
   </trkpt>
   <trkpt lat="39.5609230" lon="-104.8622470">
    <ele>1769.4</ele>
    <time>2023-04-26T18:58:46Z</time>
   </trkpt>
   <trkpt lat="39.5609300" lon="-104.8622520">
    <ele>1769.4</ele>
    <time>2023-04-26T18:58:47Z</time>
   </trkpt>
   <trkpt lat="39.5609470" lon="-104.8622690">
    <ele>1769.3</ele>
    <time>2023-04-26T18:58:48Z</time>
   </trkpt>
   <trkpt lat="39.5609550" lon="-104.8622740">
    <ele>1769.3</ele>
    <time>2023-04-26T18:58:49Z</time>
   </trkpt>
   <trkpt lat="39.5609620" lon="-104.8622790">
    <ele>1769.3</ele>
    <time>2023-04-26T18:58:50Z</time>
   </trkpt>
   <trkpt lat="39.5609810" lon="-104.8622940">
    <ele>1769.3</ele>
    <time>2023-04-26T18:58:51Z</time>
   </trkpt>
   <trkpt lat="39.5609880" lon="-104.8622990">
    <ele>1769.3</ele>
    <time>2023-04-26T18:58:52Z</time>
   </trkpt>
   <trkpt lat="39.5609950" lon="-104.8623040">
    <ele>1769.3</ele>
    <time>2023-04-26T18:58:53Z</time>
   </trkpt>
   <trkpt lat="39.5610140" lon="-104.8623190">
    <ele>1769.2</ele>
    <time>2023-04-26T18:58:54Z</time>
   </trkpt>
   <trkpt lat="39.5610210" lon="-104.8623250">
    <ele>1769.2</ele>
    <time>2023-04-26T18:58:55Z</time>
   </trkpt>
   <trkpt lat="39.5610290" lon="-104.8623300">
    <ele>1769.2</ele>
    <time>2023-04-26T18:58:56Z</time>
   </trkpt>
   <trkpt lat="39.5610480" lon="-104.8623420">
    <ele>1769.2</ele>
    <time>2023-04-26T18:58:57Z</time>
   </trkpt>
   <trkpt lat="39.5610560" lon="-104.8623470">
    <ele>1769.2</ele>
    <time>2023-04-26T18:58:58Z</time>
   </trkpt>
   <trkpt lat="39.5610650" lon="-104.8623520">
    <ele>1769.1</ele>
    <time>2023-04-26T18:58:59Z</time>
   </trkpt>
   <trkpt lat="39.5610860" lon="-104.8623570">
    <ele>1769.1</ele>
    <time>2023-04-26T18:59:00Z</time>
   </trkpt>
   <trkpt lat="39.5610990" lon="-104.8623620">
    <ele>1769.1</ele>
    <time>2023-04-26T18:59:01Z</time>
   </trkpt>
   <trkpt lat="39.5611110" lon="-104.8623650">
    <ele>1769.1</ele>
    <time>2023-04-26T18:59:02Z</time>
   </trkpt>
   <trkpt lat="39.5611300" lon="-104.8623770">
    <ele>1769.0</ele>
    <time>2023-04-26T18:59:03Z</time>
   </trkpt>
   <trkpt lat="39.5611500" lon="-104.8623740">
    <ele>1769.0</ele>
    <time>2023-04-26T18:59:04Z</time>
   </trkpt>
   <trkpt lat="39.5611590" lon="-104.8623710">
    <ele>1769.0</ele>
    <time>2023-04-26T18:59:05Z</time>
   </trkpt>
   <trkpt lat="39.5611680" lon="-104.8623690">
    <ele>1768.9</ele>
    <time>2023-04-26T18:59:06Z</time>
   </trkpt>
   <trkpt lat="39.5611850" lon="-104.8623720">
    <ele>1768.9</ele>
    <time>2023-04-26T18:59:07Z</time>
   </trkpt>
   <trkpt lat="39.5611970" lon="-104.8623700">
    <ele>1768.9</ele>
    <time>2023-04-26T18:59:08Z</time>
   </trkpt>
   <trkpt lat="39.5612170" lon="-104.8623740">
    <ele>1768.8</ele>
    <time>2023-04-26T18:59:09Z</time>
   </trkpt>
   <trkpt lat="39.5612260" lon="-104.8623740">
    <ele>1768.8</ele>
    <time>2023-04-26T18:59:10Z</time>
   </trkpt>
   <trkpt lat="39.5612340" lon="-104.8623730">
    <ele>1768.8</ele>
    <time>2023-04-26T18:59:11Z</time>
   </trkpt>
   <trkpt lat="39.5612530" lon="-104.8623720">
    <ele>1768.8</ele>
    <time>2023-04-26T18:59:12Z</time>
   </trkpt>
   <trkpt lat="39.5612620" lon="-104.8623710">
    <ele>1768.7</ele>
    <time>2023-04-26T18:59:13Z</time>
   </trkpt>
   <trkpt lat="39.5612700" lon="-104.8623700">
    <ele>1768.7</ele>
    <time>2023-04-26T18:59:14Z</time>
   </trkpt>
   <trkpt lat="39.5612920" lon="-104.8623670">
    <ele>1768.7</ele>
    <time>2023-04-26T18:59:15Z</time>
   </trkpt>
   <trkpt lat="39.5613010" lon="-104.8623660">
    <ele>1768.7</ele>
    <time>2023-04-26T18:59:16Z</time>
   </trkpt>
   <trkpt lat="39.5613100" lon="-104.8623650">
    <ele>1768.6</ele>
    <time>2023-04-26T18:59:17Z</time>
   </trkpt>
   <trkpt lat="39.5613240" lon="-104.8623600">
    <ele>1768.6</ele>
    <time>2023-04-26T18:59:18Z</time>
   </trkpt>
   <trkpt lat="39.5613380" lon="-104.8623560">
    <ele>1768.6</ele>
    <time>2023-04-26T18:59:19Z</time>
   </trkpt>
   <trkpt lat="39.5613600" lon="-104.8623530">
    <ele>1768.5</ele>
    <time>2023-04-26T18:59:20Z</time>
   </trkpt>
   <trkpt lat="39.5613690" lon="-104.8623500">
    <ele>1768.5</ele>
    <time>2023-04-26T18:59:21Z</time>
   </trkpt>
   <trkpt lat="39.5613770" lon="-104.8623480">
    <ele>1768.5</ele>
    <time>2023-04-26T18:59:22Z</time>
   </trkpt>
   <trkpt lat="39.5613990" lon="-104.8623420">
    <ele>1768.4</ele>
    <time>2023-04-26T18:59:23Z</time>
   </trkpt>
   <trkpt lat="39.5614070" lon="-104.8623400">
    <ele>1768.4</ele>
    <time>2023-04-26T18:59:24Z</time>
   </trkpt>
   <trkpt lat="39.5614160" lon="-104.8623370">
    <ele>1768.4</ele>
    <time>2023-04-26T18:59:25Z</time>
   </trkpt>
   <trkpt lat="39.5614380" lon="-104.8623370">
    <ele>1768.3</ele>
    <time>2023-04-26T18:59:26Z</time>
   </trkpt>
   <trkpt lat="39.5614470" lon="-104.8623350">
    <ele>1768.3</ele>
    <time>2023-04-26T18:59:27Z</time>
   </trkpt>
   <trkpt lat="39.5614560" lon="-104.8623340">
    <ele>1768.3</ele>
    <time>2023-04-26T18:59:28Z</time>
   </trkpt>
   <trkpt lat="39.5614770" lon="-104.8623340">
    <ele>1768.3</ele>
    <time>2023-04-26T18:59:29Z</time>
   </trkpt>
   <trkpt lat="39.5614850" lon="-104.8623330">
    <ele>1768.3</ele>
    <time>2023-04-26T18:59:30Z</time>
   </trkpt>
   <trkpt lat="39.5614940" lon="-104.8623310">
    <ele>1768.2</ele>
    <time>2023-04-26T18:59:31Z</time>
   </trkpt>
   <trkpt lat="39.5615150" lon="-104.8623310">
    <ele>1768.2</ele>
    <time>2023-04-26T18:59:32Z</time>
   </trkpt>
   <trkpt lat="39.5615230" lon="-104.8623310">
    <ele>1768.2</ele>
    <time>2023-04-26T18:59:33Z</time>
   </trkpt>
   <trkpt lat="39.5615320" lon="-104.8623320">
    <ele>1768.2</ele>
    <time>2023-04-26T18:59:34Z</time>
   </trkpt>
   <trkpt lat="39.5615540" lon="-104.8623310">
    <ele>1768.2</ele>
    <time>2023-04-26T18:59:35Z</time>
   </trkpt>
   <trkpt lat="39.5615630" lon="-104.8623320">
    <ele>1768.1</ele>
    <time>2023-04-26T18:59:36Z</time>
   </trkpt>
   <trkpt lat="39.5615720" lon="-104.8623320">
    <ele>1768.1</ele>
    <time>2023-04-26T18:59:37Z</time>
   </trkpt>
   <trkpt lat="39.5615940" lon="-104.8623360">
    <ele>1768.1</ele>
    <time>2023-04-26T18:59:38Z</time>
   </trkpt>
   <trkpt lat="39.5616020" lon="-104.8623350">
    <ele>1768.1</ele>
    <time>2023-04-26T18:59:39Z</time>
   </trkpt>
   <trkpt lat="39.5616110" lon="-104.8623350">
    <ele>1768.1</ele>
    <time>2023-04-26T18:59:40Z</time>
   </trkpt>
   <trkpt lat="39.5616250" lon="-104.8623340">
    <ele>1768.1</ele>
    <time>2023-04-26T18:59:41Z</time>
   </trkpt>
   <trkpt lat="39.5616390" lon="-104.8623340">
    <ele>1768.1</ele>
    <time>2023-04-26T18:59:42Z</time>
   </trkpt>
   <trkpt lat="39.5616600" lon="-104.8623320">
    <ele>1768.1</ele>
    <time>2023-04-26T18:59:43Z</time>
   </trkpt>
   <trkpt lat="39.5616690" lon="-104.8623310">
    <ele>1768.1</ele>
    <time>2023-04-26T18:59:44Z</time>
   </trkpt>
   <trkpt lat="39.5616770" lon="-104.8623300">
    <ele>1768.1</ele>
    <time>2023-04-26T18:59:45Z</time>
   </trkpt>
   <trkpt lat="39.5616990" lon="-104.8623310">
    <ele>1768.1</ele>
    <time>2023-04-26T18:59:46Z</time>
   </trkpt>
   <trkpt lat="39.5617080" lon="-104.8623310">
    <ele>1768.1</ele>
    <time>2023-04-26T18:59:47Z</time>
   </trkpt>
   <trkpt lat="39.5617160" lon="-104.8623320">
    <ele>1768.1</ele>
    <time>2023-04-26T18:59:48Z</time>
   </trkpt>
   <trkpt lat="39.5617380" lon="-104.8623270">
    <ele>1768.1</ele>
    <time>2023-04-26T18:59:49Z</time>
   </trkpt>
   <trkpt lat="39.5617460" lon="-104.8623260">
    <ele>1768.1</ele>
    <time>2023-04-26T18:59:50Z</time>
   </trkpt>
   <trkpt lat="39.5617550" lon="-104.8623250">
    <ele>1768.1</ele>
    <time>2023-04-26T18:59:51Z</time>
   </trkpt>
   <trkpt lat="39.5617760" lon="-104.8623220">
    <ele>1768.1</ele>
    <time>2023-04-26T18:59:52Z</time>
   </trkpt>
   <trkpt lat="39.5617840" lon="-104.8623220">
    <ele>1768.1</ele>
    <time>2023-04-26T18:59:53Z</time>
   </trkpt>
   <trkpt lat="39.5617930" lon="-104.8623210">
    <ele>1768.1</ele>
    <time>2023-04-26T18:59:54Z</time>
   </trkpt>
   <trkpt lat="39.5618150" lon="-104.8623250">
    <ele>1768.1</ele>
    <time>2023-04-26T18:59:55Z</time>
   </trkpt>
   <trkpt lat="39.5618240" lon="-104.8623260">
    <ele>1768.1</ele>
    <time>2023-04-26T18:59:56Z</time>
   </trkpt>
   <trkpt lat="39.5618330" lon="-104.8623270">
    <ele>1768.1</ele>
    <time>2023-04-26T18:59:57Z</time>
   </trkpt>
   <trkpt lat="39.5618550" lon="-104.8623280">
    <ele>1768.1</ele>
    <time>2023-04-26T18:59:58Z</time>
   </trkpt>
   <trkpt lat="39.5618640" lon="-104.8623290">
    <ele>1768.1</ele>
    <time>2023-04-26T18:59:59Z</time>
   </trkpt>
   <trkpt lat="39.5618720" lon="-104.8623300">
    <ele>1768.1</ele>
    <time>2023-04-26T19:00:00Z</time>
   </trkpt>
   <trkpt lat="39.5618820" lon="-104.8623290">
    <ele>1768.1</ele>
    <time>2023-04-26T19:00:01Z</time>
   </trkpt>
   <trkpt lat="39.5618940" lon="-104.8623290">
    <ele>1768.1</ele>
    <time>2023-04-26T19:00:02Z</time>
   </trkpt>
   <trkpt lat="39.5619080" lon="-104.8623310">
    <ele>1768.2</ele>
    <time>2023-04-26T19:00:03Z</time>
   </trkpt>
   <trkpt lat="39.5619270" lon="-104.8623420">
    <ele>1768.2</ele>
    <time>2023-04-26T19:00:04Z</time>
   </trkpt>
   <trkpt lat="39.5619340" lon="-104.8623460">
    <ele>1768.2</ele>
    <time>2023-04-26T19:00:05Z</time>
   </trkpt>
   <trkpt lat="39.5619410" lon="-104.8623500">
    <ele>1768.2</ele>
    <time>2023-04-26T19:00:06Z</time>
   </trkpt>
   <trkpt lat="39.5619490" lon="-104.8623550">
    <ele>1768.2</ele>
    <time>2023-04-26T19:00:07Z</time>
   </trkpt>
   <trkpt lat="39.5619590" lon="-104.8623640">
    <ele>1768.2</ele>
    <time>2023-04-26T19:00:08Z</time>
   </trkpt>
   <trkpt lat="39.5619720" lon="-104.8623740">
    <ele>1768.2</ele>
    <time>2023-04-26T19:00:09Z</time>
   </trkpt>
   <trkpt lat="39.5619840" lon="-104.8623840">
    <ele>1768.2</ele>
    <time>2023-04-26T19:00:10Z</time>
   </trkpt>
   <trkpt lat="39.5619950" lon="-104.8623940">
    <ele>1768.2</ele>
    <time>2023-04-26T19:00:11Z</time>
   </trkpt>
   <trkpt lat="39.5620050" lon="-104.8624070">
    <ele>1768.2</ele>
    <time>2023-04-26T19:00:12Z</time>
   </trkpt>
   <trkpt lat="39.5620150" lon="-104.8624210">
    <ele>1768.2</ele>
    <time>2023-04-26T19:00:13Z</time>
   </trkpt>
   <trkpt lat="39.5620270" lon="-104.8624300">
    <ele>1768.3</ele>
    <time>2023-04-26T19:00:14Z</time>
   </trkpt>
   <trkpt lat="39.5620390" lon="-104.8624380">
    <ele>1768.3</ele>
    <time>2023-04-26T19:00:15Z</time>
   </trkpt>
   <trkpt lat="39.5620570" lon="-104.8624540">
    <ele>1768.3</ele>
    <time>2023-04-26T19:00:16Z</time>
   </trkpt>
   <trkpt lat="39.5620640" lon="-104.8624610">
    <ele>1768.3</ele>
    <time>2023-04-26T19:00:17Z</time>
   </trkpt>
   <trkpt lat="39.5620720" lon="-104.8624670">
    <ele>1768.3</ele>
    <time>2023-04-26T19:00:18Z</time>
   </trkpt>
   <trkpt lat="39.5620920" lon="-104.8624720">
    <ele>1768.3</ele>
    <time>2023-04-26T19:00:19Z</time>
   </trkpt>
   <trkpt lat="39.5621000" lon="-104.8624700">
    <ele>1768.3</ele>
    <time>2023-04-26T19:00:20Z</time>
   </trkpt>
   <trkpt lat="39.5621090" lon="-104.8624680">
    <ele>1768.3</ele>
    <time>2023-04-26T19:00:21Z</time>
   </trkpt>
   <trkpt lat="39.5621220" lon="-104.8624610">
    <ele>1768.2</ele>
    <time>2023-04-26T19:00:22Z</time>
   </trkpt>
   <trkpt lat="39.5621320" lon="-104.8624460">
    <ele>1768.2</ele>
    <time>2023-04-26T19:00:23Z</time>
   </trkpt>
   <trkpt lat="39.5621410" lon="-104.8624300">
    <ele>1768.2</ele>
    <time>2023-04-26T19:00:24Z</time>
   </trkpt>
   <trkpt lat="39.5621500" lon="-104.8624160">
    <ele>1768.2</ele>
    <time>2023-04-26T19:00:25Z</time>
   </trkpt>
   <trkpt lat="39.5621610" lon="-104.8624050">
    <ele>1768.2</ele>
    <time>2023-04-26T19:00:26Z</time>
   </trkpt>
   <trkpt lat="39.5621720" lon="-104.8623940">
    <ele>1768.2</ele>
    <time>2023-04-26T19:00:27Z</time>
   </trkpt>
   <trkpt lat="39.5621820" lon="-104.8623820">
    <ele>1768.1</ele>
    <time>2023-04-26T19:00:28Z</time>
   </trkpt>
   <trkpt lat="39.5621940" lon="-104.8623730">
    <ele>1768.1</ele>
    <time>2023-04-26T19:00:29Z</time>
   </trkpt>
   <trkpt lat="39.5622060" lon="-104.8623650">
    <ele>1768.1</ele>
    <time>2023-04-26T19:00:30Z</time>
   </trkpt>
   <trkpt lat="39.5622180" lon="-104.8623560">
    <ele>1768.1</ele>
    <time>2023-04-26T19:00:31Z</time>
   </trkpt>
   <trkpt lat="39.5622310" lon="-104.8623480">
    <ele>1768.1</ele>
    <time>2023-04-26T19:00:32Z</time>
   </trkpt>
   <trkpt lat="39.5622430" lon="-104.8623400">
    <ele>1768.1</ele>
    <time>2023-04-26T19:00:33Z</time>
   </trkpt>
   <trkpt lat="39.5622550" lon="-104.8623300">
    <ele>1768.1</ele>
    <time>2023-04-26T19:00:34Z</time>
   </trkpt>
   <trkpt lat="39.5622670" lon="-104.8623220">
    <ele>1768.0</ele>
    <time>2023-04-26T19:00:35Z</time>
   </trkpt>
   <trkpt lat="39.5622850" lon="-104.8623060">
    <ele>1768.0</ele>
    <time>2023-04-26T19:00:36Z</time>
   </trkpt>
   <trkpt lat="39.5622930" lon="-104.8623000">
    <ele>1768.0</ele>
    <time>2023-04-26T19:00:37Z</time>
   </trkpt>
   <trkpt lat="39.5623000" lon="-104.8622930">
    <ele>1768.0</ele>
    <time>2023-04-26T19:00:38Z</time>
   </trkpt>
   <trkpt lat="39.5623180" lon="-104.8622760">
    <ele>1768.0</ele>
    <time>2023-04-26T19:00:39Z</time>
   </trkpt>
   <trkpt lat="39.5623250" lon="-104.8622690">
    <ele>1768.0</ele>
    <time>2023-04-26T19:00:40Z</time>
   </trkpt>
   <trkpt lat="39.5623320" lon="-104.8622620">
    <ele>1768.0</ele>
    <time>2023-04-26T19:00:41Z</time>
   </trkpt>
   <trkpt lat="39.5623480" lon="-104.8622420">
    <ele>1768.0</ele>
    <time>2023-04-26T19:00:42Z</time>
   </trkpt>
   <trkpt lat="39.5623560" lon="-104.8622350">
    <ele>1768.0</ele>
    <time>2023-04-26T19:00:43Z</time>
   </trkpt>
   <trkpt lat="39.5623630" lon="-104.8622280">
    <ele>1768.0</ele>
    <time>2023-04-26T19:00:44Z</time>
   </trkpt>
   <trkpt lat="39.5623740" lon="-104.8622160">
    <ele>1768.0</ele>
    <time>2023-04-26T19:00:45Z</time>
   </trkpt>
   <trkpt lat="39.5623850" lon="-104.8622040">
    <ele>1768.0</ele>
    <time>2023-04-26T19:00:46Z</time>
   </trkpt>
   <trkpt lat="39.5623950" lon="-104.8621920">
    <ele>1768.0</ele>
    <time>2023-04-26T19:00:47Z</time>
   </trkpt>
   <trkpt lat="39.5624050" lon="-104.8621800">
    <ele>1768.0</ele>
    <time>2023-04-26T19:00:48Z</time>
   </trkpt>
   <trkpt lat="39.5624170" lon="-104.8621710">
    <ele>1768.0</ele>
    <time>2023-04-26T19:00:49Z</time>
   </trkpt>
   <trkpt lat="39.5624300" lon="-104.8621620">
    <ele>1768.0</ele>
    <time>2023-04-26T19:00:50Z</time>
   </trkpt>
   <trkpt lat="39.5624420" lon="-104.8621510">
    <ele>1768.0</ele>
    <time>2023-04-26T19:00:51Z</time>
   </trkpt>
   <trkpt lat="39.5624530" lon="-104.8621400">
    <ele>1768.0</ele>
    <time>2023-04-26T19:00:52Z</time>
   </trkpt>
   <trkpt lat="39.5624710" lon="-104.8621230">
    <ele>1768.0</ele>
    <time>2023-04-26T19:00:53Z</time>
   </trkpt>
   <trkpt lat="39.5624780" lon="-104.8621170">
    <ele>1768.0</ele>
    <time>2023-04-26T19:00:54Z</time>
   </trkpt>
   <trkpt lat="39.5624850" lon="-104.8621100">
    <ele>1768.0</ele>
    <time>2023-04-26T19:00:55Z</time>
   </trkpt>
   <trkpt lat="39.5624950" lon="-104.8620970">
    <ele>1768.0</ele>
    <time>2023-04-26T19:00:56Z</time>
   </trkpt>
   <trkpt lat="39.5625060" lon="-104.8620860">
    <ele>1768.0</ele>
    <time>2023-04-26T19:00:57Z</time>
   </trkpt>
   <trkpt lat="39.5625170" lon="-104.8620730">
    <ele>1768.0</ele>
    <time>2023-04-26T19:00:58Z</time>
   </trkpt>
   <trkpt lat="39.5625280" lon="-104.8620620">
    <ele>1768.0</ele>
    <time>2023-04-26T19:00:59Z</time>
   </trkpt>
   <trkpt lat="39.5625400" lon="-104.8620540">
    <ele>1768.0</ele>
    <time>2023-04-26T19:01:00Z</time>
   </trkpt>
   <trkpt lat="39.5625510" lon="-104.8620420">
    <ele>1768.0</ele>
    <time>2023-04-26T19:01:01Z</time>
   </trkpt>
   <trkpt lat="39.5625620" lon="-104.8620300">
    <ele>1768.0</ele>
    <time>2023-04-26T19:01:02Z</time>
   </trkpt>
   <trkpt lat="39.5625730" lon="-104.8620200">
    <ele>1768.0</ele>
    <time>2023-04-26T19:01:03Z</time>
   </trkpt>
   <trkpt lat="39.5625900" lon="-104.8620020">
    <ele>1767.9</ele>
    <time>2023-04-26T19:01:04Z</time>
   </trkpt>
   <trkpt lat="39.5625960" lon="-104.8619940">
    <ele>1767.9</ele>
    <time>2023-04-26T19:01:05Z</time>
   </trkpt>
   <trkpt lat="39.5626030" lon="-104.8619870">
    <ele>1767.9</ele>
    <time>2023-04-26T19:01:06Z</time>
   </trkpt>
   <trkpt lat="39.5626140" lon="-104.8619770">
    <ele>1767.9</ele>
    <time>2023-04-26T19:01:07Z</time>
   </trkpt>
   <trkpt lat="39.5626250" lon="-104.8619750">
    <ele>1767.9</ele>
    <time>2023-04-26T19:01:08Z</time>
   </trkpt>
   <trkpt lat="39.5626300" lon="-104.8619710">
    <ele>1768.0</ele>
    <time>2023-04-26T19:01:09Z</time>
   </trkpt>
   <trkpt lat="39.5626480" lon="-104.8619810">
    <ele>1768.0</ele>
    <time>2023-04-26T19:01:10Z</time>
   </trkpt>
   <trkpt lat="39.5626570" lon="-104.8619870">
    <ele>1768.0</ele>
    <time>2023-04-26T19:01:11Z</time>
   </trkpt>
   <trkpt lat="39.5626670" lon="-104.8619930">
    <ele>1768.0</ele>
    <time>2023-04-26T19:01:12Z</time>
   </trkpt>
   <trkpt lat="39.5626780" lon="-104.8620050">
    <ele>1768.0</ele>
    <time>2023-04-26T19:01:13Z</time>
   </trkpt>
   <trkpt lat="39.5626890" lon="-104.8620160">
    <ele>1768.0</ele>
    <time>2023-04-26T19:01:14Z</time>
   </trkpt>
   <trkpt lat="39.5627010" lon="-104.8620250">
    <ele>1768.0</ele>
    <time>2023-04-26T19:01:15Z</time>
   </trkpt>
   <trkpt lat="39.5627120" lon="-104.8620370">
    <ele>1768.0</ele>
    <time>2023-04-26T19:01:16Z</time>
   </trkpt>
   <trkpt lat="39.5627220" lon="-104.8620500">
    <ele>1768.0</ele>
    <time>2023-04-26T19:01:17Z</time>
   </trkpt>
   <trkpt lat="39.5627320" lon="-104.8620630">
    <ele>1768.0</ele>
    <time>2023-04-26T19:01:18Z</time>
   </trkpt>
   <trkpt lat="39.5627430" lon="-104.8620720">
    <ele>1768.0</ele>
    <time>2023-04-26T19:01:19Z</time>
   </trkpt>
   <trkpt lat="39.5627550" lon="-104.8620820">
    <ele>1768.1</ele>
    <time>2023-04-26T19:01:20Z</time>
   </trkpt>
   <trkpt lat="39.5627660" lon="-104.8620940">
    <ele>1768.1</ele>
    <time>2023-04-26T19:01:21Z</time>
   </trkpt>
   <trkpt lat="39.5627760" lon="-104.8621060">
    <ele>1768.1</ele>
    <time>2023-04-26T19:01:22Z</time>
   </trkpt>
   <trkpt lat="39.5627930" lon="-104.8621240">
    <ele>1768.1</ele>
    <time>2023-04-26T19:01:23Z</time>
   </trkpt>
   <trkpt lat="39.5627990" lon="-104.8621310">
    <ele>1768.1</ele>
    <time>2023-04-26T19:01:24Z</time>
   </trkpt>
   <trkpt lat="39.5628060" lon="-104.8621380">
    <ele>1768.1</ele>
    <time>2023-04-26T19:01:25Z</time>
   </trkpt>
   <trkpt lat="39.5628240" lon="-104.8621550">
    <ele>1768.1</ele>
    <time>2023-04-26T19:01:26Z</time>
   </trkpt>
   <trkpt lat="39.5628310" lon="-104.8621610">
    <ele>1768.1</ele>
    <time>2023-04-26T19:01:27Z</time>
   </trkpt>
   <trkpt lat="39.5628380" lon="-104.8621680">
    <ele>1768.1</ele>
    <time>2023-04-26T19:01:28Z</time>
   </trkpt>
   <trkpt lat="39.5628550" lon="-104.8621820">
    <ele>1768.1</ele>
    <time>2023-04-26T19:01:29Z</time>
   </trkpt>
   <trkpt lat="39.5628610" lon="-104.8621900">
    <ele>1768.1</ele>
    <time>2023-04-26T19:01:30Z</time>
   </trkpt>
   <trkpt lat="39.5628680" lon="-104.8621980">
    <ele>1768.2</ele>
    <time>2023-04-26T19:01:31Z</time>
   </trkpt>
   <trkpt lat="39.5628770" lon="-104.8622110">
    <ele>1768.2</ele>
    <time>2023-04-26T19:01:32Z</time>
   </trkpt>
   <trkpt lat="39.5628860" lon="-104.8622240">
    <ele>1768.2</ele>
    <time>2023-04-26T19:01:33Z</time>
   </trkpt>
   <trkpt lat="39.5628950" lon="-104.8622350">
    <ele>1768.2</ele>
    <time>2023-04-26T19:01:34Z</time>
   </trkpt>
   <trkpt lat="39.5629040" lon="-104.8622440">
    <ele>1768.2</ele>
    <time>2023-04-26T19:01:35Z</time>
   </trkpt>
   <trkpt lat="39.5629150" lon="-104.8622500">
    <ele>1768.2</ele>
    <time>2023-04-26T19:01:36Z</time>
   </trkpt>
   <trkpt lat="39.5629210" lon="-104.8622590">
    <ele>1768.2</ele>
    <time>2023-04-26T19:01:37Z</time>
   </trkpt>
   <trkpt lat="39.5629300" lon="-104.8622680">
    <ele>1768.2</ele>
    <time>2023-04-26T19:01:38Z</time>
   </trkpt>
   <trkpt lat="39.5629380" lon="-104.8622760">
    <ele>1768.2</ele>
    <time>2023-04-26T19:01:39Z</time>
   </trkpt>
   <trkpt lat="39.5629560" lon="-104.8622920">
    <ele>1768.3</ele>
    <time>2023-04-26T19:01:40Z</time>
   </trkpt>
   <trkpt lat="39.5629640" lon="-104.8623000">
    <ele>1768.3</ele>
    <time>2023-04-26T19:01:41Z</time>
   </trkpt>
   <trkpt lat="39.5629720" lon="-104.8623070">
    <ele>1768.2</ele>
    <time>2023-04-26T19:01:42Z</time>
   </trkpt>
   <trkpt lat="39.5629840" lon="-104.8623280">
    <ele>1768.2</ele>
    <time>2023-04-26T19:01:43Z</time>
   </trkpt>
   <trkpt lat="39.5629900" lon="-104.8623380">
    <ele>1768.2</ele>
    <time>2023-04-26T19:01:44Z</time>
   </trkpt>
   <trkpt lat="39.5629960" lon="-104.8623480">
    <ele>1768.2</ele>
    <time>2023-04-26T19:01:45Z</time>
   </trkpt>
   <trkpt lat="39.5630140" lon="-104.8623640">
    <ele>1768.2</ele>
    <time>2023-04-26T19:01:46Z</time>
   </trkpt>
   <trkpt lat="39.5630220" lon="-104.8623690">
    <ele>1768.2</ele>
    <time>2023-04-26T19:01:47Z</time>
   </trkpt>
   <trkpt lat="39.5630300" lon="-104.8623750">
    <ele>1768.1</ele>
    <time>2023-04-26T19:01:48Z</time>
   </trkpt>
   <trkpt lat="39.5630490" lon="-104.8623870">
    <ele>1768.1</ele>
    <time>2023-04-26T19:01:49Z</time>
   </trkpt>
   <trkpt lat="39.5630570" lon="-104.8623930">
    <ele>1768.1</ele>
    <time>2023-04-26T19:01:50Z</time>
   </trkpt>
   <trkpt lat="39.5630640" lon="-104.8623980">
    <ele>1768.1</ele>
    <time>2023-04-26T19:01:51Z</time>
   </trkpt>
   <trkpt lat="39.5630840" lon="-104.8624090">
    <ele>1768.1</ele>
    <time>2023-04-26T19:01:52Z</time>
   </trkpt>
   <trkpt lat="39.5630920" lon="-104.8624130">
    <ele>1768.1</ele>
    <time>2023-04-26T19:01:53Z</time>
   </trkpt>
   <trkpt lat="39.5631000" lon="-104.8624160">
    <ele>1768.0</ele>
    <time>2023-04-26T19:01:54Z</time>
   </trkpt>
   <trkpt lat="39.5631210" lon="-104.8624240">
    <ele>1768.0</ele>
    <time>2023-04-26T19:01:55Z</time>
   </trkpt>
   <trkpt lat="39.5631300" lon="-104.8624270">
    <ele>1768.0</ele>
    <time>2023-04-26T19:01:56Z</time>
   </trkpt>
   <trkpt lat="39.5631380" lon="-104.8624290">
    <ele>1768.0</ele>
    <time>2023-04-26T19:01:57Z</time>
   </trkpt>
   <trkpt lat="39.5631600" lon="-104.8624320">
    <ele>1767.9</ele>
    <time>2023-04-26T19:01:58Z</time>
   </trkpt>
   <trkpt lat="39.5631690" lon="-104.8624310">
    <ele>1767.9</ele>
    <time>2023-04-26T19:01:59Z</time>
   </trkpt>
   <trkpt lat="39.5631780" lon="-104.8624300">
    <ele>1767.9</ele>
    <time>2023-04-26T19:02:00Z</time>
   </trkpt>
   <trkpt lat="39.5631890" lon="-104.8624320">
    <ele>1767.8</ele>
    <time>2023-04-26T19:02:01Z</time>
   </trkpt>
   <trkpt lat="39.5632010" lon="-104.8624330">
    <ele>1767.8</ele>
    <time>2023-04-26T19:02:02Z</time>
   </trkpt>
   <trkpt lat="39.5632110" lon="-104.8624380">
    <ele>1767.8</ele>
    <time>2023-04-26T19:02:03Z</time>
   </trkpt>
   <trkpt lat="39.5632250" lon="-104.8624430">
    <ele>1767.7</ele>
    <time>2023-04-26T19:02:04Z</time>
   </trkpt>
   <trkpt lat="39.5632330" lon="-104.8624460">
    <ele>1767.7</ele>
    <time>2023-04-26T19:02:05Z</time>
   </trkpt>
   <trkpt lat="39.5632440" lon="-104.8624500">
    <ele>1767.7</ele>
    <time>2023-04-26T19:02:06Z</time>
   </trkpt>
   <trkpt lat="39.5632530" lon="-104.8624540">
    <ele>1767.6</ele>
    <time>2023-04-26T19:02:07Z</time>
   </trkpt>
   <trkpt lat="39.5632640" lon="-104.8624580">
    <ele>1767.6</ele>
    <time>2023-04-26T19:02:08Z</time>
   </trkpt>
   <trkpt lat="39.5632770" lon="-104.8624620">
    <ele>1767.6</ele>
    <time>2023-04-26T19:02:09Z</time>
   </trkpt>
   <trkpt lat="39.5632870" lon="-104.8624650">
    <ele>1767.5</ele>
    <time>2023-04-26T19:02:10Z</time>
   </trkpt>
   <trkpt lat="39.5632990" lon="-104.8624700">
    <ele>1767.5</ele>
    <time>2023-04-26T19:02:11Z</time>
   </trkpt>
   <trkpt lat="39.5633110" lon="-104.8624730">
    <ele>1767.4</ele>
    <time>2023-04-26T19:02:12Z</time>
   </trkpt>
   <trkpt lat="39.5633220" lon="-104.8624730">
    <ele>1767.4</ele>
    <time>2023-04-26T19:02:13Z</time>
   </trkpt>
   <trkpt lat="39.5633320" lon="-104.8624710">
    <ele>1767.4</ele>
    <time>2023-04-26T19:02:14Z</time>
   </trkpt>
   <trkpt lat="39.5633420" lon="-104.8624740">
    <ele>1767.3</ele>
    <time>2023-04-26T19:02:15Z</time>
   </trkpt>
   <trkpt lat="39.5633530" lon="-104.8624780">
    <ele>1767.3</ele>
    <time>2023-04-26T19:02:16Z</time>
   </trkpt>
   <trkpt lat="39.5633590" lon="-104.8624790">
    <ele>1767.3</ele>
    <time>2023-04-26T19:02:17Z</time>
   </trkpt>
   <trkpt lat="39.5633710" lon="-104.8624790">
    <ele>1767.2</ele>
    <time>2023-04-26T19:02:18Z</time>
   </trkpt>
   <trkpt lat="39.5633710" lon="-104.8624790">
    <ele>1767.2</ele>
    <time>2023-04-26T19:02:19Z</time>
   </trkpt>
   <trkpt lat="39.5633700" lon="-104.8624790">
    <ele>1767.2</ele>
    <time>2023-04-26T19:02:20Z</time>
   </trkpt>
   <trkpt lat="39.5633720" lon="-104.8624800">
    <ele>1767.2</ele>
    <time>2023-04-26T19:02:21Z</time>
   </trkpt>
   <trkpt lat="39.5633750" lon="-104.8624820">
    <ele>1767.2</ele>
    <time>2023-04-26T19:02:22Z</time>
   </trkpt>
   <trkpt lat="39.5633760" lon="-104.8624840">
    <ele>1767.2</ele>
    <time>2023-04-26T19:02:23Z</time>
   </trkpt>
   <trkpt lat="39.5633760" lon="-104.8624840">
    <ele>1767.2</ele>
    <time>2023-04-26T19:02:24Z</time>
   </trkpt>
   <trkpt lat="39.5633770" lon="-104.8624860">
    <ele>1767.2</ele>
    <time>2023-04-26T19:02:25Z</time>
   </trkpt>
   <trkpt lat="39.5633790" lon="-104.8624870">
    <ele>1767.2</ele>
    <time>2023-04-26T19:02:26Z</time>
   </trkpt>
   <trkpt lat="39.5633800" lon="-104.8624870">
    <ele>1767.2</ele>
    <time>2023-04-26T19:02:27Z</time>
   </trkpt>
   <trkpt lat="39.5633830" lon="-104.8624870">
    <ele>1767.2</ele>
    <time>2023-04-26T19:02:28Z</time>
   </trkpt>
   <trkpt lat="39.5633940" lon="-104.8624890">
    <ele>1767.1</ele>
    <time>2023-04-26T19:02:29Z</time>
   </trkpt>
   <trkpt lat="39.5634050" lon="-104.8624880">
    <ele>1767.1</ele>
    <time>2023-04-26T19:02:30Z</time>
   </trkpt>
   <trkpt lat="39.5634160" lon="-104.8624880">
    <ele>1767.1</ele>
    <time>2023-04-26T19:02:31Z</time>
   </trkpt>
   <trkpt lat="39.5634260" lon="-104.8624860">
    <ele>1767.0</ele>
    <time>2023-04-26T19:02:32Z</time>
   </trkpt>
   <trkpt lat="39.5634380" lon="-104.8624870">
    <ele>1767.0</ele>
    <time>2023-04-26T19:02:33Z</time>
   </trkpt>
   <trkpt lat="39.5634490" lon="-104.8624880">
    <ele>1766.9</ele>
    <time>2023-04-26T19:02:34Z</time>
   </trkpt>
   <trkpt lat="39.5634590" lon="-104.8624890">
    <ele>1766.9</ele>
    <time>2023-04-26T19:02:35Z</time>
   </trkpt>
   <trkpt lat="39.5634710" lon="-104.8624910">
    <ele>1766.9</ele>
    <time>2023-04-26T19:02:36Z</time>
   </trkpt>
   <trkpt lat="39.5634930" lon="-104.8624910">
    <ele>1766.8</ele>
    <time>2023-04-26T19:02:37Z</time>
   </trkpt>
   <trkpt lat="39.5635010" lon="-104.8624890">
    <ele>1766.8</ele>
    <time>2023-04-26T19:02:38Z</time>
   </trkpt>
   <trkpt lat="39.5635080" lon="-104.8624870">
    <ele>1766.8</ele>
    <time>2023-04-26T19:02:39Z</time>
   </trkpt>
   <trkpt lat="39.5635230" lon="-104.8624840">
    <ele>1766.7</ele>
    <time>2023-04-26T19:02:40Z</time>
   </trkpt>
   <trkpt lat="39.5635360" lon="-104.8624820">
    <ele>1766.7</ele>
    <time>2023-04-26T19:02:41Z</time>
   </trkpt>
   <trkpt lat="39.5635460" lon="-104.8624750">
    <ele>1766.7</ele>
    <time>2023-04-26T19:02:42Z</time>
   </trkpt>
   <trkpt lat="39.5635630" lon="-104.8624720">
    <ele>1766.6</ele>
    <time>2023-04-26T19:02:43Z</time>
   </trkpt>
   <trkpt lat="39.5635830" lon="-104.8624690">
    <ele>1766.6</ele>
    <time>2023-04-26T19:02:44Z</time>
   </trkpt>
   <trkpt lat="39.5635920" lon="-104.8624680">
    <ele>1766.6</ele>
    <time>2023-04-26T19:02:45Z</time>
   </trkpt>
   <trkpt lat="39.5636000" lon="-104.8624670">
    <ele>1766.6</ele>
    <time>2023-04-26T19:02:46Z</time>
   </trkpt>
   <trkpt lat="39.5636170" lon="-104.8624660">
    <ele>1766.5</ele>
    <time>2023-04-26T19:02:47Z</time>
   </trkpt>
   <trkpt lat="39.5636290" lon="-104.8624630">
    <ele>1766.5</ele>
    <time>2023-04-26T19:02:48Z</time>
   </trkpt>
   <trkpt lat="39.5636440" lon="-104.8624590">
    <ele>1766.5</ele>
    <time>2023-04-26T19:02:49Z</time>
   </trkpt>
   <trkpt lat="39.5636570" lon="-104.8624570">
    <ele>1766.5</ele>
    <time>2023-04-26T19:02:50Z</time>
   </trkpt>
   <trkpt lat="39.5636730" lon="-104.8624530">
    <ele>1766.5</ele>
    <time>2023-04-26T19:02:51Z</time>
   </trkpt>
   <trkpt lat="39.5636850" lon="-104.8624500">
    <ele>1766.5</ele>
    <time>2023-04-26T19:02:52Z</time>
   </trkpt>
   <trkpt lat="39.5637000" lon="-104.8624480">
    <ele>1766.4</ele>
    <time>2023-04-26T19:02:53Z</time>
   </trkpt>
   <trkpt lat="39.5637140" lon="-104.8624430">
    <ele>1766.4</ele>
    <time>2023-04-26T19:02:54Z</time>
   </trkpt>
   <trkpt lat="39.5637260" lon="-104.8624350">
    <ele>1766.4</ele>
    <time>2023-04-26T19:02:55Z</time>
   </trkpt>
   <trkpt lat="39.5637400" lon="-104.8624300">
    <ele>1766.4</ele>
    <time>2023-04-26T19:02:56Z</time>
   </trkpt>
   <trkpt lat="39.5637530" lon="-104.8624240">
    <ele>1766.4</ele>
    <time>2023-04-26T19:02:57Z</time>
   </trkpt>
   <trkpt lat="39.5637670" lon="-104.8624220">
    <ele>1766.4</ele>
    <time>2023-04-26T19:02:58Z</time>
   </trkpt>
   <trkpt lat="39.5637800" lon="-104.8624180">
    <ele>1766.4</ele>
    <time>2023-04-26T19:02:59Z</time>
   </trkpt>
   <trkpt lat="39.5637930" lon="-104.8624120">
    <ele>1766.4</ele>
    <time>2023-04-26T19:03:00Z</time>
   </trkpt>
   <trkpt lat="39.5638070" lon="-104.8624060">
    <ele>1766.4</ele>
    <time>2023-04-26T19:03:01Z</time>
   </trkpt>
   <trkpt lat="39.5638210" lon="-104.8624020">
    <ele>1766.3</ele>
    <time>2023-04-26T19:03:02Z</time>
   </trkpt>
   <trkpt lat="39.5638350" lon="-104.8623970">
    <ele>1766.3</ele>
    <time>2023-04-26T19:03:03Z</time>
   </trkpt>
   <trkpt lat="39.5638490" lon="-104.8623910">
    <ele>1766.3</ele>
    <time>2023-04-26T19:03:04Z</time>
   </trkpt>
   <trkpt lat="39.5638620" lon="-104.8623810">
    <ele>1766.3</ele>
    <time>2023-04-26T19:03:05Z</time>
   </trkpt>
   <trkpt lat="39.5638750" lon="-104.8623690">
    <ele>1766.3</ele>
    <time>2023-04-26T19:03:06Z</time>
   </trkpt>
   <trkpt lat="39.5638830" lon="-104.8623540">
    <ele>1766.3</ele>
    <time>2023-04-26T19:03:07Z</time>
   </trkpt>
   <trkpt lat="39.5638890" lon="-104.8623360">
    <ele>1766.3</ele>
    <time>2023-04-26T19:03:08Z</time>
   </trkpt>
   <trkpt lat="39.5638970" lon="-104.8623210">
    <ele>1766.3</ele>
    <time>2023-04-26T19:03:09Z</time>
   </trkpt>
   <trkpt lat="39.5639030" lon="-104.8623040">
    <ele>1766.3</ele>
    <time>2023-04-26T19:03:10Z</time>
   </trkpt>
   <trkpt lat="39.5639140" lon="-104.8622790">
    <ele>1766.3</ele>
    <time>2023-04-26T19:03:11Z</time>
   </trkpt>
   <trkpt lat="39.5639190" lon="-104.8622700">
    <ele>1766.2</ele>
    <time>2023-04-26T19:03:12Z</time>
   </trkpt>
   <trkpt lat="39.5639240" lon="-104.8622610">
    <ele>1766.1</ele>
    <time>2023-04-26T19:03:13Z</time>
   </trkpt>
   <trkpt lat="39.5639330" lon="-104.8622480">
    <ele>1766.1</ele>
    <time>2023-04-26T19:03:14Z</time>
   </trkpt>
   <trkpt lat="39.5639400" lon="-104.8622320">
    <ele>1766.1</ele>
    <time>2023-04-26T19:03:15Z</time>
   </trkpt>
   <trkpt lat="39.5639450" lon="-104.8622150">
    <ele>1766.1</ele>
    <time>2023-04-26T19:03:16Z</time>
   </trkpt>
   <trkpt lat="39.5639470" lon="-104.8621980">
    <ele>1766.1</ele>
    <time>2023-04-26T19:03:17Z</time>
   </trkpt>
   <trkpt lat="39.5639590" lon="-104.8621770">
    <ele>1766.1</ele>
    <time>2023-04-26T19:03:18Z</time>
   </trkpt>
   <trkpt lat="39.5639660" lon="-104.8621700">
    <ele>1766.0</ele>
    <time>2023-04-26T19:03:19Z</time>
   </trkpt>
   <trkpt lat="39.5639720" lon="-104.8621640">
    <ele>1766.0</ele>
    <time>2023-04-26T19:03:20Z</time>
   </trkpt>
   <trkpt lat="39.5639700" lon="-104.8621730">
    <ele>1766.0</ele>
    <time>2023-04-26T19:03:21Z</time>
   </trkpt>
   <trkpt lat="39.5639690" lon="-104.8621740">
    <ele>1766.0</ele>
    <time>2023-04-26T19:03:22Z</time>
   </trkpt>
   <trkpt lat="39.5639690" lon="-104.8621760">
    <ele>1766.0</ele>
    <time>2023-04-26T19:03:23Z</time>
   </trkpt>
   <trkpt lat="39.5639690" lon="-104.8621750">
    <ele>1766.0</ele>
    <time>2023-04-26T19:03:24Z</time>
   </trkpt>
   <trkpt lat="39.5639690" lon="-104.8621750">
    <ele>1766.0</ele>
    <time>2023-04-26T19:03:25Z</time>
   </trkpt>
   <trkpt lat="39.5639700" lon="-104.8621770">
    <ele>1766.0</ele>
    <time>2023-04-26T19:03:26Z</time>
   </trkpt>
   <trkpt lat="39.5639700" lon="-104.8621770">
    <ele>1766.0</ele>
    <time>2023-04-26T19:03:27Z</time>
   </trkpt>
   <trkpt lat="39.5639700" lon="-104.8621770">
    <ele>1766.0</ele>
    <time>2023-04-26T19:03:28Z</time>
   </trkpt>
   <trkpt lat="39.5639710" lon="-104.8621770">
    <ele>1766.0</ele>
    <time>2023-04-26T19:03:29Z</time>
   </trkpt>
   <trkpt lat="39.5639700" lon="-104.8621770">
    <ele>1766.0</ele>
    <time>2023-04-26T19:03:30Z</time>
   </trkpt>
   <trkpt lat="39.5639700" lon="-104.8621760">
    <ele>1766.0</ele>
    <time>2023-04-26T19:03:31Z</time>
   </trkpt>
   <trkpt lat="39.5639700" lon="-104.8621760">
    <ele>1766.0</ele>
    <time>2023-04-26T19:03:32Z</time>
   </trkpt>
   <trkpt lat="39.5639710" lon="-104.8621730">
    <ele>1766.0</ele>
    <time>2023-04-26T19:03:33Z</time>
   </trkpt>
   <trkpt lat="39.5639750" lon="-104.8621630">
    <ele>1766.0</ele>
    <time>2023-04-26T19:03:34Z</time>
   </trkpt>
   <trkpt lat="39.5639820" lon="-104.8621560">
    <ele>1766.0</ele>
    <time>2023-04-26T19:03:35Z</time>
   </trkpt>
   <trkpt lat="39.5639870" lon="-104.8621480">
    <ele>1766.0</ele>
    <time>2023-04-26T19:03:36Z</time>
   </trkpt>
   <trkpt lat="39.5639950" lon="-104.8621410">
    <ele>1766.0</ele>
    <time>2023-04-26T19:03:37Z</time>
   </trkpt>
   <trkpt lat="39.5640030" lon="-104.8621340">
    <ele>1766.0</ele>
    <time>2023-04-26T19:03:38Z</time>
   </trkpt>
   <trkpt lat="39.5640180" lon="-104.8621200">
    <ele>1765.9</ele>
    <time>2023-04-26T19:03:39Z</time>
   </trkpt>
   <trkpt lat="39.5640260" lon="-104.8621160">
    <ele>1765.9</ele>
    <time>2023-04-26T19:03:40Z</time>
   </trkpt>
   <trkpt lat="39.5640370" lon="-104.8621060">
    <ele>1765.9</ele>
    <time>2023-04-26T19:03:41Z</time>
   </trkpt>
   <trkpt lat="39.5640420" lon="-104.8620940">
    <ele>1765.9</ele>
    <time>2023-04-26T19:03:42Z</time>
   </trkpt>
   <trkpt lat="39.5640550" lon="-104.8620720">
    <ele>1765.9</ele>
    <time>2023-04-26T19:03:43Z</time>
   </trkpt>
   <trkpt lat="39.5640620" lon="-104.8620650">
    <ele>1765.9</ele>
    <time>2023-04-26T19:03:44Z</time>
   </trkpt>
   <trkpt lat="39.5640680" lon="-104.8620570">
    <ele>1765.9</ele>
    <time>2023-04-26T19:03:45Z</time>
   </trkpt>
   <trkpt lat="39.5640760" lon="-104.8620490">
    <ele>1765.8</ele>
    <time>2023-04-26T19:03:46Z</time>
   </trkpt>
   <trkpt lat="39.5640820" lon="-104.8620380">
    <ele>1765.8</ele>
    <time>2023-04-26T19:03:47Z</time>
   </trkpt>
   <trkpt lat="39.5640900" lon="-104.8620310">
    <ele>1765.8</ele>
    <time>2023-04-26T19:03:48Z</time>
   </trkpt>
   <trkpt lat="39.5641070" lon="-104.8620130">
    <ele>1765.8</ele>
    <time>2023-04-26T19:03:49Z</time>
   </trkpt>
   <trkpt lat="39.5641110" lon="-104.8620040">
    <ele>1765.8</ele>
    <time>2023-04-26T19:03:50Z</time>
   </trkpt>
   <trkpt lat="39.5641160" lon="-104.8619960">
    <ele>1765.8</ele>
    <time>2023-04-26T19:03:51Z</time>
   </trkpt>
   <trkpt lat="39.5641200" lon="-104.8619860">
    <ele>1765.8</ele>
    <time>2023-04-26T19:03:52Z</time>
   </trkpt>
   <trkpt lat="39.5641300" lon="-104.8619720">
    <ele>1765.8</ele>
    <time>2023-04-26T19:03:53Z</time>
   </trkpt>
   <trkpt lat="39.5641380" lon="-104.8619620">
    <ele>1765.8</ele>
    <time>2023-04-26T19:03:54Z</time>
   </trkpt>
   <trkpt lat="39.5641520" lon="-104.8619420">
    <ele>1765.7</ele>
    <time>2023-04-26T19:03:55Z</time>
   </trkpt>
   <trkpt lat="39.5641570" lon="-104.8619330">
    <ele>1765.7</ele>
    <time>2023-04-26T19:03:56Z</time>
   </trkpt>
   <trkpt lat="39.5641610" lon="-104.8619250">
    <ele>1765.7</ele>
    <time>2023-04-26T19:03:57Z</time>
   </trkpt>
   <trkpt lat="39.5641670" lon="-104.8619140">
    <ele>1765.7</ele>
    <time>2023-04-26T19:03:58Z</time>
   </trkpt>
   <trkpt lat="39.5641740" lon="-104.8619070">
    <ele>1765.7</ele>
    <time>2023-04-26T19:03:59Z</time>
   </trkpt>
   <trkpt lat="39.5641800" lon="-104.8618950">
    <ele>1765.7</ele>
    <time>2023-04-26T19:04:00Z</time>
   </trkpt>
   <trkpt lat="39.5641840" lon="-104.8618830">
    <ele>1765.7</ele>
    <time>2023-04-26T19:04:01Z</time>
   </trkpt>
   <trkpt lat="39.5641910" lon="-104.8618670">
    <ele>1765.7</ele>
    <time>2023-04-26T19:04:02Z</time>
   </trkpt>
   <trkpt lat="39.5641970" lon="-104.8618540">
    <ele>1765.7</ele>
    <time>2023-04-26T19:04:03Z</time>
   </trkpt>
   <trkpt lat="39.5641980" lon="-104.8618420">
    <ele>1765.6</ele>
    <time>2023-04-26T19:04:04Z</time>
   </trkpt>
   <trkpt lat="39.5642020" lon="-104.8618330">
    <ele>1765.6</ele>
    <time>2023-04-26T19:04:05Z</time>
   </trkpt>
   <trkpt lat="39.5642100" lon="-104.8618190">
    <ele>1765.6</ele>
    <time>2023-04-26T19:04:06Z</time>
   </trkpt>
   <trkpt lat="39.5642130" lon="-104.8618050">
    <ele>1765.6</ele>
    <time>2023-04-26T19:04:07Z</time>
   </trkpt>
   <trkpt lat="39.5642170" lon="-104.8618010">
    <ele>1765.6</ele>
    <time>2023-04-26T19:04:08Z</time>
   </trkpt>
   <trkpt lat="39.5642170" lon="-104.8618050">
    <ele>1765.6</ele>
    <time>2023-04-26T19:04:09Z</time>
   </trkpt>
   <trkpt lat="39.5642180" lon="-104.8618040">
    <ele>1765.6</ele>
    <time>2023-04-26T19:04:10Z</time>
   </trkpt>
   <trkpt lat="39.5642180" lon="-104.8618050">
    <ele>1765.6</ele>
    <time>2023-04-26T19:04:11Z</time>
   </trkpt>
   <trkpt lat="39.5642180" lon="-104.8618050">
    <ele>1765.6</ele>
    <time>2023-04-26T19:04:12Z</time>
   </trkpt>
   <trkpt lat="39.5642180" lon="-104.8618050">
    <ele>1765.6</ele>
    <time>2023-04-26T19:04:13Z</time>
   </trkpt>
   <trkpt lat="39.5642180" lon="-104.8618050">
    <ele>1765.6</ele>
    <time>2023-04-26T19:04:14Z</time>
   </trkpt>
   <trkpt lat="39.5642180" lon="-104.8618050">
    <ele>1765.6</ele>
    <time>2023-04-26T19:04:15Z</time>
   </trkpt>
   <trkpt lat="39.5642180" lon="-104.8618050">
    <ele>1765.6</ele>
    <time>2023-04-26T19:04:16Z</time>
   </trkpt>
   <trkpt lat="39.5642180" lon="-104.8618050">
    <ele>1765.6</ele>
    <time>2023-04-26T19:04:17Z</time>
   </trkpt>
   <trkpt lat="39.5642180" lon="-104.8618050">
    <ele>1765.6</ele>
    <time>2023-04-26T19:04:18Z</time>
   </trkpt>
   <trkpt lat="39.5642180" lon="-104.8618050">
    <ele>1765.6</ele>
    <time>2023-04-26T19:04:19Z</time>
   </trkpt>
   <trkpt lat="39.5642180" lon="-104.8618050">
    <ele>1765.6</ele>
    <time>2023-04-26T19:04:20Z</time>
   </trkpt>
   <trkpt lat="39.5642180" lon="-104.8618050">
    <ele>1765.6</ele>
    <time>2023-04-26T19:04:21Z</time>
   </trkpt>
   <trkpt lat="39.5642170" lon="-104.8618060">
    <ele>1765.6</ele>
    <time>2023-04-26T19:04:22Z</time>
   </trkpt>
   <trkpt lat="39.5642170" lon="-104.8618050">
    <ele>1765.6</ele>
    <time>2023-04-26T19:04:23Z</time>
   </trkpt>
   <trkpt lat="39.5642170" lon="-104.8618050">
    <ele>1765.6</ele>
    <time>2023-04-26T19:04:24Z</time>
   </trkpt>
   <trkpt lat="39.5642180" lon="-104.8618010">
    <ele>1765.6</ele>
    <time>2023-04-26T19:04:25Z</time>
   </trkpt>
   <trkpt lat="39.5642220" lon="-104.8617890">
    <ele>1765.6</ele>
    <time>2023-04-26T19:04:26Z</time>
   </trkpt>
   <trkpt lat="39.5642230" lon="-104.8617790">
    <ele>1765.6</ele>
    <time>2023-04-26T19:04:27Z</time>
   </trkpt>
   <trkpt lat="39.5642290" lon="-104.8617680">
    <ele>1765.6</ele>
    <time>2023-04-26T19:04:28Z</time>
   </trkpt>
   <trkpt lat="39.5642300" lon="-104.8617640">
    <ele>1765.6</ele>
    <time>2023-04-26T19:04:29Z</time>
   </trkpt>
   <trkpt lat="39.5642330" lon="-104.8617560">
    <ele>1765.6</ele>
    <time>2023-04-26T19:04:30Z</time>
   </trkpt>
   <trkpt lat="39.5642340" lon="-104.8617610">
    <ele>1765.6</ele>
    <time>2023-04-26T19:04:31Z</time>
   </trkpt>
   <trkpt lat="39.5642400" lon="-104.8617490">
    <ele>1765.6</ele>
    <time>2023-04-26T19:04:32Z</time>
   </trkpt>
   <trkpt lat="39.5642430" lon="-104.8617390">
    <ele>1765.6</ele>
    <time>2023-04-26T19:04:33Z</time>
   </trkpt>
   <trkpt lat="39.5642460" lon="-104.8617310">
    <ele>1765.6</ele>
    <time>2023-04-26T19:04:34Z</time>
   </trkpt>
   <trkpt lat="39.5642450" lon="-104.8617340">
    <ele>1765.6</ele>
    <time>2023-04-26T19:04:35Z</time>
   </trkpt>
   <trkpt lat="39.5642450" lon="-104.8617340">
    <ele>1765.6</ele>
    <time>2023-04-26T19:04:36Z</time>
   </trkpt>
   <trkpt lat="39.5642460" lon="-104.8617320">
    <ele>1765.6</ele>
    <time>2023-04-26T19:04:37Z</time>
   </trkpt>
   <trkpt lat="39.5642450" lon="-104.8617330">
    <ele>1765.6</ele>
    <time>2023-04-26T19:04:38Z</time>
   </trkpt>
   <trkpt lat="39.5642450" lon="-104.8617330">
    <ele>1765.6</ele>
    <time>2023-04-26T19:04:40Z</time>
   </trkpt>
   <trkpt lat="39.5642460" lon="-104.8617290">
    <ele>1765.6</ele>
    <time>2023-04-26T19:04:41Z</time>
   </trkpt>
   <trkpt lat="39.5642460" lon="-104.8617270">
    <ele>1765.6</ele>
    <time>2023-04-26T19:04:42Z</time>
   </trkpt>
   <trkpt lat="39.5642460" lon="-104.8617260">
    <ele>1765.6</ele>
    <time>2023-04-26T19:04:43Z</time>
   </trkpt>
   <trkpt lat="39.5642460" lon="-104.8617250">
    <ele>1765.6</ele>
    <time>2023-04-26T19:04:44Z</time>
   </trkpt>
   <trkpt lat="39.5642450" lon="-104.8617240">
    <ele>1765.6</ele>
    <time>2023-04-26T19:04:45Z</time>
   </trkpt>
   <trkpt lat="39.5642450" lon="-104.8617240">
    <ele>1765.6</ele>
    <time>2023-04-26T19:04:46Z</time>
   </trkpt>
   <trkpt lat="39.5642450" lon="-104.8617220">
    <ele>1765.6</ele>
    <time>2023-04-26T19:04:47Z</time>
   </trkpt>
   <trkpt lat="39.5642450" lon="-104.8617210">
    <ele>1765.6</ele>
    <time>2023-04-26T19:04:48Z</time>
   </trkpt>
   <trkpt lat="39.5642450" lon="-104.8617200">
    <ele>1765.6</ele>
    <time>2023-04-26T19:04:49Z</time>
   </trkpt>
   <trkpt lat="39.5642450" lon="-104.8617200">
    <ele>1765.6</ele>
    <time>2023-04-26T19:04:50Z</time>
   </trkpt>
   <trkpt lat="39.5642450" lon="-104.8617200">
    <ele>1765.6</ele>
    <time>2023-04-26T19:04:51Z</time>
   </trkpt>
   <trkpt lat="39.5642450" lon="-104.8617200">
    <ele>1765.6</ele>
    <time>2023-04-26T19:04:52Z</time>
   </trkpt>
   <trkpt lat="39.5642450" lon="-104.8617200">
    <ele>1765.6</ele>
    <time>2023-04-26T19:04:53Z</time>
   </trkpt>
   <trkpt lat="39.5642450" lon="-104.8617150">
    <ele>1765.6</ele>
    <time>2023-04-26T19:04:54Z</time>
   </trkpt>
   <trkpt lat="39.5642490" lon="-104.8616910">
    <ele>1765.5</ele>
    <time>2023-04-26T19:04:55Z</time>
   </trkpt>
   <trkpt lat="39.5642510" lon="-104.8616830">
    <ele>1765.5</ele>
    <time>2023-04-26T19:04:56Z</time>
   </trkpt>
   <trkpt lat="39.5642530" lon="-104.8616760">
    <ele>1765.5</ele>
    <time>2023-04-26T19:04:57Z</time>
   </trkpt>
   <trkpt lat="39.5642550" lon="-104.8616680">
    <ele>1765.5</ele>
    <time>2023-04-26T19:04:58Z</time>
   </trkpt>
   <trkpt lat="39.5642580" lon="-104.8616550">
    <ele>1765.5</ele>
    <time>2023-04-26T19:04:59Z</time>
   </trkpt>
   <trkpt lat="39.5642610" lon="-104.8616390">
    <ele>1765.5</ele>
    <time>2023-04-26T19:05:00Z</time>
   </trkpt>
   <trkpt lat="39.5642640" lon="-104.8616290">
    <ele>1765.5</ele>
    <time>2023-04-26T19:05:01Z</time>
   </trkpt>
   <trkpt lat="39.5642690" lon="-104.8616080">
    <ele>1765.5</ele>
    <time>2023-04-26T19:05:02Z</time>
   </trkpt>
   <trkpt lat="39.5642720" lon="-104.8615950">
    <ele>1765.5</ele>
    <time>2023-04-26T19:05:03Z</time>
   </trkpt>
   <trkpt lat="39.5642750" lon="-104.8615860">
    <ele>1765.5</ele>
    <time>2023-04-26T19:05:04Z</time>
   </trkpt>
   <trkpt lat="39.5642800" lon="-104.8615730">
    <ele>1765.5</ele>
    <time>2023-04-26T19:05:05Z</time>
   </trkpt>
   <trkpt lat="39.5642850" lon="-104.8615550">
    <ele>1765.5</ele>
    <time>2023-04-26T19:05:06Z</time>
   </trkpt>
   <trkpt lat="39.5642900" lon="-104.8615330">
    <ele>1765.5</ele>
    <time>2023-04-26T19:05:07Z</time>
   </trkpt>
   <trkpt lat="39.5642910" lon="-104.8615250">
    <ele>1765.5</ele>
    <time>2023-04-26T19:05:08Z</time>
   </trkpt>
   <trkpt lat="39.5642920" lon="-104.8615160">
    <ele>1765.5</ele>
    <time>2023-04-26T19:05:09Z</time>
   </trkpt>
   <trkpt lat="39.5642930" lon="-104.8615080">
    <ele>1765.5</ele>
    <time>2023-04-26T19:05:10Z</time>
   </trkpt>
   <trkpt lat="39.5642960" lon="-104.8614940">
    <ele>1765.5</ele>
    <time>2023-04-26T19:05:11Z</time>
   </trkpt>
   <trkpt lat="39.5642960" lon="-104.8614770">
    <ele>1765.5</ele>
    <time>2023-04-26T19:05:12Z</time>
   </trkpt>
   <trkpt lat="39.5642960" lon="-104.8614640">
    <ele>1765.4</ele>
    <time>2023-04-26T19:05:13Z</time>
   </trkpt>
   <trkpt lat="39.5642960" lon="-104.8614470">
    <ele>1765.4</ele>
    <time>2023-04-26T19:05:14Z</time>
   </trkpt>
   <trkpt lat="39.5642970" lon="-104.8614330">
    <ele>1765.4</ele>
    <time>2023-04-26T19:05:15Z</time>
   </trkpt>
   <trkpt lat="39.5642980" lon="-104.8614220">
    <ele>1765.4</ele>
    <time>2023-04-26T19:05:16Z</time>
   </trkpt>
   <trkpt lat="39.5642980" lon="-104.8614100">
    <ele>1765.4</ele>
    <time>2023-04-26T19:05:17Z</time>
   </trkpt>
   <trkpt lat="39.5642970" lon="-104.8613920">
    <ele>1765.4</ele>
    <time>2023-04-26T19:05:18Z</time>
   </trkpt>
   <trkpt lat="39.5642940" lon="-104.8613780">
    <ele>1765.4</ele>
    <time>2023-04-26T19:05:19Z</time>
   </trkpt>
   <trkpt lat="39.5642930" lon="-104.8613640">
    <ele>1765.4</ele>
    <time>2023-04-26T19:05:20Z</time>
   </trkpt>
   <trkpt lat="39.5642920" lon="-104.8613520">
    <ele>1765.4</ele>
    <time>2023-04-26T19:05:21Z</time>
   </trkpt>
   <trkpt lat="39.5642910" lon="-104.8613370">
    <ele>1765.4</ele>
    <time>2023-04-26T19:05:22Z</time>
   </trkpt>
   <trkpt lat="39.5642900" lon="-104.8613210">
    <ele>1765.4</ele>
    <time>2023-04-26T19:05:23Z</time>
   </trkpt>
   <trkpt lat="39.5642900" lon="-104.8613070">
    <ele>1765.4</ele>
    <time>2023-04-26T19:05:24Z</time>
   </trkpt>
   <trkpt lat="39.5642890" lon="-104.8612930">
    <ele>1765.4</ele>
    <time>2023-04-26T19:05:25Z</time>
   </trkpt>
   <trkpt lat="39.5642860" lon="-104.8612790">
    <ele>1765.4</ele>
    <time>2023-04-26T19:05:26Z</time>
   </trkpt>
   <trkpt lat="39.5642860" lon="-104.8612620">
    <ele>1765.4</ele>
    <time>2023-04-26T19:05:27Z</time>
   </trkpt>
   <trkpt lat="39.5642870" lon="-104.8612480">
    <ele>1765.4</ele>
    <time>2023-04-26T19:05:28Z</time>
   </trkpt>
   <trkpt lat="39.5642860" lon="-104.8612210">
    <ele>1765.4</ele>
    <time>2023-04-26T19:05:29Z</time>
   </trkpt>
   <trkpt lat="39.5642850" lon="-104.8612100">
    <ele>1765.4</ele>
    <time>2023-04-26T19:05:30Z</time>
   </trkpt>
   <trkpt lat="39.5642840" lon="-104.8611980">
    <ele>1765.4</ele>
    <time>2023-04-26T19:05:31Z</time>
   </trkpt>
   <trkpt lat="39.5642800" lon="-104.8611850">
    <ele>1765.4</ele>
    <time>2023-04-26T19:05:32Z</time>
   </trkpt>
   <trkpt lat="39.5642780" lon="-104.8611700">
    <ele>1765.4</ele>
    <time>2023-04-26T19:05:33Z</time>
   </trkpt>
   <trkpt lat="39.5642770" lon="-104.8611580">
    <ele>1765.4</ele>
    <time>2023-04-26T19:05:34Z</time>
   </trkpt>
   <trkpt lat="39.5642740" lon="-104.8611390">
    <ele>1765.4</ele>
    <time>2023-04-26T19:05:35Z</time>
   </trkpt>
   <trkpt lat="39.5642700" lon="-104.8611230">
    <ele>1765.4</ele>
    <time>2023-04-26T19:05:36Z</time>
   </trkpt>
   <trkpt lat="39.5642660" lon="-104.8611110">
    <ele>1765.4</ele>
    <time>2023-04-26T19:05:37Z</time>
   </trkpt>
   <trkpt lat="39.5642620" lon="-104.8611000">
    <ele>1765.4</ele>
    <time>2023-04-26T19:05:38Z</time>
   </trkpt>
   <trkpt lat="39.5642580" lon="-104.8610850">
    <ele>1765.4</ele>
    <time>2023-04-26T19:05:39Z</time>
   </trkpt>
   <trkpt lat="39.5642540" lon="-104.8610710">
    <ele>1765.4</ele>
    <time>2023-04-26T19:05:40Z</time>
   </trkpt>
   <trkpt lat="39.5642540" lon="-104.8610570">
    <ele>1765.3</ele>
    <time>2023-04-26T19:05:41Z</time>
   </trkpt>
   <trkpt lat="39.5642500" lon="-104.8610460">
    <ele>1765.3</ele>
    <time>2023-04-26T19:05:42Z</time>
   </trkpt>
   <trkpt lat="39.5642420" lon="-104.8610220">
    <ele>1765.3</ele>
    <time>2023-04-26T19:05:43Z</time>
   </trkpt>
   <trkpt lat="39.5642400" lon="-104.8610120">
    <ele>1765.3</ele>
    <time>2023-04-26T19:05:44Z</time>
   </trkpt>
   <trkpt lat="39.5642370" lon="-104.8610030">
    <ele>1765.3</ele>
    <time>2023-04-26T19:05:45Z</time>
   </trkpt>
   <trkpt lat="39.5642290" lon="-104.8609730">
    <ele>1765.3</ele>
    <time>2023-04-26T19:05:46Z</time>
   </trkpt>
   <trkpt lat="39.5642260" lon="-104.8609610">
    <ele>1765.3</ele>
    <time>2023-04-26T19:05:47Z</time>
   </trkpt>
   <trkpt lat="39.5642230" lon="-104.8609490">
    <ele>1765.3</ele>
    <time>2023-04-26T19:05:48Z</time>
   </trkpt>
   <trkpt lat="39.5642180" lon="-104.8609360">
    <ele>1765.3</ele>
    <time>2023-04-26T19:05:49Z</time>
   </trkpt>
   <trkpt lat="39.5642130" lon="-104.8609290">
    <ele>1765.3</ele>
    <time>2023-04-26T19:05:50Z</time>
   </trkpt>
   <trkpt lat="39.5642080" lon="-104.8609140">
    <ele>1765.3</ele>
    <time>2023-04-26T19:05:51Z</time>
   </trkpt>
   <trkpt lat="39.5642000" lon="-104.8608970">
    <ele>1765.3</ele>
    <time>2023-04-26T19:05:52Z</time>
   </trkpt>
   <trkpt lat="39.5641940" lon="-104.8608810">
    <ele>1765.3</ele>
    <time>2023-04-26T19:05:53Z</time>
   </trkpt>
   <trkpt lat="39.5641900" lon="-104.8608680">
    <ele>1765.3</ele>
    <time>2023-04-26T19:05:54Z</time>
   </trkpt>
   <trkpt lat="39.5641820" lon="-104.8608530">
    <ele>1765.3</ele>
    <time>2023-04-26T19:05:55Z</time>
   </trkpt>
   <trkpt lat="39.5641770" lon="-104.8608450">
    <ele>1765.3</ele>
    <time>2023-04-26T19:05:56Z</time>
   </trkpt>
   <trkpt lat="39.5641660" lon="-104.8608240">
    <ele>1765.3</ele>
    <time>2023-04-26T19:05:57Z</time>
   </trkpt>
   <trkpt lat="39.5641600" lon="-104.8608140">
    <ele>1765.3</ele>
    <time>2023-04-26T19:05:58Z</time>
   </trkpt>
   <trkpt lat="39.5641550" lon="-104.8608050">
    <ele>1765.3</ele>
    <time>2023-04-26T19:05:59Z</time>
   </trkpt>
   <trkpt lat="39.5641360" lon="-104.8607900">
    <ele>1765.3</ele>
    <time>2023-04-26T19:06:00Z</time>
   </trkpt>
   <trkpt lat="39.5641290" lon="-104.8607840">
    <ele>1765.3</ele>
    <time>2023-04-26T19:06:01Z</time>
   </trkpt>
   <trkpt lat="39.5641220" lon="-104.8607790">
    <ele>1765.4</ele>
    <time>2023-04-26T19:06:02Z</time>
   </trkpt>
   <trkpt lat="39.5641120" lon="-104.8607680">
    <ele>1765.4</ele>
    <time>2023-04-26T19:06:03Z</time>
   </trkpt>
   <trkpt lat="39.5640970" lon="-104.8607610">
    <ele>1765.4</ele>
    <time>2023-04-26T19:06:04Z</time>
   </trkpt>
   <trkpt lat="39.5640840" lon="-104.8607550">
    <ele>1765.4</ele>
    <time>2023-04-26T19:06:05Z</time>
   </trkpt>
   <trkpt lat="39.5640720" lon="-104.8607480">
    <ele>1765.4</ele>
    <time>2023-04-26T19:06:06Z</time>
   </trkpt>
   <trkpt lat="39.5640650" lon="-104.8607440">
    <ele>1765.4</ele>
    <time>2023-04-26T19:06:07Z</time>
   </trkpt>
   <trkpt lat="39.5640700" lon="-104.8607480">
    <ele>1765.4</ele>
    <time>2023-04-26T19:06:08Z</time>
   </trkpt>
   <trkpt lat="39.5640710" lon="-104.8607480">
    <ele>1765.4</ele>
    <time>2023-04-26T19:06:09Z</time>
   </trkpt>
   <trkpt lat="39.5640710" lon="-104.8607460">
    <ele>1765.4</ele>
    <time>2023-04-26T19:06:10Z</time>
   </trkpt>
   <trkpt lat="39.5640710" lon="-104.8607460">
    <ele>1765.4</ele>
    <time>2023-04-26T19:06:11Z</time>
   </trkpt>
   <trkpt lat="39.5640710" lon="-104.8607460">
    <ele>1765.4</ele>
    <time>2023-04-26T19:06:12Z</time>
   </trkpt>
   <trkpt lat="39.5640710" lon="-104.8607460">
    <ele>1765.4</ele>
    <time>2023-04-26T19:06:13Z</time>
   </trkpt>
   <trkpt lat="39.5640710" lon="-104.8607460">
    <ele>1765.4</ele>
    <time>2023-04-26T19:06:14Z</time>
   </trkpt>
   <trkpt lat="39.5640690" lon="-104.8607460">
    <ele>1765.4</ele>
    <time>2023-04-26T19:06:15Z</time>
   </trkpt>
   <trkpt lat="39.5640690" lon="-104.8607460">
    <ele>1765.4</ele>
    <time>2023-04-26T19:06:16Z</time>
   </trkpt>
   <trkpt lat="39.5640710" lon="-104.8607450">
    <ele>1765.4</ele>
    <time>2023-04-26T19:06:17Z</time>
   </trkpt>
   <trkpt lat="39.5640710" lon="-104.8607450">
    <ele>1765.4</ele>
    <time>2023-04-26T19:06:18Z</time>
   </trkpt>
   <trkpt lat="39.5640710" lon="-104.8607450">
    <ele>1765.4</ele>
    <time>2023-04-26T19:06:19Z</time>
   </trkpt>
   <trkpt lat="39.5640710" lon="-104.8607450">
    <ele>1765.4</ele>
    <time>2023-04-26T19:06:20Z</time>
   </trkpt>
   <trkpt lat="39.5640710" lon="-104.8607450">
    <ele>1765.4</ele>
    <time>2023-04-26T19:06:21Z</time>
   </trkpt>
   <trkpt lat="39.5640710" lon="-104.8607450">
    <ele>1765.4</ele>
    <time>2023-04-26T19:06:22Z</time>
   </trkpt>
   <trkpt lat="39.5640710" lon="-104.8607450">
    <ele>1765.4</ele>
    <time>2023-04-26T19:06:23Z</time>
   </trkpt>
   <trkpt lat="39.5640710" lon="-104.8607450">
    <ele>1765.4</ele>
    <time>2023-04-26T19:06:24Z</time>
   </trkpt>
   <trkpt lat="39.5640710" lon="-104.8607450">
    <ele>1765.4</ele>
    <time>2023-04-26T19:06:25Z</time>
   </trkpt>
   <trkpt lat="39.5640710" lon="-104.8607450">
    <ele>1765.4</ele>
    <time>2023-04-26T19:06:26Z</time>
   </trkpt>
   <trkpt lat="39.5640710" lon="-104.8607450">
    <ele>1765.4</ele>
    <time>2023-04-26T19:06:27Z</time>
   </trkpt>
   <trkpt lat="39.5640710" lon="-104.8607450">
    <ele>1765.4</ele>
    <time>2023-04-26T19:06:28Z</time>
   </trkpt>
   <trkpt lat="39.5640710" lon="-104.8607450">
    <ele>1765.4</ele>
    <time>2023-04-26T19:06:29Z</time>
   </trkpt>
   <trkpt lat="39.5640710" lon="-104.8607410">
    <ele>1765.4</ele>
    <time>2023-04-26T19:06:30Z</time>
   </trkpt>
   <trkpt lat="39.5640710" lon="-104.8607410">
    <ele>1765.4</ele>
    <time>2023-04-26T19:06:31Z</time>
   </trkpt>
   <trkpt lat="39.5640710" lon="-104.8607410">
    <ele>1765.4</ele>
    <time>2023-04-26T19:06:32Z</time>
   </trkpt>
   <trkpt lat="39.5640710" lon="-104.8607410">
    <ele>1765.4</ele>
    <time>2023-04-26T19:06:33Z</time>
   </trkpt>
   <trkpt lat="39.5640720" lon="-104.8607410">
    <ele>1765.4</ele>
    <time>2023-04-26T19:06:34Z</time>
   </trkpt>
   <trkpt lat="39.5640720" lon="-104.8607410">
    <ele>1765.4</ele>
    <time>2023-04-26T19:06:35Z</time>
   </trkpt>
   <trkpt lat="39.5640730" lon="-104.8607420">
    <ele>1765.4</ele>
    <time>2023-04-26T19:06:36Z</time>
   </trkpt>
   <trkpt lat="39.5640730" lon="-104.8607420">
    <ele>1765.4</ele>
    <time>2023-04-26T19:06:37Z</time>
   </trkpt>
   <trkpt lat="39.5640670" lon="-104.8607420">
    <ele>1765.4</ele>
    <time>2023-04-26T19:06:38Z</time>
   </trkpt>
   <trkpt lat="39.5640570" lon="-104.8607370">
    <ele>1765.4</ele>
    <time>2023-04-26T19:06:39Z</time>
   </trkpt>
   <trkpt lat="39.5640470" lon="-104.8607330">
    <ele>1765.4</ele>
    <time>2023-04-26T19:06:40Z</time>
   </trkpt>
   <trkpt lat="39.5640370" lon="-104.8607280">
    <ele>1765.4</ele>
    <time>2023-04-26T19:06:41Z</time>
   </trkpt>
   <trkpt lat="39.5640260" lon="-104.8607220">
    <ele>1765.5</ele>
    <time>2023-04-26T19:06:42Z</time>
   </trkpt>
   <trkpt lat="39.5640160" lon="-104.8607200">
    <ele>1765.5</ele>
    <time>2023-04-26T19:06:43Z</time>
   </trkpt>
   <trkpt lat="39.5640090" lon="-104.8607330">
    <ele>1765.5</ele>
    <time>2023-04-26T19:06:44Z</time>
   </trkpt>
   <trkpt lat="39.5640000" lon="-104.8607350">
    <ele>1765.5</ele>
    <time>2023-04-26T19:06:46Z</time>
   </trkpt>
   <trkpt lat="39.5639890" lon="-104.8607360">
    <ele>1765.5</ele>
    <time>2023-04-26T19:06:47Z</time>
   </trkpt>
   <trkpt lat="39.5639780" lon="-104.8607380">
    <ele>1765.5</ele>
    <time>2023-04-26T19:06:48Z</time>
   </trkpt>
   <trkpt lat="39.5639690" lon="-104.8607400">
    <ele>1765.6</ele>
    <time>2023-04-26T19:06:49Z</time>
   </trkpt>
   <trkpt lat="39.5639590" lon="-104.8607420">
    <ele>1765.6</ele>
    <time>2023-04-26T19:06:50Z</time>
   </trkpt>
   <trkpt lat="39.5639480" lon="-104.8607470">
    <ele>1765.6</ele>
    <time>2023-04-26T19:06:51Z</time>
   </trkpt>
   <trkpt lat="39.5639360" lon="-104.8607480">
    <ele>1765.6</ele>
    <time>2023-04-26T19:06:52Z</time>
   </trkpt>
   <trkpt lat="39.5639270" lon="-104.8607530">
    <ele>1765.6</ele>
    <time>2023-04-26T19:06:53Z</time>
   </trkpt>
   <trkpt lat="39.5639180" lon="-104.8607570">
    <ele>1765.6</ele>
    <time>2023-04-26T19:06:54Z</time>
   </trkpt>
   <trkpt lat="39.5639070" lon="-104.8607620">
    <ele>1765.6</ele>
    <time>2023-04-26T19:06:55Z</time>
   </trkpt>
   <trkpt lat="39.5638980" lon="-104.8607670">
    <ele>1765.7</ele>
    <time>2023-04-26T19:06:56Z</time>
   </trkpt>
   <trkpt lat="39.5638900" lon="-104.8607720">
    <ele>1765.7</ele>
    <time>2023-04-26T19:06:57Z</time>
   </trkpt>
   <trkpt lat="39.5638830" lon="-104.8607740">
    <ele>1765.7</ele>
    <time>2023-04-26T19:06:58Z</time>
   </trkpt>
   <trkpt lat="39.5638730" lon="-104.8607850">
    <ele>1765.7</ele>
    <time>2023-04-26T19:06:59Z</time>
   </trkpt>
   <trkpt lat="39.5638700" lon="-104.8607910">
    <ele>1765.7</ele>
    <time>2023-04-26T19:07:00Z</time>
   </trkpt>
   <trkpt lat="39.5638730" lon="-104.8607860">
    <ele>1765.7</ele>
    <time>2023-04-26T19:07:01Z</time>
   </trkpt>
   <trkpt lat="39.5638730" lon="-104.8607830">
    <ele>1765.7</ele>
    <time>2023-04-26T19:07:02Z</time>
   </trkpt>
   <trkpt lat="39.5638720" lon="-104.8607820">
    <ele>1765.7</ele>
    <time>2023-04-26T19:07:03Z</time>
   </trkpt>
   <trkpt lat="39.5638720" lon="-104.8607810">
    <ele>1765.7</ele>
    <time>2023-04-26T19:07:04Z</time>
   </trkpt>
   <trkpt lat="39.5638720" lon="-104.8607810">
    <ele>1765.7</ele>
    <time>2023-04-26T19:07:05Z</time>
   </trkpt>
   <trkpt lat="39.5638720" lon="-104.8607810">
    <ele>1765.7</ele>
    <time>2023-04-26T19:07:06Z</time>
   </trkpt>
   <trkpt lat="39.5638700" lon="-104.8607790">
    <ele>1765.7</ele>
    <time>2023-04-26T19:07:07Z</time>
   </trkpt>
   <trkpt lat="39.5638690" lon="-104.8607780">
    <ele>1765.7</ele>
    <time>2023-04-26T19:07:08Z</time>
   </trkpt>
   <trkpt lat="39.5638690" lon="-104.8607780">
    <ele>1765.7</ele>
    <time>2023-04-26T19:07:09Z</time>
   </trkpt>
   <trkpt lat="39.5638690" lon="-104.8607780">
    <ele>1765.7</ele>
    <time>2023-04-26T19:07:10Z</time>
   </trkpt>
   <trkpt lat="39.5638690" lon="-104.8607780">
    <ele>1765.7</ele>
    <time>2023-04-26T19:07:11Z</time>
   </trkpt>
   <trkpt lat="39.5638690" lon="-104.8607780">
    <ele>1765.7</ele>
    <time>2023-04-26T19:07:12Z</time>
   </trkpt>
   <trkpt lat="39.5638690" lon="-104.8607780">
    <ele>1765.7</ele>
    <time>2023-04-26T19:07:13Z</time>
   </trkpt>
   <trkpt lat="39.5638690" lon="-104.8607780">
    <ele>1765.7</ele>
    <time>2023-04-26T19:07:14Z</time>
   </trkpt>
   <trkpt lat="39.5638690" lon="-104.8607780">
    <ele>1765.7</ele>
    <time>2023-04-26T19:07:15Z</time>
   </trkpt>
   <trkpt lat="39.5638660" lon="-104.8607800">
    <ele>1765.7</ele>
    <time>2023-04-26T19:07:16Z</time>
   </trkpt>
   <trkpt lat="39.5638600" lon="-104.8607880">
    <ele>1765.7</ele>
    <time>2023-04-26T19:07:17Z</time>
   </trkpt>
   <trkpt lat="39.5638510" lon="-104.8607950">
    <ele>1765.8</ele>
    <time>2023-04-26T19:07:18Z</time>
   </trkpt>
   <trkpt lat="39.5638450" lon="-104.8608000">
    <ele>1765.8</ele>
    <time>2023-04-26T19:07:19Z</time>
   </trkpt>
   <trkpt lat="39.5638370" lon="-104.8608070">
    <ele>1765.8</ele>
    <time>2023-04-26T19:07:20Z</time>
   </trkpt>
   <trkpt lat="39.5638320" lon="-104.8608190">
    <ele>1765.8</ele>
    <time>2023-04-26T19:07:21Z</time>
   </trkpt>
   <trkpt lat="39.5638250" lon="-104.8608220">
    <ele>1765.8</ele>
    <time>2023-04-26T19:07:22Z</time>
   </trkpt>
   <trkpt lat="39.5638170" lon="-104.8608250">
    <ele>1765.8</ele>
    <time>2023-04-26T19:07:23Z</time>
   </trkpt>
   <trkpt lat="39.5638110" lon="-104.8608330">
    <ele>1765.8</ele>
    <time>2023-04-26T19:07:24Z</time>
   </trkpt>
   <trkpt lat="39.5638070" lon="-104.8608390">
    <ele>1765.8</ele>
    <time>2023-04-26T19:07:25Z</time>
   </trkpt>
   <trkpt lat="39.5638030" lon="-104.8608450">
    <ele>1765.9</ele>
    <time>2023-04-26T19:07:26Z</time>
   </trkpt>
   <trkpt lat="39.5637960" lon="-104.8608520">
    <ele>1765.9</ele>
    <time>2023-04-26T19:07:27Z</time>
   </trkpt>
   <trkpt lat="39.5637880" lon="-104.8608640">
    <ele>1765.9</ele>
    <time>2023-04-26T19:07:28Z</time>
   </trkpt>
   <trkpt lat="39.5637790" lon="-104.8608740">
    <ele>1765.9</ele>
    <time>2023-04-26T19:07:29Z</time>
   </trkpt>
   <trkpt lat="39.5637710" lon="-104.8608830">
    <ele>1765.9</ele>
    <time>2023-04-26T19:07:30Z</time>
   </trkpt>
   <trkpt lat="39.5637630" lon="-104.8608940">
    <ele>1765.9</ele>
    <time>2023-04-26T19:07:31Z</time>
   </trkpt>
   <trkpt lat="39.5637540" lon="-104.8609010">
    <ele>1765.9</ele>
    <time>2023-04-26T19:07:32Z</time>
   </trkpt>
   <trkpt lat="39.5637450" lon="-104.8609110">
    <ele>1766.0</ele>
    <time>2023-04-26T19:07:33Z</time>
   </trkpt>
   <trkpt lat="39.5637390" lon="-104.8609170">
    <ele>1766.0</ele>
    <time>2023-04-26T19:07:34Z</time>
   </trkpt>
   <trkpt lat="39.5637260" lon="-104.8609360">
    <ele>1766.0</ele>
    <time>2023-04-26T19:07:35Z</time>
   </trkpt>
   <trkpt lat="39.5637200" lon="-104.8609430">
    <ele>1766.0</ele>
    <time>2023-04-26T19:07:36Z</time>
   </trkpt>
   <trkpt lat="39.5637140" lon="-104.8609500">
    <ele>1766.0</ele>
    <time>2023-04-26T19:07:37Z</time>
   </trkpt>
   <trkpt lat="39.5637060" lon="-104.8609580">
    <ele>1766.0</ele>
    <time>2023-04-26T19:07:38Z</time>
   </trkpt>
   <trkpt lat="39.5636980" lon="-104.8609700">
    <ele>1766.0</ele>
    <time>2023-04-26T19:07:39Z</time>
   </trkpt>
   <trkpt lat="39.5636890" lon="-104.8609800">
    <ele>1766.0</ele>
    <time>2023-04-26T19:07:40Z</time>
   </trkpt>
   <trkpt lat="39.5636780" lon="-104.8609910">
    <ele>1766.0</ele>
    <time>2023-04-26T19:07:41Z</time>
   </trkpt>
   <trkpt lat="39.5636710" lon="-104.8610020">
    <ele>1766.1</ele>
    <time>2023-04-26T19:07:42Z</time>
   </trkpt>
   <trkpt lat="39.5636650" lon="-104.8610140">
    <ele>1766.1</ele>
    <time>2023-04-26T19:07:43Z</time>
   </trkpt>
   <trkpt lat="39.5636610" lon="-104.8610300">
    <ele>1766.1</ele>
    <time>2023-04-26T19:07:44Z</time>
   </trkpt>
   <trkpt lat="39.5636550" lon="-104.8610430">
    <ele>1766.1</ele>
    <time>2023-04-26T19:07:45Z</time>
   </trkpt>
   <trkpt lat="39.5636520" lon="-104.8610520">
    <ele>1766.1</ele>
    <time>2023-04-26T19:07:46Z</time>
   </trkpt>
   <trkpt lat="39.5636500" lon="-104.8610660">
    <ele>1766.1</ele>
    <time>2023-04-26T19:07:47Z</time>
   </trkpt>
   <trkpt lat="39.5636460" lon="-104.8610730">
    <ele>1766.1</ele>
    <time>2023-04-26T19:07:48Z</time>
   </trkpt>
   <trkpt lat="39.5636430" lon="-104.8610770">
    <ele>1766.1</ele>
    <time>2023-04-26T19:07:49Z</time>
   </trkpt>
   <trkpt lat="39.5636420" lon="-104.8610750">
    <ele>1766.1</ele>
    <time>2023-04-26T19:07:50Z</time>
   </trkpt>
   <trkpt lat="39.5636430" lon="-104.8610750">
    <ele>1766.1</ele>
    <time>2023-04-26T19:07:51Z</time>
   </trkpt>
   <trkpt lat="39.5636420" lon="-104.8610750">
    <ele>1766.1</ele>
    <time>2023-04-26T19:07:52Z</time>
   </trkpt>
   <trkpt lat="39.5636430" lon="-104.8610750">
    <ele>1766.1</ele>
    <time>2023-04-26T19:07:53Z</time>
   </trkpt>
   <trkpt lat="39.5636420" lon="-104.8610760">
    <ele>1766.1</ele>
    <time>2023-04-26T19:07:54Z</time>
   </trkpt>
   <trkpt lat="39.5636420" lon="-104.8610760">
    <ele>1766.1</ele>
    <time>2023-04-26T19:07:55Z</time>
   </trkpt>
   <trkpt lat="39.5636420" lon="-104.8610760">
    <ele>1766.1</ele>
    <time>2023-04-26T19:07:56Z</time>
   </trkpt>
   <trkpt lat="39.5636420" lon="-104.8610770">
    <ele>1766.1</ele>
    <time>2023-04-26T19:07:57Z</time>
   </trkpt>
   <trkpt lat="39.5636410" lon="-104.8610780">
    <ele>1766.1</ele>
    <time>2023-04-26T19:07:58Z</time>
   </trkpt>
   <trkpt lat="39.5636410" lon="-104.8610810">
    <ele>1766.1</ele>
    <time>2023-04-26T19:07:59Z</time>
   </trkpt>
   <trkpt lat="39.5636330" lon="-104.8610910">
    <ele>1766.1</ele>
    <time>2023-04-26T19:08:00Z</time>
   </trkpt>
   <trkpt lat="39.5636260" lon="-104.8611020">
    <ele>1766.1</ele>
    <time>2023-04-26T19:08:01Z</time>
   </trkpt>
   <trkpt lat="39.5636220" lon="-104.8611130">
    <ele>1766.1</ele>
    <time>2023-04-26T19:08:02Z</time>
   </trkpt>
   <trkpt lat="39.5636110" lon="-104.8611190">
    <ele>1766.1</ele>
    <time>2023-04-26T19:08:03Z</time>
   </trkpt>
   <trkpt lat="39.5636060" lon="-104.8611280">
    <ele>1766.1</ele>
    <time>2023-04-26T19:08:04Z</time>
   </trkpt>
   <trkpt lat="39.5635930" lon="-104.8611400">
    <ele>1766.1</ele>
    <time>2023-04-26T19:08:05Z</time>
   </trkpt>
   <trkpt lat="39.5635840" lon="-104.8611470">
    <ele>1766.1</ele>
    <time>2023-04-26T19:08:06Z</time>
   </trkpt>
   <trkpt lat="39.5635750" lon="-104.8611520">
    <ele>1766.1</ele>
    <time>2023-04-26T19:08:07Z</time>
   </trkpt>
   <trkpt lat="39.5635640" lon="-104.8611650">
    <ele>1766.1</ele>
    <time>2023-04-26T19:08:08Z</time>
   </trkpt>
   <trkpt lat="39.5635580" lon="-104.8611730">
    <ele>1766.1</ele>
    <time>2023-04-26T19:08:09Z</time>
   </trkpt>
   <trkpt lat="39.5635440" lon="-104.8611910">
    <ele>1766.1</ele>
    <time>2023-04-26T19:08:10Z</time>
   </trkpt>
   <trkpt lat="39.5635370" lon="-104.8611980">
    <ele>1766.1</ele>
    <time>2023-04-26T19:08:11Z</time>
   </trkpt>
   <trkpt lat="39.5635300" lon="-104.8612050">
    <ele>1766.1</ele>
    <time>2023-04-26T19:08:12Z</time>
   </trkpt>
   <trkpt lat="39.5635210" lon="-104.8612120">
    <ele>1766.1</ele>
    <time>2023-04-26T19:08:13Z</time>
   </trkpt>
   <trkpt lat="39.5635140" lon="-104.8612170">
    <ele>1766.1</ele>
    <time>2023-04-26T19:08:14Z</time>
   </trkpt>
   <trkpt lat="39.5635110" lon="-104.8612190">
    <ele>1766.1</ele>
    <time>2023-04-26T19:08:15Z</time>
   </trkpt>
   <trkpt lat="39.5635150" lon="-104.8612160">
    <ele>1766.1</ele>
    <time>2023-04-26T19:08:16Z</time>
   </trkpt>
   <trkpt lat="39.5635150" lon="-104.8612140">
    <ele>1766.1</ele>
    <time>2023-04-26T19:08:17Z</time>
   </trkpt>
   <trkpt lat="39.5635150" lon="-104.8612130">
    <ele>1766.1</ele>
    <time>2023-04-26T19:08:18Z</time>
   </trkpt>
   <trkpt lat="39.5635150" lon="-104.8612110">
    <ele>1766.1</ele>
    <time>2023-04-26T19:08:19Z</time>
   </trkpt>
   <trkpt lat="39.5635160" lon="-104.8612110">
    <ele>1766.1</ele>
    <time>2023-04-26T19:08:20Z</time>
   </trkpt>
   <trkpt lat="39.5635170" lon="-104.8612110">
    <ele>1766.1</ele>
    <time>2023-04-26T19:08:21Z</time>
   </trkpt>
   <trkpt lat="39.5635160" lon="-104.8612120">
    <ele>1766.1</ele>
    <time>2023-04-26T19:08:22Z</time>
   </trkpt>
   <trkpt lat="39.5635100" lon="-104.8612140">
    <ele>1766.1</ele>
    <time>2023-04-26T19:08:23Z</time>
   </trkpt>
   <trkpt lat="39.5635010" lon="-104.8612190">
    <ele>1766.1</ele>
    <time>2023-04-26T19:08:24Z</time>
   </trkpt>
   <trkpt lat="39.5634880" lon="-104.8612290">
    <ele>1766.1</ele>
    <time>2023-04-26T19:08:25Z</time>
   </trkpt>
   <trkpt lat="39.5634820" lon="-104.8612360">
    <ele>1766.1</ele>
    <time>2023-04-26T19:08:26Z</time>
   </trkpt>
   <trkpt lat="39.5634760" lon="-104.8612430">
    <ele>1766.1</ele>
    <time>2023-04-26T19:08:27Z</time>
   </trkpt>
   <trkpt lat="39.5634700" lon="-104.8612510">
    <ele>1766.1</ele>
    <time>2023-04-26T19:08:28Z</time>
   </trkpt>
   <trkpt lat="39.5634600" lon="-104.8612600">
    <ele>1766.1</ele>
    <time>2023-04-26T19:08:29Z</time>
   </trkpt>
   <trkpt lat="39.5634490" lon="-104.8612640">
    <ele>1766.1</ele>
    <time>2023-04-26T19:08:30Z</time>
   </trkpt>
   <trkpt lat="39.5634390" lon="-104.8612700">
    <ele>1766.1</ele>
    <time>2023-04-26T19:08:31Z</time>
   </trkpt>
   <trkpt lat="39.5634280" lon="-104.8612760">
    <ele>1766.1</ele>
    <time>2023-04-26T19:08:32Z</time>
   </trkpt>
   <trkpt lat="39.5634200" lon="-104.8612850">
    <ele>1766.1</ele>
    <time>2023-04-26T19:08:33Z</time>
   </trkpt>
   <trkpt lat="39.5634090" lon="-104.8612930">
    <ele>1766.2</ele>
    <time>2023-04-26T19:08:34Z</time>
   </trkpt>
   <trkpt lat="39.5633950" lon="-104.8612980">
    <ele>1766.2</ele>
    <time>2023-04-26T19:08:35Z</time>
   </trkpt>
   <trkpt lat="39.5633860" lon="-104.8613040">
    <ele>1766.2</ele>
    <time>2023-04-26T19:08:36Z</time>
   </trkpt>
   <trkpt lat="39.5633760" lon="-104.8613090">
    <ele>1766.2</ele>
    <time>2023-04-26T19:08:37Z</time>
   </trkpt>
   <trkpt lat="39.5633660" lon="-104.8613150">
    <ele>1766.2</ele>
    <time>2023-04-26T19:08:38Z</time>
   </trkpt>
   <trkpt lat="39.5633570" lon="-104.8613190">
    <ele>1766.2</ele>
    <time>2023-04-26T19:08:39Z</time>
   </trkpt>
   <trkpt lat="39.5633490" lon="-104.8613260">
    <ele>1766.2</ele>
    <time>2023-04-26T19:08:40Z</time>
   </trkpt>
   <trkpt lat="39.5633410" lon="-104.8613330">
    <ele>1766.3</ele>
    <time>2023-04-26T19:08:41Z</time>
   </trkpt>
   <trkpt lat="39.5633250" lon="-104.8613380">
    <ele>1766.3</ele>
    <time>2023-04-26T19:08:42Z</time>
   </trkpt>
   <trkpt lat="39.5633160" lon="-104.8613420">
    <ele>1766.3</ele>
    <time>2023-04-26T19:08:43Z</time>
   </trkpt>
   <trkpt lat="39.5633070" lon="-104.8613450">
    <ele>1766.3</ele>
    <time>2023-04-26T19:08:44Z</time>
   </trkpt>
   <trkpt lat="39.5632980" lon="-104.8613530">
    <ele>1766.4</ele>
    <time>2023-04-26T19:08:45Z</time>
   </trkpt>
   <trkpt lat="39.5632880" lon="-104.8613580">
    <ele>1766.4</ele>
    <time>2023-04-26T19:08:46Z</time>
   </trkpt>
   <trkpt lat="39.5632790" lon="-104.8613650">
    <ele>1766.4</ele>
    <time>2023-04-26T19:08:47Z</time>
   </trkpt>
   <trkpt lat="39.5632700" lon="-104.8613710">
    <ele>1766.4</ele>
    <time>2023-04-26T19:08:48Z</time>
   </trkpt>
   <trkpt lat="39.5632610" lon="-104.8613760">
    <ele>1766.4</ele>
    <time>2023-04-26T19:08:49Z</time>
   </trkpt>
   <trkpt lat="39.5632520" lon="-104.8613790">
    <ele>1766.5</ele>
    <time>2023-04-26T19:08:50Z</time>
   </trkpt>
   <trkpt lat="39.5632440" lon="-104.8613870">
    <ele>1766.5</ele>
    <time>2023-04-26T19:08:52Z</time>
   </trkpt>
   <trkpt lat="39.5632340" lon="-104.8613920">
    <ele>1766.5</ele>
    <time>2023-04-26T19:08:53Z</time>
   </trkpt>
   <trkpt lat="39.5632250" lon="-104.8613970">
    <ele>1766.5</ele>
    <time>2023-04-26T19:08:54Z</time>
   </trkpt>
   <trkpt lat="39.5632140" lon="-104.8614030">
    <ele>1766.6</ele>
    <time>2023-04-26T19:08:55Z</time>
   </trkpt>
   <trkpt lat="39.5632050" lon="-104.8614080">
    <ele>1766.6</ele>
    <time>2023-04-26T19:08:56Z</time>
   </trkpt>
   <trkpt lat="39.5631960" lon="-104.8614090">
    <ele>1766.6</ele>
    <time>2023-04-26T19:08:57Z</time>
   </trkpt>
   <trkpt lat="39.5631860" lon="-104.8614140">
    <ele>1766.7</ele>
    <time>2023-04-26T19:08:58Z</time>
   </trkpt>
   <trkpt lat="39.5631860" lon="-104.8614160">
    <ele>1766.7</ele>
    <time>2023-04-26T19:08:59Z</time>
   </trkpt>
   <trkpt lat="39.5631890" lon="-104.8614130">
    <ele>1766.7</ele>
    <time>2023-04-26T19:09:00Z</time>
   </trkpt>
   <trkpt lat="39.5631900" lon="-104.8614130">
    <ele>1766.7</ele>
    <time>2023-04-26T19:09:01Z</time>
   </trkpt>
   <trkpt lat="39.5631910" lon="-104.8614120">
    <ele>1766.7</ele>
    <time>2023-04-26T19:09:02Z</time>
   </trkpt>
   <trkpt lat="39.5631890" lon="-104.8614130">
    <ele>1766.7</ele>
    <time>2023-04-26T19:09:03Z</time>
   </trkpt>
   <trkpt lat="39.5631780" lon="-104.8614170">
    <ele>1766.7</ele>
    <time>2023-04-26T19:09:04Z</time>
   </trkpt>
   <trkpt lat="39.5631700" lon="-104.8614190">
    <ele>1766.7</ele>
    <time>2023-04-26T19:09:05Z</time>
   </trkpt>
   <trkpt lat="39.5631580" lon="-104.8614220">
    <ele>1766.8</ele>
    <time>2023-04-26T19:09:06Z</time>
   </trkpt>
   <trkpt lat="39.5631480" lon="-104.8614280">
    <ele>1766.8</ele>
    <time>2023-04-26T19:09:07Z</time>
   </trkpt>
   <trkpt lat="39.5631400" lon="-104.8614350">
    <ele>1766.9</ele>
    <time>2023-04-26T19:09:08Z</time>
   </trkpt>
   <trkpt lat="39.5631300" lon="-104.8614440">
    <ele>1766.9</ele>
    <time>2023-04-26T19:09:09Z</time>
   </trkpt>
   <trkpt lat="39.5631230" lon="-104.8614520">
    <ele>1766.9</ele>
    <time>2023-04-26T19:09:10Z</time>
   </trkpt>
   <trkpt lat="39.5631050" lon="-104.8614650">
    <ele>1767.0</ele>
    <time>2023-04-26T19:09:11Z</time>
   </trkpt>
   <trkpt lat="39.5630980" lon="-104.8614710">
    <ele>1767.0</ele>
    <time>2023-04-26T19:09:12Z</time>
   </trkpt>
   <trkpt lat="39.5630910" lon="-104.8614770">
    <ele>1767.1</ele>
    <time>2023-04-26T19:09:13Z</time>
   </trkpt>
   <trkpt lat="39.5630700" lon="-104.8614990">
    <ele>1767.2</ele>
    <time>2023-04-26T19:09:14Z</time>
   </trkpt>
   <trkpt lat="39.5630620" lon="-104.8615100">
    <ele>1767.2</ele>
    <time>2023-04-26T19:09:15Z</time>
   </trkpt>
   <trkpt lat="39.5630530" lon="-104.8615350">
    <ele>1767.3</ele>
    <time>2023-04-26T19:09:16Z</time>
   </trkpt>
   <trkpt lat="39.5630480" lon="-104.8615440">
    <ele>1767.3</ele>
    <time>2023-04-26T19:09:17Z</time>
   </trkpt>
   <trkpt lat="39.5630430" lon="-104.8615520">
    <ele>1767.3</ele>
    <time>2023-04-26T19:09:18Z</time>
   </trkpt>
   <trkpt lat="39.5630330" lon="-104.8615770">
    <ele>1767.4</ele>
    <time>2023-04-26T19:09:19Z</time>
   </trkpt>
   <trkpt lat="39.5630300" lon="-104.8615870">
    <ele>1767.4</ele>
    <time>2023-04-26T19:09:20Z</time>
   </trkpt>
   <trkpt lat="39.5630260" lon="-104.8615960">
    <ele>1767.4</ele>
    <time>2023-04-26T19:09:21Z</time>
   </trkpt>
   <trkpt lat="39.5630140" lon="-104.8616190">
    <ele>1767.5</ele>
    <time>2023-04-26T19:09:22Z</time>
   </trkpt>
   <trkpt lat="39.5630080" lon="-104.8616270">
    <ele>1767.5</ele>
    <time>2023-04-26T19:09:23Z</time>
   </trkpt>
   <trkpt lat="39.5630030" lon="-104.8616350">
    <ele>1767.6</ele>
    <time>2023-04-26T19:09:24Z</time>
   </trkpt>
   <trkpt lat="39.5629970" lon="-104.8616510">
    <ele>1767.6</ele>
    <time>2023-04-26T19:09:25Z</time>
   </trkpt>
   <trkpt lat="39.5629930" lon="-104.8616640">
    <ele>1767.6</ele>
    <time>2023-04-26T19:09:26Z</time>
   </trkpt>
   <trkpt lat="39.5629890" lon="-104.8616780">
    <ele>1767.6</ele>
    <time>2023-04-26T19:09:27Z</time>
   </trkpt>
   <trkpt lat="39.5629790" lon="-104.8617000">
    <ele>1767.6</ele>
    <time>2023-04-26T19:09:28Z</time>
   </trkpt>
   <trkpt lat="39.5629740" lon="-104.8617090">
    <ele>1767.6</ele>
    <time>2023-04-26T19:09:29Z</time>
   </trkpt>
   <trkpt lat="39.5629680" lon="-104.8617180">
    <ele>1767.6</ele>
    <time>2023-04-26T19:09:30Z</time>
   </trkpt>
   <trkpt lat="39.5629630" lon="-104.8617320">
    <ele>1767.6</ele>
    <time>2023-04-26T19:09:31Z</time>
   </trkpt>
   <trkpt lat="39.5629570" lon="-104.8617420">
    <ele>1767.6</ele>
    <time>2023-04-26T19:09:32Z</time>
   </trkpt>
   <trkpt lat="39.5629460" lon="-104.8617500">
    <ele>1767.6</ele>
    <time>2023-04-26T19:09:33Z</time>
   </trkpt>
   <trkpt lat="39.5629350" lon="-104.8617710">
    <ele>1767.6</ele>
    <time>2023-04-26T19:09:34Z</time>
   </trkpt>
   <trkpt lat="39.5629300" lon="-104.8617810">
    <ele>1767.6</ele>
    <time>2023-04-26T19:09:35Z</time>
   </trkpt>
   <trkpt lat="39.5629250" lon="-104.8617910">
    <ele>1767.6</ele>
    <time>2023-04-26T19:09:36Z</time>
   </trkpt>
   <trkpt lat="39.5629170" lon="-104.8618020">
    <ele>1767.6</ele>
    <time>2023-04-26T19:09:37Z</time>
   </trkpt>
   <trkpt lat="39.5629050" lon="-104.8618080">
    <ele>1767.5</ele>
    <time>2023-04-26T19:09:38Z</time>
   </trkpt>
   <trkpt lat="39.5628940" lon="-104.8618110">
    <ele>1767.5</ele>
    <time>2023-04-26T19:09:39Z</time>
   </trkpt>
   <trkpt lat="39.5628830" lon="-104.8618200">
    <ele>1767.5</ele>
    <time>2023-04-26T19:09:40Z</time>
   </trkpt>
   <trkpt lat="39.5628750" lon="-104.8618250">
    <ele>1767.5</ele>
    <time>2023-04-26T19:09:41Z</time>
   </trkpt>
   <trkpt lat="39.5628670" lon="-104.8618320">
    <ele>1767.5</ele>
    <time>2023-04-26T19:09:42Z</time>
   </trkpt>
   <trkpt lat="39.5628530" lon="-104.8618360">
    <ele>1767.5</ele>
    <time>2023-04-26T19:09:43Z</time>
   </trkpt>
   <trkpt lat="39.5628510" lon="-104.8618360">
    <ele>1767.5</ele>
    <time>2023-04-26T19:09:44Z</time>
   </trkpt>
   <trkpt lat="39.5628490" lon="-104.8618360">
    <ele>1767.5</ele>
    <time>2023-04-26T19:09:45Z</time>
   </trkpt>
   <trkpt lat="39.5628470" lon="-104.8618360">
    <ele>1767.5</ele>
    <time>2023-04-26T19:09:46Z</time>
   </trkpt>
   <trkpt lat="39.5628450" lon="-104.8618360">
    <ele>1767.5</ele>
    <time>2023-04-26T19:09:47Z</time>
   </trkpt>
   <trkpt lat="39.5628430" lon="-104.8618360">
    <ele>1767.5</ele>
    <time>2023-04-26T19:09:48Z</time>
   </trkpt>
   <trkpt lat="39.5628410" lon="-104.8618360">
    <ele>1767.5</ele>
    <time>2023-04-26T19:09:49Z</time>
   </trkpt>
   <trkpt lat="39.5628390" lon="-104.8618360">
    <ele>1767.5</ele>
    <time>2023-04-26T19:09:50Z</time>
   </trkpt>
   <trkpt lat="39.5628370" lon="-104.8618360">
    <ele>1767.5</ele>
    <time>2023-04-26T19:09:51Z</time>
   </trkpt>
   <trkpt lat="39.5628350" lon="-104.8618360">
    <ele>1767.5</ele>
    <time>2023-04-26T19:09:52Z</time>
   </trkpt>
   <trkpt lat="39.5628320" lon="-104.8618360">
    <ele>1767.5</ele>
    <time>2023-04-26T19:09:53Z</time>
   </trkpt>
   <trkpt lat="39.5628300" lon="-104.8618360">
    <ele>1767.5</ele>
    <time>2023-04-26T19:09:54Z</time>
   </trkpt>
   <trkpt lat="39.5628190" lon="-104.8618360">
    <ele>1767.5</ele>
    <time>2023-04-26T19:09:55Z</time>
   </trkpt>
   <trkpt lat="39.5628100" lon="-104.8618370">
    <ele>1767.5</ele>
    <time>2023-04-26T19:09:56Z</time>
   </trkpt>
   <trkpt lat="39.5628020" lon="-104.8618390">
    <ele>1767.5</ele>
    <time>2023-04-26T19:09:57Z</time>
   </trkpt>
   <trkpt lat="39.5627910" lon="-104.8618410">
    <ele>1767.5</ele>
    <time>2023-04-26T19:09:58Z</time>
   </trkpt>
   <trkpt lat="39.5627790" lon="-104.8618400">
    <ele>1767.6</ele>
    <time>2023-04-26T19:09:59Z</time>
   </trkpt>
   <trkpt lat="39.5627670" lon="-104.8618400">
    <ele>1767.6</ele>
    <time>2023-04-26T19:10:00Z</time>
   </trkpt>
   <trkpt lat="39.5627470" lon="-104.8618400">
    <ele>1767.6</ele>
    <time>2023-04-26T19:10:01Z</time>
   </trkpt>
   <trkpt lat="39.5627390" lon="-104.8618400">
    <ele>1767.6</ele>
    <time>2023-04-26T19:10:02Z</time>
   </trkpt>
   <trkpt lat="39.5627300" lon="-104.8618400">
    <ele>1767.6</ele>
    <time>2023-04-26T19:10:03Z</time>
   </trkpt>
   <trkpt lat="39.5627110" lon="-104.8618520">
    <ele>1767.7</ele>
    <time>2023-04-26T19:10:04Z</time>
   </trkpt>
   <trkpt lat="39.5627040" lon="-104.8618560">
    <ele>1767.7</ele>
    <time>2023-04-26T19:10:05Z</time>
   </trkpt>
   <trkpt lat="39.5626970" lon="-104.8618610">
    <ele>1767.7</ele>
    <time>2023-04-26T19:10:06Z</time>
   </trkpt>
   <trkpt lat="39.5626880" lon="-104.8618680">
    <ele>1767.7</ele>
    <time>2023-04-26T19:10:07Z</time>
   </trkpt>
   <trkpt lat="39.5626770" lon="-104.8618770">
    <ele>1767.8</ele>
    <time>2023-04-26T19:10:08Z</time>
   </trkpt>
   <trkpt lat="39.5626680" lon="-104.8618880">
    <ele>1767.8</ele>
    <time>2023-04-26T19:10:09Z</time>
   </trkpt>
   <trkpt lat="39.5626620" lon="-104.8619050">
    <ele>1767.8</ele>
    <time>2023-04-26T19:10:10Z</time>
   </trkpt>
   <trkpt lat="39.5626540" lon="-104.8619180">
    <ele>1767.8</ele>
    <time>2023-04-26T19:10:11Z</time>
   </trkpt>
   <trkpt lat="39.5626440" lon="-104.8619410">
    <ele>1767.9</ele>
    <time>2023-04-26T19:10:12Z</time>
   </trkpt>
   <trkpt lat="39.5626420" lon="-104.8619510">
    <ele>1768.0</ele>
    <time>2023-04-26T19:10:13Z</time>
   </trkpt>
   <trkpt lat="39.5626390" lon="-104.8619620">
    <ele>1768.0</ele>
    <time>2023-04-26T19:10:14Z</time>
   </trkpt>
   <trkpt lat="39.5626460" lon="-104.8619820">
    <ele>1768.0</ele>
    <time>2023-04-26T19:10:15Z</time>
   </trkpt>
   <trkpt lat="39.5626580" lon="-104.8619970">
    <ele>1768.0</ele>
    <time>2023-04-26T19:10:16Z</time>
   </trkpt>
   <trkpt lat="39.5626710" lon="-104.8620070">
    <ele>1768.0</ele>
    <time>2023-04-26T19:10:17Z</time>
   </trkpt>
   <trkpt lat="39.5626830" lon="-104.8620160">
    <ele>1768.0</ele>
    <time>2023-04-26T19:10:18Z</time>
   </trkpt>
   <trkpt lat="39.5627030" lon="-104.8620360">
    <ele>1768.0</ele>
    <time>2023-04-26T19:10:19Z</time>
   </trkpt>
   <trkpt lat="39.5627100" lon="-104.8620420">
    <ele>1768.0</ele>
    <time>2023-04-26T19:10:20Z</time>
   </trkpt>
   <trkpt lat="39.5627180" lon="-104.8620470">
    <ele>1768.0</ele>
    <time>2023-04-26T19:10:21Z</time>
   </trkpt>
   <trkpt lat="39.5627320" lon="-104.8620700">
    <ele>1768.0</ele>
    <time>2023-04-26T19:10:22Z</time>
   </trkpt>
   <trkpt lat="39.5627390" lon="-104.8620780">
    <ele>1768.0</ele>
    <time>2023-04-26T19:10:23Z</time>
   </trkpt>
   <trkpt lat="39.5627450" lon="-104.8620860">
    <ele>1768.1</ele>
    <time>2023-04-26T19:10:24Z</time>
   </trkpt>
   <trkpt lat="39.5627570" lon="-104.8620930">
    <ele>1768.1</ele>
    <time>2023-04-26T19:10:25Z</time>
   </trkpt>
   <trkpt lat="39.5627670" lon="-104.8621080">
    <ele>1768.1</ele>
    <time>2023-04-26T19:10:26Z</time>
   </trkpt>
   <trkpt lat="39.5627820" lon="-104.8621240">
    <ele>1768.1</ele>
    <time>2023-04-26T19:10:27Z</time>
   </trkpt>
   <trkpt lat="39.5627890" lon="-104.8621300">
    <ele>1768.1</ele>
    <time>2023-04-26T19:10:28Z</time>
   </trkpt>
   <trkpt lat="39.5627960" lon="-104.8621360">
    <ele>1768.1</ele>
    <time>2023-04-26T19:10:29Z</time>
   </trkpt>
   <trkpt lat="39.5628050" lon="-104.8621480">
    <ele>1768.1</ele>
    <time>2023-04-26T19:10:30Z</time>
   </trkpt>
   <trkpt lat="39.5628160" lon="-104.8621520">
    <ele>1768.1</ele>
    <time>2023-04-26T19:10:31Z</time>
   </trkpt>
   <trkpt lat="39.5628250" lon="-104.8621610">
    <ele>1768.1</ele>
    <time>2023-04-26T19:10:32Z</time>
   </trkpt>
   <trkpt lat="39.5628390" lon="-104.8621730">
    <ele>1768.1</ele>
    <time>2023-04-26T19:10:33Z</time>
   </trkpt>
   <trkpt lat="39.5628510" lon="-104.8621830">
    <ele>1768.1</ele>
    <time>2023-04-26T19:10:34Z</time>
   </trkpt>
   <trkpt lat="39.5628670" lon="-104.8622000">
    <ele>1768.2</ele>
    <time>2023-04-26T19:10:35Z</time>
   </trkpt>
   <trkpt lat="39.5628740" lon="-104.8622060">
    <ele>1768.2</ele>
    <time>2023-04-26T19:10:36Z</time>
   </trkpt>
   <trkpt lat="39.5628800" lon="-104.8622120">
    <ele>1768.2</ele>
    <time>2023-04-26T19:10:37Z</time>
   </trkpt>
   <trkpt lat="39.5628910" lon="-104.8622260">
    <ele>1768.2</ele>
    <time>2023-04-26T19:10:38Z</time>
   </trkpt>
   <trkpt lat="39.5629030" lon="-104.8622330">
    <ele>1768.2</ele>
    <time>2023-04-26T19:10:39Z</time>
   </trkpt>
   <trkpt lat="39.5629150" lon="-104.8622440">
    <ele>1768.2</ele>
    <time>2023-04-26T19:10:40Z</time>
   </trkpt>
   <trkpt lat="39.5629240" lon="-104.8622560">
    <ele>1768.2</ele>
    <time>2023-04-26T19:10:41Z</time>
   </trkpt>
   <trkpt lat="39.5629410" lon="-104.8622730">
    <ele>1768.2</ele>
    <time>2023-04-26T19:10:42Z</time>
   </trkpt>
   <trkpt lat="39.5629490" lon="-104.8622800">
    <ele>1768.3</ele>
    <time>2023-04-26T19:10:43Z</time>
   </trkpt>
   <trkpt lat="39.5629560" lon="-104.8622860">
    <ele>1768.3</ele>
    <time>2023-04-26T19:10:44Z</time>
   </trkpt>
   <trkpt lat="39.5629740" lon="-104.8623010">
    <ele>1768.2</ele>
    <time>2023-04-26T19:10:45Z</time>
   </trkpt>
   <trkpt lat="39.5629810" lon="-104.8623080">
    <ele>1768.2</ele>
    <time>2023-04-26T19:10:46Z</time>
   </trkpt>
   <trkpt lat="39.5629880" lon="-104.8623140">
    <ele>1768.2</ele>
    <time>2023-04-26T19:10:47Z</time>
   </trkpt>
   <trkpt lat="39.5630030" lon="-104.8623320">
    <ele>1768.2</ele>
    <time>2023-04-26T19:10:48Z</time>
   </trkpt>
   <trkpt lat="39.5630100" lon="-104.8623400">
    <ele>1768.2</ele>
    <time>2023-04-26T19:10:49Z</time>
   </trkpt>
   <trkpt lat="39.5630170" lon="-104.8623480">
    <ele>1768.2</ele>
    <time>2023-04-26T19:10:50Z</time>
   </trkpt>
   <trkpt lat="39.5630340" lon="-104.8623630">
    <ele>1768.2</ele>
    <time>2023-04-26T19:10:51Z</time>
   </trkpt>
   <trkpt lat="39.5630410" lon="-104.8623710">
    <ele>1768.1</ele>
    <time>2023-04-26T19:10:52Z</time>
   </trkpt>
   <trkpt lat="39.5630480" lon="-104.8623790">
    <ele>1768.1</ele>
    <time>2023-04-26T19:10:53Z</time>
   </trkpt>
   <trkpt lat="39.5630660" lon="-104.8623930">
    <ele>1768.1</ele>
    <time>2023-04-26T19:10:54Z</time>
   </trkpt>
   <trkpt lat="39.5630750" lon="-104.8623970">
    <ele>1768.1</ele>
    <time>2023-04-26T19:10:55Z</time>
   </trkpt>
   <trkpt lat="39.5630840" lon="-104.8624010">
    <ele>1768.1</ele>
    <time>2023-04-26T19:10:56Z</time>
   </trkpt>
   <trkpt lat="39.5630960" lon="-104.8624060">
    <ele>1768.1</ele>
    <time>2023-04-26T19:10:58Z</time>
   </trkpt>
   <trkpt lat="39.5631070" lon="-104.8624100">
    <ele>1768.0</ele>
    <time>2023-04-26T19:10:59Z</time>
   </trkpt>
   <trkpt lat="39.5631170" lon="-104.8624160">
    <ele>1768.0</ele>
    <time>2023-04-26T19:11:00Z</time>
   </trkpt>
   <trkpt lat="39.5631300" lon="-104.8624220">
    <ele>1768.0</ele>
    <time>2023-04-26T19:11:01Z</time>
   </trkpt>
   <trkpt lat="39.5631440" lon="-104.8624250">
    <ele>1767.9</ele>
    <time>2023-04-26T19:11:02Z</time>
   </trkpt>
   <trkpt lat="39.5631570" lon="-104.8624210">
    <ele>1767.9</ele>
    <time>2023-04-26T19:11:03Z</time>
   </trkpt>
   <trkpt lat="39.5631680" lon="-104.8624230">
    <ele>1767.9</ele>
    <time>2023-04-26T19:11:04Z</time>
   </trkpt>
   <trkpt lat="39.5631740" lon="-104.8624240">
    <ele>1767.9</ele>
    <time>2023-04-26T19:11:05Z</time>
   </trkpt>
   <trkpt lat="39.5631850" lon="-104.8624240">
    <ele>1767.8</ele>
    <time>2023-04-26T19:11:06Z</time>
   </trkpt>
   <trkpt lat="39.5631970" lon="-104.8624250">
    <ele>1767.8</ele>
    <time>2023-04-26T19:11:07Z</time>
   </trkpt>
   <trkpt lat="39.5632100" lon="-104.8624270">
    <ele>1767.8</ele>
    <time>2023-04-26T19:11:08Z</time>
   </trkpt>
   <trkpt lat="39.5632280" lon="-104.8624370">
    <ele>1767.7</ele>
    <time>2023-04-26T19:11:09Z</time>
   </trkpt>
   <trkpt lat="39.5632360" lon="-104.8624400">
    <ele>1767.7</ele>
    <time>2023-04-26T19:11:10Z</time>
   </trkpt>
   <trkpt lat="39.5632440" lon="-104.8624430">
    <ele>1767.7</ele>
    <time>2023-04-26T19:11:11Z</time>
   </trkpt>
   <trkpt lat="39.5632560" lon="-104.8624450">
    <ele>1767.6</ele>
    <time>2023-04-26T19:11:12Z</time>
   </trkpt>
   <trkpt lat="39.5632720" lon="-104.8624510">
    <ele>1767.6</ele>
    <time>2023-04-26T19:11:13Z</time>
   </trkpt>
   <trkpt lat="39.5632860" lon="-104.8624550">
    <ele>1767.5</ele>
    <time>2023-04-26T19:11:14Z</time>
   </trkpt>
   <trkpt lat="39.5632990" lon="-104.8624580">
    <ele>1767.5</ele>
    <time>2023-04-26T19:11:15Z</time>
   </trkpt>
   <trkpt lat="39.5633100" lon="-104.8624600">
    <ele>1767.5</ele>
    <time>2023-04-26T19:11:16Z</time>
   </trkpt>
   <trkpt lat="39.5633230" lon="-104.8624660">
    <ele>1767.4</ele>
    <time>2023-04-26T19:11:17Z</time>
   </trkpt>
   <trkpt lat="39.5633330" lon="-104.8624690">
    <ele>1767.4</ele>
    <time>2023-04-26T19:11:18Z</time>
   </trkpt>
   <trkpt lat="39.5633470" lon="-104.8624730">
    <ele>1767.3</ele>
    <time>2023-04-26T19:11:19Z</time>
   </trkpt>
   <trkpt lat="39.5633610" lon="-104.8624750">
    <ele>1767.3</ele>
    <time>2023-04-26T19:11:20Z</time>
   </trkpt>
   <trkpt lat="39.5633710" lon="-104.8624760">
    <ele>1767.2</ele>
    <time>2023-04-26T19:11:21Z</time>
   </trkpt>
   <trkpt lat="39.5633830" lon="-104.8624790">
    <ele>1767.2</ele>
    <time>2023-04-26T19:11:22Z</time>
   </trkpt>
   <trkpt lat="39.5633960" lon="-104.8624780">
    <ele>1767.1</ele>
    <time>2023-04-26T19:11:23Z</time>
   </trkpt>
   <trkpt lat="39.5634200" lon="-104.8624830">
    <ele>1767.1</ele>
    <time>2023-04-26T19:11:24Z</time>
   </trkpt>
   <trkpt lat="39.5634330" lon="-104.8624870">
    <ele>1767.0</ele>
    <time>2023-04-26T19:11:25Z</time>
   </trkpt>
   <trkpt lat="39.5634540" lon="-104.8624840">
    <ele>1766.9</ele>
    <time>2023-04-26T19:11:26Z</time>
   </trkpt>
   <trkpt lat="39.5634630" lon="-104.8624840">
    <ele>1766.9</ele>
    <time>2023-04-26T19:11:27Z</time>
   </trkpt>
   <trkpt lat="39.5634710" lon="-104.8624830">
    <ele>1766.9</ele>
    <time>2023-04-26T19:11:28Z</time>
   </trkpt>
   <trkpt lat="39.5634910" lon="-104.8624800">
    <ele>1766.8</ele>
    <time>2023-04-26T19:11:29Z</time>
   </trkpt>
   <trkpt lat="39.5634990" lon="-104.8624780">
    <ele>1766.8</ele>
    <time>2023-04-26T19:11:30Z</time>
   </trkpt>
   <trkpt lat="39.5635070" lon="-104.8624770">
    <ele>1766.8</ele>
    <time>2023-04-26T19:11:31Z</time>
   </trkpt>
   <trkpt lat="39.5635210" lon="-104.8624760">
    <ele>1766.7</ele>
    <time>2023-04-26T19:11:32Z</time>
   </trkpt>
   <trkpt lat="39.5635360" lon="-104.8624740">
    <ele>1766.7</ele>
    <time>2023-04-26T19:11:33Z</time>
   </trkpt>
   <trkpt lat="39.5635580" lon="-104.8624710">
    <ele>1766.6</ele>
    <time>2023-04-26T19:11:34Z</time>
   </trkpt>
   <trkpt lat="39.5635670" lon="-104.8624690">
    <ele>1766.6</ele>
    <time>2023-04-26T19:11:35Z</time>
   </trkpt>
   <trkpt lat="39.5635760" lon="-104.8624680">
    <ele>1766.6</ele>
    <time>2023-04-26T19:11:36Z</time>
   </trkpt>
   <trkpt lat="39.5635970" lon="-104.8624620">
    <ele>1766.6</ele>
    <time>2023-04-26T19:11:37Z</time>
   </trkpt>
   <trkpt lat="39.5636060" lon="-104.8624610">
    <ele>1766.6</ele>
    <time>2023-04-26T19:11:38Z</time>
   </trkpt>
   <trkpt lat="39.5636150" lon="-104.8624610">
    <ele>1766.5</ele>
    <time>2023-04-26T19:11:39Z</time>
   </trkpt>
   <trkpt lat="39.5636270" lon="-104.8624580">
    <ele>1766.5</ele>
    <time>2023-04-26T19:11:40Z</time>
   </trkpt>
   <trkpt lat="39.5636390" lon="-104.8624560">
    <ele>1766.5</ele>
    <time>2023-04-26T19:11:41Z</time>
   </trkpt>
   <trkpt lat="39.5636490" lon="-104.8624560">
    <ele>1766.5</ele>
    <time>2023-04-26T19:11:42Z</time>
   </trkpt>
   <trkpt lat="39.5636470" lon="-104.8624540">
    <ele>1766.5</ele>
    <time>2023-04-26T19:11:43Z</time>
   </trkpt>
   <trkpt lat="39.5636540" lon="-104.8624510">
    <ele>1766.5</ele>
    <time>2023-04-26T19:11:44Z</time>
   </trkpt>
   <trkpt lat="39.5636690" lon="-104.8624470">
    <ele>1766.5</ele>
    <time>2023-04-26T19:11:45Z</time>
   </trkpt>
   <trkpt lat="39.5636820" lon="-104.8624420">
    <ele>1766.5</ele>
    <time>2023-04-26T19:11:46Z</time>
   </trkpt>
   <trkpt lat="39.5636960" lon="-104.8624400">
    <ele>1766.4</ele>
    <time>2023-04-26T19:11:47Z</time>
   </trkpt>
   <trkpt lat="39.5637100" lon="-104.8624360">
    <ele>1766.4</ele>
    <time>2023-04-26T19:11:48Z</time>
   </trkpt>
   <trkpt lat="39.5637230" lon="-104.8624290">
    <ele>1766.4</ele>
    <time>2023-04-26T19:11:49Z</time>
   </trkpt>
   <trkpt lat="39.5637380" lon="-104.8624280">
    <ele>1766.4</ele>
    <time>2023-04-26T19:11:50Z</time>
   </trkpt>
   <trkpt lat="39.5637510" lon="-104.8624230">
    <ele>1766.4</ele>
    <time>2023-04-26T19:11:51Z</time>
   </trkpt>
   <trkpt lat="39.5637650" lon="-104.8624180">
    <ele>1766.4</ele>
    <time>2023-04-26T19:11:52Z</time>
   </trkpt>
   <trkpt lat="39.5637790" lon="-104.8624170">
    <ele>1766.4</ele>
    <time>2023-04-26T19:11:53Z</time>
   </trkpt>
   <trkpt lat="39.5637910" lon="-104.8624140">
    <ele>1766.4</ele>
    <time>2023-04-26T19:11:54Z</time>
   </trkpt>
   <trkpt lat="39.5638040" lon="-104.8624040">
    <ele>1766.4</ele>
    <time>2023-04-26T19:11:55Z</time>
   </trkpt>
   <trkpt lat="39.5638190" lon="-104.8624020">
    <ele>1766.3</ele>
    <time>2023-04-26T19:11:56Z</time>
   </trkpt>
   <trkpt lat="39.5638320" lon="-104.8623980">
    <ele>1766.3</ele>
    <time>2023-04-26T19:11:57Z</time>
   </trkpt>
   <trkpt lat="39.5638460" lon="-104.8623930">
    <ele>1766.3</ele>
    <time>2023-04-26T19:11:58Z</time>
   </trkpt>
   <trkpt lat="39.5638580" lon="-104.8623860">
    <ele>1766.3</ele>
    <time>2023-04-26T19:11:59Z</time>
   </trkpt>
   <trkpt lat="39.5638700" lon="-104.8623790">
    <ele>1766.3</ele>
    <time>2023-04-26T19:12:00Z</time>
   </trkpt>
   <trkpt lat="39.5638830" lon="-104.8623690">
    <ele>1766.3</ele>
    <time>2023-04-26T19:12:01Z</time>
   </trkpt>
   <trkpt lat="39.5638950" lon="-104.8623620">
    <ele>1766.3</ele>
    <time>2023-04-26T19:12:02Z</time>
   </trkpt>
   <trkpt lat="39.5639170" lon="-104.8623560">
    <ele>1766.3</ele>
    <time>2023-04-26T19:12:03Z</time>
   </trkpt>
   <trkpt lat="39.5639250" lon="-104.8623520">
    <ele>1766.3</ele>
    <time>2023-04-26T19:12:04Z</time>
   </trkpt>
   <trkpt lat="39.5639330" lon="-104.8623490">
    <ele>1766.3</ele>
    <time>2023-04-26T19:12:05Z</time>
   </trkpt>
   <trkpt lat="39.5639520" lon="-104.8623380">
    <ele>1766.3</ele>
    <time>2023-04-26T19:12:06Z</time>
   </trkpt>
   <trkpt lat="39.5639600" lon="-104.8623330">
    <ele>1766.3</ele>
    <time>2023-04-26T19:12:07Z</time>
   </trkpt>
   <trkpt lat="39.5639680" lon="-104.8623280">
    <ele>1766.3</ele>
    <time>2023-04-26T19:12:08Z</time>
   </trkpt>
   <trkpt lat="39.5639830" lon="-104.8623070">
    <ele>1766.3</ele>
    <time>2023-04-26T19:12:09Z</time>
   </trkpt>
   <trkpt lat="39.5639880" lon="-104.8622980">
    <ele>1766.3</ele>
    <time>2023-04-26T19:12:10Z</time>
   </trkpt>
   <trkpt lat="39.5639930" lon="-104.8622880">
    <ele>1766.3</ele>
    <time>2023-04-26T19:12:11Z</time>
   </trkpt>
   <trkpt lat="39.5639950" lon="-104.8622710">
    <ele>1766.3</ele>
    <time>2023-04-26T19:12:12Z</time>
   </trkpt>
   <trkpt lat="39.5639850" lon="-104.8622500">
    <ele>1766.3</ele>
    <time>2023-04-26T19:12:13Z</time>
   </trkpt>
   <trkpt lat="39.5639800" lon="-104.8622350">
    <ele>1766.3</ele>
    <time>2023-04-26T19:12:14Z</time>
   </trkpt>
   <trkpt lat="39.5639700" lon="-104.8622200">
    <ele>1766.3</ele>
    <time>2023-04-26T19:12:15Z</time>
   </trkpt>
   <trkpt lat="39.5639620" lon="-104.8622080">
    <ele>1766.3</ele>
    <time>2023-04-26T19:12:16Z</time>
   </trkpt>
   <trkpt lat="39.5639580" lon="-104.8622010">
    <ele>1766.3</ele>
    <time>2023-04-26T19:12:17Z</time>
   </trkpt>
   <trkpt lat="39.5639600" lon="-104.8621870">
    <ele>1766.3</ele>
    <time>2023-04-26T19:12:18Z</time>
   </trkpt>
   <trkpt lat="39.5639720" lon="-104.8621650">
    <ele>1766.3</ele>
    <time>2023-04-26T19:12:19Z</time>
   </trkpt>
   <trkpt lat="39.5639780" lon="-104.8621550">
    <ele>1766.3</ele>
    <time>2023-04-26T19:12:20Z</time>
   </trkpt>
   <trkpt lat="39.5639850" lon="-104.8621450">
    <ele>1766.3</ele>
    <time>2023-04-26T19:12:21Z</time>
   </trkpt>
   <trkpt lat="39.5639970" lon="-104.8621350">
    <ele>1766.3</ele>
    <time>2023-04-26T19:12:22Z</time>
   </trkpt>
   <trkpt lat="39.5640060" lon="-104.8621230">
    <ele>1766.3</ele>
    <time>2023-04-26T19:12:23Z</time>
   </trkpt>
   <trkpt lat="39.5640190" lon="-104.8621150">
    <ele>1766.3</ele>
    <time>2023-04-26T19:12:24Z</time>
   </trkpt>
   <trkpt lat="39.5640320" lon="-104.8621060">
    <ele>1766.2</ele>
    <time>2023-04-26T19:12:25Z</time>
   </trkpt>
   <trkpt lat="39.5640430" lon="-104.8620920">
    <ele>1766.2</ele>
    <time>2023-04-26T19:12:26Z</time>
   </trkpt>
   <trkpt lat="39.5640530" lon="-104.8620790">
    <ele>1766.2</ele>
    <time>2023-04-26T19:12:27Z</time>
   </trkpt>
   <trkpt lat="39.5640640" lon="-104.8620690">
    <ele>1766.2</ele>
    <time>2023-04-26T19:12:28Z</time>
   </trkpt>
   <trkpt lat="39.5640740" lon="-104.8620570">
    <ele>1766.2</ele>
    <time>2023-04-26T19:12:29Z</time>
   </trkpt>
   <trkpt lat="39.5640830" lon="-104.8620440">
    <ele>1766.2</ele>
    <time>2023-04-26T19:12:30Z</time>
   </trkpt>
   <trkpt lat="39.5640900" lon="-104.8620310">
    <ele>1766.2</ele>
    <time>2023-04-26T19:12:31Z</time>
   </trkpt>
   <trkpt lat="39.5640970" lon="-104.8620210">
    <ele>1766.2</ele>
    <time>2023-04-26T19:12:32Z</time>
   </trkpt>
   <trkpt lat="39.5641020" lon="-104.8620160">
    <ele>1766.2</ele>
    <time>2023-04-26T19:12:33Z</time>
   </trkpt>
   <trkpt lat="39.5641110" lon="-104.8620050">
    <ele>1766.1</ele>
    <time>2023-04-26T19:12:34Z</time>
   </trkpt>
   <trkpt lat="39.5641220" lon="-104.8619900">
    <ele>1766.1</ele>
    <time>2023-04-26T19:12:35Z</time>
   </trkpt>
   <trkpt lat="39.5641320" lon="-104.8619750">
    <ele>1766.1</ele>
    <time>2023-04-26T19:12:36Z</time>
   </trkpt>
   <trkpt lat="39.5641420" lon="-104.8619640">
    <ele>1766.2</ele>
    <time>2023-04-26T19:12:37Z</time>
   </trkpt>
   <trkpt lat="39.5641520" lon="-104.8619400">
    <ele>1766.2</ele>
    <time>2023-04-26T19:12:38Z</time>
   </trkpt>
   <trkpt lat="39.5641580" lon="-104.8619310">
    <ele>1766.2</ele>
    <time>2023-04-26T19:12:39Z</time>
   </trkpt>
   <trkpt lat="39.5641630" lon="-104.8619220">
    <ele>1766.2</ele>
    <time>2023-04-26T19:12:40Z</time>
   </trkpt>
   <trkpt lat="39.5641730" lon="-104.8619070">
    <ele>1766.2</ele>
    <time>2023-04-26T19:12:41Z</time>
   </trkpt>
   <trkpt lat="39.5641790" lon="-104.8618930">
    <ele>1766.2</ele>
    <time>2023-04-26T19:12:42Z</time>
   </trkpt>
   <trkpt lat="39.5641790" lon="-104.8618820">
    <ele>1766.2</ele>
    <time>2023-04-26T19:12:43Z</time>
   </trkpt>
   <trkpt lat="39.5641830" lon="-104.8618710">
    <ele>1766.2</ele>
    <time>2023-04-26T19:12:44Z</time>
   </trkpt>
   <trkpt lat="39.5641900" lon="-104.8618590">
    <ele>1766.2</ele>
    <time>2023-04-26T19:12:45Z</time>
   </trkpt>
   <trkpt lat="39.5642000" lon="-104.8618400">
    <ele>1766.2</ele>
    <time>2023-04-26T19:12:46Z</time>
   </trkpt>
   <trkpt lat="39.5642080" lon="-104.8618250">
    <ele>1766.2</ele>
    <time>2023-04-26T19:12:47Z</time>
   </trkpt>
   <trkpt lat="39.5642170" lon="-104.8618010">
    <ele>1766.2</ele>
    <time>2023-04-26T19:12:48Z</time>
   </trkpt>
   <trkpt lat="39.5642200" lon="-104.8617910">
    <ele>1766.2</ele>
    <time>2023-04-26T19:12:49Z</time>
   </trkpt>
   <trkpt lat="39.5642240" lon="-104.8617820">
    <ele>1766.2</ele>
    <time>2023-04-26T19:12:50Z</time>
   </trkpt>
   <trkpt lat="39.5642330" lon="-104.8617610">
    <ele>1766.2</ele>
    <time>2023-04-26T19:12:51Z</time>
   </trkpt>
   <trkpt lat="39.5642430" lon="-104.8617450">
    <ele>1766.2</ele>
    <time>2023-04-26T19:12:52Z</time>
   </trkpt>
   <trkpt lat="39.5642580" lon="-104.8617350">
    <ele>1766.2</ele>
    <time>2023-04-26T19:12:53Z</time>
   </trkpt>
   <trkpt lat="39.5642690" lon="-104.8617270">
    <ele>1766.1</ele>
    <time>2023-04-26T19:12:54Z</time>
   </trkpt>
   <trkpt lat="39.5642790" lon="-104.8617360">
    <ele>1766.1</ele>
    <time>2023-04-26T19:12:55Z</time>
   </trkpt>
   <trkpt lat="39.5642890" lon="-104.8617310">
    <ele>1766.1</ele>
    <time>2023-04-26T19:12:56Z</time>
   </trkpt>
   <trkpt lat="39.5642960" lon="-104.8617190">
    <ele>1766.1</ele>
    <time>2023-04-26T19:12:57Z</time>
   </trkpt>
   <trkpt lat="39.5643170" lon="-104.8616920">
    <ele>1766.1</ele>
    <time>2023-04-26T19:12:58Z</time>
   </trkpt>
   <trkpt lat="39.5643210" lon="-104.8616840">
    <ele>1766.0</ele>
    <time>2023-04-26T19:12:59Z</time>
   </trkpt>
   <trkpt lat="39.5643310" lon="-104.8616680">
    <ele>1766.0</ele>
    <time>2023-04-26T19:13:00Z</time>
   </trkpt>
   <trkpt lat="39.5643350" lon="-104.8616470">
    <ele>1766.0</ele>
    <time>2023-04-26T19:13:01Z</time>
   </trkpt>
   <trkpt lat="39.5643510" lon="-104.8616220">
    <ele>1766.0</ele>
    <time>2023-04-26T19:13:02Z</time>
   </trkpt>
   <trkpt lat="39.5643580" lon="-104.8616110">
    <ele>1765.9</ele>
    <time>2023-04-26T19:13:04Z</time>
   </trkpt>
   <trkpt lat="39.5643640" lon="-104.8615990">
    <ele>1765.9</ele>
    <time>2023-04-26T19:13:05Z</time>
   </trkpt>
   <trkpt lat="39.5643700" lon="-104.8615880">
    <ele>1765.9</ele>
    <time>2023-04-26T19:13:06Z</time>
   </trkpt>
   <trkpt lat="39.5643760" lon="-104.8615760">
    <ele>1765.9</ele>
    <time>2023-04-26T19:13:07Z</time>
   </trkpt>
   <trkpt lat="39.5643880" lon="-104.8615530">
    <ele>1765.9</ele>
    <time>2023-04-26T19:13:08Z</time>
   </trkpt>
   <trkpt lat="39.5643930" lon="-104.8615430">
    <ele>1765.9</ele>
    <time>2023-04-26T19:13:09Z</time>
   </trkpt>
   <trkpt lat="39.5643970" lon="-104.8615330">
    <ele>1765.8</ele>
    <time>2023-04-26T19:13:10Z</time>
   </trkpt>
   <trkpt lat="39.5644100" lon="-104.8615110">
    <ele>1765.8</ele>
    <time>2023-04-26T19:13:11Z</time>
   </trkpt>
   <trkpt lat="39.5644150" lon="-104.8615020">
    <ele>1765.8</ele>
    <time>2023-04-26T19:13:12Z</time>
   </trkpt>
   <trkpt lat="39.5644200" lon="-104.8614930">
    <ele>1765.8</ele>
    <time>2023-04-26T19:13:13Z</time>
   </trkpt>
   <trkpt lat="39.5644280" lon="-104.8614660">
    <ele>1765.8</ele>
    <time>2023-04-26T19:13:14Z</time>
   </trkpt>
   <trkpt lat="39.5644300" lon="-104.8614550">
    <ele>1765.8</ele>
    <time>2023-04-26T19:13:15Z</time>
   </trkpt>
   <trkpt lat="39.5644320" lon="-104.8614440">
    <ele>1765.8</ele>
    <time>2023-04-26T19:13:16Z</time>
   </trkpt>
   <trkpt lat="39.5644400" lon="-104.8614180">
    <ele>1765.8</ele>
    <time>2023-04-26T19:13:17Z</time>
   </trkpt>
   <trkpt lat="39.5644440" lon="-104.8614090">
    <ele>1765.8</ele>
    <time>2023-04-26T19:13:18Z</time>
   </trkpt>
   <trkpt lat="39.5644480" lon="-104.8613990">
    <ele>1765.8</ele>
    <time>2023-04-26T19:13:19Z</time>
   </trkpt>
   <trkpt lat="39.5644630" lon="-104.8613800">
    <ele>1765.8</ele>
    <time>2023-04-26T19:13:20Z</time>
   </trkpt>
   <trkpt lat="39.5644710" lon="-104.8613750">
    <ele>1765.8</ele>
    <time>2023-04-26T19:13:21Z</time>
   </trkpt>
   <trkpt lat="39.5644780" lon="-104.8613700">
    <ele>1765.8</ele>
    <time>2023-04-26T19:13:22Z</time>
   </trkpt>
   <trkpt lat="39.5644870" lon="-104.8613610">
    <ele>1765.8</ele>
    <time>2023-04-26T19:13:23Z</time>
   </trkpt>
   <trkpt lat="39.5644870" lon="-104.8613520">
    <ele>1765.8</ele>
    <time>2023-04-26T19:13:24Z</time>
   </trkpt>
   <trkpt lat="39.5644860" lon="-104.8613420">
    <ele>1765.8</ele>
    <time>2023-04-26T19:13:25Z</time>
   </trkpt>
   <trkpt lat="39.5644890" lon="-104.8613300">
    <ele>1765.8</ele>
    <time>2023-04-26T19:13:26Z</time>
   </trkpt>
   <trkpt lat="39.5644980" lon="-104.8612980">
    <ele>1765.8</ele>
    <time>2023-04-26T19:13:27Z</time>
   </trkpt>
   <trkpt lat="39.5645080" lon="-104.8612860">
    <ele>1765.9</ele>
    <time>2023-04-26T19:13:28Z</time>
   </trkpt>
   <trkpt lat="39.5645220" lon="-104.8612790">
    <ele>1766.0</ele>
    <time>2023-04-26T19:13:29Z</time>
   </trkpt>
   <trkpt lat="39.5645340" lon="-104.8612700">
    <ele>1766.0</ele>
    <time>2023-04-26T19:13:30Z</time>
   </trkpt>
   <trkpt lat="39.5645450" lon="-104.8612600">
    <ele>1766.0</ele>
    <time>2023-04-26T19:13:31Z</time>
   </trkpt>
   <trkpt lat="39.5645590" lon="-104.8612560">
    <ele>1766.0</ele>
    <time>2023-04-26T19:13:32Z</time>
   </trkpt>
   <trkpt lat="39.5645730" lon="-104.8612590">
    <ele>1766.0</ele>
    <time>2023-04-26T19:13:33Z</time>
   </trkpt>
   <trkpt lat="39.5645850" lon="-104.8612670">
    <ele>1766.3</ele>
    <time>2023-04-26T19:13:34Z</time>
   </trkpt>
   <trkpt lat="39.5645970" lon="-104.8612740">
    <ele>1766.3</ele>
    <time>2023-04-26T19:13:35Z</time>
   </trkpt>
   <trkpt lat="39.5646090" lon="-104.8612760">
    <ele>1766.3</ele>
    <time>2023-04-26T19:13:36Z</time>
   </trkpt>
   <trkpt lat="39.5646190" lon="-104.8612660">
    <ele>1766.3</ele>
    <time>2023-04-26T19:13:37Z</time>
   </trkpt>
   <trkpt lat="39.5646210" lon="-104.8612480">
    <ele>1766.3</ele>
    <time>2023-04-26T19:13:38Z</time>
   </trkpt>
   <trkpt lat="39.5646290" lon="-104.8612280">
    <ele>1766.3</ele>
    <time>2023-04-26T19:13:39Z</time>
   </trkpt>
   <trkpt lat="39.5646340" lon="-104.8612010">
    <ele>1766.3</ele>
    <time>2023-04-26T19:13:40Z</time>
   </trkpt>
   <trkpt lat="39.5646360" lon="-104.8611890">
    <ele>1766.3</ele>
    <time>2023-04-26T19:13:41Z</time>
   </trkpt>
   <trkpt lat="39.5646370" lon="-104.8611780">
    <ele>1766.3</ele>
    <time>2023-04-26T19:13:42Z</time>
   </trkpt>
   <trkpt lat="39.5646440" lon="-104.8611610">
    <ele>1766.2</ele>
    <time>2023-04-26T19:13:43Z</time>
   </trkpt>
   <trkpt lat="39.5646500" lon="-104.8611450">
    <ele>1766.2</ele>
    <time>2023-04-26T19:13:44Z</time>
   </trkpt>
   <trkpt lat="39.5646590" lon="-104.8611300">
    <ele>1766.2</ele>
    <time>2023-04-26T19:13:45Z</time>
   </trkpt>
   <trkpt lat="39.5646660" lon="-104.8611140">
    <ele>1766.2</ele>
    <time>2023-04-26T19:13:46Z</time>
   </trkpt>
   <trkpt lat="39.5646730" lon="-104.8611000">
    <ele>1766.2</ele>
    <time>2023-04-26T19:13:47Z</time>
   </trkpt>
   <trkpt lat="39.5646850" lon="-104.8610880">
    <ele>1766.2</ele>
    <time>2023-04-26T19:13:48Z</time>
   </trkpt>
   <trkpt lat="39.5646940" lon="-104.8610750">
    <ele>1766.2</ele>
    <time>2023-04-26T19:13:49Z</time>
   </trkpt>
   <trkpt lat="39.5647010" lon="-104.8610590">
    <ele>1766.2</ele>
    <time>2023-04-26T19:13:50Z</time>
   </trkpt>
   <trkpt lat="39.5647130" lon="-104.8610340">
    <ele>1766.2</ele>
    <time>2023-04-26T19:13:51Z</time>
   </trkpt>
   <trkpt lat="39.5647180" lon="-104.8610250">
    <ele>1766.2</ele>
    <time>2023-04-26T19:13:52Z</time>
   </trkpt>
   <trkpt lat="39.5647230" lon="-104.8610160">
    <ele>1766.2</ele>
    <time>2023-04-26T19:13:53Z</time>
   </trkpt>
   <trkpt lat="39.5647360" lon="-104.8610070">
    <ele>1766.2</ele>
    <time>2023-04-26T19:13:54Z</time>
   </trkpt>
   <trkpt lat="39.5647460" lon="-104.8609960">
    <ele>1766.2</ele>
    <time>2023-04-26T19:13:55Z</time>
   </trkpt>
   <trkpt lat="39.5647560" lon="-104.8609830">
    <ele>1766.2</ele>
    <time>2023-04-26T19:13:56Z</time>
   </trkpt>
   <trkpt lat="39.5647660" lon="-104.8609680">
    <ele>1766.2</ele>
    <time>2023-04-26T19:13:57Z</time>
   </trkpt>
   <trkpt lat="39.5647760" lon="-104.8609530">
    <ele>1766.2</ele>
    <time>2023-04-26T19:13:58Z</time>
   </trkpt>
   <trkpt lat="39.5647900" lon="-104.8609430">
    <ele>1766.2</ele>
    <time>2023-04-26T19:13:59Z</time>
   </trkpt>
   <trkpt lat="39.5648020" lon="-104.8609290">
    <ele>1766.2</ele>
    <time>2023-04-26T19:14:00Z</time>
   </trkpt>
   <trkpt lat="39.5648100" lon="-104.8609130">
    <ele>1766.2</ele>
    <time>2023-04-26T19:14:01Z</time>
   </trkpt>
   <trkpt lat="39.5648200" lon="-104.8608990">
    <ele>1766.2</ele>
    <time>2023-04-26T19:14:02Z</time>
   </trkpt>
   <trkpt lat="39.5648290" lon="-104.8608850">
    <ele>1766.1</ele>
    <time>2023-04-26T19:14:03Z</time>
   </trkpt>
   <trkpt lat="39.5648420" lon="-104.8608750">
    <ele>1766.1</ele>
    <time>2023-04-26T19:14:04Z</time>
   </trkpt>
   <trkpt lat="39.5648550" lon="-104.8608660">
    <ele>1766.1</ele>
    <time>2023-04-26T19:14:05Z</time>
   </trkpt>
   <trkpt lat="39.5648680" lon="-104.8608550">
    <ele>1766.1</ele>
    <time>2023-04-26T19:14:06Z</time>
   </trkpt>
   <trkpt lat="39.5648790" lon="-104.8608420">
    <ele>1766.1</ele>
    <time>2023-04-26T19:14:07Z</time>
   </trkpt>
   <trkpt lat="39.5648910" lon="-104.8608310">
    <ele>1766.1</ele>
    <time>2023-04-26T19:14:08Z</time>
   </trkpt>
   <trkpt lat="39.5649030" lon="-104.8608220">
    <ele>1766.1</ele>
    <time>2023-04-26T19:14:09Z</time>
   </trkpt>
   <trkpt lat="39.5649160" lon="-104.8608130">
    <ele>1766.0</ele>
    <time>2023-04-26T19:14:10Z</time>
   </trkpt>
   <trkpt lat="39.5649280" lon="-104.8608050">
    <ele>1766.0</ele>
    <time>2023-04-26T19:14:11Z</time>
   </trkpt>
   <trkpt lat="39.5649420" lon="-104.8608010">
    <ele>1766.0</ele>
    <time>2023-04-26T19:14:12Z</time>
   </trkpt>
   <trkpt lat="39.5649550" lon="-104.8607970">
    <ele>1766.0</ele>
    <time>2023-04-26T19:14:13Z</time>
   </trkpt>
   <trkpt lat="39.5649770" lon="-104.8607960">
    <ele>1766.0</ele>
    <time>2023-04-26T19:14:14Z</time>
   </trkpt>
   <trkpt lat="39.5649860" lon="-104.8607960">
    <ele>1766.0</ele>
    <time>2023-04-26T19:14:15Z</time>
   </trkpt>
   <trkpt lat="39.5649950" lon="-104.8607960">
    <ele>1765.9</ele>
    <time>2023-04-26T19:14:16Z</time>
   </trkpt>
   <trkpt lat="39.5650100" lon="-104.8607900">
    <ele>1765.9</ele>
    <time>2023-04-26T19:14:17Z</time>
   </trkpt>
   <trkpt lat="39.5650230" lon="-104.8607840">
    <ele>1765.9</ele>
    <time>2023-04-26T19:14:18Z</time>
   </trkpt>
   <trkpt lat="39.5650370" lon="-104.8607770">
    <ele>1765.9</ele>
    <time>2023-04-26T19:14:19Z</time>
   </trkpt>
   <trkpt lat="39.5650500" lon="-104.8607700">
    <ele>1765.9</ele>
    <time>2023-04-26T19:14:20Z</time>
   </trkpt>
   <trkpt lat="39.5650630" lon="-104.8607660">
    <ele>1765.9</ele>
    <time>2023-04-26T19:14:21Z</time>
   </trkpt>
   <trkpt lat="39.5650780" lon="-104.8607600">
    <ele>1765.8</ele>
    <time>2023-04-26T19:14:22Z</time>
   </trkpt>
   <trkpt lat="39.5650920" lon="-104.8607540">
    <ele>1765.8</ele>
    <time>2023-04-26T19:14:23Z</time>
   </trkpt>
   <trkpt lat="39.5651040" lon="-104.8607480">
    <ele>1765.8</ele>
    <time>2023-04-26T19:14:24Z</time>
   </trkpt>
   <trkpt lat="39.5651180" lon="-104.8607420">
    <ele>1765.8</ele>
    <time>2023-04-26T19:14:25Z</time>
   </trkpt>
   <trkpt lat="39.5651300" lon="-104.8607360">
    <ele>1765.8</ele>
    <time>2023-04-26T19:14:26Z</time>
   </trkpt>
   <trkpt lat="39.5651510" lon="-104.8607250">
    <ele>1765.7</ele>
    <time>2023-04-26T19:14:27Z</time>
   </trkpt>
   <trkpt lat="39.5651600" lon="-104.8607220">
    <ele>1765.7</ele>
    <time>2023-04-26T19:14:28Z</time>
   </trkpt>
   <trkpt lat="39.5651690" lon="-104.8607190">
    <ele>1765.7</ele>
    <time>2023-04-26T19:14:29Z</time>
   </trkpt>
   <trkpt lat="39.5651910" lon="-104.8607110">
    <ele>1765.7</ele>
    <time>2023-04-26T19:14:30Z</time>
   </trkpt>
   <trkpt lat="39.5651990" lon="-104.8607090">
    <ele>1765.7</ele>
    <time>2023-04-26T19:14:31Z</time>
   </trkpt>
   <trkpt lat="39.5652080" lon="-104.8607070">
    <ele>1765.7</ele>
    <time>2023-04-26T19:14:32Z</time>
   </trkpt>
   <trkpt lat="39.5652230" lon="-104.8607050">
    <ele>1765.7</ele>
    <time>2023-04-26T19:14:33Z</time>
   </trkpt>
   <trkpt lat="39.5652360" lon="-104.8607010">
    <ele>1765.7</ele>
    <time>2023-04-26T19:14:34Z</time>
   </trkpt>
   <trkpt lat="39.5652500" lon="-104.8606970">
    <ele>1765.6</ele>
    <time>2023-04-26T19:14:35Z</time>
   </trkpt>
   <trkpt lat="39.5652640" lon="-104.8606930">
    <ele>1765.6</ele>
    <time>2023-04-26T19:14:36Z</time>
   </trkpt>
   <trkpt lat="39.5652780" lon="-104.8606870">
    <ele>1765.6</ele>
    <time>2023-04-26T19:14:37Z</time>
   </trkpt>
   <trkpt lat="39.5652910" lon="-104.8606820">
    <ele>1765.6</ele>
    <time>2023-04-26T19:14:38Z</time>
   </trkpt>
   <trkpt lat="39.5653050" lon="-104.8606810">
    <ele>1765.6</ele>
    <time>2023-04-26T19:14:39Z</time>
   </trkpt>
   <trkpt lat="39.5653200" lon="-104.8606800">
    <ele>1765.6</ele>
    <time>2023-04-26T19:14:40Z</time>
   </trkpt>
   <trkpt lat="39.5653340" lon="-104.8606810">
    <ele>1765.6</ele>
    <time>2023-04-26T19:14:41Z</time>
   </trkpt>
   <trkpt lat="39.5653480" lon="-104.8606820">
    <ele>1765.5</ele>
    <time>2023-04-26T19:14:42Z</time>
   </trkpt>
   <trkpt lat="39.5653620" lon="-104.8606830">
    <ele>1765.5</ele>
    <time>2023-04-26T19:14:43Z</time>
   </trkpt>
   <trkpt lat="39.5653760" lon="-104.8606780">
    <ele>1765.5</ele>
    <time>2023-04-26T19:14:44Z</time>
   </trkpt>
   <trkpt lat="39.5653910" lon="-104.8606800">
    <ele>1765.5</ele>
    <time>2023-04-26T19:14:45Z</time>
   </trkpt>
   <trkpt lat="39.5654050" lon="-104.8606780">
    <ele>1765.5</ele>
    <time>2023-04-26T19:14:46Z</time>
   </trkpt>
   <trkpt lat="39.5654270" lon="-104.8606770">
    <ele>1765.5</ele>
    <time>2023-04-26T19:14:47Z</time>
   </trkpt>
   <trkpt lat="39.5654360" lon="-104.8606760">
    <ele>1765.5</ele>
    <time>2023-04-26T19:14:48Z</time>
   </trkpt>
   <trkpt lat="39.5654450" lon="-104.8606750">
    <ele>1765.5</ele>
    <time>2023-04-26T19:14:49Z</time>
   </trkpt>
   <trkpt lat="39.5654580" lon="-104.8606780">
    <ele>1765.4</ele>
    <time>2023-04-26T19:14:50Z</time>
   </trkpt>
   <trkpt lat="39.5654730" lon="-104.8606790">
    <ele>1765.4</ele>
    <time>2023-04-26T19:14:51Z</time>
   </trkpt>
   <trkpt lat="39.5654880" lon="-104.8606810">
    <ele>1765.4</ele>
    <time>2023-04-26T19:14:52Z</time>
   </trkpt>
   <trkpt lat="39.5655040" lon="-104.8606800">
    <ele>1765.4</ele>
    <time>2023-04-26T19:14:53Z</time>
   </trkpt>
   <trkpt lat="39.5655190" lon="-104.8606840">
    <ele>1765.4</ele>
    <time>2023-04-26T19:14:54Z</time>
   </trkpt>
   <trkpt lat="39.5655330" lon="-104.8606870">
    <ele>1765.4</ele>
    <time>2023-04-26T19:14:55Z</time>
   </trkpt>
   <trkpt lat="39.5655460" lon="-104.8606880">
    <ele>1765.4</ele>
    <time>2023-04-26T19:14:56Z</time>
   </trkpt>
   <trkpt lat="39.5655610" lon="-104.8606890">
    <ele>1765.4</ele>
    <time>2023-04-26T19:14:57Z</time>
   </trkpt>
   <trkpt lat="39.5655750" lon="-104.8606840">
    <ele>1765.3</ele>
    <time>2023-04-26T19:14:58Z</time>
   </trkpt>
   <trkpt lat="39.5655890" lon="-104.8606840">
    <ele>1765.3</ele>
    <time>2023-04-26T19:14:59Z</time>
   </trkpt>
   <trkpt lat="39.5656030" lon="-104.8606820">
    <ele>1765.3</ele>
    <time>2023-04-26T19:15:00Z</time>
   </trkpt>
   <trkpt lat="39.5656170" lon="-104.8606820">
    <ele>1765.3</ele>
    <time>2023-04-26T19:15:01Z</time>
   </trkpt>
   <trkpt lat="39.5656310" lon="-104.8606830">
    <ele>1765.3</ele>
    <time>2023-04-26T19:15:02Z</time>
   </trkpt>
   <trkpt lat="39.5656460" lon="-104.8606840">
    <ele>1765.3</ele>
    <time>2023-04-26T19:15:03Z</time>
   </trkpt>
   <trkpt lat="39.5656600" lon="-104.8606760">
    <ele>1765.3</ele>
    <time>2023-04-26T19:15:04Z</time>
   </trkpt>
   <trkpt lat="39.5656740" lon="-104.8606780">
    <ele>1765.3</ele>
    <time>2023-04-26T19:15:05Z</time>
   </trkpt>
   <trkpt lat="39.5656880" lon="-104.8606800">
    <ele>1765.3</ele>
    <time>2023-04-26T19:15:06Z</time>
   </trkpt>
   <trkpt lat="39.5657010" lon="-104.8606840">
    <ele>1765.2</ele>
    <time>2023-04-26T19:15:07Z</time>
   </trkpt>
   <trkpt lat="39.5657150" lon="-104.8606840">
    <ele>1765.2</ele>
    <time>2023-04-26T19:15:08Z</time>
   </trkpt>
   <trkpt lat="39.5657290" lon="-104.8606840">
    <ele>1765.2</ele>
    <time>2023-04-26T19:15:10Z</time>
   </trkpt>
   <trkpt lat="39.5657440" lon="-104.8606840">
    <ele>1765.2</ele>
    <time>2023-04-26T19:15:11Z</time>
   </trkpt>
   <trkpt lat="39.5657580" lon="-104.8606810">
    <ele>1765.2</ele>
    <time>2023-04-26T19:15:12Z</time>
   </trkpt>
   <trkpt lat="39.5657720" lon="-104.8606770">
    <ele>1765.2</ele>
    <time>2023-04-26T19:15:13Z</time>
   </trkpt>
   <trkpt lat="39.5657860" lon="-104.8606780">
    <ele>1765.2</ele>
    <time>2023-04-26T19:15:14Z</time>
   </trkpt>
   <trkpt lat="39.5658000" lon="-104.8606800">
    <ele>1765.2</ele>
    <time>2023-04-26T19:15:15Z</time>
   </trkpt>
   <trkpt lat="39.5658140" lon="-104.8606780">
    <ele>1765.2</ele>
    <time>2023-04-26T19:15:16Z</time>
   </trkpt>
   <trkpt lat="39.5658280" lon="-104.8606770">
    <ele>1765.1</ele>
    <time>2023-04-26T19:15:17Z</time>
   </trkpt>
   <trkpt lat="39.5658420" lon="-104.8606770">
    <ele>1765.1</ele>
    <time>2023-04-26T19:15:18Z</time>
   </trkpt>
   <trkpt lat="39.5658560" lon="-104.8606790">
    <ele>1765.1</ele>
    <time>2023-04-26T19:15:19Z</time>
   </trkpt>
   <trkpt lat="39.5658700" lon="-104.8606790">
    <ele>1765.1</ele>
    <time>2023-04-26T19:15:20Z</time>
   </trkpt>
   <trkpt lat="39.5658850" lon="-104.8606770">
    <ele>1765.1</ele>
    <time>2023-04-26T19:15:21Z</time>
   </trkpt>
   <trkpt lat="39.5658980" lon="-104.8606710">
    <ele>1765.1</ele>
    <time>2023-04-26T19:15:22Z</time>
   </trkpt>
   <trkpt lat="39.5659130" lon="-104.8606710">
    <ele>1765.1</ele>
    <time>2023-04-26T19:15:23Z</time>
   </trkpt>
   <trkpt lat="39.5659290" lon="-104.8606660">
    <ele>1765.1</ele>
    <time>2023-04-26T19:15:24Z</time>
   </trkpt>
   <trkpt lat="39.5659440" lon="-104.8606610">
    <ele>1765.1</ele>
    <time>2023-04-26T19:15:25Z</time>
   </trkpt>
   <trkpt lat="39.5659630" lon="-104.8606680">
    <ele>1765.1</ele>
    <time>2023-04-26T19:15:26Z</time>
   </trkpt>
   <trkpt lat="39.5659790" lon="-104.8606640">
    <ele>1765.0</ele>
    <time>2023-04-26T19:15:27Z</time>
   </trkpt>
   <trkpt lat="39.5659950" lon="-104.8606650">
    <ele>1765.0</ele>
    <time>2023-04-26T19:15:28Z</time>
   </trkpt>
   <trkpt lat="39.5660130" lon="-104.8606680">
    <ele>1765.0</ele>
    <time>2023-04-26T19:15:29Z</time>
   </trkpt>
   <trkpt lat="39.5660300" lon="-104.8606670">
    <ele>1765.0</ele>
    <time>2023-04-26T19:15:30Z</time>
   </trkpt>
   <trkpt lat="39.5660470" lon="-104.8606680">
    <ele>1765.0</ele>
    <time>2023-04-26T19:15:31Z</time>
   </trkpt>
   <trkpt lat="39.5660650" lon="-104.8606660">
    <ele>1765.0</ele>
    <time>2023-04-26T19:15:32Z</time>
   </trkpt>
   <trkpt lat="39.5660960" lon="-104.8606570">
    <ele>1764.9</ele>
    <time>2023-04-26T19:15:33Z</time>
   </trkpt>
   <trkpt lat="39.5661050" lon="-104.8606540">
    <ele>1764.9</ele>
    <time>2023-04-26T19:15:34Z</time>
   </trkpt>
   <trkpt lat="39.5661200" lon="-104.8606570">
    <ele>1764.9</ele>
    <time>2023-04-26T19:15:35Z</time>
   </trkpt>
   <trkpt lat="39.5661370" lon="-104.8606640">
    <ele>1764.9</ele>
    <time>2023-04-26T19:15:36Z</time>
   </trkpt>
   <trkpt lat="39.5661520" lon="-104.8606670">
    <ele>1764.9</ele>
    <time>2023-04-26T19:15:37Z</time>
   </trkpt>
   <trkpt lat="39.5661680" lon="-104.8606660">
    <ele>1764.9</ele>
    <time>2023-04-26T19:15:38Z</time>
   </trkpt>
   <trkpt lat="39.5661980" lon="-104.8606710">
    <ele>1764.8</ele>
    <time>2023-04-26T19:15:39Z</time>
   </trkpt>
   <trkpt lat="39.5662130" lon="-104.8606710">
    <ele>1764.8</ele>
    <time>2023-04-26T19:15:40Z</time>
   </trkpt>
   <trkpt lat="39.5662270" lon="-104.8606730">
    <ele>1764.8</ele>
    <time>2023-04-26T19:15:41Z</time>
   </trkpt>
   <trkpt lat="39.5662410" lon="-104.8606700">
    <ele>1764.8</ele>
    <time>2023-04-26T19:15:42Z</time>
   </trkpt>
   <trkpt lat="39.5662560" lon="-104.8606710">
    <ele>1764.8</ele>
    <time>2023-04-26T19:15:43Z</time>
   </trkpt>
   <trkpt lat="39.5662720" lon="-104.8606710">
    <ele>1764.8</ele>
    <time>2023-04-26T19:15:44Z</time>
   </trkpt>
   <trkpt lat="39.5662870" lon="-104.8606740">
    <ele>1764.8</ele>
    <time>2023-04-26T19:15:45Z</time>
   </trkpt>
   <trkpt lat="39.5663030" lon="-104.8606710">
    <ele>1764.8</ele>
    <time>2023-04-26T19:15:46Z</time>
   </trkpt>
   <trkpt lat="39.5663170" lon="-104.8606700">
    <ele>1764.8</ele>
    <time>2023-04-26T19:15:47Z</time>
   </trkpt>
   <trkpt lat="39.5663310" lon="-104.8606620">
    <ele>1764.7</ele>
    <time>2023-04-26T19:15:48Z</time>
   </trkpt>
   <trkpt lat="39.5663450" lon="-104.8606590">
    <ele>1764.7</ele>
    <time>2023-04-26T19:15:49Z</time>
   </trkpt>
   <trkpt lat="39.5663590" lon="-104.8606630">
    <ele>1764.7</ele>
    <time>2023-04-26T19:15:50Z</time>
   </trkpt>
   <trkpt lat="39.5663730" lon="-104.8606650">
    <ele>1764.7</ele>
    <time>2023-04-26T19:15:51Z</time>
   </trkpt>
   <trkpt lat="39.5663870" lon="-104.8606710">
    <ele>1764.7</ele>
    <time>2023-04-26T19:15:52Z</time>
   </trkpt>
   <trkpt lat="39.5664020" lon="-104.8606770">
    <ele>1764.7</ele>
    <time>2023-04-26T19:15:53Z</time>
   </trkpt>
   <trkpt lat="39.5664160" lon="-104.8606780">
    <ele>1764.7</ele>
    <time>2023-04-26T19:15:54Z</time>
   </trkpt>
   <trkpt lat="39.5664300" lon="-104.8606810">
    <ele>1764.7</ele>
    <time>2023-04-26T19:15:55Z</time>
   </trkpt>
   <trkpt lat="39.5664510" lon="-104.8606850">
    <ele>1764.7</ele>
    <time>2023-04-26T19:15:56Z</time>
   </trkpt>
   <trkpt lat="39.5664600" lon="-104.8606880">
    <ele>1764.7</ele>
    <time>2023-04-26T19:15:57Z</time>
   </trkpt>
   <trkpt lat="39.5664700" lon="-104.8606910">
    <ele>1764.7</ele>
    <time>2023-04-26T19:15:58Z</time>
   </trkpt>
   <trkpt lat="39.5664830" lon="-104.8606990">
    <ele>1764.7</ele>
    <time>2023-04-26T19:15:59Z</time>
   </trkpt>
   <trkpt lat="39.5664970" lon="-104.8607020">
    <ele>1764.7</ele>
    <time>2023-04-26T19:16:00Z</time>
   </trkpt>
   <trkpt lat="39.5665090" lon="-104.8607090">
    <ele>1764.7</ele>
    <time>2023-04-26T19:16:01Z</time>
   </trkpt>
   <trkpt lat="39.5665220" lon="-104.8607140">
    <ele>1764.7</ele>
    <time>2023-04-26T19:16:02Z</time>
   </trkpt>
   <trkpt lat="39.5665360" lon="-104.8607180">
    <ele>1764.7</ele>
    <time>2023-04-26T19:16:03Z</time>
   </trkpt>
   <trkpt lat="39.5665500" lon="-104.8607240">
    <ele>1764.7</ele>
    <time>2023-04-26T19:16:04Z</time>
   </trkpt>
   <trkpt lat="39.5665640" lon="-104.8607290">
    <ele>1764.7</ele>
    <time>2023-04-26T19:16:05Z</time>
   </trkpt>
   <trkpt lat="39.5665780" lon="-104.8607340">
    <ele>1764.7</ele>
    <time>2023-04-26T19:16:06Z</time>
   </trkpt>
   <trkpt lat="39.5665900" lon="-104.8607410">
    <ele>1764.7</ele>
    <time>2023-04-26T19:16:07Z</time>
   </trkpt>
   <trkpt lat="39.5666040" lon="-104.8607480">
    <ele>1764.7</ele>
    <time>2023-04-26T19:16:08Z</time>
   </trkpt>
   <trkpt lat="39.5666160" lon="-104.8607550">
    <ele>1764.7</ele>
    <time>2023-04-26T19:16:09Z</time>
   </trkpt>
   <trkpt lat="39.5666290" lon="-104.8607630">
    <ele>1764.7</ele>
    <time>2023-04-26T19:16:10Z</time>
   </trkpt>
   <trkpt lat="39.5666410" lon="-104.8607730">
    <ele>1764.7</ele>
    <time>2023-04-26T19:16:11Z</time>
   </trkpt>
   <trkpt lat="39.5666520" lon="-104.8607810">
    <ele>1764.7</ele>
    <time>2023-04-26T19:16:12Z</time>
   </trkpt>
   <trkpt lat="39.5666730" lon="-104.8607890">
    <ele>1764.7</ele>
    <time>2023-04-26T19:16:13Z</time>
   </trkpt>
   <trkpt lat="39.5666810" lon="-104.8607950">
    <ele>1764.7</ele>
    <time>2023-04-26T19:16:14Z</time>
   </trkpt>
   <trkpt lat="39.5666890" lon="-104.8608010">
    <ele>1764.7</ele>
    <time>2023-04-26T19:16:15Z</time>
   </trkpt>
   <trkpt lat="39.5667000" lon="-104.8608130">
    <ele>1764.7</ele>
    <time>2023-04-26T19:16:16Z</time>
   </trkpt>
   <trkpt lat="39.5667130" lon="-104.8608200">
    <ele>1764.6</ele>
    <time>2023-04-26T19:16:17Z</time>
   </trkpt>
   <trkpt lat="39.5667250" lon="-104.8608260">
    <ele>1764.6</ele>
    <time>2023-04-26T19:16:18Z</time>
   </trkpt>
   <trkpt lat="39.5667360" lon="-104.8608370">
    <ele>1764.6</ele>
    <time>2023-04-26T19:16:19Z</time>
   </trkpt>
   <trkpt lat="39.5667470" lon="-104.8608490">
    <ele>1764.6</ele>
    <time>2023-04-26T19:16:20Z</time>
   </trkpt>
   <trkpt lat="39.5667610" lon="-104.8608570">
    <ele>1764.6</ele>
    <time>2023-04-26T19:16:21Z</time>
   </trkpt>
   <trkpt lat="39.5667750" lon="-104.8608640">
    <ele>1764.6</ele>
    <time>2023-04-26T19:16:22Z</time>
   </trkpt>
   <trkpt lat="39.5667840" lon="-104.8608780">
    <ele>1764.6</ele>
    <time>2023-04-26T19:16:23Z</time>
   </trkpt>
   <trkpt lat="39.5667970" lon="-104.8608880">
    <ele>1764.6</ele>
    <time>2023-04-26T19:16:24Z</time>
   </trkpt>
   <trkpt lat="39.5668110" lon="-104.8608950">
    <ele>1764.6</ele>
    <time>2023-04-26T19:16:25Z</time>
   </trkpt>
   <trkpt lat="39.5668230" lon="-104.8609090">
    <ele>1764.6</ele>
    <time>2023-04-26T19:16:26Z</time>
   </trkpt>
   <trkpt lat="39.5668330" lon="-104.8609230">
    <ele>1764.6</ele>
    <time>2023-04-26T19:16:27Z</time>
   </trkpt>
   <trkpt lat="39.5668440" lon="-104.8609350">
    <ele>1764.6</ele>
    <time>2023-04-26T19:16:28Z</time>
   </trkpt>
   <trkpt lat="39.5668550" lon="-104.8609460">
    <ele>1764.6</ele>
    <time>2023-04-26T19:16:29Z</time>
   </trkpt>
   <trkpt lat="39.5668710" lon="-104.8609650">
    <ele>1764.6</ele>
    <time>2023-04-26T19:16:30Z</time>
   </trkpt>
   <trkpt lat="39.5668770" lon="-104.8609730">
    <ele>1764.6</ele>
    <time>2023-04-26T19:16:31Z</time>
   </trkpt>
   <trkpt lat="39.5668830" lon="-104.8609810">
    <ele>1764.6</ele>
    <time>2023-04-26T19:16:32Z</time>
   </trkpt>
   <trkpt lat="39.5668930" lon="-104.8609930">
    <ele>1764.6</ele>
    <time>2023-04-26T19:16:33Z</time>
   </trkpt>
   <trkpt lat="39.5669020" lon="-104.8610070">
    <ele>1764.6</ele>
    <time>2023-04-26T19:16:34Z</time>
   </trkpt>
   <trkpt lat="39.5669140" lon="-104.8610170">
    <ele>1764.6</ele>
    <time>2023-04-26T19:16:35Z</time>
   </trkpt>
   <trkpt lat="39.5669230" lon="-104.8610310">
    <ele>1764.6</ele>
    <time>2023-04-26T19:16:36Z</time>
   </trkpt>
   <trkpt lat="39.5669300" lon="-104.8610490">
    <ele>1764.6</ele>
    <time>2023-04-26T19:16:37Z</time>
   </trkpt>
   <trkpt lat="39.5669400" lon="-104.8610610">
    <ele>1764.6</ele>
    <time>2023-04-26T19:16:38Z</time>
   </trkpt>
   <trkpt lat="39.5669540" lon="-104.8610710">
    <ele>1764.6</ele>
    <time>2023-04-26T19:16:39Z</time>
   </trkpt>
   <trkpt lat="39.5669600" lon="-104.8610870">
    <ele>1764.7</ele>
    <time>2023-04-26T19:16:40Z</time>
   </trkpt>
   <trkpt lat="39.5669720" lon="-104.8611000">
    <ele>1764.7</ele>
    <time>2023-04-26T19:16:41Z</time>
   </trkpt>
   <trkpt lat="39.5669840" lon="-104.8611090">
    <ele>1764.7</ele>
    <time>2023-04-26T19:16:42Z</time>
   </trkpt>
   <trkpt lat="39.5669950" lon="-104.8611210">
    <ele>1764.7</ele>
    <time>2023-04-26T19:16:43Z</time>
   </trkpt>
   <trkpt lat="39.5670050" lon="-104.8611350">
    <ele>1764.7</ele>
    <time>2023-04-26T19:16:44Z</time>
   </trkpt>
   <trkpt lat="39.5670150" lon="-104.8611480">
    <ele>1764.7</ele>
    <time>2023-04-26T19:16:45Z</time>
   </trkpt>
   <trkpt lat="39.5670230" lon="-104.8611630">
    <ele>1764.7</ele>
    <time>2023-04-26T19:16:46Z</time>
   </trkpt>
   <trkpt lat="39.5670330" lon="-104.8611780">
    <ele>1764.7</ele>
    <time>2023-04-26T19:16:47Z</time>
   </trkpt>
   <trkpt lat="39.5670430" lon="-104.8611910">
    <ele>1764.7</ele>
    <time>2023-04-26T19:16:48Z</time>
   </trkpt>
   <trkpt lat="39.5670500" lon="-104.8612080">
    <ele>1764.8</ele>
    <time>2023-04-26T19:16:49Z</time>
   </trkpt>
   <trkpt lat="39.5670570" lon="-104.8612230">
    <ele>1764.8</ele>
    <time>2023-04-26T19:16:50Z</time>
   </trkpt>
   <trkpt lat="39.5670650" lon="-104.8612390">
    <ele>1764.8</ele>
    <time>2023-04-26T19:16:51Z</time>
   </trkpt>
   <trkpt lat="39.5670730" lon="-104.8612530">
    <ele>1764.8</ele>
    <time>2023-04-26T19:16:52Z</time>
   </trkpt>
   <trkpt lat="39.5670850" lon="-104.8612630">
    <ele>1764.8</ele>
    <time>2023-04-26T19:16:53Z</time>
   </trkpt>
   <trkpt lat="39.5670930" lon="-104.8612780">
    <ele>1764.8</ele>
    <time>2023-04-26T19:16:54Z</time>
   </trkpt>
   <trkpt lat="39.5671040" lon="-104.8612900">
    <ele>1764.8</ele>
    <time>2023-04-26T19:16:55Z</time>
   </trkpt>
   <trkpt lat="39.5671110" lon="-104.8613060">
    <ele>1764.9</ele>
    <time>2023-04-26T19:16:56Z</time>
   </trkpt>
   <trkpt lat="39.5671180" lon="-104.8613200">
    <ele>1764.9</ele>
    <time>2023-04-26T19:16:57Z</time>
   </trkpt>
   <trkpt lat="39.5671240" lon="-104.8613360">
    <ele>1764.9</ele>
    <time>2023-04-26T19:16:58Z</time>
   </trkpt>
   <trkpt lat="39.5671310" lon="-104.8613520">
    <ele>1764.9</ele>
    <time>2023-04-26T19:16:59Z</time>
   </trkpt>
   <trkpt lat="39.5671390" lon="-104.8613670">
    <ele>1764.9</ele>
    <time>2023-04-26T19:17:00Z</time>
   </trkpt>
   <trkpt lat="39.5671470" lon="-104.8613820">
    <ele>1764.9</ele>
    <time>2023-04-26T19:17:01Z</time>
   </trkpt>
   <trkpt lat="39.5671540" lon="-104.8613980">
    <ele>1764.9</ele>
    <time>2023-04-26T19:17:02Z</time>
   </trkpt>
   <trkpt lat="39.5671600" lon="-104.8614150">
    <ele>1764.9</ele>
    <time>2023-04-26T19:17:03Z</time>
   </trkpt>
   <trkpt lat="39.5671680" lon="-104.8614290">
    <ele>1764.9</ele>
    <time>2023-04-26T19:17:04Z</time>
   </trkpt>
   <trkpt lat="39.5671820" lon="-104.8614530">
    <ele>1764.9</ele>
    <time>2023-04-26T19:17:05Z</time>
   </trkpt>
   <trkpt lat="39.5671870" lon="-104.8614620">
    <ele>1764.9</ele>
    <time>2023-04-26T19:17:06Z</time>
   </trkpt>
   <trkpt lat="39.5671920" lon="-104.8614720">
    <ele>1764.9</ele>
    <time>2023-04-26T19:17:07Z</time>
   </trkpt>
   <trkpt lat="39.5671990" lon="-104.8614870">
    <ele>1765.0</ele>
    <time>2023-04-26T19:17:08Z</time>
   </trkpt>
   <trkpt lat="39.5672070" lon="-104.8615020">
    <ele>1765.0</ele>
    <time>2023-04-26T19:17:09Z</time>
   </trkpt>
   <trkpt lat="39.5672140" lon="-104.8615180">
    <ele>1765.0</ele>
    <time>2023-04-26T19:17:10Z</time>
   </trkpt>
   <trkpt lat="39.5672180" lon="-104.8615360">
    <ele>1765.0</ele>
    <time>2023-04-26T19:17:11Z</time>
   </trkpt>
   <trkpt lat="39.5672270" lon="-104.8615510">
    <ele>1765.0</ele>
    <time>2023-04-26T19:17:12Z</time>
   </trkpt>
   <trkpt lat="39.5672340" lon="-104.8615670">
    <ele>1765.0</ele>
    <time>2023-04-26T19:17:13Z</time>
   </trkpt>
   <trkpt lat="39.5672390" lon="-104.8615840">
    <ele>1765.1</ele>
    <time>2023-04-26T19:17:14Z</time>
   </trkpt>
   <trkpt lat="39.5672450" lon="-104.8616010">
    <ele>1765.1</ele>
    <time>2023-04-26T19:17:16Z</time>
   </trkpt>
   <trkpt lat="39.5672520" lon="-104.8616170">
    <ele>1765.1</ele>
    <time>2023-04-26T19:17:17Z</time>
   </trkpt>
   <trkpt lat="39.5672600" lon="-104.8616320">
    <ele>1765.1</ele>
    <time>2023-04-26T19:17:18Z</time>
   </trkpt>
   <trkpt lat="39.5672660" lon="-104.8616500">
    <ele>1765.1</ele>
    <time>2023-04-26T19:17:19Z</time>
   </trkpt>
   <trkpt lat="39.5672710" lon="-104.8616700">
    <ele>1765.2</ele>
    <time>2023-04-26T19:17:20Z</time>
   </trkpt>
   <trkpt lat="39.5672770" lon="-104.8616870">
    <ele>1765.2</ele>
    <time>2023-04-26T19:17:21Z</time>
   </trkpt>
   <trkpt lat="39.5672870" lon="-104.8617030">
    <ele>1765.2</ele>
    <time>2023-04-26T19:17:22Z</time>
   </trkpt>
   <trkpt lat="39.5672960" lon="-104.8617170">
    <ele>1765.2</ele>
    <time>2023-04-26T19:17:23Z</time>
   </trkpt>
   <trkpt lat="39.5673020" lon="-104.8617340">
    <ele>1765.2</ele>
    <time>2023-04-26T19:17:24Z</time>
   </trkpt>
   <trkpt lat="39.5673120" lon="-104.8617500">
    <ele>1765.2</ele>
    <time>2023-04-26T19:17:25Z</time>
   </trkpt>
   <trkpt lat="39.5673180" lon="-104.8617670">
    <ele>1765.3</ele>
    <time>2023-04-26T19:17:26Z</time>
   </trkpt>
   <trkpt lat="39.5673270" lon="-104.8617820">
    <ele>1765.3</ele>
    <time>2023-04-26T19:17:27Z</time>
   </trkpt>
   <trkpt lat="39.5673340" lon="-104.8617980">
    <ele>1765.3</ele>
    <time>2023-04-26T19:17:28Z</time>
   </trkpt>
   <trkpt lat="39.5673420" lon="-104.8618160">
    <ele>1765.3</ele>
    <time>2023-04-26T19:17:29Z</time>
   </trkpt>
   <trkpt lat="39.5673460" lon="-104.8618350">
    <ele>1765.3</ele>
    <time>2023-04-26T19:17:30Z</time>
   </trkpt>
   <trkpt lat="39.5673510" lon="-104.8618550">
    <ele>1765.3</ele>
    <time>2023-04-26T19:17:31Z</time>
   </trkpt>
   <trkpt lat="39.5673610" lon="-104.8618710">
    <ele>1765.3</ele>
    <time>2023-04-26T19:17:32Z</time>
   </trkpt>
   <trkpt lat="39.5673690" lon="-104.8618870">
    <ele>1765.3</ele>
    <time>2023-04-26T19:17:33Z</time>
   </trkpt>
   <trkpt lat="39.5673760" lon="-104.8619030">
    <ele>1765.3</ele>
    <time>2023-04-26T19:17:34Z</time>
   </trkpt>
   <trkpt lat="39.5673830" lon="-104.8619210">
    <ele>1765.3</ele>
    <time>2023-04-26T19:17:35Z</time>
   </trkpt>
   <trkpt lat="39.5673930" lon="-104.8619360">
    <ele>1765.2</ele>
    <time>2023-04-26T19:17:36Z</time>
   </trkpt>
   <trkpt lat="39.5674060" lon="-104.8619460">
    <ele>1765.2</ele>
    <time>2023-04-26T19:17:37Z</time>
   </trkpt>
   <trkpt lat="39.5674200" lon="-104.8619540">
    <ele>1765.2</ele>
    <time>2023-04-26T19:17:38Z</time>
   </trkpt>
   <trkpt lat="39.5674370" lon="-104.8619480">
    <ele>1765.2</ele>
    <time>2023-04-26T19:17:39Z</time>
   </trkpt>
   <trkpt lat="39.5674520" lon="-104.8619370">
    <ele>1765.2</ele>
    <time>2023-04-26T19:17:40Z</time>
   </trkpt>
   <trkpt lat="39.5674650" lon="-104.8619240">
    <ele>1765.2</ele>
    <time>2023-04-26T19:17:41Z</time>
   </trkpt>
   <trkpt lat="39.5674780" lon="-104.8619150">
    <ele>1765.2</ele>
    <time>2023-04-26T19:17:42Z</time>
   </trkpt>
   <trkpt lat="39.5674910" lon="-104.8619060">
    <ele>1765.1</ele>
    <time>2023-04-26T19:17:43Z</time>
   </trkpt>
   <trkpt lat="39.5675030" lon="-104.8618960">
    <ele>1765.1</ele>
    <time>2023-04-26T19:17:44Z</time>
   </trkpt>
   <trkpt lat="39.5675150" lon="-104.8618840">
    <ele>1765.1</ele>
    <time>2023-04-26T19:17:45Z</time>
   </trkpt>
   <trkpt lat="39.5675270" lon="-104.8618720">
    <ele>1765.1</ele>
    <time>2023-04-26T19:17:46Z</time>
   </trkpt>
   <trkpt lat="39.5675400" lon="-104.8618640">
    <ele>1765.1</ele>
    <time>2023-04-26T19:17:47Z</time>
   </trkpt>
   <trkpt lat="39.5675530" lon="-104.8618540">
    <ele>1765.1</ele>
    <time>2023-04-26T19:17:48Z</time>
   </trkpt>
   <trkpt lat="39.5675660" lon="-104.8618470">
    <ele>1765.1</ele>
    <time>2023-04-26T19:17:49Z</time>
   </trkpt>
   <trkpt lat="39.5675780" lon="-104.8618360">
    <ele>1765.1</ele>
    <time>2023-04-26T19:17:50Z</time>
   </trkpt>
   <trkpt lat="39.5675910" lon="-104.8618260">
    <ele>1765.0</ele>
    <time>2023-04-26T19:17:51Z</time>
   </trkpt>
   <trkpt lat="39.5676030" lon="-104.8618150">
    <ele>1765.0</ele>
    <time>2023-04-26T19:17:52Z</time>
   </trkpt>
   <trkpt lat="39.5676180" lon="-104.8618080">
    <ele>1765.0</ele>
    <time>2023-04-26T19:17:53Z</time>
   </trkpt>
   <trkpt lat="39.5676310" lon="-104.8618000">
    <ele>1765.0</ele>
    <time>2023-04-26T19:17:54Z</time>
   </trkpt>
   <trkpt lat="39.5676450" lon="-104.8617940">
    <ele>1765.0</ele>
    <time>2023-04-26T19:17:55Z</time>
   </trkpt>
   <trkpt lat="39.5676560" lon="-104.8617820">
    <ele>1765.0</ele>
    <time>2023-04-26T19:17:56Z</time>
   </trkpt>
   <trkpt lat="39.5676680" lon="-104.8617710">
    <ele>1765.0</ele>
    <time>2023-04-26T19:17:57Z</time>
   </trkpt>
   <trkpt lat="39.5676920" lon="-104.8617480">
    <ele>1764.9</ele>
    <time>2023-04-26T19:17:58Z</time>
   </trkpt>
   <trkpt lat="39.5677050" lon="-104.8617400">
    <ele>1764.9</ele>
    <time>2023-04-26T19:17:59Z</time>
   </trkpt>
   <trkpt lat="39.5677190" lon="-104.8617300">
    <ele>1764.9</ele>
    <time>2023-04-26T19:18:00Z</time>
   </trkpt>
   <trkpt lat="39.5677350" lon="-104.8617250">
    <ele>1764.9</ele>
    <time>2023-04-26T19:18:01Z</time>
   </trkpt>
   <trkpt lat="39.5677480" lon="-104.8617200">
    <ele>1764.9</ele>
    <time>2023-04-26T19:18:02Z</time>
   </trkpt>
   <trkpt lat="39.5677620" lon="-104.8617110">
    <ele>1764.9</ele>
    <time>2023-04-26T19:18:03Z</time>
   </trkpt>
   <trkpt lat="39.5677750" lon="-104.8617020">
    <ele>1764.9</ele>
    <time>2023-04-26T19:18:04Z</time>
   </trkpt>
   <trkpt lat="39.5677900" lon="-104.8616960">
    <ele>1764.9</ele>
    <time>2023-04-26T19:18:05Z</time>
   </trkpt>
   <trkpt lat="39.5678030" lon="-104.8616860">
    <ele>1764.9</ele>
    <time>2023-04-26T19:18:06Z</time>
   </trkpt>
   <trkpt lat="39.5678150" lon="-104.8616770">
    <ele>1764.8</ele>
    <time>2023-04-26T19:18:07Z</time>
   </trkpt>
   <trkpt lat="39.5678280" lon="-104.8616670">
    <ele>1764.8</ele>
    <time>2023-04-26T19:18:08Z</time>
   </trkpt>
   <trkpt lat="39.5678410" lon="-104.8616570">
    <ele>1764.8</ele>
    <time>2023-04-26T19:18:09Z</time>
   </trkpt>
   <trkpt lat="39.5678540" lon="-104.8616460">
    <ele>1764.8</ele>
    <time>2023-04-26T19:18:10Z</time>
   </trkpt>
   <trkpt lat="39.5678670" lon="-104.8616370">
    <ele>1764.8</ele>
    <time>2023-04-26T19:18:11Z</time>
   </trkpt>
   <trkpt lat="39.5678800" lon="-104.8616300">
    <ele>1764.8</ele>
    <time>2023-04-26T19:18:12Z</time>
   </trkpt>
   <trkpt lat="39.5678930" lon="-104.8616230">
    <ele>1764.8</ele>
    <time>2023-04-26T19:18:13Z</time>
   </trkpt>
   <trkpt lat="39.5679040" lon="-104.8616130">
    <ele>1764.8</ele>
    <time>2023-04-26T19:18:14Z</time>
   </trkpt>
   <trkpt lat="39.5679170" lon="-104.8616050">
    <ele>1764.8</ele>
    <time>2023-04-26T19:18:15Z</time>
   </trkpt>
   <trkpt lat="39.5679300" lon="-104.8615970">
    <ele>1764.8</ele>
    <time>2023-04-26T19:18:16Z</time>
   </trkpt>
   <trkpt lat="39.5679430" lon="-104.8615920">
    <ele>1764.8</ele>
    <time>2023-04-26T19:18:17Z</time>
   </trkpt>
   <trkpt lat="39.5679560" lon="-104.8615840">
    <ele>1764.8</ele>
    <time>2023-04-26T19:18:18Z</time>
   </trkpt>
   <trkpt lat="39.5679690" lon="-104.8615720">
    <ele>1764.7</ele>
    <time>2023-04-26T19:18:19Z</time>
   </trkpt>
   <trkpt lat="39.5679800" lon="-104.8615610">
    <ele>1764.7</ele>
    <time>2023-04-26T19:18:20Z</time>
   </trkpt>
   <trkpt lat="39.5679920" lon="-104.8615510">
    <ele>1764.7</ele>
    <time>2023-04-26T19:18:21Z</time>
   </trkpt>
   <trkpt lat="39.5680050" lon="-104.8615410">
    <ele>1764.7</ele>
    <time>2023-04-26T19:18:22Z</time>
   </trkpt>
   <trkpt lat="39.5680160" lon="-104.8615310">
    <ele>1764.7</ele>
    <time>2023-04-26T19:18:23Z</time>
   </trkpt>
   <trkpt lat="39.5680270" lon="-104.8615210">
    <ele>1764.7</ele>
    <time>2023-04-26T19:18:24Z</time>
   </trkpt>
   <trkpt lat="39.5680400" lon="-104.8615120">
    <ele>1764.7</ele>
    <time>2023-04-26T19:18:25Z</time>
   </trkpt>
   <trkpt lat="39.5680510" lon="-104.8615000">
    <ele>1764.6</ele>
    <time>2023-04-26T19:18:26Z</time>
   </trkpt>
   <trkpt lat="39.5680630" lon="-104.8614920">
    <ele>1764.6</ele>
    <time>2023-04-26T19:18:27Z</time>
   </trkpt>
   <trkpt lat="39.5680760" lon="-104.8614850">
    <ele>1764.6</ele>
    <time>2023-04-26T19:18:28Z</time>
   </trkpt>
   <trkpt lat="39.5680870" lon="-104.8614760">
    <ele>1764.6</ele>
    <time>2023-04-26T19:18:29Z</time>
   </trkpt>
   <trkpt lat="39.5680990" lon="-104.8614650">
    <ele>1764.6</ele>
    <time>2023-04-26T19:18:30Z</time>
   </trkpt>
   <trkpt lat="39.5681110" lon="-104.8614540">
    <ele>1764.6</ele>
    <time>2023-04-26T19:18:31Z</time>
   </trkpt>
   <trkpt lat="39.5681290" lon="-104.8614380">
    <ele>1764.5</ele>
    <time>2023-04-26T19:18:32Z</time>
   </trkpt>
   <trkpt lat="39.5681380" lon="-104.8614310">
    <ele>1764.5</ele>
    <time>2023-04-26T19:18:33Z</time>
   </trkpt>
   <trkpt lat="39.5681460" lon="-104.8614250">
    <ele>1764.5</ele>
    <time>2023-04-26T19:18:34Z</time>
   </trkpt>
   <trkpt lat="39.5681580" lon="-104.8614170">
    <ele>1764.5</ele>
    <time>2023-04-26T19:18:35Z</time>
   </trkpt>
   <trkpt lat="39.5681710" lon="-104.8614130">
    <ele>1764.5</ele>
    <time>2023-04-26T19:18:36Z</time>
   </trkpt>
   <trkpt lat="39.5681840" lon="-104.8614060">
    <ele>1764.5</ele>
    <time>2023-04-26T19:18:37Z</time>
   </trkpt>
   <trkpt lat="39.5681960" lon="-104.8613950">
    <ele>1764.5</ele>
    <time>2023-04-26T19:18:38Z</time>
   </trkpt>
   <trkpt lat="39.5682100" lon="-104.8613870">
    <ele>1764.4</ele>
    <time>2023-04-26T19:18:39Z</time>
   </trkpt>
   <trkpt lat="39.5682220" lon="-104.8613770">
    <ele>1764.4</ele>
    <time>2023-04-26T19:18:40Z</time>
   </trkpt>
   <trkpt lat="39.5682330" lon="-104.8613670">
    <ele>1764.4</ele>
    <time>2023-04-26T19:18:41Z</time>
   </trkpt>
   <trkpt lat="39.5682450" lon="-104.8613570">
    <ele>1764.4</ele>
    <time>2023-04-26T19:18:42Z</time>
   </trkpt>
   <trkpt lat="39.5682620" lon="-104.8613400">
    <ele>1764.4</ele>
    <time>2023-04-26T19:18:43Z</time>
   </trkpt>
   <trkpt lat="39.5682690" lon="-104.8613320">
    <ele>1764.4</ele>
    <time>2023-04-26T19:18:44Z</time>
   </trkpt>
   <trkpt lat="39.5682760" lon="-104.8613250">
    <ele>1764.3</ele>
    <time>2023-04-26T19:18:45Z</time>
   </trkpt>
   <trkpt lat="39.5682880" lon="-104.8613130">
    <ele>1764.3</ele>
    <time>2023-04-26T19:18:46Z</time>
   </trkpt>
   <trkpt lat="39.5682990" lon="-104.8613020">
    <ele>1764.3</ele>
    <time>2023-04-26T19:18:47Z</time>
   </trkpt>
   <trkpt lat="39.5683110" lon="-104.8612960">
    <ele>1764.3</ele>
    <time>2023-04-26T19:18:48Z</time>
   </trkpt>
   <trkpt lat="39.5683240" lon="-104.8612870">
    <ele>1764.3</ele>
    <time>2023-04-26T19:18:49Z</time>
   </trkpt>
   <trkpt lat="39.5683370" lon="-104.8612790">
    <ele>1764.3</ele>
    <time>2023-04-26T19:18:50Z</time>
   </trkpt>
   <trkpt lat="39.5683490" lon="-104.8612720">
    <ele>1764.2</ele>
    <time>2023-04-26T19:18:51Z</time>
   </trkpt>
   <trkpt lat="39.5683690" lon="-104.8612590">
    <ele>1764.2</ele>
    <time>2023-04-26T19:18:52Z</time>
   </trkpt>
   <trkpt lat="39.5683760" lon="-104.8612530">
    <ele>1764.2</ele>
    <time>2023-04-26T19:18:53Z</time>
   </trkpt>
   <trkpt lat="39.5683830" lon="-104.8612470">
    <ele>1764.2</ele>
    <time>2023-04-26T19:18:54Z</time>
   </trkpt>
   <trkpt lat="39.5684000" lon="-104.8612310">
    <ele>1764.2</ele>
    <time>2023-04-26T19:18:55Z</time>
   </trkpt>
   <trkpt lat="39.5684070" lon="-104.8612250">
    <ele>1764.2</ele>
    <time>2023-04-26T19:18:56Z</time>
   </trkpt>
   <trkpt lat="39.5684140" lon="-104.8612190">
    <ele>1764.2</ele>
    <time>2023-04-26T19:18:57Z</time>
   </trkpt>
   <trkpt lat="39.5684310" lon="-104.8612040">
    <ele>1764.2</ele>
    <time>2023-04-26T19:18:58Z</time>
   </trkpt>
   <trkpt lat="39.5684370" lon="-104.8611970">
    <ele>1764.1</ele>
    <time>2023-04-26T19:18:59Z</time>
   </trkpt>
   <trkpt lat="39.5684440" lon="-104.8611910">
    <ele>1764.1</ele>
    <time>2023-04-26T19:19:00Z</time>
   </trkpt>
   <trkpt lat="39.5684600" lon="-104.8611760">
    <ele>1764.1</ele>
    <time>2023-04-26T19:19:01Z</time>
   </trkpt>
   <trkpt lat="39.5684680" lon="-104.8611710">
    <ele>1764.1</ele>
    <time>2023-04-26T19:19:02Z</time>
   </trkpt>
   <trkpt lat="39.5684750" lon="-104.8611670">
    <ele>1764.1</ele>
    <time>2023-04-26T19:19:03Z</time>
   </trkpt>
   <trkpt lat="39.5684930" lon="-104.8611540">
    <ele>1764.1</ele>
    <time>2023-04-26T19:19:04Z</time>
   </trkpt>
   <trkpt lat="39.5685000" lon="-104.8611480">
    <ele>1764.1</ele>
    <time>2023-04-26T19:19:05Z</time>
   </trkpt>
   <trkpt lat="39.5685080" lon="-104.8611430">
    <ele>1764.1</ele>
    <time>2023-04-26T19:19:06Z</time>
   </trkpt>
   <trkpt lat="39.5685190" lon="-104.8611340">
    <ele>1764.1</ele>
    <time>2023-04-26T19:19:07Z</time>
   </trkpt>
   <trkpt lat="39.5685310" lon="-104.8611220">
    <ele>1764.0</ele>
    <time>2023-04-26T19:19:08Z</time>
   </trkpt>
   <trkpt lat="39.5685490" lon="-104.8611090">
    <ele>1764.0</ele>
    <time>2023-04-26T19:19:09Z</time>
   </trkpt>
   <trkpt lat="39.5685570" lon="-104.8611040">
    <ele>1764.0</ele>
    <time>2023-04-26T19:19:10Z</time>
   </trkpt>
   <trkpt lat="39.5685660" lon="-104.8610990">
    <ele>1764.0</ele>
    <time>2023-04-26T19:19:11Z</time>
   </trkpt>
   <trkpt lat="39.5685780" lon="-104.8610900">
    <ele>1764.0</ele>
    <time>2023-04-26T19:19:12Z</time>
   </trkpt>
   <trkpt lat="39.5685890" lon="-104.8610810">
    <ele>1764.0</ele>
    <time>2023-04-26T19:19:13Z</time>
   </trkpt>
   <trkpt lat="39.5686030" lon="-104.8610740">
    <ele>1764.0</ele>
    <time>2023-04-26T19:19:14Z</time>
   </trkpt>
   <trkpt lat="39.5686160" lon="-104.8610650">
    <ele>1763.9</ele>
    <time>2023-04-26T19:19:15Z</time>
   </trkpt>
   <trkpt lat="39.5686280" lon="-104.8610580">
    <ele>1763.9</ele>
    <time>2023-04-26T19:19:16Z</time>
   </trkpt>
   <trkpt lat="39.5686400" lon="-104.8610480">
    <ele>1763.9</ele>
    <time>2023-04-26T19:19:17Z</time>
   </trkpt>
   <trkpt lat="39.5686520" lon="-104.8610400">
    <ele>1763.9</ele>
    <time>2023-04-26T19:19:18Z</time>
   </trkpt>
   <trkpt lat="39.5686630" lon="-104.8610310">
    <ele>1763.9</ele>
    <time>2023-04-26T19:19:19Z</time>
   </trkpt>
   <trkpt lat="39.5686750" lon="-104.8610230">
    <ele>1763.8</ele>
    <time>2023-04-26T19:19:21Z</time>
   </trkpt>
   <trkpt lat="39.5686880" lon="-104.8610140">
    <ele>1763.8</ele>
    <time>2023-04-26T19:19:22Z</time>
   </trkpt>
   <trkpt lat="39.5687000" lon="-104.8610050">
    <ele>1763.8</ele>
    <time>2023-04-26T19:19:23Z</time>
   </trkpt>
   <trkpt lat="39.5687190" lon="-104.8609900">
    <ele>1763.8</ele>
    <time>2023-04-26T19:19:24Z</time>
   </trkpt>
   <trkpt lat="39.5687270" lon="-104.8609840">
    <ele>1763.7</ele>
    <time>2023-04-26T19:19:25Z</time>
   </trkpt>
   <trkpt lat="39.5687340" lon="-104.8609780">
    <ele>1763.7</ele>
    <time>2023-04-26T19:19:26Z</time>
   </trkpt>
   <trkpt lat="39.5687530" lon="-104.8609620">
    <ele>1763.7</ele>
    <time>2023-04-26T19:19:27Z</time>
   </trkpt>
   <trkpt lat="39.5687600" lon="-104.8609560">
    <ele>1763.7</ele>
    <time>2023-04-26T19:19:28Z</time>
   </trkpt>
   <trkpt lat="39.5687680" lon="-104.8609500">
    <ele>1763.7</ele>
    <time>2023-04-26T19:19:29Z</time>
   </trkpt>
   <trkpt lat="39.5687810" lon="-104.8609420">
    <ele>1763.6</ele>
    <time>2023-04-26T19:19:30Z</time>
   </trkpt>
   <trkpt lat="39.5687920" lon="-104.8609310">
    <ele>1763.6</ele>
    <time>2023-04-26T19:19:31Z</time>
   </trkpt>
   <trkpt lat="39.5688110" lon="-104.8609170">
    <ele>1763.6</ele>
    <time>2023-04-26T19:19:32Z</time>
   </trkpt>
   <trkpt lat="39.5688190" lon="-104.8609110">
    <ele>1763.6</ele>
    <time>2023-04-26T19:19:33Z</time>
   </trkpt>
   <trkpt lat="39.5688260" lon="-104.8609050">
    <ele>1763.6</ele>
    <time>2023-04-26T19:19:34Z</time>
   </trkpt>
   <trkpt lat="39.5688380" lon="-104.8608930">
    <ele>1763.5</ele>
    <time>2023-04-26T19:19:35Z</time>
   </trkpt>
   <trkpt lat="39.5688510" lon="-104.8608820">
    <ele>1763.5</ele>
    <time>2023-04-26T19:19:36Z</time>
   </trkpt>
   <trkpt lat="39.5688620" lon="-104.8608700">
    <ele>1763.5</ele>
    <time>2023-04-26T19:19:37Z</time>
   </trkpt>
   <trkpt lat="39.5688750" lon="-104.8608610">
    <ele>1763.5</ele>
    <time>2023-04-26T19:19:38Z</time>
   </trkpt>
   <trkpt lat="39.5688880" lon="-104.8608540">
    <ele>1763.5</ele>
    <time>2023-04-26T19:19:39Z</time>
   </trkpt>
   <trkpt lat="39.5689010" lon="-104.8608450">
    <ele>1763.4</ele>
    <time>2023-04-26T19:19:40Z</time>
   </trkpt>
   <trkpt lat="39.5689120" lon="-104.8608320">
    <ele>1763.4</ele>
    <time>2023-04-26T19:19:41Z</time>
   </trkpt>
   <trkpt lat="39.5689230" lon="-104.8608200">
    <ele>1763.4</ele>
    <time>2023-04-26T19:19:42Z</time>
   </trkpt>
   <trkpt lat="39.5689360" lon="-104.8608140">
    <ele>1763.4</ele>
    <time>2023-04-26T19:19:43Z</time>
   </trkpt>
   <trkpt lat="39.5689490" lon="-104.8608080">
    <ele>1763.4</ele>
    <time>2023-04-26T19:19:44Z</time>
   </trkpt>
   <trkpt lat="39.5689610" lon="-104.8607980">
    <ele>1763.4</ele>
    <time>2023-04-26T19:19:45Z</time>
   </trkpt>
   <trkpt lat="39.5689720" lon="-104.8607870">
    <ele>1763.3</ele>
    <time>2023-04-26T19:19:46Z</time>
   </trkpt>
   <trkpt lat="39.5689840" lon="-104.8607780">
    <ele>1763.3</ele>
    <time>2023-04-26T19:19:47Z</time>
   </trkpt>
   <trkpt lat="39.5689960" lon="-104.8607680">
    <ele>1763.3</ele>
    <time>2023-04-26T19:19:48Z</time>
   </trkpt>
   <trkpt lat="39.5690100" lon="-104.8607620">
    <ele>1763.3</ele>
    <time>2023-04-26T19:19:49Z</time>
   </trkpt>
   <trkpt lat="39.5690230" lon="-104.8607530">
    <ele>1763.3</ele>
    <time>2023-04-26T19:19:50Z</time>
   </trkpt>
   <trkpt lat="39.5690360" lon="-104.8607460">
    <ele>1763.2</ele>
    <time>2023-04-26T19:19:51Z</time>
   </trkpt>
   <trkpt lat="39.5690480" lon="-104.8607370">
    <ele>1763.2</ele>
    <time>2023-04-26T19:19:52Z</time>
   </trkpt>
   <trkpt lat="39.5690600" lon="-104.8607300">
    <ele>1763.2</ele>
    <time>2023-04-26T19:19:53Z</time>
   </trkpt>
   <trkpt lat="39.5690720" lon="-104.8607200">
    <ele>1763.2</ele>
    <time>2023-04-26T19:19:54Z</time>
   </trkpt>
   <trkpt lat="39.5690830" lon="-104.8607090">
    <ele>1763.2</ele>
    <time>2023-04-26T19:19:55Z</time>
   </trkpt>
   <trkpt lat="39.5690960" lon="-104.8607020">
    <ele>1763.2</ele>
    <time>2023-04-26T19:19:56Z</time>
   </trkpt>
   <trkpt lat="39.5691100" lon="-104.8606990">
    <ele>1763.2</ele>
    <time>2023-04-26T19:19:57Z</time>
   </trkpt>
   <trkpt lat="39.5691240" lon="-104.8606930">
    <ele>1763.1</ele>
    <time>2023-04-26T19:19:58Z</time>
   </trkpt>
   <trkpt lat="39.5691360" lon="-104.8606800">
    <ele>1763.1</ele>
    <time>2023-04-26T19:19:59Z</time>
   </trkpt>
   <trkpt lat="39.5691470" lon="-104.8606720">
    <ele>1763.1</ele>
    <time>2023-04-26T19:20:00Z</time>
   </trkpt>
   <trkpt lat="39.5691690" lon="-104.8606470">
    <ele>1763.1</ele>
    <time>2023-04-26T19:20:01Z</time>
   </trkpt>
   <trkpt lat="39.5691770" lon="-104.8606300">
    <ele>1763.1</ele>
    <time>2023-04-26T19:20:02Z</time>
   </trkpt>
   <trkpt lat="39.5691900" lon="-104.8606210">
    <ele>1763.1</ele>
    <time>2023-04-26T19:20:03Z</time>
   </trkpt>
   <trkpt lat="39.5692010" lon="-104.8606110">
    <ele>1763.0</ele>
    <time>2023-04-26T19:20:04Z</time>
   </trkpt>
   <trkpt lat="39.5692160" lon="-104.8606050">
    <ele>1763.0</ele>
    <time>2023-04-26T19:20:05Z</time>
   </trkpt>
   <trkpt lat="39.5692300" lon="-104.8606010">
    <ele>1763.0</ele>
    <time>2023-04-26T19:20:06Z</time>
   </trkpt>
   <trkpt lat="39.5692440" lon="-104.8605980">
    <ele>1763.0</ele>
    <time>2023-04-26T19:20:07Z</time>
   </trkpt>
   <trkpt lat="39.5692580" lon="-104.8605920">
    <ele>1763.0</ele>
    <time>2023-04-26T19:20:08Z</time>
   </trkpt>
   <trkpt lat="39.5692710" lon="-104.8605820">
    <ele>1763.0</ele>
    <time>2023-04-26T19:20:09Z</time>
   </trkpt>
   <trkpt lat="39.5692830" lon="-104.8605730">
    <ele>1762.9</ele>
    <time>2023-04-26T19:20:10Z</time>
   </trkpt>
   <trkpt lat="39.5692960" lon="-104.8605640">
    <ele>1762.9</ele>
    <time>2023-04-26T19:20:11Z</time>
   </trkpt>
   <trkpt lat="39.5693070" lon="-104.8605550">
    <ele>1762.9</ele>
    <time>2023-04-26T19:20:12Z</time>
   </trkpt>
   <trkpt lat="39.5693190" lon="-104.8605450">
    <ele>1762.9</ele>
    <time>2023-04-26T19:20:13Z</time>
   </trkpt>
   <trkpt lat="39.5693370" lon="-104.8605280">
    <ele>1762.8</ele>
    <time>2023-04-26T19:20:14Z</time>
   </trkpt>
   <trkpt lat="39.5693450" lon="-104.8605220">
    <ele>1762.8</ele>
    <time>2023-04-26T19:20:15Z</time>
   </trkpt>
   <trkpt lat="39.5693520" lon="-104.8605160">
    <ele>1762.8</ele>
    <time>2023-04-26T19:20:16Z</time>
   </trkpt>
   <trkpt lat="39.5693720" lon="-104.8605020">
    <ele>1762.8</ele>
    <time>2023-04-26T19:20:17Z</time>
   </trkpt>
   <trkpt lat="39.5693790" lon="-104.8604960">
    <ele>1762.8</ele>
    <time>2023-04-26T19:20:18Z</time>
   </trkpt>
   <trkpt lat="39.5693860" lon="-104.8604890">
    <ele>1762.7</ele>
    <time>2023-04-26T19:20:19Z</time>
   </trkpt>
   <trkpt lat="39.5694050" lon="-104.8604730">
    <ele>1762.7</ele>
    <time>2023-04-26T19:20:20Z</time>
   </trkpt>
   <trkpt lat="39.5694130" lon="-104.8604680">
    <ele>1762.7</ele>
    <time>2023-04-26T19:20:21Z</time>
   </trkpt>
   <trkpt lat="39.5694210" lon="-104.8604630">
    <ele>1762.7</ele>
    <time>2023-04-26T19:20:22Z</time>
   </trkpt>
   <trkpt lat="39.5694320" lon="-104.8604530">
    <ele>1762.6</ele>
    <time>2023-04-26T19:20:23Z</time>
   </trkpt>
   <trkpt lat="39.5694450" lon="-104.8604450">
    <ele>1762.6</ele>
    <time>2023-04-26T19:20:24Z</time>
   </trkpt>
   <trkpt lat="39.5694560" lon="-104.8604370">
    <ele>1762.6</ele>
    <time>2023-04-26T19:20:25Z</time>
   </trkpt>
   <trkpt lat="39.5694670" lon="-104.8604250">
    <ele>1762.5</ele>
    <time>2023-04-26T19:20:26Z</time>
   </trkpt>
   <trkpt lat="39.5694870" lon="-104.8604100">
    <ele>1762.5</ele>
    <time>2023-04-26T19:20:27Z</time>
   </trkpt>
   <trkpt lat="39.5694940" lon="-104.8604030">
    <ele>1762.5</ele>
    <time>2023-04-26T19:20:28Z</time>
   </trkpt>
   <trkpt lat="39.5695020" lon="-104.8603960">
    <ele>1762.4</ele>
    <time>2023-04-26T19:20:29Z</time>
   </trkpt>
   <trkpt lat="39.5695140" lon="-104.8603870">
    <ele>1762.4</ele>
    <time>2023-04-26T19:20:30Z</time>
   </trkpt>
   <trkpt lat="39.5695260" lon="-104.8603800">
    <ele>1762.4</ele>
    <time>2023-04-26T19:20:31Z</time>
   </trkpt>
   <trkpt lat="39.5695370" lon="-104.8603670">
    <ele>1762.3</ele>
    <time>2023-04-26T19:20:32Z</time>
   </trkpt>
   <trkpt lat="39.5695500" lon="-104.8603590">
    <ele>1762.3</ele>
    <time>2023-04-26T19:20:33Z</time>
   </trkpt>
   <trkpt lat="39.5695610" lon="-104.8603480">
    <ele>1762.2</ele>
    <time>2023-04-26T19:20:34Z</time>
   </trkpt>
   <trkpt lat="39.5695720" lon="-104.8603390">
    <ele>1762.2</ele>
    <time>2023-04-26T19:20:35Z</time>
   </trkpt>
   <trkpt lat="39.5695840" lon="-104.8603300">
    <ele>1762.2</ele>
    <time>2023-04-26T19:20:36Z</time>
   </trkpt>
   <trkpt lat="39.5695940" lon="-104.8603180">
    <ele>1762.1</ele>
    <time>2023-04-26T19:20:37Z</time>
   </trkpt>
   <trkpt lat="39.5696070" lon="-104.8603100">
    <ele>1762.1</ele>
    <time>2023-04-26T19:20:38Z</time>
   </trkpt>
   <trkpt lat="39.5696180" lon="-104.8602990">
    <ele>1762.0</ele>
    <time>2023-04-26T19:20:39Z</time>
   </trkpt>
   <trkpt lat="39.5696290" lon="-104.8602880">
    <ele>1762.0</ele>
    <time>2023-04-26T19:20:40Z</time>
   </trkpt>
   <trkpt lat="39.5696400" lon="-104.8602770">
    <ele>1762.0</ele>
    <time>2023-04-26T19:20:41Z</time>
   </trkpt>
   <trkpt lat="39.5696520" lon="-104.8602680">
    <ele>1761.9</ele>
    <time>2023-04-26T19:20:42Z</time>
   </trkpt>
   <trkpt lat="39.5696640" lon="-104.8602580">
    <ele>1761.9</ele>
    <time>2023-04-26T19:20:43Z</time>
   </trkpt>
   <trkpt lat="39.5696780" lon="-104.8602510">
    <ele>1761.8</ele>
    <time>2023-04-26T19:20:44Z</time>
   </trkpt>
   <trkpt lat="39.5696910" lon="-104.8602440">
    <ele>1761.8</ele>
    <time>2023-04-26T19:20:45Z</time>
   </trkpt>
   <trkpt lat="39.5697030" lon="-104.8602340">
    <ele>1761.8</ele>
    <time>2023-04-26T19:20:46Z</time>
   </trkpt>
   <trkpt lat="39.5697140" lon="-104.8602230">
    <ele>1761.7</ele>
    <time>2023-04-26T19:20:47Z</time>
   </trkpt>
   <trkpt lat="39.5697250" lon="-104.8602140">
    <ele>1761.7</ele>
    <time>2023-04-26T19:20:48Z</time>
   </trkpt>
   <trkpt lat="39.5697380" lon="-104.8602060">
    <ele>1761.6</ele>
    <time>2023-04-26T19:20:49Z</time>
   </trkpt>
   <trkpt lat="39.5697500" lon="-104.8601960">
    <ele>1761.6</ele>
    <time>2023-04-26T19:20:50Z</time>
   </trkpt>
   <trkpt lat="39.5697620" lon="-104.8601870">
    <ele>1761.6</ele>
    <time>2023-04-26T19:20:51Z</time>
   </trkpt>
   <trkpt lat="39.5697740" lon="-104.8601770">
    <ele>1761.5</ele>
    <time>2023-04-26T19:20:52Z</time>
   </trkpt>
   <trkpt lat="39.5697860" lon="-104.8601690">
    <ele>1761.5</ele>
    <time>2023-04-26T19:20:53Z</time>
   </trkpt>
   <trkpt lat="39.5697970" lon="-104.8601590">
    <ele>1761.5</ele>
    <time>2023-04-26T19:20:54Z</time>
   </trkpt>
   <trkpt lat="39.5698080" lon="-104.8601490">
    <ele>1761.4</ele>
    <time>2023-04-26T19:20:55Z</time>
   </trkpt>
   <trkpt lat="39.5698180" lon="-104.8601360">
    <ele>1761.4</ele>
    <time>2023-04-26T19:20:56Z</time>
   </trkpt>
   <trkpt lat="39.5698310" lon="-104.8601300">
    <ele>1761.3</ele>
    <time>2023-04-26T19:20:57Z</time>
   </trkpt>
   <trkpt lat="39.5698450" lon="-104.8601220">
    <ele>1761.3</ele>
    <time>2023-04-26T19:20:58Z</time>
   </trkpt>
   <trkpt lat="39.5698570" lon="-104.8601130">
    <ele>1761.3</ele>
    <time>2023-04-26T19:20:59Z</time>
   </trkpt>
   <trkpt lat="39.5698700" lon="-104.8601070">
    <ele>1761.2</ele>
    <time>2023-04-26T19:21:00Z</time>
   </trkpt>
   <trkpt lat="39.5698830" lon="-104.8601000">
    <ele>1761.2</ele>
    <time>2023-04-26T19:21:01Z</time>
   </trkpt>
   <trkpt lat="39.5698950" lon="-104.8600920">
    <ele>1761.2</ele>
    <time>2023-04-26T19:21:02Z</time>
   </trkpt>
   <trkpt lat="39.5699090" lon="-104.8600870">
    <ele>1761.1</ele>
    <time>2023-04-26T19:21:03Z</time>
   </trkpt>
   <trkpt lat="39.5699210" lon="-104.8600760">
    <ele>1761.1</ele>
    <time>2023-04-26T19:21:04Z</time>
   </trkpt>
   <trkpt lat="39.5699340" lon="-104.8600690">
    <ele>1761.1</ele>
    <time>2023-04-26T19:21:05Z</time>
   </trkpt>
   <trkpt lat="39.5699530" lon="-104.8600550">
    <ele>1761.0</ele>
    <time>2023-04-26T19:21:06Z</time>
   </trkpt>
   <trkpt lat="39.5699600" lon="-104.8600480">
    <ele>1761.0</ele>
    <time>2023-04-26T19:21:07Z</time>
   </trkpt>
   <trkpt lat="39.5699680" lon="-104.8600410">
    <ele>1761.0</ele>
    <time>2023-04-26T19:21:08Z</time>
   </trkpt>
   <trkpt lat="39.5699790" lon="-104.8600310">
    <ele>1761.0</ele>
    <time>2023-04-26T19:21:09Z</time>
   </trkpt>
   <trkpt lat="39.5699900" lon="-104.8600200">
    <ele>1760.9</ele>
    <time>2023-04-26T19:21:10Z</time>
   </trkpt>
   <trkpt lat="39.5700010" lon="-104.8600090">
    <ele>1760.9</ele>
    <time>2023-04-26T19:21:11Z</time>
   </trkpt>
   <trkpt lat="39.5700140" lon="-104.8600040">
    <ele>1760.9</ele>
    <time>2023-04-26T19:21:12Z</time>
   </trkpt>
   <trkpt lat="39.5700240" lon="-104.8599910">
    <ele>1760.8</ele>
    <time>2023-04-26T19:21:13Z</time>
   </trkpt>
   <trkpt lat="39.5700370" lon="-104.8599810">
    <ele>1760.8</ele>
    <time>2023-04-26T19:21:14Z</time>
   </trkpt>
   <trkpt lat="39.5700500" lon="-104.8599730">
    <ele>1760.8</ele>
    <time>2023-04-26T19:21:15Z</time>
   </trkpt>
   <trkpt lat="39.5700640" lon="-104.8599650">
    <ele>1760.7</ele>
    <time>2023-04-26T19:21:16Z</time>
   </trkpt>
   <trkpt lat="39.5700760" lon="-104.8599540">
    <ele>1760.7</ele>
    <time>2023-04-26T19:21:17Z</time>
   </trkpt>
   <trkpt lat="39.5700890" lon="-104.8599470">
    <ele>1760.7</ele>
    <time>2023-04-26T19:21:18Z</time>
   </trkpt>
   <trkpt lat="39.5701020" lon="-104.8599400">
    <ele>1760.6</ele>
    <time>2023-04-26T19:21:19Z</time>
   </trkpt>
   <trkpt lat="39.5701150" lon="-104.8599290">
    <ele>1760.6</ele>
    <time>2023-04-26T19:21:20Z</time>
   </trkpt>
   <trkpt lat="39.5701260" lon="-104.8599200">
    <ele>1760.6</ele>
    <time>2023-04-26T19:21:21Z</time>
   </trkpt>
   <trkpt lat="39.5701390" lon="-104.8599120">
    <ele>1760.6</ele>
    <time>2023-04-26T19:21:22Z</time>
   </trkpt>
   <trkpt lat="39.5701510" lon="-104.8599050">
    <ele>1760.5</ele>
    <time>2023-04-26T19:21:23Z</time>
   </trkpt>
   <trkpt lat="39.5701650" lon="-104.8598980">
    <ele>1760.5</ele>
    <time>2023-04-26T19:21:24Z</time>
   </trkpt>
   <trkpt lat="39.5701780" lon="-104.8598890">
    <ele>1760.5</ele>
    <time>2023-04-26T19:21:25Z</time>
   </trkpt>
   <trkpt lat="39.5701910" lon="-104.8598810">
    <ele>1760.4</ele>
    <time>2023-04-26T19:21:27Z</time>
   </trkpt>
   <trkpt lat="39.5702030" lon="-104.8598710">
    <ele>1760.4</ele>
    <time>2023-04-26T19:21:28Z</time>
   </trkpt>
   <trkpt lat="39.5702150" lon="-104.8598640">
    <ele>1760.4</ele>
    <time>2023-04-26T19:21:29Z</time>
   </trkpt>
   <trkpt lat="39.5702260" lon="-104.8598520">
    <ele>1760.3</ele>
    <time>2023-04-26T19:21:30Z</time>
   </trkpt>
   <trkpt lat="39.5702390" lon="-104.8598460">
    <ele>1760.3</ele>
    <time>2023-04-26T19:21:31Z</time>
   </trkpt>
   <trkpt lat="39.5702590" lon="-104.8598320">
    <ele>1760.3</ele>
    <time>2023-04-26T19:21:32Z</time>
   </trkpt>
   <trkpt lat="39.5702670" lon="-104.8598270">
    <ele>1760.2</ele>
    <time>2023-04-26T19:21:33Z</time>
   </trkpt>
   <trkpt lat="39.5702760" lon="-104.8598220">
    <ele>1760.2</ele>
    <time>2023-04-26T19:21:34Z</time>
   </trkpt>
   <trkpt lat="39.5702980" lon="-104.8598200">
    <ele>1760.2</ele>
    <time>2023-04-26T19:21:35Z</time>
   </trkpt>
   <trkpt lat="39.5703070" lon="-104.8598240">
    <ele>1760.2</ele>
    <time>2023-04-26T19:21:36Z</time>
   </trkpt>
   <trkpt lat="39.5703160" lon="-104.8598280">
    <ele>1760.1</ele>
    <time>2023-04-26T19:21:37Z</time>
   </trkpt>
   <trkpt lat="39.5703350" lon="-104.8598400">
    <ele>1760.1</ele>
    <time>2023-04-26T19:21:38Z</time>
   </trkpt>
   <trkpt lat="39.5703440" lon="-104.8598420">
    <ele>1760.1</ele>
    <time>2023-04-26T19:21:39Z</time>
   </trkpt>
   <trkpt lat="39.5703520" lon="-104.8598440">
    <ele>1760.1</ele>
    <time>2023-04-26T19:21:40Z</time>
   </trkpt>
   <trkpt lat="39.5703670" lon="-104.8598300">
    <ele>1760.0</ele>
    <time>2023-04-26T19:21:41Z</time>
   </trkpt>
   <trkpt lat="39.5703790" lon="-104.8598140">
    <ele>1760.0</ele>
    <time>2023-04-26T19:21:42Z</time>
   </trkpt>
   <trkpt lat="39.5703990" lon="-104.8597840">
    <ele>1760.0</ele>
    <time>2023-04-26T19:21:43Z</time>
   </trkpt>
   <trkpt lat="39.5704090" lon="-104.8597710">
    <ele>1760.0</ele>
    <time>2023-04-26T19:21:44Z</time>
   </trkpt>
   <trkpt lat="39.5704190" lon="-104.8597570">
    <ele>1759.9</ele>
    <time>2023-04-26T19:21:45Z</time>
   </trkpt>
   <trkpt lat="39.5704300" lon="-104.8597420">
    <ele>1759.9</ele>
    <time>2023-04-26T19:21:46Z</time>
   </trkpt>
   <trkpt lat="39.5704400" lon="-104.8597290">
    <ele>1759.9</ele>
    <time>2023-04-26T19:21:47Z</time>
   </trkpt>
   <trkpt lat="39.5704480" lon="-104.8597130">
    <ele>1759.9</ele>
    <time>2023-04-26T19:21:48Z</time>
   </trkpt>
   <trkpt lat="39.5704530" lon="-104.8596950">
    <ele>1759.8</ele>
    <time>2023-04-26T19:21:49Z</time>
   </trkpt>
   <trkpt lat="39.5704570" lon="-104.8596760">
    <ele>1759.8</ele>
    <time>2023-04-26T19:21:50Z</time>
   </trkpt>
   <trkpt lat="39.5704640" lon="-104.8596600">
    <ele>1759.8</ele>
    <time>2023-04-26T19:21:51Z</time>
   </trkpt>
   <trkpt lat="39.5704740" lon="-104.8596440">
    <ele>1759.8</ele>
    <time>2023-04-26T19:21:52Z</time>
   </trkpt>
   <trkpt lat="39.5704850" lon="-104.8596320">
    <ele>1759.8</ele>
    <time>2023-04-26T19:21:53Z</time>
   </trkpt>
   <trkpt lat="39.5704960" lon="-104.8596190">
    <ele>1759.8</ele>
    <time>2023-04-26T19:21:54Z</time>
   </trkpt>
   <trkpt lat="39.5705090" lon="-104.8596090">
    <ele>1759.8</ele>
    <time>2023-04-26T19:21:55Z</time>
   </trkpt>
   <trkpt lat="39.5705230" lon="-104.8596000">
    <ele>1759.7</ele>
    <time>2023-04-26T19:21:56Z</time>
   </trkpt>
   <trkpt lat="39.5705360" lon="-104.8595930">
    <ele>1759.7</ele>
    <time>2023-04-26T19:21:57Z</time>
   </trkpt>
   <trkpt lat="39.5705490" lon="-104.8595840">
    <ele>1759.7</ele>
    <time>2023-04-26T19:21:58Z</time>
   </trkpt>
   <trkpt lat="39.5705620" lon="-104.8595750">
    <ele>1759.7</ele>
    <time>2023-04-26T19:21:59Z</time>
   </trkpt>
   <trkpt lat="39.5705750" lon="-104.8595680">
    <ele>1759.7</ele>
    <time>2023-04-26T19:22:00Z</time>
   </trkpt>
   <trkpt lat="39.5705870" lon="-104.8595600">
    <ele>1759.7</ele>
    <time>2023-04-26T19:22:01Z</time>
   </trkpt>
   <trkpt lat="39.5706060" lon="-104.8595460">
    <ele>1759.7</ele>
    <time>2023-04-26T19:22:02Z</time>
   </trkpt>
   <trkpt lat="39.5706140" lon="-104.8595390">
    <ele>1759.7</ele>
    <time>2023-04-26T19:22:03Z</time>
   </trkpt>
   <trkpt lat="39.5706210" lon="-104.8595330">
    <ele>1759.6</ele>
    <time>2023-04-26T19:22:04Z</time>
   </trkpt>
   <trkpt lat="39.5706340" lon="-104.8595270">
    <ele>1759.6</ele>
    <time>2023-04-26T19:22:05Z</time>
   </trkpt>
   <trkpt lat="39.5706490" lon="-104.8595180">
    <ele>1759.6</ele>
    <time>2023-04-26T19:22:06Z</time>
   </trkpt>
   <trkpt lat="39.5706610" lon="-104.8595080">
    <ele>1759.6</ele>
    <time>2023-04-26T19:22:07Z</time>
   </trkpt>
   <trkpt lat="39.5706750" lon="-104.8594990">
    <ele>1759.6</ele>
    <time>2023-04-26T19:22:08Z</time>
   </trkpt>
   <trkpt lat="39.5706870" lon="-104.8594870">
    <ele>1759.6</ele>
    <time>2023-04-26T19:22:09Z</time>
   </trkpt>
   <trkpt lat="39.5706980" lon="-104.8594740">
    <ele>1759.6</ele>
    <time>2023-04-26T19:22:10Z</time>
   </trkpt>
   <trkpt lat="39.5707100" lon="-104.8594630">
    <ele>1759.6</ele>
    <time>2023-04-26T19:22:11Z</time>
   </trkpt>
   <trkpt lat="39.5707220" lon="-104.8594520">
    <ele>1759.5</ele>
    <time>2023-04-26T19:22:12Z</time>
   </trkpt>
   <trkpt lat="39.5707350" lon="-104.8594440">
    <ele>1759.5</ele>
    <time>2023-04-26T19:22:13Z</time>
   </trkpt>
   <trkpt lat="39.5707470" lon="-104.8594340">
    <ele>1759.5</ele>
    <time>2023-04-26T19:22:14Z</time>
   </trkpt>
   <trkpt lat="39.5707600" lon="-104.8594250">
    <ele>1759.5</ele>
    <time>2023-04-26T19:22:15Z</time>
   </trkpt>
   <trkpt lat="39.5707730" lon="-104.8594180">
    <ele>1759.5</ele>
    <time>2023-04-26T19:22:16Z</time>
   </trkpt>
   <trkpt lat="39.5707860" lon="-104.8594100">
    <ele>1759.5</ele>
    <time>2023-04-26T19:22:17Z</time>
   </trkpt>
   <trkpt lat="39.5707970" lon="-104.8593980">
    <ele>1759.5</ele>
    <time>2023-04-26T19:22:18Z</time>
   </trkpt>
   <trkpt lat="39.5708100" lon="-104.8593890">
    <ele>1759.4</ele>
    <time>2023-04-26T19:22:19Z</time>
   </trkpt>
   <trkpt lat="39.5708220" lon="-104.8593800">
    <ele>1759.4</ele>
    <time>2023-04-26T19:22:20Z</time>
   </trkpt>
   <trkpt lat="39.5708360" lon="-104.8593720">
    <ele>1759.4</ele>
    <time>2023-04-26T19:22:21Z</time>
   </trkpt>
   <trkpt lat="39.5708480" lon="-104.8593620">
    <ele>1759.4</ele>
    <time>2023-04-26T19:22:22Z</time>
   </trkpt>
   <trkpt lat="39.5708600" lon="-104.8593520">
    <ele>1759.4</ele>
    <time>2023-04-26T19:22:23Z</time>
   </trkpt>
   <trkpt lat="39.5708730" lon="-104.8593440">
    <ele>1759.4</ele>
    <time>2023-04-26T19:22:24Z</time>
   </trkpt>
   <trkpt lat="39.5708850" lon="-104.8593340">
    <ele>1759.4</ele>
    <time>2023-04-26T19:22:25Z</time>
   </trkpt>
   <trkpt lat="39.5708980" lon="-104.8593270">
    <ele>1759.3</ele>
    <time>2023-04-26T19:22:26Z</time>
   </trkpt>
   <trkpt lat="39.5709120" lon="-104.8593210">
    <ele>1759.3</ele>
    <time>2023-04-26T19:22:27Z</time>
   </trkpt>
   <trkpt lat="39.5709210" lon="-104.8593070">
    <ele>1759.3</ele>
    <time>2023-04-26T19:22:28Z</time>
   </trkpt>
   <trkpt lat="39.5709320" lon="-104.8592940">
    <ele>1759.3</ele>
    <time>2023-04-26T19:22:29Z</time>
   </trkpt>
   <trkpt lat="39.5709460" lon="-104.8592850">
    <ele>1759.3</ele>
    <time>2023-04-26T19:22:30Z</time>
   </trkpt>
   <trkpt lat="39.5709590" lon="-104.8592780">
    <ele>1759.3</ele>
    <time>2023-04-26T19:22:31Z</time>
   </trkpt>
   <trkpt lat="39.5709720" lon="-104.8592690">
    <ele>1759.2</ele>
    <time>2023-04-26T19:22:32Z</time>
   </trkpt>
   <trkpt lat="39.5709840" lon="-104.8592600">
    <ele>1759.2</ele>
    <time>2023-04-26T19:22:33Z</time>
   </trkpt>
   <trkpt lat="39.5709960" lon="-104.8592510">
    <ele>1759.2</ele>
    <time>2023-04-26T19:22:34Z</time>
   </trkpt>
   <trkpt lat="39.5710100" lon="-104.8592450">
    <ele>1759.2</ele>
    <time>2023-04-26T19:22:35Z</time>
   </trkpt>
   <trkpt lat="39.5710230" lon="-104.8592330">
    <ele>1759.2</ele>
    <time>2023-04-26T19:22:36Z</time>
   </trkpt>
   <trkpt lat="39.5710340" lon="-104.8592190">
    <ele>1759.2</ele>
    <time>2023-04-26T19:22:37Z</time>
   </trkpt>
   <trkpt lat="39.5710470" lon="-104.8592100">
    <ele>1759.2</ele>
    <time>2023-04-26T19:22:38Z</time>
   </trkpt>
   <trkpt lat="39.5710610" lon="-104.8592040">
    <ele>1759.2</ele>
    <time>2023-04-26T19:22:39Z</time>
   </trkpt>
   <trkpt lat="39.5710750" lon="-104.8591960">
    <ele>1759.1</ele>
    <time>2023-04-26T19:22:40Z</time>
   </trkpt>
   <trkpt lat="39.5710850" lon="-104.8591860">
    <ele>1759.1</ele>
    <time>2023-04-26T19:22:41Z</time>
   </trkpt>
   <trkpt lat="39.5710970" lon="-104.8591760">
    <ele>1759.1</ele>
    <time>2023-04-26T19:22:42Z</time>
   </trkpt>
   <trkpt lat="39.5711090" lon="-104.8591650">
    <ele>1759.1</ele>
    <time>2023-04-26T19:22:43Z</time>
   </trkpt>
   <trkpt lat="39.5711230" lon="-104.8591580">
    <ele>1759.1</ele>
    <time>2023-04-26T19:22:44Z</time>
   </trkpt>
   <trkpt lat="39.5711330" lon="-104.8591450">
    <ele>1759.1</ele>
    <time>2023-04-26T19:22:45Z</time>
   </trkpt>
   <trkpt lat="39.5711440" lon="-104.8591330">
    <ele>1759.1</ele>
    <time>2023-04-26T19:22:46Z</time>
   </trkpt>
   <trkpt lat="39.5711600" lon="-104.8591260">
    <ele>1759.1</ele>
    <time>2023-04-26T19:22:47Z</time>
   </trkpt>
   <trkpt lat="39.5711730" lon="-104.8591150">
    <ele>1759.1</ele>
    <time>2023-04-26T19:22:48Z</time>
   </trkpt>
   <trkpt lat="39.5711860" lon="-104.8591070">
    <ele>1759.1</ele>
    <time>2023-04-26T19:22:49Z</time>
   </trkpt>
   <trkpt lat="39.5711980" lon="-104.8590950">
    <ele>1759.1</ele>
    <time>2023-04-26T19:22:50Z</time>
   </trkpt>
   <trkpt lat="39.5712090" lon="-104.8590810">
    <ele>1759.0</ele>
    <time>2023-04-26T19:22:51Z</time>
   </trkpt>
   <trkpt lat="39.5712190" lon="-104.8590670">
    <ele>1759.0</ele>
    <time>2023-04-26T19:22:52Z</time>
   </trkpt>
   <trkpt lat="39.5712310" lon="-104.8590560">
    <ele>1759.0</ele>
    <time>2023-04-26T19:22:53Z</time>
   </trkpt>
   <trkpt lat="39.5712430" lon="-104.8590450">
    <ele>1759.0</ele>
    <time>2023-04-26T19:22:54Z</time>
   </trkpt>
   <trkpt lat="39.5712560" lon="-104.8590370">
    <ele>1759.0</ele>
    <time>2023-04-26T19:22:55Z</time>
   </trkpt>
   <trkpt lat="39.5712680" lon="-104.8590270">
    <ele>1759.0</ele>
    <time>2023-04-26T19:22:56Z</time>
   </trkpt>
   <trkpt lat="39.5712790" lon="-104.8590140">
    <ele>1759.0</ele>
    <time>2023-04-26T19:22:57Z</time>
   </trkpt>
   <trkpt lat="39.5712900" lon="-104.8590000">
    <ele>1759.0</ele>
    <time>2023-04-26T19:22:58Z</time>
   </trkpt>
   <trkpt lat="39.5713020" lon="-104.8589890">
    <ele>1759.0</ele>
    <time>2023-04-26T19:22:59Z</time>
   </trkpt>
   <trkpt lat="39.5713130" lon="-104.8589750">
    <ele>1759.0</ele>
    <time>2023-04-26T19:23:00Z</time>
   </trkpt>
   <trkpt lat="39.5713210" lon="-104.8589600">
    <ele>1759.0</ele>
    <time>2023-04-26T19:23:01Z</time>
   </trkpt>
   <trkpt lat="39.5713310" lon="-104.8589480">
    <ele>1759.0</ele>
    <time>2023-04-26T19:23:02Z</time>
   </trkpt>
   <trkpt lat="39.5713410" lon="-104.8589340">
    <ele>1759.0</ele>
    <time>2023-04-26T19:23:03Z</time>
   </trkpt>
   <trkpt lat="39.5713490" lon="-104.8589190">
    <ele>1759.0</ele>
    <time>2023-04-26T19:23:04Z</time>
   </trkpt>
   <trkpt lat="39.5713590" lon="-104.8589060">
    <ele>1759.0</ele>
    <time>2023-04-26T19:23:05Z</time>
   </trkpt>
   <trkpt lat="39.5713690" lon="-104.8588920">
    <ele>1759.0</ele>
    <time>2023-04-26T19:23:06Z</time>
   </trkpt>
   <trkpt lat="39.5713790" lon="-104.8588810">
    <ele>1759.0</ele>
    <time>2023-04-26T19:23:07Z</time>
   </trkpt>
   <trkpt lat="39.5713900" lon="-104.8588680">
    <ele>1759.0</ele>
    <time>2023-04-26T19:23:08Z</time>
   </trkpt>
   <trkpt lat="39.5713980" lon="-104.8588510">
    <ele>1759.0</ele>
    <time>2023-04-26T19:23:09Z</time>
   </trkpt>
   <trkpt lat="39.5714070" lon="-104.8588360">
    <ele>1759.0</ele>
    <time>2023-04-26T19:23:10Z</time>
   </trkpt>
   <trkpt lat="39.5714160" lon="-104.8588200">
    <ele>1759.0</ele>
    <time>2023-04-26T19:23:11Z</time>
   </trkpt>
   <trkpt lat="39.5714260" lon="-104.8588060">
    <ele>1759.0</ele>
    <time>2023-04-26T19:23:12Z</time>
   </trkpt>
   <trkpt lat="39.5714360" lon="-104.8587910">
    <ele>1759.0</ele>
    <time>2023-04-26T19:23:13Z</time>
   </trkpt>
   <trkpt lat="39.5714440" lon="-104.8587750">
    <ele>1759.0</ele>
    <time>2023-04-26T19:23:14Z</time>
   </trkpt>
   <trkpt lat="39.5714530" lon="-104.8587580">
    <ele>1759.0</ele>
    <time>2023-04-26T19:23:15Z</time>
   </trkpt>
   <trkpt lat="39.5714610" lon="-104.8587420">
    <ele>1759.0</ele>
    <time>2023-04-26T19:23:16Z</time>
   </trkpt>
   <trkpt lat="39.5714680" lon="-104.8587260">
    <ele>1759.0</ele>
    <time>2023-04-26T19:23:17Z</time>
   </trkpt>
   <trkpt lat="39.5714750" lon="-104.8587090">
    <ele>1759.0</ele>
    <time>2023-04-26T19:23:18Z</time>
   </trkpt>
   <trkpt lat="39.5714830" lon="-104.8586940">
    <ele>1759.0</ele>
    <time>2023-04-26T19:23:19Z</time>
   </trkpt>
   <trkpt lat="39.5714920" lon="-104.8586790">
    <ele>1759.0</ele>
    <time>2023-04-26T19:23:20Z</time>
   </trkpt>
   <trkpt lat="39.5715000" lon="-104.8586620">
    <ele>1759.0</ele>
    <time>2023-04-26T19:23:21Z</time>
   </trkpt>
   <trkpt lat="39.5715060" lon="-104.8586430">
    <ele>1759.0</ele>
    <time>2023-04-26T19:23:22Z</time>
   </trkpt>
   <trkpt lat="39.5715140" lon="-104.8586280">
    <ele>1759.0</ele>
    <time>2023-04-26T19:23:23Z</time>
   </trkpt>
   <trkpt lat="39.5715210" lon="-104.8586130">
    <ele>1759.0</ele>
    <time>2023-04-26T19:23:24Z</time>
   </trkpt>
   <trkpt lat="39.5715250" lon="-104.8585930">
    <ele>1759.0</ele>
    <time>2023-04-26T19:23:25Z</time>
   </trkpt>
   <trkpt lat="39.5715310" lon="-104.8585780">
    <ele>1759.0</ele>
    <time>2023-04-26T19:23:26Z</time>
   </trkpt>
   <trkpt lat="39.5715400" lon="-104.8585620">
    <ele>1759.0</ele>
    <time>2023-04-26T19:23:27Z</time>
   </trkpt>
   <trkpt lat="39.5715460" lon="-104.8585450">
    <ele>1759.1</ele>
    <time>2023-04-26T19:23:28Z</time>
   </trkpt>
   <trkpt lat="39.5715510" lon="-104.8585280">
    <ele>1759.1</ele>
    <time>2023-04-26T19:23:29Z</time>
   </trkpt>
   <trkpt lat="39.5715550" lon="-104.8585100">
    <ele>1759.1</ele>
    <time>2023-04-26T19:23:30Z</time>
   </trkpt>
   <trkpt lat="39.5715600" lon="-104.8584920">
    <ele>1759.1</ele>
    <time>2023-04-26T19:23:31Z</time>
   </trkpt>
   <trkpt lat="39.5715660" lon="-104.8584760">
    <ele>1759.1</ele>
    <time>2023-04-26T19:23:32Z</time>
   </trkpt>
   <trkpt lat="39.5715700" lon="-104.8584590">
    <ele>1759.1</ele>
    <time>2023-04-26T19:23:33Z</time>
   </trkpt>
   <trkpt lat="39.5715740" lon="-104.8584410">
    <ele>1759.1</ele>
    <time>2023-04-26T19:23:34Z</time>
   </trkpt>
   <trkpt lat="39.5715800" lon="-104.8584230">
    <ele>1759.1</ele>
    <time>2023-04-26T19:23:35Z</time>
   </trkpt>
   <trkpt lat="39.5715850" lon="-104.8584040">
    <ele>1759.1</ele>
    <time>2023-04-26T19:23:36Z</time>
   </trkpt>
   <trkpt lat="39.5715920" lon="-104.8583860">
    <ele>1759.1</ele>
    <time>2023-04-26T19:23:37Z</time>
   </trkpt>
   <trkpt lat="39.5715940" lon="-104.8583660">
    <ele>1759.1</ele>
    <time>2023-04-26T19:23:38Z</time>
   </trkpt>
   <trkpt lat="39.5715970" lon="-104.8583470">
    <ele>1759.1</ele>
    <time>2023-04-26T19:23:39Z</time>
   </trkpt>
   <trkpt lat="39.5716010" lon="-104.8583290">
    <ele>1759.2</ele>
    <time>2023-04-26T19:23:40Z</time>
   </trkpt>
   <trkpt lat="39.5716040" lon="-104.8583110">
    <ele>1759.2</ele>
    <time>2023-04-26T19:23:41Z</time>
   </trkpt>
   <trkpt lat="39.5716070" lon="-104.8582930">
    <ele>1759.2</ele>
    <time>2023-04-26T19:23:42Z</time>
   </trkpt>
   <trkpt lat="39.5716110" lon="-104.8582640">
    <ele>1759.2</ele>
    <time>2023-04-26T19:23:43Z</time>
   </trkpt>
   <trkpt lat="39.5716130" lon="-104.8582530">
    <ele>1759.2</ele>
    <time>2023-04-26T19:23:44Z</time>
   </trkpt>
   <trkpt lat="39.5716150" lon="-104.8582420">
    <ele>1759.2</ele>
    <time>2023-04-26T19:23:45Z</time>
   </trkpt>
   <trkpt lat="39.5716180" lon="-104.8582240">
    <ele>1759.2</ele>
    <time>2023-04-26T19:23:46Z</time>
   </trkpt>
   <trkpt lat="39.5716180" lon="-104.8582050">
    <ele>1759.2</ele>
    <time>2023-04-26T19:23:47Z</time>
   </trkpt>
   <trkpt lat="39.5716240" lon="-104.8581880">
    <ele>1759.2</ele>
    <time>2023-04-26T19:23:48Z</time>
   </trkpt>
   <trkpt lat="39.5716250" lon="-104.8581690">
    <ele>1759.2</ele>
    <time>2023-04-26T19:23:49Z</time>
   </trkpt>
   <trkpt lat="39.5716270" lon="-104.8581530">
    <ele>1759.3</ele>
    <time>2023-04-26T19:23:50Z</time>
   </trkpt>
   <trkpt lat="39.5716310" lon="-104.8581340">
    <ele>1759.3</ele>
    <time>2023-04-26T19:23:51Z</time>
   </trkpt>
   <trkpt lat="39.5716360" lon="-104.8581150">
    <ele>1759.3</ele>
    <time>2023-04-26T19:23:52Z</time>
   </trkpt>
   <trkpt lat="39.5716380" lon="-104.8580970">
    <ele>1759.3</ele>
    <time>2023-04-26T19:23:53Z</time>
   </trkpt>
   <trkpt lat="39.5716420" lon="-104.8580780">
    <ele>1759.3</ele>
    <time>2023-04-26T19:23:54Z</time>
   </trkpt>
   <trkpt lat="39.5716440" lon="-104.8580610">
    <ele>1759.3</ele>
    <time>2023-04-26T19:23:55Z</time>
   </trkpt>
   <trkpt lat="39.5716450" lon="-104.8580420">
    <ele>1759.3</ele>
    <time>2023-04-26T19:23:56Z</time>
   </trkpt>
   <trkpt lat="39.5716450" lon="-104.8580230">
    <ele>1759.3</ele>
    <time>2023-04-26T19:23:57Z</time>
   </trkpt>
   <trkpt lat="39.5716470" lon="-104.8580040">
    <ele>1759.3</ele>
    <time>2023-04-26T19:23:58Z</time>
   </trkpt>
   <trkpt lat="39.5716490" lon="-104.8579850">
    <ele>1759.3</ele>
    <time>2023-04-26T19:23:59Z</time>
   </trkpt>
   <trkpt lat="39.5716480" lon="-104.8579640">
    <ele>1759.3</ele>
    <time>2023-04-26T19:24:00Z</time>
   </trkpt>
   <trkpt lat="39.5716500" lon="-104.8579470">
    <ele>1759.3</ele>
    <time>2023-04-26T19:24:01Z</time>
   </trkpt>
   <trkpt lat="39.5716500" lon="-104.8579280">
    <ele>1759.3</ele>
    <time>2023-04-26T19:24:02Z</time>
   </trkpt>
   <trkpt lat="39.5716500" lon="-104.8579090">
    <ele>1759.3</ele>
    <time>2023-04-26T19:24:03Z</time>
   </trkpt>
   <trkpt lat="39.5716520" lon="-104.8578900">
    <ele>1759.3</ele>
    <time>2023-04-26T19:24:04Z</time>
   </trkpt>
   <trkpt lat="39.5716530" lon="-104.8578720">
    <ele>1759.3</ele>
    <time>2023-04-26T19:24:05Z</time>
   </trkpt>
   <trkpt lat="39.5716510" lon="-104.8578530">
    <ele>1759.3</ele>
    <time>2023-04-26T19:24:06Z</time>
   </trkpt>
   <trkpt lat="39.5716520" lon="-104.8578330">
    <ele>1759.4</ele>
    <time>2023-04-26T19:24:07Z</time>
   </trkpt>
   <trkpt lat="39.5716550" lon="-104.8578140">
    <ele>1759.4</ele>
    <time>2023-04-26T19:24:08Z</time>
   </trkpt>
   <trkpt lat="39.5716550" lon="-104.8577950">
    <ele>1759.4</ele>
    <time>2023-04-26T19:24:09Z</time>
   </trkpt>
   <trkpt lat="39.5716580" lon="-104.8577760">
    <ele>1759.4</ele>
    <time>2023-04-26T19:24:10Z</time>
   </trkpt>
   <trkpt lat="39.5716580" lon="-104.8577580">
    <ele>1759.4</ele>
    <time>2023-04-26T19:24:11Z</time>
   </trkpt>
   <trkpt lat="39.5716560" lon="-104.8577390">
    <ele>1759.4</ele>
    <time>2023-04-26T19:24:12Z</time>
   </trkpt>
   <trkpt lat="39.5716570" lon="-104.8577200">
    <ele>1759.4</ele>
    <time>2023-04-26T19:24:13Z</time>
   </trkpt>
   <trkpt lat="39.5716600" lon="-104.8577030">
    <ele>1759.4</ele>
    <time>2023-04-26T19:24:14Z</time>
   </trkpt>
   <trkpt lat="39.5716590" lon="-104.8576840">
    <ele>1759.4</ele>
    <time>2023-04-26T19:24:15Z</time>
   </trkpt>
   <trkpt lat="39.5716590" lon="-104.8576650">
    <ele>1759.4</ele>
    <time>2023-04-26T19:24:16Z</time>
   </trkpt>
   <trkpt lat="39.5716620" lon="-104.8576470">
    <ele>1759.4</ele>
    <time>2023-04-26T19:24:17Z</time>
   </trkpt>
   <trkpt lat="39.5716650" lon="-104.8576180">
    <ele>1759.5</ele>
    <time>2023-04-26T19:24:18Z</time>
   </trkpt>
   <trkpt lat="39.5716660" lon="-104.8576050">
    <ele>1759.5</ele>
    <time>2023-04-26T19:24:19Z</time>
   </trkpt>
   <trkpt lat="39.5716670" lon="-104.8575920">
    <ele>1759.5</ele>
    <time>2023-04-26T19:24:20Z</time>
   </trkpt>
   <trkpt lat="39.5716670" lon="-104.8575720">
    <ele>1759.5</ele>
    <time>2023-04-26T19:24:21Z</time>
   </trkpt>
   <trkpt lat="39.5716680" lon="-104.8575530">
    <ele>1759.5</ele>
    <time>2023-04-26T19:24:22Z</time>
   </trkpt>
   <trkpt lat="39.5716690" lon="-104.8575330">
    <ele>1759.5</ele>
    <time>2023-04-26T19:24:23Z</time>
   </trkpt>
   <trkpt lat="39.5716720" lon="-104.8575140">
    <ele>1759.5</ele>
    <time>2023-04-26T19:24:24Z</time>
   </trkpt>
   <trkpt lat="39.5716730" lon="-104.8574960">
    <ele>1759.5</ele>
    <time>2023-04-26T19:24:25Z</time>
   </trkpt>
   <trkpt lat="39.5716740" lon="-104.8574770">
    <ele>1759.6</ele>
    <time>2023-04-26T19:24:26Z</time>
   </trkpt>
   <trkpt lat="39.5716750" lon="-104.8574600">
    <ele>1759.6</ele>
    <time>2023-04-26T19:24:27Z</time>
   </trkpt>
   <trkpt lat="39.5716760" lon="-104.8574410">
    <ele>1759.6</ele>
    <time>2023-04-26T19:24:28Z</time>
   </trkpt>
   <trkpt lat="39.5716750" lon="-104.8574210">
    <ele>1759.6</ele>
    <time>2023-04-26T19:24:29Z</time>
   </trkpt>
   <trkpt lat="39.5716720" lon="-104.8574000">
    <ele>1759.6</ele>
    <time>2023-04-26T19:24:30Z</time>
   </trkpt>
   <trkpt lat="39.5716730" lon="-104.8573800">
    <ele>1759.6</ele>
    <time>2023-04-26T19:24:31Z</time>
   </trkpt>
   <trkpt lat="39.5716740" lon="-104.8573610">
    <ele>1759.7</ele>
    <time>2023-04-26T19:24:32Z</time>
   </trkpt>
   <trkpt lat="39.5716780" lon="-104.8573410">
    <ele>1759.7</ele>
    <time>2023-04-26T19:24:33Z</time>
   </trkpt>
   <trkpt lat="39.5716850" lon="-104.8573230">
    <ele>1759.7</ele>
    <time>2023-04-26T19:24:34Z</time>
   </trkpt>
   <trkpt lat="39.5716860" lon="-104.8573050">
    <ele>1759.7</ele>
    <time>2023-04-26T19:24:35Z</time>
   </trkpt>
   <trkpt lat="39.5716860" lon="-104.8572860">
    <ele>1759.7</ele>
    <time>2023-04-26T19:24:36Z</time>
   </trkpt>
   <trkpt lat="39.5716900" lon="-104.8572680">
    <ele>1759.8</ele>
    <time>2023-04-26T19:24:37Z</time>
   </trkpt>
   <trkpt lat="39.5716950" lon="-104.8572490">
    <ele>1759.8</ele>
    <time>2023-04-26T19:24:38Z</time>
   </trkpt>
   <trkpt lat="39.5716980" lon="-104.8572230">
    <ele>1759.8</ele>
    <time>2023-04-26T19:24:39Z</time>
   </trkpt>
   <trkpt lat="39.5717010" lon="-104.8572120">
    <ele>1759.8</ele>
    <time>2023-04-26T19:24:40Z</time>
   </trkpt>
   <trkpt lat="39.5717040" lon="-104.8572010">
    <ele>1759.8</ele>
    <time>2023-04-26T19:24:41Z</time>
   </trkpt>
   <trkpt lat="39.5717110" lon="-104.8571840">
    <ele>1759.9</ele>
    <time>2023-04-26T19:24:42Z</time>
   </trkpt>
   <trkpt lat="39.5717190" lon="-104.8571700">
    <ele>1759.9</ele>
    <time>2023-04-26T19:24:43Z</time>
   </trkpt>
   <trkpt lat="39.5717240" lon="-104.8571540">
    <ele>1759.9</ele>
    <time>2023-04-26T19:24:44Z</time>
   </trkpt>
   <trkpt lat="39.5717270" lon="-104.8571330">
    <ele>1759.9</ele>
    <time>2023-04-26T19:24:45Z</time>
   </trkpt>
   <trkpt lat="39.5717340" lon="-104.8571110">
    <ele>1760.0</ele>
    <time>2023-04-26T19:24:46Z</time>
   </trkpt>
   <trkpt lat="39.5717370" lon="-104.8570910">
    <ele>1760.0</ele>
    <time>2023-04-26T19:24:47Z</time>
   </trkpt>
   <trkpt lat="39.5717390" lon="-104.8570690">
    <ele>1760.1</ele>
    <time>2023-04-26T19:24:48Z</time>
   </trkpt>
   <trkpt lat="39.5717450" lon="-104.8570490">
    <ele>1760.1</ele>
    <time>2023-04-26T19:24:49Z</time>
   </trkpt>
   <trkpt lat="39.5717680" lon="-104.8570280">
    <ele>1760.2</ele>
    <time>2023-04-26T19:24:50Z</time>
   </trkpt>
   <trkpt lat="39.5717760" lon="-104.8570230">
    <ele>1760.2</ele>
    <time>2023-04-26T19:24:51Z</time>
   </trkpt>
   <trkpt lat="39.5717850" lon="-104.8570090">
    <ele>1760.3</ele>
    <time>2023-04-26T19:24:52Z</time>
   </trkpt>
   <trkpt lat="39.5717960" lon="-104.8569960">
    <ele>1760.3</ele>
    <time>2023-04-26T19:24:53Z</time>
   </trkpt>
   <trkpt lat="39.5718110" lon="-104.8569850">
    <ele>1760.4</ele>
    <time>2023-04-26T19:24:54Z</time>
   </trkpt>
   <trkpt lat="39.5718230" lon="-104.8569700">
    <ele>1760.5</ele>
    <time>2023-04-26T19:24:55Z</time>
   </trkpt>
   <trkpt lat="39.5718340" lon="-104.8569580">
    <ele>1760.5</ele>
    <time>2023-04-26T19:24:56Z</time>
   </trkpt>
   <trkpt lat="39.5718440" lon="-104.8569430">
    <ele>1760.6</ele>
    <time>2023-04-26T19:24:57Z</time>
   </trkpt>
   <trkpt lat="39.5718500" lon="-104.8569250">
    <ele>1760.6</ele>
    <time>2023-04-26T19:24:58Z</time>
   </trkpt>
   <trkpt lat="39.5718550" lon="-104.8569070">
    <ele>1760.7</ele>
    <time>2023-04-26T19:24:59Z</time>
   </trkpt>
   <trkpt lat="39.5718570" lon="-104.8568890">
    <ele>1760.7</ele>
    <time>2023-04-26T19:25:00Z</time>
   </trkpt>
   <trkpt lat="39.5718700" lon="-104.8568780">
    <ele>1760.8</ele>
    <time>2023-04-26T19:25:01Z</time>
   </trkpt>
   <trkpt lat="39.5718820" lon="-104.8568630">
    <ele>1760.9</ele>
    <time>2023-04-26T19:25:02Z</time>
   </trkpt>
   <trkpt lat="39.5718940" lon="-104.8568520">
    <ele>1760.9</ele>
    <time>2023-04-26T19:25:03Z</time>
   </trkpt>
   <trkpt lat="39.5719030" lon="-104.8568390">
    <ele>1761.0</ele>
    <time>2023-04-26T19:25:04Z</time>
   </trkpt>
   <trkpt lat="39.5719120" lon="-104.8568240">
    <ele>1761.0</ele>
    <time>2023-04-26T19:25:05Z</time>
   </trkpt>
   <trkpt lat="39.5719190" lon="-104.8568080">
    <ele>1761.1</ele>
    <time>2023-04-26T19:25:06Z</time>
   </trkpt>
   <trkpt lat="39.5719320" lon="-104.8568000">
    <ele>1761.2</ele>
    <time>2023-04-26T19:25:07Z</time>
   </trkpt>
   <trkpt lat="39.5719440" lon="-104.8567910">
    <ele>1761.2</ele>
    <time>2023-04-26T19:25:08Z</time>
   </trkpt>
   <trkpt lat="39.5719570" lon="-104.8567820">
    <ele>1761.3</ele>
    <time>2023-04-26T19:25:09Z</time>
   </trkpt>
   <trkpt lat="39.5719690" lon="-104.8567700">
    <ele>1761.4</ele>
    <time>2023-04-26T19:25:10Z</time>
   </trkpt>
   <trkpt lat="39.5719820" lon="-104.8567620">
    <ele>1761.4</ele>
    <time>2023-04-26T19:25:11Z</time>
   </trkpt>
   <trkpt lat="39.5719930" lon="-104.8567470">
    <ele>1761.5</ele>
    <time>2023-04-26T19:25:12Z</time>
   </trkpt>
   <trkpt lat="39.5720050" lon="-104.8567330">
    <ele>1761.6</ele>
    <time>2023-04-26T19:25:13Z</time>
   </trkpt>
   <trkpt lat="39.5720160" lon="-104.8567180">
    <ele>1761.6</ele>
    <time>2023-04-26T19:25:14Z</time>
   </trkpt>
   <trkpt lat="39.5720230" lon="-104.8567010">
    <ele>1761.7</ele>
    <time>2023-04-26T19:25:15Z</time>
   </trkpt>
   <trkpt lat="39.5720300" lon="-104.8566860">
    <ele>1761.8</ele>
    <time>2023-04-26T19:25:16Z</time>
   </trkpt>
   <trkpt lat="39.5720400" lon="-104.8566730">
    <ele>1761.8</ele>
    <time>2023-04-26T19:25:17Z</time>
   </trkpt>
   <trkpt lat="39.5720510" lon="-104.8566600">
    <ele>1761.9</ele>
    <time>2023-04-26T19:25:18Z</time>
   </trkpt>
   <trkpt lat="39.5720600" lon="-104.8566430">
    <ele>1761.9</ele>
    <time>2023-04-26T19:25:19Z</time>
   </trkpt>
   <trkpt lat="39.5720720" lon="-104.8566310">
    <ele>1762.0</ele>
    <time>2023-04-26T19:25:20Z</time>
   </trkpt>
   <trkpt lat="39.5720860" lon="-104.8566200">
    <ele>1762.1</ele>
    <time>2023-04-26T19:25:21Z</time>
   </trkpt>
   <trkpt lat="39.5720980" lon="-104.8566100">
    <ele>1762.1</ele>
    <time>2023-04-26T19:25:22Z</time>
   </trkpt>
   <trkpt lat="39.5721080" lon="-104.8565970">
    <ele>1762.2</ele>
    <time>2023-04-26T19:25:23Z</time>
   </trkpt>
   <trkpt lat="39.5721210" lon="-104.8565850">
    <ele>1762.2</ele>
    <time>2023-04-26T19:25:24Z</time>
   </trkpt>
   <trkpt lat="39.5721350" lon="-104.8565770">
    <ele>1762.3</ele>
    <time>2023-04-26T19:25:25Z</time>
   </trkpt>
   <trkpt lat="39.5721500" lon="-104.8565690">
    <ele>1762.3</ele>
    <time>2023-04-26T19:25:26Z</time>
   </trkpt>
   <trkpt lat="39.5721600" lon="-104.8565540">
    <ele>1762.4</ele>
    <time>2023-04-26T19:25:27Z</time>
   </trkpt>
   <trkpt lat="39.5721730" lon="-104.8565430">
    <ele>1762.4</ele>
    <time>2023-04-26T19:25:28Z</time>
   </trkpt>
   <trkpt lat="39.5721860" lon="-104.8565310">
    <ele>1762.5</ele>
    <time>2023-04-26T19:25:29Z</time>
   </trkpt>
   <trkpt lat="39.5722020" lon="-104.8565250">
    <ele>1762.6</ele>
    <time>2023-04-26T19:25:30Z</time>
   </trkpt>
   <trkpt lat="39.5722160" lon="-104.8565190">
    <ele>1762.6</ele>
    <time>2023-04-26T19:25:31Z</time>
   </trkpt>
   <trkpt lat="39.5722290" lon="-104.8565110">
    <ele>1762.6</ele>
    <time>2023-04-26T19:25:32Z</time>
   </trkpt>
   <trkpt lat="39.5722430" lon="-104.8565020">
    <ele>1762.7</ele>
    <time>2023-04-26T19:25:33Z</time>
   </trkpt>
   <trkpt lat="39.5722580" lon="-104.8564980">
    <ele>1762.7</ele>
    <time>2023-04-26T19:25:34Z</time>
   </trkpt>
   <trkpt lat="39.5722720" lon="-104.8564880">
    <ele>1762.7</ele>
    <time>2023-04-26T19:25:35Z</time>
   </trkpt>
   <trkpt lat="39.5722840" lon="-104.8564800">
    <ele>1762.8</ele>
    <time>2023-04-26T19:25:36Z</time>
   </trkpt>
   <trkpt lat="39.5722990" lon="-104.8564780">
    <ele>1762.8</ele>
    <time>2023-04-26T19:25:38Z</time>
   </trkpt>
   <trkpt lat="39.5723140" lon="-104.8564700">
    <ele>1762.8</ele>
    <time>2023-04-26T19:25:39Z</time>
   </trkpt>
   <trkpt lat="39.5723280" lon="-104.8564640">
    <ele>1762.8</ele>
    <time>2023-04-26T19:25:40Z</time>
   </trkpt>
   <trkpt lat="39.5723420" lon="-104.8564600">
    <ele>1762.8</ele>
    <time>2023-04-26T19:25:41Z</time>
   </trkpt>
   <trkpt lat="39.5723570" lon="-104.8564570">
    <ele>1762.9</ele>
    <time>2023-04-26T19:25:42Z</time>
   </trkpt>
   <trkpt lat="39.5723720" lon="-104.8564490">
    <ele>1762.9</ele>
    <time>2023-04-26T19:25:43Z</time>
   </trkpt>
   <trkpt lat="39.5723870" lon="-104.8564440">
    <ele>1762.9</ele>
    <time>2023-04-26T19:25:44Z</time>
   </trkpt>
   <trkpt lat="39.5724020" lon="-104.8564380">
    <ele>1762.9</ele>
    <time>2023-04-26T19:25:45Z</time>
   </trkpt>
   <trkpt lat="39.5724170" lon="-104.8564320">
    <ele>1762.9</ele>
    <time>2023-04-26T19:25:46Z</time>
   </trkpt>
   <trkpt lat="39.5724340" lon="-104.8564360">
    <ele>1762.9</ele>
    <time>2023-04-26T19:25:47Z</time>
   </trkpt>
   <trkpt lat="39.5724470" lon="-104.8564290">
    <ele>1762.9</ele>
    <time>2023-04-26T19:25:48Z</time>
   </trkpt>
   <trkpt lat="39.5724620" lon="-104.8564280">
    <ele>1762.9</ele>
    <time>2023-04-26T19:25:49Z</time>
   </trkpt>
   <trkpt lat="39.5724760" lon="-104.8564270">
    <ele>1762.9</ele>
    <time>2023-04-26T19:25:50Z</time>
   </trkpt>
   <trkpt lat="39.5724920" lon="-104.8564270">
    <ele>1762.9</ele>
    <time>2023-04-26T19:25:51Z</time>
   </trkpt>
   <trkpt lat="39.5725060" lon="-104.8564250">
    <ele>1762.9</ele>
    <time>2023-04-26T19:25:52Z</time>
   </trkpt>
   <trkpt lat="39.5725210" lon="-104.8564190">
    <ele>1762.8</ele>
    <time>2023-04-26T19:25:53Z</time>
   </trkpt>
   <trkpt lat="39.5725380" lon="-104.8564200">
    <ele>1762.8</ele>
    <time>2023-04-26T19:25:54Z</time>
   </trkpt>
   <trkpt lat="39.5725520" lon="-104.8564200">
    <ele>1762.8</ele>
    <time>2023-04-26T19:25:55Z</time>
   </trkpt>
   <trkpt lat="39.5725670" lon="-104.8564200">
    <ele>1762.8</ele>
    <time>2023-04-26T19:25:56Z</time>
   </trkpt>
   <trkpt lat="39.5725830" lon="-104.8564130">
    <ele>1762.8</ele>
    <time>2023-04-26T19:25:57Z</time>
   </trkpt>
   <trkpt lat="39.5725970" lon="-104.8564100">
    <ele>1762.8</ele>
    <time>2023-04-26T19:25:58Z</time>
   </trkpt>
   <trkpt lat="39.5726130" lon="-104.8564170">
    <ele>1762.7</ele>
    <time>2023-04-26T19:25:59Z</time>
   </trkpt>
   <trkpt lat="39.5726280" lon="-104.8564200">
    <ele>1762.7</ele>
    <time>2023-04-26T19:26:00Z</time>
   </trkpt>
   <trkpt lat="39.5726440" lon="-104.8564190">
    <ele>1762.7</ele>
    <time>2023-04-26T19:26:01Z</time>
   </trkpt>
   <trkpt lat="39.5726600" lon="-104.8564190">
    <ele>1762.7</ele>
    <time>2023-04-26T19:26:02Z</time>
   </trkpt>
   <trkpt lat="39.5726760" lon="-104.8564150">
    <ele>1762.6</ele>
    <time>2023-04-26T19:26:03Z</time>
   </trkpt>
   <trkpt lat="39.5726910" lon="-104.8564160">
    <ele>1762.6</ele>
    <time>2023-04-26T19:26:04Z</time>
   </trkpt>
   <trkpt lat="39.5727060" lon="-104.8564190">
    <ele>1762.6</ele>
    <time>2023-04-26T19:26:05Z</time>
   </trkpt>
   <trkpt lat="39.5727210" lon="-104.8564200">
    <ele>1762.6</ele>
    <time>2023-04-26T19:26:06Z</time>
   </trkpt>
   <trkpt lat="39.5727370" lon="-104.8564180">
    <ele>1762.5</ele>
    <time>2023-04-26T19:26:07Z</time>
   </trkpt>
   <trkpt lat="39.5727520" lon="-104.8564230">
    <ele>1762.5</ele>
    <time>2023-04-26T19:26:08Z</time>
   </trkpt>
   <trkpt lat="39.5727670" lon="-104.8564240">
    <ele>1762.5</ele>
    <time>2023-04-26T19:26:09Z</time>
   </trkpt>
   <trkpt lat="39.5727810" lon="-104.8564290">
    <ele>1762.5</ele>
    <time>2023-04-26T19:26:10Z</time>
   </trkpt>
   <trkpt lat="39.5727940" lon="-104.8564300">
    <ele>1762.4</ele>
    <time>2023-04-26T19:26:11Z</time>
   </trkpt>
   <trkpt lat="39.5728240" lon="-104.8564310">
    <ele>1762.4</ele>
    <time>2023-04-26T19:26:12Z</time>
   </trkpt>
   <trkpt lat="39.5728390" lon="-104.8564330">
    <ele>1762.4</ele>
    <time>2023-04-26T19:26:13Z</time>
   </trkpt>
   <trkpt lat="39.5728540" lon="-104.8564310">
    <ele>1762.4</ele>
    <time>2023-04-26T19:26:14Z</time>
   </trkpt>
   <trkpt lat="39.5728690" lon="-104.8564290">
    <ele>1762.4</ele>
    <time>2023-04-26T19:26:15Z</time>
   </trkpt>
   <trkpt lat="39.5728840" lon="-104.8564270">
    <ele>1762.4</ele>
    <time>2023-04-26T19:26:16Z</time>
   </trkpt>
   <trkpt lat="39.5728980" lon="-104.8564220">
    <ele>1762.3</ele>
    <time>2023-04-26T19:26:17Z</time>
   </trkpt>
   <trkpt lat="39.5729120" lon="-104.8564210">
    <ele>1762.3</ele>
    <time>2023-04-26T19:26:18Z</time>
   </trkpt>
   <trkpt lat="39.5729270" lon="-104.8564250">
    <ele>1762.3</ele>
    <time>2023-04-26T19:26:19Z</time>
   </trkpt>
   <trkpt lat="39.5729430" lon="-104.8564280">
    <ele>1762.3</ele>
    <time>2023-04-26T19:26:20Z</time>
   </trkpt>
   <trkpt lat="39.5729590" lon="-104.8564160">
    <ele>1762.3</ele>
    <time>2023-04-26T19:26:21Z</time>
   </trkpt>
   <trkpt lat="39.5729750" lon="-104.8564120">
    <ele>1762.3</ele>
    <time>2023-04-26T19:26:22Z</time>
   </trkpt>
   <trkpt lat="39.5729900" lon="-104.8564160">
    <ele>1762.3</ele>
    <time>2023-04-26T19:26:23Z</time>
   </trkpt>
   <trkpt lat="39.5730040" lon="-104.8564240">
    <ele>1762.2</ele>
    <time>2023-04-26T19:26:24Z</time>
   </trkpt>
   <trkpt lat="39.5730200" lon="-104.8564250">
    <ele>1762.2</ele>
    <time>2023-04-26T19:26:25Z</time>
   </trkpt>
   <trkpt lat="39.5730350" lon="-104.8564170">
    <ele>1762.2</ele>
    <time>2023-04-26T19:26:26Z</time>
   </trkpt>
   <trkpt lat="39.5730500" lon="-104.8564080">
    <ele>1762.2</ele>
    <time>2023-04-26T19:26:27Z</time>
   </trkpt>
   <trkpt lat="39.5730620" lon="-104.8563990">
    <ele>1762.2</ele>
    <time>2023-04-26T19:26:28Z</time>
   </trkpt>
   <trkpt lat="39.5730790" lon="-104.8564030">
    <ele>1762.1</ele>
    <time>2023-04-26T19:26:29Z</time>
   </trkpt>
   <trkpt lat="39.5730950" lon="-104.8564120">
    <ele>1762.1</ele>
    <time>2023-04-26T19:26:30Z</time>
   </trkpt>
   <trkpt lat="39.5731100" lon="-104.8564150">
    <ele>1762.1</ele>
    <time>2023-04-26T19:26:31Z</time>
   </trkpt>
   <trkpt lat="39.5731240" lon="-104.8564170">
    <ele>1762.1</ele>
    <time>2023-04-26T19:26:32Z</time>
   </trkpt>
   <trkpt lat="39.5731380" lon="-104.8564180">
    <ele>1762.0</ele>
    <time>2023-04-26T19:26:33Z</time>
   </trkpt>
   <trkpt lat="39.5731530" lon="-104.8564190">
    <ele>1762.0</ele>
    <time>2023-04-26T19:26:34Z</time>
   </trkpt>
   <trkpt lat="39.5731660" lon="-104.8564190">
    <ele>1762.0</ele>
    <time>2023-04-26T19:26:35Z</time>
   </trkpt>
   <trkpt lat="39.5731780" lon="-104.8564240">
    <ele>1762.0</ele>
    <time>2023-04-26T19:26:36Z</time>
   </trkpt>
   <trkpt lat="39.5731940" lon="-104.8564270">
    <ele>1761.9</ele>
    <time>2023-04-26T19:26:37Z</time>
   </trkpt>
   <trkpt lat="39.5732150" lon="-104.8564250">
    <ele>1761.9</ele>
    <time>2023-04-26T19:26:38Z</time>
   </trkpt>
   <trkpt lat="39.5732240" lon="-104.8564250">
    <ele>1761.9</ele>
    <time>2023-04-26T19:26:39Z</time>
   </trkpt>
   <trkpt lat="39.5732320" lon="-104.8564250">
    <ele>1761.9</ele>
    <time>2023-04-26T19:26:40Z</time>
   </trkpt>
   <trkpt lat="39.5732440" lon="-104.8564330">
    <ele>1761.8</ele>
    <time>2023-04-26T19:26:41Z</time>
   </trkpt>
   <trkpt lat="39.5732600" lon="-104.8564340">
    <ele>1761.8</ele>
    <time>2023-04-26T19:26:42Z</time>
   </trkpt>
   <trkpt lat="39.5732770" lon="-104.8564350">
    <ele>1761.8</ele>
    <time>2023-04-26T19:26:43Z</time>
   </trkpt>
   <trkpt lat="39.5732900" lon="-104.8564350">
    <ele>1761.8</ele>
    <time>2023-04-26T19:26:44Z</time>
   </trkpt>
   <trkpt lat="39.5733050" lon="-104.8564380">
    <ele>1761.7</ele>
    <time>2023-04-26T19:26:45Z</time>
   </trkpt>
   <trkpt lat="39.5733220" lon="-104.8564380">
    <ele>1761.7</ele>
    <time>2023-04-26T19:26:46Z</time>
   </trkpt>
   <trkpt lat="39.5733360" lon="-104.8564390">
    <ele>1761.7</ele>
    <time>2023-04-26T19:26:47Z</time>
   </trkpt>
   <trkpt lat="39.5733520" lon="-104.8564380">
    <ele>1761.6</ele>
    <time>2023-04-26T19:26:48Z</time>
   </trkpt>
   <trkpt lat="39.5733680" lon="-104.8564390">
    <ele>1761.6</ele>
    <time>2023-04-26T19:26:49Z</time>
   </trkpt>
   <trkpt lat="39.5733810" lon="-104.8564450">
    <ele>1761.6</ele>
    <time>2023-04-26T19:26:50Z</time>
   </trkpt>
   <trkpt lat="39.5733970" lon="-104.8564490">
    <ele>1761.6</ele>
    <time>2023-04-26T19:26:51Z</time>
   </trkpt>
   <trkpt lat="39.5734100" lon="-104.8564530">
    <ele>1761.5</ele>
    <time>2023-04-26T19:26:52Z</time>
   </trkpt>
   <trkpt lat="39.5734240" lon="-104.8564630">
    <ele>1761.5</ele>
    <time>2023-04-26T19:26:53Z</time>
   </trkpt>
   <trkpt lat="39.5734390" lon="-104.8564640">
    <ele>1761.5</ele>
    <time>2023-04-26T19:26:54Z</time>
   </trkpt>
   <trkpt lat="39.5734560" lon="-104.8564520">
    <ele>1761.4</ele>
    <time>2023-04-26T19:26:55Z</time>
   </trkpt>
   <trkpt lat="39.5734710" lon="-104.8564440">
    <ele>1761.4</ele>
    <time>2023-04-26T19:26:56Z</time>
   </trkpt>
   <trkpt lat="39.5734870" lon="-104.8564400">
    <ele>1761.4</ele>
    <time>2023-04-26T19:26:57Z</time>
   </trkpt>
   <trkpt lat="39.5735020" lon="-104.8564390">
    <ele>1761.3</ele>
    <time>2023-04-26T19:26:58Z</time>
   </trkpt>
   <trkpt lat="39.5735170" lon="-104.8564400">
    <ele>1761.3</ele>
    <time>2023-04-26T19:26:59Z</time>
   </trkpt>
   <trkpt lat="39.5735310" lon="-104.8564350">
    <ele>1761.3</ele>
    <time>2023-04-26T19:27:00Z</time>
   </trkpt>
   <trkpt lat="39.5735530" lon="-104.8564300">
    <ele>1761.2</ele>
    <time>2023-04-26T19:27:01Z</time>
   </trkpt>
   <trkpt lat="39.5735620" lon="-104.8564270">
    <ele>1761.2</ele>
    <time>2023-04-26T19:27:02Z</time>
   </trkpt>
   <trkpt lat="39.5735710" lon="-104.8564250">
    <ele>1761.2</ele>
    <time>2023-04-26T19:27:03Z</time>
   </trkpt>
   <trkpt lat="39.5735850" lon="-104.8564260">
    <ele>1761.1</ele>
    <time>2023-04-26T19:27:04Z</time>
   </trkpt>
   <trkpt lat="39.5735990" lon="-104.8564200">
    <ele>1761.1</ele>
    <time>2023-04-26T19:27:05Z</time>
   </trkpt>
   <trkpt lat="39.5736210" lon="-104.8564210">
    <ele>1761.1</ele>
    <time>2023-04-26T19:27:06Z</time>
   </trkpt>
   <trkpt lat="39.5736310" lon="-104.8564240">
    <ele>1761.0</ele>
    <time>2023-04-26T19:27:07Z</time>
   </trkpt>
   <trkpt lat="39.5736400" lon="-104.8564270">
    <ele>1761.0</ele>
    <time>2023-04-26T19:27:08Z</time>
   </trkpt>
   <trkpt lat="39.5736550" lon="-104.8564320">
    <ele>1761.0</ele>
    <time>2023-04-26T19:27:09Z</time>
   </trkpt>
   <trkpt lat="39.5736690" lon="-104.8564340">
    <ele>1760.9</ele>
    <time>2023-04-26T19:27:10Z</time>
   </trkpt>
   <trkpt lat="39.5736840" lon="-104.8564370">
    <ele>1760.9</ele>
    <time>2023-04-26T19:27:11Z</time>
   </trkpt>
   <trkpt lat="39.5736980" lon="-104.8564370">
    <ele>1760.8</ele>
    <time>2023-04-26T19:27:12Z</time>
   </trkpt>
   <trkpt lat="39.5737220" lon="-104.8564360">
    <ele>1760.8</ele>
    <time>2023-04-26T19:27:13Z</time>
   </trkpt>
   <trkpt lat="39.5737330" lon="-104.8564360">
    <ele>1760.8</ele>
    <time>2023-04-26T19:27:14Z</time>
   </trkpt>
   <trkpt lat="39.5737430" lon="-104.8564370">
    <ele>1760.7</ele>
    <time>2023-04-26T19:27:15Z</time>
   </trkpt>
   <trkpt lat="39.5737580" lon="-104.8564400">
    <ele>1760.7</ele>
    <time>2023-04-26T19:27:16Z</time>
   </trkpt>
   <trkpt lat="39.5737740" lon="-104.8564410">
    <ele>1760.6</ele>
    <time>2023-04-26T19:27:17Z</time>
   </trkpt>
   <trkpt lat="39.5737880" lon="-104.8564440">
    <ele>1760.6</ele>
    <time>2023-04-26T19:27:18Z</time>
   </trkpt>
   <trkpt lat="39.5738030" lon="-104.8564400">
    <ele>1760.6</ele>
    <time>2023-04-26T19:27:19Z</time>
   </trkpt>
   <trkpt lat="39.5738170" lon="-104.8564430">
    <ele>1760.5</ele>
    <time>2023-04-26T19:27:20Z</time>
   </trkpt>
   <trkpt lat="39.5738320" lon="-104.8564440">
    <ele>1760.5</ele>
    <time>2023-04-26T19:27:21Z</time>
   </trkpt>
   <trkpt lat="39.5738470" lon="-104.8564480">
    <ele>1760.5</ele>
    <time>2023-04-26T19:27:22Z</time>
   </trkpt>
   <trkpt lat="39.5738620" lon="-104.8564480">
    <ele>1760.4</ele>
    <time>2023-04-26T19:27:23Z</time>
   </trkpt>
   <trkpt lat="39.5738780" lon="-104.8564480">
    <ele>1760.4</ele>
    <time>2023-04-26T19:27:24Z</time>
   </trkpt>
   <trkpt lat="39.5738930" lon="-104.8564530">
    <ele>1760.3</ele>
    <time>2023-04-26T19:27:25Z</time>
   </trkpt>
   <trkpt lat="39.5739070" lon="-104.8564500">
    <ele>1760.3</ele>
    <time>2023-04-26T19:27:26Z</time>
   </trkpt>
   <trkpt lat="39.5739210" lon="-104.8564600">
    <ele>1760.3</ele>
    <time>2023-04-26T19:27:27Z</time>
   </trkpt>
   <trkpt lat="39.5739340" lon="-104.8564690">
    <ele>1760.2</ele>
    <time>2023-04-26T19:27:28Z</time>
   </trkpt>
   <trkpt lat="39.5739470" lon="-104.8564830">
    <ele>1760.2</ele>
    <time>2023-04-26T19:27:29Z</time>
   </trkpt>
   <trkpt lat="39.5739600" lon="-104.8564880">
    <ele>1760.2</ele>
    <time>2023-04-26T19:27:30Z</time>
   </trkpt>
   <trkpt lat="39.5739750" lon="-104.8564930">
    <ele>1760.1</ele>
    <time>2023-04-26T19:27:31Z</time>
   </trkpt>
   <trkpt lat="39.5739900" lon="-104.8564950">
    <ele>1760.1</ele>
    <time>2023-04-26T19:27:32Z</time>
   </trkpt>
   <trkpt lat="39.5740050" lon="-104.8564970">
    <ele>1760.0</ele>
    <time>2023-04-26T19:27:33Z</time>
   </trkpt>
   <trkpt lat="39.5740180" lon="-104.8565030">
    <ele>1760.0</ele>
    <time>2023-04-26T19:27:34Z</time>
   </trkpt>
   <trkpt lat="39.5740310" lon="-104.8565130">
    <ele>1759.9</ele>
    <time>2023-04-26T19:27:35Z</time>
   </trkpt>
   <trkpt lat="39.5740430" lon="-104.8565300">
    <ele>1759.9</ele>
    <time>2023-04-26T19:27:36Z</time>
   </trkpt>
   <trkpt lat="39.5740530" lon="-104.8565440">
    <ele>1759.9</ele>
    <time>2023-04-26T19:27:37Z</time>
   </trkpt>
   <trkpt lat="39.5740640" lon="-104.8565580">
    <ele>1759.9</ele>
    <time>2023-04-26T19:27:38Z</time>
   </trkpt>
   <trkpt lat="39.5740770" lon="-104.8565680">
    <ele>1759.8</ele>
    <time>2023-04-26T19:27:39Z</time>
   </trkpt>
   <trkpt lat="39.5740900" lon="-104.8565760">
    <ele>1759.8</ele>
    <time>2023-04-26T19:27:40Z</time>
   </trkpt>
   <trkpt lat="39.5741040" lon="-104.8565840">
    <ele>1759.7</ele>
    <time>2023-04-26T19:27:41Z</time>
   </trkpt>
   <trkpt lat="39.5741180" lon="-104.8565880">
    <ele>1759.7</ele>
    <time>2023-04-26T19:27:42Z</time>
   </trkpt>
   <trkpt lat="39.5741320" lon="-104.8565910">
    <ele>1759.7</ele>
    <time>2023-04-26T19:27:44Z</time>
   </trkpt>
   <trkpt lat="39.5741450" lon="-104.8565970">
    <ele>1759.6</ele>
    <time>2023-04-26T19:27:45Z</time>
   </trkpt>
   <trkpt lat="39.5741580" lon="-104.8566050">
    <ele>1759.6</ele>
    <time>2023-04-26T19:27:46Z</time>
   </trkpt>
   <trkpt lat="39.5741690" lon="-104.8566210">
    <ele>1759.6</ele>
    <time>2023-04-26T19:27:47Z</time>
   </trkpt>
   <trkpt lat="39.5741820" lon="-104.8566310">
    <ele>1759.5</ele>
    <time>2023-04-26T19:27:48Z</time>
   </trkpt>
   <trkpt lat="39.5741930" lon="-104.8566400">
    <ele>1759.5</ele>
    <time>2023-04-26T19:27:49Z</time>
   </trkpt>
   <trkpt lat="39.5742050" lon="-104.8566510">
    <ele>1759.5</ele>
    <time>2023-04-26T19:27:50Z</time>
   </trkpt>
   <trkpt lat="39.5742180" lon="-104.8566580">
    <ele>1759.4</ele>
    <time>2023-04-26T19:27:51Z</time>
   </trkpt>
   <trkpt lat="39.5742300" lon="-104.8566670">
    <ele>1759.4</ele>
    <time>2023-04-26T19:27:52Z</time>
   </trkpt>
   <trkpt lat="39.5742420" lon="-104.8566750">
    <ele>1759.3</ele>
    <time>2023-04-26T19:27:53Z</time>
   </trkpt>
   <trkpt lat="39.5742550" lon="-104.8566830">
    <ele>1759.3</ele>
    <time>2023-04-26T19:27:54Z</time>
   </trkpt>
   <trkpt lat="39.5742660" lon="-104.8566960">
    <ele>1759.3</ele>
    <time>2023-04-26T19:27:55Z</time>
   </trkpt>
   <trkpt lat="39.5742760" lon="-104.8567070">
    <ele>1759.2</ele>
    <time>2023-04-26T19:27:56Z</time>
   </trkpt>
   <trkpt lat="39.5742860" lon="-104.8567190">
    <ele>1759.2</ele>
    <time>2023-04-26T19:27:57Z</time>
   </trkpt>
   <trkpt lat="39.5742940" lon="-104.8567330">
    <ele>1759.2</ele>
    <time>2023-04-26T19:27:58Z</time>
   </trkpt>
   <trkpt lat="39.5743040" lon="-104.8567470">
    <ele>1759.1</ele>
    <time>2023-04-26T19:27:59Z</time>
   </trkpt>
   <trkpt lat="39.5743170" lon="-104.8567560">
    <ele>1759.1</ele>
    <time>2023-04-26T19:28:00Z</time>
   </trkpt>
   <trkpt lat="39.5743300" lon="-104.8567650">
    <ele>1759.0</ele>
    <time>2023-04-26T19:28:01Z</time>
   </trkpt>
   <trkpt lat="39.5743400" lon="-104.8567790">
    <ele>1759.0</ele>
    <time>2023-04-26T19:28:02Z</time>
   </trkpt>
   <trkpt lat="39.5743480" lon="-104.8567950">
    <ele>1758.9</ele>
    <time>2023-04-26T19:28:03Z</time>
   </trkpt>
   <trkpt lat="39.5743540" lon="-104.8568110">
    <ele>1758.9</ele>
    <time>2023-04-26T19:28:04Z</time>
   </trkpt>
   <trkpt lat="39.5743560" lon="-104.8568290">
    <ele>1758.8</ele>
    <time>2023-04-26T19:28:05Z</time>
   </trkpt>
   <trkpt lat="39.5743570" lon="-104.8568470">
    <ele>1758.8</ele>
    <time>2023-04-26T19:28:06Z</time>
   </trkpt>
   <trkpt lat="39.5743520" lon="-104.8568660">
    <ele>1758.7</ele>
    <time>2023-04-26T19:28:07Z</time>
   </trkpt>
   <trkpt lat="39.5743440" lon="-104.8568810">
    <ele>1758.2</ele>
    <time>2023-04-26T19:28:08Z</time>
   </trkpt>
   <trkpt lat="39.5743360" lon="-104.8568960">
    <ele>1758.2</ele>
    <time>2023-04-26T19:28:09Z</time>
   </trkpt>
   <trkpt lat="39.5743220" lon="-104.8569030">
    <ele>1758.2</ele>
    <time>2023-04-26T19:28:10Z</time>
   </trkpt>
   <trkpt lat="39.5743090" lon="-104.8569080">
    <ele>1758.2</ele>
    <time>2023-04-26T19:28:11Z</time>
   </trkpt>
   <trkpt lat="39.5742900" lon="-104.8569030">
    <ele>1758.2</ele>
    <time>2023-04-26T19:28:12Z</time>
   </trkpt>
   <trkpt lat="39.5742760" lon="-104.8569060">
    <ele>1758.2</ele>
    <time>2023-04-26T19:28:13Z</time>
   </trkpt>
   <trkpt lat="39.5742630" lon="-104.8569160">
    <ele>1758.2</ele>
    <time>2023-04-26T19:28:14Z</time>
   </trkpt>
   <trkpt lat="39.5742550" lon="-104.8569320">
    <ele>1758.2</ele>
    <time>2023-04-26T19:28:15Z</time>
   </trkpt>
   <trkpt lat="39.5742500" lon="-104.8569500">
    <ele>1758.2</ele>
    <time>2023-04-26T19:28:16Z</time>
   </trkpt>
   <trkpt lat="39.5742460" lon="-104.8569670">
    <ele>1758.2</ele>
    <time>2023-04-26T19:28:17Z</time>
   </trkpt>
   <trkpt lat="39.5742330" lon="-104.8569660">
    <ele>1758.2</ele>
    <time>2023-04-26T19:28:18Z</time>
   </trkpt>
   <trkpt lat="39.5742310" lon="-104.8569570">
    <ele>1758.2</ele>
    <time>2023-04-26T19:28:19Z</time>
   </trkpt>
  </trkseg>
 </trk>
</gpx>
