<?xml version="1.0" encoding="UTF-8"?>
<gpx creator="StravaGPX" version="1.1" xmlns="http://www.topografix.com/GPX/1/1" xmlns:xsi="http://www.w3.org/2001/XMLSchema-instance" xsi:schemaLocation="http://www.topografix.com/GPX/1/1 http://www.topografix.com/GPX/1/1/gpx.xsd">
 <metadata>
  <time>2023-05-18T18:45:06Z</time>
 </metadata>
 <trk>
  <name>Afternoon Walk</name>
  <type>walking</type>
  <trkseg>
   <trkpt lat="39.5742510" lon="-104.8566430">
    <ele>1759.3</ele>
    <time>2023-05-18T18:45:06Z</time>
   </trkpt>
   <trkpt lat="39.5742430" lon="-104.8566360">
    <ele>1759.3</ele>
    <time>2023-05-18T18:45:07Z</time>
   </trkpt>
   <trkpt lat="39.5742350" lon="-104.8566260">
    <ele>1759.4</ele>
    <time>2023-05-18T18:45:08Z</time>
   </trkpt>
   <trkpt lat="39.5742230" lon="-104.8566170">
    <ele>1759.4</ele>
    <time>2023-05-18T18:45:09Z</time>
   </trkpt>
   <trkpt lat="39.5742140" lon="-104.8566070">
    <ele>1759.5</ele>
    <time>2023-05-18T18:45:10Z</time>
   </trkpt>
   <trkpt lat="39.5742030" lon="-104.8565910">
    <ele>1759.5</ele>
    <time>2023-05-18T18:45:11Z</time>
   </trkpt>
   <trkpt lat="39.5741930" lon="-104.8565810">
    <ele>1759.5</ele>
    <time>2023-05-18T18:45:12Z</time>
   </trkpt>
   <trkpt lat="39.5741790" lon="-104.8565740">
    <ele>1759.6</ele>
    <time>2023-05-18T18:45:13Z</time>
   </trkpt>
   <trkpt lat="39.5741690" lon="-104.8565660">
    <ele>1759.6</ele>
    <time>2023-05-18T18:45:14Z</time>
   </trkpt>
   <trkpt lat="39.5741550" lon="-104.8565560">
    <ele>1759.6</ele>
    <time>2023-05-18T18:45:15Z</time>
   </trkpt>
   <trkpt lat="39.5741370" lon="-104.8565420">
    <ele>1759.7</ele>
    <time>2023-05-18T18:45:16Z</time>
   </trkpt>
   <trkpt lat="39.5741300" lon="-104.8565350">
    <ele>1759.7</ele>
    <time>2023-05-18T18:45:17Z</time>
   </trkpt>
   <trkpt lat="39.5741230" lon="-104.8565280">
    <ele>1759.7</ele>
    <time>2023-05-18T18:45:18Z</time>
   </trkpt>
   <trkpt lat="39.5741100" lon="-104.8565280">
    <ele>1759.8</ele>
    <time>2023-05-18T18:45:19Z</time>
   </trkpt>
   <trkpt lat="39.5740910" lon="-104.8565290">
    <ele>1759.8</ele>
    <time>2023-05-18T18:45:20Z</time>
   </trkpt>
   <trkpt lat="39.5740740" lon="-104.8565150">
    <ele>1759.9</ele>
    <time>2023-05-18T18:45:21Z</time>
   </trkpt>
   <trkpt lat="39.5740660" lon="-104.8565080">
    <ele>1759.9</ele>
    <time>2023-05-18T18:45:22Z</time>
   </trkpt>
   <trkpt lat="39.5740580" lon="-104.8565010">
    <ele>1759.9</ele>
    <time>2023-05-18T18:45:23Z</time>
   </trkpt>
   <trkpt lat="39.5740460" lon="-104.8564910">
    <ele>1759.9</ele>
    <time>2023-05-18T18:45:24Z</time>
   </trkpt>
   <trkpt lat="39.5740330" lon="-104.8564810">
    <ele>1760.0</ele>
    <time>2023-05-18T18:45:25Z</time>
   </trkpt>
   <trkpt lat="39.5740210" lon="-104.8564680">
    <ele>1760.0</ele>
    <time>2023-05-18T18:45:26Z</time>
   </trkpt>
   <trkpt lat="39.5740070" lon="-104.8564600">
    <ele>1760.1</ele>
    <time>2023-05-18T18:45:27Z</time>
   </trkpt>
   <trkpt lat="39.5739850" lon="-104.8564510">
    <ele>1760.1</ele>
    <time>2023-05-18T18:45:28Z</time>
   </trkpt>
   <trkpt lat="39.5739750" lon="-104.8564510">
    <ele>1760.1</ele>
    <time>2023-05-18T18:45:29Z</time>
   </trkpt>
   <trkpt lat="39.5739650" lon="-104.8564510">
    <ele>1760.2</ele>
    <time>2023-05-18T18:45:30Z</time>
   </trkpt>
   <trkpt lat="39.5739500" lon="-104.8564460">
    <ele>1760.2</ele>
    <time>2023-05-18T18:45:31Z</time>
   </trkpt>
   <trkpt lat="39.5739370" lon="-104.8564400">
    <ele>1760.2</ele>
    <time>2023-05-18T18:45:32Z</time>
   </trkpt>
   <trkpt lat="39.5739240" lon="-104.8564330">
    <ele>1760.3</ele>
    <time>2023-05-18T18:45:33Z</time>
   </trkpt>
   <trkpt lat="39.5739110" lon="-104.8564250">
    <ele>1760.3</ele>
    <time>2023-05-18T18:45:34Z</time>
   </trkpt>
   <trkpt lat="39.5738970" lon="-104.8564200">
    <ele>1760.3</ele>
    <time>2023-05-18T18:45:35Z</time>
   </trkpt>
   <trkpt lat="39.5738830" lon="-104.8564180">
    <ele>1760.4</ele>
    <time>2023-05-18T18:45:36Z</time>
   </trkpt>
   <trkpt lat="39.5738700" lon="-104.8564140">
    <ele>1760.4</ele>
    <time>2023-05-18T18:45:37Z</time>
   </trkpt>
   <trkpt lat="39.5738570" lon="-104.8564070">
    <ele>1760.4</ele>
    <time>2023-05-18T18:45:38Z</time>
   </trkpt>
   <trkpt lat="39.5738440" lon="-104.8564000">
    <ele>1760.5</ele>
    <time>2023-05-18T18:45:39Z</time>
   </trkpt>
   <trkpt lat="39.5738290" lon="-104.8564010">
    <ele>1760.5</ele>
    <time>2023-05-18T18:45:40Z</time>
   </trkpt>
   <trkpt lat="39.5738150" lon="-104.8564050">
    <ele>1760.5</ele>
    <time>2023-05-18T18:45:41Z</time>
   </trkpt>
   <trkpt lat="39.5738010" lon="-104.8564060">
    <ele>1760.6</ele>
    <time>2023-05-18T18:45:42Z</time>
   </trkpt>
   <trkpt lat="39.5737860" lon="-104.8564030">
    <ele>1760.6</ele>
    <time>2023-05-18T18:45:43Z</time>
   </trkpt>
   <trkpt lat="39.5737730" lon="-104.8564060">
    <ele>1760.7</ele>
    <time>2023-05-18T18:45:44Z</time>
   </trkpt>
   <trkpt lat="39.5737590" lon="-104.8564090">
    <ele>1760.7</ele>
    <time>2023-05-18T18:45:45Z</time>
   </trkpt>
   <trkpt lat="39.5737440" lon="-104.8564020">
    <ele>1760.7</ele>
    <time>2023-05-18T18:45:46Z</time>
   </trkpt>
   <trkpt lat="39.5737290" lon="-104.8564030">
    <ele>1760.8</ele>
    <time>2023-05-18T18:45:47Z</time>
   </trkpt>
   <trkpt lat="39.5737150" lon="-104.8564050">
    <ele>1760.8</ele>
    <time>2023-05-18T18:45:48Z</time>
   </trkpt>
   <trkpt lat="39.5737000" lon="-104.8564020">
    <ele>1760.8</ele>
    <time>2023-05-18T18:45:49Z</time>
   </trkpt>
   <trkpt lat="39.5736860" lon="-104.8563980">
    <ele>1760.9</ele>
    <time>2023-05-18T18:45:50Z</time>
   </trkpt>
   <trkpt lat="39.5736710" lon="-104.8564010">
    <ele>1760.9</ele>
    <time>2023-05-18T18:45:51Z</time>
   </trkpt>
   <trkpt lat="39.5736570" lon="-104.8564010">
    <ele>1761.0</ele>
    <time>2023-05-18T18:45:52Z</time>
   </trkpt>
   <trkpt lat="39.5736420" lon="-104.8563980">
    <ele>1761.0</ele>
    <time>2023-05-18T18:45:53Z</time>
   </trkpt>
   <trkpt lat="39.5736270" lon="-104.8563950">
    <ele>1761.0</ele>
    <time>2023-05-18T18:45:54Z</time>
   </trkpt>
   <trkpt lat="39.5736130" lon="-104.8563950">
    <ele>1761.1</ele>
    <time>2023-05-18T18:45:55Z</time>
   </trkpt>
   <trkpt lat="39.5735980" lon="-104.8563930">
    <ele>1761.1</ele>
    <time>2023-05-18T18:45:56Z</time>
   </trkpt>
   <trkpt lat="39.5735830" lon="-104.8563960">
    <ele>1761.1</ele>
    <time>2023-05-18T18:45:57Z</time>
   </trkpt>
   <trkpt lat="39.5735680" lon="-104.8563940">
    <ele>1761.2</ele>
    <time>2023-05-18T18:45:58Z</time>
   </trkpt>
   <trkpt lat="39.5735530" lon="-104.8563910">
    <ele>1761.2</ele>
    <time>2023-05-18T18:45:59Z</time>
   </trkpt>
   <trkpt lat="39.5735380" lon="-104.8563940">
    <ele>1761.2</ele>
    <time>2023-05-18T18:46:00Z</time>
   </trkpt>
   <trkpt lat="39.5735220" lon="-104.8563980">
    <ele>1761.3</ele>
    <time>2023-05-18T18:46:01Z</time>
   </trkpt>
   <trkpt lat="39.5735050" lon="-104.8563990">
    <ele>1761.3</ele>
    <time>2023-05-18T18:46:02Z</time>
   </trkpt>
   <trkpt lat="39.5734900" lon="-104.8564040">
    <ele>1761.4</ele>
    <time>2023-05-18T18:46:03Z</time>
   </trkpt>
   <trkpt lat="39.5734740" lon="-104.8564060">
    <ele>1761.4</ele>
    <time>2023-05-18T18:46:04Z</time>
   </trkpt>
   <trkpt lat="39.5734580" lon="-104.8564110">
    <ele>1761.4</ele>
    <time>2023-05-18T18:46:05Z</time>
   </trkpt>
   <trkpt lat="39.5734450" lon="-104.8564200">
    <ele>1761.5</ele>
    <time>2023-05-18T18:46:06Z</time>
   </trkpt>
   <trkpt lat="39.5734290" lon="-104.8564170">
    <ele>1761.5</ele>
    <time>2023-05-18T18:46:07Z</time>
   </trkpt>
   <trkpt lat="39.5734130" lon="-104.8564160">
    <ele>1761.5</ele>
    <time>2023-05-18T18:46:08Z</time>
   </trkpt>
   <trkpt lat="39.5733990" lon="-104.8564120">
    <ele>1761.5</ele>
    <time>2023-05-18T18:46:09Z</time>
   </trkpt>
   <trkpt lat="39.5733870" lon="-104.8563990">
    <ele>1761.6</ele>
    <time>2023-05-18T18:46:10Z</time>
   </trkpt>
   <trkpt lat="39.5733760" lon="-104.8563920">
    <ele>1761.6</ele>
    <time>2023-05-18T18:46:11Z</time>
   </trkpt>
   <trkpt lat="39.5733440" lon="-104.8563890">
    <ele>1761.7</ele>
    <time>2023-05-18T18:46:12Z</time>
   </trkpt>
   <trkpt lat="39.5733290" lon="-104.8563890">
    <ele>1761.7</ele>
    <time>2023-05-18T18:46:13Z</time>
   </trkpt>
   <trkpt lat="39.5733150" lon="-104.8563920">
    <ele>1761.7</ele>
    <time>2023-05-18T18:46:14Z</time>
   </trkpt>
   <trkpt lat="39.5733000" lon="-104.8563920">
    <ele>1761.7</ele>
    <time>2023-05-18T18:46:15Z</time>
   </trkpt>
   <trkpt lat="39.5732860" lon="-104.8563900">
    <ele>1761.8</ele>
    <time>2023-05-18T18:46:16Z</time>
   </trkpt>
   <trkpt lat="39.5732730" lon="-104.8563890">
    <ele>1761.8</ele>
    <time>2023-05-18T18:46:17Z</time>
   </trkpt>
   <trkpt lat="39.5732580" lon="-104.8563900">
    <ele>1761.8</ele>
    <time>2023-05-18T18:46:18Z</time>
   </trkpt>
   <trkpt lat="39.5732440" lon="-104.8563920">
    <ele>1761.9</ele>
    <time>2023-05-18T18:46:19Z</time>
   </trkpt>
   <trkpt lat="39.5732280" lon="-104.8563870">
    <ele>1761.9</ele>
    <time>2023-05-18T18:46:20Z</time>
   </trkpt>
   <trkpt lat="39.5732140" lon="-104.8563900">
    <ele>1761.9</ele>
    <time>2023-05-18T18:46:21Z</time>
   </trkpt>
   <trkpt lat="39.5731990" lon="-104.8563920">
    <ele>1761.9</ele>
    <time>2023-05-18T18:46:22Z</time>
   </trkpt>
   <trkpt lat="39.5731840" lon="-104.8563880">
    <ele>1762.0</ele>
    <time>2023-05-18T18:46:23Z</time>
   </trkpt>
   <trkpt lat="39.5731690" lon="-104.8563840">
    <ele>1762.0</ele>
    <time>2023-05-18T18:46:24Z</time>
   </trkpt>
   <trkpt lat="39.5731550" lon="-104.8563810">
    <ele>1762.0</ele>
    <time>2023-05-18T18:46:25Z</time>
   </trkpt>
   <trkpt lat="39.5731390" lon="-104.8563830">
    <ele>1762.0</ele>
    <time>2023-05-18T18:46:26Z</time>
   </trkpt>
   <trkpt lat="39.5731240" lon="-104.8563850">
    <ele>1762.1</ele>
    <time>2023-05-18T18:46:27Z</time>
   </trkpt>
   <trkpt lat="39.5731090" lon="-104.8563870">
    <ele>1762.1</ele>
    <time>2023-05-18T18:46:28Z</time>
   </trkpt>
   <trkpt lat="39.5730920" lon="-104.8563820">
    <ele>1762.1</ele>
    <time>2023-05-18T18:46:29Z</time>
   </trkpt>
   <trkpt lat="39.5730760" lon="-104.8563790">
    <ele>1762.1</ele>
    <time>2023-05-18T18:46:30Z</time>
   </trkpt>
   <trkpt lat="39.5730600" lon="-104.8563720">
    <ele>1762.2</ele>
    <time>2023-05-18T18:46:31Z</time>
   </trkpt>
   <trkpt lat="39.5730430" lon="-104.8563750">
    <ele>1762.2</ele>
    <time>2023-05-18T18:46:32Z</time>
   </trkpt>
   <trkpt lat="39.5730290" lon="-104.8563880">
    <ele>1762.2</ele>
    <time>2023-05-18T18:46:33Z</time>
   </trkpt>
   <trkpt lat="39.5730120" lon="-104.8563910">
    <ele>1762.2</ele>
    <time>2023-05-18T18:46:34Z</time>
   </trkpt>
   <trkpt lat="39.5729950" lon="-104.8563870">
    <ele>1762.3</ele>
    <time>2023-05-18T18:46:35Z</time>
   </trkpt>
   <trkpt lat="39.5729780" lon="-104.8563820">
    <ele>1762.3</ele>
    <time>2023-05-18T18:46:36Z</time>
   </trkpt>
   <trkpt lat="39.5729620" lon="-104.8563820">
    <ele>1762.3</ele>
    <time>2023-05-18T18:46:37Z</time>
   </trkpt>
   <trkpt lat="39.5729460" lon="-104.8563840">
    <ele>1762.3</ele>
    <time>2023-05-18T18:46:38Z</time>
   </trkpt>
   <trkpt lat="39.5729320" lon="-104.8563850">
    <ele>1762.3</ele>
    <time>2023-05-18T18:46:39Z</time>
   </trkpt>
   <trkpt lat="39.5729170" lon="-104.8563860">
    <ele>1762.3</ele>
    <time>2023-05-18T18:46:40Z</time>
   </trkpt>
   <trkpt lat="39.5729010" lon="-104.8563890">
    <ele>1762.3</ele>
    <time>2023-05-18T18:46:41Z</time>
   </trkpt>
   <trkpt lat="39.5728860" lon="-104.8563930">
    <ele>1762.4</ele>
    <time>2023-05-18T18:46:42Z</time>
   </trkpt>
   <trkpt lat="39.5728710" lon="-104.8563910">
    <ele>1762.4</ele>
    <time>2023-05-18T18:46:44Z</time>
   </trkpt>
   <trkpt lat="39.5728580" lon="-104.8563960">
    <ele>1762.4</ele>
    <time>2023-05-18T18:46:45Z</time>
   </trkpt>
   <trkpt lat="39.5728460" lon="-104.8564060">
    <ele>1762.4</ele>
    <time>2023-05-18T18:46:46Z</time>
   </trkpt>
   <trkpt lat="39.5728360" lon="-104.8564170">
    <ele>1762.4</ele>
    <time>2023-05-18T18:46:47Z</time>
   </trkpt>
   <trkpt lat="39.5728200" lon="-104.8564200">
    <ele>1762.4</ele>
    <time>2023-05-18T18:46:48Z</time>
   </trkpt>
   <trkpt lat="39.5728040" lon="-104.8564190">
    <ele>1762.4</ele>
    <time>2023-05-18T18:46:49Z</time>
   </trkpt>
   <trkpt lat="39.5727890" lon="-104.8564130">
    <ele>1762.4</ele>
    <time>2023-05-18T18:46:50Z</time>
   </trkpt>
   <trkpt lat="39.5727750" lon="-104.8564150">
    <ele>1762.5</ele>
    <time>2023-05-18T18:46:51Z</time>
   </trkpt>
   <trkpt lat="39.5727600" lon="-104.8564170">
    <ele>1762.5</ele>
    <time>2023-05-18T18:46:52Z</time>
   </trkpt>
   <trkpt lat="39.5727460" lon="-104.8564120">
    <ele>1762.5</ele>
    <time>2023-05-18T18:46:53Z</time>
   </trkpt>
   <trkpt lat="39.5727320" lon="-104.8564110">
    <ele>1762.5</ele>
    <time>2023-05-18T18:46:54Z</time>
   </trkpt>
   <trkpt lat="39.5727180" lon="-104.8564040">
    <ele>1762.6</ele>
    <time>2023-05-18T18:46:55Z</time>
   </trkpt>
   <trkpt lat="39.5727030" lon="-104.8564040">
    <ele>1762.6</ele>
    <time>2023-05-18T18:46:56Z</time>
   </trkpt>
   <trkpt lat="39.5726880" lon="-104.8564030">
    <ele>1762.6</ele>
    <time>2023-05-18T18:46:57Z</time>
   </trkpt>
   <trkpt lat="39.5726720" lon="-104.8564000">
    <ele>1762.6</ele>
    <time>2023-05-18T18:46:58Z</time>
   </trkpt>
   <trkpt lat="39.5726580" lon="-104.8563980">
    <ele>1762.6</ele>
    <time>2023-05-18T18:46:59Z</time>
   </trkpt>
   <trkpt lat="39.5726430" lon="-104.8564010">
    <ele>1762.7</ele>
    <time>2023-05-18T18:47:00Z</time>
   </trkpt>
   <trkpt lat="39.5726290" lon="-104.8564010">
    <ele>1762.7</ele>
    <time>2023-05-18T18:47:01Z</time>
   </trkpt>
   <trkpt lat="39.5726140" lon="-104.8563980">
    <ele>1762.7</ele>
    <time>2023-05-18T18:47:02Z</time>
   </trkpt>
   <trkpt lat="39.5726000" lon="-104.8564020">
    <ele>1762.7</ele>
    <time>2023-05-18T18:47:03Z</time>
   </trkpt>
   <trkpt lat="39.5725850" lon="-104.8563970">
    <ele>1762.8</ele>
    <time>2023-05-18T18:47:04Z</time>
   </trkpt>
   <trkpt lat="39.5725710" lon="-104.8563940">
    <ele>1762.8</ele>
    <time>2023-05-18T18:47:05Z</time>
   </trkpt>
   <trkpt lat="39.5725560" lon="-104.8563870">
    <ele>1762.8</ele>
    <time>2023-05-18T18:47:06Z</time>
   </trkpt>
   <trkpt lat="39.5725470" lon="-104.8563860">
    <ele>1762.8</ele>
    <time>2023-05-18T18:47:07Z</time>
   </trkpt>
   <trkpt lat="39.5725320" lon="-104.8563880">
    <ele>1762.8</ele>
    <time>2023-05-18T18:47:08Z</time>
   </trkpt>
   <trkpt lat="39.5725220" lon="-104.8563910">
    <ele>1762.8</ele>
    <time>2023-05-18T18:47:09Z</time>
   </trkpt>
   <trkpt lat="39.5725030" lon="-104.8563910">
    <ele>1762.8</ele>
    <time>2023-05-18T18:47:10Z</time>
   </trkpt>
   <trkpt lat="39.5724930" lon="-104.8563900">
    <ele>1762.9</ele>
    <time>2023-05-18T18:47:11Z</time>
   </trkpt>
   <trkpt lat="39.5724770" lon="-104.8563940">
    <ele>1762.9</ele>
    <time>2023-05-18T18:47:12Z</time>
   </trkpt>
   <trkpt lat="39.5724630" lon="-104.8563970">
    <ele>1762.9</ele>
    <time>2023-05-18T18:47:13Z</time>
   </trkpt>
   <trkpt lat="39.5724440" lon="-104.8563970">
    <ele>1762.9</ele>
    <time>2023-05-18T18:47:14Z</time>
   </trkpt>
   <trkpt lat="39.5724320" lon="-104.8563980">
    <ele>1762.9</ele>
    <time>2023-05-18T18:47:15Z</time>
   </trkpt>
   <trkpt lat="39.5724170" lon="-104.8563990">
    <ele>1762.9</ele>
    <time>2023-05-18T18:47:16Z</time>
   </trkpt>
   <trkpt lat="39.5724020" lon="-104.8564020">
    <ele>1762.9</ele>
    <time>2023-05-18T18:47:17Z</time>
   </trkpt>
   <trkpt lat="39.5723880" lon="-104.8564060">
    <ele>1762.9</ele>
    <time>2023-05-18T18:47:18Z</time>
   </trkpt>
   <trkpt lat="39.5723700" lon="-104.8564090">
    <ele>1762.9</ele>
    <time>2023-05-18T18:47:19Z</time>
   </trkpt>
   <trkpt lat="39.5723520" lon="-104.8564180">
    <ele>1762.9</ele>
    <time>2023-05-18T18:47:20Z</time>
   </trkpt>
   <trkpt lat="39.5723430" lon="-104.8564220">
    <ele>1762.9</ele>
    <time>2023-05-18T18:47:21Z</time>
   </trkpt>
   <trkpt lat="39.5723340" lon="-104.8564260">
    <ele>1762.8</ele>
    <time>2023-05-18T18:47:22Z</time>
   </trkpt>
   <trkpt lat="39.5723190" lon="-104.8564330">
    <ele>1762.8</ele>
    <time>2023-05-18T18:47:23Z</time>
   </trkpt>
   <trkpt lat="39.5723080" lon="-104.8564360">
    <ele>1762.8</ele>
    <time>2023-05-18T18:47:24Z</time>
   </trkpt>
   <trkpt lat="39.5722920" lon="-104.8564470">
    <ele>1762.8</ele>
    <time>2023-05-18T18:47:25Z</time>
   </trkpt>
   <trkpt lat="39.5722810" lon="-104.8564510">
    <ele>1762.8</ele>
    <time>2023-05-18T18:47:26Z</time>
   </trkpt>
   <trkpt lat="39.5722630" lon="-104.8564540">
    <ele>1762.7</ele>
    <time>2023-05-18T18:47:27Z</time>
   </trkpt>
   <trkpt lat="39.5722520" lon="-104.8564600">
    <ele>1762.7</ele>
    <time>2023-05-18T18:47:28Z</time>
   </trkpt>
   <trkpt lat="39.5722340" lon="-104.8564670">
    <ele>1762.7</ele>
    <time>2023-05-18T18:47:29Z</time>
   </trkpt>
   <trkpt lat="39.5722230" lon="-104.8564700">
    <ele>1762.7</ele>
    <time>2023-05-18T18:47:30Z</time>
   </trkpt>
   <trkpt lat="39.5722060" lon="-104.8564790">
    <ele>1762.6</ele>
    <time>2023-05-18T18:47:31Z</time>
   </trkpt>
   <trkpt lat="39.5721950" lon="-104.8564800">
    <ele>1762.6</ele>
    <time>2023-05-18T18:47:32Z</time>
   </trkpt>
   <trkpt lat="39.5721780" lon="-104.8564870">
    <ele>1762.5</ele>
    <time>2023-05-18T18:47:33Z</time>
   </trkpt>
   <trkpt lat="39.5721660" lon="-104.8564990">
    <ele>1762.5</ele>
    <time>2023-05-18T18:47:34Z</time>
   </trkpt>
   <trkpt lat="39.5721520" lon="-104.8565110">
    <ele>1762.4</ele>
    <time>2023-05-18T18:47:35Z</time>
   </trkpt>
   <trkpt lat="39.5721390" lon="-104.8565220">
    <ele>1762.4</ele>
    <time>2023-05-18T18:47:36Z</time>
   </trkpt>
   <trkpt lat="39.5721250" lon="-104.8565310">
    <ele>1762.3</ele>
    <time>2023-05-18T18:47:37Z</time>
   </trkpt>
   <trkpt lat="39.5721110" lon="-104.8565410">
    <ele>1762.3</ele>
    <time>2023-05-18T18:47:38Z</time>
   </trkpt>
   <trkpt lat="39.5720990" lon="-104.8565520">
    <ele>1762.2</ele>
    <time>2023-05-18T18:47:39Z</time>
   </trkpt>
   <trkpt lat="39.5720890" lon="-104.8565640">
    <ele>1762.2</ele>
    <time>2023-05-18T18:47:40Z</time>
   </trkpt>
   <trkpt lat="39.5720810" lon="-104.8565830">
    <ele>1762.1</ele>
    <time>2023-05-18T18:47:41Z</time>
   </trkpt>
   <trkpt lat="39.5720700" lon="-104.8565960">
    <ele>1762.1</ele>
    <time>2023-05-18T18:47:42Z</time>
   </trkpt>
   <trkpt lat="39.5720570" lon="-104.8566060">
    <ele>1762.0</ele>
    <time>2023-05-18T18:47:43Z</time>
   </trkpt>
   <trkpt lat="39.5720480" lon="-104.8566200">
    <ele>1762.0</ele>
    <time>2023-05-18T18:47:44Z</time>
   </trkpt>
   <trkpt lat="39.5720370" lon="-104.8566310">
    <ele>1761.9</ele>
    <time>2023-05-18T18:47:45Z</time>
   </trkpt>
   <trkpt lat="39.5720260" lon="-104.8566420">
    <ele>1761.8</ele>
    <time>2023-05-18T18:47:46Z</time>
   </trkpt>
   <trkpt lat="39.5720160" lon="-104.8566570">
    <ele>1761.8</ele>
    <time>2023-05-18T18:47:47Z</time>
   </trkpt>
   <trkpt lat="39.5720040" lon="-104.8566710">
    <ele>1761.7</ele>
    <time>2023-05-18T18:47:48Z</time>
   </trkpt>
   <trkpt lat="39.5719960" lon="-104.8566870">
    <ele>1761.6</ele>
    <time>2023-05-18T18:47:49Z</time>
   </trkpt>
   <trkpt lat="39.5719830" lon="-104.8566990">
    <ele>1761.6</ele>
    <time>2023-05-18T18:47:50Z</time>
   </trkpt>
   <trkpt lat="39.5719700" lon="-104.8567110">
    <ele>1761.5</ele>
    <time>2023-05-18T18:47:51Z</time>
   </trkpt>
   <trkpt lat="39.5719580" lon="-104.8567240">
    <ele>1761.4</ele>
    <time>2023-05-18T18:47:52Z</time>
   </trkpt>
   <trkpt lat="39.5719460" lon="-104.8567350">
    <ele>1761.4</ele>
    <time>2023-05-18T18:47:53Z</time>
   </trkpt>
   <trkpt lat="39.5719310" lon="-104.8567410">
    <ele>1761.3</ele>
    <time>2023-05-18T18:47:54Z</time>
   </trkpt>
   <trkpt lat="39.5719200" lon="-104.8567550">
    <ele>1761.2</ele>
    <time>2023-05-18T18:47:55Z</time>
   </trkpt>
   <trkpt lat="39.5719130" lon="-104.8567710">
    <ele>1761.2</ele>
    <time>2023-05-18T18:47:56Z</time>
   </trkpt>
   <trkpt lat="39.5719020" lon="-104.8567830">
    <ele>1761.1</ele>
    <time>2023-05-18T18:47:57Z</time>
   </trkpt>
   <trkpt lat="39.5718930" lon="-104.8567970">
    <ele>1761.1</ele>
    <time>2023-05-18T18:47:58Z</time>
   </trkpt>
   <trkpt lat="39.5718800" lon="-104.8568080">
    <ele>1761.0</ele>
    <time>2023-05-18T18:47:59Z</time>
   </trkpt>
   <trkpt lat="39.5718720" lon="-104.8568250">
    <ele>1760.9</ele>
    <time>2023-05-18T18:48:00Z</time>
   </trkpt>
   <trkpt lat="39.5718580" lon="-104.8568490">
    <ele>1760.8</ele>
    <time>2023-05-18T18:48:01Z</time>
   </trkpt>
   <trkpt lat="39.5718520" lon="-104.8568590">
    <ele>1760.8</ele>
    <time>2023-05-18T18:48:02Z</time>
   </trkpt>
   <trkpt lat="39.5718460" lon="-104.8568680">
    <ele>1760.8</ele>
    <time>2023-05-18T18:48:03Z</time>
   </trkpt>
   <trkpt lat="39.5718390" lon="-104.8568870">
    <ele>1760.7</ele>
    <time>2023-05-18T18:48:04Z</time>
   </trkpt>
   <trkpt lat="39.5718300" lon="-104.8569040">
    <ele>1760.6</ele>
    <time>2023-05-18T18:48:05Z</time>
   </trkpt>
   <trkpt lat="39.5718210" lon="-104.8569190">
    <ele>1760.6</ele>
    <time>2023-05-18T18:48:06Z</time>
   </trkpt>
   <trkpt lat="39.5718120" lon="-104.8569330">
    <ele>1760.5</ele>
    <time>2023-05-18T18:48:07Z</time>
   </trkpt>
   <trkpt lat="39.5718030" lon="-104.8569490">
    <ele>1760.5</ele>
    <time>2023-05-18T18:48:08Z</time>
   </trkpt>
   <trkpt lat="39.5717930" lon="-104.8569630">
    <ele>1760.4</ele>
    <time>2023-05-18T18:48:09Z</time>
   </trkpt>
   <trkpt lat="39.5717810" lon="-104.8569720">
    <ele>1760.4</ele>
    <time>2023-05-18T18:48:10Z</time>
   </trkpt>
   <trkpt lat="39.5717700" lon="-104.8569860">
    <ele>1760.3</ele>
    <time>2023-05-18T18:48:11Z</time>
   </trkpt>
   <trkpt lat="39.5717620" lon="-104.8570040">
    <ele>1760.3</ele>
    <time>2023-05-18T18:48:12Z</time>
   </trkpt>
   <trkpt lat="39.5717510" lon="-104.8570160">
    <ele>1760.2</ele>
    <time>2023-05-18T18:48:13Z</time>
   </trkpt>
   <trkpt lat="39.5717400" lon="-104.8570290">
    <ele>1760.2</ele>
    <time>2023-05-18T18:48:14Z</time>
   </trkpt>
   <trkpt lat="39.5717290" lon="-104.8570410">
    <ele>1760.1</ele>
    <time>2023-05-18T18:48:15Z</time>
   </trkpt>
   <trkpt lat="39.5717210" lon="-104.8570580">
    <ele>1760.1</ele>
    <time>2023-05-18T18:48:16Z</time>
   </trkpt>
   <trkpt lat="39.5717210" lon="-104.8570820">
    <ele>1760.0</ele>
    <time>2023-05-18T18:48:17Z</time>
   </trkpt>
   <trkpt lat="39.5717200" lon="-104.8571010">
    <ele>1760.0</ele>
    <time>2023-05-18T18:48:18Z</time>
   </trkpt>
   <trkpt lat="39.5717140" lon="-104.8571200">
    <ele>1759.9</ele>
    <time>2023-05-18T18:48:19Z</time>
   </trkpt>
   <trkpt lat="39.5717100" lon="-104.8571400">
    <ele>1759.9</ele>
    <time>2023-05-18T18:48:20Z</time>
   </trkpt>
   <trkpt lat="39.5717050" lon="-104.8571580">
    <ele>1759.9</ele>
    <time>2023-05-18T18:48:21Z</time>
   </trkpt>
   <trkpt lat="39.5716970" lon="-104.8571760">
    <ele>1759.9</ele>
    <time>2023-05-18T18:48:22Z</time>
   </trkpt>
   <trkpt lat="39.5716900" lon="-104.8571920">
    <ele>1759.8</ele>
    <time>2023-05-18T18:48:23Z</time>
   </trkpt>
   <trkpt lat="39.5716830" lon="-104.8572080">
    <ele>1759.8</ele>
    <time>2023-05-18T18:48:24Z</time>
   </trkpt>
   <trkpt lat="39.5716700" lon="-104.8572420">
    <ele>1759.8</ele>
    <time>2023-05-18T18:48:25Z</time>
   </trkpt>
   <trkpt lat="39.5716670" lon="-104.8572620">
    <ele>1759.8</ele>
    <time>2023-05-18T18:48:26Z</time>
   </trkpt>
   <trkpt lat="39.5716630" lon="-104.8572810">
    <ele>1759.7</ele>
    <time>2023-05-18T18:48:27Z</time>
   </trkpt>
   <trkpt lat="39.5716590" lon="-104.8573000">
    <ele>1759.7</ele>
    <time>2023-05-18T18:48:28Z</time>
   </trkpt>
   <trkpt lat="39.5716560" lon="-104.8573190">
    <ele>1759.7</ele>
    <time>2023-05-18T18:48:29Z</time>
   </trkpt>
   <trkpt lat="39.5716540" lon="-104.8573400">
    <ele>1759.7</ele>
    <time>2023-05-18T18:48:30Z</time>
   </trkpt>
   <trkpt lat="39.5716530" lon="-104.8573600">
    <ele>1759.7</ele>
    <time>2023-05-18T18:48:31Z</time>
   </trkpt>
   <trkpt lat="39.5716510" lon="-104.8573790">
    <ele>1759.7</ele>
    <time>2023-05-18T18:48:32Z</time>
   </trkpt>
   <trkpt lat="39.5716510" lon="-104.8573990">
    <ele>1759.6</ele>
    <time>2023-05-18T18:48:33Z</time>
   </trkpt>
   <trkpt lat="39.5716490" lon="-104.8574190">
    <ele>1759.6</ele>
    <time>2023-05-18T18:48:34Z</time>
   </trkpt>
   <trkpt lat="39.5716470" lon="-104.8574390">
    <ele>1759.6</ele>
    <time>2023-05-18T18:48:35Z</time>
   </trkpt>
   <trkpt lat="39.5716530" lon="-104.8574580">
    <ele>1759.6</ele>
    <time>2023-05-18T18:48:36Z</time>
   </trkpt>
   <trkpt lat="39.5716510" lon="-104.8574780">
    <ele>1759.6</ele>
    <time>2023-05-18T18:48:37Z</time>
   </trkpt>
   <trkpt lat="39.5716480" lon="-104.8574970">
    <ele>1759.5</ele>
    <time>2023-05-18T18:48:38Z</time>
   </trkpt>
   <trkpt lat="39.5716470" lon="-104.8575170">
    <ele>1759.5</ele>
    <time>2023-05-18T18:48:39Z</time>
   </trkpt>
   <trkpt lat="39.5716470" lon="-104.8575360">
    <ele>1759.5</ele>
    <time>2023-05-18T18:48:40Z</time>
   </trkpt>
   <trkpt lat="39.5716460" lon="-104.8575550">
    <ele>1759.5</ele>
    <time>2023-05-18T18:48:41Z</time>
   </trkpt>
   <trkpt lat="39.5716430" lon="-104.8575760">
    <ele>1759.5</ele>
    <time>2023-05-18T18:48:42Z</time>
   </trkpt>
   <trkpt lat="39.5716420" lon="-104.8575950">
    <ele>1759.5</ele>
    <time>2023-05-18T18:48:43Z</time>
   </trkpt>
   <trkpt lat="39.5716420" lon="-104.8576140">
    <ele>1759.5</ele>
    <time>2023-05-18T18:48:44Z</time>
   </trkpt>
   <trkpt lat="39.5716430" lon="-104.8576330">
    <ele>1759.4</ele>
    <time>2023-05-18T18:48:45Z</time>
   </trkpt>
   <trkpt lat="39.5716440" lon="-104.8576510">
    <ele>1759.4</ele>
    <time>2023-05-18T18:48:46Z</time>
   </trkpt>
   <trkpt lat="39.5716450" lon="-104.8576690">
    <ele>1759.4</ele>
    <time>2023-05-18T18:48:47Z</time>
   </trkpt>
   <trkpt lat="39.5716440" lon="-104.8576880">
    <ele>1759.4</ele>
    <time>2023-05-18T18:48:48Z</time>
   </trkpt>
   <trkpt lat="39.5716440" lon="-104.8577070">
    <ele>1759.4</ele>
    <time>2023-05-18T18:48:49Z</time>
   </trkpt>
   <trkpt lat="39.5716400" lon="-104.8577270">
    <ele>1759.4</ele>
    <time>2023-05-18T18:48:50Z</time>
   </trkpt>
   <trkpt lat="39.5716400" lon="-104.8577470">
    <ele>1759.4</ele>
    <time>2023-05-18T18:48:51Z</time>
   </trkpt>
   <trkpt lat="39.5716400" lon="-104.8577660">
    <ele>1759.4</ele>
    <time>2023-05-18T18:48:52Z</time>
   </trkpt>
   <trkpt lat="39.5716400" lon="-104.8577860">
    <ele>1759.4</ele>
    <time>2023-05-18T18:48:53Z</time>
   </trkpt>
   <trkpt lat="39.5716380" lon="-104.8578070">
    <ele>1759.4</ele>
    <time>2023-05-18T18:48:54Z</time>
   </trkpt>
   <trkpt lat="39.5716370" lon="-104.8578270">
    <ele>1759.4</ele>
    <time>2023-05-18T18:48:55Z</time>
   </trkpt>
   <trkpt lat="39.5716350" lon="-104.8578480">
    <ele>1759.3</ele>
    <time>2023-05-18T18:48:56Z</time>
   </trkpt>
   <trkpt lat="39.5716350" lon="-104.8578680">
    <ele>1759.3</ele>
    <time>2023-05-18T18:48:57Z</time>
   </trkpt>
   <trkpt lat="39.5716350" lon="-104.8578880">
    <ele>1759.3</ele>
    <time>2023-05-18T18:48:58Z</time>
   </trkpt>
   <trkpt lat="39.5716350" lon="-104.8579080">
    <ele>1759.3</ele>
    <time>2023-05-18T18:48:59Z</time>
   </trkpt>
   <trkpt lat="39.5716330" lon="-104.8579290">
    <ele>1759.3</ele>
    <time>2023-05-18T18:49:00Z</time>
   </trkpt>
   <trkpt lat="39.5716320" lon="-104.8579490">
    <ele>1759.3</ele>
    <time>2023-05-18T18:49:01Z</time>
   </trkpt>
   <trkpt lat="39.5716360" lon="-104.8579690">
    <ele>1759.3</ele>
    <time>2023-05-18T18:49:02Z</time>
   </trkpt>
   <trkpt lat="39.5716320" lon="-104.8579890">
    <ele>1759.3</ele>
    <time>2023-05-18T18:49:03Z</time>
   </trkpt>
   <trkpt lat="39.5716300" lon="-104.8580090">
    <ele>1759.3</ele>
    <time>2023-05-18T18:49:04Z</time>
   </trkpt>
   <trkpt lat="39.5716260" lon="-104.8580290">
    <ele>1759.3</ele>
    <time>2023-05-18T18:49:05Z</time>
   </trkpt>
   <trkpt lat="39.5716240" lon="-104.8580490">
    <ele>1759.3</ele>
    <time>2023-05-18T18:49:06Z</time>
   </trkpt>
   <trkpt lat="39.5716230" lon="-104.8580690">
    <ele>1759.3</ele>
    <time>2023-05-18T18:49:07Z</time>
   </trkpt>
   <trkpt lat="39.5716210" lon="-104.8580890">
    <ele>1759.3</ele>
    <time>2023-05-18T18:49:08Z</time>
   </trkpt>
   <trkpt lat="39.5716170" lon="-104.8581090">
    <ele>1759.3</ele>
    <time>2023-05-18T18:49:09Z</time>
   </trkpt>
   <trkpt lat="39.5716110" lon="-104.8581280">
    <ele>1759.3</ele>
    <time>2023-05-18T18:49:10Z</time>
   </trkpt>
   <trkpt lat="39.5716080" lon="-104.8581470">
    <ele>1759.3</ele>
    <time>2023-05-18T18:49:11Z</time>
   </trkpt>
   <trkpt lat="39.5716070" lon="-104.8581660">
    <ele>1759.2</ele>
    <time>2023-05-18T18:49:12Z</time>
   </trkpt>
   <trkpt lat="39.5716060" lon="-104.8581850">
    <ele>1759.2</ele>
    <time>2023-05-18T18:49:13Z</time>
   </trkpt>
   <trkpt lat="39.5716010" lon="-104.8582050">
    <ele>1759.2</ele>
    <time>2023-05-18T18:49:14Z</time>
   </trkpt>
   <trkpt lat="39.5716000" lon="-104.8582240">
    <ele>1759.2</ele>
    <time>2023-05-18T18:49:15Z</time>
   </trkpt>
   <trkpt lat="39.5715980" lon="-104.8582420">
    <ele>1759.2</ele>
    <time>2023-05-18T18:49:16Z</time>
   </trkpt>
   <trkpt lat="39.5715980" lon="-104.8582600">
    <ele>1759.2</ele>
    <time>2023-05-18T18:49:17Z</time>
   </trkpt>
   <trkpt lat="39.5715930" lon="-104.8582780">
    <ele>1759.2</ele>
    <time>2023-05-18T18:49:18Z</time>
   </trkpt>
   <trkpt lat="39.5715880" lon="-104.8582970">
    <ele>1759.2</ele>
    <time>2023-05-18T18:49:19Z</time>
   </trkpt>
   <trkpt lat="39.5715850" lon="-104.8583160">
    <ele>1759.2</ele>
    <time>2023-05-18T18:49:20Z</time>
   </trkpt>
   <trkpt lat="39.5715800" lon="-104.8583360">
    <ele>1759.1</ele>
    <time>2023-05-18T18:49:21Z</time>
   </trkpt>
   <trkpt lat="39.5715780" lon="-104.8583530">
    <ele>1759.1</ele>
    <time>2023-05-18T18:49:22Z</time>
   </trkpt>
   <trkpt lat="39.5715740" lon="-104.8583720">
    <ele>1759.1</ele>
    <time>2023-05-18T18:49:23Z</time>
   </trkpt>
   <trkpt lat="39.5715730" lon="-104.8583920">
    <ele>1759.1</ele>
    <time>2023-05-18T18:49:24Z</time>
   </trkpt>
   <trkpt lat="39.5715660" lon="-104.8584100">
    <ele>1759.1</ele>
    <time>2023-05-18T18:49:25Z</time>
   </trkpt>
   <trkpt lat="39.5715590" lon="-104.8584280">
    <ele>1759.1</ele>
    <time>2023-05-18T18:49:26Z</time>
   </trkpt>
   <trkpt lat="39.5715550" lon="-104.8584470">
    <ele>1759.1</ele>
    <time>2023-05-18T18:49:27Z</time>
   </trkpt>
   <trkpt lat="39.5715510" lon="-104.8584660">
    <ele>1759.1</ele>
    <time>2023-05-18T18:49:28Z</time>
   </trkpt>
   <trkpt lat="39.5715430" lon="-104.8584830">
    <ele>1759.1</ele>
    <time>2023-05-18T18:49:29Z</time>
   </trkpt>
   <trkpt lat="39.5715380" lon="-104.8585020">
    <ele>1759.1</ele>
    <time>2023-05-18T18:49:30Z</time>
   </trkpt>
   <trkpt lat="39.5715320" lon="-104.8585200">
    <ele>1759.1</ele>
    <time>2023-05-18T18:49:31Z</time>
   </trkpt>
   <trkpt lat="39.5715280" lon="-104.8585390">
    <ele>1759.0</ele>
    <time>2023-05-18T18:49:32Z</time>
   </trkpt>
   <trkpt lat="39.5715210" lon="-104.8585580">
    <ele>1759.0</ele>
    <time>2023-05-18T18:49:33Z</time>
   </trkpt>
   <trkpt lat="39.5715110" lon="-104.8585750">
    <ele>1759.0</ele>
    <time>2023-05-18T18:49:34Z</time>
   </trkpt>
   <trkpt lat="39.5715010" lon="-104.8585900">
    <ele>1759.0</ele>
    <time>2023-05-18T18:49:35Z</time>
   </trkpt>
   <trkpt lat="39.5714930" lon="-104.8586080">
    <ele>1759.0</ele>
    <time>2023-05-18T18:49:36Z</time>
   </trkpt>
   <trkpt lat="39.5714890" lon="-104.8586280">
    <ele>1759.0</ele>
    <time>2023-05-18T18:49:37Z</time>
   </trkpt>
   <trkpt lat="39.5714820" lon="-104.8586470">
    <ele>1759.0</ele>
    <time>2023-05-18T18:49:38Z</time>
   </trkpt>
   <trkpt lat="39.5714730" lon="-104.8586620">
    <ele>1759.0</ele>
    <time>2023-05-18T18:49:39Z</time>
   </trkpt>
   <trkpt lat="39.5714650" lon="-104.8586780">
    <ele>1759.0</ele>
    <time>2023-05-18T18:49:40Z</time>
   </trkpt>
   <trkpt lat="39.5714560" lon="-104.8586960">
    <ele>1759.0</ele>
    <time>2023-05-18T18:49:41Z</time>
   </trkpt>
   <trkpt lat="39.5714470" lon="-104.8587130">
    <ele>1759.0</ele>
    <time>2023-05-18T18:49:42Z</time>
   </trkpt>
   <trkpt lat="39.5714370" lon="-104.8587280">
    <ele>1759.0</ele>
    <time>2023-05-18T18:49:43Z</time>
   </trkpt>
   <trkpt lat="39.5714290" lon="-104.8587440">
    <ele>1759.0</ele>
    <time>2023-05-18T18:49:44Z</time>
   </trkpt>
   <trkpt lat="39.5714220" lon="-104.8587600">
    <ele>1759.0</ele>
    <time>2023-05-18T18:49:45Z</time>
   </trkpt>
   <trkpt lat="39.5714130" lon="-104.8587760">
    <ele>1759.0</ele>
    <time>2023-05-18T18:49:46Z</time>
   </trkpt>
   <trkpt lat="39.5714020" lon="-104.8587910">
    <ele>1759.0</ele>
    <time>2023-05-18T18:49:47Z</time>
   </trkpt>
   <trkpt lat="39.5713910" lon="-104.8588050">
    <ele>1759.0</ele>
    <time>2023-05-18T18:49:48Z</time>
   </trkpt>
   <trkpt lat="39.5713820" lon="-104.8588210">
    <ele>1759.0</ele>
    <time>2023-05-18T18:49:49Z</time>
   </trkpt>
   <trkpt lat="39.5713730" lon="-104.8588390">
    <ele>1759.0</ele>
    <time>2023-05-18T18:49:50Z</time>
   </trkpt>
   <trkpt lat="39.5713630" lon="-104.8588540">
    <ele>1759.0</ele>
    <time>2023-05-18T18:49:51Z</time>
   </trkpt>
   <trkpt lat="39.5713540" lon="-104.8588690">
    <ele>1759.0</ele>
    <time>2023-05-18T18:49:52Z</time>
   </trkpt>
   <trkpt lat="39.5713460" lon="-104.8588830">
    <ele>1759.0</ele>
    <time>2023-05-18T18:49:53Z</time>
   </trkpt>
   <trkpt lat="39.5713380" lon="-104.8588990">
    <ele>1759.0</ele>
    <time>2023-05-18T18:49:54Z</time>
   </trkpt>
   <trkpt lat="39.5713270" lon="-104.8589120">
    <ele>1759.0</ele>
    <time>2023-05-18T18:49:55Z</time>
   </trkpt>
   <trkpt lat="39.5713180" lon="-104.8589270">
    <ele>1759.0</ele>
    <time>2023-05-18T18:49:56Z</time>
   </trkpt>
   <trkpt lat="39.5713090" lon="-104.8589430">
    <ele>1759.0</ele>
    <time>2023-05-18T18:49:57Z</time>
   </trkpt>
   <trkpt lat="39.5712970" lon="-104.8589550">
    <ele>1759.0</ele>
    <time>2023-05-18T18:49:58Z</time>
   </trkpt>
   <trkpt lat="39.5712860" lon="-104.8589680">
    <ele>1759.0</ele>
    <time>2023-05-18T18:49:59Z</time>
   </trkpt>
   <trkpt lat="39.5712750" lon="-104.8589820">
    <ele>1759.0</ele>
    <time>2023-05-18T18:50:00Z</time>
   </trkpt>
   <trkpt lat="39.5712630" lon="-104.8589940">
    <ele>1759.0</ele>
    <time>2023-05-18T18:50:01Z</time>
   </trkpt>
   <trkpt lat="39.5712510" lon="-104.8590070">
    <ele>1759.0</ele>
    <time>2023-05-18T18:50:02Z</time>
   </trkpt>
   <trkpt lat="39.5712390" lon="-104.8590200">
    <ele>1759.0</ele>
    <time>2023-05-18T18:50:03Z</time>
   </trkpt>
   <trkpt lat="39.5712270" lon="-104.8590340">
    <ele>1759.0</ele>
    <time>2023-05-18T18:50:04Z</time>
   </trkpt>
   <trkpt lat="39.5712150" lon="-104.8590460">
    <ele>1759.0</ele>
    <time>2023-05-18T18:50:05Z</time>
   </trkpt>
   <trkpt lat="39.5712030" lon="-104.8590570">
    <ele>1759.0</ele>
    <time>2023-05-18T18:50:06Z</time>
   </trkpt>
   <trkpt lat="39.5711900" lon="-104.8590680">
    <ele>1759.0</ele>
    <time>2023-05-18T18:50:07Z</time>
   </trkpt>
   <trkpt lat="39.5711790" lon="-104.8590800">
    <ele>1759.1</ele>
    <time>2023-05-18T18:50:08Z</time>
   </trkpt>
   <trkpt lat="39.5711640" lon="-104.8590870">
    <ele>1759.1</ele>
    <time>2023-05-18T18:50:09Z</time>
   </trkpt>
   <trkpt lat="39.5711520" lon="-104.8590990">
    <ele>1759.1</ele>
    <time>2023-05-18T18:50:10Z</time>
   </trkpt>
   <trkpt lat="39.5711390" lon="-104.8591110">
    <ele>1759.1</ele>
    <time>2023-05-18T18:50:11Z</time>
   </trkpt>
   <trkpt lat="39.5711280" lon="-104.8591220">
    <ele>1759.1</ele>
    <time>2023-05-18T18:50:12Z</time>
   </trkpt>
   <trkpt lat="39.5711140" lon="-104.8591320">
    <ele>1759.1</ele>
    <time>2023-05-18T18:50:13Z</time>
   </trkpt>
   <trkpt lat="39.5711020" lon="-104.8591430">
    <ele>1759.1</ele>
    <time>2023-05-18T18:50:14Z</time>
   </trkpt>
   <trkpt lat="39.5710900" lon="-104.8591560">
    <ele>1759.1</ele>
    <time>2023-05-18T18:50:15Z</time>
   </trkpt>
   <trkpt lat="39.5710750" lon="-104.8591630">
    <ele>1759.1</ele>
    <time>2023-05-18T18:50:16Z</time>
   </trkpt>
   <trkpt lat="39.5710630" lon="-104.8591740">
    <ele>1759.1</ele>
    <time>2023-05-18T18:50:17Z</time>
   </trkpt>
   <trkpt lat="39.5710500" lon="-104.8591840">
    <ele>1759.2</ele>
    <time>2023-05-18T18:50:18Z</time>
   </trkpt>
   <trkpt lat="39.5710360" lon="-104.8591910">
    <ele>1759.2</ele>
    <time>2023-05-18T18:50:19Z</time>
   </trkpt>
   <trkpt lat="39.5710230" lon="-104.8592020">
    <ele>1759.2</ele>
    <time>2023-05-18T18:50:20Z</time>
   </trkpt>
   <trkpt lat="39.5710110" lon="-104.8592130">
    <ele>1759.2</ele>
    <time>2023-05-18T18:50:21Z</time>
   </trkpt>
   <trkpt lat="39.5709980" lon="-104.8592250">
    <ele>1759.2</ele>
    <time>2023-05-18T18:50:22Z</time>
   </trkpt>
   <trkpt lat="39.5709860" lon="-104.8592360">
    <ele>1759.2</ele>
    <time>2023-05-18T18:50:23Z</time>
   </trkpt>
   <trkpt lat="39.5709730" lon="-104.8592470">
    <ele>1759.2</ele>
    <time>2023-05-18T18:50:24Z</time>
   </trkpt>
   <trkpt lat="39.5709590" lon="-104.8592550">
    <ele>1759.3</ele>
    <time>2023-05-18T18:50:25Z</time>
   </trkpt>
   <trkpt lat="39.5709450" lon="-104.8592620">
    <ele>1759.3</ele>
    <time>2023-05-18T18:50:26Z</time>
   </trkpt>
   <trkpt lat="39.5709340" lon="-104.8592740">
    <ele>1759.3</ele>
    <time>2023-05-18T18:50:27Z</time>
   </trkpt>
   <trkpt lat="39.5709210" lon="-104.8592850">
    <ele>1759.3</ele>
    <time>2023-05-18T18:50:28Z</time>
   </trkpt>
   <trkpt lat="39.5709080" lon="-104.8592950">
    <ele>1759.3</ele>
    <time>2023-05-18T18:50:29Z</time>
   </trkpt>
   <trkpt lat="39.5708950" lon="-104.8593050">
    <ele>1759.3</ele>
    <time>2023-05-18T18:50:30Z</time>
   </trkpt>
   <trkpt lat="39.5708820" lon="-104.8593130">
    <ele>1759.3</ele>
    <time>2023-05-18T18:50:31Z</time>
   </trkpt>
   <trkpt lat="39.5708680" lon="-104.8593220">
    <ele>1759.4</ele>
    <time>2023-05-18T18:50:32Z</time>
   </trkpt>
   <trkpt lat="39.5708550" lon="-104.8593320">
    <ele>1759.4</ele>
    <time>2023-05-18T18:50:33Z</time>
   </trkpt>
   <trkpt lat="39.5708430" lon="-104.8593430">
    <ele>1759.4</ele>
    <time>2023-05-18T18:50:34Z</time>
   </trkpt>
   <trkpt lat="39.5708300" lon="-104.8593530">
    <ele>1759.4</ele>
    <time>2023-05-18T18:50:35Z</time>
   </trkpt>
   <trkpt lat="39.5708160" lon="-104.8593620">
    <ele>1759.4</ele>
    <time>2023-05-18T18:50:36Z</time>
   </trkpt>
   <trkpt lat="39.5708040" lon="-104.8593710">
    <ele>1759.4</ele>
    <time>2023-05-18T18:50:37Z</time>
   </trkpt>
   <trkpt lat="39.5707910" lon="-104.8593830">
    <ele>1759.5</ele>
    <time>2023-05-18T18:50:38Z</time>
   </trkpt>
   <trkpt lat="39.5707800" lon="-104.8593960">
    <ele>1759.5</ele>
    <time>2023-05-18T18:50:39Z</time>
   </trkpt>
   <trkpt lat="39.5707660" lon="-104.8594050">
    <ele>1759.5</ele>
    <time>2023-05-18T18:50:40Z</time>
   </trkpt>
   <trkpt lat="39.5707530" lon="-104.8594160">
    <ele>1759.5</ele>
    <time>2023-05-18T18:50:41Z</time>
   </trkpt>
   <trkpt lat="39.5707400" lon="-104.8594260">
    <ele>1759.5</ele>
    <time>2023-05-18T18:50:42Z</time>
   </trkpt>
   <trkpt lat="39.5707260" lon="-104.8594330">
    <ele>1759.5</ele>
    <time>2023-05-18T18:50:43Z</time>
   </trkpt>
   <trkpt lat="39.5707110" lon="-104.8594400">
    <ele>1759.5</ele>
    <time>2023-05-18T18:50:44Z</time>
   </trkpt>
   <trkpt lat="39.5706980" lon="-104.8594490">
    <ele>1759.6</ele>
    <time>2023-05-18T18:50:45Z</time>
   </trkpt>
   <trkpt lat="39.5706860" lon="-104.8594600">
    <ele>1759.6</ele>
    <time>2023-05-18T18:50:46Z</time>
   </trkpt>
   <trkpt lat="39.5706730" lon="-104.8594690">
    <ele>1759.6</ele>
    <time>2023-05-18T18:50:47Z</time>
   </trkpt>
   <trkpt lat="39.5706610" lon="-104.8594800">
    <ele>1759.6</ele>
    <time>2023-05-18T18:50:48Z</time>
   </trkpt>
   <trkpt lat="39.5706480" lon="-104.8594910">
    <ele>1759.6</ele>
    <time>2023-05-18T18:50:49Z</time>
   </trkpt>
   <trkpt lat="39.5706350" lon="-104.8595010">
    <ele>1759.6</ele>
    <time>2023-05-18T18:50:50Z</time>
   </trkpt>
   <trkpt lat="39.5706210" lon="-104.8595090">
    <ele>1759.6</ele>
    <time>2023-05-18T18:50:51Z</time>
   </trkpt>
   <trkpt lat="39.5706080" lon="-104.8595160">
    <ele>1759.7</ele>
    <time>2023-05-18T18:50:52Z</time>
   </trkpt>
   <trkpt lat="39.5705950" lon="-104.8595240">
    <ele>1759.7</ele>
    <time>2023-05-18T18:50:53Z</time>
   </trkpt>
   <trkpt lat="39.5705800" lon="-104.8595300">
    <ele>1759.7</ele>
    <time>2023-05-18T18:50:54Z</time>
   </trkpt>
   <trkpt lat="39.5705680" lon="-104.8595380">
    <ele>1759.7</ele>
    <time>2023-05-18T18:50:55Z</time>
   </trkpt>
   <trkpt lat="39.5705560" lon="-104.8595480">
    <ele>1759.7</ele>
    <time>2023-05-18T18:50:56Z</time>
   </trkpt>
   <trkpt lat="39.5705430" lon="-104.8595580">
    <ele>1759.7</ele>
    <time>2023-05-18T18:50:57Z</time>
   </trkpt>
   <trkpt lat="39.5705290" lon="-104.8595640">
    <ele>1759.7</ele>
    <time>2023-05-18T18:50:58Z</time>
   </trkpt>
   <trkpt lat="39.5705170" lon="-104.8595720">
    <ele>1759.7</ele>
    <time>2023-05-18T18:50:59Z</time>
   </trkpt>
   <trkpt lat="39.5705070" lon="-104.8595860">
    <ele>1759.8</ele>
    <time>2023-05-18T18:51:00Z</time>
   </trkpt>
   <trkpt lat="39.5704970" lon="-104.8595990">
    <ele>1759.8</ele>
    <time>2023-05-18T18:51:01Z</time>
   </trkpt>
   <trkpt lat="39.5704850" lon="-104.8596070">
    <ele>1759.8</ele>
    <time>2023-05-18T18:51:02Z</time>
   </trkpt>
   <trkpt lat="39.5704740" lon="-104.8596190">
    <ele>1759.8</ele>
    <time>2023-05-18T18:51:03Z</time>
   </trkpt>
   <trkpt lat="39.5704610" lon="-104.8596270">
    <ele>1759.8</ele>
    <time>2023-05-18T18:51:04Z</time>
   </trkpt>
   <trkpt lat="39.5704500" lon="-104.8596390">
    <ele>1759.8</ele>
    <time>2023-05-18T18:51:05Z</time>
   </trkpt>
   <trkpt lat="39.5704420" lon="-104.8596550">
    <ele>1759.8</ele>
    <time>2023-05-18T18:51:06Z</time>
   </trkpt>
   <trkpt lat="39.5704370" lon="-104.8596720">
    <ele>1759.9</ele>
    <time>2023-05-18T18:51:07Z</time>
   </trkpt>
   <trkpt lat="39.5704360" lon="-104.8596930">
    <ele>1760.3</ele>
    <time>2023-05-18T18:51:08Z</time>
   </trkpt>
   <trkpt lat="39.5704380" lon="-104.8597120">
    <ele>1760.3</ele>
    <time>2023-05-18T18:51:09Z</time>
   </trkpt>
   <trkpt lat="39.5704390" lon="-104.8597300">
    <ele>1760.3</ele>
    <time>2023-05-18T18:51:10Z</time>
   </trkpt>
   <trkpt lat="39.5704350" lon="-104.8597490">
    <ele>1760.4</ele>
    <time>2023-05-18T18:51:11Z</time>
   </trkpt>
   <trkpt lat="39.5704420" lon="-104.8597690">
    <ele>1760.4</ele>
    <time>2023-05-18T18:51:12Z</time>
   </trkpt>
   <trkpt lat="39.5704460" lon="-104.8597870">
    <ele>1760.5</ele>
    <time>2023-05-18T18:51:13Z</time>
   </trkpt>
   <trkpt lat="39.5704530" lon="-104.8598040">
    <ele>1760.5</ele>
    <time>2023-05-18T18:51:14Z</time>
   </trkpt>
   <trkpt lat="39.5704580" lon="-104.8598220">
    <ele>1760.5</ele>
    <time>2023-05-18T18:51:15Z</time>
   </trkpt>
   <trkpt lat="39.5704640" lon="-104.8598380">
    <ele>1760.6</ele>
    <time>2023-05-18T18:51:16Z</time>
   </trkpt>
   <trkpt lat="39.5704720" lon="-104.8598520">
    <ele>1760.6</ele>
    <time>2023-05-18T18:51:17Z</time>
   </trkpt>
   <trkpt lat="39.5704790" lon="-104.8598670">
    <ele>1760.6</ele>
    <time>2023-05-18T18:51:18Z</time>
   </trkpt>
   <trkpt lat="39.5704900" lon="-104.8598810">
    <ele>1760.7</ele>
    <time>2023-05-18T18:51:19Z</time>
   </trkpt>
   <trkpt lat="39.5705020" lon="-104.8598920">
    <ele>1760.7</ele>
    <time>2023-05-18T18:51:20Z</time>
   </trkpt>
   <trkpt lat="39.5705140" lon="-104.8599060">
    <ele>1760.8</ele>
    <time>2023-05-18T18:51:21Z</time>
   </trkpt>
   <trkpt lat="39.5705260" lon="-104.8599180">
    <ele>1760.8</ele>
    <time>2023-05-18T18:51:22Z</time>
   </trkpt>
   <trkpt lat="39.5705370" lon="-104.8599310">
    <ele>1760.8</ele>
    <time>2023-05-18T18:51:23Z</time>
   </trkpt>
   <trkpt lat="39.5705460" lon="-104.8599470">
    <ele>1760.9</ele>
    <time>2023-05-18T18:51:24Z</time>
   </trkpt>
   <trkpt lat="39.5705560" lon="-104.8599610">
    <ele>1760.9</ele>
    <time>2023-05-18T18:51:25Z</time>
   </trkpt>
   <trkpt lat="39.5705660" lon="-104.8599750">
    <ele>1761.0</ele>
    <time>2023-05-18T18:51:26Z</time>
   </trkpt>
   <trkpt lat="39.5705740" lon="-104.8599920">
    <ele>1761.0</ele>
    <time>2023-05-18T18:51:27Z</time>
   </trkpt>
   <trkpt lat="39.5705840" lon="-104.8600060">
    <ele>1761.0</ele>
    <time>2023-05-18T18:51:28Z</time>
   </trkpt>
   <trkpt lat="39.5705960" lon="-104.8600180">
    <ele>1761.1</ele>
    <time>2023-05-18T18:51:29Z</time>
   </trkpt>
   <trkpt lat="39.5706060" lon="-104.8600330">
    <ele>1761.1</ele>
    <time>2023-05-18T18:51:30Z</time>
   </trkpt>
   <trkpt lat="39.5706130" lon="-104.8600500">
    <ele>1761.2</ele>
    <time>2023-05-18T18:51:31Z</time>
   </trkpt>
   <trkpt lat="39.5706210" lon="-104.8600660">
    <ele>1761.2</ele>
    <time>2023-05-18T18:51:32Z</time>
   </trkpt>
   <trkpt lat="39.5706300" lon="-104.8600800">
    <ele>1761.2</ele>
    <time>2023-05-18T18:51:33Z</time>
   </trkpt>
   <trkpt lat="39.5706390" lon="-104.8600930">
    <ele>1761.3</ele>
    <time>2023-05-18T18:51:34Z</time>
   </trkpt>
   <trkpt lat="39.5706490" lon="-104.8601060">
    <ele>1761.3</ele>
    <time>2023-05-18T18:51:35Z</time>
   </trkpt>
   <trkpt lat="39.5706570" lon="-104.8601210">
    <ele>1761.3</ele>
    <time>2023-05-18T18:51:36Z</time>
   </trkpt>
   <trkpt lat="39.5706650" lon="-104.8601350">
    <ele>1761.4</ele>
    <time>2023-05-18T18:51:37Z</time>
   </trkpt>
   <trkpt lat="39.5706720" lon="-104.8601510">
    <ele>1761.4</ele>
    <time>2023-05-18T18:51:38Z</time>
   </trkpt>
   <trkpt lat="39.5706810" lon="-104.8601660">
    <ele>1761.5</ele>
    <time>2023-05-18T18:51:39Z</time>
   </trkpt>
   <trkpt lat="39.5706910" lon="-104.8601790">
    <ele>1761.5</ele>
    <time>2023-05-18T18:51:40Z</time>
   </trkpt>
   <trkpt lat="39.5706990" lon="-104.8601930">
    <ele>1761.5</ele>
    <time>2023-05-18T18:51:41Z</time>
   </trkpt>
   <trkpt lat="39.5707060" lon="-104.8602090">
    <ele>1761.6</ele>
    <time>2023-05-18T18:51:42Z</time>
   </trkpt>
   <trkpt lat="39.5707150" lon="-104.8602240">
    <ele>1761.6</ele>
    <time>2023-05-18T18:51:43Z</time>
   </trkpt>
   <trkpt lat="39.5707230" lon="-104.8602390">
    <ele>1761.6</ele>
    <time>2023-05-18T18:51:44Z</time>
   </trkpt>
   <trkpt lat="39.5707310" lon="-104.8602530">
    <ele>1761.7</ele>
    <time>2023-05-18T18:51:45Z</time>
   </trkpt>
   <trkpt lat="39.5707390" lon="-104.8602680">
    <ele>1761.7</ele>
    <time>2023-05-18T18:51:46Z</time>
   </trkpt>
   <trkpt lat="39.5707490" lon="-104.8602830">
    <ele>1761.8</ele>
    <time>2023-05-18T18:51:47Z</time>
   </trkpt>
   <trkpt lat="39.5707580" lon="-104.8602980">
    <ele>1761.8</ele>
    <time>2023-05-18T18:51:48Z</time>
   </trkpt>
   <trkpt lat="39.5707710" lon="-104.8603100">
    <ele>1761.9</ele>
    <time>2023-05-18T18:51:49Z</time>
   </trkpt>
   <trkpt lat="39.5707760" lon="-104.8603290">
    <ele>1761.9</ele>
    <time>2023-05-18T18:51:50Z</time>
   </trkpt>
   <trkpt lat="39.5707850" lon="-104.8603450">
    <ele>1762.0</ele>
    <time>2023-05-18T18:51:51Z</time>
   </trkpt>
   <trkpt lat="39.5707940" lon="-104.8603580">
    <ele>1762.0</ele>
    <time>2023-05-18T18:51:52Z</time>
   </trkpt>
   <trkpt lat="39.5708040" lon="-104.8603720">
    <ele>1762.1</ele>
    <time>2023-05-18T18:51:53Z</time>
   </trkpt>
   <trkpt lat="39.5708130" lon="-104.8603850">
    <ele>1762.1</ele>
    <time>2023-05-18T18:51:54Z</time>
   </trkpt>
   <trkpt lat="39.5708190" lon="-104.8604010">
    <ele>1762.2</ele>
    <time>2023-05-18T18:51:55Z</time>
   </trkpt>
   <trkpt lat="39.5708270" lon="-104.8604160">
    <ele>1762.3</ele>
    <time>2023-05-18T18:51:56Z</time>
   </trkpt>
   <trkpt lat="39.5708370" lon="-104.8604300">
    <ele>1762.3</ele>
    <time>2023-05-18T18:51:57Z</time>
   </trkpt>
   <trkpt lat="39.5708470" lon="-104.8604450">
    <ele>1762.4</ele>
    <time>2023-05-18T18:51:58Z</time>
   </trkpt>
   <trkpt lat="39.5708570" lon="-104.8604580">
    <ele>1762.4</ele>
    <time>2023-05-18T18:51:59Z</time>
   </trkpt>
   <trkpt lat="39.5708670" lon="-104.8604740">
    <ele>1762.5</ele>
    <time>2023-05-18T18:52:00Z</time>
   </trkpt>
   <trkpt lat="39.5708770" lon="-104.8604870">
    <ele>1762.5</ele>
    <time>2023-05-18T18:52:01Z</time>
   </trkpt>
   <trkpt lat="39.5708860" lon="-104.8605010">
    <ele>1762.6</ele>
    <time>2023-05-18T18:52:02Z</time>
   </trkpt>
   <trkpt lat="39.5708930" lon="-104.8605180">
    <ele>1762.6</ele>
    <time>2023-05-18T18:52:03Z</time>
   </trkpt>
   <trkpt lat="39.5709020" lon="-104.8605330">
    <ele>1762.6</ele>
    <time>2023-05-18T18:52:04Z</time>
   </trkpt>
   <trkpt lat="39.5709110" lon="-104.8605480">
    <ele>1762.7</ele>
    <time>2023-05-18T18:52:05Z</time>
   </trkpt>
   <trkpt lat="39.5709220" lon="-104.8605610">
    <ele>1762.7</ele>
    <time>2023-05-18T18:52:06Z</time>
   </trkpt>
   <trkpt lat="39.5709320" lon="-104.8605760">
    <ele>1762.7</ele>
    <time>2023-05-18T18:52:07Z</time>
   </trkpt>
   <trkpt lat="39.5709420" lon="-104.8605890">
    <ele>1762.8</ele>
    <time>2023-05-18T18:52:08Z</time>
   </trkpt>
   <trkpt lat="39.5709520" lon="-104.8606020">
    <ele>1762.8</ele>
    <time>2023-05-18T18:52:09Z</time>
   </trkpt>
   <trkpt lat="39.5709610" lon="-104.8606190">
    <ele>1762.8</ele>
    <time>2023-05-18T18:52:10Z</time>
   </trkpt>
   <trkpt lat="39.5709700" lon="-104.8606330">
    <ele>1762.9</ele>
    <time>2023-05-18T18:52:11Z</time>
   </trkpt>
   <trkpt lat="39.5709810" lon="-104.8606460">
    <ele>1762.9</ele>
    <time>2023-05-18T18:52:12Z</time>
   </trkpt>
   <trkpt lat="39.5709910" lon="-104.8606590">
    <ele>1762.9</ele>
    <time>2023-05-18T18:52:13Z</time>
   </trkpt>
   <trkpt lat="39.5710030" lon="-104.8606720">
    <ele>1763.0</ele>
    <time>2023-05-18T18:52:14Z</time>
   </trkpt>
   <trkpt lat="39.5710090" lon="-104.8606890">
    <ele>1763.0</ele>
    <time>2023-05-18T18:52:15Z</time>
   </trkpt>
   <trkpt lat="39.5710180" lon="-104.8607040">
    <ele>1763.0</ele>
    <time>2023-05-18T18:52:16Z</time>
   </trkpt>
   <trkpt lat="39.5710270" lon="-104.8607190">
    <ele>1763.1</ele>
    <time>2023-05-18T18:52:17Z</time>
   </trkpt>
   <trkpt lat="39.5710380" lon="-104.8607320">
    <ele>1763.1</ele>
    <time>2023-05-18T18:52:18Z</time>
   </trkpt>
   <trkpt lat="39.5710490" lon="-104.8607450">
    <ele>1763.1</ele>
    <time>2023-05-18T18:52:19Z</time>
   </trkpt>
   <trkpt lat="39.5710600" lon="-104.8607580">
    <ele>1763.2</ele>
    <time>2023-05-18T18:52:20Z</time>
   </trkpt>
   <trkpt lat="39.5710690" lon="-104.8607740">
    <ele>1763.2</ele>
    <time>2023-05-18T18:52:21Z</time>
   </trkpt>
   <trkpt lat="39.5710790" lon="-104.8607880">
    <ele>1763.2</ele>
    <time>2023-05-18T18:52:22Z</time>
   </trkpt>
   <trkpt lat="39.5710900" lon="-104.8608010">
    <ele>1763.3</ele>
    <time>2023-05-18T18:52:23Z</time>
   </trkpt>
   <trkpt lat="39.5711000" lon="-104.8608150">
    <ele>1763.3</ele>
    <time>2023-05-18T18:52:24Z</time>
   </trkpt>
   <trkpt lat="39.5711130" lon="-104.8608270">
    <ele>1763.3</ele>
    <time>2023-05-18T18:52:25Z</time>
   </trkpt>
   <trkpt lat="39.5711260" lon="-104.8608360">
    <ele>1763.4</ele>
    <time>2023-05-18T18:52:26Z</time>
   </trkpt>
   <trkpt lat="39.5711400" lon="-104.8608450">
    <ele>1763.4</ele>
    <time>2023-05-18T18:52:27Z</time>
   </trkpt>
   <trkpt lat="39.5711520" lon="-104.8608520">
    <ele>1763.4</ele>
    <time>2023-05-18T18:52:28Z</time>
   </trkpt>
   <trkpt lat="39.5711620" lon="-104.8608660">
    <ele>1763.4</ele>
    <time>2023-05-18T18:52:29Z</time>
   </trkpt>
   <trkpt lat="39.5711730" lon="-104.8608780">
    <ele>1763.5</ele>
    <time>2023-05-18T18:52:30Z</time>
   </trkpt>
   <trkpt lat="39.5711850" lon="-104.8608880">
    <ele>1763.5</ele>
    <time>2023-05-18T18:52:31Z</time>
   </trkpt>
   <trkpt lat="39.5711990" lon="-104.8608980">
    <ele>1763.5</ele>
    <time>2023-05-18T18:52:32Z</time>
   </trkpt>
   <trkpt lat="39.5712120" lon="-104.8609080">
    <ele>1763.6</ele>
    <time>2023-05-18T18:52:33Z</time>
   </trkpt>
   <trkpt lat="39.5712230" lon="-104.8609210">
    <ele>1763.6</ele>
    <time>2023-05-18T18:52:34Z</time>
   </trkpt>
   <trkpt lat="39.5712350" lon="-104.8609320">
    <ele>1763.6</ele>
    <time>2023-05-18T18:52:35Z</time>
   </trkpt>
   <trkpt lat="39.5712480" lon="-104.8609420">
    <ele>1763.7</ele>
    <time>2023-05-18T18:52:36Z</time>
   </trkpt>
   <trkpt lat="39.5712600" lon="-104.8609520">
    <ele>1763.7</ele>
    <time>2023-05-18T18:52:37Z</time>
   </trkpt>
   <trkpt lat="39.5712750" lon="-104.8609570">
    <ele>1763.7</ele>
    <time>2023-05-18T18:52:38Z</time>
   </trkpt>
   <trkpt lat="39.5712890" lon="-104.8609600">
    <ele>1763.7</ele>
    <time>2023-05-18T18:52:39Z</time>
   </trkpt>
   <trkpt lat="39.5713030" lon="-104.8609650">
    <ele>1763.8</ele>
    <time>2023-05-18T18:52:40Z</time>
   </trkpt>
   <trkpt lat="39.5713170" lon="-104.8609720">
    <ele>1763.8</ele>
    <time>2023-05-18T18:52:41Z</time>
   </trkpt>
   <trkpt lat="39.5713310" lon="-104.8609780">
    <ele>1763.8</ele>
    <time>2023-05-18T18:52:42Z</time>
   </trkpt>
   <trkpt lat="39.5713460" lon="-104.8609800">
    <ele>1763.8</ele>
    <time>2023-05-18T18:52:43Z</time>
   </trkpt>
   <trkpt lat="39.5713610" lon="-104.8609780">
    <ele>1763.8</ele>
    <time>2023-05-18T18:52:44Z</time>
   </trkpt>
   <trkpt lat="39.5713760" lon="-104.8609820">
    <ele>1763.8</ele>
    <time>2023-05-18T18:52:45Z</time>
   </trkpt>
   <trkpt lat="39.5713900" lon="-104.8609790">
    <ele>1763.8</ele>
    <time>2023-05-18T18:52:46Z</time>
   </trkpt>
   <trkpt lat="39.5714060" lon="-104.8609810">
    <ele>1763.9</ele>
    <time>2023-05-18T18:52:47Z</time>
   </trkpt>
   <trkpt lat="39.5714210" lon="-104.8609790">
    <ele>1763.9</ele>
    <time>2023-05-18T18:52:48Z</time>
   </trkpt>
   <trkpt lat="39.5714370" lon="-104.8609810">
    <ele>1763.9</ele>
    <time>2023-05-18T18:52:49Z</time>
   </trkpt>
   <trkpt lat="39.5714510" lon="-104.8609800">
    <ele>1763.9</ele>
    <time>2023-05-18T18:52:50Z</time>
   </trkpt>
   <trkpt lat="39.5714660" lon="-104.8609780">
    <ele>1763.9</ele>
    <time>2023-05-18T18:52:51Z</time>
   </trkpt>
   <trkpt lat="39.5714800" lon="-104.8609770">
    <ele>1763.9</ele>
    <time>2023-05-18T18:52:52Z</time>
   </trkpt>
   <trkpt lat="39.5714950" lon="-104.8609770">
    <ele>1763.9</ele>
    <time>2023-05-18T18:52:53Z</time>
   </trkpt>
   <trkpt lat="39.5715100" lon="-104.8609730">
    <ele>1764.0</ele>
    <time>2023-05-18T18:52:54Z</time>
   </trkpt>
   <trkpt lat="39.5715240" lon="-104.8609680">
    <ele>1764.0</ele>
    <time>2023-05-18T18:52:55Z</time>
   </trkpt>
   <trkpt lat="39.5715390" lon="-104.8609640">
    <ele>1764.0</ele>
    <time>2023-05-18T18:52:56Z</time>
   </trkpt>
   <trkpt lat="39.5715520" lon="-104.8609610">
    <ele>1764.0</ele>
    <time>2023-05-18T18:52:57Z</time>
   </trkpt>
   <trkpt lat="39.5715660" lon="-104.8609550">
    <ele>1764.0</ele>
    <time>2023-05-18T18:52:58Z</time>
   </trkpt>
   <trkpt lat="39.5715800" lon="-104.8609540">
    <ele>1764.0</ele>
    <time>2023-05-18T18:52:59Z</time>
   </trkpt>
   <trkpt lat="39.5715950" lon="-104.8609500">
    <ele>1764.0</ele>
    <time>2023-05-18T18:53:00Z</time>
   </trkpt>
   <trkpt lat="39.5716090" lon="-104.8609440">
    <ele>1764.0</ele>
    <time>2023-05-18T18:53:01Z</time>
   </trkpt>
   <trkpt lat="39.5716220" lon="-104.8609370">
    <ele>1764.1</ele>
    <time>2023-05-18T18:53:02Z</time>
   </trkpt>
   <trkpt lat="39.5716360" lon="-104.8609300">
    <ele>1764.1</ele>
    <time>2023-05-18T18:53:03Z</time>
   </trkpt>
   <trkpt lat="39.5716490" lon="-104.8609270">
    <ele>1764.1</ele>
    <time>2023-05-18T18:53:04Z</time>
   </trkpt>
   <trkpt lat="39.5716610" lon="-104.8609190">
    <ele>1764.1</ele>
    <time>2023-05-18T18:53:05Z</time>
   </trkpt>
   <trkpt lat="39.5716750" lon="-104.8609110">
    <ele>1764.1</ele>
    <time>2023-05-18T18:53:06Z</time>
   </trkpt>
   <trkpt lat="39.5716880" lon="-104.8609030">
    <ele>1764.1</ele>
    <time>2023-05-18T18:53:07Z</time>
   </trkpt>
   <trkpt lat="39.5717010" lon="-104.8608950">
    <ele>1764.1</ele>
    <time>2023-05-18T18:53:08Z</time>
   </trkpt>
   <trkpt lat="39.5717140" lon="-104.8608900">
    <ele>1764.2</ele>
    <time>2023-05-18T18:53:09Z</time>
   </trkpt>
   <trkpt lat="39.5717260" lon="-104.8608790">
    <ele>1764.2</ele>
    <time>2023-05-18T18:53:10Z</time>
   </trkpt>
   <trkpt lat="39.5717390" lon="-104.8608720">
    <ele>1764.2</ele>
    <time>2023-05-18T18:53:11Z</time>
   </trkpt>
   <trkpt lat="39.5717510" lon="-104.8608610">
    <ele>1764.2</ele>
    <time>2023-05-18T18:53:12Z</time>
   </trkpt>
   <trkpt lat="39.5717640" lon="-104.8608530">
    <ele>1764.2</ele>
    <time>2023-05-18T18:53:13Z</time>
   </trkpt>
   <trkpt lat="39.5717780" lon="-104.8608480">
    <ele>1764.2</ele>
    <time>2023-05-18T18:53:14Z</time>
   </trkpt>
   <trkpt lat="39.5717920" lon="-104.8608400">
    <ele>1764.2</ele>
    <time>2023-05-18T18:53:15Z</time>
   </trkpt>
   <trkpt lat="39.5718050" lon="-104.8608340">
    <ele>1764.3</ele>
    <time>2023-05-18T18:53:16Z</time>
   </trkpt>
   <trkpt lat="39.5718190" lon="-104.8608280">
    <ele>1764.3</ele>
    <time>2023-05-18T18:53:17Z</time>
   </trkpt>
   <trkpt lat="39.5718320" lon="-104.8608210">
    <ele>1764.3</ele>
    <time>2023-05-18T18:53:18Z</time>
   </trkpt>
   <trkpt lat="39.5718520" lon="-104.8608090">
    <ele>1764.3</ele>
    <time>2023-05-18T18:53:19Z</time>
   </trkpt>
   <trkpt lat="39.5718590" lon="-104.8608040">
    <ele>1764.3</ele>
    <time>2023-05-18T18:53:20Z</time>
   </trkpt>
   <trkpt lat="39.5718670" lon="-104.8607990">
    <ele>1764.3</ele>
    <time>2023-05-18T18:53:21Z</time>
   </trkpt>
   <trkpt lat="39.5718770" lon="-104.8607900">
    <ele>1764.3</ele>
    <time>2023-05-18T18:53:22Z</time>
   </trkpt>
   <trkpt lat="39.5718880" lon="-104.8607830">
    <ele>1764.3</ele>
    <time>2023-05-18T18:53:23Z</time>
   </trkpt>
   <trkpt lat="39.5718830" lon="-104.8607950">
    <ele>1764.3</ele>
    <time>2023-05-18T18:53:24Z</time>
   </trkpt>
   <trkpt lat="39.5718700" lon="-104.8608020">
    <ele>1764.2</ele>
    <time>2023-05-18T18:53:25Z</time>
   </trkpt>
   <trkpt lat="39.5718570" lon="-104.8608110">
    <ele>1764.2</ele>
    <time>2023-05-18T18:53:26Z</time>
   </trkpt>
   <trkpt lat="39.5718460" lon="-104.8608110">
    <ele>1764.2</ele>
    <time>2023-05-18T18:53:27Z</time>
   </trkpt>
   <trkpt lat="39.5718330" lon="-104.8608120">
    <ele>1764.2</ele>
    <time>2023-05-18T18:53:28Z</time>
   </trkpt>
   <trkpt lat="39.5718200" lon="-104.8608190">
    <ele>1764.2</ele>
    <time>2023-05-18T18:53:29Z</time>
   </trkpt>
   <trkpt lat="39.5718080" lon="-104.8608260">
    <ele>1764.2</ele>
    <time>2023-05-18T18:53:30Z</time>
   </trkpt>
   <trkpt lat="39.5717930" lon="-104.8608310">
    <ele>1764.2</ele>
    <time>2023-05-18T18:53:31Z</time>
   </trkpt>
   <trkpt lat="39.5717790" lon="-104.8608370">
    <ele>1764.2</ele>
    <time>2023-05-18T18:53:32Z</time>
   </trkpt>
   <trkpt lat="39.5717660" lon="-104.8608440">
    <ele>1764.2</ele>
    <time>2023-05-18T18:53:33Z</time>
   </trkpt>
   <trkpt lat="39.5717530" lon="-104.8608500">
    <ele>1764.2</ele>
    <time>2023-05-18T18:53:34Z</time>
   </trkpt>
   <trkpt lat="39.5717340" lon="-104.8608620">
    <ele>1764.2</ele>
    <time>2023-05-18T18:53:35Z</time>
   </trkpt>
   <trkpt lat="39.5717260" lon="-104.8608670">
    <ele>1764.2</ele>
    <time>2023-05-18T18:53:36Z</time>
   </trkpt>
   <trkpt lat="39.5717180" lon="-104.8608710">
    <ele>1764.2</ele>
    <time>2023-05-18T18:53:37Z</time>
   </trkpt>
   <trkpt lat="39.5716970" lon="-104.8608840">
    <ele>1764.1</ele>
    <time>2023-05-18T18:53:38Z</time>
   </trkpt>
   <trkpt lat="39.5716870" lon="-104.8608890">
    <ele>1764.1</ele>
    <time>2023-05-18T18:53:39Z</time>
   </trkpt>
   <trkpt lat="39.5716780" lon="-104.8608940">
    <ele>1764.1</ele>
    <time>2023-05-18T18:53:40Z</time>
   </trkpt>
   <trkpt lat="39.5716610" lon="-104.8609060">
    <ele>1764.1</ele>
    <time>2023-05-18T18:53:41Z</time>
   </trkpt>
   <trkpt lat="39.5716470" lon="-104.8609130">
    <ele>1764.1</ele>
    <time>2023-05-18T18:53:42Z</time>
   </trkpt>
   <trkpt lat="39.5716270" lon="-104.8609250">
    <ele>1764.1</ele>
    <time>2023-05-18T18:53:43Z</time>
   </trkpt>
   <trkpt lat="39.5716180" lon="-104.8609290">
    <ele>1764.1</ele>
    <time>2023-05-18T18:53:44Z</time>
   </trkpt>
   <trkpt lat="39.5716100" lon="-104.8609330">
    <ele>1764.0</ele>
    <time>2023-05-18T18:53:45Z</time>
   </trkpt>
   <trkpt lat="39.5715960" lon="-104.8609380">
    <ele>1764.0</ele>
    <time>2023-05-18T18:53:46Z</time>
   </trkpt>
   <trkpt lat="39.5715840" lon="-104.8609450">
    <ele>1764.0</ele>
    <time>2023-05-18T18:53:47Z</time>
   </trkpt>
   <trkpt lat="39.5715700" lon="-104.8609490">
    <ele>1764.0</ele>
    <time>2023-05-18T18:53:48Z</time>
   </trkpt>
   <trkpt lat="39.5715560" lon="-104.8609540">
    <ele>1764.0</ele>
    <time>2023-05-18T18:53:49Z</time>
   </trkpt>
   <trkpt lat="39.5715420" lon="-104.8609580">
    <ele>1764.0</ele>
    <time>2023-05-18T18:53:50Z</time>
   </trkpt>
   <trkpt lat="39.5715290" lon="-104.8609610">
    <ele>1764.0</ele>
    <time>2023-05-18T18:53:51Z</time>
   </trkpt>
   <trkpt lat="39.5715160" lon="-104.8609660">
    <ele>1764.0</ele>
    <time>2023-05-18T18:53:52Z</time>
   </trkpt>
   <trkpt lat="39.5715010" lon="-104.8609690">
    <ele>1763.9</ele>
    <time>2023-05-18T18:53:53Z</time>
   </trkpt>
   <trkpt lat="39.5714870" lon="-104.8609690">
    <ele>1763.9</ele>
    <time>2023-05-18T18:53:54Z</time>
   </trkpt>
   <trkpt lat="39.5714730" lon="-104.8609730">
    <ele>1763.9</ele>
    <time>2023-05-18T18:53:55Z</time>
   </trkpt>
   <trkpt lat="39.5714590" lon="-104.8609730">
    <ele>1763.9</ele>
    <time>2023-05-18T18:53:56Z</time>
   </trkpt>
   <trkpt lat="39.5714450" lon="-104.8609720">
    <ele>1763.9</ele>
    <time>2023-05-18T18:53:57Z</time>
   </trkpt>
   <trkpt lat="39.5714300" lon="-104.8609700">
    <ele>1763.9</ele>
    <time>2023-05-18T18:53:58Z</time>
   </trkpt>
   <trkpt lat="39.5714160" lon="-104.8609710">
    <ele>1763.9</ele>
    <time>2023-05-18T18:53:59Z</time>
   </trkpt>
   <trkpt lat="39.5714010" lon="-104.8609690">
    <ele>1763.8</ele>
    <time>2023-05-18T18:54:00Z</time>
   </trkpt>
   <trkpt lat="39.5713860" lon="-104.8609690">
    <ele>1763.8</ele>
    <time>2023-05-18T18:54:01Z</time>
   </trkpt>
   <trkpt lat="39.5713720" lon="-104.8609690">
    <ele>1763.8</ele>
    <time>2023-05-18T18:54:02Z</time>
   </trkpt>
   <trkpt lat="39.5713570" lon="-104.8609670">
    <ele>1763.8</ele>
    <time>2023-05-18T18:54:03Z</time>
   </trkpt>
   <trkpt lat="39.5713420" lon="-104.8609680">
    <ele>1763.8</ele>
    <time>2023-05-18T18:54:04Z</time>
   </trkpt>
   <trkpt lat="39.5713280" lon="-104.8609660">
    <ele>1763.8</ele>
    <time>2023-05-18T18:54:05Z</time>
   </trkpt>
   <trkpt lat="39.5713140" lon="-104.8609630">
    <ele>1763.8</ele>
    <time>2023-05-18T18:54:06Z</time>
   </trkpt>
   <trkpt lat="39.5713000" lon="-104.8609570">
    <ele>1763.7</ele>
    <time>2023-05-18T18:54:07Z</time>
   </trkpt>
   <trkpt lat="39.5712860" lon="-104.8609520">
    <ele>1763.7</ele>
    <time>2023-05-18T18:54:08Z</time>
   </trkpt>
   <trkpt lat="39.5712720" lon="-104.8609480">
    <ele>1763.7</ele>
    <time>2023-05-18T18:54:09Z</time>
   </trkpt>
   <trkpt lat="39.5712570" lon="-104.8609420">
    <ele>1763.7</ele>
    <time>2023-05-18T18:54:10Z</time>
   </trkpt>
   <trkpt lat="39.5712450" lon="-104.8609340">
    <ele>1763.7</ele>
    <time>2023-05-18T18:54:11Z</time>
   </trkpt>
   <trkpt lat="39.5712340" lon="-104.8609250">
    <ele>1763.6</ele>
    <time>2023-05-18T18:54:12Z</time>
   </trkpt>
   <trkpt lat="39.5712230" lon="-104.8609100">
    <ele>1763.6</ele>
    <time>2023-05-18T18:54:13Z</time>
   </trkpt>
   <trkpt lat="39.5712100" lon="-104.8609000">
    <ele>1763.6</ele>
    <time>2023-05-18T18:54:14Z</time>
   </trkpt>
   <trkpt lat="39.5711990" lon="-104.8608910">
    <ele>1763.5</ele>
    <time>2023-05-18T18:54:15Z</time>
   </trkpt>
   <trkpt lat="39.5711800" lon="-104.8608760">
    <ele>1763.5</ele>
    <time>2023-05-18T18:54:16Z</time>
   </trkpt>
   <trkpt lat="39.5711730" lon="-104.8608700">
    <ele>1763.5</ele>
    <time>2023-05-18T18:54:17Z</time>
   </trkpt>
   <trkpt lat="39.5711650" lon="-104.8608640">
    <ele>1763.4</ele>
    <time>2023-05-18T18:54:18Z</time>
   </trkpt>
   <trkpt lat="39.5711510" lon="-104.8608500">
    <ele>1763.4</ele>
    <time>2023-05-18T18:54:19Z</time>
   </trkpt>
   <trkpt lat="39.5711400" lon="-104.8608350">
    <ele>1763.4</ele>
    <time>2023-05-18T18:54:20Z</time>
   </trkpt>
   <trkpt lat="39.5711260" lon="-104.8608290">
    <ele>1763.3</ele>
    <time>2023-05-18T18:54:21Z</time>
   </trkpt>
   <trkpt lat="39.5711130" lon="-104.8608180">
    <ele>1763.3</ele>
    <time>2023-05-18T18:54:22Z</time>
   </trkpt>
   <trkpt lat="39.5711020" lon="-104.8608060">
    <ele>1763.3</ele>
    <time>2023-05-18T18:54:23Z</time>
   </trkpt>
   <trkpt lat="39.5710920" lon="-104.8607900">
    <ele>1763.2</ele>
    <time>2023-05-18T18:54:24Z</time>
   </trkpt>
   <trkpt lat="39.5710820" lon="-104.8607750">
    <ele>1763.2</ele>
    <time>2023-05-18T18:54:25Z</time>
   </trkpt>
   <trkpt lat="39.5710690" lon="-104.8607640">
    <ele>1763.2</ele>
    <time>2023-05-18T18:54:26Z</time>
   </trkpt>
   <trkpt lat="39.5710590" lon="-104.8607490">
    <ele>1763.1</ele>
    <time>2023-05-18T18:54:27Z</time>
   </trkpt>
   <trkpt lat="39.5710480" lon="-104.8607370">
    <ele>1763.1</ele>
    <time>2023-05-18T18:54:28Z</time>
   </trkpt>
   <trkpt lat="39.5710400" lon="-104.8607220">
    <ele>1763.1</ele>
    <time>2023-05-18T18:54:29Z</time>
   </trkpt>
   <trkpt lat="39.5710310" lon="-104.8607070">
    <ele>1763.0</ele>
    <time>2023-05-18T18:54:30Z</time>
   </trkpt>
   <trkpt lat="39.5710210" lon="-104.8606920">
    <ele>1763.0</ele>
    <time>2023-05-18T18:54:31Z</time>
   </trkpt>
   <trkpt lat="39.5710110" lon="-104.8606790">
    <ele>1763.0</ele>
    <time>2023-05-18T18:54:32Z</time>
   </trkpt>
   <trkpt lat="39.5710000" lon="-104.8606670">
    <ele>1762.9</ele>
    <time>2023-05-18T18:54:33Z</time>
   </trkpt>
   <trkpt lat="39.5709910" lon="-104.8606530">
    <ele>1762.9</ele>
    <time>2023-05-18T18:54:34Z</time>
   </trkpt>
   <trkpt lat="39.5709810" lon="-104.8606390">
    <ele>1762.9</ele>
    <time>2023-05-18T18:54:35Z</time>
   </trkpt>
   <trkpt lat="39.5709720" lon="-104.8606240">
    <ele>1762.8</ele>
    <time>2023-05-18T18:54:36Z</time>
   </trkpt>
   <trkpt lat="39.5709650" lon="-104.8606100">
    <ele>1762.8</ele>
    <time>2023-05-18T18:54:37Z</time>
   </trkpt>
   <trkpt lat="39.5709550" lon="-104.8605980">
    <ele>1762.8</ele>
    <time>2023-05-18T18:54:38Z</time>
   </trkpt>
   <trkpt lat="39.5709450" lon="-104.8605830">
    <ele>1762.7</ele>
    <time>2023-05-18T18:54:39Z</time>
   </trkpt>
   <trkpt lat="39.5709350" lon="-104.8605710">
    <ele>1762.7</ele>
    <time>2023-05-18T18:54:40Z</time>
   </trkpt>
   <trkpt lat="39.5709250" lon="-104.8605600">
    <ele>1762.7</ele>
    <time>2023-05-18T18:54:41Z</time>
   </trkpt>
   <trkpt lat="39.5709150" lon="-104.8605470">
    <ele>1762.7</ele>
    <time>2023-05-18T18:54:42Z</time>
   </trkpt>
   <trkpt lat="39.5709070" lon="-104.8605320">
    <ele>1762.6</ele>
    <time>2023-05-18T18:54:43Z</time>
   </trkpt>
   <trkpt lat="39.5708970" lon="-104.8605170">
    <ele>1762.6</ele>
    <time>2023-05-18T18:54:44Z</time>
   </trkpt>
   <trkpt lat="39.5708870" lon="-104.8605010">
    <ele>1762.6</ele>
    <time>2023-05-18T18:54:45Z</time>
   </trkpt>
   <trkpt lat="39.5708780" lon="-104.8604850">
    <ele>1762.5</ele>
    <time>2023-05-18T18:54:46Z</time>
   </trkpt>
   <trkpt lat="39.5708710" lon="-104.8604680">
    <ele>1762.5</ele>
    <time>2023-05-18T18:54:47Z</time>
   </trkpt>
   <trkpt lat="39.5708620" lon="-104.8604520">
    <ele>1762.4</ele>
    <time>2023-05-18T18:54:48Z</time>
   </trkpt>
   <trkpt lat="39.5708520" lon="-104.8604380">
    <ele>1762.4</ele>
    <time>2023-05-18T18:54:49Z</time>
   </trkpt>
   <trkpt lat="39.5708410" lon="-104.8604260">
    <ele>1762.3</ele>
    <time>2023-05-18T18:54:50Z</time>
   </trkpt>
   <trkpt lat="39.5708310" lon="-104.8604120">
    <ele>1762.3</ele>
    <time>2023-05-18T18:54:51Z</time>
   </trkpt>
   <trkpt lat="39.5708220" lon="-104.8603970">
    <ele>1762.2</ele>
    <time>2023-05-18T18:54:52Z</time>
   </trkpt>
   <trkpt lat="39.5708130" lon="-104.8603810">
    <ele>1762.1</ele>
    <time>2023-05-18T18:54:53Z</time>
   </trkpt>
   <trkpt lat="39.5708060" lon="-104.8603640">
    <ele>1762.1</ele>
    <time>2023-05-18T18:54:54Z</time>
   </trkpt>
   <trkpt lat="39.5707990" lon="-104.8603460">
    <ele>1762.0</ele>
    <time>2023-05-18T18:54:55Z</time>
   </trkpt>
   <trkpt lat="39.5707890" lon="-104.8603300">
    <ele>1762.0</ele>
    <time>2023-05-18T18:54:56Z</time>
   </trkpt>
   <trkpt lat="39.5707800" lon="-104.8603150">
    <ele>1761.9</ele>
    <time>2023-05-18T18:54:57Z</time>
   </trkpt>
   <trkpt lat="39.5707710" lon="-104.8603030">
    <ele>1761.9</ele>
    <time>2023-05-18T18:54:58Z</time>
   </trkpt>
   <trkpt lat="39.5707580" lon="-104.8602810">
    <ele>1761.8</ele>
    <time>2023-05-18T18:54:59Z</time>
   </trkpt>
   <trkpt lat="39.5707530" lon="-104.8602720">
    <ele>1761.7</ele>
    <time>2023-05-18T18:55:00Z</time>
   </trkpt>
   <trkpt lat="39.5707480" lon="-104.8602630">
    <ele>1761.7</ele>
    <time>2023-05-18T18:55:01Z</time>
   </trkpt>
   <trkpt lat="39.5707350" lon="-104.8602400">
    <ele>1761.7</ele>
    <time>2023-05-18T18:55:02Z</time>
   </trkpt>
   <trkpt lat="39.5707300" lon="-104.8602310">
    <ele>1761.6</ele>
    <time>2023-05-18T18:55:03Z</time>
   </trkpt>
   <trkpt lat="39.5707240" lon="-104.8602220">
    <ele>1761.6</ele>
    <time>2023-05-18T18:55:04Z</time>
   </trkpt>
   <trkpt lat="39.5707160" lon="-104.8602060">
    <ele>1761.6</ele>
    <time>2023-05-18T18:55:05Z</time>
   </trkpt>
   <trkpt lat="39.5707070" lon="-104.8601910">
    <ele>1761.5</ele>
    <time>2023-05-18T18:55:06Z</time>
   </trkpt>
   <trkpt lat="39.5707000" lon="-104.8601750">
    <ele>1761.5</ele>
    <time>2023-05-18T18:55:08Z</time>
   </trkpt>
   <trkpt lat="39.5706870" lon="-104.8601600">
    <ele>1761.5</ele>
    <time>2023-05-18T18:55:09Z</time>
   </trkpt>
   <trkpt lat="39.5706690" lon="-104.8601330">
    <ele>1761.4</ele>
    <time>2023-05-18T18:55:10Z</time>
   </trkpt>
   <trkpt lat="39.5706610" lon="-104.8601170">
    <ele>1761.3</ele>
    <time>2023-05-18T18:55:11Z</time>
   </trkpt>
   <trkpt lat="39.5706540" lon="-104.8601010">
    <ele>1761.3</ele>
    <time>2023-05-18T18:55:12Z</time>
   </trkpt>
   <trkpt lat="39.5706400" lon="-104.8600780">
    <ele>1761.2</ele>
    <time>2023-05-18T18:55:13Z</time>
   </trkpt>
   <trkpt lat="39.5706350" lon="-104.8600690">
    <ele>1761.2</ele>
    <time>2023-05-18T18:55:14Z</time>
   </trkpt>
   <trkpt lat="39.5706290" lon="-104.8600600">
    <ele>1761.2</ele>
    <time>2023-05-18T18:55:15Z</time>
   </trkpt>
   <trkpt lat="39.5706210" lon="-104.8600450">
    <ele>1761.2</ele>
    <time>2023-05-18T18:55:16Z</time>
   </trkpt>
   <trkpt lat="39.5706130" lon="-104.8600300">
    <ele>1761.1</ele>
    <time>2023-05-18T18:55:17Z</time>
   </trkpt>
   <trkpt lat="39.5706030" lon="-104.8600170">
    <ele>1761.1</ele>
    <time>2023-05-18T18:55:18Z</time>
   </trkpt>
   <trkpt lat="39.5705950" lon="-104.8600020">
    <ele>1761.1</ele>
    <time>2023-05-18T18:55:19Z</time>
   </trkpt>
   <trkpt lat="39.5705860" lon="-104.8599900">
    <ele>1761.0</ele>
    <time>2023-05-18T18:55:20Z</time>
   </trkpt>
   <trkpt lat="39.5705800" lon="-104.8599810">
    <ele>1761.0</ele>
    <time>2023-05-18T18:55:21Z</time>
   </trkpt>
   <trkpt lat="39.5705710" lon="-104.8599680">
    <ele>1761.0</ele>
    <time>2023-05-18T18:55:22Z</time>
   </trkpt>
   <trkpt lat="39.5705630" lon="-104.8599560">
    <ele>1760.9</ele>
    <time>2023-05-18T18:55:23Z</time>
   </trkpt>
   <trkpt lat="39.5705560" lon="-104.8599480">
    <ele>1760.9</ele>
    <time>2023-05-18T18:55:24Z</time>
   </trkpt>
   <trkpt lat="39.5705470" lon="-104.8599410">
    <ele>1760.9</ele>
    <time>2023-05-18T18:55:25Z</time>
   </trkpt>
   <trkpt lat="39.5705370" lon="-104.8599300">
    <ele>1760.8</ele>
    <time>2023-05-18T18:55:26Z</time>
   </trkpt>
   <trkpt lat="39.5705300" lon="-104.8599190">
    <ele>1760.8</ele>
    <time>2023-05-18T18:55:27Z</time>
   </trkpt>
   <trkpt lat="39.5705260" lon="-104.8599050">
    <ele>1760.8</ele>
    <time>2023-05-18T18:55:28Z</time>
   </trkpt>
   <trkpt lat="39.5705100" lon="-104.8598850">
    <ele>1760.7</ele>
    <time>2023-05-18T18:55:29Z</time>
   </trkpt>
   <trkpt lat="39.5705030" lon="-104.8598770">
    <ele>1760.7</ele>
    <time>2023-05-18T18:55:30Z</time>
   </trkpt>
   <trkpt lat="39.5704960" lon="-104.8598680">
    <ele>1760.7</ele>
    <time>2023-05-18T18:55:31Z</time>
   </trkpt>
   <trkpt lat="39.5704830" lon="-104.8598490">
    <ele>1760.6</ele>
    <time>2023-05-18T18:55:32Z</time>
   </trkpt>
   <trkpt lat="39.5704770" lon="-104.8598390">
    <ele>1760.6</ele>
    <time>2023-05-18T18:55:33Z</time>
   </trkpt>
   <trkpt lat="39.5704710" lon="-104.8598290">
    <ele>1760.6</ele>
    <time>2023-05-18T18:55:34Z</time>
   </trkpt>
   <trkpt lat="39.5704630" lon="-104.8598060">
    <ele>1760.5</ele>
    <time>2023-05-18T18:55:35Z</time>
   </trkpt>
   <trkpt lat="39.5704600" lon="-104.8597950">
    <ele>1760.5</ele>
    <time>2023-05-18T18:55:36Z</time>
   </trkpt>
   <trkpt lat="39.5704560" lon="-104.8597840">
    <ele>1760.5</ele>
    <time>2023-05-18T18:55:37Z</time>
   </trkpt>
   <trkpt lat="39.5704510" lon="-104.8597490">
    <ele>1760.4</ele>
    <time>2023-05-18T18:55:38Z</time>
   </trkpt>
   <trkpt lat="39.5704500" lon="-104.8597380">
    <ele>1760.4</ele>
    <time>2023-05-18T18:55:39Z</time>
   </trkpt>
   <trkpt lat="39.5704470" lon="-104.8597160">
    <ele>1760.3</ele>
    <time>2023-05-18T18:55:40Z</time>
   </trkpt>
   <trkpt lat="39.5704480" lon="-104.8596940">
    <ele>1760.3</ele>
    <time>2023-05-18T18:55:41Z</time>
   </trkpt>
   <trkpt lat="39.5704490" lon="-104.8596760">
    <ele>1759.8</ele>
    <time>2023-05-18T18:55:42Z</time>
   </trkpt>
   <trkpt lat="39.5704530" lon="-104.8596590">
    <ele>1759.8</ele>
    <time>2023-05-18T18:55:43Z</time>
   </trkpt>
   <trkpt lat="39.5704640" lon="-104.8596430">
    <ele>1759.8</ele>
    <time>2023-05-18T18:55:44Z</time>
   </trkpt>
   <trkpt lat="39.5704670" lon="-104.8596250">
    <ele>1759.8</ele>
    <time>2023-05-18T18:55:45Z</time>
   </trkpt>
   <trkpt lat="39.5704810" lon="-104.8596130">
    <ele>1759.8</ele>
    <time>2023-05-18T18:55:46Z</time>
   </trkpt>
   <trkpt lat="39.5704990" lon="-104.8596060">
    <ele>1759.8</ele>
    <time>2023-05-18T18:55:47Z</time>
   </trkpt>
   <trkpt lat="39.5705090" lon="-104.8595940">
    <ele>1759.7</ele>
    <time>2023-05-18T18:55:48Z</time>
   </trkpt>
   <trkpt lat="39.5705190" lon="-104.8595810">
    <ele>1759.7</ele>
    <time>2023-05-18T18:55:49Z</time>
   </trkpt>
   <trkpt lat="39.5705370" lon="-104.8595650">
    <ele>1759.7</ele>
    <time>2023-05-18T18:55:50Z</time>
   </trkpt>
   <trkpt lat="39.5705440" lon="-104.8595580">
    <ele>1759.7</ele>
    <time>2023-05-18T18:55:51Z</time>
   </trkpt>
   <trkpt lat="39.5705520" lon="-104.8595520">
    <ele>1759.7</ele>
    <time>2023-05-18T18:55:52Z</time>
   </trkpt>
   <trkpt lat="39.5705690" lon="-104.8595340">
    <ele>1759.7</ele>
    <time>2023-05-18T18:55:53Z</time>
   </trkpt>
   <trkpt lat="39.5705770" lon="-104.8595280">
    <ele>1759.7</ele>
    <time>2023-05-18T18:55:54Z</time>
   </trkpt>
   <trkpt lat="39.5705850" lon="-104.8595220">
    <ele>1759.7</ele>
    <time>2023-05-18T18:55:55Z</time>
   </trkpt>
   <trkpt lat="39.5706000" lon="-104.8595200">
    <ele>1759.7</ele>
    <time>2023-05-18T18:55:56Z</time>
   </trkpt>
   <trkpt lat="39.5706120" lon="-104.8595120">
    <ele>1759.6</ele>
    <time>2023-05-18T18:55:57Z</time>
   </trkpt>
   <trkpt lat="39.5706240" lon="-104.8595050">
    <ele>1759.6</ele>
    <time>2023-05-18T18:55:58Z</time>
   </trkpt>
   <trkpt lat="39.5706380" lon="-104.8594970">
    <ele>1759.6</ele>
    <time>2023-05-18T18:55:59Z</time>
   </trkpt>
   <trkpt lat="39.5706480" lon="-104.8594870">
    <ele>1759.6</ele>
    <time>2023-05-18T18:56:00Z</time>
   </trkpt>
   <trkpt lat="39.5706600" lon="-104.8594750">
    <ele>1759.6</ele>
    <time>2023-05-18T18:56:01Z</time>
   </trkpt>
   <trkpt lat="39.5706730" lon="-104.8594670">
    <ele>1759.6</ele>
    <time>2023-05-18T18:56:02Z</time>
   </trkpt>
   <trkpt lat="39.5706860" lon="-104.8594580">
    <ele>1759.6</ele>
    <time>2023-05-18T18:56:03Z</time>
   </trkpt>
   <trkpt lat="39.5706980" lon="-104.8594470">
    <ele>1759.6</ele>
    <time>2023-05-18T18:56:04Z</time>
   </trkpt>
   <trkpt lat="39.5707110" lon="-104.8594380">
    <ele>1759.5</ele>
    <time>2023-05-18T18:56:05Z</time>
   </trkpt>
   <trkpt lat="39.5707250" lon="-104.8594300">
    <ele>1759.5</ele>
    <time>2023-05-18T18:56:06Z</time>
   </trkpt>
   <trkpt lat="39.5707360" lon="-104.8594200">
    <ele>1759.5</ele>
    <time>2023-05-18T18:56:07Z</time>
   </trkpt>
   <trkpt lat="39.5707490" lon="-104.8594110">
    <ele>1759.5</ele>
    <time>2023-05-18T18:56:08Z</time>
   </trkpt>
   <trkpt lat="39.5707620" lon="-104.8594040">
    <ele>1759.5</ele>
    <time>2023-05-18T18:56:09Z</time>
   </trkpt>
   <trkpt lat="39.5707740" lon="-104.8593920">
    <ele>1759.5</ele>
    <time>2023-05-18T18:56:10Z</time>
   </trkpt>
   <trkpt lat="39.5707870" lon="-104.8593830">
    <ele>1759.4</ele>
    <time>2023-05-18T18:56:11Z</time>
   </trkpt>
   <trkpt lat="39.5708000" lon="-104.8593750">
    <ele>1759.4</ele>
    <time>2023-05-18T18:56:12Z</time>
   </trkpt>
   <trkpt lat="39.5708130" lon="-104.8593650">
    <ele>1759.4</ele>
    <time>2023-05-18T18:56:13Z</time>
   </trkpt>
   <trkpt lat="39.5708250" lon="-104.8593550">
    <ele>1759.4</ele>
    <time>2023-05-18T18:56:14Z</time>
   </trkpt>
   <trkpt lat="39.5708370" lon="-104.8593450">
    <ele>1759.4</ele>
    <time>2023-05-18T18:56:15Z</time>
   </trkpt>
   <trkpt lat="39.5708500" lon="-104.8593350">
    <ele>1759.4</ele>
    <time>2023-05-18T18:56:16Z</time>
   </trkpt>
   <trkpt lat="39.5708630" lon="-104.8593270">
    <ele>1759.4</ele>
    <time>2023-05-18T18:56:17Z</time>
   </trkpt>
   <trkpt lat="39.5708760" lon="-104.8593170">
    <ele>1759.3</ele>
    <time>2023-05-18T18:56:18Z</time>
   </trkpt>
   <trkpt lat="39.5708890" lon="-104.8593090">
    <ele>1759.3</ele>
    <time>2023-05-18T18:56:19Z</time>
   </trkpt>
   <trkpt lat="39.5709020" lon="-104.8593000">
    <ele>1759.3</ele>
    <time>2023-05-18T18:56:20Z</time>
   </trkpt>
   <trkpt lat="39.5709140" lon="-104.8592890">
    <ele>1759.3</ele>
    <time>2023-05-18T18:56:21Z</time>
   </trkpt>
   <trkpt lat="39.5709260" lon="-104.8592790">
    <ele>1759.3</ele>
    <time>2023-05-18T18:56:22Z</time>
   </trkpt>
   <trkpt lat="39.5709380" lon="-104.8592690">
    <ele>1759.3</ele>
    <time>2023-05-18T18:56:23Z</time>
   </trkpt>
   <trkpt lat="39.5709510" lon="-104.8592580">
    <ele>1759.3</ele>
    <time>2023-05-18T18:56:24Z</time>
   </trkpt>
   <trkpt lat="39.5709640" lon="-104.8592490">
    <ele>1759.2</ele>
    <time>2023-05-18T18:56:25Z</time>
   </trkpt>
   <trkpt lat="39.5709760" lon="-104.8592410">
    <ele>1759.2</ele>
    <time>2023-05-18T18:56:26Z</time>
   </trkpt>
   <trkpt lat="39.5709870" lon="-104.8592300">
    <ele>1759.2</ele>
    <time>2023-05-18T18:56:27Z</time>
   </trkpt>
   <trkpt lat="39.5709990" lon="-104.8592200">
    <ele>1759.2</ele>
    <time>2023-05-18T18:56:28Z</time>
   </trkpt>
   <trkpt lat="39.5710120" lon="-104.8592120">
    <ele>1759.2</ele>
    <time>2023-05-18T18:56:29Z</time>
   </trkpt>
   <trkpt lat="39.5710240" lon="-104.8592000">
    <ele>1759.2</ele>
    <time>2023-05-18T18:56:30Z</time>
   </trkpt>
   <trkpt lat="39.5710370" lon="-104.8591900">
    <ele>1759.2</ele>
    <time>2023-05-18T18:56:31Z</time>
   </trkpt>
   <trkpt lat="39.5710500" lon="-104.8591820">
    <ele>1759.1</ele>
    <time>2023-05-18T18:56:32Z</time>
   </trkpt>
   <trkpt lat="39.5710630" lon="-104.8591720">
    <ele>1759.1</ele>
    <time>2023-05-18T18:56:33Z</time>
   </trkpt>
   <trkpt lat="39.5710750" lon="-104.8591610">
    <ele>1759.1</ele>
    <time>2023-05-18T18:56:34Z</time>
   </trkpt>
   <trkpt lat="39.5710880" lon="-104.8591520">
    <ele>1759.1</ele>
    <time>2023-05-18T18:56:35Z</time>
   </trkpt>
   <trkpt lat="39.5711000" lon="-104.8591420">
    <ele>1759.1</ele>
    <time>2023-05-18T18:56:36Z</time>
   </trkpt>
   <trkpt lat="39.5711140" lon="-104.8591330">
    <ele>1759.1</ele>
    <time>2023-05-18T18:56:37Z</time>
   </trkpt>
   <trkpt lat="39.5711290" lon="-104.8591240">
    <ele>1759.1</ele>
    <time>2023-05-18T18:56:38Z</time>
   </trkpt>
   <trkpt lat="39.5711410" lon="-104.8591140">
    <ele>1759.1</ele>
    <time>2023-05-18T18:56:39Z</time>
   </trkpt>
   <trkpt lat="39.5711530" lon="-104.8591030">
    <ele>1759.1</ele>
    <time>2023-05-18T18:56:40Z</time>
   </trkpt>
   <trkpt lat="39.5711670" lon="-104.8590930">
    <ele>1759.1</ele>
    <time>2023-05-18T18:56:41Z</time>
   </trkpt>
   <trkpt lat="39.5711800" lon="-104.8590820">
    <ele>1759.1</ele>
    <time>2023-05-18T18:56:42Z</time>
   </trkpt>
   <trkpt lat="39.5711920" lon="-104.8590700">
    <ele>1759.0</ele>
    <time>2023-05-18T18:56:43Z</time>
   </trkpt>
   <trkpt lat="39.5712040" lon="-104.8590580">
    <ele>1759.0</ele>
    <time>2023-05-18T18:56:44Z</time>
   </trkpt>
   <trkpt lat="39.5712160" lon="-104.8590460">
    <ele>1759.0</ele>
    <time>2023-05-18T18:56:45Z</time>
   </trkpt>
   <trkpt lat="39.5712280" lon="-104.8590340">
    <ele>1759.0</ele>
    <time>2023-05-18T18:56:46Z</time>
   </trkpt>
   <trkpt lat="39.5712390" lon="-104.8590210">
    <ele>1759.0</ele>
    <time>2023-05-18T18:56:47Z</time>
   </trkpt>
   <trkpt lat="39.5712530" lon="-104.8590080">
    <ele>1759.0</ele>
    <time>2023-05-18T18:56:48Z</time>
   </trkpt>
   <trkpt lat="39.5712630" lon="-104.8589910">
    <ele>1759.0</ele>
    <time>2023-05-18T18:56:49Z</time>
   </trkpt>
   <trkpt lat="39.5712740" lon="-104.8589770">
    <ele>1759.0</ele>
    <time>2023-05-18T18:56:50Z</time>
   </trkpt>
   <trkpt lat="39.5712850" lon="-104.8589640">
    <ele>1759.0</ele>
    <time>2023-05-18T18:56:51Z</time>
   </trkpt>
   <trkpt lat="39.5712980" lon="-104.8589530">
    <ele>1759.0</ele>
    <time>2023-05-18T18:56:52Z</time>
   </trkpt>
   <trkpt lat="39.5713090" lon="-104.8589420">
    <ele>1759.0</ele>
    <time>2023-05-18T18:56:53Z</time>
   </trkpt>
   <trkpt lat="39.5713180" lon="-104.8589270">
    <ele>1759.0</ele>
    <time>2023-05-18T18:56:54Z</time>
   </trkpt>
   <trkpt lat="39.5713270" lon="-104.8589120">
    <ele>1759.0</ele>
    <time>2023-05-18T18:56:55Z</time>
   </trkpt>
   <trkpt lat="39.5713390" lon="-104.8588980">
    <ele>1759.0</ele>
    <time>2023-05-18T18:56:56Z</time>
   </trkpt>
   <trkpt lat="39.5713490" lon="-104.8588850">
    <ele>1759.0</ele>
    <time>2023-05-18T18:56:57Z</time>
   </trkpt>
   <trkpt lat="39.5713580" lon="-104.8588700">
    <ele>1759.0</ele>
    <time>2023-05-18T18:56:58Z</time>
   </trkpt>
   <trkpt lat="39.5713670" lon="-104.8588550">
    <ele>1759.0</ele>
    <time>2023-05-18T18:56:59Z</time>
   </trkpt>
   <trkpt lat="39.5713780" lon="-104.8588420">
    <ele>1759.0</ele>
    <time>2023-05-18T18:57:00Z</time>
   </trkpt>
   <trkpt lat="39.5713860" lon="-104.8588260">
    <ele>1759.0</ele>
    <time>2023-05-18T18:57:01Z</time>
   </trkpt>
   <trkpt lat="39.5713960" lon="-104.8588130">
    <ele>1759.0</ele>
    <time>2023-05-18T18:57:02Z</time>
   </trkpt>
   <trkpt lat="39.5714060" lon="-104.8587980">
    <ele>1759.0</ele>
    <time>2023-05-18T18:57:03Z</time>
   </trkpt>
   <trkpt lat="39.5714140" lon="-104.8587830">
    <ele>1759.0</ele>
    <time>2023-05-18T18:57:04Z</time>
   </trkpt>
   <trkpt lat="39.5714230" lon="-104.8587690">
    <ele>1759.0</ele>
    <time>2023-05-18T18:57:05Z</time>
   </trkpt>
   <trkpt lat="39.5714300" lon="-104.8587530">
    <ele>1759.0</ele>
    <time>2023-05-18T18:57:06Z</time>
   </trkpt>
   <trkpt lat="39.5714400" lon="-104.8587370">
    <ele>1759.0</ele>
    <time>2023-05-18T18:57:07Z</time>
   </trkpt>
   <trkpt lat="39.5714480" lon="-104.8587210">
    <ele>1759.0</ele>
    <time>2023-05-18T18:57:08Z</time>
   </trkpt>
   <trkpt lat="39.5714530" lon="-104.8587030">
    <ele>1759.0</ele>
    <time>2023-05-18T18:57:09Z</time>
   </trkpt>
   <trkpt lat="39.5714630" lon="-104.8586880">
    <ele>1759.0</ele>
    <time>2023-05-18T18:57:10Z</time>
   </trkpt>
   <trkpt lat="39.5714700" lon="-104.8586710">
    <ele>1759.0</ele>
    <time>2023-05-18T18:57:11Z</time>
   </trkpt>
   <trkpt lat="39.5714780" lon="-104.8586560">
    <ele>1759.0</ele>
    <time>2023-05-18T18:57:12Z</time>
   </trkpt>
   <trkpt lat="39.5714810" lon="-104.8586370">
    <ele>1759.0</ele>
    <time>2023-05-18T18:57:13Z</time>
   </trkpt>
   <trkpt lat="39.5714900" lon="-104.8586220">
    <ele>1759.0</ele>
    <time>2023-05-18T18:57:14Z</time>
   </trkpt>
   <trkpt lat="39.5714980" lon="-104.8586050">
    <ele>1759.0</ele>
    <time>2023-05-18T18:57:15Z</time>
   </trkpt>
   <trkpt lat="39.5715060" lon="-104.8585890">
    <ele>1759.0</ele>
    <time>2023-05-18T18:57:16Z</time>
   </trkpt>
   <trkpt lat="39.5715120" lon="-104.8585720">
    <ele>1759.0</ele>
    <time>2023-05-18T18:57:17Z</time>
   </trkpt>
   <trkpt lat="39.5715190" lon="-104.8585550">
    <ele>1759.0</ele>
    <time>2023-05-18T18:57:18Z</time>
   </trkpt>
   <trkpt lat="39.5715260" lon="-104.8585380">
    <ele>1759.1</ele>
    <time>2023-05-18T18:57:19Z</time>
   </trkpt>
   <trkpt lat="39.5715300" lon="-104.8585190">
    <ele>1759.1</ele>
    <time>2023-05-18T18:57:20Z</time>
   </trkpt>
   <trkpt lat="39.5715370" lon="-104.8585010">
    <ele>1759.1</ele>
    <time>2023-05-18T18:57:21Z</time>
   </trkpt>
   <trkpt lat="39.5715390" lon="-104.8584830">
    <ele>1759.1</ele>
    <time>2023-05-18T18:57:22Z</time>
   </trkpt>
   <trkpt lat="39.5715410" lon="-104.8584650">
    <ele>1759.1</ele>
    <time>2023-05-18T18:57:23Z</time>
   </trkpt>
   <trkpt lat="39.5715490" lon="-104.8584470">
    <ele>1759.1</ele>
    <time>2023-05-18T18:57:24Z</time>
   </trkpt>
   <trkpt lat="39.5715570" lon="-104.8584300">
    <ele>1759.1</ele>
    <time>2023-05-18T18:57:25Z</time>
   </trkpt>
   <trkpt lat="39.5715630" lon="-104.8584120">
    <ele>1759.1</ele>
    <time>2023-05-18T18:57:26Z</time>
   </trkpt>
   <trkpt lat="39.5715650" lon="-104.8583930">
    <ele>1759.1</ele>
    <time>2023-05-18T18:57:27Z</time>
   </trkpt>
   <trkpt lat="39.5715690" lon="-104.8583750">
    <ele>1759.1</ele>
    <time>2023-05-18T18:57:28Z</time>
   </trkpt>
   <trkpt lat="39.5715730" lon="-104.8583580">
    <ele>1759.1</ele>
    <time>2023-05-18T18:57:29Z</time>
   </trkpt>
   <trkpt lat="39.5715770" lon="-104.8583380">
    <ele>1759.1</ele>
    <time>2023-05-18T18:57:30Z</time>
   </trkpt>
   <trkpt lat="39.5715800" lon="-104.8583200">
    <ele>1759.2</ele>
    <time>2023-05-18T18:57:31Z</time>
   </trkpt>
   <trkpt lat="39.5715830" lon="-104.8583020">
    <ele>1759.2</ele>
    <time>2023-05-18T18:57:32Z</time>
   </trkpt>
   <trkpt lat="39.5715860" lon="-104.8582840">
    <ele>1759.2</ele>
    <time>2023-05-18T18:57:33Z</time>
   </trkpt>
   <trkpt lat="39.5715880" lon="-104.8582660">
    <ele>1759.2</ele>
    <time>2023-05-18T18:57:34Z</time>
   </trkpt>
   <trkpt lat="39.5715910" lon="-104.8582490">
    <ele>1759.2</ele>
    <time>2023-05-18T18:57:35Z</time>
   </trkpt>
   <trkpt lat="39.5715950" lon="-104.8582310">
    <ele>1759.2</ele>
    <time>2023-05-18T18:57:36Z</time>
   </trkpt>
   <trkpt lat="39.5715980" lon="-104.8582120">
    <ele>1759.2</ele>
    <time>2023-05-18T18:57:37Z</time>
   </trkpt>
   <trkpt lat="39.5716000" lon="-104.8581950">
    <ele>1759.2</ele>
    <time>2023-05-18T18:57:38Z</time>
   </trkpt>
   <trkpt lat="39.5716010" lon="-104.8581760">
    <ele>1759.2</ele>
    <time>2023-05-18T18:57:39Z</time>
   </trkpt>
   <trkpt lat="39.5716060" lon="-104.8581580">
    <ele>1759.2</ele>
    <time>2023-05-18T18:57:40Z</time>
   </trkpt>
   <trkpt lat="39.5716120" lon="-104.8581390">
    <ele>1759.3</ele>
    <time>2023-05-18T18:57:41Z</time>
   </trkpt>
   <trkpt lat="39.5716140" lon="-104.8581210">
    <ele>1759.3</ele>
    <time>2023-05-18T18:57:42Z</time>
   </trkpt>
   <trkpt lat="39.5716160" lon="-104.8581020">
    <ele>1759.3</ele>
    <time>2023-05-18T18:57:43Z</time>
   </trkpt>
   <trkpt lat="39.5716180" lon="-104.8580840">
    <ele>1759.3</ele>
    <time>2023-05-18T18:57:44Z</time>
   </trkpt>
   <trkpt lat="39.5716210" lon="-104.8580650">
    <ele>1759.3</ele>
    <time>2023-05-18T18:57:45Z</time>
   </trkpt>
   <trkpt lat="39.5716210" lon="-104.8580470">
    <ele>1759.3</ele>
    <time>2023-05-18T18:57:46Z</time>
   </trkpt>
   <trkpt lat="39.5716250" lon="-104.8580280">
    <ele>1759.3</ele>
    <time>2023-05-18T18:57:47Z</time>
   </trkpt>
   <trkpt lat="39.5716290" lon="-104.8580090">
    <ele>1759.3</ele>
    <time>2023-05-18T18:57:48Z</time>
   </trkpt>
   <trkpt lat="39.5716300" lon="-104.8579910">
    <ele>1759.3</ele>
    <time>2023-05-18T18:57:49Z</time>
   </trkpt>
   <trkpt lat="39.5716290" lon="-104.8579720">
    <ele>1759.3</ele>
    <time>2023-05-18T18:57:50Z</time>
   </trkpt>
   <trkpt lat="39.5716340" lon="-104.8579530">
    <ele>1759.3</ele>
    <time>2023-05-18T18:57:51Z</time>
   </trkpt>
   <trkpt lat="39.5716360" lon="-104.8579350">
    <ele>1759.3</ele>
    <time>2023-05-18T18:57:52Z</time>
   </trkpt>
   <trkpt lat="39.5716390" lon="-104.8579170">
    <ele>1759.3</ele>
    <time>2023-05-18T18:57:53Z</time>
   </trkpt>
   <trkpt lat="39.5716400" lon="-104.8578970">
    <ele>1759.3</ele>
    <time>2023-05-18T18:57:54Z</time>
   </trkpt>
   <trkpt lat="39.5716400" lon="-104.8578780">
    <ele>1759.3</ele>
    <time>2023-05-18T18:57:55Z</time>
   </trkpt>
   <trkpt lat="39.5716410" lon="-104.8578580">
    <ele>1759.3</ele>
    <time>2023-05-18T18:57:56Z</time>
   </trkpt>
   <trkpt lat="39.5716430" lon="-104.8578380">
    <ele>1759.4</ele>
    <time>2023-05-18T18:57:57Z</time>
   </trkpt>
   <trkpt lat="39.5716450" lon="-104.8578180">
    <ele>1759.4</ele>
    <time>2023-05-18T18:57:58Z</time>
   </trkpt>
   <trkpt lat="39.5716460" lon="-104.8577980">
    <ele>1759.4</ele>
    <time>2023-05-18T18:57:59Z</time>
   </trkpt>
   <trkpt lat="39.5716470" lon="-104.8577800">
    <ele>1759.4</ele>
    <time>2023-05-18T18:58:00Z</time>
   </trkpt>
   <trkpt lat="39.5716490" lon="-104.8577600">
    <ele>1759.4</ele>
    <time>2023-05-18T18:58:01Z</time>
   </trkpt>
   <trkpt lat="39.5716510" lon="-104.8577410">
    <ele>1759.4</ele>
    <time>2023-05-18T18:58:02Z</time>
   </trkpt>
   <trkpt lat="39.5716490" lon="-104.8577210">
    <ele>1759.4</ele>
    <time>2023-05-18T18:58:03Z</time>
   </trkpt>
   <trkpt lat="39.5716500" lon="-104.8577010">
    <ele>1759.4</ele>
    <time>2023-05-18T18:58:04Z</time>
   </trkpt>
   <trkpt lat="39.5716530" lon="-104.8576820">
    <ele>1759.4</ele>
    <time>2023-05-18T18:58:05Z</time>
   </trkpt>
   <trkpt lat="39.5716570" lon="-104.8576620">
    <ele>1759.4</ele>
    <time>2023-05-18T18:58:06Z</time>
   </trkpt>
   <trkpt lat="39.5716580" lon="-104.8576440">
    <ele>1759.4</ele>
    <time>2023-05-18T18:58:07Z</time>
   </trkpt>
   <trkpt lat="39.5716590" lon="-104.8576240">
    <ele>1759.5</ele>
    <time>2023-05-18T18:58:08Z</time>
   </trkpt>
   <trkpt lat="39.5716600" lon="-104.8576050">
    <ele>1759.5</ele>
    <time>2023-05-18T18:58:09Z</time>
   </trkpt>
   <trkpt lat="39.5716600" lon="-104.8575850">
    <ele>1759.5</ele>
    <time>2023-05-18T18:58:10Z</time>
   </trkpt>
   <trkpt lat="39.5716590" lon="-104.8575650">
    <ele>1759.5</ele>
    <time>2023-05-18T18:58:11Z</time>
   </trkpt>
   <trkpt lat="39.5716580" lon="-104.8575450">
    <ele>1759.5</ele>
    <time>2023-05-18T18:58:12Z</time>
   </trkpt>
   <trkpt lat="39.5716600" lon="-104.8575240">
    <ele>1759.5</ele>
    <time>2023-05-18T18:58:13Z</time>
   </trkpt>
   <trkpt lat="39.5716610" lon="-104.8575040">
    <ele>1759.5</ele>
    <time>2023-05-18T18:58:14Z</time>
   </trkpt>
   <trkpt lat="39.5716620" lon="-104.8574820">
    <ele>1759.5</ele>
    <time>2023-05-18T18:58:15Z</time>
   </trkpt>
   <trkpt lat="39.5716620" lon="-104.8574610">
    <ele>1759.6</ele>
    <time>2023-05-18T18:58:16Z</time>
   </trkpt>
   <trkpt lat="39.5716620" lon="-104.8574410">
    <ele>1759.6</ele>
    <time>2023-05-18T18:58:17Z</time>
   </trkpt>
   <trkpt lat="39.5716650" lon="-104.8574210">
    <ele>1759.6</ele>
    <time>2023-05-18T18:58:18Z</time>
   </trkpt>
   <trkpt lat="39.5716640" lon="-104.8574000">
    <ele>1759.6</ele>
    <time>2023-05-18T18:58:19Z</time>
   </trkpt>
   <trkpt lat="39.5716660" lon="-104.8573790">
    <ele>1759.6</ele>
    <time>2023-05-18T18:58:20Z</time>
   </trkpt>
   <trkpt lat="39.5716650" lon="-104.8573590">
    <ele>1759.7</ele>
    <time>2023-05-18T18:58:21Z</time>
   </trkpt>
   <trkpt lat="39.5716640" lon="-104.8573370">
    <ele>1759.7</ele>
    <time>2023-05-18T18:58:22Z</time>
   </trkpt>
   <trkpt lat="39.5716650" lon="-104.8573180">
    <ele>1759.7</ele>
    <time>2023-05-18T18:58:23Z</time>
   </trkpt>
   <trkpt lat="39.5716680" lon="-104.8572990">
    <ele>1759.7</ele>
    <time>2023-05-18T18:58:24Z</time>
   </trkpt>
   <trkpt lat="39.5716700" lon="-104.8572800">
    <ele>1759.7</ele>
    <time>2023-05-18T18:58:25Z</time>
   </trkpt>
   <trkpt lat="39.5716720" lon="-104.8572610">
    <ele>1759.8</ele>
    <time>2023-05-18T18:58:26Z</time>
   </trkpt>
   <trkpt lat="39.5716730" lon="-104.8572420">
    <ele>1759.8</ele>
    <time>2023-05-18T18:58:27Z</time>
   </trkpt>
   <trkpt lat="39.5716840" lon="-104.8572270">
    <ele>1759.8</ele>
    <time>2023-05-18T18:58:28Z</time>
   </trkpt>
   <trkpt lat="39.5716880" lon="-104.8572100">
    <ele>1759.8</ele>
    <time>2023-05-18T18:58:29Z</time>
   </trkpt>
   <trkpt lat="39.5716920" lon="-104.8571930">
    <ele>1759.8</ele>
    <time>2023-05-18T18:58:30Z</time>
   </trkpt>
   <trkpt lat="39.5716980" lon="-104.8571730">
    <ele>1759.9</ele>
    <time>2023-05-18T18:58:31Z</time>
   </trkpt>
   <trkpt lat="39.5717020" lon="-104.8571540">
    <ele>1759.9</ele>
    <time>2023-05-18T18:58:32Z</time>
   </trkpt>
   <trkpt lat="39.5717090" lon="-104.8571370">
    <ele>1759.9</ele>
    <time>2023-05-18T18:58:33Z</time>
   </trkpt>
   <trkpt lat="39.5717130" lon="-104.8571170">
    <ele>1759.9</ele>
    <time>2023-05-18T18:58:34Z</time>
   </trkpt>
   <trkpt lat="39.5717210" lon="-104.8570990">
    <ele>1760.0</ele>
    <time>2023-05-18T18:58:35Z</time>
   </trkpt>
   <trkpt lat="39.5717260" lon="-104.8570790">
    <ele>1760.0</ele>
    <time>2023-05-18T18:58:36Z</time>
   </trkpt>
   <trkpt lat="39.5717310" lon="-104.8570590">
    <ele>1760.1</ele>
    <time>2023-05-18T18:58:37Z</time>
   </trkpt>
   <trkpt lat="39.5717370" lon="-104.8570400">
    <ele>1760.1</ele>
    <time>2023-05-18T18:58:38Z</time>
   </trkpt>
   <trkpt lat="39.5717450" lon="-104.8570220">
    <ele>1760.2</ele>
    <time>2023-05-18T18:58:39Z</time>
   </trkpt>
   <trkpt lat="39.5717550" lon="-104.8570050">
    <ele>1760.2</ele>
    <time>2023-05-18T18:58:40Z</time>
   </trkpt>
   <trkpt lat="39.5717680" lon="-104.8569940">
    <ele>1760.3</ele>
    <time>2023-05-18T18:58:41Z</time>
   </trkpt>
   <trkpt lat="39.5717800" lon="-104.8569810">
    <ele>1760.3</ele>
    <time>2023-05-18T18:58:42Z</time>
   </trkpt>
   <trkpt lat="39.5717910" lon="-104.8569670">
    <ele>1760.4</ele>
    <time>2023-05-18T18:58:43Z</time>
   </trkpt>
   <trkpt lat="39.5718010" lon="-104.8569520">
    <ele>1760.4</ele>
    <time>2023-05-18T18:58:44Z</time>
   </trkpt>
   <trkpt lat="39.5718080" lon="-104.8569360">
    <ele>1760.5</ele>
    <time>2023-05-18T18:58:45Z</time>
   </trkpt>
   <trkpt lat="39.5718180" lon="-104.8569220">
    <ele>1760.5</ele>
    <time>2023-05-18T18:58:46Z</time>
   </trkpt>
   <trkpt lat="39.5718260" lon="-104.8569060">
    <ele>1760.6</ele>
    <time>2023-05-18T18:58:47Z</time>
   </trkpt>
   <trkpt lat="39.5718330" lon="-104.8568890">
    <ele>1760.6</ele>
    <time>2023-05-18T18:58:48Z</time>
   </trkpt>
   <trkpt lat="39.5718390" lon="-104.8568710">
    <ele>1760.7</ele>
    <time>2023-05-18T18:58:49Z</time>
   </trkpt>
   <trkpt lat="39.5718520" lon="-104.8568540">
    <ele>1760.8</ele>
    <time>2023-05-18T18:58:50Z</time>
   </trkpt>
   <trkpt lat="39.5718610" lon="-104.8568380">
    <ele>1760.8</ele>
    <time>2023-05-18T18:58:51Z</time>
   </trkpt>
   <trkpt lat="39.5718690" lon="-104.8568210">
    <ele>1760.9</ele>
    <time>2023-05-18T18:58:52Z</time>
   </trkpt>
   <trkpt lat="39.5718790" lon="-104.8568070">
    <ele>1761.0</ele>
    <time>2023-05-18T18:58:53Z</time>
   </trkpt>
   <trkpt lat="39.5718880" lon="-104.8567920">
    <ele>1761.0</ele>
    <time>2023-05-18T18:58:54Z</time>
   </trkpt>
   <trkpt lat="39.5718980" lon="-104.8567780">
    <ele>1761.1</ele>
    <time>2023-05-18T18:58:55Z</time>
   </trkpt>
   <trkpt lat="39.5719100" lon="-104.8567660">
    <ele>1761.2</ele>
    <time>2023-05-18T18:58:56Z</time>
   </trkpt>
   <trkpt lat="39.5719250" lon="-104.8567560">
    <ele>1761.2</ele>
    <time>2023-05-18T18:58:57Z</time>
   </trkpt>
   <trkpt lat="39.5719370" lon="-104.8567450">
    <ele>1761.3</ele>
    <time>2023-05-18T18:58:58Z</time>
   </trkpt>
   <trkpt lat="39.5719500" lon="-104.8567330">
    <ele>1761.4</ele>
    <time>2023-05-18T18:58:59Z</time>
   </trkpt>
   <trkpt lat="39.5719640" lon="-104.8567270">
    <ele>1761.4</ele>
    <time>2023-05-18T18:59:00Z</time>
   </trkpt>
   <trkpt lat="39.5719770" lon="-104.8567130">
    <ele>1761.5</ele>
    <time>2023-05-18T18:59:01Z</time>
   </trkpt>
   <trkpt lat="39.5719870" lon="-104.8566990">
    <ele>1761.6</ele>
    <time>2023-05-18T18:59:02Z</time>
   </trkpt>
   <trkpt lat="39.5719970" lon="-104.8566840">
    <ele>1761.6</ele>
    <time>2023-05-18T18:59:03Z</time>
   </trkpt>
   <trkpt lat="39.5720090" lon="-104.8566680">
    <ele>1761.7</ele>
    <time>2023-05-18T18:59:04Z</time>
   </trkpt>
   <trkpt lat="39.5720210" lon="-104.8566550">
    <ele>1761.8</ele>
    <time>2023-05-18T18:59:05Z</time>
   </trkpt>
   <trkpt lat="39.5720310" lon="-104.8566410">
    <ele>1761.8</ele>
    <time>2023-05-18T18:59:06Z</time>
   </trkpt>
   <trkpt lat="39.5720380" lon="-104.8566260">
    <ele>1761.9</ele>
    <time>2023-05-18T18:59:07Z</time>
   </trkpt>
   <trkpt lat="39.5720490" lon="-104.8566160">
    <ele>1761.9</ele>
    <time>2023-05-18T18:59:08Z</time>
   </trkpt>
   <trkpt lat="39.5720600" lon="-104.8566000">
    <ele>1762.0</ele>
    <time>2023-05-18T18:59:09Z</time>
   </trkpt>
   <trkpt lat="39.5720670" lon="-104.8565850">
    <ele>1762.1</ele>
    <time>2023-05-18T18:59:10Z</time>
   </trkpt>
   <trkpt lat="39.5720810" lon="-104.8565730">
    <ele>1762.1</ele>
    <time>2023-05-18T18:59:11Z</time>
   </trkpt>
   <trkpt lat="39.5720940" lon="-104.8565610">
    <ele>1762.2</ele>
    <time>2023-05-18T18:59:12Z</time>
   </trkpt>
   <trkpt lat="39.5721100" lon="-104.8565540">
    <ele>1762.2</ele>
    <time>2023-05-18T18:59:13Z</time>
   </trkpt>
   <trkpt lat="39.5721210" lon="-104.8565410">
    <ele>1762.3</ele>
    <time>2023-05-18T18:59:14Z</time>
   </trkpt>
   <trkpt lat="39.5721300" lon="-104.8565260">
    <ele>1762.3</ele>
    <time>2023-05-18T18:59:15Z</time>
   </trkpt>
   <trkpt lat="39.5721450" lon="-104.8565160">
    <ele>1762.4</ele>
    <time>2023-05-18T18:59:16Z</time>
   </trkpt>
   <trkpt lat="39.5721590" lon="-104.8565060">
    <ele>1762.4</ele>
    <time>2023-05-18T18:59:17Z</time>
   </trkpt>
   <trkpt lat="39.5721730" lon="-104.8564980">
    <ele>1762.5</ele>
    <time>2023-05-18T18:59:18Z</time>
   </trkpt>
   <trkpt lat="39.5721860" lon="-104.8564890">
    <ele>1762.5</ele>
    <time>2023-05-18T18:59:20Z</time>
   </trkpt>
   <trkpt lat="39.5722000" lon="-104.8564820">
    <ele>1762.6</ele>
    <time>2023-05-18T18:59:21Z</time>
   </trkpt>
   <trkpt lat="39.5722150" lon="-104.8564790">
    <ele>1762.6</ele>
    <time>2023-05-18T18:59:22Z</time>
   </trkpt>
   <trkpt lat="39.5722280" lon="-104.8564750">
    <ele>1762.7</ele>
    <time>2023-05-18T18:59:23Z</time>
   </trkpt>
   <trkpt lat="39.5722420" lon="-104.8564690">
    <ele>1762.7</ele>
    <time>2023-05-18T18:59:24Z</time>
   </trkpt>
   <trkpt lat="39.5722580" lon="-104.8564650">
    <ele>1762.7</ele>
    <time>2023-05-18T18:59:25Z</time>
   </trkpt>
   <trkpt lat="39.5722730" lon="-104.8564590">
    <ele>1762.8</ele>
    <time>2023-05-18T18:59:26Z</time>
   </trkpt>
   <trkpt lat="39.5722860" lon="-104.8564530">
    <ele>1762.8</ele>
    <time>2023-05-18T18:59:27Z</time>
   </trkpt>
   <trkpt lat="39.5722990" lon="-104.8564480">
    <ele>1762.8</ele>
    <time>2023-05-18T18:59:28Z</time>
   </trkpt>
   <trkpt lat="39.5723120" lon="-104.8564400">
    <ele>1762.8</ele>
    <time>2023-05-18T18:59:29Z</time>
   </trkpt>
   <trkpt lat="39.5723390" lon="-104.8564270">
    <ele>1762.8</ele>
    <time>2023-05-18T18:59:30Z</time>
   </trkpt>
   <trkpt lat="39.5723540" lon="-104.8564190">
    <ele>1762.9</ele>
    <time>2023-05-18T18:59:31Z</time>
   </trkpt>
   <trkpt lat="39.5723690" lon="-104.8564160">
    <ele>1762.9</ele>
    <time>2023-05-18T18:59:32Z</time>
   </trkpt>
   <trkpt lat="39.5723850" lon="-104.8564160">
    <ele>1762.9</ele>
    <time>2023-05-18T18:59:33Z</time>
   </trkpt>
   <trkpt lat="39.5723980" lon="-104.8564120">
    <ele>1762.9</ele>
    <time>2023-05-18T18:59:34Z</time>
   </trkpt>
   <trkpt lat="39.5724130" lon="-104.8564100">
    <ele>1762.9</ele>
    <time>2023-05-18T18:59:35Z</time>
   </trkpt>
   <trkpt lat="39.5724280" lon="-104.8564070">
    <ele>1762.9</ele>
    <time>2023-05-18T18:59:36Z</time>
   </trkpt>
   <trkpt lat="39.5724420" lon="-104.8564050">
    <ele>1762.9</ele>
    <time>2023-05-18T18:59:37Z</time>
   </trkpt>
   <trkpt lat="39.5724580" lon="-104.8564050">
    <ele>1762.9</ele>
    <time>2023-05-18T18:59:38Z</time>
   </trkpt>
   <trkpt lat="39.5724730" lon="-104.8564030">
    <ele>1762.9</ele>
    <time>2023-05-18T18:59:39Z</time>
   </trkpt>
   <trkpt lat="39.5724870" lon="-104.8564000">
    <ele>1762.9</ele>
    <time>2023-05-18T18:59:40Z</time>
   </trkpt>
   <trkpt lat="39.5725010" lon="-104.8563930">
    <ele>1762.9</ele>
    <time>2023-05-18T18:59:41Z</time>
   </trkpt>
   <trkpt lat="39.5725160" lon="-104.8563940">
    <ele>1762.8</ele>
    <time>2023-05-18T18:59:42Z</time>
   </trkpt>
   <trkpt lat="39.5725310" lon="-104.8563900">
    <ele>1762.8</ele>
    <time>2023-05-18T18:59:43Z</time>
   </trkpt>
   <trkpt lat="39.5725450" lon="-104.8563870">
    <ele>1762.8</ele>
    <time>2023-05-18T18:59:44Z</time>
   </trkpt>
   <trkpt lat="39.5725590" lon="-104.8563810">
    <ele>1762.8</ele>
    <time>2023-05-18T18:59:45Z</time>
   </trkpt>
   <trkpt lat="39.5725750" lon="-104.8563800">
    <ele>1762.8</ele>
    <time>2023-05-18T18:59:46Z</time>
   </trkpt>
   <trkpt lat="39.5725900" lon="-104.8563840">
    <ele>1762.8</ele>
    <time>2023-05-18T18:59:47Z</time>
   </trkpt>
   <trkpt lat="39.5726050" lon="-104.8563890">
    <ele>1762.7</ele>
    <time>2023-05-18T18:59:48Z</time>
   </trkpt>
   <trkpt lat="39.5726180" lon="-104.8563920">
    <ele>1762.7</ele>
    <time>2023-05-18T18:59:49Z</time>
   </trkpt>
   <trkpt lat="39.5726330" lon="-104.8563910">
    <ele>1762.7</ele>
    <time>2023-05-18T18:59:50Z</time>
   </trkpt>
   <trkpt lat="39.5726480" lon="-104.8563950">
    <ele>1762.7</ele>
    <time>2023-05-18T18:59:51Z</time>
   </trkpt>
   <trkpt lat="39.5726710" lon="-104.8564000">
    <ele>1762.6</ele>
    <time>2023-05-18T18:59:52Z</time>
   </trkpt>
   <trkpt lat="39.5726800" lon="-104.8564020">
    <ele>1762.6</ele>
    <time>2023-05-18T18:59:53Z</time>
   </trkpt>
   <trkpt lat="39.5726880" lon="-104.8564040">
    <ele>1762.6</ele>
    <time>2023-05-18T18:59:54Z</time>
   </trkpt>
   <trkpt lat="39.5727030" lon="-104.8564020">
    <ele>1762.6</ele>
    <time>2023-05-18T18:59:55Z</time>
   </trkpt>
   <trkpt lat="39.5727180" lon="-104.8564000">
    <ele>1762.6</ele>
    <time>2023-05-18T18:59:56Z</time>
   </trkpt>
   <trkpt lat="39.5727320" lon="-104.8564040">
    <ele>1762.5</ele>
    <time>2023-05-18T18:59:57Z</time>
   </trkpt>
   <trkpt lat="39.5727460" lon="-104.8564060">
    <ele>1762.5</ele>
    <time>2023-05-18T18:59:58Z</time>
   </trkpt>
   <trkpt lat="39.5727600" lon="-104.8564070">
    <ele>1762.5</ele>
    <time>2023-05-18T18:59:59Z</time>
   </trkpt>
   <trkpt lat="39.5727750" lon="-104.8564030">
    <ele>1762.5</ele>
    <time>2023-05-18T19:00:00Z</time>
   </trkpt>
   <trkpt lat="39.5727900" lon="-104.8564030">
    <ele>1762.4</ele>
    <time>2023-05-18T19:00:01Z</time>
   </trkpt>
   <trkpt lat="39.5728050" lon="-104.8564100">
    <ele>1762.4</ele>
    <time>2023-05-18T19:00:02Z</time>
   </trkpt>
   <trkpt lat="39.5728210" lon="-104.8564120">
    <ele>1762.4</ele>
    <time>2023-05-18T19:00:03Z</time>
   </trkpt>
   <trkpt lat="39.5728350" lon="-104.8564080">
    <ele>1762.4</ele>
    <time>2023-05-18T19:00:04Z</time>
   </trkpt>
   <trkpt lat="39.5728500" lon="-104.8564040">
    <ele>1762.4</ele>
    <time>2023-05-18T19:00:05Z</time>
   </trkpt>
   <trkpt lat="39.5728640" lon="-104.8564010">
    <ele>1762.4</ele>
    <time>2023-05-18T19:00:06Z</time>
   </trkpt>
   <trkpt lat="39.5728770" lon="-104.8564000">
    <ele>1762.4</ele>
    <time>2023-05-18T19:00:07Z</time>
   </trkpt>
   <trkpt lat="39.5728910" lon="-104.8563990">
    <ele>1762.4</ele>
    <time>2023-05-18T19:00:08Z</time>
   </trkpt>
   <trkpt lat="39.5729070" lon="-104.8564000">
    <ele>1762.3</ele>
    <time>2023-05-18T19:00:09Z</time>
   </trkpt>
   <trkpt lat="39.5729220" lon="-104.8563990">
    <ele>1762.3</ele>
    <time>2023-05-18T19:00:10Z</time>
   </trkpt>
   <trkpt lat="39.5729400" lon="-104.8564010">
    <ele>1762.3</ele>
    <time>2023-05-18T19:00:11Z</time>
   </trkpt>
   <trkpt lat="39.5729570" lon="-104.8564040">
    <ele>1762.3</ele>
    <time>2023-05-18T19:00:12Z</time>
   </trkpt>
   <trkpt lat="39.5729730" lon="-104.8564030">
    <ele>1762.3</ele>
    <time>2023-05-18T19:00:13Z</time>
   </trkpt>
   <trkpt lat="39.5729870" lon="-104.8563990">
    <ele>1762.3</ele>
    <time>2023-05-18T19:00:14Z</time>
   </trkpt>
   <trkpt lat="39.5730020" lon="-104.8564010">
    <ele>1762.2</ele>
    <time>2023-05-18T19:00:15Z</time>
   </trkpt>
   <trkpt lat="39.5730170" lon="-104.8563950">
    <ele>1762.2</ele>
    <time>2023-05-18T19:00:16Z</time>
   </trkpt>
   <trkpt lat="39.5730320" lon="-104.8563910">
    <ele>1762.2</ele>
    <time>2023-05-18T19:00:17Z</time>
   </trkpt>
   <trkpt lat="39.5730460" lon="-104.8563930">
    <ele>1762.2</ele>
    <time>2023-05-18T19:00:18Z</time>
   </trkpt>
   <trkpt lat="39.5730650" lon="-104.8563820">
    <ele>1762.2</ele>
    <time>2023-05-18T19:00:19Z</time>
   </trkpt>
   <trkpt lat="39.5730740" lon="-104.8563790">
    <ele>1762.1</ele>
    <time>2023-05-18T19:00:20Z</time>
   </trkpt>
   <trkpt lat="39.5730830" lon="-104.8563760">
    <ele>1762.1</ele>
    <time>2023-05-18T19:00:21Z</time>
   </trkpt>
   <trkpt lat="39.5730990" lon="-104.8563780">
    <ele>1762.1</ele>
    <time>2023-05-18T19:00:22Z</time>
   </trkpt>
   <trkpt lat="39.5731130" lon="-104.8563810">
    <ele>1762.1</ele>
    <time>2023-05-18T19:00:23Z</time>
   </trkpt>
   <trkpt lat="39.5731270" lon="-104.8563760">
    <ele>1762.1</ele>
    <time>2023-05-18T19:00:24Z</time>
   </trkpt>
   <trkpt lat="39.5731430" lon="-104.8563850">
    <ele>1762.0</ele>
    <time>2023-05-18T19:00:25Z</time>
   </trkpt>
   <trkpt lat="39.5731570" lon="-104.8563900">
    <ele>1762.0</ele>
    <time>2023-05-18T19:00:26Z</time>
   </trkpt>
   <trkpt lat="39.5731710" lon="-104.8563890">
    <ele>1762.0</ele>
    <time>2023-05-18T19:00:27Z</time>
   </trkpt>
   <trkpt lat="39.5731860" lon="-104.8563820">
    <ele>1762.0</ele>
    <time>2023-05-18T19:00:28Z</time>
   </trkpt>
   <trkpt lat="39.5731990" lon="-104.8563790">
    <ele>1761.9</ele>
    <time>2023-05-18T19:00:29Z</time>
   </trkpt>
   <trkpt lat="39.5732140" lon="-104.8563830">
    <ele>1761.9</ele>
    <time>2023-05-18T19:00:30Z</time>
   </trkpt>
   <trkpt lat="39.5732300" lon="-104.8563890">
    <ele>1761.9</ele>
    <time>2023-05-18T19:00:31Z</time>
   </trkpt>
   <trkpt lat="39.5732520" lon="-104.8563920">
    <ele>1761.8</ele>
    <time>2023-05-18T19:00:32Z</time>
   </trkpt>
   <trkpt lat="39.5732610" lon="-104.8563910">
    <ele>1761.8</ele>
    <time>2023-05-18T19:00:33Z</time>
   </trkpt>
   <trkpt lat="39.5732700" lon="-104.8563910">
    <ele>1761.8</ele>
    <time>2023-05-18T19:00:34Z</time>
   </trkpt>
   <trkpt lat="39.5732850" lon="-104.8563910">
    <ele>1761.8</ele>
    <time>2023-05-18T19:00:35Z</time>
   </trkpt>
   <trkpt lat="39.5732990" lon="-104.8563970">
    <ele>1761.7</ele>
    <time>2023-05-18T19:00:36Z</time>
   </trkpt>
   <trkpt lat="39.5733140" lon="-104.8563960">
    <ele>1761.7</ele>
    <time>2023-05-18T19:00:37Z</time>
   </trkpt>
   <trkpt lat="39.5733280" lon="-104.8563920">
    <ele>1761.7</ele>
    <time>2023-05-18T19:00:38Z</time>
   </trkpt>
   <trkpt lat="39.5733500" lon="-104.8563940">
    <ele>1761.6</ele>
    <time>2023-05-18T19:00:39Z</time>
   </trkpt>
   <trkpt lat="39.5733580" lon="-104.8563960">
    <ele>1761.6</ele>
    <time>2023-05-18T19:00:40Z</time>
   </trkpt>
   <trkpt lat="39.5733660" lon="-104.8563980">
    <ele>1761.6</ele>
    <time>2023-05-18T19:00:41Z</time>
   </trkpt>
   <trkpt lat="39.5733860" lon="-104.8564030">
    <ele>1761.6</ele>
    <time>2023-05-18T19:00:42Z</time>
   </trkpt>
   <trkpt lat="39.5733950" lon="-104.8564070">
    <ele>1761.6</ele>
    <time>2023-05-18T19:00:43Z</time>
   </trkpt>
   <trkpt lat="39.5734040" lon="-104.8564120">
    <ele>1761.5</ele>
    <time>2023-05-18T19:00:44Z</time>
   </trkpt>
   <trkpt lat="39.5734210" lon="-104.8564180">
    <ele>1761.5</ele>
    <time>2023-05-18T19:00:45Z</time>
   </trkpt>
   <trkpt lat="39.5734330" lon="-104.8564140">
    <ele>1761.5</ele>
    <time>2023-05-18T19:00:46Z</time>
   </trkpt>
   <trkpt lat="39.5734580" lon="-104.8564020">
    <ele>1761.4</ele>
    <time>2023-05-18T19:00:47Z</time>
   </trkpt>
   <trkpt lat="39.5734680" lon="-104.8563990">
    <ele>1761.4</ele>
    <time>2023-05-18T19:00:48Z</time>
   </trkpt>
   <trkpt lat="39.5734820" lon="-104.8564000">
    <ele>1761.4</ele>
    <time>2023-05-18T19:00:49Z</time>
   </trkpt>
   <trkpt lat="39.5734970" lon="-104.8563980">
    <ele>1761.3</ele>
    <time>2023-05-18T19:00:50Z</time>
   </trkpt>
   <trkpt lat="39.5735190" lon="-104.8563910">
    <ele>1761.3</ele>
    <time>2023-05-18T19:00:51Z</time>
   </trkpt>
   <trkpt lat="39.5735280" lon="-104.8563890">
    <ele>1761.3</ele>
    <time>2023-05-18T19:00:52Z</time>
   </trkpt>
   <trkpt lat="39.5735360" lon="-104.8563870">
    <ele>1761.3</ele>
    <time>2023-05-18T19:00:53Z</time>
   </trkpt>
   <trkpt lat="39.5735510" lon="-104.8563840">
    <ele>1761.2</ele>
    <time>2023-05-18T19:00:54Z</time>
   </trkpt>
   <trkpt lat="39.5735680" lon="-104.8563790">
    <ele>1761.2</ele>
    <time>2023-05-18T19:00:55Z</time>
   </trkpt>
   <trkpt lat="39.5735790" lon="-104.8563830">
    <ele>1761.2</ele>
    <time>2023-05-18T19:00:56Z</time>
   </trkpt>
   <trkpt lat="39.5735910" lon="-104.8563840">
    <ele>1761.1</ele>
    <time>2023-05-18T19:00:57Z</time>
   </trkpt>
   <trkpt lat="39.5736030" lon="-104.8563850">
    <ele>1761.1</ele>
    <time>2023-05-18T19:00:58Z</time>
   </trkpt>
   <trkpt lat="39.5736180" lon="-104.8563880">
    <ele>1761.1</ele>
    <time>2023-05-18T19:00:59Z</time>
   </trkpt>
   <trkpt lat="39.5736300" lon="-104.8563880">
    <ele>1761.0</ele>
    <time>2023-05-18T19:01:00Z</time>
   </trkpt>
   <trkpt lat="39.5736410" lon="-104.8563870">
    <ele>1761.0</ele>
    <time>2023-05-18T19:01:01Z</time>
   </trkpt>
   <trkpt lat="39.5736580" lon="-104.8563910">
    <ele>1761.0</ele>
    <time>2023-05-18T19:01:02Z</time>
   </trkpt>
   <trkpt lat="39.5736740" lon="-104.8563980">
    <ele>1760.9</ele>
    <time>2023-05-18T19:01:03Z</time>
   </trkpt>
   <trkpt lat="39.5736900" lon="-104.8564010">
    <ele>1760.9</ele>
    <time>2023-05-18T19:01:04Z</time>
   </trkpt>
   <trkpt lat="39.5737050" lon="-104.8564020">
    <ele>1760.8</ele>
    <time>2023-05-18T19:01:05Z</time>
   </trkpt>
   <trkpt lat="39.5737220" lon="-104.8564010">
    <ele>1760.8</ele>
    <time>2023-05-18T19:01:06Z</time>
   </trkpt>
   <trkpt lat="39.5737380" lon="-104.8564030">
    <ele>1760.7</ele>
    <time>2023-05-18T19:01:07Z</time>
   </trkpt>
   <trkpt lat="39.5737530" lon="-104.8564020">
    <ele>1760.7</ele>
    <time>2023-05-18T19:01:08Z</time>
   </trkpt>
   <trkpt lat="39.5737670" lon="-104.8564020">
    <ele>1760.7</ele>
    <time>2023-05-18T19:01:09Z</time>
   </trkpt>
   <trkpt lat="39.5737820" lon="-104.8564030">
    <ele>1760.6</ele>
    <time>2023-05-18T19:01:10Z</time>
   </trkpt>
   <trkpt lat="39.5737970" lon="-104.8564050">
    <ele>1760.6</ele>
    <time>2023-05-18T19:01:11Z</time>
   </trkpt>
   <trkpt lat="39.5738120" lon="-104.8564070">
    <ele>1760.6</ele>
    <time>2023-05-18T19:01:12Z</time>
   </trkpt>
   <trkpt lat="39.5738290" lon="-104.8564050">
    <ele>1760.5</ele>
    <time>2023-05-18T19:01:13Z</time>
   </trkpt>
   <trkpt lat="39.5738440" lon="-104.8564060">
    <ele>1760.5</ele>
    <time>2023-05-18T19:01:14Z</time>
   </trkpt>
   <trkpt lat="39.5738590" lon="-104.8564120">
    <ele>1760.4</ele>
    <time>2023-05-18T19:01:15Z</time>
   </trkpt>
   <trkpt lat="39.5738730" lon="-104.8564170">
    <ele>1760.4</ele>
    <time>2023-05-18T19:01:16Z</time>
   </trkpt>
   <trkpt lat="39.5738860" lon="-104.8564220">
    <ele>1760.4</ele>
    <time>2023-05-18T19:01:17Z</time>
   </trkpt>
   <trkpt lat="39.5739000" lon="-104.8564290">
    <ele>1760.3</ele>
    <time>2023-05-18T19:01:18Z</time>
   </trkpt>
   <trkpt lat="39.5739140" lon="-104.8564370">
    <ele>1760.3</ele>
    <time>2023-05-18T19:01:19Z</time>
   </trkpt>
   <trkpt lat="39.5739300" lon="-104.8564410">
    <ele>1760.2</ele>
    <time>2023-05-18T19:01:20Z</time>
   </trkpt>
   <trkpt lat="39.5739450" lon="-104.8564400">
    <ele>1760.2</ele>
    <time>2023-05-18T19:01:21Z</time>
   </trkpt>
   <trkpt lat="39.5739590" lon="-104.8564490">
    <ele>1760.2</ele>
    <time>2023-05-18T19:01:22Z</time>
   </trkpt>
   <trkpt lat="39.5739730" lon="-104.8564570">
    <ele>1760.1</ele>
    <time>2023-05-18T19:01:23Z</time>
   </trkpt>
   <trkpt lat="39.5739880" lon="-104.8564650">
    <ele>1760.1</ele>
    <time>2023-05-18T19:01:24Z</time>
   </trkpt>
   <trkpt lat="39.5740040" lon="-104.8564700">
    <ele>1760.1</ele>
    <time>2023-05-18T19:01:26Z</time>
   </trkpt>
   <trkpt lat="39.5740190" lon="-104.8564790">
    <ele>1760.0</ele>
    <time>2023-05-18T19:01:27Z</time>
   </trkpt>
   <trkpt lat="39.5740300" lon="-104.8564950">
    <ele>1760.0</ele>
    <time>2023-05-18T19:01:28Z</time>
   </trkpt>
   <trkpt lat="39.5740420" lon="-104.8565080">
    <ele>1759.9</ele>
    <time>2023-05-18T19:01:29Z</time>
   </trkpt>
   <trkpt lat="39.5740560" lon="-104.8565190">
    <ele>1759.9</ele>
    <time>2023-05-18T19:01:30Z</time>
   </trkpt>
   <trkpt lat="39.5740710" lon="-104.8565300">
    <ele>1759.9</ele>
    <time>2023-05-18T19:01:31Z</time>
   </trkpt>
   <trkpt lat="39.5740850" lon="-104.8565390">
    <ele>1759.8</ele>
    <time>2023-05-18T19:01:32Z</time>
   </trkpt>
   <trkpt lat="39.5740970" lon="-104.8565490">
    <ele>1759.8</ele>
    <time>2023-05-18T19:01:33Z</time>
   </trkpt>
   <trkpt lat="39.5741120" lon="-104.8565530">
    <ele>1759.7</ele>
    <time>2023-05-18T19:01:34Z</time>
   </trkpt>
   <trkpt lat="39.5741260" lon="-104.8565560">
    <ele>1759.7</ele>
    <time>2023-05-18T19:01:35Z</time>
   </trkpt>
   <trkpt lat="39.5741410" lon="-104.8565640">
    <ele>1759.7</ele>
    <time>2023-05-18T19:01:36Z</time>
   </trkpt>
   <trkpt lat="39.5741550" lon="-104.8565760">
    <ele>1759.6</ele>
    <time>2023-05-18T19:01:37Z</time>
   </trkpt>
   <trkpt lat="39.5741670" lon="-104.8565890">
    <ele>1759.6</ele>
    <time>2023-05-18T19:01:38Z</time>
   </trkpt>
   <trkpt lat="39.5741790" lon="-104.8566010">
    <ele>1759.6</ele>
    <time>2023-05-18T19:01:39Z</time>
   </trkpt>
   <trkpt lat="39.5741910" lon="-104.8566100">
    <ele>1759.5</ele>
    <time>2023-05-18T19:01:40Z</time>
   </trkpt>
   <trkpt lat="39.5742030" lon="-104.8566180">
    <ele>1759.5</ele>
    <time>2023-05-18T19:01:41Z</time>
   </trkpt>
   <trkpt lat="39.5742140" lon="-104.8566300">
    <ele>1759.4</ele>
    <time>2023-05-18T19:01:42Z</time>
   </trkpt>
   <trkpt lat="39.5742260" lon="-104.8566420">
    <ele>1759.4</ele>
    <time>2023-05-18T19:01:43Z</time>
   </trkpt>
   <trkpt lat="39.5742460" lon="-104.8566680">
    <ele>1759.3</ele>
    <time>2023-05-18T19:01:44Z</time>
   </trkpt>
   <trkpt lat="39.5742580" lon="-104.8566770">
    <ele>1759.3</ele>
    <time>2023-05-18T19:01:45Z</time>
   </trkpt>
   <trkpt lat="39.5742690" lon="-104.8566900">
    <ele>1759.2</ele>
    <time>2023-05-18T19:01:46Z</time>
   </trkpt>
   <trkpt lat="39.5742790" lon="-104.8567020">
    <ele>1759.2</ele>
    <time>2023-05-18T19:01:47Z</time>
   </trkpt>
   <trkpt lat="39.5742910" lon="-104.8567110">
    <ele>1759.1</ele>
    <time>2023-05-18T19:01:48Z</time>
   </trkpt>
   <trkpt lat="39.5743020" lon="-104.8567230">
    <ele>1759.1</ele>
    <time>2023-05-18T19:01:49Z</time>
   </trkpt>
   <trkpt lat="39.5743130" lon="-104.8567350">
    <ele>1759.1</ele>
    <time>2023-05-18T19:01:50Z</time>
   </trkpt>
   <trkpt lat="39.5743240" lon="-104.8567470">
    <ele>1759.0</ele>
    <time>2023-05-18T19:01:51Z</time>
   </trkpt>
   <trkpt lat="39.5743350" lon="-104.8567610">
    <ele>1759.0</ele>
    <time>2023-05-18T19:01:52Z</time>
   </trkpt>
   <trkpt lat="39.5743450" lon="-104.8567750">
    <ele>1758.9</ele>
    <time>2023-05-18T19:01:53Z</time>
   </trkpt>
   <trkpt lat="39.5743540" lon="-104.8567890">
    <ele>1758.9</ele>
    <time>2023-05-18T19:01:54Z</time>
   </trkpt>
   <trkpt lat="39.5743650" lon="-104.8568010">
    <ele>1758.8</ele>
    <time>2023-05-18T19:01:55Z</time>
   </trkpt>
   <trkpt lat="39.5743750" lon="-104.8568170">
    <ele>1758.8</ele>
    <time>2023-05-18T19:01:56Z</time>
   </trkpt>
   <trkpt lat="39.5743860" lon="-104.8568280">
    <ele>1758.7</ele>
    <time>2023-05-18T19:01:57Z</time>
   </trkpt>
   <trkpt lat="39.5743990" lon="-104.8568410">
    <ele>1758.6</ele>
    <time>2023-05-18T19:01:58Z</time>
   </trkpt>
   <trkpt lat="39.5744110" lon="-104.8568540">
    <ele>1758.6</ele>
    <time>2023-05-18T19:01:59Z</time>
   </trkpt>
   <trkpt lat="39.5744230" lon="-104.8568680">
    <ele>1758.6</ele>
    <time>2023-05-18T19:02:00Z</time>
   </trkpt>
   <trkpt lat="39.5744340" lon="-104.8568810">
    <ele>1758.5</ele>
    <time>2023-05-18T19:02:01Z</time>
   </trkpt>
   <trkpt lat="39.5744450" lon="-104.8568930">
    <ele>1758.5</ele>
    <time>2023-05-18T19:02:02Z</time>
   </trkpt>
   <trkpt lat="39.5744570" lon="-104.8569020">
    <ele>1758.5</ele>
    <time>2023-05-18T19:02:03Z</time>
   </trkpt>
   <trkpt lat="39.5744700" lon="-104.8569110">
    <ele>1758.4</ele>
    <time>2023-05-18T19:02:04Z</time>
   </trkpt>
   <trkpt lat="39.5744810" lon="-104.8569230">
    <ele>1758.4</ele>
    <time>2023-05-18T19:02:05Z</time>
   </trkpt>
   <trkpt lat="39.5744900" lon="-104.8569370">
    <ele>1758.4</ele>
    <time>2023-05-18T19:02:06Z</time>
   </trkpt>
   <trkpt lat="39.5745010" lon="-104.8569500">
    <ele>1758.3</ele>
    <time>2023-05-18T19:02:07Z</time>
   </trkpt>
   <trkpt lat="39.5745130" lon="-104.8569610">
    <ele>1758.3</ele>
    <time>2023-05-18T19:02:08Z</time>
   </trkpt>
   <trkpt lat="39.5745230" lon="-104.8569740">
    <ele>1758.2</ele>
    <time>2023-05-18T19:02:09Z</time>
   </trkpt>
   <trkpt lat="39.5745330" lon="-104.8569890">
    <ele>1758.2</ele>
    <time>2023-05-18T19:02:10Z</time>
   </trkpt>
   <trkpt lat="39.5745430" lon="-104.8570020">
    <ele>1758.1</ele>
    <time>2023-05-18T19:02:11Z</time>
   </trkpt>
   <trkpt lat="39.5745550" lon="-104.8570110">
    <ele>1758.1</ele>
    <time>2023-05-18T19:02:12Z</time>
   </trkpt>
   <trkpt lat="39.5745640" lon="-104.8570240">
    <ele>1758.1</ele>
    <time>2023-05-18T19:02:13Z</time>
   </trkpt>
   <trkpt lat="39.5745750" lon="-104.8570350">
    <ele>1758.0</ele>
    <time>2023-05-18T19:02:14Z</time>
   </trkpt>
   <trkpt lat="39.5745840" lon="-104.8570470">
    <ele>1758.0</ele>
    <time>2023-05-18T19:02:15Z</time>
   </trkpt>
   <trkpt lat="39.5745950" lon="-104.8570600">
    <ele>1757.9</ele>
    <time>2023-05-18T19:02:16Z</time>
   </trkpt>
   <trkpt lat="39.5746040" lon="-104.8570750">
    <ele>1757.9</ele>
    <time>2023-05-18T19:02:17Z</time>
   </trkpt>
   <trkpt lat="39.5746120" lon="-104.8570890">
    <ele>1757.8</ele>
    <time>2023-05-18T19:02:18Z</time>
   </trkpt>
   <trkpt lat="39.5746290" lon="-104.8571080">
    <ele>1757.7</ele>
    <time>2023-05-18T19:02:19Z</time>
   </trkpt>
   <trkpt lat="39.5746360" lon="-104.8571160">
    <ele>1757.7</ele>
    <time>2023-05-18T19:02:20Z</time>
   </trkpt>
   <trkpt lat="39.5746430" lon="-104.8571240">
    <ele>1757.7</ele>
    <time>2023-05-18T19:02:21Z</time>
   </trkpt>
   <trkpt lat="39.5746550" lon="-104.8571310">
    <ele>1757.6</ele>
    <time>2023-05-18T19:02:22Z</time>
   </trkpt>
   <trkpt lat="39.5746670" lon="-104.8571410">
    <ele>1757.6</ele>
    <time>2023-05-18T19:02:23Z</time>
   </trkpt>
   <trkpt lat="39.5746790" lon="-104.8571500">
    <ele>1757.5</ele>
    <time>2023-05-18T19:02:24Z</time>
   </trkpt>
   <trkpt lat="39.5746880" lon="-104.8571640">
    <ele>1757.5</ele>
    <time>2023-05-18T19:02:25Z</time>
   </trkpt>
   <trkpt lat="39.5746990" lon="-104.8571770">
    <ele>1757.4</ele>
    <time>2023-05-18T19:02:26Z</time>
   </trkpt>
   <trkpt lat="39.5747120" lon="-104.8571850">
    <ele>1757.4</ele>
    <time>2023-05-18T19:02:27Z</time>
   </trkpt>
   <trkpt lat="39.5747230" lon="-104.8571970">
    <ele>1757.3</ele>
    <time>2023-05-18T19:02:28Z</time>
   </trkpt>
   <trkpt lat="39.5747330" lon="-104.8572100">
    <ele>1757.3</ele>
    <time>2023-05-18T19:02:29Z</time>
   </trkpt>
   <trkpt lat="39.5747440" lon="-104.8572230">
    <ele>1757.2</ele>
    <time>2023-05-18T19:02:30Z</time>
   </trkpt>
   <trkpt lat="39.5747540" lon="-104.8572370">
    <ele>1757.2</ele>
    <time>2023-05-18T19:02:31Z</time>
   </trkpt>
   <trkpt lat="39.5747640" lon="-104.8572520">
    <ele>1757.1</ele>
    <time>2023-05-18T19:02:32Z</time>
   </trkpt>
   <trkpt lat="39.5747770" lon="-104.8572630">
    <ele>1757.1</ele>
    <time>2023-05-18T19:02:33Z</time>
   </trkpt>
   <trkpt lat="39.5747890" lon="-104.8572760">
    <ele>1757.0</ele>
    <time>2023-05-18T19:02:34Z</time>
   </trkpt>
   <trkpt lat="39.5747980" lon="-104.8572900">
    <ele>1757.0</ele>
    <time>2023-05-18T19:02:35Z</time>
   </trkpt>
   <trkpt lat="39.5748060" lon="-104.8573040">
    <ele>1756.9</ele>
    <time>2023-05-18T19:02:36Z</time>
   </trkpt>
   <trkpt lat="39.5748150" lon="-104.8573180">
    <ele>1756.9</ele>
    <time>2023-05-18T19:02:37Z</time>
   </trkpt>
   <trkpt lat="39.5748260" lon="-104.8573290">
    <ele>1756.9</ele>
    <time>2023-05-18T19:02:38Z</time>
   </trkpt>
   <trkpt lat="39.5748400" lon="-104.8573350">
    <ele>1756.8</ele>
    <time>2023-05-18T19:02:39Z</time>
   </trkpt>
   <trkpt lat="39.5748540" lon="-104.8573390">
    <ele>1756.8</ele>
    <time>2023-05-18T19:02:40Z</time>
   </trkpt>
   <trkpt lat="39.5748670" lon="-104.8573440">
    <ele>1756.8</ele>
    <time>2023-05-18T19:02:41Z</time>
   </trkpt>
   <trkpt lat="39.5748860" lon="-104.8573550">
    <ele>1756.8</ele>
    <time>2023-05-18T19:02:42Z</time>
   </trkpt>
   <trkpt lat="39.5748950" lon="-104.8573580">
    <ele>1756.8</ele>
    <time>2023-05-18T19:02:43Z</time>
   </trkpt>
   <trkpt lat="39.5749040" lon="-104.8573620">
    <ele>1756.8</ele>
    <time>2023-05-18T19:02:44Z</time>
   </trkpt>
   <trkpt lat="39.5749170" lon="-104.8573670">
    <ele>1756.7</ele>
    <time>2023-05-18T19:02:45Z</time>
   </trkpt>
   <trkpt lat="39.5749280" lon="-104.8573790">
    <ele>1756.7</ele>
    <time>2023-05-18T19:02:46Z</time>
   </trkpt>
   <trkpt lat="39.5749410" lon="-104.8573880">
    <ele>1756.6</ele>
    <time>2023-05-18T19:02:47Z</time>
   </trkpt>
   <trkpt lat="39.5749530" lon="-104.8573960">
    <ele>1756.6</ele>
    <time>2023-05-18T19:02:48Z</time>
   </trkpt>
   <trkpt lat="39.5749670" lon="-104.8574030">
    <ele>1756.5</ele>
    <time>2023-05-18T19:02:49Z</time>
   </trkpt>
   <trkpt lat="39.5749790" lon="-104.8574120">
    <ele>1756.5</ele>
    <time>2023-05-18T19:02:50Z</time>
   </trkpt>
   <trkpt lat="39.5749930" lon="-104.8574170">
    <ele>1756.4</ele>
    <time>2023-05-18T19:02:51Z</time>
   </trkpt>
   <trkpt lat="39.5750050" lon="-104.8574260">
    <ele>1756.3</ele>
    <time>2023-05-18T19:02:52Z</time>
   </trkpt>
   <trkpt lat="39.5750200" lon="-104.8574300">
    <ele>1756.3</ele>
    <time>2023-05-18T19:02:53Z</time>
   </trkpt>
   <trkpt lat="39.5750350" lon="-104.8574350">
    <ele>1756.2</ele>
    <time>2023-05-18T19:02:54Z</time>
   </trkpt>
   <trkpt lat="39.5750480" lon="-104.8574410">
    <ele>1756.1</ele>
    <time>2023-05-18T19:02:55Z</time>
   </trkpt>
   <trkpt lat="39.5750620" lon="-104.8574530">
    <ele>1756.1</ele>
    <time>2023-05-18T19:02:56Z</time>
   </trkpt>
   <trkpt lat="39.5750750" lon="-104.8574600">
    <ele>1756.0</ele>
    <time>2023-05-18T19:02:57Z</time>
   </trkpt>
   <trkpt lat="39.5750890" lon="-104.8574660">
    <ele>1755.9</ele>
    <time>2023-05-18T19:02:58Z</time>
   </trkpt>
   <trkpt lat="39.5751030" lon="-104.8574730">
    <ele>1755.9</ele>
    <time>2023-05-18T19:02:59Z</time>
   </trkpt>
   <trkpt lat="39.5751160" lon="-104.8574790">
    <ele>1755.8</ele>
    <time>2023-05-18T19:03:00Z</time>
   </trkpt>
   <trkpt lat="39.5751300" lon="-104.8574850">
    <ele>1755.7</ele>
    <time>2023-05-18T19:03:01Z</time>
   </trkpt>
   <trkpt lat="39.5751440" lon="-104.8574880">
    <ele>1755.7</ele>
    <time>2023-05-18T19:03:02Z</time>
   </trkpt>
   <trkpt lat="39.5751570" lon="-104.8574940">
    <ele>1755.6</ele>
    <time>2023-05-18T19:03:03Z</time>
   </trkpt>
   <trkpt lat="39.5751690" lon="-104.8575010">
    <ele>1755.5</ele>
    <time>2023-05-18T19:03:04Z</time>
   </trkpt>
   <trkpt lat="39.5751840" lon="-104.8575020">
    <ele>1755.5</ele>
    <time>2023-05-18T19:03:05Z</time>
   </trkpt>
   <trkpt lat="39.5751980" lon="-104.8575060">
    <ele>1755.4</ele>
    <time>2023-05-18T19:03:06Z</time>
   </trkpt>
   <trkpt lat="39.5752120" lon="-104.8575110">
    <ele>1755.3</ele>
    <time>2023-05-18T19:03:07Z</time>
   </trkpt>
   <trkpt lat="39.5752270" lon="-104.8575130">
    <ele>1755.3</ele>
    <time>2023-05-18T19:03:08Z</time>
   </trkpt>
   <trkpt lat="39.5752410" lon="-104.8575160">
    <ele>1755.2</ele>
    <time>2023-05-18T19:03:09Z</time>
   </trkpt>
   <trkpt lat="39.5752560" lon="-104.8575210">
    <ele>1755.1</ele>
    <time>2023-05-18T19:03:10Z</time>
   </trkpt>
   <trkpt lat="39.5752780" lon="-104.8575240">
    <ele>1755.0</ele>
    <time>2023-05-18T19:03:11Z</time>
   </trkpt>
   <trkpt lat="39.5752870" lon="-104.8575240">
    <ele>1755.0</ele>
    <time>2023-05-18T19:03:12Z</time>
   </trkpt>
   <trkpt lat="39.5752960" lon="-104.8575250">
    <ele>1754.9</ele>
    <time>2023-05-18T19:03:13Z</time>
   </trkpt>
   <trkpt lat="39.5753180" lon="-104.8575300">
    <ele>1754.8</ele>
    <time>2023-05-18T19:03:14Z</time>
   </trkpt>
   <trkpt lat="39.5753260" lon="-104.8575320">
    <ele>1754.8</ele>
    <time>2023-05-18T19:03:15Z</time>
   </trkpt>
   <trkpt lat="39.5753350" lon="-104.8575330">
    <ele>1754.7</ele>
    <time>2023-05-18T19:03:16Z</time>
   </trkpt>
   <trkpt lat="39.5753480" lon="-104.8575370">
    <ele>1754.7</ele>
    <time>2023-05-18T19:03:17Z</time>
   </trkpt>
   <trkpt lat="39.5753620" lon="-104.8575390">
    <ele>1754.6</ele>
    <time>2023-05-18T19:03:18Z</time>
   </trkpt>
   <trkpt lat="39.5753760" lon="-104.8575380">
    <ele>1754.6</ele>
    <time>2023-05-18T19:03:19Z</time>
   </trkpt>
   <trkpt lat="39.5753900" lon="-104.8575410">
    <ele>1754.5</ele>
    <time>2023-05-18T19:03:20Z</time>
   </trkpt>
   <trkpt lat="39.5754030" lon="-104.8575420">
    <ele>1754.4</ele>
    <time>2023-05-18T19:03:21Z</time>
   </trkpt>
   <trkpt lat="39.5754180" lon="-104.8575410">
    <ele>1754.4</ele>
    <time>2023-05-18T19:03:22Z</time>
   </trkpt>
   <trkpt lat="39.5754330" lon="-104.8575420">
    <ele>1754.3</ele>
    <time>2023-05-18T19:03:23Z</time>
   </trkpt>
   <trkpt lat="39.5754480" lon="-104.8575410">
    <ele>1754.2</ele>
    <time>2023-05-18T19:03:24Z</time>
   </trkpt>
   <trkpt lat="39.5754610" lon="-104.8575370">
    <ele>1754.2</ele>
    <time>2023-05-18T19:03:25Z</time>
   </trkpt>
   <trkpt lat="39.5754760" lon="-104.8575350">
    <ele>1754.1</ele>
    <time>2023-05-18T19:03:26Z</time>
   </trkpt>
   <trkpt lat="39.5754910" lon="-104.8575390">
    <ele>1754.1</ele>
    <time>2023-05-18T19:03:27Z</time>
   </trkpt>
   <trkpt lat="39.5755050" lon="-104.8575390">
    <ele>1754.0</ele>
    <time>2023-05-18T19:03:28Z</time>
   </trkpt>
   <trkpt lat="39.5755200" lon="-104.8575400">
    <ele>1754.0</ele>
    <time>2023-05-18T19:03:29Z</time>
   </trkpt>
   <trkpt lat="39.5755350" lon="-104.8575390">
    <ele>1753.9</ele>
    <time>2023-05-18T19:03:30Z</time>
   </trkpt>
   <trkpt lat="39.5755480" lon="-104.8575340">
    <ele>1753.8</ele>
    <time>2023-05-18T19:03:32Z</time>
   </trkpt>
   <trkpt lat="39.5755630" lon="-104.8575330">
    <ele>1753.8</ele>
    <time>2023-05-18T19:03:33Z</time>
   </trkpt>
   <trkpt lat="39.5755780" lon="-104.8575350">
    <ele>1753.7</ele>
    <time>2023-05-18T19:03:34Z</time>
   </trkpt>
   <trkpt lat="39.5755940" lon="-104.8575360">
    <ele>1753.7</ele>
    <time>2023-05-18T19:03:35Z</time>
   </trkpt>
   <trkpt lat="39.5756090" lon="-104.8575310">
    <ele>1753.6</ele>
    <time>2023-05-18T19:03:36Z</time>
   </trkpt>
   <trkpt lat="39.5756230" lon="-104.8575240">
    <ele>1753.6</ele>
    <time>2023-05-18T19:03:37Z</time>
   </trkpt>
   <trkpt lat="39.5756450" lon="-104.8575230">
    <ele>1753.5</ele>
    <time>2023-05-18T19:03:38Z</time>
   </trkpt>
   <trkpt lat="39.5756550" lon="-104.8575240">
    <ele>1753.5</ele>
    <time>2023-05-18T19:03:39Z</time>
   </trkpt>
   <trkpt lat="39.5756650" lon="-104.8575240">
    <ele>1753.4</ele>
    <time>2023-05-18T19:03:40Z</time>
   </trkpt>
   <trkpt lat="39.5756790" lon="-104.8575240">
    <ele>1753.4</ele>
    <time>2023-05-18T19:03:41Z</time>
   </trkpt>
   <trkpt lat="39.5756940" lon="-104.8575230">
    <ele>1753.3</ele>
    <time>2023-05-18T19:03:42Z</time>
   </trkpt>
   <trkpt lat="39.5757090" lon="-104.8575220">
    <ele>1753.3</ele>
    <time>2023-05-18T19:03:43Z</time>
   </trkpt>
   <trkpt lat="39.5757240" lon="-104.8575180">
    <ele>1753.2</ele>
    <time>2023-05-18T19:03:44Z</time>
   </trkpt>
   <trkpt lat="39.5757400" lon="-104.8575140">
    <ele>1753.2</ele>
    <time>2023-05-18T19:03:45Z</time>
   </trkpt>
   <trkpt lat="39.5757560" lon="-104.8575110">
    <ele>1753.1</ele>
    <time>2023-05-18T19:03:46Z</time>
   </trkpt>
   <trkpt lat="39.5757710" lon="-104.8575060">
    <ele>1753.1</ele>
    <time>2023-05-18T19:03:47Z</time>
   </trkpt>
   <trkpt lat="39.5757870" lon="-104.8575010">
    <ele>1753.1</ele>
    <time>2023-05-18T19:03:48Z</time>
   </trkpt>
   <trkpt lat="39.5758010" lon="-104.8574960">
    <ele>1753.1</ele>
    <time>2023-05-18T19:03:49Z</time>
   </trkpt>
   <trkpt lat="39.5758140" lon="-104.8574870">
    <ele>1753.1</ele>
    <time>2023-05-18T19:03:50Z</time>
   </trkpt>
   <trkpt lat="39.5758270" lon="-104.8574780">
    <ele>1753.1</ele>
    <time>2023-05-18T19:03:51Z</time>
   </trkpt>
   <trkpt lat="39.5758520" lon="-104.8574590">
    <ele>1753.0</ele>
    <time>2023-05-18T19:03:52Z</time>
   </trkpt>
   <trkpt lat="39.5758660" lon="-104.8574540">
    <ele>1753.0</ele>
    <time>2023-05-18T19:03:53Z</time>
   </trkpt>
   <trkpt lat="39.5758790" lon="-104.8574470">
    <ele>1753.0</ele>
    <time>2023-05-18T19:03:54Z</time>
   </trkpt>
   <trkpt lat="39.5758910" lon="-104.8574400">
    <ele>1753.0</ele>
    <time>2023-05-18T19:03:55Z</time>
   </trkpt>
   <trkpt lat="39.5759040" lon="-104.8574350">
    <ele>1753.0</ele>
    <time>2023-05-18T19:03:56Z</time>
   </trkpt>
   <trkpt lat="39.5759170" lon="-104.8574290">
    <ele>1753.0</ele>
    <time>2023-05-18T19:03:57Z</time>
   </trkpt>
   <trkpt lat="39.5759300" lon="-104.8574220">
    <ele>1752.9</ele>
    <time>2023-05-18T19:03:58Z</time>
   </trkpt>
   <trkpt lat="39.5759440" lon="-104.8574180">
    <ele>1752.9</ele>
    <time>2023-05-18T19:03:59Z</time>
   </trkpt>
   <trkpt lat="39.5759640" lon="-104.8574080">
    <ele>1752.9</ele>
    <time>2023-05-18T19:04:00Z</time>
   </trkpt>
   <trkpt lat="39.5759730" lon="-104.8574040">
    <ele>1752.9</ele>
    <time>2023-05-18T19:04:01Z</time>
   </trkpt>
   <trkpt lat="39.5759810" lon="-104.8574000">
    <ele>1752.9</ele>
    <time>2023-05-18T19:04:02Z</time>
   </trkpt>
   <trkpt lat="39.5759930" lon="-104.8573930">
    <ele>1752.9</ele>
    <time>2023-05-18T19:04:03Z</time>
   </trkpt>
   <trkpt lat="39.5760060" lon="-104.8573860">
    <ele>1752.9</ele>
    <time>2023-05-18T19:04:04Z</time>
   </trkpt>
   <trkpt lat="39.5760180" lon="-104.8573720">
    <ele>1752.9</ele>
    <time>2023-05-18T19:04:05Z</time>
   </trkpt>
   <trkpt lat="39.5760320" lon="-104.8573630">
    <ele>1752.9</ele>
    <time>2023-05-18T19:04:06Z</time>
   </trkpt>
   <trkpt lat="39.5760440" lon="-104.8573530">
    <ele>1752.9</ele>
    <time>2023-05-18T19:04:07Z</time>
   </trkpt>
   <trkpt lat="39.5760580" lon="-104.8573430">
    <ele>1752.9</ele>
    <time>2023-05-18T19:04:08Z</time>
   </trkpt>
   <trkpt lat="39.5760720" lon="-104.8573360">
    <ele>1752.9</ele>
    <time>2023-05-18T19:04:09Z</time>
   </trkpt>
   <trkpt lat="39.5760860" lon="-104.8573290">
    <ele>1752.9</ele>
    <time>2023-05-18T19:04:10Z</time>
   </trkpt>
   <trkpt lat="39.5760990" lon="-104.8573210">
    <ele>1752.9</ele>
    <time>2023-05-18T19:04:11Z</time>
   </trkpt>
   <trkpt lat="39.5761130" lon="-104.8573130">
    <ele>1752.9</ele>
    <time>2023-05-18T19:04:12Z</time>
   </trkpt>
   <trkpt lat="39.5761270" lon="-104.8573050">
    <ele>1752.9</ele>
    <time>2023-05-18T19:04:13Z</time>
   </trkpt>
   <trkpt lat="39.5761410" lon="-104.8572980">
    <ele>1752.9</ele>
    <time>2023-05-18T19:04:14Z</time>
   </trkpt>
   <trkpt lat="39.5761530" lon="-104.8572880">
    <ele>1752.9</ele>
    <time>2023-05-18T19:04:15Z</time>
   </trkpt>
   <trkpt lat="39.5761660" lon="-104.8572790">
    <ele>1752.9</ele>
    <time>2023-05-18T19:04:16Z</time>
   </trkpt>
   <trkpt lat="39.5761800" lon="-104.8572720">
    <ele>1752.9</ele>
    <time>2023-05-18T19:04:17Z</time>
   </trkpt>
   <trkpt lat="39.5761920" lon="-104.8572650">
    <ele>1753.0</ele>
    <time>2023-05-18T19:04:18Z</time>
   </trkpt>
   <trkpt lat="39.5762060" lon="-104.8572580">
    <ele>1753.0</ele>
    <time>2023-05-18T19:04:19Z</time>
   </trkpt>
   <trkpt lat="39.5762190" lon="-104.8572490">
    <ele>1753.0</ele>
    <time>2023-05-18T19:04:20Z</time>
   </trkpt>
   <trkpt lat="39.5762310" lon="-104.8572400">
    <ele>1753.0</ele>
    <time>2023-05-18T19:04:21Z</time>
   </trkpt>
   <trkpt lat="39.5762450" lon="-104.8572300">
    <ele>1753.0</ele>
    <time>2023-05-18T19:04:22Z</time>
   </trkpt>
   <trkpt lat="39.5762590" lon="-104.8572230">
    <ele>1753.0</ele>
    <time>2023-05-18T19:04:23Z</time>
   </trkpt>
   <trkpt lat="39.5762720" lon="-104.8572120">
    <ele>1753.1</ele>
    <time>2023-05-18T19:04:24Z</time>
   </trkpt>
   <trkpt lat="39.5762850" lon="-104.8572020">
    <ele>1753.1</ele>
    <time>2023-05-18T19:04:25Z</time>
   </trkpt>
   <trkpt lat="39.5763000" lon="-104.8571940">
    <ele>1753.1</ele>
    <time>2023-05-18T19:04:26Z</time>
   </trkpt>
   <trkpt lat="39.5763130" lon="-104.8571830">
    <ele>1753.1</ele>
    <time>2023-05-18T19:04:27Z</time>
   </trkpt>
   <trkpt lat="39.5763280" lon="-104.8571760">
    <ele>1753.1</ele>
    <time>2023-05-18T19:04:28Z</time>
   </trkpt>
   <trkpt lat="39.5763400" lon="-104.8571640">
    <ele>1753.1</ele>
    <time>2023-05-18T19:04:29Z</time>
   </trkpt>
   <trkpt lat="39.5763540" lon="-104.8571560">
    <ele>1753.2</ele>
    <time>2023-05-18T19:04:30Z</time>
   </trkpt>
   <trkpt lat="39.5763650" lon="-104.8571470">
    <ele>1753.2</ele>
    <time>2023-05-18T19:04:31Z</time>
   </trkpt>
   <trkpt lat="39.5763790" lon="-104.8571410">
    <ele>1753.2</ele>
    <time>2023-05-18T19:04:32Z</time>
   </trkpt>
   <trkpt lat="39.5763930" lon="-104.8571360">
    <ele>1753.2</ele>
    <time>2023-05-18T19:04:33Z</time>
   </trkpt>
   <trkpt lat="39.5764060" lon="-104.8571280">
    <ele>1753.2</ele>
    <time>2023-05-18T19:04:34Z</time>
   </trkpt>
   <trkpt lat="39.5764180" lon="-104.8571170">
    <ele>1753.2</ele>
    <time>2023-05-18T19:04:35Z</time>
   </trkpt>
   <trkpt lat="39.5764290" lon="-104.8571050">
    <ele>1753.2</ele>
    <time>2023-05-18T19:04:36Z</time>
   </trkpt>
   <trkpt lat="39.5764410" lon="-104.8570970">
    <ele>1753.3</ele>
    <time>2023-05-18T19:04:37Z</time>
   </trkpt>
   <trkpt lat="39.5764560" lon="-104.8570920">
    <ele>1753.3</ele>
    <time>2023-05-18T19:04:38Z</time>
   </trkpt>
   <trkpt lat="39.5764690" lon="-104.8570870">
    <ele>1753.3</ele>
    <time>2023-05-18T19:04:39Z</time>
   </trkpt>
   <trkpt lat="39.5764820" lon="-104.8570790">
    <ele>1753.3</ele>
    <time>2023-05-18T19:04:40Z</time>
   </trkpt>
   <trkpt lat="39.5764930" lon="-104.8570660">
    <ele>1753.4</ele>
    <time>2023-05-18T19:04:41Z</time>
   </trkpt>
   <trkpt lat="39.5765060" lon="-104.8570580">
    <ele>1753.4</ele>
    <time>2023-05-18T19:04:42Z</time>
   </trkpt>
   <trkpt lat="39.5765210" lon="-104.8570540">
    <ele>1753.4</ele>
    <time>2023-05-18T19:04:43Z</time>
   </trkpt>
   <trkpt lat="39.5765340" lon="-104.8570500">
    <ele>1753.4</ele>
    <time>2023-05-18T19:04:44Z</time>
   </trkpt>
   <trkpt lat="39.5765490" lon="-104.8570450">
    <ele>1753.4</ele>
    <time>2023-05-18T19:04:45Z</time>
   </trkpt>
   <trkpt lat="39.5765620" lon="-104.8570400">
    <ele>1753.5</ele>
    <time>2023-05-18T19:04:46Z</time>
   </trkpt>
   <trkpt lat="39.5765830" lon="-104.8570280">
    <ele>1753.5</ele>
    <time>2023-05-18T19:04:47Z</time>
   </trkpt>
   <trkpt lat="39.5765910" lon="-104.8570240">
    <ele>1753.5</ele>
    <time>2023-05-18T19:04:48Z</time>
   </trkpt>
   <trkpt lat="39.5766000" lon="-104.8570200">
    <ele>1753.5</ele>
    <time>2023-05-18T19:04:49Z</time>
   </trkpt>
   <trkpt lat="39.5766220" lon="-104.8570150">
    <ele>1753.6</ele>
    <time>2023-05-18T19:04:50Z</time>
   </trkpt>
   <trkpt lat="39.5766300" lon="-104.8570120">
    <ele>1753.6</ele>
    <time>2023-05-18T19:04:51Z</time>
   </trkpt>
   <trkpt lat="39.5766390" lon="-104.8570080">
    <ele>1753.6</ele>
    <time>2023-05-18T19:04:52Z</time>
   </trkpt>
   <trkpt lat="39.5766520" lon="-104.8570040">
    <ele>1753.6</ele>
    <time>2023-05-18T19:04:53Z</time>
   </trkpt>
   <trkpt lat="39.5766660" lon="-104.8570010">
    <ele>1753.6</ele>
    <time>2023-05-18T19:04:54Z</time>
   </trkpt>
   <trkpt lat="39.5766800" lon="-104.8569990">
    <ele>1753.7</ele>
    <time>2023-05-18T19:04:55Z</time>
   </trkpt>
   <trkpt lat="39.5766950" lon="-104.8569950">
    <ele>1753.7</ele>
    <time>2023-05-18T19:04:56Z</time>
   </trkpt>
   <trkpt lat="39.5767100" lon="-104.8569920">
    <ele>1753.7</ele>
    <time>2023-05-18T19:04:57Z</time>
   </trkpt>
   <trkpt lat="39.5767230" lon="-104.8569860">
    <ele>1753.7</ele>
    <time>2023-05-18T19:04:58Z</time>
   </trkpt>
   <trkpt lat="39.5767390" lon="-104.8569840">
    <ele>1753.8</ele>
    <time>2023-05-18T19:04:59Z</time>
   </trkpt>
   <trkpt lat="39.5767530" lon="-104.8569830">
    <ele>1753.8</ele>
    <time>2023-05-18T19:05:00Z</time>
   </trkpt>
   <trkpt lat="39.5767670" lon="-104.8569890">
    <ele>1753.8</ele>
    <time>2023-05-18T19:05:01Z</time>
   </trkpt>
   <trkpt lat="39.5767800" lon="-104.8569950">
    <ele>1753.8</ele>
    <time>2023-05-18T19:05:02Z</time>
   </trkpt>
   <trkpt lat="39.5767950" lon="-104.8569920">
    <ele>1753.8</ele>
    <time>2023-05-18T19:05:03Z</time>
   </trkpt>
   <trkpt lat="39.5768110" lon="-104.8569900">
    <ele>1753.9</ele>
    <time>2023-05-18T19:05:04Z</time>
   </trkpt>
   <trkpt lat="39.5768260" lon="-104.8569930">
    <ele>1753.9</ele>
    <time>2023-05-18T19:05:05Z</time>
   </trkpt>
   <trkpt lat="39.5768410" lon="-104.8569920">
    <ele>1753.9</ele>
    <time>2023-05-18T19:05:06Z</time>
   </trkpt>
   <trkpt lat="39.5768550" lon="-104.8569930">
    <ele>1753.9</ele>
    <time>2023-05-18T19:05:07Z</time>
   </trkpt>
   <trkpt lat="39.5768710" lon="-104.8569900">
    <ele>1753.9</ele>
    <time>2023-05-18T19:05:08Z</time>
   </trkpt>
   <trkpt lat="39.5768850" lon="-104.8569900">
    <ele>1753.9</ele>
    <time>2023-05-18T19:05:09Z</time>
   </trkpt>
   <trkpt lat="39.5769000" lon="-104.8569900">
    <ele>1753.9</ele>
    <time>2023-05-18T19:05:10Z</time>
   </trkpt>
   <trkpt lat="39.5769140" lon="-104.8569850">
    <ele>1753.9</ele>
    <time>2023-05-18T19:05:11Z</time>
   </trkpt>
   <trkpt lat="39.5769250" lon="-104.8569770">
    <ele>1753.9</ele>
    <time>2023-05-18T19:05:12Z</time>
   </trkpt>
   <trkpt lat="39.5769400" lon="-104.8569820">
    <ele>1753.9</ele>
    <time>2023-05-18T19:05:13Z</time>
   </trkpt>
   <trkpt lat="39.5769530" lon="-104.8569800">
    <ele>1753.9</ele>
    <time>2023-05-18T19:05:14Z</time>
   </trkpt>
   <trkpt lat="39.5769740" lon="-104.8569810">
    <ele>1753.9</ele>
    <time>2023-05-18T19:05:15Z</time>
   </trkpt>
   <trkpt lat="39.5769820" lon="-104.8569810">
    <ele>1753.9</ele>
    <time>2023-05-18T19:05:16Z</time>
   </trkpt>
   <trkpt lat="39.5769910" lon="-104.8569820">
    <ele>1753.9</ele>
    <time>2023-05-18T19:05:17Z</time>
   </trkpt>
   <trkpt lat="39.5770060" lon="-104.8569810">
    <ele>1753.9</ele>
    <time>2023-05-18T19:05:18Z</time>
   </trkpt>
   <trkpt lat="39.5770190" lon="-104.8569820">
    <ele>1753.9</ele>
    <time>2023-05-18T19:05:19Z</time>
   </trkpt>
   <trkpt lat="39.5770330" lon="-104.8569840">
    <ele>1753.9</ele>
    <time>2023-05-18T19:05:20Z</time>
   </trkpt>
   <trkpt lat="39.5770470" lon="-104.8569810">
    <ele>1753.9</ele>
    <time>2023-05-18T19:05:21Z</time>
   </trkpt>
   <trkpt lat="39.5770690" lon="-104.8569800">
    <ele>1754.0</ele>
    <time>2023-05-18T19:05:22Z</time>
   </trkpt>
   <trkpt lat="39.5770780" lon="-104.8569810">
    <ele>1754.0</ele>
    <time>2023-05-18T19:05:23Z</time>
   </trkpt>
   <trkpt lat="39.5770870" lon="-104.8569820">
    <ele>1754.0</ele>
    <time>2023-05-18T19:05:24Z</time>
   </trkpt>
   <trkpt lat="39.5771090" lon="-104.8569830">
    <ele>1754.0</ele>
    <time>2023-05-18T19:05:25Z</time>
   </trkpt>
   <trkpt lat="39.5771180" lon="-104.8569820">
    <ele>1754.0</ele>
    <time>2023-05-18T19:05:26Z</time>
   </trkpt>
   <trkpt lat="39.5771270" lon="-104.8569810">
    <ele>1754.0</ele>
    <time>2023-05-18T19:05:27Z</time>
   </trkpt>
   <trkpt lat="39.5771480" lon="-104.8569800">
    <ele>1754.1</ele>
    <time>2023-05-18T19:05:28Z</time>
   </trkpt>
   <trkpt lat="39.5771560" lon="-104.8569800">
    <ele>1754.1</ele>
    <time>2023-05-18T19:05:29Z</time>
   </trkpt>
   <trkpt lat="39.5771650" lon="-104.8569800">
    <ele>1754.1</ele>
    <time>2023-05-18T19:05:30Z</time>
   </trkpt>
   <trkpt lat="39.5771860" lon="-104.8569780">
    <ele>1754.1</ele>
    <time>2023-05-18T19:05:31Z</time>
   </trkpt>
   <trkpt lat="39.5771950" lon="-104.8569760">
    <ele>1754.1</ele>
    <time>2023-05-18T19:05:32Z</time>
   </trkpt>
   <trkpt lat="39.5772030" lon="-104.8569750">
    <ele>1754.2</ele>
    <time>2023-05-18T19:05:33Z</time>
   </trkpt>
   <trkpt lat="39.5772170" lon="-104.8569720">
    <ele>1754.2</ele>
    <time>2023-05-18T19:05:34Z</time>
   </trkpt>
   <trkpt lat="39.5772310" lon="-104.8569690">
    <ele>1754.2</ele>
    <time>2023-05-18T19:05:35Z</time>
   </trkpt>
   <trkpt lat="39.5772530" lon="-104.8569710">
    <ele>1754.3</ele>
    <time>2023-05-18T19:05:37Z</time>
   </trkpt>
   <trkpt lat="39.5772610" lon="-104.8569710">
    <ele>1754.3</ele>
    <time>2023-05-18T19:05:38Z</time>
   </trkpt>
   <trkpt lat="39.5772700" lon="-104.8569710">
    <ele>1754.3</ele>
    <time>2023-05-18T19:05:39Z</time>
   </trkpt>
   <trkpt lat="39.5772840" lon="-104.8569670">
    <ele>1754.3</ele>
    <time>2023-05-18T19:05:40Z</time>
   </trkpt>
   <trkpt lat="39.5772970" lon="-104.8569660">
    <ele>1754.4</ele>
    <time>2023-05-18T19:05:41Z</time>
   </trkpt>
   <trkpt lat="39.5773100" lon="-104.8569690">
    <ele>1754.4</ele>
    <time>2023-05-18T19:05:42Z</time>
   </trkpt>
   <trkpt lat="39.5773240" lon="-104.8569660">
    <ele>1754.4</ele>
    <time>2023-05-18T19:05:43Z</time>
   </trkpt>
   <trkpt lat="39.5773390" lon="-104.8569700">
    <ele>1754.5</ele>
    <time>2023-05-18T19:05:44Z</time>
   </trkpt>
   <trkpt lat="39.5773530" lon="-104.8569700">
    <ele>1754.5</ele>
    <time>2023-05-18T19:05:45Z</time>
   </trkpt>
   <trkpt lat="39.5773680" lon="-104.8569680">
    <ele>1754.6</ele>
    <time>2023-05-18T19:05:46Z</time>
   </trkpt>
   <trkpt lat="39.5773820" lon="-104.8569750">
    <ele>1754.6</ele>
    <time>2023-05-18T19:05:47Z</time>
   </trkpt>
   <trkpt lat="39.5773960" lon="-104.8569830">
    <ele>1754.6</ele>
    <time>2023-05-18T19:05:48Z</time>
   </trkpt>
   <trkpt lat="39.5774090" lon="-104.8569900">
    <ele>1754.7</ele>
    <time>2023-05-18T19:05:49Z</time>
   </trkpt>
   <trkpt lat="39.5774250" lon="-104.8569930">
    <ele>1754.7</ele>
    <time>2023-05-18T19:05:50Z</time>
   </trkpt>
   <trkpt lat="39.5774410" lon="-104.8569820">
    <ele>1754.8</ele>
    <time>2023-05-18T19:05:51Z</time>
   </trkpt>
   <trkpt lat="39.5774580" lon="-104.8569820">
    <ele>1754.8</ele>
    <time>2023-05-18T19:05:52Z</time>
   </trkpt>
   <trkpt lat="39.5774720" lon="-104.8569830">
    <ele>1754.9</ele>
    <time>2023-05-18T19:05:53Z</time>
   </trkpt>
   <trkpt lat="39.5774860" lon="-104.8569780">
    <ele>1755.0</ele>
    <time>2023-05-18T19:05:54Z</time>
   </trkpt>
   <trkpt lat="39.5775150" lon="-104.8569720">
    <ele>1755.1</ele>
    <time>2023-05-18T19:05:55Z</time>
   </trkpt>
   <trkpt lat="39.5775300" lon="-104.8569630">
    <ele>1755.2</ele>
    <time>2023-05-18T19:05:56Z</time>
   </trkpt>
   <trkpt lat="39.5775430" lon="-104.8569550">
    <ele>1755.3</ele>
    <time>2023-05-18T19:05:57Z</time>
   </trkpt>
   <trkpt lat="39.5775590" lon="-104.8569560">
    <ele>1755.4</ele>
    <time>2023-05-18T19:05:58Z</time>
   </trkpt>
   <trkpt lat="39.5775810" lon="-104.8569590">
    <ele>1755.5</ele>
    <time>2023-05-18T19:05:59Z</time>
   </trkpt>
   <trkpt lat="39.5775900" lon="-104.8569590">
    <ele>1755.6</ele>
    <time>2023-05-18T19:06:00Z</time>
   </trkpt>
   <trkpt lat="39.5775980" lon="-104.8569580">
    <ele>1755.6</ele>
    <time>2023-05-18T19:06:01Z</time>
   </trkpt>
   <trkpt lat="39.5776130" lon="-104.8569590">
    <ele>1755.7</ele>
    <time>2023-05-18T19:06:02Z</time>
   </trkpt>
   <trkpt lat="39.5776270" lon="-104.8569650">
    <ele>1755.8</ele>
    <time>2023-05-18T19:06:03Z</time>
   </trkpt>
   <trkpt lat="39.5776480" lon="-104.8569710">
    <ele>1755.9</ele>
    <time>2023-05-18T19:06:04Z</time>
   </trkpt>
   <trkpt lat="39.5776560" lon="-104.8569750">
    <ele>1756.0</ele>
    <time>2023-05-18T19:06:05Z</time>
   </trkpt>
   <trkpt lat="39.5776640" lon="-104.8569790">
    <ele>1756.0</ele>
    <time>2023-05-18T19:06:06Z</time>
   </trkpt>
   <trkpt lat="39.5776860" lon="-104.8569830">
    <ele>1756.1</ele>
    <time>2023-05-18T19:06:07Z</time>
   </trkpt>
   <trkpt lat="39.5776940" lon="-104.8569840">
    <ele>1756.2</ele>
    <time>2023-05-18T19:06:08Z</time>
   </trkpt>
   <trkpt lat="39.5777020" lon="-104.8569850">
    <ele>1756.2</ele>
    <time>2023-05-18T19:06:09Z</time>
   </trkpt>
   <trkpt lat="39.5777240" lon="-104.8569910">
    <ele>1756.4</ele>
    <time>2023-05-18T19:06:10Z</time>
   </trkpt>
   <trkpt lat="39.5777340" lon="-104.8569930">
    <ele>1756.4</ele>
    <time>2023-05-18T19:06:11Z</time>
   </trkpt>
   <trkpt lat="39.5777430" lon="-104.8569950">
    <ele>1756.5</ele>
    <time>2023-05-18T19:06:12Z</time>
   </trkpt>
   <trkpt lat="39.5777570" lon="-104.8569990">
    <ele>1756.5</ele>
    <time>2023-05-18T19:06:13Z</time>
   </trkpt>
   <trkpt lat="39.5777700" lon="-104.8570000">
    <ele>1756.6</ele>
    <time>2023-05-18T19:06:14Z</time>
   </trkpt>
   <trkpt lat="39.5777840" lon="-104.8570010">
    <ele>1756.7</ele>
    <time>2023-05-18T19:06:15Z</time>
   </trkpt>
   <trkpt lat="39.5778000" lon="-104.8570010">
    <ele>1756.8</ele>
    <time>2023-05-18T19:06:16Z</time>
   </trkpt>
   <trkpt lat="39.5778150" lon="-104.8569970">
    <ele>1756.9</ele>
    <time>2023-05-18T19:06:17Z</time>
   </trkpt>
   <trkpt lat="39.5778300" lon="-104.8569920">
    <ele>1757.0</ele>
    <time>2023-05-18T19:06:18Z</time>
   </trkpt>
   <trkpt lat="39.5778440" lon="-104.8569890">
    <ele>1757.1</ele>
    <time>2023-05-18T19:06:19Z</time>
   </trkpt>
   <trkpt lat="39.5778590" lon="-104.8569870">
    <ele>1757.1</ele>
    <time>2023-05-18T19:06:20Z</time>
   </trkpt>
   <trkpt lat="39.5778730" lon="-104.8569830">
    <ele>1757.2</ele>
    <time>2023-05-18T19:06:21Z</time>
   </trkpt>
   <trkpt lat="39.5778880" lon="-104.8569780">
    <ele>1757.3</ele>
    <time>2023-05-18T19:06:22Z</time>
   </trkpt>
   <trkpt lat="39.5779030" lon="-104.8569760">
    <ele>1757.4</ele>
    <time>2023-05-18T19:06:23Z</time>
   </trkpt>
   <trkpt lat="39.5779170" lon="-104.8569720">
    <ele>1757.5</ele>
    <time>2023-05-18T19:06:24Z</time>
   </trkpt>
   <trkpt lat="39.5779320" lon="-104.8569690">
    <ele>1757.6</ele>
    <time>2023-05-18T19:06:25Z</time>
   </trkpt>
   <trkpt lat="39.5779460" lon="-104.8569660">
    <ele>1757.6</ele>
    <time>2023-05-18T19:06:26Z</time>
   </trkpt>
   <trkpt lat="39.5779620" lon="-104.8569660">
    <ele>1757.7</ele>
    <time>2023-05-18T19:06:27Z</time>
   </trkpt>
   <trkpt lat="39.5779760" lon="-104.8569660">
    <ele>1757.8</ele>
    <time>2023-05-18T19:06:28Z</time>
   </trkpt>
   <trkpt lat="39.5779910" lon="-104.8569670">
    <ele>1757.9</ele>
    <time>2023-05-18T19:06:29Z</time>
   </trkpt>
   <trkpt lat="39.5780070" lon="-104.8569650">
    <ele>1758.0</ele>
    <time>2023-05-18T19:06:30Z</time>
   </trkpt>
   <trkpt lat="39.5780230" lon="-104.8569640">
    <ele>1758.0</ele>
    <time>2023-05-18T19:06:31Z</time>
   </trkpt>
   <trkpt lat="39.5780370" lon="-104.8569660">
    <ele>1758.1</ele>
    <time>2023-05-18T19:06:32Z</time>
   </trkpt>
   <trkpt lat="39.5780510" lon="-104.8569610">
    <ele>1758.2</ele>
    <time>2023-05-18T19:06:33Z</time>
   </trkpt>
   <trkpt lat="39.5780660" lon="-104.8569640">
    <ele>1758.3</ele>
    <time>2023-05-18T19:06:34Z</time>
   </trkpt>
   <trkpt lat="39.5780800" lon="-104.8569620">
    <ele>1758.3</ele>
    <time>2023-05-18T19:06:35Z</time>
   </trkpt>
   <trkpt lat="39.5780940" lon="-104.8569610">
    <ele>1758.4</ele>
    <time>2023-05-18T19:06:36Z</time>
   </trkpt>
   <trkpt lat="39.5781080" lon="-104.8569620">
    <ele>1758.5</ele>
    <time>2023-05-18T19:06:37Z</time>
   </trkpt>
   <trkpt lat="39.5781220" lon="-104.8569670">
    <ele>1758.5</ele>
    <time>2023-05-18T19:06:38Z</time>
   </trkpt>
   <trkpt lat="39.5781360" lon="-104.8569690">
    <ele>1758.6</ele>
    <time>2023-05-18T19:06:39Z</time>
   </trkpt>
   <trkpt lat="39.5781490" lon="-104.8569680">
    <ele>1758.7</ele>
    <time>2023-05-18T19:06:40Z</time>
   </trkpt>
   <trkpt lat="39.5781630" lon="-104.8569660">
    <ele>1758.7</ele>
    <time>2023-05-18T19:06:41Z</time>
   </trkpt>
   <trkpt lat="39.5781770" lon="-104.8569680">
    <ele>1758.8</ele>
    <time>2023-05-18T19:06:42Z</time>
   </trkpt>
   <trkpt lat="39.5781910" lon="-104.8569650">
    <ele>1758.8</ele>
    <time>2023-05-18T19:06:43Z</time>
   </trkpt>
   <trkpt lat="39.5782060" lon="-104.8569680">
    <ele>1758.9</ele>
    <time>2023-05-18T19:06:44Z</time>
   </trkpt>
   <trkpt lat="39.5782200" lon="-104.8569700">
    <ele>1759.0</ele>
    <time>2023-05-18T19:06:45Z</time>
   </trkpt>
   <trkpt lat="39.5782350" lon="-104.8569700">
    <ele>1759.0</ele>
    <time>2023-05-18T19:06:46Z</time>
   </trkpt>
   <trkpt lat="39.5782500" lon="-104.8569710">
    <ele>1759.1</ele>
    <time>2023-05-18T19:06:47Z</time>
   </trkpt>
   <trkpt lat="39.5782650" lon="-104.8569710">
    <ele>1759.2</ele>
    <time>2023-05-18T19:06:48Z</time>
   </trkpt>
   <trkpt lat="39.5782810" lon="-104.8569710">
    <ele>1759.2</ele>
    <time>2023-05-18T19:06:49Z</time>
   </trkpt>
   <trkpt lat="39.5782950" lon="-104.8569700">
    <ele>1759.3</ele>
    <time>2023-05-18T19:06:50Z</time>
   </trkpt>
   <trkpt lat="39.5783100" lon="-104.8569700">
    <ele>1759.3</ele>
    <time>2023-05-18T19:06:51Z</time>
   </trkpt>
   <trkpt lat="39.5783260" lon="-104.8569680">
    <ele>1759.4</ele>
    <time>2023-05-18T19:06:52Z</time>
   </trkpt>
   <trkpt lat="39.5783400" lon="-104.8569710">
    <ele>1759.4</ele>
    <time>2023-05-18T19:06:53Z</time>
   </trkpt>
   <trkpt lat="39.5783540" lon="-104.8569780">
    <ele>1759.5</ele>
    <time>2023-05-18T19:06:54Z</time>
   </trkpt>
   <trkpt lat="39.5783680" lon="-104.8569820">
    <ele>1759.5</ele>
    <time>2023-05-18T19:06:55Z</time>
   </trkpt>
   <trkpt lat="39.5783820" lon="-104.8569800">
    <ele>1759.6</ele>
    <time>2023-05-18T19:06:56Z</time>
   </trkpt>
   <trkpt lat="39.5783960" lon="-104.8569720">
    <ele>1759.6</ele>
    <time>2023-05-18T19:06:57Z</time>
   </trkpt>
   <trkpt lat="39.5784090" lon="-104.8569670">
    <ele>1759.7</ele>
    <time>2023-05-18T19:06:58Z</time>
   </trkpt>
   <trkpt lat="39.5784230" lon="-104.8569660">
    <ele>1759.7</ele>
    <time>2023-05-18T19:06:59Z</time>
   </trkpt>
   <trkpt lat="39.5784370" lon="-104.8569670">
    <ele>1759.8</ele>
    <time>2023-05-18T19:07:00Z</time>
   </trkpt>
   <trkpt lat="39.5784510" lon="-104.8569720">
    <ele>1759.8</ele>
    <time>2023-05-18T19:07:01Z</time>
   </trkpt>
   <trkpt lat="39.5784650" lon="-104.8569740">
    <ele>1759.8</ele>
    <time>2023-05-18T19:07:02Z</time>
   </trkpt>
   <trkpt lat="39.5784790" lon="-104.8569710">
    <ele>1759.8</ele>
    <time>2023-05-18T19:07:03Z</time>
   </trkpt>
   <trkpt lat="39.5784930" lon="-104.8569710">
    <ele>1759.9</ele>
    <time>2023-05-18T19:07:04Z</time>
   </trkpt>
   <trkpt lat="39.5785070" lon="-104.8569630">
    <ele>1759.9</ele>
    <time>2023-05-18T19:07:05Z</time>
   </trkpt>
   <trkpt lat="39.5785210" lon="-104.8569630">
    <ele>1759.9</ele>
    <time>2023-05-18T19:07:06Z</time>
   </trkpt>
   <trkpt lat="39.5785340" lon="-104.8569600">
    <ele>1760.0</ele>
    <time>2023-05-18T19:07:07Z</time>
   </trkpt>
   <trkpt lat="39.5785480" lon="-104.8569590">
    <ele>1760.0</ele>
    <time>2023-05-18T19:07:08Z</time>
   </trkpt>
   <trkpt lat="39.5785620" lon="-104.8569610">
    <ele>1760.0</ele>
    <time>2023-05-18T19:07:09Z</time>
   </trkpt>
   <trkpt lat="39.5785760" lon="-104.8569640">
    <ele>1760.0</ele>
    <time>2023-05-18T19:07:10Z</time>
   </trkpt>
   <trkpt lat="39.5785900" lon="-104.8569650">
    <ele>1760.0</ele>
    <time>2023-05-18T19:07:11Z</time>
   </trkpt>
   <trkpt lat="39.5786050" lon="-104.8569710">
    <ele>1760.0</ele>
    <time>2023-05-18T19:07:12Z</time>
   </trkpt>
   <trkpt lat="39.5786200" lon="-104.8569770">
    <ele>1760.0</ele>
    <time>2023-05-18T19:07:13Z</time>
   </trkpt>
   <trkpt lat="39.5786340" lon="-104.8569830">
    <ele>1760.0</ele>
    <time>2023-05-18T19:07:14Z</time>
   </trkpt>
   <trkpt lat="39.5786490" lon="-104.8569890">
    <ele>1760.0</ele>
    <time>2023-05-18T19:07:15Z</time>
   </trkpt>
   <trkpt lat="39.5786640" lon="-104.8569960">
    <ele>1760.1</ele>
    <time>2023-05-18T19:07:16Z</time>
   </trkpt>
   <trkpt lat="39.5786780" lon="-104.8570020">
    <ele>1759.5</ele>
    <time>2023-05-18T19:07:17Z</time>
   </trkpt>
   <trkpt lat="39.5786920" lon="-104.8570150">
    <ele>1759.4</ele>
    <time>2023-05-18T19:07:18Z</time>
   </trkpt>
   <trkpt lat="39.5786980" lon="-104.8570360">
    <ele>1759.3</ele>
    <time>2023-05-18T19:07:19Z</time>
   </trkpt>
   <trkpt lat="39.5787030" lon="-104.8570590">
    <ele>1759.2</ele>
    <time>2023-05-18T19:07:20Z</time>
   </trkpt>
   <trkpt lat="39.5787060" lon="-104.8570770">
    <ele>1759.1</ele>
    <time>2023-05-18T19:07:21Z</time>
   </trkpt>
   <trkpt lat="39.5787110" lon="-104.8570930">
    <ele>1759.0</ele>
    <time>2023-05-18T19:07:22Z</time>
   </trkpt>
   <trkpt lat="39.5787140" lon="-104.8571120">
    <ele>1758.9</ele>
    <time>2023-05-18T19:07:23Z</time>
   </trkpt>
   <trkpt lat="39.5787180" lon="-104.8571300">
    <ele>1758.8</ele>
    <time>2023-05-18T19:07:24Z</time>
   </trkpt>
   <trkpt lat="39.5787200" lon="-104.8571490">
    <ele>1758.8</ele>
    <time>2023-05-18T19:07:25Z</time>
   </trkpt>
   <trkpt lat="39.5787200" lon="-104.8571670">
    <ele>1758.7</ele>
    <time>2023-05-18T19:07:26Z</time>
   </trkpt>
   <trkpt lat="39.5787190" lon="-104.8571950">
    <ele>1758.6</ele>
    <time>2023-05-18T19:07:27Z</time>
   </trkpt>
   <trkpt lat="39.5787170" lon="-104.8572060">
    <ele>1758.5</ele>
    <time>2023-05-18T19:07:28Z</time>
   </trkpt>
   <trkpt lat="39.5787150" lon="-104.8572160">
    <ele>1758.5</ele>
    <time>2023-05-18T19:07:29Z</time>
   </trkpt>
   <trkpt lat="39.5787160" lon="-104.8572440">
    <ele>1758.4</ele>
    <time>2023-05-18T19:07:30Z</time>
   </trkpt>
   <trkpt lat="39.5787160" lon="-104.8572550">
    <ele>1758.3</ele>
    <time>2023-05-18T19:07:31Z</time>
   </trkpt>
   <trkpt lat="39.5787160" lon="-104.8572670">
    <ele>1758.3</ele>
    <time>2023-05-18T19:07:32Z</time>
   </trkpt>
   <trkpt lat="39.5787190" lon="-104.8572830">
    <ele>1758.2</ele>
    <time>2023-05-18T19:07:33Z</time>
   </trkpt>
   <trkpt lat="39.5787160" lon="-104.8573020">
    <ele>1758.1</ele>
    <time>2023-05-18T19:07:34Z</time>
   </trkpt>
   <trkpt lat="39.5787130" lon="-104.8573310">
    <ele>1758.0</ele>
    <time>2023-05-18T19:07:35Z</time>
   </trkpt>
   <trkpt lat="39.5787130" lon="-104.8573420">
    <ele>1758.0</ele>
    <time>2023-05-18T19:07:36Z</time>
   </trkpt>
   <trkpt lat="39.5787130" lon="-104.8573530">
    <ele>1758.0</ele>
    <time>2023-05-18T19:07:37Z</time>
   </trkpt>
   <trkpt lat="39.5787130" lon="-104.8573820">
    <ele>1757.9</ele>
    <time>2023-05-18T19:07:38Z</time>
   </trkpt>
   <trkpt lat="39.5787120" lon="-104.8573930">
    <ele>1757.8</ele>
    <time>2023-05-18T19:07:39Z</time>
   </trkpt>
   <trkpt lat="39.5787120" lon="-104.8574050">
    <ele>1757.8</ele>
    <time>2023-05-18T19:07:40Z</time>
   </trkpt>
   <trkpt lat="39.5787070" lon="-104.8574360">
    <ele>1757.6</ele>
    <time>2023-05-18T19:07:41Z</time>
   </trkpt>
   <trkpt lat="39.5787050" lon="-104.8574500">
    <ele>1757.6</ele>
    <time>2023-05-18T19:07:43Z</time>
   </trkpt>
   <trkpt lat="39.5787020" lon="-104.8574640">
    <ele>1757.5</ele>
    <time>2023-05-18T19:07:44Z</time>
   </trkpt>
   <trkpt lat="39.5787000" lon="-104.8574770">
    <ele>1757.4</ele>
    <time>2023-05-18T19:07:45Z</time>
   </trkpt>
   <trkpt lat="39.5786980" lon="-104.8574910">
    <ele>1757.3</ele>
    <time>2023-05-18T19:07:46Z</time>
   </trkpt>
   <trkpt lat="39.5786950" lon="-104.8575190">
    <ele>1757.1</ele>
    <time>2023-05-18T19:07:47Z</time>
   </trkpt>
   <trkpt lat="39.5786940" lon="-104.8575300">
    <ele>1757.1</ele>
    <time>2023-05-18T19:07:48Z</time>
   </trkpt>
   <trkpt lat="39.5786930" lon="-104.8575410">
    <ele>1757.0</ele>
    <time>2023-05-18T19:07:49Z</time>
   </trkpt>
   <trkpt lat="39.5786900" lon="-104.8575690">
    <ele>1756.8</ele>
    <time>2023-05-18T19:07:50Z</time>
   </trkpt>
   <trkpt lat="39.5786890" lon="-104.8575800">
    <ele>1756.7</ele>
    <time>2023-05-18T19:07:51Z</time>
   </trkpt>
   <trkpt lat="39.5786890" lon="-104.8575910">
    <ele>1756.6</ele>
    <time>2023-05-18T19:07:52Z</time>
   </trkpt>
   <trkpt lat="39.5786880" lon="-104.8576200">
    <ele>1756.4</ele>
    <time>2023-05-18T19:07:53Z</time>
   </trkpt>
   <trkpt lat="39.5786880" lon="-104.8576300">
    <ele>1756.3</ele>
    <time>2023-05-18T19:07:54Z</time>
   </trkpt>
   <trkpt lat="39.5786880" lon="-104.8576410">
    <ele>1756.2</ele>
    <time>2023-05-18T19:07:55Z</time>
   </trkpt>
   <trkpt lat="39.5786890" lon="-104.8576680">
    <ele>1756.0</ele>
    <time>2023-05-18T19:07:56Z</time>
   </trkpt>
   <trkpt lat="39.5786880" lon="-104.8576790">
    <ele>1755.9</ele>
    <time>2023-05-18T19:07:57Z</time>
   </trkpt>
   <trkpt lat="39.5786880" lon="-104.8576890">
    <ele>1755.8</ele>
    <time>2023-05-18T19:07:58Z</time>
   </trkpt>
   <trkpt lat="39.5786880" lon="-104.8577220">
    <ele>1755.6</ele>
    <time>2023-05-18T19:07:59Z</time>
   </trkpt>
   <trkpt lat="39.5786890" lon="-104.8577380">
    <ele>1755.5</ele>
    <time>2023-05-18T19:08:00Z</time>
   </trkpt>
   <trkpt lat="39.5786890" lon="-104.8577660">
    <ele>1755.2</ele>
    <time>2023-05-18T19:08:01Z</time>
   </trkpt>
   <trkpt lat="39.5786890" lon="-104.8577770">
    <ele>1755.2</ele>
    <time>2023-05-18T19:08:02Z</time>
   </trkpt>
   <trkpt lat="39.5786890" lon="-104.8577880">
    <ele>1755.3</ele>
    <time>2023-05-18T19:08:03Z</time>
   </trkpt>
   <trkpt lat="39.5786900" lon="-104.8577920">
    <ele>1755.3</ele>
    <time>2023-05-18T19:08:04Z</time>
   </trkpt>
   <trkpt lat="39.5786910" lon="-104.8577780">
    <ele>1755.4</ele>
    <time>2023-05-18T19:08:05Z</time>
   </trkpt>
   <trkpt lat="39.5786920" lon="-104.8577630">
    <ele>1755.5</ele>
    <time>2023-05-18T19:08:06Z</time>
   </trkpt>
   <trkpt lat="39.5786930" lon="-104.8577490">
    <ele>1755.6</ele>
    <time>2023-05-18T19:08:07Z</time>
   </trkpt>
   <trkpt lat="39.5786940" lon="-104.8577350">
    <ele>1755.7</ele>
    <time>2023-05-18T19:08:08Z</time>
   </trkpt>
   <trkpt lat="39.5786950" lon="-104.8577160">
    <ele>1755.8</ele>
    <time>2023-05-18T19:08:09Z</time>
   </trkpt>
   <trkpt lat="39.5786990" lon="-104.8576970">
    <ele>1756.0</ele>
    <time>2023-05-18T19:08:10Z</time>
   </trkpt>
   <trkpt lat="39.5786970" lon="-104.8576770">
    <ele>1756.1</ele>
    <time>2023-05-18T19:08:11Z</time>
   </trkpt>
   <trkpt lat="39.5786980" lon="-104.8576580">
    <ele>1756.3</ele>
    <time>2023-05-18T19:08:12Z</time>
   </trkpt>
   <trkpt lat="39.5786980" lon="-104.8576400">
    <ele>1756.4</ele>
    <time>2023-05-18T19:08:13Z</time>
   </trkpt>
   <trkpt lat="39.5786950" lon="-104.8576210">
    <ele>1756.5</ele>
    <time>2023-05-18T19:08:14Z</time>
   </trkpt>
   <trkpt lat="39.5786940" lon="-104.8576010">
    <ele>1756.7</ele>
    <time>2023-05-18T19:08:15Z</time>
   </trkpt>
   <trkpt lat="39.5786950" lon="-104.8575820">
    <ele>1756.8</ele>
    <time>2023-05-18T19:08:16Z</time>
   </trkpt>
   <trkpt lat="39.5786980" lon="-104.8575610">
    <ele>1756.9</ele>
    <time>2023-05-18T19:08:17Z</time>
   </trkpt>
   <trkpt lat="39.5787000" lon="-104.8575420">
    <ele>1757.0</ele>
    <time>2023-05-18T19:08:18Z</time>
   </trkpt>
   <trkpt lat="39.5787000" lon="-104.8575220">
    <ele>1757.2</ele>
    <time>2023-05-18T19:08:19Z</time>
   </trkpt>
   <trkpt lat="39.5787010" lon="-104.8575030">
    <ele>1757.3</ele>
    <time>2023-05-18T19:08:20Z</time>
   </trkpt>
   <trkpt lat="39.5787010" lon="-104.8574840">
    <ele>1757.4</ele>
    <time>2023-05-18T19:08:21Z</time>
   </trkpt>
   <trkpt lat="39.5787050" lon="-104.8574640">
    <ele>1757.5</ele>
    <time>2023-05-18T19:08:22Z</time>
   </trkpt>
   <trkpt lat="39.5787100" lon="-104.8574450">
    <ele>1757.6</ele>
    <time>2023-05-18T19:08:23Z</time>
   </trkpt>
   <trkpt lat="39.5787140" lon="-104.8574260">
    <ele>1757.7</ele>
    <time>2023-05-18T19:08:24Z</time>
   </trkpt>
   <trkpt lat="39.5787150" lon="-104.8574070">
    <ele>1757.7</ele>
    <time>2023-05-18T19:08:25Z</time>
   </trkpt>
   <trkpt lat="39.5787170" lon="-104.8573880">
    <ele>1757.8</ele>
    <time>2023-05-18T19:08:26Z</time>
   </trkpt>
   <trkpt lat="39.5787180" lon="-104.8573680">
    <ele>1757.9</ele>
    <time>2023-05-18T19:08:27Z</time>
   </trkpt>
   <trkpt lat="39.5787180" lon="-104.8573490">
    <ele>1758.0</ele>
    <time>2023-05-18T19:08:28Z</time>
   </trkpt>
   <trkpt lat="39.5787200" lon="-104.8573310">
    <ele>1758.0</ele>
    <time>2023-05-18T19:08:29Z</time>
   </trkpt>
   <trkpt lat="39.5787210" lon="-104.8573120">
    <ele>1758.1</ele>
    <time>2023-05-18T19:08:30Z</time>
   </trkpt>
   <trkpt lat="39.5787200" lon="-104.8572930">
    <ele>1758.2</ele>
    <time>2023-05-18T19:08:31Z</time>
   </trkpt>
   <trkpt lat="39.5787190" lon="-104.8572750">
    <ele>1758.2</ele>
    <time>2023-05-18T19:08:32Z</time>
   </trkpt>
   <trkpt lat="39.5787190" lon="-104.8572470">
    <ele>1758.3</ele>
    <time>2023-05-18T19:08:33Z</time>
   </trkpt>
   <trkpt lat="39.5787190" lon="-104.8572350">
    <ele>1758.4</ele>
    <time>2023-05-18T19:08:34Z</time>
   </trkpt>
   <trkpt lat="39.5787190" lon="-104.8572240">
    <ele>1758.4</ele>
    <time>2023-05-18T19:08:35Z</time>
   </trkpt>
   <trkpt lat="39.5787190" lon="-104.8572050">
    <ele>1758.5</ele>
    <time>2023-05-18T19:08:36Z</time>
   </trkpt>
   <trkpt lat="39.5787180" lon="-104.8571870">
    <ele>1758.6</ele>
    <time>2023-05-18T19:08:37Z</time>
   </trkpt>
   <trkpt lat="39.5787190" lon="-104.8571690">
    <ele>1758.7</ele>
    <time>2023-05-18T19:08:38Z</time>
   </trkpt>
   <trkpt lat="39.5787200" lon="-104.8571500">
    <ele>1758.7</ele>
    <time>2023-05-18T19:08:39Z</time>
   </trkpt>
   <trkpt lat="39.5787190" lon="-104.8571310">
    <ele>1758.8</ele>
    <time>2023-05-18T19:08:40Z</time>
   </trkpt>
   <trkpt lat="39.5787200" lon="-104.8571110">
    <ele>1758.9</ele>
    <time>2023-05-18T19:08:41Z</time>
   </trkpt>
   <trkpt lat="39.5787140" lon="-104.8570920">
    <ele>1759.0</ele>
    <time>2023-05-18T19:08:42Z</time>
   </trkpt>
   <trkpt lat="39.5787110" lon="-104.8570730">
    <ele>1759.1</ele>
    <time>2023-05-18T19:08:43Z</time>
   </trkpt>
   <trkpt lat="39.5787080" lon="-104.8570540">
    <ele>1759.2</ele>
    <time>2023-05-18T19:08:44Z</time>
   </trkpt>
   <trkpt lat="39.5787010" lon="-104.8570360">
    <ele>1759.3</ele>
    <time>2023-05-18T19:08:45Z</time>
   </trkpt>
   <trkpt lat="39.5786930" lon="-104.8570200">
    <ele>1759.3</ele>
    <time>2023-05-18T19:08:46Z</time>
   </trkpt>
   <trkpt lat="39.5786830" lon="-104.8570050">
    <ele>1759.4</ele>
    <time>2023-05-18T19:08:47Z</time>
   </trkpt>
   <trkpt lat="39.5786720" lon="-104.8569920">
    <ele>1760.1</ele>
    <time>2023-05-18T19:08:48Z</time>
   </trkpt>
   <trkpt lat="39.5786590" lon="-104.8569820">
    <ele>1760.0</ele>
    <time>2023-05-18T19:08:49Z</time>
   </trkpt>
   <trkpt lat="39.5786430" lon="-104.8569790">
    <ele>1760.0</ele>
    <time>2023-05-18T19:08:50Z</time>
   </trkpt>
   <trkpt lat="39.5786280" lon="-104.8569800">
    <ele>1760.0</ele>
    <time>2023-05-18T19:08:51Z</time>
   </trkpt>
   <trkpt lat="39.5786150" lon="-104.8569790">
    <ele>1760.0</ele>
    <time>2023-05-18T19:08:52Z</time>
   </trkpt>
   <trkpt lat="39.5786000" lon="-104.8569780">
    <ele>1760.0</ele>
    <time>2023-05-18T19:08:53Z</time>
   </trkpt>
   <trkpt lat="39.5785860" lon="-104.8569750">
    <ele>1760.0</ele>
    <time>2023-05-18T19:08:54Z</time>
   </trkpt>
   <trkpt lat="39.5785730" lon="-104.8569710">
    <ele>1760.0</ele>
    <time>2023-05-18T19:08:55Z</time>
   </trkpt>
   <trkpt lat="39.5785580" lon="-104.8569750">
    <ele>1760.0</ele>
    <time>2023-05-18T19:08:56Z</time>
   </trkpt>
   <trkpt lat="39.5785430" lon="-104.8569810">
    <ele>1760.0</ele>
    <time>2023-05-18T19:08:57Z</time>
   </trkpt>
   <trkpt lat="39.5785280" lon="-104.8569780">
    <ele>1759.9</ele>
    <time>2023-05-18T19:08:58Z</time>
   </trkpt>
   <trkpt lat="39.5785130" lon="-104.8569760">
    <ele>1759.9</ele>
    <time>2023-05-18T19:08:59Z</time>
   </trkpt>
   <trkpt lat="39.5784980" lon="-104.8569750">
    <ele>1759.9</ele>
    <time>2023-05-18T19:09:00Z</time>
   </trkpt>
   <trkpt lat="39.5784830" lon="-104.8569740">
    <ele>1759.8</ele>
    <time>2023-05-18T19:09:01Z</time>
   </trkpt>
   <trkpt lat="39.5784670" lon="-104.8569730">
    <ele>1759.8</ele>
    <time>2023-05-18T19:09:02Z</time>
   </trkpt>
   <trkpt lat="39.5784510" lon="-104.8569670">
    <ele>1759.8</ele>
    <time>2023-05-18T19:09:03Z</time>
   </trkpt>
   <trkpt lat="39.5784370" lon="-104.8569750">
    <ele>1759.7</ele>
    <time>2023-05-18T19:09:04Z</time>
   </trkpt>
   <trkpt lat="39.5784250" lon="-104.8569830">
    <ele>1759.7</ele>
    <time>2023-05-18T19:09:05Z</time>
   </trkpt>
   <trkpt lat="39.5784110" lon="-104.8569850">
    <ele>1759.7</ele>
    <time>2023-05-18T19:09:06Z</time>
   </trkpt>
   <trkpt lat="39.5783950" lon="-104.8569790">
    <ele>1759.6</ele>
    <time>2023-05-18T19:09:07Z</time>
   </trkpt>
   <trkpt lat="39.5783810" lon="-104.8569790">
    <ele>1759.6</ele>
    <time>2023-05-18T19:09:08Z</time>
   </trkpt>
   <trkpt lat="39.5783670" lon="-104.8569780">
    <ele>1759.5</ele>
    <time>2023-05-18T19:09:09Z</time>
   </trkpt>
   <trkpt lat="39.5783520" lon="-104.8569780">
    <ele>1759.5</ele>
    <time>2023-05-18T19:09:10Z</time>
   </trkpt>
   <trkpt lat="39.5783360" lon="-104.8569770">
    <ele>1759.4</ele>
    <time>2023-05-18T19:09:11Z</time>
   </trkpt>
   <trkpt lat="39.5783210" lon="-104.8569780">
    <ele>1759.4</ele>
    <time>2023-05-18T19:09:12Z</time>
   </trkpt>
   <trkpt lat="39.5783070" lon="-104.8569760">
    <ele>1759.3</ele>
    <time>2023-05-18T19:09:13Z</time>
   </trkpt>
   <trkpt lat="39.5782910" lon="-104.8569730">
    <ele>1759.3</ele>
    <time>2023-05-18T19:09:14Z</time>
   </trkpt>
   <trkpt lat="39.5782770" lon="-104.8569730">
    <ele>1759.2</ele>
    <time>2023-05-18T19:09:15Z</time>
   </trkpt>
   <trkpt lat="39.5782620" lon="-104.8569730">
    <ele>1759.1</ele>
    <time>2023-05-18T19:09:16Z</time>
   </trkpt>
   <trkpt lat="39.5782470" lon="-104.8569720">
    <ele>1759.1</ele>
    <time>2023-05-18T19:09:17Z</time>
   </trkpt>
   <trkpt lat="39.5782310" lon="-104.8569710">
    <ele>1759.0</ele>
    <time>2023-05-18T19:09:18Z</time>
   </trkpt>
   <trkpt lat="39.5782160" lon="-104.8569710">
    <ele>1758.9</ele>
    <time>2023-05-18T19:09:19Z</time>
   </trkpt>
   <trkpt lat="39.5782020" lon="-104.8569720">
    <ele>1758.9</ele>
    <time>2023-05-18T19:09:20Z</time>
   </trkpt>
   <trkpt lat="39.5781870" lon="-104.8569700">
    <ele>1758.8</ele>
    <time>2023-05-18T19:09:21Z</time>
   </trkpt>
   <trkpt lat="39.5781720" lon="-104.8569680">
    <ele>1758.8</ele>
    <time>2023-05-18T19:09:22Z</time>
   </trkpt>
   <trkpt lat="39.5781570" lon="-104.8569680">
    <ele>1758.7</ele>
    <time>2023-05-18T19:09:23Z</time>
   </trkpt>
   <trkpt lat="39.5781420" lon="-104.8569690">
    <ele>1758.6</ele>
    <time>2023-05-18T19:09:24Z</time>
   </trkpt>
   <trkpt lat="39.5781280" lon="-104.8569670">
    <ele>1758.5</ele>
    <time>2023-05-18T19:09:25Z</time>
   </trkpt>
   <trkpt lat="39.5781130" lon="-104.8569680">
    <ele>1758.5</ele>
    <time>2023-05-18T19:09:26Z</time>
   </trkpt>
   <trkpt lat="39.5780990" lon="-104.8569670">
    <ele>1758.4</ele>
    <time>2023-05-18T19:09:27Z</time>
   </trkpt>
   <trkpt lat="39.5780850" lon="-104.8569650">
    <ele>1758.3</ele>
    <time>2023-05-18T19:09:28Z</time>
   </trkpt>
   <trkpt lat="39.5780700" lon="-104.8569650">
    <ele>1758.3</ele>
    <time>2023-05-18T19:09:29Z</time>
   </trkpt>
   <trkpt lat="39.5780570" lon="-104.8569670">
    <ele>1758.2</ele>
    <time>2023-05-18T19:09:30Z</time>
   </trkpt>
   <trkpt lat="39.5780420" lon="-104.8569710">
    <ele>1758.1</ele>
    <time>2023-05-18T19:09:31Z</time>
   </trkpt>
   <trkpt lat="39.5780280" lon="-104.8569710">
    <ele>1758.1</ele>
    <time>2023-05-18T19:09:32Z</time>
   </trkpt>
   <trkpt lat="39.5780140" lon="-104.8569700">
    <ele>1758.0</ele>
    <time>2023-05-18T19:09:33Z</time>
   </trkpt>
   <trkpt lat="39.5779990" lon="-104.8569730">
    <ele>1757.9</ele>
    <time>2023-05-18T19:09:34Z</time>
   </trkpt>
   <trkpt lat="39.5779840" lon="-104.8569730">
    <ele>1757.8</ele>
    <time>2023-05-18T19:09:35Z</time>
   </trkpt>
   <trkpt lat="39.5779700" lon="-104.8569730">
    <ele>1757.8</ele>
    <time>2023-05-18T19:09:36Z</time>
   </trkpt>
   <trkpt lat="39.5779560" lon="-104.8569740">
    <ele>1757.7</ele>
    <time>2023-05-18T19:09:37Z</time>
   </trkpt>
   <trkpt lat="39.5779400" lon="-104.8569760">
    <ele>1757.6</ele>
    <time>2023-05-18T19:09:38Z</time>
   </trkpt>
   <trkpt lat="39.5779250" lon="-104.8569760">
    <ele>1757.5</ele>
    <time>2023-05-18T19:09:39Z</time>
   </trkpt>
   <trkpt lat="39.5779030" lon="-104.8569760">
    <ele>1757.4</ele>
    <time>2023-05-18T19:09:40Z</time>
   </trkpt>
   <trkpt lat="39.5778940" lon="-104.8569760">
    <ele>1757.3</ele>
    <time>2023-05-18T19:09:41Z</time>
   </trkpt>
   <trkpt lat="39.5778860" lon="-104.8569770">
    <ele>1757.3</ele>
    <time>2023-05-18T19:09:42Z</time>
   </trkpt>
   <trkpt lat="39.5778710" lon="-104.8569810">
    <ele>1757.2</ele>
    <time>2023-05-18T19:09:43Z</time>
   </trkpt>
   <trkpt lat="39.5778570" lon="-104.8569880">
    <ele>1757.1</ele>
    <time>2023-05-18T19:09:44Z</time>
   </trkpt>
   <trkpt lat="39.5778430" lon="-104.8569910">
    <ele>1757.0</ele>
    <time>2023-05-18T19:09:45Z</time>
   </trkpt>
   <trkpt lat="39.5778270" lon="-104.8569910">
    <ele>1756.9</ele>
    <time>2023-05-18T19:09:46Z</time>
   </trkpt>
   <trkpt lat="39.5778050" lon="-104.8569970">
    <ele>1756.8</ele>
    <time>2023-05-18T19:09:47Z</time>
   </trkpt>
   <trkpt lat="39.5777960" lon="-104.8569990">
    <ele>1756.8</ele>
    <time>2023-05-18T19:09:49Z</time>
   </trkpt>
   <trkpt lat="39.5777870" lon="-104.8570000">
    <ele>1756.7</ele>
    <time>2023-05-18T19:09:50Z</time>
   </trkpt>
   <trkpt lat="39.5777730" lon="-104.8570000">
    <ele>1756.6</ele>
    <time>2023-05-18T19:09:51Z</time>
   </trkpt>
   <trkpt lat="39.5777590" lon="-104.8569980">
    <ele>1756.5</ele>
    <time>2023-05-18T19:09:52Z</time>
   </trkpt>
   <trkpt lat="39.5777460" lon="-104.8569960">
    <ele>1756.5</ele>
    <time>2023-05-18T19:09:53Z</time>
   </trkpt>
   <trkpt lat="39.5777320" lon="-104.8569960">
    <ele>1756.4</ele>
    <time>2023-05-18T19:09:54Z</time>
   </trkpt>
   <trkpt lat="39.5777190" lon="-104.8569960">
    <ele>1756.3</ele>
    <time>2023-05-18T19:09:55Z</time>
   </trkpt>
   <trkpt lat="39.5777050" lon="-104.8569870">
    <ele>1756.2</ele>
    <time>2023-05-18T19:09:56Z</time>
   </trkpt>
   <trkpt lat="39.5776910" lon="-104.8569790">
    <ele>1756.1</ele>
    <time>2023-05-18T19:09:57Z</time>
   </trkpt>
   <trkpt lat="39.5776780" lon="-104.8569750">
    <ele>1756.1</ele>
    <time>2023-05-18T19:09:58Z</time>
   </trkpt>
   <trkpt lat="39.5776620" lon="-104.8569740">
    <ele>1756.0</ele>
    <time>2023-05-18T19:09:59Z</time>
   </trkpt>
   <trkpt lat="39.5776480" lon="-104.8569660">
    <ele>1755.9</ele>
    <time>2023-05-18T19:10:00Z</time>
   </trkpt>
   <trkpt lat="39.5776340" lon="-104.8569580">
    <ele>1755.8</ele>
    <time>2023-05-18T19:10:01Z</time>
   </trkpt>
   <trkpt lat="39.5776180" lon="-104.8569570">
    <ele>1755.7</ele>
    <time>2023-05-18T19:10:02Z</time>
   </trkpt>
   <trkpt lat="39.5776040" lon="-104.8569580">
    <ele>1755.6</ele>
    <time>2023-05-18T19:10:03Z</time>
   </trkpt>
   <trkpt lat="39.5775880" lon="-104.8569570">
    <ele>1755.5</ele>
    <time>2023-05-18T19:10:04Z</time>
   </trkpt>
   <trkpt lat="39.5775740" lon="-104.8569580">
    <ele>1755.5</ele>
    <time>2023-05-18T19:10:05Z</time>
   </trkpt>
   <trkpt lat="39.5775430" lon="-104.8569610">
    <ele>1755.3</ele>
    <time>2023-05-18T19:10:06Z</time>
   </trkpt>
   <trkpt lat="39.5775290" lon="-104.8569620">
    <ele>1755.2</ele>
    <time>2023-05-18T19:10:07Z</time>
   </trkpt>
   <trkpt lat="39.5775140" lon="-104.8569670">
    <ele>1755.1</ele>
    <time>2023-05-18T19:10:08Z</time>
   </trkpt>
   <trkpt lat="39.5774990" lon="-104.8569720">
    <ele>1755.0</ele>
    <time>2023-05-18T19:10:09Z</time>
   </trkpt>
   <trkpt lat="39.5774820" lon="-104.8569680">
    <ele>1754.9</ele>
    <time>2023-05-18T19:10:10Z</time>
   </trkpt>
   <trkpt lat="39.5774660" lon="-104.8569690">
    <ele>1754.9</ele>
    <time>2023-05-18T19:10:11Z</time>
   </trkpt>
   <trkpt lat="39.5774510" lon="-104.8569700">
    <ele>1754.8</ele>
    <time>2023-05-18T19:10:12Z</time>
   </trkpt>
   <trkpt lat="39.5774360" lon="-104.8569700">
    <ele>1754.8</ele>
    <time>2023-05-18T19:10:13Z</time>
   </trkpt>
   <trkpt lat="39.5774210" lon="-104.8569720">
    <ele>1754.7</ele>
    <time>2023-05-18T19:10:14Z</time>
   </trkpt>
   <trkpt lat="39.5774060" lon="-104.8569740">
    <ele>1754.7</ele>
    <time>2023-05-18T19:10:15Z</time>
   </trkpt>
   <trkpt lat="39.5773920" lon="-104.8569720">
    <ele>1754.6</ele>
    <time>2023-05-18T19:10:16Z</time>
   </trkpt>
   <trkpt lat="39.5773760" lon="-104.8569640">
    <ele>1754.6</ele>
    <time>2023-05-18T19:10:17Z</time>
   </trkpt>
   <trkpt lat="39.5773630" lon="-104.8569550">
    <ele>1754.5</ele>
    <time>2023-05-18T19:10:18Z</time>
   </trkpt>
   <trkpt lat="39.5773490" lon="-104.8569550">
    <ele>1754.5</ele>
    <time>2023-05-18T19:10:19Z</time>
   </trkpt>
   <trkpt lat="39.5773340" lon="-104.8569580">
    <ele>1754.5</ele>
    <time>2023-05-18T19:10:20Z</time>
   </trkpt>
   <trkpt lat="39.5773200" lon="-104.8569620">
    <ele>1754.4</ele>
    <time>2023-05-18T19:10:21Z</time>
   </trkpt>
   <trkpt lat="39.5772970" lon="-104.8569630">
    <ele>1754.4</ele>
    <time>2023-05-18T19:10:22Z</time>
   </trkpt>
   <trkpt lat="39.5772890" lon="-104.8569630">
    <ele>1754.3</ele>
    <time>2023-05-18T19:10:23Z</time>
   </trkpt>
   <trkpt lat="39.5772800" lon="-104.8569620">
    <ele>1754.3</ele>
    <time>2023-05-18T19:10:24Z</time>
   </trkpt>
   <trkpt lat="39.5772660" lon="-104.8569610">
    <ele>1754.3</ele>
    <time>2023-05-18T19:10:25Z</time>
   </trkpt>
   <trkpt lat="39.5772520" lon="-104.8569660">
    <ele>1754.3</ele>
    <time>2023-05-18T19:10:26Z</time>
   </trkpt>
   <trkpt lat="39.5772390" lon="-104.8569710">
    <ele>1754.2</ele>
    <time>2023-05-18T19:10:27Z</time>
   </trkpt>
   <trkpt lat="39.5772250" lon="-104.8569700">
    <ele>1754.2</ele>
    <time>2023-05-18T19:10:28Z</time>
   </trkpt>
   <trkpt lat="39.5772100" lon="-104.8569660">
    <ele>1754.2</ele>
    <time>2023-05-18T19:10:29Z</time>
   </trkpt>
   <trkpt lat="39.5771950" lon="-104.8569650">
    <ele>1754.1</ele>
    <time>2023-05-18T19:10:30Z</time>
   </trkpt>
   <trkpt lat="39.5771810" lon="-104.8569620">
    <ele>1754.1</ele>
    <time>2023-05-18T19:10:31Z</time>
   </trkpt>
   <trkpt lat="39.5771670" lon="-104.8569610">
    <ele>1754.1</ele>
    <time>2023-05-18T19:10:32Z</time>
   </trkpt>
   <trkpt lat="39.5771520" lon="-104.8569590">
    <ele>1754.1</ele>
    <time>2023-05-18T19:10:33Z</time>
   </trkpt>
   <trkpt lat="39.5771380" lon="-104.8569570">
    <ele>1754.1</ele>
    <time>2023-05-18T19:10:34Z</time>
   </trkpt>
   <trkpt lat="39.5771240" lon="-104.8569570">
    <ele>1754.0</ele>
    <time>2023-05-18T19:10:35Z</time>
   </trkpt>
   <trkpt lat="39.5771100" lon="-104.8569570">
    <ele>1754.0</ele>
    <time>2023-05-18T19:10:36Z</time>
   </trkpt>
   <trkpt lat="39.5770870" lon="-104.8569630">
    <ele>1754.0</ele>
    <time>2023-05-18T19:10:37Z</time>
   </trkpt>
   <trkpt lat="39.5770780" lon="-104.8569630">
    <ele>1754.0</ele>
    <time>2023-05-18T19:10:38Z</time>
   </trkpt>
   <trkpt lat="39.5770690" lon="-104.8569640">
    <ele>1754.0</ele>
    <time>2023-05-18T19:10:39Z</time>
   </trkpt>
   <trkpt lat="39.5770570" lon="-104.8569640">
    <ele>1753.9</ele>
    <time>2023-05-18T19:10:40Z</time>
   </trkpt>
   <trkpt lat="39.5770370" lon="-104.8569600">
    <ele>1753.9</ele>
    <time>2023-05-18T19:10:41Z</time>
   </trkpt>
   <trkpt lat="39.5770270" lon="-104.8569590">
    <ele>1753.9</ele>
    <time>2023-05-18T19:10:42Z</time>
   </trkpt>
   <trkpt lat="39.5770100" lon="-104.8569630">
    <ele>1753.9</ele>
    <time>2023-05-18T19:10:43Z</time>
   </trkpt>
   <trkpt lat="39.5769960" lon="-104.8569630">
    <ele>1753.9</ele>
    <time>2023-05-18T19:10:44Z</time>
   </trkpt>
   <trkpt lat="39.5769810" lon="-104.8569640">
    <ele>1753.9</ele>
    <time>2023-05-18T19:10:45Z</time>
   </trkpt>
   <trkpt lat="39.5769660" lon="-104.8569660">
    <ele>1753.9</ele>
    <time>2023-05-18T19:10:46Z</time>
   </trkpt>
   <trkpt lat="39.5769510" lon="-104.8569660">
    <ele>1753.9</ele>
    <time>2023-05-18T19:10:47Z</time>
   </trkpt>
   <trkpt lat="39.5769360" lon="-104.8569650">
    <ele>1753.9</ele>
    <time>2023-05-18T19:10:48Z</time>
   </trkpt>
   <trkpt lat="39.5769210" lon="-104.8569630">
    <ele>1753.9</ele>
    <time>2023-05-18T19:10:49Z</time>
   </trkpt>
   <trkpt lat="39.5769060" lon="-104.8569680">
    <ele>1753.9</ele>
    <time>2023-05-18T19:10:50Z</time>
   </trkpt>
   <trkpt lat="39.5768920" lon="-104.8569800">
    <ele>1753.9</ele>
    <time>2023-05-18T19:10:51Z</time>
   </trkpt>
   <trkpt lat="39.5768780" lon="-104.8569850">
    <ele>1753.9</ele>
    <time>2023-05-18T19:10:52Z</time>
   </trkpt>
   <trkpt lat="39.5768610" lon="-104.8569900">
    <ele>1753.9</ele>
    <time>2023-05-18T19:10:53Z</time>
   </trkpt>
   <trkpt lat="39.5768450" lon="-104.8569870">
    <ele>1753.9</ele>
    <time>2023-05-18T19:10:54Z</time>
   </trkpt>
   <trkpt lat="39.5768300" lon="-104.8569800">
    <ele>1753.9</ele>
    <time>2023-05-18T19:10:55Z</time>
   </trkpt>
   <trkpt lat="39.5768150" lon="-104.8569790">
    <ele>1753.9</ele>
    <time>2023-05-18T19:10:56Z</time>
   </trkpt>
   <trkpt lat="39.5767990" lon="-104.8569810">
    <ele>1753.9</ele>
    <time>2023-05-18T19:10:57Z</time>
   </trkpt>
   <trkpt lat="39.5767840" lon="-104.8569810">
    <ele>1753.8</ele>
    <time>2023-05-18T19:10:58Z</time>
   </trkpt>
   <trkpt lat="39.5767690" lon="-104.8569840">
    <ele>1753.8</ele>
    <time>2023-05-18T19:10:59Z</time>
   </trkpt>
   <trkpt lat="39.5767540" lon="-104.8569830">
    <ele>1753.8</ele>
    <time>2023-05-18T19:11:00Z</time>
   </trkpt>
   <trkpt lat="39.5767390" lon="-104.8569820">
    <ele>1753.8</ele>
    <time>2023-05-18T19:11:01Z</time>
   </trkpt>
   <trkpt lat="39.5767240" lon="-104.8569810">
    <ele>1753.7</ele>
    <time>2023-05-18T19:11:02Z</time>
   </trkpt>
   <trkpt lat="39.5767100" lon="-104.8569870">
    <ele>1753.7</ele>
    <time>2023-05-18T19:11:03Z</time>
   </trkpt>
   <trkpt lat="39.5766960" lon="-104.8569930">
    <ele>1753.7</ele>
    <time>2023-05-18T19:11:04Z</time>
   </trkpt>
   <trkpt lat="39.5766810" lon="-104.8569960">
    <ele>1753.7</ele>
    <time>2023-05-18T19:11:05Z</time>
   </trkpt>
   <trkpt lat="39.5766670" lon="-104.8569990">
    <ele>1753.6</ele>
    <time>2023-05-18T19:11:06Z</time>
   </trkpt>
   <trkpt lat="39.5766530" lon="-104.8570030">
    <ele>1753.6</ele>
    <time>2023-05-18T19:11:07Z</time>
   </trkpt>
   <trkpt lat="39.5766380" lon="-104.8570060">
    <ele>1753.6</ele>
    <time>2023-05-18T19:11:08Z</time>
   </trkpt>
   <trkpt lat="39.5766230" lon="-104.8570100">
    <ele>1753.6</ele>
    <time>2023-05-18T19:11:09Z</time>
   </trkpt>
   <trkpt lat="39.5766090" lon="-104.8570130">
    <ele>1753.5</ele>
    <time>2023-05-18T19:11:10Z</time>
   </trkpt>
   <trkpt lat="39.5765940" lon="-104.8570140">
    <ele>1753.5</ele>
    <time>2023-05-18T19:11:11Z</time>
   </trkpt>
   <trkpt lat="39.5765810" lon="-104.8570250">
    <ele>1753.5</ele>
    <time>2023-05-18T19:11:12Z</time>
   </trkpt>
   <trkpt lat="39.5765690" lon="-104.8570340">
    <ele>1753.5</ele>
    <time>2023-05-18T19:11:13Z</time>
   </trkpt>
   <trkpt lat="39.5765470" lon="-104.8570410">
    <ele>1753.4</ele>
    <time>2023-05-18T19:11:14Z</time>
   </trkpt>
   <trkpt lat="39.5765380" lon="-104.8570470">
    <ele>1753.4</ele>
    <time>2023-05-18T19:11:15Z</time>
   </trkpt>
   <trkpt lat="39.5765290" lon="-104.8570520">
    <ele>1753.4</ele>
    <time>2023-05-18T19:11:16Z</time>
   </trkpt>
   <trkpt lat="39.5765150" lon="-104.8570530">
    <ele>1753.4</ele>
    <time>2023-05-18T19:11:17Z</time>
   </trkpt>
   <trkpt lat="39.5765010" lon="-104.8570630">
    <ele>1753.4</ele>
    <time>2023-05-18T19:11:18Z</time>
   </trkpt>
   <trkpt lat="39.5764860" lon="-104.8570690">
    <ele>1753.3</ele>
    <time>2023-05-18T19:11:19Z</time>
   </trkpt>
   <trkpt lat="39.5764700" lon="-104.8570740">
    <ele>1753.3</ele>
    <time>2023-05-18T19:11:20Z</time>
   </trkpt>
   <trkpt lat="39.5764540" lon="-104.8570780">
    <ele>1753.3</ele>
    <time>2023-05-18T19:11:21Z</time>
   </trkpt>
   <trkpt lat="39.5764420" lon="-104.8570870">
    <ele>1753.3</ele>
    <time>2023-05-18T19:11:22Z</time>
   </trkpt>
   <trkpt lat="39.5764290" lon="-104.8570990">
    <ele>1753.2</ele>
    <time>2023-05-18T19:11:23Z</time>
   </trkpt>
   <trkpt lat="39.5764140" lon="-104.8571060">
    <ele>1753.2</ele>
    <time>2023-05-18T19:11:24Z</time>
   </trkpt>
   <trkpt lat="39.5763990" lon="-104.8571140">
    <ele>1753.2</ele>
    <time>2023-05-18T19:11:25Z</time>
   </trkpt>
   <trkpt lat="39.5763870" lon="-104.8571250">
    <ele>1753.2</ele>
    <time>2023-05-18T19:11:26Z</time>
   </trkpt>
   <trkpt lat="39.5763720" lon="-104.8571320">
    <ele>1753.2</ele>
    <time>2023-05-18T19:11:27Z</time>
   </trkpt>
   <trkpt lat="39.5763570" lon="-104.8571400">
    <ele>1753.2</ele>
    <time>2023-05-18T19:11:28Z</time>
   </trkpt>
   <trkpt lat="39.5763450" lon="-104.8571500">
    <ele>1753.1</ele>
    <time>2023-05-18T19:11:29Z</time>
   </trkpt>
   <trkpt lat="39.5763310" lon="-104.8571600">
    <ele>1753.1</ele>
    <time>2023-05-18T19:11:30Z</time>
   </trkpt>
   <trkpt lat="39.5763170" lon="-104.8571690">
    <ele>1753.1</ele>
    <time>2023-05-18T19:11:31Z</time>
   </trkpt>
   <trkpt lat="39.5763040" lon="-104.8571770">
    <ele>1753.1</ele>
    <time>2023-05-18T19:11:32Z</time>
   </trkpt>
   <trkpt lat="39.5762900" lon="-104.8571840">
    <ele>1753.1</ele>
    <time>2023-05-18T19:11:33Z</time>
   </trkpt>
   <trkpt lat="39.5762770" lon="-104.8571900">
    <ele>1753.1</ele>
    <time>2023-05-18T19:11:34Z</time>
   </trkpt>
   <trkpt lat="39.5762630" lon="-104.8571970">
    <ele>1753.1</ele>
    <time>2023-05-18T19:11:35Z</time>
   </trkpt>
   <trkpt lat="39.5762510" lon="-104.8572080">
    <ele>1753.0</ele>
    <time>2023-05-18T19:11:36Z</time>
   </trkpt>
   <trkpt lat="39.5762380" lon="-104.8572180">
    <ele>1753.0</ele>
    <time>2023-05-18T19:11:37Z</time>
   </trkpt>
   <trkpt lat="39.5762220" lon="-104.8572220">
    <ele>1753.0</ele>
    <time>2023-05-18T19:11:38Z</time>
   </trkpt>
   <trkpt lat="39.5762090" lon="-104.8572300">
    <ele>1753.0</ele>
    <time>2023-05-18T19:11:39Z</time>
   </trkpt>
   <trkpt lat="39.5761970" lon="-104.8572400">
    <ele>1753.0</ele>
    <time>2023-05-18T19:11:40Z</time>
   </trkpt>
   <trkpt lat="39.5761820" lon="-104.8572480">
    <ele>1753.0</ele>
    <time>2023-05-18T19:11:41Z</time>
   </trkpt>
   <trkpt lat="39.5761670" lon="-104.8572550">
    <ele>1752.9</ele>
    <time>2023-05-18T19:11:42Z</time>
   </trkpt>
   <trkpt lat="39.5761520" lon="-104.8572610">
    <ele>1752.9</ele>
    <time>2023-05-18T19:11:43Z</time>
   </trkpt>
   <trkpt lat="39.5761400" lon="-104.8572720">
    <ele>1752.9</ele>
    <time>2023-05-18T19:11:44Z</time>
   </trkpt>
   <trkpt lat="39.5761290" lon="-104.8572850">
    <ele>1752.9</ele>
    <time>2023-05-18T19:11:45Z</time>
   </trkpt>
   <trkpt lat="39.5761150" lon="-104.8572940">
    <ele>1752.9</ele>
    <time>2023-05-18T19:11:46Z</time>
   </trkpt>
   <trkpt lat="39.5761000" lon="-104.8573010">
    <ele>1752.9</ele>
    <time>2023-05-18T19:11:47Z</time>
   </trkpt>
   <trkpt lat="39.5760860" lon="-104.8573130">
    <ele>1752.9</ele>
    <time>2023-05-18T19:11:48Z</time>
   </trkpt>
   <trkpt lat="39.5760720" lon="-104.8573220">
    <ele>1752.9</ele>
    <time>2023-05-18T19:11:49Z</time>
   </trkpt>
   <trkpt lat="39.5760580" lon="-104.8573300">
    <ele>1752.9</ele>
    <time>2023-05-18T19:11:50Z</time>
   </trkpt>
   <trkpt lat="39.5760450" lon="-104.8573380">
    <ele>1752.9</ele>
    <time>2023-05-18T19:11:51Z</time>
   </trkpt>
   <trkpt lat="39.5760320" lon="-104.8573470">
    <ele>1752.9</ele>
    <time>2023-05-18T19:11:52Z</time>
   </trkpt>
   <trkpt lat="39.5760200" lon="-104.8573570">
    <ele>1752.9</ele>
    <time>2023-05-18T19:11:53Z</time>
   </trkpt>
   <trkpt lat="39.5760070" lon="-104.8573650">
    <ele>1752.9</ele>
    <time>2023-05-18T19:11:54Z</time>
   </trkpt>
   <trkpt lat="39.5759790" lon="-104.8573760">
    <ele>1752.9</ele>
    <time>2023-05-18T19:11:56Z</time>
   </trkpt>
   <trkpt lat="39.5759670" lon="-104.8573850">
    <ele>1752.9</ele>
    <time>2023-05-18T19:11:57Z</time>
   </trkpt>
   <trkpt lat="39.5759550" lon="-104.8573950">
    <ele>1752.9</ele>
    <time>2023-05-18T19:11:58Z</time>
   </trkpt>
   <trkpt lat="39.5759430" lon="-104.8574040">
    <ele>1752.9</ele>
    <time>2023-05-18T19:11:59Z</time>
   </trkpt>
   <trkpt lat="39.5759290" lon="-104.8574090">
    <ele>1752.9</ele>
    <time>2023-05-18T19:12:00Z</time>
   </trkpt>
   <trkpt lat="39.5759140" lon="-104.8574180">
    <ele>1753.0</ele>
    <time>2023-05-18T19:12:01Z</time>
   </trkpt>
   <trkpt lat="39.5758990" lon="-104.8574240">
    <ele>1753.0</ele>
    <time>2023-05-18T19:12:02Z</time>
   </trkpt>
   <trkpt lat="39.5758840" lon="-104.8574320">
    <ele>1753.0</ele>
    <time>2023-05-18T19:12:03Z</time>
   </trkpt>
   <trkpt lat="39.5758710" lon="-104.8574400">
    <ele>1753.0</ele>
    <time>2023-05-18T19:12:04Z</time>
   </trkpt>
   <trkpt lat="39.5758560" lon="-104.8574460">
    <ele>1753.0</ele>
    <time>2023-05-18T19:12:05Z</time>
   </trkpt>
   <trkpt lat="39.5758380" lon="-104.8574460">
    <ele>1753.0</ele>
    <time>2023-05-18T19:12:06Z</time>
   </trkpt>
   <trkpt lat="39.5758240" lon="-104.8574510">
    <ele>1753.1</ele>
    <time>2023-05-18T19:12:07Z</time>
   </trkpt>
   <trkpt lat="39.5758130" lon="-104.8574640">
    <ele>1753.1</ele>
    <time>2023-05-18T19:12:08Z</time>
   </trkpt>
   <trkpt lat="39.5757990" lon="-104.8574790">
    <ele>1753.1</ele>
    <time>2023-05-18T19:12:09Z</time>
   </trkpt>
   <trkpt lat="39.5757820" lon="-104.8574860">
    <ele>1753.1</ele>
    <time>2023-05-18T19:12:10Z</time>
   </trkpt>
   <trkpt lat="39.5757670" lon="-104.8574900">
    <ele>1753.1</ele>
    <time>2023-05-18T19:12:11Z</time>
   </trkpt>
   <trkpt lat="39.5757510" lon="-104.8574970">
    <ele>1753.2</ele>
    <time>2023-05-18T19:12:12Z</time>
   </trkpt>
   <trkpt lat="39.5757360" lon="-104.8575020">
    <ele>1753.2</ele>
    <time>2023-05-18T19:12:13Z</time>
   </trkpt>
   <trkpt lat="39.5757210" lon="-104.8575000">
    <ele>1753.3</ele>
    <time>2023-05-18T19:12:14Z</time>
   </trkpt>
   <trkpt lat="39.5757060" lon="-104.8575030">
    <ele>1753.3</ele>
    <time>2023-05-18T19:12:15Z</time>
   </trkpt>
   <trkpt lat="39.5756900" lon="-104.8575050">
    <ele>1753.4</ele>
    <time>2023-05-18T19:12:16Z</time>
   </trkpt>
   <trkpt lat="39.5756760" lon="-104.8575120">
    <ele>1753.4</ele>
    <time>2023-05-18T19:12:17Z</time>
   </trkpt>
   <trkpt lat="39.5756610" lon="-104.8575190">
    <ele>1753.5</ele>
    <time>2023-05-18T19:12:18Z</time>
   </trkpt>
   <trkpt lat="39.5756460" lon="-104.8575180">
    <ele>1753.5</ele>
    <time>2023-05-18T19:12:19Z</time>
   </trkpt>
   <trkpt lat="39.5756330" lon="-104.8575220">
    <ele>1753.5</ele>
    <time>2023-05-18T19:12:20Z</time>
   </trkpt>
   <trkpt lat="39.5756180" lon="-104.8575190">
    <ele>1753.6</ele>
    <time>2023-05-18T19:12:21Z</time>
   </trkpt>
   <trkpt lat="39.5756020" lon="-104.8575240">
    <ele>1753.7</ele>
    <time>2023-05-18T19:12:22Z</time>
   </trkpt>
   <trkpt lat="39.5755880" lon="-104.8575240">
    <ele>1753.7</ele>
    <time>2023-05-18T19:12:23Z</time>
   </trkpt>
   <trkpt lat="39.5755730" lon="-104.8575300">
    <ele>1753.8</ele>
    <time>2023-05-18T19:12:24Z</time>
   </trkpt>
   <trkpt lat="39.5755590" lon="-104.8575310">
    <ele>1753.8</ele>
    <time>2023-05-18T19:12:25Z</time>
   </trkpt>
   <trkpt lat="39.5755450" lon="-104.8575340">
    <ele>1753.9</ele>
    <time>2023-05-18T19:12:26Z</time>
   </trkpt>
   <trkpt lat="39.5755320" lon="-104.8575350">
    <ele>1753.9</ele>
    <time>2023-05-18T19:12:27Z</time>
   </trkpt>
   <trkpt lat="39.5755180" lon="-104.8575330">
    <ele>1754.0</ele>
    <time>2023-05-18T19:12:28Z</time>
   </trkpt>
   <trkpt lat="39.5755040" lon="-104.8575360">
    <ele>1754.0</ele>
    <time>2023-05-18T19:12:29Z</time>
   </trkpt>
   <trkpt lat="39.5754900" lon="-104.8575370">
    <ele>1754.1</ele>
    <time>2023-05-18T19:12:30Z</time>
   </trkpt>
   <trkpt lat="39.5754760" lon="-104.8575370">
    <ele>1754.1</ele>
    <time>2023-05-18T19:12:31Z</time>
   </trkpt>
   <trkpt lat="39.5754620" lon="-104.8575360">
    <ele>1754.2</ele>
    <time>2023-05-18T19:12:32Z</time>
   </trkpt>
   <trkpt lat="39.5754480" lon="-104.8575380">
    <ele>1754.3</ele>
    <time>2023-05-18T19:12:33Z</time>
   </trkpt>
   <trkpt lat="39.5754330" lon="-104.8575370">
    <ele>1754.3</ele>
    <time>2023-05-18T19:12:34Z</time>
   </trkpt>
   <trkpt lat="39.5754180" lon="-104.8575360">
    <ele>1754.4</ele>
    <time>2023-05-18T19:12:35Z</time>
   </trkpt>
   <trkpt lat="39.5754030" lon="-104.8575320">
    <ele>1754.5</ele>
    <time>2023-05-18T19:12:36Z</time>
   </trkpt>
   <trkpt lat="39.5753880" lon="-104.8575330">
    <ele>1754.5</ele>
    <time>2023-05-18T19:12:37Z</time>
   </trkpt>
   <trkpt lat="39.5753730" lon="-104.8575340">
    <ele>1754.6</ele>
    <time>2023-05-18T19:12:38Z</time>
   </trkpt>
   <trkpt lat="39.5753590" lon="-104.8575360">
    <ele>1754.7</ele>
    <time>2023-05-18T19:12:39Z</time>
   </trkpt>
   <trkpt lat="39.5753440" lon="-104.8575330">
    <ele>1754.7</ele>
    <time>2023-05-18T19:12:40Z</time>
   </trkpt>
   <trkpt lat="39.5753300" lon="-104.8575300">
    <ele>1754.8</ele>
    <time>2023-05-18T19:12:41Z</time>
   </trkpt>
   <trkpt lat="39.5753160" lon="-104.8575250">
    <ele>1754.9</ele>
    <time>2023-05-18T19:12:42Z</time>
   </trkpt>
   <trkpt lat="39.5753010" lon="-104.8575210">
    <ele>1754.9</ele>
    <time>2023-05-18T19:12:43Z</time>
   </trkpt>
   <trkpt lat="39.5752870" lon="-104.8575200">
    <ele>1755.0</ele>
    <time>2023-05-18T19:12:44Z</time>
   </trkpt>
   <trkpt lat="39.5752730" lon="-104.8575160">
    <ele>1755.1</ele>
    <time>2023-05-18T19:12:45Z</time>
   </trkpt>
   <trkpt lat="39.5752590" lon="-104.8575120">
    <ele>1755.1</ele>
    <time>2023-05-18T19:12:46Z</time>
   </trkpt>
   <trkpt lat="39.5752450" lon="-104.8575080">
    <ele>1755.2</ele>
    <time>2023-05-18T19:12:47Z</time>
   </trkpt>
   <trkpt lat="39.5752310" lon="-104.8575040">
    <ele>1755.3</ele>
    <time>2023-05-18T19:12:48Z</time>
   </trkpt>
   <trkpt lat="39.5752180" lon="-104.8575020">
    <ele>1755.3</ele>
    <time>2023-05-18T19:12:49Z</time>
   </trkpt>
   <trkpt lat="39.5752030" lon="-104.8574980">
    <ele>1755.4</ele>
    <time>2023-05-18T19:12:50Z</time>
   </trkpt>
   <trkpt lat="39.5751890" lon="-104.8574940">
    <ele>1755.5</ele>
    <time>2023-05-18T19:12:51Z</time>
   </trkpt>
   <trkpt lat="39.5751750" lon="-104.8574890">
    <ele>1755.5</ele>
    <time>2023-05-18T19:12:52Z</time>
   </trkpt>
   <trkpt lat="39.5751610" lon="-104.8574800">
    <ele>1755.6</ele>
    <time>2023-05-18T19:12:53Z</time>
   </trkpt>
   <trkpt lat="39.5751470" lon="-104.8574780">
    <ele>1755.7</ele>
    <time>2023-05-18T19:12:54Z</time>
   </trkpt>
   <trkpt lat="39.5751340" lon="-104.8574740">
    <ele>1755.7</ele>
    <time>2023-05-18T19:12:55Z</time>
   </trkpt>
   <trkpt lat="39.5751210" lon="-104.8574670">
    <ele>1755.8</ele>
    <time>2023-05-18T19:12:56Z</time>
   </trkpt>
   <trkpt lat="39.5751080" lon="-104.8574580">
    <ele>1755.9</ele>
    <time>2023-05-18T19:12:57Z</time>
   </trkpt>
   <trkpt lat="39.5750940" lon="-104.8574540">
    <ele>1755.9</ele>
    <time>2023-05-18T19:12:58Z</time>
   </trkpt>
   <trkpt lat="39.5750790" lon="-104.8574460">
    <ele>1756.0</ele>
    <time>2023-05-18T19:12:59Z</time>
   </trkpt>
   <trkpt lat="39.5750670" lon="-104.8574400">
    <ele>1756.1</ele>
    <time>2023-05-18T19:13:00Z</time>
   </trkpt>
   <trkpt lat="39.5750520" lon="-104.8574360">
    <ele>1756.2</ele>
    <time>2023-05-18T19:13:01Z</time>
   </trkpt>
   <trkpt lat="39.5750380" lon="-104.8574320">
    <ele>1756.2</ele>
    <time>2023-05-18T19:13:02Z</time>
   </trkpt>
   <trkpt lat="39.5750240" lon="-104.8574270">
    <ele>1756.3</ele>
    <time>2023-05-18T19:13:03Z</time>
   </trkpt>
   <trkpt lat="39.5750090" lon="-104.8574200">
    <ele>1756.3</ele>
    <time>2023-05-18T19:13:04Z</time>
   </trkpt>
   <trkpt lat="39.5749950" lon="-104.8574130">
    <ele>1756.4</ele>
    <time>2023-05-18T19:13:05Z</time>
   </trkpt>
   <trkpt lat="39.5749820" lon="-104.8574050">
    <ele>1756.5</ele>
    <time>2023-05-18T19:13:06Z</time>
   </trkpt>
   <trkpt lat="39.5749690" lon="-104.8573960">
    <ele>1756.5</ele>
    <time>2023-05-18T19:13:07Z</time>
   </trkpt>
   <trkpt lat="39.5749550" lon="-104.8573860">
    <ele>1756.6</ele>
    <time>2023-05-18T19:13:08Z</time>
   </trkpt>
   <trkpt lat="39.5749400" lon="-104.8573810">
    <ele>1756.7</ele>
    <time>2023-05-18T19:13:09Z</time>
   </trkpt>
   <trkpt lat="39.5749260" lon="-104.8573730">
    <ele>1756.7</ele>
    <time>2023-05-18T19:13:10Z</time>
   </trkpt>
   <trkpt lat="39.5749130" lon="-104.8573630">
    <ele>1756.7</ele>
    <time>2023-05-18T19:13:11Z</time>
   </trkpt>
   <trkpt lat="39.5749010" lon="-104.8573540">
    <ele>1756.8</ele>
    <time>2023-05-18T19:13:12Z</time>
   </trkpt>
   <trkpt lat="39.5748880" lon="-104.8573480">
    <ele>1756.6</ele>
    <time>2023-05-18T19:13:13Z</time>
   </trkpt>
   <trkpt lat="39.5748720" lon="-104.8573440">
    <ele>1756.5</ele>
    <time>2023-05-18T19:13:14Z</time>
   </trkpt>
   <trkpt lat="39.5748560" lon="-104.8573450">
    <ele>1756.5</ele>
    <time>2023-05-18T19:13:15Z</time>
   </trkpt>
   <trkpt lat="39.5748410" lon="-104.8573490">
    <ele>1756.5</ele>
    <time>2023-05-18T19:13:16Z</time>
   </trkpt>
   <trkpt lat="39.5748260" lon="-104.8573530">
    <ele>1756.5</ele>
    <time>2023-05-18T19:13:17Z</time>
   </trkpt>
   <trkpt lat="39.5748090" lon="-104.8573500">
    <ele>1756.4</ele>
    <time>2023-05-18T19:13:18Z</time>
   </trkpt>
   <trkpt lat="39.5747930" lon="-104.8573510">
    <ele>1756.4</ele>
    <time>2023-05-18T19:13:19Z</time>
   </trkpt>
   <trkpt lat="39.5747780" lon="-104.8573470">
    <ele>1756.4</ele>
    <time>2023-05-18T19:13:20Z</time>
   </trkpt>
   <trkpt lat="39.5747630" lon="-104.8573460">
    <ele>1756.4</ele>
    <time>2023-05-18T19:13:21Z</time>
   </trkpt>
   <trkpt lat="39.5747480" lon="-104.8573450">
    <ele>1756.4</ele>
    <time>2023-05-18T19:13:22Z</time>
   </trkpt>
   <trkpt lat="39.5747340" lon="-104.8573480">
    <ele>1756.4</ele>
    <time>2023-05-18T19:13:23Z</time>
   </trkpt>
   <trkpt lat="39.5747190" lon="-104.8573490">
    <ele>1756.4</ele>
    <time>2023-05-18T19:13:24Z</time>
   </trkpt>
   <trkpt lat="39.5747050" lon="-104.8573470">
    <ele>1756.4</ele>
    <time>2023-05-18T19:13:25Z</time>
   </trkpt>
   <trkpt lat="39.5746900" lon="-104.8573440">
    <ele>1756.4</ele>
    <time>2023-05-18T19:13:26Z</time>
   </trkpt>
   <trkpt lat="39.5746750" lon="-104.8573460">
    <ele>1756.4</ele>
    <time>2023-05-18T19:13:27Z</time>
   </trkpt>
   <trkpt lat="39.5746600" lon="-104.8573430">
    <ele>1756.4</ele>
    <time>2023-05-18T19:13:28Z</time>
   </trkpt>
   <trkpt lat="39.5746440" lon="-104.8573460">
    <ele>1756.4</ele>
    <time>2023-05-18T19:13:29Z</time>
   </trkpt>
   <trkpt lat="39.5746300" lon="-104.8573470">
    <ele>1756.4</ele>
    <time>2023-05-18T19:13:30Z</time>
   </trkpt>
   <trkpt lat="39.5746150" lon="-104.8573460">
    <ele>1756.4</ele>
    <time>2023-05-18T19:13:31Z</time>
   </trkpt>
   <trkpt lat="39.5746000" lon="-104.8573460">
    <ele>1756.4</ele>
    <time>2023-05-18T19:13:32Z</time>
   </trkpt>
   <trkpt lat="39.5745860" lon="-104.8573460">
    <ele>1756.4</ele>
    <time>2023-05-18T19:13:33Z</time>
   </trkpt>
   <trkpt lat="39.5745720" lon="-104.8573430">
    <ele>1756.4</ele>
    <time>2023-05-18T19:13:34Z</time>
   </trkpt>
   <trkpt lat="39.5745580" lon="-104.8573410">
    <ele>1756.4</ele>
    <time>2023-05-18T19:13:35Z</time>
   </trkpt>
   <trkpt lat="39.5745430" lon="-104.8573470">
    <ele>1756.4</ele>
    <time>2023-05-18T19:13:36Z</time>
   </trkpt>
   <trkpt lat="39.5745270" lon="-104.8573440">
    <ele>1756.4</ele>
    <time>2023-05-18T19:13:37Z</time>
   </trkpt>
   <trkpt lat="39.5745120" lon="-104.8573450">
    <ele>1756.4</ele>
    <time>2023-05-18T19:13:38Z</time>
   </trkpt>
   <trkpt lat="39.5744970" lon="-104.8573400">
    <ele>1756.4</ele>
    <time>2023-05-18T19:13:39Z</time>
   </trkpt>
   <trkpt lat="39.5744830" lon="-104.8573350">
    <ele>1756.4</ele>
    <time>2023-05-18T19:13:40Z</time>
   </trkpt>
   <trkpt lat="39.5744680" lon="-104.8573390">
    <ele>1756.4</ele>
    <time>2023-05-18T19:13:41Z</time>
   </trkpt>
   <trkpt lat="39.5744530" lon="-104.8573320">
    <ele>1756.4</ele>
    <time>2023-05-18T19:13:42Z</time>
   </trkpt>
   <trkpt lat="39.5744390" lon="-104.8573250">
    <ele>1756.4</ele>
    <time>2023-05-18T19:13:43Z</time>
   </trkpt>
   <trkpt lat="39.5744250" lon="-104.8573190">
    <ele>1756.4</ele>
    <time>2023-05-18T19:13:44Z</time>
   </trkpt>
   <trkpt lat="39.5744120" lon="-104.8573120">
    <ele>1756.4</ele>
    <time>2023-05-18T19:13:45Z</time>
   </trkpt>
   <trkpt lat="39.5743970" lon="-104.8573030">
    <ele>1756.4</ele>
    <time>2023-05-18T19:13:46Z</time>
   </trkpt>
   <trkpt lat="39.5743830" lon="-104.8572940">
    <ele>1756.4</ele>
    <time>2023-05-18T19:13:47Z</time>
   </trkpt>
   <trkpt lat="39.5743690" lon="-104.8572880">
    <ele>1756.4</ele>
    <time>2023-05-18T19:13:48Z</time>
   </trkpt>
   <trkpt lat="39.5743550" lon="-104.8572810">
    <ele>1756.4</ele>
    <time>2023-05-18T19:13:49Z</time>
   </trkpt>
   <trkpt lat="39.5743450" lon="-104.8572630">
    <ele>1756.4</ele>
    <time>2023-05-18T19:13:50Z</time>
   </trkpt>
   <trkpt lat="39.5743380" lon="-104.8572410">
    <ele>1756.4</ele>
    <time>2023-05-18T19:13:51Z</time>
   </trkpt>
   <trkpt lat="39.5743340" lon="-104.8572200">
    <ele>1756.9</ele>
    <time>2023-05-18T19:13:52Z</time>
   </trkpt>
   <trkpt lat="39.5743260" lon="-104.8572010">
    <ele>1757.0</ele>
    <time>2023-05-18T19:13:53Z</time>
   </trkpt>
   <trkpt lat="39.5743210" lon="-104.8571810">
    <ele>1757.0</ele>
    <time>2023-05-18T19:13:54Z</time>
   </trkpt>
   <trkpt lat="39.5743140" lon="-104.8571630">
    <ele>1757.1</ele>
    <time>2023-05-18T19:13:55Z</time>
   </trkpt>
   <trkpt lat="39.5743010" lon="-104.8571500">
    <ele>1757.1</ele>
    <time>2023-05-18T19:13:56Z</time>
   </trkpt>
   <trkpt lat="39.5742840" lon="-104.8571420">
    <ele>1757.2</ele>
    <time>2023-05-18T19:13:57Z</time>
   </trkpt>
   <trkpt lat="39.5742700" lon="-104.8571360">
    <ele>1757.2</ele>
    <time>2023-05-18T19:13:58Z</time>
   </trkpt>
   <trkpt lat="39.5742560" lon="-104.8571300">
    <ele>1757.3</ele>
    <time>2023-05-18T19:13:59Z</time>
   </trkpt>
   <trkpt lat="39.5742470" lon="-104.8571170">
    <ele>1757.3</ele>
    <time>2023-05-18T19:14:00Z</time>
   </trkpt>
   <trkpt lat="39.5742450" lon="-104.8570780">
    <ele>1757.4</ele>
    <time>2023-05-18T19:14:01Z</time>
   </trkpt>
   <trkpt lat="39.5742470" lon="-104.8570660">
    <ele>1757.4</ele>
    <time>2023-05-18T19:14:02Z</time>
   </trkpt>
   <trkpt lat="39.5742490" lon="-104.8570460">
    <ele>1757.5</ele>
    <time>2023-05-18T19:14:03Z</time>
   </trkpt>
   <trkpt lat="39.5742520" lon="-104.8570280">
    <ele>1757.5</ele>
    <time>2023-05-18T19:14:04Z</time>
   </trkpt>
   <trkpt lat="39.5742510" lon="-104.8570100">
    <ele>1757.5</ele>
    <time>2023-05-18T19:14:05Z</time>
   </trkpt>
   <trkpt lat="39.5742490" lon="-104.8569910">
    <ele>1757.6</ele>
    <time>2023-05-18T19:14:06Z</time>
   </trkpt>
   <trkpt lat="39.5742400" lon="-104.8569730">
    <ele>1757.6</ele>
    <time>2023-05-18T19:14:07Z</time>
   </trkpt>
   <trkpt lat="39.5742340" lon="-104.8569550">
    <ele>1757.7</ele>
    <time>2023-05-18T19:14:08Z</time>
   </trkpt>
   <trkpt lat="39.5742260" lon="-104.8569440">
    <ele>1757.7</ele>
    <time>2023-05-18T19:14:09Z</time>
   </trkpt>
   <trkpt lat="39.5742170" lon="-104.8569350">
    <ele>1757.7</ele>
    <time>2023-05-18T19:14:10Z</time>
   </trkpt>
   <trkpt lat="39.5742050" lon="-104.8569270">
    <ele>1757.8</ele>
    <time>2023-05-18T19:14:11Z</time>
   </trkpt>
   <trkpt lat="39.5741970" lon="-104.8569170">
    <ele>1757.8</ele>
    <time>2023-05-18T19:14:12Z</time>
   </trkpt>
   <trkpt lat="39.5741920" lon="-104.8569130">
    <ele>1757.8</ele>
    <time>2023-05-18T19:14:13Z</time>
   </trkpt>
   <trkpt lat="39.5741780" lon="-104.8569150">
    <ele>1757.9</ele>
    <time>2023-05-18T19:14:14Z</time>
   </trkpt>
   <trkpt lat="39.5741640" lon="-104.8569180">
    <ele>1757.9</ele>
    <time>2023-05-18T19:14:15Z</time>
   </trkpt>
   <trkpt lat="39.5741490" lon="-104.8569230">
    <ele>1758.0</ele>
    <time>2023-05-18T19:14:16Z</time>
   </trkpt>
   <trkpt lat="39.5741360" lon="-104.8569280">
    <ele>1758.0</ele>
    <time>2023-05-18T19:14:17Z</time>
   </trkpt>
  </trkseg>
 </trk>
</gpx>
