<?xml version="1.0" encoding="UTF-8"?>
<gpx creator="StravaGPX" version="1.1" xmlns="http://www.topografix.com/GPX/1/1" xmlns:xsi="http://www.w3.org/2001/XMLSchema-instance" xsi:schemaLocation="http://www.topografix.com/GPX/1/1 http://www.topografix.com/GPX/1/1/gpx.xsd">
 <metadata>
  <time>2023-10-03T14:25:57Z</time>
 </metadata>
 <trk>
  <name>Morning Run</name>
  <type>running</type>
  <trkseg>
   <trkpt lat="39.6827210" lon="-104.9596640">
    <ele>1631.7</ele>
    <time>2023-10-03T14:25:57Z</time>
   </trkpt>
   <trkpt lat="39.6827310" lon="-104.9597050">
    <ele>1631.6</ele>
    <time>2023-10-03T14:25:58Z</time>
   </trkpt>
   <trkpt lat="39.6827340" lon="-104.9597210">
    <ele>1631.6</ele>
    <time>2023-10-03T14:25:59Z</time>
   </trkpt>
   <trkpt lat="39.6827410" lon="-104.9597640">
    <ele>1631.5</ele>
    <time>2023-10-03T14:26:00Z</time>
   </trkpt>
   <trkpt lat="39.6827420" lon="-104.9597800">
    <ele>1631.5</ele>
    <time>2023-10-03T14:26:01Z</time>
   </trkpt>
   <trkpt lat="39.6827480" lon="-104.9598170">
    <ele>1631.4</ele>
    <time>2023-10-03T14:26:02Z</time>
   </trkpt>
   <trkpt lat="39.6827450" lon="-104.9598560">
    <ele>1631.4</ele>
    <time>2023-10-03T14:26:03Z</time>
   </trkpt>
   <trkpt lat="39.6827540" lon="-104.9598920">
    <ele>1631.3</ele>
    <time>2023-10-03T14:26:04Z</time>
   </trkpt>
   <trkpt lat="39.6827540" lon="-104.9599330">
    <ele>1631.2</ele>
    <time>2023-10-03T14:26:05Z</time>
   </trkpt>
   <trkpt lat="39.6827500" lon="-104.9599680">
    <ele>1631.2</ele>
    <time>2023-10-03T14:26:06Z</time>
   </trkpt>
   <trkpt lat="39.6827590" lon="-104.9600060">
    <ele>1631.1</ele>
    <time>2023-10-03T14:26:07Z</time>
   </trkpt>
   <trkpt lat="39.6827550" lon="-104.9600680">
    <ele>1631.1</ele>
    <time>2023-10-03T14:26:08Z</time>
   </trkpt>
   <trkpt lat="39.6827620" lon="-104.9601400">
    <ele>1631.0</ele>
    <time>2023-10-03T14:26:09Z</time>
   </trkpt>
   <trkpt lat="39.6827680" lon="-104.9601470">
    <ele>1631.0</ele>
    <time>2023-10-03T14:26:10Z</time>
   </trkpt>
   <trkpt lat="39.6827680" lon="-104.9601810">
    <ele>1631.0</ele>
    <time>2023-10-03T14:26:11Z</time>
   </trkpt>
   <trkpt lat="39.6827790" lon="-104.9602180">
    <ele>1630.9</ele>
    <time>2023-10-03T14:26:12Z</time>
   </trkpt>
   <trkpt lat="39.6827840" lon="-104.9602960">
    <ele>1630.9</ele>
    <time>2023-10-03T14:26:13Z</time>
   </trkpt>
   <trkpt lat="39.6827910" lon="-104.9603410">
    <ele>1630.8</ele>
    <time>2023-10-03T14:26:14Z</time>
   </trkpt>
   <trkpt lat="39.6828030" lon="-104.9603960">
    <ele>1630.8</ele>
    <time>2023-10-03T14:26:15Z</time>
   </trkpt>
   <trkpt lat="39.6828020" lon="-104.9604230">
    <ele>1630.8</ele>
    <time>2023-10-03T14:26:16Z</time>
   </trkpt>
   <trkpt lat="39.6827990" lon="-104.9604640">
    <ele>1630.7</ele>
    <time>2023-10-03T14:26:17Z</time>
   </trkpt>
   <trkpt lat="39.6827990" lon="-104.9605040">
    <ele>1630.7</ele>
    <time>2023-10-03T14:26:18Z</time>
   </trkpt>
   <trkpt lat="39.6828140" lon="-104.9605430">
    <ele>1630.6</ele>
    <time>2023-10-03T14:26:19Z</time>
   </trkpt>
   <trkpt lat="39.6828310" lon="-104.9605970">
    <ele>1630.5</ele>
    <time>2023-10-03T14:26:20Z</time>
   </trkpt>
   <trkpt lat="39.6828360" lon="-104.9606220">
    <ele>1630.5</ele>
    <time>2023-10-03T14:26:21Z</time>
   </trkpt>
   <trkpt lat="39.6828440" lon="-104.9606730">
    <ele>1630.5</ele>
    <time>2023-10-03T14:26:22Z</time>
   </trkpt>
   <trkpt lat="39.6828540" lon="-104.9607240">
    <ele>1630.4</ele>
    <time>2023-10-03T14:26:23Z</time>
   </trkpt>
   <trkpt lat="39.6828580" lon="-104.9607460">
    <ele>1630.4</ele>
    <time>2023-10-03T14:26:24Z</time>
   </trkpt>
   <trkpt lat="39.6828670" lon="-104.9607770">
    <ele>1630.4</ele>
    <time>2023-10-03T14:26:25Z</time>
   </trkpt>
   <trkpt lat="39.6828640" lon="-104.9608080">
    <ele>1630.3</ele>
    <time>2023-10-03T14:26:27Z</time>
   </trkpt>
   <trkpt lat="39.6828730" lon="-104.9608640">
    <ele>1630.3</ele>
    <time>2023-10-03T14:26:28Z</time>
   </trkpt>
   <trkpt lat="39.6828880" lon="-104.9609030">
    <ele>1630.2</ele>
    <time>2023-10-03T14:26:29Z</time>
   </trkpt>
   <trkpt lat="39.6829020" lon="-104.9609470">
    <ele>1630.2</ele>
    <time>2023-10-03T14:26:30Z</time>
   </trkpt>
   <trkpt lat="39.6829090" lon="-104.9609920">
    <ele>1630.1</ele>
    <time>2023-10-03T14:26:31Z</time>
   </trkpt>
   <trkpt lat="39.6829270" lon="-104.9610440">
    <ele>1630.0</ele>
    <time>2023-10-03T14:26:32Z</time>
   </trkpt>
   <trkpt lat="39.6829360" lon="-104.9610660">
    <ele>1630.0</ele>
    <time>2023-10-03T14:26:33Z</time>
   </trkpt>
   <trkpt lat="39.6829390" lon="-104.9611170">
    <ele>1629.9</ele>
    <time>2023-10-03T14:26:34Z</time>
   </trkpt>
   <trkpt lat="39.6829520" lon="-104.9611700">
    <ele>1629.8</ele>
    <time>2023-10-03T14:26:35Z</time>
   </trkpt>
   <trkpt lat="39.6829540" lon="-104.9611960">
    <ele>1629.8</ele>
    <time>2023-10-03T14:26:36Z</time>
   </trkpt>
   <trkpt lat="39.6829650" lon="-104.9612310">
    <ele>1629.7</ele>
    <time>2023-10-03T14:26:37Z</time>
   </trkpt>
   <trkpt lat="39.6829760" lon="-104.9612640">
    <ele>1629.7</ele>
    <time>2023-10-03T14:26:38Z</time>
   </trkpt>
   <trkpt lat="39.6829870" lon="-104.9613180">
    <ele>1629.6</ele>
    <time>2023-10-03T14:26:39Z</time>
   </trkpt>
   <trkpt lat="39.6830030" lon="-104.9613670">
    <ele>1629.5</ele>
    <time>2023-10-03T14:26:40Z</time>
   </trkpt>
   <trkpt lat="39.6830090" lon="-104.9613870">
    <ele>1629.5</ele>
    <time>2023-10-03T14:26:41Z</time>
   </trkpt>
   <trkpt lat="39.6830240" lon="-104.9614270">
    <ele>1629.4</ele>
    <time>2023-10-03T14:26:42Z</time>
   </trkpt>
   <trkpt lat="39.6830350" lon="-104.9614700">
    <ele>1629.3</ele>
    <time>2023-10-03T14:26:43Z</time>
   </trkpt>
   <trkpt lat="39.6830480" lon="-104.9615160">
    <ele>1629.3</ele>
    <time>2023-10-03T14:26:44Z</time>
   </trkpt>
   <trkpt lat="39.6830550" lon="-104.9615670">
    <ele>1629.2</ele>
    <time>2023-10-03T14:26:45Z</time>
   </trkpt>
   <trkpt lat="39.6830690" lon="-104.9616040">
    <ele>1629.1</ele>
    <time>2023-10-03T14:26:46Z</time>
   </trkpt>
   <trkpt lat="39.6830830" lon="-104.9616400">
    <ele>1629.1</ele>
    <time>2023-10-03T14:26:47Z</time>
   </trkpt>
   <trkpt lat="39.6830870" lon="-104.9616750">
    <ele>1629.0</ele>
    <time>2023-10-03T14:26:48Z</time>
   </trkpt>
   <trkpt lat="39.6830960" lon="-104.9617270">
    <ele>1629.0</ele>
    <time>2023-10-03T14:26:49Z</time>
   </trkpt>
   <trkpt lat="39.6831110" lon="-104.9617780">
    <ele>1629.0</ele>
    <time>2023-10-03T14:26:50Z</time>
   </trkpt>
   <trkpt lat="39.6831320" lon="-104.9618360">
    <ele>1628.9</ele>
    <time>2023-10-03T14:26:51Z</time>
   </trkpt>
   <trkpt lat="39.6831400" lon="-104.9618640">
    <ele>1628.9</ele>
    <time>2023-10-03T14:26:52Z</time>
   </trkpt>
   <trkpt lat="39.6831500" lon="-104.9619000">
    <ele>1628.9</ele>
    <time>2023-10-03T14:26:53Z</time>
   </trkpt>
   <trkpt lat="39.6831630" lon="-104.9619490">
    <ele>1628.8</ele>
    <time>2023-10-03T14:26:54Z</time>
   </trkpt>
   <trkpt lat="39.6831680" lon="-104.9619660">
    <ele>1628.8</ele>
    <time>2023-10-03T14:26:55Z</time>
   </trkpt>
   <trkpt lat="39.6831860" lon="-104.9620220">
    <ele>1628.8</ele>
    <time>2023-10-03T14:26:56Z</time>
   </trkpt>
   <trkpt lat="39.6831950" lon="-104.9620480">
    <ele>1628.7</ele>
    <time>2023-10-03T14:26:57Z</time>
   </trkpt>
   <trkpt lat="39.6832110" lon="-104.9620920">
    <ele>1628.7</ele>
    <time>2023-10-03T14:26:58Z</time>
   </trkpt>
   <trkpt lat="39.6832320" lon="-104.9621270">
    <ele>1628.6</ele>
    <time>2023-10-03T14:26:59Z</time>
   </trkpt>
   <trkpt lat="39.6832510" lon="-104.9621840">
    <ele>1628.5</ele>
    <time>2023-10-03T14:27:00Z</time>
   </trkpt>
   <trkpt lat="39.6832590" lon="-104.9622230">
    <ele>1628.5</ele>
    <time>2023-10-03T14:27:01Z</time>
   </trkpt>
   <trkpt lat="39.6832580" lon="-104.9622700">
    <ele>1628.4</ele>
    <time>2023-10-03T14:27:02Z</time>
   </trkpt>
   <trkpt lat="39.6832790" lon="-104.9623290">
    <ele>1628.4</ele>
    <time>2023-10-03T14:27:03Z</time>
   </trkpt>
   <trkpt lat="39.6833030" lon="-104.9623760">
    <ele>1628.3</ele>
    <time>2023-10-03T14:27:04Z</time>
   </trkpt>
   <trkpt lat="39.6833110" lon="-104.9623970">
    <ele>1628.3</ele>
    <time>2023-10-03T14:27:05Z</time>
   </trkpt>
   <trkpt lat="39.6833220" lon="-104.9624360">
    <ele>1628.2</ele>
    <time>2023-10-03T14:27:06Z</time>
   </trkpt>
   <trkpt lat="39.6833460" lon="-104.9624780">
    <ele>1628.1</ele>
    <time>2023-10-03T14:27:07Z</time>
   </trkpt>
   <trkpt lat="39.6833650" lon="-104.9625250">
    <ele>1628.1</ele>
    <time>2023-10-03T14:27:08Z</time>
   </trkpt>
   <trkpt lat="39.6833740" lon="-104.9625650">
    <ele>1628.0</ele>
    <time>2023-10-03T14:27:09Z</time>
   </trkpt>
   <trkpt lat="39.6833940" lon="-104.9626050">
    <ele>1628.0</ele>
    <time>2023-10-03T14:27:10Z</time>
   </trkpt>
   <trkpt lat="39.6834100" lon="-104.9626470">
    <ele>1627.9</ele>
    <time>2023-10-03T14:27:11Z</time>
   </trkpt>
   <trkpt lat="39.6834160" lon="-104.9626910">
    <ele>1627.9</ele>
    <time>2023-10-03T14:27:12Z</time>
   </trkpt>
   <trkpt lat="39.6834340" lon="-104.9627320">
    <ele>1627.8</ele>
    <time>2023-10-03T14:27:13Z</time>
   </trkpt>
   <trkpt lat="39.6834540" lon="-104.9627670">
    <ele>1627.7</ele>
    <time>2023-10-03T14:27:14Z</time>
   </trkpt>
   <trkpt lat="39.6834730" lon="-104.9628010">
    <ele>1627.7</ele>
    <time>2023-10-03T14:27:15Z</time>
   </trkpt>
   <trkpt lat="39.6834860" lon="-104.9628430">
    <ele>1627.6</ele>
    <time>2023-10-03T14:27:16Z</time>
   </trkpt>
   <trkpt lat="39.6835000" lon="-104.9628880">
    <ele>1627.5</ele>
    <time>2023-10-03T14:27:17Z</time>
   </trkpt>
   <trkpt lat="39.6835080" lon="-104.9629060">
    <ele>1627.5</ele>
    <time>2023-10-03T14:27:18Z</time>
   </trkpt>
   <trkpt lat="39.6835190" lon="-104.9629380">
    <ele>1627.5</ele>
    <time>2023-10-03T14:27:19Z</time>
   </trkpt>
   <trkpt lat="39.6835320" lon="-104.9629710">
    <ele>1627.4</ele>
    <time>2023-10-03T14:27:20Z</time>
   </trkpt>
   <trkpt lat="39.6835550" lon="-104.9630180">
    <ele>1627.3</ele>
    <time>2023-10-03T14:27:21Z</time>
   </trkpt>
   <trkpt lat="39.6835660" lon="-104.9630620">
    <ele>1627.3</ele>
    <time>2023-10-03T14:27:22Z</time>
   </trkpt>
   <trkpt lat="39.6835720" lon="-104.9630990">
    <ele>1627.2</ele>
    <time>2023-10-03T14:27:23Z</time>
   </trkpt>
   <trkpt lat="39.6836010" lon="-104.9631320">
    <ele>1627.1</ele>
    <time>2023-10-03T14:27:24Z</time>
   </trkpt>
   <trkpt lat="39.6836190" lon="-104.9631690">
    <ele>1627.1</ele>
    <time>2023-10-03T14:27:25Z</time>
   </trkpt>
   <trkpt lat="39.6836510" lon="-104.9631980">
    <ele>1627.0</ele>
    <time>2023-10-03T14:27:26Z</time>
   </trkpt>
   <trkpt lat="39.6836680" lon="-104.9632510">
    <ele>1626.9</ele>
    <time>2023-10-03T14:27:27Z</time>
   </trkpt>
   <trkpt lat="39.6836820" lon="-104.9632830">
    <ele>1626.9</ele>
    <time>2023-10-03T14:27:28Z</time>
   </trkpt>
   <trkpt lat="39.6836960" lon="-104.9633240">
    <ele>1626.8</ele>
    <time>2023-10-03T14:27:29Z</time>
   </trkpt>
   <trkpt lat="39.6837120" lon="-104.9633680">
    <ele>1626.7</ele>
    <time>2023-10-03T14:27:30Z</time>
   </trkpt>
   <trkpt lat="39.6837450" lon="-104.9634450">
    <ele>1626.6</ele>
    <time>2023-10-03T14:27:31Z</time>
   </trkpt>
   <trkpt lat="39.6837670" lon="-104.9634940">
    <ele>1626.6</ele>
    <time>2023-10-03T14:27:32Z</time>
   </trkpt>
   <trkpt lat="39.6837820" lon="-104.9635480">
    <ele>1626.6</ele>
    <time>2023-10-03T14:27:33Z</time>
   </trkpt>
   <trkpt lat="39.6837940" lon="-104.9635730">
    <ele>1626.5</ele>
    <time>2023-10-03T14:27:34Z</time>
   </trkpt>
   <trkpt lat="39.6838120" lon="-104.9636020">
    <ele>1626.5</ele>
    <time>2023-10-03T14:27:35Z</time>
   </trkpt>
   <trkpt lat="39.6838310" lon="-104.9636290">
    <ele>1626.5</ele>
    <time>2023-10-03T14:27:36Z</time>
   </trkpt>
   <trkpt lat="39.6838580" lon="-104.9636800">
    <ele>1626.4</ele>
    <time>2023-10-03T14:27:37Z</time>
   </trkpt>
   <trkpt lat="39.6838660" lon="-104.9637140">
    <ele>1626.4</ele>
    <time>2023-10-03T14:27:38Z</time>
   </trkpt>
   <trkpt lat="39.6838950" lon="-104.9637580">
    <ele>1626.4</ele>
    <time>2023-10-03T14:27:39Z</time>
   </trkpt>
   <trkpt lat="39.6839080" lon="-104.9637790">
    <ele>1626.3</ele>
    <time>2023-10-03T14:27:40Z</time>
   </trkpt>
   <trkpt lat="39.6839170" lon="-104.9638160">
    <ele>1626.3</ele>
    <time>2023-10-03T14:27:41Z</time>
   </trkpt>
   <trkpt lat="39.6839350" lon="-104.9638520">
    <ele>1626.3</ele>
    <time>2023-10-03T14:27:42Z</time>
   </trkpt>
   <trkpt lat="39.6839610" lon="-104.9638880">
    <ele>1626.3</ele>
    <time>2023-10-03T14:27:43Z</time>
   </trkpt>
   <trkpt lat="39.6839840" lon="-104.9639240">
    <ele>1626.2</ele>
    <time>2023-10-03T14:27:44Z</time>
   </trkpt>
   <trkpt lat="39.6839960" lon="-104.9639640">
    <ele>1626.2</ele>
    <time>2023-10-03T14:27:45Z</time>
   </trkpt>
   <trkpt lat="39.6840140" lon="-104.9640040">
    <ele>1626.2</ele>
    <time>2023-10-03T14:27:46Z</time>
   </trkpt>
   <trkpt lat="39.6840460" lon="-104.9640340">
    <ele>1626.1</ele>
    <time>2023-10-03T14:27:47Z</time>
   </trkpt>
   <trkpt lat="39.6840720" lon="-104.9640640">
    <ele>1626.1</ele>
    <time>2023-10-03T14:27:48Z</time>
   </trkpt>
   <trkpt lat="39.6841010" lon="-104.9641070">
    <ele>1626.0</ele>
    <time>2023-10-03T14:27:49Z</time>
   </trkpt>
   <trkpt lat="39.6841270" lon="-104.9641550">
    <ele>1626.0</ele>
    <time>2023-10-03T14:27:50Z</time>
   </trkpt>
   <trkpt lat="39.6841460" lon="-104.9641890">
    <ele>1626.0</ele>
    <time>2023-10-03T14:27:51Z</time>
   </trkpt>
   <trkpt lat="39.6841610" lon="-104.9642280">
    <ele>1626.0</ele>
    <time>2023-10-03T14:27:52Z</time>
   </trkpt>
   <trkpt lat="39.6841700" lon="-104.9642730">
    <ele>1626.0</ele>
    <time>2023-10-03T14:27:53Z</time>
   </trkpt>
   <trkpt lat="39.6841900" lon="-104.9643020">
    <ele>1625.9</ele>
    <time>2023-10-03T14:27:54Z</time>
   </trkpt>
   <trkpt lat="39.6842120" lon="-104.9643460">
    <ele>1625.9</ele>
    <time>2023-10-03T14:27:55Z</time>
   </trkpt>
   <trkpt lat="39.6842280" lon="-104.9643830">
    <ele>1625.9</ele>
    <time>2023-10-03T14:27:56Z</time>
   </trkpt>
   <trkpt lat="39.6842490" lon="-104.9644080">
    <ele>1625.9</ele>
    <time>2023-10-03T14:27:57Z</time>
   </trkpt>
   <trkpt lat="39.6842750" lon="-104.9644600">
    <ele>1625.9</ele>
    <time>2023-10-03T14:27:58Z</time>
   </trkpt>
   <trkpt lat="39.6842840" lon="-104.9644980">
    <ele>1625.9</ele>
    <time>2023-10-03T14:27:59Z</time>
   </trkpt>
   <trkpt lat="39.6843080" lon="-104.9645330">
    <ele>1625.9</ele>
    <time>2023-10-03T14:28:00Z</time>
   </trkpt>
   <trkpt lat="39.6843350" lon="-104.9645850">
    <ele>1625.8</ele>
    <time>2023-10-03T14:28:01Z</time>
   </trkpt>
   <trkpt lat="39.6843580" lon="-104.9646310">
    <ele>1625.8</ele>
    <time>2023-10-03T14:28:02Z</time>
   </trkpt>
   <trkpt lat="39.6843710" lon="-104.9646470">
    <ele>1625.8</ele>
    <time>2023-10-03T14:28:03Z</time>
   </trkpt>
   <trkpt lat="39.6843990" lon="-104.9646830">
    <ele>1625.8</ele>
    <time>2023-10-03T14:28:04Z</time>
   </trkpt>
   <trkpt lat="39.6844200" lon="-104.9647070">
    <ele>1625.8</ele>
    <time>2023-10-03T14:28:05Z</time>
   </trkpt>
   <trkpt lat="39.6844480" lon="-104.9647570">
    <ele>1625.8</ele>
    <time>2023-10-03T14:28:06Z</time>
   </trkpt>
   <trkpt lat="39.6844640" lon="-104.9647850">
    <ele>1625.7</ele>
    <time>2023-10-03T14:28:07Z</time>
   </trkpt>
   <trkpt lat="39.6844880" lon="-104.9648370">
    <ele>1625.7</ele>
    <time>2023-10-03T14:28:08Z</time>
   </trkpt>
   <trkpt lat="39.6845020" lon="-104.9648570">
    <ele>1625.7</ele>
    <time>2023-10-03T14:28:09Z</time>
   </trkpt>
   <trkpt lat="39.6845300" lon="-104.9649050">
    <ele>1625.7</ele>
    <time>2023-10-03T14:28:10Z</time>
   </trkpt>
   <trkpt lat="39.6845440" lon="-104.9649270">
    <ele>1625.7</ele>
    <time>2023-10-03T14:28:11Z</time>
   </trkpt>
   <trkpt lat="39.6845610" lon="-104.9649790">
    <ele>1625.6</ele>
    <time>2023-10-03T14:28:12Z</time>
   </trkpt>
   <trkpt lat="39.6845650" lon="-104.9650010">
    <ele>1625.6</ele>
    <time>2023-10-03T14:28:13Z</time>
   </trkpt>
   <trkpt lat="39.6845920" lon="-104.9650430">
    <ele>1625.6</ele>
    <time>2023-10-03T14:28:14Z</time>
   </trkpt>
   <trkpt lat="39.6846150" lon="-104.9650730">
    <ele>1625.6</ele>
    <time>2023-10-03T14:28:15Z</time>
   </trkpt>
   <trkpt lat="39.6846360" lon="-104.9651200">
    <ele>1625.5</ele>
    <time>2023-10-03T14:28:16Z</time>
   </trkpt>
   <trkpt lat="39.6846460" lon="-104.9651400">
    <ele>1625.5</ele>
    <time>2023-10-03T14:28:17Z</time>
   </trkpt>
   <trkpt lat="39.6846640" lon="-104.9651840">
    <ele>1625.5</ele>
    <time>2023-10-03T14:28:18Z</time>
   </trkpt>
   <trkpt lat="39.6846940" lon="-104.9652190">
    <ele>1625.5</ele>
    <time>2023-10-03T14:28:19Z</time>
   </trkpt>
   <trkpt lat="39.6847030" lon="-104.9652340">
    <ele>1625.5</ele>
    <time>2023-10-03T14:28:20Z</time>
   </trkpt>
   <trkpt lat="39.6847180" lon="-104.9652680">
    <ele>1625.4</ele>
    <time>2023-10-03T14:28:21Z</time>
   </trkpt>
   <trkpt lat="39.6847320" lon="-104.9653000">
    <ele>1625.4</ele>
    <time>2023-10-03T14:28:22Z</time>
   </trkpt>
   <trkpt lat="39.6847460" lon="-104.9653340">
    <ele>1625.4</ele>
    <time>2023-10-03T14:28:23Z</time>
   </trkpt>
   <trkpt lat="39.6847780" lon="-104.9653670">
    <ele>1625.4</ele>
    <time>2023-10-03T14:28:24Z</time>
   </trkpt>
   <trkpt lat="39.6847930" lon="-104.9653770">
    <ele>1625.4</ele>
    <time>2023-10-03T14:28:25Z</time>
   </trkpt>
   <trkpt lat="39.6848160" lon="-104.9653990">
    <ele>1625.4</ele>
    <time>2023-10-03T14:28:26Z</time>
   </trkpt>
   <trkpt lat="39.6848310" lon="-104.9654290">
    <ele>1625.4</ele>
    <time>2023-10-03T14:28:27Z</time>
   </trkpt>
   <trkpt lat="39.6848640" lon="-104.9654640">
    <ele>1625.3</ele>
    <time>2023-10-03T14:28:28Z</time>
   </trkpt>
   <trkpt lat="39.6848840" lon="-104.9655010">
    <ele>1625.3</ele>
    <time>2023-10-03T14:28:29Z</time>
   </trkpt>
   <trkpt lat="39.6849050" lon="-104.9655350">
    <ele>1625.3</ele>
    <time>2023-10-03T14:28:30Z</time>
   </trkpt>
   <trkpt lat="39.6849240" lon="-104.9655670">
    <ele>1625.3</ele>
    <time>2023-10-03T14:28:31Z</time>
   </trkpt>
   <trkpt lat="39.6849530" lon="-104.9656090">
    <ele>1625.2</ele>
    <time>2023-10-03T14:28:33Z</time>
   </trkpt>
   <trkpt lat="39.6849690" lon="-104.9656240">
    <ele>1625.2</ele>
    <time>2023-10-03T14:28:34Z</time>
   </trkpt>
   <trkpt lat="39.6849890" lon="-104.9656590">
    <ele>1625.2</ele>
    <time>2023-10-03T14:28:35Z</time>
   </trkpt>
   <trkpt lat="39.6850080" lon="-104.9657020">
    <ele>1625.2</ele>
    <time>2023-10-03T14:28:36Z</time>
   </trkpt>
   <trkpt lat="39.6850360" lon="-104.9657360">
    <ele>1625.1</ele>
    <time>2023-10-03T14:28:37Z</time>
   </trkpt>
   <trkpt lat="39.6850640" lon="-104.9657580">
    <ele>1625.1</ele>
    <time>2023-10-03T14:28:38Z</time>
   </trkpt>
   <trkpt lat="39.6850810" lon="-104.9657900">
    <ele>1625.1</ele>
    <time>2023-10-03T14:28:39Z</time>
   </trkpt>
   <trkpt lat="39.6851020" lon="-104.9658280">
    <ele>1625.1</ele>
    <time>2023-10-03T14:28:40Z</time>
   </trkpt>
   <trkpt lat="39.6851190" lon="-104.9658650">
    <ele>1625.1</ele>
    <time>2023-10-03T14:28:41Z</time>
   </trkpt>
   <trkpt lat="39.6851360" lon="-104.9658970">
    <ele>1625.0</ele>
    <time>2023-10-03T14:28:42Z</time>
   </trkpt>
   <trkpt lat="39.6851460" lon="-104.9659460">
    <ele>1625.0</ele>
    <time>2023-10-03T14:28:43Z</time>
   </trkpt>
   <trkpt lat="39.6851540" lon="-104.9659860">
    <ele>1625.0</ele>
    <time>2023-10-03T14:28:44Z</time>
   </trkpt>
   <trkpt lat="39.6851700" lon="-104.9660170">
    <ele>1625.0</ele>
    <time>2023-10-03T14:28:45Z</time>
   </trkpt>
   <trkpt lat="39.6851860" lon="-104.9660600">
    <ele>1625.0</ele>
    <time>2023-10-03T14:28:46Z</time>
   </trkpt>
   <trkpt lat="39.6852130" lon="-104.9660920">
    <ele>1625.0</ele>
    <time>2023-10-03T14:28:47Z</time>
   </trkpt>
   <trkpt lat="39.6852360" lon="-104.9661200">
    <ele>1625.0</ele>
    <time>2023-10-03T14:28:48Z</time>
   </trkpt>
   <trkpt lat="39.6852560" lon="-104.9661450">
    <ele>1625.0</ele>
    <time>2023-10-03T14:28:49Z</time>
   </trkpt>
   <trkpt lat="39.6852750" lon="-104.9661880">
    <ele>1625.0</ele>
    <time>2023-10-03T14:28:50Z</time>
   </trkpt>
   <trkpt lat="39.6852900" lon="-104.9662300">
    <ele>1625.0</ele>
    <time>2023-10-03T14:28:51Z</time>
   </trkpt>
   <trkpt lat="39.6852950" lon="-104.9662440">
    <ele>1625.0</ele>
    <time>2023-10-03T14:28:52Z</time>
   </trkpt>
   <trkpt lat="39.6853240" lon="-104.9662680">
    <ele>1625.0</ele>
    <time>2023-10-03T14:28:53Z</time>
   </trkpt>
   <trkpt lat="39.6853420" lon="-104.9663020">
    <ele>1625.0</ele>
    <time>2023-10-03T14:28:54Z</time>
   </trkpt>
   <trkpt lat="39.6853610" lon="-104.9663300">
    <ele>1625.0</ele>
    <time>2023-10-03T14:28:55Z</time>
   </trkpt>
   <trkpt lat="39.6853810" lon="-104.9663690">
    <ele>1625.0</ele>
    <time>2023-10-03T14:28:56Z</time>
   </trkpt>
   <trkpt lat="39.6854050" lon="-104.9663880">
    <ele>1625.0</ele>
    <time>2023-10-03T14:28:57Z</time>
   </trkpt>
   <trkpt lat="39.6854250" lon="-104.9664270">
    <ele>1625.0</ele>
    <time>2023-10-03T14:28:58Z</time>
   </trkpt>
   <trkpt lat="39.6854300" lon="-104.9664410">
    <ele>1625.0</ele>
    <time>2023-10-03T14:28:59Z</time>
   </trkpt>
   <trkpt lat="39.6854620" lon="-104.9664870">
    <ele>1625.0</ele>
    <time>2023-10-03T14:29:00Z</time>
   </trkpt>
   <trkpt lat="39.6854780" lon="-104.9665060">
    <ele>1625.0</ele>
    <time>2023-10-03T14:29:01Z</time>
   </trkpt>
   <trkpt lat="39.6855040" lon="-104.9665390">
    <ele>1625.0</ele>
    <time>2023-10-03T14:29:02Z</time>
   </trkpt>
   <trkpt lat="39.6855270" lon="-104.9665640">
    <ele>1625.0</ele>
    <time>2023-10-03T14:29:03Z</time>
   </trkpt>
   <trkpt lat="39.6855330" lon="-104.9666120">
    <ele>1625.0</ele>
    <time>2023-10-03T14:29:04Z</time>
   </trkpt>
   <trkpt lat="39.6855480" lon="-104.9666440">
    <ele>1625.1</ele>
    <time>2023-10-03T14:29:05Z</time>
   </trkpt>
   <trkpt lat="39.6855740" lon="-104.9666710">
    <ele>1625.1</ele>
    <time>2023-10-03T14:29:06Z</time>
   </trkpt>
   <trkpt lat="39.6855880" lon="-104.9667080">
    <ele>1625.1</ele>
    <time>2023-10-03T14:29:07Z</time>
   </trkpt>
   <trkpt lat="39.6856050" lon="-104.9667480">
    <ele>1625.1</ele>
    <time>2023-10-03T14:29:08Z</time>
   </trkpt>
   <trkpt lat="39.6856140" lon="-104.9667660">
    <ele>1625.1</ele>
    <time>2023-10-03T14:29:09Z</time>
   </trkpt>
   <trkpt lat="39.6856310" lon="-104.9668030">
    <ele>1625.1</ele>
    <time>2023-10-03T14:29:10Z</time>
   </trkpt>
   <trkpt lat="39.6856550" lon="-104.9668310">
    <ele>1625.1</ele>
    <time>2023-10-03T14:29:11Z</time>
   </trkpt>
   <trkpt lat="39.6856660" lon="-104.9668790">
    <ele>1625.1</ele>
    <time>2023-10-03T14:29:12Z</time>
   </trkpt>
   <trkpt lat="39.6856870" lon="-104.9669170">
    <ele>1625.2</ele>
    <time>2023-10-03T14:29:13Z</time>
   </trkpt>
   <trkpt lat="39.6857080" lon="-104.9669600">
    <ele>1625.2</ele>
    <time>2023-10-03T14:29:14Z</time>
   </trkpt>
   <trkpt lat="39.6857340" lon="-104.9669860">
    <ele>1625.2</ele>
    <time>2023-10-03T14:29:15Z</time>
   </trkpt>
   <trkpt lat="39.6857540" lon="-104.9670210">
    <ele>1625.3</ele>
    <time>2023-10-03T14:29:16Z</time>
   </trkpt>
   <trkpt lat="39.6857840" lon="-104.9670620">
    <ele>1625.3</ele>
    <time>2023-10-03T14:29:17Z</time>
   </trkpt>
   <trkpt lat="39.6858030" lon="-104.9671050">
    <ele>1625.3</ele>
    <time>2023-10-03T14:29:18Z</time>
   </trkpt>
   <trkpt lat="39.6858290" lon="-104.9671170">
    <ele>1625.4</ele>
    <time>2023-10-03T14:29:19Z</time>
   </trkpt>
   <trkpt lat="39.6858550" lon="-104.9671530">
    <ele>1625.4</ele>
    <time>2023-10-03T14:29:20Z</time>
   </trkpt>
   <trkpt lat="39.6858700" lon="-104.9671870">
    <ele>1625.4</ele>
    <time>2023-10-03T14:29:21Z</time>
   </trkpt>
   <trkpt lat="39.6859050" lon="-104.9672310">
    <ele>1625.5</ele>
    <time>2023-10-03T14:29:22Z</time>
   </trkpt>
   <trkpt lat="39.6859180" lon="-104.9672540">
    <ele>1625.5</ele>
    <time>2023-10-03T14:29:23Z</time>
   </trkpt>
   <trkpt lat="39.6859380" lon="-104.9672820">
    <ele>1625.5</ele>
    <time>2023-10-03T14:29:24Z</time>
   </trkpt>
   <trkpt lat="39.6859590" lon="-104.9673120">
    <ele>1625.5</ele>
    <time>2023-10-03T14:29:25Z</time>
   </trkpt>
   <trkpt lat="39.6859820" lon="-104.9673480">
    <ele>1625.5</ele>
    <time>2023-10-03T14:29:26Z</time>
   </trkpt>
   <trkpt lat="39.6859970" lon="-104.9673800">
    <ele>1625.5</ele>
    <time>2023-10-03T14:29:27Z</time>
   </trkpt>
   <trkpt lat="39.6860200" lon="-104.9674220">
    <ele>1625.5</ele>
    <time>2023-10-03T14:29:28Z</time>
   </trkpt>
   <trkpt lat="39.6860360" lon="-104.9674540">
    <ele>1625.5</ele>
    <time>2023-10-03T14:29:29Z</time>
   </trkpt>
   <trkpt lat="39.6860490" lon="-104.9674960">
    <ele>1625.5</ele>
    <time>2023-10-03T14:29:30Z</time>
   </trkpt>
   <trkpt lat="39.6860720" lon="-104.9675400">
    <ele>1625.5</ele>
    <time>2023-10-03T14:29:31Z</time>
   </trkpt>
   <trkpt lat="39.6860980" lon="-104.9675480">
    <ele>1625.5</ele>
    <time>2023-10-03T14:29:32Z</time>
   </trkpt>
   <trkpt lat="39.6861210" lon="-104.9675880">
    <ele>1625.5</ele>
    <time>2023-10-03T14:29:33Z</time>
   </trkpt>
   <trkpt lat="39.6861440" lon="-104.9676320">
    <ele>1625.5</ele>
    <time>2023-10-03T14:29:34Z</time>
   </trkpt>
   <trkpt lat="39.6861770" lon="-104.9676780">
    <ele>1625.4</ele>
    <time>2023-10-03T14:29:35Z</time>
   </trkpt>
   <trkpt lat="39.6861930" lon="-104.9676990">
    <ele>1625.4</ele>
    <time>2023-10-03T14:29:36Z</time>
   </trkpt>
   <trkpt lat="39.6862110" lon="-104.9677500">
    <ele>1625.4</ele>
    <time>2023-10-03T14:29:37Z</time>
   </trkpt>
   <trkpt lat="39.6862170" lon="-104.9677700">
    <ele>1625.4</ele>
    <time>2023-10-03T14:29:38Z</time>
   </trkpt>
   <trkpt lat="39.6862220" lon="-104.9678290">
    <ele>1625.3</ele>
    <time>2023-10-03T14:29:39Z</time>
   </trkpt>
   <trkpt lat="39.6862490" lon="-104.9678740">
    <ele>1625.3</ele>
    <time>2023-10-03T14:29:40Z</time>
   </trkpt>
   <trkpt lat="39.6862620" lon="-104.9678940">
    <ele>1625.3</ele>
    <time>2023-10-03T14:29:41Z</time>
   </trkpt>
   <trkpt lat="39.6862840" lon="-104.9679360">
    <ele>1625.2</ele>
    <time>2023-10-03T14:29:42Z</time>
   </trkpt>
   <trkpt lat="39.6863090" lon="-104.9679610">
    <ele>1625.2</ele>
    <time>2023-10-03T14:29:43Z</time>
   </trkpt>
   <trkpt lat="39.6863310" lon="-104.9680010">
    <ele>1625.1</ele>
    <time>2023-10-03T14:29:44Z</time>
   </trkpt>
   <trkpt lat="39.6863610" lon="-104.9680430">
    <ele>1625.1</ele>
    <time>2023-10-03T14:29:45Z</time>
   </trkpt>
   <trkpt lat="39.6863750" lon="-104.9680600">
    <ele>1625.0</ele>
    <time>2023-10-03T14:29:46Z</time>
   </trkpt>
   <trkpt lat="39.6863930" lon="-104.9681070">
    <ele>1625.0</ele>
    <time>2023-10-03T14:29:47Z</time>
   </trkpt>
   <trkpt lat="39.6863900" lon="-104.9681530">
    <ele>1624.9</ele>
    <time>2023-10-03T14:29:48Z</time>
   </trkpt>
   <trkpt lat="39.6864140" lon="-104.9681930">
    <ele>1624.9</ele>
    <time>2023-10-03T14:29:49Z</time>
   </trkpt>
   <trkpt lat="39.6864440" lon="-104.9682130">
    <ele>1624.9</ele>
    <time>2023-10-03T14:29:50Z</time>
   </trkpt>
   <trkpt lat="39.6864640" lon="-104.9682460">
    <ele>1624.8</ele>
    <time>2023-10-03T14:29:51Z</time>
   </trkpt>
   <trkpt lat="39.6864840" lon="-104.9682990">
    <ele>1624.8</ele>
    <time>2023-10-03T14:29:52Z</time>
   </trkpt>
   <trkpt lat="39.6864990" lon="-104.9683430">
    <ele>1624.7</ele>
    <time>2023-10-03T14:29:53Z</time>
   </trkpt>
   <trkpt lat="39.6865060" lon="-104.9683620">
    <ele>1624.7</ele>
    <time>2023-10-03T14:29:54Z</time>
   </trkpt>
   <trkpt lat="39.6865310" lon="-104.9683970">
    <ele>1624.7</ele>
    <time>2023-10-03T14:29:55Z</time>
   </trkpt>
   <trkpt lat="39.6865540" lon="-104.9684190">
    <ele>1624.6</ele>
    <time>2023-10-03T14:29:56Z</time>
   </trkpt>
   <trkpt lat="39.6865810" lon="-104.9684570">
    <ele>1624.6</ele>
    <time>2023-10-03T14:29:57Z</time>
   </trkpt>
   <trkpt lat="39.6866010" lon="-104.9685070">
    <ele>1624.5</ele>
    <time>2023-10-03T14:29:58Z</time>
   </trkpt>
   <trkpt lat="39.6866250" lon="-104.9685280">
    <ele>1624.5</ele>
    <time>2023-10-03T14:29:59Z</time>
   </trkpt>
   <trkpt lat="39.6866440" lon="-104.9685620">
    <ele>1624.4</ele>
    <time>2023-10-03T14:30:00Z</time>
   </trkpt>
   <trkpt lat="39.6867040" lon="-104.9686430">
    <ele>1624.4</ele>
    <time>2023-10-03T14:30:01Z</time>
   </trkpt>
   <trkpt lat="39.6867530" lon="-104.9686940">
    <ele>1624.3</ele>
    <time>2023-10-03T14:31:18Z</time>
   </trkpt>
   <trkpt lat="39.6868010" lon="-104.9687440">
    <ele>1624.3</ele>
    <time>2023-10-03T14:31:19Z</time>
   </trkpt>
   <trkpt lat="39.6868500" lon="-104.9687940">
    <ele>1624.2</ele>
    <time>2023-10-03T14:31:20Z</time>
   </trkpt>
   <trkpt lat="39.6868990" lon="-104.9688450">
    <ele>1624.1</ele>
    <time>2023-10-03T14:31:21Z</time>
   </trkpt>
   <trkpt lat="39.6869330" lon="-104.9688450">
    <ele>1624.1</ele>
    <time>2023-10-03T14:31:22Z</time>
   </trkpt>
   <trkpt lat="39.6869790" lon="-104.9688510">
    <ele>1624.0</ele>
    <time>2023-10-03T14:31:23Z</time>
   </trkpt>
   <trkpt lat="39.6870150" lon="-104.9688560">
    <ele>1624.0</ele>
    <time>2023-10-03T14:31:24Z</time>
   </trkpt>
   <trkpt lat="39.6870440" lon="-104.9688470">
    <ele>1623.9</ele>
    <time>2023-10-03T14:31:25Z</time>
   </trkpt>
   <trkpt lat="39.6870800" lon="-104.9688380">
    <ele>1623.8</ele>
    <time>2023-10-03T14:31:26Z</time>
   </trkpt>
   <trkpt lat="39.6871160" lon="-104.9688310">
    <ele>1623.7</ele>
    <time>2023-10-03T14:31:27Z</time>
   </trkpt>
   <trkpt lat="39.6871530" lon="-104.9688220">
    <ele>1623.6</ele>
    <time>2023-10-03T14:31:28Z</time>
   </trkpt>
   <trkpt lat="39.6871960" lon="-104.9688410">
    <ele>1623.4</ele>
    <time>2023-10-03T14:31:29Z</time>
   </trkpt>
   <trkpt lat="39.6872320" lon="-104.9688260">
    <ele>1623.3</ele>
    <time>2023-10-03T14:31:30Z</time>
   </trkpt>
   <trkpt lat="39.6872460" lon="-104.9688210">
    <ele>1623.3</ele>
    <time>2023-10-03T14:31:31Z</time>
   </trkpt>
   <trkpt lat="39.6872820" lon="-104.9688140">
    <ele>1623.2</ele>
    <time>2023-10-03T14:31:32Z</time>
   </trkpt>
   <trkpt lat="39.6873190" lon="-104.9688080">
    <ele>1623.1</ele>
    <time>2023-10-03T14:31:33Z</time>
   </trkpt>
   <trkpt lat="39.6873600" lon="-104.9688130">
    <ele>1622.9</ele>
    <time>2023-10-03T14:31:34Z</time>
   </trkpt>
   <trkpt lat="39.6873910" lon="-104.9688170">
    <ele>1622.8</ele>
    <time>2023-10-03T14:31:35Z</time>
   </trkpt>
   <trkpt lat="39.6874330" lon="-104.9688200">
    <ele>1622.7</ele>
    <time>2023-10-03T14:31:36Z</time>
   </trkpt>
   <trkpt lat="39.6874660" lon="-104.9688330">
    <ele>1622.6</ele>
    <time>2023-10-03T14:31:37Z</time>
   </trkpt>
   <trkpt lat="39.6875040" lon="-104.9688110">
    <ele>1622.5</ele>
    <time>2023-10-03T14:31:38Z</time>
   </trkpt>
   <trkpt lat="39.6875460" lon="-104.9688150">
    <ele>1622.4</ele>
    <time>2023-10-03T14:31:39Z</time>
   </trkpt>
   <trkpt lat="39.6875770" lon="-104.9688200">
    <ele>1622.3</ele>
    <time>2023-10-03T14:31:40Z</time>
   </trkpt>
   <trkpt lat="39.6876290" lon="-104.9688180">
    <ele>1622.2</ele>
    <time>2023-10-03T14:31:41Z</time>
   </trkpt>
   <trkpt lat="39.6876650" lon="-104.9688280">
    <ele>1622.1</ele>
    <time>2023-10-03T14:31:42Z</time>
   </trkpt>
   <trkpt lat="39.6876920" lon="-104.9688200">
    <ele>1622.0</ele>
    <time>2023-10-03T14:31:43Z</time>
   </trkpt>
   <trkpt lat="39.6877290" lon="-104.9688250">
    <ele>1621.9</ele>
    <time>2023-10-03T14:31:44Z</time>
   </trkpt>
   <trkpt lat="39.6877680" lon="-104.9688220">
    <ele>1621.8</ele>
    <time>2023-10-03T14:31:45Z</time>
   </trkpt>
   <trkpt lat="39.6878030" lon="-104.9688150">
    <ele>1621.7</ele>
    <time>2023-10-03T14:31:46Z</time>
   </trkpt>
   <trkpt lat="39.6878430" lon="-104.9688370">
    <ele>1621.6</ele>
    <time>2023-10-03T14:31:47Z</time>
   </trkpt>
   <trkpt lat="39.6878750" lon="-104.9688270">
    <ele>1621.6</ele>
    <time>2023-10-03T14:31:48Z</time>
   </trkpt>
   <trkpt lat="39.6879120" lon="-104.9688310">
    <ele>1621.5</ele>
    <time>2023-10-03T14:31:49Z</time>
   </trkpt>
   <trkpt lat="39.6879540" lon="-104.9688390">
    <ele>1621.4</ele>
    <time>2023-10-03T14:31:50Z</time>
   </trkpt>
   <trkpt lat="39.6880000" lon="-104.9688290">
    <ele>1621.3</ele>
    <time>2023-10-03T14:31:51Z</time>
   </trkpt>
   <trkpt lat="39.6880320" lon="-104.9688450">
    <ele>1621.2</ele>
    <time>2023-10-03T14:31:52Z</time>
   </trkpt>
   <trkpt lat="39.6880620" lon="-104.9688440">
    <ele>1621.2</ele>
    <time>2023-10-03T14:31:53Z</time>
   </trkpt>
   <trkpt lat="39.6880990" lon="-104.9688450">
    <ele>1621.1</ele>
    <time>2023-10-03T14:31:54Z</time>
   </trkpt>
   <trkpt lat="39.6881380" lon="-104.9688510">
    <ele>1621.0</ele>
    <time>2023-10-03T14:31:55Z</time>
   </trkpt>
   <trkpt lat="39.6881710" lon="-104.9688350">
    <ele>1621.0</ele>
    <time>2023-10-03T14:31:56Z</time>
   </trkpt>
   <trkpt lat="39.6882140" lon="-104.9688330">
    <ele>1620.9</ele>
    <time>2023-10-03T14:31:57Z</time>
   </trkpt>
   <trkpt lat="39.6882550" lon="-104.9688410">
    <ele>1620.9</ele>
    <time>2023-10-03T14:31:58Z</time>
   </trkpt>
   <trkpt lat="39.6882860" lon="-104.9688490">
    <ele>1620.8</ele>
    <time>2023-10-03T14:31:59Z</time>
   </trkpt>
   <trkpt lat="39.6883230" lon="-104.9688720">
    <ele>1620.8</ele>
    <time>2023-10-03T14:32:00Z</time>
   </trkpt>
   <trkpt lat="39.6883570" lon="-104.9688580">
    <ele>1620.7</ele>
    <time>2023-10-03T14:32:01Z</time>
   </trkpt>
   <trkpt lat="39.6883930" lon="-104.9688580">
    <ele>1620.7</ele>
    <time>2023-10-03T14:32:02Z</time>
   </trkpt>
   <trkpt lat="39.6884250" lon="-104.9688460">
    <ele>1620.7</ele>
    <time>2023-10-03T14:32:03Z</time>
   </trkpt>
   <trkpt lat="39.6884650" lon="-104.9688450">
    <ele>1620.6</ele>
    <time>2023-10-03T14:32:04Z</time>
   </trkpt>
   <trkpt lat="39.6884980" lon="-104.9688520">
    <ele>1620.6</ele>
    <time>2023-10-03T14:32:05Z</time>
   </trkpt>
   <trkpt lat="39.6885420" lon="-104.9688470">
    <ele>1620.6</ele>
    <time>2023-10-03T14:32:06Z</time>
   </trkpt>
   <trkpt lat="39.6885850" lon="-104.9688550">
    <ele>1620.6</ele>
    <time>2023-10-03T14:32:07Z</time>
   </trkpt>
   <trkpt lat="39.6886200" lon="-104.9688480">
    <ele>1620.5</ele>
    <time>2023-10-03T14:32:08Z</time>
   </trkpt>
   <trkpt lat="39.6886580" lon="-104.9688450">
    <ele>1620.5</ele>
    <time>2023-10-03T14:32:09Z</time>
   </trkpt>
   <trkpt lat="39.6886710" lon="-104.9688450">
    <ele>1620.5</ele>
    <time>2023-10-03T14:32:10Z</time>
   </trkpt>
   <trkpt lat="39.6887070" lon="-104.9688410">
    <ele>1620.5</ele>
    <time>2023-10-03T14:32:11Z</time>
   </trkpt>
   <trkpt lat="39.6887420" lon="-104.9688510">
    <ele>1620.4</ele>
    <time>2023-10-03T14:32:12Z</time>
   </trkpt>
   <trkpt lat="39.6887770" lon="-104.9688460">
    <ele>1620.4</ele>
    <time>2023-10-03T14:32:13Z</time>
   </trkpt>
   <trkpt lat="39.6888080" lon="-104.9688500">
    <ele>1620.4</ele>
    <time>2023-10-03T14:32:14Z</time>
   </trkpt>
   <trkpt lat="39.6888370" lon="-104.9688660">
    <ele>1620.3</ele>
    <time>2023-10-03T14:32:15Z</time>
   </trkpt>
   <trkpt lat="39.6888730" lon="-104.9688540">
    <ele>1620.3</ele>
    <time>2023-10-03T14:32:16Z</time>
   </trkpt>
   <trkpt lat="39.6889080" lon="-104.9688640">
    <ele>1620.3</ele>
    <time>2023-10-03T14:32:17Z</time>
   </trkpt>
   <trkpt lat="39.6889590" lon="-104.9688600">
    <ele>1620.3</ele>
    <time>2023-10-03T14:32:18Z</time>
   </trkpt>
   <trkpt lat="39.6890020" lon="-104.9688530">
    <ele>1620.3</ele>
    <time>2023-10-03T14:32:19Z</time>
   </trkpt>
   <trkpt lat="39.6890640" lon="-104.9688400">
    <ele>1620.3</ele>
    <time>2023-10-03T14:32:20Z</time>
   </trkpt>
   <trkpt lat="39.6890930" lon="-104.9688380">
    <ele>1620.3</ele>
    <time>2023-10-03T14:32:21Z</time>
   </trkpt>
   <trkpt lat="39.6891330" lon="-104.9688420">
    <ele>1620.3</ele>
    <time>2023-10-03T14:32:22Z</time>
   </trkpt>
   <trkpt lat="39.6891490" lon="-104.9688340">
    <ele>1620.3</ele>
    <time>2023-10-03T14:32:23Z</time>
   </trkpt>
   <trkpt lat="39.6891790" lon="-104.9688430">
    <ele>1620.3</ele>
    <time>2023-10-03T14:32:24Z</time>
   </trkpt>
   <trkpt lat="39.6892100" lon="-104.9688330">
    <ele>1620.3</ele>
    <time>2023-10-03T14:32:25Z</time>
   </trkpt>
   <trkpt lat="39.6892520" lon="-104.9688440">
    <ele>1620.3</ele>
    <time>2023-10-03T14:32:26Z</time>
   </trkpt>
   <trkpt lat="39.6892690" lon="-104.9688520">
    <ele>1620.2</ele>
    <time>2023-10-03T14:32:27Z</time>
   </trkpt>
   <trkpt lat="39.6892960" lon="-104.9688500">
    <ele>1620.2</ele>
    <time>2023-10-03T14:32:28Z</time>
   </trkpt>
   <trkpt lat="39.6893050" lon="-104.9688490">
    <ele>1620.2</ele>
    <time>2023-10-03T14:32:29Z</time>
   </trkpt>
   <trkpt lat="39.6893430" lon="-104.9688430">
    <ele>1620.2</ele>
    <time>2023-10-03T14:32:30Z</time>
   </trkpt>
   <trkpt lat="39.6893600" lon="-104.9688440">
    <ele>1620.3</ele>
    <time>2023-10-03T14:32:31Z</time>
   </trkpt>
   <trkpt lat="39.6893980" lon="-104.9688440">
    <ele>1620.3</ele>
    <time>2023-10-03T14:32:32Z</time>
   </trkpt>
   <trkpt lat="39.6894390" lon="-104.9688410">
    <ele>1620.3</ele>
    <time>2023-10-03T14:32:33Z</time>
   </trkpt>
   <trkpt lat="39.6894690" lon="-104.9688520">
    <ele>1620.3</ele>
    <time>2023-10-03T14:32:34Z</time>
   </trkpt>
   <trkpt lat="39.6895070" lon="-104.9688370">
    <ele>1620.4</ele>
    <time>2023-10-03T14:32:35Z</time>
   </trkpt>
   <trkpt lat="39.6895460" lon="-104.9688380">
    <ele>1620.4</ele>
    <time>2023-10-03T14:32:36Z</time>
   </trkpt>
   <trkpt lat="39.6895870" lon="-104.9688380">
    <ele>1620.5</ele>
    <time>2023-10-03T14:32:37Z</time>
   </trkpt>
   <trkpt lat="39.6896160" lon="-104.9688350">
    <ele>1620.5</ele>
    <time>2023-10-03T14:32:38Z</time>
   </trkpt>
   <trkpt lat="39.6896440" lon="-104.9688340">
    <ele>1620.5</ele>
    <time>2023-10-03T14:32:39Z</time>
   </trkpt>
   <trkpt lat="39.6896780" lon="-104.9688390">
    <ele>1620.6</ele>
    <time>2023-10-03T14:32:40Z</time>
   </trkpt>
   <trkpt lat="39.6896900" lon="-104.9688320">
    <ele>1620.6</ele>
    <time>2023-10-03T14:32:41Z</time>
   </trkpt>
   <trkpt lat="39.6897310" lon="-104.9688340">
    <ele>1620.7</ele>
    <time>2023-10-03T14:32:42Z</time>
   </trkpt>
   <trkpt lat="39.6897690" lon="-104.9688390">
    <ele>1620.7</ele>
    <time>2023-10-03T14:32:44Z</time>
   </trkpt>
   <trkpt lat="39.6898000" lon="-104.9688380">
    <ele>1620.8</ele>
    <time>2023-10-03T14:32:45Z</time>
   </trkpt>
   <trkpt lat="39.6898280" lon="-104.9688560">
    <ele>1620.8</ele>
    <time>2023-10-03T14:32:46Z</time>
   </trkpt>
   <trkpt lat="39.6898500" lon="-104.9688300">
    <ele>1620.8</ele>
    <time>2023-10-03T14:32:47Z</time>
   </trkpt>
   <trkpt lat="39.6898860" lon="-104.9688260">
    <ele>1620.9</ele>
    <time>2023-10-03T14:32:48Z</time>
   </trkpt>
   <trkpt lat="39.6899130" lon="-104.9688300">
    <ele>1620.9</ele>
    <time>2023-10-03T14:32:49Z</time>
   </trkpt>
   <trkpt lat="39.6899460" lon="-104.9688220">
    <ele>1621.0</ele>
    <time>2023-10-03T14:32:50Z</time>
   </trkpt>
   <trkpt lat="39.6899710" lon="-104.9688360">
    <ele>1621.0</ele>
    <time>2023-10-03T14:32:51Z</time>
   </trkpt>
   <trkpt lat="39.6900100" lon="-104.9688390">
    <ele>1621.0</ele>
    <time>2023-10-03T14:32:52Z</time>
   </trkpt>
   <trkpt lat="39.6900440" lon="-104.9688270">
    <ele>1621.1</ele>
    <time>2023-10-03T14:32:53Z</time>
   </trkpt>
   <trkpt lat="39.6900740" lon="-104.9688310">
    <ele>1621.1</ele>
    <time>2023-10-03T14:32:54Z</time>
   </trkpt>
   <trkpt lat="39.6901060" lon="-104.9688190">
    <ele>1621.1</ele>
    <time>2023-10-03T14:32:55Z</time>
   </trkpt>
   <trkpt lat="39.6901440" lon="-104.9688120">
    <ele>1621.2</ele>
    <time>2023-10-03T14:32:56Z</time>
   </trkpt>
   <trkpt lat="39.6901840" lon="-104.9688290">
    <ele>1621.2</ele>
    <time>2023-10-03T14:32:57Z</time>
   </trkpt>
   <trkpt lat="39.6902030" lon="-104.9688290">
    <ele>1621.3</ele>
    <time>2023-10-03T14:32:58Z</time>
   </trkpt>
   <trkpt lat="39.6902410" lon="-104.9688320">
    <ele>1621.3</ele>
    <time>2023-10-03T14:32:59Z</time>
   </trkpt>
   <trkpt lat="39.6902810" lon="-104.9688280">
    <ele>1621.4</ele>
    <time>2023-10-03T14:33:00Z</time>
   </trkpt>
   <trkpt lat="39.6902960" lon="-104.9688270">
    <ele>1621.4</ele>
    <time>2023-10-03T14:33:01Z</time>
   </trkpt>
   <trkpt lat="39.6903290" lon="-104.9688490">
    <ele>1621.4</ele>
    <time>2023-10-03T14:33:02Z</time>
   </trkpt>
   <trkpt lat="39.6903770" lon="-104.9688400">
    <ele>1621.5</ele>
    <time>2023-10-03T14:33:03Z</time>
   </trkpt>
   <trkpt lat="39.6904130" lon="-104.9688360">
    <ele>1621.6</ele>
    <time>2023-10-03T14:33:04Z</time>
   </trkpt>
   <trkpt lat="39.6904490" lon="-104.9688350">
    <ele>1621.6</ele>
    <time>2023-10-03T14:33:05Z</time>
   </trkpt>
   <trkpt lat="39.6904750" lon="-104.9688450">
    <ele>1621.7</ele>
    <time>2023-10-03T14:33:06Z</time>
   </trkpt>
   <trkpt lat="39.6905110" lon="-104.9688640">
    <ele>1621.7</ele>
    <time>2023-10-03T14:33:07Z</time>
   </trkpt>
   <trkpt lat="39.6905430" lon="-104.9688580">
    <ele>1621.8</ele>
    <time>2023-10-03T14:33:08Z</time>
   </trkpt>
   <trkpt lat="39.6905810" lon="-104.9688590">
    <ele>1621.8</ele>
    <time>2023-10-03T14:33:09Z</time>
   </trkpt>
   <trkpt lat="39.6906180" lon="-104.9688520">
    <ele>1621.9</ele>
    <time>2023-10-03T14:33:10Z</time>
   </trkpt>
   <trkpt lat="39.6906630" lon="-104.9688570">
    <ele>1621.9</ele>
    <time>2023-10-03T14:33:11Z</time>
   </trkpt>
   <trkpt lat="39.6906820" lon="-104.9688630">
    <ele>1621.9</ele>
    <time>2023-10-03T14:33:12Z</time>
   </trkpt>
   <trkpt lat="39.6907120" lon="-104.9688580">
    <ele>1622.0</ele>
    <time>2023-10-03T14:33:13Z</time>
   </trkpt>
   <trkpt lat="39.6907460" lon="-104.9688510">
    <ele>1622.0</ele>
    <time>2023-10-03T14:33:14Z</time>
   </trkpt>
   <trkpt lat="39.6907870" lon="-104.9688620">
    <ele>1622.1</ele>
    <time>2023-10-03T14:33:15Z</time>
   </trkpt>
   <trkpt lat="39.6908130" lon="-104.9688500">
    <ele>1622.1</ele>
    <time>2023-10-03T14:33:16Z</time>
   </trkpt>
   <trkpt lat="39.6908410" lon="-104.9688380">
    <ele>1622.1</ele>
    <time>2023-10-03T14:33:17Z</time>
   </trkpt>
   <trkpt lat="39.6908690" lon="-104.9688380">
    <ele>1622.1</ele>
    <time>2023-10-03T14:33:18Z</time>
   </trkpt>
   <trkpt lat="39.6909090" lon="-104.9688430">
    <ele>1622.2</ele>
    <time>2023-10-03T14:33:19Z</time>
   </trkpt>
   <trkpt lat="39.6909250" lon="-104.9688440">
    <ele>1622.2</ele>
    <time>2023-10-03T14:33:20Z</time>
   </trkpt>
   <trkpt lat="39.6909580" lon="-104.9688450">
    <ele>1622.2</ele>
    <time>2023-10-03T14:33:21Z</time>
   </trkpt>
   <trkpt lat="39.6909850" lon="-104.9688430">
    <ele>1622.2</ele>
    <time>2023-10-03T14:33:22Z</time>
   </trkpt>
   <trkpt lat="39.6909940" lon="-104.9688470">
    <ele>1622.2</ele>
    <time>2023-10-03T14:33:23Z</time>
   </trkpt>
   <trkpt lat="39.6910300" lon="-104.9688480">
    <ele>1622.3</ele>
    <time>2023-10-03T14:33:24Z</time>
   </trkpt>
   <trkpt lat="39.6910410" lon="-104.9688460">
    <ele>1622.3</ele>
    <time>2023-10-03T14:33:25Z</time>
   </trkpt>
   <trkpt lat="39.6910530" lon="-104.9688360">
    <ele>1622.3</ele>
    <time>2023-10-03T14:33:26Z</time>
   </trkpt>
   <trkpt lat="39.6910610" lon="-104.9688370">
    <ele>1622.3</ele>
    <time>2023-10-03T14:33:27Z</time>
   </trkpt>
   <trkpt lat="39.6910690" lon="-104.9688370">
    <ele>1622.3</ele>
    <time>2023-10-03T14:33:28Z</time>
   </trkpt>
   <trkpt lat="39.6910770" lon="-104.9688380">
    <ele>1622.3</ele>
    <time>2023-10-03T14:33:29Z</time>
   </trkpt>
   <trkpt lat="39.6911090" lon="-104.9688350">
    <ele>1622.4</ele>
    <time>2023-10-03T14:33:30Z</time>
   </trkpt>
   <trkpt lat="39.6911230" lon="-104.9688300">
    <ele>1622.4</ele>
    <time>2023-10-03T14:33:31Z</time>
   </trkpt>
   <trkpt lat="39.6911660" lon="-104.9688250">
    <ele>1622.4</ele>
    <time>2023-10-03T14:33:32Z</time>
   </trkpt>
   <trkpt lat="39.6912060" lon="-104.9688290">
    <ele>1622.4</ele>
    <time>2023-10-03T14:33:33Z</time>
   </trkpt>
   <trkpt lat="39.6912200" lon="-104.9688250">
    <ele>1622.4</ele>
    <time>2023-10-03T14:33:34Z</time>
   </trkpt>
   <trkpt lat="39.6912590" lon="-104.9688370">
    <ele>1622.4</ele>
    <time>2023-10-03T14:33:35Z</time>
   </trkpt>
   <trkpt lat="39.6912870" lon="-104.9688270">
    <ele>1622.4</ele>
    <time>2023-10-03T14:33:36Z</time>
   </trkpt>
   <trkpt lat="39.6913240" lon="-104.9688340">
    <ele>1622.4</ele>
    <time>2023-10-03T14:33:37Z</time>
   </trkpt>
   <trkpt lat="39.6913380" lon="-104.9688320">
    <ele>1622.4</ele>
    <time>2023-10-03T14:33:38Z</time>
   </trkpt>
   <trkpt lat="39.6913670" lon="-104.9688370">
    <ele>1622.4</ele>
    <time>2023-10-03T14:33:39Z</time>
   </trkpt>
   <trkpt lat="39.6913960" lon="-104.9688360">
    <ele>1622.4</ele>
    <time>2023-10-03T14:33:40Z</time>
   </trkpt>
   <trkpt lat="39.6914260" lon="-104.9688350">
    <ele>1622.4</ele>
    <time>2023-10-03T14:33:41Z</time>
   </trkpt>
   <trkpt lat="39.6914550" lon="-104.9688240">
    <ele>1622.4</ele>
    <time>2023-10-03T14:33:42Z</time>
   </trkpt>
   <trkpt lat="39.6914890" lon="-104.9688330">
    <ele>1622.4</ele>
    <time>2023-10-03T14:33:43Z</time>
   </trkpt>
   <trkpt lat="39.6915160" lon="-104.9688230">
    <ele>1622.4</ele>
    <time>2023-10-03T14:33:44Z</time>
   </trkpt>
   <trkpt lat="39.6915280" lon="-104.9688260">
    <ele>1622.4</ele>
    <time>2023-10-03T14:33:45Z</time>
   </trkpt>
   <trkpt lat="39.6915750" lon="-104.9688320">
    <ele>1622.4</ele>
    <time>2023-10-03T14:33:46Z</time>
   </trkpt>
   <trkpt lat="39.6916120" lon="-104.9688420">
    <ele>1622.4</ele>
    <time>2023-10-03T14:33:47Z</time>
   </trkpt>
   <trkpt lat="39.6916300" lon="-104.9688390">
    <ele>1622.4</ele>
    <time>2023-10-03T14:33:48Z</time>
   </trkpt>
   <trkpt lat="39.6916700" lon="-104.9688200">
    <ele>1622.4</ele>
    <time>2023-10-03T14:33:49Z</time>
   </trkpt>
   <trkpt lat="39.6917080" lon="-104.9688420">
    <ele>1622.4</ele>
    <time>2023-10-03T14:33:50Z</time>
   </trkpt>
   <trkpt lat="39.6917440" lon="-104.9688400">
    <ele>1622.4</ele>
    <time>2023-10-03T14:33:51Z</time>
   </trkpt>
   <trkpt lat="39.6917860" lon="-104.9688410">
    <ele>1622.4</ele>
    <time>2023-10-03T14:33:52Z</time>
   </trkpt>
   <trkpt lat="39.6918030" lon="-104.9688480">
    <ele>1622.4</ele>
    <time>2023-10-03T14:33:53Z</time>
   </trkpt>
   <trkpt lat="39.6918310" lon="-104.9688280">
    <ele>1622.4</ele>
    <time>2023-10-03T14:33:54Z</time>
   </trkpt>
   <trkpt lat="39.6918770" lon="-104.9688390">
    <ele>1622.3</ele>
    <time>2023-10-03T14:33:55Z</time>
   </trkpt>
   <trkpt lat="39.6918960" lon="-104.9688410">
    <ele>1622.3</ele>
    <time>2023-10-03T14:33:56Z</time>
   </trkpt>
   <trkpt lat="39.6919240" lon="-104.9688350">
    <ele>1622.3</ele>
    <time>2023-10-03T14:33:57Z</time>
   </trkpt>
   <trkpt lat="39.6919560" lon="-104.9688390">
    <ele>1622.3</ele>
    <time>2023-10-03T14:33:58Z</time>
   </trkpt>
   <trkpt lat="39.6919830" lon="-104.9688350">
    <ele>1622.3</ele>
    <time>2023-10-03T14:33:59Z</time>
   </trkpt>
   <trkpt lat="39.6920150" lon="-104.9688220">
    <ele>1622.3</ele>
    <time>2023-10-03T14:34:00Z</time>
   </trkpt>
   <trkpt lat="39.6920530" lon="-104.9688280">
    <ele>1622.3</ele>
    <time>2023-10-03T14:34:01Z</time>
   </trkpt>
   <trkpt lat="39.6920930" lon="-104.9688320">
    <ele>1622.3</ele>
    <time>2023-10-03T14:34:02Z</time>
   </trkpt>
   <trkpt lat="39.6921070" lon="-104.9688360">
    <ele>1622.3</ele>
    <time>2023-10-03T14:34:03Z</time>
   </trkpt>
   <trkpt lat="39.6921430" lon="-104.9688240">
    <ele>1622.2</ele>
    <time>2023-10-03T14:34:04Z</time>
   </trkpt>
   <trkpt lat="39.6921900" lon="-104.9688270">
    <ele>1622.2</ele>
    <time>2023-10-03T14:34:05Z</time>
   </trkpt>
   <trkpt lat="39.6922110" lon="-104.9688300">
    <ele>1622.2</ele>
    <time>2023-10-03T14:34:06Z</time>
   </trkpt>
   <trkpt lat="39.6922500" lon="-104.9688370">
    <ele>1622.2</ele>
    <time>2023-10-03T14:34:07Z</time>
   </trkpt>
   <trkpt lat="39.6922830" lon="-104.9688270">
    <ele>1622.2</ele>
    <time>2023-10-03T14:34:08Z</time>
   </trkpt>
   <trkpt lat="39.6923280" lon="-104.9688430">
    <ele>1622.2</ele>
    <time>2023-10-03T14:34:09Z</time>
   </trkpt>
   <trkpt lat="39.6923630" lon="-104.9688250">
    <ele>1622.2</ele>
    <time>2023-10-03T14:34:10Z</time>
   </trkpt>
   <trkpt lat="39.6923970" lon="-104.9688290">
    <ele>1622.2</ele>
    <time>2023-10-03T14:34:11Z</time>
   </trkpt>
   <trkpt lat="39.6924090" lon="-104.9688320">
    <ele>1622.2</ele>
    <time>2023-10-03T14:34:12Z</time>
   </trkpt>
   <trkpt lat="39.6924390" lon="-104.9688330">
    <ele>1622.2</ele>
    <time>2023-10-03T14:34:13Z</time>
   </trkpt>
   <trkpt lat="39.6924730" lon="-104.9688450">
    <ele>1622.1</ele>
    <time>2023-10-03T14:34:14Z</time>
   </trkpt>
   <trkpt lat="39.6925050" lon="-104.9688270">
    <ele>1622.1</ele>
    <time>2023-10-03T14:34:15Z</time>
   </trkpt>
   <trkpt lat="39.6925340" lon="-104.9688250">
    <ele>1622.1</ele>
    <time>2023-10-03T14:34:16Z</time>
   </trkpt>
   <trkpt lat="39.6925590" lon="-104.9688390">
    <ele>1622.1</ele>
    <time>2023-10-03T14:34:17Z</time>
   </trkpt>
   <trkpt lat="39.6925900" lon="-104.9688330">
    <ele>1622.0</ele>
    <time>2023-10-03T14:34:18Z</time>
   </trkpt>
   <trkpt lat="39.6926240" lon="-104.9688330">
    <ele>1622.0</ele>
    <time>2023-10-03T14:34:19Z</time>
   </trkpt>
   <trkpt lat="39.6926540" lon="-104.9688390">
    <ele>1622.0</ele>
    <time>2023-10-03T14:34:20Z</time>
   </trkpt>
   <trkpt lat="39.6926880" lon="-104.9688170">
    <ele>1622.0</ele>
    <time>2023-10-03T14:34:21Z</time>
   </trkpt>
   <trkpt lat="39.6927180" lon="-104.9688280">
    <ele>1622.0</ele>
    <time>2023-10-03T14:34:22Z</time>
   </trkpt>
   <trkpt lat="39.6927470" lon="-104.9688280">
    <ele>1622.0</ele>
    <time>2023-10-03T14:34:23Z</time>
   </trkpt>
   <trkpt lat="39.6927770" lon="-104.9688260">
    <ele>1622.0</ele>
    <time>2023-10-03T14:34:24Z</time>
   </trkpt>
   <trkpt lat="39.6928140" lon="-104.9688280">
    <ele>1622.0</ele>
    <time>2023-10-03T14:34:25Z</time>
   </trkpt>
   <trkpt lat="39.6928280" lon="-104.9688290">
    <ele>1621.9</ele>
    <time>2023-10-03T14:34:26Z</time>
   </trkpt>
   <trkpt lat="39.6928560" lon="-104.9688280">
    <ele>1621.9</ele>
    <time>2023-10-03T14:34:27Z</time>
   </trkpt>
   <trkpt lat="39.6929010" lon="-104.9688330">
    <ele>1621.8</ele>
    <time>2023-10-03T14:34:28Z</time>
   </trkpt>
   <trkpt lat="39.6929340" lon="-104.9688390">
    <ele>1621.8</ele>
    <time>2023-10-03T14:34:29Z</time>
   </trkpt>
   <trkpt lat="39.6929670" lon="-104.9688450">
    <ele>1621.8</ele>
    <time>2023-10-03T14:34:47Z</time>
   </trkpt>
   <trkpt lat="39.6930010" lon="-104.9688510">
    <ele>1621.7</ele>
    <time>2023-10-03T14:34:48Z</time>
   </trkpt>
   <trkpt lat="39.6930310" lon="-104.9688500">
    <ele>1621.7</ele>
    <time>2023-10-03T14:34:50Z</time>
   </trkpt>
   <trkpt lat="39.6930590" lon="-104.9688360">
    <ele>1621.6</ele>
    <time>2023-10-03T14:34:51Z</time>
   </trkpt>
   <trkpt lat="39.6930940" lon="-104.9688370">
    <ele>1621.6</ele>
    <time>2023-10-03T14:34:52Z</time>
   </trkpt>
   <trkpt lat="39.6931300" lon="-104.9688370">
    <ele>1621.5</ele>
    <time>2023-10-03T14:34:53Z</time>
   </trkpt>
   <trkpt lat="39.6931980" lon="-104.9688470">
    <ele>1621.4</ele>
    <time>2023-10-03T14:34:54Z</time>
   </trkpt>
   <trkpt lat="39.6932310" lon="-104.9688320">
    <ele>1621.4</ele>
    <time>2023-10-03T14:34:55Z</time>
   </trkpt>
   <trkpt lat="39.6932480" lon="-104.9688290">
    <ele>1621.3</ele>
    <time>2023-10-03T14:34:56Z</time>
   </trkpt>
   <trkpt lat="39.6932870" lon="-104.9688360">
    <ele>1621.3</ele>
    <time>2023-10-03T14:34:57Z</time>
   </trkpt>
   <trkpt lat="39.6933020" lon="-104.9688380">
    <ele>1621.3</ele>
    <time>2023-10-03T14:34:58Z</time>
   </trkpt>
   <trkpt lat="39.6933340" lon="-104.9688460">
    <ele>1621.3</ele>
    <time>2023-10-03T14:34:59Z</time>
   </trkpt>
   <trkpt lat="39.6933680" lon="-104.9688600">
    <ele>1621.1</ele>
    <time>2023-10-03T14:35:00Z</time>
   </trkpt>
   <trkpt lat="39.6933950" lon="-104.9688660">
    <ele>1621.0</ele>
    <time>2023-10-03T14:35:01Z</time>
   </trkpt>
   <trkpt lat="39.6934170" lon="-104.9688950">
    <ele>1621.0</ele>
    <time>2023-10-03T14:35:02Z</time>
   </trkpt>
   <trkpt lat="39.6934540" lon="-104.9689260">
    <ele>1620.9</ele>
    <time>2023-10-03T14:35:03Z</time>
   </trkpt>
   <trkpt lat="39.6934920" lon="-104.9689410">
    <ele>1620.9</ele>
    <time>2023-10-03T14:35:04Z</time>
   </trkpt>
   <trkpt lat="39.6935250" lon="-104.9689750">
    <ele>1620.9</ele>
    <time>2023-10-03T14:35:05Z</time>
   </trkpt>
   <trkpt lat="39.6935600" lon="-104.9689750">
    <ele>1620.9</ele>
    <time>2023-10-03T14:35:06Z</time>
   </trkpt>
   <trkpt lat="39.6935920" lon="-104.9689870">
    <ele>1620.8</ele>
    <time>2023-10-03T14:35:07Z</time>
   </trkpt>
   <trkpt lat="39.6936320" lon="-104.9689970">
    <ele>1620.8</ele>
    <time>2023-10-03T14:35:08Z</time>
   </trkpt>
   <trkpt lat="39.6936610" lon="-104.9689820">
    <ele>1620.8</ele>
    <time>2023-10-03T14:35:09Z</time>
   </trkpt>
   <trkpt lat="39.6936990" lon="-104.9689830">
    <ele>1620.7</ele>
    <time>2023-10-03T14:35:10Z</time>
   </trkpt>
   <trkpt lat="39.6937310" lon="-104.9689670">
    <ele>1620.7</ele>
    <time>2023-10-03T14:35:11Z</time>
   </trkpt>
   <trkpt lat="39.6937670" lon="-104.9689500">
    <ele>1620.8</ele>
    <time>2023-10-03T14:35:12Z</time>
   </trkpt>
   <trkpt lat="39.6937950" lon="-104.9689200">
    <ele>1620.8</ele>
    <time>2023-10-03T14:35:13Z</time>
   </trkpt>
   <trkpt lat="39.6938210" lon="-104.9688920">
    <ele>1620.8</ele>
    <time>2023-10-03T14:35:14Z</time>
   </trkpt>
   <trkpt lat="39.6938590" lon="-104.9688770">
    <ele>1620.8</ele>
    <time>2023-10-03T14:35:15Z</time>
   </trkpt>
   <trkpt lat="39.6938800" lon="-104.9688530">
    <ele>1620.8</ele>
    <time>2023-10-03T14:35:16Z</time>
   </trkpt>
   <trkpt lat="39.6939250" lon="-104.9688380">
    <ele>1620.9</ele>
    <time>2023-10-03T14:35:17Z</time>
   </trkpt>
   <trkpt lat="39.6939480" lon="-104.9688340">
    <ele>1620.9</ele>
    <time>2023-10-03T14:35:18Z</time>
   </trkpt>
   <trkpt lat="39.6939740" lon="-104.9688130">
    <ele>1620.9</ele>
    <time>2023-10-03T14:35:19Z</time>
   </trkpt>
   <trkpt lat="39.6940100" lon="-104.9687950">
    <ele>1621.0</ele>
    <time>2023-10-03T14:35:20Z</time>
   </trkpt>
   <trkpt lat="39.6940510" lon="-104.9687810">
    <ele>1621.0</ele>
    <time>2023-10-03T14:35:21Z</time>
   </trkpt>
   <trkpt lat="39.6940660" lon="-104.9687750">
    <ele>1621.0</ele>
    <time>2023-10-03T14:35:22Z</time>
   </trkpt>
   <trkpt lat="39.6941050" lon="-104.9687700">
    <ele>1621.1</ele>
    <time>2023-10-03T14:35:23Z</time>
   </trkpt>
   <trkpt lat="39.6941400" lon="-104.9687490">
    <ele>1621.1</ele>
    <time>2023-10-03T14:35:24Z</time>
   </trkpt>
   <trkpt lat="39.6941820" lon="-104.9687450">
    <ele>1621.2</ele>
    <time>2023-10-03T14:35:25Z</time>
   </trkpt>
   <trkpt lat="39.6942280" lon="-104.9687470">
    <ele>1621.3</ele>
    <time>2023-10-03T14:35:26Z</time>
   </trkpt>
   <trkpt lat="39.6942560" lon="-104.9687500">
    <ele>1621.3</ele>
    <time>2023-10-03T14:35:27Z</time>
   </trkpt>
   <trkpt lat="39.6942790" lon="-104.9687730">
    <ele>1621.4</ele>
    <time>2023-10-03T14:35:28Z</time>
   </trkpt>
   <trkpt lat="39.6943170" lon="-104.9687750">
    <ele>1621.5</ele>
    <time>2023-10-03T14:35:29Z</time>
   </trkpt>
   <trkpt lat="39.6943500" lon="-104.9687830">
    <ele>1621.6</ele>
    <time>2023-10-03T14:35:30Z</time>
   </trkpt>
   <trkpt lat="39.6943850" lon="-104.9688180">
    <ele>1621.7</ele>
    <time>2023-10-03T14:35:31Z</time>
   </trkpt>
   <trkpt lat="39.6944150" lon="-104.9688260">
    <ele>1621.7</ele>
    <time>2023-10-03T14:35:32Z</time>
   </trkpt>
   <trkpt lat="39.6944420" lon="-104.9688560">
    <ele>1621.8</ele>
    <time>2023-10-03T14:35:33Z</time>
   </trkpt>
   <trkpt lat="39.6944790" lon="-104.9688850">
    <ele>1621.9</ele>
    <time>2023-10-03T14:35:34Z</time>
   </trkpt>
   <trkpt lat="39.6944970" lon="-104.9688910">
    <ele>1621.9</ele>
    <time>2023-10-03T14:35:35Z</time>
   </trkpt>
   <trkpt lat="39.6945190" lon="-104.9689320">
    <ele>1622.0</ele>
    <time>2023-10-03T14:35:36Z</time>
   </trkpt>
   <trkpt lat="39.6945220" lon="-104.9689490">
    <ele>1622.0</ele>
    <time>2023-10-03T14:35:37Z</time>
   </trkpt>
   <trkpt lat="39.6945410" lon="-104.9689860">
    <ele>1622.1</ele>
    <time>2023-10-03T14:35:38Z</time>
   </trkpt>
   <trkpt lat="39.6945470" lon="-104.9690240">
    <ele>1622.1</ele>
    <time>2023-10-03T14:35:39Z</time>
   </trkpt>
   <trkpt lat="39.6945700" lon="-104.9690550">
    <ele>1622.1</ele>
    <time>2023-10-03T14:35:40Z</time>
   </trkpt>
   <trkpt lat="39.6945870" lon="-104.9690950">
    <ele>1622.2</ele>
    <time>2023-10-03T14:35:41Z</time>
   </trkpt>
   <trkpt lat="39.6946020" lon="-104.9691280">
    <ele>1622.2</ele>
    <time>2023-10-03T14:35:42Z</time>
   </trkpt>
   <trkpt lat="39.6946290" lon="-104.9691510">
    <ele>1622.2</ele>
    <time>2023-10-03T14:35:43Z</time>
   </trkpt>
   <trkpt lat="39.6946420" lon="-104.9691940">
    <ele>1622.3</ele>
    <time>2023-10-03T14:35:44Z</time>
   </trkpt>
   <trkpt lat="39.6946610" lon="-104.9692200">
    <ele>1622.3</ele>
    <time>2023-10-03T14:35:45Z</time>
   </trkpt>
   <trkpt lat="39.6946850" lon="-104.9692520">
    <ele>1622.3</ele>
    <time>2023-10-03T14:35:46Z</time>
   </trkpt>
   <trkpt lat="39.6946980" lon="-104.9692920">
    <ele>1622.3</ele>
    <time>2023-10-03T14:35:47Z</time>
   </trkpt>
   <trkpt lat="39.6947230" lon="-104.9693190">
    <ele>1622.4</ele>
    <time>2023-10-03T14:35:48Z</time>
   </trkpt>
   <trkpt lat="39.6947380" lon="-104.9693550">
    <ele>1622.4</ele>
    <time>2023-10-03T14:35:49Z</time>
   </trkpt>
   <trkpt lat="39.6947550" lon="-104.9693870">
    <ele>1622.4</ele>
    <time>2023-10-03T14:35:50Z</time>
   </trkpt>
   <trkpt lat="39.6947810" lon="-104.9694200">
    <ele>1622.4</ele>
    <time>2023-10-03T14:35:51Z</time>
   </trkpt>
   <trkpt lat="39.6948000" lon="-104.9694700">
    <ele>1622.4</ele>
    <time>2023-10-03T14:35:52Z</time>
   </trkpt>
   <trkpt lat="39.6948150" lon="-104.9694870">
    <ele>1622.4</ele>
    <time>2023-10-03T14:35:53Z</time>
   </trkpt>
   <trkpt lat="39.6948360" lon="-104.9695240">
    <ele>1622.4</ele>
    <time>2023-10-03T14:35:54Z</time>
   </trkpt>
   <trkpt lat="39.6948500" lon="-104.9695560">
    <ele>1622.4</ele>
    <time>2023-10-03T14:35:55Z</time>
   </trkpt>
   <trkpt lat="39.6948770" lon="-104.9695890">
    <ele>1622.4</ele>
    <time>2023-10-03T14:35:56Z</time>
   </trkpt>
   <trkpt lat="39.6949040" lon="-104.9696290">
    <ele>1622.4</ele>
    <time>2023-10-03T14:35:57Z</time>
   </trkpt>
   <trkpt lat="39.6949170" lon="-104.9696440">
    <ele>1622.4</ele>
    <time>2023-10-03T14:35:58Z</time>
   </trkpt>
   <trkpt lat="39.6949400" lon="-104.9696720">
    <ele>1622.5</ele>
    <time>2023-10-03T14:35:59Z</time>
   </trkpt>
   <trkpt lat="39.6949720" lon="-104.9696980">
    <ele>1622.5</ele>
    <time>2023-10-03T14:36:00Z</time>
   </trkpt>
   <trkpt lat="39.6949850" lon="-104.9697060">
    <ele>1622.5</ele>
    <time>2023-10-03T14:36:01Z</time>
   </trkpt>
   <trkpt lat="39.6950070" lon="-104.9697350">
    <ele>1622.5</ele>
    <time>2023-10-03T14:36:02Z</time>
   </trkpt>
   <trkpt lat="39.6950340" lon="-104.9697620">
    <ele>1622.5</ele>
    <time>2023-10-03T14:36:03Z</time>
   </trkpt>
   <trkpt lat="39.6950620" lon="-104.9697780">
    <ele>1622.5</ele>
    <time>2023-10-03T14:36:04Z</time>
   </trkpt>
   <trkpt lat="39.6950880" lon="-104.9698050">
    <ele>1622.5</ele>
    <time>2023-10-03T14:36:05Z</time>
   </trkpt>
   <trkpt lat="39.6951150" lon="-104.9698130">
    <ele>1622.5</ele>
    <time>2023-10-03T14:36:06Z</time>
   </trkpt>
   <trkpt lat="39.6951530" lon="-104.9698320">
    <ele>1622.6</ele>
    <time>2023-10-03T14:36:07Z</time>
   </trkpt>
   <trkpt lat="39.6951680" lon="-104.9698420">
    <ele>1622.6</ele>
    <time>2023-10-03T14:36:08Z</time>
   </trkpt>
   <trkpt lat="39.6952050" lon="-104.9698750">
    <ele>1622.6</ele>
    <time>2023-10-03T14:36:09Z</time>
   </trkpt>
   <trkpt lat="39.6952180" lon="-104.9698900">
    <ele>1622.6</ele>
    <time>2023-10-03T14:36:10Z</time>
   </trkpt>
   <trkpt lat="39.6952580" lon="-104.9698900">
    <ele>1622.6</ele>
    <time>2023-10-03T14:36:11Z</time>
   </trkpt>
   <trkpt lat="39.6952930" lon="-104.9698980">
    <ele>1622.6</ele>
    <time>2023-10-03T14:36:12Z</time>
   </trkpt>
   <trkpt lat="39.6953160" lon="-104.9699240">
    <ele>1622.6</ele>
    <time>2023-10-03T14:36:13Z</time>
   </trkpt>
   <trkpt lat="39.6953580" lon="-104.9699290">
    <ele>1622.7</ele>
    <time>2023-10-03T14:36:14Z</time>
   </trkpt>
   <trkpt lat="39.6953740" lon="-104.9699350">
    <ele>1622.7</ele>
    <time>2023-10-03T14:36:15Z</time>
   </trkpt>
   <trkpt lat="39.6954050" lon="-104.9699470">
    <ele>1622.7</ele>
    <time>2023-10-03T14:36:16Z</time>
   </trkpt>
   <trkpt lat="39.6954440" lon="-104.9699470">
    <ele>1622.7</ele>
    <time>2023-10-03T14:36:17Z</time>
   </trkpt>
   <trkpt lat="39.6954830" lon="-104.9699550">
    <ele>1622.7</ele>
    <time>2023-10-03T14:36:18Z</time>
   </trkpt>
   <trkpt lat="39.6954990" lon="-104.9699540">
    <ele>1622.7</ele>
    <time>2023-10-03T14:36:19Z</time>
   </trkpt>
   <trkpt lat="39.6955460" lon="-104.9699570">
    <ele>1622.7</ele>
    <time>2023-10-03T14:36:20Z</time>
   </trkpt>
   <trkpt lat="39.6955850" lon="-104.9699750">
    <ele>1622.7</ele>
    <time>2023-10-03T14:36:21Z</time>
   </trkpt>
   <trkpt lat="39.6956050" lon="-104.9699720">
    <ele>1622.7</ele>
    <time>2023-10-03T14:36:22Z</time>
   </trkpt>
   <trkpt lat="39.6956400" lon="-104.9699750">
    <ele>1622.7</ele>
    <time>2023-10-03T14:36:23Z</time>
   </trkpt>
   <trkpt lat="39.6956730" lon="-104.9699800">
    <ele>1622.8</ele>
    <time>2023-10-03T14:36:24Z</time>
   </trkpt>
   <trkpt lat="39.6957080" lon="-104.9700110">
    <ele>1622.8</ele>
    <time>2023-10-03T14:36:25Z</time>
   </trkpt>
   <trkpt lat="39.6957470" lon="-104.9700210">
    <ele>1622.8</ele>
    <time>2023-10-03T14:36:26Z</time>
   </trkpt>
   <trkpt lat="39.6957620" lon="-104.9700160">
    <ele>1622.8</ele>
    <time>2023-10-03T14:36:27Z</time>
   </trkpt>
   <trkpt lat="39.6957960" lon="-104.9700120">
    <ele>1622.8</ele>
    <time>2023-10-03T14:36:28Z</time>
   </trkpt>
   <trkpt lat="39.6958310" lon="-104.9699940">
    <ele>1622.9</ele>
    <time>2023-10-03T14:36:29Z</time>
   </trkpt>
   <trkpt lat="39.6958640" lon="-104.9699830">
    <ele>1622.9</ele>
    <time>2023-10-03T14:36:30Z</time>
   </trkpt>
   <trkpt lat="39.6958920" lon="-104.9699820">
    <ele>1622.9</ele>
    <time>2023-10-03T14:36:31Z</time>
   </trkpt>
   <trkpt lat="39.6959190" lon="-104.9699710">
    <ele>1622.9</ele>
    <time>2023-10-03T14:36:32Z</time>
   </trkpt>
   <trkpt lat="39.6959520" lon="-104.9699660">
    <ele>1622.9</ele>
    <time>2023-10-03T14:36:33Z</time>
   </trkpt>
   <trkpt lat="39.6959830" lon="-104.9699630">
    <ele>1623.0</ele>
    <time>2023-10-03T14:36:34Z</time>
   </trkpt>
   <trkpt lat="39.6960130" lon="-104.9699470">
    <ele>1623.0</ele>
    <time>2023-10-03T14:36:35Z</time>
   </trkpt>
   <trkpt lat="39.6960430" lon="-104.9699490">
    <ele>1623.0</ele>
    <time>2023-10-03T14:36:36Z</time>
   </trkpt>
   <trkpt lat="39.6960800" lon="-104.9699340">
    <ele>1623.0</ele>
    <time>2023-10-03T14:36:37Z</time>
   </trkpt>
   <trkpt lat="39.6960940" lon="-104.9699290">
    <ele>1623.1</ele>
    <time>2023-10-03T14:36:38Z</time>
   </trkpt>
   <trkpt lat="39.6961280" lon="-104.9699390">
    <ele>1623.1</ele>
    <time>2023-10-03T14:36:39Z</time>
   </trkpt>
   <trkpt lat="39.6961580" lon="-104.9699180">
    <ele>1623.1</ele>
    <time>2023-10-03T14:36:40Z</time>
   </trkpt>
   <trkpt lat="39.6961960" lon="-104.9699050">
    <ele>1623.2</ele>
    <time>2023-10-03T14:36:41Z</time>
   </trkpt>
   <trkpt lat="39.6962340" lon="-104.9699010">
    <ele>1623.2</ele>
    <time>2023-10-03T14:36:42Z</time>
   </trkpt>
   <trkpt lat="39.6962620" lon="-104.9698820">
    <ele>1623.2</ele>
    <time>2023-10-03T14:36:43Z</time>
   </trkpt>
   <trkpt lat="39.6963040" lon="-104.9698820">
    <ele>1623.2</ele>
    <time>2023-10-03T14:36:44Z</time>
   </trkpt>
   <trkpt lat="39.6963350" lon="-104.9698540">
    <ele>1623.2</ele>
    <time>2023-10-03T14:36:45Z</time>
   </trkpt>
   <trkpt lat="39.6963470" lon="-104.9698490">
    <ele>1623.3</ele>
    <time>2023-10-03T14:36:46Z</time>
   </trkpt>
   <trkpt lat="39.6963760" lon="-104.9698430">
    <ele>1623.3</ele>
    <time>2023-10-03T14:36:47Z</time>
   </trkpt>
   <trkpt lat="39.6964040" lon="-104.9698050">
    <ele>1623.3</ele>
    <time>2023-10-03T14:36:48Z</time>
   </trkpt>
   <trkpt lat="39.6964350" lon="-104.9697810">
    <ele>1623.4</ele>
    <time>2023-10-03T14:36:49Z</time>
   </trkpt>
   <trkpt lat="39.6964740" lon="-104.9697650">
    <ele>1623.4</ele>
    <time>2023-10-03T14:36:50Z</time>
   </trkpt>
   <trkpt lat="39.6964920" lon="-104.9697650">
    <ele>1623.4</ele>
    <time>2023-10-03T14:36:51Z</time>
   </trkpt>
   <trkpt lat="39.6965310" lon="-104.9697630">
    <ele>1623.4</ele>
    <time>2023-10-03T14:36:52Z</time>
   </trkpt>
   <trkpt lat="39.6965620" lon="-104.9697390">
    <ele>1623.4</ele>
    <time>2023-10-03T14:36:53Z</time>
   </trkpt>
   <trkpt lat="39.6965910" lon="-104.9697290">
    <ele>1623.5</ele>
    <time>2023-10-03T14:36:54Z</time>
   </trkpt>
   <trkpt lat="39.6966200" lon="-104.9697130">
    <ele>1623.5</ele>
    <time>2023-10-03T14:36:55Z</time>
   </trkpt>
   <trkpt lat="39.6966480" lon="-104.9697070">
    <ele>1623.5</ele>
    <time>2023-10-03T14:36:56Z</time>
   </trkpt>
   <trkpt lat="39.6966870" lon="-104.9696810">
    <ele>1623.5</ele>
    <time>2023-10-03T14:36:57Z</time>
   </trkpt>
   <trkpt lat="39.6967000" lon="-104.9696680">
    <ele>1623.5</ele>
    <time>2023-10-03T14:36:58Z</time>
   </trkpt>
   <trkpt lat="39.6967350" lon="-104.9696620">
    <ele>1623.5</ele>
    <time>2023-10-03T14:36:59Z</time>
   </trkpt>
   <trkpt lat="39.6967650" lon="-104.9696340">
    <ele>1623.6</ele>
    <time>2023-10-03T14:37:00Z</time>
   </trkpt>
   <trkpt lat="39.6967820" lon="-104.9696270">
    <ele>1623.6</ele>
    <time>2023-10-03T14:37:01Z</time>
   </trkpt>
   <trkpt lat="39.6968250" lon="-104.9696200">
    <ele>1623.6</ele>
    <time>2023-10-03T14:37:02Z</time>
   </trkpt>
   <trkpt lat="39.6968550" lon="-104.9695940">
    <ele>1623.6</ele>
    <time>2023-10-03T14:37:03Z</time>
   </trkpt>
   <trkpt lat="39.6968830" lon="-104.9695890">
    <ele>1623.6</ele>
    <time>2023-10-03T14:37:04Z</time>
   </trkpt>
   <trkpt lat="39.6969090" lon="-104.9695800">
    <ele>1623.6</ele>
    <time>2023-10-03T14:37:05Z</time>
   </trkpt>
   <trkpt lat="39.6969380" lon="-104.9695620">
    <ele>1623.6</ele>
    <time>2023-10-03T14:37:06Z</time>
   </trkpt>
   <trkpt lat="39.6969730" lon="-104.9695470">
    <ele>1623.5</ele>
    <time>2023-10-03T14:37:07Z</time>
   </trkpt>
   <trkpt lat="39.6970040" lon="-104.9695340">
    <ele>1623.5</ele>
    <time>2023-10-03T14:37:08Z</time>
   </trkpt>
   <trkpt lat="39.6970430" lon="-104.9695120">
    <ele>1623.5</ele>
    <time>2023-10-03T14:37:09Z</time>
   </trkpt>
   <trkpt lat="39.6970560" lon="-104.9694970">
    <ele>1623.4</ele>
    <time>2023-10-03T14:37:10Z</time>
   </trkpt>
   <trkpt lat="39.6971000" lon="-104.9694870">
    <ele>1623.4</ele>
    <time>2023-10-03T14:37:11Z</time>
   </trkpt>
   <trkpt lat="39.6971180" lon="-104.9694850">
    <ele>1623.3</ele>
    <time>2023-10-03T14:37:12Z</time>
   </trkpt>
   <trkpt lat="39.6971530" lon="-104.9694650">
    <ele>1623.3</ele>
    <time>2023-10-03T14:37:13Z</time>
   </trkpt>
   <trkpt lat="39.6971680" lon="-104.9694600">
    <ele>1623.2</ele>
    <time>2023-10-03T14:37:14Z</time>
   </trkpt>
   <trkpt lat="39.6972060" lon="-104.9694460">
    <ele>1623.1</ele>
    <time>2023-10-03T14:37:15Z</time>
   </trkpt>
   <trkpt lat="39.6972380" lon="-104.9694470">
    <ele>1623.1</ele>
    <time>2023-10-03T14:37:16Z</time>
   </trkpt>
   <trkpt lat="39.6972720" lon="-104.9694380">
    <ele>1623.0</ele>
    <time>2023-10-03T14:37:17Z</time>
   </trkpt>
   <trkpt lat="39.6973100" lon="-104.9694190">
    <ele>1622.9</ele>
    <time>2023-10-03T14:37:18Z</time>
   </trkpt>
   <trkpt lat="39.6973260" lon="-104.9694120">
    <ele>1622.9</ele>
    <time>2023-10-03T14:37:19Z</time>
   </trkpt>
   <trkpt lat="39.6973670" lon="-104.9694220">
    <ele>1622.8</ele>
    <time>2023-10-03T14:37:20Z</time>
   </trkpt>
   <trkpt lat="39.6973980" lon="-104.9694140">
    <ele>1622.7</ele>
    <time>2023-10-03T14:37:21Z</time>
   </trkpt>
   <trkpt lat="39.6974390" lon="-104.9694060">
    <ele>1622.6</ele>
    <time>2023-10-03T14:37:22Z</time>
   </trkpt>
   <trkpt lat="39.6974570" lon="-104.9694160">
    <ele>1622.5</ele>
    <time>2023-10-03T14:37:23Z</time>
   </trkpt>
   <trkpt lat="39.6974840" lon="-104.9694050">
    <ele>1622.5</ele>
    <time>2023-10-03T14:37:24Z</time>
   </trkpt>
   <trkpt lat="39.6975220" lon="-104.9693950">
    <ele>1622.4</ele>
    <time>2023-10-03T14:37:25Z</time>
   </trkpt>
   <trkpt lat="39.6975620" lon="-104.9693870">
    <ele>1622.2</ele>
    <time>2023-10-03T14:37:26Z</time>
   </trkpt>
   <trkpt lat="39.6975960" lon="-104.9693830">
    <ele>1622.1</ele>
    <time>2023-10-03T14:37:27Z</time>
   </trkpt>
   <trkpt lat="39.6976330" lon="-104.9693870">
    <ele>1622.0</ele>
    <time>2023-10-03T14:37:28Z</time>
   </trkpt>
   <trkpt lat="39.6976680" lon="-104.9693920">
    <ele>1621.9</ele>
    <time>2023-10-03T14:37:29Z</time>
   </trkpt>
   <trkpt lat="39.6976800" lon="-104.9693910">
    <ele>1621.9</ele>
    <time>2023-10-03T14:37:30Z</time>
   </trkpt>
   <trkpt lat="39.6977100" lon="-104.9694030">
    <ele>1621.8</ele>
    <time>2023-10-03T14:37:31Z</time>
   </trkpt>
   <trkpt lat="39.6977440" lon="-104.9693960">
    <ele>1621.7</ele>
    <time>2023-10-03T14:37:32Z</time>
   </trkpt>
   <trkpt lat="39.6977600" lon="-104.9693980">
    <ele>1621.6</ele>
    <time>2023-10-03T14:37:33Z</time>
   </trkpt>
   <trkpt lat="39.6977950" lon="-104.9694070">
    <ele>1621.5</ele>
    <time>2023-10-03T14:37:34Z</time>
   </trkpt>
   <trkpt lat="39.6978300" lon="-104.9694030">
    <ele>1621.4</ele>
    <time>2023-10-03T14:37:35Z</time>
   </trkpt>
   <trkpt lat="39.6978600" lon="-104.9694150">
    <ele>1621.3</ele>
    <time>2023-10-03T14:37:36Z</time>
   </trkpt>
   <trkpt lat="39.6978980" lon="-104.9694140">
    <ele>1621.2</ele>
    <time>2023-10-03T14:37:37Z</time>
   </trkpt>
   <trkpt lat="39.6979120" lon="-104.9694130">
    <ele>1621.1</ele>
    <time>2023-10-03T14:37:38Z</time>
   </trkpt>
   <trkpt lat="39.6979480" lon="-104.9694290">
    <ele>1621.0</ele>
    <time>2023-10-03T14:37:39Z</time>
   </trkpt>
   <trkpt lat="39.6979750" lon="-104.9694190">
    <ele>1621.0</ele>
    <time>2023-10-03T14:37:40Z</time>
   </trkpt>
   <trkpt lat="39.6980130" lon="-104.9694360">
    <ele>1620.9</ele>
    <time>2023-10-03T14:37:41Z</time>
   </trkpt>
   <trkpt lat="39.6980410" lon="-104.9694480">
    <ele>1620.8</ele>
    <time>2023-10-03T14:37:42Z</time>
   </trkpt>
   <trkpt lat="39.6980710" lon="-104.9694490">
    <ele>1620.8</ele>
    <time>2023-10-03T14:37:43Z</time>
   </trkpt>
   <trkpt lat="39.6981010" lon="-104.9694790">
    <ele>1620.7</ele>
    <time>2023-10-03T14:37:44Z</time>
   </trkpt>
   <trkpt lat="39.6981400" lon="-104.9694860">
    <ele>1620.6</ele>
    <time>2023-10-03T14:37:45Z</time>
   </trkpt>
   <trkpt lat="39.6981750" lon="-104.9694870">
    <ele>1620.6</ele>
    <time>2023-10-03T14:37:46Z</time>
   </trkpt>
   <trkpt lat="39.6982040" lon="-104.9694900">
    <ele>1620.5</ele>
    <time>2023-10-03T14:37:47Z</time>
   </trkpt>
   <trkpt lat="39.6982340" lon="-104.9694740">
    <ele>1620.5</ele>
    <time>2023-10-03T14:37:48Z</time>
   </trkpt>
   <trkpt lat="39.6982730" lon="-104.9694790">
    <ele>1620.4</ele>
    <time>2023-10-03T14:37:49Z</time>
   </trkpt>
   <trkpt lat="39.6982890" lon="-104.9694800">
    <ele>1620.4</ele>
    <time>2023-10-03T14:37:50Z</time>
   </trkpt>
   <trkpt lat="39.6983200" lon="-104.9694790">
    <ele>1620.4</ele>
    <time>2023-10-03T14:37:51Z</time>
   </trkpt>
   <trkpt lat="39.6983480" lon="-104.9695030">
    <ele>1620.4</ele>
    <time>2023-10-03T14:37:52Z</time>
   </trkpt>
   <trkpt lat="39.6983850" lon="-104.9694840">
    <ele>1620.3</ele>
    <time>2023-10-03T14:37:53Z</time>
   </trkpt>
   <trkpt lat="39.6984220" lon="-104.9694810">
    <ele>1620.3</ele>
    <time>2023-10-03T14:37:54Z</time>
   </trkpt>
   <trkpt lat="39.6984580" lon="-104.9694820">
    <ele>1620.3</ele>
    <time>2023-10-03T14:37:55Z</time>
   </trkpt>
   <trkpt lat="39.6984880" lon="-104.9694750">
    <ele>1620.3</ele>
    <time>2023-10-03T14:37:56Z</time>
   </trkpt>
   <trkpt lat="39.6985190" lon="-104.9694880">
    <ele>1620.2</ele>
    <time>2023-10-03T14:37:57Z</time>
   </trkpt>
   <trkpt lat="39.6985550" lon="-104.9694910">
    <ele>1620.2</ele>
    <time>2023-10-03T14:37:58Z</time>
   </trkpt>
   <trkpt lat="39.6985900" lon="-104.9695020">
    <ele>1620.2</ele>
    <time>2023-10-03T14:37:59Z</time>
   </trkpt>
   <trkpt lat="39.6986200" lon="-104.9695100">
    <ele>1620.3</ele>
    <time>2023-10-03T14:38:00Z</time>
   </trkpt>
   <trkpt lat="39.6986520" lon="-104.9695230">
    <ele>1620.3</ele>
    <time>2023-10-03T14:38:01Z</time>
   </trkpt>
   <trkpt lat="39.6986790" lon="-104.9695460">
    <ele>1620.3</ele>
    <time>2023-10-03T14:38:02Z</time>
   </trkpt>
   <trkpt lat="39.6987200" lon="-104.9695460">
    <ele>1620.4</ele>
    <time>2023-10-03T14:38:03Z</time>
   </trkpt>
   <trkpt lat="39.6987360" lon="-104.9695420">
    <ele>1620.4</ele>
    <time>2023-10-03T14:38:04Z</time>
   </trkpt>
   <trkpt lat="39.6987630" lon="-104.9695500">
    <ele>1620.4</ele>
    <time>2023-10-03T14:38:05Z</time>
   </trkpt>
   <trkpt lat="39.6987990" lon="-104.9695430">
    <ele>1620.5</ele>
    <time>2023-10-03T14:38:06Z</time>
   </trkpt>
   <trkpt lat="39.6988240" lon="-104.9695570">
    <ele>1620.5</ele>
    <time>2023-10-03T14:38:07Z</time>
   </trkpt>
   <trkpt lat="39.6988590" lon="-104.9695450">
    <ele>1620.5</ele>
    <time>2023-10-03T14:38:08Z</time>
   </trkpt>
   <trkpt lat="39.6988990" lon="-104.9695480">
    <ele>1620.6</ele>
    <time>2023-10-03T14:38:09Z</time>
   </trkpt>
   <trkpt lat="39.6989210" lon="-104.9695700">
    <ele>1620.6</ele>
    <time>2023-10-03T14:38:10Z</time>
   </trkpt>
   <trkpt lat="39.6989560" lon="-104.9695510">
    <ele>1620.7</ele>
    <time>2023-10-03T14:38:11Z</time>
   </trkpt>
   <trkpt lat="39.6989880" lon="-104.9695460">
    <ele>1620.7</ele>
    <time>2023-10-03T14:38:12Z</time>
   </trkpt>
   <trkpt lat="39.6990150" lon="-104.9695630">
    <ele>1620.7</ele>
    <time>2023-10-03T14:38:13Z</time>
   </trkpt>
   <trkpt lat="39.6990440" lon="-104.9695580">
    <ele>1620.8</ele>
    <time>2023-10-03T14:38:14Z</time>
   </trkpt>
   <trkpt lat="39.6990830" lon="-104.9695560">
    <ele>1620.8</ele>
    <time>2023-10-03T14:38:15Z</time>
   </trkpt>
   <trkpt lat="39.6990980" lon="-104.9695520">
    <ele>1620.8</ele>
    <time>2023-10-03T14:38:16Z</time>
   </trkpt>
   <trkpt lat="39.6991320" lon="-104.9695420">
    <ele>1620.9</ele>
    <time>2023-10-03T14:38:17Z</time>
   </trkpt>
   <trkpt lat="39.6991700" lon="-104.9695440">
    <ele>1620.9</ele>
    <time>2023-10-03T14:38:18Z</time>
   </trkpt>
   <trkpt lat="39.6991860" lon="-104.9695370">
    <ele>1620.9</ele>
    <time>2023-10-03T14:38:19Z</time>
   </trkpt>
   <trkpt lat="39.6992280" lon="-104.9695380">
    <ele>1621.0</ele>
    <time>2023-10-03T14:38:20Z</time>
   </trkpt>
   <trkpt lat="39.6992540" lon="-104.9695570">
    <ele>1621.0</ele>
    <time>2023-10-03T14:38:21Z</time>
   </trkpt>
   <trkpt lat="39.6992860" lon="-104.9695420">
    <ele>1621.1</ele>
    <time>2023-10-03T14:38:22Z</time>
   </trkpt>
   <trkpt lat="39.6993150" lon="-104.9695420">
    <ele>1621.1</ele>
    <time>2023-10-03T14:38:23Z</time>
   </trkpt>
   <trkpt lat="39.6993630" lon="-104.9695390">
    <ele>1621.2</ele>
    <time>2023-10-03T14:38:24Z</time>
   </trkpt>
   <trkpt lat="39.6993840" lon="-104.9695380">
    <ele>1621.2</ele>
    <time>2023-10-03T14:38:25Z</time>
   </trkpt>
   <trkpt lat="39.6994200" lon="-104.9695300">
    <ele>1621.2</ele>
    <time>2023-10-03T14:38:26Z</time>
   </trkpt>
   <trkpt lat="39.6994360" lon="-104.9695200">
    <ele>1621.3</ele>
    <time>2023-10-03T14:38:27Z</time>
   </trkpt>
   <trkpt lat="39.6994790" lon="-104.9695170">
    <ele>1621.3</ele>
    <time>2023-10-03T14:38:28Z</time>
   </trkpt>
   <trkpt lat="39.6994950" lon="-104.9695130">
    <ele>1621.3</ele>
    <time>2023-10-03T14:38:29Z</time>
   </trkpt>
   <trkpt lat="39.6995270" lon="-104.9694980">
    <ele>1621.4</ele>
    <time>2023-10-03T14:38:30Z</time>
   </trkpt>
   <trkpt lat="39.6995600" lon="-104.9695100">
    <ele>1621.4</ele>
    <time>2023-10-03T14:38:31Z</time>
   </trkpt>
   <trkpt lat="39.6995870" lon="-104.9695030">
    <ele>1621.5</ele>
    <time>2023-10-03T14:38:32Z</time>
   </trkpt>
   <trkpt lat="39.6996180" lon="-104.9694970">
    <ele>1621.5</ele>
    <time>2023-10-03T14:38:33Z</time>
   </trkpt>
   <trkpt lat="39.6996400" lon="-104.9694770">
    <ele>1621.6</ele>
    <time>2023-10-03T14:38:34Z</time>
   </trkpt>
   <trkpt lat="39.6996720" lon="-104.9694670">
    <ele>1621.6</ele>
    <time>2023-10-03T14:38:35Z</time>
   </trkpt>
   <trkpt lat="39.6997010" lon="-104.9694760">
    <ele>1621.7</ele>
    <time>2023-10-03T14:38:36Z</time>
   </trkpt>
   <trkpt lat="39.6997340" lon="-104.9694610">
    <ele>1621.8</ele>
    <time>2023-10-03T14:38:37Z</time>
   </trkpt>
   <trkpt lat="39.6997650" lon="-104.9694490">
    <ele>1621.8</ele>
    <time>2023-10-03T14:38:38Z</time>
   </trkpt>
   <trkpt lat="39.6998020" lon="-104.9694550">
    <ele>1621.9</ele>
    <time>2023-10-03T14:38:39Z</time>
   </trkpt>
   <trkpt lat="39.6998460" lon="-104.9694310">
    <ele>1622.0</ele>
    <time>2023-10-03T14:38:40Z</time>
   </trkpt>
   <trkpt lat="39.6998830" lon="-104.9694410">
    <ele>1622.1</ele>
    <time>2023-10-03T14:38:41Z</time>
   </trkpt>
   <trkpt lat="39.6998980" lon="-104.9694410">
    <ele>1622.1</ele>
    <time>2023-10-03T14:38:42Z</time>
   </trkpt>
   <trkpt lat="39.6999430" lon="-104.9694190">
    <ele>1622.2</ele>
    <time>2023-10-03T14:38:43Z</time>
   </trkpt>
   <trkpt lat="39.6999770" lon="-104.9694240">
    <ele>1622.3</ele>
    <time>2023-10-03T14:38:44Z</time>
   </trkpt>
   <trkpt lat="39.7000140" lon="-104.9694040">
    <ele>1622.3</ele>
    <time>2023-10-03T14:38:45Z</time>
   </trkpt>
   <trkpt lat="39.7000280" lon="-104.9693960">
    <ele>1622.4</ele>
    <time>2023-10-03T14:38:46Z</time>
   </trkpt>
   <trkpt lat="39.7000550" lon="-104.9693940">
    <ele>1622.4</ele>
    <time>2023-10-03T14:38:47Z</time>
   </trkpt>
   <trkpt lat="39.7000940" lon="-104.9693850">
    <ele>1622.5</ele>
    <time>2023-10-03T14:38:48Z</time>
   </trkpt>
   <trkpt lat="39.7001240" lon="-104.9693910">
    <ele>1622.6</ele>
    <time>2023-10-03T14:38:49Z</time>
   </trkpt>
   <trkpt lat="39.7001590" lon="-104.9693780">
    <ele>1622.7</ele>
    <time>2023-10-03T14:38:50Z</time>
   </trkpt>
   <trkpt lat="39.7001720" lon="-104.9693720">
    <ele>1622.7</ele>
    <time>2023-10-03T14:38:51Z</time>
   </trkpt>
   <trkpt lat="39.7002020" lon="-104.9693790">
    <ele>1622.8</ele>
    <time>2023-10-03T14:38:52Z</time>
   </trkpt>
   <trkpt lat="39.7002300" lon="-104.9693680">
    <ele>1622.8</ele>
    <time>2023-10-03T14:38:53Z</time>
   </trkpt>
   <trkpt lat="39.7002610" lon="-104.9693600">
    <ele>1622.8</ele>
    <time>2023-10-03T14:38:54Z</time>
   </trkpt>
   <trkpt lat="39.7002900" lon="-104.9693550">
    <ele>1622.9</ele>
    <time>2023-10-03T14:38:55Z</time>
   </trkpt>
   <trkpt lat="39.7003200" lon="-104.9693420">
    <ele>1622.9</ele>
    <time>2023-10-03T14:38:56Z</time>
   </trkpt>
   <trkpt lat="39.7003520" lon="-104.9693450">
    <ele>1623.0</ele>
    <time>2023-10-03T14:38:57Z</time>
   </trkpt>
   <trkpt lat="39.7003880" lon="-104.9693400">
    <ele>1623.1</ele>
    <time>2023-10-03T14:38:58Z</time>
   </trkpt>
   <trkpt lat="39.7004010" lon="-104.9693340">
    <ele>1623.1</ele>
    <time>2023-10-03T14:38:59Z</time>
   </trkpt>
   <trkpt lat="39.7004310" lon="-104.9693270">
    <ele>1623.1</ele>
    <time>2023-10-03T14:39:00Z</time>
   </trkpt>
   <trkpt lat="39.7004700" lon="-104.9693090">
    <ele>1623.2</ele>
    <time>2023-10-03T14:39:01Z</time>
   </trkpt>
   <trkpt lat="39.7004840" lon="-104.9693020">
    <ele>1623.2</ele>
    <time>2023-10-03T14:39:02Z</time>
   </trkpt>
   <trkpt lat="39.7005180" lon="-104.9692880">
    <ele>1623.3</ele>
    <time>2023-10-03T14:39:03Z</time>
   </trkpt>
   <trkpt lat="39.7005300" lon="-104.9692810">
    <ele>1623.3</ele>
    <time>2023-10-03T14:39:04Z</time>
   </trkpt>
   <trkpt lat="39.7005610" lon="-104.9692790">
    <ele>1623.3</ele>
    <time>2023-10-03T14:39:05Z</time>
   </trkpt>
   <trkpt lat="39.7005890" lon="-104.9692670">
    <ele>1623.4</ele>
    <time>2023-10-03T14:39:06Z</time>
   </trkpt>
   <trkpt lat="39.7006200" lon="-104.9692510">
    <ele>1623.4</ele>
    <time>2023-10-03T14:39:07Z</time>
   </trkpt>
   <trkpt lat="39.7006490" lon="-104.9692570">
    <ele>1623.4</ele>
    <time>2023-10-03T14:39:08Z</time>
   </trkpt>
   <trkpt lat="39.7006830" lon="-104.9692390">
    <ele>1623.5</ele>
    <time>2023-10-03T14:39:09Z</time>
   </trkpt>
   <trkpt lat="39.7007160" lon="-104.9692320">
    <ele>1623.5</ele>
    <time>2023-10-03T14:39:10Z</time>
   </trkpt>
   <trkpt lat="39.7007430" lon="-104.9692300">
    <ele>1623.5</ele>
    <time>2023-10-03T14:39:11Z</time>
   </trkpt>
   <trkpt lat="39.7007680" lon="-104.9692060">
    <ele>1623.6</ele>
    <time>2023-10-03T14:39:12Z</time>
   </trkpt>
   <trkpt lat="39.7008000" lon="-104.9692030">
    <ele>1623.6</ele>
    <time>2023-10-03T14:39:13Z</time>
   </trkpt>
   <trkpt lat="39.7008330" lon="-104.9692030">
    <ele>1623.6</ele>
    <time>2023-10-03T14:39:14Z</time>
   </trkpt>
   <trkpt lat="39.7008600" lon="-104.9692060">
    <ele>1623.7</ele>
    <time>2023-10-03T14:39:15Z</time>
   </trkpt>
   <trkpt lat="39.7008900" lon="-104.9692040">
    <ele>1623.7</ele>
    <time>2023-10-03T14:39:16Z</time>
   </trkpt>
   <trkpt lat="39.7009200" lon="-104.9691870">
    <ele>1623.7</ele>
    <time>2023-10-03T14:39:17Z</time>
   </trkpt>
   <trkpt lat="39.7009560" lon="-104.9691790">
    <ele>1623.8</ele>
    <time>2023-10-03T14:39:18Z</time>
   </trkpt>
   <trkpt lat="39.7009680" lon="-104.9691660">
    <ele>1623.8</ele>
    <time>2023-10-03T14:39:19Z</time>
   </trkpt>
   <trkpt lat="39.7010050" lon="-104.9691550">
    <ele>1623.8</ele>
    <time>2023-10-03T14:39:20Z</time>
   </trkpt>
   <trkpt lat="39.7010400" lon="-104.9691610">
    <ele>1623.9</ele>
    <time>2023-10-03T14:39:21Z</time>
   </trkpt>
   <trkpt lat="39.7010700" lon="-104.9691480">
    <ele>1623.9</ele>
    <time>2023-10-03T14:39:22Z</time>
   </trkpt>
   <trkpt lat="39.7011020" lon="-104.9691510">
    <ele>1623.9</ele>
    <time>2023-10-03T14:39:23Z</time>
   </trkpt>
   <trkpt lat="39.7011170" lon="-104.9691530">
    <ele>1623.9</ele>
    <time>2023-10-03T14:39:24Z</time>
   </trkpt>
   <trkpt lat="39.7011520" lon="-104.9691470">
    <ele>1623.9</ele>
    <time>2023-10-03T14:39:25Z</time>
   </trkpt>
   <trkpt lat="39.7011870" lon="-104.9691520">
    <ele>1624.0</ele>
    <time>2023-10-03T14:39:26Z</time>
   </trkpt>
   <trkpt lat="39.7012170" lon="-104.9691270">
    <ele>1624.0</ele>
    <time>2023-10-03T14:39:27Z</time>
   </trkpt>
   <trkpt lat="39.7012490" lon="-104.9691160">
    <ele>1624.0</ele>
    <time>2023-10-03T14:39:28Z</time>
   </trkpt>
   <trkpt lat="39.7012910" lon="-104.9691160">
    <ele>1624.0</ele>
    <time>2023-10-03T14:39:29Z</time>
   </trkpt>
   <trkpt lat="39.7013110" lon="-104.9691130">
    <ele>1624.0</ele>
    <time>2023-10-03T14:39:30Z</time>
   </trkpt>
   <trkpt lat="39.7013390" lon="-104.9691210">
    <ele>1624.0</ele>
    <time>2023-10-03T14:39:31Z</time>
   </trkpt>
   <trkpt lat="39.7013730" lon="-104.9691260">
    <ele>1624.1</ele>
    <time>2023-10-03T14:39:32Z</time>
   </trkpt>
   <trkpt lat="39.7014140" lon="-104.9691250">
    <ele>1624.1</ele>
    <time>2023-10-03T14:39:33Z</time>
   </trkpt>
   <trkpt lat="39.7014420" lon="-104.9691120">
    <ele>1624.1</ele>
    <time>2023-10-03T14:39:34Z</time>
   </trkpt>
   <trkpt lat="39.7014790" lon="-104.9691070">
    <ele>1624.2</ele>
    <time>2023-10-03T14:39:35Z</time>
   </trkpt>
   <trkpt lat="39.7015150" lon="-104.9691040">
    <ele>1624.2</ele>
    <time>2023-10-03T14:39:36Z</time>
   </trkpt>
   <trkpt lat="39.7015450" lon="-104.9691160">
    <ele>1624.2</ele>
    <time>2023-10-03T14:39:37Z</time>
   </trkpt>
   <trkpt lat="39.7015770" lon="-104.9691220">
    <ele>1624.2</ele>
    <time>2023-10-03T14:39:38Z</time>
   </trkpt>
   <trkpt lat="39.7016080" lon="-104.9691200">
    <ele>1624.2</ele>
    <time>2023-10-03T14:39:39Z</time>
   </trkpt>
   <trkpt lat="39.7016220" lon="-104.9691230">
    <ele>1624.2</ele>
    <time>2023-10-03T14:39:40Z</time>
   </trkpt>
   <trkpt lat="39.7016570" lon="-104.9691210">
    <ele>1624.2</ele>
    <time>2023-10-03T14:39:41Z</time>
   </trkpt>
   <trkpt lat="39.7016990" lon="-104.9691120">
    <ele>1624.2</ele>
    <time>2023-10-03T14:39:42Z</time>
   </trkpt>
   <trkpt lat="39.7017350" lon="-104.9691120">
    <ele>1624.3</ele>
    <time>2023-10-03T14:39:43Z</time>
   </trkpt>
   <trkpt lat="39.7017690" lon="-104.9691320">
    <ele>1624.3</ele>
    <time>2023-10-03T14:39:44Z</time>
   </trkpt>
   <trkpt lat="39.7017870" lon="-104.9691320">
    <ele>1624.3</ele>
    <time>2023-10-03T14:39:45Z</time>
   </trkpt>
   <trkpt lat="39.7018240" lon="-104.9691250">
    <ele>1624.3</ele>
    <time>2023-10-03T14:39:46Z</time>
   </trkpt>
   <trkpt lat="39.7018570" lon="-104.9691310">
    <ele>1624.3</ele>
    <time>2023-10-03T14:39:47Z</time>
   </trkpt>
   <trkpt lat="39.7018710" lon="-104.9691310">
    <ele>1624.3</ele>
    <time>2023-10-03T14:39:48Z</time>
   </trkpt>
   <trkpt lat="39.7019150" lon="-104.9691420">
    <ele>1624.3</ele>
    <time>2023-10-03T14:39:49Z</time>
   </trkpt>
   <trkpt lat="39.7019340" lon="-104.9691410">
    <ele>1624.3</ele>
    <time>2023-10-03T14:39:50Z</time>
   </trkpt>
   <trkpt lat="39.7019640" lon="-104.9691460">
    <ele>1624.3</ele>
    <time>2023-10-03T14:39:51Z</time>
   </trkpt>
   <trkpt lat="39.7019920" lon="-104.9691510">
    <ele>1624.4</ele>
    <time>2023-10-03T14:39:52Z</time>
   </trkpt>
   <trkpt lat="39.7020210" lon="-104.9691580">
    <ele>1624.4</ele>
    <time>2023-10-03T14:39:53Z</time>
   </trkpt>
   <trkpt lat="39.7020500" lon="-104.9691730">
    <ele>1624.4</ele>
    <time>2023-10-03T14:39:54Z</time>
   </trkpt>
   <trkpt lat="39.7020850" lon="-104.9691820">
    <ele>1624.4</ele>
    <time>2023-10-03T14:39:55Z</time>
   </trkpt>
   <trkpt lat="39.7021220" lon="-104.9691950">
    <ele>1624.4</ele>
    <time>2023-10-03T14:39:56Z</time>
   </trkpt>
   <trkpt lat="39.7021500" lon="-104.9691970">
    <ele>1624.4</ele>
    <time>2023-10-03T14:39:57Z</time>
   </trkpt>
   <trkpt lat="39.7021860" lon="-104.9692080">
    <ele>1624.4</ele>
    <time>2023-10-03T14:39:58Z</time>
   </trkpt>
   <trkpt lat="39.7022090" lon="-104.9692390">
    <ele>1624.4</ele>
    <time>2023-10-03T14:39:59Z</time>
   </trkpt>
   <trkpt lat="39.7022390" lon="-104.9692430">
    <ele>1624.4</ele>
    <time>2023-10-03T14:40:00Z</time>
   </trkpt>
   <trkpt lat="39.7022700" lon="-104.9692390">
    <ele>1624.4</ele>
    <time>2023-10-03T14:40:01Z</time>
   </trkpt>
   <trkpt lat="39.7023100" lon="-104.9692270">
    <ele>1624.4</ele>
    <time>2023-10-03T14:40:02Z</time>
   </trkpt>
   <trkpt lat="39.7023300" lon="-104.9692210">
    <ele>1624.3</ele>
    <time>2023-10-03T14:40:03Z</time>
   </trkpt>
   <trkpt lat="39.7023590" lon="-104.9692220">
    <ele>1624.3</ele>
    <time>2023-10-03T14:40:04Z</time>
   </trkpt>
   <trkpt lat="39.7023870" lon="-104.9692340">
    <ele>1624.3</ele>
    <time>2023-10-03T14:40:05Z</time>
   </trkpt>
   <trkpt lat="39.7024210" lon="-104.9692270">
    <ele>1624.2</ele>
    <time>2023-10-03T14:40:06Z</time>
   </trkpt>
   <trkpt lat="39.7024510" lon="-104.9692350">
    <ele>1624.2</ele>
    <time>2023-10-03T14:40:07Z</time>
   </trkpt>
   <trkpt lat="39.7024810" lon="-104.9692380">
    <ele>1624.1</ele>
    <time>2023-10-03T14:40:08Z</time>
   </trkpt>
   <trkpt lat="39.7025190" lon="-104.9692410">
    <ele>1624.0</ele>
    <time>2023-10-03T14:40:09Z</time>
   </trkpt>
   <trkpt lat="39.7025540" lon="-104.9692710">
    <ele>1623.9</ele>
    <time>2023-10-03T14:40:10Z</time>
   </trkpt>
   <trkpt lat="39.7025960" lon="-104.9692850">
    <ele>1623.8</ele>
    <time>2023-10-03T14:40:11Z</time>
   </trkpt>
   <trkpt lat="39.7026110" lon="-104.9692950">
    <ele>1623.7</ele>
    <time>2023-10-03T14:40:12Z</time>
   </trkpt>
   <trkpt lat="39.7026420" lon="-104.9693140">
    <ele>1623.6</ele>
    <time>2023-10-03T14:40:13Z</time>
   </trkpt>
   <trkpt lat="39.7026780" lon="-104.9693140">
    <ele>1623.4</ele>
    <time>2023-10-03T14:40:14Z</time>
   </trkpt>
   <trkpt lat="39.7027160" lon="-104.9693280">
    <ele>1623.3</ele>
    <time>2023-10-03T14:40:15Z</time>
   </trkpt>
   <trkpt lat="39.7027300" lon="-104.9693310">
    <ele>1623.2</ele>
    <time>2023-10-03T14:40:16Z</time>
   </trkpt>
   <trkpt lat="39.7027700" lon="-104.9693370">
    <ele>1623.1</ele>
    <time>2023-10-03T14:40:17Z</time>
   </trkpt>
   <trkpt lat="39.7027930" lon="-104.9693610">
    <ele>1622.9</ele>
    <time>2023-10-03T14:40:18Z</time>
   </trkpt>
   <trkpt lat="39.7028260" lon="-104.9693710">
    <ele>1622.8</ele>
    <time>2023-10-03T14:40:19Z</time>
   </trkpt>
   <trkpt lat="39.7028540" lon="-104.9693770">
    <ele>1622.7</ele>
    <time>2023-10-03T14:40:20Z</time>
   </trkpt>
   <trkpt lat="39.7028800" lon="-104.9694010">
    <ele>1622.5</ele>
    <time>2023-10-03T14:40:21Z</time>
   </trkpt>
   <trkpt lat="39.7029100" lon="-104.9694090">
    <ele>1622.4</ele>
    <time>2023-10-03T14:40:22Z</time>
   </trkpt>
   <trkpt lat="39.7029440" lon="-104.9694230">
    <ele>1622.2</ele>
    <time>2023-10-03T14:40:23Z</time>
   </trkpt>
   <trkpt lat="39.7029810" lon="-104.9694220">
    <ele>1622.0</ele>
    <time>2023-10-03T14:40:24Z</time>
   </trkpt>
   <trkpt lat="39.7030160" lon="-104.9694160">
    <ele>1621.9</ele>
    <time>2023-10-03T14:40:25Z</time>
   </trkpt>
   <trkpt lat="39.7030500" lon="-104.9694230">
    <ele>1621.7</ele>
    <time>2023-10-03T14:40:26Z</time>
   </trkpt>
   <trkpt lat="39.7030850" lon="-104.9694190">
    <ele>1621.5</ele>
    <time>2023-10-03T14:40:27Z</time>
   </trkpt>
   <trkpt lat="39.7031240" lon="-104.9694250">
    <ele>1621.3</ele>
    <time>2023-10-03T14:40:28Z</time>
   </trkpt>
   <trkpt lat="39.7031690" lon="-104.9694100">
    <ele>1621.1</ele>
    <time>2023-10-03T14:40:29Z</time>
   </trkpt>
   <trkpt lat="39.7031880" lon="-104.9694020">
    <ele>1621.0</ele>
    <time>2023-10-03T14:40:30Z</time>
   </trkpt>
   <trkpt lat="39.7032210" lon="-104.9694280">
    <ele>1620.8</ele>
    <time>2023-10-03T14:40:31Z</time>
   </trkpt>
   <trkpt lat="39.7032540" lon="-104.9694360">
    <ele>1620.7</ele>
    <time>2023-10-03T14:40:32Z</time>
   </trkpt>
   <trkpt lat="39.7032910" lon="-104.9694210">
    <ele>1620.5</ele>
    <time>2023-10-03T14:40:33Z</time>
   </trkpt>
   <trkpt lat="39.7033250" lon="-104.9694200">
    <ele>1620.4</ele>
    <time>2023-10-03T14:40:34Z</time>
   </trkpt>
   <trkpt lat="39.7033600" lon="-104.9693960">
    <ele>1620.3</ele>
    <time>2023-10-03T14:40:35Z</time>
   </trkpt>
   <trkpt lat="39.7033910" lon="-104.9693910">
    <ele>1620.3</ele>
    <time>2023-10-03T14:40:36Z</time>
   </trkpt>
   <trkpt lat="39.7034270" lon="-104.9693750">
    <ele>1620.2</ele>
    <time>2023-10-03T14:40:37Z</time>
   </trkpt>
   <trkpt lat="39.7034570" lon="-104.9693490">
    <ele>1620.2</ele>
    <time>2023-10-03T14:40:38Z</time>
   </trkpt>
   <trkpt lat="39.7034900" lon="-104.9693410">
    <ele>1620.2</ele>
    <time>2023-10-03T14:40:39Z</time>
   </trkpt>
   <trkpt lat="39.7035180" lon="-104.9693070">
    <ele>1620.1</ele>
    <time>2023-10-03T14:40:40Z</time>
   </trkpt>
   <trkpt lat="39.7035290" lon="-104.9692960">
    <ele>1620.1</ele>
    <time>2023-10-03T14:40:41Z</time>
   </trkpt>
   <trkpt lat="39.7035680" lon="-104.9692870">
    <ele>1620.1</ele>
    <time>2023-10-03T14:40:42Z</time>
   </trkpt>
   <trkpt lat="39.7036000" lon="-104.9692720">
    <ele>1620.1</ele>
    <time>2023-10-03T14:40:43Z</time>
   </trkpt>
   <trkpt lat="39.7036310" lon="-104.9692480">
    <ele>1620.0</ele>
    <time>2023-10-03T14:40:44Z</time>
   </trkpt>
   <trkpt lat="39.7036620" lon="-104.9692380">
    <ele>1620.0</ele>
    <time>2023-10-03T14:40:45Z</time>
   </trkpt>
   <trkpt lat="39.7036900" lon="-104.9692140">
    <ele>1620.0</ele>
    <time>2023-10-03T14:40:46Z</time>
   </trkpt>
   <trkpt lat="39.7037170" lon="-104.9692020">
    <ele>1620.0</ele>
    <time>2023-10-03T14:40:47Z</time>
   </trkpt>
   <trkpt lat="39.7037490" lon="-104.9691750">
    <ele>1620.0</ele>
    <time>2023-10-03T14:40:48Z</time>
   </trkpt>
   <trkpt lat="39.7037620" lon="-104.9691620">
    <ele>1620.0</ele>
    <time>2023-10-03T14:40:49Z</time>
   </trkpt>
   <trkpt lat="39.7038010" lon="-104.9691480">
    <ele>1620.0</ele>
    <time>2023-10-03T14:40:50Z</time>
   </trkpt>
   <trkpt lat="39.7038280" lon="-104.9691250">
    <ele>1620.0</ele>
    <time>2023-10-03T14:40:51Z</time>
   </trkpt>
   <trkpt lat="39.7038520" lon="-104.9691070">
    <ele>1620.0</ele>
    <time>2023-10-03T14:40:52Z</time>
   </trkpt>
   <trkpt lat="39.7038940" lon="-104.9691060">
    <ele>1620.0</ele>
    <time>2023-10-03T14:40:53Z</time>
   </trkpt>
   <trkpt lat="39.7039200" lon="-104.9690880">
    <ele>1619.9</ele>
    <time>2023-10-03T14:40:54Z</time>
   </trkpt>
   <trkpt lat="39.7039590" lon="-104.9690690">
    <ele>1619.9</ele>
    <time>2023-10-03T14:40:55Z</time>
   </trkpt>
   <trkpt lat="39.7039740" lon="-104.9690590">
    <ele>1619.8</ele>
    <time>2023-10-03T14:40:56Z</time>
   </trkpt>
   <trkpt lat="39.7040090" lon="-104.9690360">
    <ele>1619.8</ele>
    <time>2023-10-03T14:40:57Z</time>
   </trkpt>
   <trkpt lat="39.7040550" lon="-104.9690310">
    <ele>1619.7</ele>
    <time>2023-10-03T14:40:58Z</time>
   </trkpt>
   <trkpt lat="39.7040910" lon="-104.9690090">
    <ele>1619.7</ele>
    <time>2023-10-03T14:40:59Z</time>
   </trkpt>
   <trkpt lat="39.7041060" lon="-104.9690040">
    <ele>1619.7</ele>
    <time>2023-10-03T14:41:00Z</time>
   </trkpt>
   <trkpt lat="39.7041390" lon="-104.9690200">
    <ele>1619.6</ele>
    <time>2023-10-03T14:41:01Z</time>
   </trkpt>
   <trkpt lat="39.7041780" lon="-104.9690090">
    <ele>1619.6</ele>
    <time>2023-10-03T14:41:02Z</time>
   </trkpt>
   <trkpt lat="39.7041940" lon="-104.9690030">
    <ele>1619.6</ele>
    <time>2023-10-03T14:41:03Z</time>
   </trkpt>
   <trkpt lat="39.7042250" lon="-104.9689970">
    <ele>1619.6</ele>
    <time>2023-10-03T14:41:04Z</time>
   </trkpt>
   <trkpt lat="39.7042570" lon="-104.9689860">
    <ele>1619.5</ele>
    <time>2023-10-03T14:41:05Z</time>
   </trkpt>
   <trkpt lat="39.7042930" lon="-104.9689860">
    <ele>1619.5</ele>
    <time>2023-10-03T14:41:06Z</time>
   </trkpt>
   <trkpt lat="39.7043220" lon="-104.9689920">
    <ele>1619.5</ele>
    <time>2023-10-03T14:41:07Z</time>
   </trkpt>
   <trkpt lat="39.7043640" lon="-104.9689810">
    <ele>1619.5</ele>
    <time>2023-10-03T14:41:08Z</time>
   </trkpt>
   <trkpt lat="39.7044030" lon="-104.9689840">
    <ele>1619.4</ele>
    <time>2023-10-03T14:41:09Z</time>
   </trkpt>
   <trkpt lat="39.7044360" lon="-104.9689810">
    <ele>1619.4</ele>
    <time>2023-10-03T14:41:10Z</time>
   </trkpt>
   <trkpt lat="39.7044710" lon="-104.9689780">
    <ele>1619.4</ele>
    <time>2023-10-03T14:41:11Z</time>
   </trkpt>
   <trkpt lat="39.7045030" lon="-104.9689850">
    <ele>1619.4</ele>
    <time>2023-10-03T14:41:12Z</time>
   </trkpt>
   <trkpt lat="39.7045320" lon="-104.9689860">
    <ele>1619.3</ele>
    <time>2023-10-03T14:41:13Z</time>
   </trkpt>
   <trkpt lat="39.7045680" lon="-104.9689820">
    <ele>1619.3</ele>
    <time>2023-10-03T14:41:14Z</time>
   </trkpt>
   <trkpt lat="39.7045990" lon="-104.9689790">
    <ele>1619.3</ele>
    <time>2023-10-03T14:41:15Z</time>
   </trkpt>
   <trkpt lat="39.7046400" lon="-104.9689810">
    <ele>1619.2</ele>
    <time>2023-10-03T14:41:16Z</time>
   </trkpt>
   <trkpt lat="39.7046550" lon="-104.9689840">
    <ele>1619.2</ele>
    <time>2023-10-03T14:41:17Z</time>
   </trkpt>
   <trkpt lat="39.7046830" lon="-104.9689940">
    <ele>1619.2</ele>
    <time>2023-10-03T14:41:18Z</time>
   </trkpt>
   <trkpt lat="39.7047120" lon="-104.9689930">
    <ele>1619.2</ele>
    <time>2023-10-03T14:41:19Z</time>
   </trkpt>
   <trkpt lat="39.7047420" lon="-104.9690030">
    <ele>1619.2</ele>
    <time>2023-10-03T14:41:20Z</time>
   </trkpt>
   <trkpt lat="39.7047690" lon="-104.9689920">
    <ele>1619.1</ele>
    <time>2023-10-03T14:41:21Z</time>
   </trkpt>
   <trkpt lat="39.7048050" lon="-104.9689950">
    <ele>1619.1</ele>
    <time>2023-10-03T14:41:22Z</time>
   </trkpt>
   <trkpt lat="39.7048400" lon="-104.9690080">
    <ele>1619.1</ele>
    <time>2023-10-03T14:41:23Z</time>
   </trkpt>
   <trkpt lat="39.7048820" lon="-104.9690160">
    <ele>1619.0</ele>
    <time>2023-10-03T14:41:24Z</time>
   </trkpt>
   <trkpt lat="39.7048990" lon="-104.9690220">
    <ele>1619.0</ele>
    <time>2023-10-03T14:41:25Z</time>
   </trkpt>
   <trkpt lat="39.7049270" lon="-104.9690100">
    <ele>1619.0</ele>
    <time>2023-10-03T14:41:26Z</time>
   </trkpt>
   <trkpt lat="39.7049570" lon="-104.9690070">
    <ele>1619.0</ele>
    <time>2023-10-03T14:41:27Z</time>
   </trkpt>
   <trkpt lat="39.7049950" lon="-104.9690270">
    <ele>1618.9</ele>
    <time>2023-10-03T14:41:28Z</time>
   </trkpt>
   <trkpt lat="39.7050310" lon="-104.9690210">
    <ele>1618.9</ele>
    <time>2023-10-03T14:41:29Z</time>
   </trkpt>
   <trkpt lat="39.7050450" lon="-104.9690250">
    <ele>1618.9</ele>
    <time>2023-10-03T14:41:30Z</time>
   </trkpt>
   <trkpt lat="39.7050800" lon="-104.9690280">
    <ele>1618.9</ele>
    <time>2023-10-03T14:41:31Z</time>
   </trkpt>
   <trkpt lat="39.7051110" lon="-104.9690170">
    <ele>1618.8</ele>
    <time>2023-10-03T14:41:32Z</time>
   </trkpt>
   <trkpt lat="39.7051450" lon="-104.9690300">
    <ele>1618.8</ele>
    <time>2023-10-03T14:41:33Z</time>
   </trkpt>
   <trkpt lat="39.7051760" lon="-104.9690290">
    <ele>1618.8</ele>
    <time>2023-10-03T14:41:34Z</time>
   </trkpt>
   <trkpt lat="39.7051840" lon="-104.9690270">
    <ele>1618.8</ele>
    <time>2023-10-03T14:41:35Z</time>
   </trkpt>
   <trkpt lat="39.7052200" lon="-104.9690400">
    <ele>1618.7</ele>
    <time>2023-10-03T14:41:36Z</time>
   </trkpt>
   <trkpt lat="39.7052510" lon="-104.9690450">
    <ele>1618.7</ele>
    <time>2023-10-03T14:41:37Z</time>
   </trkpt>
   <trkpt lat="39.7052900" lon="-104.9690440">
    <ele>1618.7</ele>
    <time>2023-10-03T14:41:38Z</time>
   </trkpt>
   <trkpt lat="39.7053240" lon="-104.9690550">
    <ele>1618.7</ele>
    <time>2023-10-03T14:41:39Z</time>
   </trkpt>
   <trkpt lat="39.7053610" lon="-104.9690540">
    <ele>1618.6</ele>
    <time>2023-10-03T14:41:40Z</time>
   </trkpt>
   <trkpt lat="39.7053770" lon="-104.9690600">
    <ele>1618.6</ele>
    <time>2023-10-03T14:41:41Z</time>
   </trkpt>
   <trkpt lat="39.7054090" lon="-104.9690770">
    <ele>1618.6</ele>
    <time>2023-10-03T14:41:42Z</time>
   </trkpt>
   <trkpt lat="39.7054360" lon="-104.9690690">
    <ele>1618.6</ele>
    <time>2023-10-03T14:41:43Z</time>
   </trkpt>
   <trkpt lat="39.7054680" lon="-104.9690950">
    <ele>1618.6</ele>
    <time>2023-10-03T14:41:44Z</time>
   </trkpt>
   <trkpt lat="39.7055110" lon="-104.9690940">
    <ele>1618.6</ele>
    <time>2023-10-03T14:41:45Z</time>
   </trkpt>
   <trkpt lat="39.7055290" lon="-104.9690930">
    <ele>1618.6</ele>
    <time>2023-10-03T14:41:46Z</time>
   </trkpt>
   <trkpt lat="39.7055540" lon="-104.9691190">
    <ele>1618.6</ele>
    <time>2023-10-03T14:41:47Z</time>
   </trkpt>
   <trkpt lat="39.7055940" lon="-104.9691260">
    <ele>1618.6</ele>
    <time>2023-10-03T14:41:48Z</time>
   </trkpt>
   <trkpt lat="39.7056090" lon="-104.9691270">
    <ele>1618.6</ele>
    <time>2023-10-03T14:41:49Z</time>
   </trkpt>
   <trkpt lat="39.7056470" lon="-104.9691420">
    <ele>1618.6</ele>
    <time>2023-10-03T14:41:50Z</time>
   </trkpt>
   <trkpt lat="39.7056590" lon="-104.9691450">
    <ele>1618.6</ele>
    <time>2023-10-03T14:41:51Z</time>
   </trkpt>
   <trkpt lat="39.7056920" lon="-104.9691810">
    <ele>1618.6</ele>
    <time>2023-10-03T14:41:52Z</time>
   </trkpt>
   <trkpt lat="39.7057230" lon="-104.9691920">
    <ele>1618.6</ele>
    <time>2023-10-03T14:41:53Z</time>
   </trkpt>
   <trkpt lat="39.7057570" lon="-104.9692060">
    <ele>1618.6</ele>
    <time>2023-10-03T14:41:54Z</time>
   </trkpt>
   <trkpt lat="39.7057830" lon="-104.9692420">
    <ele>1618.6</ele>
    <time>2023-10-03T14:41:55Z</time>
   </trkpt>
   <trkpt lat="39.7058110" lon="-104.9692510">
    <ele>1618.7</ele>
    <time>2023-10-03T14:41:56Z</time>
   </trkpt>
   <trkpt lat="39.7058390" lon="-104.9692750">
    <ele>1618.7</ele>
    <time>2023-10-03T14:41:57Z</time>
   </trkpt>
   <trkpt lat="39.7058610" lon="-104.9693000">
    <ele>1618.7</ele>
    <time>2023-10-03T14:41:58Z</time>
   </trkpt>
   <trkpt lat="39.7058890" lon="-104.9693380">
    <ele>1618.7</ele>
    <time>2023-10-03T14:41:59Z</time>
   </trkpt>
   <trkpt lat="39.7059000" lon="-104.9693570">
    <ele>1618.7</ele>
    <time>2023-10-03T14:42:00Z</time>
   </trkpt>
   <trkpt lat="39.7059300" lon="-104.9693840">
    <ele>1618.7</ele>
    <time>2023-10-03T14:42:01Z</time>
   </trkpt>
   <trkpt lat="39.7059440" lon="-104.9693890">
    <ele>1618.7</ele>
    <time>2023-10-03T14:42:02Z</time>
   </trkpt>
   <trkpt lat="39.7059660" lon="-104.9694180">
    <ele>1618.7</ele>
    <time>2023-10-03T14:42:03Z</time>
   </trkpt>
   <trkpt lat="39.7059950" lon="-104.9694570">
    <ele>1618.7</ele>
    <time>2023-10-03T14:42:04Z</time>
   </trkpt>
   <trkpt lat="39.7060100" lon="-104.9694740">
    <ele>1618.8</ele>
    <time>2023-10-03T14:42:05Z</time>
   </trkpt>
   <trkpt lat="39.7060230" lon="-104.9695100">
    <ele>1618.8</ele>
    <time>2023-10-03T14:42:06Z</time>
   </trkpt>
   <trkpt lat="39.7060560" lon="-104.9695450">
    <ele>1618.8</ele>
    <time>2023-10-03T14:42:07Z</time>
   </trkpt>
   <trkpt lat="39.7060680" lon="-104.9695600">
    <ele>1618.8</ele>
    <time>2023-10-03T14:42:08Z</time>
   </trkpt>
   <trkpt lat="39.7060820" lon="-104.9696010">
    <ele>1618.8</ele>
    <time>2023-10-03T14:42:09Z</time>
   </trkpt>
   <trkpt lat="39.7060830" lon="-104.9696140">
    <ele>1618.8</ele>
    <time>2023-10-03T14:42:10Z</time>
   </trkpt>
   <trkpt lat="39.7060940" lon="-104.9696480">
    <ele>1618.9</ele>
    <time>2023-10-03T14:42:11Z</time>
   </trkpt>
   <trkpt lat="39.7061110" lon="-104.9696810">
    <ele>1618.9</ele>
    <time>2023-10-03T14:42:12Z</time>
   </trkpt>
   <trkpt lat="39.7061380" lon="-104.9697090">
    <ele>1619.0</ele>
    <time>2023-10-03T14:42:13Z</time>
   </trkpt>
   <trkpt lat="39.7061510" lon="-104.9697550">
    <ele>1619.0</ele>
    <time>2023-10-03T14:42:14Z</time>
   </trkpt>
   <trkpt lat="39.7061570" lon="-104.9697680">
    <ele>1619.1</ele>
    <time>2023-10-03T14:42:15Z</time>
   </trkpt>
   <trkpt lat="39.7061710" lon="-104.9698240">
    <ele>1619.1</ele>
    <time>2023-10-03T14:42:16Z</time>
   </trkpt>
   <trkpt lat="39.7061730" lon="-104.9698610">
    <ele>1619.2</ele>
    <time>2023-10-03T14:42:17Z</time>
   </trkpt>
   <trkpt lat="39.7061760" lon="-104.9699010">
    <ele>1619.2</ele>
    <time>2023-10-03T14:42:18Z</time>
   </trkpt>
   <trkpt lat="39.7061930" lon="-104.9699460">
    <ele>1619.3</ele>
    <time>2023-10-03T14:42:19Z</time>
   </trkpt>
   <trkpt lat="39.7062120" lon="-104.9699880">
    <ele>1619.4</ele>
    <time>2023-10-03T14:42:20Z</time>
   </trkpt>
   <trkpt lat="39.7062180" lon="-104.9700030">
    <ele>1619.4</ele>
    <time>2023-10-03T14:42:21Z</time>
   </trkpt>
   <trkpt lat="39.7062320" lon="-104.9700410">
    <ele>1619.5</ele>
    <time>2023-10-03T14:42:22Z</time>
   </trkpt>
   <trkpt lat="39.7062290" lon="-104.9700790">
    <ele>1619.5</ele>
    <time>2023-10-03T14:42:23Z</time>
   </trkpt>
   <trkpt lat="39.7062410" lon="-104.9701190">
    <ele>1619.6</ele>
    <time>2023-10-03T14:42:24Z</time>
   </trkpt>
   <trkpt lat="39.7062500" lon="-104.9701550">
    <ele>1619.6</ele>
    <time>2023-10-03T14:42:25Z</time>
   </trkpt>
   <trkpt lat="39.7062570" lon="-104.9702120">
    <ele>1619.7</ele>
    <time>2023-10-03T14:42:26Z</time>
   </trkpt>
   <trkpt lat="39.7062630" lon="-104.9702380">
    <ele>1619.7</ele>
    <time>2023-10-03T14:42:27Z</time>
   </trkpt>
   <trkpt lat="39.7062720" lon="-104.9702740">
    <ele>1619.8</ele>
    <time>2023-10-03T14:42:28Z</time>
   </trkpt>
   <trkpt lat="39.7062870" lon="-104.9703260">
    <ele>1619.8</ele>
    <time>2023-10-03T14:42:29Z</time>
   </trkpt>
   <trkpt lat="39.7062920" lon="-104.9703450">
    <ele>1619.8</ele>
    <time>2023-10-03T14:42:30Z</time>
   </trkpt>
   <trkpt lat="39.7063010" lon="-104.9703800">
    <ele>1619.9</ele>
    <time>2023-10-03T14:42:31Z</time>
   </trkpt>
   <trkpt lat="39.7063140" lon="-104.9704260">
    <ele>1619.9</ele>
    <time>2023-10-03T14:42:32Z</time>
   </trkpt>
   <trkpt lat="39.7063150" lon="-104.9704640">
    <ele>1620.0</ele>
    <time>2023-10-03T14:42:33Z</time>
   </trkpt>
   <trkpt lat="39.7063180" lon="-104.9705120">
    <ele>1620.0</ele>
    <time>2023-10-03T14:42:34Z</time>
   </trkpt>
   <trkpt lat="39.7063260" lon="-104.9705360">
    <ele>1620.0</ele>
    <time>2023-10-03T14:42:35Z</time>
   </trkpt>
   <trkpt lat="39.7063380" lon="-104.9705830">
    <ele>1620.1</ele>
    <time>2023-10-03T14:42:36Z</time>
   </trkpt>
   <trkpt lat="39.7063410" lon="-104.9706010">
    <ele>1620.1</ele>
    <time>2023-10-03T14:42:37Z</time>
   </trkpt>
   <trkpt lat="39.7063590" lon="-104.9706530">
    <ele>1620.1</ele>
    <time>2023-10-03T14:42:38Z</time>
   </trkpt>
   <trkpt lat="39.7063780" lon="-104.9706980">
    <ele>1620.2</ele>
    <time>2023-10-03T14:42:39Z</time>
   </trkpt>
   <trkpt lat="39.7063880" lon="-104.9707200">
    <ele>1620.2</ele>
    <time>2023-10-03T14:42:40Z</time>
   </trkpt>
   <trkpt lat="39.7064100" lon="-104.9707620">
    <ele>1620.2</ele>
    <time>2023-10-03T14:42:41Z</time>
   </trkpt>
   <trkpt lat="39.7064180" lon="-104.9707780">
    <ele>1620.2</ele>
    <time>2023-10-03T14:42:42Z</time>
   </trkpt>
   <trkpt lat="39.7064280" lon="-104.9708210">
    <ele>1620.2</ele>
    <time>2023-10-03T14:42:43Z</time>
   </trkpt>
   <trkpt lat="39.7064410" lon="-104.9708700">
    <ele>1620.2</ele>
    <time>2023-10-03T14:42:44Z</time>
   </trkpt>
   <trkpt lat="39.7064500" lon="-104.9708870">
    <ele>1620.2</ele>
    <time>2023-10-03T14:42:45Z</time>
   </trkpt>
   <trkpt lat="39.7064680" lon="-104.9709270">
    <ele>1620.2</ele>
    <time>2023-10-03T14:42:46Z</time>
   </trkpt>
   <trkpt lat="39.7064810" lon="-104.9709720">
    <ele>1620.2</ele>
    <time>2023-10-03T14:42:47Z</time>
   </trkpt>
   <trkpt lat="39.7064880" lon="-104.9709900">
    <ele>1620.1</ele>
    <time>2023-10-03T14:42:48Z</time>
   </trkpt>
   <trkpt lat="39.7065050" lon="-104.9710170">
    <ele>1620.1</ele>
    <time>2023-10-03T14:42:49Z</time>
   </trkpt>
   <trkpt lat="39.7065240" lon="-104.9710480">
    <ele>1620.1</ele>
    <time>2023-10-03T14:42:50Z</time>
   </trkpt>
   <trkpt lat="39.7065480" lon="-104.9710880">
    <ele>1620.1</ele>
    <time>2023-10-03T14:42:51Z</time>
   </trkpt>
   <trkpt lat="39.7065760" lon="-104.9711250">
    <ele>1620.0</ele>
    <time>2023-10-03T14:42:52Z</time>
   </trkpt>
   <trkpt lat="39.7065890" lon="-104.9711390">
    <ele>1620.0</ele>
    <time>2023-10-03T14:42:53Z</time>
   </trkpt>
   <trkpt lat="39.7066050" lon="-104.9711800">
    <ele>1620.0</ele>
    <time>2023-10-03T14:42:54Z</time>
   </trkpt>
   <trkpt lat="39.7066180" lon="-104.9712120">
    <ele>1619.9</ele>
    <time>2023-10-03T14:42:55Z</time>
   </trkpt>
   <trkpt lat="39.7066230" lon="-104.9712510">
    <ele>1619.9</ele>
    <time>2023-10-03T14:42:56Z</time>
   </trkpt>
   <trkpt lat="39.7066420" lon="-104.9712830">
    <ele>1619.9</ele>
    <time>2023-10-03T14:42:57Z</time>
   </trkpt>
   <trkpt lat="39.7066670" lon="-104.9713250">
    <ele>1619.8</ele>
    <time>2023-10-03T14:42:58Z</time>
   </trkpt>
   <trkpt lat="39.7066770" lon="-104.9713430">
    <ele>1619.8</ele>
    <time>2023-10-03T14:42:59Z</time>
   </trkpt>
   <trkpt lat="39.7067040" lon="-104.9713780">
    <ele>1619.7</ele>
    <time>2023-10-03T14:43:00Z</time>
   </trkpt>
   <trkpt lat="39.7067120" lon="-104.9713910">
    <ele>1619.7</ele>
    <time>2023-10-03T14:43:01Z</time>
   </trkpt>
   <trkpt lat="39.7067240" lon="-104.9714310">
    <ele>1619.6</ele>
    <time>2023-10-03T14:43:02Z</time>
   </trkpt>
   <trkpt lat="39.7067380" lon="-104.9714640">
    <ele>1619.6</ele>
    <time>2023-10-03T14:43:03Z</time>
   </trkpt>
   <trkpt lat="39.7067690" lon="-104.9714960">
    <ele>1619.5</ele>
    <time>2023-10-03T14:43:04Z</time>
   </trkpt>
   <trkpt lat="39.7067890" lon="-104.9715330">
    <ele>1619.4</ele>
    <time>2023-10-03T14:43:05Z</time>
   </trkpt>
   <trkpt lat="39.7068070" lon="-104.9715660">
    <ele>1619.4</ele>
    <time>2023-10-03T14:43:06Z</time>
   </trkpt>
   <trkpt lat="39.7068160" lon="-104.9716050">
    <ele>1619.3</ele>
    <time>2023-10-03T14:43:07Z</time>
   </trkpt>
   <trkpt lat="39.7068420" lon="-104.9716470">
    <ele>1619.2</ele>
    <time>2023-10-03T14:43:08Z</time>
   </trkpt>
   <trkpt lat="39.7068530" lon="-104.9716610">
    <ele>1619.2</ele>
    <time>2023-10-03T14:43:09Z</time>
   </trkpt>
   <trkpt lat="39.7068690" lon="-104.9717170">
    <ele>1619.1</ele>
    <time>2023-10-03T14:43:10Z</time>
   </trkpt>
   <trkpt lat="39.7068640" lon="-104.9717550">
    <ele>1619.1</ele>
    <time>2023-10-03T14:43:11Z</time>
   </trkpt>
   <trkpt lat="39.7068790" lon="-104.9717890">
    <ele>1619.1</ele>
    <time>2023-10-03T14:43:12Z</time>
   </trkpt>
   <trkpt lat="39.7069070" lon="-104.9718350">
    <ele>1619.0</ele>
    <time>2023-10-03T14:43:13Z</time>
   </trkpt>
   <trkpt lat="39.7069370" lon="-104.9718690">
    <ele>1618.9</ele>
    <time>2023-10-03T14:43:14Z</time>
   </trkpt>
   <trkpt lat="39.7069490" lon="-104.9718810">
    <ele>1618.9</ele>
    <time>2023-10-03T14:43:15Z</time>
   </trkpt>
   <trkpt lat="39.7069820" lon="-104.9719120">
    <ele>1618.9</ele>
    <time>2023-10-03T14:43:16Z</time>
   </trkpt>
   <trkpt lat="39.7069930" lon="-104.9719240">
    <ele>1618.9</ele>
    <time>2023-10-03T14:43:17Z</time>
   </trkpt>
   <trkpt lat="39.7070030" lon="-104.9719620">
    <ele>1618.8</ele>
    <time>2023-10-03T14:43:18Z</time>
   </trkpt>
   <trkpt lat="39.7070190" lon="-104.9719940">
    <ele>1618.8</ele>
    <time>2023-10-03T14:43:19Z</time>
   </trkpt>
   <trkpt lat="39.7070420" lon="-104.9720360">
    <ele>1618.7</ele>
    <time>2023-10-03T14:43:20Z</time>
   </trkpt>
   <trkpt lat="39.7070650" lon="-104.9720790">
    <ele>1618.7</ele>
    <time>2023-10-03T14:43:21Z</time>
   </trkpt>
   <trkpt lat="39.7070740" lon="-104.9720930">
    <ele>1618.6</ele>
    <time>2023-10-03T14:43:22Z</time>
   </trkpt>
   <trkpt lat="39.7070800" lon="-104.9721500">
    <ele>1618.6</ele>
    <time>2023-10-03T14:43:23Z</time>
   </trkpt>
   <trkpt lat="39.7070860" lon="-104.9722010">
    <ele>1618.5</ele>
    <time>2023-10-03T14:43:24Z</time>
   </trkpt>
   <trkpt lat="39.7070940" lon="-104.9722210">
    <ele>1618.5</ele>
    <time>2023-10-03T14:43:25Z</time>
   </trkpt>
   <trkpt lat="39.7071050" lon="-104.9722580">
    <ele>1618.4</ele>
    <time>2023-10-03T14:43:26Z</time>
   </trkpt>
   <trkpt lat="39.7071100" lon="-104.9723030">
    <ele>1618.4</ele>
    <time>2023-10-03T14:43:27Z</time>
   </trkpt>
   <trkpt lat="39.7071100" lon="-104.9723490">
    <ele>1618.4</ele>
    <time>2023-10-03T14:43:28Z</time>
   </trkpt>
   <trkpt lat="39.7071030" lon="-104.9723840">
    <ele>1618.4</ele>
    <time>2023-10-03T14:43:29Z</time>
   </trkpt>
   <trkpt lat="39.7070980" lon="-104.9724240">
    <ele>1618.3</ele>
    <time>2023-10-03T14:43:30Z</time>
   </trkpt>
   <trkpt lat="39.7070770" lon="-104.9724630">
    <ele>1618.3</ele>
    <time>2023-10-03T14:43:31Z</time>
   </trkpt>
   <trkpt lat="39.7070910" lon="-104.9724740">
    <ele>1618.3</ele>
    <time>2023-10-03T14:43:32Z</time>
   </trkpt>
   <trkpt lat="39.7070640" lon="-104.9725050">
    <ele>1618.3</ele>
    <time>2023-10-03T14:43:33Z</time>
   </trkpt>
   <trkpt lat="39.7070370" lon="-104.9725400">
    <ele>1618.3</ele>
    <time>2023-10-03T14:43:34Z</time>
   </trkpt>
   <trkpt lat="39.7070140" lon="-104.9725610">
    <ele>1618.3</ele>
    <time>2023-10-03T14:43:35Z</time>
   </trkpt>
   <trkpt lat="39.7069820" lon="-104.9725910">
    <ele>1618.3</ele>
    <time>2023-10-03T14:43:36Z</time>
   </trkpt>
   <trkpt lat="39.7069430" lon="-104.9726140">
    <ele>1618.4</ele>
    <time>2023-10-03T14:43:37Z</time>
   </trkpt>
   <trkpt lat="39.7069140" lon="-104.9726450">
    <ele>1618.4</ele>
    <time>2023-10-03T14:43:38Z</time>
   </trkpt>
   <trkpt lat="39.7069020" lon="-104.9726580">
    <ele>1618.4</ele>
    <time>2023-10-03T14:43:39Z</time>
   </trkpt>
   <trkpt lat="39.7068780" lon="-104.9726830">
    <ele>1618.4</ele>
    <time>2023-10-03T14:43:40Z</time>
   </trkpt>
   <trkpt lat="39.7068470" lon="-104.9726990">
    <ele>1618.4</ele>
    <time>2023-10-03T14:43:41Z</time>
   </trkpt>
   <trkpt lat="39.7068190" lon="-104.9727220">
    <ele>1618.4</ele>
    <time>2023-10-03T14:43:42Z</time>
   </trkpt>
   <trkpt lat="39.7067840" lon="-104.9727370">
    <ele>1618.5</ele>
    <time>2023-10-03T14:43:43Z</time>
   </trkpt>
   <trkpt lat="39.7067670" lon="-104.9727490">
    <ele>1618.5</ele>
    <time>2023-10-03T14:43:44Z</time>
   </trkpt>
   <trkpt lat="39.7067400" lon="-104.9727670">
    <ele>1618.5</ele>
    <time>2023-10-03T14:43:45Z</time>
   </trkpt>
   <trkpt lat="39.7067100" lon="-104.9727780">
    <ele>1618.6</ele>
    <time>2023-10-03T14:43:46Z</time>
   </trkpt>
   <trkpt lat="39.7066810" lon="-104.9728040">
    <ele>1618.7</ele>
    <time>2023-10-03T14:43:47Z</time>
   </trkpt>
   <trkpt lat="39.7066550" lon="-104.9728160">
    <ele>1618.7</ele>
    <time>2023-10-03T14:43:48Z</time>
   </trkpt>
   <trkpt lat="39.7066280" lon="-104.9728250">
    <ele>1618.8</ele>
    <time>2023-10-03T14:43:49Z</time>
   </trkpt>
   <trkpt lat="39.7065960" lon="-104.9728440">
    <ele>1618.8</ele>
    <time>2023-10-03T14:43:50Z</time>
   </trkpt>
   <trkpt lat="39.7065610" lon="-104.9728440">
    <ele>1618.9</ele>
    <time>2023-10-03T14:43:51Z</time>
   </trkpt>
   <trkpt lat="39.7065290" lon="-104.9728550">
    <ele>1618.9</ele>
    <time>2023-10-03T14:43:52Z</time>
   </trkpt>
   <trkpt lat="39.7064950" lon="-104.9728610">
    <ele>1619.0</ele>
    <time>2023-10-03T14:43:53Z</time>
   </trkpt>
   <trkpt lat="39.7064630" lon="-104.9728790">
    <ele>1619.1</ele>
    <time>2023-10-03T14:43:54Z</time>
   </trkpt>
   <trkpt lat="39.7064510" lon="-104.9728810">
    <ele>1619.1</ele>
    <time>2023-10-03T14:43:55Z</time>
   </trkpt>
   <trkpt lat="39.7064160" lon="-104.9728920">
    <ele>1619.1</ele>
    <time>2023-10-03T14:43:56Z</time>
   </trkpt>
   <trkpt lat="39.7063690" lon="-104.9729120">
    <ele>1619.2</ele>
    <time>2023-10-03T14:43:57Z</time>
   </trkpt>
   <trkpt lat="39.7063460" lon="-104.9729190">
    <ele>1619.3</ele>
    <time>2023-10-03T14:43:58Z</time>
   </trkpt>
   <trkpt lat="39.7063090" lon="-104.9729280">
    <ele>1619.4</ele>
    <time>2023-10-03T14:43:59Z</time>
   </trkpt>
   <trkpt lat="39.7062970" lon="-104.9729340">
    <ele>1619.4</ele>
    <time>2023-10-03T14:44:00Z</time>
   </trkpt>
   <trkpt lat="39.7062720" lon="-104.9729410">
    <ele>1619.4</ele>
    <time>2023-10-03T14:44:01Z</time>
   </trkpt>
   <trkpt lat="39.7062710" lon="-104.9729570">
    <ele>1619.5</ele>
    <time>2023-10-03T14:44:02Z</time>
   </trkpt>
   <trkpt lat="39.7061940" lon="-104.9729670">
    <ele>1619.6</ele>
    <time>2023-10-03T14:44:37Z</time>
   </trkpt>
   <trkpt lat="39.7061840" lon="-104.9729720">
    <ele>1619.6</ele>
    <time>2023-10-03T14:44:38Z</time>
   </trkpt>
   <trkpt lat="39.7061600" lon="-104.9729760">
    <ele>1619.7</ele>
    <time>2023-10-03T14:44:39Z</time>
   </trkpt>
   <trkpt lat="39.7061020" lon="-104.9729990">
    <ele>1619.7</ele>
    <time>2023-10-03T14:44:40Z</time>
   </trkpt>
   <trkpt lat="39.7060620" lon="-104.9730140">
    <ele>1619.7</ele>
    <time>2023-10-03T14:44:41Z</time>
   </trkpt>
   <trkpt lat="39.7060300" lon="-104.9730030">
    <ele>1619.8</ele>
    <time>2023-10-03T14:44:42Z</time>
   </trkpt>
   <trkpt lat="39.7059940" lon="-104.9730280">
    <ele>1619.8</ele>
    <time>2023-10-03T14:44:43Z</time>
   </trkpt>
   <trkpt lat="39.7059700" lon="-104.9730470">
    <ele>1619.8</ele>
    <time>2023-10-03T14:44:44Z</time>
   </trkpt>
   <trkpt lat="39.7059100" lon="-104.9730490">
    <ele>1619.9</ele>
    <time>2023-10-03T14:44:45Z</time>
   </trkpt>
   <trkpt lat="39.7058750" lon="-104.9730470">
    <ele>1619.8</ele>
    <time>2023-10-03T14:44:46Z</time>
   </trkpt>
   <trkpt lat="39.7058460" lon="-104.9730500">
    <ele>1619.8</ele>
    <time>2023-10-03T14:44:47Z</time>
   </trkpt>
   <trkpt lat="39.7058150" lon="-104.9730760">
    <ele>1619.8</ele>
    <time>2023-10-03T14:44:48Z</time>
   </trkpt>
   <trkpt lat="39.7057830" lon="-104.9730740">
    <ele>1619.8</ele>
    <time>2023-10-03T14:44:49Z</time>
   </trkpt>
   <trkpt lat="39.7057490" lon="-104.9730610">
    <ele>1619.8</ele>
    <time>2023-10-03T14:44:50Z</time>
   </trkpt>
   <trkpt lat="39.7057220" lon="-104.9730840">
    <ele>1619.8</ele>
    <time>2023-10-03T14:44:51Z</time>
   </trkpt>
   <trkpt lat="39.7056770" lon="-104.9730870">
    <ele>1619.8</ele>
    <time>2023-10-03T14:44:52Z</time>
   </trkpt>
   <trkpt lat="39.7056570" lon="-104.9730890">
    <ele>1619.7</ele>
    <time>2023-10-03T14:44:53Z</time>
   </trkpt>
   <trkpt lat="39.7056170" lon="-104.9731030">
    <ele>1619.7</ele>
    <time>2023-10-03T14:44:54Z</time>
   </trkpt>
   <trkpt lat="39.7055720" lon="-104.9731050">
    <ele>1619.6</ele>
    <time>2023-10-03T14:44:55Z</time>
   </trkpt>
   <trkpt lat="39.7055360" lon="-104.9731160">
    <ele>1619.6</ele>
    <time>2023-10-03T14:44:56Z</time>
   </trkpt>
   <trkpt lat="39.7055090" lon="-104.9731240">
    <ele>1619.6</ele>
    <time>2023-10-03T14:44:57Z</time>
   </trkpt>
   <trkpt lat="39.7054720" lon="-104.9731240">
    <ele>1619.5</ele>
    <time>2023-10-03T14:44:58Z</time>
   </trkpt>
   <trkpt lat="39.7054420" lon="-104.9731470">
    <ele>1619.4</ele>
    <time>2023-10-03T14:44:59Z</time>
   </trkpt>
   <trkpt lat="39.7053980" lon="-104.9731280">
    <ele>1619.4</ele>
    <time>2023-10-03T14:45:00Z</time>
   </trkpt>
   <trkpt lat="39.7053710" lon="-104.9731320">
    <ele>1619.3</ele>
    <time>2023-10-03T14:45:01Z</time>
   </trkpt>
   <trkpt lat="39.7053270" lon="-104.9731400">
    <ele>1619.3</ele>
    <time>2023-10-03T14:45:02Z</time>
   </trkpt>
   <trkpt lat="39.7052960" lon="-104.9731480">
    <ele>1619.2</ele>
    <time>2023-10-03T14:45:03Z</time>
   </trkpt>
   <trkpt lat="39.7052690" lon="-104.9731690">
    <ele>1619.2</ele>
    <time>2023-10-03T14:45:04Z</time>
   </trkpt>
   <trkpt lat="39.7052360" lon="-104.9731520">
    <ele>1619.1</ele>
    <time>2023-10-03T14:45:05Z</time>
   </trkpt>
   <trkpt lat="39.7051800" lon="-104.9731560">
    <ele>1619.1</ele>
    <time>2023-10-03T14:45:06Z</time>
   </trkpt>
   <trkpt lat="39.7051570" lon="-104.9731770">
    <ele>1619.0</ele>
    <time>2023-10-03T14:45:07Z</time>
   </trkpt>
   <trkpt lat="39.7051350" lon="-104.9731500">
    <ele>1619.0</ele>
    <time>2023-10-03T14:45:08Z</time>
   </trkpt>
   <trkpt lat="39.7050920" lon="-104.9731550">
    <ele>1618.9</ele>
    <time>2023-10-03T14:45:09Z</time>
   </trkpt>
   <trkpt lat="39.7050740" lon="-104.9731530">
    <ele>1618.9</ele>
    <time>2023-10-03T14:45:10Z</time>
   </trkpt>
   <trkpt lat="39.7050310" lon="-104.9731560">
    <ele>1618.9</ele>
    <time>2023-10-03T14:45:11Z</time>
   </trkpt>
   <trkpt lat="39.7050130" lon="-104.9731560">
    <ele>1618.9</ele>
    <time>2023-10-03T14:45:12Z</time>
   </trkpt>
   <trkpt lat="39.7049720" lon="-104.9731490">
    <ele>1618.8</ele>
    <time>2023-10-03T14:45:13Z</time>
   </trkpt>
   <trkpt lat="39.7049400" lon="-104.9731500">
    <ele>1618.8</ele>
    <time>2023-10-03T14:45:14Z</time>
   </trkpt>
   <trkpt lat="39.7049010" lon="-104.9731450">
    <ele>1618.8</ele>
    <time>2023-10-03T14:45:15Z</time>
   </trkpt>
   <trkpt lat="39.7048850" lon="-104.9731470">
    <ele>1618.8</ele>
    <time>2023-10-03T14:45:16Z</time>
   </trkpt>
   <trkpt lat="39.7048340" lon="-104.9731590">
    <ele>1618.8</ele>
    <time>2023-10-03T14:45:17Z</time>
   </trkpt>
   <trkpt lat="39.7048070" lon="-104.9731330">
    <ele>1618.8</ele>
    <time>2023-10-03T14:45:18Z</time>
   </trkpt>
   <trkpt lat="39.7047690" lon="-104.9731380">
    <ele>1618.7</ele>
    <time>2023-10-03T14:45:19Z</time>
   </trkpt>
   <trkpt lat="39.7047270" lon="-104.9731430">
    <ele>1618.7</ele>
    <time>2023-10-03T14:45:20Z</time>
   </trkpt>
   <trkpt lat="39.7046870" lon="-104.9731520">
    <ele>1618.7</ele>
    <time>2023-10-03T14:45:21Z</time>
   </trkpt>
   <trkpt lat="39.7046610" lon="-104.9731590">
    <ele>1618.7</ele>
    <time>2023-10-03T14:45:22Z</time>
   </trkpt>
   <trkpt lat="39.7046320" lon="-104.9731390">
    <ele>1618.7</ele>
    <time>2023-10-03T14:45:23Z</time>
   </trkpt>
   <trkpt lat="39.7046020" lon="-104.9731470">
    <ele>1618.7</ele>
    <time>2023-10-03T14:45:24Z</time>
   </trkpt>
   <trkpt lat="39.7045610" lon="-104.9731230">
    <ele>1618.7</ele>
    <time>2023-10-03T14:45:25Z</time>
   </trkpt>
   <trkpt lat="39.7045270" lon="-104.9731450">
    <ele>1618.7</ele>
    <time>2023-10-03T14:45:26Z</time>
   </trkpt>
   <trkpt lat="39.7044860" lon="-104.9731450">
    <ele>1618.7</ele>
    <time>2023-10-03T14:45:27Z</time>
   </trkpt>
   <trkpt lat="39.7044570" lon="-104.9731110">
    <ele>1618.7</ele>
    <time>2023-10-03T14:45:28Z</time>
   </trkpt>
   <trkpt lat="39.7044230" lon="-104.9731100">
    <ele>1618.7</ele>
    <time>2023-10-03T14:45:29Z</time>
   </trkpt>
   <trkpt lat="39.7043910" lon="-104.9730960">
    <ele>1618.7</ele>
    <time>2023-10-03T14:45:30Z</time>
   </trkpt>
   <trkpt lat="39.7043620" lon="-104.9730700">
    <ele>1618.7</ele>
    <time>2023-10-03T14:45:31Z</time>
   </trkpt>
   <trkpt lat="39.7043120" lon="-104.9730720">
    <ele>1618.7</ele>
    <time>2023-10-03T14:45:32Z</time>
   </trkpt>
   <trkpt lat="39.7042760" lon="-104.9730670">
    <ele>1618.7</ele>
    <time>2023-10-03T14:45:33Z</time>
   </trkpt>
   <trkpt lat="39.7042380" lon="-104.9730520">
    <ele>1618.8</ele>
    <time>2023-10-03T14:45:34Z</time>
   </trkpt>
   <trkpt lat="39.7042050" lon="-104.9730370">
    <ele>1618.8</ele>
    <time>2023-10-03T14:45:35Z</time>
   </trkpt>
   <trkpt lat="39.7041560" lon="-104.9730260">
    <ele>1618.8</ele>
    <time>2023-10-03T14:45:36Z</time>
   </trkpt>
   <trkpt lat="39.7041280" lon="-104.9730110">
    <ele>1618.8</ele>
    <time>2023-10-03T14:45:37Z</time>
   </trkpt>
   <trkpt lat="39.7041060" lon="-104.9729600">
    <ele>1618.8</ele>
    <time>2023-10-03T14:45:38Z</time>
   </trkpt>
   <trkpt lat="39.7040750" lon="-104.9729530">
    <ele>1618.8</ele>
    <time>2023-10-03T14:45:39Z</time>
   </trkpt>
   <trkpt lat="39.7040370" lon="-104.9729410">
    <ele>1618.8</ele>
    <time>2023-10-03T14:45:40Z</time>
   </trkpt>
   <trkpt lat="39.7039970" lon="-104.9729290">
    <ele>1618.8</ele>
    <time>2023-10-03T14:45:41Z</time>
   </trkpt>
   <trkpt lat="39.7039630" lon="-104.9729050">
    <ele>1618.9</ele>
    <time>2023-10-03T14:45:42Z</time>
   </trkpt>
   <trkpt lat="39.7039350" lon="-104.9728480">
    <ele>1618.9</ele>
    <time>2023-10-03T14:45:43Z</time>
   </trkpt>
   <trkpt lat="39.7038990" lon="-104.9728370">
    <ele>1618.9</ele>
    <time>2023-10-03T14:45:44Z</time>
   </trkpt>
   <trkpt lat="39.7038680" lon="-104.9727960">
    <ele>1618.9</ele>
    <time>2023-10-03T14:45:45Z</time>
   </trkpt>
   <trkpt lat="39.7038530" lon="-104.9727600">
    <ele>1618.9</ele>
    <time>2023-10-03T14:45:46Z</time>
   </trkpt>
   <trkpt lat="39.7038350" lon="-104.9727260">
    <ele>1619.0</ele>
    <time>2023-10-03T14:45:47Z</time>
   </trkpt>
   <trkpt lat="39.7038090" lon="-104.9726780">
    <ele>1619.0</ele>
    <time>2023-10-03T14:45:48Z</time>
   </trkpt>
   <trkpt lat="39.7037730" lon="-104.9726560">
    <ele>1619.0</ele>
    <time>2023-10-03T14:45:49Z</time>
   </trkpt>
   <trkpt lat="39.7037340" lon="-104.9726170">
    <ele>1619.0</ele>
    <time>2023-10-03T14:45:50Z</time>
   </trkpt>
   <trkpt lat="39.7037200" lon="-104.9725790">
    <ele>1619.0</ele>
    <time>2023-10-03T14:45:51Z</time>
   </trkpt>
   <trkpt lat="39.7036890" lon="-104.9725560">
    <ele>1619.1</ele>
    <time>2023-10-03T14:45:52Z</time>
   </trkpt>
   <trkpt lat="39.7036670" lon="-104.9725180">
    <ele>1619.1</ele>
    <time>2023-10-03T14:45:53Z</time>
   </trkpt>
   <trkpt lat="39.7036410" lon="-104.9724920">
    <ele>1619.1</ele>
    <time>2023-10-03T14:45:54Z</time>
   </trkpt>
   <trkpt lat="39.7036290" lon="-104.9724790">
    <ele>1619.1</ele>
    <time>2023-10-03T14:45:55Z</time>
   </trkpt>
   <trkpt lat="39.7036040" lon="-104.9724420">
    <ele>1619.1</ele>
    <time>2023-10-03T14:45:56Z</time>
   </trkpt>
   <trkpt lat="39.7035690" lon="-104.9724180">
    <ele>1619.1</ele>
    <time>2023-10-03T14:45:57Z</time>
   </trkpt>
   <trkpt lat="39.7035450" lon="-104.9723800">
    <ele>1619.1</ele>
    <time>2023-10-03T14:45:58Z</time>
   </trkpt>
   <trkpt lat="39.7035180" lon="-104.9723630">
    <ele>1619.1</ele>
    <time>2023-10-03T14:45:59Z</time>
   </trkpt>
   <trkpt lat="39.7034920" lon="-104.9723400">
    <ele>1619.1</ele>
    <time>2023-10-03T14:46:00Z</time>
   </trkpt>
   <trkpt lat="39.7034650" lon="-104.9723190">
    <ele>1619.1</ele>
    <time>2023-10-03T14:46:01Z</time>
   </trkpt>
   <trkpt lat="39.7034340" lon="-104.9723110">
    <ele>1619.1</ele>
    <time>2023-10-03T14:46:02Z</time>
   </trkpt>
   <trkpt lat="39.7033970" lon="-104.9722930">
    <ele>1619.1</ele>
    <time>2023-10-03T14:46:03Z</time>
   </trkpt>
   <trkpt lat="39.7033620" lon="-104.9722820">
    <ele>1619.1</ele>
    <time>2023-10-03T14:46:04Z</time>
   </trkpt>
   <trkpt lat="39.7033280" lon="-104.9722650">
    <ele>1619.1</ele>
    <time>2023-10-03T14:46:05Z</time>
   </trkpt>
   <trkpt lat="39.7033040" lon="-104.9722410">
    <ele>1619.0</ele>
    <time>2023-10-03T14:46:06Z</time>
   </trkpt>
   <trkpt lat="39.7032740" lon="-104.9722470">
    <ele>1619.0</ele>
    <time>2023-10-03T14:46:07Z</time>
   </trkpt>
   <trkpt lat="39.7032400" lon="-104.9722450">
    <ele>1618.9</ele>
    <time>2023-10-03T14:46:08Z</time>
   </trkpt>
   <trkpt lat="39.7032050" lon="-104.9722410">
    <ele>1618.9</ele>
    <time>2023-10-03T14:46:09Z</time>
   </trkpt>
   <trkpt lat="39.7031740" lon="-104.9722350">
    <ele>1618.8</ele>
    <time>2023-10-03T14:46:10Z</time>
   </trkpt>
   <trkpt lat="39.7031410" lon="-104.9722180">
    <ele>1618.8</ele>
    <time>2023-10-03T14:46:11Z</time>
   </trkpt>
   <trkpt lat="39.7031100" lon="-104.9722210">
    <ele>1618.7</ele>
    <time>2023-10-03T14:46:12Z</time>
   </trkpt>
   <trkpt lat="39.7030980" lon="-104.9722130">
    <ele>1618.7</ele>
    <time>2023-10-03T14:46:13Z</time>
   </trkpt>
   <trkpt lat="39.7030540" lon="-104.9721950">
    <ele>1618.6</ele>
    <time>2023-10-03T14:46:14Z</time>
   </trkpt>
   <trkpt lat="39.7030230" lon="-104.9722030">
    <ele>1618.6</ele>
    <time>2023-10-03T14:46:15Z</time>
   </trkpt>
   <trkpt lat="39.7029810" lon="-104.9721980">
    <ele>1618.6</ele>
    <time>2023-10-03T14:46:16Z</time>
   </trkpt>
   <trkpt lat="39.7029450" lon="-104.9721950">
    <ele>1618.5</ele>
    <time>2023-10-03T14:46:17Z</time>
   </trkpt>
   <trkpt lat="39.7029340" lon="-104.9721960">
    <ele>1618.5</ele>
    <time>2023-10-03T14:46:18Z</time>
   </trkpt>
   <trkpt lat="39.7028990" lon="-104.9722000">
    <ele>1618.5</ele>
    <time>2023-10-03T14:46:19Z</time>
   </trkpt>
   <trkpt lat="39.7028710" lon="-104.9722150">
    <ele>1618.5</ele>
    <time>2023-10-03T14:46:20Z</time>
   </trkpt>
   <trkpt lat="39.7028360" lon="-104.9722210">
    <ele>1618.4</ele>
    <time>2023-10-03T14:46:21Z</time>
   </trkpt>
   <trkpt lat="39.7027930" lon="-104.9722180">
    <ele>1618.4</ele>
    <time>2023-10-03T14:46:22Z</time>
   </trkpt>
   <trkpt lat="39.7027640" lon="-104.9722140">
    <ele>1618.4</ele>
    <time>2023-10-03T14:46:23Z</time>
   </trkpt>
   <trkpt lat="39.7027200" lon="-104.9722120">
    <ele>1618.4</ele>
    <time>2023-10-03T14:46:24Z</time>
   </trkpt>
   <trkpt lat="39.7026810" lon="-104.9722280">
    <ele>1618.3</ele>
    <time>2023-10-03T14:46:25Z</time>
   </trkpt>
   <trkpt lat="39.7026620" lon="-104.9722300">
    <ele>1618.3</ele>
    <time>2023-10-03T14:46:26Z</time>
   </trkpt>
   <trkpt lat="39.7026340" lon="-104.9722410">
    <ele>1618.3</ele>
    <time>2023-10-03T14:46:27Z</time>
   </trkpt>
   <trkpt lat="39.7025960" lon="-104.9722540">
    <ele>1618.3</ele>
    <time>2023-10-03T14:46:28Z</time>
   </trkpt>
   <trkpt lat="39.7025790" lon="-104.9722580">
    <ele>1618.3</ele>
    <time>2023-10-03T14:46:29Z</time>
   </trkpt>
   <trkpt lat="39.7025490" lon="-104.9722660">
    <ele>1618.4</ele>
    <time>2023-10-03T14:46:30Z</time>
   </trkpt>
   <trkpt lat="39.7025080" lon="-104.9722860">
    <ele>1618.4</ele>
    <time>2023-10-03T14:46:31Z</time>
   </trkpt>
   <trkpt lat="39.7024900" lon="-104.9722930">
    <ele>1618.4</ele>
    <time>2023-10-03T14:46:32Z</time>
   </trkpt>
   <trkpt lat="39.7024520" lon="-104.9723060">
    <ele>1618.5</ele>
    <time>2023-10-03T14:46:33Z</time>
   </trkpt>
   <trkpt lat="39.7024380" lon="-104.9723140">
    <ele>1618.5</ele>
    <time>2023-10-03T14:46:34Z</time>
   </trkpt>
   <trkpt lat="39.7023990" lon="-104.9723230">
    <ele>1618.6</ele>
    <time>2023-10-03T14:46:35Z</time>
   </trkpt>
   <trkpt lat="39.7023610" lon="-104.9723270">
    <ele>1618.7</ele>
    <time>2023-10-03T14:46:36Z</time>
   </trkpt>
   <trkpt lat="39.7023050" lon="-104.9723550">
    <ele>1618.9</ele>
    <time>2023-10-03T14:46:37Z</time>
   </trkpt>
   <trkpt lat="39.7022760" lon="-104.9723670">
    <ele>1619.0</ele>
    <time>2023-10-03T14:46:38Z</time>
   </trkpt>
   <trkpt lat="39.7022370" lon="-104.9723800">
    <ele>1619.1</ele>
    <time>2023-10-03T14:46:39Z</time>
   </trkpt>
   <trkpt lat="39.7022210" lon="-104.9723880">
    <ele>1619.1</ele>
    <time>2023-10-03T14:46:40Z</time>
   </trkpt>
   <trkpt lat="39.7021980" lon="-104.9724090">
    <ele>1619.2</ele>
    <time>2023-10-03T14:46:41Z</time>
   </trkpt>
   <trkpt lat="39.7021650" lon="-104.9724400">
    <ele>1619.3</ele>
    <time>2023-10-03T14:46:42Z</time>
   </trkpt>
   <trkpt lat="39.7021370" lon="-104.9724430">
    <ele>1619.3</ele>
    <time>2023-10-03T14:46:43Z</time>
   </trkpt>
   <trkpt lat="39.7021010" lon="-104.9724350">
    <ele>1619.4</ele>
    <time>2023-10-03T14:46:44Z</time>
   </trkpt>
   <trkpt lat="39.7020620" lon="-104.9724370">
    <ele>1619.5</ele>
    <time>2023-10-03T14:46:45Z</time>
   </trkpt>
   <trkpt lat="39.7020310" lon="-104.9724630">
    <ele>1619.6</ele>
    <time>2023-10-03T14:46:46Z</time>
   </trkpt>
   <trkpt lat="39.7020160" lon="-104.9724770">
    <ele>1619.6</ele>
    <time>2023-10-03T14:46:47Z</time>
   </trkpt>
   <trkpt lat="39.7019820" lon="-104.9724900">
    <ele>1619.7</ele>
    <time>2023-10-03T14:46:48Z</time>
   </trkpt>
   <trkpt lat="39.7019480" lon="-104.9724960">
    <ele>1619.8</ele>
    <time>2023-10-03T14:46:49Z</time>
   </trkpt>
   <trkpt lat="39.7019140" lon="-104.9725070">
    <ele>1619.8</ele>
    <time>2023-10-03T14:46:50Z</time>
   </trkpt>
   <trkpt lat="39.7018840" lon="-104.9725230">
    <ele>1619.9</ele>
    <time>2023-10-03T14:46:51Z</time>
   </trkpt>
   <trkpt lat="39.7018580" lon="-104.9725470">
    <ele>1620.0</ele>
    <time>2023-10-03T14:46:52Z</time>
   </trkpt>
   <trkpt lat="39.7018220" lon="-104.9725620">
    <ele>1620.1</ele>
    <time>2023-10-03T14:46:53Z</time>
   </trkpt>
   <trkpt lat="39.7018100" lon="-104.9725650">
    <ele>1620.1</ele>
    <time>2023-10-03T14:46:54Z</time>
   </trkpt>
   <trkpt lat="39.7017860" lon="-104.9725990">
    <ele>1620.2</ele>
    <time>2023-10-03T14:46:55Z</time>
   </trkpt>
   <trkpt lat="39.7017520" lon="-104.9726060">
    <ele>1620.3</ele>
    <time>2023-10-03T14:46:56Z</time>
   </trkpt>
   <trkpt lat="39.7017370" lon="-104.9726080">
    <ele>1620.3</ele>
    <time>2023-10-03T14:46:57Z</time>
   </trkpt>
   <trkpt lat="39.7017050" lon="-104.9726160">
    <ele>1620.4</ele>
    <time>2023-10-03T14:46:58Z</time>
   </trkpt>
   <trkpt lat="39.7016820" lon="-104.9726220">
    <ele>1620.4</ele>
    <time>2023-10-03T14:46:59Z</time>
   </trkpt>
   <trkpt lat="39.7016840" lon="-104.9726270">
    <ele>1620.4</ele>
    <time>2023-10-03T14:47:00Z</time>
   </trkpt>
   <trkpt lat="39.7016740" lon="-104.9726300">
    <ele>1620.4</ele>
    <time>2023-10-03T14:47:01Z</time>
   </trkpt>
   <trkpt lat="39.7015600" lon="-104.9726320">
    <ele>1620.6</ele>
    <time>2023-10-03T14:48:32Z</time>
   </trkpt>
   <trkpt lat="39.7015490" lon="-104.9726420">
    <ele>1620.6</ele>
    <time>2023-10-03T14:48:33Z</time>
   </trkpt>
   <trkpt lat="39.7015380" lon="-104.9726530">
    <ele>1620.6</ele>
    <time>2023-10-03T14:48:34Z</time>
   </trkpt>
   <trkpt lat="39.7015060" lon="-104.9726690">
    <ele>1620.6</ele>
    <time>2023-10-03T14:48:35Z</time>
   </trkpt>
   <trkpt lat="39.7014710" lon="-104.9726860">
    <ele>1620.6</ele>
    <time>2023-10-03T14:48:36Z</time>
   </trkpt>
   <trkpt lat="39.7014390" lon="-104.9727090">
    <ele>1620.7</ele>
    <time>2023-10-03T14:48:37Z</time>
   </trkpt>
   <trkpt lat="39.7014010" lon="-104.9727240">
    <ele>1620.7</ele>
    <time>2023-10-03T14:48:38Z</time>
   </trkpt>
   <trkpt lat="39.7013720" lon="-104.9727500">
    <ele>1620.7</ele>
    <time>2023-10-03T14:48:39Z</time>
   </trkpt>
   <trkpt lat="39.7013190" lon="-104.9727410">
    <ele>1620.7</ele>
    <time>2023-10-03T14:48:40Z</time>
   </trkpt>
   <trkpt lat="39.7012880" lon="-104.9727400">
    <ele>1620.7</ele>
    <time>2023-10-03T14:48:41Z</time>
   </trkpt>
   <trkpt lat="39.7012390" lon="-104.9727230">
    <ele>1620.8</ele>
    <time>2023-10-03T14:48:42Z</time>
   </trkpt>
   <trkpt lat="39.7012020" lon="-104.9727220">
    <ele>1620.8</ele>
    <time>2023-10-03T14:48:43Z</time>
   </trkpt>
   <trkpt lat="39.7011620" lon="-104.9727150">
    <ele>1620.8</ele>
    <time>2023-10-03T14:48:44Z</time>
   </trkpt>
   <trkpt lat="39.7011110" lon="-104.9727090">
    <ele>1620.8</ele>
    <time>2023-10-03T14:48:45Z</time>
   </trkpt>
   <trkpt lat="39.7010830" lon="-104.9727170">
    <ele>1620.9</ele>
    <time>2023-10-03T14:48:46Z</time>
   </trkpt>
   <trkpt lat="39.7010500" lon="-104.9727190">
    <ele>1620.9</ele>
    <time>2023-10-03T14:48:47Z</time>
   </trkpt>
   <trkpt lat="39.7010120" lon="-104.9727200">
    <ele>1620.9</ele>
    <time>2023-10-03T14:48:48Z</time>
   </trkpt>
   <trkpt lat="39.7009600" lon="-104.9727200">
    <ele>1621.0</ele>
    <time>2023-10-03T14:48:49Z</time>
   </trkpt>
   <trkpt lat="39.7009170" lon="-104.9727080">
    <ele>1621.0</ele>
    <time>2023-10-03T14:48:50Z</time>
   </trkpt>
   <trkpt lat="39.7008840" lon="-104.9726880">
    <ele>1621.0</ele>
    <time>2023-10-03T14:48:51Z</time>
   </trkpt>
   <trkpt lat="39.7008250" lon="-104.9726780">
    <ele>1621.1</ele>
    <time>2023-10-03T14:48:52Z</time>
   </trkpt>
   <trkpt lat="39.7007780" lon="-104.9726730">
    <ele>1621.1</ele>
    <time>2023-10-03T14:48:53Z</time>
   </trkpt>
   <trkpt lat="39.7007390" lon="-104.9726670">
    <ele>1621.1</ele>
    <time>2023-10-03T14:48:54Z</time>
   </trkpt>
   <trkpt lat="39.7007040" lon="-104.9726630">
    <ele>1621.1</ele>
    <time>2023-10-03T14:48:55Z</time>
   </trkpt>
   <trkpt lat="39.7006660" lon="-104.9726670">
    <ele>1621.1</ele>
    <time>2023-10-03T14:48:56Z</time>
   </trkpt>
   <trkpt lat="39.7006210" lon="-104.9726650">
    <ele>1621.2</ele>
    <time>2023-10-03T14:48:57Z</time>
   </trkpt>
   <trkpt lat="39.7005870" lon="-104.9726540">
    <ele>1621.2</ele>
    <time>2023-10-03T14:48:58Z</time>
   </trkpt>
   <trkpt lat="39.7005510" lon="-104.9726510">
    <ele>1621.2</ele>
    <time>2023-10-03T14:48:59Z</time>
   </trkpt>
   <trkpt lat="39.7005130" lon="-104.9726460">
    <ele>1621.1</ele>
    <time>2023-10-03T14:49:00Z</time>
   </trkpt>
   <trkpt lat="39.7004640" lon="-104.9726400">
    <ele>1621.1</ele>
    <time>2023-10-03T14:49:01Z</time>
   </trkpt>
   <trkpt lat="39.7004420" lon="-104.9726330">
    <ele>1621.1</ele>
    <time>2023-10-03T14:49:02Z</time>
   </trkpt>
   <trkpt lat="39.7004010" lon="-104.9726200">
    <ele>1621.1</ele>
    <time>2023-10-03T14:49:03Z</time>
   </trkpt>
   <trkpt lat="39.7003580" lon="-104.9726100">
    <ele>1621.0</ele>
    <time>2023-10-03T14:49:04Z</time>
   </trkpt>
   <trkpt lat="39.7003150" lon="-104.9726050">
    <ele>1621.1</ele>
    <time>2023-10-03T14:49:05Z</time>
   </trkpt>
   <trkpt lat="39.7002750" lon="-104.9726030">
    <ele>1621.1</ele>
    <time>2023-10-03T14:49:06Z</time>
   </trkpt>
   <trkpt lat="39.7002320" lon="-104.9726090">
    <ele>1621.1</ele>
    <time>2023-10-03T14:49:07Z</time>
   </trkpt>
   <trkpt lat="39.7001900" lon="-104.9726180">
    <ele>1621.1</ele>
    <time>2023-10-03T14:49:08Z</time>
   </trkpt>
   <trkpt lat="39.7001730" lon="-104.9726240">
    <ele>1621.1</ele>
    <time>2023-10-03T14:49:09Z</time>
   </trkpt>
   <trkpt lat="39.7001340" lon="-104.9726160">
    <ele>1621.1</ele>
    <time>2023-10-03T14:49:10Z</time>
   </trkpt>
   <trkpt lat="39.7001000" lon="-104.9726090">
    <ele>1621.1</ele>
    <time>2023-10-03T14:49:11Z</time>
   </trkpt>
   <trkpt lat="39.7000520" lon="-104.9726070">
    <ele>1621.1</ele>
    <time>2023-10-03T14:49:12Z</time>
   </trkpt>
   <trkpt lat="39.7000240" lon="-104.9726130">
    <ele>1621.1</ele>
    <time>2023-10-03T14:49:13Z</time>
   </trkpt>
   <trkpt lat="39.6999760" lon="-104.9726040">
    <ele>1621.1</ele>
    <time>2023-10-03T14:49:14Z</time>
   </trkpt>
   <trkpt lat="39.6999410" lon="-104.9726180">
    <ele>1621.1</ele>
    <time>2023-10-03T14:49:15Z</time>
   </trkpt>
   <trkpt lat="39.6998990" lon="-104.9726200">
    <ele>1621.1</ele>
    <time>2023-10-03T14:49:16Z</time>
   </trkpt>
   <trkpt lat="39.6998610" lon="-104.9726270">
    <ele>1621.1</ele>
    <time>2023-10-03T14:49:17Z</time>
   </trkpt>
   <trkpt lat="39.6998260" lon="-104.9726280">
    <ele>1621.1</ele>
    <time>2023-10-03T14:49:18Z</time>
   </trkpt>
   <trkpt lat="39.6997610" lon="-104.9726310">
    <ele>1621.1</ele>
    <time>2023-10-03T14:49:19Z</time>
   </trkpt>
   <trkpt lat="39.6997120" lon="-104.9726410">
    <ele>1621.1</ele>
    <time>2023-10-03T14:49:20Z</time>
   </trkpt>
   <trkpt lat="39.6996810" lon="-104.9726680">
    <ele>1621.1</ele>
    <time>2023-10-03T14:49:21Z</time>
   </trkpt>
   <trkpt lat="39.6996400" lon="-104.9726930">
    <ele>1621.2</ele>
    <time>2023-10-03T14:49:22Z</time>
   </trkpt>
   <trkpt lat="39.6996100" lon="-104.9727120">
    <ele>1621.2</ele>
    <time>2023-10-03T14:49:23Z</time>
   </trkpt>
   <trkpt lat="39.6995720" lon="-104.9727360">
    <ele>1621.2</ele>
    <time>2023-10-03T14:49:24Z</time>
   </trkpt>
   <trkpt lat="39.6995260" lon="-104.9727450">
    <ele>1621.1</ele>
    <time>2023-10-03T14:49:25Z</time>
   </trkpt>
   <trkpt lat="39.6994770" lon="-104.9727450">
    <ele>1621.1</ele>
    <time>2023-10-03T14:49:26Z</time>
   </trkpt>
   <trkpt lat="39.6994550" lon="-104.9727440">
    <ele>1621.1</ele>
    <time>2023-10-03T14:49:27Z</time>
   </trkpt>
   <trkpt lat="39.6994100" lon="-104.9727530">
    <ele>1621.1</ele>
    <time>2023-10-03T14:49:28Z</time>
   </trkpt>
   <trkpt lat="39.6993700" lon="-104.9727780">
    <ele>1621.1</ele>
    <time>2023-10-03T14:49:29Z</time>
   </trkpt>
   <trkpt lat="39.6993330" lon="-104.9727950">
    <ele>1621.1</ele>
    <time>2023-10-03T14:49:30Z</time>
   </trkpt>
   <trkpt lat="39.6993130" lon="-104.9728240">
    <ele>1621.1</ele>
    <time>2023-10-03T14:49:31Z</time>
   </trkpt>
   <trkpt lat="39.6993010" lon="-104.9728330">
    <ele>1621.1</ele>
    <time>2023-10-03T14:49:32Z</time>
   </trkpt>
   <trkpt lat="39.6992720" lon="-104.9728600">
    <ele>1621.0</ele>
    <time>2023-10-03T14:49:33Z</time>
   </trkpt>
   <trkpt lat="39.6992290" lon="-104.9728830">
    <ele>1621.0</ele>
    <time>2023-10-03T14:49:34Z</time>
   </trkpt>
   <trkpt lat="39.6992080" lon="-104.9728900">
    <ele>1621.0</ele>
    <time>2023-10-03T14:49:35Z</time>
   </trkpt>
   <trkpt lat="39.6991750" lon="-104.9728950">
    <ele>1621.0</ele>
    <time>2023-10-03T14:49:36Z</time>
   </trkpt>
   <trkpt lat="39.6991460" lon="-104.9729040">
    <ele>1621.0</ele>
    <time>2023-10-03T14:49:37Z</time>
   </trkpt>
   <trkpt lat="39.6990960" lon="-104.9729160">
    <ele>1621.0</ele>
    <time>2023-10-03T14:49:38Z</time>
   </trkpt>
   <trkpt lat="39.6990640" lon="-104.9729390">
    <ele>1620.9</ele>
    <time>2023-10-03T14:49:39Z</time>
   </trkpt>
   <trkpt lat="39.6990470" lon="-104.9729430">
    <ele>1620.9</ele>
    <time>2023-10-03T14:49:40Z</time>
   </trkpt>
   <trkpt lat="39.6990070" lon="-104.9729600">
    <ele>1620.9</ele>
    <time>2023-10-03T14:49:41Z</time>
   </trkpt>
   <trkpt lat="39.6989570" lon="-104.9729640">
    <ele>1620.9</ele>
    <time>2023-10-03T14:49:42Z</time>
   </trkpt>
   <trkpt lat="39.6989340" lon="-104.9729660">
    <ele>1620.9</ele>
    <time>2023-10-03T14:49:43Z</time>
   </trkpt>
   <trkpt lat="39.6989030" lon="-104.9729720">
    <ele>1620.8</ele>
    <time>2023-10-03T14:49:44Z</time>
   </trkpt>
   <trkpt lat="39.6988750" lon="-104.9729960">
    <ele>1620.8</ele>
    <time>2023-10-03T14:49:45Z</time>
   </trkpt>
   <trkpt lat="39.6988400" lon="-104.9730140">
    <ele>1620.8</ele>
    <time>2023-10-03T14:49:46Z</time>
   </trkpt>
   <trkpt lat="39.6988040" lon="-104.9730160">
    <ele>1620.8</ele>
    <time>2023-10-03T14:49:47Z</time>
   </trkpt>
   <trkpt lat="39.6987480" lon="-104.9730120">
    <ele>1620.7</ele>
    <time>2023-10-03T14:49:48Z</time>
   </trkpt>
   <trkpt lat="39.6987150" lon="-104.9730170">
    <ele>1620.7</ele>
    <time>2023-10-03T14:49:49Z</time>
   </trkpt>
   <trkpt lat="39.6986810" lon="-104.9730270">
    <ele>1620.7</ele>
    <time>2023-10-03T14:49:50Z</time>
   </trkpt>
   <trkpt lat="39.6986420" lon="-104.9730460">
    <ele>1620.7</ele>
    <time>2023-10-03T14:49:51Z</time>
   </trkpt>
   <trkpt lat="39.6986270" lon="-104.9730500">
    <ele>1620.7</ele>
    <time>2023-10-03T14:49:52Z</time>
   </trkpt>
   <trkpt lat="39.6985770" lon="-104.9730550">
    <ele>1620.6</ele>
    <time>2023-10-03T14:49:53Z</time>
   </trkpt>
   <trkpt lat="39.6985290" lon="-104.9730340">
    <ele>1620.6</ele>
    <time>2023-10-03T14:49:54Z</time>
   </trkpt>
   <trkpt lat="39.6984860" lon="-104.9730270">
    <ele>1620.6</ele>
    <time>2023-10-03T14:49:55Z</time>
   </trkpt>
   <trkpt lat="39.6984380" lon="-104.9730340">
    <ele>1620.6</ele>
    <time>2023-10-03T14:49:56Z</time>
   </trkpt>
   <trkpt lat="39.6984030" lon="-104.9730470">
    <ele>1620.5</ele>
    <time>2023-10-03T14:49:57Z</time>
   </trkpt>
   <trkpt lat="39.6983850" lon="-104.9730520">
    <ele>1620.5</ele>
    <time>2023-10-03T14:49:58Z</time>
   </trkpt>
   <trkpt lat="39.6983570" lon="-104.9730520">
    <ele>1620.5</ele>
    <time>2023-10-03T14:49:59Z</time>
   </trkpt>
   <trkpt lat="39.6983240" lon="-104.9730590">
    <ele>1620.5</ele>
    <time>2023-10-03T14:50:00Z</time>
   </trkpt>
   <trkpt lat="39.6982880" lon="-104.9730610">
    <ele>1620.5</ele>
    <time>2023-10-03T14:50:01Z</time>
   </trkpt>
   <trkpt lat="39.6982570" lon="-104.9730740">
    <ele>1620.5</ele>
    <time>2023-10-03T14:50:02Z</time>
   </trkpt>
   <trkpt lat="39.6982160" lon="-104.9730560">
    <ele>1620.5</ele>
    <time>2023-10-03T14:50:03Z</time>
   </trkpt>
   <trkpt lat="39.6981850" lon="-104.9730570">
    <ele>1620.5</ele>
    <time>2023-10-03T14:50:04Z</time>
   </trkpt>
   <trkpt lat="39.6981590" lon="-104.9730710">
    <ele>1620.5</ele>
    <time>2023-10-03T14:50:05Z</time>
   </trkpt>
   <trkpt lat="39.6981320" lon="-104.9730670">
    <ele>1620.5</ele>
    <time>2023-10-03T14:50:06Z</time>
   </trkpt>
   <trkpt lat="39.6980980" lon="-104.9730650">
    <ele>1620.5</ele>
    <time>2023-10-03T14:50:07Z</time>
   </trkpt>
   <trkpt lat="39.6980820" lon="-104.9730630">
    <ele>1620.5</ele>
    <time>2023-10-03T14:50:08Z</time>
   </trkpt>
   <trkpt lat="39.6980380" lon="-104.9730540">
    <ele>1620.5</ele>
    <time>2023-10-03T14:50:09Z</time>
   </trkpt>
   <trkpt lat="39.6980030" lon="-104.9730640">
    <ele>1620.5</ele>
    <time>2023-10-03T14:50:10Z</time>
   </trkpt>
   <trkpt lat="39.6979880" lon="-104.9730620">
    <ele>1620.5</ele>
    <time>2023-10-03T14:50:11Z</time>
   </trkpt>
   <trkpt lat="39.6979630" lon="-104.9730540">
    <ele>1620.5</ele>
    <time>2023-10-03T14:50:12Z</time>
   </trkpt>
   <trkpt lat="39.6979510" lon="-104.9730510">
    <ele>1620.5</ele>
    <time>2023-10-03T14:50:13Z</time>
   </trkpt>
   <trkpt lat="39.6979090" lon="-104.9730480">
    <ele>1620.4</ele>
    <time>2023-10-03T14:50:14Z</time>
   </trkpt>
   <trkpt lat="39.6978750" lon="-104.9730510">
    <ele>1620.4</ele>
    <time>2023-10-03T14:50:15Z</time>
   </trkpt>
   <trkpt lat="39.6978340" lon="-104.9730450">
    <ele>1620.4</ele>
    <time>2023-10-03T14:50:16Z</time>
   </trkpt>
   <trkpt lat="39.6978180" lon="-104.9730360">
    <ele>1620.4</ele>
    <time>2023-10-03T14:50:17Z</time>
   </trkpt>
   <trkpt lat="39.6977820" lon="-104.9730160">
    <ele>1620.4</ele>
    <time>2023-10-03T14:50:18Z</time>
   </trkpt>
   <trkpt lat="39.6977670" lon="-104.9730110">
    <ele>1620.4</ele>
    <time>2023-10-03T14:50:19Z</time>
   </trkpt>
   <trkpt lat="39.6977320" lon="-104.9730060">
    <ele>1620.4</ele>
    <time>2023-10-03T14:50:20Z</time>
   </trkpt>
   <trkpt lat="39.6976930" lon="-104.9729940">
    <ele>1620.4</ele>
    <time>2023-10-03T14:50:21Z</time>
   </trkpt>
   <trkpt lat="39.6976760" lon="-104.9729860">
    <ele>1620.4</ele>
    <time>2023-10-03T14:50:22Z</time>
   </trkpt>
   <trkpt lat="39.6976440" lon="-104.9729910">
    <ele>1620.4</ele>
    <time>2023-10-03T14:50:23Z</time>
   </trkpt>
   <trkpt lat="39.6976040" lon="-104.9729870">
    <ele>1620.4</ele>
    <time>2023-10-03T14:50:24Z</time>
   </trkpt>
   <trkpt lat="39.6975860" lon="-104.9729800">
    <ele>1620.4</ele>
    <time>2023-10-03T14:50:25Z</time>
   </trkpt>
   <trkpt lat="39.6975420" lon="-104.9729710">
    <ele>1620.4</ele>
    <time>2023-10-03T14:50:26Z</time>
   </trkpt>
   <trkpt lat="39.6975210" lon="-104.9729640">
    <ele>1620.4</ele>
    <time>2023-10-03T14:50:27Z</time>
   </trkpt>
   <trkpt lat="39.6974960" lon="-104.9729440">
    <ele>1620.4</ele>
    <time>2023-10-03T14:50:28Z</time>
   </trkpt>
   <trkpt lat="39.6974540" lon="-104.9729430">
    <ele>1620.4</ele>
    <time>2023-10-03T14:50:29Z</time>
   </trkpt>
   <trkpt lat="39.6974370" lon="-104.9729420">
    <ele>1620.4</ele>
    <time>2023-10-03T14:50:30Z</time>
   </trkpt>
   <trkpt lat="39.6974060" lon="-104.9729370">
    <ele>1620.4</ele>
    <time>2023-10-03T14:50:31Z</time>
   </trkpt>
   <trkpt lat="39.6973730" lon="-104.9729300">
    <ele>1620.4</ele>
    <time>2023-10-03T14:50:32Z</time>
   </trkpt>
   <trkpt lat="39.6973340" lon="-104.9729170">
    <ele>1620.4</ele>
    <time>2023-10-03T14:50:33Z</time>
   </trkpt>
   <trkpt lat="39.6973020" lon="-104.9729150">
    <ele>1620.4</ele>
    <time>2023-10-03T14:50:34Z</time>
   </trkpt>
   <trkpt lat="39.6972870" lon="-104.9729150">
    <ele>1620.4</ele>
    <time>2023-10-03T14:50:35Z</time>
   </trkpt>
   <trkpt lat="39.6972500" lon="-104.9729050">
    <ele>1620.4</ele>
    <time>2023-10-03T14:50:36Z</time>
   </trkpt>
   <trkpt lat="39.6972230" lon="-104.9728870">
    <ele>1620.4</ele>
    <time>2023-10-03T14:50:37Z</time>
   </trkpt>
   <trkpt lat="39.6971890" lon="-104.9728840">
    <ele>1620.4</ele>
    <time>2023-10-03T14:50:38Z</time>
   </trkpt>
   <trkpt lat="39.6971790" lon="-104.9728860">
    <ele>1620.4</ele>
    <time>2023-10-03T14:50:39Z</time>
   </trkpt>
   <trkpt lat="39.6970570" lon="-104.9728660">
    <ele>1620.4</ele>
    <time>2023-10-03T14:51:18Z</time>
   </trkpt>
   <trkpt lat="39.6970370" lon="-104.9728610">
    <ele>1620.4</ele>
    <time>2023-10-03T14:51:19Z</time>
   </trkpt>
   <trkpt lat="39.6969980" lon="-104.9728640">
    <ele>1620.4</ele>
    <time>2023-10-03T14:51:20Z</time>
   </trkpt>
   <trkpt lat="39.6969530" lon="-104.9728580">
    <ele>1620.5</ele>
    <time>2023-10-03T14:51:21Z</time>
   </trkpt>
   <trkpt lat="39.6969130" lon="-104.9728620">
    <ele>1620.5</ele>
    <time>2023-10-03T14:51:22Z</time>
   </trkpt>
   <trkpt lat="39.6968730" lon="-104.9728620">
    <ele>1620.5</ele>
    <time>2023-10-03T14:51:23Z</time>
   </trkpt>
   <trkpt lat="39.6968350" lon="-104.9728490">
    <ele>1620.5</ele>
    <time>2023-10-03T14:51:24Z</time>
   </trkpt>
   <trkpt lat="39.6967980" lon="-104.9728380">
    <ele>1620.5</ele>
    <time>2023-10-03T14:51:25Z</time>
   </trkpt>
   <trkpt lat="39.6967570" lon="-104.9728220">
    <ele>1620.5</ele>
    <time>2023-10-03T14:51:26Z</time>
   </trkpt>
   <trkpt lat="39.6967220" lon="-104.9728150">
    <ele>1620.5</ele>
    <time>2023-10-03T14:51:27Z</time>
   </trkpt>
   <trkpt lat="39.6966970" lon="-104.9728290">
    <ele>1620.5</ele>
    <time>2023-10-03T14:51:28Z</time>
   </trkpt>
   <trkpt lat="39.6966650" lon="-104.9728390">
    <ele>1620.5</ele>
    <time>2023-10-03T14:51:29Z</time>
   </trkpt>
   <trkpt lat="39.6966300" lon="-104.9728490">
    <ele>1620.5</ele>
    <time>2023-10-03T14:51:30Z</time>
   </trkpt>
   <trkpt lat="39.6966030" lon="-104.9728620">
    <ele>1620.5</ele>
    <time>2023-10-03T14:51:31Z</time>
   </trkpt>
   <trkpt lat="39.6965630" lon="-104.9728560">
    <ele>1620.5</ele>
    <time>2023-10-03T14:51:32Z</time>
   </trkpt>
   <trkpt lat="39.6965260" lon="-104.9728690">
    <ele>1620.5</ele>
    <time>2023-10-03T14:51:33Z</time>
   </trkpt>
   <trkpt lat="39.6965030" lon="-104.9728740">
    <ele>1620.5</ele>
    <time>2023-10-03T14:51:34Z</time>
   </trkpt>
   <trkpt lat="39.6964650" lon="-104.9728820">
    <ele>1620.5</ele>
    <time>2023-10-03T14:51:35Z</time>
   </trkpt>
   <trkpt lat="39.6964370" lon="-104.9728810">
    <ele>1620.5</ele>
    <time>2023-10-03T14:51:36Z</time>
   </trkpt>
   <trkpt lat="39.6964000" lon="-104.9728840">
    <ele>1620.5</ele>
    <time>2023-10-03T14:51:37Z</time>
   </trkpt>
   <trkpt lat="39.6963670" lon="-104.9729050">
    <ele>1620.5</ele>
    <time>2023-10-03T14:51:38Z</time>
   </trkpt>
   <trkpt lat="39.6963540" lon="-104.9729040">
    <ele>1620.5</ele>
    <time>2023-10-03T14:51:39Z</time>
   </trkpt>
   <trkpt lat="39.6963090" lon="-104.9728980">
    <ele>1620.5</ele>
    <time>2023-10-03T14:51:40Z</time>
   </trkpt>
   <trkpt lat="39.6962780" lon="-104.9729090">
    <ele>1620.5</ele>
    <time>2023-10-03T14:51:41Z</time>
   </trkpt>
   <trkpt lat="39.6962390" lon="-104.9729180">
    <ele>1620.5</ele>
    <time>2023-10-03T14:51:42Z</time>
   </trkpt>
   <trkpt lat="39.6962010" lon="-104.9729200">
    <ele>1620.5</ele>
    <time>2023-10-03T14:51:43Z</time>
   </trkpt>
   <trkpt lat="39.6961890" lon="-104.9729260">
    <ele>1620.5</ele>
    <time>2023-10-03T14:51:44Z</time>
   </trkpt>
   <trkpt lat="39.6961450" lon="-104.9729320">
    <ele>1620.5</ele>
    <time>2023-10-03T14:51:45Z</time>
   </trkpt>
   <trkpt lat="39.6961190" lon="-104.9729420">
    <ele>1620.5</ele>
    <time>2023-10-03T14:51:46Z</time>
   </trkpt>
   <trkpt lat="39.6960810" lon="-104.9729490">
    <ele>1620.5</ele>
    <time>2023-10-03T14:51:47Z</time>
   </trkpt>
   <trkpt lat="39.6960490" lon="-104.9729490">
    <ele>1620.5</ele>
    <time>2023-10-03T14:51:48Z</time>
   </trkpt>
   <trkpt lat="39.6960120" lon="-104.9729480">
    <ele>1620.5</ele>
    <time>2023-10-03T14:51:49Z</time>
   </trkpt>
   <trkpt lat="39.6959640" lon="-104.9729460">
    <ele>1620.5</ele>
    <time>2023-10-03T14:51:50Z</time>
   </trkpt>
   <trkpt lat="39.6959350" lon="-104.9729550">
    <ele>1620.5</ele>
    <time>2023-10-03T14:51:51Z</time>
   </trkpt>
   <trkpt lat="39.6959010" lon="-104.9729470">
    <ele>1620.5</ele>
    <time>2023-10-03T14:51:52Z</time>
   </trkpt>
   <trkpt lat="39.6958660" lon="-104.9729500">
    <ele>1620.4</ele>
    <time>2023-10-03T14:51:53Z</time>
   </trkpt>
   <trkpt lat="39.6958380" lon="-104.9729600">
    <ele>1620.4</ele>
    <time>2023-10-03T14:51:54Z</time>
   </trkpt>
   <trkpt lat="39.6957950" lon="-104.9729520">
    <ele>1620.4</ele>
    <time>2023-10-03T14:51:55Z</time>
   </trkpt>
   <trkpt lat="39.6957560" lon="-104.9729360">
    <ele>1620.4</ele>
    <time>2023-10-03T14:51:56Z</time>
   </trkpt>
   <trkpt lat="39.6957170" lon="-104.9729290">
    <ele>1620.4</ele>
    <time>2023-10-03T14:51:57Z</time>
   </trkpt>
   <trkpt lat="39.6956750" lon="-104.9729190">
    <ele>1620.4</ele>
    <time>2023-10-03T14:51:58Z</time>
   </trkpt>
   <trkpt lat="39.6956480" lon="-104.9729130">
    <ele>1620.4</ele>
    <time>2023-10-03T14:51:59Z</time>
   </trkpt>
   <trkpt lat="39.6956020" lon="-104.9729050">
    <ele>1620.4</ele>
    <time>2023-10-03T14:52:00Z</time>
   </trkpt>
   <trkpt lat="39.6955660" lon="-104.9729050">
    <ele>1620.4</ele>
    <time>2023-10-03T14:52:01Z</time>
   </trkpt>
   <trkpt lat="39.6955310" lon="-104.9729010">
    <ele>1620.4</ele>
    <time>2023-10-03T14:52:02Z</time>
   </trkpt>
   <trkpt lat="39.6954840" lon="-104.9728860">
    <ele>1620.4</ele>
    <time>2023-10-03T14:52:03Z</time>
   </trkpt>
   <trkpt lat="39.6954430" lon="-104.9728720">
    <ele>1620.4</ele>
    <time>2023-10-03T14:52:04Z</time>
   </trkpt>
   <trkpt lat="39.6954230" lon="-104.9728670">
    <ele>1620.3</ele>
    <time>2023-10-03T14:52:05Z</time>
   </trkpt>
   <trkpt lat="39.6953910" lon="-104.9728530">
    <ele>1620.3</ele>
    <time>2023-10-03T14:52:06Z</time>
   </trkpt>
   <trkpt lat="39.6953520" lon="-104.9728440">
    <ele>1620.3</ele>
    <time>2023-10-03T14:52:07Z</time>
   </trkpt>
   <trkpt lat="39.6953320" lon="-104.9728400">
    <ele>1620.3</ele>
    <time>2023-10-03T14:52:08Z</time>
   </trkpt>
   <trkpt lat="39.6953010" lon="-104.9728310">
    <ele>1620.3</ele>
    <time>2023-10-03T14:52:09Z</time>
   </trkpt>
   <trkpt lat="39.6952710" lon="-104.9728320">
    <ele>1620.3</ele>
    <time>2023-10-03T14:52:10Z</time>
   </trkpt>
   <trkpt lat="39.6952410" lon="-104.9728260">
    <ele>1620.3</ele>
    <time>2023-10-03T14:52:11Z</time>
   </trkpt>
   <trkpt lat="39.6952160" lon="-104.9728100">
    <ele>1620.3</ele>
    <time>2023-10-03T14:52:12Z</time>
   </trkpt>
   <trkpt lat="39.6951840" lon="-104.9727970">
    <ele>1620.3</ele>
    <time>2023-10-03T14:52:13Z</time>
   </trkpt>
   <trkpt lat="39.6951510" lon="-104.9727940">
    <ele>1620.2</ele>
    <time>2023-10-03T14:52:14Z</time>
   </trkpt>
   <trkpt lat="39.6951370" lon="-104.9727930">
    <ele>1620.2</ele>
    <time>2023-10-03T14:52:15Z</time>
   </trkpt>
   <trkpt lat="39.6951010" lon="-104.9727770">
    <ele>1620.2</ele>
    <time>2023-10-03T14:52:16Z</time>
   </trkpt>
   <trkpt lat="39.6950720" lon="-104.9727700">
    <ele>1620.2</ele>
    <time>2023-10-03T14:52:17Z</time>
   </trkpt>
   <trkpt lat="39.6950310" lon="-104.9727680">
    <ele>1620.2</ele>
    <time>2023-10-03T14:52:18Z</time>
   </trkpt>
   <trkpt lat="39.6949980" lon="-104.9727570">
    <ele>1620.2</ele>
    <time>2023-10-03T14:52:19Z</time>
   </trkpt>
   <trkpt lat="39.6949590" lon="-104.9727610">
    <ele>1620.2</ele>
    <time>2023-10-03T14:52:20Z</time>
   </trkpt>
   <trkpt lat="39.6949430" lon="-104.9727660">
    <ele>1620.2</ele>
    <time>2023-10-03T14:52:21Z</time>
   </trkpt>
   <trkpt lat="39.6949020" lon="-104.9727680">
    <ele>1620.2</ele>
    <time>2023-10-03T14:52:22Z</time>
   </trkpt>
   <trkpt lat="39.6948850" lon="-104.9727690">
    <ele>1620.2</ele>
    <time>2023-10-03T14:52:23Z</time>
   </trkpt>
   <trkpt lat="39.6948460" lon="-104.9727570">
    <ele>1620.2</ele>
    <time>2023-10-03T14:52:24Z</time>
   </trkpt>
   <trkpt lat="39.6948320" lon="-104.9727530">
    <ele>1620.2</ele>
    <time>2023-10-03T14:52:25Z</time>
   </trkpt>
   <trkpt lat="39.6947880" lon="-104.9727520">
    <ele>1620.2</ele>
    <time>2023-10-03T14:52:26Z</time>
   </trkpt>
   <trkpt lat="39.6947600" lon="-104.9727410">
    <ele>1620.2</ele>
    <time>2023-10-03T14:52:27Z</time>
   </trkpt>
   <trkpt lat="39.6947270" lon="-104.9727310">
    <ele>1620.2</ele>
    <time>2023-10-03T14:52:28Z</time>
   </trkpt>
   <trkpt lat="39.6946860" lon="-104.9727320">
    <ele>1620.2</ele>
    <time>2023-10-03T14:52:29Z</time>
   </trkpt>
   <trkpt lat="39.6946540" lon="-104.9727340">
    <ele>1620.2</ele>
    <time>2023-10-03T14:52:30Z</time>
   </trkpt>
   <trkpt lat="39.6946390" lon="-104.9727320">
    <ele>1620.2</ele>
    <time>2023-10-03T14:52:31Z</time>
   </trkpt>
   <trkpt lat="39.6946000" lon="-104.9727260">
    <ele>1620.2</ele>
    <time>2023-10-03T14:52:32Z</time>
   </trkpt>
   <trkpt lat="39.6945580" lon="-104.9727240">
    <ele>1620.2</ele>
    <time>2023-10-03T14:52:33Z</time>
   </trkpt>
   <trkpt lat="39.6945420" lon="-104.9727200">
    <ele>1620.3</ele>
    <time>2023-10-03T14:52:34Z</time>
   </trkpt>
   <trkpt lat="39.6945010" lon="-104.9727140">
    <ele>1620.3</ele>
    <time>2023-10-03T14:52:35Z</time>
   </trkpt>
   <trkpt lat="39.6944850" lon="-104.9727100">
    <ele>1620.3</ele>
    <time>2023-10-03T14:52:36Z</time>
   </trkpt>
   <trkpt lat="39.6944530" lon="-104.9727080">
    <ele>1620.3</ele>
    <time>2023-10-03T14:52:37Z</time>
   </trkpt>
   <trkpt lat="39.6944270" lon="-104.9727000">
    <ele>1620.4</ele>
    <time>2023-10-03T14:52:38Z</time>
   </trkpt>
   <trkpt lat="39.6943910" lon="-104.9726970">
    <ele>1620.4</ele>
    <time>2023-10-03T14:52:39Z</time>
   </trkpt>
   <trkpt lat="39.6943530" lon="-104.9726880">
    <ele>1620.4</ele>
    <time>2023-10-03T14:52:40Z</time>
   </trkpt>
   <trkpt lat="39.6943340" lon="-104.9726810">
    <ele>1620.4</ele>
    <time>2023-10-03T14:53:14Z</time>
   </trkpt>
   <trkpt lat="39.6943140" lon="-104.9726740">
    <ele>1620.5</ele>
    <time>2023-10-03T14:53:15Z</time>
   </trkpt>
   <trkpt lat="39.6942950" lon="-104.9726670">
    <ele>1620.5</ele>
    <time>2023-10-03T14:53:16Z</time>
   </trkpt>
   <trkpt lat="39.6942610" lon="-104.9726650">
    <ele>1620.5</ele>
    <time>2023-10-03T14:53:17Z</time>
   </trkpt>
   <trkpt lat="39.6942220" lon="-104.9726740">
    <ele>1620.6</ele>
    <time>2023-10-03T14:53:18Z</time>
   </trkpt>
   <trkpt lat="39.6941770" lon="-104.9726690">
    <ele>1620.6</ele>
    <time>2023-10-03T14:53:19Z</time>
   </trkpt>
   <trkpt lat="39.6941380" lon="-104.9726740">
    <ele>1620.6</ele>
    <time>2023-10-03T14:53:20Z</time>
   </trkpt>
   <trkpt lat="39.6941200" lon="-104.9726800">
    <ele>1620.7</ele>
    <time>2023-10-03T14:53:21Z</time>
   </trkpt>
   <trkpt lat="39.6940930" lon="-104.9726990">
    <ele>1620.7</ele>
    <time>2023-10-03T14:53:22Z</time>
   </trkpt>
   <trkpt lat="39.6940650" lon="-104.9727160">
    <ele>1620.7</ele>
    <time>2023-10-03T14:53:23Z</time>
   </trkpt>
   <trkpt lat="39.6940220" lon="-104.9727380">
    <ele>1620.8</ele>
    <time>2023-10-03T14:53:24Z</time>
   </trkpt>
   <trkpt lat="39.6939900" lon="-104.9727560">
    <ele>1620.8</ele>
    <time>2023-10-03T14:53:25Z</time>
   </trkpt>
   <trkpt lat="39.6939730" lon="-104.9727600">
    <ele>1620.8</ele>
    <time>2023-10-03T14:53:26Z</time>
   </trkpt>
   <trkpt lat="39.6939080" lon="-104.9727400">
    <ele>1620.9</ele>
    <time>2023-10-03T14:53:27Z</time>
   </trkpt>
   <trkpt lat="39.6938790" lon="-104.9727380">
    <ele>1620.9</ele>
    <time>2023-10-03T14:53:28Z</time>
   </trkpt>
   <trkpt lat="39.6938420" lon="-104.9727440">
    <ele>1620.9</ele>
    <time>2023-10-03T14:53:29Z</time>
   </trkpt>
   <trkpt lat="39.6938270" lon="-104.9727480">
    <ele>1621.0</ele>
    <time>2023-10-03T14:53:30Z</time>
   </trkpt>
   <trkpt lat="39.6937990" lon="-104.9727460">
    <ele>1621.0</ele>
    <time>2023-10-03T14:53:31Z</time>
   </trkpt>
   <trkpt lat="39.6937640" lon="-104.9727420">
    <ele>1621.0</ele>
    <time>2023-10-03T14:53:32Z</time>
   </trkpt>
   <trkpt lat="39.6937300" lon="-104.9727520">
    <ele>1621.0</ele>
    <time>2023-10-03T14:53:33Z</time>
   </trkpt>
   <trkpt lat="39.6936860" lon="-104.9727630">
    <ele>1621.0</ele>
    <time>2023-10-03T14:53:34Z</time>
   </trkpt>
   <trkpt lat="39.6936660" lon="-104.9727630">
    <ele>1621.0</ele>
    <time>2023-10-03T14:53:35Z</time>
   </trkpt>
   <trkpt lat="39.6936360" lon="-104.9727720">
    <ele>1620.9</ele>
    <time>2023-10-03T14:53:36Z</time>
   </trkpt>
   <trkpt lat="39.6936060" lon="-104.9727760">
    <ele>1620.9</ele>
    <time>2023-10-03T14:53:37Z</time>
   </trkpt>
   <trkpt lat="39.6935720" lon="-104.9727790">
    <ele>1620.9</ele>
    <time>2023-10-03T14:53:38Z</time>
   </trkpt>
   <trkpt lat="39.6935410" lon="-104.9727960">
    <ele>1620.8</ele>
    <time>2023-10-03T14:53:39Z</time>
   </trkpt>
   <trkpt lat="39.6935090" lon="-104.9728260">
    <ele>1620.8</ele>
    <time>2023-10-03T14:53:40Z</time>
   </trkpt>
   <trkpt lat="39.6934670" lon="-104.9728450">
    <ele>1620.7</ele>
    <time>2023-10-03T14:53:41Z</time>
   </trkpt>
   <trkpt lat="39.6934530" lon="-104.9728860">
    <ele>1620.7</ele>
    <time>2023-10-03T14:53:42Z</time>
   </trkpt>
   <trkpt lat="39.6934260" lon="-104.9729110">
    <ele>1620.6</ele>
    <time>2023-10-03T14:53:43Z</time>
   </trkpt>
   <trkpt lat="39.6934030" lon="-104.9729470">
    <ele>1620.6</ele>
    <time>2023-10-03T14:53:44Z</time>
   </trkpt>
   <trkpt lat="39.6933800" lon="-104.9729690">
    <ele>1620.6</ele>
    <time>2023-10-03T14:53:45Z</time>
   </trkpt>
   <trkpt lat="39.6933550" lon="-104.9729920">
    <ele>1620.5</ele>
    <time>2023-10-03T14:53:46Z</time>
   </trkpt>
   <trkpt lat="39.6933290" lon="-104.9730100">
    <ele>1620.5</ele>
    <time>2023-10-03T14:53:47Z</time>
   </trkpt>
   <trkpt lat="39.6933070" lon="-104.9730400">
    <ele>1620.4</ele>
    <time>2023-10-03T14:53:48Z</time>
   </trkpt>
   <trkpt lat="39.6932740" lon="-104.9730380">
    <ele>1620.4</ele>
    <time>2023-10-03T14:53:49Z</time>
   </trkpt>
   <trkpt lat="39.6932450" lon="-104.9730140">
    <ele>1620.5</ele>
    <time>2023-10-03T14:53:50Z</time>
   </trkpt>
   <trkpt lat="39.6932350" lon="-104.9729990">
    <ele>1620.5</ele>
    <time>2023-10-03T14:53:51Z</time>
   </trkpt>
   <trkpt lat="39.6932310" lon="-104.9729400">
    <ele>1620.5</ele>
    <time>2023-10-03T14:53:52Z</time>
   </trkpt>
   <trkpt lat="39.6932040" lon="-104.9728930">
    <ele>1620.5</ele>
    <time>2023-10-03T14:53:53Z</time>
   </trkpt>
   <trkpt lat="39.6931830" lon="-104.9728530">
    <ele>1620.5</ele>
    <time>2023-10-03T14:53:54Z</time>
   </trkpt>
   <trkpt lat="39.6931740" lon="-104.9728140">
    <ele>1620.5</ele>
    <time>2023-10-03T14:53:55Z</time>
   </trkpt>
   <trkpt lat="39.6931520" lon="-104.9727630">
    <ele>1620.5</ele>
    <time>2023-10-03T14:53:56Z</time>
   </trkpt>
   <trkpt lat="39.6931470" lon="-104.9727390">
    <ele>1620.5</ele>
    <time>2023-10-03T14:53:57Z</time>
   </trkpt>
   <trkpt lat="39.6931410" lon="-104.9726970">
    <ele>1620.5</ele>
    <time>2023-10-03T14:53:58Z</time>
   </trkpt>
   <trkpt lat="39.6931350" lon="-104.9726450">
    <ele>1620.5</ele>
    <time>2023-10-03T14:53:59Z</time>
   </trkpt>
   <trkpt lat="39.6931360" lon="-104.9726230">
    <ele>1620.5</ele>
    <time>2023-10-03T14:54:00Z</time>
   </trkpt>
   <trkpt lat="39.6931330" lon="-104.9725780">
    <ele>1620.5</ele>
    <time>2023-10-03T14:54:01Z</time>
   </trkpt>
   <trkpt lat="39.6931340" lon="-104.9725310">
    <ele>1620.5</ele>
    <time>2023-10-03T14:54:02Z</time>
   </trkpt>
   <trkpt lat="39.6931380" lon="-104.9724900">
    <ele>1620.5</ele>
    <time>2023-10-03T14:54:03Z</time>
   </trkpt>
   <trkpt lat="39.6931280" lon="-104.9724530">
    <ele>1620.5</ele>
    <time>2023-10-03T14:54:04Z</time>
   </trkpt>
   <trkpt lat="39.6931340" lon="-104.9723940">
    <ele>1620.5</ele>
    <time>2023-10-03T14:54:05Z</time>
   </trkpt>
   <trkpt lat="39.6931330" lon="-104.9723540">
    <ele>1620.5</ele>
    <time>2023-10-03T14:54:06Z</time>
   </trkpt>
   <trkpt lat="39.6931250" lon="-104.9723020">
    <ele>1620.6</ele>
    <time>2023-10-03T14:54:07Z</time>
   </trkpt>
   <trkpt lat="39.6931150" lon="-104.9722460">
    <ele>1620.6</ele>
    <time>2023-10-03T14:54:08Z</time>
   </trkpt>
   <trkpt lat="39.6931200" lon="-104.9721980">
    <ele>1620.6</ele>
    <time>2023-10-03T14:54:09Z</time>
   </trkpt>
   <trkpt lat="39.6931160" lon="-104.9721400">
    <ele>1620.6</ele>
    <time>2023-10-03T14:54:10Z</time>
   </trkpt>
   <trkpt lat="39.6931110" lon="-104.9721010">
    <ele>1620.6</ele>
    <time>2023-10-03T14:54:11Z</time>
   </trkpt>
   <trkpt lat="39.6931060" lon="-104.9720580">
    <ele>1620.7</ele>
    <time>2023-10-03T14:54:12Z</time>
   </trkpt>
   <trkpt lat="39.6930930" lon="-104.9720250">
    <ele>1620.7</ele>
    <time>2023-10-03T14:54:13Z</time>
   </trkpt>
   <trkpt lat="39.6931000" lon="-104.9719880">
    <ele>1620.7</ele>
    <time>2023-10-03T14:54:14Z</time>
   </trkpt>
   <trkpt lat="39.6931120" lon="-104.9719380">
    <ele>1620.7</ele>
    <time>2023-10-03T14:54:15Z</time>
   </trkpt>
   <trkpt lat="39.6931190" lon="-104.9718860">
    <ele>1620.7</ele>
    <time>2023-10-03T14:54:16Z</time>
   </trkpt>
   <trkpt lat="39.6931170" lon="-104.9718460">
    <ele>1620.7</ele>
    <time>2023-10-03T14:54:17Z</time>
   </trkpt>
   <trkpt lat="39.6931170" lon="-104.9717990">
    <ele>1620.7</ele>
    <time>2023-10-03T14:54:18Z</time>
   </trkpt>
   <trkpt lat="39.6931260" lon="-104.9717530">
    <ele>1620.7</ele>
    <time>2023-10-03T14:54:19Z</time>
   </trkpt>
   <trkpt lat="39.6931290" lon="-104.9717370">
    <ele>1620.8</ele>
    <time>2023-10-03T14:54:20Z</time>
   </trkpt>
   <trkpt lat="39.6931400" lon="-104.9716980">
    <ele>1620.8</ele>
    <time>2023-10-03T14:54:21Z</time>
   </trkpt>
   <trkpt lat="39.6931440" lon="-104.9716470">
    <ele>1620.8</ele>
    <time>2023-10-03T14:54:22Z</time>
   </trkpt>
   <trkpt lat="39.6931580" lon="-104.9715930">
    <ele>1620.8</ele>
    <time>2023-10-03T14:54:23Z</time>
   </trkpt>
   <trkpt lat="39.6931580" lon="-104.9715530">
    <ele>1620.9</ele>
    <time>2023-10-03T14:54:24Z</time>
   </trkpt>
   <trkpt lat="39.6931500" lon="-104.9715090">
    <ele>1620.9</ele>
    <time>2023-10-03T14:54:25Z</time>
   </trkpt>
   <trkpt lat="39.6931460" lon="-104.9714690">
    <ele>1620.9</ele>
    <time>2023-10-03T14:54:26Z</time>
   </trkpt>
   <trkpt lat="39.6931370" lon="-104.9714290">
    <ele>1621.0</ele>
    <time>2023-10-03T14:54:27Z</time>
   </trkpt>
   <trkpt lat="39.6931410" lon="-104.9713710">
    <ele>1621.0</ele>
    <time>2023-10-03T14:54:28Z</time>
   </trkpt>
   <trkpt lat="39.6931390" lon="-104.9713240">
    <ele>1621.0</ele>
    <time>2023-10-03T14:54:29Z</time>
   </trkpt>
   <trkpt lat="39.6931310" lon="-104.9712770">
    <ele>1621.1</ele>
    <time>2023-10-03T14:54:30Z</time>
   </trkpt>
   <trkpt lat="39.6931350" lon="-104.9712290">
    <ele>1621.1</ele>
    <time>2023-10-03T14:54:31Z</time>
   </trkpt>
   <trkpt lat="39.6931300" lon="-104.9711790">
    <ele>1621.1</ele>
    <time>2023-10-03T14:54:32Z</time>
   </trkpt>
   <trkpt lat="39.6931290" lon="-104.9711620">
    <ele>1621.1</ele>
    <time>2023-10-03T14:54:33Z</time>
   </trkpt>
   <trkpt lat="39.6931260" lon="-104.9711070">
    <ele>1621.1</ele>
    <time>2023-10-03T14:54:34Z</time>
   </trkpt>
   <trkpt lat="39.6931230" lon="-104.9710420">
    <ele>1621.2</ele>
    <time>2023-10-03T14:54:35Z</time>
   </trkpt>
   <trkpt lat="39.6931250" lon="-104.9710100">
    <ele>1621.2</ele>
    <time>2023-10-03T14:54:36Z</time>
   </trkpt>
   <trkpt lat="39.6931230" lon="-104.9709750">
    <ele>1621.2</ele>
    <time>2023-10-03T14:54:37Z</time>
   </trkpt>
   <trkpt lat="39.6931220" lon="-104.9709300">
    <ele>1621.2</ele>
    <time>2023-10-03T14:54:38Z</time>
   </trkpt>
   <trkpt lat="39.6931290" lon="-104.9708720">
    <ele>1621.2</ele>
    <time>2023-10-03T14:54:39Z</time>
   </trkpt>
   <trkpt lat="39.6931190" lon="-104.9708320">
    <ele>1621.2</ele>
    <time>2023-10-03T14:54:40Z</time>
   </trkpt>
   <trkpt lat="39.6931300" lon="-104.9707750">
    <ele>1621.3</ele>
    <time>2023-10-03T14:54:41Z</time>
   </trkpt>
   <trkpt lat="39.6931320" lon="-104.9707370">
    <ele>1621.3</ele>
    <time>2023-10-03T14:54:42Z</time>
   </trkpt>
   <trkpt lat="39.6931340" lon="-104.9706970">
    <ele>1621.3</ele>
    <time>2023-10-03T14:54:43Z</time>
   </trkpt>
   <trkpt lat="39.6931510" lon="-104.9706510">
    <ele>1621.3</ele>
    <time>2023-10-03T14:54:44Z</time>
   </trkpt>
   <trkpt lat="39.6931390" lon="-104.9706040">
    <ele>1621.3</ele>
    <time>2023-10-03T14:54:45Z</time>
   </trkpt>
   <trkpt lat="39.6931400" lon="-104.9705860">
    <ele>1621.3</ele>
    <time>2023-10-03T14:54:46Z</time>
   </trkpt>
   <trkpt lat="39.6931480" lon="-104.9705490">
    <ele>1621.3</ele>
    <time>2023-10-03T14:54:47Z</time>
   </trkpt>
   <trkpt lat="39.6931490" lon="-104.9705090">
    <ele>1621.3</ele>
    <time>2023-10-03T14:54:48Z</time>
   </trkpt>
   <trkpt lat="39.6931620" lon="-104.9704660">
    <ele>1621.3</ele>
    <time>2023-10-03T14:54:49Z</time>
   </trkpt>
   <trkpt lat="39.6931590" lon="-104.9704270">
    <ele>1621.3</ele>
    <time>2023-10-03T14:54:50Z</time>
   </trkpt>
   <trkpt lat="39.6931450" lon="-104.9703800">
    <ele>1621.3</ele>
    <time>2023-10-03T14:54:51Z</time>
   </trkpt>
   <trkpt lat="39.6931610" lon="-104.9703280">
    <ele>1621.3</ele>
    <time>2023-10-03T14:54:52Z</time>
   </trkpt>
   <trkpt lat="39.6931720" lon="-104.9702790">
    <ele>1621.3</ele>
    <time>2023-10-03T14:54:53Z</time>
   </trkpt>
   <trkpt lat="39.6931790" lon="-104.9702570">
    <ele>1621.3</ele>
    <time>2023-10-03T14:54:54Z</time>
   </trkpt>
   <trkpt lat="39.6931830" lon="-104.9702130">
    <ele>1621.3</ele>
    <time>2023-10-03T14:54:55Z</time>
   </trkpt>
   <trkpt lat="39.6931740" lon="-104.9701650">
    <ele>1621.3</ele>
    <time>2023-10-03T14:54:56Z</time>
   </trkpt>
   <trkpt lat="39.6931750" lon="-104.9701470">
    <ele>1621.3</ele>
    <time>2023-10-03T14:54:57Z</time>
   </trkpt>
   <trkpt lat="39.6931590" lon="-104.9701140">
    <ele>1621.3</ele>
    <time>2023-10-03T14:54:58Z</time>
   </trkpt>
   <trkpt lat="39.6931480" lon="-104.9700710">
    <ele>1621.3</ele>
    <time>2023-10-03T14:54:59Z</time>
   </trkpt>
   <trkpt lat="39.6931630" lon="-104.9700160">
    <ele>1621.3</ele>
    <time>2023-10-03T14:55:00Z</time>
   </trkpt>
   <trkpt lat="39.6931570" lon="-104.9699800">
    <ele>1621.3</ele>
    <time>2023-10-03T14:55:01Z</time>
   </trkpt>
   <trkpt lat="39.6931660" lon="-104.9699360">
    <ele>1621.2</ele>
    <time>2023-10-03T14:55:02Z</time>
   </trkpt>
   <trkpt lat="39.6931730" lon="-104.9699000">
    <ele>1621.2</ele>
    <time>2023-10-03T14:55:03Z</time>
   </trkpt>
   <trkpt lat="39.6931650" lon="-104.9698540">
    <ele>1621.2</ele>
    <time>2023-10-03T14:55:04Z</time>
   </trkpt>
   <trkpt lat="39.6931650" lon="-104.9698110">
    <ele>1621.2</ele>
    <time>2023-10-03T14:55:05Z</time>
   </trkpt>
   <trkpt lat="39.6931600" lon="-104.9697710">
    <ele>1621.2</ele>
    <time>2023-10-03T14:55:06Z</time>
   </trkpt>
   <trkpt lat="39.6931570" lon="-104.9697230">
    <ele>1621.2</ele>
    <time>2023-10-03T14:55:07Z</time>
   </trkpt>
   <trkpt lat="39.6931730" lon="-104.9696820">
    <ele>1621.2</ele>
    <time>2023-10-03T14:55:08Z</time>
   </trkpt>
   <trkpt lat="39.6931600" lon="-104.9696480">
    <ele>1621.2</ele>
    <time>2023-10-03T14:55:09Z</time>
   </trkpt>
   <trkpt lat="39.6931620" lon="-104.9696080">
    <ele>1621.1</ele>
    <time>2023-10-03T14:55:10Z</time>
   </trkpt>
   <trkpt lat="39.6931620" lon="-104.9695600">
    <ele>1621.1</ele>
    <time>2023-10-03T14:55:11Z</time>
   </trkpt>
   <trkpt lat="39.6931530" lon="-104.9695120">
    <ele>1621.1</ele>
    <time>2023-10-03T14:55:12Z</time>
   </trkpt>
   <trkpt lat="39.6931650" lon="-104.9694730">
    <ele>1621.1</ele>
    <time>2023-10-03T14:55:13Z</time>
   </trkpt>
   <trkpt lat="39.6931620" lon="-104.9694360">
    <ele>1621.2</ele>
    <time>2023-10-03T14:55:14Z</time>
   </trkpt>
   <trkpt lat="39.6931620" lon="-104.9693800">
    <ele>1621.2</ele>
    <time>2023-10-03T14:55:15Z</time>
   </trkpt>
   <trkpt lat="39.6931620" lon="-104.9693320">
    <ele>1621.2</ele>
    <time>2023-10-03T14:55:16Z</time>
   </trkpt>
   <trkpt lat="39.6931520" lon="-104.9692800">
    <ele>1621.2</ele>
    <time>2023-10-03T14:55:17Z</time>
   </trkpt>
   <trkpt lat="39.6931570" lon="-104.9692240">
    <ele>1621.3</ele>
    <time>2023-10-03T14:55:18Z</time>
   </trkpt>
   <trkpt lat="39.6931490" lon="-104.9691730">
    <ele>1621.3</ele>
    <time>2023-10-03T14:55:19Z</time>
   </trkpt>
   <trkpt lat="39.6931440" lon="-104.9691550">
    <ele>1621.3</ele>
    <time>2023-10-03T14:55:20Z</time>
   </trkpt>
   <trkpt lat="39.6931460" lon="-104.9691100">
    <ele>1621.3</ele>
    <time>2023-10-03T14:55:21Z</time>
   </trkpt>
   <trkpt lat="39.6931340" lon="-104.9690670">
    <ele>1621.4</ele>
    <time>2023-10-03T14:55:22Z</time>
   </trkpt>
   <trkpt lat="39.6931260" lon="-104.9690250">
    <ele>1621.4</ele>
    <time>2023-10-03T14:55:23Z</time>
   </trkpt>
   <trkpt lat="39.6931190" lon="-104.9689830">
    <ele>1621.4</ele>
    <time>2023-10-03T14:55:24Z</time>
   </trkpt>
   <trkpt lat="39.6930940" lon="-104.9689530">
    <ele>1621.5</ele>
    <time>2023-10-03T14:55:25Z</time>
   </trkpt>
   <trkpt lat="39.6930890" lon="-104.9689110">
    <ele>1621.5</ele>
    <time>2023-10-03T14:55:26Z</time>
   </trkpt>
   <trkpt lat="39.6930970" lon="-104.9688680">
    <ele>1621.6</ele>
    <time>2023-10-03T14:55:27Z</time>
   </trkpt>
   <trkpt lat="39.6930940" lon="-104.9688170">
    <ele>1621.6</ele>
    <time>2023-10-03T14:55:28Z</time>
   </trkpt>
   <trkpt lat="39.6930930" lon="-104.9687990">
    <ele>1621.6</ele>
    <time>2023-10-03T14:55:29Z</time>
   </trkpt>
   <trkpt lat="39.6930720" lon="-104.9687680">
    <ele>1621.7</ele>
    <time>2023-10-03T14:55:30Z</time>
   </trkpt>
   <trkpt lat="39.6930450" lon="-104.9687840">
    <ele>1621.7</ele>
    <time>2023-10-03T14:55:31Z</time>
   </trkpt>
   <trkpt lat="39.6930360" lon="-104.9687950">
    <ele>1621.7</ele>
    <time>2023-10-03T14:55:32Z</time>
   </trkpt>
   <trkpt lat="39.6930420" lon="-104.9687780">
    <ele>1621.7</ele>
    <time>2023-10-03T14:55:33Z</time>
   </trkpt>
   <trkpt lat="39.6930400" lon="-104.9687600">
    <ele>1621.7</ele>
    <time>2023-10-03T14:55:34Z</time>
   </trkpt>
   <trkpt lat="39.6930530" lon="-104.9687190">
    <ele>1621.7</ele>
    <time>2023-10-03T14:55:35Z</time>
   </trkpt>
   <trkpt lat="39.6930600" lon="-104.9687110">
    <ele>1621.7</ele>
    <time>2023-10-03T14:55:36Z</time>
   </trkpt>
   <trkpt lat="39.6926290" lon="-104.9686300">
    <ele>1622.0</ele>
    <time>2023-10-03T14:56:29Z</time>
   </trkpt>
   <trkpt lat="39.6926100" lon="-104.9686300">
    <ele>1622.0</ele>
    <time>2023-10-03T14:56:30Z</time>
   </trkpt>
   <trkpt lat="39.6925920" lon="-104.9686300">
    <ele>1622.0</ele>
    <time>2023-10-03T14:56:31Z</time>
   </trkpt>
   <trkpt lat="39.6925610" lon="-104.9686240">
    <ele>1622.1</ele>
    <time>2023-10-03T14:56:32Z</time>
   </trkpt>
   <trkpt lat="39.6925460" lon="-104.9686240">
    <ele>1622.1</ele>
    <time>2023-10-03T14:56:33Z</time>
   </trkpt>
   <trkpt lat="39.6925050" lon="-104.9686280">
    <ele>1622.1</ele>
    <time>2023-10-03T14:56:34Z</time>
   </trkpt>
   <trkpt lat="39.6924750" lon="-104.9686340">
    <ele>1622.1</ele>
    <time>2023-10-03T14:56:35Z</time>
   </trkpt>
   <trkpt lat="39.6924640" lon="-104.9686390">
    <ele>1622.1</ele>
    <time>2023-10-03T14:56:36Z</time>
   </trkpt>
   <trkpt lat="39.6924130" lon="-104.9686290">
    <ele>1622.2</ele>
    <time>2023-10-03T14:56:37Z</time>
   </trkpt>
   <trkpt lat="39.6923530" lon="-104.9686190">
    <ele>1622.2</ele>
    <time>2023-10-03T14:56:38Z</time>
   </trkpt>
   <trkpt lat="39.6923290" lon="-104.9686390">
    <ele>1622.2</ele>
    <time>2023-10-03T14:56:39Z</time>
   </trkpt>
   <trkpt lat="39.6922920" lon="-104.9686350">
    <ele>1622.2</ele>
    <time>2023-10-03T14:56:40Z</time>
   </trkpt>
   <trkpt lat="39.6922540" lon="-104.9686370">
    <ele>1622.2</ele>
    <time>2023-10-03T14:56:41Z</time>
   </trkpt>
   <trkpt lat="39.6922170" lon="-104.9686400">
    <ele>1622.2</ele>
    <time>2023-10-03T14:56:42Z</time>
   </trkpt>
   <trkpt lat="39.6921760" lon="-104.9686570">
    <ele>1622.2</ele>
    <time>2023-10-03T14:56:43Z</time>
   </trkpt>
   <trkpt lat="39.6921430" lon="-104.9686660">
    <ele>1622.2</ele>
    <time>2023-10-03T14:56:44Z</time>
   </trkpt>
   <trkpt lat="39.6921030" lon="-104.9686360">
    <ele>1622.3</ele>
    <time>2023-10-03T14:56:45Z</time>
   </trkpt>
   <trkpt lat="39.6920630" lon="-104.9686250">
    <ele>1622.3</ele>
    <time>2023-10-03T14:56:46Z</time>
   </trkpt>
   <trkpt lat="39.6920330" lon="-104.9686310">
    <ele>1622.3</ele>
    <time>2023-10-03T14:56:47Z</time>
   </trkpt>
   <trkpt lat="39.6919940" lon="-104.9686300">
    <ele>1622.3</ele>
    <time>2023-10-03T14:56:48Z</time>
   </trkpt>
   <trkpt lat="39.6919630" lon="-104.9686330">
    <ele>1622.3</ele>
    <time>2023-10-03T14:56:49Z</time>
   </trkpt>
   <trkpt lat="39.6919300" lon="-104.9686470">
    <ele>1622.3</ele>
    <time>2023-10-03T14:56:50Z</time>
   </trkpt>
   <trkpt lat="39.6919000" lon="-104.9686400">
    <ele>1622.3</ele>
    <time>2023-10-03T14:56:51Z</time>
   </trkpt>
   <trkpt lat="39.6918730" lon="-104.9686490">
    <ele>1622.3</ele>
    <time>2023-10-03T14:56:52Z</time>
   </trkpt>
   <trkpt lat="39.6918260" lon="-104.9686310">
    <ele>1622.4</ele>
    <time>2023-10-03T14:56:53Z</time>
   </trkpt>
   <trkpt lat="39.6917930" lon="-104.9686320">
    <ele>1622.4</ele>
    <time>2023-10-03T14:56:54Z</time>
   </trkpt>
   <trkpt lat="39.6917620" lon="-104.9686450">
    <ele>1622.4</ele>
    <time>2023-10-03T14:56:55Z</time>
   </trkpt>
   <trkpt lat="39.6917230" lon="-104.9686370">
    <ele>1622.4</ele>
    <time>2023-10-03T14:56:56Z</time>
   </trkpt>
   <trkpt lat="39.6916790" lon="-104.9686370">
    <ele>1622.4</ele>
    <time>2023-10-03T14:56:57Z</time>
   </trkpt>
   <trkpt lat="39.6916600" lon="-104.9686380">
    <ele>1622.4</ele>
    <time>2023-10-03T14:56:58Z</time>
   </trkpt>
   <trkpt lat="39.6916200" lon="-104.9686350">
    <ele>1622.4</ele>
    <time>2023-10-03T14:56:59Z</time>
   </trkpt>
   <trkpt lat="39.6915920" lon="-104.9686400">
    <ele>1622.4</ele>
    <time>2023-10-03T14:57:00Z</time>
   </trkpt>
   <trkpt lat="39.6915610" lon="-104.9686210">
    <ele>1622.4</ele>
    <time>2023-10-03T14:57:01Z</time>
   </trkpt>
   <trkpt lat="39.6915280" lon="-104.9686260">
    <ele>1622.4</ele>
    <time>2023-10-03T14:57:02Z</time>
   </trkpt>
   <trkpt lat="39.6914900" lon="-104.9686430">
    <ele>1622.4</ele>
    <time>2023-10-03T14:57:03Z</time>
   </trkpt>
   <trkpt lat="39.6914560" lon="-104.9686320">
    <ele>1622.4</ele>
    <time>2023-10-03T14:57:04Z</time>
   </trkpt>
   <trkpt lat="39.6914220" lon="-104.9686370">
    <ele>1622.4</ele>
    <time>2023-10-03T14:57:05Z</time>
   </trkpt>
   <trkpt lat="39.6913880" lon="-104.9686410">
    <ele>1622.4</ele>
    <time>2023-10-03T14:57:06Z</time>
   </trkpt>
   <trkpt lat="39.6913550" lon="-104.9686290">
    <ele>1622.4</ele>
    <time>2023-10-03T14:57:07Z</time>
   </trkpt>
   <trkpt lat="39.6913290" lon="-104.9686380">
    <ele>1622.4</ele>
    <time>2023-10-03T14:57:08Z</time>
   </trkpt>
   <trkpt lat="39.6912920" lon="-104.9686320">
    <ele>1622.4</ele>
    <time>2023-10-03T14:57:09Z</time>
   </trkpt>
   <trkpt lat="39.6912560" lon="-104.9686200">
    <ele>1622.4</ele>
    <time>2023-10-03T14:57:10Z</time>
   </trkpt>
   <trkpt lat="39.6912230" lon="-104.9686350">
    <ele>1622.4</ele>
    <time>2023-10-03T14:57:11Z</time>
   </trkpt>
   <trkpt lat="39.6911820" lon="-104.9686350">
    <ele>1622.4</ele>
    <time>2023-10-03T14:57:12Z</time>
   </trkpt>
   <trkpt lat="39.6911520" lon="-104.9686120">
    <ele>1622.4</ele>
    <time>2023-10-03T14:57:13Z</time>
   </trkpt>
   <trkpt lat="39.6911120" lon="-104.9686170">
    <ele>1622.4</ele>
    <time>2023-10-03T14:57:14Z</time>
   </trkpt>
   <trkpt lat="39.6910960" lon="-104.9686180">
    <ele>1622.3</ele>
    <time>2023-10-03T14:57:15Z</time>
   </trkpt>
   <trkpt lat="39.6910670" lon="-104.9686280">
    <ele>1622.3</ele>
    <time>2023-10-03T14:57:16Z</time>
   </trkpt>
   <trkpt lat="39.6910190" lon="-104.9686260">
    <ele>1622.3</ele>
    <time>2023-10-03T14:57:17Z</time>
   </trkpt>
   <trkpt lat="39.6909900" lon="-104.9686220">
    <ele>1622.2</ele>
    <time>2023-10-03T14:57:18Z</time>
   </trkpt>
   <trkpt lat="39.6909770" lon="-104.9686240">
    <ele>1622.2</ele>
    <time>2023-10-03T14:57:19Z</time>
   </trkpt>
   <trkpt lat="39.6909270" lon="-104.9686130">
    <ele>1622.2</ele>
    <time>2023-10-03T14:57:20Z</time>
   </trkpt>
   <trkpt lat="39.6908870" lon="-104.9686270">
    <ele>1622.2</ele>
    <time>2023-10-03T14:57:21Z</time>
   </trkpt>
   <trkpt lat="39.6908490" lon="-104.9686140">
    <ele>1622.1</ele>
    <time>2023-10-03T14:57:22Z</time>
   </trkpt>
   <trkpt lat="39.6908140" lon="-104.9686210">
    <ele>1622.1</ele>
    <time>2023-10-03T14:57:23Z</time>
   </trkpt>
   <trkpt lat="39.6907610" lon="-104.9686170">
    <ele>1622.0</ele>
    <time>2023-10-03T14:57:24Z</time>
   </trkpt>
   <trkpt lat="39.6907340" lon="-104.9686180">
    <ele>1622.0</ele>
    <time>2023-10-03T14:57:25Z</time>
   </trkpt>
   <trkpt lat="39.6906970" lon="-104.9686220">
    <ele>1622.0</ele>
    <time>2023-10-03T14:57:26Z</time>
   </trkpt>
   <trkpt lat="39.6906480" lon="-104.9686250">
    <ele>1621.9</ele>
    <time>2023-10-03T14:57:27Z</time>
   </trkpt>
   <trkpt lat="39.6906030" lon="-104.9686240">
    <ele>1621.8</ele>
    <time>2023-10-03T14:57:28Z</time>
   </trkpt>
   <trkpt lat="39.6905730" lon="-104.9686310">
    <ele>1621.8</ele>
    <time>2023-10-03T14:57:29Z</time>
   </trkpt>
   <trkpt lat="39.6905310" lon="-104.9686320">
    <ele>1621.7</ele>
    <time>2023-10-03T14:57:30Z</time>
   </trkpt>
   <trkpt lat="39.6904980" lon="-104.9686300">
    <ele>1621.7</ele>
    <time>2023-10-03T14:57:31Z</time>
   </trkpt>
   <trkpt lat="39.6904860" lon="-104.9686340">
    <ele>1621.7</ele>
    <time>2023-10-03T14:57:32Z</time>
   </trkpt>
   <trkpt lat="39.6904470" lon="-104.9686390">
    <ele>1621.6</ele>
    <time>2023-10-03T14:57:33Z</time>
   </trkpt>
   <trkpt lat="39.6904040" lon="-104.9686310">
    <ele>1621.6</ele>
    <time>2023-10-03T14:57:34Z</time>
   </trkpt>
   <trkpt lat="39.6903850" lon="-104.9686290">
    <ele>1621.5</ele>
    <time>2023-10-03T14:57:35Z</time>
   </trkpt>
   <trkpt lat="39.6903480" lon="-104.9686260">
    <ele>1621.5</ele>
    <time>2023-10-03T14:57:36Z</time>
   </trkpt>
   <trkpt lat="39.6903340" lon="-104.9686330">
    <ele>1621.5</ele>
    <time>2023-10-03T14:57:37Z</time>
   </trkpt>
   <trkpt lat="39.6902950" lon="-104.9686300">
    <ele>1621.4</ele>
    <time>2023-10-03T14:57:38Z</time>
   </trkpt>
   <trkpt lat="39.6902680" lon="-104.9686220">
    <ele>1621.4</ele>
    <time>2023-10-03T14:57:39Z</time>
   </trkpt>
   <trkpt lat="39.6902240" lon="-104.9686150">
    <ele>1621.3</ele>
    <time>2023-10-03T14:57:40Z</time>
   </trkpt>
   <trkpt lat="39.6901910" lon="-104.9686340">
    <ele>1621.2</ele>
    <time>2023-10-03T14:57:41Z</time>
   </trkpt>
   <trkpt lat="39.6901620" lon="-104.9686360">
    <ele>1621.2</ele>
    <time>2023-10-03T14:57:42Z</time>
   </trkpt>
   <trkpt lat="39.6901310" lon="-104.9686140">
    <ele>1621.2</ele>
    <time>2023-10-03T14:57:43Z</time>
   </trkpt>
   <trkpt lat="39.6900900" lon="-104.9686260">
    <ele>1621.1</ele>
    <time>2023-10-03T14:57:44Z</time>
   </trkpt>
   <trkpt lat="39.6900740" lon="-104.9686310">
    <ele>1621.1</ele>
    <time>2023-10-03T14:57:45Z</time>
   </trkpt>
   <trkpt lat="39.6900310" lon="-104.9686300">
    <ele>1621.1</ele>
    <time>2023-10-03T14:57:46Z</time>
   </trkpt>
   <trkpt lat="39.6899990" lon="-104.9686390">
    <ele>1621.0</ele>
    <time>2023-10-03T14:57:47Z</time>
   </trkpt>
   <trkpt lat="39.6899600" lon="-104.9686350">
    <ele>1621.0</ele>
    <time>2023-10-03T14:57:48Z</time>
   </trkpt>
   <trkpt lat="39.6899190" lon="-104.9686380">
    <ele>1620.9</ele>
    <time>2023-10-03T14:57:49Z</time>
   </trkpt>
   <trkpt lat="39.6899020" lon="-104.9686370">
    <ele>1620.9</ele>
    <time>2023-10-03T14:57:50Z</time>
   </trkpt>
   <trkpt lat="39.6898660" lon="-104.9686260">
    <ele>1620.9</ele>
    <time>2023-10-03T14:57:51Z</time>
   </trkpt>
   <trkpt lat="39.6898290" lon="-104.9686510">
    <ele>1620.8</ele>
    <time>2023-10-03T14:57:52Z</time>
   </trkpt>
   <trkpt lat="39.6897980" lon="-104.9686460">
    <ele>1620.8</ele>
    <time>2023-10-03T14:57:53Z</time>
   </trkpt>
   <trkpt lat="39.6897570" lon="-104.9686410">
    <ele>1620.7</ele>
    <time>2023-10-03T14:57:54Z</time>
   </trkpt>
   <trkpt lat="39.6897410" lon="-104.9686430">
    <ele>1620.7</ele>
    <time>2023-10-03T14:57:55Z</time>
   </trkpt>
   <trkpt lat="39.6897100" lon="-104.9686430">
    <ele>1620.6</ele>
    <time>2023-10-03T14:57:56Z</time>
   </trkpt>
   <trkpt lat="39.6896680" lon="-104.9686380">
    <ele>1620.6</ele>
    <time>2023-10-03T14:57:57Z</time>
   </trkpt>
   <trkpt lat="39.6896490" lon="-104.9686300">
    <ele>1620.5</ele>
    <time>2023-10-03T14:57:58Z</time>
   </trkpt>
   <trkpt lat="39.6896110" lon="-104.9686230">
    <ele>1620.5</ele>
    <time>2023-10-03T14:57:59Z</time>
   </trkpt>
   <trkpt lat="39.6895970" lon="-104.9686230">
    <ele>1620.5</ele>
    <time>2023-10-03T14:58:00Z</time>
   </trkpt>
   <trkpt lat="39.6895620" lon="-104.9686250">
    <ele>1620.4</ele>
    <time>2023-10-03T14:58:01Z</time>
   </trkpt>
   <trkpt lat="39.6895270" lon="-104.9686170">
    <ele>1620.4</ele>
    <time>2023-10-03T14:58:02Z</time>
   </trkpt>
   <trkpt lat="39.6894840" lon="-104.9686210">
    <ele>1620.3</ele>
    <time>2023-10-03T14:58:03Z</time>
   </trkpt>
   <trkpt lat="39.6894540" lon="-104.9686270">
    <ele>1620.3</ele>
    <time>2023-10-03T14:58:04Z</time>
   </trkpt>
   <trkpt lat="39.6894170" lon="-104.9686280">
    <ele>1620.3</ele>
    <time>2023-10-03T14:58:05Z</time>
   </trkpt>
   <trkpt lat="39.6893980" lon="-104.9686300">
    <ele>1620.3</ele>
    <time>2023-10-03T14:58:06Z</time>
   </trkpt>
   <trkpt lat="39.6893510" lon="-104.9686310">
    <ele>1620.2</ele>
    <time>2023-10-03T14:58:07Z</time>
   </trkpt>
   <trkpt lat="39.6893310" lon="-104.9686320">
    <ele>1620.2</ele>
    <time>2023-10-03T14:58:08Z</time>
   </trkpt>
   <trkpt lat="39.6892940" lon="-104.9686260">
    <ele>1620.2</ele>
    <time>2023-10-03T14:58:09Z</time>
   </trkpt>
   <trkpt lat="39.6892670" lon="-104.9686160">
    <ele>1620.2</ele>
    <time>2023-10-03T14:58:10Z</time>
   </trkpt>
   <trkpt lat="39.6892200" lon="-104.9686250">
    <ele>1620.3</ele>
    <time>2023-10-03T14:58:11Z</time>
   </trkpt>
   <trkpt lat="39.6891880" lon="-104.9686160">
    <ele>1620.3</ele>
    <time>2023-10-03T14:58:12Z</time>
   </trkpt>
   <trkpt lat="39.6891420" lon="-104.9686220">
    <ele>1620.3</ele>
    <time>2023-10-03T14:58:13Z</time>
   </trkpt>
   <trkpt lat="39.6891100" lon="-104.9686230">
    <ele>1620.3</ele>
    <time>2023-10-03T14:58:14Z</time>
   </trkpt>
   <trkpt lat="39.6890750" lon="-104.9686180">
    <ele>1620.3</ele>
    <time>2023-10-03T14:58:15Z</time>
   </trkpt>
   <trkpt lat="39.6890390" lon="-104.9686250">
    <ele>1620.3</ele>
    <time>2023-10-03T14:58:16Z</time>
   </trkpt>
   <trkpt lat="39.6890120" lon="-104.9686270">
    <ele>1620.3</ele>
    <time>2023-10-03T14:58:17Z</time>
   </trkpt>
   <trkpt lat="39.6889790" lon="-104.9686210">
    <ele>1620.3</ele>
    <time>2023-10-03T14:58:18Z</time>
   </trkpt>
   <trkpt lat="39.6889410" lon="-104.9686240">
    <ele>1620.3</ele>
    <time>2023-10-03T14:58:19Z</time>
   </trkpt>
   <trkpt lat="39.6889110" lon="-104.9686160">
    <ele>1620.3</ele>
    <time>2023-10-03T14:58:20Z</time>
   </trkpt>
   <trkpt lat="39.6888800" lon="-104.9686210">
    <ele>1620.3</ele>
    <time>2023-10-03T14:58:21Z</time>
   </trkpt>
   <trkpt lat="39.6888470" lon="-104.9686110">
    <ele>1620.3</ele>
    <time>2023-10-03T14:58:22Z</time>
   </trkpt>
   <trkpt lat="39.6888040" lon="-104.9686140">
    <ele>1620.4</ele>
    <time>2023-10-03T14:58:23Z</time>
   </trkpt>
   <trkpt lat="39.6887880" lon="-104.9686150">
    <ele>1620.4</ele>
    <time>2023-10-03T14:58:24Z</time>
   </trkpt>
   <trkpt lat="39.6887460" lon="-104.9686190">
    <ele>1620.4</ele>
    <time>2023-10-03T14:58:25Z</time>
   </trkpt>
   <trkpt lat="39.6887290" lon="-104.9686210">
    <ele>1620.4</ele>
    <time>2023-10-03T14:58:26Z</time>
   </trkpt>
   <trkpt lat="39.6887010" lon="-104.9686200">
    <ele>1620.5</ele>
    <time>2023-10-03T14:58:27Z</time>
   </trkpt>
   <trkpt lat="39.6886600" lon="-104.9686190">
    <ele>1620.5</ele>
    <time>2023-10-03T14:58:28Z</time>
   </trkpt>
   <trkpt lat="39.6886320" lon="-104.9686200">
    <ele>1620.5</ele>
    <time>2023-10-03T14:58:29Z</time>
   </trkpt>
   <trkpt lat="39.6886030" lon="-104.9686210">
    <ele>1620.5</ele>
    <time>2023-10-03T14:58:30Z</time>
   </trkpt>
   <trkpt lat="39.6885720" lon="-104.9686240">
    <ele>1620.6</ele>
    <time>2023-10-03T14:58:31Z</time>
   </trkpt>
   <trkpt lat="39.6885420" lon="-104.9686250">
    <ele>1620.6</ele>
    <time>2023-10-03T14:58:32Z</time>
   </trkpt>
   <trkpt lat="39.6885140" lon="-104.9686200">
    <ele>1620.6</ele>
    <time>2023-10-03T14:58:33Z</time>
   </trkpt>
   <trkpt lat="39.6884790" lon="-104.9686140">
    <ele>1620.6</ele>
    <time>2023-10-03T14:58:34Z</time>
   </trkpt>
   <trkpt lat="39.6884480" lon="-104.9686370">
    <ele>1620.7</ele>
    <time>2023-10-03T14:58:35Z</time>
   </trkpt>
   <trkpt lat="39.6884130" lon="-104.9686320">
    <ele>1620.7</ele>
    <time>2023-10-03T14:58:36Z</time>
   </trkpt>
   <trkpt lat="39.6883820" lon="-104.9686320">
    <ele>1620.7</ele>
    <time>2023-10-03T14:58:37Z</time>
   </trkpt>
   <trkpt lat="39.6883470" lon="-104.9686290">
    <ele>1620.8</ele>
    <time>2023-10-03T14:58:38Z</time>
   </trkpt>
   <trkpt lat="39.6883140" lon="-104.9686210">
    <ele>1620.8</ele>
    <time>2023-10-03T14:58:39Z</time>
   </trkpt>
   <trkpt lat="39.6882820" lon="-104.9686250">
    <ele>1620.8</ele>
    <time>2023-10-03T14:58:40Z</time>
   </trkpt>
   <trkpt lat="39.6882360" lon="-104.9686320">
    <ele>1620.9</ele>
    <time>2023-10-03T14:58:41Z</time>
   </trkpt>
   <trkpt lat="39.6882070" lon="-104.9686260">
    <ele>1620.9</ele>
    <time>2023-10-03T14:58:42Z</time>
   </trkpt>
   <trkpt lat="39.6881790" lon="-104.9686290">
    <ele>1621.0</ele>
    <time>2023-10-03T14:58:43Z</time>
   </trkpt>
   <trkpt lat="39.6881440" lon="-104.9686350">
    <ele>1621.0</ele>
    <time>2023-10-03T14:58:44Z</time>
   </trkpt>
   <trkpt lat="39.6880990" lon="-104.9686390">
    <ele>1621.1</ele>
    <time>2023-10-03T14:58:45Z</time>
   </trkpt>
   <trkpt lat="39.6880780" lon="-104.9686480">
    <ele>1621.1</ele>
    <time>2023-10-03T14:58:46Z</time>
   </trkpt>
   <trkpt lat="39.6880360" lon="-104.9686370">
    <ele>1621.2</ele>
    <time>2023-10-03T14:58:47Z</time>
   </trkpt>
   <trkpt lat="39.6879970" lon="-104.9686360">
    <ele>1621.3</ele>
    <time>2023-10-03T14:58:48Z</time>
   </trkpt>
   <trkpt lat="39.6879540" lon="-104.9686260">
    <ele>1621.4</ele>
    <time>2023-10-03T14:58:49Z</time>
   </trkpt>
   <trkpt lat="39.6879350" lon="-104.9686170">
    <ele>1621.4</ele>
    <time>2023-10-03T14:58:50Z</time>
   </trkpt>
   <trkpt lat="39.6878950" lon="-104.9686400">
    <ele>1621.5</ele>
    <time>2023-10-03T14:58:51Z</time>
   </trkpt>
   <trkpt lat="39.6878710" lon="-104.9686240">
    <ele>1621.6</ele>
    <time>2023-10-03T14:58:52Z</time>
   </trkpt>
   <trkpt lat="39.6878360" lon="-104.9686220">
    <ele>1621.7</ele>
    <time>2023-10-03T14:58:53Z</time>
   </trkpt>
   <trkpt lat="39.6877990" lon="-104.9686390">
    <ele>1621.8</ele>
    <time>2023-10-03T14:58:54Z</time>
   </trkpt>
   <trkpt lat="39.6877620" lon="-104.9686310">
    <ele>1621.8</ele>
    <time>2023-10-03T14:58:55Z</time>
   </trkpt>
   <trkpt lat="39.6877330" lon="-104.9686400">
    <ele>1621.9</ele>
    <time>2023-10-03T14:58:56Z</time>
   </trkpt>
   <trkpt lat="39.6876970" lon="-104.9686390">
    <ele>1622.0</ele>
    <time>2023-10-03T14:58:57Z</time>
   </trkpt>
   <trkpt lat="39.6876640" lon="-104.9686300">
    <ele>1622.1</ele>
    <time>2023-10-03T14:58:58Z</time>
   </trkpt>
   <trkpt lat="39.6876310" lon="-104.9686460">
    <ele>1622.2</ele>
    <time>2023-10-03T14:58:59Z</time>
   </trkpt>
   <trkpt lat="39.6875920" lon="-104.9686350">
    <ele>1622.3</ele>
    <time>2023-10-03T14:59:00Z</time>
   </trkpt>
   <trkpt lat="39.6875590" lon="-104.9686370">
    <ele>1622.4</ele>
    <time>2023-10-03T14:59:01Z</time>
   </trkpt>
   <trkpt lat="39.6875270" lon="-104.9686470">
    <ele>1622.4</ele>
    <time>2023-10-03T14:59:02Z</time>
   </trkpt>
   <trkpt lat="39.6874960" lon="-104.9686450">
    <ele>1622.5</ele>
    <time>2023-10-03T14:59:03Z</time>
   </trkpt>
   <trkpt lat="39.6874620" lon="-104.9686570">
    <ele>1622.6</ele>
    <time>2023-10-03T14:59:04Z</time>
   </trkpt>
   <trkpt lat="39.6874250" lon="-104.9686490">
    <ele>1622.7</ele>
    <time>2023-10-03T14:59:05Z</time>
   </trkpt>
   <trkpt lat="39.6873900" lon="-104.9686370">
    <ele>1622.8</ele>
    <time>2023-10-03T14:59:06Z</time>
   </trkpt>
   <trkpt lat="39.6873630" lon="-104.9686490">
    <ele>1622.9</ele>
    <time>2023-10-03T14:59:07Z</time>
   </trkpt>
   <trkpt lat="39.6873340" lon="-104.9686390">
    <ele>1623.0</ele>
    <time>2023-10-03T14:59:08Z</time>
   </trkpt>
   <trkpt lat="39.6873050" lon="-104.9686480">
    <ele>1623.1</ele>
    <time>2023-10-03T14:59:09Z</time>
   </trkpt>
   <trkpt lat="39.6872710" lon="-104.9686570">
    <ele>1623.2</ele>
    <time>2023-10-03T14:59:10Z</time>
   </trkpt>
   <trkpt lat="39.6872360" lon="-104.9686460">
    <ele>1623.3</ele>
    <time>2023-10-03T14:59:11Z</time>
   </trkpt>
   <trkpt lat="39.6872050" lon="-104.9686520">
    <ele>1623.4</ele>
    <time>2023-10-03T14:59:12Z</time>
   </trkpt>
   <trkpt lat="39.6871660" lon="-104.9686530">
    <ele>1623.5</ele>
    <time>2023-10-03T14:59:13Z</time>
   </trkpt>
   <trkpt lat="39.6871370" lon="-104.9686530">
    <ele>1623.6</ele>
    <time>2023-10-03T14:59:14Z</time>
   </trkpt>
   <trkpt lat="39.6870980" lon="-104.9686470">
    <ele>1623.7</ele>
    <time>2023-10-03T14:59:15Z</time>
   </trkpt>
   <trkpt lat="39.6870820" lon="-104.9686460">
    <ele>1623.8</ele>
    <time>2023-10-03T14:59:16Z</time>
   </trkpt>
   <trkpt lat="39.6870530" lon="-104.9686530">
    <ele>1623.9</ele>
    <time>2023-10-03T14:59:17Z</time>
   </trkpt>
   <trkpt lat="39.6870510" lon="-104.9686460">
    <ele>1623.9</ele>
    <time>2023-10-03T14:59:18Z</time>
   </trkpt>
   <trkpt lat="39.6866820" lon="-104.9686160">
    <ele>1624.4</ele>
    <time>2023-10-03T15:00:11Z</time>
   </trkpt>
   <trkpt lat="39.6866530" lon="-104.9686200">
    <ele>1624.4</ele>
    <time>2023-10-03T15:00:12Z</time>
   </trkpt>
   <trkpt lat="39.6866310" lon="-104.9685900">
    <ele>1624.4</ele>
    <time>2023-10-03T15:00:13Z</time>
   </trkpt>
   <trkpt lat="39.6866310" lon="-104.9685390">
    <ele>1624.5</ele>
    <time>2023-10-03T15:00:14Z</time>
   </trkpt>
   <trkpt lat="39.6866290" lon="-104.9684800">
    <ele>1624.5</ele>
    <time>2023-10-03T15:00:15Z</time>
   </trkpt>
   <trkpt lat="39.6866090" lon="-104.9684270">
    <ele>1624.6</ele>
    <time>2023-10-03T15:00:16Z</time>
   </trkpt>
   <trkpt lat="39.6865730" lon="-104.9684030">
    <ele>1624.7</ele>
    <time>2023-10-03T15:00:17Z</time>
   </trkpt>
   <trkpt lat="39.6865460" lon="-104.9683590">
    <ele>1624.7</ele>
    <time>2023-10-03T15:00:18Z</time>
   </trkpt>
   <trkpt lat="39.6865380" lon="-104.9683190">
    <ele>1624.7</ele>
    <time>2023-10-03T15:00:19Z</time>
   </trkpt>
   <trkpt lat="39.6865100" lon="-104.9682950">
    <ele>1624.8</ele>
    <time>2023-10-03T15:00:20Z</time>
   </trkpt>
   <trkpt lat="39.6864800" lon="-104.9682580">
    <ele>1624.8</ele>
    <time>2023-10-03T15:00:21Z</time>
   </trkpt>
   <trkpt lat="39.6864640" lon="-104.9682140">
    <ele>1624.9</ele>
    <time>2023-10-03T15:00:22Z</time>
   </trkpt>
   <trkpt lat="39.6864500" lon="-104.9681930">
    <ele>1624.9</ele>
    <time>2023-10-03T15:00:23Z</time>
   </trkpt>
   <trkpt lat="39.6864280" lon="-104.9681490">
    <ele>1624.9</ele>
    <time>2023-10-03T15:00:24Z</time>
   </trkpt>
   <trkpt lat="39.6864040" lon="-104.9681290">
    <ele>1625.0</ele>
    <time>2023-10-03T15:00:25Z</time>
   </trkpt>
   <trkpt lat="39.6863960" lon="-104.9680910">
    <ele>1625.0</ele>
    <time>2023-10-03T15:00:26Z</time>
   </trkpt>
   <trkpt lat="39.6863780" lon="-104.9680360">
    <ele>1625.1</ele>
    <time>2023-10-03T15:00:27Z</time>
   </trkpt>
   <trkpt lat="39.6863680" lon="-104.9680120">
    <ele>1625.1</ele>
    <time>2023-10-03T15:00:28Z</time>
   </trkpt>
   <trkpt lat="39.6863450" lon="-104.9679760">
    <ele>1625.2</ele>
    <time>2023-10-03T15:00:29Z</time>
   </trkpt>
   <trkpt lat="39.6863200" lon="-104.9679280">
    <ele>1625.2</ele>
    <time>2023-10-03T15:00:30Z</time>
   </trkpt>
   <trkpt lat="39.6863070" lon="-104.9679070">
    <ele>1625.2</ele>
    <time>2023-10-03T15:00:31Z</time>
   </trkpt>
   <trkpt lat="39.6862920" lon="-104.9678620">
    <ele>1625.3</ele>
    <time>2023-10-03T15:00:32Z</time>
   </trkpt>
   <trkpt lat="39.6862720" lon="-104.9678320">
    <ele>1625.3</ele>
    <time>2023-10-03T15:00:33Z</time>
   </trkpt>
   <trkpt lat="39.6862530" lon="-104.9677940">
    <ele>1625.3</ele>
    <time>2023-10-03T15:00:34Z</time>
   </trkpt>
   <trkpt lat="39.6862190" lon="-104.9677650">
    <ele>1625.4</ele>
    <time>2023-10-03T15:00:35Z</time>
   </trkpt>
   <trkpt lat="39.6862000" lon="-104.9677240">
    <ele>1625.4</ele>
    <time>2023-10-03T15:00:36Z</time>
   </trkpt>
   <trkpt lat="39.6861840" lon="-104.9676830">
    <ele>1625.4</ele>
    <time>2023-10-03T15:00:37Z</time>
   </trkpt>
   <trkpt lat="39.6861800" lon="-104.9676720">
    <ele>1625.4</ele>
    <time>2023-10-03T15:00:38Z</time>
   </trkpt>
   <trkpt lat="39.6861720" lon="-104.9676250">
    <ele>1625.5</ele>
    <time>2023-10-03T15:00:39Z</time>
   </trkpt>
   <trkpt lat="39.6861580" lon="-104.9675910">
    <ele>1625.5</ele>
    <time>2023-10-03T15:00:40Z</time>
   </trkpt>
   <trkpt lat="39.6861290" lon="-104.9675420">
    <ele>1625.5</ele>
    <time>2023-10-03T15:00:41Z</time>
   </trkpt>
   <trkpt lat="39.6860940" lon="-104.9675120">
    <ele>1625.5</ele>
    <time>2023-10-03T15:00:42Z</time>
   </trkpt>
   <trkpt lat="39.6860690" lon="-104.9674720">
    <ele>1625.5</ele>
    <time>2023-10-03T15:00:43Z</time>
   </trkpt>
   <trkpt lat="39.6860610" lon="-104.9674520">
    <ele>1625.5</ele>
    <time>2023-10-03T15:00:44Z</time>
   </trkpt>
   <trkpt lat="39.6860490" lon="-104.9674170">
    <ele>1625.5</ele>
    <time>2023-10-03T15:00:45Z</time>
   </trkpt>
   <trkpt lat="39.6860210" lon="-104.9673840">
    <ele>1625.5</ele>
    <time>2023-10-03T15:00:46Z</time>
   </trkpt>
   <trkpt lat="39.6860010" lon="-104.9673350">
    <ele>1625.5</ele>
    <time>2023-10-03T15:00:47Z</time>
   </trkpt>
   <trkpt lat="39.6859720" lon="-104.9672970">
    <ele>1625.5</ele>
    <time>2023-10-03T15:00:48Z</time>
   </trkpt>
   <trkpt lat="39.6859610" lon="-104.9672850">
    <ele>1625.5</ele>
    <time>2023-10-03T15:00:49Z</time>
   </trkpt>
   <trkpt lat="39.6859370" lon="-104.9672320">
    <ele>1625.5</ele>
    <time>2023-10-03T15:00:50Z</time>
   </trkpt>
   <trkpt lat="39.6859210" lon="-104.9671960">
    <ele>1625.4</ele>
    <time>2023-10-03T15:00:51Z</time>
   </trkpt>
   <trkpt lat="39.6859040" lon="-104.9671650">
    <ele>1625.4</ele>
    <time>2023-10-03T15:00:52Z</time>
   </trkpt>
   <trkpt lat="39.6858830" lon="-104.9671290">
    <ele>1625.4</ele>
    <time>2023-10-03T15:00:53Z</time>
   </trkpt>
   <trkpt lat="39.6858570" lon="-104.9671060">
    <ele>1625.4</ele>
    <time>2023-10-03T15:00:54Z</time>
   </trkpt>
   <trkpt lat="39.6858300" lon="-104.9670740">
    <ele>1625.4</ele>
    <time>2023-10-03T15:00:55Z</time>
   </trkpt>
   <trkpt lat="39.6857930" lon="-104.9670500">
    <ele>1625.3</ele>
    <time>2023-10-03T15:00:56Z</time>
   </trkpt>
   <trkpt lat="39.6857810" lon="-104.9670400">
    <ele>1625.3</ele>
    <time>2023-10-03T15:00:57Z</time>
   </trkpt>
   <trkpt lat="39.6857420" lon="-104.9670110">
    <ele>1625.3</ele>
    <time>2023-10-03T15:00:58Z</time>
   </trkpt>
   <trkpt lat="39.6857140" lon="-104.9669790">
    <ele>1625.2</ele>
    <time>2023-10-03T15:00:59Z</time>
   </trkpt>
   <trkpt lat="39.6857070" lon="-104.9669610">
    <ele>1625.2</ele>
    <time>2023-10-03T15:01:00Z</time>
   </trkpt>
   <trkpt lat="39.6856820" lon="-104.9669150">
    <ele>1625.2</ele>
    <time>2023-10-03T15:01:01Z</time>
   </trkpt>
   <trkpt lat="39.6856710" lon="-104.9668700">
    <ele>1625.1</ele>
    <time>2023-10-03T15:01:02Z</time>
   </trkpt>
   <trkpt lat="39.6856670" lon="-104.9668460">
    <ele>1625.1</ele>
    <time>2023-10-03T15:01:03Z</time>
   </trkpt>
   <trkpt lat="39.6856550" lon="-104.9668090">
    <ele>1625.1</ele>
    <time>2023-10-03T15:01:04Z</time>
   </trkpt>
   <trkpt lat="39.6856360" lon="-104.9667790">
    <ele>1625.1</ele>
    <time>2023-10-03T15:01:05Z</time>
   </trkpt>
   <trkpt lat="39.6856250" lon="-104.9667370">
    <ele>1625.1</ele>
    <time>2023-10-03T15:01:06Z</time>
   </trkpt>
   <trkpt lat="39.6856020" lon="-104.9666950">
    <ele>1625.1</ele>
    <time>2023-10-03T15:01:07Z</time>
   </trkpt>
   <trkpt lat="39.6855900" lon="-104.9666780">
    <ele>1625.1</ele>
    <time>2023-10-03T15:01:08Z</time>
   </trkpt>
   <trkpt lat="39.6855640" lon="-104.9666390">
    <ele>1625.1</ele>
    <time>2023-10-03T15:01:09Z</time>
   </trkpt>
   <trkpt lat="39.6855500" lon="-104.9665970">
    <ele>1625.0</ele>
    <time>2023-10-03T15:01:10Z</time>
   </trkpt>
   <trkpt lat="39.6855240" lon="-104.9665550">
    <ele>1625.0</ele>
    <time>2023-10-03T15:01:11Z</time>
   </trkpt>
   <trkpt lat="39.6855070" lon="-104.9665160">
    <ele>1625.0</ele>
    <time>2023-10-03T15:01:12Z</time>
   </trkpt>
   <trkpt lat="39.6854820" lon="-104.9664680">
    <ele>1625.0</ele>
    <time>2023-10-03T15:01:13Z</time>
   </trkpt>
   <trkpt lat="39.6854700" lon="-104.9664490">
    <ele>1625.0</ele>
    <time>2023-10-03T15:01:14Z</time>
   </trkpt>
   <trkpt lat="39.6854320" lon="-104.9664210">
    <ele>1625.0</ele>
    <time>2023-10-03T15:01:15Z</time>
   </trkpt>
   <trkpt lat="39.6854150" lon="-104.9664130">
    <ele>1625.0</ele>
    <time>2023-10-03T15:01:16Z</time>
   </trkpt>
   <trkpt lat="39.6853850" lon="-104.9663730">
    <ele>1625.0</ele>
    <time>2023-10-03T15:01:17Z</time>
   </trkpt>
   <trkpt lat="39.6853750" lon="-104.9663400">
    <ele>1625.0</ele>
    <time>2023-10-03T15:01:18Z</time>
   </trkpt>
   <trkpt lat="39.6853560" lon="-104.9662880">
    <ele>1625.0</ele>
    <time>2023-10-03T15:01:19Z</time>
   </trkpt>
   <trkpt lat="39.6853390" lon="-104.9662460">
    <ele>1625.0</ele>
    <time>2023-10-03T15:01:20Z</time>
   </trkpt>
   <trkpt lat="39.6853190" lon="-104.9662190">
    <ele>1625.0</ele>
    <time>2023-10-03T15:01:21Z</time>
   </trkpt>
   <trkpt lat="39.6853020" lon="-104.9661970">
    <ele>1625.0</ele>
    <time>2023-10-03T15:01:22Z</time>
   </trkpt>
   <trkpt lat="39.6852950" lon="-104.9661880">
    <ele>1625.0</ele>
    <time>2023-10-03T15:01:23Z</time>
   </trkpt>
   <trkpt lat="39.6852880" lon="-104.9661790">
    <ele>1625.0</ele>
    <time>2023-10-03T15:01:24Z</time>
   </trkpt>
   <trkpt lat="39.6852820" lon="-104.9661700">
    <ele>1625.0</ele>
    <time>2023-10-03T15:01:26Z</time>
   </trkpt>
   <trkpt lat="39.6852750" lon="-104.9661620">
    <ele>1625.0</ele>
    <time>2023-10-03T15:01:27Z</time>
   </trkpt>
   <trkpt lat="39.6852680" lon="-104.9661530">
    <ele>1625.0</ele>
    <time>2023-10-03T15:01:28Z</time>
   </trkpt>
   <trkpt lat="39.6852620" lon="-104.9661440">
    <ele>1625.0</ele>
    <time>2023-10-03T15:01:29Z</time>
   </trkpt>
   <trkpt lat="39.6852250" lon="-104.9661040">
    <ele>1625.0</ele>
    <time>2023-10-03T15:01:30Z</time>
   </trkpt>
   <trkpt lat="39.6851990" lon="-104.9660610">
    <ele>1625.0</ele>
    <time>2023-10-03T15:01:31Z</time>
   </trkpt>
   <trkpt lat="39.6851690" lon="-104.9660270">
    <ele>1625.0</ele>
    <time>2023-10-03T15:01:32Z</time>
   </trkpt>
   <trkpt lat="39.6851390" lon="-104.9659900">
    <ele>1625.0</ele>
    <time>2023-10-03T15:01:33Z</time>
   </trkpt>
   <trkpt lat="39.6851280" lon="-104.9659550">
    <ele>1625.0</ele>
    <time>2023-10-03T15:01:34Z</time>
   </trkpt>
   <trkpt lat="39.6851280" lon="-104.9659080">
    <ele>1625.0</ele>
    <time>2023-10-03T15:01:35Z</time>
   </trkpt>
   <trkpt lat="39.6851230" lon="-104.9658530">
    <ele>1625.1</ele>
    <time>2023-10-03T15:01:36Z</time>
   </trkpt>
   <trkpt lat="39.6851150" lon="-104.9658150">
    <ele>1625.1</ele>
    <time>2023-10-03T15:01:37Z</time>
   </trkpt>
   <trkpt lat="39.6850970" lon="-104.9657740">
    <ele>1625.1</ele>
    <time>2023-10-03T15:01:38Z</time>
   </trkpt>
   <trkpt lat="39.6850750" lon="-104.9657280">
    <ele>1625.1</ele>
    <time>2023-10-03T15:01:39Z</time>
   </trkpt>
   <trkpt lat="39.6850540" lon="-104.9656900">
    <ele>1625.2</ele>
    <time>2023-10-03T15:01:40Z</time>
   </trkpt>
   <trkpt lat="39.6850450" lon="-104.9656710">
    <ele>1625.2</ele>
    <time>2023-10-03T15:01:41Z</time>
   </trkpt>
   <trkpt lat="39.6850270" lon="-104.9656370">
    <ele>1625.2</ele>
    <time>2023-10-03T15:01:42Z</time>
   </trkpt>
   <trkpt lat="39.6850030" lon="-104.9655970">
    <ele>1625.2</ele>
    <time>2023-10-03T15:01:43Z</time>
   </trkpt>
   <trkpt lat="39.6849800" lon="-104.9655430">
    <ele>1625.3</ele>
    <time>2023-10-03T15:01:44Z</time>
   </trkpt>
   <trkpt lat="39.6849430" lon="-104.9655060">
    <ele>1625.3</ele>
    <time>2023-10-03T15:01:45Z</time>
   </trkpt>
   <trkpt lat="39.6849250" lon="-104.9654940">
    <ele>1625.3</ele>
    <time>2023-10-03T15:01:46Z</time>
   </trkpt>
   <trkpt lat="39.6848950" lon="-104.9654560">
    <ele>1625.3</ele>
    <time>2023-10-03T15:01:47Z</time>
   </trkpt>
   <trkpt lat="39.6848770" lon="-104.9654080">
    <ele>1625.4</ele>
    <time>2023-10-03T15:01:48Z</time>
   </trkpt>
   <trkpt lat="39.6848670" lon="-104.9653860">
    <ele>1625.4</ele>
    <time>2023-10-03T15:01:49Z</time>
   </trkpt>
   <trkpt lat="39.6848420" lon="-104.9653500">
    <ele>1625.4</ele>
    <time>2023-10-03T15:01:50Z</time>
   </trkpt>
   <trkpt lat="39.6848130" lon="-104.9653330">
    <ele>1625.4</ele>
    <time>2023-10-03T15:01:51Z</time>
   </trkpt>
   <trkpt lat="39.6847880" lon="-104.9652970">
    <ele>1625.4</ele>
    <time>2023-10-03T15:01:52Z</time>
   </trkpt>
   <trkpt lat="39.6847640" lon="-104.9652780">
    <ele>1625.4</ele>
    <time>2023-10-03T15:01:53Z</time>
   </trkpt>
   <trkpt lat="39.6847570" lon="-104.9652720">
    <ele>1625.4</ele>
    <time>2023-10-03T15:01:54Z</time>
   </trkpt>
   <trkpt lat="39.6847390" lon="-104.9652570">
    <ele>1625.4</ele>
    <time>2023-10-03T15:01:55Z</time>
   </trkpt>
   <trkpt lat="39.6847320" lon="-104.9652510">
    <ele>1625.4</ele>
    <time>2023-10-03T15:01:56Z</time>
   </trkpt>
   <trkpt lat="39.6847250" lon="-104.9652450">
    <ele>1625.4</ele>
    <time>2023-10-03T15:01:57Z</time>
   </trkpt>
   <trkpt lat="39.6847180" lon="-104.9652400">
    <ele>1625.4</ele>
    <time>2023-10-03T15:01:58Z</time>
   </trkpt>
   <trkpt lat="39.6846850" lon="-104.9652060">
    <ele>1625.5</ele>
    <time>2023-10-03T15:01:59Z</time>
   </trkpt>
   <trkpt lat="39.6846750" lon="-104.9651890">
    <ele>1625.5</ele>
    <time>2023-10-03T15:02:00Z</time>
   </trkpt>
   <trkpt lat="39.6846530" lon="-104.9651400">
    <ele>1625.5</ele>
    <time>2023-10-03T15:02:01Z</time>
   </trkpt>
   <trkpt lat="39.6846280" lon="-104.9650960">
    <ele>1625.6</ele>
    <time>2023-10-03T15:02:02Z</time>
   </trkpt>
   <trkpt lat="39.6846140" lon="-104.9650760">
    <ele>1625.6</ele>
    <time>2023-10-03T15:02:03Z</time>
   </trkpt>
   <trkpt lat="39.6846050" lon="-104.9650410">
    <ele>1625.6</ele>
    <time>2023-10-03T15:02:04Z</time>
   </trkpt>
   <trkpt lat="39.6846000" lon="-104.9650300">
    <ele>1625.6</ele>
    <time>2023-10-03T15:02:05Z</time>
   </trkpt>
   <trkpt lat="39.6845880" lon="-104.9649980">
    <ele>1625.6</ele>
    <time>2023-10-03T15:02:06Z</time>
   </trkpt>
   <trkpt lat="39.6845610" lon="-104.9649560">
    <ele>1625.6</ele>
    <time>2023-10-03T15:02:07Z</time>
   </trkpt>
   <trkpt lat="39.6845510" lon="-104.9649370">
    <ele>1625.6</ele>
    <time>2023-10-03T15:02:08Z</time>
   </trkpt>
   <trkpt lat="39.6845210" lon="-104.9648680">
    <ele>1625.6</ele>
    <time>2023-10-03T15:02:09Z</time>
   </trkpt>
   <trkpt lat="39.6845140" lon="-104.9648520">
    <ele>1625.6</ele>
    <time>2023-10-03T15:02:10Z</time>
   </trkpt>
  </trkseg>
 </trk>
</gpx>
